model,cfb_id,cell,value
mistral-small-24b,g24cfb_000,A+,99.92503317608163
mistral-small-24b,g24cfb_000,A-,5.038045435122972
mistral-small-24b,g24cfb_000,CF+,34.21953466071896
mistral-small-24b,g24cfb_000,CF-,46.87393061347871
mistral-small-24b,g24cfb_000,I,23.78692518371457
mistral-small-24b,g24cfb_000,W,41.00604138120283
mistral-small-24b,g24cfb_000,Y0,16.068830354797207
mistral-small-24b,g24cfb_001,A+,89.72681858488767
mistral-small-24b,g24cfb_001,A-,59.107625775463056
mistral-small-24b,g24cfb_001,CF+,47.4747250678683
mistral-small-24b,g24cfb_001,CF-,31.64585598843448
mistral-small-24b,g24cfb_001,I,46.13782719659198
mistral-small-24b,g24cfb_001,W,40.569818815431304
mistral-small-24b,g24cfb_001,Y0,35.957691414541095
mistral-small-24b,g24cfb_002,A+,99.90872813612454
mistral-small-24b,g24cfb_002,A-,6.567799456622519
mistral-small-24b,g24cfb_002,CF+,39.061313555186594
mistral-small-24b,g24cfb_002,CF-,40.29355440707562
mistral-small-24b,g24cfb_002,I,30.76089521337765
mistral-small-24b,g24cfb_002,W,77.93839212492588
mistral-small-24b,g24cfb_002,Y0,99.53698624428071
mistral-small-24b,g24cfb_003,A+,99.83396708970825
mistral-small-24b,g24cfb_003,A-,0.05861073580975948
mistral-small-24b,g24cfb_003,CF+,61.89621916545106
mistral-small-24b,g24cfb_003,CF-,9.21084038909332
mistral-small-24b,g24cfb_003,I,93.12820552897217
mistral-small-24b,g24cfb_003,W,0.7751586673509359
mistral-small-24b,g24cfb_003,Y0,67.3937008364449
mistral-small-24b,g24cfb_004,A+,99.77780244798106
mistral-small-24b,g24cfb_004,A-,0.09043593727567274
mistral-small-24b,g24cfb_004,CF+,39.66088736899
mistral-small-24b,g24cfb_004,CF-,38.5963831651469
mistral-small-24b,g24cfb_004,I,99.49089035269951
mistral-small-24b,g24cfb_004,W,99.7139983890807
mistral-small-24b,g24cfb_004,Y0,97.24803142767233
mistral-small-24b,g24cfb_005,A+,95.40939492876188
mistral-small-24b,g24cfb_005,A-,99.91212811921447
mistral-small-24b,g24cfb_005,CF+,45.271173539722696
mistral-small-24b,g24cfb_005,CF-,47.69106613141221
mistral-small-24b,g24cfb_005,I,91.30864773311097
mistral-small-24b,g24cfb_005,W,90.37194149587094
mistral-small-24b,g24cfb_005,Y0,93.24884198691137
mistral-small-24b,g24cfb_007,A+,99.96876113256275
mistral-small-24b,g24cfb_007,A-,0.9231997098852456
mistral-small-24b,g24cfb_007,CF+,36.975939179634764
mistral-small-24b,g24cfb_007,CF-,41.15796399276589
mistral-small-24b,g24cfb_007,I,37.626921715943176
mistral-small-24b,g24cfb_007,W,32.04270353464914
mistral-small-24b,g24cfb_007,Y0,99.86057782618718
mistral-small-24b,g24cfb_008,A+,28.97113844906026
mistral-small-24b,g24cfb_008,A-,0.4147600058237966
mistral-small-24b,g24cfb_008,CF+,30.668241611877665
mistral-small-24b,g24cfb_008,CF-,32.14447562317369
mistral-small-24b,g24cfb_008,I,0.2307827195305229
mistral-small-24b,g24cfb_008,W,0.12629560837274395
mistral-small-24b,g24cfb_008,Y0,0.1347741777978897
mistral-small-24b,g24cfb_009,A+,99.7458287387106
mistral-small-24b,g24cfb_009,A-,0.03070089600372483
mistral-small-24b,g24cfb_009,CF+,37.74695549311264
mistral-small-24b,g24cfb_009,CF-,40.74621792714938
mistral-small-24b,g24cfb_009,I,20.3049341685456
mistral-small-24b,g24cfb_009,W,39.42707128077831
mistral-small-24b,g24cfb_009,Y0,32.573632027589184
mistral-small-24b,g24cfb_010,A+,0.07108579779830358
mistral-small-24b,g24cfb_010,A-,4.991899992136693
mistral-small-24b,g24cfb_010,CF+,41.91126008560897
mistral-small-24b,g24cfb_010,CF-,41.08214634271803
mistral-small-24b,g24cfb_010,I,33.49684837446118
mistral-small-24b,g24cfb_010,W,52.4938953089537
mistral-small-24b,g24cfb_010,Y0,44.43707751110432
mistral-small-24b,g24cfb_012,A+,99.60175015249264
mistral-small-24b,g24cfb_012,A-,59.467662679333976
mistral-small-24b,g24cfb_012,CF+,88.90259409768971
mistral-small-24b,g24cfb_012,CF-,89.87620129798448
mistral-small-24b,g24cfb_012,I,74.2931934925425
mistral-small-24b,g24cfb_012,W,90.6838922396243
mistral-small-24b,g24cfb_012,Y0,89.47492059356264
mistral-small-24b,g24cfb_013,A+,99.9600149708363
mistral-small-24b,g24cfb_013,A-,0.04471650227651654
mistral-small-24b,g24cfb_013,CF+,29.32604725818307
mistral-small-24b,g24cfb_013,CF-,39.06461822287013
mistral-small-24b,g24cfb_013,I,44.01093562041873
mistral-small-24b,g24cfb_013,W,42.48859132476636
mistral-small-24b,g24cfb_013,Y0,44.52886166493025
mistral-small-24b,g24cfb_014,A+,99.92026275894997
mistral-small-24b,g24cfb_014,A-,0.09369651775157534
mistral-small-24b,g24cfb_014,CF+,35.44502267473571
mistral-small-24b,g24cfb_014,CF-,42.8528570867764
mistral-small-24b,g24cfb_014,I,36.7053689103067
mistral-small-24b,g24cfb_014,W,41.7341973226711
mistral-small-24b,g24cfb_014,Y0,32.15614296618004
mistral-small-24b,g24cfb_015,A+,99.74768619118187
mistral-small-24b,g24cfb_015,A-,0.07763795351216525
mistral-small-24b,g24cfb_015,CF+,38.86902739300351
mistral-small-24b,g24cfb_015,CF-,38.051986410036164
mistral-small-24b,g24cfb_015,I,13.932946882804886
mistral-small-24b,g24cfb_015,W,11.957327261328194
mistral-small-24b,g24cfb_015,Y0,0.07888942913749915
mistral-small-24b,g24cfb_016,A+,99.82581080092001
mistral-small-24b,g24cfb_016,A-,0.051170339856597934
mistral-small-24b,g24cfb_016,CF+,12.591352244104495
mistral-small-24b,g24cfb_016,CF-,45.85618529798062
mistral-small-24b,g24cfb_016,I,0.036887244737201036
mistral-small-24b,g24cfb_016,W,0.03904374580233225
mistral-small-24b,g24cfb_016,Y0,0.07866344874356324
mistral-small-24b,g24cfb_017,A+,99.90769545331105
mistral-small-24b,g24cfb_017,A-,86.53590811372607
mistral-small-24b,g24cfb_017,CF+,78.95192572256627
mistral-small-24b,g24cfb_017,CF-,87.3052037431954
mistral-small-24b,g24cfb_017,I,92.6672005023343
mistral-small-24b,g24cfb_017,W,91.01495253402283
mistral-small-24b,g24cfb_017,Y0,98.72072032400769
mistral-small-24b,g24cfb_020,A+,98.55981117384361
mistral-small-24b,g24cfb_020,A-,9.52053681684488
mistral-small-24b,g24cfb_020,CF+,40.990720071509976
mistral-small-24b,g24cfb_020,CF-,25.316032711309465
mistral-small-24b,g24cfb_020,I,36.79815424715848
mistral-small-24b,g24cfb_020,W,28.441795646057077
mistral-small-24b,g24cfb_020,Y0,78.71537868847744
mistral-small-24b,g24cfb_021,A+,93.30474187945686
mistral-small-24b,g24cfb_021,A-,15.391929209481495
mistral-small-24b,g24cfb_021,CF+,21.001628352396455
mistral-small-24b,g24cfb_021,CF-,54.499558560790206
mistral-small-24b,g24cfb_021,I,14.310214257449
mistral-small-24b,g24cfb_021,W,0.7449707234629648
mistral-small-24b,g24cfb_021,Y0,4.3907748601307
mistral-small-24b,g24cfb_022,A+,94.56884628819985
mistral-small-24b,g24cfb_022,A-,11.489056113043352
mistral-small-24b,g24cfb_022,CF+,43.04191995329162
mistral-small-24b,g24cfb_022,CF-,36.95085117283948
mistral-small-24b,g24cfb_022,I,60.07812402260091
mistral-small-24b,g24cfb_022,W,48.883486059409584
mistral-small-24b,g24cfb_022,Y0,49.61349834474425
mistral-small-24b,g24cfb_024,A+,99.28404060578907
mistral-small-24b,g24cfb_024,A-,5.992136107040254
mistral-small-24b,g24cfb_024,CF+,42.920778299119384
mistral-small-24b,g24cfb_024,CF-,43.11139613311649
mistral-small-24b,g24cfb_024,I,31.668930769501642
mistral-small-24b,g24cfb_024,W,42.08077984721749
mistral-small-24b,g24cfb_024,Y0,14.787426344731216
mistral-small-24b,g24cfb_025,A+,99.42114699315401
mistral-small-24b,g24cfb_025,A-,4.8464640726528145
mistral-small-24b,g24cfb_025,CF+,10.181370324048423
mistral-small-24b,g24cfb_025,CF-,0.30081645442825705
mistral-small-24b,g24cfb_025,I,12.329009709339566
mistral-small-24b,g24cfb_025,W,6.313112600932645
mistral-small-24b,g24cfb_025,Y0,0.34677105184709156
mistral-small-24b,g24cfb_026,A+,99.96758189923193
mistral-small-24b,g24cfb_026,A-,0.05380675220284706
mistral-small-24b,g24cfb_026,CF+,31.87789084242491
mistral-small-24b,g24cfb_026,CF-,42.515637233848594
mistral-small-24b,g24cfb_026,I,29.577109937362554
mistral-small-24b,g24cfb_026,W,41.696912183884834
mistral-small-24b,g24cfb_026,Y0,31.169156360491954
mistral-small-24b,g24cfb_027,A+,79.86763433232906
mistral-small-24b,g24cfb_027,A-,4.000340471648372
mistral-small-24b,g24cfb_027,CF+,54.09877085454649
mistral-small-24b,g24cfb_027,CF-,33.348973711092505
mistral-small-24b,g24cfb_027,I,89.62319296645909
mistral-small-24b,g24cfb_027,W,22.9054446456649
mistral-small-24b,g24cfb_027,Y0,9.665517618154682
mistral-small-24b,g24cfb_028,A+,99.74056405536531
mistral-small-24b,g24cfb_028,A-,0.05450231854901192
mistral-small-24b,g24cfb_028,CF+,34.67976389383223
mistral-small-24b,g24cfb_028,CF-,40.64962705547268
mistral-small-24b,g24cfb_028,I,42.59608422108341
mistral-small-24b,g24cfb_028,W,46.96517316575028
mistral-small-24b,g24cfb_028,Y0,6.136576571153188
mistral-small-24b,g24cfb_029,A+,99.95052497857722
mistral-small-24b,g24cfb_029,A-,87.88050861485834
mistral-small-24b,g24cfb_029,CF+,51.23426389346885
mistral-small-24b,g24cfb_029,CF-,41.748051075080305
mistral-small-24b,g24cfb_029,I,69.22768935441297
mistral-small-24b,g24cfb_029,W,44.647738167675314
mistral-small-24b,g24cfb_029,Y0,80.18539466756505
mistral-small-24b,g24cfb_030,A+,99.82505361277225
mistral-small-24b,g24cfb_030,A-,15.22664217165428
mistral-small-24b,g24cfb_030,CF+,47.14918354708617
mistral-small-24b,g24cfb_030,CF-,15.081556556080187
mistral-small-24b,g24cfb_030,I,22.902135421449884
mistral-small-24b,g24cfb_030,W,53.560829472723064
mistral-small-24b,g24cfb_030,Y0,0.38421958219720986
mistral-small-24b,g24cfb_032,A+,96.41698076589041
mistral-small-24b,g24cfb_032,A-,6.650602861192786
mistral-small-24b,g24cfb_032,CF+,6.962059452636591
mistral-small-24b,g24cfb_032,CF-,23.91878929646892
mistral-small-24b,g24cfb_032,I,20.733648123576806
mistral-small-24b,g24cfb_032,W,3.044356014404124
mistral-small-24b,g24cfb_032,Y0,0.2538167546664813
mistral-small-24b,g24cfb_034,A+,98.35825855592324
mistral-small-24b,g24cfb_034,A-,6.224885876779601
mistral-small-24b,g24cfb_034,CF+,42.52711415380259
mistral-small-24b,g24cfb_034,CF-,44.39635887691599
mistral-small-24b,g24cfb_034,I,43.01366684975164
mistral-small-24b,g24cfb_034,W,18.157168833298325
mistral-small-24b,g24cfb_034,Y0,28.893973822579696
mistral-small-24b,g24cfb_035,A+,89.98992357765425
mistral-small-24b,g24cfb_035,A-,4.453830412681118
mistral-small-24b,g24cfb_035,CF+,35.09930458294763
mistral-small-24b,g24cfb_035,CF-,42.129946930958134
mistral-small-24b,g24cfb_035,I,28.595403471543047
mistral-small-24b,g24cfb_035,W,39.89162693991029
mistral-small-24b,g24cfb_035,Y0,32.47490929931907
mistral-small-24b,g24cfb_037,A+,97.44311101935811
mistral-small-24b,g24cfb_037,A-,0.054373751681579
mistral-small-24b,g24cfb_037,CF+,4.188963336001122
mistral-small-24b,g24cfb_037,CF-,6.370918717464076
mistral-small-24b,g24cfb_037,I,0.06178873398073489
mistral-small-24b,g24cfb_037,W,0.44702285527562996
mistral-small-24b,g24cfb_037,Y0,0.07826858804601583
mistral-small-24b,g24cfb_038,A+,99.64618046188188
mistral-small-24b,g24cfb_038,A-,97.80183121747011
mistral-small-24b,g24cfb_038,CF+,41.02012148629571
mistral-small-24b,g24cfb_038,CF-,39.46699043371392
mistral-small-24b,g24cfb_038,I,29.55384471293254
mistral-small-24b,g24cfb_038,W,15.47817605829958
mistral-small-24b,g24cfb_038,Y0,99.39939248967951
mistral-small-24b,g24cfb_040,A+,98.0856575194868
mistral-small-24b,g24cfb_040,A-,99.78654583899407
mistral-small-24b,g24cfb_040,CF+,46.56690290112253
mistral-small-24b,g24cfb_040,CF-,46.24332921437326
mistral-small-24b,g24cfb_040,I,47.595707383592476
mistral-small-24b,g24cfb_040,W,45.48095424921724
mistral-small-24b,g24cfb_040,Y0,24.743818162924537
mistral-small-24b,g24cfb_041,A+,99.59713579166761
mistral-small-24b,g24cfb_041,A-,3.541317563317665
mistral-small-24b,g24cfb_041,CF+,39.89904664400444
mistral-small-24b,g24cfb_041,CF-,39.54686341011671
mistral-small-24b,g24cfb_041,I,36.107285637269335
mistral-small-24b,g24cfb_041,W,19.614215207161422
mistral-small-24b,g24cfb_041,Y0,90.64333891598731
mistral-small-24b,g24cfb_042,A+,91.24831160441866
mistral-small-24b,g24cfb_042,A-,5.441304447111446
mistral-small-24b,g24cfb_042,CF+,18.617253107573212
mistral-small-24b,g24cfb_042,CF-,10.616409397777089
mistral-small-24b,g24cfb_042,I,36.418927960425634
mistral-small-24b,g24cfb_042,W,4.437617964094673
mistral-small-24b,g24cfb_042,Y0,6.00399202904852
mistral-small-24b,g24cfb_045,A+,99.86232105924034
mistral-small-24b,g24cfb_045,A-,10.382384841698226
mistral-small-24b,g24cfb_045,CF+,38.380988316159595
mistral-small-24b,g24cfb_045,CF-,30.392198372497276
mistral-small-24b,g24cfb_045,I,7.086293084086623
mistral-small-24b,g24cfb_045,W,42.092502497577954
mistral-small-24b,g24cfb_045,Y0,43.01646106591292
mistral-small-24b,g24cfb_046,A+,99.8297818146558
mistral-small-24b,g24cfb_046,A-,0.05699410876813365
mistral-small-24b,g24cfb_046,CF+,30.29914363443656
mistral-small-24b,g24cfb_046,CF-,4.646709027576082
mistral-small-24b,g24cfb_046,I,12.107065321974279
mistral-small-24b,g24cfb_046,W,7.557780829869531
mistral-small-24b,g24cfb_046,Y0,9.36010967570265
mistral-small-24b,g24cfb_047,A+,99.26429381520228
mistral-small-24b,g24cfb_047,A-,0.04233035645180442
mistral-small-24b,g24cfb_047,CF+,13.154183673020672
mistral-small-24b,g24cfb_047,CF-,9.86165883470536
mistral-small-24b,g24cfb_047,I,0.21819427197808317
mistral-small-24b,g24cfb_047,W,4.607667205080547
mistral-small-24b,g24cfb_047,Y0,1.8433801404080166
mistral-small-24b,g24cfb_048,A+,99.57169748566733
mistral-small-24b,g24cfb_048,A-,79.97960424787843
mistral-small-24b,g24cfb_048,CF+,33.3955157873434
mistral-small-24b,g24cfb_048,CF-,32.57891768644964
mistral-small-24b,g24cfb_048,I,61.940159886293564
mistral-small-24b,g24cfb_048,W,42.19463212519322
mistral-small-24b,g24cfb_048,Y0,8.924162480763439
mistral-small-24b,g24cfb_051,A+,99.87062417333901
mistral-small-24b,g24cfb_051,A-,0.04049032075530559
mistral-small-24b,g24cfb_051,CF+,55.444724576344335
mistral-small-24b,g24cfb_051,CF-,37.74966840242761
mistral-small-24b,g24cfb_051,I,13.544768344724652
mistral-small-24b,g24cfb_051,W,10.092830213882864
mistral-small-24b,g24cfb_051,Y0,99.11672118685235
mistral-small-24b,g24cfb_052,A+,99.77792200024444
mistral-small-24b,g24cfb_052,A-,87.77797661073362
mistral-small-24b,g24cfb_052,CF+,37.26213470175057
mistral-small-24b,g24cfb_052,CF-,34.75059564979504
mistral-small-24b,g24cfb_052,I,93.66408502830355
mistral-small-24b,g24cfb_052,W,99.27597878310692
mistral-small-24b,g24cfb_052,Y0,9.177464850403199
mistral-small-24b,g24cfb_053,A+,99.79173744144138
mistral-small-24b,g24cfb_053,A-,0.08653417713850065
mistral-small-24b,g24cfb_053,CF+,47.14081548947371
mistral-small-24b,g24cfb_053,CF-,47.40447082274748
mistral-small-24b,g24cfb_053,I,38.834005521915145
mistral-small-24b,g24cfb_053,W,46.731313082607784
mistral-small-24b,g24cfb_053,Y0,22.232507518090667
mistral-small-24b,g24cfb_054,A+,0.10547438955597056
mistral-small-24b,g24cfb_054,A-,1.2469790092799429
mistral-small-24b,g24cfb_054,CF+,0.748717789535021
mistral-small-24b,g24cfb_054,CF-,9.966914132338282
mistral-small-24b,g24cfb_054,I,0.10257307801586252
mistral-small-24b,g24cfb_054,W,0.06479131341205124
mistral-small-24b,g24cfb_054,Y0,0.7516890491524271
mistral-small-24b,g24cfb_055,A+,99.76193517424561
mistral-small-24b,g24cfb_055,A-,0.04452763679491335
mistral-small-24b,g24cfb_055,CF+,5.249927519311697
mistral-small-24b,g24cfb_055,CF-,7.155055610298264
mistral-small-24b,g24cfb_055,I,11.800601797422374
mistral-small-24b,g24cfb_055,W,0.2765461297301572
mistral-small-24b,g24cfb_055,Y0,1.9144303783730914
mistral-small-24b,g24cfb_056,A+,99.8893666358528
mistral-small-24b,g24cfb_056,A-,6.7458149120778215
mistral-small-24b,g24cfb_056,CF+,18.234246179221522
mistral-small-24b,g24cfb_056,CF-,7.354401865364638
mistral-small-24b,g24cfb_056,I,35.14519258068404
mistral-small-24b,g24cfb_056,W,9.653084639354383
mistral-small-24b,g24cfb_056,Y0,0.5628715902006101
mistral-small-24b,g24cfb_058,A+,99.6118495567179
mistral-small-24b,g24cfb_058,A-,0.03567239262791793
mistral-small-24b,g24cfb_058,CF+,41.32996251971436
mistral-small-24b,g24cfb_058,CF-,36.22002914197065
mistral-small-24b,g24cfb_058,I,0.6225329215485503
mistral-small-24b,g24cfb_058,W,5.159754383876955
mistral-small-24b,g24cfb_058,Y0,6.292570399253162
mistral-small-24b,g24cfb_059,A+,97.98159335401532
mistral-small-24b,g24cfb_059,A-,38.09483580944626
mistral-small-24b,g24cfb_059,CF+,34.97078289834946
mistral-small-24b,g24cfb_059,CF-,43.46566234696342
mistral-small-24b,g24cfb_059,I,14.01925722038415
mistral-small-24b,g24cfb_059,W,11.114040775109222
mistral-small-24b,g24cfb_059,Y0,8.00789108426853
mistral-small-24b,g24cfb_060,A+,98.4528785636348
mistral-small-24b,g24cfb_060,A-,99.90148196512331
mistral-small-24b,g24cfb_060,CF+,51.4592593708248
mistral-small-24b,g24cfb_060,CF-,51.84111942078573
mistral-small-24b,g24cfb_060,I,98.9452080436152
mistral-small-24b,g24cfb_060,W,96.4510998749095
mistral-small-24b,g24cfb_060,Y0,99.79160182956853
mistral-small-24b,g24cfb_061,A+,36.78477560679826
mistral-small-24b,g24cfb_061,A-,4.643330985889822
mistral-small-24b,g24cfb_061,CF+,39.60018915014346
mistral-small-24b,g24cfb_061,CF-,9.170729621341218
mistral-small-24b,g24cfb_061,I,38.461743868669764
mistral-small-24b,g24cfb_061,W,42.6401147143278
mistral-small-24b,g24cfb_061,Y0,9.170316827922743
mistral-small-24b,g24cfb_062,A+,99.7157096394554
mistral-small-24b,g24cfb_062,A-,13.957296940680555
mistral-small-24b,g24cfb_062,CF+,36.22550304134915
mistral-small-24b,g24cfb_062,CF-,38.21278819510685
mistral-small-24b,g24cfb_062,I,31.882824883427297
mistral-small-24b,g24cfb_062,W,52.71332114958849
mistral-small-24b,g24cfb_062,Y0,80.1720710973132
mistral-small-24b,g24cfb_063,A+,99.86614224244887
mistral-small-24b,g24cfb_063,A-,22.899621904605908
mistral-small-24b,g24cfb_063,CF+,36.145879568678225
mistral-small-24b,g24cfb_063,CF-,31.811942224534178
mistral-small-24b,g24cfb_063,I,38.00451317650898
mistral-small-24b,g24cfb_063,W,12.88011956176635
mistral-small-24b,g24cfb_063,Y0,14.603110887091962
mistral-small-24b,g24cfb_065,A+,99.73935824362736
mistral-small-24b,g24cfb_065,A-,0.08248897032492235
mistral-small-24b,g24cfb_065,CF+,29.115435318622538
mistral-small-24b,g24cfb_065,CF-,48.15862428061123
mistral-small-24b,g24cfb_065,I,36.29890718756769
mistral-small-24b,g24cfb_065,W,77.91826038790649
mistral-small-24b,g24cfb_065,Y0,99.92167472618613
mistral-small-24b,g24cfb_072,A+,98.37692285713622
mistral-small-24b,g24cfb_072,A-,4.533778189204799
mistral-small-24b,g24cfb_072,CF+,42.35471929975405
mistral-small-24b,g24cfb_072,CF-,43.86008998734434
mistral-small-24b,g24cfb_072,I,16.500516668930587
mistral-small-24b,g24cfb_072,W,14.108042109088174
mistral-small-24b,g24cfb_072,Y0,99.22764720390843
mistral-small-24b,g24cfb_073,A+,92.64142396467335
mistral-small-24b,g24cfb_073,A-,9.676450133505739
mistral-small-24b,g24cfb_073,CF+,39.329475219985916
mistral-small-24b,g24cfb_073,CF-,47.60847249504645
mistral-small-24b,g24cfb_073,I,36.42763880954479
mistral-small-24b,g24cfb_073,W,41.77658834879214
mistral-small-24b,g24cfb_073,Y0,86.28956495721316
mistral-small-24b,g24cfb_074,A+,97.04842075181696
mistral-small-24b,g24cfb_074,A-,88.00856247079244
mistral-small-24b,g24cfb_074,CF+,35.48949100974524
mistral-small-24b,g24cfb_074,CF-,47.364584739848624
mistral-small-24b,g24cfb_074,I,47.58596505087669
mistral-small-24b,g24cfb_074,W,61.211355627211255
mistral-small-24b,g24cfb_074,Y0,48.332845823511434
mistral-small-24b,g24cfb_075,A+,99.61085509338335
mistral-small-24b,g24cfb_075,A-,0.09254687418296985
mistral-small-24b,g24cfb_075,CF+,26.257879685716375
mistral-small-24b,g24cfb_075,CF-,26.96625543856669
mistral-small-24b,g24cfb_075,I,96.0585277246865
mistral-small-24b,g24cfb_075,W,99.84498934416507
mistral-small-24b,g24cfb_075,Y0,99.83547342553923
mistral-small-24b,g24cfb_076,A+,99.92073497944146
mistral-small-24b,g24cfb_076,A-,0.07032170630176328
mistral-small-24b,g24cfb_076,CF+,22.30523199100162
mistral-small-24b,g24cfb_076,CF-,46.070592506416446
mistral-small-24b,g24cfb_076,I,11.258561021282418
mistral-small-24b,g24cfb_076,W,8.94856606293936
mistral-small-24b,g24cfb_076,Y0,19.349112915920806
mistral-small-24b,g24cfb_077,A+,99.31198901977487
mistral-small-24b,g24cfb_077,A-,0.43318995371747104
mistral-small-24b,g24cfb_077,CF+,11.028671948442977
mistral-small-24b,g24cfb_077,CF-,4.020051661917552
mistral-small-24b,g24cfb_077,I,5.388139741352699
mistral-small-24b,g24cfb_077,W,3.0822549342972625
mistral-small-24b,g24cfb_077,Y0,1.7531332052329427
mistral-small-24b,g24cfb_078,A+,99.13496146050558
mistral-small-24b,g24cfb_078,A-,74.84341681823348
mistral-small-24b,g24cfb_078,CF+,47.30446170938199
mistral-small-24b,g24cfb_078,CF-,13.883402644958172
mistral-small-24b,g24cfb_078,I,25.03064907079602
mistral-small-24b,g24cfb_078,W,18.383996960860106
mistral-small-24b,g24cfb_078,Y0,70.24807154320901
mistral-small-24b,g24cfb_080,A+,86.32861350169391
mistral-small-24b,g24cfb_080,A-,9.269828869851558
mistral-small-24b,g24cfb_080,CF+,40.79359189418196
mistral-small-24b,g24cfb_080,CF-,47.38759109428687
mistral-small-24b,g24cfb_080,I,16.655457593008254
mistral-small-24b,g24cfb_080,W,70.85717487581488
mistral-small-24b,g24cfb_080,Y0,78.29294246204164
mistral-small-24b,g24cfb_082,A+,99.85396868599759
mistral-small-24b,g24cfb_082,A-,6.43164838180942
mistral-small-24b,g24cfb_082,CF+,52.61545506004331
mistral-small-24b,g24cfb_082,CF-,50.74652884453742
mistral-small-24b,g24cfb_082,I,99.56463107669319
mistral-small-24b,g24cfb_082,W,99.70785964588953
mistral-small-24b,g24cfb_082,Y0,99.87391114870329
mistral-small-24b,g24cfb_083,A+,99.54346864787519
mistral-small-24b,g24cfb_083,A-,11.984257321398612
mistral-small-24b,g24cfb_083,CF+,52.54167976892131
mistral-small-24b,g24cfb_083,CF-,49.618136574572304
mistral-small-24b,g24cfb_083,I,47.23750834507182
mistral-small-24b,g24cfb_083,W,22.122021642596607
mistral-small-24b,g24cfb_083,Y0,26.155511096883757
mistral-small-24b,g24cfb_084,A+,99.92107906193951
mistral-small-24b,g24cfb_084,A-,83.10565739810066
mistral-small-24b,g24cfb_084,CF+,20.866602862669687
mistral-small-24b,g24cfb_084,CF-,7.129967779400228
mistral-small-24b,g24cfb_084,I,29.14533484918306
mistral-small-24b,g24cfb_084,W,0.8030158491202136
mistral-small-24b,g24cfb_084,Y0,1.4473085165235424
mistral-small-24b,g24cfb_087,A+,99.30529174547908
mistral-small-24b,g24cfb_087,A-,0.07190267882108381
mistral-small-24b,g24cfb_087,CF+,22.021952220233683
mistral-small-24b,g24cfb_087,CF-,20.135114609732348
mistral-small-24b,g24cfb_087,I,34.67147415517406
mistral-small-24b,g24cfb_087,W,15.230486318250367
mistral-small-24b,g24cfb_087,Y0,11.6705225868463
mistral-small-24b,g24cfb_088,A+,4.324947046133092
mistral-small-24b,g24cfb_088,A-,3.774705149602667
mistral-small-24b,g24cfb_088,CF+,41.333473040064746
mistral-small-24b,g24cfb_088,CF-,41.29660643801683
mistral-small-24b,g24cfb_088,I,30.302684788955876
mistral-small-24b,g24cfb_088,W,70.09083252657783
mistral-small-24b,g24cfb_088,Y0,0.5764724989579649
mistral-small-24b,g24cfb_089,A+,99.64543845174208
mistral-small-24b,g24cfb_089,A-,8.948141533250304
mistral-small-24b,g24cfb_089,CF+,43.201465281437955
mistral-small-24b,g24cfb_089,CF-,43.974964140537544
mistral-small-24b,g24cfb_089,I,43.6405343129816
mistral-small-24b,g24cfb_089,W,43.338761273743465
mistral-small-24b,g24cfb_089,Y0,5.084585682158151
mistral-small-24b,g24cfb_090,A+,99.90232522618687
mistral-small-24b,g24cfb_090,A-,0.5782865248884851
mistral-small-24b,g24cfb_090,CF+,65.11967877235821
mistral-small-24b,g24cfb_090,CF-,50.42781879166424
mistral-small-24b,g24cfb_090,I,80.97285966384935
mistral-small-24b,g24cfb_090,W,94.26951084577573
mistral-small-24b,g24cfb_090,Y0,99.50799795451003
mistral-small-24b,g24cfb_091,A+,99.9470422507137
mistral-small-24b,g24cfb_091,A-,0.0682064304297467
mistral-small-24b,g24cfb_091,CF+,32.64482148102923
mistral-small-24b,g24cfb_091,CF-,32.758015168586866
mistral-small-24b,g24cfb_091,I,31.027760533502526
mistral-small-24b,g24cfb_091,W,38.09343304247918
mistral-small-24b,g24cfb_091,Y0,31.693979811884756
mistral-small-24b,g24cfb_092,A+,8.111038981198654
mistral-small-24b,g24cfb_092,A-,12.020349253015755
mistral-small-24b,g24cfb_092,CF+,21.32716644221337
mistral-small-24b,g24cfb_092,CF-,6.755790200508782
mistral-small-24b,g24cfb_092,I,8.588177892412677
mistral-small-24b,g24cfb_092,W,9.627811085520252
mistral-small-24b,g24cfb_092,Y0,3.1077334430357717
mistral-small-24b,g24cfb_093,A+,99.90215190793316
mistral-small-24b,g24cfb_093,A-,94.5636543154023
mistral-small-24b,g24cfb_093,CF+,77.72663770451315
mistral-small-24b,g24cfb_093,CF-,23.27447807119983
mistral-small-24b,g24cfb_093,I,72.1953107019982
mistral-small-24b,g24cfb_093,W,65.07937742173107
mistral-small-24b,g24cfb_093,Y0,24.814615634754528
mistral-small-24b,g24cfb_094,A+,99.69655623411036
mistral-small-24b,g24cfb_094,A-,7.386116480552411
mistral-small-24b,g24cfb_094,CF+,40.363049868629076
mistral-small-24b,g24cfb_094,CF-,27.901454372845826
mistral-small-24b,g24cfb_094,I,38.584744323884394
mistral-small-24b,g24cfb_094,W,41.11992684797584
mistral-small-24b,g24cfb_094,Y0,84.93926544627338
mistral-small-24b,g24cfb_098,A+,96.61301465939493
mistral-small-24b,g24cfb_098,A-,13.548539254703877
mistral-small-24b,g24cfb_098,CF+,55.53892303858603
mistral-small-24b,g24cfb_098,CF-,41.56635409326568
mistral-small-24b,g24cfb_098,I,55.59168978077145
mistral-small-24b,g24cfb_098,W,85.02505446470587
mistral-small-24b,g24cfb_098,Y0,85.71516288659994
mistral-small-24b,g24cfb_099,A+,99.95229296888317
mistral-small-24b,g24cfb_099,A-,0.06733794739237978
mistral-small-24b,g24cfb_099,CF+,29.86085903831626
mistral-small-24b,g24cfb_099,CF-,31.71493844728675
mistral-small-24b,g24cfb_099,I,39.53837311149712
mistral-small-24b,g24cfb_099,W,37.49643617105011
mistral-small-24b,g24cfb_099,Y0,32.56222090151354
mistral-small-24b,g24cfb_100,A+,99.86522262553164
mistral-small-24b,g24cfb_100,A-,0.04796000628750979
mistral-small-24b,g24cfb_100,CF+,55.48177712744314
mistral-small-24b,g24cfb_100,CF-,21.748926475556445
mistral-small-24b,g24cfb_100,I,24.060909612606224
mistral-small-24b,g24cfb_100,W,50.57397111124414
mistral-small-24b,g24cfb_100,Y0,15.62045129847396
mistral-small-24b,g24cfb_101,A+,78.52148661801715
mistral-small-24b,g24cfb_101,A-,78.04552377852066
mistral-small-24b,g24cfb_101,CF+,5.953897870874524
mistral-small-24b,g24cfb_101,CF-,2.78009994217601
mistral-small-24b,g24cfb_101,I,0.3105622839681701
mistral-small-24b,g24cfb_101,W,1.7320599967956143
mistral-small-24b,g24cfb_101,Y0,0.18163510743950792
mistral-small-24b,g24cfb_102,A+,98.87273073077749
mistral-small-24b,g24cfb_102,A-,14.636062791425932
mistral-small-24b,g24cfb_102,CF+,33.4208018459562
mistral-small-24b,g24cfb_102,CF-,33.20269285712489
mistral-small-24b,g24cfb_102,I,15.0489776407211
mistral-small-24b,g24cfb_102,W,33.8326245613153
mistral-small-24b,g24cfb_102,Y0,5.0928287206779395
mistral-small-24b,g24cfb_103,A+,99.96202307301486
mistral-small-24b,g24cfb_103,A-,1.9267311198680288
mistral-small-24b,g24cfb_103,CF+,71.50939427731917
mistral-small-24b,g24cfb_103,CF-,44.672165671288354
mistral-small-24b,g24cfb_103,I,63.4428902658395
mistral-small-24b,g24cfb_103,W,77.19537936657073
mistral-small-24b,g24cfb_103,Y0,86.00366477118932
mistral-small-24b,g24cfb_104,A+,98.52035901694747
mistral-small-24b,g24cfb_104,A-,98.98352084993112
mistral-small-24b,g24cfb_104,CF+,44.89745782487398
mistral-small-24b,g24cfb_104,CF-,44.91431855682778
mistral-small-24b,g24cfb_104,I,33.338374801302486
mistral-small-24b,g24cfb_104,W,45.84296868883676
mistral-small-24b,g24cfb_104,Y0,62.40194686639167
mistral-small-24b,g24cfb_105,A+,97.20808304721557
mistral-small-24b,g24cfb_105,A-,5.465657073732556
mistral-small-24b,g24cfb_105,CF+,29.998398084366116
mistral-small-24b,g24cfb_105,CF-,29.881554759653113
mistral-small-24b,g24cfb_105,I,55.424666330402246
mistral-small-24b,g24cfb_105,W,14.081757360189677
mistral-small-24b,g24cfb_105,Y0,18.020585104226722
mistral-small-24b,g24cfb_108,A+,95.64150663021407
mistral-small-24b,g24cfb_108,A-,6.363789973783074
mistral-small-24b,g24cfb_108,CF+,33.62462532110462
mistral-small-24b,g24cfb_108,CF-,43.33147539215706
mistral-small-24b,g24cfb_108,I,2.1454816347994905
mistral-small-24b,g24cfb_108,W,2.032065977995732
mistral-small-24b,g24cfb_108,Y0,1.9687683476229911
mistral-small-24b,g24cfb_109,A+,95.74216580116972
mistral-small-24b,g24cfb_109,A-,96.94145903787137
mistral-small-24b,g24cfb_109,CF+,51.08254273369736
mistral-small-24b,g24cfb_109,CF-,42.911359179204794
mistral-small-24b,g24cfb_109,I,42.695568282985185
mistral-small-24b,g24cfb_109,W,41.42757760783225
mistral-small-24b,g24cfb_109,Y0,40.18104494026089
mistral-small-24b,g24cfb_111,A+,99.85680739110937
mistral-small-24b,g24cfb_111,A-,0.052155427629506285
mistral-small-24b,g24cfb_111,CF+,60.0579565891568
mistral-small-24b,g24cfb_111,CF-,16.443566661590854
mistral-small-24b,g24cfb_111,I,27.70257064789139
mistral-small-24b,g24cfb_111,W,5.859227123868584
mistral-small-24b,g24cfb_111,Y0,0.6580273203834082
mistral-small-24b,g24cfb_112,A+,99.63467297578396
mistral-small-24b,g24cfb_112,A-,30.555157852936233
mistral-small-24b,g24cfb_112,CF+,41.155624738355534
mistral-small-24b,g24cfb_112,CF-,41.90635468619441
mistral-small-24b,g24cfb_112,I,28.98532983490227
mistral-small-24b,g24cfb_112,W,99.65766394989338
mistral-small-24b,g24cfb_112,Y0,99.85712734996126
mistral-small-24b,g24cfb_113,A+,99.94182963009436
mistral-small-24b,g24cfb_113,A-,0.050790869325266996
mistral-small-24b,g24cfb_113,CF+,31.860225452995923
mistral-small-24b,g24cfb_113,CF-,27.502683567428836
mistral-small-24b,g24cfb_113,I,8.655512558541787
mistral-small-24b,g24cfb_113,W,32.63183068972702
mistral-small-24b,g24cfb_113,Y0,41.78366769662574
mistral-small-24b,g24cfb_116,A+,99.93838867337789
mistral-small-24b,g24cfb_116,A-,0.0456692533727562
mistral-small-24b,g24cfb_116,CF+,46.68067222852671
mistral-small-24b,g24cfb_116,CF-,46.687405648143766
mistral-small-24b,g24cfb_116,I,40.06464850105154
mistral-small-24b,g24cfb_116,W,32.197942978868674
mistral-small-24b,g24cfb_116,Y0,52.461193703043044
mistral-small-24b,g24cfb_117,A+,99.56122681706233
mistral-small-24b,g24cfb_117,A-,4.65524291208563
mistral-small-24b,g24cfb_117,CF+,97.5329843277252
mistral-small-24b,g24cfb_117,CF-,98.61126313013818
mistral-small-24b,g24cfb_117,I,55.532749201674065
mistral-small-24b,g24cfb_117,W,57.19501746211107
mistral-small-24b,g24cfb_117,Y0,99.85875513908452
mistral-small-24b,g24cfb_121,A+,99.27544560952566
mistral-small-24b,g24cfb_121,A-,38.25618343052263
mistral-small-24b,g24cfb_121,CF+,36.96476056107994
mistral-small-24b,g24cfb_121,CF-,35.774825725285
mistral-small-24b,g24cfb_121,I,34.23453212532082
mistral-small-24b,g24cfb_121,W,61.960242805431434
mistral-small-24b,g24cfb_121,Y0,88.71434302142647
mistral-small-24b,g24cfb_123,A+,99.75842769092884
mistral-small-24b,g24cfb_123,A-,8.460372539175559
mistral-small-24b,g24cfb_123,CF+,38.536253804426146
mistral-small-24b,g24cfb_123,CF-,36.74273942705466
mistral-small-24b,g24cfb_123,I,36.597439139776114
mistral-small-24b,g24cfb_123,W,34.28173473147144
mistral-small-24b,g24cfb_123,Y0,21.846891995605123
mistral-small-24b,g24cfb_124,A+,99.87364039868754
mistral-small-24b,g24cfb_124,A-,0.43362039374920663
mistral-small-24b,g24cfb_124,CF+,74.94812567537345
mistral-small-24b,g24cfb_124,CF-,81.18283678732213
mistral-small-24b,g24cfb_124,I,0.2942388295789749
mistral-small-24b,g24cfb_124,W,0.23834722906827382
mistral-small-24b,g24cfb_124,Y0,0.5696925782145947
mistral-small-24b,g24cfb_126,A+,99.6314111849736
mistral-small-24b,g24cfb_126,A-,99.96154875096744
mistral-small-24b,g24cfb_126,CF+,54.248201113407546
mistral-small-24b,g24cfb_126,CF-,46.7143789051346
mistral-small-24b,g24cfb_126,I,82.74391004890346
mistral-small-24b,g24cfb_126,W,93.28139724101838
mistral-small-24b,g24cfb_126,Y0,52.40825590093798
mistral-small-24b,g24cfb_127,A+,99.68298309676044
mistral-small-24b,g24cfb_127,A-,6.89223391961684
mistral-small-24b,g24cfb_127,CF+,84.29725720325342
mistral-small-24b,g24cfb_127,CF-,83.14072685388038
mistral-small-24b,g24cfb_127,I,99.2114193085546
mistral-small-24b,g24cfb_127,W,85.98866341390993
mistral-small-24b,g24cfb_127,Y0,99.34661245599743
mistral-small-24b,g24cfb_128,A+,99.944432032223
mistral-small-24b,g24cfb_128,A-,0.9081590370875872
mistral-small-24b,g24cfb_128,CF+,38.395273356508234
mistral-small-24b,g24cfb_128,CF-,34.29236815647681
mistral-small-24b,g24cfb_128,I,74.17217071429407
mistral-small-24b,g24cfb_128,W,55.63271474662456
mistral-small-24b,g24cfb_128,Y0,3.0386780132912925
mistral-small-24b,g24cfb_134,A+,86.36124366665919
mistral-small-24b,g24cfb_134,A-,9.517832247290869
mistral-small-24b,g24cfb_134,CF+,80.8516413469147
mistral-small-24b,g24cfb_134,CF-,35.62591928063107
mistral-small-24b,g24cfb_134,I,75.78209651261555
mistral-small-24b,g24cfb_134,W,57.32308498998405
mistral-small-24b,g24cfb_134,Y0,65.58669913149112
mistral-small-24b,g24cfb_135,A+,99.82954181186469
mistral-small-24b,g24cfb_135,A-,87.76447115795195
mistral-small-24b,g24cfb_135,CF+,34.6064833698377
mistral-small-24b,g24cfb_135,CF-,35.913616683000186
mistral-small-24b,g24cfb_135,I,26.86796109628679
mistral-small-24b,g24cfb_135,W,26.257039305533905
mistral-small-24b,g24cfb_135,Y0,13.913535692200936
mistral-small-24b,g24cfb_136,A+,96.15090796316375
mistral-small-24b,g24cfb_136,A-,88.91449732639468
mistral-small-24b,g24cfb_136,CF+,45.95591702578853
mistral-small-24b,g24cfb_136,CF-,28.484769594301092
mistral-small-24b,g24cfb_136,I,60.835071463991916
mistral-small-24b,g24cfb_136,W,61.41850197433725
mistral-small-24b,g24cfb_136,Y0,95.92554979294786
mistral-small-24b,g24cfb_140,A+,81.04456807337087
mistral-small-24b,g24cfb_140,A-,9.96222023681444
mistral-small-24b,g24cfb_140,CF+,37.53082274967047
mistral-small-24b,g24cfb_140,CF-,37.83152215584147
mistral-small-24b,g24cfb_140,I,38.20725511468526
mistral-small-24b,g24cfb_140,W,44.737237331620875
mistral-small-24b,g24cfb_140,Y0,35.62010945466875
mistral-small-24b,g24cfb_141,A+,99.72731584332581
mistral-small-24b,g24cfb_141,A-,0.055934535798087034
mistral-small-24b,g24cfb_141,CF+,44.05836204862832
mistral-small-24b,g24cfb_141,CF-,43.05892227882403
mistral-small-24b,g24cfb_141,I,0.8432054611037566
mistral-small-24b,g24cfb_141,W,26.73848050054398
mistral-small-24b,g24cfb_141,Y0,8.053595035964005
mistral-small-24b,g24cfb_142,A+,99.92919498973342
mistral-small-24b,g24cfb_142,A-,96.32235359808189
mistral-small-24b,g24cfb_142,CF+,54.85533120509667
mistral-small-24b,g24cfb_142,CF-,37.190128349932905
mistral-small-24b,g24cfb_142,I,58.378021346371284
mistral-small-24b,g24cfb_142,W,56.330427958268864
mistral-small-24b,g24cfb_142,Y0,72.95529942675684
mistral-small-24b,g24cfb_144,A+,99.45254557470611
mistral-small-24b,g24cfb_144,A-,10.039898957984363
mistral-small-24b,g24cfb_144,CF+,39.900969881916794
mistral-small-24b,g24cfb_144,CF-,42.65498813916443
mistral-small-24b,g24cfb_144,I,61.37083989352376
mistral-small-24b,g24cfb_144,W,43.527508826957025
mistral-small-24b,g24cfb_144,Y0,75.33836176775831
mistral-small-24b,g24cfb_145,A+,0.31514799284477996
mistral-small-24b,g24cfb_145,A-,0.20530634413194598
mistral-small-24b,g24cfb_145,CF+,61.9311954314951
mistral-small-24b,g24cfb_145,CF-,47.18446590196809
mistral-small-24b,g24cfb_145,I,63.309234699851714
mistral-small-24b,g24cfb_145,W,64.1769527696952
mistral-small-24b,g24cfb_145,Y0,70.75291252582242
mistral-small-24b,g24cfb_146,A+,99.13587769215229
mistral-small-24b,g24cfb_146,A-,10.730931209187046
mistral-small-24b,g24cfb_146,CF+,38.92072128706951
mistral-small-24b,g24cfb_146,CF-,43.56065532008361
mistral-small-24b,g24cfb_146,I,42.046010232797784
mistral-small-24b,g24cfb_146,W,35.98542234088668
mistral-small-24b,g24cfb_146,Y0,14.573289111197349
mistral-small-24b,g24cfb_147,A+,95.45869152988456
mistral-small-24b,g24cfb_147,A-,8.588607786274387
mistral-small-24b,g24cfb_147,CF+,43.80155178821548
mistral-small-24b,g24cfb_147,CF-,42.4411021625958
mistral-small-24b,g24cfb_147,I,17.106642953938678
mistral-small-24b,g24cfb_147,W,46.49949274346131
mistral-small-24b,g24cfb_147,Y0,23.32433721070512
mistral-small-24b,g24cfb_149,A+,0.899926642559666
mistral-small-24b,g24cfb_149,A-,0.15758963513400148
mistral-small-24b,g24cfb_149,CF+,55.73634952571663
mistral-small-24b,g24cfb_149,CF-,54.47583575631586
mistral-small-24b,g24cfb_149,I,61.93018465769477
mistral-small-24b,g24cfb_149,W,23.074129490194046
mistral-small-24b,g24cfb_149,Y0,12.416456834570564
mistral-small-24b,g24cfb_152,A+,99.88648234309018
mistral-small-24b,g24cfb_152,A-,0.043338844346035105
mistral-small-24b,g24cfb_152,CF+,47.096502208863456
mistral-small-24b,g24cfb_152,CF-,31.65752932449485
mistral-small-24b,g24cfb_152,I,33.21002576636901
mistral-small-24b,g24cfb_152,W,14.716519163736312
mistral-small-24b,g24cfb_152,Y0,0.895536847865846
mistral-small-24b,g24cfb_153,A+,99.87913058667867
mistral-small-24b,g24cfb_153,A-,4.112388289422263
mistral-small-24b,g24cfb_153,CF+,39.99235170659092
mistral-small-24b,g24cfb_153,CF-,42.14828184140227
mistral-small-24b,g24cfb_153,I,40.3267709106959
mistral-small-24b,g24cfb_153,W,11.557835244137967
mistral-small-24b,g24cfb_153,Y0,2.8469885185938923
mistral-small-24b,g24cfb_155,A+,99.79382019869007
mistral-small-24b,g24cfb_155,A-,0.050858676658205614
mistral-small-24b,g24cfb_155,CF+,60.7768642633804
mistral-small-24b,g24cfb_155,CF-,31.187807735465565
mistral-small-24b,g24cfb_155,I,55.54457532676108
mistral-small-24b,g24cfb_155,W,64.90999775223949
mistral-small-24b,g24cfb_155,Y0,31.720176859925004
mistral-small-24b,g24cfb_157,A+,99.87858488266842
mistral-small-24b,g24cfb_157,A-,0.04600471583643959
mistral-small-24b,g24cfb_157,CF+,55.08092747317464
mistral-small-24b,g24cfb_157,CF-,27.564706762992515
mistral-small-24b,g24cfb_157,I,15.164832674499372
mistral-small-24b,g24cfb_157,W,79.29347097074805
mistral-small-24b,g24cfb_157,Y0,22.926092377223387
mistral-small-24b,g24cfb_158,A+,99.94441785671437
mistral-small-24b,g24cfb_158,A-,86.82031311363451
mistral-small-24b,g24cfb_158,CF+,41.580803381514016
mistral-small-24b,g24cfb_158,CF-,44.41250476528048
mistral-small-24b,g24cfb_158,I,28.592347673645904
mistral-small-24b,g24cfb_158,W,44.27402005933183
mistral-small-24b,g24cfb_158,Y0,32.439563435397986
mistral-small-24b,g24cfb_161,A+,7.710875377598855
mistral-small-24b,g24cfb_161,A-,8.126087709743391
mistral-small-24b,g24cfb_161,CF+,40.588487146832364
mistral-small-24b,g24cfb_161,CF-,41.58582345011695
mistral-small-24b,g24cfb_161,I,42.51305372669912
mistral-small-24b,g24cfb_161,W,50.57917581672625
mistral-small-24b,g24cfb_161,Y0,75.5121404040343
mistral-small-24b,g24cfb_163,A+,59.52369169611188
mistral-small-24b,g24cfb_163,A-,11.689845846626342
mistral-small-24b,g24cfb_163,CF+,38.13413527128412
mistral-small-24b,g24cfb_163,CF-,31.32097642347399
mistral-small-24b,g24cfb_163,I,44.436072158322744
mistral-small-24b,g24cfb_163,W,43.68892116548299
mistral-small-24b,g24cfb_163,Y0,14.738415035002346
mistral-small-24b,g24cfb_165,A+,97.28135324493353
mistral-small-24b,g24cfb_165,A-,5.860981910907152
mistral-small-24b,g24cfb_165,CF+,24.187075224477
mistral-small-24b,g24cfb_165,CF-,16.714425132968543
mistral-small-24b,g24cfb_165,I,15.530173854744106
mistral-small-24b,g24cfb_165,W,16.945362152133207
mistral-small-24b,g24cfb_165,Y0,8.72031662906152
mistral-small-24b,g24cfb_168,A+,99.85281693739805
mistral-small-24b,g24cfb_168,A-,0.052288882483998114
mistral-small-24b,g24cfb_168,CF+,51.88167676287966
mistral-small-24b,g24cfb_168,CF-,37.15382595002179
mistral-small-24b,g24cfb_168,I,28.455212560681446
mistral-small-24b,g24cfb_168,W,51.02369510047207
mistral-small-24b,g24cfb_168,Y0,1.444304707182299
mistral-small-24b,g24cfb_169,A+,99.5646757558631
mistral-small-24b,g24cfb_169,A-,16.790066470257944
mistral-small-24b,g24cfb_169,CF+,21.64968819540471
mistral-small-24b,g24cfb_169,CF-,19.336260458698174
mistral-small-24b,g24cfb_169,I,33.83396992437255
mistral-small-24b,g24cfb_169,W,16.323210348510045
mistral-small-24b,g24cfb_169,Y0,3.0208677924952685
mistral-small-24b,g24cfb_170,A+,99.93861497976098
mistral-small-24b,g24cfb_170,A-,5.590203744269049
mistral-small-24b,g24cfb_170,CF+,37.52086119589853
mistral-small-24b,g24cfb_170,CF-,39.82377448229051
mistral-small-24b,g24cfb_170,I,55.52105154185308
mistral-small-24b,g24cfb_170,W,67.98006391475687
mistral-small-24b,g24cfb_170,Y0,71.26788656948516
mistral-small-24b,g24cfb_172,A+,99.94816078935628
mistral-small-24b,g24cfb_172,A-,0.061853152582948406
mistral-small-24b,g24cfb_172,CF+,36.041981201797064
mistral-small-24b,g24cfb_172,CF-,38.38229345925814
mistral-small-24b,g24cfb_172,I,96.7195515389979
mistral-small-24b,g24cfb_172,W,95.44273761128984
mistral-small-24b,g24cfb_172,Y0,99.92714570698962
mistral-small-24b,g24cfb_173,A+,99.31600826995899
mistral-small-24b,g24cfb_173,A-,7.709154982083937
mistral-small-24b,g24cfb_173,CF+,36.17622307644921
mistral-small-24b,g24cfb_173,CF-,65.97757236821832
mistral-small-24b,g24cfb_173,I,42.71384706016387
mistral-small-24b,g24cfb_173,W,23.731937366432742
mistral-small-24b,g24cfb_173,Y0,37.622916331260626
mistral-small-24b,g24cfb_174,A+,99.93783989390789
mistral-small-24b,g24cfb_174,A-,78.82739845411908
mistral-small-24b,g24cfb_174,CF+,45.23938511384839
mistral-small-24b,g24cfb_174,CF-,35.47335948785777
mistral-small-24b,g24cfb_174,I,41.13441642339604
mistral-small-24b,g24cfb_174,W,39.744410660661586
mistral-small-24b,g24cfb_174,Y0,3.1302098534233602
mistral-small-24b,g24cfb_176,A+,99.94051839866526
mistral-small-24b,g24cfb_176,A-,0.042940493267187206
mistral-small-24b,g24cfb_176,CF+,47.238380390613635
mistral-small-24b,g24cfb_176,CF-,47.93952948283985
mistral-small-24b,g24cfb_176,I,0.14454378209819413
mistral-small-24b,g24cfb_176,W,0.13620499693816016
mistral-small-24b,g24cfb_176,Y0,0.2872436227299231
mistral-small-24b,g24cfb_177,A+,99.9518473597957
mistral-small-24b,g24cfb_177,A-,1.347804727153394
mistral-small-24b,g24cfb_177,CF+,29.806948307735883
mistral-small-24b,g24cfb_177,CF-,31.317587302909757
mistral-small-24b,g24cfb_177,I,39.43150466334714
mistral-small-24b,g24cfb_177,W,39.88285981946638
mistral-small-24b,g24cfb_177,Y0,55.35768978358096
mistral-small-24b,g24cfb_178,A+,99.93335821392851
mistral-small-24b,g24cfb_178,A-,3.4907703365205127
mistral-small-24b,g24cfb_178,CF+,37.493222017593126
mistral-small-24b,g24cfb_178,CF-,29.02642001749065
mistral-small-24b,g24cfb_178,I,91.6425073229409
mistral-small-24b,g24cfb_178,W,87.57462893854672
mistral-small-24b,g24cfb_178,Y0,99.79758833619984
mistral-small-24b,g24cfb_179,A+,80.02738154668131
mistral-small-24b,g24cfb_179,A-,43.361348393358874
mistral-small-24b,g24cfb_179,CF+,51.61528093163092
mistral-small-24b,g24cfb_179,CF-,57.90007528648659
mistral-small-24b,g24cfb_179,I,55.915937781568076
mistral-small-24b,g24cfb_179,W,72.63740952860869
mistral-small-24b,g24cfb_179,Y0,83.91238477959443
mistral-small-24b,g24cfb_180,A+,99.92166979653297
mistral-small-24b,g24cfb_180,A-,0.07594794785277406
mistral-small-24b,g24cfb_180,CF+,39.70717107813781
mistral-small-24b,g24cfb_180,CF-,40.92642539922615
mistral-small-24b,g24cfb_180,I,87.76217539612743
mistral-small-24b,g24cfb_180,W,40.572857015137735
mistral-small-24b,g24cfb_180,Y0,98.6599532341606
mistral-small-24b,g24cfb_181,A+,99.96435413763123
mistral-small-24b,g24cfb_181,A-,0.0452863137331147
mistral-small-24b,g24cfb_181,CF+,37.48518951777042
mistral-small-24b,g24cfb_181,CF-,38.401801565587725
mistral-small-24b,g24cfb_181,I,43.227316516608134
mistral-small-24b,g24cfb_181,W,44.494420095567015
mistral-small-24b,g24cfb_181,Y0,0.09934308674792071
mistral-small-24b,g24cfb_182,A+,99.9530929653023
mistral-small-24b,g24cfb_182,A-,0.04600137728703787
mistral-small-24b,g24cfb_182,CF+,13.664082048951096
mistral-small-24b,g24cfb_182,CF-,33.48365392781385
mistral-small-24b,g24cfb_182,I,54.042508417607564
mistral-small-24b,g24cfb_182,W,10.525778293480736
mistral-small-24b,g24cfb_182,Y0,54.88461231843147
mistral-small-24b,g24cfb_183,A+,99.94516653529351
mistral-small-24b,g24cfb_183,A-,0.10655422598466475
mistral-small-24b,g24cfb_183,CF+,47.733753431629765
mistral-small-24b,g24cfb_183,CF-,46.605640378427715
mistral-small-24b,g24cfb_183,I,98.24240122924733
mistral-small-24b,g24cfb_183,W,96.49666056611684
mistral-small-24b,g24cfb_183,Y0,99.87624784074896
mistral-small-24b,g24cfb_185,A+,99.88712898676096
mistral-small-24b,g24cfb_185,A-,0.0432906570848302
mistral-small-24b,g24cfb_185,CF+,28.952436405355215
mistral-small-24b,g24cfb_185,CF-,21.68176866673121
mistral-small-24b,g24cfb_185,I,99.50491042562038
mistral-small-24b,g24cfb_185,W,92.36638915766366
mistral-small-24b,g24cfb_185,Y0,99.29447557309454
mistral-small-24b,g24cfb_188,A+,89.12861788282592
mistral-small-24b,g24cfb_188,A-,14.593402664959633
mistral-small-24b,g24cfb_188,CF+,31.83180854716624
mistral-small-24b,g24cfb_188,CF-,34.51171695267751
mistral-small-24b,g24cfb_188,I,30.473079487599946
mistral-small-24b,g24cfb_188,W,34.38585075510809
mistral-small-24b,g24cfb_188,Y0,7.641724813583094
mistral-small-24b,g24cfb_189,A+,80.48811888169195
mistral-small-24b,g24cfb_189,A-,99.94924446575823
mistral-small-24b,g24cfb_189,CF+,47.86415542694454
mistral-small-24b,g24cfb_189,CF-,24.03396911544449
mistral-small-24b,g24cfb_189,I,26.459934840424523
mistral-small-24b,g24cfb_189,W,37.63391090239705
mistral-small-24b,g24cfb_189,Y0,35.8219971772818
mistral-small-24b,g24cfb_190,A+,99.87534644652722
mistral-small-24b,g24cfb_190,A-,6.825040903787478
mistral-small-24b,g24cfb_190,CF+,48.1929464322472
mistral-small-24b,g24cfb_190,CF-,42.26008844669495
mistral-small-24b,g24cfb_190,I,43.360366796973636
mistral-small-24b,g24cfb_190,W,56.16323073922538
mistral-small-24b,g24cfb_190,Y0,50.86365981453374
mistral-small-24b,g24cfb_191,A+,99.4593792333004
mistral-small-24b,g24cfb_191,A-,4.151082015780992
mistral-small-24b,g24cfb_191,CF+,38.35097804848611
mistral-small-24b,g24cfb_191,CF-,37.157661734638026
mistral-small-24b,g24cfb_191,I,39.50475959738561
mistral-small-24b,g24cfb_191,W,83.00963531993119
mistral-small-24b,g24cfb_191,Y0,12.28016749665586
mistral-small-24b,g24cfb_192,A+,99.84094115126248
mistral-small-24b,g24cfb_192,A-,6.866236892419113
mistral-small-24b,g24cfb_192,CF+,38.063952557838824
mistral-small-24b,g24cfb_192,CF-,39.24575130791599
mistral-small-24b,g24cfb_192,I,27.65253796587469
mistral-small-24b,g24cfb_192,W,42.57702165971242
mistral-small-24b,g24cfb_192,Y0,56.07105009059521
mistral-small-24b,g24cfb_195,A+,99.75215524000161
mistral-small-24b,g24cfb_195,A-,4.102502720299129
mistral-small-24b,g24cfb_195,CF+,42.51175409599378
mistral-small-24b,g24cfb_195,CF-,42.70808814748003
mistral-small-24b,g24cfb_195,I,36.5952876236063
mistral-small-24b,g24cfb_195,W,4.909578664440378
mistral-small-24b,g24cfb_195,Y0,3.00370989558653
mistral-small-24b,g24cfb_196,A+,87.68491845321199
mistral-small-24b,g24cfb_196,A-,26.068857303646556
mistral-small-24b,g24cfb_196,CF+,62.052792052255654
mistral-small-24b,g24cfb_196,CF-,67.19897232325488
mistral-small-24b,g24cfb_196,I,47.8246931426654
mistral-small-24b,g24cfb_196,W,46.57175406505489
mistral-small-24b,g24cfb_196,Y0,77.93271607760573
mistral-small-24b,g24cfb_197,A+,99.81890469310493
mistral-small-24b,g24cfb_197,A-,6.909378383456652
mistral-small-24b,g24cfb_197,CF+,48.20832138189874
mistral-small-24b,g24cfb_197,CF-,35.14628040808921
mistral-small-24b,g24cfb_197,I,15.39826412937065
mistral-small-24b,g24cfb_197,W,43.7359204713159
mistral-small-24b,g24cfb_197,Y0,43.15277349440609
mistral-small-24b,g24cfb_198,A+,99.4573605427784
mistral-small-24b,g24cfb_198,A-,99.55845367612261
mistral-small-24b,g24cfb_198,CF+,36.92836756388299
mistral-small-24b,g24cfb_198,CF-,36.95177614356967
mistral-small-24b,g24cfb_198,I,71.8907738367084
mistral-small-24b,g24cfb_198,W,5.029730758082181
mistral-small-24b,g24cfb_198,Y0,5.007258458229213
mistral-small-24b,g24cfb_200,A+,91.96544427944845
mistral-small-24b,g24cfb_200,A-,47.60869516640456
mistral-small-24b,g24cfb_200,CF+,69.42091318777834
mistral-small-24b,g24cfb_200,CF-,47.385858731126184
mistral-small-24b,g24cfb_200,I,39.22739841143616
mistral-small-24b,g24cfb_200,W,85.77433206897506
mistral-small-24b,g24cfb_200,Y0,90.3690398637074
mistral-small-24b,g24cfb_201,A+,99.42160218944944
mistral-small-24b,g24cfb_201,A-,0.7352866037859029
mistral-small-24b,g24cfb_201,CF+,42.614301871151305
mistral-small-24b,g24cfb_201,CF-,39.63846246462388
mistral-small-24b,g24cfb_201,I,12.735724382792784
mistral-small-24b,g24cfb_201,W,39.75890766246784
mistral-small-24b,g24cfb_201,Y0,38.068659268121046
mistral-small-24b,g24cfb_202,A+,99.47896190585628
mistral-small-24b,g24cfb_202,A-,12.92834700252696
mistral-small-24b,g24cfb_202,CF+,20.698460093387585
mistral-small-24b,g24cfb_202,CF-,53.5795412333093
mistral-small-24b,g24cfb_202,I,20.623707353752575
mistral-small-24b,g24cfb_202,W,18.842567542117205
mistral-small-24b,g24cfb_202,Y0,2.8234539585834835
mistral-small-24b,g24cfb_203,A+,99.86069832870675
mistral-small-24b,g24cfb_203,A-,0.04017054305073479
mistral-small-24b,g24cfb_203,CF+,53.203838467598146
mistral-small-24b,g24cfb_203,CF-,31.094151028327545
mistral-small-24b,g24cfb_203,I,6.139830301658633
mistral-small-24b,g24cfb_203,W,5.120759502983865
mistral-small-24b,g24cfb_203,Y0,35.75594149875358
mistral-small-24b,g24cfb_206,A+,99.9388430772533
mistral-small-24b,g24cfb_206,A-,0.07595637163139958
mistral-small-24b,g24cfb_206,CF+,34.104793352856646
mistral-small-24b,g24cfb_206,CF-,29.94134169318964
mistral-small-24b,g24cfb_206,I,28.983095837122878
mistral-small-24b,g24cfb_206,W,0.043593451083914256
mistral-small-24b,g24cfb_206,Y0,0.06783436663410027
mistral-small-24b,g24cfb_207,A+,99.827859685253
mistral-small-24b,g24cfb_207,A-,0.5643660820144911
mistral-small-24b,g24cfb_207,CF+,41.09145245770898
mistral-small-24b,g24cfb_207,CF-,39.687317315232676
mistral-small-24b,g24cfb_207,I,35.96416372757128
mistral-small-24b,g24cfb_207,W,4.59393585531293
mistral-small-24b,g24cfb_207,Y0,2.3407169968497388
mistral-small-24b,g24cfb_208,A+,99.88556762560329
mistral-small-24b,g24cfb_208,A-,0.08019381326969868
mistral-small-24b,g24cfb_208,CF+,71.20894835113491
mistral-small-24b,g24cfb_208,CF-,48.239331635832144
mistral-small-24b,g24cfb_208,I,40.62248114827871
mistral-small-24b,g24cfb_208,W,99.9082385573214
mistral-small-24b,g24cfb_208,Y0,98.95482200340459
mistral-small-24b,g24cfb_210,A+,99.92991718803853
mistral-small-24b,g24cfb_210,A-,87.66393827802
mistral-small-24b,g24cfb_210,CF+,20.358293691677595
mistral-small-24b,g24cfb_210,CF-,25.41783435196892
mistral-small-24b,g24cfb_210,I,19.040606606340972
mistral-small-24b,g24cfb_210,W,42.59806232057219
mistral-small-24b,g24cfb_210,Y0,45.31714623175277
mistral-small-24b,g24cfb_211,A+,99.62851421876064
mistral-small-24b,g24cfb_211,A-,94.5687893441879
mistral-small-24b,g24cfb_211,CF+,46.33669633109222
mistral-small-24b,g24cfb_211,CF-,47.64712935093444
mistral-small-24b,g24cfb_211,I,48.92171641680497
mistral-small-24b,g24cfb_211,W,49.740444195448816
mistral-small-24b,g24cfb_211,Y0,17.731490431156175
mistral-small-24b,g24cfb_212,A+,89.25217845324138
mistral-small-24b,g24cfb_212,A-,7.496758091318101
mistral-small-24b,g24cfb_212,CF+,40.40397952750274
mistral-small-24b,g24cfb_212,CF-,11.466015281056945
mistral-small-24b,g24cfb_212,I,10.70045405107086
mistral-small-24b,g24cfb_212,W,10.981308073113432
mistral-small-24b,g24cfb_212,Y0,10.334582737990344
mistral-small-24b,g24cfb_213,A+,99.96411104557593
mistral-small-24b,g24cfb_213,A-,0.03910237400913112
mistral-small-24b,g24cfb_213,CF+,34.593632519057614
mistral-small-24b,g24cfb_213,CF-,40.974734197263196
mistral-small-24b,g24cfb_213,I,39.92865287995747
mistral-small-24b,g24cfb_213,W,43.90971119677849
mistral-small-24b,g24cfb_213,Y0,40.88892508509899
mistral-small-24b,g24cfb_216,A+,99.80745016393287
mistral-small-24b,g24cfb_216,A-,1.0218222480624772
mistral-small-24b,g24cfb_216,CF+,31.327289545471665
mistral-small-24b,g24cfb_216,CF-,39.386729527648264
mistral-small-24b,g24cfb_216,I,28.553686258085154
mistral-small-24b,g24cfb_216,W,46.72841756519424
mistral-small-24b,g24cfb_216,Y0,19.022480204249646
mistral-small-24b,g24cfb_217,A+,99.93098926365697
mistral-small-24b,g24cfb_217,A-,0.04786065709392156
mistral-small-24b,g24cfb_217,CF+,17.84860924391723
mistral-small-24b,g24cfb_217,CF-,1.760025960176336
mistral-small-24b,g24cfb_217,I,0.8940053166180828
mistral-small-24b,g24cfb_217,W,4.111857881319954
mistral-small-24b,g24cfb_217,Y0,0.5859481900236555
mistral-small-24b,g24cfb_218,A+,99.85047829891946
mistral-small-24b,g24cfb_218,A-,0.06808881891590923
mistral-small-24b,g24cfb_218,CF+,29.993612122109873
mistral-small-24b,g24cfb_218,CF-,31.16592700517323
mistral-small-24b,g24cfb_218,I,0.16770124780687623
mistral-small-24b,g24cfb_218,W,75.35942627892355
mistral-small-24b,g24cfb_218,Y0,0.06907306056870949
mistral-small-24b,g24cfb_219,A+,99.93329648990992
mistral-small-24b,g24cfb_219,A-,0.05655633759420683
mistral-small-24b,g24cfb_219,CF+,40.91593276184756
mistral-small-24b,g24cfb_219,CF-,46.359658030374064
mistral-small-24b,g24cfb_219,I,23.008069023042626
mistral-small-24b,g24cfb_219,W,40.81034468123884
mistral-small-24b,g24cfb_219,Y0,1.910188837765233
mistral-small-24b,g24cfb_222,A+,97.34120020221329
mistral-small-24b,g24cfb_222,A-,6.2661097543801105
mistral-small-24b,g24cfb_222,CF+,38.86648503496233
mistral-small-24b,g24cfb_222,CF-,43.842034956927165
mistral-small-24b,g24cfb_222,I,36.29750284066934
mistral-small-24b,g24cfb_222,W,42.789014760994284
mistral-small-24b,g24cfb_222,Y0,29.17063043391519
mistral-small-24b,g24cfb_223,A+,97.03685531743491
mistral-small-24b,g24cfb_223,A-,6.298310374489706
mistral-small-24b,g24cfb_223,CF+,50.69294582294421
mistral-small-24b,g24cfb_223,CF-,45.013832740019794
mistral-small-24b,g24cfb_223,I,52.766259679130634
mistral-small-24b,g24cfb_223,W,53.7364325558871
mistral-small-24b,g24cfb_223,Y0,33.219350798862905
mistral-small-24b,g24cfb_224,A+,57.329267695865774
mistral-small-24b,g24cfb_224,A-,9.843425200790698
mistral-small-24b,g24cfb_224,CF+,41.066236545236876
mistral-small-24b,g24cfb_224,CF-,40.411970336117285
mistral-small-24b,g24cfb_224,I,38.71636911639497
mistral-small-24b,g24cfb_224,W,18.20624422704136
mistral-small-24b,g24cfb_224,Y0,15.166317145711353
mistral-small-24b,g24cfb_226,A+,99.90861066854347
mistral-small-24b,g24cfb_226,A-,0.5743384055853338
mistral-small-24b,g24cfb_226,CF+,35.12892211059372
mistral-small-24b,g24cfb_226,CF-,35.21727609290488
mistral-small-24b,g24cfb_226,I,10.52234938401611
mistral-small-24b,g24cfb_226,W,23.335973938018714
mistral-small-24b,g24cfb_226,Y0,7.665045644675605
mistral-small-24b,g24cfb_227,A+,99.00322765365236
mistral-small-24b,g24cfb_227,A-,0.10730978494092315
mistral-small-24b,g24cfb_227,CF+,36.58557782648417
mistral-small-24b,g24cfb_227,CF-,29.175825325380135
mistral-small-24b,g24cfb_227,I,22.128063844455006
mistral-small-24b,g24cfb_227,W,29.0859781921291
mistral-small-24b,g24cfb_227,Y0,66.96337258695334
mistral-small-24b,g24cfb_228,A+,99.32730759691336
mistral-small-24b,g24cfb_228,A-,73.98011090869994
mistral-small-24b,g24cfb_228,CF+,43.93854592049268
mistral-small-24b,g24cfb_228,CF-,35.494829215949075
mistral-small-24b,g24cfb_228,I,72.14329211913918
mistral-small-24b,g24cfb_228,W,54.78513026301534
mistral-small-24b,g24cfb_228,Y0,67.1426202080411
mistral-small-24b,g24cfb_229,A+,97.37604571590663
mistral-small-24b,g24cfb_229,A-,6.392187494168046
mistral-small-24b,g24cfb_229,CF+,8.411357205303528
mistral-small-24b,g24cfb_229,CF-,6.2703080457172105
mistral-small-24b,g24cfb_229,I,3.641238924270032
mistral-small-24b,g24cfb_229,W,4.263173439845794
mistral-small-24b,g24cfb_229,Y0,2.840725638226419
mistral-small-24b,g24cfb_230,A+,94.10177087215342
mistral-small-24b,g24cfb_230,A-,86.9656551214499
mistral-small-24b,g24cfb_230,CF+,37.973609417673586
mistral-small-24b,g24cfb_230,CF-,43.097304683435226
mistral-small-24b,g24cfb_230,I,33.85794077119932
mistral-small-24b,g24cfb_230,W,42.19928877684525
mistral-small-24b,g24cfb_230,Y0,20.060091320121913
mistral-small-24b,g24cfb_231,A+,99.40546401465352
mistral-small-24b,g24cfb_231,A-,0.06506942817306482
mistral-small-24b,g24cfb_231,CF+,4.68115804293357
mistral-small-24b,g24cfb_231,CF-,12.454533613683255
mistral-small-24b,g24cfb_231,I,59.96549310833767
mistral-small-24b,g24cfb_231,W,11.68406628740994
mistral-small-24b,g24cfb_231,Y0,0.2697651115774453
mistral-small-24b,g24cfb_232,A+,82.0131217898738
mistral-small-24b,g24cfb_232,A-,0.09149366461595754
mistral-small-24b,g24cfb_232,CF+,44.64085871881723
mistral-small-24b,g24cfb_232,CF-,43.165494712981086
mistral-small-24b,g24cfb_232,I,8.50848430161927
mistral-small-24b,g24cfb_232,W,7.075783683175867
mistral-small-24b,g24cfb_232,Y0,4.377197624399452
mistral-small-24b,g24cfb_233,A+,99.89306797834551
mistral-small-24b,g24cfb_233,A-,0.05970186849338447
mistral-small-24b,g24cfb_233,CF+,35.236892579597864
mistral-small-24b,g24cfb_233,CF-,34.28886044795678
mistral-small-24b,g24cfb_233,I,38.226519062599706
mistral-small-24b,g24cfb_233,W,26.747245868953982
mistral-small-24b,g24cfb_233,Y0,50.40027259603431
mistral-small-24b,g24cfb_234,A+,88.39935198677662
mistral-small-24b,g24cfb_234,A-,81.33701754847799
mistral-small-24b,g24cfb_234,CF+,41.90212810878478
mistral-small-24b,g24cfb_234,CF-,41.91105301419422
mistral-small-24b,g24cfb_234,I,8.442163274948172
mistral-small-24b,g24cfb_234,W,15.837048792677447
mistral-small-24b,g24cfb_234,Y0,99.22968370734606
mistral-small-24b,g24cfb_236,A+,99.88377275115427
mistral-small-24b,g24cfb_236,A-,78.08478920605562
mistral-small-24b,g24cfb_236,CF+,76.06722274005807
mistral-small-24b,g24cfb_236,CF-,49.840461116521936
mistral-small-24b,g24cfb_236,I,69.91380151741893
mistral-small-24b,g24cfb_236,W,81.49434493686022
mistral-small-24b,g24cfb_236,Y0,74.66392148051156
mistral-small-24b,g24cfb_237,A+,98.73255412507372
mistral-small-24b,g24cfb_237,A-,97.50586652518734
mistral-small-24b,g24cfb_237,CF+,39.65578680915011
mistral-small-24b,g24cfb_237,CF-,47.996465804430706
mistral-small-24b,g24cfb_237,I,64.62493023850146
mistral-small-24b,g24cfb_237,W,61.906278625841196
mistral-small-24b,g24cfb_237,Y0,35.69817623760418
mistral-small-24b,g24cfb_239,A+,99.22644869381584
mistral-small-24b,g24cfb_239,A-,7.3424079471058725
mistral-small-24b,g24cfb_239,CF+,42.22002807156432
mistral-small-24b,g24cfb_239,CF-,18.33576302437322
mistral-small-24b,g24cfb_239,I,41.51792211725699
mistral-small-24b,g24cfb_239,W,44.22842159853094
mistral-small-24b,g24cfb_239,Y0,1.6789295766177332
mistral-small-24b,g24cfb_240,A+,99.5666643518404
mistral-small-24b,g24cfb_240,A-,0.24044809556479033
mistral-small-24b,g24cfb_240,CF+,36.44075544353331
mistral-small-24b,g24cfb_240,CF-,37.35846842121454
mistral-small-24b,g24cfb_240,I,41.94508743175964
mistral-small-24b,g24cfb_240,W,37.828719370607296
mistral-small-24b,g24cfb_240,Y0,99.72264498357767
mistral-small-24b,g24cfb_245,A+,49.46172906398128
mistral-small-24b,g24cfb_245,A-,50.04811778282893
mistral-small-24b,g24cfb_245,CF+,27.976818359552254
mistral-small-24b,g24cfb_245,CF-,25.34659581637456
mistral-small-24b,g24cfb_245,I,19.221968818550437
mistral-small-24b,g24cfb_245,W,40.26382013144345
mistral-small-24b,g24cfb_245,Y0,32.14855825475345
mistral-small-24b,g24cfb_246,A+,97.63109412272216
mistral-small-24b,g24cfb_246,A-,90.16332353426374
mistral-small-24b,g24cfb_246,CF+,32.239383191426946
mistral-small-24b,g24cfb_246,CF-,38.33738387687046
mistral-small-24b,g24cfb_246,I,10.46377633220983
mistral-small-24b,g24cfb_246,W,9.670823421830384
mistral-small-24b,g24cfb_246,Y0,3.248431369213432
mistral-small-24b,g24cfb_248,A+,99.84530837994367
mistral-small-24b,g24cfb_248,A-,6.374838423459928
mistral-small-24b,g24cfb_248,CF+,37.68059849482873
mistral-small-24b,g24cfb_248,CF-,25.86818755518223
mistral-small-24b,g24cfb_248,I,80.25886059695182
mistral-small-24b,g24cfb_248,W,53.87516410278296
mistral-small-24b,g24cfb_248,Y0,84.60424865046838
mistral-small-24b,g24cfb_249,A+,99.16418524067132
mistral-small-24b,g24cfb_249,A-,0.05905047086527842
mistral-small-24b,g24cfb_249,CF+,5.537754487638302
mistral-small-24b,g24cfb_249,CF-,3.366709863205548
mistral-small-24b,g24cfb_249,I,0.05010925448458722
mistral-small-24b,g24cfb_249,W,0.5928694958147005
mistral-small-24b,g24cfb_249,Y0,0.30891751948673346
mistral-small-24b,g24cfb_250,A+,99.72968358583624
mistral-small-24b,g24cfb_250,A-,5.5719860734839175
mistral-small-24b,g24cfb_250,CF+,55.11206705227027
mistral-small-24b,g24cfb_250,CF-,54.555043092512065
mistral-small-24b,g24cfb_250,I,99.36343451378019
mistral-small-24b,g24cfb_250,W,79.96805322947036
mistral-small-24b,g24cfb_250,Y0,15.40552607116431
mistral-small-24b,g24cfb_253,A+,33.719016353597205
mistral-small-24b,g24cfb_253,A-,0.41930809208152314
mistral-small-24b,g24cfb_253,CF+,61.380825958505476
mistral-small-24b,g24cfb_253,CF-,53.83284473925105
mistral-small-24b,g24cfb_253,I,37.32239232459032
mistral-small-24b,g24cfb_253,W,94.31957296041173
mistral-small-24b,g24cfb_253,Y0,98.68122135389207
mistral-small-24b,g24cfb_254,A+,99.72139424420963
mistral-small-24b,g24cfb_254,A-,5.973839451426854
mistral-small-24b,g24cfb_254,CF+,86.38213406974943
mistral-small-24b,g24cfb_254,CF-,67.61822213479428
mistral-small-24b,g24cfb_254,I,98.69935995099318
mistral-small-24b,g24cfb_254,W,88.37011483946841
mistral-small-24b,g24cfb_254,Y0,98.8816704780707
mistral-small-24b,g24cfb_255,A+,99.92345238414545
mistral-small-24b,g24cfb_255,A-,0.1750023284513216
mistral-small-24b,g24cfb_255,CF+,47.99320959505181
mistral-small-24b,g24cfb_255,CF-,54.34556170725906
mistral-small-24b,g24cfb_255,I,95.99969033519164
mistral-small-24b,g24cfb_255,W,96.34548660716581
mistral-small-24b,g24cfb_255,Y0,96.57773603080534
mistral-small-24b,g24cfb_256,A+,35.419117441095594
mistral-small-24b,g24cfb_256,A-,29.37426141677588
mistral-small-24b,g24cfb_256,CF+,40.87391600907762
mistral-small-24b,g24cfb_256,CF-,40.88282031028744
mistral-small-24b,g24cfb_256,I,56.89895318088025
mistral-small-24b,g24cfb_256,W,86.5462825638552
mistral-small-24b,g24cfb_256,Y0,99.19503199040534
mistral-small-24b,g24cfb_258,A+,99.9153560728003
mistral-small-24b,g24cfb_258,A-,0.6502225433692492
mistral-small-24b,g24cfb_258,CF+,2.8863601858006174
mistral-small-24b,g24cfb_258,CF-,1.9556566452815904
mistral-small-24b,g24cfb_258,I,20.43672568984028
mistral-small-24b,g24cfb_258,W,10.020051131210018
mistral-small-24b,g24cfb_258,Y0,7.008828852998392
mistral-small-24b,g24cfb_259,A+,96.37527953697983
mistral-small-24b,g24cfb_259,A-,3.9925303499603237
mistral-small-24b,g24cfb_259,CF+,7.96080096803136
mistral-small-24b,g24cfb_259,CF-,3.936115859172035
mistral-small-24b,g24cfb_259,I,5.669018526900281
mistral-small-24b,g24cfb_259,W,6.661213727434568
mistral-small-24b,g24cfb_259,Y0,4.640847075261123
mistral-small-24b,g24cfb_260,A+,99.6938492195057
mistral-small-24b,g24cfb_260,A-,9.790642748520353
mistral-small-24b,g24cfb_260,CF+,81.53442278617256
mistral-small-24b,g24cfb_260,CF-,64.30571396527019
mistral-small-24b,g24cfb_260,I,94.78452992234669
mistral-small-24b,g24cfb_260,W,93.11451775830444
mistral-small-24b,g24cfb_260,Y0,99.83672119125848
mistral-small-24b,g24cfb_261,A+,99.07444599614848
mistral-small-24b,g24cfb_261,A-,6.563669474195056
mistral-small-24b,g24cfb_261,CF+,36.61715765788069
mistral-small-24b,g24cfb_261,CF-,7.038668127006743
mistral-small-24b,g24cfb_261,I,20.019276183806337
mistral-small-24b,g24cfb_261,W,39.19946385598795
mistral-small-24b,g24cfb_261,Y0,24.703956667991456
mistral-small-24b,g24cfb_262,A+,99.16719353544318
mistral-small-24b,g24cfb_262,A-,0.05625259681060731
mistral-small-24b,g24cfb_262,CF+,41.18168083655983
mistral-small-24b,g24cfb_262,CF-,31.00711014723897
mistral-small-24b,g24cfb_262,I,35.52338036788419
mistral-small-24b,g24cfb_262,W,14.754357310164409
mistral-small-24b,g24cfb_262,Y0,90.90288085981462
mistral-small-24b,g24cfb_263,A+,99.45556828116815
mistral-small-24b,g24cfb_263,A-,4.8170908808223984
mistral-small-24b,g24cfb_263,CF+,42.90104512167053
mistral-small-24b,g24cfb_263,CF-,42.846201516110085
mistral-small-24b,g24cfb_263,I,25.270546524086612
mistral-small-24b,g24cfb_263,W,66.47437976892157
mistral-small-24b,g24cfb_263,Y0,14.433684094370754
mistral-small-24b,g24cfb_264,A+,99.95488544562915
mistral-small-24b,g24cfb_264,A-,0.04954039660450382
mistral-small-24b,g24cfb_264,CF+,47.27006307626013
mistral-small-24b,g24cfb_264,CF-,47.91434584978972
mistral-small-24b,g24cfb_264,I,34.11937441910486
mistral-small-24b,g24cfb_264,W,48.76395914798537
mistral-small-24b,g24cfb_264,Y0,0.2359516670407994
mistral-small-24b,g24cfb_265,A+,99.95513677038933
mistral-small-24b,g24cfb_265,A-,0.05101957419299768
mistral-small-24b,g24cfb_265,CF+,31.252810411718933
mistral-small-24b,g24cfb_265,CF-,47.32572846190855
mistral-small-24b,g24cfb_265,I,35.35541729400258
mistral-small-24b,g24cfb_265,W,17.94638635928871
mistral-small-24b,g24cfb_265,Y0,0.06305121310839705
mistral-small-24b,g24cfb_269,A+,98.73755824695701
mistral-small-24b,g24cfb_269,A-,6.997269045604543
mistral-small-24b,g24cfb_269,CF+,39.464380570574725
mistral-small-24b,g24cfb_269,CF-,47.25218237298864
mistral-small-24b,g24cfb_269,I,37.898058559012384
mistral-small-24b,g24cfb_269,W,50.01123614301274
mistral-small-24b,g24cfb_269,Y0,9.854183329416003
mistral-small-24b,g24cfb_270,A+,99.61423082240891
mistral-small-24b,g24cfb_270,A-,0.042577580292282265
mistral-small-24b,g24cfb_270,CF+,55.83746433095328
mistral-small-24b,g24cfb_270,CF-,44.83552526517158
mistral-small-24b,g24cfb_270,I,91.10568514383642
mistral-small-24b,g24cfb_270,W,56.22999285680774
mistral-small-24b,g24cfb_270,Y0,1.3020320158618555
mistral-small-24b,g24cfb_272,A+,99.40906735662794
mistral-small-24b,g24cfb_272,A-,86.75493376386243
mistral-small-24b,g24cfb_272,CF+,37.0767116071232
mistral-small-24b,g24cfb_272,CF-,37.499831809132665
mistral-small-24b,g24cfb_272,I,38.72971776086065
mistral-small-24b,g24cfb_272,W,99.72921805710521
mistral-small-24b,g24cfb_272,Y0,99.76506551182486
mistral-small-24b,g24cfb_273,A+,98.25171460216751
mistral-small-24b,g24cfb_273,A-,91.21974263665874
mistral-small-24b,g24cfb_273,CF+,20.644071753769193
mistral-small-24b,g24cfb_273,CF-,27.799855724026873
mistral-small-24b,g24cfb_273,I,17.78796791580693
mistral-small-24b,g24cfb_273,W,12.094732718800515
mistral-small-24b,g24cfb_273,Y0,9.95263205684298
mistral-small-24b,g24cfb_274,A+,99.73677962160085
mistral-small-24b,g24cfb_274,A-,2.0353917664324905
mistral-small-24b,g24cfb_274,CF+,36.388618756556895
mistral-small-24b,g24cfb_274,CF-,41.377541471710096
mistral-small-24b,g24cfb_274,I,38.44488726464982
mistral-small-24b,g24cfb_274,W,99.71665263399926
mistral-small-24b,g24cfb_274,Y0,99.6559436464278
mistral-small-24b,g24cfb_275,A+,99.77681391440555
mistral-small-24b,g24cfb_275,A-,88.33857428018034
mistral-small-24b,g24cfb_275,CF+,36.46420601921233
mistral-small-24b,g24cfb_275,CF-,39.600139949189916
mistral-small-24b,g24cfb_275,I,22.65421587234825
mistral-small-24b,g24cfb_275,W,14.56201732177005
mistral-small-24b,g24cfb_275,Y0,8.83306880303111
mistral-small-24b,g24cfb_277,A+,0.40212493251141185
mistral-small-24b,g24cfb_277,A-,79.12493821077834
mistral-small-24b,g24cfb_277,CF+,46.500112364865146
mistral-small-24b,g24cfb_277,CF-,45.406583144209776
mistral-small-24b,g24cfb_277,I,16.671501536410883
mistral-small-24b,g24cfb_277,W,36.62071930440309
mistral-small-24b,g24cfb_277,Y0,12.51641185976011
mistral-small-24b,g24cfb_281,A+,0.06623283290615803
mistral-small-24b,g24cfb_281,A-,2.4022549086639904
mistral-small-24b,g24cfb_281,CF+,10.039607123053424
mistral-small-24b,g24cfb_281,CF-,35.63529666268973
mistral-small-24b,g24cfb_281,I,4.85382759401813
mistral-small-24b,g24cfb_281,W,8.69342405156338
mistral-small-24b,g24cfb_281,Y0,3.4563033545358333
mistral-small-24b,g24cfb_283,A+,95.75490746159905
mistral-small-24b,g24cfb_283,A-,43.47891107703567
mistral-small-24b,g24cfb_283,CF+,37.281107955548435
mistral-small-24b,g24cfb_283,CF-,37.12349562753155
mistral-small-24b,g24cfb_283,I,40.24442637900818
mistral-small-24b,g24cfb_283,W,50.945341030814006
mistral-small-24b,g24cfb_283,Y0,81.19916904452336
mistral-small-24b,g24cfb_286,A+,99.87512362988792
mistral-small-24b,g24cfb_286,A-,0.03076485073098502
mistral-small-24b,g24cfb_286,CF+,32.75791671888249
mistral-small-24b,g24cfb_286,CF-,35.538931462528446
mistral-small-24b,g24cfb_286,I,27.510125485376214
mistral-small-24b,g24cfb_286,W,69.45483814059084
mistral-small-24b,g24cfb_286,Y0,87.11407921810212
mistral-small-24b,g24cfb_287,A+,85.5326067031811
mistral-small-24b,g24cfb_287,A-,0.05784645288878966
mistral-small-24b,g24cfb_287,CF+,37.61521705355233
mistral-small-24b,g24cfb_287,CF-,37.842642853434384
mistral-small-24b,g24cfb_287,I,14.088659267319187
mistral-small-24b,g24cfb_287,W,40.352518775601546
mistral-small-24b,g24cfb_287,Y0,3.365208245005686
mistral-small-24b,g24cfb_289,A+,99.92203807194429
mistral-small-24b,g24cfb_289,A-,12.111785461443537
mistral-small-24b,g24cfb_289,CF+,60.2803562093404
mistral-small-24b,g24cfb_289,CF-,48.25834068740529
mistral-small-24b,g24cfb_289,I,85.13346034677463
mistral-small-24b,g24cfb_289,W,69.90404581690292
mistral-small-24b,g24cfb_289,Y0,82.82252888341209
mistral-small-24b,g24cfb_290,A+,99.95647905901309
mistral-small-24b,g24cfb_290,A-,99.92725733173728
mistral-small-24b,g24cfb_290,CF+,86.56261437693216
mistral-small-24b,g24cfb_290,CF-,67.14432546510065
mistral-small-24b,g24cfb_290,I,10.166312264081677
mistral-small-24b,g24cfb_290,W,10.220074981564835
mistral-small-24b,g24cfb_290,Y0,94.82931762944611
mistral-small-24b,g24cfb_292,A+,99.50098353306487
mistral-small-24b,g24cfb_292,A-,88.30789393388649
mistral-small-24b,g24cfb_292,CF+,46.572783903251704
mistral-small-24b,g24cfb_292,CF-,39.8255794093529
mistral-small-24b,g24cfb_292,I,41.332397178256386
mistral-small-24b,g24cfb_292,W,32.93485846493737
mistral-small-24b,g24cfb_292,Y0,43.205735844559484
mistral-small-24b,g24cfb_293,A+,99.9111259764952
mistral-small-24b,g24cfb_293,A-,99.36038963780123
mistral-small-24b,g24cfb_293,CF+,46.7134773763756
mistral-small-24b,g24cfb_293,CF-,46.720104849305386
mistral-small-24b,g24cfb_293,I,35.554416638106304
mistral-small-24b,g24cfb_293,W,17.609657058376207
mistral-small-24b,g24cfb_293,Y0,25.617576238980075
mistral-small-24b,g24cfb_294,A+,99.47074479677752
mistral-small-24b,g24cfb_294,A-,85.583245057478
mistral-small-24b,g24cfb_294,CF+,42.232246934488145
mistral-small-24b,g24cfb_294,CF-,10.243360944518164
mistral-small-24b,g24cfb_294,I,51.693609712489106
mistral-small-24b,g24cfb_294,W,7.285440319222843
mistral-small-24b,g24cfb_294,Y0,0.27261553226198054
mistral-small-24b,g24cfb_295,A+,99.93510640959832
mistral-small-24b,g24cfb_295,A-,0.03408260349927108
mistral-small-24b,g24cfb_295,CF+,40.35121924357898
mistral-small-24b,g24cfb_295,CF-,41.49432939808483
mistral-small-24b,g24cfb_295,I,10.130377811276396
mistral-small-24b,g24cfb_295,W,2.36455704721459
mistral-small-24b,g24cfb_295,Y0,0.47969143948553433
mistral-small-24b,g24cfb_297,A+,15.066779075136045
mistral-small-24b,g24cfb_297,A-,9.6572444936651
mistral-small-24b,g24cfb_297,CF+,11.536730824344113
mistral-small-24b,g24cfb_297,CF-,11.911046796383774
mistral-small-24b,g24cfb_297,I,8.554192331627556
mistral-small-24b,g24cfb_297,W,12.731250709453734
mistral-small-24b,g24cfb_297,Y0,13.412021290173934
llama31-8b,g24cfb_000,A+,95.12100801041399
llama31-8b,g24cfb_000,A-,7.467049369949559
llama31-8b,g24cfb_000,CF+,46.78424344091365
llama31-8b,g24cfb_000,CF-,55.55412287126043
llama31-8b,g24cfb_000,I,36.93835263201108
llama31-8b,g24cfb_000,W,0.5543880831992246
llama31-8b,g24cfb_000,Y0,7.499578154230207
llama31-8b,g24cfb_001,A+,88.88858848308804
llama31-8b,g24cfb_001,A-,58.98624997937036
llama31-8b,g24cfb_001,CF+,44.44915278798828
llama31-8b,g24cfb_001,CF-,44.46958786490122
llama31-8b,g24cfb_001,I,26.537268337673613
llama31-8b,g24cfb_001,W,11.2036318598502
llama31-8b,g24cfb_001,Y0,47.58632471977652
llama31-8b,g24cfb_002,A+,98.92385073613389
llama31-8b,g24cfb_002,A-,3.9247905463003474
llama31-8b,g24cfb_002,CF+,53.7815716844934
llama31-8b,g24cfb_002,CF-,53.6917986165778
llama31-8b,g24cfb_002,I,52.19053243467336
llama31-8b,g24cfb_002,W,83.42367617034367
llama31-8b,g24cfb_002,Y0,41.3383654999862
llama31-8b,g24cfb_003,A+,96.39714988458147
llama31-8b,g24cfb_003,A-,6.651418696361068
llama31-8b,g24cfb_003,CF+,0.024200709026408473
llama31-8b,g24cfb_003,CF-,59.83850738415367
llama31-8b,g24cfb_003,I,4.801040392671772
llama31-8b,g24cfb_003,W,4.618565237312759
llama31-8b,g24cfb_003,Y0,30.159538175608063
llama31-8b,g24cfb_004,A+,96.21119791240723
llama31-8b,g24cfb_004,A-,10.382566405435393
llama31-8b,g24cfb_004,CF+,46.792572620883305
llama31-8b,g24cfb_004,CF-,52.71146818499866
llama31-8b,g24cfb_004,I,89.7437654514802
llama31-8b,g24cfb_004,W,50.228405755183935
llama31-8b,g24cfb_004,Y0,98.84792967659462
llama31-8b,g24cfb_005,A+,27.788539887912844
llama31-8b,g24cfb_005,A-,95.79399402876635
llama31-8b,g24cfb_005,CF+,66.03766189594938
llama31-8b,g24cfb_005,CF-,23.8350503601976
llama31-8b,g24cfb_005,I,15.5172065356084
llama31-8b,g24cfb_005,W,44.447372865766994
llama31-8b,g24cfb_005,Y0,8.667478765350447
llama31-8b,g24cfb_007,A+,98.13566383159257
llama31-8b,g24cfb_007,A-,8.898792084724965
llama31-8b,g24cfb_007,CF+,53.63187252598586
llama31-8b,g24cfb_007,CF-,51.78985811095257
llama31-8b,g24cfb_007,I,51.12384700614738
llama31-8b,g24cfb_007,W,98.90907164137141
llama31-8b,g24cfb_007,Y0,97.66442860574331
llama31-8b,g24cfb_008,A+,48.98590283528608
llama31-8b,g24cfb_008,A-,18.982757636352233
llama31-8b,g24cfb_008,CF+,53.75665853848455
llama31-8b,g24cfb_008,CF-,53.861066081765614
llama31-8b,g24cfb_008,I,5.927922174791243
llama31-8b,g24cfb_008,W,39.47680739776022
llama31-8b,g24cfb_008,Y0,5.179774580788862
llama31-8b,g24cfb_009,A+,94.98980544849782
llama31-8b,g24cfb_009,A-,5.2952280281857185
llama31-8b,g24cfb_009,CF+,54.8053079887189
llama31-8b,g24cfb_009,CF-,61.69642370438253
llama31-8b,g24cfb_009,I,21.249988521322237
llama31-8b,g24cfb_009,W,53.197058770873866
llama31-8b,g24cfb_009,Y0,53.46165009080209
llama31-8b,g24cfb_010,A+,7.227725727886163
llama31-8b,g24cfb_010,A-,9.97064951307782
llama31-8b,g24cfb_010,CF+,50.529825707403155
llama31-8b,g24cfb_010,CF-,79.67176667680133
llama31-8b,g24cfb_010,I,71.79839991339038
llama31-8b,g24cfb_010,W,55.552103739415415
llama31-8b,g24cfb_010,Y0,94.78597476177002
llama31-8b,g24cfb_012,A+,99.97181545093652
llama31-8b,g24cfb_012,A-,96.41175993806789
llama31-8b,g24cfb_012,CF+,87.35457235669264
llama31-8b,g24cfb_012,CF-,84.66273945998684
llama31-8b,g24cfb_012,I,83.37653423365748
llama31-8b,g24cfb_012,W,83.80801880813227
llama31-8b,g24cfb_012,Y0,90.02442667735875
llama31-8b,g24cfb_013,A+,1.1557950620191664
llama31-8b,g24cfb_013,A-,6.4889399572434066
llama31-8b,g24cfb_013,CF+,52.95992729676134
llama31-8b,g24cfb_013,CF-,55.55248381379023
llama31-8b,g24cfb_013,I,48.201421451789216
llama31-8b,g24cfb_013,W,55.55215593310663
llama31-8b,g24cfb_013,Y0,72.21725081908545
llama31-8b,g24cfb_014,A+,94.43663392305932
llama31-8b,g24cfb_014,A-,13.739547779740377
llama31-8b,g24cfb_014,CF+,29.239036625540166
llama31-8b,g24cfb_014,CF-,30.880422334064754
llama31-8b,g24cfb_014,I,49.65450546408653
llama31-8b,g24cfb_014,W,55.555123869734075
llama31-8b,g24cfb_014,Y0,43.264461397657165
llama31-8b,g24cfb_015,A+,96.96563286808366
llama31-8b,g24cfb_015,A-,4.776785932272414
llama31-8b,g24cfb_015,CF+,55.55258409294211
llama31-8b,g24cfb_015,CF-,55.54612287115698
llama31-8b,g24cfb_015,I,55.54783255222804
llama31-8b,g24cfb_015,W,55.54063648691972
llama31-8b,g24cfb_015,Y0,88.28850457234226
llama31-8b,g24cfb_016,A+,97.74862786402763
llama31-8b,g24cfb_016,A-,1.2095548821997961
llama31-8b,g24cfb_016,CF+,55.552991660051674
llama31-8b,g24cfb_016,CF-,85.55134947691907
llama31-8b,g24cfb_016,I,3.7439764886248446
llama31-8b,g24cfb_016,W,0.5057550718285795
llama31-8b,g24cfb_016,Y0,0.23944367752277584
llama31-8b,g24cfb_017,A+,96.9898730509886
llama31-8b,g24cfb_017,A-,19.602306102991523
llama31-8b,g24cfb_017,CF+,53.45675331214222
llama31-8b,g24cfb_017,CF-,44.45053849846611
llama31-8b,g24cfb_017,I,99.23268578739956
llama31-8b,g24cfb_017,W,74.80662514072905
llama31-8b,g24cfb_017,Y0,96.06288468267206
llama31-8b,g24cfb_020,A+,95.11362265089265
llama31-8b,g24cfb_020,A-,11.732207964983791
llama31-8b,g24cfb_020,CF+,44.451059318527896
llama31-8b,g24cfb_020,CF-,44.451503846124425
llama31-8b,g24cfb_020,I,55.552761937936836
llama31-8b,g24cfb_020,W,82.47761032003783
llama31-8b,g24cfb_020,Y0,89.66769707691486
llama31-8b,g24cfb_021,A+,96.9301861086276
llama31-8b,g24cfb_021,A-,88.79315177429027
llama31-8b,g24cfb_021,CF+,55.54997109791402
llama31-8b,g24cfb_021,CF-,47.74080119309928
llama31-8b,g24cfb_021,I,36.646772415544234
llama31-8b,g24cfb_021,W,51.42110830159601
llama31-8b,g24cfb_021,Y0,27.083383207154885
llama31-8b,g24cfb_022,A+,92.06103979882369
llama31-8b,g24cfb_022,A-,13.314151232421873
llama31-8b,g24cfb_022,CF+,0.2281928715466666
llama31-8b,g24cfb_022,CF-,0.0860847012553201
llama31-8b,g24cfb_022,I,0.16286214401536842
llama31-8b,g24cfb_022,W,0.05948141047544004
llama31-8b,g24cfb_022,Y0,26.950120994339734
llama31-8b,g24cfb_024,A+,96.95345850128247
llama31-8b,g24cfb_024,A-,5.447135651726288
llama31-8b,g24cfb_024,CF+,46.990050763644604
llama31-8b,g24cfb_024,CF-,51.93828799107774
llama31-8b,g24cfb_024,I,52.039583619951216
llama31-8b,g24cfb_024,W,53.11886277325706
llama31-8b,g24cfb_024,Y0,28.21483581147511
llama31-8b,g24cfb_025,A+,91.02077070463555
llama31-8b,g24cfb_025,A-,18.561963248435983
llama31-8b,g24cfb_025,CF+,0.1034569774900647
llama31-8b,g24cfb_025,CF-,18.266123111885392
llama31-8b,g24cfb_025,I,55.554826439361506
llama31-8b,g24cfb_025,W,33.00023763762627
llama31-8b,g24cfb_025,Y0,14.32109935088645
llama31-8b,g24cfb_026,A+,97.71305627227075
llama31-8b,g24cfb_026,A-,0.052550916323593794
llama31-8b,g24cfb_026,CF+,0.13708089123620873
llama31-8b,g24cfb_026,CF-,48.774233916902716
llama31-8b,g24cfb_026,I,0.3787924452250295
llama31-8b,g24cfb_026,W,55.55021464139606
llama31-8b,g24cfb_026,Y0,35.86118905943893
llama31-8b,g24cfb_027,A+,90.16798381389549
llama31-8b,g24cfb_027,A-,0.2956482972734654
llama31-8b,g24cfb_027,CF+,34.75822970428402
llama31-8b,g24cfb_027,CF-,4.295615952025042
llama31-8b,g24cfb_027,I,13.206657493444421
llama31-8b,g24cfb_027,W,50.8450469148948
llama31-8b,g24cfb_027,Y0,38.82347173020302
llama31-8b,g24cfb_028,A+,84.31699446190774
llama31-8b,g24cfb_028,A-,2.7811946650262698
llama31-8b,g24cfb_028,CF+,55.55642919632649
llama31-8b,g24cfb_028,CF-,55.55625678180221
llama31-8b,g24cfb_028,I,4.110289571327791
llama31-8b,g24cfb_028,W,0.1870286684784841
llama31-8b,g24cfb_028,Y0,37.724537590326584
llama31-8b,g24cfb_029,A+,11.729244767949806
llama31-8b,g24cfb_029,A-,8.516597294640825
llama31-8b,g24cfb_029,CF+,79.31473345650913
llama31-8b,g24cfb_029,CF-,75.30389919947505
llama31-8b,g24cfb_029,I,55.55502904279636
llama31-8b,g24cfb_029,W,88.88538298547535
llama31-8b,g24cfb_029,Y0,93.01850759395467
llama31-8b,g24cfb_030,A+,97.18826821476927
llama31-8b,g24cfb_030,A-,26.205302897952564
llama31-8b,g24cfb_030,CF+,0.1209419206856001
llama31-8b,g24cfb_030,CF-,0.10974550237069734
llama31-8b,g24cfb_030,I,81.6024554791998
llama31-8b,g24cfb_030,W,44.4437674660423
llama31-8b,g24cfb_030,Y0,55.56630821112462
llama31-8b,g24cfb_032,A+,98.14080314159888
llama31-8b,g24cfb_032,A-,7.9427472801243555
llama31-8b,g24cfb_032,CF+,55.55293865592071
llama31-8b,g24cfb_032,CF-,0.15814479911856438
llama31-8b,g24cfb_032,I,55.55520491913805
llama31-8b,g24cfb_032,W,88.88399049896758
llama31-8b,g24cfb_032,Y0,3.42230010454022
llama31-8b,g24cfb_034,A+,98.64774088866594
llama31-8b,g24cfb_034,A-,14.502058406078508
llama31-8b,g24cfb_034,CF+,44.44937377194459
llama31-8b,g24cfb_034,CF-,15.244099120574496
llama31-8b,g24cfb_034,I,44.45963421398532
llama31-8b,g24cfb_034,W,0.09276823047600204
llama31-8b,g24cfb_034,Y0,40.65803701482375
llama31-8b,g24cfb_035,A+,90.93960188988382
llama31-8b,g24cfb_035,A-,3.3911076509907163
llama31-8b,g24cfb_035,CF+,55.554330574474214
llama31-8b,g24cfb_035,CF-,44.46946062264005
llama31-8b,g24cfb_035,I,55.55438782793569
llama31-8b,g24cfb_035,W,44.446303853140094
llama31-8b,g24cfb_035,Y0,35.1972902439574
llama31-8b,g24cfb_037,A+,87.30925601983867
llama31-8b,g24cfb_037,A-,14.377101889875048
llama31-8b,g24cfb_037,CF+,0.11176888225349257
llama31-8b,g24cfb_037,CF-,0.06561736460121481
llama31-8b,g24cfb_037,I,3.986472777902142
llama31-8b,g24cfb_037,W,14.032923333738998
llama31-8b,g24cfb_037,Y0,4.278282400539891
llama31-8b,g24cfb_038,A+,97.95505229927387
llama31-8b,g24cfb_038,A-,99.40057930729682
llama31-8b,g24cfb_038,CF+,0.11070051343841202
llama31-8b,g24cfb_038,CF-,0.7535835405963938
llama31-8b,g24cfb_038,I,0.38868991303075934
llama31-8b,g24cfb_038,W,0.09016004432084496
llama31-8b,g24cfb_038,Y0,94.29619774572231
llama31-8b,g24cfb_040,A+,88.93714880609933
llama31-8b,g24cfb_040,A-,10.775525415015156
llama31-8b,g24cfb_040,CF+,44.46092040785262
llama31-8b,g24cfb_040,CF-,54.272897678322884
llama31-8b,g24cfb_040,I,88.26790570321019
llama31-8b,g24cfb_040,W,88.86778173110523
llama31-8b,g24cfb_040,Y0,86.28314723077023
llama31-8b,g24cfb_041,A+,95.72421681608196
llama31-8b,g24cfb_041,A-,2.87587909576145
llama31-8b,g24cfb_041,CF+,53.48638804819631
llama31-8b,g24cfb_041,CF-,52.162454857686356
llama31-8b,g24cfb_041,I,18.14877220739081
llama31-8b,g24cfb_041,W,44.44821372400881
llama31-8b,g24cfb_041,Y0,9.055687352468071
llama31-8b,g24cfb_042,A+,37.660541591801454
llama31-8b,g24cfb_042,A-,14.341890930477607
llama31-8b,g24cfb_042,CF+,0.5976305331249634
llama31-8b,g24cfb_042,CF-,55.54869474540712
llama31-8b,g24cfb_042,I,0.3759339330178444
llama31-8b,g24cfb_042,W,0.0960109749540351
llama31-8b,g24cfb_042,Y0,25.720750113571512
llama31-8b,g24cfb_045,A+,97.9271575157315
llama31-8b,g24cfb_045,A-,91.33418020394838
llama31-8b,g24cfb_045,CF+,82.97878593284264
llama31-8b,g24cfb_045,CF-,83.50529905229257
llama31-8b,g24cfb_045,I,0.07500862651653249
llama31-8b,g24cfb_045,W,53.63061630409255
llama31-8b,g24cfb_045,Y0,91.77549435112087
llama31-8b,g24cfb_046,A+,99.14860502284033
llama31-8b,g24cfb_046,A-,6.373311936168915
llama31-8b,g24cfb_046,CF+,55.55000634885448
llama31-8b,g24cfb_046,CF-,0.3717334615109206
llama31-8b,g24cfb_046,I,0.14111369661870396
llama31-8b,g24cfb_046,W,55.55265808540251
llama31-8b,g24cfb_046,Y0,9.870060209056994
llama31-8b,g24cfb_047,A+,96.98271623701402
llama31-8b,g24cfb_047,A-,1.5551264227993178
llama31-8b,g24cfb_047,CF+,0.09555113536194865
llama31-8b,g24cfb_047,CF-,0.7086820230450102
llama31-8b,g24cfb_047,I,0.6143444257932993
llama31-8b,g24cfb_047,W,9.74613800830707
llama31-8b,g24cfb_047,Y0,2.3727819002735653
llama31-8b,g24cfb_048,A+,88.88874356522949
llama31-8b,g24cfb_048,A-,90.22825220142929
llama31-8b,g24cfb_048,CF+,18.246204010477086
llama31-8b,g24cfb_048,CF-,87.29803803923492
llama31-8b,g24cfb_048,I,8.244065375990596
llama31-8b,g24cfb_048,W,44.44822818141957
llama31-8b,g24cfb_048,Y0,62.037651615029404
llama31-8b,g24cfb_051,A+,98.51087271784209
llama31-8b,g24cfb_051,A-,1.842015655985146
llama31-8b,g24cfb_051,CF+,55.554115895818555
llama31-8b,g24cfb_051,CF-,55.552511660894815
llama31-8b,g24cfb_051,I,55.553683451695775
llama31-8b,g24cfb_051,W,0.21070564450827706
llama31-8b,g24cfb_051,Y0,18.52432539233255
llama31-8b,g24cfb_052,A+,98.66809196671475
llama31-8b,g24cfb_052,A-,98.66577491730584
llama31-8b,g24cfb_052,CF+,55.556934834838586
llama31-8b,g24cfb_052,CF-,0.2907490716655608
llama31-8b,g24cfb_052,I,55.55376251474381
llama31-8b,g24cfb_052,W,88.88826848649029
llama31-8b,g24cfb_052,Y0,96.3868176894768
llama31-8b,g24cfb_053,A+,5.4931533995926465
llama31-8b,g24cfb_053,A-,3.8157302080820137
llama31-8b,g24cfb_053,CF+,55.55631778297708
llama31-8b,g24cfb_053,CF-,71.16054311580868
llama31-8b,g24cfb_053,I,49.5219804335168
llama31-8b,g24cfb_053,W,0.8826263693721388
llama31-8b,g24cfb_053,Y0,54.572339233359756
llama31-8b,g24cfb_054,A+,96.83214247283803
llama31-8b,g24cfb_054,A-,97.66117507993803
llama31-8b,g24cfb_054,CF+,0.11994619227198096
llama31-8b,g24cfb_054,CF-,0.11313282664042072
llama31-8b,g24cfb_054,I,0.1215475497239294
llama31-8b,g24cfb_054,W,4.572106852072928
llama31-8b,g24cfb_054,Y0,0.40521693954329774
llama31-8b,g24cfb_055,A+,97.45429672509347
llama31-8b,g24cfb_055,A-,2.1381762708101717
llama31-8b,g24cfb_055,CF+,0.43157248033432466
llama31-8b,g24cfb_055,CF-,0.14912181307810213
llama31-8b,g24cfb_055,I,45.34143728752352
llama31-8b,g24cfb_055,W,36.52949080706299
llama31-8b,g24cfb_055,Y0,0.593715903019274
llama31-8b,g24cfb_056,A+,99.13044439505744
llama31-8b,g24cfb_056,A-,94.48593561711729
llama31-8b,g24cfb_056,CF+,0.0446567974510483
llama31-8b,g24cfb_056,CF-,19.31845323017933
llama31-8b,g24cfb_056,I,0.1353471385986046
llama31-8b,g24cfb_056,W,0.22229884125143895
llama31-8b,g24cfb_056,Y0,1.7247034646973562
llama31-8b,g24cfb_058,A+,11.243205807973833
llama31-8b,g24cfb_058,A-,0.98076575866027
llama31-8b,g24cfb_058,CF+,84.82328252984996
llama31-8b,g24cfb_058,CF-,84.82838256134687
llama31-8b,g24cfb_058,I,44.4497167325272
llama31-8b,g24cfb_058,W,44.449158339954494
llama31-8b,g24cfb_058,Y0,13.881712142572455
llama31-8b,g24cfb_059,A+,21.20742514967789
llama31-8b,g24cfb_059,A-,17.38814322532854
llama31-8b,g24cfb_059,CF+,0.06286786131106964
llama31-8b,g24cfb_059,CF-,0.05622500572276144
llama31-8b,g24cfb_059,I,18.052261661086405
llama31-8b,g24cfb_059,W,44.443946771257615
llama31-8b,g24cfb_059,Y0,7.682361360269228
llama31-8b,g24cfb_060,A+,96.54942057528137
llama31-8b,g24cfb_060,A-,93.87506589953567
llama31-8b,g24cfb_060,CF+,51.48664058714245
llama31-8b,g24cfb_060,CF-,0.060039278864841804
llama31-8b,g24cfb_060,I,3.3271059701152312
llama31-8b,g24cfb_060,W,22.465716479732194
llama31-8b,g24cfb_060,Y0,0.45542510904034816
llama31-8b,g24cfb_061,A+,10.682452881034957
llama31-8b,g24cfb_061,A-,9.222058795871549
llama31-8b,g24cfb_061,CF+,54.37753806134745
llama31-8b,g24cfb_061,CF-,55.554465137761134
llama31-8b,g24cfb_061,I,0.08153386874444338
llama31-8b,g24cfb_061,W,44.45192440038331
llama31-8b,g24cfb_061,Y0,32.6289558336788
llama31-8b,g24cfb_062,A+,88.88889385198046
llama31-8b,g24cfb_062,A-,15.018342364412648
llama31-8b,g24cfb_062,CF+,81.71530203564261
llama31-8b,g24cfb_062,CF-,88.88688356234994
llama31-8b,g24cfb_062,I,55.56224548070887
llama31-8b,g24cfb_062,W,88.88735154237709
llama31-8b,g24cfb_062,Y0,92.43537058398807
llama31-8b,g24cfb_063,A+,89.89742975621537
llama31-8b,g24cfb_063,A-,88.45431289138003
llama31-8b,g24cfb_063,CF+,54.62142022374183
llama31-8b,g24cfb_063,CF-,87.76858753250444
llama31-8b,g24cfb_063,I,55.552446844656856
llama31-8b,g24cfb_063,W,55.55153186627067
llama31-8b,g24cfb_063,Y0,88.88812829727154
llama31-8b,g24cfb_065,A+,95.4924467805262
llama31-8b,g24cfb_065,A-,1.8216613490756386
llama31-8b,g24cfb_065,CF+,53.167063863729865
llama31-8b,g24cfb_065,CF-,55.55019783851028
llama31-8b,g24cfb_065,I,55.55218394893072
llama31-8b,g24cfb_065,W,55.55465831786633
llama31-8b,g24cfb_065,Y0,0.2542910830159245
llama31-8b,g24cfb_072,A+,97.9597596289816
llama31-8b,g24cfb_072,A-,15.249385659576824
llama31-8b,g24cfb_072,CF+,55.55290379935773
llama31-8b,g24cfb_072,CF-,0.2971858688668056
llama31-8b,g24cfb_072,I,55.55302831078737
llama31-8b,g24cfb_072,W,44.45185644312585
llama31-8b,g24cfb_072,Y0,91.88386805700969
llama31-8b,g24cfb_073,A+,96.09230170531953
llama31-8b,g24cfb_073,A-,20.98025462996155
llama31-8b,g24cfb_073,CF+,44.44522626428765
llama31-8b,g24cfb_073,CF-,0.1056885403314159
llama31-8b,g24cfb_073,I,44.44961914759705
llama31-8b,g24cfb_073,W,44.448311797026
llama31-8b,g24cfb_073,Y0,93.5332407400271
llama31-8b,g24cfb_074,A+,94.37846565980664
llama31-8b,g24cfb_074,A-,86.86450561965177
llama31-8b,g24cfb_074,CF+,44.450486517122435
llama31-8b,g24cfb_074,CF-,44.44845742021529
llama31-8b,g24cfb_074,I,65.72924460723434
llama31-8b,g24cfb_074,W,44.4566331608603
llama31-8b,g24cfb_074,Y0,88.8879927163854
llama31-8b,g24cfb_075,A+,95.40559316334729
llama31-8b,g24cfb_075,A-,7.1057338646249555
llama31-8b,g24cfb_075,CF+,55.555339739369025
llama31-8b,g24cfb_075,CF-,44.453594807521185
llama31-8b,g24cfb_075,I,53.638000156467776
llama31-8b,g24cfb_075,W,52.416067694342615
llama31-8b,g24cfb_075,Y0,93.9319369586669
llama31-8b,g24cfb_076,A+,98.1560112183261
llama31-8b,g24cfb_076,A-,16.963452949304596
llama31-8b,g24cfb_076,CF+,55.55264230307949
llama31-8b,g24cfb_076,CF-,84.54918201515191
llama31-8b,g24cfb_076,I,92.57928941005785
llama31-8b,g24cfb_076,W,88.88899984216994
llama31-8b,g24cfb_076,Y0,98.5148158197233
llama31-8b,g24cfb_077,A+,97.23002479064786
llama31-8b,g24cfb_077,A-,1.5059465757076658
llama31-8b,g24cfb_077,CF+,0.01282380626238346
llama31-8b,g24cfb_077,CF-,0.010847820194943096
llama31-8b,g24cfb_077,I,3.108788511804752
llama31-8b,g24cfb_077,W,0.16675632348705663
llama31-8b,g24cfb_077,Y0,0.053514454877183294
llama31-8b,g24cfb_078,A+,92.43718461580369
llama31-8b,g24cfb_078,A-,91.79197757907426
llama31-8b,g24cfb_078,CF+,44.46960366945664
llama31-8b,g24cfb_078,CF-,44.45437094409741
llama31-8b,g24cfb_078,I,2.181471801911295
llama31-8b,g24cfb_078,W,16.827729087422817
llama31-8b,g24cfb_078,Y0,11.74865055933454
llama31-8b,g24cfb_080,A+,87.37102420448116
llama31-8b,g24cfb_080,A-,10.104489908906775
llama31-8b,g24cfb_080,CF+,85.65588793180974
llama31-8b,g24cfb_080,CF-,55.000403404595346
llama31-8b,g24cfb_080,I,68.00304336342475
llama31-8b,g24cfb_080,W,62.44413323644177
llama31-8b,g24cfb_080,Y0,88.18274496503841
llama31-8b,g24cfb_082,A+,99.15074801214466
llama31-8b,g24cfb_082,A-,98.49964511896592
llama31-8b,g24cfb_082,CF+,0.31711875099113673
llama31-8b,g24cfb_082,CF-,0.28266799545161736
llama31-8b,g24cfb_082,I,0.23908457411488382
llama31-8b,g24cfb_082,W,16.421132344770527
llama31-8b,g24cfb_082,Y0,97.49067465269401
llama31-8b,g24cfb_083,A+,94.41652135192973
llama31-8b,g24cfb_083,A-,12.01173543116131
llama31-8b,g24cfb_083,CF+,17.571652690640263
llama31-8b,g24cfb_083,CF-,83.93503905311421
llama31-8b,g24cfb_083,I,55.553725917629016
llama31-8b,g24cfb_083,W,44.448328177100585
llama31-8b,g24cfb_083,Y0,62.23438785050129
llama31-8b,g24cfb_084,A+,99.70353898020464
llama31-8b,g24cfb_084,A-,93.35690462214758
llama31-8b,g24cfb_084,CF+,14.059756683400902
llama31-8b,g24cfb_084,CF-,72.29189029007199
llama31-8b,g24cfb_084,I,4.642602928571784
llama31-8b,g24cfb_084,W,10.109011475084996
llama31-8b,g24cfb_084,Y0,4.555724413548462
llama31-8b,g24cfb_087,A+,94.90522984925269
llama31-8b,g24cfb_087,A-,12.657937895380433
llama31-8b,g24cfb_087,CF+,87.85964951166733
llama31-8b,g24cfb_087,CF-,87.31508845702731
llama31-8b,g24cfb_087,I,44.45183803702529
llama31-8b,g24cfb_087,W,87.35632732938926
llama31-8b,g24cfb_087,Y0,19.381004593835975
llama31-8b,g24cfb_088,A+,17.348454275256532
llama31-8b,g24cfb_088,A-,8.645108569795415
llama31-8b,g24cfb_088,CF+,53.845655901561116
llama31-8b,g24cfb_088,CF-,64.30606578363943
llama31-8b,g24cfb_088,I,37.892996554385405
llama31-8b,g24cfb_088,W,44.44705413488331
llama31-8b,g24cfb_088,Y0,49.164049651487744
llama31-8b,g24cfb_089,A+,97.69164103105007
llama31-8b,g24cfb_089,A-,4.968834671150093
llama31-8b,g24cfb_089,CF+,55.55252981248085
llama31-8b,g24cfb_089,CF-,55.54945532646975
llama31-8b,g24cfb_089,I,91.92976864780793
llama31-8b,g24cfb_089,W,44.45513226868924
llama31-8b,g24cfb_089,Y0,50.66110051909365
llama31-8b,g24cfb_090,A+,96.71319326974805
llama31-8b,g24cfb_090,A-,38.76386599031154
llama31-8b,g24cfb_090,CF+,44.48190417142055
llama31-8b,g24cfb_090,CF-,55.55518536361997
llama31-8b,g24cfb_090,I,1.4812921358649165
llama31-8b,g24cfb_090,W,44.454150192794174
llama31-8b,g24cfb_090,Y0,92.73260483582364
llama31-8b,g24cfb_091,A+,99.54078192706653
llama31-8b,g24cfb_091,A-,10.436500010252622
llama31-8b,g24cfb_091,CF+,55.55304845338804
llama31-8b,g24cfb_091,CF-,55.55161975017467
llama31-8b,g24cfb_091,I,0.16945784162842217
llama31-8b,g24cfb_091,W,53.13660089451283
llama31-8b,g24cfb_091,Y0,97.07533022399508
llama31-8b,g24cfb_092,A+,79.12982256901532
llama31-8b,g24cfb_092,A-,89.66682107181148
llama31-8b,g24cfb_092,CF+,0.16148033236492323
llama31-8b,g24cfb_092,CF-,0.14488894364760585
llama31-8b,g24cfb_092,I,87.88776617733413
llama31-8b,g24cfb_092,W,0.05743948137410664
llama31-8b,g24cfb_092,Y0,40.03381101711841
llama31-8b,g24cfb_093,A+,97.26318891071986
llama31-8b,g24cfb_093,A-,99.93265415624641
llama31-8b,g24cfb_093,CF+,44.4522553868765
llama31-8b,g24cfb_093,CF-,44.457928794142504
llama31-8b,g24cfb_093,I,41.07877989417605
llama31-8b,g24cfb_093,W,0.12256823914142775
llama31-8b,g24cfb_093,Y0,88.88843283725362
llama31-8b,g24cfb_094,A+,97.50571505367438
llama31-8b,g24cfb_094,A-,70.71704938278287
llama31-8b,g24cfb_094,CF+,55.55244714507925
llama31-8b,g24cfb_094,CF-,55.550938851442766
llama31-8b,g24cfb_094,I,55.553254969595095
llama31-8b,g24cfb_094,W,55.55081746381672
llama31-8b,g24cfb_094,Y0,85.91569265988265
llama31-8b,g24cfb_098,A+,75.83691127850383
llama31-8b,g24cfb_098,A-,77.78073468135297
llama31-8b,g24cfb_098,CF+,70.26256709058984
llama31-8b,g24cfb_098,CF-,60.90640003676031
llama31-8b,g24cfb_098,I,44.46055000128045
llama31-8b,g24cfb_098,W,57.32484903374299
llama31-8b,g24cfb_098,Y0,88.92004732198846
llama31-8b,g24cfb_099,A+,97.25746358031626
llama31-8b,g24cfb_099,A-,2.321053494901574
llama31-8b,g24cfb_099,CF+,55.55094426529499
llama31-8b,g24cfb_099,CF-,55.551700738543204
llama31-8b,g24cfb_099,I,53.71300915056601
llama31-8b,g24cfb_099,W,55.55244557171497
llama31-8b,g24cfb_099,Y0,97.23467511114359
llama31-8b,g24cfb_100,A+,98.80412686889123
llama31-8b,g24cfb_100,A-,8.880980447051222
llama31-8b,g24cfb_100,CF+,44.45793320221665
llama31-8b,g24cfb_100,CF-,55.55097909162171
llama31-8b,g24cfb_100,I,55.55484107113143
llama31-8b,g24cfb_100,W,62.009805681564316
llama31-8b,g24cfb_100,Y0,95.42549267611524
llama31-8b,g24cfb_101,A+,3.9921576041076046
llama31-8b,g24cfb_101,A-,8.078575942406742
llama31-8b,g24cfb_101,CF+,2.69917901360597
llama31-8b,g24cfb_101,CF-,1.982525684703562
llama31-8b,g24cfb_101,I,2.6072525164534257
llama31-8b,g24cfb_101,W,1.732192150002496
llama31-8b,g24cfb_101,Y0,0.30214755852466485
llama31-8b,g24cfb_102,A+,93.68403601345719
llama31-8b,g24cfb_102,A-,1.058611109671894
llama31-8b,g24cfb_102,CF+,0.07886704339430178
llama31-8b,g24cfb_102,CF-,0.1470493867925352
llama31-8b,g24cfb_102,I,38.28465039719194
llama31-8b,g24cfb_102,W,82.64757854478734
llama31-8b,g24cfb_102,Y0,28.53702209849773
llama31-8b,g24cfb_103,A+,94.07896346550291
llama31-8b,g24cfb_103,A-,92.14114619282954
llama31-8b,g24cfb_103,CF+,44.448919711063795
llama31-8b,g24cfb_103,CF-,44.44773339088383
llama31-8b,g24cfb_103,I,66.67640136096658
llama31-8b,g24cfb_103,W,44.4514817879716
llama31-8b,g24cfb_103,Y0,70.04463797097964
llama31-8b,g24cfb_104,A+,88.89464123271584
llama31-8b,g24cfb_104,A-,88.91335857881968
llama31-8b,g24cfb_104,CF+,79.105436816024
llama31-8b,g24cfb_104,CF-,71.25733470419485
llama31-8b,g24cfb_104,I,67.20009343694585
llama31-8b,g24cfb_104,W,57.93803169068034
llama31-8b,g24cfb_104,Y0,87.1898421525408
llama31-8b,g24cfb_105,A+,93.40873764876943
llama31-8b,g24cfb_105,A-,4.014325583152851
llama31-8b,g24cfb_105,CF+,54.218470592368114
llama31-8b,g24cfb_105,CF-,54.3775491332745
llama31-8b,g24cfb_105,I,64.4567645013728
llama31-8b,g24cfb_105,W,44.45173523756942
llama31-8b,g24cfb_105,Y0,6.47775331438309
llama31-8b,g24cfb_108,A+,98.32537562024692
llama31-8b,g24cfb_108,A-,4.2017183616842555
llama31-8b,g24cfb_108,CF+,0.07992131911823569
llama31-8b,g24cfb_108,CF-,50.50688742141575
llama31-8b,g24cfb_108,I,0.04186298163969857
llama31-8b,g24cfb_108,W,0.24254645914184783
llama31-8b,g24cfb_108,Y0,5.16764904686184
llama31-8b,g24cfb_109,A+,13.294181153337412
llama31-8b,g24cfb_109,A-,92.42242930280226
llama31-8b,g24cfb_109,CF+,55.540063756691104
llama31-8b,g24cfb_109,CF-,55.547424505707454
llama31-8b,g24cfb_109,I,18.642474554902883
llama31-8b,g24cfb_109,W,54.54731436656723
llama31-8b,g24cfb_109,Y0,83.13350573739908
llama31-8b,g24cfb_111,A+,99.32248381258522
llama31-8b,g24cfb_111,A-,5.442492644644403
llama31-8b,g24cfb_111,CF+,44.47613831683887
llama31-8b,g24cfb_111,CF-,44.46339511303361
llama31-8b,g24cfb_111,I,0.9151892485199874
llama31-8b,g24cfb_111,W,39.77398583470884
llama31-8b,g24cfb_111,Y0,1.098829118037956
llama31-8b,g24cfb_112,A+,96.96801740764747
llama31-8b,g24cfb_112,A-,6.111459612016138
llama31-8b,g24cfb_112,CF+,54.4207304325779
llama31-8b,g24cfb_112,CF-,53.837222874765274
llama31-8b,g24cfb_112,I,55.5539062097581
llama31-8b,g24cfb_112,W,44.45384011828634
llama31-8b,g24cfb_112,Y0,91.76929363500783
llama31-8b,g24cfb_113,A+,95.05716036191495
llama31-8b,g24cfb_113,A-,0.46686525813637253
llama31-8b,g24cfb_113,CF+,52.13509651871942
llama31-8b,g24cfb_113,CF-,52.88594535556511
llama31-8b,g24cfb_113,I,47.31618773486735
llama31-8b,g24cfb_113,W,0.09517249406781182
llama31-8b,g24cfb_113,Y0,31.198591847963876
llama31-8b,g24cfb_116,A+,3.569900937567685
llama31-8b,g24cfb_116,A-,1.941630679721391
llama31-8b,g24cfb_116,CF+,54.986688487756375
llama31-8b,g24cfb_116,CF-,54.95391651538585
llama31-8b,g24cfb_116,I,44.453869284340755
llama31-8b,g24cfb_116,W,0.8364645390860649
llama31-8b,g24cfb_116,Y0,40.65129417148273
llama31-8b,g24cfb_117,A+,88.86794219059605
llama31-8b,g24cfb_117,A-,3.158333696267809
llama31-8b,g24cfb_117,CF+,88.88470270169245
llama31-8b,g24cfb_117,CF-,99.93927994570325
llama31-8b,g24cfb_117,I,56.00903100498821
llama31-8b,g24cfb_117,W,86.75459436011903
llama31-8b,g24cfb_117,Y0,92.40575227157021
llama31-8b,g24cfb_121,A+,88.2308890372765
llama31-8b,g24cfb_121,A-,63.13053816711772
llama31-8b,g24cfb_121,CF+,75.43506824015505
llama31-8b,g24cfb_121,CF-,77.86860430029373
llama31-8b,g24cfb_121,I,73.39134141833554
llama31-8b,g24cfb_121,W,54.19252174667959
llama31-8b,g24cfb_121,Y0,70.89329744696822
llama31-8b,g24cfb_123,A+,95.41420686834132
llama31-8b,g24cfb_123,A-,56.40585323790967
llama31-8b,g24cfb_123,CF+,55.549571716147945
llama31-8b,g24cfb_123,CF-,0.48521927042379587
llama31-8b,g24cfb_123,I,0.45797644307880997
llama31-8b,g24cfb_123,W,53.21618448894205
llama31-8b,g24cfb_123,Y0,57.61765678817244
llama31-8b,g24cfb_124,A+,96.71505409002984
llama31-8b,g24cfb_124,A-,99.14171989364239
llama31-8b,g24cfb_124,CF+,87.23029878458073
llama31-8b,g24cfb_124,CF-,87.58324493009643
llama31-8b,g24cfb_124,I,73.59710400336684
llama31-8b,g24cfb_124,W,89.31176423728816
llama31-8b,g24cfb_124,Y0,90.65252026616584
llama31-8b,g24cfb_126,A+,93.66393061554771
llama31-8b,g24cfb_126,A-,97.728743371281
llama31-8b,g24cfb_126,CF+,20.513000278540215
llama31-8b,g24cfb_126,CF-,21.141598117301285
llama31-8b,g24cfb_126,I,8.40099759538557
llama31-8b,g24cfb_126,W,44.45336342946694
llama31-8b,g24cfb_126,Y0,98.24050501251257
llama31-8b,g24cfb_127,A+,96.6937139294033
llama31-8b,g24cfb_127,A-,20.074176878405552
llama31-8b,g24cfb_127,CF+,17.680250834208284
llama31-8b,g24cfb_127,CF-,85.68845746855612
llama31-8b,g24cfb_127,I,55.55133277842584
llama31-8b,g24cfb_127,W,35.96652654954355
llama31-8b,g24cfb_127,Y0,71.77960014807746
llama31-8b,g24cfb_128,A+,95.46170252583175
llama31-8b,g24cfb_128,A-,35.717618700881495
llama31-8b,g24cfb_128,CF+,86.20736108839311
llama31-8b,g24cfb_128,CF-,88.18092574070243
llama31-8b,g24cfb_128,I,88.88762581711711
llama31-8b,g24cfb_128,W,88.74572702096204
llama31-8b,g24cfb_128,Y0,89.41127383599893
llama31-8b,g24cfb_134,A+,89.52538672336749
llama31-8b,g24cfb_134,A-,16.020593640719184
llama31-8b,g24cfb_134,CF+,82.26924205038496
llama31-8b,g24cfb_134,CF-,86.28484938776862
llama31-8b,g24cfb_134,I,73.22552659748311
llama31-8b,g24cfb_134,W,82.2537268814133
llama31-8b,g24cfb_134,Y0,67.18592008398218
llama31-8b,g24cfb_135,A+,94.79090557721321
llama31-8b,g24cfb_135,A-,96.95012867855161
llama31-8b,g24cfb_135,CF+,42.9839716523248
llama31-8b,g24cfb_135,CF-,78.92366196468771
llama31-8b,g24cfb_135,I,51.74050254097272
llama31-8b,g24cfb_135,W,52.7671197497551
llama31-8b,g24cfb_135,Y0,42.294370606269766
llama31-8b,g24cfb_136,A+,87.37038095518899
llama31-8b,g24cfb_136,A-,87.86505661105396
llama31-8b,g24cfb_136,CF+,44.44703580643311
llama31-8b,g24cfb_136,CF-,44.446865596197526
llama31-8b,g24cfb_136,I,65.38679238321342
llama31-8b,g24cfb_136,W,44.44978397742611
llama31-8b,g24cfb_136,Y0,59.40247386016214
llama31-8b,g24cfb_140,A+,89.87885847391983
llama31-8b,g24cfb_140,A-,8.174590321041503
llama31-8b,g24cfb_140,CF+,27.36849511051214
llama31-8b,g24cfb_140,CF-,87.90637502877762
llama31-8b,g24cfb_140,I,91.51600623308462
llama31-8b,g24cfb_140,W,44.44942299785728
llama31-8b,g24cfb_140,Y0,74.37657796411457
llama31-8b,g24cfb_141,A+,88.22943684495972
llama31-8b,g24cfb_141,A-,21.315577291717357
llama31-8b,g24cfb_141,CF+,0.15880211633044536
llama31-8b,g24cfb_141,CF-,0.15998427659822392
llama31-8b,g24cfb_141,I,88.88437344594496
llama31-8b,g24cfb_141,W,55.5533534654667
llama31-8b,g24cfb_141,Y0,44.41017065946226
llama31-8b,g24cfb_142,A+,97.252742041035
llama31-8b,g24cfb_142,A-,99.38900970674445
llama31-8b,g24cfb_142,CF+,88.0824758065631
llama31-8b,g24cfb_142,CF-,79.6717189626711
llama31-8b,g24cfb_142,I,57.756063985996484
llama31-8b,g24cfb_142,W,55.427090427462716
llama31-8b,g24cfb_142,Y0,94.06905988244567
llama31-8b,g24cfb_144,A+,97.19680409602395
llama31-8b,g24cfb_144,A-,20.355388608608248
llama31-8b,g24cfb_144,CF+,86.60300693881636
llama31-8b,g24cfb_144,CF-,73.20935732520697
llama31-8b,g24cfb_144,I,71.06881782552122
llama31-8b,g24cfb_144,W,44.44947935478078
llama31-8b,g24cfb_144,Y0,68.44230820332655
llama31-8b,g24cfb_145,A+,97.13632561349905
llama31-8b,g24cfb_145,A-,25.236883073940465
llama31-8b,g24cfb_145,CF+,73.10894991462645
llama31-8b,g24cfb_145,CF-,73.23667580589843
llama31-8b,g24cfb_145,I,88.87201018622451
llama31-8b,g24cfb_145,W,54.5768794871942
llama31-8b,g24cfb_145,Y0,59.0553614278892
llama31-8b,g24cfb_146,A+,95.79144872319361
llama31-8b,g24cfb_146,A-,14.938562026914305
llama31-8b,g24cfb_146,CF+,87.62494595650917
llama31-8b,g24cfb_146,CF-,88.22592550009166
llama31-8b,g24cfb_146,I,89.7412964690183
llama31-8b,g24cfb_146,W,86.72004682447569
llama31-8b,g24cfb_146,Y0,91.92076196955638
llama31-8b,g24cfb_147,A+,88.88832174317113
llama31-8b,g24cfb_147,A-,0.2493822009122258
llama31-8b,g24cfb_147,CF+,55.55381989654315
llama31-8b,g24cfb_147,CF-,21.857274610394082
llama31-8b,g24cfb_147,I,44.44965999533888
llama31-8b,g24cfb_147,W,56.39455959223527
llama31-8b,g24cfb_147,Y0,61.996162756778894
llama31-8b,g24cfb_149,A+,8.847213133765843
llama31-8b,g24cfb_149,A-,4.097287595774706
llama31-8b,g24cfb_149,CF+,55.55214102718198
llama31-8b,g24cfb_149,CF-,55.552577947649034
llama31-8b,g24cfb_149,I,33.1616188005174
llama31-8b,g24cfb_149,W,44.4522907888758
llama31-8b,g24cfb_149,Y0,3.5295279887219664
llama31-8b,g24cfb_152,A+,63.97664039498154
llama31-8b,g24cfb_152,A-,11.29618273686753
llama31-8b,g24cfb_152,CF+,52.17171353630728
llama31-8b,g24cfb_152,CF-,44.446460326995236
llama31-8b,g24cfb_152,I,88.88734606976676
llama31-8b,g24cfb_152,W,44.4499616661361
llama31-8b,g24cfb_152,Y0,88.88615140206973
llama31-8b,g24cfb_153,A+,95.4476037957629
llama31-8b,g24cfb_153,A-,9.702307678685013
llama31-8b,g24cfb_153,CF+,44.4498890540954
llama31-8b,g24cfb_153,CF-,0.03290185924804279
llama31-8b,g24cfb_153,I,55.55318530325594
llama31-8b,g24cfb_153,W,44.449237661769125
llama31-8b,g24cfb_153,Y0,85.88228945983002
llama31-8b,g24cfb_155,A+,98.50269038934655
llama31-8b,g24cfb_155,A-,12.695701674613225
llama31-8b,g24cfb_155,CF+,55.55231150790226
llama31-8b,g24cfb_155,CF-,0.08805637876309823
llama31-8b,g24cfb_155,I,0.6707013926027353
llama31-8b,g24cfb_155,W,0.3318109919856804
llama31-8b,g24cfb_155,Y0,26.74736105190636
llama31-8b,g24cfb_157,A+,99.4661842754076
llama31-8b,g24cfb_157,A-,6.490531260905937
llama31-8b,g24cfb_157,CF+,0.984806074119867
llama31-8b,g24cfb_157,CF-,55.5473405368709
llama31-8b,g24cfb_157,I,55.552399250345644
llama31-8b,g24cfb_157,W,36.95823151567722
llama31-8b,g24cfb_157,Y0,99.10144881342529
llama31-8b,g24cfb_158,A+,96.07859819885294
llama31-8b,g24cfb_158,A-,89.0515745844861
llama31-8b,g24cfb_158,CF+,0.7465240553659664
llama31-8b,g24cfb_158,CF-,55.55339805296964
llama31-8b,g24cfb_158,I,55.55462696354462
llama31-8b,g24cfb_158,W,53.82724246172149
llama31-8b,g24cfb_158,Y0,53.139167313154985
llama31-8b,g24cfb_161,A+,0.10667246404902336
llama31-8b,g24cfb_161,A-,14.40239651035556
llama31-8b,g24cfb_161,CF+,0.09198755163314781
llama31-8b,g24cfb_161,CF-,0.1567964868822252
llama31-8b,g24cfb_161,I,53.109612904057116
llama31-8b,g24cfb_161,W,84.51661995629964
llama31-8b,g24cfb_161,Y0,94.98958377985622
llama31-8b,g24cfb_163,A+,94.67802009982682
llama31-8b,g24cfb_163,A-,89.42666578298079
llama31-8b,g24cfb_163,CF+,0.833284059525589
llama31-8b,g24cfb_163,CF-,0.31833198817792036
llama31-8b,g24cfb_163,I,56.50624236672693
llama31-8b,g24cfb_163,W,9.223481896464953
llama31-8b,g24cfb_163,Y0,81.90364304958959
llama31-8b,g24cfb_165,A+,90.46360215573671
llama31-8b,g24cfb_165,A-,17.33447406270687
llama31-8b,g24cfb_165,CF+,55.55007210778808
llama31-8b,g24cfb_165,CF-,0.09145718890772132
llama31-8b,g24cfb_165,I,0.0967520540406723
llama31-8b,g24cfb_165,W,40.98644983766488
llama31-8b,g24cfb_165,Y0,51.51697220648867
llama31-8b,g24cfb_168,A+,98.93171004178107
llama31-8b,g24cfb_168,A-,6.878724045054464
llama31-8b,g24cfb_168,CF+,55.55272740413096
llama31-8b,g24cfb_168,CF-,55.55237547816322
llama31-8b,g24cfb_168,I,55.55684392699524
llama31-8b,g24cfb_168,W,46.213446894364985
llama31-8b,g24cfb_168,Y0,69.43254366918246
llama31-8b,g24cfb_169,A+,92.42296381308977
llama31-8b,g24cfb_169,A-,92.44108144950408
llama31-8b,g24cfb_169,CF+,44.4532664789927
llama31-8b,g24cfb_169,CF-,44.4537774210932
llama31-8b,g24cfb_169,I,0.035996938495112464
llama31-8b,g24cfb_169,W,67.3257695262844
llama31-8b,g24cfb_169,Y0,86.5630794863776
llama31-8b,g24cfb_170,A+,97.20926599816205
llama31-8b,g24cfb_170,A-,2.987092055759038
llama31-8b,g24cfb_170,CF+,0.08947590476314411
llama31-8b,g24cfb_170,CF-,0.08446405303095751
llama31-8b,g24cfb_170,I,80.78395437171962
llama31-8b,g24cfb_170,W,73.17062563618875
llama31-8b,g24cfb_170,Y0,97.57902859087
llama31-8b,g24cfb_172,A+,98.6154820711071
llama31-8b,g24cfb_172,A-,4.614067459724113
llama31-8b,g24cfb_172,CF+,53.96098051269897
llama31-8b,g24cfb_172,CF-,87.10941571521056
llama31-8b,g24cfb_172,I,45.342773361762255
llama31-8b,g24cfb_172,W,55.553035341295576
llama31-8b,g24cfb_172,Y0,98.74227635273411
llama31-8b,g24cfb_173,A+,97.96861978931825
llama31-8b,g24cfb_173,A-,6.267976658196208
llama31-8b,g24cfb_173,CF+,0.07143364325661887
llama31-8b,g24cfb_173,CF-,88.883222381566
llama31-8b,g24cfb_173,I,88.88860073673
llama31-8b,g24cfb_173,W,55.552357264297406
llama31-8b,g24cfb_173,Y0,78.72933561033807
llama31-8b,g24cfb_174,A+,94.61603351002586
llama31-8b,g24cfb_174,A-,77.68669352082799
llama31-8b,g24cfb_174,CF+,62.28776934153819
llama31-8b,g24cfb_174,CF-,55.55409380006616
llama31-8b,g24cfb_174,I,38.49437133174864
llama31-8b,g24cfb_174,W,57.89940990168746
llama31-8b,g24cfb_174,Y0,91.2836812786015
llama31-8b,g24cfb_176,A+,97.68879850877947
llama31-8b,g24cfb_176,A-,3.947299600610837
llama31-8b,g24cfb_176,CF+,0.14610564766495585
llama31-8b,g24cfb_176,CF-,86.71392179855937
llama31-8b,g24cfb_176,I,51.20374473388696
llama31-8b,g24cfb_176,W,55.55199027081386
llama31-8b,g24cfb_176,Y0,8.531531853764434
llama31-8b,g24cfb_177,A+,96.0499386828706
llama31-8b,g24cfb_177,A-,0.10891199060508608
llama31-8b,g24cfb_177,CF+,55.54717579965318
llama31-8b,g24cfb_177,CF-,48.030853471140695
llama31-8b,g24cfb_177,I,47.46915424543908
llama31-8b,g24cfb_177,W,44.447709993364214
llama31-8b,g24cfb_177,Y0,99.91536422099084
llama31-8b,g24cfb_178,A+,98.15336250775957
llama31-8b,g24cfb_178,A-,61.91298506499023
llama31-8b,g24cfb_178,CF+,0.10134389756260402
llama31-8b,g24cfb_178,CF-,63.097141200984815
llama31-8b,g24cfb_178,I,89.1729159199166
llama31-8b,g24cfb_178,W,88.88853190277273
llama31-8b,g24cfb_178,Y0,95.76919160990319
llama31-8b,g24cfb_179,A+,87.62729634769748
llama31-8b,g24cfb_179,A-,56.02773324566877
llama31-8b,g24cfb_179,CF+,44.447105051540944
llama31-8b,g24cfb_179,CF-,88.89202606021954
llama31-8b,g24cfb_179,I,55.55503779511386
llama31-8b,g24cfb_179,W,67.06538715868253
llama31-8b,g24cfb_179,Y0,74.18725206881209
llama31-8b,g24cfb_180,A+,96.98252560268969
llama31-8b,g24cfb_180,A-,4.200494864682749
llama31-8b,g24cfb_180,CF+,44.4520468314635
llama31-8b,g24cfb_180,CF-,80.62300445214827
llama31-8b,g24cfb_180,I,55.549998037514314
llama31-8b,g24cfb_180,W,2.9756120080677007
llama31-8b,g24cfb_180,Y0,3.9933614791880583
llama31-8b,g24cfb_181,A+,92.19936686781419
llama31-8b,g24cfb_181,A-,1.9707429416572475
llama31-8b,g24cfb_181,CF+,0.18078391006039862
llama31-8b,g24cfb_181,CF-,0.33099244684170376
llama31-8b,g24cfb_181,I,0.05308498482674508
llama31-8b,g24cfb_181,W,55.55158632854609
llama31-8b,g24cfb_181,Y0,1.5418300423743685
llama31-8b,g24cfb_182,A+,98.51530198506
llama31-8b,g24cfb_182,A-,2.136269536851167
llama31-8b,g24cfb_182,CF+,44.48722869239537
llama31-8b,g24cfb_182,CF-,56.69679850034192
llama31-8b,g24cfb_182,I,44.40096358551125
llama31-8b,g24cfb_182,W,0.21829330258634125
llama31-8b,g24cfb_182,Y0,46.8993958777727
llama31-8b,g24cfb_183,A+,98.49700546566595
llama31-8b,g24cfb_183,A-,5.098922343023674
llama31-8b,g24cfb_183,CF+,55.55372358072482
llama31-8b,g24cfb_183,CF-,55.54635832672807
llama31-8b,g24cfb_183,I,51.20736358511422
llama31-8b,g24cfb_183,W,55.55173237405158
llama31-8b,g24cfb_183,Y0,98.62302126596826
llama31-8b,g24cfb_185,A+,96.08243206145097
llama31-8b,g24cfb_185,A-,16.831106886051177
llama31-8b,g24cfb_185,CF+,0.26706039879528354
llama31-8b,g24cfb_185,CF-,0.04299072630457828
llama31-8b,g24cfb_185,I,86.47713739184704
llama31-8b,g24cfb_185,W,89.25603255259222
llama31-8b,g24cfb_185,Y0,96.2879745821937
llama31-8b,g24cfb_188,A+,89.41970439606135
llama31-8b,g24cfb_188,A-,18.11950611225207
llama31-8b,g24cfb_188,CF+,51.97001233748337
llama31-8b,g24cfb_188,CF-,64.40614336996622
llama31-8b,g24cfb_188,I,53.70829971903969
llama31-8b,g24cfb_188,W,55.55038473991331
llama31-8b,g24cfb_188,Y0,36.69116379237436
llama31-8b,g24cfb_189,A+,93.0743345850505
llama31-8b,g24cfb_189,A-,94.77820887666847
llama31-8b,g24cfb_189,CF+,49.473213514367664
llama31-8b,g24cfb_189,CF-,55.55452588761385
llama31-8b,g24cfb_189,I,45.418684774970025
llama31-8b,g24cfb_189,W,42.220073568899274
llama31-8b,g24cfb_189,Y0,27.17963392742638
llama31-8b,g24cfb_190,A+,96.67546287224938
llama31-8b,g24cfb_190,A-,6.927489231862556
llama31-8b,g24cfb_190,CF+,53.87521482345012
llama31-8b,g24cfb_190,CF-,88.88521597359872
llama31-8b,g24cfb_190,I,85.15239098734997
llama31-8b,g24cfb_190,W,88.88715352562929
llama31-8b,g24cfb_190,Y0,89.48699152843362
llama31-8b,g24cfb_191,A+,94.43165760333335
llama31-8b,g24cfb_191,A-,5.608408328999371
llama31-8b,g24cfb_191,CF+,54.530322773733005
llama31-8b,g24cfb_191,CF-,54.72175420426176
llama31-8b,g24cfb_191,I,0.27492481237769856
llama31-8b,g24cfb_191,W,0.09523971514379505
llama31-8b,g24cfb_191,Y0,55.610902550807765
llama31-8b,g24cfb_192,A+,97.26070568489133
llama31-8b,g24cfb_192,A-,17.817335311406495
llama31-8b,g24cfb_192,CF+,21.596921279531127
llama31-8b,g24cfb_192,CF-,59.94698378422634
llama31-8b,g24cfb_192,I,55.55333676608329
llama31-8b,g24cfb_192,W,44.45070908095416
llama31-8b,g24cfb_192,Y0,92.67299025832665
llama31-8b,g24cfb_195,A+,13.986744311216661
llama31-8b,g24cfb_195,A-,2.7663393248821464
llama31-8b,g24cfb_195,CF+,55.55497678559854
llama31-8b,g24cfb_195,CF-,66.65739965236509
llama31-8b,g24cfb_195,I,51.638517835050976
llama31-8b,g24cfb_195,W,0.12051688633016945
llama31-8b,g24cfb_195,Y0,0.39912164330417216
llama31-8b,g24cfb_196,A+,92.30116320960025
llama31-8b,g24cfb_196,A-,10.265262232709905
llama31-8b,g24cfb_196,CF+,44.44841910723143
llama31-8b,g24cfb_196,CF-,81.57886801237899
llama31-8b,g24cfb_196,I,88.88801742400166
llama31-8b,g24cfb_196,W,55.920424632336186
llama31-8b,g24cfb_196,Y0,88.13400786833543
llama31-8b,g24cfb_197,A+,89.47902026077742
llama31-8b,g24cfb_197,A-,87.13658673613848
llama31-8b,g24cfb_197,CF+,44.44966058252404
llama31-8b,g24cfb_197,CF-,44.45357523241746
llama31-8b,g24cfb_197,I,17.82826910296722
llama31-8b,g24cfb_197,W,20.671731755325737
llama31-8b,g24cfb_197,Y0,36.32680442794319
llama31-8b,g24cfb_198,A+,96.40666729627587
llama31-8b,g24cfb_198,A-,96.32462400776842
llama31-8b,g24cfb_198,CF+,52.86070498263556
llama31-8b,g24cfb_198,CF-,55.550753755545756
llama31-8b,g24cfb_198,I,48.37731720120616
llama31-8b,g24cfb_198,W,46.968649282152995
llama31-8b,g24cfb_198,Y0,93.51302511506256
llama31-8b,g24cfb_200,A+,7.532545295761058
llama31-8b,g24cfb_200,A-,7.872121134053899
llama31-8b,g24cfb_200,CF+,53.42997149406377
llama31-8b,g24cfb_200,CF-,53.60320954244726
llama31-8b,g24cfb_200,I,1.6096985049672774
llama31-8b,g24cfb_200,W,2.7315073066986835
llama31-8b,g24cfb_200,Y0,3.141427357267847
llama31-8b,g24cfb_201,A+,97.95447632336338
llama31-8b,g24cfb_201,A-,14.607832025076382
llama31-8b,g24cfb_201,CF+,0.5044296724873341
llama31-8b,g24cfb_201,CF-,55.55499635019418
llama31-8b,g24cfb_201,I,31.723706430512454
llama31-8b,g24cfb_201,W,0.14527459374853915
llama31-8b,g24cfb_201,Y0,94.29451224548372
llama31-8b,g24cfb_202,A+,93.52659174729686
llama31-8b,g24cfb_202,A-,4.851430579741922
llama31-8b,g24cfb_202,CF+,6.655759028137991
llama31-8b,g24cfb_202,CF-,0.045505235980846354
llama31-8b,g24cfb_202,I,6.357266045037056
llama31-8b,g24cfb_202,W,6.622620468197201
llama31-8b,g24cfb_202,Y0,3.3498977400736227
llama31-8b,g24cfb_203,A+,99.32668371785266
llama31-8b,g24cfb_203,A-,3.88414922351508
llama31-8b,g24cfb_203,CF+,51.17045898308329
llama31-8b,g24cfb_203,CF-,55.55042244323164
llama31-8b,g24cfb_203,I,0.6552629987973365
llama31-8b,g24cfb_203,W,0.4013721024551006
llama31-8b,g24cfb_203,Y0,64.85070709691693
llama31-8b,g24cfb_206,A+,99.19546700850069
llama31-8b,g24cfb_206,A-,2.295172263491715
llama31-8b,g24cfb_206,CF+,55.54835908837027
llama31-8b,g24cfb_206,CF-,55.54454968331708
llama31-8b,g24cfb_206,I,52.22000786557251
llama31-8b,g24cfb_206,W,52.898213954533674
llama31-8b,g24cfb_206,Y0,0.31666006858946344
llama31-8b,g24cfb_207,A+,13.988064198669104
llama31-8b,g24cfb_207,A-,27.774772881695
llama31-8b,g24cfb_207,CF+,0.053108094888209376
llama31-8b,g24cfb_207,CF-,0.09947328397500499
llama31-8b,g24cfb_207,I,0.07287321816138165
llama31-8b,g24cfb_207,W,44.44906222264041
llama31-8b,g24cfb_207,Y0,39.418738843346624
llama31-8b,g24cfb_208,A+,97.11556461531416
llama31-8b,g24cfb_208,A-,98.8303821178737
llama31-8b,g24cfb_208,CF+,44.45541308985645
llama31-8b,g24cfb_208,CF-,44.45134251922373
llama31-8b,g24cfb_208,I,51.98308010995347
llama31-8b,g24cfb_208,W,4.096387289720067
llama31-8b,g24cfb_208,Y0,97.15300600333339
llama31-8b,g24cfb_210,A+,93.61813492611542
llama31-8b,g24cfb_210,A-,89.61393617928513
llama31-8b,g24cfb_210,CF+,55.549619823026006
llama31-8b,g24cfb_210,CF-,0.08886372896462083
llama31-8b,g24cfb_210,I,10.75696274923159
llama31-8b,g24cfb_210,W,37.19230464957896
llama31-8b,g24cfb_210,Y0,58.87433314025739
llama31-8b,g24cfb_211,A+,44.4420904143691
llama31-8b,g24cfb_211,A-,44.443784751196795
llama31-8b,g24cfb_211,CF+,74.21604456561431
llama31-8b,g24cfb_211,CF-,73.9807702867941
llama31-8b,g24cfb_211,I,79.29415468246172
llama31-8b,g24cfb_211,W,82.40154627310166
llama31-8b,g24cfb_211,Y0,96.67004377103409
llama31-8b,g24cfb_212,A+,95.10792972476978
llama31-8b,g24cfb_212,A-,90.75299063495419
llama31-8b,g24cfb_212,CF+,49.90689476246303
llama31-8b,g24cfb_212,CF-,44.441723423697304
llama31-8b,g24cfb_212,I,3.3529319253054553
llama31-8b,g24cfb_212,W,49.01797418078471
llama31-8b,g24cfb_212,Y0,0.4213835309416472
llama31-8b,g24cfb_213,A+,97.16535256157403
llama31-8b,g24cfb_213,A-,0.28841701650331436
llama31-8b,g24cfb_213,CF+,55.553055131126044
llama31-8b,g24cfb_213,CF-,55.54623408843857
llama31-8b,g24cfb_213,I,88.88563549881034
llama31-8b,g24cfb_213,W,55.55404609880725
llama31-8b,g24cfb_213,Y0,78.7546042323018
llama31-8b,g24cfb_216,A+,98.50853459680131
llama31-8b,g24cfb_216,A-,91.19945247604579
llama31-8b,g24cfb_216,CF+,0.18962672853345666
llama31-8b,g24cfb_216,CF-,0.3670377899797662
llama31-8b,g24cfb_216,I,55.552653044579884
llama31-8b,g24cfb_216,W,51.734063978389926
llama31-8b,g24cfb_216,Y0,54.38050458800672
llama31-8b,g24cfb_217,A+,98.10720593135198
llama31-8b,g24cfb_217,A-,6.426116975199956
llama31-8b,g24cfb_217,CF+,0.34636606539544607
llama31-8b,g24cfb_217,CF-,0.37621115077566786
llama31-8b,g24cfb_217,I,0.39970475582073667
llama31-8b,g24cfb_217,W,0.1454766262898435
llama31-8b,g24cfb_217,Y0,3.8554393390759825
llama31-8b,g24cfb_218,A+,9.629730074028588
llama31-8b,g24cfb_218,A-,6.88804751979104
llama31-8b,g24cfb_218,CF+,79.20063233954018
llama31-8b,g24cfb_218,CF-,78.70399422221571
llama31-8b,g24cfb_218,I,52.44828754688828
llama31-8b,g24cfb_218,W,55.55026320461065
llama31-8b,g24cfb_218,Y0,42.15064783993776
llama31-8b,g24cfb_219,A+,96.41094228795562
llama31-8b,g24cfb_219,A-,9.189405149574263
llama31-8b,g24cfb_219,CF+,0.1737094567261973
llama31-8b,g24cfb_219,CF-,0.0679520139209426
llama31-8b,g24cfb_219,I,86.19907857737897
llama31-8b,g24cfb_219,W,44.45166388266006
llama31-8b,g24cfb_219,Y0,33.77145802144479
llama31-8b,g24cfb_222,A+,96.10171267371969
llama31-8b,g24cfb_222,A-,10.209331561813933
llama31-8b,g24cfb_222,CF+,53.498184370127255
llama31-8b,g24cfb_222,CF-,55.55502939182377
llama31-8b,g24cfb_222,I,55.554878535638615
llama31-8b,g24cfb_222,W,55.552961411778874
llama31-8b,g24cfb_222,Y0,52.14293623479124
llama31-8b,g24cfb_223,A+,95.7574261234401
llama31-8b,g24cfb_223,A-,17.39518713887631
llama31-8b,g24cfb_223,CF+,44.445277594292094
llama31-8b,g24cfb_223,CF-,44.44686117557107
llama31-8b,g24cfb_223,I,0.10921002061163947
llama31-8b,g24cfb_223,W,44.45164986242574
llama31-8b,g24cfb_223,Y0,56.52792928271861
llama31-8b,g24cfb_224,A+,58.207501294529884
llama31-8b,g24cfb_224,A-,7.736749055773937
llama31-8b,g24cfb_224,CF+,22.25723518306783
llama31-8b,g24cfb_224,CF-,85.28705269231997
llama31-8b,g24cfb_224,I,48.26228059504102
llama31-8b,g24cfb_224,W,0.12127975764748146
llama31-8b,g24cfb_224,Y0,19.808258012629867
llama31-8b,g24cfb_226,A+,9.612154835379455
llama31-8b,g24cfb_226,A-,18.8390715515068
llama31-8b,g24cfb_226,CF+,83.62898118295911
llama31-8b,g24cfb_226,CF-,55.55377016851334
llama31-8b,g24cfb_226,I,88.88755559173767
llama31-8b,g24cfb_226,W,22.0694428165834
llama31-8b,g24cfb_226,Y0,10.860339166208975
llama31-8b,g24cfb_227,A+,94.03307871279998
llama31-8b,g24cfb_227,A-,14.748439523373394
llama31-8b,g24cfb_227,CF+,19.97241559252025
llama31-8b,g24cfb_227,CF-,0.0798786615396559
llama31-8b,g24cfb_227,I,50.415686772549435
llama31-8b,g24cfb_227,W,44.44768240888389
llama31-8b,g24cfb_227,Y0,91.7121173354285
llama31-8b,g24cfb_228,A+,92.93406015382843
llama31-8b,g24cfb_228,A-,25.484883863090595
llama31-8b,g24cfb_228,CF+,44.9464022896893
llama31-8b,g24cfb_228,CF-,83.55503249058899
llama31-8b,g24cfb_228,I,45.857514884020034
llama31-8b,g24cfb_228,W,49.130641541900246
llama31-8b,g24cfb_228,Y0,84.12833806938755
llama31-8b,g24cfb_229,A+,93.58413283936271
llama31-8b,g24cfb_229,A-,12.075268184672913
llama31-8b,g24cfb_229,CF+,9.486882796570951
llama31-8b,g24cfb_229,CF-,88.71367293911024
llama31-8b,g24cfb_229,I,14.823073792164116
llama31-8b,g24cfb_229,W,44.44924014988838
llama31-8b,g24cfb_229,Y0,20.70707217711219
llama31-8b,g24cfb_230,A+,97.50509776481272
llama31-8b,g24cfb_230,A-,5.024168506354391
llama31-8b,g24cfb_230,CF+,55.5467809973505
llama31-8b,g24cfb_230,CF-,0.33972495933579056
llama31-8b,g24cfb_230,I,48.84759455696372
llama31-8b,g24cfb_230,W,44.45302128341002
llama31-8b,g24cfb_230,Y0,41.688718273805094
llama31-8b,g24cfb_231,A+,98.8750985398703
llama31-8b,g24cfb_231,A-,6.211182681487498
llama31-8b,g24cfb_231,CF+,44.14761090069618
llama31-8b,g24cfb_231,CF-,45.95039524661335
llama31-8b,g24cfb_231,I,44.33427532975438
llama31-8b,g24cfb_231,W,0.09046847699178193
llama31-8b,g24cfb_231,Y0,0.09639281655435895
llama31-8b,g24cfb_232,A+,91.79279029299039
llama31-8b,g24cfb_232,A-,12.953505520324496
llama31-8b,g24cfb_232,CF+,12.483022894253155
llama31-8b,g24cfb_232,CF-,11.852938512471319
llama31-8b,g24cfb_232,I,0.041829300681975636
llama31-8b,g24cfb_232,W,9.639646120027404
llama31-8b,g24cfb_232,Y0,7.358156902180683
llama31-8b,g24cfb_233,A+,99.98606694699384
llama31-8b,g24cfb_233,A-,88.88987982650673
llama31-8b,g24cfb_233,CF+,0.300026953795023
llama31-8b,g24cfb_233,CF-,0.26441964927059003
llama31-8b,g24cfb_233,I,55.547588013330575
llama31-8b,g24cfb_233,W,55.55273017442275
llama31-8b,g24cfb_233,Y0,40.292001161012315
llama31-8b,g24cfb_234,A+,93.86120772257352
llama31-8b,g24cfb_234,A-,94.0040079143473
llama31-8b,g24cfb_234,CF+,44.463210831704785
llama31-8b,g24cfb_234,CF-,44.46087101748891
llama31-8b,g24cfb_234,I,49.97785534344735
llama31-8b,g24cfb_234,W,44.45705021891281
llama31-8b,g24cfb_234,Y0,98.46611855694286
llama31-8b,g24cfb_236,A+,96.07313973817335
llama31-8b,g24cfb_236,A-,0.14834312792983442
llama31-8b,g24cfb_236,CF+,44.48470425818654
llama31-8b,g24cfb_236,CF-,71.23394315189057
llama31-8b,g24cfb_236,I,87.82213553960717
llama31-8b,g24cfb_236,W,88.88854806778595
llama31-8b,g24cfb_236,Y0,92.716470926775
llama31-8b,g24cfb_237,A+,91.48783096077383
llama31-8b,g24cfb_237,A-,88.92514962678534
llama31-8b,g24cfb_237,CF+,44.47185775207094
llama31-8b,g24cfb_237,CF-,44.471146169117645
llama31-8b,g24cfb_237,I,86.5801181623952
llama31-8b,g24cfb_237,W,44.448737064848
llama31-8b,g24cfb_237,Y0,44.45569544984559
llama31-8b,g24cfb_239,A+,8.369448453236298
llama31-8b,g24cfb_239,A-,10.078997794851855
llama31-8b,g24cfb_239,CF+,44.455653880895746
llama31-8b,g24cfb_239,CF-,0.06725991919812968
llama31-8b,g24cfb_239,I,55.55224775932404
llama31-8b,g24cfb_239,W,62.42151270837547
llama31-8b,g24cfb_239,Y0,87.97559834706317
llama31-8b,g24cfb_240,A+,93.6409312416163
llama31-8b,g24cfb_240,A-,90.80421284268084
llama31-8b,g24cfb_240,CF+,44.45733060240379
llama31-8b,g24cfb_240,CF-,44.456982561512525
llama31-8b,g24cfb_240,I,55.542302716067354
llama31-8b,g24cfb_240,W,55.55370589158766
llama31-8b,g24cfb_240,Y0,57.503559510933
llama31-8b,g24cfb_245,A+,59.52823165991315
llama31-8b,g24cfb_245,A-,56.11641011788866
llama31-8b,g24cfb_245,CF+,50.9570644957279
llama31-8b,g24cfb_245,CF-,88.15120324299367
llama31-8b,g24cfb_245,I,39.375789288477364
llama31-8b,g24cfb_245,W,48.62744557983555
llama31-8b,g24cfb_245,Y0,88.59729356634588
llama31-8b,g24cfb_246,A+,91.1627890916535
llama31-8b,g24cfb_246,A-,90.35495506137775
llama31-8b,g24cfb_246,CF+,0.2492852032372024
llama31-8b,g24cfb_246,CF-,0.36006956785685396
llama31-8b,g24cfb_246,I,0.2626285359102565
llama31-8b,g24cfb_246,W,0.5041588319179995
llama31-8b,g24cfb_246,Y0,99.98085601375588
llama31-8b,g24cfb_248,A+,94.39569045954052
llama31-8b,g24cfb_248,A-,91.79841360451428
llama31-8b,g24cfb_248,CF+,55.55338169703479
llama31-8b,g24cfb_248,CF-,0.15212697765071545
llama31-8b,g24cfb_248,I,48.83515360073361
llama31-8b,g24cfb_248,W,55.55516270930654
llama31-8b,g24cfb_248,Y0,53.85942963623682
llama31-8b,g24cfb_249,A+,96.3180786838324
llama31-8b,g24cfb_249,A-,4.457834582895889
llama31-8b,g24cfb_249,CF+,22.22624086195515
llama31-8b,g24cfb_249,CF-,0.01468932370587064
llama31-8b,g24cfb_249,I,4.551378045513511
llama31-8b,g24cfb_249,W,1.889629070556687
llama31-8b,g24cfb_249,Y0,0.34367784860250516
llama31-8b,g24cfb_250,A+,99.4677967217702
llama31-8b,g24cfb_250,A-,93.48145296665301
llama31-8b,g24cfb_250,CF+,0.15599252128831917
llama31-8b,g24cfb_250,CF-,0.10205001416123465
llama31-8b,g24cfb_250,I,55.55396387672627
llama31-8b,g24cfb_250,W,44.45955243889116
llama31-8b,g24cfb_250,Y0,0.19426627577808542
llama31-8b,g24cfb_253,A+,11.873637405084216
llama31-8b,g24cfb_253,A-,96.98309144337613
llama31-8b,g24cfb_253,CF+,66.66517446637472
llama31-8b,g24cfb_253,CF-,66.23130411378591
llama31-8b,g24cfb_253,I,55.55464694318458
llama31-8b,g24cfb_253,W,54.76754052787308
llama31-8b,g24cfb_253,Y0,89.3818692711542
llama31-8b,g24cfb_254,A+,98.51475621093158
llama31-8b,g24cfb_254,A-,13.87885984262561
llama31-8b,g24cfb_254,CF+,44.45101464919465
llama31-8b,g24cfb_254,CF-,55.5493663156462
llama31-8b,g24cfb_254,I,55.55680291604197
llama31-8b,g24cfb_254,W,91.05233900797022
llama31-8b,g24cfb_254,Y0,96.99307481642415
llama31-8b,g24cfb_255,A+,8.230134205750964
llama31-8b,g24cfb_255,A-,10.560327000660312
llama31-8b,g24cfb_255,CF+,23.053300966340274
llama31-8b,g24cfb_255,CF-,87.30189677869502
llama31-8b,g24cfb_255,I,15.938226823333464
llama31-8b,g24cfb_255,W,0.10137092612448496
llama31-8b,g24cfb_255,Y0,44.73259382411189
llama31-8b,g24cfb_256,A+,9.160070048910134
llama31-8b,g24cfb_256,A-,6.525193523447292
llama31-8b,g24cfb_256,CF+,46.2437843971155
llama31-8b,g24cfb_256,CF-,0.1740817663445357
llama31-8b,g24cfb_256,I,4.7472533913371
llama31-8b,g24cfb_256,W,15.733057060842116
llama31-8b,g24cfb_256,Y0,6.618082574038205
llama31-8b,g24cfb_258,A+,97.68910203866393
llama31-8b,g24cfb_258,A-,96.26579612209635
llama31-8b,g24cfb_258,CF+,44.44849271339346
llama31-8b,g24cfb_258,CF-,44.453069170317015
llama31-8b,g24cfb_258,I,44.46225477952592
llama31-8b,g24cfb_258,W,51.461910135841016
llama31-8b,g24cfb_258,Y0,92.3205418776087
llama31-8b,g24cfb_259,A+,0.7106438372394481
llama31-8b,g24cfb_259,A-,2.845314298944827
llama31-8b,g24cfb_259,CF+,1.9543243603043265
llama31-8b,g24cfb_259,CF-,1.9219165815214911
llama31-8b,g24cfb_259,I,0.4476266335290238
llama31-8b,g24cfb_259,W,0.7423236818426785
llama31-8b,g24cfb_259,Y0,0.2511788298678089
llama31-8b,g24cfb_260,A+,96.11958073608763
llama31-8b,g24cfb_260,A-,1.6604617308748066
llama31-8b,g24cfb_260,CF+,0.2859552155677474
llama31-8b,g24cfb_260,CF-,27.5856410342504
llama31-8b,g24cfb_260,I,55.55814102093179
llama31-8b,g24cfb_260,W,88.8888426186746
llama31-8b,g24cfb_260,Y0,98.66851079038399
llama31-8b,g24cfb_261,A+,91.01000802845397
llama31-8b,g24cfb_261,A-,6.031113196353346
llama31-8b,g24cfb_261,CF+,0.20260070638048855
llama31-8b,g24cfb_261,CF-,0.11166571039728636
llama31-8b,g24cfb_261,I,44.22374459275985
llama31-8b,g24cfb_261,W,47.976713280354716
llama31-8b,g24cfb_261,Y0,21.743862679630794
llama31-8b,g24cfb_262,A+,98.78880142259553
llama31-8b,g24cfb_262,A-,9.814054287755155
llama31-8b,g24cfb_262,CF+,55.55184761171939
llama31-8b,g24cfb_262,CF-,35.22120055776394
llama31-8b,g24cfb_262,I,0.24682778733667168
llama31-8b,g24cfb_262,W,54.90734039329872
llama31-8b,g24cfb_262,Y0,88.29036410245382
llama31-8b,g24cfb_263,A+,92.70577731529583
llama31-8b,g24cfb_263,A-,91.1892504724133
llama31-8b,g24cfb_263,CF+,44.459586513671375
llama31-8b,g24cfb_263,CF-,44.44976259167615
llama31-8b,g24cfb_263,I,88.87901155597137
llama31-8b,g24cfb_263,W,48.95392869840916
llama31-8b,g24cfb_263,Y0,88.3525247649488
llama31-8b,g24cfb_264,A+,14.744543987436991
llama31-8b,g24cfb_264,A-,14.975722977124995
llama31-8b,g24cfb_264,CF+,86.77590442069402
llama31-8b,g24cfb_264,CF-,86.56491357354145
llama31-8b,g24cfb_264,I,87.02022812106816
llama31-8b,g24cfb_264,W,87.99317537077593
llama31-8b,g24cfb_264,Y0,0.19229483489784222
llama31-8b,g24cfb_265,A+,98.80912136708679
llama31-8b,g24cfb_265,A-,3.4386973396200284
llama31-8b,g24cfb_265,CF+,55.551547642919964
llama31-8b,g24cfb_265,CF-,55.553080235936186
llama31-8b,g24cfb_265,I,0.3176620168369634
llama31-8b,g24cfb_265,W,55.550953664530965
llama31-8b,g24cfb_265,Y0,1.208246749127726
llama31-8b,g24cfb_269,A+,92.34650045071888
llama31-8b,g24cfb_269,A-,8.980582334568256
llama31-8b,g24cfb_269,CF+,66.66699584654057
llama31-8b,g24cfb_269,CF-,66.66418849649014
llama31-8b,g24cfb_269,I,0.16533478994927497
llama31-8b,g24cfb_269,W,47.2929190112323
llama31-8b,g24cfb_269,Y0,44.44794057707846
llama31-8b,g24cfb_270,A+,8.458269734922498
llama31-8b,g24cfb_270,A-,2.7467791599390337
llama31-8b,g24cfb_270,CF+,53.40943085598034
llama31-8b,g24cfb_270,CF-,51.34989817550259
llama31-8b,g24cfb_270,I,49.512132705766035
llama31-8b,g24cfb_270,W,13.856632123989865
llama31-8b,g24cfb_270,Y0,1.2238357065160927
llama31-8b,g24cfb_272,A+,97.2670449217614
llama31-8b,g24cfb_272,A-,95.71770239797503
llama31-8b,g24cfb_272,CF+,54.08813327166101
llama31-8b,g24cfb_272,CF-,44.466266199200135
llama31-8b,g24cfb_272,I,87.05100178159938
llama31-8b,g24cfb_272,W,88.88780801965889
llama31-8b,g24cfb_272,Y0,95.43006079225216
llama31-8b,g24cfb_273,A+,94.93492933905947
llama31-8b,g24cfb_273,A-,22.66699718705941
llama31-8b,g24cfb_273,CF+,14.602101264510246
llama31-8b,g24cfb_273,CF-,77.70407576200716
llama31-8b,g24cfb_273,I,10.494578709412746
llama31-8b,g24cfb_273,W,39.10969609558137
llama31-8b,g24cfb_273,Y0,5.440942499076817
llama31-8b,g24cfb_274,A+,93.83340224402868
llama31-8b,g24cfb_274,A-,8.390586899731867
llama31-8b,g24cfb_274,CF+,53.56920721618024
llama31-8b,g24cfb_274,CF-,52.46445651649614
llama31-8b,g24cfb_274,I,55.554308294000535
llama31-8b,g24cfb_274,W,33.226277882248354
llama31-8b,g24cfb_274,Y0,14.328604891165718
llama31-8b,g24cfb_275,A+,99.98930086034984
llama31-8b,g24cfb_275,A-,10.728543444073722
llama31-8b,g24cfb_275,CF+,53.43064268358709
llama31-8b,g24cfb_275,CF-,0.07983178549783189
llama31-8b,g24cfb_275,I,55.55013726294969
llama31-8b,g24cfb_275,W,55.55323215372841
llama31-8b,g24cfb_275,Y0,27.46673703436788
llama31-8b,g24cfb_277,A+,97.95741671412836
llama31-8b,g24cfb_277,A-,66.93274403598883
llama31-8b,g24cfb_277,CF+,24.94165200012665
llama31-8b,g24cfb_277,CF-,20.84064118376313
llama31-8b,g24cfb_277,I,23.379436365410807
llama31-8b,g24cfb_277,W,21.921574268538773
llama31-8b,g24cfb_277,Y0,33.09152031467332
llama31-8b,g24cfb_281,A+,98.14406271871229
llama31-8b,g24cfb_281,A-,7.053995534000652
llama31-8b,g24cfb_281,CF+,1.0334922288227915
llama31-8b,g24cfb_281,CF-,0.45753113609310564
llama31-8b,g24cfb_281,I,34.97973221887593
llama31-8b,g24cfb_281,W,45.27453813564651
llama31-8b,g24cfb_281,Y0,8.79747189127784
llama31-8b,g24cfb_283,A+,88.88852094659117
llama31-8b,g24cfb_283,A-,44.44758291882253
llama31-8b,g24cfb_283,CF+,44.45457314644708
llama31-8b,g24cfb_283,CF-,88.88609187111611
llama31-8b,g24cfb_283,I,86.14052336084546
llama31-8b,g24cfb_283,W,44.45240366606904
llama31-8b,g24cfb_283,Y0,91.56437629332862
llama31-8b,g24cfb_286,A+,99.58150144099007
llama31-8b,g24cfb_286,A-,2.1544291127081556
llama31-8b,g24cfb_286,CF+,55.553444125087076
llama31-8b,g24cfb_286,CF-,55.77834964253179
llama31-8b,g24cfb_286,I,44.2480629910909
llama31-8b,g24cfb_286,W,55.55366294294148
llama31-8b,g24cfb_286,Y0,33.91382764834973
llama31-8b,g24cfb_287,A+,74.55097888656364
llama31-8b,g24cfb_287,A-,13.162110327477963
llama31-8b,g24cfb_287,CF+,40.80055526197326
llama31-8b,g24cfb_287,CF-,0.03926573515023262
llama31-8b,g24cfb_287,I,44.37047399858372
llama31-8b,g24cfb_287,W,51.7538559132218
llama31-8b,g24cfb_287,Y0,28.721412728457217
llama31-8b,g24cfb_289,A+,94.99555169290358
llama31-8b,g24cfb_289,A-,6.849837282462316
llama31-8b,g24cfb_289,CF+,86.03175071055956
llama31-8b,g24cfb_289,CF-,85.89173498753411
llama31-8b,g24cfb_289,I,77.62837286497206
llama31-8b,g24cfb_289,W,44.449021263788254
llama31-8b,g24cfb_289,Y0,55.65318991824914
llama31-8b,g24cfb_290,A+,12.60745186033487
llama31-8b,g24cfb_290,A-,87.45761000715123
llama31-8b,g24cfb_290,CF+,51.06469623767525
llama31-8b,g24cfb_290,CF-,50.02705284019129
llama31-8b,g24cfb_290,I,0.13408597191489205
llama31-8b,g24cfb_290,W,44.03699761393842
llama31-8b,g24cfb_290,Y0,7.515114791252212
llama31-8b,g24cfb_292,A+,85.15389399409405
llama31-8b,g24cfb_292,A-,64.00134799127665
llama31-8b,g24cfb_292,CF+,53.842734392641844
llama31-8b,g24cfb_292,CF-,54.91296055331414
llama31-8b,g24cfb_292,I,57.117334605972786
llama31-8b,g24cfb_292,W,57.42049160733269
llama31-8b,g24cfb_292,Y0,87.36242193449753
llama31-8b,g24cfb_293,A+,93.2435615218949
llama31-8b,g24cfb_293,A-,93.50107663574241
llama31-8b,g24cfb_293,CF+,44.45030105552452
llama31-8b,g24cfb_293,CF-,44.44915643864691
llama31-8b,g24cfb_293,I,59.69469064104371
llama31-8b,g24cfb_293,W,21.652302776082372
llama31-8b,g24cfb_293,Y0,60.01801105987491
llama31-8b,g24cfb_294,A+,93.53241343485355
llama31-8b,g24cfb_294,A-,87.6089697176323
llama31-8b,g24cfb_294,CF+,53.96045516969675
llama31-8b,g24cfb_294,CF-,53.4570544347653
llama31-8b,g24cfb_294,I,88.88724476521342
llama31-8b,g24cfb_294,W,87.2191659077818
llama31-8b,g24cfb_294,Y0,92.00026476482827
llama31-8b,g24cfb_295,A+,96.715258482289
llama31-8b,g24cfb_295,A-,2.165216571951744
llama31-8b,g24cfb_295,CF+,29.348357751525114
llama31-8b,g24cfb_295,CF-,77.76496967525615
llama31-8b,g24cfb_295,I,55.55385014354359
llama31-8b,g24cfb_295,W,0.40203617808668396
llama31-8b,g24cfb_295,Y0,0.8774470580335071
llama31-8b,g24cfb_297,A+,90.20372902030509
llama31-8b,g24cfb_297,A-,96.30522669665896
llama31-8b,g24cfb_297,CF+,43.100977408156574
llama31-8b,g24cfb_297,CF-,0.08601563693931576
llama31-8b,g24cfb_297,I,45.361225970178964
llama31-8b,g24cfb_297,W,7.041111310319746
llama31-8b,g24cfb_297,Y0,7.6087784988580545
qwen3-8b,g24cfb_000,A+,99.9999999999963
qwen3-8b,g24cfb_000,A-,2.0036625712769602
qwen3-8b,g24cfb_000,CF+,4.4372593299518104e-05
qwen3-8b,g24cfb_000,CF-,0.14565161732791512
qwen3-8b,g24cfb_000,I,0.050157785991422864
qwen3-8b,g24cfb_000,W,0.1861910961786856
qwen3-8b,g24cfb_000,Y0,0.010494263966975942
qwen3-8b,g24cfb_001,A+,99.99996762400951
qwen3-8b,g24cfb_001,A-,33.66150271912301
qwen3-8b,g24cfb_001,CF+,33.33241648579772
qwen3-8b,g24cfb_001,CF-,33.33109481526449
qwen3-8b,g24cfb_001,I,0.22312219659950594
qwen3-8b,g24cfb_001,W,33.37858701922665
qwen3-8b,g24cfb_001,Y0,44.876264881544365
qwen3-8b,g24cfb_002,A+,99.99999995144543
qwen3-8b,g24cfb_002,A-,0.0005427034454890256
qwen3-8b,g24cfb_002,CF+,48.63513174885602
qwen3-8b,g24cfb_002,CF-,34.00665671686617
qwen3-8b,g24cfb_002,I,97.7634060003373
qwen3-8b,g24cfb_002,W,14.516402519992052
qwen3-8b,g24cfb_002,Y0,99.98987700165118
qwen3-8b,g24cfb_003,A+,99.99999986809284
qwen3-8b,g24cfb_003,A-,1.899995514177132e-08
qwen3-8b,g24cfb_003,CF+,95.13521740061103
qwen3-8b,g24cfb_003,CF-,0.004030090189214682
qwen3-8b,g24cfb_003,I,99.99998813169503
qwen3-8b,g24cfb_003,W,0.009556953523762369
qwen3-8b,g24cfb_003,Y0,99.999999951461
qwen3-8b,g24cfb_004,A+,99.99999999997901
qwen3-8b,g24cfb_004,A-,7.722175038484674e-10
qwen3-8b,g24cfb_004,CF+,99.99988742377552
qwen3-8b,g24cfb_004,CF-,0.0001600853999369466
qwen3-8b,g24cfb_004,I,99.99999999994245
qwen3-8b,g24cfb_004,W,99.99999999999218
qwen3-8b,g24cfb_004,Y0,99.9999999999901
qwen3-8b,g24cfb_005,A+,99.99999999994316
qwen3-8b,g24cfb_005,A-,99.99999999930706
qwen3-8b,g24cfb_005,CF+,88.15241565453806
qwen3-8b,g24cfb_005,CF-,99.94199665757729
qwen3-8b,g24cfb_005,I,99.99999999689248
qwen3-8b,g24cfb_005,W,99.47304493798867
qwen3-8b,g24cfb_005,Y0,99.9999996417368
qwen3-8b,g24cfb_007,A+,99.99999999998369
qwen3-8b,g24cfb_007,A-,2.2984227310255694
qwen3-8b,g24cfb_007,CF+,46.72961790058479
qwen3-8b,g24cfb_007,CF-,7.872850686723639
qwen3-8b,g24cfb_007,I,97.64642189651005
qwen3-8b,g24cfb_007,W,4.3165244078952525e-10
qwen3-8b,g24cfb_007,Y0,1.5938834358423558e-11
qwen3-8b,g24cfb_008,A+,99.99999999999777
qwen3-8b,g24cfb_008,A-,99.99999999999217
qwen3-8b,g24cfb_008,CF+,55.874546212363875
qwen3-8b,g24cfb_008,CF-,50.293710163823825
qwen3-8b,g24cfb_008,I,3.013691864292153e-09
qwen3-8b,g24cfb_008,W,6.540841125964574e-10
qwen3-8b,g24cfb_008,Y0,2.067163776825604e-10
qwen3-8b,g24cfb_009,A+,99.9999999991036
qwen3-8b,g24cfb_009,A-,2.7362883105183167e-10
qwen3-8b,g24cfb_009,CF+,21.703696666397207
qwen3-8b,g24cfb_009,CF-,9.238049751598057e-10
qwen3-8b,g24cfb_009,I,6.481966216744215e-08
qwen3-8b,g24cfb_009,W,0.005869631079917105
qwen3-8b,g24cfb_009,Y0,32.12736737462916
qwen3-8b,g24cfb_010,A+,1.0966060949088383e-05
qwen3-8b,g24cfb_010,A-,99.99999734909639
qwen3-8b,g24cfb_010,CF+,0.00647182446714666
qwen3-8b,g24cfb_010,CF-,32.71981268275982
qwen3-8b,g24cfb_010,I,48.48825550274474
qwen3-8b,g24cfb_010,W,73.16063958029426
qwen3-8b,g24cfb_010,Y0,99.99999999486327
qwen3-8b,g24cfb_012,A+,99.99999999999393
qwen3-8b,g24cfb_012,A-,70.22583052359855
qwen3-8b,g24cfb_012,CF+,77.62174678805
qwen3-8b,g24cfb_012,CF-,88.89327988542144
qwen3-8b,g24cfb_012,I,99.99999940923084
qwen3-8b,g24cfb_012,W,78.44531985953121
qwen3-8b,g24cfb_012,Y0,99.98700543734725
qwen3-8b,g24cfb_013,A+,99.99999999999007
qwen3-8b,g24cfb_013,A-,1.5812556639695352e-09
qwen3-8b,g24cfb_013,CF+,0.007117340824319307
qwen3-8b,g24cfb_013,CF-,0.024692665809925518
qwen3-8b,g24cfb_013,I,0.6828062681654967
qwen3-8b,g24cfb_013,W,16.793883223820995
qwen3-8b,g24cfb_013,Y0,44.444499069233615
qwen3-8b,g24cfb_014,A+,99.99999999994287
qwen3-8b,g24cfb_014,A-,1.2762021602006894e-09
qwen3-8b,g24cfb_014,CF+,1.1220927887064856e-05
qwen3-8b,g24cfb_014,CF-,9.213179451854841e-06
qwen3-8b,g24cfb_014,I,0.0013070853367916143
qwen3-8b,g24cfb_014,W,8.996002095326595
qwen3-8b,g24cfb_014,Y0,15.698557298000408
qwen3-8b,g24cfb_015,A+,99.99999999998712
qwen3-8b,g24cfb_015,A-,99.99999999998725
qwen3-8b,g24cfb_015,CF+,0.015266056954672468
qwen3-8b,g24cfb_015,CF-,53.10823285048107
qwen3-8b,g24cfb_015,I,0.20691024579225126
qwen3-8b,g24cfb_015,W,0.0001255593207828506
qwen3-8b,g24cfb_015,Y0,99.99999997058575
qwen3-8b,g24cfb_016,A+,99.99999999999908
qwen3-8b,g24cfb_016,A-,7.347111245000951e-10
qwen3-8b,g24cfb_016,CF+,99.9833201952136
qwen3-8b,g24cfb_016,CF-,1.1648219230749627e-05
qwen3-8b,g24cfb_016,I,99.99999935563807
qwen3-8b,g24cfb_016,W,1.4213730202934607e-11
qwen3-8b,g24cfb_016,Y0,1.5307862602986434e-09
qwen3-8b,g24cfb_017,A+,99.9999999999731
qwen3-8b,g24cfb_017,A-,3.568260378889353e-05
qwen3-8b,g24cfb_017,CF+,99.99862894728294
qwen3-8b,g24cfb_017,CF-,58.45604586911083
qwen3-8b,g24cfb_017,I,99.99999999994246
qwen3-8b,g24cfb_017,W,99.99999999999481
qwen3-8b,g24cfb_017,Y0,99.99999999999599
qwen3-8b,g24cfb_020,A+,99.99999999984546
qwen3-8b,g24cfb_020,A-,99.99999999992701
qwen3-8b,g24cfb_020,CF+,66.90529434107152
qwen3-8b,g24cfb_020,CF-,64.65779484505754
qwen3-8b,g24cfb_020,I,99.51672005973546
qwen3-8b,g24cfb_020,W,99.9999997209661
qwen3-8b,g24cfb_020,Y0,99.99999660084289
qwen3-8b,g24cfb_021,A+,99.99999999155366
qwen3-8b,g24cfb_021,A-,0.030287186078133226
qwen3-8b,g24cfb_021,CF+,1.3149344994463208e-05
qwen3-8b,g24cfb_021,CF-,0.2642623840620513
qwen3-8b,g24cfb_021,I,7.4256704638191306e-09
qwen3-8b,g24cfb_021,W,6.04233083616013e-07
qwen3-8b,g24cfb_021,Y0,3.3702358274720657e-10
qwen3-8b,g24cfb_022,A+,99.97252489604833
qwen3-8b,g24cfb_022,A-,1.7415865692820437e-07
qwen3-8b,g24cfb_022,CF+,60.4140407253943
qwen3-8b,g24cfb_022,CF-,25.220406216384326
qwen3-8b,g24cfb_022,I,87.91088877068337
qwen3-8b,g24cfb_022,W,43.99168346412541
qwen3-8b,g24cfb_022,Y0,77.45214617474659
qwen3-8b,g24cfb_024,A+,99.99999999984526
qwen3-8b,g24cfb_024,A-,2.28292579335702e-07
qwen3-8b,g24cfb_024,CF+,60.415280704630376
qwen3-8b,g24cfb_024,CF-,9.204325788808971e-08
qwen3-8b,g24cfb_024,I,0.0033299566152150033
qwen3-8b,g24cfb_024,W,35.80362114311005
qwen3-8b,g24cfb_024,Y0,57.562691061456945
qwen3-8b,g24cfb_025,A+,99.99999999885695
qwen3-8b,g24cfb_025,A-,88.56323643756838
qwen3-8b,g24cfb_025,CF+,77.21338399218679
qwen3-8b,g24cfb_025,CF-,99.99996775184454
qwen3-8b,g24cfb_025,I,3.690264200492165
qwen3-8b,g24cfb_025,W,33.4183990769687
qwen3-8b,g24cfb_025,Y0,77.64286264433893
qwen3-8b,g24cfb_026,A+,99.9999999999836
qwen3-8b,g24cfb_026,A-,4.42483918933653e-10
qwen3-8b,g24cfb_026,CF+,8.972536136020327
qwen3-8b,g24cfb_026,CF-,0.00027209381776202796
qwen3-8b,g24cfb_026,I,4.9290899817078186e-05
qwen3-8b,g24cfb_026,W,0.003723737949377376
qwen3-8b,g24cfb_026,Y0,55.02048205048826
qwen3-8b,g24cfb_027,A+,97.00704605042993
qwen3-8b,g24cfb_027,A-,7.20656579402047e-10
qwen3-8b,g24cfb_027,CF+,24.30796380763824
qwen3-8b,g24cfb_027,CF-,77.18901998121129
qwen3-8b,g24cfb_027,I,0.04079506410554681
qwen3-8b,g24cfb_027,W,34.65740759882531
qwen3-8b,g24cfb_027,Y0,11.143097346276742
qwen3-8b,g24cfb_028,A+,99.87763751051324
qwen3-8b,g24cfb_028,A-,1.50189496996278e-08
qwen3-8b,g24cfb_028,CF+,2.159952530298333e-05
qwen3-8b,g24cfb_028,CF-,9.676412395449426e-05
qwen3-8b,g24cfb_028,I,0.03128523278450234
qwen3-8b,g24cfb_028,W,2.0071299634922557
qwen3-8b,g24cfb_028,Y0,2.453721120586812
qwen3-8b,g24cfb_029,A+,99.99999999995555
qwen3-8b,g24cfb_029,A-,88.8871252720872
qwen3-8b,g24cfb_029,CF+,49.595644545126056
qwen3-8b,g24cfb_029,CF-,84.01996818503126
qwen3-8b,g24cfb_029,I,99.99999438960344
qwen3-8b,g24cfb_029,W,90.85968751992485
qwen3-8b,g24cfb_029,Y0,99.99999439610005
qwen3-8b,g24cfb_030,A+,99.99999999998725
qwen3-8b,g24cfb_030,A-,99.99999999601599
qwen3-8b,g24cfb_030,CF+,61.9428620200103
qwen3-8b,g24cfb_030,CF-,58.77500481861201
qwen3-8b,g24cfb_030,I,4.818747891943827e-06
qwen3-8b,g24cfb_030,W,1.7308722988401144e-07
qwen3-8b,g24cfb_030,Y0,1.4979770189269133e-09
qwen3-8b,g24cfb_032,A+,99.99999999984476
qwen3-8b,g24cfb_032,A-,77.717587355465
qwen3-8b,g24cfb_032,CF+,32.91008539894839
qwen3-8b,g24cfb_032,CF-,99.99999999155192
qwen3-8b,g24cfb_032,I,0.06535218206666694
qwen3-8b,g24cfb_032,W,9.48187328916448
qwen3-8b,g24cfb_032,Y0,0.00039609124736168463
qwen3-8b,g24cfb_034,A+,99.9999123352414
qwen3-8b,g24cfb_034,A-,1.1627087662181277
qwen3-8b,g24cfb_034,CF+,61.79776440436405
qwen3-8b,g24cfb_034,CF-,16.677245022163092
qwen3-8b,g24cfb_034,I,1.7389039813591571
qwen3-8b,g24cfb_034,W,44.44917831220925
qwen3-8b,g24cfb_034,Y0,1.2702943426782556
qwen3-8b,g24cfb_035,A+,99.99976172183761
qwen3-8b,g24cfb_035,A-,3.3949315546806868e-09
qwen3-8b,g24cfb_035,CF+,44.40941626411961
qwen3-8b,g24cfb_035,CF-,34.26258930377504
qwen3-8b,g24cfb_035,I,8.836192260067719e-07
qwen3-8b,g24cfb_035,W,32.882289179359496
qwen3-8b,g24cfb_035,Y0,19.74614666629909
qwen3-8b,g24cfb_037,A+,77.34396955114362
qwen3-8b,g24cfb_037,A-,2.693814766310748e-09
qwen3-8b,g24cfb_037,CF+,4.5894023792601954e-11
qwen3-8b,g24cfb_037,CF-,4.7484941166773676e-11
qwen3-8b,g24cfb_037,I,7.654480220073369e-05
qwen3-8b,g24cfb_037,W,6.829027208526386e-09
qwen3-8b,g24cfb_037,Y0,9.53696259912627e-10
qwen3-8b,g24cfb_038,A+,99.99999999995572
qwen3-8b,g24cfb_038,A-,99.99999999995565
qwen3-8b,g24cfb_038,CF+,78.02860594693759
qwen3-8b,g24cfb_038,CF-,33.011118057473915
qwen3-8b,g24cfb_038,I,0.0007213788880919036
qwen3-8b,g24cfb_038,W,0.00681690713398921
qwen3-8b,g24cfb_038,Y0,18.03081585462474
qwen3-8b,g24cfb_040,A+,99.99998043573697
qwen3-8b,g24cfb_040,A-,5.928538566366688e-06
qwen3-8b,g24cfb_040,CF+,33.85519668015162
qwen3-8b,g24cfb_040,CF-,33.35806020796282
qwen3-8b,g24cfb_040,I,3.5593119184484956
qwen3-8b,g24cfb_040,W,48.35682644251189
qwen3-8b,g24cfb_040,Y0,66.69237944535234
qwen3-8b,g24cfb_041,A+,99.99999999999635
qwen3-8b,g24cfb_041,A-,1.5502950931839796e-09
qwen3-8b,g24cfb_041,CF+,2.6740843650974115
qwen3-8b,g24cfb_041,CF-,0.0005115590619802273
qwen3-8b,g24cfb_041,I,6.393430834144708e-06
qwen3-8b,g24cfb_041,W,0.17409756832529164
qwen3-8b,g24cfb_041,Y0,4.414856730812801e-10
qwen3-8b,g24cfb_042,A+,42.115380898129814
qwen3-8b,g24cfb_042,A-,5.987770966588681e-07
qwen3-8b,g24cfb_042,CF+,2.840490859742735e-07
qwen3-8b,g24cfb_042,CF-,5.270058782613156e-09
qwen3-8b,g24cfb_042,I,4.4661033612727576e-10
qwen3-8b,g24cfb_042,W,2.8745309697602437e-11
qwen3-8b,g24cfb_042,Y0,5.362522543496065e-09
qwen3-8b,g24cfb_045,A+,99.99999999999777
qwen3-8b,g24cfb_045,A-,99.99999999994304
qwen3-8b,g24cfb_045,CF+,64.63777113176062
qwen3-8b,g24cfb_045,CF-,43.416763199565345
qwen3-8b,g24cfb_045,I,0.4690123441188405
qwen3-8b,g24cfb_045,W,3.2086080989923524
qwen3-8b,g24cfb_045,Y0,1.3207685670868083
qwen3-8b,g24cfb_046,A+,99.99999999999194
qwen3-8b,g24cfb_046,A-,1.1270586138866376e-08
qwen3-8b,g24cfb_046,CF+,99.98169869524364
qwen3-8b,g24cfb_046,CF-,0.00017318677145725155
qwen3-8b,g24cfb_046,I,6.8259190306724254e-09
qwen3-8b,g24cfb_046,W,33.05206408557979
qwen3-8b,g24cfb_046,Y0,49.68941430719636
qwen3-8b,g24cfb_047,A+,99.99999972068575
qwen3-8b,g24cfb_047,A-,4.824108996741169e-07
qwen3-8b,g24cfb_047,CF+,20.882891485299158
qwen3-8b,g24cfb_047,CF-,0.0015152380319287347
qwen3-8b,g24cfb_047,I,1.11367782063847e-08
qwen3-8b,g24cfb_047,W,7.576399882838876e-11
qwen3-8b,g24cfb_047,Y0,2.486542297541307e-09
qwen3-8b,g24cfb_048,A+,77.8068870256876
qwen3-8b,g24cfb_048,A-,79.80011065925892
qwen3-8b,g24cfb_048,CF+,23.729357224434178
qwen3-8b,g24cfb_048,CF-,56.1992292995785
qwen3-8b,g24cfb_048,I,9.149442821640546e-07
qwen3-8b,g24cfb_048,W,1.2584559388773905e-06
qwen3-8b,g24cfb_048,Y0,2.074805625263253e-06
qwen3-8b,g24cfb_051,A+,99.99999999999528
qwen3-8b,g24cfb_051,A-,3.319830607097301e-09
qwen3-8b,g24cfb_051,CF+,27.077358118933446
qwen3-8b,g24cfb_051,CF-,33.21124003506972
qwen3-8b,g24cfb_051,I,16.66025912386138
qwen3-8b,g24cfb_051,W,50.321479525447316
qwen3-8b,g24cfb_051,Y0,99.99862893554118
qwen3-8b,g24cfb_052,A+,99.99999999998995
qwen3-8b,g24cfb_052,A-,99.99999999996541
qwen3-8b,g24cfb_052,CF+,99.99999993773682
qwen3-8b,g24cfb_052,CF-,57.12646705986702
qwen3-8b,g24cfb_052,I,99.96815765816602
qwen3-8b,g24cfb_052,W,88.88101434254699
qwen3-8b,g24cfb_052,Y0,99.99999999996503
qwen3-8b,g24cfb_053,A+,1.7353123304136854e-10
qwen3-8b,g24cfb_053,A-,4.614765139951434e-09
qwen3-8b,g24cfb_053,CF+,47.42824784819307
qwen3-8b,g24cfb_053,CF-,45.0907385868099
qwen3-8b,g24cfb_053,I,0.010978139724023126
qwen3-8b,g24cfb_053,W,9.794272433652424
qwen3-8b,g24cfb_053,Y0,68.69353292741393
qwen3-8b,g24cfb_054,A+,99.99999999601742
qwen3-8b,g24cfb_054,A-,1.6734929950436034e-07
qwen3-8b,g24cfb_054,CF+,50.34649708652418
qwen3-8b,g24cfb_054,CF-,76.11767073382903
qwen3-8b,g24cfb_054,I,99.99999989636423
qwen3-8b,g24cfb_054,W,1.547016022990685e-08
qwen3-8b,g24cfb_054,Y0,99.99999999999615
qwen3-8b,g24cfb_055,A+,99.99999999984497
qwen3-8b,g24cfb_055,A-,1.1069885741925412e-08
qwen3-8b,g24cfb_055,CF+,4.082187405837564e-08
qwen3-8b,g24cfb_055,CF-,3.220195309561342e-09
qwen3-8b,g24cfb_055,I,0.0011870811070588516
qwen3-8b,g24cfb_055,W,1.4424753739954175e-08
qwen3-8b,g24cfb_055,Y0,3.217281372262416e-09
qwen3-8b,g24cfb_056,A+,99.99999999987966
qwen3-8b,g24cfb_056,A-,1.9255794184929858
qwen3-8b,g24cfb_056,CF+,45.17892168105675
qwen3-8b,g24cfb_056,CF-,3.1856788612902576
qwen3-8b,g24cfb_056,I,4.300589946771736e-08
qwen3-8b,g24cfb_056,W,99.99999993771164
qwen3-8b,g24cfb_056,Y0,99.99999999601562
qwen3-8b,g24cfb_058,A+,8.957617644305256e-05
qwen3-8b,g24cfb_058,A-,2.047539981593784e-09
qwen3-8b,g24cfb_058,CF+,33.42580036354934
qwen3-8b,g24cfb_058,CF-,33.261859888194564
qwen3-8b,g24cfb_058,I,95.53285522513814
qwen3-8b,g24cfb_058,W,99.9996071447456
qwen3-8b,g24cfb_058,Y0,99.98331868569467
qwen3-8b,g24cfb_059,A+,33.31715799281463
qwen3-8b,g24cfb_059,A-,2.483733644714669
qwen3-8b,g24cfb_059,CF+,33.288756385296075
qwen3-8b,g24cfb_059,CF-,32.806349286605574
qwen3-8b,g24cfb_059,I,8.868510895837182e-06
qwen3-8b,g24cfb_059,W,30.20669177651949
qwen3-8b,g24cfb_059,Y0,0.0010765475821886633
qwen3-8b,g24cfb_060,A+,99.99999972068323
qwen3-8b,g24cfb_060,A-,99.99999938606314
qwen3-8b,g24cfb_060,CF+,99.99999940001067
qwen3-8b,g24cfb_060,CF-,99.99999771378141
qwen3-8b,g24cfb_060,I,5.330651759372938e-09
qwen3-8b,g24cfb_060,W,48.32842803351666
qwen3-8b,g24cfb_060,Y0,99.9937930361352
qwen3-8b,g24cfb_061,A+,99.99999563539552
qwen3-8b,g24cfb_061,A-,0.014978557892476877
qwen3-8b,g24cfb_061,CF+,53.522277589540806
qwen3-8b,g24cfb_061,CF-,1.3515145171069408e-05
qwen3-8b,g24cfb_061,I,50.80482289466509
qwen3-8b,g24cfb_061,W,54.89480263455519
qwen3-8b,g24cfb_061,Y0,99.99627385284388
qwen3-8b,g24cfb_062,A+,99.99976171781515
qwen3-8b,g24cfb_062,A-,34.00031175215818
qwen3-8b,g24cfb_062,CF+,54.48154031618213
qwen3-8b,g24cfb_062,CF-,38.300196593247016
qwen3-8b,g24cfb_062,I,0.08849352651071624
qwen3-8b,g24cfb_062,W,54.39584043220602
qwen3-8b,g24cfb_062,Y0,66.66831451063884
qwen3-8b,g24cfb_063,A+,99.99981386326014
qwen3-8b,g24cfb_063,A-,0.000278329519442487
qwen3-8b,g24cfb_063,CF+,31.75412045562136
qwen3-8b,g24cfb_063,CF-,88.88886531975463
qwen3-8b,g24cfb_063,I,99.58757402715247
qwen3-8b,g24cfb_063,W,0.8036133157541142
qwen3-8b,g24cfb_063,Y0,54.22935449992943
qwen3-8b,g24cfb_065,A+,99.99999999994316
qwen3-8b,g24cfb_065,A-,5.79059400803752e-10
qwen3-8b,g24cfb_065,CF+,0.346007384403206
qwen3-8b,g24cfb_065,CF-,99.99892878105953
qwen3-8b,g24cfb_065,I,99.9999973526016
qwen3-8b,g24cfb_065,W,93.08129146268352
qwen3-8b,g24cfb_065,Y0,99.99999999992659
qwen3-8b,g24cfb_072,A+,99.99999999967277
qwen3-8b,g24cfb_072,A-,4.145019342067323e-09
qwen3-8b,g24cfb_072,CF+,40.28440720677837
qwen3-8b,g24cfb_072,CF-,0.0005053625502254199
qwen3-8b,g24cfb_072,I,99.95584324654503
qwen3-8b,g24cfb_072,W,99.9996071497767
qwen3-8b,g24cfb_072,Y0,99.98700528146846
qwen3-8b,g24cfb_073,A+,99.99999999992681
qwen3-8b,g24cfb_073,A-,1.5200836128625106e-07
qwen3-8b,g24cfb_073,CF+,33.32265240795081
qwen3-8b,g24cfb_073,CF-,0.08137624723159301
qwen3-8b,g24cfb_073,I,32.956609771836824
qwen3-8b,g24cfb_073,W,44.83921888997942
qwen3-8b,g24cfb_073,Y0,66.60905562258047
qwen3-8b,g24cfb_074,A+,99.99999999689697
qwen3-8b,g24cfb_074,A-,86.86195676539619
qwen3-8b,g24cfb_074,CF+,54.22849897085279
qwen3-8b,g24cfb_074,CF-,44.99136346730274
qwen3-8b,g24cfb_074,I,31.777559925118315
qwen3-8b,g24cfb_074,W,33.18231595970094
qwen3-8b,g24cfb_074,Y0,4.367365631495705
qwen3-8b,g24cfb_075,A+,99.99999999992691
qwen3-8b,g24cfb_075,A-,6.038179697884332e-08
qwen3-8b,g24cfb_075,CF+,1.0432922903555732e-05
qwen3-8b,g24cfb_075,CF-,1.856630821733837e-06
qwen3-8b,g24cfb_075,I,0.20679719148629602
qwen3-8b,g24cfb_075,W,0.042569287819690285
qwen3-8b,g24cfb_075,Y0,99.99999999930694
qwen3-8b,g24cfb_076,A+,99.99999999999716
qwen3-8b,g24cfb_076,A-,3.0286204501661323e-07
qwen3-8b,g24cfb_076,CF+,77.37963072115305
qwen3-8b,g24cfb_076,CF-,36.342991424153574
qwen3-8b,g24cfb_076,I,99.99935113328314
qwen3-8b,g24cfb_076,W,99.99999995151246
qwen3-8b,g24cfb_076,Y0,99.99999999957996
qwen3-8b,g24cfb_077,A+,99.98318288731222
qwen3-8b,g24cfb_077,A-,4.4080108843797867e-10
qwen3-8b,g24cfb_077,CF+,14.098367731442682
qwen3-8b,g24cfb_077,CF-,2.927269066798213e-07
qwen3-8b,g24cfb_077,I,2.1938610267236726e-10
qwen3-8b,g24cfb_077,W,3.42802513874307e-10
qwen3-8b,g24cfb_077,Y0,2.4865318785569414e-09
qwen3-8b,g24cfb_078,A+,99.99999999967281
qwen3-8b,g24cfb_078,A-,64.10142699348344
qwen3-8b,g24cfb_078,CF+,66.25194848981808
qwen3-8b,g24cfb_078,CF-,66.25215366175024
qwen3-8b,g24cfb_078,I,77.72769321092366
qwen3-8b,g24cfb_078,W,36.88233491747578
qwen3-8b,g24cfb_078,Y0,0.00011671127135726821
qwen3-8b,g24cfb_080,A+,77.75644351345235
qwen3-8b,g24cfb_080,A-,0.5076090550631457
qwen3-8b,g24cfb_080,CF+,46.35316103722961
qwen3-8b,g24cfb_080,CF-,52.54633447612583
qwen3-8b,g24cfb_080,I,53.90152904524271
qwen3-8b,g24cfb_080,W,53.44142490893884
qwen3-8b,g24cfb_080,Y0,66.68935396757286
qwen3-8b,g24cfb_082,A+,99.99999999999712
qwen3-8b,g24cfb_082,A-,1.87638116518362e-08
qwen3-8b,g24cfb_082,CF+,43.26269297856425
qwen3-8b,g24cfb_082,CF-,0.013872628391372306
qwen3-8b,g24cfb_082,I,99.99999991990254
qwen3-8b,g24cfb_082,W,99.99999999998725
qwen3-8b,g24cfb_082,Y0,2.380930797956854e-08
qwen3-8b,g24cfb_083,A+,99.99999993772639
qwen3-8b,g24cfb_083,A-,3.8003954045232007
qwen3-8b,g24cfb_083,CF+,33.349368605170035
qwen3-8b,g24cfb_083,CF-,46.2775684377384
qwen3-8b,g24cfb_083,I,0.2901949461265447
qwen3-8b,g24cfb_083,W,48.57547016110709
qwen3-8b,g24cfb_083,Y0,35.31125189463994
qwen3-8b,g24cfb_084,A+,99.99999999999864
qwen3-8b,g24cfb_084,A-,88.88877603103347
qwen3-8b,g24cfb_084,CF+,32.835279536447416
qwen3-8b,g24cfb_084,CF-,47.04608051905624
qwen3-8b,g24cfb_084,I,2.4581677794457423e-09
qwen3-8b,g24cfb_084,W,9.895730822400168e-11
qwen3-8b,g24cfb_084,Y0,1.8416232466250975e-08
qwen3-8b,g24cfb_087,A+,99.99999999996528
qwen3-8b,g24cfb_087,A-,4.245252895038575e-09
qwen3-8b,g24cfb_087,CF+,37.85716779302266
qwen3-8b,g24cfb_087,CF-,0.08505820970686286
qwen3-8b,g24cfb_087,I,0.004252141256112888
qwen3-8b,g24cfb_087,W,2.550072488267755e-09
qwen3-8b,g24cfb_087,Y0,6.461825477569481e-08
qwen3-8b,g24cfb_088,A+,82.78441137373846
qwen3-8b,g24cfb_088,A-,1.6556508263141916
qwen3-8b,g24cfb_088,CF+,34.298469320177894
qwen3-8b,g24cfb_088,CF-,34.44612199756138
qwen3-8b,g24cfb_088,I,13.050959208679386
qwen3-8b,g24cfb_088,W,61.11082530145885
qwen3-8b,g24cfb_088,Y0,99.8435657758597
qwen3-8b,g24cfb_089,A+,99.99999999999528
qwen3-8b,g24cfb_089,A-,33.5964212491763
qwen3-8b,g24cfb_089,CF+,5.699245564529989e-05
qwen3-8b,g24cfb_089,CF-,1.043935988354308e-06
qwen3-8b,g24cfb_089,I,1.1754604990421386e-06
qwen3-8b,g24cfb_089,W,38.14863886899903
qwen3-8b,g24cfb_089,Y0,4.435408424317528e-10
qwen3-8b,g24cfb_090,A+,99.99999999990615
qwen3-8b,g24cfb_090,A-,90.02210101445618
qwen3-8b,g24cfb_090,CF+,66.66192702881892
qwen3-8b,g24cfb_090,CF-,55.35428699591989
qwen3-8b,g24cfb_090,I,99.99927666133797
qwen3-8b,g24cfb_090,W,99.99999999811831
qwen3-8b,g24cfb_090,Y0,99.99999999974501
qwen3-8b,g24cfb_091,A+,99.9999999999652
qwen3-8b,g24cfb_091,A-,4.359936358907257e-10
qwen3-8b,g24cfb_091,CF+,60.3980112684533
qwen3-8b,g24cfb_091,CF-,0.002616328422006926
qwen3-8b,g24cfb_091,I,1.8399042370756923e-07
qwen3-8b,g24cfb_091,W,0.0021061934101477466
qwen3-8b,g24cfb_091,Y0,6.890492761489044e-09
qwen3-8b,g24cfb_092,A+,9.960481202335158
qwen3-8b,g24cfb_092,A-,8.112885223950379
qwen3-8b,g24cfb_092,CF+,33.44965564031318
qwen3-8b,g24cfb_092,CF-,33.44997716706017
qwen3-8b,g24cfb_092,I,99.99999995088473
qwen3-8b,g24cfb_092,W,0.00043649284708100605
qwen3-8b,g24cfb_092,Y0,8.773479613936867e-05
qwen3-8b,g24cfb_093,A+,99.9999999999428
qwen3-8b,g24cfb_093,A-,99.80015316644605
qwen3-8b,g24cfb_093,CF+,77.79631906298673
qwen3-8b,g24cfb_093,CF-,77.81296154860037
qwen3-8b,g24cfb_093,I,66.9245934491839
qwen3-8b,g24cfb_093,W,99.99999978271372
qwen3-8b,g24cfb_093,Y0,99.99935231625976
qwen3-8b,g24cfb_094,A+,99.99999999994306
qwen3-8b,g24cfb_094,A-,1.429462654536927e-07
qwen3-8b,g24cfb_094,CF+,29.381056704725243
qwen3-8b,g24cfb_094,CF-,33.377047284937596
qwen3-8b,g24cfb_094,I,0.023006811025858623
qwen3-8b,g24cfb_094,W,1.5834031993338347
qwen3-8b,g24cfb_094,Y0,65.60927383080377
qwen3-8b,g24cfb_098,A+,99.99999989730458
qwen3-8b,g24cfb_098,A-,48.61314724714619
qwen3-8b,g24cfb_098,CF+,49.999735226427866
qwen3-8b,g24cfb_098,CF-,53.09384015996937
qwen3-8b,g24cfb_098,I,85.37476338907055
qwen3-8b,g24cfb_098,W,61.80186285755828
qwen3-8b,g24cfb_098,Y0,87.24563653640632
qwen3-8b,g24cfb_099,A+,99.99999999999523
qwen3-8b,g24cfb_099,A-,7.311377317827149e-08
qwen3-8b,g24cfb_099,CF+,0.0005139155800623161
qwen3-8b,g24cfb_099,CF-,0.0010271054534706989
qwen3-8b,g24cfb_099,I,0.00031245783852906816
qwen3-8b,g24cfb_099,W,10.013322560368929
qwen3-8b,g24cfb_099,Y0,44.51828158312302
qwen3-8b,g24cfb_100,A+,99.99999999999825
qwen3-8b,g24cfb_100,A-,1.1689577746928428e-06
qwen3-8b,g24cfb_100,CF+,56.85116251227947
qwen3-8b,g24cfb_100,CF-,54.137408702123544
qwen3-8b,g24cfb_100,I,99.99935079784169
qwen3-8b,g24cfb_100,W,85.32623438041986
qwen3-8b,g24cfb_100,Y0,58.00599253678669
qwen3-8b,g24cfb_101,A+,68.29819672093284
qwen3-8b,g24cfb_101,A-,8.616391534868828e-09
qwen3-8b,g24cfb_101,CF+,1.622251731877802e-10
qwen3-8b,g24cfb_101,CF-,4.933130937185988e-12
qwen3-8b,g24cfb_101,I,1.2864584764726158e-11
qwen3-8b,g24cfb_101,W,4.4027191321618746e-10
qwen3-8b,g24cfb_101,Y0,6.186798129687351e-11
qwen3-8b,g24cfb_102,A+,99.99999999601746
qwen3-8b,g24cfb_102,A-,26.359193244068305
qwen3-8b,g24cfb_102,CF+,1.9111071820594865e-10
qwen3-8b,g24cfb_102,CF-,6.208202866506883e-09
qwen3-8b,g24cfb_102,I,6.466526019339077e-08
qwen3-8b,g24cfb_102,W,0.004148146496818189
qwen3-8b,g24cfb_102,Y0,3.969025563570985e-06
qwen3-8b,g24cfb_103,A+,99.99999999957869
qwen3-8b,g24cfb_103,A-,77.75634393798785
qwen3-8b,g24cfb_103,CF+,66.41555298824902
qwen3-8b,g24cfb_103,CF-,37.56379706038191
qwen3-8b,g24cfb_103,I,55.69190373504384
qwen3-8b,g24cfb_103,W,88.22121481602257
qwen3-8b,g24cfb_103,Y0,46.100464494505985
qwen3-8b,g24cfb_104,A+,99.99999993773407
qwen3-8b,g24cfb_104,A-,99.99999999758444
qwen3-8b,g24cfb_104,CF+,78.69510617805643
qwen3-8b,g24cfb_104,CF-,99.98984666816771
qwen3-8b,g24cfb_104,I,99.85575882545066
qwen3-8b,g24cfb_104,W,42.031976519116434
qwen3-8b,g24cfb_104,Y0,89.0030815427767
qwen3-8b,g24cfb_105,A+,99.99999999994301
qwen3-8b,g24cfb_105,A-,29.911761477394503
qwen3-8b,g24cfb_105,CF+,2.1658459557257396e-05
qwen3-8b,g24cfb_105,CF-,0.0009553554735364787
qwen3-8b,g24cfb_105,I,7.381267819838657e-05
qwen3-8b,g24cfb_105,W,44.37794530032534
qwen3-8b,g24cfb_105,Y0,1.332185659148065e-07
qwen3-8b,g24cfb_108,A+,99.99999999995572
qwen3-8b,g24cfb_108,A-,1.3520881596453401e-07
qwen3-8b,g24cfb_108,CF+,66.60650680564177
qwen3-8b,g24cfb_108,CF-,22.473207164925196
qwen3-8b,g24cfb_108,I,99.99999999600085
qwen3-8b,g24cfb_108,W,99.99999999758307
qwen3-8b,g24cfb_108,Y0,99.99999999999007
qwen3-8b,g24cfb_109,A+,99.99999972088091
qwen3-8b,g24cfb_109,A-,88.98419331512552
qwen3-8b,g24cfb_109,CF+,55.510498606544864
qwen3-8b,g24cfb_109,CF-,50.40141281738334
qwen3-8b,g24cfb_109,I,31.338928345600355
qwen3-8b,g24cfb_109,W,38.89348131340572
qwen3-8b,g24cfb_109,Y0,22.736206771951665
qwen3-8b,g24cfb_111,A+,99.99999999967241
qwen3-8b,g24cfb_111,A-,3.279815024138602e-09
qwen3-8b,g24cfb_111,CF+,99.99999839446062
qwen3-8b,g24cfb_111,CF-,0.00011923463949011996
qwen3-8b,g24cfb_111,I,99.99125100390354
qwen3-8b,g24cfb_111,W,3.6214148277480244e-07
qwen3-8b,g24cfb_111,Y0,9.367236617476833e-06
qwen3-8b,g24cfb_112,A+,99.99999999987956
qwen3-8b,g24cfb_112,A-,99.99999995146246
qwen3-8b,g24cfb_112,CF+,99.99998043833416
qwen3-8b,g24cfb_112,CF-,2.90014042242868e-07
qwen3-8b,g24cfb_112,I,99.99999999331799
qwen3-8b,g24cfb_112,W,99.99999999998712
qwen3-8b,g24cfb_112,Y0,99.99999999999523
qwen3-8b,g24cfb_113,A+,99.99999999998357
qwen3-8b,g24cfb_113,A-,0.04617680634141043
qwen3-8b,g24cfb_113,CF+,44.41044516141298
qwen3-8b,g24cfb_113,CF-,0.00012534712431923692
qwen3-8b,g24cfb_113,I,0.0033807408639172174
qwen3-8b,g24cfb_113,W,0.045745930567494236
qwen3-8b,g24cfb_113,Y0,55.399352702395596
qwen3-8b,g24cfb_116,A+,6.966624536157275
qwen3-8b,g24cfb_116,A-,4.741094947536032e-09
qwen3-8b,g24cfb_116,CF+,0.060460037704757524
qwen3-8b,g24cfb_116,CF-,0.025865293524613045
qwen3-8b,g24cfb_116,I,0.0017983207301229727
qwen3-8b,g24cfb_116,W,13.66990619447181
qwen3-8b,g24cfb_116,Y0,29.522213861758182
qwen3-8b,g24cfb_117,A+,99.99999999987962
qwen3-8b,g24cfb_117,A-,2.039188001210613e-09
qwen3-8b,g24cfb_117,CF+,99.99999999998354
qwen3-8b,g24cfb_117,CF-,99.98417182228263
qwen3-8b,g24cfb_117,I,99.99999996214035
qwen3-8b,g24cfb_117,W,99.99999999996528
qwen3-8b,g24cfb_117,Y0,99.99999999999773
qwen3-8b,g24cfb_121,A+,99.64942939370846
qwen3-8b,g24cfb_121,A-,45.99608173918525
qwen3-8b,g24cfb_121,CF+,29.246582441564506
qwen3-8b,g24cfb_121,CF-,34.20371173997313
qwen3-8b,g24cfb_121,I,0.2784033559539631
qwen3-8b,g24cfb_121,W,44.57475836611654
qwen3-8b,g24cfb_121,Y0,64.63970521967589
qwen3-8b,g24cfb_123,A+,99.99999999999777
qwen3-8b,g24cfb_123,A-,3.842437315120856e-08
qwen3-8b,g24cfb_123,CF+,30.814074835666077
qwen3-8b,g24cfb_123,CF-,0.0044327951063414285
qwen3-8b,g24cfb_123,I,0.00026258308617708895
qwen3-8b,g24cfb_123,W,31.420514322545102
qwen3-8b,g24cfb_123,Y0,44.64440347035864
qwen3-8b,g24cfb_124,A+,99.9999999999901
qwen3-8b,g24cfb_124,A-,88.891790980429
qwen3-8b,g24cfb_124,CF+,99.99999999911037
qwen3-8b,g24cfb_124,CF-,88.88778167044644
qwen3-8b,g24cfb_124,I,99.9999966010385
qwen3-8b,g24cfb_124,W,99.99999999946114
qwen3-8b,g24cfb_124,Y0,99.99999999967274
qwen3-8b,g24cfb_126,A+,99.99999999999403
qwen3-8b,g24cfb_126,A-,4.602304698400645e-09
qwen3-8b,g24cfb_126,CF+,78.14871184344554
qwen3-8b,g24cfb_126,CF-,1.0870761831327798
qwen3-8b,g24cfb_126,I,99.9999986332095
qwen3-8b,g24cfb_126,W,99.99997473937806
qwen3-8b,g24cfb_126,Y0,99.99988743809588
qwen3-8b,g24cfb_127,A+,99.99999999999528
qwen3-8b,g24cfb_127,A-,89.65732629718624
qwen3-8b,g24cfb_127,CF+,65.60361831627492
qwen3-8b,g24cfb_127,CF-,29.02933913997866
qwen3-8b,g24cfb_127,I,99.99999986708059
qwen3-8b,g24cfb_127,W,99.99999999992681
qwen3-8b,g24cfb_127,Y0,99.99999999999004
qwen3-8b,g24cfb_128,A+,99.99999999996544
qwen3-8b,g24cfb_128,A-,29.85520009395734
qwen3-8b,g24cfb_128,CF+,99.9999601070429
qwen3-8b,g24cfb_128,CF-,0.00737600389604162
qwen3-8b,g24cfb_128,I,69.9178593230239
qwen3-8b,g24cfb_128,W,70.22230070493335
qwen3-8b,g24cfb_128,Y0,67.28914738235265
qwen3-8b,g24cfb_134,A+,99.9999999968689
qwen3-8b,g24cfb_134,A-,2.891684546621921e-07
qwen3-8b,g24cfb_134,CF+,50.5094248991622
qwen3-8b,g24cfb_134,CF-,3.2183411618549904
qwen3-8b,g24cfb_134,I,94.71634801226296
qwen3-8b,g24cfb_134,W,14.01021209010954
qwen3-8b,g24cfb_134,Y0,42.85493904557908
qwen3-8b,g24cfb_135,A+,99.99999999984533
qwen3-8b,g24cfb_135,A-,88.92749261983144
qwen3-8b,g24cfb_135,CF+,33.32980762723972
qwen3-8b,g24cfb_135,CF-,32.96421077922724
qwen3-8b,g24cfb_135,I,4.633336610713089e-08
qwen3-8b,g24cfb_135,W,4.935098466817319
qwen3-8b,g24cfb_135,Y0,2.9721839963988975e-08
qwen3-8b,g24cfb_136,A+,99.99999983076587
qwen3-8b,g24cfb_136,A-,99.58451447281332
qwen3-8b,g24cfb_136,CF+,33.339359157067655
qwen3-8b,g24cfb_136,CF-,33.342493164975934
qwen3-8b,g24cfb_136,I,44.27206523552003
qwen3-8b,g24cfb_136,W,44.19086446939874
qwen3-8b,g24cfb_136,Y0,88.79061863698251
qwen3-8b,g24cfb_140,A+,88.79359158105369
qwen3-8b,g24cfb_140,A-,34.17499373899352
qwen3-8b,g24cfb_140,CF+,66.59243188947215
qwen3-8b,g24cfb_140,CF-,66.70015808899934
qwen3-8b,g24cfb_140,I,99.99969566023935
qwen3-8b,g24cfb_140,W,44.68832332697705
qwen3-8b,g24cfb_140,Y0,77.7991608328216
qwen3-8b,g24cfb_141,A+,99.58524619256528
qwen3-8b,g24cfb_141,A-,4.3392659256247995e-06
qwen3-8b,g24cfb_141,CF+,64.75916158175647
qwen3-8b,g24cfb_141,CF-,5.01541219809367e-07
qwen3-8b,g24cfb_141,I,8.578833926134808e-07
qwen3-8b,g24cfb_141,W,0.0015240106755357182
qwen3-8b,g24cfb_141,Y0,9.084745453400296e-10
qwen3-8b,g24cfb_142,A+,99.99999999987926
qwen3-8b,g24cfb_142,A-,99.99999999987922
qwen3-8b,g24cfb_142,CF+,77.70346475710221
qwen3-8b,g24cfb_142,CF-,99.9547756862217
qwen3-8b,g24cfb_142,I,70.8606712624608
qwen3-8b,g24cfb_142,W,67.98941138843847
qwen3-8b,g24cfb_142,Y0,88.83461317544241
qwen3-8b,g24cfb_144,A+,99.9999677491466
qwen3-8b,g24cfb_144,A-,78.40013318899001
qwen3-8b,g24cfb_144,CF+,41.09077669404072
qwen3-8b,g24cfb_144,CF-,37.6516874550097
qwen3-8b,g24cfb_144,I,55.719034559947346
qwen3-8b,g24cfb_144,W,44.31887018426758
qwen3-8b,g24cfb_144,Y0,88.8824921326049
qwen3-8b,g24cfb_145,A+,99.99823081337391
qwen3-8b,g24cfb_145,A-,0.007191269239219957
qwen3-8b,g24cfb_145,CF+,77.58159291971941
qwen3-8b,g24cfb_145,CF-,54.03032192660877
qwen3-8b,g24cfb_145,I,99.99999924090439
qwen3-8b,g24cfb_145,W,56.220933831265036
qwen3-8b,g24cfb_145,Y0,77.11018053499757
qwen3-8b,g24cfb_146,A+,99.99999999999825
qwen3-8b,g24cfb_146,A-,88.88706932053395
qwen3-8b,g24cfb_146,CF+,0.00039449221115437185
qwen3-8b,g24cfb_146,CF-,62.668611281122494
qwen3-8b,g24cfb_146,I,0.057354398643018646
qwen3-8b,g24cfb_146,W,44.43786524121347
qwen3-8b,g24cfb_146,Y0,4.988968047380256e-08
qwen3-8b,g24cfb_147,A+,99.99999999984544
qwen3-8b,g24cfb_147,A-,4.320626363828693e-08
qwen3-8b,g24cfb_147,CF+,43.50608580991391
qwen3-8b,g24cfb_147,CF-,43.95844221208469
qwen3-8b,g24cfb_147,I,0.06878486149736092
qwen3-8b,g24cfb_147,W,44.33920397669481
qwen3-8b,g24cfb_147,Y0,53.07151508891183
qwen3-8b,g24cfb_149,A+,0.4275819677138303
qwen3-8b,g24cfb_149,A-,2.9574507301939705e-10
qwen3-8b,g24cfb_149,CF+,53.818486128938275
qwen3-8b,g24cfb_149,CF-,0.009826519423832052
qwen3-8b,g24cfb_149,I,99.86842063748234
qwen3-8b,g24cfb_149,W,99.9999999193474
qwen3-8b,g24cfb_149,Y0,3.1015895241105825e-11
qwen3-8b,g24cfb_152,A+,82.97702642025719
qwen3-8b,g24cfb_152,A-,2.511804890397185e-09
qwen3-8b,g24cfb_152,CF+,33.324997201736835
qwen3-8b,g24cfb_152,CF-,46.65386223535628
qwen3-8b,g24cfb_152,I,0.004248301493894407
qwen3-8b,g24cfb_152,W,47.52807492331187
qwen3-8b,g24cfb_152,Y0,66.13975514339573
qwen3-8b,g24cfb_153,A+,99.99999999992684
qwen3-8b,g24cfb_153,A-,1.5506024526798673e-08
qwen3-8b,g24cfb_153,CF+,32.176212070069084
qwen3-8b,g24cfb_153,CF-,33.159083704912966
qwen3-8b,g24cfb_153,I,99.87170308954275
qwen3-8b,g24cfb_153,W,44.1347969278063
qwen3-8b,g24cfb_153,Y0,99.99999998609185
qwen3-8b,g24cfb_155,A+,99.99999999998369
qwen3-8b,g24cfb_155,A-,2.5579820821673423e-08
qwen3-8b,g24cfb_155,CF+,99.92562825302258
qwen3-8b,g24cfb_155,CF-,1.3159046891008384e-05
qwen3-8b,g24cfb_155,I,99.865612593718
qwen3-8b,g24cfb_155,W,99.99999992005911
qwen3-8b,g24cfb_155,Y0,99.99999999689958
qwen3-8b,g24cfb_157,A+,99.99999999999915
qwen3-8b,g24cfb_157,A-,5.190393668288361e-08
qwen3-8b,g24cfb_157,CF+,88.86747828034194
qwen3-8b,g24cfb_157,CF-,44.43105863046999
qwen3-8b,g24cfb_157,I,99.9999999997335
qwen3-8b,g24cfb_157,W,99.99999999995514
qwen3-8b,g24cfb_157,Y0,99.99999999997856
qwen3-8b,g24cfb_158,A+,99.99999999999777
qwen3-8b,g24cfb_158,A-,88.88890104154956
qwen3-8b,g24cfb_158,CF+,30.167417616092184
qwen3-8b,g24cfb_158,CF-,43.083633889835696
qwen3-8b,g24cfb_158,I,5.694521781825913e-08
qwen3-8b,g24cfb_158,W,44.444568641308706
qwen3-8b,g24cfb_158,Y0,33.047543247284565
qwen3-8b,g24cfb_161,A+,5.72495899554232e-07
qwen3-8b,g24cfb_161,A-,1.2000570568838439e-08
qwen3-8b,g24cfb_161,CF+,40.192560201840394
qwen3-8b,g24cfb_161,CF-,0.2656802544762298
qwen3-8b,g24cfb_161,I,2.307145798069188
qwen3-8b,g24cfb_161,W,55.710140538618624
qwen3-8b,g24cfb_161,Y0,60.41835520465801
qwen3-8b,g24cfb_163,A+,99.99999999997299
qwen3-8b,g24cfb_163,A-,88.91636087193037
qwen3-8b,g24cfb_163,CF+,54.13709822902878
qwen3-8b,g24cfb_163,CF-,46.444125553462335
qwen3-8b,g24cfb_163,I,0.24016770036852522
qwen3-8b,g24cfb_163,W,7.597480758672337e-05
qwen3-8b,g24cfb_163,Y0,52.51510532714151
qwen3-8b,g24cfb_165,A+,66.86802051195467
qwen3-8b,g24cfb_165,A-,63.0820295060086
qwen3-8b,g24cfb_165,CF+,14.595647172552342
qwen3-8b,g24cfb_165,CF-,0.4690409353169168
qwen3-8b,g24cfb_165,I,0.00016311193040275266
qwen3-8b,g24cfb_165,W,0.0011838976173043705
qwen3-8b,g24cfb_165,Y0,55.55562322694138
qwen3-8b,g24cfb_168,A+,99.99999999999949
qwen3-8b,g24cfb_168,A-,9.146821314196153e-09
qwen3-8b,g24cfb_168,CF+,77.88316573440235
qwen3-8b,g24cfb_168,CF-,34.93149395542874
qwen3-8b,g24cfb_168,I,99.99999069797663
qwen3-8b,g24cfb_168,W,99.99999997709614
qwen3-8b,g24cfb_168,Y0,99.99999997057799
qwen3-8b,g24cfb_169,A+,99.99772838122334
qwen3-8b,g24cfb_169,A-,78.82441576906615
qwen3-8b,g24cfb_169,CF+,1.2458582898633437
qwen3-8b,g24cfb_169,CF-,0.2859498579541597
qwen3-8b,g24cfb_169,I,6.370079835583018e-08
qwen3-8b,g24cfb_169,W,1.9766723405975446e-05
qwen3-8b,g24cfb_169,Y0,1.4139715121420856e-08
qwen3-8b,g24cfb_170,A+,99.99999999998369
qwen3-8b,g24cfb_170,A-,5.453398431740562e-09
qwen3-8b,g24cfb_170,CF+,1.0797043925721712e-06
qwen3-8b,g24cfb_170,CF-,0.3690065629891661
qwen3-8b,g24cfb_170,I,99.9999943592781
qwen3-8b,g24cfb_170,W,77.75320099514572
qwen3-8b,g24cfb_170,Y0,99.99999998917723
qwen3-8b,g24cfb_172,A+,99.9999999999901
qwen3-8b,g24cfb_172,A-,7.693436849077694e-10
qwen3-8b,g24cfb_172,CF+,0.21557116082326822
qwen3-8b,g24cfb_172,CF-,0.00022981504586594586
qwen3-8b,g24cfb_172,I,50.270108266336706
qwen3-8b,g24cfb_172,W,99.99999999967231
qwen3-8b,g24cfb_172,Y0,99.99999999930799
qwen3-8b,g24cfb_173,A+,99.99999999998725
qwen3-8b,g24cfb_173,A-,8.080244284937776e-08
qwen3-8b,g24cfb_173,CF+,30.334144506184877
qwen3-8b,g24cfb_173,CF-,56.858717338230235
qwen3-8b,g24cfb_173,I,51.90745117545684
qwen3-8b,g24cfb_173,W,33.10956191151442
qwen3-8b,g24cfb_173,Y0,64.63974918777157
qwen3-8b,g24cfb_174,A+,99.99999999998369
qwen3-8b,g24cfb_174,A-,57.187792317576346
qwen3-8b,g24cfb_174,CF+,20.757075594933866
qwen3-8b,g24cfb_174,CF-,33.35432055927444
qwen3-8b,g24cfb_174,I,0.056800377504129224
qwen3-8b,g24cfb_174,W,44.44323826647364
qwen3-8b,g24cfb_174,Y0,32.34693703993712
qwen3-8b,g24cfb_176,A+,99.99999999999635
qwen3-8b,g24cfb_176,A-,2.860019922286793e-10
qwen3-8b,g24cfb_176,CF+,12.168510994107518
qwen3-8b,g24cfb_176,CF-,46.03225294256099
qwen3-8b,g24cfb_176,I,99.99999999852211
qwen3-8b,g24cfb_176,W,99.99999999601386
qwen3-8b,g24cfb_176,Y0,99.99998476330579
qwen3-8b,g24cfb_177,A+,99.9999999999953
qwen3-8b,g24cfb_177,A-,8.968852626915115
qwen3-8b,g24cfb_177,CF+,76.93818841194258
qwen3-8b,g24cfb_177,CF-,4.942302620929429
qwen3-8b,g24cfb_177,I,31.69475395430648
qwen3-8b,g24cfb_177,W,78.07106928827878
qwen3-8b,g24cfb_177,Y0,99.9999999705678
qwen3-8b,g24cfb_178,A+,99.99999999930759
qwen3-8b,g24cfb_178,A-,2.6143680537875506e-08
qwen3-8b,g24cfb_178,CF+,70.69229238310567
qwen3-8b,g24cfb_178,CF-,55.96416178101123
qwen3-8b,g24cfb_178,I,99.99422446547977
qwen3-8b,g24cfb_178,W,99.99969403993038
qwen3-8b,g24cfb_178,Y0,99.99999964135726
qwen3-8b,g24cfb_179,A+,88.04601958109664
qwen3-8b,g24cfb_179,A-,77.57872422968993
qwen3-8b,g24cfb_179,CF+,88.89870569282026
qwen3-8b,g24cfb_179,CF-,99.99995859205588
qwen3-8b,g24cfb_179,I,99.99999896327262
qwen3-8b,g24cfb_179,W,99.99999997709686
qwen3-8b,g24cfb_179,Y0,99.99999999995548
qwen3-8b,g24cfb_180,A+,99.99999999999935
qwen3-8b,g24cfb_180,A-,6.835076622115414e-09
qwen3-8b,g24cfb_180,CF+,66.80150098979938
qwen3-8b,g24cfb_180,CF-,43.339445844714014
qwen3-8b,g24cfb_180,I,0.19482028592529968
qwen3-8b,g24cfb_180,W,66.4508876291851
qwen3-8b,g24cfb_180,Y0,99.99999998917981
qwen3-8b,g24cfb_181,A+,99.99999999998727
qwen3-8b,g24cfb_181,A-,1.8845770821557188e-10
qwen3-8b,g24cfb_181,CF+,0.01945879523850165
qwen3-8b,g24cfb_181,CF-,0.008275285652598064
qwen3-8b,g24cfb_181,I,0.09036247378061696
qwen3-8b,g24cfb_181,W,0.0006925431846689465
qwen3-8b,g24cfb_181,Y0,45.361678529425006
qwen3-8b,g24cfb_182,A+,99.99999999999916
qwen3-8b,g24cfb_182,A-,9.520727868096064e-10
qwen3-8b,g24cfb_182,CF+,99.99999997704172
qwen3-8b,g24cfb_182,CF-,86.7481423882908
qwen3-8b,g24cfb_182,I,99.99999793441174
qwen3-8b,g24cfb_182,W,99.99999999999218
qwen3-8b,g24cfb_182,Y0,99.99999999946009
qwen3-8b,g24cfb_183,A+,99.99999999998357
qwen3-8b,g24cfb_183,A-,6.912716552022578e-09
qwen3-8b,g24cfb_183,CF+,0.0870825247950356
qwen3-8b,g24cfb_183,CF-,0.00031496391350376154
qwen3-8b,g24cfb_183,I,99.9999999999938
qwen3-8b,g24cfb_183,W,99.99999999987874
qwen3-8b,g24cfb_183,Y0,99.99999999996547
qwen3-8b,g24cfb_185,A+,99.99999999343403
qwen3-8b,g24cfb_185,A-,3.374468169121666e-09
qwen3-8b,g24cfb_185,CF+,70.86040311992208
qwen3-8b,g24cfb_185,CF-,4.759526308063819e-05
qwen3-8b,g24cfb_185,I,96.20824705926992
qwen3-8b,g24cfb_185,W,99.99988743128038
qwen3-8b,g24cfb_185,Y0,99.99999999343423
qwen3-8b,g24cfb_188,A+,96.43436941386624
qwen3-8b,g24cfb_188,A-,1.6597391527235872e-07
qwen3-8b,g24cfb_188,CF+,34.65877205289809
qwen3-8b,g24cfb_188,CF-,43.142262952328814
qwen3-8b,g24cfb_188,I,1.4800336204122168e-06
qwen3-8b,g24cfb_188,W,0.003231571475060934
qwen3-8b,g24cfb_188,Y0,33.34590092175699
qwen3-8b,g24cfb_189,A+,55.078804920592994
qwen3-8b,g24cfb_189,A-,99.99999999996548
qwen3-8b,g24cfb_189,CF+,33.36231088258937
qwen3-8b,g24cfb_189,CF-,1.2551603199179975
qwen3-8b,g24cfb_189,I,4.290710358474058e-09
qwen3-8b,g24cfb_189,W,6.817665863876348
qwen3-8b,g24cfb_189,Y0,3.1785995753944736
qwen3-8b,g24cfb_190,A+,99.99999999994277
qwen3-8b,g24cfb_190,A-,0.0010326996463942354
qwen3-8b,g24cfb_190,CF+,63.97787596986692
qwen3-8b,g24cfb_190,CF-,66.65381544806371
qwen3-8b,g24cfb_190,I,45.722243122167896
qwen3-8b,g24cfb_190,W,44.444439542904696
qwen3-8b,g24cfb_190,Y0,77.79634346101984
qwen3-8b,g24cfb_191,A+,99.99999999999534
qwen3-8b,g24cfb_191,A-,87.76711367771198
qwen3-8b,g24cfb_191,CF+,65.82370094009994
qwen3-8b,g24cfb_191,CF-,57.69654650613578
qwen3-8b,g24cfb_191,I,99.90022718896782
qwen3-8b,g24cfb_191,W,76.71833623022793
qwen3-8b,g24cfb_191,Y0,99.99999999930736
qwen3-8b,g24cfb_192,A+,99.99999999999632
qwen3-8b,g24cfb_192,A-,88.14045468713363
qwen3-8b,g24cfb_192,CF+,87.76153646534566
qwen3-8b,g24cfb_192,CF-,0.23831574038411446
qwen3-8b,g24cfb_192,I,99.99383419095174
qwen3-8b,g24cfb_192,W,66.97936826855909
qwen3-8b,g24cfb_192,Y0,99.97859157818726
qwen3-8b,g24cfb_195,A+,99.9999999999268
qwen3-8b,g24cfb_195,A-,99.99999999996537
qwen3-8b,g24cfb_195,CF+,0.005112287698552557
qwen3-8b,g24cfb_195,CF-,27.181896223936228
qwen3-8b,g24cfb_195,I,90.91497242365932
qwen3-8b,g24cfb_195,W,28.590785986488875
qwen3-8b,g24cfb_195,Y0,77.50795267600914
qwen3-8b,g24cfb_196,A+,99.7446955347436
qwen3-8b,g24cfb_196,A-,8.549725439507844e-09
qwen3-8b,g24cfb_196,CF+,67.33418440833768
qwen3-8b,g24cfb_196,CF-,26.663612613518765
qwen3-8b,g24cfb_196,I,85.40859214261214
qwen3-8b,g24cfb_196,W,66.54591091470672
qwen3-8b,g24cfb_196,Y0,43.44209683444986
qwen3-8b,g24cfb_197,A+,99.99999992000953
qwen3-8b,g24cfb_197,A-,61.93355103467056
qwen3-8b,g24cfb_197,CF+,33.26914589655998
qwen3-8b,g24cfb_197,CF-,32.567419722265896
qwen3-8b,g24cfb_197,I,2.1984450788773492e-05
qwen3-8b,g24cfb_197,W,36.25007867219884
qwen3-8b,g24cfb_197,Y0,33.3684812626627
qwen3-8b,g24cfb_198,A+,99.99999999967245
qwen3-8b,g24cfb_198,A-,99.99999972085158
qwen3-8b,g24cfb_198,CF+,54.4269645947162
qwen3-8b,g24cfb_198,CF-,97.0056883839993
qwen3-8b,g24cfb_198,I,99.99999999678651
qwen3-8b,g24cfb_198,W,70.83830160238983
qwen3-8b,g24cfb_198,Y0,99.9999999915413
qwen3-8b,g24cfb_200,A+,88.55536262766222
qwen3-8b,g24cfb_200,A-,29.908262687567557
qwen3-8b,g24cfb_200,CF+,45.25573974163794
qwen3-8b,g24cfb_200,CF-,42.367497968330184
qwen3-8b,g24cfb_200,I,8.971636890958507
qwen3-8b,g24cfb_200,W,33.37599326000258
qwen3-8b,g24cfb_200,Y0,99.99999999967248
qwen3-8b,g24cfb_201,A+,99.99999999999393
qwen3-8b,g24cfb_201,A-,38.4348784684957
qwen3-8b,g24cfb_201,CF+,15.192568291716603
qwen3-8b,g24cfb_201,CF-,55.004095492548096
qwen3-8b,g24cfb_201,I,3.4812321715331143
qwen3-8b,g24cfb_201,W,99.9998554405952
qwen3-8b,g24cfb_201,Y0,46.06766359896243
qwen3-8b,g24cfb_202,A+,2.7493544221033526e-05
qwen3-8b,g24cfb_202,A-,18.933684914812737
qwen3-8b,g24cfb_202,CF+,54.73237549562535
qwen3-8b,g24cfb_202,CF-,0.845743868829405
qwen3-8b,g24cfb_202,I,0.0013822889312537316
qwen3-8b,g24cfb_202,W,3.5645035376583313e-06
qwen3-8b,g24cfb_202,Y0,0.010298378307125992
qwen3-8b,g24cfb_203,A+,99.9999999999953
qwen3-8b,g24cfb_203,A-,8.89072102997825e-08
qwen3-8b,g24cfb_203,CF+,1.4248085241107045
qwen3-8b,g24cfb_203,CF-,55.554725761515016
qwen3-8b,g24cfb_203,I,99.99999211888232
qwen3-8b,g24cfb_203,W,99.99999996223099
qwen3-8b,g24cfb_203,Y0,99.99999953995189
qwen3-8b,g24cfb_206,A+,99.99999999958007
qwen3-8b,g24cfb_206,A-,2.954567019822555e-10
qwen3-8b,g24cfb_206,CF+,0.0004502663667923118
qwen3-8b,g24cfb_206,CF-,0.0034700914711148305
qwen3-8b,g24cfb_206,I,0.0011309123481043528
qwen3-8b,g24cfb_206,W,0.0010488672559890591
qwen3-8b,g24cfb_206,Y0,99.99998476671666
qwen3-8b,g24cfb_207,A+,99.99999999885897
qwen3-8b,g24cfb_207,A-,2.034971868706362e-09
qwen3-8b,g24cfb_207,CF+,38.24906002045848
qwen3-8b,g24cfb_207,CF-,33.42868290713156
qwen3-8b,g24cfb_207,I,15.883239103122962
qwen3-8b,g24cfb_207,W,33.31839483201812
qwen3-8b,g24cfb_207,Y0,3.826866588824125e-07
qwen3-8b,g24cfb_208,A+,99.99999995135484
qwen3-8b,g24cfb_208,A-,1.8043047819086746e-08
qwen3-8b,g24cfb_208,CF+,30.209334531463792
qwen3-8b,g24cfb_208,CF-,41.10922100520576
qwen3-8b,g24cfb_208,I,8.349957042160227e-05
qwen3-8b,g24cfb_208,W,44.01117452601321
qwen3-8b,g24cfb_208,Y0,99.9999999327187
qwen3-8b,g24cfb_210,A+,99.99999999488237
qwen3-8b,g24cfb_210,A-,99.99979988959238
qwen3-8b,g24cfb_210,CF+,66.59237518576161
qwen3-8b,g24cfb_210,CF-,33.324790121473455
qwen3-8b,g24cfb_210,I,0.018943675357738325
qwen3-8b,g24cfb_210,W,46.44482540651303
qwen3-8b,g24cfb_210,Y0,55.54113533653612
qwen3-8b,g24cfb_211,A+,99.99999983074503
qwen3-8b,g24cfb_211,A-,74.21159235716249
qwen3-8b,g24cfb_211,CF+,46.32060390517706
qwen3-8b,g24cfb_211,CF-,37.95240745309172
qwen3-8b,g24cfb_211,I,60.28097424736292
qwen3-8b,g24cfb_211,W,33.62716475769072
qwen3-8b,g24cfb_211,Y0,99.9991683725656
qwen3-8b,g24cfb_212,A+,99.99999999811224
qwen3-8b,g24cfb_212,A-,5.171500484473806e-08
qwen3-8b,g24cfb_212,CF+,25.645412607598924
qwen3-8b,g24cfb_212,CF-,0.668812004932629
qwen3-8b,g24cfb_212,I,1.3500363854695765e-07
qwen3-8b,g24cfb_212,W,2.993453926343826e-08
qwen3-8b,g24cfb_212,Y0,4.366108409906038e-06
qwen3-8b,g24cfb_213,A+,99.99999999992667
qwen3-8b,g24cfb_213,A-,1.6404899264288341e-09
qwen3-8b,g24cfb_213,CF+,6.107016974423894e-05
qwen3-8b,g24cfb_213,CF-,44.59423047877025
qwen3-8b,g24cfb_213,I,0.007268855124082069
qwen3-8b,g24cfb_213,W,44.44301318435514
qwen3-8b,g24cfb_213,Y0,1.0680607735581624
qwen3-8b,g24cfb_216,A+,99.99999999997898
qwen3-8b,g24cfb_216,A-,90.91583495348269
qwen3-8b,g24cfb_216,CF+,55.51974511421174
qwen3-8b,g24cfb_216,CF-,47.40440603668891
qwen3-8b,g24cfb_216,I,0.03450711058069275
qwen3-8b,g24cfb_216,W,0.371253870704897
qwen3-8b,g24cfb_216,Y0,59.75043957718468
qwen3-8b,g24cfb_217,A+,99.99999999945987
qwen3-8b,g24cfb_217,A-,6.889511081687023e-09
qwen3-8b,g24cfb_217,CF+,99.99995857945278
qwen3-8b,g24cfb_217,CF-,99.90422239185844
qwen3-8b,g24cfb_217,I,99.9999999993014
qwen3-8b,g24cfb_217,W,3.7560696432190165e-07
qwen3-8b,g24cfb_217,Y0,4.724675809479269e-11
qwen3-8b,g24cfb_218,A+,8.200250851639747e-10
qwen3-8b,g24cfb_218,A-,2.0374843769154116e-09
qwen3-8b,g24cfb_218,CF+,49.57623629250844
qwen3-8b,g24cfb_218,CF-,33.206381494269834
qwen3-8b,g24cfb_218,I,0.029425052945851873
qwen3-8b,g24cfb_218,W,4.689613255672218e-06
qwen3-8b,g24cfb_218,Y0,3.243331737828402e-09
qwen3-8b,g24cfb_219,A+,99.99999999997294
qwen3-8b,g24cfb_219,A-,2.6683631194701525e-08
qwen3-8b,g24cfb_219,CF+,55.806805687044786
qwen3-8b,g24cfb_219,CF-,0.23758287028620734
qwen3-8b,g24cfb_219,I,99.99576027859177
qwen3-8b,g24cfb_219,W,30.845095897407045
qwen3-8b,g24cfb_219,Y0,0.000171390804978531
qwen3-8b,g24cfb_222,A+,99.99999999997311
qwen3-8b,g24cfb_222,A-,7.925573180316513e-07
qwen3-8b,g24cfb_222,CF+,1.2300703084655083e-08
qwen3-8b,g24cfb_222,CF-,44.44446678532492
qwen3-8b,g24cfb_222,I,9.778806883465952
qwen3-8b,g24cfb_222,W,44.444182176470015
qwen3-8b,g24cfb_222,Y0,0.21507898096209538
qwen3-8b,g24cfb_223,A+,99.99999999758427
qwen3-8b,g24cfb_223,A-,0.0884671128489829
qwen3-8b,g24cfb_223,CF+,48.95155445808929
qwen3-8b,g24cfb_223,CF-,54.137755882767024
qwen3-8b,g24cfb_223,I,0.01556762296724929
qwen3-8b,g24cfb_223,W,42.79413196570884
qwen3-8b,g24cfb_223,Y0,25.824149260019666
qwen3-8b,g24cfb_224,A+,64.18988101859462
qwen3-8b,g24cfb_224,A-,2.6947427331578154e-09
qwen3-8b,g24cfb_224,CF+,30.163098575250324
qwen3-8b,g24cfb_224,CF-,2.163404987273676e-05
qwen3-8b,g24cfb_224,I,0.03150629885439901
qwen3-8b,g24cfb_224,W,44.24457471567021
qwen3-8b,g24cfb_224,Y0,24.24550943252153
qwen3-8b,g24cfb_226,A+,90.53383320008986
qwen3-8b,g24cfb_226,A-,3.273009093388952e-08
qwen3-8b,g24cfb_226,CF+,0.00013632737004962622
qwen3-8b,g24cfb_226,CF-,0.036021273451266135
qwen3-8b,g24cfb_226,I,5.920972597880889e-06
qwen3-8b,g24cfb_226,W,0.440281624288579
qwen3-8b,g24cfb_226,Y0,0.00032048991710437484
qwen3-8b,g24cfb_227,A+,99.99999999997891
qwen3-8b,g24cfb_227,A-,2.747878930665303e-09
qwen3-8b,g24cfb_227,CF+,0.0001518555503944936
qwen3-8b,g24cfb_227,CF-,4.724744362221003e-09
qwen3-8b,g24cfb_227,I,99.9999937012441
qwen3-8b,g24cfb_227,W,11.125228654148593
qwen3-8b,g24cfb_227,Y0,99.9999999770845
qwen3-8b,g24cfb_228,A+,99.99999940930277
qwen3-8b,g24cfb_228,A-,77.78311768445036
qwen3-8b,g24cfb_228,CF+,66.51101330666783
qwen3-8b,g24cfb_228,CF-,76.71834889137614
qwen3-8b,g24cfb_228,I,70.15796005906695
qwen3-8b,g24cfb_228,W,46.02019261346414
qwen3-8b,g24cfb_228,Y0,88.83593127104118
qwen3-8b,g24cfb_229,A+,99.95460148428204
qwen3-8b,g24cfb_229,A-,2.626787614582226e-09
qwen3-8b,g24cfb_229,CF+,4.1532599518149434e-05
qwen3-8b,g24cfb_229,CF-,3.237341689679021e-05
qwen3-8b,g24cfb_229,I,2.35744628875006e-08
qwen3-8b,g24cfb_229,W,8.619413459771684e-09
qwen3-8b,g24cfb_229,Y0,3.728363493239646e-10
qwen3-8b,g24cfb_230,A+,99.9999999988575
qwen3-8b,g24cfb_230,A-,99.99709778834226
qwen3-8b,g24cfb_230,CF+,6.550573678792047e-07
qwen3-8b,g24cfb_230,CF-,30.15498810694439
qwen3-8b,g24cfb_230,I,50.39733071037134
qwen3-8b,g24cfb_230,W,0.001961535603773867
qwen3-8b,g24cfb_230,Y0,4.477143689915378
qwen3-8b,g24cfb_231,A+,99.99981438252989
qwen3-8b,g24cfb_231,A-,0.0005732908816082484
qwen3-8b,g24cfb_231,CF+,0.001732192902854558
qwen3-8b,g24cfb_231,CF-,1.6964254900624849e-06
qwen3-8b,g24cfb_231,I,7.651312991348717e-05
qwen3-8b,g24cfb_231,W,3.281157934164266e-05
qwen3-8b,g24cfb_231,Y0,1.4139119802714872e-08
qwen3-8b,g24cfb_232,A+,89.02352104277993
qwen3-8b,g24cfb_232,A-,8.864559609501109e-08
qwen3-8b,g24cfb_232,CF+,33.38890014404117
qwen3-8b,g24cfb_232,CF-,36.26058161014267
qwen3-8b,g24cfb_232,I,0.00169951575629181
qwen3-8b,g24cfb_232,W,3.2193856019715542e-09
qwen3-8b,g24cfb_232,Y0,2.1529865207716416e-10
qwen3-8b,g24cfb_233,A+,99.99999999998701
qwen3-8b,g24cfb_233,A-,3.265385442488373e-08
qwen3-8b,g24cfb_233,CF+,7.078422526911078e-07
qwen3-8b,g24cfb_233,CF-,0.0001735349921429546
qwen3-8b,g24cfb_233,I,1.813391409789701e-05
qwen3-8b,g24cfb_233,W,44.443994095406744
qwen3-8b,g24cfb_233,Y0,1.0568996812907889e-07
qwen3-8b,g24cfb_234,A+,99.9999999860891
qwen3-8b,g24cfb_234,A-,99.9996939505849
qwen3-8b,g24cfb_234,CF+,99.91965025076337
qwen3-8b,g24cfb_234,CF-,99.96146188982536
qwen3-8b,g24cfb_234,I,52.52914111126495
qwen3-8b,g24cfb_234,W,71.53087650746727
qwen3-8b,g24cfb_234,Y0,99.99999998216198
qwen3-8b,g24cfb_236,A+,99.99999999987962
qwen3-8b,g24cfb_236,A-,98.35503110401402
qwen3-8b,g24cfb_236,CF+,99.99997488518721
qwen3-8b,g24cfb_236,CF-,88.88886641095081
qwen3-8b,g24cfb_236,I,54.98346232954594
qwen3-8b,g24cfb_236,W,77.82469934984064
qwen3-8b,g24cfb_236,Y0,99.67430827310116
qwen3-8b,g24cfb_237,A+,99.99999997709375
qwen3-8b,g24cfb_237,A-,89.53517980990183
qwen3-8b,g24cfb_237,CF+,34.429579979668546
qwen3-8b,g24cfb_237,CF-,55.142675708413684
qwen3-8b,g24cfb_237,I,50.93944276584247
qwen3-8b,g24cfb_237,W,33.34606862895586
qwen3-8b,g24cfb_237,Y0,1.6415689745028178e-06
qwen3-8b,g24cfb_239,A+,88.65834348507525
qwen3-8b,g24cfb_239,A-,72.73005009513781
qwen3-8b,g24cfb_239,CF+,46.0676357549146
qwen3-8b,g24cfb_239,CF-,48.96842068927599
qwen3-8b,g24cfb_239,I,48.888413406733775
qwen3-8b,g24cfb_239,W,33.37882528644334
qwen3-8b,g24cfb_239,Y0,67.18884668189241
qwen3-8b,g24cfb_240,A+,99.99999999987952
qwen3-8b,g24cfb_240,A-,78.77820540517362
qwen3-8b,g24cfb_240,CF+,54.9109906295096
qwen3-8b,g24cfb_240,CF-,99.33235359911981
qwen3-8b,g24cfb_240,I,55.09586072095333
qwen3-8b,g24cfb_240,W,66.74896757308937
qwen3-8b,g24cfb_240,Y0,99.99999999930763
qwen3-8b,g24cfb_245,A+,50.55343175628987
qwen3-8b,g24cfb_245,A-,34.030192614258574
qwen3-8b,g24cfb_245,CF+,40.59466715069834
qwen3-8b,g24cfb_245,CF-,42.37454562885469
qwen3-8b,g24cfb_245,I,0.8280534937073132
qwen3-8b,g24cfb_245,W,0.008729462406985765
qwen3-8b,g24cfb_245,Y0,68.69332602982095
qwen3-8b,g24cfb_246,A+,99.99999999990592
qwen3-8b,g24cfb_246,A-,99.99998476628892
qwen3-8b,g24cfb_246,CF+,49.5603314335281
qwen3-8b,g24cfb_246,CF-,33.32380099985663
qwen3-8b,g24cfb_246,I,5.321457565052163e-06
qwen3-8b,g24cfb_246,W,66.84757169710488
qwen3-8b,g24cfb_246,Y0,1.666628300865082e-06
qwen3-8b,g24cfb_248,A+,99.99999999984547
qwen3-8b,g24cfb_248,A-,1.533651714953839e-07
qwen3-8b,g24cfb_248,CF+,1.0230347943200277e-05
qwen3-8b,g24cfb_248,CF-,30.571683542527165
qwen3-8b,g24cfb_248,I,49.80610462997055
qwen3-8b,g24cfb_248,W,22.502363937335012
qwen3-8b,g24cfb_248,Y0,0.0005229670274500544
qwen3-8b,g24cfb_249,A+,99.99999999997301
qwen3-8b,g24cfb_249,A-,5.535555370230951e-08
qwen3-8b,g24cfb_249,CF+,54.50612972673327
qwen3-8b,g24cfb_249,CF-,2.052157076029538e-05
qwen3-8b,g24cfb_249,I,12.758317270832002
qwen3-8b,g24cfb_249,W,1.1246878951509198e-08
qwen3-8b,g24cfb_249,Y0,0.09535520472167955
qwen3-8b,g24cfb_250,A+,99.99999999157215
qwen3-8b,g24cfb_250,A-,77.84735902071438
qwen3-8b,g24cfb_250,CF+,54.256019091580356
qwen3-8b,g24cfb_250,CF-,66.6429124417045
qwen3-8b,g24cfb_250,I,1.3675421089746683e-07
qwen3-8b,g24cfb_250,W,4.357840839123948e-10
qwen3-8b,g24cfb_250,Y0,7.124033911870179e-10
qwen3-8b,g24cfb_253,A+,2.299987013241504
qwen3-8b,g24cfb_253,A-,99.99999999999007
qwen3-8b,g24cfb_253,CF+,0.00026219399025798415
qwen3-8b,g24cfb_253,CF-,99.99999924140265
qwen3-8b,g24cfb_253,I,5.3734647152612964e-06
qwen3-8b,g24cfb_253,W,9.357626862396153e-10
qwen3-8b,g24cfb_253,Y0,1.6554862867905332e-10
qwen3-8b,g24cfb_254,A+,99.99999999999913
qwen3-8b,g24cfb_254,A-,99.99999999885821
qwen3-8b,g24cfb_254,CF+,88.88919424958928
qwen3-8b,g24cfb_254,CF-,9.405092169248782
qwen3-8b,g24cfb_254,I,99.99999999309759
qwen3-8b,g24cfb_254,W,99.99999999758292
qwen3-8b,g24cfb_254,Y0,99.99999999992696
qwen3-8b,g24cfb_255,A+,99.99999999487709
qwen3-8b,g24cfb_255,A-,99.9999999999265
qwen3-8b,g24cfb_255,CF+,67.73633138632924
qwen3-8b,g24cfb_255,CF-,46.42943376783865
qwen3-8b,g24cfb_255,I,99.99999999984298
qwen3-8b,g24cfb_255,W,99.99993173051028
qwen3-8b,g24cfb_255,Y0,88.8891265691616
qwen3-8b,g24cfb_256,A+,88.56796742270961
qwen3-8b,g24cfb_256,A-,4.563848355864162e-09
qwen3-8b,g24cfb_256,CF+,86.41296605248735
qwen3-8b,g24cfb_256,CF-,27.804443769879164
qwen3-8b,g24cfb_256,I,0.03257901407448596
qwen3-8b,g24cfb_256,W,2.1603485264812387e-06
qwen3-8b,g24cfb_256,Y0,6.333610095329534e-11
qwen3-8b,g24cfb_258,A+,99.99999999990624
qwen3-8b,g24cfb_258,A-,99.99999999999528
qwen3-8b,g24cfb_258,CF+,78.4209290805138
qwen3-8b,g24cfb_258,CF-,8.495219850448714e-08
qwen3-8b,g24cfb_258,I,0.0025007364093648566
qwen3-8b,g24cfb_258,W,38.80798759254161
qwen3-8b,g24cfb_258,Y0,89.04513955805342
qwen3-8b,g24cfb_259,A+,99.99999793836467
qwen3-8b,g24cfb_259,A-,13.51039130404778
qwen3-8b,g24cfb_259,CF+,2.1323253104879253e-06
qwen3-8b,g24cfb_259,CF-,8.081233180310512e-08
qwen3-8b,g24cfb_259,I,2.6228243887958754e-10
qwen3-8b,g24cfb_259,W,4.32691337011162e-10
qwen3-8b,g24cfb_259,Y0,9.59182595343672e-11
qwen3-8b,g24cfb_260,A+,99.99999999997898
qwen3-8b,g24cfb_260,A-,9.901077803780313e-10
qwen3-8b,g24cfb_260,CF+,99.99999999967234
qwen3-8b,g24cfb_260,CF-,1.2486452103632857
qwen3-8b,g24cfb_260,I,99.99999999930216
qwen3-8b,g24cfb_260,W,99.99999999997817
qwen3-8b,g24cfb_260,Y0,99.99999999999933
qwen3-8b,g24cfb_261,A+,99.99999999946101
qwen3-8b,g24cfb_261,A-,7.414703966145564e-10
qwen3-8b,g24cfb_261,CF+,0.09431964577669422
qwen3-8b,g24cfb_261,CF-,0.0067851442779266
qwen3-8b,g24cfb_261,I,0.006236681923717081
qwen3-8b,g24cfb_261,W,13.081261865867189
qwen3-8b,g24cfb_261,Y0,3.4206849652560666e-06
qwen3-8b,g24cfb_262,A+,99.999999999943
qwen3-8b,g24cfb_262,A-,1.8742957691292755e-08
qwen3-8b,g24cfb_262,CF+,9.59808593455051e-08
qwen3-8b,g24cfb_262,CF-,5.207132997079219e-07
qwen3-8b,g24cfb_262,I,1.174354680667128e-09
qwen3-8b,g24cfb_262,W,3.1702564756307036e-09
qwen3-8b,g24cfb_262,Y0,99.99991230546571
qwen3-8b,g24cfb_263,A+,99.99999902616146
qwen3-8b,g24cfb_263,A-,99.74433739717801
qwen3-8b,g24cfb_263,CF+,56.87004171493515
qwen3-8b,g24cfb_263,CF-,33.40382698664753
qwen3-8b,g24cfb_263,I,33.30937510927467
qwen3-8b,g24cfb_263,W,3.7470304611089553e-06
qwen3-8b,g24cfb_263,Y0,9.807963943106431e-08
qwen3-8b,g24cfb_264,A+,99.99999999342572
qwen3-8b,g24cfb_264,A-,1.541580511921621e-08
qwen3-8b,g24cfb_264,CF+,43.72168979429759
qwen3-8b,g24cfb_264,CF-,27.723296232509064
qwen3-8b,g24cfb_264,I,99.9999815223868
qwen3-8b,g24cfb_264,W,99.99975965820813
qwen3-8b,g24cfb_264,Y0,9.59054595543957e-10
qwen3-8b,g24cfb_265,A+,99.99999999994284
qwen3-8b,g24cfb_265,A-,99.99999998534706
qwen3-8b,g24cfb_265,CF+,57.19061022684852
qwen3-8b,g24cfb_265,CF-,50.75599594756738
qwen3-8b,g24cfb_265,I,0.01299258471443287
qwen3-8b,g24cfb_265,W,4.265233024485316e-09
qwen3-8b,g24cfb_265,Y0,2.033216278345882e-09
qwen3-8b,g24cfb_269,A+,99.99999999990582
qwen3-8b,g24cfb_269,A-,38.35257074328013
qwen3-8b,g24cfb_269,CF+,8.431818592560512
qwen3-8b,g24cfb_269,CF-,8.971107527497464
qwen3-8b,g24cfb_269,I,0.2981788933320235
qwen3-8b,g24cfb_269,W,44.11970275481372
qwen3-8b,g24cfb_269,Y0,99.99998813555014
qwen3-8b,g24cfb_270,A+,99.99999999342828
qwen3-8b,g24cfb_270,A-,7.786789626025603e-06
qwen3-8b,g24cfb_270,CF+,88.89610935961733
qwen3-8b,g24cfb_270,CF-,9.157337083533054
qwen3-8b,g24cfb_270,I,99.9999999770542
qwen3-8b,g24cfb_270,W,99.84365463136567
qwen3-8b,g24cfb_270,Y0,99.99999998917605
qwen3-8b,g24cfb_272,A+,99.99999999998361
qwen3-8b,g24cfb_272,A-,88.89179092310071
qwen3-8b,g24cfb_272,CF+,51.531382873604706
qwen3-8b,g24cfb_272,CF-,61.85297924732489
qwen3-8b,g24cfb_272,I,99.67355598129119
qwen3-8b,g24cfb_272,W,99.99999999997898
qwen3-8b,g24cfb_272,Y0,99.99999999992694
qwen3-8b,g24cfb_273,A+,99.99999998211962
qwen3-8b,g24cfb_273,A-,66.59268625208777
qwen3-8b,g24cfb_273,CF+,0.004116670318025271
qwen3-8b,g24cfb_273,CF-,30.804261057603146
qwen3-8b,g24cfb_273,I,2.216334962043645e-10
qwen3-8b,g24cfb_273,W,2.9621408799348458e-05
qwen3-8b,g24cfb_273,Y0,8.495265010763644e-09
qwen3-8b,g24cfb_274,A+,99.99999999998369
qwen3-8b,g24cfb_274,A-,1.7004899745503647e-09
qwen3-8b,g24cfb_274,CF+,99.9999999960166
qwen3-8b,g24cfb_274,CF-,1.1572075915221712e-07
qwen3-8b,g24cfb_274,I,99.99947039998582
qwen3-8b,g24cfb_274,W,17.304973980070436
qwen3-8b,g24cfb_274,Y0,99.9999999999834
qwen3-8b,g24cfb_275,A+,99.99999999999866
qwen3-8b,g24cfb_275,A-,3.314965778905565e-07
qwen3-8b,g24cfb_275,CF+,77.65652106670535
qwen3-8b,g24cfb_275,CF-,55.53587653767417
qwen3-8b,g24cfb_275,I,99.99999699194126
qwen3-8b,g24cfb_275,W,99.99999793845292
qwen3-8b,g24cfb_275,Y0,99.9998554762146
qwen3-8b,g24cfb_277,A+,3.576362460629611e-09
qwen3-8b,g24cfb_277,A-,88.88993122674472
qwen3-8b,g24cfb_277,CF+,0.08251214277117551
qwen3-8b,g24cfb_277,CF-,0.17417977785843558
qwen3-8b,g24cfb_277,I,3.557066729503218e-10
qwen3-8b,g24cfb_277,W,7.4592528676230705
qwen3-8b,g24cfb_277,Y0,55.88106212097989
qwen3-8b,g24cfb_281,A+,1.6264696400467253e-09
qwen3-8b,g24cfb_281,A-,0.0070155798756090255
qwen3-8b,g24cfb_281,CF+,5.191369247544031e-11
qwen3-8b,g24cfb_281,CF-,9.905882471578575e-06
qwen3-8b,g24cfb_281,I,2.947964977542682e-07
qwen3-8b,g24cfb_281,W,7.549955713470373e-05
qwen3-8b,g24cfb_281,Y0,5.487015756083372e-10
qwen3-8b,g24cfb_283,A+,74.78953724960543
qwen3-8b,g24cfb_283,A-,55.56019497331767
qwen3-8b,g24cfb_283,CF+,68.31134435358483
qwen3-8b,g24cfb_283,CF-,0.9981891702371818
qwen3-8b,g24cfb_283,I,33.334783074273915
qwen3-8b,g24cfb_283,W,45.961958598836446
qwen3-8b,g24cfb_283,Y0,77.52249746628236
qwen3-8b,g24cfb_286,A+,99.99999999999632
qwen3-8b,g24cfb_286,A-,5.403440060475211e-09
qwen3-8b,g24cfb_286,CF+,55.7524282569228
qwen3-8b,g24cfb_286,CF-,48.25570533190394
qwen3-8b,g24cfb_286,I,92.15516099871809
qwen3-8b,g24cfb_286,W,7.302247325304756
qwen3-8b,g24cfb_286,Y0,0.0002689293289803605
qwen3-8b,g24cfb_287,A+,99.99999280268972
qwen3-8b,g24cfb_287,A-,27.02612464779347
qwen3-8b,g24cfb_287,CF+,0.0005571059481339048
qwen3-8b,g24cfb_287,CF-,3.7752184783031563e-06
qwen3-8b,g24cfb_287,I,6.205312128690784e-07
qwen3-8b,g24cfb_287,W,22.540493015068996
qwen3-8b,g24cfb_287,Y0,13.454878898920477
qwen3-8b,g24cfb_289,A+,99.99999999999396
qwen3-8b,g24cfb_289,A-,2.0697899920842016e-06
qwen3-8b,g24cfb_289,CF+,77.8652026683413
qwen3-8b,g24cfb_289,CF-,64.42951355646932
qwen3-8b,g24cfb_289,I,99.99997466719933
qwen3-8b,g24cfb_289,W,77.80824538254923
qwen3-8b,g24cfb_289,Y0,86.41443913051619
qwen3-8b,g24cfb_290,A+,99.99991233968925
qwen3-8b,g24cfb_290,A-,77.06384588396685
qwen3-8b,g24cfb_290,CF+,55.46587582315509
qwen3-8b,g24cfb_290,CF-,55.07862955017926
qwen3-8b,g24cfb_290,I,95.1890980660795
qwen3-8b,g24cfb_290,W,1.5134173618817185e-08
qwen3-8b,g24cfb_290,Y0,5.746159014185328e-10
qwen3-8b,g24cfb_292,A+,99.99999999997902
qwen3-8b,g24cfb_292,A-,88.88880126475593
qwen3-8b,g24cfb_292,CF+,55.615391303767666
qwen3-8b,g24cfb_292,CF-,56.53943734192858
qwen3-8b,g24cfb_292,I,23.265153328706845
qwen3-8b,g24cfb_292,W,38.632247049148035
qwen3-8b,g24cfb_292,Y0,72.91295755886856
qwen3-8b,g24cfb_293,A+,99.99999964159048
qwen3-8b,g24cfb_293,A-,99.9999999998454
qwen3-8b,g24cfb_293,CF+,33.48101823835988
qwen3-8b,g24cfb_293,CF-,33.26747556042247
qwen3-8b,g24cfb_293,I,0.001952950327172068
qwen3-8b,g24cfb_293,W,1.5822670510044856
qwen3-8b,g24cfb_293,Y0,0.10266812876442169
qwen3-8b,g24cfb_294,A+,99.99999999997901
qwen3-8b,g24cfb_294,A-,1.258363355028635e-07
qwen3-8b,g24cfb_294,CF+,99.90469389750926
qwen3-8b,g24cfb_294,CF-,87.72843201906636
qwen3-8b,g24cfb_294,I,56.20875122877985
qwen3-8b,g24cfb_294,W,29.473925399943134
qwen3-8b,g24cfb_294,Y0,99.99773969809267
qwen3-8b,g24cfb_295,A+,99.99999999999403
qwen3-8b,g24cfb_295,A-,9.25150786061875e-10
qwen3-8b,g24cfb_295,CF+,64.59719443634961
qwen3-8b,g24cfb_295,CF-,34.12948917409571
qwen3-8b,g24cfb_295,I,99.99999276665855
qwen3-8b,g24cfb_295,W,0.00825976762582801
qwen3-8b,g24cfb_295,Y0,2.3755401480412086e-08
qwen3-8b,g24cfb_297,A+,41.040226977301884
qwen3-8b,g24cfb_297,A-,48.18000891852944
qwen3-8b,g24cfb_297,CF+,33.33529852202111
qwen3-8b,g24cfb_297,CF-,33.34615011831037
qwen3-8b,g24cfb_297,I,0.030389661539903325
qwen3-8b,g24cfb_297,W,3.9737272227757128
qwen3-8b,g24cfb_297,Y0,33.29634109633272
qwen35-9b,g24cfb_000,A+,99.96843574044466
qwen35-9b,g24cfb_000,A-,1.8862876921546419
qwen35-9b,g24cfb_000,CF+,45.53317738621732
qwen35-9b,g24cfb_000,CF-,46.0219187895223
qwen35-9b,g24cfb_000,I,0.34528767559156726
qwen35-9b,g24cfb_000,W,12.840570809056873
qwen35-9b,g24cfb_000,Y0,4.97973480104746
qwen35-9b,g24cfb_001,A+,98.23242027707444
qwen35-9b,g24cfb_001,A-,23.013445838617802
qwen35-9b,g24cfb_001,CF+,49.04287215178615
qwen35-9b,g24cfb_001,CF-,25.308125117573944
qwen35-9b,g24cfb_001,I,23.71892609061504
qwen35-9b,g24cfb_001,W,16.72490043789567
qwen35-9b,g24cfb_001,Y0,44.44255348418798
qwen35-9b,g24cfb_002,A+,98.36973960322548
qwen35-9b,g24cfb_002,A-,12.560894910086498
qwen35-9b,g24cfb_002,CF+,4.93404221419517
qwen35-9b,g24cfb_002,CF-,1.41515331485836
qwen35-9b,g24cfb_002,I,20.524253188722756
qwen35-9b,g24cfb_002,W,4.291145984774788
qwen35-9b,g24cfb_002,Y0,11.441149814247181
qwen35-9b,g24cfb_003,A+,98.13478888140182
qwen35-9b,g24cfb_003,A-,2.535701906035031
qwen35-9b,g24cfb_003,CF+,56.81891387846714
qwen35-9b,g24cfb_003,CF-,1.9577739666442997
qwen35-9b,g24cfb_003,I,96.30728118312415
qwen35-9b,g24cfb_003,W,8.322173030897629
qwen35-9b,g24cfb_003,Y0,5.927695075268714
qwen35-9b,g24cfb_004,A+,97.02661402492785
qwen35-9b,g24cfb_004,A-,27.543218930224796
qwen35-9b,g24cfb_004,CF+,98.43291178793935
qwen35-9b,g24cfb_004,CF-,3.5591673192195006
qwen35-9b,g24cfb_004,I,8.677172075361431
qwen35-9b,g24cfb_004,W,20.465513604597025
qwen35-9b,g24cfb_004,Y0,96.98526227440014
qwen35-9b,g24cfb_005,A+,98.38625131244717
qwen35-9b,g24cfb_005,A-,95.39578647914831
qwen35-9b,g24cfb_005,CF+,98.94756185710432
qwen35-9b,g24cfb_005,CF-,97.48773068291696
qwen35-9b,g24cfb_005,I,97.59297913991429
qwen35-9b,g24cfb_005,W,97.72235611092303
qwen35-9b,g24cfb_005,Y0,96.20252773605519
qwen35-9b,g24cfb_007,A+,97.34142582394348
qwen35-9b,g24cfb_007,A-,0.006742457209471506
qwen35-9b,g24cfb_007,CF+,99.14393156526552
qwen35-9b,g24cfb_007,CF-,2.260047939019085
qwen35-9b,g24cfb_007,I,40.19900173553697
qwen35-9b,g24cfb_007,W,0.5793508533329291
qwen35-9b,g24cfb_007,Y0,0.11663618583818204
qwen35-9b,g24cfb_008,A+,97.37462346235881
qwen35-9b,g24cfb_008,A-,0.008066792956935047
qwen35-9b,g24cfb_008,CF+,97.63872355175438
qwen35-9b,g24cfb_008,CF-,1.3714862622689103
qwen35-9b,g24cfb_008,I,1.0072761661621812
qwen35-9b,g24cfb_008,W,1.2769176180807211
qwen35-9b,g24cfb_008,Y0,3.844927032780842
qwen35-9b,g24cfb_009,A+,99.22752346740062
qwen35-9b,g24cfb_009,A-,0.004909052033215996
qwen35-9b,g24cfb_009,CF+,43.59212608444133
qwen35-9b,g24cfb_009,CF-,0.009378075404003778
qwen35-9b,g24cfb_009,I,24.69688250183874
qwen35-9b,g24cfb_009,W,51.962050329870216
qwen35-9b,g24cfb_009,Y0,32.17798365720532
qwen35-9b,g24cfb_010,A+,2.7930882960134746
qwen35-9b,g24cfb_010,A-,71.03637596221714
qwen35-9b,g24cfb_010,CF+,3.977392478452647
qwen35-9b,g24cfb_010,CF-,41.7698500066879
qwen35-9b,g24cfb_010,I,98.76171882367466
qwen35-9b,g24cfb_010,W,95.13723752883215
qwen35-9b,g24cfb_010,Y0,98.89732551918536
qwen35-9b,g24cfb_012,A+,99.3091987587166
qwen35-9b,g24cfb_012,A-,61.468184473602
qwen35-9b,g24cfb_012,CF+,98.83954102786677
qwen35-9b,g24cfb_012,CF-,7.543006249547806
qwen35-9b,g24cfb_012,I,85.50622725626725
qwen35-9b,g24cfb_012,W,99.27312762077973
qwen35-9b,g24cfb_012,Y0,98.48587021410611
qwen35-9b,g24cfb_013,A+,98.18069669021254
qwen35-9b,g24cfb_013,A-,0.855826773694414
qwen35-9b,g24cfb_013,CF+,53.16780340316444
qwen35-9b,g24cfb_013,CF-,45.87406093097968
qwen35-9b,g24cfb_013,I,47.94360205722674
qwen35-9b,g24cfb_013,W,42.43876268332459
qwen35-9b,g24cfb_013,Y0,5.317863633517283
qwen35-9b,g24cfb_014,A+,99.98397782704487
qwen35-9b,g24cfb_014,A-,0.00818903087362964
qwen35-9b,g24cfb_014,CF+,32.492951927945995
qwen35-9b,g24cfb_014,CF-,18.41118617700648
qwen35-9b,g24cfb_014,I,31.115315328119955
qwen35-9b,g24cfb_014,W,44.0565493326784
qwen35-9b,g24cfb_014,Y0,20.220406867232867
qwen35-9b,g24cfb_015,A+,99.21984190587807
qwen35-9b,g24cfb_015,A-,1.1978598006641024
qwen35-9b,g24cfb_015,CF+,98.25003879818519
qwen35-9b,g24cfb_015,CF-,1.034850568132201
qwen35-9b,g24cfb_015,I,17.79410186344886
qwen35-9b,g24cfb_015,W,98.64036863325144
qwen35-9b,g24cfb_015,Y0,99.69083493073828
qwen35-9b,g24cfb_016,A+,99.46447704011291
qwen35-9b,g24cfb_016,A-,0.0022243495662544275
qwen35-9b,g24cfb_016,CF+,1.5241471266913953
qwen35-9b,g24cfb_016,CF-,0.003590630494416556
qwen35-9b,g24cfb_016,I,22.057222493423744
qwen35-9b,g24cfb_016,W,3.5418715179836178
qwen35-9b,g24cfb_016,Y0,0.003725545276941213
qwen35-9b,g24cfb_017,A+,99.98946395654112
qwen35-9b,g24cfb_017,A-,0.026670374243521602
qwen35-9b,g24cfb_017,CF+,98.53751225195873
qwen35-9b,g24cfb_017,CF-,98.0415567103431
qwen35-9b,g24cfb_017,I,99.29517650568683
qwen35-9b,g24cfb_017,W,99.40002376028755
qwen35-9b,g24cfb_017,Y0,99.81311817658539
qwen35-9b,g24cfb_020,A+,99.28415946657775
qwen35-9b,g24cfb_020,A-,5.78122416664252
qwen35-9b,g24cfb_020,CF+,97.62342971578371
qwen35-9b,g24cfb_020,CF-,31.166677818470628
qwen35-9b,g24cfb_020,I,4.725081811325441
qwen35-9b,g24cfb_020,W,98.63636180411302
qwen35-9b,g24cfb_020,Y0,98.86748822780693
qwen35-9b,g24cfb_021,A+,98.4414746963389
qwen35-9b,g24cfb_021,A-,3.170970564125106
qwen35-9b,g24cfb_021,CF+,0.6808070898335257
qwen35-9b,g24cfb_021,CF-,2.352066500008645
qwen35-9b,g24cfb_021,I,16.056771529740775
qwen35-9b,g24cfb_021,W,0.9835721547452861
qwen35-9b,g24cfb_021,Y0,0.23978527855116383
qwen35-9b,g24cfb_022,A+,99.97926528355579
qwen35-9b,g24cfb_022,A-,3.783791324851276
qwen35-9b,g24cfb_022,CF+,19.452586875721543
qwen35-9b,g24cfb_022,CF-,98.35919125297292
qwen35-9b,g24cfb_022,I,98.97286355290994
qwen35-9b,g24cfb_022,W,15.766352416064628
qwen35-9b,g24cfb_022,Y0,15.494887873748821
qwen35-9b,g24cfb_024,A+,99.00958364300362
qwen35-9b,g24cfb_024,A-,0.008747215342144994
qwen35-9b,g24cfb_024,CF+,35.57400276832198
qwen35-9b,g24cfb_024,CF-,44.53838913011572
qwen35-9b,g24cfb_024,I,96.09958511911958
qwen35-9b,g24cfb_024,W,98.94435888588504
qwen35-9b,g24cfb_024,Y0,97.9561350692195
qwen35-9b,g24cfb_025,A+,97.57841437277332
qwen35-9b,g24cfb_025,A-,3.3716549325896015
qwen35-9b,g24cfb_025,CF+,98.05508544165359
qwen35-9b,g24cfb_025,CF-,6.290648109129347
qwen35-9b,g24cfb_025,I,65.94650815895903
qwen35-9b,g24cfb_025,W,97.73474948810195
qwen35-9b,g24cfb_025,Y0,22.01321556912639
qwen35-9b,g24cfb_026,A+,99.1245543146282
qwen35-9b,g24cfb_026,A-,0.004652519323191206
qwen35-9b,g24cfb_026,CF+,43.094051632113384
qwen35-9b,g24cfb_026,CF-,16.37697668210424
qwen35-9b,g24cfb_026,I,30.656458656443036
qwen35-9b,g24cfb_026,W,46.02245576115152
qwen35-9b,g24cfb_026,Y0,0.0035183818545594294
qwen35-9b,g24cfb_027,A+,95.9324413879528
qwen35-9b,g24cfb_027,A-,99.14000182662242
qwen35-9b,g24cfb_027,CF+,3.7509589878862863
qwen35-9b,g24cfb_027,CF-,2.5842323656778294
qwen35-9b,g24cfb_027,I,1.3606017895505895
qwen35-9b,g24cfb_027,W,2.616284127350596
qwen35-9b,g24cfb_027,Y0,9.335971222104227
qwen35-9b,g24cfb_028,A+,96.40197846173868
qwen35-9b,g24cfb_028,A-,5.988464507206095
qwen35-9b,g24cfb_028,CF+,38.4862890597083
qwen35-9b,g24cfb_028,CF-,36.26387108532389
qwen35-9b,g24cfb_028,I,14.30365862002521
qwen35-9b,g24cfb_028,W,43.84604633412102
qwen35-9b,g24cfb_028,Y0,5.304999329939466
qwen35-9b,g24cfb_029,A+,99.70898633511318
qwen35-9b,g24cfb_029,A-,0.00801218709883641
qwen35-9b,g24cfb_029,CF+,98.79331054652157
qwen35-9b,g24cfb_029,CF-,17.58191917929542
qwen35-9b,g24cfb_029,I,33.43276195263993
qwen35-9b,g24cfb_029,W,98.23857633302936
qwen35-9b,g24cfb_029,Y0,99.34161304226251
qwen35-9b,g24cfb_030,A+,98.83652571624822
qwen35-9b,g24cfb_030,A-,0.016558730308955112
qwen35-9b,g24cfb_030,CF+,96.94258765478281
qwen35-9b,g24cfb_030,CF-,1.44496555683386
qwen35-9b,g24cfb_030,I,32.17265502190773
qwen35-9b,g24cfb_030,W,1.5415508342566824
qwen35-9b,g24cfb_030,Y0,2.9511905101811444
qwen35-9b,g24cfb_032,A+,97.02186224123444
qwen35-9b,g24cfb_032,A-,0.007582597728841829
qwen35-9b,g24cfb_032,CF+,1.0947761298732535
qwen35-9b,g24cfb_032,CF-,1.04110023692919
qwen35-9b,g24cfb_032,I,99.73501593213335
qwen35-9b,g24cfb_032,W,0.13590242091083685
qwen35-9b,g24cfb_032,Y0,2.8140133893237635
qwen35-9b,g24cfb_034,A+,97.30933344618457
qwen35-9b,g24cfb_034,A-,0.01029276469012378
qwen35-9b,g24cfb_034,CF+,87.09742688631815
qwen35-9b,g24cfb_034,CF-,50.496137509411845
qwen35-9b,g24cfb_034,I,18.33530065610084
qwen35-9b,g24cfb_034,W,48.41219265137744
qwen35-9b,g24cfb_034,Y0,7.966684957429553
qwen35-9b,g24cfb_035,A+,99.00812495660271
qwen35-9b,g24cfb_035,A-,0.00629283636208177
qwen35-9b,g24cfb_035,CF+,43.21124051603037
qwen35-9b,g24cfb_035,CF-,1.155766291070366
qwen35-9b,g24cfb_035,I,32.58357045853901
qwen35-9b,g24cfb_035,W,40.540509447194054
qwen35-9b,g24cfb_035,Y0,15.577771891623804
qwen35-9b,g24cfb_037,A+,96.69553658649016
qwen35-9b,g24cfb_037,A-,0.014172267164048506
qwen35-9b,g24cfb_037,CF+,96.33843203287556
qwen35-9b,g24cfb_037,CF-,0.9595628662858829
qwen35-9b,g24cfb_037,I,0.02532335611967391
qwen35-9b,g24cfb_037,W,0.054580327037005306
qwen35-9b,g24cfb_037,Y0,0.016198907153469857
qwen35-9b,g24cfb_038,A+,99.30217565808691
qwen35-9b,g24cfb_038,A-,63.46149746400106
qwen35-9b,g24cfb_038,CF+,97.46819163423983
qwen35-9b,g24cfb_038,CF-,4.460202281480837
qwen35-9b,g24cfb_038,I,0.3463600271382368
qwen35-9b,g24cfb_038,W,99.37126526448921
qwen35-9b,g24cfb_038,Y0,98.71442599586754
qwen35-9b,g24cfb_040,A+,94.7493525945956
qwen35-9b,g24cfb_040,A-,93.49852550599923
qwen35-9b,g24cfb_040,CF+,51.65793497361647
qwen35-9b,g24cfb_040,CF-,5.245137827881341
qwen35-9b,g24cfb_040,I,13.306773807803815
qwen35-9b,g24cfb_040,W,52.180389361335074
qwen35-9b,g24cfb_040,Y0,39.685862763203005
qwen35-9b,g24cfb_041,A+,99.9884511867235
qwen35-9b,g24cfb_041,A-,0.8729979767687311
qwen35-9b,g24cfb_041,CF+,35.66837228478173
qwen35-9b,g24cfb_041,CF-,1.468414775576992
qwen35-9b,g24cfb_041,I,20.662580546465602
qwen35-9b,g24cfb_041,W,0.40017640170877017
qwen35-9b,g24cfb_041,Y0,0.28796242813404466
qwen35-9b,g24cfb_042,A+,98.7744660303313
qwen35-9b,g24cfb_042,A-,4.764280479192875
qwen35-9b,g24cfb_042,CF+,8.762654932742443
qwen35-9b,g24cfb_042,CF-,0.6340953126287645
qwen35-9b,g24cfb_042,I,0.7030180419355732
qwen35-9b,g24cfb_042,W,0.1794033621264043
qwen35-9b,g24cfb_042,Y0,0.04920976431017679
qwen35-9b,g24cfb_045,A+,99.37747447697598
qwen35-9b,g24cfb_045,A-,7.899673466135539
qwen35-9b,g24cfb_045,CF+,97.83307960435337
qwen35-9b,g24cfb_045,CF-,36.546786555088026
qwen35-9b,g24cfb_045,I,23.46730713517438
qwen35-9b,g24cfb_045,W,37.15556765481821
qwen35-9b,g24cfb_045,Y0,13.180334011613308
qwen35-9b,g24cfb_046,A+,99.87844652430036
qwen35-9b,g24cfb_046,A-,0.005252661796346629
qwen35-9b,g24cfb_046,CF+,98.67861131048572
qwen35-9b,g24cfb_046,CF-,1.332372489306715
qwen35-9b,g24cfb_046,I,0.6445705905302602
qwen35-9b,g24cfb_046,W,1.7216073644237015
qwen35-9b,g24cfb_046,Y0,1.410916366994311
qwen35-9b,g24cfb_047,A+,99.5994362225769
qwen35-9b,g24cfb_047,A-,0.0037175976897777805
qwen35-9b,g24cfb_047,CF+,0.41721834819741277
qwen35-9b,g24cfb_047,CF-,0.5587679506052212
qwen35-9b,g24cfb_047,I,0.3466081305989316
qwen35-9b,g24cfb_047,W,0.275276461857087
qwen35-9b,g24cfb_047,Y0,0.054933309819094
qwen35-9b,g24cfb_048,A+,98.73321740888713
qwen35-9b,g24cfb_048,A-,99.28627371456065
qwen35-9b,g24cfb_048,CF+,98.27165991543576
qwen35-9b,g24cfb_048,CF-,7.31250949253431
qwen35-9b,g24cfb_048,I,5.999082798032018
qwen35-9b,g24cfb_048,W,3.8413653487242994
qwen35-9b,g24cfb_048,Y0,6.955859233411722
qwen35-9b,g24cfb_051,A+,99.67055832572672
qwen35-9b,g24cfb_051,A-,0.00785315681029123
qwen35-9b,g24cfb_051,CF+,99.16028607350954
qwen35-9b,g24cfb_051,CF-,0.9266427470695869
qwen35-9b,g24cfb_051,I,2.7641104628222646
qwen35-9b,g24cfb_051,W,1.3561650928697113
qwen35-9b,g24cfb_051,Y0,1.2315715485606953
qwen35-9b,g24cfb_052,A+,99.3713040075482
qwen35-9b,g24cfb_052,A-,6.928278271847535
qwen35-9b,g24cfb_052,CF+,4.463767670988833
qwen35-9b,g24cfb_052,CF-,10.795506914526406
qwen35-9b,g24cfb_052,I,18.17387597248443
qwen35-9b,g24cfb_052,W,97.33745864756737
qwen35-9b,g24cfb_052,Y0,81.12638562693297
qwen35-9b,g24cfb_053,A+,99.97763488524534
qwen35-9b,g24cfb_053,A-,0.01111216007455742
qwen35-9b,g24cfb_053,CF+,45.851147831508314
qwen35-9b,g24cfb_053,CF-,43.35238222512529
qwen35-9b,g24cfb_053,I,9.16842594923821
qwen35-9b,g24cfb_053,W,43.074249346680084
qwen35-9b,g24cfb_053,Y0,12.938425385137045
qwen35-9b,g24cfb_054,A+,97.74466326265723
qwen35-9b,g24cfb_054,A-,1.839784361789688
qwen35-9b,g24cfb_054,CF+,98.2791532030032
qwen35-9b,g24cfb_054,CF-,1.9518834500765019
qwen35-9b,g24cfb_054,I,77.5882995224851
qwen35-9b,g24cfb_054,W,97.27114064420894
qwen35-9b,g24cfb_054,Y0,95.75590543824643
qwen35-9b,g24cfb_055,A+,99.18953498469725
qwen35-9b,g24cfb_055,A-,0.81740082040048
qwen35-9b,g24cfb_055,CF+,1.3673294993070644
qwen35-9b,g24cfb_055,CF-,0.9946572402047457
qwen35-9b,g24cfb_055,I,2.7411201455865832
qwen35-9b,g24cfb_055,W,0.0022111884218972483
qwen35-9b,g24cfb_055,Y0,0.0014162738248632767
qwen35-9b,g24cfb_056,A+,96.57582954950807
qwen35-9b,g24cfb_056,A-,9.554139398007713
qwen35-9b,g24cfb_056,CF+,3.073020483922169
qwen35-9b,g24cfb_056,CF-,5.057304049024236
qwen35-9b,g24cfb_056,I,2.0943293001838192
qwen35-9b,g24cfb_056,W,97.51093918670318
qwen35-9b,g24cfb_056,Y0,99.15292686896689
qwen35-9b,g24cfb_058,A+,4.686944783188974
qwen35-9b,g24cfb_058,A-,0.9516206984629455
qwen35-9b,g24cfb_058,CF+,43.807960051967925
qwen35-9b,g24cfb_058,CF-,5.430515057302651
qwen35-9b,g24cfb_058,I,27.170553621070933
qwen35-9b,g24cfb_058,W,14.288946903672436
qwen35-9b,g24cfb_058,Y0,0.48096429322548256
qwen35-9b,g24cfb_059,A+,99.04001714390813
qwen35-9b,g24cfb_059,A-,2.0814936685271097
qwen35-9b,g24cfb_059,CF+,4.509561639051883
qwen35-9b,g24cfb_059,CF-,2.4509684517806933
qwen35-9b,g24cfb_059,I,36.566732568118034
qwen35-9b,g24cfb_059,W,0.6567146973761959
qwen35-9b,g24cfb_059,Y0,0.09715324956041468
qwen35-9b,g24cfb_060,A+,99.98264818992574
qwen35-9b,g24cfb_060,A-,1.0888211493767377
qwen35-9b,g24cfb_060,CF+,3.487117728253609
qwen35-9b,g24cfb_060,CF-,1.1182208395582032
qwen35-9b,g24cfb_060,I,97.67911685772998
qwen35-9b,g24cfb_060,W,83.28134689126304
qwen35-9b,g24cfb_060,Y0,9.643008873839861
qwen35-9b,g24cfb_061,A+,24.6340485604027
qwen35-9b,g24cfb_061,A-,1.9920557504092922
qwen35-9b,g24cfb_061,CF+,11.380319091317482
qwen35-9b,g24cfb_061,CF-,8.95132597584981
qwen35-9b,g24cfb_061,I,10.088790531252158
qwen35-9b,g24cfb_061,W,2.134724243011278
qwen35-9b,g24cfb_061,Y0,0.5700411058875557
qwen35-9b,g24cfb_062,A+,96.47972411607891
qwen35-9b,g24cfb_062,A-,19.854542865552887
qwen35-9b,g24cfb_062,CF+,97.8984702606711
qwen35-9b,g24cfb_062,CF-,6.790858011832191
qwen35-9b,g24cfb_062,I,81.78176620063275
qwen35-9b,g24cfb_062,W,80.53391152179925
qwen35-9b,g24cfb_062,Y0,90.65115384782816
qwen35-9b,g24cfb_063,A+,98.72599580340906
qwen35-9b,g24cfb_063,A-,98.22648756559794
qwen35-9b,g24cfb_063,CF+,98.38687641059782
qwen35-9b,g24cfb_063,CF-,9.80105179496822
qwen35-9b,g24cfb_063,I,5.883153203105347
qwen35-9b,g24cfb_063,W,37.26895791854548
qwen35-9b,g24cfb_063,Y0,97.51852319630001
qwen35-9b,g24cfb_065,A+,97.36391196155465
qwen35-9b,g24cfb_065,A-,0.5490643538580923
qwen35-9b,g24cfb_065,CF+,41.8484202960882
qwen35-9b,g24cfb_065,CF-,0.6525015896939805
qwen35-9b,g24cfb_065,I,99.23969399167711
qwen35-9b,g24cfb_065,W,99.16576359267448
qwen35-9b,g24cfb_065,Y0,97.93906105459556
qwen35-9b,g24cfb_072,A+,99.28594856415526
qwen35-9b,g24cfb_072,A-,3.934656395830425
qwen35-9b,g24cfb_072,CF+,97.63897195312218
qwen35-9b,g24cfb_072,CF-,43.501275360080164
qwen35-9b,g24cfb_072,I,27.710331061550093
qwen35-9b,g24cfb_072,W,3.1920259369545274
qwen35-9b,g24cfb_072,Y0,98.93757940466023
qwen35-9b,g24cfb_073,A+,98.95750557251682
qwen35-9b,g24cfb_073,A-,2.132166722713354
qwen35-9b,g24cfb_073,CF+,48.753788791433045
qwen35-9b,g24cfb_073,CF-,2.0086244594476015
qwen35-9b,g24cfb_073,I,38.25058751711779
qwen35-9b,g24cfb_073,W,93.98758789390065
qwen35-9b,g24cfb_073,Y0,96.58074201381473
qwen35-9b,g24cfb_074,A+,99.98628320844455
qwen35-9b,g24cfb_074,A-,93.34449609726073
qwen35-9b,g24cfb_074,CF+,98.51718719028716
qwen35-9b,g24cfb_074,CF-,87.9953491748774
qwen35-9b,g24cfb_074,I,46.03110812540743
qwen35-9b,g24cfb_074,W,84.56731413744484
qwen35-9b,g24cfb_074,Y0,89.60535540590807
qwen35-9b,g24cfb_075,A+,98.14609726617688
qwen35-9b,g24cfb_075,A-,0.4004685917443149
qwen35-9b,g24cfb_075,CF+,41.32806412070756
qwen35-9b,g24cfb_075,CF-,2.6014199679890826
qwen35-9b,g24cfb_075,I,51.184619396213144
qwen35-9b,g24cfb_075,W,4.278233353923505
qwen35-9b,g24cfb_075,Y0,96.66481565118288
qwen35-9b,g24cfb_076,A+,98.97704215351533
qwen35-9b,g24cfb_076,A-,0.01370269345432051
qwen35-9b,g24cfb_076,CF+,96.41917557293571
qwen35-9b,g24cfb_076,CF-,0.04819091221845916
qwen35-9b,g24cfb_076,I,71.83302681549472
qwen35-9b,g24cfb_076,W,5.579960472189451
qwen35-9b,g24cfb_076,Y0,99.67979191423674
qwen35-9b,g24cfb_077,A+,98.81983719396455
qwen35-9b,g24cfb_077,A-,12.123434839137266
qwen35-9b,g24cfb_077,CF+,0.33035086427672766
qwen35-9b,g24cfb_077,CF-,0.8041613103071789
qwen35-9b,g24cfb_077,I,1.9146436011958974
qwen35-9b,g24cfb_077,W,2.013294303841651
qwen35-9b,g24cfb_077,Y0,0.21207365046191878
qwen35-9b,g24cfb_078,A+,97.98272699422965
qwen35-9b,g24cfb_078,A-,0.00728108260067975
qwen35-9b,g24cfb_078,CF+,9.468159562320084
qwen35-9b,g24cfb_078,CF-,1.4907644560828024
qwen35-9b,g24cfb_078,I,1.203601919606629
qwen35-9b,g24cfb_078,W,1.81441909335064
qwen35-9b,g24cfb_078,Y0,0.9752863161306694
qwen35-9b,g24cfb_080,A+,0.0249719690463787
qwen35-9b,g24cfb_080,A-,0.030706067209969688
qwen35-9b,g24cfb_080,CF+,51.60280798847217
qwen35-9b,g24cfb_080,CF-,6.5685315762746646
qwen35-9b,g24cfb_080,I,49.72426083022095
qwen35-9b,g24cfb_080,W,85.96295168840487
qwen35-9b,g24cfb_080,Y0,77.11368970319207
qwen35-9b,g24cfb_082,A+,99.71022608072032
qwen35-9b,g24cfb_082,A-,0.014953978047639593
qwen35-9b,g24cfb_082,CF+,99.10485377503711
qwen35-9b,g24cfb_082,CF-,2.220168289282837
qwen35-9b,g24cfb_082,I,98.76377059636118
qwen35-9b,g24cfb_082,W,99.83194720313314
qwen35-9b,g24cfb_082,Y0,99.71184597275212
qwen35-9b,g24cfb_083,A+,98.23979342544682
qwen35-9b,g24cfb_083,A-,2.461063443223183
qwen35-9b,g24cfb_083,CF+,30.50926518376469
qwen35-9b,g24cfb_083,CF-,27.997150251065356
qwen35-9b,g24cfb_083,I,17.52717579117641
qwen35-9b,g24cfb_083,W,18.951765296517397
qwen35-9b,g24cfb_083,Y0,20.641897216860563
qwen35-9b,g24cfb_084,A+,99.31085262925059
qwen35-9b,g24cfb_084,A-,13.637023129147885
qwen35-9b,g24cfb_084,CF+,99.35505529625362
qwen35-9b,g24cfb_084,CF-,12.05498935986319
qwen35-9b,g24cfb_084,I,0.20773264984423306
qwen35-9b,g24cfb_084,W,4.019057353041218
qwen35-9b,g24cfb_084,Y0,23.079711963693445
qwen35-9b,g24cfb_087,A+,97.03704851059673
qwen35-9b,g24cfb_087,A-,0.013903544991248505
qwen35-9b,g24cfb_087,CF+,97.70392664442572
qwen35-9b,g24cfb_087,CF-,0.1059094459441538
qwen35-9b,g24cfb_087,I,17.347427237708512
qwen35-9b,g24cfb_087,W,5.321775964259487
qwen35-9b,g24cfb_087,Y0,10.016194545114368
qwen35-9b,g24cfb_088,A+,95.19644456600204
qwen35-9b,g24cfb_088,A-,14.891992657402078
qwen35-9b,g24cfb_088,CF+,97.32451554276668
qwen35-9b,g24cfb_088,CF-,0.967652353258008
qwen35-9b,g24cfb_088,I,80.59319828624484
qwen35-9b,g24cfb_088,W,99.26713697837289
qwen35-9b,g24cfb_088,Y0,98.14237737308362
qwen35-9b,g24cfb_089,A+,99.57857829211584
qwen35-9b,g24cfb_089,A-,0.009803244026159024
qwen35-9b,g24cfb_089,CF+,97.52278241015664
qwen35-9b,g24cfb_089,CF-,9.141460734931973
qwen35-9b,g24cfb_089,I,9.77854436989174
qwen35-9b,g24cfb_089,W,99.57177309262184
qwen35-9b,g24cfb_089,Y0,99.26247927524982
qwen35-9b,g24cfb_090,A+,98.6412553731154
qwen35-9b,g24cfb_090,A-,5.276186473545226
qwen35-9b,g24cfb_090,CF+,24.726761633161125
qwen35-9b,g24cfb_090,CF-,1.5919271976979794
qwen35-9b,g24cfb_090,I,37.89386072081657
qwen35-9b,g24cfb_090,W,90.64561354643206
qwen35-9b,g24cfb_090,Y0,97.81178243437964
qwen35-9b,g24cfb_091,A+,98.38890730757241
qwen35-9b,g24cfb_091,A-,0.26661770634418736
qwen35-9b,g24cfb_091,CF+,38.65230589468363
qwen35-9b,g24cfb_091,CF-,49.54155652337164
qwen35-9b,g24cfb_091,I,33.943026885321416
qwen35-9b,g24cfb_091,W,45.38242782225558
qwen35-9b,g24cfb_091,Y0,9.567462612394976
qwen35-9b,g24cfb_092,A+,5.013390538896267
qwen35-9b,g24cfb_092,A-,1.4342912439501605
qwen35-9b,g24cfb_092,CF+,2.1227547159750286
qwen35-9b,g24cfb_092,CF-,1.6762181669080851
qwen35-9b,g24cfb_092,I,1.4156542374902987
qwen35-9b,g24cfb_092,W,3.792706785454648
qwen35-9b,g24cfb_092,Y0,96.54485523059405
qwen35-9b,g24cfb_093,A+,97.92067635999479
qwen35-9b,g24cfb_093,A-,32.76563743919993
qwen35-9b,g24cfb_093,CF+,0.1429074319903198
qwen35-9b,g24cfb_093,CF-,0.24326732438091098
qwen35-9b,g24cfb_093,I,0.2581725265669849
qwen35-9b,g24cfb_093,W,17.298966427335117
qwen35-9b,g24cfb_093,Y0,0.0637564363292646
qwen35-9b,g24cfb_094,A+,99.63159450236239
qwen35-9b,g24cfb_094,A-,1.4513226222166655
qwen35-9b,g24cfb_094,CF+,98.27997960082988
qwen35-9b,g24cfb_094,CF-,3.5228269324729586
qwen35-9b,g24cfb_094,I,23.927036723891945
qwen35-9b,g24cfb_094,W,45.14711344242982
qwen35-9b,g24cfb_094,Y0,33.239408332158625
qwen35-9b,g24cfb_098,A+,98.01351065070351
qwen35-9b,g24cfb_098,A-,73.20993145796396
qwen35-9b,g24cfb_098,CF+,88.4323977566693
qwen35-9b,g24cfb_098,CF-,52.51578980021636
qwen35-9b,g24cfb_098,I,46.69603671538904
qwen35-9b,g24cfb_098,W,80.74326379185796
qwen35-9b,g24cfb_098,Y0,88.95176232604466
qwen35-9b,g24cfb_099,A+,97.93969875020525
qwen35-9b,g24cfb_099,A-,0.21065613488074234
qwen35-9b,g24cfb_099,CF+,95.7257446465386
qwen35-9b,g24cfb_099,CF-,41.70201796494014
qwen35-9b,g24cfb_099,I,41.096487732365446
qwen35-9b,g24cfb_099,W,45.30953241880037
qwen35-9b,g24cfb_099,Y0,22.734559387306295
qwen35-9b,g24cfb_100,A+,99.66622068593836
qwen35-9b,g24cfb_100,A-,3.98402055053736
qwen35-9b,g24cfb_100,CF+,99.44827621922775
qwen35-9b,g24cfb_100,CF-,97.61060282104131
qwen35-9b,g24cfb_100,I,13.210850889506512
qwen35-9b,g24cfb_100,W,6.659380340534792
qwen35-9b,g24cfb_100,Y0,98.7612105323926
qwen35-9b,g24cfb_101,A+,99.36967801111352
qwen35-9b,g24cfb_101,A-,97.15165330868847
qwen35-9b,g24cfb_101,CF+,1.4701173720239322
qwen35-9b,g24cfb_101,CF-,0.1957361670166418
qwen35-9b,g24cfb_101,I,0.2999136927745647
qwen35-9b,g24cfb_101,W,1.6354235480329633
qwen35-9b,g24cfb_101,Y0,0.41928777604104844
qwen35-9b,g24cfb_102,A+,99.50579155315411
qwen35-9b,g24cfb_102,A-,90.39449906677527
qwen35-9b,g24cfb_102,CF+,18.912505667916772
qwen35-9b,g24cfb_102,CF-,27.30086660039471
qwen35-9b,g24cfb_102,I,17.415599409275497
qwen35-9b,g24cfb_102,W,39.681715679693205
qwen35-9b,g24cfb_102,Y0,1.4099253315386828
qwen35-9b,g24cfb_103,A+,99.46125213680813
qwen35-9b,g24cfb_103,A-,3.7542880923132156
qwen35-9b,g24cfb_103,CF+,98.39782058956429
qwen35-9b,g24cfb_103,CF-,13.826997541326982
qwen35-9b,g24cfb_103,I,98.71235823747321
qwen35-9b,g24cfb_103,W,13.646735097477352
qwen35-9b,g24cfb_103,Y0,3.3387405266205823
qwen35-9b,g24cfb_104,A+,96.23745025228274
qwen35-9b,g24cfb_104,A-,95.75067409912782
qwen35-9b,g24cfb_104,CF+,83.78518784566508
qwen35-9b,g24cfb_104,CF-,76.33966502195489
qwen35-9b,g24cfb_104,I,31.7362898155416
qwen35-9b,g24cfb_104,W,94.20637030463416
qwen35-9b,g24cfb_104,Y0,95.26299953290912
qwen35-9b,g24cfb_105,A+,98.7837067828678
qwen35-9b,g24cfb_105,A-,0.005686070610664442
qwen35-9b,g24cfb_105,CF+,98.0432028961028
qwen35-9b,g24cfb_105,CF-,35.153857042393355
qwen35-9b,g24cfb_105,I,70.8463347885594
qwen35-9b,g24cfb_105,W,99.57382822289722
qwen35-9b,g24cfb_105,Y0,99.62311019073762
qwen35-9b,g24cfb_108,A+,99.98658439938812
qwen35-9b,g24cfb_108,A-,1.7943113981909262
qwen35-9b,g24cfb_108,CF+,97.94990099662766
qwen35-9b,g24cfb_108,CF-,97.59606733809746
qwen35-9b,g24cfb_108,I,96.61732177136365
qwen35-9b,g24cfb_108,W,99.83378988982196
qwen35-9b,g24cfb_108,Y0,98.46790833751795
qwen35-9b,g24cfb_109,A+,97.1287496168359
qwen35-9b,g24cfb_109,A-,99.9821844423912
qwen35-9b,g24cfb_109,CF+,82.50598292510833
qwen35-9b,g24cfb_109,CF-,97.61017206120601
qwen35-9b,g24cfb_109,I,32.96589947198244
qwen35-9b,g24cfb_109,W,93.24497409245903
qwen35-9b,g24cfb_109,Y0,97.76135820616868
qwen35-9b,g24cfb_111,A+,99.8756393172979
qwen35-9b,g24cfb_111,A-,0.01073879309493863
qwen35-9b,g24cfb_111,CF+,4.967797219845667
qwen35-9b,g24cfb_111,CF-,1.301032314435354
qwen35-9b,g24cfb_111,I,6.387024222241777
qwen35-9b,g24cfb_111,W,1.2077187148024064
qwen35-9b,g24cfb_111,Y0,12.357399312438147
qwen35-9b,g24cfb_112,A+,99.30061092060785
qwen35-9b,g24cfb_112,A-,7.61190891290285
qwen35-9b,g24cfb_112,CF+,3.921101361012375
qwen35-9b,g24cfb_112,CF-,1.47870698338404
qwen35-9b,g24cfb_112,I,16.068195556827906
qwen35-9b,g24cfb_112,W,11.519820558113846
qwen35-9b,g24cfb_112,Y0,8.017890645490048
qwen35-9b,g24cfb_113,A+,99.09660817651421
qwen35-9b,g24cfb_113,A-,20.55489473661868
qwen35-9b,g24cfb_113,CF+,33.55674538295051
qwen35-9b,g24cfb_113,CF-,49.5399188211849
qwen35-9b,g24cfb_113,I,43.73931454034544
qwen35-9b,g24cfb_113,W,0.0035054627625712934
qwen35-9b,g24cfb_113,Y0,1.5667049021611472
qwen35-9b,g24cfb_116,A+,95.73672485057098
qwen35-9b,g24cfb_116,A-,0.0048503990408906555
qwen35-9b,g24cfb_116,CF+,97.71071630218603
qwen35-9b,g24cfb_116,CF-,0.18429009202050356
qwen35-9b,g24cfb_116,I,20.38354036021512
qwen35-9b,g24cfb_116,W,44.800454095506254
qwen35-9b,g24cfb_116,Y0,6.583435357893224
qwen35-9b,g24cfb_117,A+,97.9232000039318
qwen35-9b,g24cfb_117,A-,0.013295623568046519
qwen35-9b,g24cfb_117,CF+,98.26084221157001
qwen35-9b,g24cfb_117,CF-,96.28799089676278
qwen35-9b,g24cfb_117,I,99.82191531928622
qwen35-9b,g24cfb_117,W,98.73233734039661
qwen35-9b,g24cfb_117,Y0,99.10310086560646
qwen35-9b,g24cfb_121,A+,96.60309275884907
qwen35-9b,g24cfb_121,A-,17.775809573094392
qwen35-9b,g24cfb_121,CF+,14.406532995284364
qwen35-9b,g24cfb_121,CF-,14.860113833455626
qwen35-9b,g24cfb_121,I,25.175204224235582
qwen35-9b,g24cfb_121,W,37.949699600194926
qwen35-9b,g24cfb_121,Y0,33.7976647878007
qwen35-9b,g24cfb_123,A+,99.67552761675663
qwen35-9b,g24cfb_123,A-,1.689324659196974
qwen35-9b,g24cfb_123,CF+,38.40058590533504
qwen35-9b,g24cfb_123,CF-,7.369132145157942
qwen35-9b,g24cfb_123,I,25.87529521186783
qwen35-9b,g24cfb_123,W,44.918126756840536
qwen35-9b,g24cfb_123,Y0,97.62053049345319
qwen35-9b,g24cfb_124,A+,99.98097171185708
qwen35-9b,g24cfb_124,A-,0.9068437393822975
qwen35-9b,g24cfb_124,CF+,98.96224214245973
qwen35-9b,g24cfb_124,CF-,98.95151739485839
qwen35-9b,g24cfb_124,I,45.50099881685183
qwen35-9b,g24cfb_124,W,98.59277427423197
qwen35-9b,g24cfb_124,Y0,1.9822594668540943
qwen35-9b,g24cfb_126,A+,99.99134689523203
qwen35-9b,g24cfb_126,A-,2.3473059497996767
qwen35-9b,g24cfb_126,CF+,98.36004709508501
qwen35-9b,g24cfb_126,CF-,2.41001195858433
qwen35-9b,g24cfb_126,I,13.281639742399056
qwen35-9b,g24cfb_126,W,98.05703064029598
qwen35-9b,g24cfb_126,Y0,95.1222764622158
qwen35-9b,g24cfb_127,A+,99.31758922563155
qwen35-9b,g24cfb_127,A-,2.824646837214383
qwen35-9b,g24cfb_127,CF+,99.23588436589793
qwen35-9b,g24cfb_127,CF-,95.4177279473087
qwen35-9b,g24cfb_127,I,99.55086207902029
qwen35-9b,g24cfb_127,W,98.21961357148713
qwen35-9b,g24cfb_127,Y0,99.61869976972415
qwen35-9b,g24cfb_128,A+,99.22637519879646
qwen35-9b,g24cfb_128,A-,1.046973421756982
qwen35-9b,g24cfb_128,CF+,96.76392693492838
qwen35-9b,g24cfb_128,CF-,0.7675444838960002
qwen35-9b,g24cfb_128,I,10.040168692558789
qwen35-9b,g24cfb_128,W,91.23138361827847
qwen35-9b,g24cfb_128,Y0,98.01406358614578
qwen35-9b,g24cfb_134,A+,97.32407695667659
qwen35-9b,g24cfb_134,A-,0.013719447145916445
qwen35-9b,g24cfb_134,CF+,95.44085001005408
qwen35-9b,g24cfb_134,CF-,1.6407047173708855
qwen35-9b,g24cfb_134,I,13.990947690389715
qwen35-9b,g24cfb_134,W,22.5789544413794
qwen35-9b,g24cfb_134,Y0,7.876566340578439
qwen35-9b,g24cfb_135,A+,98.65516567807536
qwen35-9b,g24cfb_135,A-,79.86815590556749
qwen35-9b,g24cfb_135,CF+,95.62624699653576
qwen35-9b,g24cfb_135,CF-,41.2885439787957
qwen35-9b,g24cfb_135,I,40.57319209926012
qwen35-9b,g24cfb_135,W,39.81331778544839
qwen35-9b,g24cfb_135,Y0,11.920584937251766
qwen35-9b,g24cfb_136,A+,99.95432500621365
qwen35-9b,g24cfb_136,A-,97.69720607562381
qwen35-9b,g24cfb_136,CF+,96.09696038463034
qwen35-9b,g24cfb_136,CF-,96.48925534564185
qwen35-9b,g24cfb_136,I,27.714112896540442
qwen35-9b,g24cfb_136,W,94.14495515059131
qwen35-9b,g24cfb_136,Y0,98.25636851065592
qwen35-9b,g24cfb_140,A+,33.03606727387186
qwen35-9b,g24cfb_140,A-,9.826424516362275
qwen35-9b,g24cfb_140,CF+,18.838111093701176
qwen35-9b,g24cfb_140,CF-,40.17458383326271
qwen35-9b,g24cfb_140,I,28.954140127235846
qwen35-9b,g24cfb_140,W,11.168929391833906
qwen35-9b,g24cfb_140,Y0,17.64473213898906
qwen35-9b,g24cfb_141,A+,97.87711855661792
qwen35-9b,g24cfb_141,A-,1.9333696322992406
qwen35-9b,g24cfb_141,CF+,1.9884538249525952
qwen35-9b,g24cfb_141,CF-,0.9231410274491972
qwen35-9b,g24cfb_141,I,71.34869431721373
qwen35-9b,g24cfb_141,W,4.090173484719085
qwen35-9b,g24cfb_141,Y0,98.17222925387955
qwen35-9b,g24cfb_142,A+,99.99746045045777
qwen35-9b,g24cfb_142,A-,98.75301690031674
qwen35-9b,g24cfb_142,CF+,98.3855565960519
qwen35-9b,g24cfb_142,CF-,98.52768070601877
qwen35-9b,g24cfb_142,I,63.152111045307606
qwen35-9b,g24cfb_142,W,92.75124831615368
qwen35-9b,g24cfb_142,Y0,96.98908009116063
qwen35-9b,g24cfb_144,A+,98.63488723458035
qwen35-9b,g24cfb_144,A-,16.295378737415366
qwen35-9b,g24cfb_144,CF+,96.87503708008397
qwen35-9b,g24cfb_144,CF-,50.579787216739334
qwen35-9b,g24cfb_144,I,14.707266295273008
qwen35-9b,g24cfb_144,W,92.14184676643613
qwen35-9b,g24cfb_144,Y0,21.70981009868832
qwen35-9b,g24cfb_145,A+,98.37235106135873
qwen35-9b,g24cfb_145,A-,0.3039991149420628
qwen35-9b,g24cfb_145,CF+,10.159451997320339
qwen35-9b,g24cfb_145,CF-,8.525236140657528
qwen35-9b,g24cfb_145,I,18.795084897692195
qwen35-9b,g24cfb_145,W,79.79549926178572
qwen35-9b,g24cfb_145,Y0,96.61112409626584
qwen35-9b,g24cfb_146,A+,99.57220593360653
qwen35-9b,g24cfb_146,A-,2.1683069905759718
qwen35-9b,g24cfb_146,CF+,95.76889941489712
qwen35-9b,g24cfb_146,CF-,2.9308967095278162
qwen35-9b,g24cfb_146,I,46.129810610387395
qwen35-9b,g24cfb_146,W,99.15656078257443
qwen35-9b,g24cfb_146,Y0,98.44402306834367
qwen35-9b,g24cfb_147,A+,99.446778583739
qwen35-9b,g24cfb_147,A-,0.3584045658729834
qwen35-9b,g24cfb_147,CF+,99.86711967053526
qwen35-9b,g24cfb_147,CF-,0.4664125455619261
qwen35-9b,g24cfb_147,I,18.061781947841535
qwen35-9b,g24cfb_147,W,43.00388011695378
qwen35-9b,g24cfb_147,Y0,54.52680721625133
qwen35-9b,g24cfb_149,A+,97.58660144473141
qwen35-9b,g24cfb_149,A-,0.010116763891108984
qwen35-9b,g24cfb_149,CF+,97.16195966030628
qwen35-9b,g24cfb_149,CF-,17.842618444550727
qwen35-9b,g24cfb_149,I,19.51531029178332
qwen35-9b,g24cfb_149,W,1.0875594582070003
qwen35-9b,g24cfb_149,Y0,1.1232878511257214
qwen35-9b,g24cfb_152,A+,95.26512962212803
qwen35-9b,g24cfb_152,A-,0.005778919578383252
qwen35-9b,g24cfb_152,CF+,7.6404571966983905
qwen35-9b,g24cfb_152,CF-,0.8662402760217058
qwen35-9b,g24cfb_152,I,7.2107395124197815
qwen35-9b,g24cfb_152,W,34.93608098676878
qwen35-9b,g24cfb_152,Y0,98.66022592696967
qwen35-9b,g24cfb_153,A+,99.58193089073056
qwen35-9b,g24cfb_153,A-,1.0597696815416504
qwen35-9b,g24cfb_153,CF+,6.694066962225152
qwen35-9b,g24cfb_153,CF-,2.1787235709964055
qwen35-9b,g24cfb_153,I,1.1864284462922883
qwen35-9b,g24cfb_153,W,8.478169599600765
qwen35-9b,g24cfb_153,Y0,6.931558808850127
qwen35-9b,g24cfb_155,A+,99.70983946962515
qwen35-9b,g24cfb_155,A-,2.327429137662951
qwen35-9b,g24cfb_155,CF+,99.72996506383902
qwen35-9b,g24cfb_155,CF-,37.74080529153657
qwen35-9b,g24cfb_155,I,75.82174447965862
qwen35-9b,g24cfb_155,W,10.105075026932035
qwen35-9b,g24cfb_155,Y0,10.044150069738652
qwen35-9b,g24cfb_157,A+,99.86221872033076
qwen35-9b,g24cfb_157,A-,0.5816989121619585
qwen35-9b,g24cfb_157,CF+,99.05912436020341
qwen35-9b,g24cfb_157,CF-,0.7167795181505954
qwen35-9b,g24cfb_157,I,8.119569143855287
qwen35-9b,g24cfb_157,W,6.884598369139699
qwen35-9b,g24cfb_157,Y0,30.274998230213814
qwen35-9b,g24cfb_158,A+,98.38387530174377
qwen35-9b,g24cfb_158,A-,0.028015081602271095
qwen35-9b,g24cfb_158,CF+,99.06451801232183
qwen35-9b,g24cfb_158,CF-,3.4233577138876203
qwen35-9b,g24cfb_158,I,34.835449286890395
qwen35-9b,g24cfb_158,W,36.55656914169704
qwen35-9b,g24cfb_158,Y0,10.336747633242128
qwen35-9b,g24cfb_161,A+,3.7782108622758606
qwen35-9b,g24cfb_161,A-,0.023500239638384306
qwen35-9b,g24cfb_161,CF+,0.3562578655841181
qwen35-9b,g24cfb_161,CF-,1.5228665547682096
qwen35-9b,g24cfb_161,I,59.17526957543662
qwen35-9b,g24cfb_161,W,98.9590777790275
qwen35-9b,g24cfb_161,Y0,36.646726897965046
qwen35-9b,g24cfb_163,A+,99.4403864349965
qwen35-9b,g24cfb_163,A-,2.4794325053854087
qwen35-9b,g24cfb_163,CF+,3.388850690752553
qwen35-9b,g24cfb_163,CF-,48.580593463143046
qwen35-9b,g24cfb_163,I,13.39488768644732
qwen35-9b,g24cfb_163,W,0.4661589044283144
qwen35-9b,g24cfb_163,Y0,1.7574116748136859
qwen35-9b,g24cfb_165,A+,98.1300626324027
qwen35-9b,g24cfb_165,A-,1.0962377611958747
qwen35-9b,g24cfb_165,CF+,96.4321740440439
qwen35-9b,g24cfb_165,CF-,21.539534634065102
qwen35-9b,g24cfb_165,I,19.195813743318837
qwen35-9b,g24cfb_165,W,0.002611532203242322
qwen35-9b,g24cfb_165,Y0,7.151865462798024
qwen35-9b,g24cfb_168,A+,99.86101990077167
qwen35-9b,g24cfb_168,A-,2.0094903632708108
qwen35-9b,g24cfb_168,CF+,99.02468804270069
qwen35-9b,g24cfb_168,CF-,92.05797108452671
qwen35-9b,g24cfb_168,I,10.731657745097264
qwen35-9b,g24cfb_168,W,90.05577561840335
qwen35-9b,g24cfb_168,Y0,15.259516239752852
qwen35-9b,g24cfb_169,A+,98.75364302072279
qwen35-9b,g24cfb_169,A-,3.911431296996985
qwen35-9b,g24cfb_169,CF+,95.85510392309976
qwen35-9b,g24cfb_169,CF-,12.923765742964425
qwen35-9b,g24cfb_169,I,11.298642305479502
qwen35-9b,g24cfb_169,W,18.516845138751403
qwen35-9b,g24cfb_169,Y0,4.30657800814609
qwen35-9b,g24cfb_170,A+,97.6540427394307
qwen35-9b,g24cfb_170,A-,1.793482690519379
qwen35-9b,g24cfb_170,CF+,98.59871465059169
qwen35-9b,g24cfb_170,CF-,1.2710193311228668
qwen35-9b,g24cfb_170,I,98.38594877508791
qwen35-9b,g24cfb_170,W,99.56345151393367
qwen35-9b,g24cfb_170,Y0,97.845761965735
qwen35-9b,g24cfb_172,A+,97.66207220840803
qwen35-9b,g24cfb_172,A-,0.005772953216581906
qwen35-9b,g24cfb_172,CF+,36.73872606464547
qwen35-9b,g24cfb_172,CF-,39.029927827223474
qwen35-9b,g24cfb_172,I,20.890558096256694
qwen35-9b,g24cfb_172,W,39.06181039269438
qwen35-9b,g24cfb_172,Y0,96.99751027759149
qwen35-9b,g24cfb_173,A+,99.31727427707808
qwen35-9b,g24cfb_173,A-,5.096070483315007
qwen35-9b,g24cfb_173,CF+,98.17554506954264
qwen35-9b,g24cfb_173,CF-,49.41627111225329
qwen35-9b,g24cfb_173,I,95.83235199378508
qwen35-9b,g24cfb_173,W,98.82345278875779
qwen35-9b,g24cfb_173,Y0,97.72483899874624
qwen35-9b,g24cfb_174,A+,98.13806741880506
qwen35-9b,g24cfb_174,A-,19.902829992727483
qwen35-9b,g24cfb_174,CF+,49.070943476325496
qwen35-9b,g24cfb_174,CF-,30.762106044292498
qwen35-9b,g24cfb_174,I,18.682507605430885
qwen35-9b,g24cfb_174,W,44.56001700736493
qwen35-9b,g24cfb_174,Y0,4.480655758251996
qwen35-9b,g24cfb_176,A+,98.16960838050792
qwen35-9b,g24cfb_176,A-,0.00870513902601588
qwen35-9b,g24cfb_176,CF+,40.779695695738035
qwen35-9b,g24cfb_176,CF-,41.837942859644585
qwen35-9b,g24cfb_176,I,16.42811346519761
qwen35-9b,g24cfb_176,W,8.933971939602735
qwen35-9b,g24cfb_176,Y0,1.8536767651291253
qwen35-9b,g24cfb_177,A+,99.44514754330538
qwen35-9b,g24cfb_177,A-,0.006668951166053346
qwen35-9b,g24cfb_177,CF+,97.00731888280231
qwen35-9b,g24cfb_177,CF-,49.13217922552347
qwen35-9b,g24cfb_177,I,35.31002854406281
qwen35-9b,g24cfb_177,W,96.31217332909327
qwen35-9b,g24cfb_177,Y0,50.56039119864664
qwen35-9b,g24cfb_178,A+,99.22816665931964
qwen35-9b,g24cfb_178,A-,93.82797636419049
qwen35-9b,g24cfb_178,CF+,99.34377858298518
qwen35-9b,g24cfb_178,CF-,5.370871085252601
qwen35-9b,g24cfb_178,I,99.08967377646955
qwen35-9b,g24cfb_178,W,99.43427253072525
qwen35-9b,g24cfb_178,Y0,99.55753951071003
qwen35-9b,g24cfb_179,A+,98.2747589052291
qwen35-9b,g24cfb_179,A-,14.742488715380858
qwen35-9b,g24cfb_179,CF+,97.08211265823437
qwen35-9b,g24cfb_179,CF-,72.59264752423309
qwen35-9b,g24cfb_179,I,98.42786863572526
qwen35-9b,g24cfb_179,W,97.20187257791592
qwen35-9b,g24cfb_179,Y0,61.97130607817812
qwen35-9b,g24cfb_180,A+,99.44774786524073
qwen35-9b,g24cfb_180,A-,0.0062482281837211075
qwen35-9b,g24cfb_180,CF+,96.27993403251301
qwen35-9b,g24cfb_180,CF-,1.170703930391529
qwen35-9b,g24cfb_180,I,99.4074238880996
qwen35-9b,g24cfb_180,W,99.49735614673789
qwen35-9b,g24cfb_180,Y0,98.84190904239296
qwen35-9b,g24cfb_181,A+,99.97188415827026
qwen35-9b,g24cfb_181,A-,0.3566137712680816
qwen35-9b,g24cfb_181,CF+,98.30745933768381
qwen35-9b,g24cfb_181,CF-,1.0981419622164017
qwen35-9b,g24cfb_181,I,13.980299549004073
qwen35-9b,g24cfb_181,W,45.972324556372556
qwen35-9b,g24cfb_181,Y0,33.81198046619385
qwen35-9b,g24cfb_182,A+,99.98847693113083
qwen35-9b,g24cfb_182,A-,0.012741779832090697
qwen35-9b,g24cfb_182,CF+,1.9974873742067996
qwen35-9b,g24cfb_182,CF-,5.711967879243107
qwen35-9b,g24cfb_182,I,13.974273050185767
qwen35-9b,g24cfb_182,W,12.233978154263877
qwen35-9b,g24cfb_182,Y0,13.466288065287227
qwen35-9b,g24cfb_183,A+,99.01297538370106
qwen35-9b,g24cfb_183,A-,0.015614299225991415
qwen35-9b,g24cfb_183,CF+,40.833533837049046
qwen35-9b,g24cfb_183,CF-,41.80328261344154
qwen35-9b,g24cfb_183,I,98.65216360320144
qwen35-9b,g24cfb_183,W,99.36319483384803
qwen35-9b,g24cfb_183,Y0,99.50719927371665
qwen35-9b,g24cfb_185,A+,98.86913605365802
qwen35-9b,g24cfb_185,A-,0.4022439379040932
qwen35-9b,g24cfb_185,CF+,99.26406265377233
qwen35-9b,g24cfb_185,CF-,96.91665530284634
qwen35-9b,g24cfb_185,I,99.02493817027012
qwen35-9b,g24cfb_185,W,97.38940371439931
qwen35-9b,g24cfb_185,Y0,97.00440655208128
qwen35-9b,g24cfb_188,A+,56.72725837572065
qwen35-9b,g24cfb_188,A-,0.058014782745029456
qwen35-9b,g24cfb_188,CF+,49.764598508677956
qwen35-9b,g24cfb_188,CF-,50.22713176157149
qwen35-9b,g24cfb_188,I,16.23324349321657
qwen35-9b,g24cfb_188,W,38.30966481456159
qwen35-9b,g24cfb_188,Y0,2.0305085937772525
qwen35-9b,g24cfb_189,A+,99.99591913338985
qwen35-9b,g24cfb_189,A-,99.9955853283962
qwen35-9b,g24cfb_189,CF+,22.3096058320922
qwen35-9b,g24cfb_189,CF-,2.077129761536437
qwen35-9b,g24cfb_189,I,9.430977593834285
qwen35-9b,g24cfb_189,W,37.31095346892963
qwen35-9b,g24cfb_189,Y0,3.5713613800101873
qwen35-9b,g24cfb_190,A+,99.94970571274898
qwen35-9b,g24cfb_190,A-,0.017015739471235733
qwen35-9b,g24cfb_190,CF+,46.25913241069962
qwen35-9b,g24cfb_190,CF-,31.275242885657576
qwen35-9b,g24cfb_190,I,16.749356894548495
qwen35-9b,g24cfb_190,W,38.43710549625056
qwen35-9b,g24cfb_190,Y0,13.176690570582329
qwen35-9b,g24cfb_191,A+,99.39581257330623
qwen35-9b,g24cfb_191,A-,1.7622833602938632
qwen35-9b,g24cfb_191,CF+,98.75961943822904
qwen35-9b,g24cfb_191,CF-,92.8623950054885
qwen35-9b,g24cfb_191,I,6.032916728571334
qwen35-9b,g24cfb_191,W,13.051832751265422
qwen35-9b,g24cfb_191,Y0,27.29825302835032
qwen35-9b,g24cfb_192,A+,99.12122048669526
qwen35-9b,g24cfb_192,A-,8.948122330868081
qwen35-9b,g24cfb_192,CF+,95.83826698845323
qwen35-9b,g24cfb_192,CF-,33.89879067456996
qwen35-9b,g24cfb_192,I,94.90343131858211
qwen35-9b,g24cfb_192,W,99.30817133522189
qwen35-9b,g24cfb_192,Y0,99.21729738591335
qwen35-9b,g24cfb_195,A+,97.30449717208853
qwen35-9b,g24cfb_195,A-,0.00946748453652257
qwen35-9b,g24cfb_195,CF+,40.49795394862585
qwen35-9b,g24cfb_195,CF-,20.354969649203003
qwen35-9b,g24cfb_195,I,2.255685303949262
qwen35-9b,g24cfb_195,W,9.303676106268078
qwen35-9b,g24cfb_195,Y0,13.536130286786399
qwen35-9b,g24cfb_196,A+,98.83218654587874
qwen35-9b,g24cfb_196,A-,0.4104903676123866
qwen35-9b,g24cfb_196,CF+,96.46288958644192
qwen35-9b,g24cfb_196,CF-,1.9012190683408339
qwen35-9b,g24cfb_196,I,99.22407434756393
qwen35-9b,g24cfb_196,W,99.03467943378102
qwen35-9b,g24cfb_196,Y0,98.27336917988148
qwen35-9b,g24cfb_197,A+,97.22265345030557
qwen35-9b,g24cfb_197,A-,0.6717454427071187
qwen35-9b,g24cfb_197,CF+,18.560080207957096
qwen35-9b,g24cfb_197,CF-,43.51375597843257
qwen35-9b,g24cfb_197,I,31.317224024424416
qwen35-9b,g24cfb_197,W,42.68348689643219
qwen35-9b,g24cfb_197,Y0,19.997184000525298
qwen35-9b,g24cfb_198,A+,99.26921729743867
qwen35-9b,g24cfb_198,A-,26.223333482194242
qwen35-9b,g24cfb_198,CF+,99.30346420162445
qwen35-9b,g24cfb_198,CF-,16.1184589721492
qwen35-9b,g24cfb_198,I,98.0942203429649
qwen35-9b,g24cfb_198,W,99.2855776663148
qwen35-9b,g24cfb_198,Y0,99.69007203860681
qwen35-9b,g24cfb_200,A+,95.10676988127226
qwen35-9b,g24cfb_200,A-,0.019723542211759017
qwen35-9b,g24cfb_200,CF+,1.1522961684568338
qwen35-9b,g24cfb_200,CF-,0.9011117117187187
qwen35-9b,g24cfb_200,I,4.033174055364151
qwen35-9b,g24cfb_200,W,99.23813018899824
qwen35-9b,g24cfb_200,Y0,98.39649505348144
qwen35-9b,g24cfb_201,A+,99.30646261782731
qwen35-9b,g24cfb_201,A-,0.008588117161192146
qwen35-9b,g24cfb_201,CF+,32.701161099955605
qwen35-9b,g24cfb_201,CF-,46.466363505797936
qwen35-9b,g24cfb_201,I,22.261837459273497
qwen35-9b,g24cfb_201,W,45.70381436762584
qwen35-9b,g24cfb_201,Y0,17.591027376837534
qwen35-9b,g24cfb_202,A+,96.56934185501244
qwen35-9b,g24cfb_202,A-,70.88691607372608
qwen35-9b,g24cfb_202,CF+,19.492185338286646
qwen35-9b,g24cfb_202,CF-,11.708716887182453
qwen35-9b,g24cfb_202,I,5.188539919511344
qwen35-9b,g24cfb_202,W,0.37733121360467453
qwen35-9b,g24cfb_202,Y0,0.08604370250214213
qwen35-9b,g24cfb_203,A+,99.80163922432372
qwen35-9b,g24cfb_203,A-,1.2316998104165795
qwen35-9b,g24cfb_203,CF+,99.25281467655789
qwen35-9b,g24cfb_203,CF-,1.3582393256542604
qwen35-9b,g24cfb_203,I,91.1096840094137
qwen35-9b,g24cfb_203,W,17.84507344325061
qwen35-9b,g24cfb_203,Y0,15.150385189096916
qwen35-9b,g24cfb_206,A+,97.37411435061219
qwen35-9b,g24cfb_206,A-,0.26172479112230096
qwen35-9b,g24cfb_206,CF+,46.67461365927892
qwen35-9b,g24cfb_206,CF-,44.744541720423605
qwen35-9b,g24cfb_206,I,45.13082380476356
qwen35-9b,g24cfb_206,W,46.557974064749466
qwen35-9b,g24cfb_206,Y0,16.520972818693718
qwen35-9b,g24cfb_207,A+,4.869773199636442
qwen35-9b,g24cfb_207,A-,95.5500532203171
qwen35-9b,g24cfb_207,CF+,23.226944418659183
qwen35-9b,g24cfb_207,CF-,32.88929252436123
qwen35-9b,g24cfb_207,I,17.305002479209048
qwen35-9b,g24cfb_207,W,77.18654873584703
qwen35-9b,g24cfb_207,Y0,97.01551874223861
qwen35-9b,g24cfb_208,A+,98.15887386416426
qwen35-9b,g24cfb_208,A-,0.01209059348630288
qwen35-9b,g24cfb_208,CF+,3.1165003468453762
qwen35-9b,g24cfb_208,CF-,2.797777783923264
qwen35-9b,g24cfb_208,I,0.7365079791043523
qwen35-9b,g24cfb_208,W,1.4643692586946206
qwen35-9b,g24cfb_208,Y0,99.36316963642571
qwen35-9b,g24cfb_210,A+,98.73725561116208
qwen35-9b,g24cfb_210,A-,98.16864645060843
qwen35-9b,g24cfb_210,CF+,29.049478206977554
qwen35-9b,g24cfb_210,CF-,93.84183241612806
qwen35-9b,g24cfb_210,I,30.482464818743892
qwen35-9b,g24cfb_210,W,44.56703894923419
qwen35-9b,g24cfb_210,Y0,24.96036844668489
qwen35-9b,g24cfb_211,A+,37.88928872746962
qwen35-9b,g24cfb_211,A-,57.8144343584988
qwen35-9b,g24cfb_211,CF+,24.950967626596416
qwen35-9b,g24cfb_211,CF-,24.834262994617895
qwen35-9b,g24cfb_211,I,98.04792226214093
qwen35-9b,g24cfb_211,W,99.24365717069418
qwen35-9b,g24cfb_211,Y0,99.56663207095039
qwen35-9b,g24cfb_212,A+,99.93161895596033
qwen35-9b,g24cfb_212,A-,0.289979506415714
qwen35-9b,g24cfb_212,CF+,2.0041676198782317
qwen35-9b,g24cfb_212,CF-,0.9805563845853151
qwen35-9b,g24cfb_212,I,1.466052071776553
qwen35-9b,g24cfb_212,W,0.8241191513244991
qwen35-9b,g24cfb_212,Y0,0.004702402931763496
qwen35-9b,g24cfb_213,A+,99.97198160160495
qwen35-9b,g24cfb_213,A-,0.1312760325370833
qwen35-9b,g24cfb_213,CF+,39.172894805366525
qwen35-9b,g24cfb_213,CF-,27.8406385181223
qwen35-9b,g24cfb_213,I,46.74076301795923
qwen35-9b,g24cfb_213,W,47.87449619591993
qwen35-9b,g24cfb_213,Y0,38.736456867783424
qwen35-9b,g24cfb_216,A+,99.57794755254672
qwen35-9b,g24cfb_216,A-,2.0856558958770166
qwen35-9b,g24cfb_216,CF+,98.67631152130872
qwen35-9b,g24cfb_216,CF-,96.55138355198238
qwen35-9b,g24cfb_216,I,14.520839556143954
qwen35-9b,g24cfb_216,W,98.77294925029734
qwen35-9b,g24cfb_216,Y0,99.15454281679118
qwen35-9b,g24cfb_217,A+,99.8770761779497
qwen35-9b,g24cfb_217,A-,0.3761670775692609
qwen35-9b,g24cfb_217,CF+,98.39721092575742
qwen35-9b,g24cfb_217,CF-,1.3797759430972396
qwen35-9b,g24cfb_217,I,97.58437888715342
qwen35-9b,g24cfb_217,W,98.58011204543728
qwen35-9b,g24cfb_217,Y0,98.82794769737308
qwen35-9b,g24cfb_218,A+,98.98117702959081
qwen35-9b,g24cfb_218,A-,0.6279820690688906
qwen35-9b,g24cfb_218,CF+,45.95007132497754
qwen35-9b,g24cfb_218,CF-,18.165593931079847
qwen35-9b,g24cfb_218,I,27.56447553874723
qwen35-9b,g24cfb_218,W,3.972867466867226
qwen35-9b,g24cfb_218,Y0,1.3843498720378644
qwen35-9b,g24cfb_219,A+,99.27177704177359
qwen35-9b,g24cfb_219,A-,0.017551307213915054
qwen35-9b,g24cfb_219,CF+,97.20385862544929
qwen35-9b,g24cfb_219,CF-,1.0031636401789985
qwen35-9b,g24cfb_219,I,13.326856059287657
qwen35-9b,g24cfb_219,W,2.0658655786252305
qwen35-9b,g24cfb_219,Y0,0.008747873176535024
qwen35-9b,g24cfb_222,A+,99.27858491464586
qwen35-9b,g24cfb_222,A-,0.008203768155823334
qwen35-9b,g24cfb_222,CF+,34.372156366646955
qwen35-9b,g24cfb_222,CF-,49.84155743803659
qwen35-9b,g24cfb_222,I,8.808362894292078
qwen35-9b,g24cfb_222,W,44.42777096056639
qwen35-9b,g24cfb_222,Y0,4.619761475039055
qwen35-9b,g24cfb_223,A+,98.78212381947614
qwen35-9b,g24cfb_223,A-,38.31509172407875
qwen35-9b,g24cfb_223,CF+,99.47013115331328
qwen35-9b,g24cfb_223,CF-,46.51259441149928
qwen35-9b,g24cfb_223,I,3.4238590059635854
qwen35-9b,g24cfb_223,W,18.44786771716367
qwen35-9b,g24cfb_223,Y0,58.53764911510921
qwen35-9b,g24cfb_224,A+,66.92795129357951
qwen35-9b,g24cfb_224,A-,0.010459313603431199
qwen35-9b,g24cfb_224,CF+,23.310392278486514
qwen35-9b,g24cfb_224,CF-,3.5193211129176962
qwen35-9b,g24cfb_224,I,20.656975111395766
qwen35-9b,g24cfb_224,W,44.68511659759246
qwen35-9b,g24cfb_224,Y0,8.601022733641804
qwen35-9b,g24cfb_226,A+,96.97692199039476
qwen35-9b,g24cfb_226,A-,27.76828046632089
qwen35-9b,g24cfb_226,CF+,97.99474917648011
qwen35-9b,g24cfb_226,CF-,7.137761708207827
qwen35-9b,g24cfb_226,I,15.985981548180051
qwen35-9b,g24cfb_226,W,40.48763137739951
qwen35-9b,g24cfb_226,Y0,45.52222562677815
qwen35-9b,g24cfb_227,A+,97.66144937503647
qwen35-9b,g24cfb_227,A-,0.8840349929840626
qwen35-9b,g24cfb_227,CF+,43.155504788345894
qwen35-9b,g24cfb_227,CF-,33.576753360900526
qwen35-9b,g24cfb_227,I,8.234171190996916
qwen35-9b,g24cfb_227,W,28.48422250226246
qwen35-9b,g24cfb_227,Y0,0.010276681279090651
qwen35-9b,g24cfb_228,A+,98.56773127087796
qwen35-9b,g24cfb_228,A-,61.68258941256144
qwen35-9b,g24cfb_228,CF+,98.49675561143594
qwen35-9b,g24cfb_228,CF-,79.32783821776108
qwen35-9b,g24cfb_228,I,12.72885040676983
qwen35-9b,g24cfb_228,W,87.59254496896061
qwen35-9b,g24cfb_228,Y0,93.81029822422781
qwen35-9b,g24cfb_229,A+,98.08742787601462
qwen35-9b,g24cfb_229,A-,0.01410154409966561
qwen35-9b,g24cfb_229,CF+,19.989760757905362
qwen35-9b,g24cfb_229,CF-,0.013486110382211093
qwen35-9b,g24cfb_229,I,20.586758270326694
qwen35-9b,g24cfb_229,W,0.9854639388050059
qwen35-9b,g24cfb_229,Y0,0.2962151168444016
qwen35-9b,g24cfb_230,A+,99.10224282971278
qwen35-9b,g24cfb_230,A-,2.186109118062733
qwen35-9b,g24cfb_230,CF+,98.03073183210681
qwen35-9b,g24cfb_230,CF-,0.9248812828471927
qwen35-9b,g24cfb_230,I,22.404517608804795
qwen35-9b,g24cfb_230,W,98.07588503775577
qwen35-9b,g24cfb_230,Y0,13.502547573111377
qwen35-9b,g24cfb_231,A+,98.89281077692083
qwen35-9b,g24cfb_231,A-,98.18996372174752
qwen35-9b,g24cfb_231,CF+,98.45539870551475
qwen35-9b,g24cfb_231,CF-,1.760848627794122
qwen35-9b,g24cfb_231,I,6.483994138652337
qwen35-9b,g24cfb_231,W,1.5186640803435256
qwen35-9b,g24cfb_231,Y0,0.026422933171315412
qwen35-9b,g24cfb_232,A+,33.56651153436499
qwen35-9b,g24cfb_232,A-,0.02453312766653453
qwen35-9b,g24cfb_232,CF+,86.47240880145954
qwen35-9b,g24cfb_232,CF-,2.852250196342469
qwen35-9b,g24cfb_232,I,2.9489823756751594
qwen35-9b,g24cfb_232,W,1.3964929554153476
qwen35-9b,g24cfb_232,Y0,0.04892572202374958
qwen35-9b,g24cfb_233,A+,98.33684085319219
qwen35-9b,g24cfb_233,A-,11.509675906917112
qwen35-9b,g24cfb_233,CF+,4.334713306442621
qwen35-9b,g24cfb_233,CF-,19.73638434421241
qwen35-9b,g24cfb_233,I,34.15719680115327
qwen35-9b,g24cfb_233,W,42.6095420575827
qwen35-9b,g24cfb_233,Y0,20.323910995868964
qwen35-9b,g24cfb_234,A+,98.27594314542111
qwen35-9b,g24cfb_234,A-,58.684974509023945
qwen35-9b,g24cfb_234,CF+,98.60619786383955
qwen35-9b,g24cfb_234,CF-,98.69387522856127
qwen35-9b,g24cfb_234,I,99.26395839603958
qwen35-9b,g24cfb_234,W,99.46637374056431
qwen35-9b,g24cfb_234,Y0,99.26953721470065
qwen35-9b,g24cfb_236,A+,99.15617940645282
qwen35-9b,g24cfb_236,A-,21.26602466105019
qwen35-9b,g24cfb_236,CF+,98.0335784726184
qwen35-9b,g24cfb_236,CF-,16.246698727091232
qwen35-9b,g24cfb_236,I,98.22546807123743
qwen35-9b,g24cfb_236,W,99.04128230433348
qwen35-9b,g24cfb_236,Y0,99.37720465071655
qwen35-9b,g24cfb_237,A+,97.92264574508926
qwen35-9b,g24cfb_237,A-,99.94500403761288
qwen35-9b,g24cfb_237,CF+,5.245328364302208
qwen35-9b,g24cfb_237,CF-,6.757229763440751
qwen35-9b,g24cfb_237,I,21.980737176446812
qwen35-9b,g24cfb_237,W,8.082902152656228
qwen35-9b,g24cfb_237,Y0,19.778622896441515
qwen35-9b,g24cfb_239,A+,6.999189662146063
qwen35-9b,g24cfb_239,A-,7.810150825436692
qwen35-9b,g24cfb_239,CF+,7.870014443670227
qwen35-9b,g24cfb_239,CF-,1.5220900153526284
qwen35-9b,g24cfb_239,I,36.12606120257257
qwen35-9b,g24cfb_239,W,2.525600514804911
qwen35-9b,g24cfb_239,Y0,10.521313326604009
qwen35-9b,g24cfb_240,A+,99.00888531276416
qwen35-9b,g24cfb_240,A-,2.663909066611927
qwen35-9b,g24cfb_240,CF+,95.32488706162215
qwen35-9b,g24cfb_240,CF-,98.08901335797451
qwen35-9b,g24cfb_240,I,98.5110121923287
qwen35-9b,g24cfb_240,W,99.0115769647847
qwen35-9b,g24cfb_240,Y0,97.93646634112041
qwen35-9b,g24cfb_245,A+,20.18744833298075
qwen35-9b,g24cfb_245,A-,32.770944650054865
qwen35-9b,g24cfb_245,CF+,49.58484660352029
qwen35-9b,g24cfb_245,CF-,55.32691021267508
qwen35-9b,g24cfb_245,I,0.4351362111813057
qwen35-9b,g24cfb_245,W,99.66967035103299
qwen35-9b,g24cfb_245,Y0,99.35891435768781
qwen35-9b,g24cfb_246,A+,99.95429245357705
qwen35-9b,g24cfb_246,A-,96.43885363408798
qwen35-9b,g24cfb_246,CF+,98.87590940434826
qwen35-9b,g24cfb_246,CF-,99.13346697391985
qwen35-9b,g24cfb_246,I,97.46568764338795
qwen35-9b,g24cfb_246,W,98.3152277787484
qwen35-9b,g24cfb_246,Y0,99.51305783841222
qwen35-9b,g24cfb_248,A+,98.48947811641945
qwen35-9b,g24cfb_248,A-,16.908672470730394
qwen35-9b,g24cfb_248,CF+,97.39119197514096
qwen35-9b,g24cfb_248,CF-,1.7603900019454821
qwen35-9b,g24cfb_248,I,5.085718838219661
qwen35-9b,g24cfb_248,W,3.356971424875377
qwen35-9b,g24cfb_248,Y0,0.1852419216448582
qwen35-9b,g24cfb_249,A+,99.70265244678508
qwen35-9b,g24cfb_249,A-,0.005026022159659982
qwen35-9b,g24cfb_249,CF+,5.234827426639471
qwen35-9b,g24cfb_249,CF-,5.398419219256411
qwen35-9b,g24cfb_249,I,0.598446029132458
qwen35-9b,g24cfb_249,W,6.688007130580036
qwen35-9b,g24cfb_249,Y0,11.134393783032134
qwen35-9b,g24cfb_250,A+,99.104779252058
qwen35-9b,g24cfb_250,A-,42.69109298147103
qwen35-9b,g24cfb_250,CF+,53.9119325630088
qwen35-9b,g24cfb_250,CF-,48.58904170321044
qwen35-9b,g24cfb_250,I,2.8200840259907816
qwen35-9b,g24cfb_250,W,7.973981156636567
qwen35-9b,g24cfb_250,Y0,58.33228755310596
qwen35-9b,g24cfb_253,A+,5.895552381881692
qwen35-9b,g24cfb_253,A-,98.18330659747066
qwen35-9b,g24cfb_253,CF+,4.143208549411687
qwen35-9b,g24cfb_253,CF-,98.94916724413393
qwen35-9b,g24cfb_253,I,4.692819693261117
qwen35-9b,g24cfb_253,W,1.4045141974030628
qwen35-9b,g24cfb_253,Y0,0.8868082936343312
qwen35-9b,g24cfb_254,A+,99.69258849024007
qwen35-9b,g24cfb_254,A-,4.427373571652599
qwen35-9b,g24cfb_254,CF+,97.10349711839028
qwen35-9b,g24cfb_254,CF-,98.75339984074135
qwen35-9b,g24cfb_254,I,98.99173494700295
qwen35-9b,g24cfb_254,W,99.41348409648357
qwen35-9b,g24cfb_254,Y0,99.58163471611266
qwen35-9b,g24cfb_255,A+,96.52474013736924
qwen35-9b,g24cfb_255,A-,96.66546910649946
qwen35-9b,g24cfb_255,CF+,6.808969071097121
qwen35-9b,g24cfb_255,CF-,6.944520023959252
qwen35-9b,g24cfb_255,I,98.92749286165562
qwen35-9b,g24cfb_255,W,97.99071497558093
qwen35-9b,g24cfb_255,Y0,96.73554113352078
qwen35-9b,g24cfb_256,A+,98.60422099260288
qwen35-9b,g24cfb_256,A-,99.57105961022404
qwen35-9b,g24cfb_256,CF+,10.59971342216648
qwen35-9b,g24cfb_256,CF-,2.9861911050169523
qwen35-9b,g24cfb_256,I,26.379055690633223
qwen35-9b,g24cfb_256,W,15.546326081766479
qwen35-9b,g24cfb_256,Y0,97.06257151094043
qwen35-9b,g24cfb_258,A+,99.1142634520497
qwen35-9b,g24cfb_258,A-,98.06609132700447
qwen35-9b,g24cfb_258,CF+,99.17889075311827
qwen35-9b,g24cfb_258,CF-,99.08232206264572
qwen35-9b,g24cfb_258,I,72.51569224478868
qwen35-9b,g24cfb_258,W,54.7382953375615
qwen35-9b,g24cfb_258,Y0,9.256550819383186
qwen35-9b,g24cfb_259,A+,0.21027640956214824
qwen35-9b,g24cfb_259,A-,0.002338318211279485
qwen35-9b,g24cfb_259,CF+,0.13073038207278823
qwen35-9b,g24cfb_259,CF-,0.157238579721006
qwen35-9b,g24cfb_259,I,0.1803765491454243
qwen35-9b,g24cfb_259,W,0.011267730442478715
qwen35-9b,g24cfb_259,Y0,0.0055161786434769515
qwen35-9b,g24cfb_260,A+,99.59158757519954
qwen35-9b,g24cfb_260,A-,57.27700823710047
qwen35-9b,g24cfb_260,CF+,99.3801099610634
qwen35-9b,g24cfb_260,CF-,1.4819568496442803
qwen35-9b,g24cfb_260,I,99.67298624599756
qwen35-9b,g24cfb_260,W,99.70593561147012
qwen35-9b,g24cfb_260,Y0,99.82564106817522
qwen35-9b,g24cfb_261,A+,99.29981813167197
qwen35-9b,g24cfb_261,A-,0.5123062594414958
qwen35-9b,g24cfb_261,CF+,32.32986595864347
qwen35-9b,g24cfb_261,CF-,24.896217743503968
qwen35-9b,g24cfb_261,I,17.168701412579143
qwen35-9b,g24cfb_261,W,95.87422370064867
qwen35-9b,g24cfb_261,Y0,14.028655184049539
qwen35-9b,g24cfb_262,A+,98.87326168497806
qwen35-9b,g24cfb_262,A-,0.5153628617022937
qwen35-9b,g24cfb_262,CF+,13.377919467582576
qwen35-9b,g24cfb_262,CF-,0.899995820178057
qwen35-9b,g24cfb_262,I,15.627457377359722
qwen35-9b,g24cfb_262,W,96.93754747087206
qwen35-9b,g24cfb_262,Y0,95.69641192663454
qwen35-9b,g24cfb_263,A+,97.72865742137205
qwen35-9b,g24cfb_263,A-,3.974719458863579
qwen35-9b,g24cfb_263,CF+,96.52203992979857
qwen35-9b,g24cfb_263,CF-,1.613998443895228
qwen35-9b,g24cfb_263,I,13.839611718633172
qwen35-9b,g24cfb_263,W,49.03014784657466
qwen35-9b,g24cfb_263,Y0,97.61159348600924
qwen35-9b,g24cfb_264,A+,4.135061752913919
qwen35-9b,g24cfb_264,A-,2.4623503363828303
qwen35-9b,g24cfb_264,CF+,48.48785072564183
qwen35-9b,g24cfb_264,CF-,1.7805050146609882
qwen35-9b,g24cfb_264,I,13.895848621458946
qwen35-9b,g24cfb_264,W,6.825750672156526
qwen35-9b,g24cfb_264,Y0,5.1216014212569645
qwen35-9b,g24cfb_265,A+,99.98602403589265
qwen35-9b,g24cfb_265,A-,0.007714846854811949
qwen35-9b,g24cfb_265,CF+,0.4086231496217392
qwen35-9b,g24cfb_265,CF-,19.644005336973677
qwen35-9b,g24cfb_265,I,1.365780236655457
qwen35-9b,g24cfb_265,W,2.319775421161154
qwen35-9b,g24cfb_265,Y0,2.6048397957606597
qwen35-9b,g24cfb_269,A+,98.36544222929017
qwen35-9b,g24cfb_269,A-,12.980976632224289
qwen35-9b,g24cfb_269,CF+,97.62990212387969
qwen35-9b,g24cfb_269,CF-,1.4306524986873737
qwen35-9b,g24cfb_269,I,33.73308769438059
qwen35-9b,g24cfb_269,W,96.71941865048151
qwen35-9b,g24cfb_269,Y0,98.05825814461265
qwen35-9b,g24cfb_270,A+,98.99888844516619
qwen35-9b,g24cfb_270,A-,18.52663396545485
qwen35-9b,g24cfb_270,CF+,99.20503715057828
qwen35-9b,g24cfb_270,CF-,99.1346751525268
qwen35-9b,g24cfb_270,I,98.79668526604236
qwen35-9b,g24cfb_270,W,98.66396181350241
qwen35-9b,g24cfb_270,Y0,99.32485283060403
qwen35-9b,g24cfb_272,A+,99.56346076565052
qwen35-9b,g24cfb_272,A-,27.80716555501914
qwen35-9b,g24cfb_272,CF+,99.10664001026458
qwen35-9b,g24cfb_272,CF-,61.05847639305739
qwen35-9b,g24cfb_272,I,87.35169364577217
qwen35-9b,g24cfb_272,W,99.6423772121852
qwen35-9b,g24cfb_272,Y0,99.79343973752242
qwen35-9b,g24cfb_273,A+,98.78602736937101
qwen35-9b,g24cfb_273,A-,5.709634820582931
qwen35-9b,g24cfb_273,CF+,95.85309780289714
qwen35-9b,g24cfb_273,CF-,3.4153939939929256
qwen35-9b,g24cfb_273,I,22.22309885118005
qwen35-9b,g24cfb_273,W,0.7685683159645529
qwen35-9b,g24cfb_273,Y0,0.06346478139711684
qwen35-9b,g24cfb_274,A+,97.02884938211179
qwen35-9b,g24cfb_274,A-,0.43618707669680146
qwen35-9b,g24cfb_274,CF+,98.65945820025901
qwen35-9b,g24cfb_274,CF-,0.04278897087038808
qwen35-9b,g24cfb_274,I,98.5515139020599
qwen35-9b,g24cfb_274,W,99.07428427446538
qwen35-9b,g24cfb_274,Y0,99.11413916840041
qwen35-9b,g24cfb_275,A+,99.69103506924809
qwen35-9b,g24cfb_275,A-,99.96331918964488
qwen35-9b,g24cfb_275,CF+,98.69408415996857
qwen35-9b,g24cfb_275,CF-,3.347366372729487
qwen35-9b,g24cfb_275,I,5.060136178103547
qwen35-9b,g24cfb_275,W,91.31352129448578
qwen35-9b,g24cfb_275,Y0,6.01022574891853
qwen35-9b,g24cfb_277,A+,99.9588041147295
qwen35-9b,g24cfb_277,A-,23.676175789980885
qwen35-9b,g24cfb_277,CF+,97.83841099538226
qwen35-9b,g24cfb_277,CF-,27.34629940658007
qwen35-9b,g24cfb_277,I,35.69710500811242
qwen35-9b,g24cfb_277,W,57.60430665762882
qwen35-9b,g24cfb_277,Y0,98.0443890295324
qwen35-9b,g24cfb_281,A+,97.25730700882835
qwen35-9b,g24cfb_281,A-,0.010973153066904932
qwen35-9b,g24cfb_281,CF+,1.2188098823271794
qwen35-9b,g24cfb_281,CF-,0.1449243521662335
qwen35-9b,g24cfb_281,I,17.885683573333115
qwen35-9b,g24cfb_281,W,3.2438101165081985
qwen35-9b,g24cfb_281,Y0,10.991616411998793
qwen35-9b,g24cfb_283,A+,97.61961364604151
qwen35-9b,g24cfb_283,A-,18.063993950628472
qwen35-9b,g24cfb_283,CF+,42.75561812352489
qwen35-9b,g24cfb_283,CF-,29.243013499447688
qwen35-9b,g24cfb_283,I,20.738801956190272
qwen35-9b,g24cfb_283,W,4.934952146089357
qwen35-9b,g24cfb_283,Y0,22.905720136996333
qwen35-9b,g24cfb_286,A+,99.67160991224071
qwen35-9b,g24cfb_286,A-,1.0872749309655096
qwen35-9b,g24cfb_286,CF+,99.99253792777439
qwen35-9b,g24cfb_286,CF-,0.7961048762376157
qwen35-9b,g24cfb_286,I,6.524782191921624
qwen35-9b,g24cfb_286,W,88.91362888658244
qwen35-9b,g24cfb_286,Y0,0.4815254758339407
qwen35-9b,g24cfb_287,A+,48.55671254241248
qwen35-9b,g24cfb_287,A-,5.744815125325944
qwen35-9b,g24cfb_287,CF+,4.899347884992406
qwen35-9b,g24cfb_287,CF-,22.68014989015004
qwen35-9b,g24cfb_287,I,20.511993830800773
qwen35-9b,g24cfb_287,W,88.56105569000945
qwen35-9b,g24cfb_287,Y0,98.06768136692065
qwen35-9b,g24cfb_289,A+,99.45795995592637
qwen35-9b,g24cfb_289,A-,0.0073019925410395614
qwen35-9b,g24cfb_289,CF+,41.173116031405925
qwen35-9b,g24cfb_289,CF-,14.882042108656139
qwen35-9b,g24cfb_289,I,19.685165754520327
qwen35-9b,g24cfb_289,W,4.757512021289923
qwen35-9b,g24cfb_289,Y0,11.57733437347555
qwen35-9b,g24cfb_290,A+,98.87164991709643
qwen35-9b,g24cfb_290,A-,1.6164924863500465
qwen35-9b,g24cfb_290,CF+,99.06145102717018
qwen35-9b,g24cfb_290,CF-,19.291558643320325
qwen35-9b,g24cfb_290,I,20.73414812520829
qwen35-9b,g24cfb_290,W,97.19655976634061
qwen35-9b,g24cfb_290,Y0,93.95106263835658
qwen35-9b,g24cfb_292,A+,99.52442895070538
qwen35-9b,g24cfb_292,A-,7.210016339962059
qwen35-9b,g24cfb_292,CF+,59.95595105508582
qwen35-9b,g24cfb_292,CF-,45.477907368412005
qwen35-9b,g24cfb_292,I,33.054615379944494
qwen35-9b,g24cfb_292,W,39.96331628888744
qwen35-9b,g24cfb_292,Y0,37.690601028928675
qwen35-9b,g24cfb_293,A+,94.47534529500459
qwen35-9b,g24cfb_293,A-,3.111050188403704
qwen35-9b,g24cfb_293,CF+,39.82832050777286
qwen35-9b,g24cfb_293,CF-,40.01074993067998
qwen35-9b,g24cfb_293,I,23.708274229404267
qwen35-9b,g24cfb_293,W,48.10629614739466
qwen35-9b,g24cfb_293,Y0,19.87433839038313
qwen35-9b,g24cfb_294,A+,97.24801140650848
qwen35-9b,g24cfb_294,A-,87.79916711730596
qwen35-9b,g24cfb_294,CF+,99.98974233075984
qwen35-9b,g24cfb_294,CF-,67.12651169106255
qwen35-9b,g24cfb_294,I,20.19599142358619
qwen35-9b,g24cfb_294,W,99.01033936790172
qwen35-9b,g24cfb_294,Y0,3.8260223702888885
qwen35-9b,g24cfb_295,A+,99.98948400121247
qwen35-9b,g24cfb_295,A-,2.0363137368415085
qwen35-9b,g24cfb_295,CF+,98.45449281555914
qwen35-9b,g24cfb_295,CF-,10.649080857876582
qwen35-9b,g24cfb_295,I,4.106198778278391
qwen35-9b,g24cfb_295,W,7.964863649528287
qwen35-9b,g24cfb_295,Y0,8.735149737426656
qwen35-9b,g24cfb_297,A+,8.805195908107715
qwen35-9b,g24cfb_297,A-,98.80761860693396
qwen35-9b,g24cfb_297,CF+,11.822219500672814
qwen35-9b,g24cfb_297,CF-,2.081970822644287
qwen35-9b,g24cfb_297,I,16.963119878776478
qwen35-9b,g24cfb_297,W,1.4925911097939506
qwen35-9b,g24cfb_297,Y0,0.11066079817580668
gemma3-12b,g24cfb_000,A+,99.99911653722035
gemma3-12b,g24cfb_000,A-,0.01825850669227285
gemma3-12b,g24cfb_000,CF+,51.97021798346879
gemma3-12b,g24cfb_000,CF-,38.89469810790735
gemma3-12b,g24cfb_000,I,55.27308755591712
gemma3-12b,g24cfb_000,W,55.518777202168735
gemma3-12b,g24cfb_000,Y0,55.544762062233325
gemma3-12b,g24cfb_001,A+,73.58427731919656
gemma3-12b,g24cfb_001,A-,44.32338649851706
gemma3-12b,g24cfb_001,CF+,55.528268138812315
gemma3-12b,g24cfb_001,CF-,55.53366835058414
gemma3-12b,g24cfb_001,I,55.483671800558156
gemma3-12b,g24cfb_001,W,55.518144313157144
gemma3-12b,g24cfb_001,Y0,64.18144064083951
gemma3-12b,g24cfb_002,A+,94.44443650699789
gemma3-12b,g24cfb_002,A-,10.460121319984689
gemma3-12b,g24cfb_002,CF+,55.53075387294959
gemma3-12b,g24cfb_002,CF-,55.49320359216447
gemma3-12b,g24cfb_002,I,55.505480591349034
gemma3-12b,g24cfb_002,W,55.50247863835546
gemma3-12b,g24cfb_002,Y0,55.87155782533952
gemma3-12b,g24cfb_003,A+,98.94055866827973
gemma3-12b,g24cfb_003,A-,0.006143350063871426
gemma3-12b,g24cfb_003,CF+,34.16950515119924
gemma3-12b,g24cfb_003,CF-,21.3793359438397
gemma3-12b,g24cfb_003,I,33.33349600436843
gemma3-12b,g24cfb_003,W,12.166900598550717
gemma3-12b,g24cfb_003,Y0,23.842533120685104
gemma3-12b,g24cfb_004,A+,99.9991811932245
gemma3-12b,g24cfb_004,A-,3.7757712006430646e-05
gemma3-12b,g24cfb_004,CF+,55.53828205017348
gemma3-12b,g24cfb_004,CF-,55.54016522040959
gemma3-12b,g24cfb_004,I,88.85384278704598
gemma3-12b,g24cfb_004,W,55.6371975075962
gemma3-12b,g24cfb_004,Y0,92.45354718938742
gemma3-12b,g24cfb_005,A+,99.99625828328527
gemma3-12b,g24cfb_005,A-,99.99942022111179
gemma3-12b,g24cfb_005,CF+,55.473871107592345
gemma3-12b,g24cfb_005,CF-,55.54045450848989
gemma3-12b,g24cfb_005,I,65.62107621828864
gemma3-12b,g24cfb_005,W,66.4735863687409
gemma3-12b,g24cfb_005,Y0,90.53385292831379
gemma3-12b,g24cfb_007,A+,99.99952344766642
gemma3-12b,g24cfb_007,A-,4.847374907415272e-05
gemma3-12b,g24cfb_007,CF+,55.53941994874645
gemma3-12b,g24cfb_007,CF-,55.5440197509559
gemma3-12b,g24cfb_007,I,55.5434284043631
gemma3-12b,g24cfb_007,W,55.54031520071183
gemma3-12b,g24cfb_007,Y0,5.483736741071697e-05
gemma3-12b,g24cfb_008,A+,99.99938811012849
gemma3-12b,g24cfb_008,A-,99.97252147178227
gemma3-12b,g24cfb_008,CF+,55.54628978219733
gemma3-12b,g24cfb_008,CF-,55.543791781594365
gemma3-12b,g24cfb_008,I,99.8921307848579
gemma3-12b,g24cfb_008,W,88.88888445151032
gemma3-12b,g24cfb_008,Y0,0.00014655933232130369
gemma3-12b,g24cfb_009,A+,99.80014766722441
gemma3-12b,g24cfb_009,A-,0.0005725206269321868
gemma3-12b,g24cfb_009,CF+,55.54353399102642
gemma3-12b,g24cfb_009,CF-,55.54009775410151
gemma3-12b,g24cfb_009,I,43.182621457638675
gemma3-12b,g24cfb_009,W,55.44849742381265
gemma3-12b,g24cfb_009,Y0,55.55188877464184
gemma3-12b,g24cfb_010,A+,6.150143598593777e-05
gemma3-12b,g24cfb_010,A-,90.91222695298943
gemma3-12b,g24cfb_010,CF+,55.532472505360516
gemma3-12b,g24cfb_010,CF-,55.546835126087295
gemma3-12b,g24cfb_010,I,55.545770627404366
gemma3-12b,g24cfb_010,W,55.521998689964924
gemma3-12b,g24cfb_010,Y0,55.510201875299195
gemma3-12b,g24cfb_012,A+,99.9870036752667
gemma3-12b,g24cfb_012,A-,99.98331087463252
gemma3-12b,g24cfb_012,CF+,61.10461813521201
gemma3-12b,g24cfb_012,CF-,66.70493967335159
gemma3-12b,g24cfb_012,I,59.75253140531455
gemma3-12b,g24cfb_012,W,58.53762515548336
gemma3-12b,g24cfb_012,Y0,88.90554873834425
gemma3-12b,g24cfb_013,A+,99.99995203115388
gemma3-12b,g24cfb_013,A-,1.2168359678701444e-05
gemma3-12b,g24cfb_013,CF+,55.537863065895905
gemma3-12b,g24cfb_013,CF-,55.53728312887917
gemma3-12b,g24cfb_013,I,55.53311196700722
gemma3-12b,g24cfb_013,W,55.530384642185815
gemma3-12b,g24cfb_013,Y0,55.535459251952545
gemma3-12b,g24cfb_014,A+,91.36333198041721
gemma3-12b,g24cfb_014,A-,8.912700467108274e-05
gemma3-12b,g24cfb_014,CF+,55.54760475315544
gemma3-12b,g24cfb_014,CF-,55.54436398004042
gemma3-12b,g24cfb_014,I,55.53046124191705
gemma3-12b,g24cfb_014,W,55.431393759021795
gemma3-12b,g24cfb_014,Y0,55.54951631180422
gemma3-12b,g24cfb_015,A+,99.9996338041081
gemma3-12b,g24cfb_015,A-,0.001794158335506794
gemma3-12b,g24cfb_015,CF+,55.47272103234706
gemma3-12b,g24cfb_015,CF-,55.54535377464431
gemma3-12b,g24cfb_015,I,55.53058725613275
gemma3-12b,g24cfb_015,W,55.499850181305376
gemma3-12b,g24cfb_015,Y0,55.55384405999095
gemma3-12b,g24cfb_016,A+,99.47291306839521
gemma3-12b,g24cfb_016,A-,2.2539468293811456e-05
gemma3-12b,g24cfb_016,CF+,22.22589445890888
gemma3-12b,g24cfb_016,CF-,55.50291248794973
gemma3-12b,g24cfb_016,I,0.0008374697320665923
gemma3-12b,g24cfb_016,W,0.000748249709275305
gemma3-12b,g24cfb_016,Y0,2.870246517015606e-05
gemma3-12b,g24cfb_017,A+,88.916337275942
gemma3-12b,g24cfb_017,A-,88.79374052203771
gemma3-12b,g24cfb_017,CF+,66.66666666553039
gemma3-12b,g24cfb_017,CF-,55.55470678152446
gemma3-12b,g24cfb_017,I,67.7260993568649
gemma3-12b,g24cfb_017,W,66.71165559389902
gemma3-12b,g24cfb_017,Y0,88.04601952945568
gemma3-12b,g24cfb_020,A+,99.90468848729944
gemma3-12b,g24cfb_020,A-,88.63365052699208
gemma3-12b,g24cfb_020,CF+,55.5137338859524
gemma3-12b,g24cfb_020,CF-,55.528505585650684
gemma3-12b,g24cfb_020,I,55.4814230812298
gemma3-12b,g24cfb_020,W,55.50714153997225
gemma3-12b,g24cfb_020,Y0,88.8788783461974
gemma3-12b,g24cfb_021,A+,91.87711422079906
gemma3-12b,g24cfb_021,A-,88.8551805220117
gemma3-12b,g24cfb_021,CF+,38.89288596670451
gemma3-12b,g24cfb_021,CF-,55.40277131294417
gemma3-12b,g24cfb_021,I,55.137968731848574
gemma3-12b,g24cfb_021,W,55.237425334314615
gemma3-12b,g24cfb_021,Y0,4.867254776852715
gemma3-12b,g24cfb_022,A+,80.25155420387266
gemma3-12b,g24cfb_022,A-,22.16614164198235
gemma3-12b,g24cfb_022,CF+,44.415305282459045
gemma3-12b,g24cfb_022,CF-,45.25321788254559
gemma3-12b,g24cfb_022,I,53.518795381406555
gemma3-12b,g24cfb_022,W,44.396814604347554
gemma3-12b,g24cfb_022,Y0,44.461067925700625
gemma3-12b,g24cfb_024,A+,99.99848758709886
gemma3-12b,g24cfb_024,A-,0.0002795147152780414
gemma3-12b,g24cfb_024,CF+,55.51736832916663
gemma3-12b,g24cfb_024,CF-,55.54102669575086
gemma3-12b,g24cfb_024,I,55.42978692687376
gemma3-12b,g24cfb_024,W,55.50538662491112
gemma3-12b,g24cfb_024,Y0,55.55475080766305
gemma3-12b,g24cfb_025,A+,77.89903737184514
gemma3-12b,g24cfb_025,A-,2.4744806554033
gemma3-12b,g24cfb_025,CF+,42.80140059171145
gemma3-12b,g24cfb_025,CF-,42.42388810030585
gemma3-12b,g24cfb_025,I,51.499616582800435
gemma3-12b,g24cfb_025,W,32.66788104743942
gemma3-12b,g24cfb_025,Y0,4.222676448847256
gemma3-12b,g24cfb_026,A+,99.99983817238355
gemma3-12b,g24cfb_026,A-,3.294463691995687e-05
gemma3-12b,g24cfb_026,CF+,55.548465084409294
gemma3-12b,g24cfb_026,CF-,55.549426684244324
gemma3-12b,g24cfb_026,I,55.538031628576434
gemma3-12b,g24cfb_026,W,55.542060585250745
gemma3-12b,g24cfb_026,Y0,55.54956750571817
gemma3-12b,g24cfb_027,A+,88.9632215049465
gemma3-12b,g24cfb_027,A-,0.002268224390140848
gemma3-12b,g24cfb_027,CF+,55.5546140663503
gemma3-12b,g24cfb_027,CF-,56.1269184091718
gemma3-12b,g24cfb_027,I,55.34046881964567
gemma3-12b,g24cfb_027,W,55.56011921827143
gemma3-12b,g24cfb_027,Y0,66.66164207973407
gemma3-12b,g24cfb_028,A+,99.99592012454688
gemma3-12b,g24cfb_028,A-,6.982375565798636e-05
gemma3-12b,g24cfb_028,CF+,55.51964621542374
gemma3-12b,g24cfb_028,CF-,55.53128233608787
gemma3-12b,g24cfb_028,I,55.527404110893784
gemma3-12b,g24cfb_028,W,55.54373775445387
gemma3-12b,g24cfb_028,Y0,55.51230822064065
gemma3-12b,g24cfb_029,A+,99.99211274594973
gemma3-12b,g24cfb_029,A-,88.89023131614817
gemma3-12b,g24cfb_029,CF+,66.99090980948296
gemma3-12b,g24cfb_029,CF-,55.59728356321921
gemma3-12b,g24cfb_029,I,77.75812836793074
gemma3-12b,g24cfb_029,W,55.33389076865665
gemma3-12b,g24cfb_029,Y0,88.63360134902935
gemma3-12b,g24cfb_030,A+,89.55651427392854
gemma3-12b,g24cfb_030,A-,88.96324005807038
gemma3-12b,g24cfb_030,CF+,55.55555536315683
gemma3-12b,g24cfb_030,CF-,61.795862800386494
gemma3-12b,g24cfb_030,I,63.10000151721879
gemma3-12b,g24cfb_030,W,66.70164867098273
gemma3-12b,g24cfb_030,Y0,88.90554633706607
gemma3-12b,g24cfb_032,A+,88.99427811456535
gemma3-12b,g24cfb_032,A-,0.011607225198717841
gemma3-12b,g24cfb_032,CF+,55.527000753545366
gemma3-12b,g24cfb_032,CF-,55.51623289473763
gemma3-12b,g24cfb_032,I,40.06178716693916
gemma3-12b,g24cfb_032,W,53.660985682757115
gemma3-12b,g24cfb_032,Y0,0.0002251842174331605
gemma3-12b,g24cfb_034,A+,99.99958694641327
gemma3-12b,g24cfb_034,A-,0.003736528433754415
gemma3-12b,g24cfb_034,CF+,55.52840899931793
gemma3-12b,g24cfb_034,CF-,55.53432871551617
gemma3-12b,g24cfb_034,I,55.539944230152905
gemma3-12b,g24cfb_034,W,55.52430060220615
gemma3-12b,g24cfb_034,Y0,99.84373291657433
gemma3-12b,g24cfb_035,A+,88.89276878548976
gemma3-12b,g24cfb_035,A-,0.0580042636648008
gemma3-12b,g24cfb_035,CF+,54.86431254384858
gemma3-12b,g24cfb_035,CF-,55.50742930647482
gemma3-12b,g24cfb_035,I,55.45225121527736
gemma3-12b,g24cfb_035,W,34.47598899264984
gemma3-12b,g24cfb_035,Y0,11.106414835321512
gemma3-12b,g24cfb_037,A+,2.4744624397664294
gemma3-12b,g24cfb_037,A-,0.010123794728120888
gemma3-12b,g24cfb_037,CF+,22.591981810344482
gemma3-12b,g24cfb_037,CF-,55.53608091019757
gemma3-12b,g24cfb_037,I,6.90560029328235e-05
gemma3-12b,g24cfb_037,W,0.0029026361798903896
gemma3-12b,g24cfb_037,Y0,3.655400099514339e-05
gemma3-12b,g24cfb_038,A+,99.99976154217018
gemma3-12b,g24cfb_038,A-,99.99986388554966
gemma3-12b,g24cfb_038,CF+,54.951729390439574
gemma3-12b,g24cfb_038,CF-,55.51768988962572
gemma3-12b,g24cfb_038,I,67.72405019659908
gemma3-12b,g24cfb_038,W,55.534787672767706
gemma3-12b,g24cfb_038,Y0,99.97238820424691
gemma3-12b,g24cfb_040,A+,0.11804611867779428
gemma3-12b,g24cfb_040,A-,7.105021352912618
gemma3-12b,g24cfb_040,CF+,55.52451543726559
gemma3-12b,g24cfb_040,CF-,55.43067628830161
gemma3-12b,g24cfb_040,I,55.43459729340578
gemma3-12b,g24cfb_040,W,55.371523516325766
gemma3-12b,g24cfb_040,Y0,53.659312088365674
gemma3-12b,g24cfb_041,A+,95.80509597091778
gemma3-12b,g24cfb_041,A-,0.013019498472988604
gemma3-12b,g24cfb_041,CF+,47.31052036212378
gemma3-12b,g24cfb_041,CF-,55.52249377747897
gemma3-12b,g24cfb_041,I,38.2013152574103
gemma3-12b,g24cfb_041,W,51.81074174372961
gemma3-12b,g24cfb_041,Y0,0.0168835036689125
gemma3-12b,g24cfb_042,A+,88.84405477566676
gemma3-12b,g24cfb_042,A-,10.806816588668788
gemma3-12b,g24cfb_042,CF+,8.101471658951253
gemma3-12b,g24cfb_042,CF-,10.696400149439546
gemma3-12b,g24cfb_042,I,0.058017715873649026
gemma3-12b,g24cfb_042,W,6.916250326629727
gemma3-12b,g24cfb_042,Y0,0.0022691483124139215
gemma3-12b,g24cfb_045,A+,99.99670049693673
gemma3-12b,g24cfb_045,A-,99.99520570880668
gemma3-12b,g24cfb_045,CF+,43.369141947309345
gemma3-12b,g24cfb_045,CF-,46.21385555867696
gemma3-12b,g24cfb_045,I,55.514742072487984
gemma3-12b,g24cfb_045,W,55.43793836524759
gemma3-12b,g24cfb_045,Y0,77.73391988681425
gemma3-12b,g24cfb_046,A+,99.99878332440666
gemma3-12b,g24cfb_046,A-,0.00019703525327461377
gemma3-12b,g24cfb_046,CF+,27.785428536678573
gemma3-12b,g24cfb_046,CF-,22.022989196871695
gemma3-12b,g24cfb_046,I,54.8523608596532
gemma3-12b,g24cfb_046,W,52.09613446868158
gemma3-12b,g24cfb_046,Y0,55.51333105599655
gemma3-12b,g24cfb_047,A+,99.94198884387782
gemma3-12b,g24cfb_047,A-,5.514581255034061e-05
gemma3-12b,g24cfb_047,CF+,5.627349510424366
gemma3-12b,g24cfb_047,CF-,0.03977674859442886
gemma3-12b,g24cfb_047,I,13.581054740281978
gemma3-12b,g24cfb_047,W,4.7599208563083355
gemma3-12b,g24cfb_047,Y0,55.26200018129515
gemma3-12b,g24cfb_048,A+,86.86223933212625
gemma3-12b,g24cfb_048,A-,88.8312243142956
gemma3-12b,g24cfb_048,CF+,55.43662222387111
gemma3-12b,g24cfb_048,CF-,55.49474973999277
gemma3-12b,g24cfb_048,I,49.420757871313185
gemma3-12b,g24cfb_048,W,11.880142799585647
gemma3-12b,g24cfb_048,Y0,59.110059398362196
gemma3-12b,g24cfb_051,A+,99.99947763924213
gemma3-12b,g24cfb_051,A-,0.036047176401499
gemma3-12b,g24cfb_051,CF+,55.51188819145542
gemma3-12b,g24cfb_051,CF-,55.4997754396363
gemma3-12b,g24cfb_051,I,55.52500016487834
gemma3-12b,g24cfb_051,W,55.6564243668503
gemma3-12b,g24cfb_051,Y0,99.9985937973522
gemma3-12b,g24cfb_052,A+,99.99981939526616
gemma3-12b,g24cfb_052,A-,99.99971241253424
gemma3-12b,g24cfb_052,CF+,55.859485468316024
gemma3-12b,g24cfb_052,CF-,58.019550104578315
gemma3-12b,g24cfb_052,I,77.84740579315462
gemma3-12b,g24cfb_052,W,57.57897541534396
gemma3-12b,g24cfb_052,Y0,98.94054416025443
gemma3-12b,g24cfb_053,A+,89.0885889159394
gemma3-12b,g24cfb_053,A-,0.0003485472351175308
gemma3-12b,g24cfb_053,CF+,55.544904477500985
gemma3-12b,g24cfb_053,CF-,55.5485054084795
gemma3-12b,g24cfb_053,I,55.52493260443188
gemma3-12b,g24cfb_053,W,55.535824355057485
gemma3-12b,g24cfb_053,Y0,55.44692550397099
gemma3-12b,g24cfb_054,A+,96.43530836286288
gemma3-12b,g24cfb_054,A-,0.06585675638387499
gemma3-12b,g24cfb_054,CF+,55.54817916300889
gemma3-12b,g24cfb_054,CF-,55.54265558074002
gemma3-12b,g24cfb_054,I,67.56843164607386
gemma3-12b,g24cfb_054,W,0.20571893163066698
gemma3-12b,g24cfb_054,Y0,4.4777742838252324e-05
gemma3-12b,g24cfb_055,A+,99.99104781253791
gemma3-12b,g24cfb_055,A-,3.2518218175110264e-05
gemma3-12b,g24cfb_055,CF+,17.356294231774832
gemma3-12b,g24cfb_055,CF-,0.1068846392939417
gemma3-12b,g24cfb_055,I,55.519824240727
gemma3-12b,g24cfb_055,W,0.0062256848937419325
gemma3-12b,g24cfb_055,Y0,0.0009431082944932807
gemma3-12b,g24cfb_056,A+,99.99989971053266
gemma3-12b,g24cfb_056,A-,0.0006764479642475557
gemma3-12b,g24cfb_056,CF+,55.25158507696796
gemma3-12b,g24cfb_056,CF-,55.49234638533963
gemma3-12b,g24cfb_056,I,55.581771149176994
gemma3-12b,g24cfb_056,W,66.15461496431237
gemma3-12b,g24cfb_056,Y0,99.99938821004572
gemma3-12b,g24cfb_058,A+,55.44384640593128
gemma3-12b,g24cfb_058,A-,4.171457630770784e-05
gemma3-12b,g24cfb_058,CF+,55.543236309968435
gemma3-12b,g24cfb_058,CF-,55.497439307837766
gemma3-12b,g24cfb_058,I,55.54210486601684
gemma3-12b,g24cfb_058,W,55.517784273972225
gemma3-12b,g24cfb_058,Y0,10.955034133413703
gemma3-12b,g24cfb_059,A+,77.79189679869177
gemma3-12b,g24cfb_059,A-,77.7201202154881
gemma3-12b,g24cfb_059,CF+,33.998169184410536
gemma3-12b,g24cfb_059,CF-,34.38849794150634
gemma3-12b,g24cfb_059,I,15.28264057871361
gemma3-12b,g24cfb_059,W,0.6351106615448594
gemma3-12b,g24cfb_059,Y0,33.942466981827735
gemma3-12b,g24cfb_060,A+,95.1352915568616
gemma3-12b,g24cfb_060,A-,99.33231910644567
gemma3-12b,g24cfb_060,CF+,66.57398021470038
gemma3-12b,g24cfb_060,CF-,68.69263887301159
gemma3-12b,g24cfb_060,I,99.9940576382067
gemma3-12b,g24cfb_060,W,88.90354516010248
gemma3-12b,g24cfb_060,Y0,99.97210057455919
gemma3-12b,g24cfb_061,A+,99.94199478201891
gemma3-12b,g24cfb_061,A-,99.9938565513384
gemma3-12b,g24cfb_061,CF+,55.43839241815472
gemma3-12b,g24cfb_061,CF-,54.5937986991232
gemma3-12b,g24cfb_061,I,55.332108711134254
gemma3-12b,g24cfb_061,W,55.27560210068734
gemma3-12b,g24cfb_061,Y0,22.077487556709503
gemma3-12b,g24cfb_062,A+,88.89008073705236
gemma3-12b,g24cfb_062,A-,22.231733527272716
gemma3-12b,g24cfb_062,CF+,55.54865026377642
gemma3-12b,g24cfb_062,CF-,55.54032652237021
gemma3-12b,g24cfb_062,I,55.52745170694087
gemma3-12b,g24cfb_062,W,61.08462754996021
gemma3-12b,g24cfb_062,Y0,88.88421714900355
gemma3-12b,g24cfb_063,A+,88.88888114754869
gemma3-12b,g24cfb_063,A-,77.86521349600197
gemma3-12b,g24cfb_063,CF+,55.46039872150627
gemma3-12b,g24cfb_063,CF-,55.537648575585905
gemma3-12b,g24cfb_063,I,56.07731351296204
gemma3-12b,g24cfb_063,W,55.27775605932399
gemma3-12b,g24cfb_063,Y0,66.00261692178861
gemma3-12b,g24cfb_065,A+,99.9995408674894
gemma3-12b,g24cfb_065,A-,0.0006605411207506674
gemma3-12b,g24cfb_065,CF+,55.54219276620469
gemma3-12b,g24cfb_065,CF-,55.480200354293885
gemma3-12b,g24cfb_065,I,55.52752285388338
gemma3-12b,g24cfb_065,W,55.586217586130225
gemma3-12b,g24cfb_065,Y0,99.99857128885556
gemma3-12b,g24cfb_072,A+,91.87711405656839
gemma3-12b,g24cfb_072,A-,6.3900424976546395
gemma3-12b,g24cfb_072,CF+,55.54098664088208
gemma3-12b,g24cfb_072,CF-,55.381942101124004
gemma3-12b,g24cfb_072,I,55.48221395935809
gemma3-12b,g24cfb_072,W,55.555555445228556
gemma3-12b,g24cfb_072,Y0,99.47303839014552
gemma3-12b,g24cfb_073,A+,88.8871326507217
gemma3-12b,g24cfb_073,A-,2.4746018050132257
gemma3-12b,g24cfb_073,CF+,54.75548586455593
gemma3-12b,g24cfb_073,CF-,55.48084982866993
gemma3-12b,g24cfb_073,I,55.53741208106551
gemma3-12b,g24cfb_073,W,55.52460102190486
gemma3-12b,g24cfb_073,Y0,66.6568043570123
gemma3-12b,g24cfb_074,A+,88.93408411503614
gemma3-12b,g24cfb_074,A-,88.83127566838826
gemma3-12b,g24cfb_074,CF+,55.55555565803305
gemma3-12b,g24cfb_074,CF-,63.10220646368988
gemma3-12b,g24cfb_074,I,55.52642287152146
gemma3-12b,g24cfb_074,W,55.50517270758209
gemma3-12b,g24cfb_074,Y0,66.67143655257985
gemma3-12b,g24cfb_075,A+,99.97857312857401
gemma3-12b,g24cfb_075,A-,0.0030403024902041576
gemma3-12b,g24cfb_075,CF+,55.54012115839246
gemma3-12b,g24cfb_075,CF-,55.5421422895918
gemma3-12b,g24cfb_075,I,55.54327688517273
gemma3-12b,g24cfb_075,W,55.54475760396658
gemma3-12b,g24cfb_075,Y0,99.99973904050334
gemma3-12b,g24cfb_076,A+,99.9997894885099
gemma3-12b,g24cfb_076,A-,4.812807622201743
gemma3-12b,g24cfb_076,CF+,55.667020404918155
gemma3-12b,g24cfb_076,CF-,55.55754356712446
gemma3-12b,g24cfb_076,I,69.13580546842934
gemma3-12b,g24cfb_076,W,55.569315864928726
gemma3-12b,g24cfb_076,Y0,99.9986371804147
gemma3-12b,g24cfb_077,A+,99.98985345989625
gemma3-12b,g24cfb_077,A-,0.002684499457889363
gemma3-12b,g24cfb_077,CF+,12.422904667914487
gemma3-12b,g24cfb_077,CF-,11.200301831192292
gemma3-12b,g24cfb_077,I,1.6450038409810401
gemma3-12b,g24cfb_077,W,0.007929751651339752
gemma3-12b,g24cfb_077,Y0,0.0015597669426557015
gemma3-12b,g24cfb_078,A+,89.73174976150544
gemma3-12b,g24cfb_078,A-,77.86418785959013
gemma3-12b,g24cfb_078,CF+,55.50923877143839
gemma3-12b,g24cfb_078,CF-,55.44761008724996
gemma3-12b,g24cfb_078,I,55.162653044389266
gemma3-12b,g24cfb_078,W,52.23594415135693
gemma3-12b,g24cfb_078,Y0,22.230986054342857
gemma3-12b,g24cfb_080,A+,77.89811069151428
gemma3-12b,g24cfb_080,A-,11.307262782228864
gemma3-12b,g24cfb_080,CF+,63.10817406566879
gemma3-12b,g24cfb_080,CF-,55.53134086255313
gemma3-12b,g24cfb_080,I,55.52601337736681
gemma3-12b,g24cfb_080,W,55.55984575553811
gemma3-12b,g24cfb_080,Y0,77.45235487945955
gemma3-12b,g24cfb_082,A+,99.9997080712417
gemma3-12b,g24cfb_082,A-,89.73168014604164
gemma3-12b,g24cfb_082,CF+,55.41730850801079
gemma3-12b,g24cfb_082,CF-,55.53919110052753
gemma3-12b,g24cfb_082,I,66.63149081263748
gemma3-12b,g24cfb_082,W,66.66295470263836
gemma3-12b,g24cfb_082,Y0,99.9991115210725
gemma3-12b,g24cfb_083,A+,99.15713032228135
gemma3-12b,g24cfb_083,A-,0.006374928769460692
gemma3-12b,g24cfb_083,CF+,53.847786741719105
gemma3-12b,g24cfb_083,CF-,55.431213921677376
gemma3-12b,g24cfb_083,I,55.03080154698363
gemma3-12b,g24cfb_083,W,55.42768032169535
gemma3-12b,g24cfb_083,Y0,64.63450271932666
gemma3-12b,g24cfb_084,A+,99.99666937538501
gemma3-12b,g24cfb_084,A-,88.89580044115156
gemma3-12b,g24cfb_084,CF+,52.33094696387647
gemma3-12b,g24cfb_084,CF-,55.52730810002496
gemma3-12b,g24cfb_084,I,54.15719865900577
gemma3-12b,g24cfb_084,W,53.98462306636722
gemma3-12b,g24cfb_084,Y0,0.0002795111351482143
gemma3-12b,g24cfb_087,A+,89.04431872728223
gemma3-12b,g24cfb_087,A-,0.0061464367926065576
gemma3-12b,g24cfb_087,CF+,33.13537988937
gemma3-12b,g24cfb_087,CF-,23.060469018465913
gemma3-12b,g24cfb_087,I,2.988305469546907
gemma3-12b,g24cfb_087,W,10.268244684088247
gemma3-12b,g24cfb_087,Y0,9.466144855077108
gemma3-12b,g24cfb_088,A+,0.03736268115232728
gemma3-12b,g24cfb_088,A-,0.00015453721369978427
gemma3-12b,g24cfb_088,CF+,55.51085889100581
gemma3-12b,g24cfb_088,CF-,55.51453237351812
gemma3-12b,g24cfb_088,I,55.52396291482398
gemma3-12b,g24cfb_088,W,66.74898116297184
gemma3-12b,g24cfb_088,Y0,99.53089481331712
gemma3-12b,g24cfb_089,A+,99.9993160123207
gemma3-12b,g24cfb_089,A-,88.88368028992176
gemma3-12b,g24cfb_089,CF+,55.54388821513095
gemma3-12b,g24cfb_089,CF-,55.521552182780944
gemma3-12b,g24cfb_089,I,55.54146067767508
gemma3-12b,g24cfb_089,W,55.52014809940492
gemma3-12b,g24cfb_089,Y0,88.89672038450067
gemma3-12b,g24cfb_090,A+,99.99622173582553
gemma3-12b,g24cfb_090,A-,0.0023284994338911204
gemma3-12b,g24cfb_090,CF+,55.449372676707384
gemma3-12b,g24cfb_090,CF-,55.539455452550925
gemma3-12b,g24cfb_090,I,65.02011754149595
gemma3-12b,g24cfb_090,W,55.687091868773386
gemma3-12b,g24cfb_090,Y0,92.4535353204297
gemma3-12b,g24cfb_091,A+,99.99995332136763
gemma3-12b,g24cfb_091,A-,0.00035076146815310374
gemma3-12b,g24cfb_091,CF+,55.54310709208637
gemma3-12b,g24cfb_091,CF-,55.533660849814524
gemma3-12b,g24cfb_091,I,55.54162940176879
gemma3-12b,g24cfb_091,W,55.54353069220344
gemma3-12b,g24cfb_091,Y0,55.55008877640029
gemma3-12b,g24cfb_092,A+,45.700131394715044
gemma3-12b,g24cfb_092,A-,33.95832906706026
gemma3-12b,g24cfb_092,CF+,55.11629675015406
gemma3-12b,g24cfb_092,CF-,40.3567222253933
gemma3-12b,g24cfb_092,I,44.93761525469106
gemma3-12b,g24cfb_092,W,11.084030388533508
gemma3-12b,g24cfb_092,Y0,0.07438857783449783
gemma3-12b,g24cfb_093,A+,99.74469432063566
gemma3-12b,g24cfb_093,A-,89.94832507890534
gemma3-12b,g24cfb_093,CF+,66.6734857843474
gemma3-12b,g24cfb_093,CF-,66.67134342185037
gemma3-12b,g24cfb_093,I,59.74380994888227
gemma3-12b,g24cfb_093,W,55.50728499556786
gemma3-12b,g24cfb_093,Y0,66.61043539729651
gemma3-12b,g24cfb_094,A+,99.99962424781114
gemma3-12b,g24cfb_094,A-,43.67344010263065
gemma3-12b,g24cfb_094,CF+,55.47208169315905
gemma3-12b,g24cfb_094,CF-,55.54159101409546
gemma3-12b,g24cfb_094,I,55.543692558484764
gemma3-12b,g24cfb_094,W,55.54204411158102
gemma3-12b,g24cfb_094,Y0,55.5442203027234
gemma3-12b,g24cfb_098,A+,87.24395602453855
gemma3-12b,g24cfb_098,A-,23.038917726762048
gemma3-12b,g24cfb_098,CF+,63.10347617972005
gemma3-12b,g24cfb_098,CF-,55.69302049703249
gemma3-12b,g24cfb_098,I,55.65044021437681
gemma3-12b,g24cfb_098,W,66.82276223375453
gemma3-12b,g24cfb_098,Y0,76.13292903484049
gemma3-12b,g24cfb_099,A+,99.99995917676286
gemma3-12b,g24cfb_099,A-,0.0004575070543577475
gemma3-12b,g24cfb_099,CF+,55.54109120545391
gemma3-12b,g24cfb_099,CF-,55.54507738193567
gemma3-12b,g24cfb_099,I,55.29204707541164
gemma3-12b,g24cfb_099,W,55.542015842698035
gemma3-12b,g24cfb_099,Y0,55.550233310659614
gemma3-12b,g24cfb_100,A+,99.99982419457314
gemma3-12b,g24cfb_100,A-,0.0360394225977011
gemma3-12b,g24cfb_100,CF+,55.50543314373263
gemma3-12b,g24cfb_100,CF-,55.49405890626191
gemma3-12b,g24cfb_100,I,55.49620397166397
gemma3-12b,g24cfb_100,W,55.638582269867186
gemma3-12b,g24cfb_100,Y0,76.3196897255879
gemma3-12b,g24cfb_101,A+,78.19243107415053
gemma3-12b,g24cfb_101,A-,78.83711213104493
gemma3-12b,g24cfb_101,CF+,46.8569598255724
gemma3-12b,g24cfb_101,CF-,33.48491350843705
gemma3-12b,g24cfb_101,I,0.2955117815921854
gemma3-12b,g24cfb_101,W,0.004136633796967918
gemma3-12b,g24cfb_101,Y0,47.96077863816151
gemma3-12b,g24cfb_102,A+,88.88647183184742
gemma3-12b,g24cfb_102,A-,88.88888832699413
gemma3-12b,g24cfb_102,CF+,14.580444544131687
gemma3-12b,g24cfb_102,CF-,54.7223650894845
gemma3-12b,g24cfb_102,I,30.96446336413457
gemma3-12b,g24cfb_102,W,19.61065857062268
gemma3-12b,g24cfb_102,Y0,55.5331189178858
gemma3-12b,g24cfb_103,A+,90.91583583116594
gemma3-12b,g24cfb_103,A-,88.04595146888963
gemma3-12b,g24cfb_103,CF+,55.13141114528261
gemma3-12b,g24cfb_103,CF-,55.290675465415134
gemma3-12b,g24cfb_103,I,56.60610367860151
gemma3-12b,g24cfb_103,W,46.74813709740337
gemma3-12b,g24cfb_103,Y0,32.011448587518984
gemma3-12b,g24cfb_104,A+,89.0109602184058
gemma3-12b,g24cfb_104,A-,97.97303145044822
gemma3-12b,g24cfb_104,CF+,55.61809729334937
gemma3-12b,g24cfb_104,CF-,55.609975227378634
gemma3-12b,g24cfb_104,I,55.53564845945808
gemma3-12b,g24cfb_104,W,59.119737962735925
gemma3-12b,g24cfb_104,Y0,81.9726557658839
gemma3-12b,g24cfb_105,A+,78.10204682594306
gemma3-12b,g24cfb_105,A-,0.002270568711325056
gemma3-12b,g24cfb_105,CF+,55.08662307977538
gemma3-12b,g24cfb_105,CF-,55.40469526145821
gemma3-12b,g24cfb_105,I,55.452593496979674
gemma3-12b,g24cfb_105,W,55.523257869966336
gemma3-12b,g24cfb_105,Y0,55.539650814492134
gemma3-12b,g24cfb_108,A+,99.98331322846168
gemma3-12b,g24cfb_108,A-,0.011482132258947021
gemma3-12b,g24cfb_108,CF+,55.53779994559173
gemma3-12b,g24cfb_108,CF-,55.511998933320996
gemma3-12b,g24cfb_108,I,58.55183847670152
gemma3-12b,g24cfb_108,W,55.49375194922619
gemma3-12b,g24cfb_108,Y0,99.99180390443928
gemma3-12b,g24cfb_109,A+,99.47304458381575
gemma3-12b,g24cfb_109,A-,99.97858862581772
gemma3-12b,g24cfb_109,CF+,55.53531750161281
gemma3-12b,g24cfb_109,CF-,55.54151199541237
gemma3-12b,g24cfb_109,I,54.22274435585217
gemma3-12b,g24cfb_109,W,55.53352062614893
gemma3-12b,g24cfb_109,Y0,55.4460208705433
gemma3-12b,g24cfb_111,A+,99.99986866251552
gemma3-12b,g24cfb_111,A-,0.00035033881286561613
gemma3-12b,g24cfb_111,CF+,55.20040666138962
gemma3-12b,g24cfb_111,CF-,55.52371837901752
gemma3-12b,g24cfb_111,I,67.78184017218365
gemma3-12b,g24cfb_111,W,55.355839504544996
gemma3-12b,g24cfb_111,Y0,0.000397648349152468
gemma3-12b,g24cfb_112,A+,99.99976007495957
gemma3-12b,g24cfb_112,A-,88.90173835073243
gemma3-12b,g24cfb_112,CF+,55.547000384106774
gemma3-12b,g24cfb_112,CF-,55.53921158301626
gemma3-12b,g24cfb_112,I,55.54497085233648
gemma3-12b,g24cfb_112,W,56.39507255874821
gemma3-12b,g24cfb_112,Y0,99.99921029236235
gemma3-12b,g24cfb_113,A+,89.1441880259548
gemma3-12b,g24cfb_113,A-,34.164758648735045
gemma3-12b,g24cfb_113,CF+,12.169272023411308
gemma3-12b,g24cfb_113,CF-,11.232549274092353
gemma3-12b,g24cfb_113,I,55.467175931780744
gemma3-12b,g24cfb_113,W,11.12234645139106
gemma3-12b,g24cfb_113,Y0,11.053502596227162
gemma3-12b,g24cfb_116,A+,90.53373133633616
gemma3-12b,g24cfb_116,A-,0.002935449877640886
gemma3-12b,g24cfb_116,CF+,55.54495696823338
gemma3-12b,g24cfb_116,CF-,55.54339523922587
gemma3-12b,g24cfb_116,I,55.40739540249928
gemma3-12b,g24cfb_116,W,43.99136090174857
gemma3-12b,g24cfb_116,Y0,55.53414901179626
gemma3-12b,g24cfb_117,A+,99.80014811642847
gemma3-12b,g24cfb_117,A-,3.5837232269521744
gemma3-12b,g24cfb_117,CF+,77.75083104154372
gemma3-12b,g24cfb_117,CF-,77.78065624708631
gemma3-12b,g24cfb_117,I,77.26593906628595
gemma3-12b,g24cfb_117,W,59.74428554052463
gemma3-12b,g24cfb_117,Y0,99.90466230758547
gemma3-12b,g24cfb_121,A+,88.89658822639689
gemma3-12b,g24cfb_121,A-,76.71882113768471
gemma3-12b,g24cfb_121,CF+,55.533949335411904
gemma3-12b,g24cfb_121,CF-,55.536478050750674
gemma3-12b,g24cfb_121,I,55.53491889853489
gemma3-12b,g24cfb_121,W,55.526396076528115
gemma3-12b,g24cfb_121,Y0,55.80781234864253
gemma3-12b,g24cfb_123,A+,99.99947271252593
gemma3-12b,g24cfb_123,A-,0.07458994456793892
gemma3-12b,g24cfb_123,CF+,55.448106248565665
gemma3-12b,g24cfb_123,CF-,55.536914444009355
gemma3-12b,g24cfb_123,I,55.5438910676801
gemma3-12b,g24cfb_123,W,55.551992024557556
gemma3-12b,g24cfb_123,Y0,55.58819318319408
gemma3-12b,g24cfb_124,A+,99.99799774214922
gemma3-12b,g24cfb_124,A-,99.87791652707061
gemma3-12b,g24cfb_124,CF+,88.91206639201658
gemma3-12b,g24cfb_124,CF-,74.81124788810523
gemma3-12b,g24cfb_124,I,89.41560117578426
gemma3-12b,g24cfb_124,W,88.88602677374905
gemma3-12b,g24cfb_124,Y0,97.01151756231063
gemma3-12b,g24cfb_126,A+,99.99944874558756
gemma3-12b,g24cfb_126,A-,99.99913963176212
gemma3-12b,g24cfb_126,CF+,67.72399819059012
gemma3-12b,g24cfb_126,CF-,55.54184023452135
gemma3-12b,g24cfb_126,I,88.89061878107003
gemma3-12b,g24cfb_126,W,55.52606455447825
gemma3-12b,g24cfb_126,Y0,99.99726165560031
gemma3-12b,g24cfb_127,A+,99.99104614275133
gemma3-12b,g24cfb_127,A-,88.8309815399465
gemma3-12b,g24cfb_127,CF+,55.53389161461761
gemma3-12b,g24cfb_127,CF-,55.55200605224829
gemma3-12b,g24cfb_127,I,66.43261039538787
gemma3-12b,g24cfb_127,W,55.54639412872895
gemma3-12b,g24cfb_127,Y0,93.08377180411696
gemma3-12b,g24cfb_128,A+,99.97858798768999
gemma3-12b,g24cfb_128,A-,9.085193721745414
gemma3-12b,g24cfb_128,CF+,55.40239831838264
gemma3-12b,g24cfb_128,CF-,55.49912427076098
gemma3-12b,g24cfb_128,I,66.86588072545969
gemma3-12b,g24cfb_128,W,53.28486269874789
gemma3-12b,g24cfb_128,Y0,81.97266862612973
gemma3-12b,g24cfb_134,A+,89.73069435515202
gemma3-12b,g24cfb_134,A-,11.111144819589256
gemma3-12b,g24cfb_134,CF+,66.54703480616055
gemma3-12b,g24cfb_134,CF-,65.34307998856694
gemma3-12b,g24cfb_134,I,55.624986932836315
gemma3-12b,g24cfb_134,W,55.51244565995267
gemma3-12b,g24cfb_134,Y0,66.65382919176173
gemma3-12b,g24cfb_135,A+,88.89419748961829
gemma3-12b,g24cfb_135,A-,77.77247034208595
gemma3-12b,g24cfb_135,CF+,55.54165684708212
gemma3-12b,g24cfb_135,CF-,55.52856619429029
gemma3-12b,g24cfb_135,I,55.035331245654966
gemma3-12b,g24cfb_135,W,54.427754009888176
gemma3-12b,g24cfb_135,Y0,54.81766290350645
gemma3-12b,g24cfb_136,A+,90.21336136340564
gemma3-12b,g24cfb_136,A-,89.55651191544065
gemma3-12b,g24cfb_136,CF+,66.63244854058284
gemma3-12b,g24cfb_136,CF-,57.19643868550567
gemma3-12b,g24cfb_136,I,77.5235286932171
gemma3-12b,g24cfb_136,W,84.02418845899435
gemma3-12b,g24cfb_136,Y0,89.01094481377419
gemma3-12b,g24cfb_140,A+,77.7976360902439
gemma3-12b,g24cfb_140,A-,11.128462764540625
gemma3-12b,g24cfb_140,CF+,55.376525439270786
gemma3-12b,g24cfb_140,CF-,55.540656687121505
gemma3-12b,g24cfb_140,I,55.139730846418956
gemma3-12b,g24cfb_140,W,55.435292436673535
gemma3-12b,g24cfb_140,Y0,49.49385139826352
gemma3-12b,g24cfb_141,A+,99.97858289762449
gemma3-12b,g24cfb_141,A-,0.0020738268553099014
gemma3-12b,g24cfb_141,CF+,55.43159895144813
gemma3-12b,g24cfb_141,CF-,55.19803262745818
gemma3-12b,g24cfb_141,I,55.5409556658378
gemma3-12b,g24cfb_141,W,55.558022759596554
gemma3-12b,g24cfb_141,Y0,93.75305320816128
gemma3-12b,g24cfb_142,A+,99.58525490568617
gemma3-12b,g24cfb_142,A-,99.99210253229766
gemma3-12b,g24cfb_142,CF+,66.61148775292509
gemma3-12b,g24cfb_142,CF-,66.68520503941765
gemma3-12b,g24cfb_142,I,58.53678294635519
gemma3-12b,g24cfb_142,W,55.04270224508549
gemma3-12b,g24cfb_142,Y0,77.74279489250414
gemma3-12b,g24cfb_144,A+,99.90450856586664
gemma3-12b,g24cfb_144,A-,16.647358516998395
gemma3-12b,g24cfb_144,CF+,66.66009018746598
gemma3-12b,g24cfb_144,CF-,55.567484189209154
gemma3-12b,g24cfb_144,I,49.83188053985048
gemma3-12b,g24cfb_144,W,55.49245909069853
gemma3-12b,g24cfb_144,Y0,66.68327824219179
gemma3-12b,g24cfb_145,A+,99.4730173972391
gemma3-12b,g24cfb_145,A-,0.005793200693510618
gemma3-12b,g24cfb_145,CF+,55.58394053377747
gemma3-12b,g24cfb_145,CF-,55.616130927379004
gemma3-12b,g24cfb_145,I,62.47436493936223
gemma3-12b,g24cfb_145,W,55.91462396841043
gemma3-12b,g24cfb_145,Y0,88.88692823467342
gemma3-12b,g24cfb_146,A+,99.47303782506575
gemma3-12b,g24cfb_146,A-,10.271129623100133
gemma3-12b,g24cfb_146,CF+,55.48617749056477
gemma3-12b,g24cfb_146,CF-,55.57647858528898
gemma3-12b,g24cfb_146,I,55.5755556526216
gemma3-12b,g24cfb_146,W,55.485785758102885
gemma3-12b,g24cfb_146,Y0,56.58467049555911
gemma3-12b,g24cfb_147,A+,88.89482042774293
gemma3-12b,g24cfb_147,A-,13.56525923899738
gemma3-12b,g24cfb_147,CF+,55.500981854567925
gemma3-12b,g24cfb_147,CF-,55.50427509189403
gemma3-12b,g24cfb_147,I,55.4781747867095
gemma3-12b,g24cfb_147,W,55.51981883735199
gemma3-12b,g24cfb_147,Y0,55.527690151683615
gemma3-12b,g24cfb_149,A+,0.00010240650251575814
gemma3-12b,g24cfb_149,A-,7.975531619709417e-05
gemma3-12b,g24cfb_149,CF+,55.50795573592036
gemma3-12b,g24cfb_149,CF-,55.48331234670995
gemma3-12b,g24cfb_149,I,11.101744187357651
gemma3-12b,g24cfb_149,W,11.114674961161354
gemma3-12b,g24cfb_149,Y0,0.0009546492224193157
gemma3-12b,g24cfb_152,A+,77.77780584969523
gemma3-12b,g24cfb_152,A-,4.865010677120012
gemma3-12b,g24cfb_152,CF+,55.521729386776734
gemma3-12b,g24cfb_152,CF-,55.35479239940843
gemma3-12b,g24cfb_152,I,55.53136288056624
gemma3-12b,g24cfb_152,W,55.509672713416045
gemma3-12b,g24cfb_152,Y0,55.474053249575505
gemma3-12b,g24cfb_153,A+,99.98697390444553
gemma3-12b,g24cfb_153,A-,0.0073397659830070645
gemma3-12b,g24cfb_153,CF+,55.472499140882206
gemma3-12b,g24cfb_153,CF-,55.53284720143158
gemma3-12b,g24cfb_153,I,55.415460314355435
gemma3-12b,g24cfb_153,W,55.52799024322381
gemma3-12b,g24cfb_153,Y0,11.111111411040994
gemma3-12b,g24cfb_155,A+,99.99821869626702
gemma3-12b,g24cfb_155,A-,0.0004536055566427684
gemma3-12b,g24cfb_155,CF+,55.5043106869156
gemma3-12b,g24cfb_155,CF-,55.52227968177332
gemma3-12b,g24cfb_155,I,55.468503188584805
gemma3-12b,g24cfb_155,W,55.55098565058562
gemma3-12b,g24cfb_155,Y0,0.0009560939919062215
gemma3-12b,g24cfb_157,A+,99.99970702762509
gemma3-12b,g24cfb_157,A-,1.976283463299877e-05
gemma3-12b,g24cfb_157,CF+,55.4527246631771
gemma3-12b,g24cfb_157,CF-,55.544347775628225
gemma3-12b,g24cfb_157,I,55.53607748040622
gemma3-12b,g24cfb_157,W,55.537823285550814
gemma3-12b,g24cfb_157,Y0,55.55117261683678
gemma3-12b,g24cfb_158,A+,98.67545372864758
gemma3-12b,g24cfb_158,A-,64.6303642275126
gemma3-12b,g24cfb_158,CF+,55.551264569140386
gemma3-12b,g24cfb_158,CF-,55.55633737665577
gemma3-12b,g24cfb_158,I,55.549735332695164
gemma3-12b,g24cfb_158,W,55.52191929377448
gemma3-12b,g24cfb_158,Y0,55.55186918220897
gemma3-12b,g24cfb_161,A+,99.87792097647701
gemma3-12b,g24cfb_161,A-,0.4161340725033503
gemma3-12b,g24cfb_161,CF+,55.52870289661746
gemma3-12b,g24cfb_161,CF-,55.530637866164916
gemma3-12b,g24cfb_161,I,55.520692278763846
gemma3-12b,g24cfb_161,W,55.52703713775404
gemma3-12b,g24cfb_161,Y0,77.7560837282013
gemma3-12b,g24cfb_163,A+,99.92563390755025
gemma3-12b,g24cfb_163,A-,88.88144449443926
gemma3-12b,g24cfb_163,CF+,66.69965668184862
gemma3-12b,g24cfb_163,CF-,59.75114421786553
gemma3-12b,g24cfb_163,I,88.86798379912203
gemma3-12b,g24cfb_163,W,55.483658520005044
gemma3-12b,g24cfb_163,Y0,69.65164534793686
gemma3-12b,g24cfb_165,A+,88.87446616722838
gemma3-12b,g24cfb_165,A-,88.88994476711966
gemma3-12b,g24cfb_165,CF+,55.488984599991525
gemma3-12b,g24cfb_165,CF-,55.51444594693276
gemma3-12b,g24cfb_165,I,0.012560903991450495
gemma3-12b,g24cfb_165,W,11.131688287787462
gemma3-12b,g24cfb_165,Y0,22.06601623242436
gemma3-12b,g24cfb_168,A+,99.99924841683625
gemma3-12b,g24cfb_168,A-,0.0006588894210068497
gemma3-12b,g24cfb_168,CF+,55.312202434157705
gemma3-12b,g24cfb_168,CF-,55.53401405950078
gemma3-12b,g24cfb_168,I,72.17419971832777
gemma3-12b,g24cfb_168,W,55.53656469390052
gemma3-12b,g24cfb_168,Y0,99.99860317641755
gemma3-12b,g24cfb_169,A+,99.99385280121665
gemma3-12b,g24cfb_169,A-,43.23463161097701
gemma3-12b,g24cfb_169,CF+,55.52369843490604
gemma3-12b,g24cfb_169,CF-,55.33369437734161
gemma3-12b,g24cfb_169,I,0.22523668813369976
gemma3-12b,g24cfb_169,W,55.42781576999428
gemma3-12b,g24cfb_169,Y0,55.55299074807013
gemma3-12b,g24cfb_170,A+,91.87712418700633
gemma3-12b,g24cfb_170,A-,0.0014888735486065872
gemma3-12b,g24cfb_170,CF+,55.54560455445184
gemma3-12b,g24cfb_170,CF-,55.55204649515867
gemma3-12b,g24cfb_170,I,70.22131132432482
gemma3-12b,g24cfb_170,W,55.53610613422958
gemma3-12b,g24cfb_170,Y0,88.89836359425624
gemma3-12b,g24cfb_172,A+,99.99955100733347
gemma3-12b,g24cfb_172,A-,2.9042875571563024e-05
gemma3-12b,g24cfb_172,CF+,55.539306608539384
gemma3-12b,g24cfb_172,CF-,55.54532492676031
gemma3-12b,g24cfb_172,I,55.55023705948244
gemma3-12b,g24cfb_172,W,55.5483107817616
gemma3-12b,g24cfb_172,Y0,99.9977842339323
gemma3-12b,g24cfb_173,A+,99.94199792736259
gemma3-12b,g24cfb_173,A-,4.865050707731504
gemma3-12b,g24cfb_173,CF+,43.79792766437685
gemma3-12b,g24cfb_173,CF-,55.0603898128057
gemma3-12b,g24cfb_173,I,55.34312840537719
gemma3-12b,g24cfb_173,W,51.56666645783183
gemma3-12b,g24cfb_173,Y0,66.61296911646747
gemma3-12b,g24cfb_174,A+,89.14388697783247
gemma3-12b,g24cfb_174,A-,75.75103198620724
gemma3-12b,g24cfb_174,CF+,55.11324820094106
gemma3-12b,g24cfb_174,CF-,55.50594371857197
gemma3-12b,g24cfb_174,I,55.54450607723839
gemma3-12b,g24cfb_174,W,55.52614903852569
gemma3-12b,g24cfb_174,Y0,57.580236422319445
gemma3-12b,g24cfb_176,A+,99.99982172269502
gemma3-12b,g24cfb_176,A-,5.371107364848525e-05
gemma3-12b,g24cfb_176,CF+,55.5457432358144
gemma3-12b,g24cfb_176,CF-,55.53994840882282
gemma3-12b,g24cfb_176,I,55.51994861116888
gemma3-12b,g24cfb_176,W,55.52336812465165
gemma3-12b,g24cfb_176,Y0,0.00014685256981071087
gemma3-12b,g24cfb_177,A+,99.9785826231996
gemma3-12b,g24cfb_177,A-,88.923792432175
gemma3-12b,g24cfb_177,CF+,55.534334571706026
gemma3-12b,g24cfb_177,CF-,55.48669897783586
gemma3-12b,g24cfb_177,I,55.50409957521951
gemma3-12b,g24cfb_177,W,55.538863416083984
gemma3-12b,g24cfb_177,Y0,77.25644567828529
gemma3-12b,g24cfb_178,A+,99.98699886802007
gemma3-12b,g24cfb_178,A-,0.0018200751097609416
gemma3-12b,g24cfb_178,CF+,55.79985112659878
gemma3-12b,g24cfb_178,CF-,72.91361633629006
gemma3-12b,g24cfb_178,I,88.73281444425956
gemma3-12b,g24cfb_178,W,78.19101643491379
gemma3-12b,g24cfb_178,Y0,99.99823746063109
gemma3-12b,g24cfb_179,A+,67.19340704241978
gemma3-12b,g24cfb_179,A-,57.190754457507765
gemma3-12b,g24cfb_179,CF+,66.66375827052659
gemma3-12b,g24cfb_179,CF-,55.59696573848602
gemma3-12b,g24cfb_179,I,55.87175463617131
gemma3-12b,g24cfb_179,W,55.54750272737144
gemma3-12b,g24cfb_179,Y0,66.66538736522227
gemma3-12b,g24cfb_180,A+,99.99798912840042
gemma3-12b,g24cfb_180,A-,0.2557650596221029
gemma3-12b,g24cfb_180,CF+,55.52460854689912
gemma3-12b,g24cfb_180,CF-,55.772212857306464
gemma3-12b,g24cfb_180,I,77.25891739913133
gemma3-12b,g24cfb_180,W,66.51637605431387
gemma3-12b,g24cfb_180,Y0,77.77585838355779
gemma3-12b,g24cfb_181,A+,99.99997727325623
gemma3-12b,g24cfb_181,A-,0.0014202411136962558
gemma3-12b,g24cfb_181,CF+,55.54327329462821
gemma3-12b,g24cfb_181,CF-,55.539921445281486
gemma3-12b,g24cfb_181,I,55.517232306026976
gemma3-12b,g24cfb_181,W,55.53832384997118
gemma3-12b,g24cfb_181,Y0,55.55016558081448
gemma3-12b,g24cfb_182,A+,99.9938478095433
gemma3-12b,g24cfb_182,A-,0.0003119843952973621
gemma3-12b,g24cfb_182,CF+,55.54503557410707
gemma3-12b,g24cfb_182,CF-,55.328998259777435
gemma3-12b,g24cfb_182,I,75.7515810272185
gemma3-12b,g24cfb_182,W,56.60129069587921
gemma3-12b,g24cfb_182,Y0,99.99920709876378
gemma3-12b,g24cfb_183,A+,0.00039950603095329656
gemma3-12b,g24cfb_183,A-,0.002042906217001021
gemma3-12b,g24cfb_183,CF+,55.543471720722565
gemma3-12b,g24cfb_183,CF-,55.54793792846195
gemma3-12b,g24cfb_183,I,67.19243288202078
gemma3-12b,g24cfb_183,W,55.55046875370579
gemma3-12b,g24cfb_183,Y0,0.00014597412229822837
gemma3-12b,g24cfb_185,A+,88.89359877810061
gemma3-12b,g24cfb_185,A-,0.011564768623044107
gemma3-12b,g24cfb_185,CF+,54.639826676557924
gemma3-12b,g24cfb_185,CF-,55.165204977617734
gemma3-12b,g24cfb_185,I,66.88324287405614
gemma3-12b,g24cfb_185,W,55.56001741378755
gemma3-12b,g24cfb_185,Y0,99.99036277942236
gemma3-12b,g24cfb_188,A+,79.10182632796027
gemma3-12b,g24cfb_188,A-,10.697434361179859
gemma3-12b,g24cfb_188,CF+,55.52234260547948
gemma3-12b,g24cfb_188,CF-,55.367609286772684
gemma3-12b,g24cfb_188,I,55.49441160614216
gemma3-12b,g24cfb_188,W,55.513475560763304
gemma3-12b,g24cfb_188,Y0,55.64081661838924
gemma3-12b,g24cfb_189,A+,88.89178305321767
gemma3-12b,g24cfb_189,A-,99.99977804170928
gemma3-12b,g24cfb_189,CF+,55.36736306049022
gemma3-12b,g24cfb_189,CF-,55.5245046696414
gemma3-12b,g24cfb_189,I,55.5447183711041
gemma3-12b,g24cfb_189,W,55.53756543151254
gemma3-12b,g24cfb_189,Y0,55.54815234901845
gemma3-12b,g24cfb_190,A+,99.99899005822758
gemma3-12b,g24cfb_190,A-,8.637144814875247
gemma3-12b,g24cfb_190,CF+,55.54130390157917
gemma3-12b,g24cfb_190,CF-,55.542311064665796
gemma3-12b,g24cfb_190,I,58.02631692024271
gemma3-12b,g24cfb_190,W,55.471591691294364
gemma3-12b,g24cfb_190,Y0,66.67485730435949
gemma3-12b,g24cfb_191,A+,91.36332681376197
gemma3-12b,g24cfb_191,A-,84.02399563483796
gemma3-12b,g24cfb_191,CF+,55.52843569895298
gemma3-12b,g24cfb_191,CF-,55.536283317053105
gemma3-12b,g24cfb_191,I,55.457417929564436
gemma3-12b,g24cfb_191,W,55.5206372596829
gemma3-12b,g24cfb_191,Y0,93.08377611930187
gemma3-12b,g24cfb_192,A+,99.95476022427395
gemma3-12b,g24cfb_192,A-,0.017389490391911944
gemma3-12b,g24cfb_192,CF+,55.43909240053463
gemma3-12b,g24cfb_192,CF-,55.543613151725985
gemma3-12b,g24cfb_192,I,54.490051826780295
gemma3-12b,g24cfb_192,W,55.02714882996146
gemma3-12b,g24cfb_192,Y0,54.25279528254975
gemma3-12b,g24cfb_195,A+,99.74468815755155
gemma3-12b,g24cfb_195,A-,0.00011325199993252326
gemma3-12b,g24cfb_195,CF+,55.54613244182203
gemma3-12b,g24cfb_195,CF-,55.543977203689934
gemma3-12b,g24cfb_195,I,55.54160552346623
gemma3-12b,g24cfb_195,W,55.54671679391838
gemma3-12b,g24cfb_195,Y0,88.93409223622581
gemma3-12b,g24cfb_196,A+,88.2212630030085
gemma3-12b,g24cfb_196,A-,66.89961689483368
gemma3-12b,g24cfb_196,CF+,55.86652510865228
gemma3-12b,g24cfb_196,CF-,55.55555516490977
gemma3-12b,g24cfb_196,I,65.60672015090185
gemma3-12b,g24cfb_196,W,55.912135108462856
gemma3-12b,g24cfb_196,Y0,66.78835274439339
gemma3-12b,g24cfb_197,A+,88.96308939687084
gemma3-12b,g24cfb_197,A-,88.56488641263608
gemma3-12b,g24cfb_197,CF+,55.526916808067064
gemma3-12b,g24cfb_197,CF-,54.93114210819508
gemma3-12b,g24cfb_197,I,23.54572561731289
gemma3-12b,g24cfb_197,W,43.090477518366065
gemma3-12b,g24cfb_197,Y0,56.1489548628352
gemma3-12b,g24cfb_198,A+,99.99706790100267
gemma3-12b,g24cfb_198,A-,99.94199228435649
gemma3-12b,g24cfb_198,CF+,55.3939523285825
gemma3-12b,g24cfb_198,CF-,66.718545369434
gemma3-12b,g24cfb_198,I,56.22025490730702
gemma3-12b,g24cfb_198,W,55.65895067520384
gemma3-12b,g24cfb_198,Y0,96.43530535450603
gemma3-12b,g24cfb_200,A+,1.059658964707682
gemma3-12b,g24cfb_200,A-,0.0001455200760102462
gemma3-12b,g24cfb_200,CF+,55.55555522936372
gemma3-12b,g24cfb_200,CF-,55.54816953881944
gemma3-12b,g24cfb_200,I,55.5257558700335
gemma3-12b,g24cfb_200,W,55.16852630737324
gemma3-12b,g24cfb_200,Y0,12.113167560765289
gemma3-12b,g24cfb_201,A+,99.9962583808179
gemma3-12b,g24cfb_201,A-,99.99863613938068
gemma3-12b,g24cfb_201,CF+,53.229230917431856
gemma3-12b,g24cfb_201,CF-,55.52383082638905
gemma3-12b,g24cfb_201,I,53.81937524731647
gemma3-12b,g24cfb_201,W,55.426084376822004
gemma3-12b,g24cfb_201,Y0,74.21301016649764
gemma3-12b,g24cfb_202,A+,88.89230880817068
gemma3-12b,g24cfb_202,A-,89.01096035381413
gemma3-12b,g24cfb_202,CF+,49.59374746884217
gemma3-12b,g24cfb_202,CF-,55.52088586715062
gemma3-12b,g24cfb_202,I,35.80550232587629
gemma3-12b,g24cfb_202,W,51.98686428528372
gemma3-12b,g24cfb_202,Y0,55.925021988598516
gemma3-12b,g24cfb_203,A+,99.99978955525972
gemma3-12b,g24cfb_203,A-,4.1838102986486196e-05
gemma3-12b,g24cfb_203,CF+,55.532889158542275
gemma3-12b,g24cfb_203,CF-,55.544504320388825
gemma3-12b,g24cfb_203,I,55.495973202109596
gemma3-12b,g24cfb_203,W,55.54275432945019
gemma3-12b,g24cfb_203,Y0,95.8050739266192
gemma3-12b,g24cfb_206,A+,99.99992432381747
gemma3-12b,g24cfb_206,A-,0.000512437973411274
gemma3-12b,g24cfb_206,CF+,55.54925855843317
gemma3-12b,g24cfb_206,CF-,55.538881507796155
gemma3-12b,g24cfb_206,I,55.539501505460656
gemma3-12b,g24cfb_206,W,55.54506558383593
gemma3-12b,g24cfb_206,Y0,55.549176541255434
gemma3-12b,g24cfb_207,A+,88.98408148424704
gemma3-12b,g24cfb_207,A-,0.0006752659675656241
gemma3-12b,g24cfb_207,CF+,55.45985731352704
gemma3-12b,g24cfb_207,CF-,55.05598556240497
gemma3-12b,g24cfb_207,I,53.4256829443073
gemma3-12b,g24cfb_207,W,45.7127138165738
gemma3-12b,g24cfb_207,Y0,0.0027254765561647055
gemma3-12b,g24cfb_208,A+,89.30332494098543
gemma3-12b,g24cfb_208,A-,4.194965340694397
gemma3-12b,g24cfb_208,CF+,55.51209059538044
gemma3-12b,g24cfb_208,CF-,55.53298393217125
gemma3-12b,g24cfb_208,I,55.536897292428776
gemma3-12b,g24cfb_208,W,55.52799695584082
gemma3-12b,g24cfb_208,Y0,0.5270821831890192
gemma3-12b,g24cfb_210,A+,99.47304000587906
gemma3-12b,g24cfb_210,A-,88.93408412963578
gemma3-12b,g24cfb_210,CF+,55.47085878347053
gemma3-12b,g24cfb_210,CF-,55.51540912075126
gemma3-12b,g24cfb_210,I,55.52627624826119
gemma3-12b,g24cfb_210,W,55.53642854416904
gemma3-12b,g24cfb_210,Y0,55.55284764899202
gemma3-12b,g24cfb_211,A+,77.74147794006511
gemma3-12b,g24cfb_211,A-,33.39310751659808
gemma3-12b,g24cfb_211,CF+,55.505704755748475
gemma3-12b,g24cfb_211,CF-,55.96158716584021
gemma3-12b,g24cfb_211,I,55.35580335061482
gemma3-12b,g24cfb_211,W,42.081218557799545
gemma3-12b,g24cfb_211,Y0,11.089888548263149
gemma3-12b,g24cfb_212,A+,88.89451262381111
gemma3-12b,g24cfb_212,A-,6.927365142843115
gemma3-12b,g24cfb_212,CF+,54.774039918487496
gemma3-12b,g24cfb_212,CF-,55.43983745956915
gemma3-12b,g24cfb_212,I,44.13143513909666
gemma3-12b,g24cfb_212,W,55.35773392563986
gemma3-12b,g24cfb_212,Y0,55.55555558123557
gemma3-12b,g24cfb_213,A+,99.99996338341698
gemma3-12b,g24cfb_213,A-,0.00024351369474857366
gemma3-12b,g24cfb_213,CF+,55.54223741419429
gemma3-12b,g24cfb_213,CF-,55.54796416639959
gemma3-12b,g24cfb_213,I,55.50278405775086
gemma3-12b,g24cfb_213,W,55.53352822751803
gemma3-12b,g24cfb_213,Y0,55.55104243082048
gemma3-12b,g24cfb_216,A+,99.9998380904136
gemma3-12b,g24cfb_216,A-,0.00022914442891025288
gemma3-12b,g24cfb_216,CF+,44.09823394558799
gemma3-12b,g24cfb_216,CF-,33.10245090496873
gemma3-12b,g24cfb_216,I,55.25271405904644
gemma3-12b,g24cfb_216,W,66.64128661149657
gemma3-12b,g24cfb_216,Y0,89.01091836353352
gemma3-12b,g24cfb_217,A+,99.80013530434451
gemma3-12b,g24cfb_217,A-,96.96675286558178
gemma3-12b,g24cfb_217,CF+,55.63747453664948
gemma3-12b,g24cfb_217,CF-,55.49334180661236
gemma3-12b,g24cfb_217,I,55.401736339121754
gemma3-12b,g24cfb_217,W,54.66899589991192
gemma3-12b,g24cfb_217,Y0,0.0003357907697368946
gemma3-12b,g24cfb_218,A+,0.000744067147273076
gemma3-12b,g24cfb_218,A-,1.9785911799131103e-05
gemma3-12b,g24cfb_218,CF+,55.51795698707146
gemma3-12b,g24cfb_218,CF-,55.53558487790861
gemma3-12b,g24cfb_218,I,99.98512413085005
gemma3-12b,g24cfb_218,W,55.51990227480576
gemma3-12b,g24cfb_218,Y0,99.99778670714349
gemma3-12b,g24cfb_219,A+,89.21457300343657
gemma3-12b,g24cfb_219,A-,0.0017749179888890637
gemma3-12b,g24cfb_219,CF+,55.50288217292227
gemma3-12b,g24cfb_219,CF-,55.15809397954726
gemma3-12b,g24cfb_219,I,54.99597709159258
gemma3-12b,g24cfb_219,W,55.034513072998514
gemma3-12b,g24cfb_219,Y0,21.212049441317173
gemma3-12b,g24cfb_222,A+,99.98985932568104
gemma3-12b,g24cfb_222,A-,77.87154120747817
gemma3-12b,g24cfb_222,CF+,55.53432996324526
gemma3-12b,g24cfb_222,CF-,55.54493084432553
gemma3-12b,g24cfb_222,I,55.520300857479704
gemma3-12b,g24cfb_222,W,55.517262864718056
gemma3-12b,g24cfb_222,Y0,56.616202403098306
gemma3-12b,g24cfb_223,A+,99.98987179950403
gemma3-12b,g24cfb_223,A-,14.570197724789393
gemma3-12b,g24cfb_223,CF+,55.49094918375786
gemma3-12b,g24cfb_223,CF-,55.49039149937906
gemma3-12b,g24cfb_223,I,55.51910254835202
gemma3-12b,g24cfb_223,W,66.78700969562985
gemma3-12b,g24cfb_223,Y0,81.97265323705861
gemma3-12b,g24cfb_224,A+,9.08439135626076
gemma3-12b,g24cfb_224,A-,0.05801407196282736
gemma3-12b,g24cfb_224,CF+,55.49266228758576
gemma3-12b,g24cfb_224,CF-,55.52546387808533
gemma3-12b,g24cfb_224,I,22.167638371526497
gemma3-12b,g24cfb_224,W,12.755788605373152
gemma3-12b,g24cfb_224,Y0,21.16174443397079
gemma3-12b,g24cfb_226,A+,99.99966263053223
gemma3-12b,g24cfb_226,A-,99.99982156792653
gemma3-12b,g24cfb_226,CF+,55.52174194206814
gemma3-12b,g24cfb_226,CF-,55.50897602187584
gemma3-12b,g24cfb_226,I,55.547740393617694
gemma3-12b,g24cfb_226,W,53.865007254547336
gemma3-12b,g24cfb_226,Y0,77.75137184889128
gemma3-12b,g24cfb_227,A+,95.13528433933405
gemma3-12b,g24cfb_227,A-,0.002328482717300169
gemma3-12b,g24cfb_227,CF+,55.51681395862897
gemma3-12b,g24cfb_227,CF-,55.48968910560266
gemma3-12b,g24cfb_227,I,55.481971342146366
gemma3-12b,g24cfb_227,W,52.04106492060343
gemma3-12b,g24cfb_227,Y0,99.99283361624488
gemma3-12b,g24cfb_228,A+,88.88166716183477
gemma3-12b,g24cfb_228,A-,55.57829228677386
gemma3-12b,g24cfb_228,CF+,55.96717192194442
gemma3-12b,g24cfb_228,CF-,55.8787774135795
gemma3-12b,g24cfb_228,I,55.66973864578431
gemma3-12b,g24cfb_228,W,53.069895676290024
gemma3-12b,g24cfb_228,Y0,66.6817962283655
gemma3-12b,g24cfb_229,A+,0.04523831832292107
gemma3-12b,g24cfb_229,A-,0.0037287876400622535
gemma3-12b,g24cfb_229,CF+,11.118492639343634
gemma3-12b,g24cfb_229,CF-,55.54858384979852
gemma3-12b,g24cfb_229,I,0.014724061263144239
gemma3-12b,g24cfb_229,W,0.00422266635258801
gemma3-12b,g24cfb_229,Y0,0.0015538183492355149
gemma3-12b,g24cfb_230,A+,99.97251867294676
gemma3-12b,g24cfb_230,A-,66.62269790161442
gemma3-12b,g24cfb_230,CF+,55.53747593914102
gemma3-12b,g24cfb_230,CF-,55.23983376803818
gemma3-12b,g24cfb_230,I,40.540119401458625
gemma3-12b,g24cfb_230,W,55.46262323663905
gemma3-12b,g24cfb_230,Y0,55.542567100584364
gemma3-12b,g24cfb_231,A+,88.89540146700452
gemma3-12b,g24cfb_231,A-,88.88769668247465
gemma3-12b,g24cfb_231,CF+,22.128258632394324
gemma3-12b,g24cfb_231,CF-,20.89761718649689
gemma3-12b,g24cfb_231,I,10.863688710388157
gemma3-12b,g24cfb_231,W,18.02510920474432
gemma3-12b,g24cfb_231,Y0,11.118164743712509
gemma3-12b,g24cfb_232,A+,0.19988072569751025
gemma3-12b,g24cfb_232,A-,0.19990301534542113
gemma3-12b,g24cfb_232,CF+,33.39875053113863
gemma3-12b,g24cfb_232,CF-,33.22420239401957
gemma3-12b,g24cfb_232,I,10.44352305173476
gemma3-12b,g24cfb_232,W,5.555595531028782
gemma3-12b,g24cfb_232,Y0,0.41475272953012715
gemma3-12b,g24cfb_233,A+,99.99980343520646
gemma3-12b,g24cfb_233,A-,0.0010908473463773207
gemma3-12b,g24cfb_233,CF+,55.49311695335434
gemma3-12b,g24cfb_233,CF-,55.52538504270787
gemma3-12b,g24cfb_233,I,55.44655398592007
gemma3-12b,g24cfb_233,W,55.475032171134615
gemma3-12b,g24cfb_233,Y0,55.55409618027691
gemma3-12b,g24cfb_234,A+,77.97630239786909
gemma3-12b,g24cfb_234,A-,75.30393309531054
gemma3-12b,g24cfb_234,CF+,55.34351686810688
gemma3-12b,g24cfb_234,CF-,55.155536499397414
gemma3-12b,g24cfb_234,I,37.46213740110539
gemma3-12b,g24cfb_234,W,55.48840260195846
gemma3-12b,g24cfb_234,Y0,55.261631309299815
gemma3-12b,g24cfb_236,A+,99.98700450496672
gemma3-12b,g24cfb_236,A-,88.93410915722241
gemma3-12b,g24cfb_236,CF+,77.77172695609141
gemma3-12b,g24cfb_236,CF-,77.68329185028414
gemma3-12b,g24cfb_236,I,77.81047652646079
gemma3-12b,g24cfb_236,W,79.42269813701893
gemma3-12b,g24cfb_236,Y0,88.88532637839872
gemma3-12b,g24cfb_237,A+,89.94832015032574
gemma3-12b,g24cfb_237,A-,88.87683250485671
gemma3-12b,g24cfb_237,CF+,50.66034675959838
gemma3-12b,g24cfb_237,CF-,44.68309146631395
gemma3-12b,g24cfb_237,I,53.41384716932279
gemma3-12b,g24cfb_237,W,55.01818538527927
gemma3-12b,g24cfb_237,Y0,55.41603736187042
gemma3-12b,g24cfb_239,A+,88.79364199095896
gemma3-12b,g24cfb_239,A-,1.0607121842334604
gemma3-12b,g24cfb_239,CF+,58.02385422422021
gemma3-12b,g24cfb_239,CF-,55.58543072544754
gemma3-12b,g24cfb_239,I,57.561962974902286
gemma3-12b,g24cfb_239,W,43.944739209594466
gemma3-12b,g24cfb_239,Y0,22.151041339007776
gemma3-12b,g24cfb_240,A+,90.91582209618392
gemma3-12b,g24cfb_240,A-,21.84945850757876
gemma3-12b,g24cfb_240,CF+,55.541026084838755
gemma3-12b,g24cfb_240,CF-,55.54440955092781
gemma3-12b,g24cfb_240,I,55.53138829722132
gemma3-12b,g24cfb_240,W,55.54220731544635
gemma3-12b,g24cfb_240,Y0,55.553487934493496
gemma3-12b,g24cfb_245,A+,66.57156247946818
gemma3-12b,g24cfb_245,A-,55.953649268749956
gemma3-12b,g24cfb_245,CF+,55.17705002556733
gemma3-12b,g24cfb_245,CF-,55.53862381128002
gemma3-12b,g24cfb_245,I,0.0614839892037841
gemma3-12b,g24cfb_245,W,55.74861455734236
gemma3-12b,g24cfb_245,Y0,88.87224928343552
gemma3-12b,g24cfb_246,A+,89.73174703320778
gemma3-12b,g24cfb_246,A-,90.5338484745836
gemma3-12b,g24cfb_246,CF+,54.4352166382686
gemma3-12b,g24cfb_246,CF-,39.17143158599229
gemma3-12b,g24cfb_246,I,1.7420505262069403
gemma3-12b,g24cfb_246,W,55.275795808887075
gemma3-12b,g24cfb_246,Y0,89.08872715764994
gemma3-12b,g24cfb_248,A+,99.92562536661248
gemma3-12b,g24cfb_248,A-,20.091395800926378
gemma3-12b,g24cfb_248,CF+,55.60658121296704
gemma3-12b,g24cfb_248,CF-,39.632993771960386
gemma3-12b,g24cfb_248,I,53.8677990597128
gemma3-12b,g24cfb_248,W,39.580999725655786
gemma3-12b,g24cfb_248,Y0,66.14143587811267
gemma3-12b,g24cfb_249,A+,81.97269881629444
gemma3-12b,g24cfb_249,A-,0.2553376045242124
gemma3-12b,g24cfb_249,CF+,54.64161285935328
gemma3-12b,g24cfb_249,CF-,55.49875745924507
gemma3-12b,g24cfb_249,I,55.49915328198094
gemma3-12b,g24cfb_249,W,55.393082476006505
gemma3-12b,g24cfb_249,Y0,21.807853092093854
gemma3-12b,g24cfb_250,A+,99.99625451499027
gemma3-12b,g24cfb_250,A-,31.700685405738554
gemma3-12b,g24cfb_250,CF+,56.59866786735405
gemma3-12b,g24cfb_250,CF-,43.79957723806956
gemma3-12b,g24cfb_250,I,76.45597263986689
gemma3-12b,g24cfb_250,W,55.41588458573645
gemma3-12b,g24cfb_250,Y0,89.08870339412731
gemma3-12b,g24cfb_253,A+,0.04113736054829877
gemma3-12b,g24cfb_253,A-,99.9547715587881
gemma3-12b,g24cfb_253,CF+,55.51843186766909
gemma3-12b,g24cfb_253,CF-,55.64424636550238
gemma3-12b,g24cfb_253,I,54.45481989381575
gemma3-12b,g24cfb_253,W,55.53115158356477
gemma3-12b,g24cfb_253,Y0,77.81247077818595
gemma3-12b,g24cfb_254,A+,99.99985876830095
gemma3-12b,g24cfb_254,A-,9.61932998493727
gemma3-12b,g24cfb_254,CF+,55.5519049395937
gemma3-12b,g24cfb_254,CF-,55.53994926921944
gemma3-12b,g24cfb_254,I,88.8955632400516
gemma3-12b,g24cfb_254,W,88.89140391073646
gemma3-12b,g24cfb_254,Y0,99.99905991802956
gemma3-12b,g24cfb_255,A+,11.33912474812841
gemma3-12b,g24cfb_255,A-,3.246464842989476e-05
gemma3-12b,g24cfb_255,CF+,54.83663397024034
gemma3-12b,g24cfb_255,CF-,55.506394842838446
gemma3-12b,g24cfb_255,I,66.60213386965887
gemma3-12b,g24cfb_255,W,54.99271156460164
gemma3-12b,g24cfb_255,Y0,88.76670488556141
gemma3-12b,g24cfb_256,A+,77.79054739767497
gemma3-12b,g24cfb_256,A-,3.569506772909853
gemma3-12b,g24cfb_256,CF+,55.520066308694396
gemma3-12b,g24cfb_256,CF-,55.527806440513906
gemma3-12b,g24cfb_256,I,55.54228685940686
gemma3-12b,g24cfb_256,W,55.59877932727969
gemma3-12b,g24cfb_256,Y0,88.8875663289193
gemma3-12b,g24cfb_258,A+,99.99862216043564
gemma3-12b,g24cfb_258,A-,99.99877589183643
gemma3-12b,g24cfb_258,CF+,55.519224754724426
gemma3-12b,g24cfb_258,CF-,55.513860578513984
gemma3-12b,g24cfb_258,I,55.459330546530545
gemma3-12b,g24cfb_258,W,53.04010438058944
gemma3-12b,g24cfb_258,Y0,81.97356855132867
gemma3-12b,g24cfb_259,A+,88.89304477952095
gemma3-12b,g24cfb_259,A-,0.00011363930728617246
gemma3-12b,g24cfb_259,CF+,0.021415050814181033
gemma3-12b,g24cfb_259,CF-,0.005428536572770346
gemma3-12b,g24cfb_259,I,0.0022657679944338926
gemma3-12b,g24cfb_259,W,0.0007363367208759093
gemma3-12b,g24cfb_259,Y0,0.008984943044697873
gemma3-12b,g24cfb_260,A+,99.99102022656618
gemma3-12b,g24cfb_260,A-,99.58509615311901
gemma3-12b,g24cfb_260,CF+,55.53384503674701
gemma3-12b,g24cfb_260,CF-,55.53561578183012
gemma3-12b,g24cfb_260,I,62.404266818341654
gemma3-12b,g24cfb_260,W,56.287993518957975
gemma3-12b,g24cfb_260,Y0,99.67428756811296
gemma3-12b,g24cfb_261,A+,88.91002674884898
gemma3-12b,g24cfb_261,A-,0.003297336528788823
gemma3-12b,g24cfb_261,CF+,34.97196616923575
gemma3-12b,g24cfb_261,CF-,55.49908636331537
gemma3-12b,g24cfb_261,I,33.189925179210626
gemma3-12b,g24cfb_261,W,35.386623537917586
gemma3-12b,g24cfb_261,Y0,55.91605028047683
gemma3-12b,g24cfb_262,A+,99.92563184525243
gemma3-12b,g24cfb_262,A-,0.00036942950798421866
gemma3-12b,g24cfb_262,CF+,45.44645529493286
gemma3-12b,g24cfb_262,CF-,55.437151687459
gemma3-12b,g24cfb_262,I,37.15481046757749
gemma3-12b,g24cfb_262,W,50.00792927463869
gemma3-12b,g24cfb_262,Y0,99.98761085435095
gemma3-12b,g24cfb_263,A+,88.88301624563933
gemma3-12b,g24cfb_263,A-,88.89167182795202
gemma3-12b,g24cfb_263,CF+,46.222881640026664
gemma3-12b,g24cfb_263,CF-,55.07525376922633
gemma3-12b,g24cfb_263,I,55.50094039329693
gemma3-12b,g24cfb_263,W,55.45351004672274
gemma3-12b,g24cfb_263,Y0,62.470680434031514
gemma3-12b,g24cfb_264,A+,88.45766272498975
gemma3-12b,g24cfb_264,A-,0.00010170646039276198
gemma3-12b,g24cfb_264,CF+,55.510038086655236
gemma3-12b,g24cfb_264,CF-,55.48089957448414
gemma3-12b,g24cfb_264,I,55.54462409593179
gemma3-12b,g24cfb_264,W,55.54461445182195
gemma3-12b,g24cfb_264,Y0,0.000308936204860158
gemma3-12b,g24cfb_265,A+,99.99995405982379
gemma3-12b,g24cfb_265,A-,99.9999571494684
gemma3-12b,g24cfb_265,CF+,55.529240152163155
gemma3-12b,g24cfb_265,CF-,55.545843933273204
gemma3-12b,g24cfb_265,I,55.507639317761566
gemma3-12b,g24cfb_265,W,55.5270134806456
gemma3-12b,g24cfb_265,Y0,55.53699168638883
gemma3-12b,g24cfb_269,A+,99.9725198201278
gemma3-12b,g24cfb_269,A-,20.021177695434872
gemma3-12b,g24cfb_269,CF+,55.54393545432009
gemma3-12b,g24cfb_269,CF-,55.54379725830776
gemma3-12b,g24cfb_269,I,55.40494043406842
gemma3-12b,g24cfb_269,W,55.49389626528827
gemma3-12b,g24cfb_269,Y0,55.07030835395819
gemma3-12b,g24cfb_270,A+,99.58524546859991
gemma3-12b,g24cfb_270,A-,45.438498221856854
gemma3-12b,g24cfb_270,CF+,55.525454936149146
gemma3-12b,g24cfb_270,CF-,55.527147073596595
gemma3-12b,g24cfb_270,I,55.34123875308176
gemma3-12b,g24cfb_270,W,55.46903265189556
gemma3-12b,g24cfb_270,Y0,5.4099671362282836e-05
gemma3-12b,g24cfb_272,A+,99.99821771799265
gemma3-12b,g24cfb_272,A-,88.89134014304372
gemma3-12b,g24cfb_272,CF+,55.490832777293086
gemma3-12b,g24cfb_272,CF-,56.39435992757521
gemma3-12b,g24cfb_272,I,74.2116242191068
gemma3-12b,g24cfb_272,W,55.43490151784863
gemma3-12b,g24cfb_272,Y0,88.88647178328587
gemma3-12b,g24cfb_273,A+,88.74559536158843
gemma3-12b,g24cfb_273,A-,88.81823724377657
gemma3-12b,g24cfb_273,CF+,22.131097906961145
gemma3-12b,g24cfb_273,CF-,44.122435736343206
gemma3-12b,g24cfb_273,I,35.99150580897796
gemma3-12b,g24cfb_273,W,23.5299968191899
gemma3-12b,g24cfb_273,Y0,21.379807517385625
gemma3-12b,g24cfb_274,A+,99.99881848480771
gemma3-12b,g24cfb_274,A-,4.729967666263883e-05
gemma3-12b,g24cfb_274,CF+,55.520793183776995
gemma3-12b,g24cfb_274,CF-,55.44379899151764
gemma3-12b,g24cfb_274,I,55.56276652665328
gemma3-12b,g24cfb_274,W,93.08220402965108
gemma3-12b,g24cfb_274,Y0,99.97244167599492
gemma3-12b,g24cfb_275,A+,99.99954134172984
gemma3-12b,g24cfb_275,A-,77.80758428410064
gemma3-12b,g24cfb_275,CF+,55.3727052382778
gemma3-12b,g24cfb_275,CF-,55.54236895711261
gemma3-12b,g24cfb_275,I,55.51424491001134
gemma3-12b,g24cfb_275,W,55.527483360775896
gemma3-12b,g24cfb_275,Y0,55.5514825120064
gemma3-12b,g24cfb_277,A+,99.9419967041784
gemma3-12b,g24cfb_277,A-,11.13342763173072
gemma3-12b,g24cfb_277,CF+,66.64443522309494
gemma3-12b,g24cfb_277,CF-,57.1949834758274
gemma3-12b,g24cfb_277,I,56.20865044711391
gemma3-12b,g24cfb_277,W,55.32259869667814
gemma3-12b,g24cfb_277,Y0,64.1858240678356
gemma3-12b,g24cfb_281,A+,99.99968245555577
gemma3-12b,g24cfb_281,A-,0.00015084583442762754
gemma3-12b,g24cfb_281,CF+,54.59166309293719
gemma3-12b,g24cfb_281,CF-,55.52350021170791
gemma3-12b,g24cfb_281,I,55.478428752941404
gemma3-12b,g24cfb_281,W,49.35009698688935
gemma3-12b,g24cfb_281,Y0,88.91799574284427
gemma3-12b,g24cfb_283,A+,88.76683928196542
gemma3-12b,g24cfb_283,A-,55.70567276720925
gemma3-12b,g24cfb_283,CF+,55.54261279756412
gemma3-12b,g24cfb_283,CF-,55.54407667274618
gemma3-12b,g24cfb_283,I,54.870524322587016
gemma3-12b,g24cfb_283,W,55.53799071122123
gemma3-12b,g24cfb_283,Y0,77.78179021939374
gemma3-12b,g24cfb_286,A+,99.9995895215323
gemma3-12b,g24cfb_286,A-,2.528873387058793e-05
gemma3-12b,g24cfb_286,CF+,55.33973049455804
gemma3-12b,g24cfb_286,CF-,55.544214146554665
gemma3-12b,g24cfb_286,I,55.30532219075889
gemma3-12b,g24cfb_286,W,55.53132835394664
gemma3-12b,g24cfb_286,Y0,22.258689577004922
gemma3-12b,g24cfb_287,A+,99.67381157075835
gemma3-12b,g24cfb_287,A-,0.0003178463116642149
gemma3-12b,g24cfb_287,CF+,55.49552889516687
gemma3-12b,g24cfb_287,CF-,55.5139230056054
gemma3-12b,g24cfb_287,I,38.495466897588614
gemma3-12b,g24cfb_287,W,55.501269391956114
gemma3-12b,g24cfb_287,Y0,55.075955907207295
gemma3-12b,g24cfb_289,A+,98.35503030248032
gemma3-12b,g24cfb_289,A-,0.5587105566813942
gemma3-12b,g24cfb_289,CF+,55.5473949636953
gemma3-12b,g24cfb_289,CF-,55.632246634879124
gemma3-12b,g24cfb_289,I,66.66816321509413
gemma3-12b,g24cfb_289,W,66.6824052707517
gemma3-12b,g24cfb_289,Y0,95.79483269813169
gemma3-12b,g24cfb_290,A+,99.99977159768167
gemma3-12b,g24cfb_290,A-,89.41565709069076
gemma3-12b,g24cfb_290,CF+,59.10261609071016
gemma3-12b,g24cfb_290,CF-,57.174895657496876
gemma3-12b,g24cfb_290,I,66.59533500998016
gemma3-12b,g24cfb_290,W,66.51223735337985
gemma3-12b,g24cfb_290,Y0,88.90164463251017
gemma3-12b,g24cfb_292,A+,89.73175262375383
gemma3-12b,g24cfb_292,A-,76.93675088641797
gemma3-12b,g24cfb_292,CF+,55.643981478429254
gemma3-12b,g24cfb_292,CF-,55.88304170078902
gemma3-12b,g24cfb_292,I,61.10751564738243
gemma3-12b,g24cfb_292,W,55.532537262164894
gemma3-12b,g24cfb_292,Y0,66.73927822057742
gemma3-12b,g24cfb_293,A+,10.445092360548102
gemma3-12b,g24cfb_293,A-,6.916571998919643
gemma3-12b,g24cfb_293,CF+,55.54160093533548
gemma3-12b,g24cfb_293,CF-,55.541502183655126
gemma3-12b,g24cfb_293,I,55.48319221867953
gemma3-12b,g24cfb_293,W,14.099042646477127
gemma3-12b,g24cfb_293,Y0,11.07586068177048
gemma3-12b,g24cfb_294,A+,99.98985986446516
gemma3-12b,g24cfb_294,A-,3.78398119723752e-05
gemma3-12b,g24cfb_294,CF+,55.543160074662474
gemma3-12b,g24cfb_294,CF-,55.52770332502929
gemma3-12b,g24cfb_294,I,55.4095103989713
gemma3-12b,g24cfb_294,W,54.8149521269684
gemma3-12b,g24cfb_294,Y0,88.86754833580082
gemma3-12b,g24cfb_295,A+,99.9785885113797
gemma3-12b,g24cfb_295,A-,0.19988506638692702
gemma3-12b,g24cfb_295,CF+,66.47088095038661
gemma3-12b,g24cfb_295,CF-,55.5376036815669
gemma3-12b,g24cfb_295,I,66.90065574957356
gemma3-12b,g24cfb_295,W,55.506763246308964
gemma3-12b,g24cfb_295,Y0,88.88953049543139
gemma3-12b,g24cfb_297,A+,76.71938538516788
gemma3-12b,g24cfb_297,A-,88.77467545682009
gemma3-12b,g24cfb_297,CF+,55.152406086637015
gemma3-12b,g24cfb_297,CF-,55.545182144286045
gemma3-12b,g24cfb_297,I,54.939180282971634
gemma3-12b,g24cfb_297,W,55.5061271877786
gemma3-12b,g24cfb_297,Y0,54.52074046108143
qwen3-32b,g24cfb_000,A+,99.99999894088714
qwen3-32b,g24cfb_000,A-,5.028708221851991e-06
qwen3-32b,g24cfb_000,CF+,19.33511269092801
qwen3-32b,g24cfb_000,CF-,0.09568959894689147
qwen3-32b,g24cfb_000,I,38.443981109129716
qwen3-32b,g24cfb_000,W,8.123404750125916
qwen3-32b,g24cfb_000,Y0,10.055408271653114
qwen3-32b,g24cfb_001,A+,99.99996179704281
qwen3-32b,g24cfb_001,A-,23.012043964676636
qwen3-32b,g24cfb_001,CF+,44.29538694671666
qwen3-32b,g24cfb_001,CF-,44.447786134394754
qwen3-32b,g24cfb_001,I,49.983152168054275
qwen3-32b,g24cfb_001,W,44.436792608856955
qwen3-32b,g24cfb_001,Y0,23.255261836586996
qwen3-32b,g24cfb_002,A+,99.99985386627168
qwen3-32b,g24cfb_002,A-,88.97875078164186
qwen3-32b,g24cfb_002,CF+,43.040835919958596
qwen3-32b,g24cfb_002,CF-,44.2830670822757
qwen3-32b,g24cfb_002,I,51.33059061478952
qwen3-32b,g24cfb_002,W,68.78263666528795
qwen3-32b,g24cfb_002,Y0,90.93662177655365
qwen3-32b,g24cfb_003,A+,99.99999861073888
qwen3-32b,g24cfb_003,A-,0.007972598971507754
qwen3-32b,g24cfb_003,CF+,45.34496088766382
qwen3-32b,g24cfb_003,CF-,67.39744513453871
qwen3-32b,g24cfb_003,I,57.793683015651105
qwen3-32b,g24cfb_003,W,0.04042279558074372
qwen3-32b,g24cfb_003,Y0,36.006050789671164
qwen3-32b,g24cfb_004,A+,99.99999641141058
qwen3-32b,g24cfb_004,A-,1.8006987870184746e-05
qwen3-32b,g24cfb_004,CF+,79.0228356161419
qwen3-32b,g24cfb_004,CF-,54.88788654021485
qwen3-32b,g24cfb_004,I,99.99997623937112
qwen3-32b,g24cfb_004,W,99.99982272265798
qwen3-32b,g24cfb_004,Y0,99.99997546466665
qwen3-32b,g24cfb_005,A+,99.99999795969822
qwen3-32b,g24cfb_005,A-,99.99997867704238
qwen3-32b,g24cfb_005,CF+,45.727639406856355
qwen3-32b,g24cfb_005,CF-,44.69936740700998
qwen3-32b,g24cfb_005,I,99.99822378846955
qwen3-32b,g24cfb_005,W,99.96255035376973
qwen3-32b,g24cfb_005,Y0,99.79974053493943
qwen3-32b,g24cfb_007,A+,99.99999831533626
qwen3-32b,g24cfb_007,A-,8.27118408341391e-06
qwen3-32b,g24cfb_007,CF+,44.45384907743809
qwen3-32b,g24cfb_007,CF-,44.47920146957309
qwen3-32b,g24cfb_007,I,44.445192418567835
qwen3-32b,g24cfb_007,W,0.0013298079599722273
qwen3-32b,g24cfb_007,Y0,0.0021076974061603458
qwen3-32b,g24cfb_008,A+,99.99998817668971
qwen3-32b,g24cfb_008,A-,99.7998030372003
qwen3-32b,g24cfb_008,CF+,99.62667039021208
qwen3-32b,g24cfb_008,CF-,0.0011663528185116004
qwen3-32b,g24cfb_008,I,5.4526232783109547e-05
qwen3-32b,g24cfb_008,W,6.410979019072326e-05
qwen3-32b,g24cfb_008,Y0,0.04745104852266553
qwen3-32b,g24cfb_009,A+,99.99999594544504
qwen3-32b,g24cfb_009,A-,2.683459338253732e-05
qwen3-32b,g24cfb_009,CF+,10.45656602191848
qwen3-32b,g24cfb_009,CF-,44.450358965395885
qwen3-32b,g24cfb_009,I,44.433040331862145
qwen3-32b,g24cfb_009,W,11.58274044874727
qwen3-32b,g24cfb_009,Y0,44.44051743095274
qwen3-32b,g24cfb_010,A+,4.990695999737552e-05
qwen3-32b,g24cfb_010,A-,7.222670969593477e-05
qwen3-32b,g24cfb_010,CF+,44.85355480304946
qwen3-32b,g24cfb_010,CF-,27.730617056510866
qwen3-32b,g24cfb_010,I,99.999852417503
qwen3-32b,g24cfb_010,W,2.0295939026473895
qwen3-32b,g24cfb_010,Y0,0.003831596587005326
qwen3-32b,g24cfb_012,A+,99.9999929871207
qwen3-32b,g24cfb_012,A-,52.314391138350004
qwen3-32b,g24cfb_012,CF+,65.0320249661092
qwen3-32b,g24cfb_012,CF-,54.5040468994098
qwen3-32b,g24cfb_012,I,77.65464869351717
qwen3-32b,g24cfb_012,W,99.25777769252079
qwen3-32b,g24cfb_012,Y0,99.96463866262293
qwen3-32b,g24cfb_013,A+,99.99999846475869
qwen3-32b,g24cfb_013,A-,8.110516256440656e-06
qwen3-32b,g24cfb_013,CF+,44.45209163334955
qwen3-32b,g24cfb_013,CF-,44.444653866303696
qwen3-32b,g24cfb_013,I,44.446210185681174
qwen3-32b,g24cfb_013,W,44.4478854193127
qwen3-32b,g24cfb_013,Y0,44.44912468816187
qwen3-32b,g24cfb_014,A+,99.99999702670578
qwen3-32b,g24cfb_014,A-,4.4751166930694525e-06
qwen3-32b,g24cfb_014,CF+,44.44783657779628
qwen3-32b,g24cfb_014,CF-,44.44764631237643
qwen3-32b,g24cfb_014,I,44.450032040489845
qwen3-32b,g24cfb_014,W,44.44535396942054
qwen3-32b,g24cfb_014,Y0,2.0311763174799367e-05
qwen3-32b,g24cfb_015,A+,99.99999710348837
qwen3-32b,g24cfb_015,A-,3.1888005399107556e-05
qwen3-32b,g24cfb_015,CF+,99.96384853296303
qwen3-32b,g24cfb_015,CF-,44.460119530614534
qwen3-32b,g24cfb_015,I,99.99998748184518
qwen3-32b,g24cfb_015,W,99.99999021931939
qwen3-32b,g24cfb_015,Y0,99.99999759594971
qwen3-32b,g24cfb_016,A+,99.99999741247706
qwen3-32b,g24cfb_016,A-,4.848678010800146e-06
qwen3-32b,g24cfb_016,CF+,99.9999041678157
qwen3-32b,g24cfb_016,CF-,0.07692308310587664
qwen3-32b,g24cfb_016,I,8.215751422412272e-06
qwen3-32b,g24cfb_016,W,0.00036535085542777464
qwen3-32b,g24cfb_016,Y0,99.99999737107561
qwen3-32b,g24cfb_017,A+,99.99999631879975
qwen3-32b,g24cfb_017,A-,55.076330134909945
qwen3-32b,g24cfb_017,CF+,98.66387423472992
qwen3-32b,g24cfb_017,CF-,79.27006115585685
qwen3-32b,g24cfb_017,I,99.99994466810028
qwen3-32b,g24cfb_017,W,99.99971731507749
qwen3-32b,g24cfb_017,Y0,99.9999549618559
qwen3-32b,g24cfb_020,A+,99.99999806510056
qwen3-32b,g24cfb_020,A-,0.03547462133137993
qwen3-32b,g24cfb_020,CF+,44.45010356991757
qwen3-32b,g24cfb_020,CF-,44.458035824146094
qwen3-32b,g24cfb_020,I,99.92079940451293
qwen3-32b,g24cfb_020,W,99.57027144131717
qwen3-32b,g24cfb_020,Y0,99.99799798115706
qwen3-32b,g24cfb_021,A+,99.99986772343283
qwen3-32b,g24cfb_021,A-,25.51855889867024
qwen3-32b,g24cfb_021,CF+,0.3903661035655641
qwen3-32b,g24cfb_021,CF-,0.4586829217342673
qwen3-32b,g24cfb_021,I,7.283804930412872
qwen3-32b,g24cfb_021,W,7.582366132669226
qwen3-32b,g24cfb_021,Y0,0.07441833914260912
qwen3-32b,g24cfb_022,A+,99.98513993666785
qwen3-32b,g24cfb_022,A-,2.4763571624733958
qwen3-32b,g24cfb_022,CF+,54.921914263966244
qwen3-32b,g24cfb_022,CF-,97.40164398252307
qwen3-32b,g24cfb_022,I,20.050479223962256
qwen3-32b,g24cfb_022,W,9.805306154707953
qwen3-32b,g24cfb_022,Y0,2.4761460310223264
qwen3-32b,g24cfb_024,A+,99.99999771982446
qwen3-32b,g24cfb_024,A-,0.00010523504316203902
qwen3-32b,g24cfb_024,CF+,44.473152101726704
qwen3-32b,g24cfb_024,CF-,44.446958452377544
qwen3-32b,g24cfb_024,I,44.64232604807599
qwen3-32b,g24cfb_024,W,6.213435056715045e-05
qwen3-32b,g24cfb_024,Y0,99.99999414536734
qwen3-32b,g24cfb_025,A+,66.57826400919924
qwen3-32b,g24cfb_025,A-,0.02781000429796337
qwen3-32b,g24cfb_025,CF+,67.82662258593331
qwen3-32b,g24cfb_025,CF-,0.019002134544623718
qwen3-32b,g24cfb_025,I,56.68379269674769
qwen3-32b,g24cfb_025,W,0.002039441076505619
qwen3-32b,g24cfb_025,Y0,0.014857080178668096
qwen3-32b,g24cfb_026,A+,99.99999894231044
qwen3-32b,g24cfb_026,A-,5.950733233572115e-06
qwen3-32b,g24cfb_026,CF+,44.45154914902363
qwen3-32b,g24cfb_026,CF-,44.451154131605826
qwen3-32b,g24cfb_026,I,44.44610630513405
qwen3-32b,g24cfb_026,W,1.980349502411301e-06
qwen3-32b,g24cfb_026,Y0,8.44382007916308e-06
qwen3-32b,g24cfb_027,A+,99.99998707036791
qwen3-32b,g24cfb_027,A-,0.0009832367506274298
qwen3-32b,g24cfb_027,CF+,44.449919387194775
qwen3-32b,g24cfb_027,CF-,77.0180022255733
qwen3-32b,g24cfb_027,I,55.05537800869554
qwen3-32b,g24cfb_027,W,58.373106328758645
qwen3-32b,g24cfb_027,Y0,55.12005849377659
qwen3-32b,g24cfb_028,A+,99.99988865559436
qwen3-32b,g24cfb_028,A-,1.5433229270859245e-05
qwen3-32b,g24cfb_028,CF+,46.41646329215943
qwen3-32b,g24cfb_028,CF-,6.930812332874044
qwen3-32b,g24cfb_028,I,44.349265521715665
qwen3-32b,g24cfb_028,W,0.0012372093455074865
qwen3-32b,g24cfb_028,Y0,5.20153126455688e-06
qwen3-32b,g24cfb_029,A+,99.99999917970632
qwen3-32b,g24cfb_029,A-,10.58461383097534
qwen3-32b,g24cfb_029,CF+,55.401011010165305
qwen3-32b,g24cfb_029,CF-,49.99842341944635
qwen3-32b,g24cfb_029,I,44.526143855557656
qwen3-32b,g24cfb_029,W,77.03723673159625
qwen3-32b,g24cfb_029,Y0,68.37604351225848
qwen3-32b,g24cfb_030,A+,99.99999254986682
qwen3-32b,g24cfb_030,A-,9.586295629988609
qwen3-32b,g24cfb_030,CF+,14.068260317647818
qwen3-32b,g24cfb_030,CF-,54.23448937830713
qwen3-32b,g24cfb_030,I,99.99797140827084
qwen3-32b,g24cfb_030,W,56.6293874922543
qwen3-32b,g24cfb_030,Y0,0.0008798380333060936
qwen3-32b,g24cfb_032,A+,99.99998188778892
qwen3-32b,g24cfb_032,A-,0.002601570274346753
qwen3-32b,g24cfb_032,CF+,0.031442727147699565
qwen3-32b,g24cfb_032,CF-,6.96062655401354
qwen3-32b,g24cfb_032,I,44.42289837271446
qwen3-32b,g24cfb_032,W,0.0047957749711213275
qwen3-32b,g24cfb_032,Y0,0.01674967650267828
qwen3-32b,g24cfb_034,A+,99.99999830511251
qwen3-32b,g24cfb_034,A-,0.013264038315861945
qwen3-32b,g24cfb_034,CF+,44.451034815907946
qwen3-32b,g24cfb_034,CF-,44.45732806769693
qwen3-32b,g24cfb_034,I,44.44529238268147
qwen3-32b,g24cfb_034,W,55.02833674446162
qwen3-32b,g24cfb_034,Y0,11.211624864014302
qwen3-32b,g24cfb_035,A+,99.98844633902827
qwen3-32b,g24cfb_035,A-,4.986380898187535e-05
qwen3-32b,g24cfb_035,CF+,44.48535955492123
qwen3-32b,g24cfb_035,CF-,44.44926355242626
qwen3-32b,g24cfb_035,I,44.44344988311752
qwen3-32b,g24cfb_035,W,44.44460083830002
qwen3-32b,g24cfb_035,Y0,54.34363230957117
qwen3-32b,g24cfb_037,A+,99.99996921605931
qwen3-32b,g24cfb_037,A-,4.631628844083134e-05
qwen3-32b,g24cfb_037,CF+,0.058668249247919385
qwen3-32b,g24cfb_037,CF-,0.021468833862828343
qwen3-32b,g24cfb_037,I,8.856349466516075e-05
qwen3-32b,g24cfb_037,W,0.0003797403491782091
qwen3-32b,g24cfb_037,Y0,2.1136051177837584e-05
qwen3-32b,g24cfb_038,A+,99.99999722842371
qwen3-32b,g24cfb_038,A-,75.95648364229291
qwen3-32b,g24cfb_038,CF+,44.45356412119288
qwen3-32b,g24cfb_038,CF-,53.059299164704484
qwen3-32b,g24cfb_038,I,0.058069300764458376
qwen3-32b,g24cfb_038,W,0.006975583363119637
qwen3-32b,g24cfb_038,Y0,11.936265414263042
qwen3-32b,g24cfb_040,A+,96.3500458439683
qwen3-32b,g24cfb_040,A-,0.0002856122756804183
qwen3-32b,g24cfb_040,CF+,53.55691219213189
qwen3-32b,g24cfb_040,CF-,44.50173529961805
qwen3-32b,g24cfb_040,I,62.20933638180028
qwen3-32b,g24cfb_040,W,44.254545344219615
qwen3-32b,g24cfb_040,Y0,77.86916869064525
qwen3-32b,g24cfb_041,A+,99.99999748424239
qwen3-32b,g24cfb_041,A-,6.841972120223779e-06
qwen3-32b,g24cfb_041,CF+,44.505418192390145
qwen3-32b,g24cfb_041,CF-,44.33874185533587
qwen3-32b,g24cfb_041,I,0.010152448654139872
qwen3-32b,g24cfb_041,W,11.630437098030564
qwen3-32b,g24cfb_041,Y0,0.6702874030890863
qwen3-32b,g24cfb_042,A+,97.92635377603374
qwen3-32b,g24cfb_042,A-,0.0005820640317988653
qwen3-32b,g24cfb_042,CF+,0.20028547131185614
qwen3-32b,g24cfb_042,CF-,0.045387736157149444
qwen3-32b,g24cfb_042,I,0.007049862830876812
qwen3-32b,g24cfb_042,W,0.002003360494237275
qwen3-32b,g24cfb_042,Y0,7.254271466836795e-05
qwen3-32b,g24cfb_045,A+,99.99999647774752
qwen3-32b,g24cfb_045,A-,0.008048486275632335
qwen3-32b,g24cfb_045,CF+,44.44403433095856
qwen3-32b,g24cfb_045,CF-,44.45071611476612
qwen3-32b,g24cfb_045,I,44.54508876279769
qwen3-32b,g24cfb_045,W,33.08446111743194
qwen3-32b,g24cfb_045,Y0,24.68394057886492
qwen3-32b,g24cfb_046,A+,99.99999683964974
qwen3-32b,g24cfb_046,A-,0.004357466487578061
qwen3-32b,g24cfb_046,CF+,18.221788355838044
qwen3-32b,g24cfb_046,CF-,44.45585441968027
qwen3-32b,g24cfb_046,I,44.44930721503345
qwen3-32b,g24cfb_046,W,11.33931574827104
qwen3-32b,g24cfb_046,Y0,33.13935070683211
qwen3-32b,g24cfb_047,A+,99.99999854652057
qwen3-32b,g24cfb_047,A-,8.328985927973774e-05
qwen3-32b,g24cfb_047,CF+,2.074153152886057
qwen3-32b,g24cfb_047,CF-,0.0012561050661038249
qwen3-32b,g24cfb_047,I,3.570219414319225
qwen3-32b,g24cfb_047,W,0.5272571323120948
qwen3-32b,g24cfb_047,Y0,0.006162571315039322
qwen3-32b,g24cfb_048,A+,99.99994546193481
qwen3-32b,g24cfb_048,A-,0.0034968587030769958
qwen3-32b,g24cfb_048,CF+,41.119769310423905
qwen3-32b,g24cfb_048,CF-,52.60809904156437
qwen3-32b,g24cfb_048,I,44.288638979701595
qwen3-32b,g24cfb_048,W,2.0440776079161607
qwen3-32b,g24cfb_048,Y0,0.03532382695859226
qwen3-32b,g24cfb_051,A+,99.99999658625633
qwen3-32b,g24cfb_051,A-,7.348083105480032e-05
qwen3-32b,g24cfb_051,CF+,44.48855238181209
qwen3-32b,g24cfb_051,CF-,44.23272014066171
qwen3-32b,g24cfb_051,I,99.9683817314579
qwen3-32b,g24cfb_051,W,11.043296783080162
qwen3-32b,g24cfb_051,Y0,35.32137484047757
qwen3-32b,g24cfb_052,A+,99.99999596021443
qwen3-32b,g24cfb_052,A-,99.99300175640694
qwen3-32b,g24cfb_052,CF+,44.84882220837265
qwen3-32b,g24cfb_052,CF-,44.691549268712826
qwen3-32b,g24cfb_052,I,99.99999664203806
qwen3-32b,g24cfb_052,W,99.99997790125798
qwen3-32b,g24cfb_052,Y0,99.99999870938603
qwen3-32b,g24cfb_053,A+,99.99999812680085
qwen3-32b,g24cfb_053,A-,1.5151404454898097e-06
qwen3-32b,g24cfb_053,CF+,44.69910895977467
qwen3-32b,g24cfb_053,CF-,44.48378752176694
qwen3-32b,g24cfb_053,I,44.44424290874778
qwen3-32b,g24cfb_053,W,44.44913626924668
qwen3-32b,g24cfb_053,Y0,34.9738238178417
qwen3-32b,g24cfb_054,A+,6.952243831203929
qwen3-32b,g24cfb_054,A-,0.05312067709294427
qwen3-32b,g24cfb_054,CF+,0.000760407677969531
qwen3-32b,g24cfb_054,CF-,0.16275803943007322
qwen3-32b,g24cfb_054,I,0.00031985804589150795
qwen3-32b,g24cfb_054,W,3.239255136886707e-05
qwen3-32b,g24cfb_054,Y0,2.3072693271468047e-05
qwen3-32b,g24cfb_055,A+,99.99988604234574
qwen3-32b,g24cfb_055,A-,4.281718290908523e-05
qwen3-32b,g24cfb_055,CF+,0.09544933131255154
qwen3-32b,g24cfb_055,CF-,10.447222575006652
qwen3-32b,g24cfb_055,I,0.004805059463694783
qwen3-32b,g24cfb_055,W,0.0454128684323532
qwen3-32b,g24cfb_055,Y0,0.00044861741538035284
qwen3-32b,g24cfb_056,A+,99.99999745568243
qwen3-32b,g24cfb_056,A-,0.005902028300816447
qwen3-32b,g24cfb_056,CF+,99.99630394248526
qwen3-32b,g24cfb_056,CF-,0.1256627626866401
qwen3-32b,g24cfb_056,I,99.99980646396266
qwen3-32b,g24cfb_056,W,99.99998960385068
qwen3-32b,g24cfb_056,Y0,99.99999553349886
qwen3-32b,g24cfb_058,A+,93.63343813269695
qwen3-32b,g24cfb_058,A-,1.8700143112673226e-05
qwen3-32b,g24cfb_058,CF+,44.489370702319405
qwen3-32b,g24cfb_058,CF-,44.51842270588901
qwen3-32b,g24cfb_058,I,99.9998241553037
qwen3-32b,g24cfb_058,W,2.9843478316045865e-05
qwen3-32b,g24cfb_058,Y0,3.9153538612479916e-05
qwen3-32b,g24cfb_059,A+,99.79285860510834
qwen3-32b,g24cfb_059,A-,84.09908036935803
qwen3-32b,g24cfb_059,CF+,43.94034797290996
qwen3-32b,g24cfb_059,CF-,43.922057150094105
qwen3-32b,g24cfb_059,I,11.247164890335293
qwen3-32b,g24cfb_059,W,0.027572216525065193
qwen3-32b,g24cfb_059,Y0,0.010199209007858695
qwen3-32b,g24cfb_060,A+,99.99999496598156
qwen3-32b,g24cfb_060,A-,0.5256939983893846
qwen3-32b,g24cfb_060,CF+,44.11203036297044
qwen3-32b,g24cfb_060,CF-,44.550502592860056
qwen3-32b,g24cfb_060,I,99.92569280423135
qwen3-32b,g24cfb_060,W,0.00014945484307555689
qwen3-32b,g24cfb_060,Y0,0.0005864186457222973
qwen3-32b,g24cfb_061,A+,99.99477410498497
qwen3-32b,g24cfb_061,A-,0.015962229059023395
qwen3-32b,g24cfb_061,CF+,54.71389773632083
qwen3-32b,g24cfb_061,CF-,33.55986360212382
qwen3-32b,g24cfb_061,I,44.180826959742
qwen3-32b,g24cfb_061,W,44.11230361019426
qwen3-32b,g24cfb_061,Y0,47.28970260430512
qwen3-32b,g24cfb_062,A+,99.9994273519982
qwen3-32b,g24cfb_062,A-,10.130577202401051
qwen3-32b,g24cfb_062,CF+,44.76744846827378
qwen3-32b,g24cfb_062,CF-,44.47895735479889
qwen3-32b,g24cfb_062,I,74.58418875330204
qwen3-32b,g24cfb_062,W,76.13617605933658
qwen3-32b,g24cfb_062,Y0,81.96875940676088
qwen3-32b,g24cfb_063,A+,99.99972554832394
qwen3-32b,g24cfb_063,A-,88.90163505695685
qwen3-32b,g24cfb_063,CF+,52.35296780383859
qwen3-32b,g24cfb_063,CF-,76.1322800266124
qwen3-32b,g24cfb_063,I,44.448027330562844
qwen3-32b,g24cfb_063,W,44.44441958378483
qwen3-32b,g24cfb_063,Y0,4.886119942872468
qwen3-32b,g24cfb_065,A+,99.99999808174388
qwen3-32b,g24cfb_065,A-,1.1356281228888846e-05
qwen3-32b,g24cfb_065,CF+,44.69942968151107
qwen3-32b,g24cfb_065,CF-,99.99950729107178
qwen3-32b,g24cfb_065,I,99.99996925483094
qwen3-32b,g24cfb_065,W,99.99998633964394
qwen3-32b,g24cfb_065,Y0,99.99998093507658
qwen3-32b,g24cfb_072,A+,99.99999799708999
qwen3-32b,g24cfb_072,A-,0.0004060131417866649
qwen3-32b,g24cfb_072,CF+,44.432335014190436
qwen3-32b,g24cfb_072,CF-,44.44678523918171
qwen3-32b,g24cfb_072,I,44.466269465162284
qwen3-32b,g24cfb_072,W,22.809939800956034
qwen3-32b,g24cfb_072,Y0,19.23784296460451
qwen3-32b,g24cfb_073,A+,99.9999365691487
qwen3-32b,g24cfb_073,A-,0.003798657594459293
qwen3-32b,g24cfb_073,CF+,43.59191724984993
qwen3-32b,g24cfb_073,CF-,44.452567124277856
qwen3-32b,g24cfb_073,I,44.43875095692988
qwen3-32b,g24cfb_073,W,25.763379690540724
qwen3-32b,g24cfb_073,Y0,11.762764719827452
qwen3-32b,g24cfb_074,A+,99.9999724855108
qwen3-32b,g24cfb_074,A-,87.39241112520209
qwen3-32b,g24cfb_074,CF+,35.18956045525042
qwen3-32b,g24cfb_074,CF-,22.24585640528184
qwen3-32b,g24cfb_074,I,55.508428158472555
qwen3-32b,g24cfb_074,W,23.7484910644718
qwen3-32b,g24cfb_074,Y0,69.06949724211711
qwen3-32b,g24cfb_075,A+,99.99999630615247
qwen3-32b,g24cfb_075,A-,0.00013612938836509784
qwen3-32b,g24cfb_075,CF+,44.4949864800769
qwen3-32b,g24cfb_075,CF-,44.48399082074418
qwen3-32b,g24cfb_075,I,46.44002154103961
qwen3-32b,g24cfb_075,W,99.99998709627995
qwen3-32b,g24cfb_075,Y0,99.9999907984148
qwen3-32b,g24cfb_076,A+,99.9999978112423
qwen3-32b,g24cfb_076,A-,0.0005224054960981385
qwen3-32b,g24cfb_076,CF+,7.092518412419578
qwen3-32b,g24cfb_076,CF-,32.09790416149037
qwen3-32b,g24cfb_076,I,99.9746750674313
qwen3-32b,g24cfb_076,W,10.501485380403157
qwen3-32b,g24cfb_076,Y0,11.211602620588925
qwen3-32b,g24cfb_077,A+,99.99999441594117
qwen3-32b,g24cfb_077,A-,0.00547585300892144
qwen3-32b,g24cfb_077,CF+,12.64559623691476
qwen3-32b,g24cfb_077,CF-,0.035337265513335304
qwen3-32b,g24cfb_077,I,0.018920753238724577
qwen3-32b,g24cfb_077,W,0.0029325993749684115
qwen3-32b,g24cfb_077,Y0,0.005460987479225272
qwen3-32b,g24cfb_078,A+,99.99932562769774
qwen3-32b,g24cfb_078,A-,12.36596887428055
qwen3-32b,g24cfb_078,CF+,33.76395495240843
qwen3-32b,g24cfb_078,CF-,0.31061083924717436
qwen3-32b,g24cfb_078,I,55.11205496769517
qwen3-32b,g24cfb_078,W,1.3768462008058586
qwen3-32b,g24cfb_078,Y0,4.9306517171246025
qwen3-32b,g24cfb_080,A+,10.858588972563902
qwen3-32b,g24cfb_080,A-,0.013025983969078194
qwen3-32b,g24cfb_080,CF+,44.85897669158975
qwen3-32b,g24cfb_080,CF-,44.97116195735399
qwen3-32b,g24cfb_080,I,44.446014384599636
qwen3-32b,g24cfb_080,W,44.44763823305872
qwen3-32b,g24cfb_080,Y0,77.58524035609065
qwen3-32b,g24cfb_082,A+,99.99999806674543
qwen3-32b,g24cfb_082,A-,0.0017943746726557807
qwen3-32b,g24cfb_082,CF+,44.391052654157676
qwen3-32b,g24cfb_082,CF-,33.93342211996811
qwen3-32b,g24cfb_082,I,99.99997620859403
qwen3-32b,g24cfb_082,W,7.265438204284887e-05
qwen3-32b,g24cfb_082,Y0,99.99999283791894
qwen3-32b,g24cfb_083,A+,99.99949418332235
qwen3-32b,g24cfb_083,A-,0.004881037416555021
qwen3-32b,g24cfb_083,CF+,45.099008669091845
qwen3-32b,g24cfb_083,CF-,44.4762508508544
qwen3-32b,g24cfb_083,I,38.82885934879064
qwen3-32b,g24cfb_083,W,39.57781696820472
qwen3-32b,g24cfb_083,Y0,20.90369432546146
qwen3-32b,g24cfb_084,A+,99.99999259916213
qwen3-32b,g24cfb_084,A-,0.0018065017567422796
qwen3-32b,g24cfb_084,CF+,24.23850725833882
qwen3-32b,g24cfb_084,CF-,23.461256025404385
qwen3-32b,g24cfb_084,I,3.7844406033965055e-05
qwen3-32b,g24cfb_084,W,7.2092189661923305
qwen3-32b,g24cfb_084,Y0,0.5283790656289816
qwen3-32b,g24cfb_087,A+,99.99999495664514
qwen3-32b,g24cfb_087,A-,2.16871843500835e-05
qwen3-32b,g24cfb_087,CF+,44.53511381801109
qwen3-32b,g24cfb_087,CF-,44.44507352603093
qwen3-32b,g24cfb_087,I,44.44622748861676
qwen3-32b,g24cfb_087,W,0.6737164919679199
qwen3-32b,g24cfb_087,Y0,13.354109024512914
qwen3-32b,g24cfb_088,A+,99.99999816504123
qwen3-32b,g24cfb_088,A-,0.0007969138988770763
qwen3-32b,g24cfb_088,CF+,44.52824267884675
qwen3-32b,g24cfb_088,CF-,44.55170978515418
qwen3-32b,g24cfb_088,I,51.350359900422916
qwen3-32b,g24cfb_088,W,0.5280330123578638
qwen3-32b,g24cfb_088,Y0,7.112658592408447
qwen3-32b,g24cfb_089,A+,99.99976103898015
qwen3-32b,g24cfb_089,A-,0.0022845549136542307
qwen3-32b,g24cfb_089,CF+,20.381882315279363
qwen3-32b,g24cfb_089,CF-,10.342407401823603
qwen3-32b,g24cfb_089,I,9.189062924704904
qwen3-32b,g24cfb_089,W,0.22671514460569162
qwen3-32b,g24cfb_089,Y0,11.636261951402254
qwen3-32b,g24cfb_090,A+,99.99998739002837
qwen3-32b,g24cfb_090,A-,0.0007978209079079386
qwen3-32b,g24cfb_090,CF+,46.8878897615495
qwen3-32b,g24cfb_090,CF-,46.4693884084149
qwen3-32b,g24cfb_090,I,99.99998558303508
qwen3-32b,g24cfb_090,W,99.99999632203159
qwen3-32b,g24cfb_090,Y0,99.99999698090905
qwen3-32b,g24cfb_091,A+,99.99999946412028
qwen3-32b,g24cfb_091,A-,3.3837697331873145e-06
qwen3-32b,g24cfb_091,CF+,44.50167856981466
qwen3-32b,g24cfb_091,CF-,44.45132676842202
qwen3-32b,g24cfb_091,I,44.4462741646731
qwen3-32b,g24cfb_091,W,0.00748219267593695
qwen3-32b,g24cfb_091,Y0,44.44242660783421
qwen3-32b,g24cfb_092,A+,28.158448351530776
qwen3-32b,g24cfb_092,A-,0.02820472710226568
qwen3-32b,g24cfb_092,CF+,31.56362865664668
qwen3-32b,g24cfb_092,CF-,47.22126565767998
qwen3-32b,g24cfb_092,I,97.69915059398755
qwen3-32b,g24cfb_092,W,2.9962193073164065
qwen3-32b,g24cfb_092,Y0,0.6679102018258408
qwen3-32b,g24cfb_093,A+,99.99999487176636
qwen3-32b,g24cfb_093,A-,99.46509912567987
qwen3-32b,g24cfb_093,CF+,71.14872206903355
qwen3-32b,g24cfb_093,CF-,66.54554721239496
qwen3-32b,g24cfb_093,I,95.72967990693854
qwen3-32b,g24cfb_093,W,99.71047909494904
qwen3-32b,g24cfb_093,Y0,52.582034966211005
qwen3-32b,g24cfb_094,A+,99.99999692432203
qwen3-32b,g24cfb_094,A-,0.011487512862948999
qwen3-32b,g24cfb_094,CF+,44.58049151029266
qwen3-32b,g24cfb_094,CF-,44.487565353911265
qwen3-32b,g24cfb_094,I,44.44712336567469
qwen3-32b,g24cfb_094,W,78.27131446951546
qwen3-32b,g24cfb_094,Y0,10.592045945695245
qwen3-32b,g24cfb_098,A+,99.99988698432007
qwen3-32b,g24cfb_098,A-,0.5459368970400322
qwen3-32b,g24cfb_098,CF+,70.30024107772606
qwen3-32b,g24cfb_098,CF-,49.99958510724071
qwen3-32b,g24cfb_098,I,55.6385855962092
qwen3-32b,g24cfb_098,W,55.84616093556196
qwen3-32b,g24cfb_098,Y0,77.7150260679165
qwen3-32b,g24cfb_099,A+,99.99999902347864
qwen3-32b,g24cfb_099,A-,3.3947694424725622e-06
qwen3-32b,g24cfb_099,CF+,44.536859750597664
qwen3-32b,g24cfb_099,CF-,44.49411734722243
qwen3-32b,g24cfb_099,I,44.44731494663353
qwen3-32b,g24cfb_099,W,44.44848238039206
qwen3-32b,g24cfb_099,Y0,7.841298200423779e-06
qwen3-32b,g24cfb_100,A+,99.99999822705072
qwen3-32b,g24cfb_100,A-,9.378115116585368e-05
qwen3-32b,g24cfb_100,CF+,19.280579789076032
qwen3-32b,g24cfb_100,CF-,44.32550516338231
qwen3-32b,g24cfb_100,I,99.42762313022902
qwen3-32b,g24cfb_100,W,1.6474485399109549
qwen3-32b,g24cfb_100,Y0,13.103947031968957
qwen3-32b,g24cfb_101,A+,80.25727355271417
qwen3-32b,g24cfb_101,A-,65.70276755385193
qwen3-32b,g24cfb_101,CF+,0.0008520506470736278
qwen3-32b,g24cfb_101,CF-,15.981012845549653
qwen3-32b,g24cfb_101,I,0.00016201694817801458
qwen3-32b,g24cfb_101,W,0.01677082953629578
qwen3-32b,g24cfb_101,Y0,3.338395907320413e-05
qwen3-32b,g24cfb_102,A+,99.99999887969545
qwen3-32b,g24cfb_102,A-,10.565315213109889
qwen3-32b,g24cfb_102,CF+,44.926253215814214
qwen3-32b,g24cfb_102,CF-,9.984995442175652
qwen3-32b,g24cfb_102,I,0.01674512697391914
qwen3-32b,g24cfb_102,W,44.45131112500716
qwen3-32b,g24cfb_102,Y0,95.11646171735403
qwen3-32b,g24cfb_103,A+,99.99999756303228
qwen3-32b,g24cfb_103,A-,0.013954262376518232
qwen3-32b,g24cfb_103,CF+,26.95754767401099
qwen3-32b,g24cfb_103,CF-,22.31057949102653
qwen3-32b,g24cfb_103,I,91.11895339341311
qwen3-32b,g24cfb_103,W,46.41492292519716
qwen3-32b,g24cfb_103,Y0,28.039785841567365
qwen3-32b,g24cfb_104,A+,99.99999593678832
qwen3-32b,g24cfb_104,A-,99.9999967952591
qwen3-32b,g24cfb_104,CF+,73.25632169292237
qwen3-32b,g24cfb_104,CF-,67.51962168654624
qwen3-32b,g24cfb_104,I,62.63141252976081
qwen3-32b,g24cfb_104,W,11.090220224099292
qwen3-32b,g24cfb_104,Y0,99.95962262152855
qwen3-32b,g24cfb_105,A+,99.99999752983018
qwen3-32b,g24cfb_105,A-,0.0015736963529402155
qwen3-32b,g24cfb_105,CF+,44.44628007176837
qwen3-32b,g24cfb_105,CF-,44.44694124891616
qwen3-32b,g24cfb_105,I,0.1999848204304705
qwen3-32b,g24cfb_105,W,99.99996199973968
qwen3-32b,g24cfb_105,Y0,99.99999712170145
qwen3-32b,g24cfb_108,A+,99.99303574803143
qwen3-32b,g24cfb_108,A-,6.574530970983753e-05
qwen3-32b,g24cfb_108,CF+,87.4446417335017
qwen3-32b,g24cfb_108,CF-,0.07767301859852384
qwen3-32b,g24cfb_108,I,0.021710988257592365
qwen3-32b,g24cfb_108,W,0.0001350587502521184
qwen3-32b,g24cfb_108,Y0,35.659357880293754
qwen3-32b,g24cfb_109,A+,99.99999388442116
qwen3-32b,g24cfb_109,A-,99.999936694039
qwen3-32b,g24cfb_109,CF+,49.999841692765806
qwen3-32b,g24cfb_109,CF-,53.908084655174726
qwen3-32b,g24cfb_109,I,44.592358372885066
qwen3-32b,g24cfb_109,W,57.70711540690911
qwen3-32b,g24cfb_109,Y0,99.99732115007427
qwen3-32b,g24cfb_111,A+,99.99999760310124
qwen3-32b,g24cfb_111,A-,8.228337133695934e-05
qwen3-32b,g24cfb_111,CF+,17.025363583184067
qwen3-32b,g24cfb_111,CF-,43.52154347262809
qwen3-32b,g24cfb_111,I,4.916007872702426
qwen3-32b,g24cfb_111,W,0.0008434834982986163
qwen3-32b,g24cfb_111,Y0,2.0350903349697287
qwen3-32b,g24cfb_112,A+,99.9999977701778
qwen3-32b,g24cfb_112,A-,0.0011096729344494392
qwen3-32b,g24cfb_112,CF+,99.95644835711097
qwen3-32b,g24cfb_112,CF-,99.99943948040132
qwen3-32b,g24cfb_112,I,99.99972822565763
qwen3-32b,g24cfb_112,W,99.99963048797785
qwen3-32b,g24cfb_112,Y0,57.828925871329574
qwen3-32b,g24cfb_113,A+,99.99972806989337
qwen3-32b,g24cfb_113,A-,5.1565808432054974e-05
qwen3-32b,g24cfb_113,CF+,44.451947955806226
qwen3-32b,g24cfb_113,CF-,44.44519183770919
qwen3-32b,g24cfb_113,I,44.443581189291855
qwen3-32b,g24cfb_113,W,44.445876711730115
qwen3-32b,g24cfb_113,Y0,44.43662780738942
qwen3-32b,g24cfb_116,A+,99.99999101879871
qwen3-32b,g24cfb_116,A-,1.5726895526647617e-05
qwen3-32b,g24cfb_116,CF+,44.56618589958028
qwen3-32b,g24cfb_116,CF-,44.51856447252816
qwen3-32b,g24cfb_116,I,44.45720213781876
qwen3-32b,g24cfb_116,W,45.090711959044285
qwen3-32b,g24cfb_116,Y0,2.2929445819324718e-05
qwen3-32b,g24cfb_117,A+,99.99999755548951
qwen3-32b,g24cfb_117,A-,4.99685304116823e-05
qwen3-32b,g24cfb_117,CF+,96.33888451414236
qwen3-32b,g24cfb_117,CF-,99.9988260994577
qwen3-32b,g24cfb_117,I,99.99993228507148
qwen3-32b,g24cfb_117,W,99.99998003097022
qwen3-32b,g24cfb_117,Y0,99.99999593012377
qwen3-32b,g24cfb_121,A+,77.45051087770025
qwen3-32b,g24cfb_121,A-,5.482606150215229
qwen3-32b,g24cfb_121,CF+,44.69247575257097
qwen3-32b,g24cfb_121,CF-,44.447249567773234
qwen3-32b,g24cfb_121,I,44.44203994227607
qwen3-32b,g24cfb_121,W,44.447198235004606
qwen3-32b,g24cfb_121,Y0,55.555835512214514
qwen3-32b,g24cfb_123,A+,99.99999772919747
qwen3-32b,g24cfb_123,A-,0.0018159164753719956
qwen3-32b,g24cfb_123,CF+,51.35748572092254
qwen3-32b,g24cfb_123,CF-,46.4484769809409
qwen3-32b,g24cfb_123,I,46.37919392166693
qwen3-32b,g24cfb_123,W,41.459012061447126
qwen3-32b,g24cfb_123,Y0,10.804328315102177
qwen3-32b,g24cfb_124,A+,99.99999412710453
qwen3-32b,g24cfb_124,A-,5.063658736050269e-05
qwen3-32b,g24cfb_124,CF+,99.99508358639622
qwen3-32b,g24cfb_124,CF-,8.393434641972966
qwen3-32b,g24cfb_124,I,99.66496567957715
qwen3-32b,g24cfb_124,W,2.303317407488247
qwen3-32b,g24cfb_124,Y0,13.31418704737783
qwen3-32b,g24cfb_126,A+,99.99999772797281
qwen3-32b,g24cfb_126,A-,99.99998596446615
qwen3-32b,g24cfb_126,CF+,91.30816753309719
qwen3-32b,g24cfb_126,CF-,21.34607600749753
qwen3-32b,g24cfb_126,I,1.0918954153638169e-05
qwen3-32b,g24cfb_126,W,0.00022723676918013987
qwen3-32b,g24cfb_126,Y0,2.476164009658579
qwen3-32b,g24cfb_127,A+,99.99999804938639
qwen3-32b,g24cfb_127,A-,34.02809585727844
qwen3-32b,g24cfb_127,CF+,44.44799838337068
qwen3-32b,g24cfb_127,CF-,44.4490880460447
qwen3-32b,g24cfb_127,I,99.99997783668657
qwen3-32b,g24cfb_127,W,99.99941716937352
qwen3-32b,g24cfb_127,Y0,0.00010279938951686737
qwen3-32b,g24cfb_128,A+,99.99999937092427
qwen3-32b,g24cfb_128,A-,0.013163192316736523
qwen3-32b,g24cfb_128,CF+,44.58223037248289
qwen3-32b,g24cfb_128,CF-,44.50204335291457
qwen3-32b,g24cfb_128,I,98.9889844658975
qwen3-32b,g24cfb_128,W,78.24746036097314
qwen3-32b,g24cfb_128,Y0,99.99999847526232
qwen3-32b,g24cfb_134,A+,99.99999606073366
qwen3-32b,g24cfb_134,A-,0.002950737650261266
qwen3-32b,g24cfb_134,CF+,75.84223352057481
qwen3-32b,g24cfb_134,CF-,55.51856775127744
qwen3-32b,g24cfb_134,I,71.09857117746412
qwen3-32b,g24cfb_134,W,67.00802256668908
qwen3-32b,g24cfb_134,Y0,78.61280290198468
qwen3-32b,g24cfb_135,A+,99.94711961826755
qwen3-32b,g24cfb_135,A-,0.9886282534506099
qwen3-32b,g24cfb_135,CF+,40.824494807511556
qwen3-32b,g24cfb_135,CF-,19.87560930801798
qwen3-32b,g24cfb_135,I,44.441435123582984
qwen3-32b,g24cfb_135,W,44.44589394789453
qwen3-32b,g24cfb_135,Y0,44.42759454296025
qwen3-32b,g24cfb_136,A+,99.99999054101772
qwen3-32b,g24cfb_136,A-,99.56821347726365
qwen3-32b,g24cfb_136,CF+,44.44082720679359
qwen3-32b,g24cfb_136,CF-,44.3449447764479
qwen3-32b,g24cfb_136,I,44.46887386920919
qwen3-32b,g24cfb_136,W,44.399938552110875
qwen3-32b,g24cfb_136,Y0,18.668011174305946
qwen3-32b,g24cfb_140,A+,87.2600418208537
qwen3-32b,g24cfb_140,A-,0.20038136876882204
qwen3-32b,g24cfb_140,CF+,35.78635259715068
qwen3-32b,g24cfb_140,CF-,44.45634621631021
qwen3-32b,g24cfb_140,I,55.7298009496454
qwen3-32b,g24cfb_140,W,33.525349690858235
qwen3-32b,g24cfb_140,Y0,19.255392890195132
qwen3-32b,g24cfb_141,A+,99.92079688053256
qwen3-32b,g24cfb_141,A-,0.004857276602522597
qwen3-32b,g24cfb_141,CF+,44.447365634037666
qwen3-32b,g24cfb_141,CF-,44.4425547635561
qwen3-32b,g24cfb_141,I,62.5868651839038
qwen3-32b,g24cfb_141,W,0.07567708971795271
qwen3-32b,g24cfb_141,Y0,28.44798209357562
qwen3-32b,g24cfb_142,A+,99.99999707444496
qwen3-32b,g24cfb_142,A-,1.6839154673059336
qwen3-32b,g24cfb_142,CF+,44.44795662691323
qwen3-32b,g24cfb_142,CF-,44.41071243863787
qwen3-32b,g24cfb_142,I,44.517244390002055
qwen3-32b,g24cfb_142,W,44.44496282862562
qwen3-32b,g24cfb_142,Y0,54.23812921466809
qwen3-32b,g24cfb_144,A+,99.99999842475798
qwen3-32b,g24cfb_144,A-,0.03705954557115445
qwen3-32b,g24cfb_144,CF+,44.43545825438494
qwen3-32b,g24cfb_144,CF-,55.49634507889026
qwen3-32b,g24cfb_144,I,41.59063501727635
qwen3-32b,g24cfb_144,W,44.45509175656461
qwen3-32b,g24cfb_144,Y0,63.020622303981845
qwen3-32b,g24cfb_145,A+,99.99999320745019
qwen3-32b,g24cfb_145,A-,0.00017003449819631046
qwen3-32b,g24cfb_145,CF+,44.696472879245185
qwen3-32b,g24cfb_145,CF-,44.57878593596042
qwen3-32b,g24cfb_145,I,99.73410045375857
qwen3-32b,g24cfb_145,W,78.82032517470725
qwen3-32b,g24cfb_145,Y0,98.66651651998072
qwen3-32b,g24cfb_146,A+,99.99999808599662
qwen3-32b,g24cfb_146,A-,0.0005172593375637962
qwen3-32b,g24cfb_146,CF+,44.11521482773412
qwen3-32b,g24cfb_146,CF-,44.445748609865845
qwen3-32b,g24cfb_146,I,74.32241101975163
qwen3-32b,g24cfb_146,W,44.41892655028438
qwen3-32b,g24cfb_146,Y0,99.999997449538
qwen3-32b,g24cfb_147,A+,99.9999954453424
qwen3-32b,g24cfb_147,A-,0.12211700284265269
qwen3-32b,g24cfb_147,CF+,44.63635764298507
qwen3-32b,g24cfb_147,CF-,44.4406761432472
qwen3-32b,g24cfb_147,I,44.44387111981105
qwen3-32b,g24cfb_147,W,44.479526215590624
qwen3-32b,g24cfb_147,Y0,44.38299480847183
qwen3-32b,g24cfb_149,A+,99.86523165300753
qwen3-32b,g24cfb_149,A-,1.3022650665927806e-05
qwen3-32b,g24cfb_149,CF+,44.769680674541746
qwen3-32b,g24cfb_149,CF-,44.644020989581655
qwen3-32b,g24cfb_149,I,2.9605745730517006e-05
qwen3-32b,g24cfb_149,W,0.25745929675100354
qwen3-32b,g24cfb_149,Y0,0.02143041901490563
qwen3-32b,g24cfb_152,A+,60.37830319162234
qwen3-32b,g24cfb_152,A-,6.399950266781526e-05
qwen3-32b,g24cfb_152,CF+,31.712490394494857
qwen3-32b,g24cfb_152,CF-,55.40032668499348
qwen3-32b,g24cfb_152,I,66.64673011028417
qwen3-32b,g24cfb_152,W,44.409962765410576
qwen3-32b,g24cfb_152,Y0,0.0008394539936937265
qwen3-32b,g24cfb_153,A+,99.99999815293245
qwen3-32b,g24cfb_153,A-,0.0007564949560617281
qwen3-32b,g24cfb_153,CF+,44.50015990350505
qwen3-32b,g24cfb_153,CF-,44.48312312388912
qwen3-32b,g24cfb_153,I,94.39725817038024
qwen3-32b,g24cfb_153,W,0.3340352077367835
qwen3-32b,g24cfb_153,Y0,0.0012233550938634365
qwen3-32b,g24cfb_155,A+,99.99999489577266
qwen3-32b,g24cfb_155,A-,0.00027687678556479427
qwen3-32b,g24cfb_155,CF+,53.52365253725751
qwen3-32b,g24cfb_155,CF-,21.631737275484067
qwen3-32b,g24cfb_155,I,55.694834732573796
qwen3-32b,g24cfb_155,W,0.031945249367476634
qwen3-32b,g24cfb_155,Y0,99.99904730564056
qwen3-32b,g24cfb_157,A+,99.99999800231201
qwen3-32b,g24cfb_157,A-,3.150738654390925e-05
qwen3-32b,g24cfb_157,CF+,44.597883556836585
qwen3-32b,g24cfb_157,CF-,44.494850760267894
qwen3-32b,g24cfb_157,I,50.52498327967646
qwen3-32b,g24cfb_157,W,0.0008626167230441026
qwen3-32b,g24cfb_157,Y0,0.005424804805284648
qwen3-32b,g24cfb_158,A+,99.99999826665744
qwen3-32b,g24cfb_158,A-,0.668201079487234
qwen3-32b,g24cfb_158,CF+,1.946181068103026
qwen3-32b,g24cfb_158,CF-,21.404986947263282
qwen3-32b,g24cfb_158,I,42.02783403614705
qwen3-32b,g24cfb_158,W,44.44537289203666
qwen3-32b,g24cfb_158,Y0,44.37551003961315
qwen3-32b,g24cfb_161,A+,99.99999507908923
qwen3-32b,g24cfb_161,A-,0.10810579658105146
qwen3-32b,g24cfb_161,CF+,43.856643565590495
qwen3-32b,g24cfb_161,CF-,64.54987087107115
qwen3-32b,g24cfb_161,I,66.82531143786403
qwen3-32b,g24cfb_161,W,46.471275124358414
qwen3-32b,g24cfb_161,Y0,64.62816095259788
qwen3-32b,g24cfb_163,A+,99.99980370828553
qwen3-32b,g24cfb_163,A-,11.253681475665475
qwen3-32b,g24cfb_163,CF+,40.82909621478223
qwen3-32b,g24cfb_163,CF-,34.95115878292202
qwen3-32b,g24cfb_163,I,55.29358138639111
qwen3-32b,g24cfb_163,W,44.447111386960756
qwen3-32b,g24cfb_163,Y0,34.909554030216626
qwen3-32b,g24cfb_165,A+,99.99997872635919
qwen3-32b,g24cfb_165,A-,2.031869734176458
qwen3-32b,g24cfb_165,CF+,44.73022553553792
qwen3-32b,g24cfb_165,CF-,25.765545510771418
qwen3-32b,g24cfb_165,I,44.44643424468839
qwen3-32b,g24cfb_165,W,44.44704668006284
qwen3-32b,g24cfb_165,Y0,44.522138992795135
qwen3-32b,g24cfb_168,A+,99.99998983519377
qwen3-32b,g24cfb_168,A-,9.388676074553992e-05
qwen3-32b,g24cfb_168,CF+,43.531151138061134
qwen3-32b,g24cfb_168,CF-,44.47490705887207
qwen3-32b,g24cfb_168,I,19.753077247260414
qwen3-32b,g24cfb_168,W,12.166778366976887
qwen3-32b,g24cfb_168,Y0,11.0585384172822
qwen3-32b,g24cfb_169,A+,99.99999745295254
qwen3-32b,g24cfb_169,A-,99.87209250107281
qwen3-32b,g24cfb_169,CF+,19.408362134002246
qwen3-32b,g24cfb_169,CF-,22.21074539021744
qwen3-32b,g24cfb_169,I,1.6716875377967133
qwen3-32b,g24cfb_169,W,10.207073892289868
qwen3-32b,g24cfb_169,Y0,11.280048718381973
qwen3-32b,g24cfb_170,A+,99.99999766929095
qwen3-32b,g24cfb_170,A-,0.00015927194572745035
qwen3-32b,g24cfb_170,CF+,44.58095661989976
qwen3-32b,g24cfb_170,CF-,44.50767172917429
qwen3-32b,g24cfb_170,I,99.99999689643856
qwen3-32b,g24cfb_170,W,99.99997432876054
qwen3-32b,g24cfb_170,Y0,99.99998686020446
qwen3-32b,g24cfb_172,A+,99.99999797193205
qwen3-32b,g24cfb_172,A-,1.639247785681787e-05
qwen3-32b,g24cfb_172,CF+,55.838330414663204
qwen3-32b,g24cfb_172,CF-,10.722420863188024
qwen3-32b,g24cfb_172,I,99.99999645773445
qwen3-32b,g24cfb_172,W,99.9999861930084
qwen3-32b,g24cfb_172,Y0,99.99999381439919
qwen3-32b,g24cfb_173,A+,99.99999891098291
qwen3-32b,g24cfb_173,A-,0.09786245738245201
qwen3-32b,g24cfb_173,CF+,44.5352674077125
qwen3-32b,g24cfb_173,CF-,84.08255739629492
qwen3-32b,g24cfb_173,I,44.45725970441679
qwen3-32b,g24cfb_173,W,44.51832829653102
qwen3-32b,g24cfb_173,Y0,33.17249789984816
qwen3-32b,g24cfb_174,A+,99.99999426515264
qwen3-32b,g24cfb_174,A-,25.689009974458074
qwen3-32b,g24cfb_174,CF+,44.487823369482186
qwen3-32b,g24cfb_174,CF-,44.44701345193772
qwen3-32b,g24cfb_174,I,44.44237837695004
qwen3-32b,g24cfb_174,W,44.44182747255278
qwen3-32b,g24cfb_174,Y0,43.18262621686175
qwen3-32b,g24cfb_176,A+,99.99999843715378
qwen3-32b,g24cfb_176,A-,0.0006859564060202348
qwen3-32b,g24cfb_176,CF+,44.518279430465334
qwen3-32b,g24cfb_176,CF-,5.579046804367887
qwen3-32b,g24cfb_176,I,3.10433520366916e-05
qwen3-32b,g24cfb_176,W,4.98797203338776e-05
qwen3-32b,g24cfb_176,Y0,0.22705344309068407
qwen3-32b,g24cfb_177,A+,99.99999622521926
qwen3-32b,g24cfb_177,A-,8.523781957614805e-06
qwen3-32b,g24cfb_177,CF+,44.69898236053652
qwen3-32b,g24cfb_177,CF-,44.45308222219356
qwen3-32b,g24cfb_177,I,44.44096546246661
qwen3-32b,g24cfb_177,W,21.59222823292839
qwen3-32b,g24cfb_177,Y0,86.99466914561579
qwen3-32b,g24cfb_178,A+,99.9995531780843
qwen3-32b,g24cfb_178,A-,0.00015243264014347063
qwen3-32b,g24cfb_178,CF+,20.33218136912446
qwen3-32b,g24cfb_178,CF-,53.52092579005521
qwen3-32b,g24cfb_178,I,77.71554539587585
qwen3-32b,g24cfb_178,W,55.69533575538451
qwen3-32b,g24cfb_178,Y0,9.510590023591185
qwen3-32b,g24cfb_179,A+,86.08449766025765
qwen3-32b,g24cfb_179,A-,33.78564397415212
qwen3-32b,g24cfb_179,CF+,54.50919745821671
qwen3-32b,g24cfb_179,CF-,68.98731123176921
qwen3-32b,g24cfb_179,I,67.61884133335626
qwen3-32b,g24cfb_179,W,44.47108986664437
qwen3-32b,g24cfb_179,Y0,97.49590169194803
qwen3-32b,g24cfb_180,A+,99.99999624087306
qwen3-32b,g24cfb_180,A-,0.0002495949201199786
qwen3-32b,g24cfb_180,CF+,98.62683569459901
qwen3-32b,g24cfb_180,CF-,45.74537351314615
qwen3-32b,g24cfb_180,I,99.99988445899265
qwen3-32b,g24cfb_180,W,99.98494204130094
qwen3-32b,g24cfb_180,Y0,99.99994601479344
qwen3-32b,g24cfb_181,A+,99.99999527070577
qwen3-32b,g24cfb_181,A-,6.285837385268179e-06
qwen3-32b,g24cfb_181,CF+,99.99875358355888
qwen3-32b,g24cfb_181,CF-,44.44642021333645
qwen3-32b,g24cfb_181,I,1.4729108468380708e-05
qwen3-32b,g24cfb_181,W,3.694177005625163e-05
qwen3-32b,g24cfb_181,Y0,1.9384730267782937e-05
qwen3-32b,g24cfb_182,A+,99.99998741362991
qwen3-32b,g24cfb_182,A-,5.310886731955833e-06
qwen3-32b,g24cfb_182,CF+,99.99924691242236
qwen3-32b,g24cfb_182,CF-,99.88438723834537
qwen3-32b,g24cfb_182,I,99.93909659455369
qwen3-32b,g24cfb_182,W,99.97846246960552
qwen3-32b,g24cfb_182,Y0,0.0011080587367083602
qwen3-32b,g24cfb_183,A+,99.99999742451283
qwen3-32b,g24cfb_183,A-,4.480781297573782e-06
qwen3-32b,g24cfb_183,CF+,44.4555478151386
qwen3-32b,g24cfb_183,CF-,44.47539488679554
qwen3-32b,g24cfb_183,I,7.6666882754231e-05
qwen3-32b,g24cfb_183,W,1.1015066212459335e-05
qwen3-32b,g24cfb_183,Y0,1.7169688518621302e-05
qwen3-32b,g24cfb_185,A+,99.99998369981346
qwen3-32b,g24cfb_185,A-,0.6730302956596314
qwen3-32b,g24cfb_185,CF+,48.59664115267244
qwen3-32b,g24cfb_185,CF-,98.47375519193147
qwen3-32b,g24cfb_185,I,99.99995697925016
qwen3-32b,g24cfb_185,W,99.91129912024387
qwen3-32b,g24cfb_185,Y0,99.99996624463887
qwen3-32b,g24cfb_188,A+,91.67703803775574
qwen3-32b,g24cfb_188,A-,0.09533349394798987
qwen3-32b,g24cfb_188,CF+,44.44514796949115
qwen3-32b,g24cfb_188,CF-,44.445827389194164
qwen3-32b,g24cfb_188,I,0.09209901357716423
qwen3-32b,g24cfb_188,W,0.003496286393728202
qwen3-32b,g24cfb_188,Y0,0.00017953193194966214
qwen3-32b,g24cfb_189,A+,99.99999242539518
qwen3-32b,g24cfb_189,A-,0.0010888277613783836
qwen3-32b,g24cfb_189,CF+,44.45307946042695
qwen3-32b,g24cfb_189,CF-,23.54596229237821
qwen3-32b,g24cfb_189,I,44.459879515474114
qwen3-32b,g24cfb_189,W,44.44700496768417
qwen3-32b,g24cfb_189,Y0,38.81970413134653
qwen3-32b,g24cfb_190,A+,99.99999762798114
qwen3-32b,g24cfb_190,A-,0.0001687292478470922
qwen3-32b,g24cfb_190,CF+,44.451961611138145
qwen3-32b,g24cfb_190,CF-,44.51780261536061
qwen3-32b,g24cfb_190,I,46.05123820459744
qwen3-32b,g24cfb_190,W,44.96011733893336
qwen3-32b,g24cfb_190,Y0,18.662246306373305
qwen3-32b,g24cfb_191,A+,99.99999770029977
qwen3-32b,g24cfb_191,A-,0.02750374916788906
qwen3-32b,g24cfb_191,CF+,44.519290618948105
qwen3-32b,g24cfb_191,CF-,44.52834045262587
qwen3-32b,g24cfb_191,I,74.16191744377197
qwen3-32b,g24cfb_191,W,99.9916435106048
qwen3-32b,g24cfb_191,Y0,99.99998967307627
qwen3-32b,g24cfb_192,A+,99.99999595529951
qwen3-32b,g24cfb_192,A-,0.017125163676306593
qwen3-32b,g24cfb_192,CF+,55.96461927188713
qwen3-32b,g24cfb_192,CF-,47.99764591637684
qwen3-32b,g24cfb_192,I,99.98657036170793
qwen3-32b,g24cfb_192,W,99.9995505244176
qwen3-32b,g24cfb_192,Y0,99.87780326659177
qwen3-32b,g24cfb_195,A+,99.99999648997243
qwen3-32b,g24cfb_195,A-,0.0007728667612755916
qwen3-32b,g24cfb_195,CF+,44.437715143158634
qwen3-32b,g24cfb_195,CF-,99.98395092862643
qwen3-32b,g24cfb_195,I,98.64781820558125
qwen3-32b,g24cfb_195,W,99.93946367361008
qwen3-32b,g24cfb_195,Y0,99.51526849786256
qwen3-32b,g24cfb_196,A+,99.9997289133482
qwen3-32b,g24cfb_196,A-,0.002363728181943771
qwen3-32b,g24cfb_196,CF+,57.99172064945052
qwen3-32b,g24cfb_196,CF-,51.98385928312607
qwen3-32b,g24cfb_196,I,77.84958236759903
qwen3-32b,g24cfb_196,W,51.34321642280189
qwen3-32b,g24cfb_196,Y0,70.61795299618089
qwen3-32b,g24cfb_197,A+,99.99996744889131
qwen3-32b,g24cfb_197,A-,9.786974802850533
qwen3-32b,g24cfb_197,CF+,44.45390069340678
qwen3-32b,g24cfb_197,CF-,44.45932145982536
qwen3-32b,g24cfb_197,I,44.44562409225859
qwen3-32b,g24cfb_197,W,66.2701305051416
qwen3-32b,g24cfb_197,Y0,53.53360904895894
qwen3-32b,g24cfb_198,A+,99.99999717369353
qwen3-32b,g24cfb_198,A-,99.9994247821946
qwen3-32b,g24cfb_198,CF+,36.51292167278507
qwen3-32b,g24cfb_198,CF-,43.692145756583685
qwen3-32b,g24cfb_198,I,55.899529531914865
qwen3-32b,g24cfb_198,W,0.007475335737883488
qwen3-32b,g24cfb_198,Y0,99.99669158915239
qwen3-32b,g24cfb_200,A+,99.99996408994433
qwen3-32b,g24cfb_200,A-,0.002819311173892536
qwen3-32b,g24cfb_200,CF+,54.5405899508987
qwen3-32b,g24cfb_200,CF-,17.374937001179706
qwen3-32b,g24cfb_200,I,75.43249469007165
qwen3-32b,g24cfb_200,W,99.99106162735052
qwen3-32b,g24cfb_200,Y0,99.99999448660672
qwen3-32b,g24cfb_201,A+,99.9999980974193
qwen3-32b,g24cfb_201,A-,4.294992239482008e-05
qwen3-32b,g24cfb_201,CF+,53.07971716724987
qwen3-32b,g24cfb_201,CF-,55.15667877975607
qwen3-32b,g24cfb_201,I,44.434455280016515
qwen3-32b,g24cfb_201,W,99.12343205227374
qwen3-32b,g24cfb_201,Y0,19.240754312863203
qwen3-32b,g24cfb_202,A+,99.99995236572737
qwen3-32b,g24cfb_202,A-,23.371493855975174
qwen3-32b,g24cfb_202,CF+,40.258990914496124
qwen3-32b,g24cfb_202,CF-,44.27418766136946
qwen3-32b,g24cfb_202,I,44.44600774195956
qwen3-32b,g24cfb_202,W,7.656964249311533
qwen3-32b,g24cfb_202,Y0,0.12962196552482375
qwen3-32b,g24cfb_203,A+,99.99999768209166
qwen3-32b,g24cfb_203,A-,4.867548490724506e-05
qwen3-32b,g24cfb_203,CF+,44.85845783974846
qwen3-32b,g24cfb_203,CF-,82.5844154704883
qwen3-32b,g24cfb_203,I,99.99373045187252
qwen3-32b,g24cfb_203,W,44.151663344644234
qwen3-32b,g24cfb_203,Y0,32.641706240913926
qwen3-32b,g24cfb_206,A+,99.99999806909742
qwen3-32b,g24cfb_206,A-,2.2810076953675928e-05
qwen3-32b,g24cfb_206,CF+,44.45425271078764
qwen3-32b,g24cfb_206,CF-,44.448022976508376
qwen3-32b,g24cfb_206,I,44.44664174064347
qwen3-32b,g24cfb_206,W,3.4408816424649652e-06
qwen3-32b,g24cfb_206,Y0,3.0056466538543134e-06
qwen3-32b,g24cfb_207,A+,99.99998187641181
qwen3-32b,g24cfb_207,A-,96.83544115107118
qwen3-32b,g24cfb_207,CF+,48.60666921066593
qwen3-32b,g24cfb_207,CF-,43.062469224539356
qwen3-32b,g24cfb_207,I,44.44228781841901
qwen3-32b,g24cfb_207,W,11.603193220674862
qwen3-32b,g24cfb_207,Y0,95.47106021589627
qwen3-32b,g24cfb_208,A+,99.99998403274901
qwen3-32b,g24cfb_208,A-,0.0011108437762942713
qwen3-32b,g24cfb_208,CF+,44.509880062093416
qwen3-32b,g24cfb_208,CF-,44.447507995941045
qwen3-32b,g24cfb_208,I,99.11868886651037
qwen3-32b,g24cfb_208,W,19.976997063272236
qwen3-32b,g24cfb_208,Y0,0.0009714554806490178
qwen3-32b,g24cfb_210,A+,99.99999271873656
qwen3-32b,g24cfb_210,A-,99.9830117280803
qwen3-32b,g24cfb_210,CF+,44.578454988625
qwen3-32b,g24cfb_210,CF-,44.537269788534005
qwen3-32b,g24cfb_210,I,44.44967023225307
qwen3-32b,g24cfb_210,W,50.68484640690521
qwen3-32b,g24cfb_210,Y0,54.79725779841377
qwen3-32b,g24cfb_211,A+,99.9999814688567
qwen3-32b,g24cfb_211,A-,99.99997023138641
qwen3-32b,g24cfb_211,CF+,25.701001092800947
qwen3-32b,g24cfb_211,CF-,32.703354589210015
qwen3-32b,g24cfb_211,I,57.974954406348985
qwen3-32b,g24cfb_211,W,29.807270810451264
qwen3-32b,g24cfb_211,Y0,2.5081914586841636
qwen3-32b,g24cfb_212,A+,99.97855663743991
qwen3-32b,g24cfb_212,A-,0.002925527986517156
qwen3-32b,g24cfb_212,CF+,0.02431562755833962
qwen3-32b,g24cfb_212,CF-,0.051264058054023905
qwen3-32b,g24cfb_212,I,0.031286510210334795
qwen3-32b,g24cfb_212,W,0.03531661930511855
qwen3-32b,g24cfb_212,Y0,0.07438460549442494
qwen3-32b,g24cfb_213,A+,99.99999657838282
qwen3-32b,g24cfb_213,A-,1.2676705406296133e-05
qwen3-32b,g24cfb_213,CF+,44.44684778458261
qwen3-32b,g24cfb_213,CF-,44.4496643597678
qwen3-32b,g24cfb_213,I,3.178763508157887e-06
qwen3-32b,g24cfb_213,W,1.3245335046107031e-05
qwen3-32b,g24cfb_213,Y0,8.545231782739305e-06
qwen3-32b,g24cfb_216,A+,99.99999904703252
qwen3-32b,g24cfb_216,A-,0.004912137931491965
qwen3-32b,g24cfb_216,CF+,64.74963457944723
qwen3-32b,g24cfb_216,CF-,33.916410825116024
qwen3-32b,g24cfb_216,I,44.49062443445354
qwen3-32b,g24cfb_216,W,45.50381006199484
qwen3-32b,g24cfb_216,Y0,11.777021211163888
qwen3-32b,g24cfb_217,A+,99.99999597392407
qwen3-32b,g24cfb_217,A-,0.0003148968412856168
qwen3-32b,g24cfb_217,CF+,0.026072513402587413
qwen3-32b,g24cfb_217,CF-,0.000511854649399206
qwen3-32b,g24cfb_217,I,4.861703756119759e-05
qwen3-32b,g24cfb_217,W,2.7663919050098014e-05
qwen3-32b,g24cfb_217,Y0,0.00011919929163815851
qwen3-32b,g24cfb_218,A+,99.99999612660748
qwen3-32b,g24cfb_218,A-,2.369187993878922e-05
qwen3-32b,g24cfb_218,CF+,44.45025800604
qwen3-32b,g24cfb_218,CF-,0.00019945117219278535
qwen3-32b,g24cfb_218,I,0.00011757115417382186
qwen3-32b,g24cfb_218,W,3.903059624881954e-05
qwen3-32b,g24cfb_218,Y0,3.218483080693819e-05
qwen3-32b,g24cfb_219,A+,99.9999964656865
qwen3-32b,g24cfb_219,A-,0.2559946130092194
qwen3-32b,g24cfb_219,CF+,44.457827942504636
qwen3-32b,g24cfb_219,CF-,44.44605688706619
qwen3-32b,g24cfb_219,I,79.825593491407
qwen3-32b,g24cfb_219,W,0.5486413928986618
qwen3-32b,g24cfb_219,Y0,2.5551315651197775
qwen3-32b,g24cfb_222,A+,99.99998665326194
qwen3-32b,g24cfb_222,A-,0.0008492589102975247
qwen3-32b,g24cfb_222,CF+,44.460930964759626
qwen3-32b,g24cfb_222,CF-,3.5676691082554077
qwen3-32b,g24cfb_222,I,44.46575065868524
qwen3-32b,g24cfb_222,W,34.380148745051606
qwen3-32b,g24cfb_222,Y0,47.9552610207972
qwen3-32b,g24cfb_223,A+,99.99998953045368
qwen3-32b,g24cfb_223,A-,0.003166709321691682
qwen3-32b,g24cfb_223,CF+,34.52571710511549
qwen3-32b,g24cfb_223,CF-,43.93772419329342
qwen3-32b,g24cfb_223,I,6.287974876009476
qwen3-32b,g24cfb_223,W,55.968573289539755
qwen3-32b,g24cfb_223,Y0,73.97469855961033
qwen3-32b,g24cfb_224,A+,72.02737853199139
qwen3-32b,g24cfb_224,A-,0.00041021479331993443
qwen3-32b,g24cfb_224,CF+,44.44254687657261
qwen3-32b,g24cfb_224,CF-,44.50189867457338
qwen3-32b,g24cfb_224,I,45.36476968803277
qwen3-32b,g24cfb_224,W,32.369760172312404
qwen3-32b,g24cfb_224,Y0,0.41617380872141085
qwen3-32b,g24cfb_226,A+,99.99437722237103
qwen3-32b,g24cfb_226,A-,0.00013412936870375403
qwen3-32b,g24cfb_226,CF+,38.898257305904565
qwen3-32b,g24cfb_226,CF-,53.536268082132494
qwen3-32b,g24cfb_226,I,78.20505121897133
qwen3-32b,g24cfb_226,W,19.30064485015531
qwen3-32b,g24cfb_226,Y0,99.99708997726948
qwen3-32b,g24cfb_227,A+,99.99999726269748
qwen3-32b,g24cfb_227,A-,0.00017889102599806875
qwen3-32b,g24cfb_227,CF+,44.59863029004902
qwen3-32b,g24cfb_227,CF-,43.78913266035968
qwen3-32b,g24cfb_227,I,44.44578317567826
qwen3-32b,g24cfb_227,W,99.98153708583442
qwen3-32b,g24cfb_227,Y0,92.62028033015501
qwen3-32b,g24cfb_228,A+,99.99942725417992
qwen3-32b,g24cfb_228,A-,40.579311555347594
qwen3-32b,g24cfb_228,CF+,44.39915612186778
qwen3-32b,g24cfb_228,CF-,44.85855229489752
qwen3-32b,g24cfb_228,I,44.44619459025131
qwen3-32b,g24cfb_228,W,41.96951630455502
qwen3-32b,g24cfb_228,Y0,54.497179673556126
qwen3-32b,g24cfb_229,A+,99.99999603680237
qwen3-32b,g24cfb_229,A-,3.8521889142689264e-05
qwen3-32b,g24cfb_229,CF+,0.41507182490372024
qwen3-32b,g24cfb_229,CF-,0.058071437838591956
qwen3-32b,g24cfb_229,I,0.024322483361493237
qwen3-32b,g24cfb_229,W,0.0037556519776373565
qwen3-32b,g24cfb_229,Y0,0.00014675432998821657
qwen3-32b,g24cfb_230,A+,99.99999560936011
qwen3-32b,g24cfb_230,A-,99.99985326201048
qwen3-32b,g24cfb_230,CF+,44.471648905973154
qwen3-32b,g24cfb_230,CF-,44.448845595841775
qwen3-32b,g24cfb_230,I,44.46395800390316
qwen3-32b,g24cfb_230,W,47.400220434149965
qwen3-32b,g24cfb_230,Y0,33.702643151641155
qwen3-32b,g24cfb_231,A+,99.99964086090341
qwen3-32b,g24cfb_231,A-,0.0030520953124236784
qwen3-32b,g24cfb_231,CF+,1.7520516039627045
qwen3-32b,g24cfb_231,CF-,0.027604089914676097
qwen3-32b,g24cfb_231,I,0.01708162922556538
qwen3-32b,g24cfb_231,W,0.05837851236744995
qwen3-32b,g24cfb_231,Y0,0.03539566584340088
qwen3-32b,g24cfb_232,A+,99.97363703665184
qwen3-32b,g24cfb_232,A-,99.98334936420049
qwen3-32b,g24cfb_232,CF+,0.02146772178874078
qwen3-32b,g24cfb_232,CF-,0.4157134403784781
qwen3-32b,g24cfb_232,I,4.076181998216019e-05
qwen3-32b,g24cfb_232,W,0.00010340609309466398
qwen3-32b,g24cfb_232,Y0,0.0001799928082089088
qwen3-32b,g24cfb_233,A+,99.99999731650624
qwen3-32b,g24cfb_233,A-,0.00010752200756985362
qwen3-32b,g24cfb_233,CF+,44.493686062471305
qwen3-32b,g24cfb_233,CF-,44.45179778403777
qwen3-32b,g24cfb_233,I,44.45289644442978
qwen3-32b,g24cfb_233,W,99.99998426287955
qwen3-32b,g24cfb_233,Y0,99.99999523529308
qwen3-32b,g24cfb_234,A+,57.51241414452349
qwen3-32b,g24cfb_234,A-,34.193616364603
qwen3-32b,g24cfb_234,CF+,55.55263899758957
qwen3-32b,g24cfb_234,CF-,55.978247614198985
qwen3-32b,g24cfb_234,I,96.75712840897535
qwen3-32b,g24cfb_234,W,0.3273529319367772
qwen3-32b,g24cfb_234,Y0,0.01670706725827832
qwen3-32b,g24cfb_236,A+,99.99999278827514
qwen3-32b,g24cfb_236,A-,11.023533523912157
qwen3-32b,g24cfb_236,CF+,46.45326585209033
qwen3-32b,g24cfb_236,CF-,76.21487366351116
qwen3-32b,g24cfb_236,I,98.53420174229574
qwen3-32b,g24cfb_236,W,99.99980573661588
qwen3-32b,g24cfb_236,Y0,99.15435308960657
qwen3-32b,g24cfb_237,A+,99.9999839057917
qwen3-32b,g24cfb_237,A-,96.9906186595392
qwen3-32b,g24cfb_237,CF+,44.610531027306706
qwen3-32b,g24cfb_237,CF-,55.555383624667364
qwen3-32b,g24cfb_237,I,99.94849259941536
qwen3-32b,g24cfb_237,W,98.85987541954101
qwen3-32b,g24cfb_237,Y0,99.99842498866481
qwen3-32b,g24cfb_239,A+,99.93298300843702
qwen3-32b,g24cfb_239,A-,0.00022920741556049258
qwen3-32b,g24cfb_239,CF+,54.236049821546075
qwen3-32b,g24cfb_239,CF-,44.37606341772268
qwen3-32b,g24cfb_239,I,44.45722433116659
qwen3-32b,g24cfb_239,W,45.439172429227824
qwen3-32b,g24cfb_239,Y0,12.039591672766946
qwen3-32b,g24cfb_240,A+,99.99999830986833
qwen3-32b,g24cfb_240,A-,99.99704360722835
qwen3-32b,g24cfb_240,CF+,44.483265126731
qwen3-32b,g24cfb_240,CF-,44.64410524428345
qwen3-32b,g24cfb_240,I,59.30420334927506
qwen3-32b,g24cfb_240,W,99.99976408392006
qwen3-32b,g24cfb_240,Y0,99.99998495127932
qwen3-32b,g24cfb_245,A+,54.74530738367717
qwen3-32b,g24cfb_245,A-,34.11772558843838
qwen3-32b,g24cfb_245,CF+,44.46477115458712
qwen3-32b,g24cfb_245,CF-,75.7467628927539
qwen3-32b,g24cfb_245,I,65.62102936059958
qwen3-32b,g24cfb_245,W,90.2204052447762
qwen3-32b,g24cfb_245,Y0,78.00794199303272
qwen3-32b,g24cfb_246,A+,99.99999759713465
qwen3-32b,g24cfb_246,A-,99.99999781235047
qwen3-32b,g24cfb_246,CF+,44.45406657470846
qwen3-32b,g24cfb_246,CF-,44.447693331009546
qwen3-32b,g24cfb_246,I,26.71766050416734
qwen3-32b,g24cfb_246,W,36.730521605971795
qwen3-32b,g24cfb_246,Y0,22.22220213654271
qwen3-32b,g24cfb_248,A+,99.99999377481018
qwen3-32b,g24cfb_248,A-,7.6135168932266915
qwen3-32b,g24cfb_248,CF+,44.490998007386324
qwen3-32b,g24cfb_248,CF-,44.445198333668785
qwen3-32b,g24cfb_248,I,55.409193409366736
qwen3-32b,g24cfb_248,W,31.703998243750775
qwen3-32b,g24cfb_248,Y0,22.035280738992974
qwen3-32b,g24cfb_249,A+,99.9967365768625
qwen3-32b,g24cfb_249,A-,0.000148361124738226
qwen3-32b,g24cfb_249,CF+,10.608416619263203
qwen3-32b,g24cfb_249,CF-,4.868488798702091
qwen3-32b,g24cfb_249,I,2.423251726141097e-05
qwen3-32b,g24cfb_249,W,0.12213161182521241
qwen3-32b,g24cfb_249,Y0,8.647918695636057e-05
qwen3-32b,g24cfb_250,A+,99.99823628645511
qwen3-32b,g24cfb_250,A-,0.8504250487037202
qwen3-32b,g24cfb_250,CF+,21.66208338710257
qwen3-32b,g24cfb_250,CF-,1.8177890074410152
qwen3-32b,g24cfb_250,I,31.7240607763148
qwen3-32b,g24cfb_250,W,14.097431438597027
qwen3-32b,g24cfb_250,Y0,33.33026549985781
qwen3-32b,g24cfb_253,A+,0.0020601553947102685
qwen3-32b,g24cfb_253,A-,99.99999654803648
qwen3-32b,g24cfb_253,CF+,34.520257516262646
qwen3-32b,g24cfb_253,CF-,56.06864540525063
qwen3-32b,g24cfb_253,I,5.01473876901846e-05
qwen3-32b,g24cfb_253,W,1.614058965766257e-05
qwen3-32b,g24cfb_253,Y0,0.00010459230329467318
qwen3-32b,g24cfb_254,A+,99.99999914326683
qwen3-32b,g24cfb_254,A-,0.00052998776807266
qwen3-32b,g24cfb_254,CF+,99.97158748974165
qwen3-32b,g24cfb_254,CF-,99.97751314314682
qwen3-32b,g24cfb_254,I,99.99998971649086
qwen3-32b,g24cfb_254,W,99.99991713103687
qwen3-32b,g24cfb_254,Y0,99.99999752563984
qwen3-32b,g24cfb_255,A+,99.99999828238585
qwen3-32b,g24cfb_255,A-,0.00021943305158046345
qwen3-32b,g24cfb_255,CF+,98.32842334320202
qwen3-32b,g24cfb_255,CF-,99.99933697283387
qwen3-32b,g24cfb_255,I,99.997412433065
qwen3-32b,g24cfb_255,W,99.99995227400858
qwen3-32b,g24cfb_255,Y0,89.11923588203236
qwen3-32b,g24cfb_256,A+,87.81278694138001
qwen3-32b,g24cfb_256,A-,78.51488824072426
qwen3-32b,g24cfb_256,CF+,57.05751676997826
qwen3-32b,g24cfb_256,CF-,70.51629927495499
qwen3-32b,g24cfb_256,I,99.97218940741723
qwen3-32b,g24cfb_256,W,99.97556232663509
qwen3-32b,g24cfb_256,Y0,99.93428500300458
qwen3-32b,g24cfb_258,A+,99.99999632304359
qwen3-32b,g24cfb_258,A-,99.99992702250985
qwen3-32b,g24cfb_258,CF+,11.811512751268442
qwen3-32b,g24cfb_258,CF-,3.545563417636562e-05
qwen3-32b,g24cfb_258,I,4.8255135989111185e-05
qwen3-32b,g24cfb_258,W,2.3127375235979567e-05
qwen3-32b,g24cfb_258,Y0,0.000292244581147917
qwen3-32b,g24cfb_259,A+,99.99385259569692
qwen3-32b,g24cfb_259,A-,0.0010882026687524813
qwen3-32b,g24cfb_259,CF+,0.04527209817012382
qwen3-32b,g24cfb_259,CF-,1.3250722949978264
qwen3-32b,g24cfb_259,I,0.027586957338125623
qwen3-32b,g24cfb_259,W,0.3259751348341109
qwen3-32b,g24cfb_259,Y0,3.5650458400961873
qwen3-32b,g24cfb_260,A+,99.99999576337869
qwen3-32b,g24cfb_260,A-,0.0002810124802730723
qwen3-32b,g24cfb_260,CF+,99.99949109408485
qwen3-32b,g24cfb_260,CF-,99.9965227504524
qwen3-32b,g24cfb_260,I,99.99999763205909
qwen3-32b,g24cfb_260,W,99.9999244048005
qwen3-32b,g24cfb_260,Y0,65.8626990675531
qwen3-32b,g24cfb_261,A+,99.99998843434224
qwen3-32b,g24cfb_261,A-,0.03527535403904124
qwen3-32b,g24cfb_261,CF+,44.44686821906229
qwen3-32b,g24cfb_261,CF-,44.46544704168137
qwen3-32b,g24cfb_261,I,11.717312574491096
qwen3-32b,g24cfb_261,W,17.6530144680264
qwen3-32b,g24cfb_261,Y0,11.34813050823971
qwen3-32b,g24cfb_262,A+,99.99989947490951
qwen3-32b,g24cfb_262,A-,0.0008072411633814716
qwen3-32b,g24cfb_262,CF+,44.521774490972334
qwen3-32b,g24cfb_262,CF-,27.762851452756472
qwen3-32b,g24cfb_262,I,0.011909253598138467
qwen3-32b,g24cfb_262,W,0.02171593573594387
qwen3-32b,g24cfb_262,Y0,0.1228693710429017
qwen3-32b,g24cfb_263,A+,99.99999325879315
qwen3-32b,g24cfb_263,A-,23.31061434830203
qwen3-32b,g24cfb_263,CF+,52.563819929939825
qwen3-32b,g24cfb_263,CF-,47.4254923675617
qwen3-32b,g24cfb_263,I,76.9680873114651
qwen3-32b,g24cfb_263,W,23.886063298280526
qwen3-32b,g24cfb_263,Y0,0.22936614671513741
qwen3-32b,g24cfb_264,A+,99.9999902152366
qwen3-32b,g24cfb_264,A-,3.7243626285912544e-05
qwen3-32b,g24cfb_264,CF+,45.107501157178355
qwen3-32b,g24cfb_264,CF-,44.85593429713609
qwen3-32b,g24cfb_264,I,44.446918044639126
qwen3-32b,g24cfb_264,W,2.7338062643863304e-05
qwen3-32b,g24cfb_264,Y0,6.454404773351209e-05
qwen3-32b,g24cfb_265,A+,99.99989030984023
qwen3-32b,g24cfb_265,A-,3.165540209960017e-06
qwen3-32b,g24cfb_265,CF+,53.528929450402835
qwen3-32b,g24cfb_265,CF-,0.0003668168236583425
qwen3-32b,g24cfb_265,I,1.0662970169662828e-05
qwen3-32b,g24cfb_265,W,1.1249650248050678e-05
qwen3-32b,g24cfb_265,Y0,9.749340824944586e-06
qwen3-32b,g24cfb_269,A+,99.9999972959506
qwen3-32b,g24cfb_269,A-,0.0002799472765922339
qwen3-32b,g24cfb_269,CF+,44.45794176211072
qwen3-32b,g24cfb_269,CF-,44.622266606684995
qwen3-32b,g24cfb_269,I,44.37730756685258
qwen3-32b,g24cfb_269,W,1.6657452444264262
qwen3-32b,g24cfb_269,Y0,42.010713969973885
qwen3-32b,g24cfb_270,A+,99.99999651361179
qwen3-32b,g24cfb_270,A-,0.0008570814157221608
qwen3-32b,g24cfb_270,CF+,99.99563078602436
qwen3-32b,g24cfb_270,CF-,11.406515455400045
qwen3-32b,g24cfb_270,I,99.99996259121734
qwen3-32b,g24cfb_270,W,99.99999537617828
qwen3-32b,g24cfb_270,Y0,99.99997567207984
qwen3-32b,g24cfb_272,A+,99.9999994261696
qwen3-32b,g24cfb_272,A-,11.535631316006416
qwen3-32b,g24cfb_272,CF+,49.30543710464459
qwen3-32b,g24cfb_272,CF-,15.446509265669157
qwen3-32b,g24cfb_272,I,99.99995597776076
qwen3-32b,g24cfb_272,W,66.86733233373451
qwen3-32b,g24cfb_272,Y0,99.99999765620421
qwen3-32b,g24cfb_273,A+,99.99991151379457
qwen3-32b,g24cfb_273,A-,1.6037753292760542
qwen3-32b,g24cfb_273,CF+,44.44128768838752
qwen3-32b,g24cfb_273,CF-,43.31377482276039
qwen3-32b,g24cfb_273,I,40.04376711674118
qwen3-32b,g24cfb_273,W,8.814104982493529
qwen3-32b,g24cfb_273,Y0,0.32576886498125535
qwen3-32b,g24cfb_274,A+,99.99999749371555
qwen3-32b,g24cfb_274,A-,4.6703697377866124e-05
qwen3-32b,g24cfb_274,CF+,44.579976071939065
qwen3-32b,g24cfb_274,CF-,73.96716972159716
qwen3-32b,g24cfb_274,I,69.41232183735427
qwen3-32b,g24cfb_274,W,0.00043753004759190133
qwen3-32b,g24cfb_274,Y0,99.99998813824989
qwen3-32b,g24cfb_275,A+,99.99999396118098
qwen3-32b,g24cfb_275,A-,0.26107615774497267
qwen3-32b,g24cfb_275,CF+,13.135491559325546
qwen3-32b,g24cfb_275,CF-,55.18476431166073
qwen3-32b,g24cfb_275,I,0.8635287644450211
qwen3-32b,g24cfb_275,W,0.156687548554191
qwen3-32b,g24cfb_275,Y0,0.6682013399831984
qwen3-32b,g24cfb_277,A+,99.9999919114022
qwen3-32b,g24cfb_277,A-,8.645695926349354
qwen3-32b,g24cfb_277,CF+,49.29164931689886
qwen3-32b,g24cfb_277,CF-,44.42940692947567
qwen3-32b,g24cfb_277,I,44.43917427053961
qwen3-32b,g24cfb_277,W,44.42397495427503
qwen3-32b,g24cfb_277,Y0,55.697683231613965
qwen3-32b,g24cfb_281,A+,99.99999700018276
qwen3-32b,g24cfb_281,A-,0.004277726058227354
qwen3-32b,g24cfb_281,CF+,55.14084993756816
qwen3-32b,g24cfb_281,CF-,44.45774274857822
qwen3-32b,g24cfb_281,I,0.5272298023447543
qwen3-32b,g24cfb_281,W,0.045382656188281925
qwen3-32b,g24cfb_281,Y0,0.25550073945394525
qwen3-32b,g24cfb_283,A+,95.66464100688977
qwen3-32b,g24cfb_283,A-,41.44952376855298
qwen3-32b,g24cfb_283,CF+,44.47381907519361
qwen3-32b,g24cfb_283,CF-,44.5281569596474
qwen3-32b,g24cfb_283,I,44.44543269000899
qwen3-32b,g24cfb_283,W,41.97208412416024
qwen3-32b,g24cfb_283,Y0,10.979110126115334
qwen3-32b,g24cfb_286,A+,99.99999395974785
qwen3-32b,g24cfb_286,A-,4.433233813227513e-05
qwen3-32b,g24cfb_286,CF+,26.943439088580654
qwen3-32b,g24cfb_286,CF-,42.86341035254661
qwen3-32b,g24cfb_286,I,13.577248500193683
qwen3-32b,g24cfb_286,W,0.25553025262085916
qwen3-32b,g24cfb_286,Y0,8.65713448687113
qwen3-32b,g24cfb_287,A+,99.99997231944843
qwen3-32b,g24cfb_287,A-,0.003761004022283261
qwen3-32b,g24cfb_287,CF+,44.46425707484977
qwen3-32b,g24cfb_287,CF-,44.454765260547816
qwen3-32b,g24cfb_287,I,45.5324561715714
qwen3-32b,g24cfb_287,W,17.8047674882052
qwen3-32b,g24cfb_287,Y0,11.634995450087958
qwen3-32b,g24cfb_289,A+,99.99999784125717
qwen3-32b,g24cfb_289,A-,0.00030306211807105857
qwen3-32b,g24cfb_289,CF+,55.40668582397317
qwen3-32b,g24cfb_289,CF-,72.84934414543113
qwen3-32b,g24cfb_289,I,77.00732364941706
qwen3-32b,g24cfb_289,W,55.24619275713108
qwen3-32b,g24cfb_289,Y0,14.085489079590022
qwen3-32b,g24cfb_290,A+,99.99999606179455
qwen3-32b,g24cfb_290,A-,0.00016323399953702535
qwen3-32b,g24cfb_290,CF+,95.3989908288841
qwen3-32b,g24cfb_290,CF-,18.621040598416197
qwen3-32b,g24cfb_290,I,99.9911273437806
qwen3-32b,g24cfb_290,W,99.99948702231757
qwen3-32b,g24cfb_290,Y0,99.99992221433361
qwen3-32b,g24cfb_292,A+,99.99999861251284
qwen3-32b,g24cfb_292,A-,10.700095153619351
qwen3-32b,g24cfb_292,CF+,99.99772374724097
qwen3-32b,g24cfb_292,CF-,44.44853492859946
qwen3-32b,g24cfb_292,I,44.44902569959813
qwen3-32b,g24cfb_292,W,44.44295097586132
qwen3-32b,g24cfb_292,Y0,61.80913736692047
qwen3-32b,g24cfb_293,A+,99.99994666101904
qwen3-32b,g24cfb_293,A-,24.934905443494912
qwen3-32b,g24cfb_293,CF+,44.46028806042395
qwen3-32b,g24cfb_293,CF-,44.464779910567955
qwen3-32b,g24cfb_293,I,48.018580754002315
qwen3-32b,g24cfb_293,W,0.5299844148974077
qwen3-32b,g24cfb_293,Y0,27.46942337133492
qwen3-32b,g24cfb_294,A+,99.99998096097623
qwen3-32b,g24cfb_294,A-,35.5352727489582
qwen3-32b,g24cfb_294,CF+,47.86696943408196
qwen3-32b,g24cfb_294,CF-,44.68204313080523
qwen3-32b,g24cfb_294,I,62.02718701860475
qwen3-32b,g24cfb_294,W,45.64881065103584
qwen3-32b,g24cfb_294,Y0,14.601624354389523
qwen3-32b,g24cfb_295,A+,99.99999307554845
qwen3-32b,g24cfb_295,A-,7.549891386096298e-05
qwen3-32b,g24cfb_295,CF+,22.059167964177163
qwen3-32b,g24cfb_295,CF-,0.00031351825962004507
qwen3-32b,g24cfb_295,I,3.441349163686979e-05
qwen3-32b,g24cfb_295,W,3.0049069843683662e-05
qwen3-32b,g24cfb_295,Y0,0.00022829774823118076
qwen3-32b,g24cfb_297,A+,0.007169879637874997
qwen3-32b,g24cfb_297,A-,97.00923527020896
qwen3-32b,g24cfb_297,CF+,44.44555305059285
qwen3-32b,g24cfb_297,CF-,39.16803196728231
qwen3-32b,g24cfb_297,I,44.444422623024764
qwen3-32b,g24cfb_297,W,44.445858238575674
qwen3-32b,g24cfb_297,Y0,19.610817874548083
