model,item_id,group_sha,polarity,kind,value
mistral-small-24b,g24a_fever_104703,0c6800fb98,increase,base,99.85788908708481
mistral-small-24b,g24a_fever_104703,0c6800fb98,increase,admit_post,99.91803706591014
mistral-small-24b,g24a_fever_104703,0c6800fb98,increase,exclude_post,27.736326563462327
mistral-small-24b,g24a_fever_104703,0c6800fb98,increase,strong_exclude_post,87.40814364207458
mistral-small-24b,g24a_fever_104703,0c6800fb98,increase,counterfactual_delete_post,79.95503902451827
mistral-small-24b,g24a_fever_42954,0c6800fb98,decrease,base,0.8529122877698158
mistral-small-24b,g24a_fever_42954,0c6800fb98,decrease,admit_post,0.06926136916390685
mistral-small-24b,g24a_fever_42954,0c6800fb98,decrease,exclude_post,1.5891269723193895
mistral-small-24b,g24a_fever_42954,0c6800fb98,decrease,strong_exclude_post,9.47880708222669
mistral-small-24b,g24a_fever_42954,0c6800fb98,decrease,counterfactual_delete_post,3.23543288807594
mistral-small-24b,g24a_fever_196992,8ab41d7c96,increase,base,99.92554582186204
mistral-small-24b,g24a_fever_196992,8ab41d7c96,increase,admit_post,99.96953827739296
mistral-small-24b,g24a_fever_196992,8ab41d7c96,increase,exclude_post,93.90477316926531
mistral-small-24b,g24a_fever_196992,8ab41d7c96,increase,strong_exclude_post,87.88669231152754
mistral-small-24b,g24a_fever_196992,8ab41d7c96,increase,counterfactual_delete_post,93.30167020059513
mistral-small-24b,g24a_fever_196964,8ab41d7c96,decrease,base,0.12024063982054847
mistral-small-24b,g24a_fever_196964,8ab41d7c96,decrease,admit_post,0.23183361207888709
mistral-small-24b,g24a_fever_196964,8ab41d7c96,decrease,exclude_post,0.15793505679037959
mistral-small-24b,g24a_fever_196964,8ab41d7c96,decrease,strong_exclude_post,0.6098940768086207
mistral-small-24b,g24a_fever_196964,8ab41d7c96,decrease,counterfactual_delete_post,0.16047485161738403
mistral-small-24b,g24a_fever_90925,b03a779396,increase,base,99.86365938952744
mistral-small-24b,g24a_fever_90925,b03a779396,increase,admit_post,99.85517238918288
mistral-small-24b,g24a_fever_90925,b03a779396,increase,exclude_post,27.20443983212499
mistral-small-24b,g24a_fever_90925,b03a779396,increase,strong_exclude_post,81.10149816362201
mistral-small-24b,g24a_fever_90925,b03a779396,increase,counterfactual_delete_post,24.045327978995495
mistral-small-24b,g24a_fever_126933,b03a779396,decrease,base,0.23890925925042522
mistral-small-24b,g24a_fever_126933,b03a779396,decrease,admit_post,0.05812936069410311
mistral-small-24b,g24a_fever_126933,b03a779396,decrease,exclude_post,20.239339009129345
mistral-small-24b,g24a_fever_126933,b03a779396,decrease,strong_exclude_post,29.531327267029813
mistral-small-24b,g24a_fever_126933,b03a779396,decrease,counterfactual_delete_post,25.700980319320138
mistral-small-24b,g24a_fever_103003,862d663bdc,increase,base,99.13580681067577
mistral-small-24b,g24a_fever_103003,862d663bdc,increase,admit_post,71.75515779641283
mistral-small-24b,g24a_fever_103003,862d663bdc,increase,exclude_post,15.410751460240672
mistral-small-24b,g24a_fever_103003,862d663bdc,increase,strong_exclude_post,75.08476768511238
mistral-small-24b,g24a_fever_103003,862d663bdc,increase,counterfactual_delete_post,60.969971967571446
mistral-small-24b,g24a_fever_108201,862d663bdc,decrease,base,0.11957636488212724
mistral-small-24b,g24a_fever_108201,862d663bdc,decrease,admit_post,0.05674183562243998
mistral-small-24b,g24a_fever_108201,862d663bdc,decrease,exclude_post,1.090461248464057
mistral-small-24b,g24a_fever_108201,862d663bdc,decrease,strong_exclude_post,11.649479668771118
mistral-small-24b,g24a_fever_108201,862d663bdc,decrease,counterfactual_delete_post,14.486988355014262
mistral-small-24b,g24a_fever_96603,7bc1d63c46,increase,base,84.0068723585694
mistral-small-24b,g24a_fever_96603,7bc1d63c46,increase,admit_post,74.59719142040358
mistral-small-24b,g24a_fever_96603,7bc1d63c46,increase,exclude_post,21.029883930303228
mistral-small-24b,g24a_fever_96603,7bc1d63c46,increase,strong_exclude_post,23.58846109767002
mistral-small-24b,g24a_fever_96603,7bc1d63c46,increase,counterfactual_delete_post,42.457477875133186
mistral-small-24b,g24a_fever_138355,7bc1d63c46,decrease,base,0.04941397977035083
mistral-small-24b,g24a_fever_138355,7bc1d63c46,decrease,admit_post,0.06325261071931147
mistral-small-24b,g24a_fever_138355,7bc1d63c46,decrease,exclude_post,0.048305018655249186
mistral-small-24b,g24a_fever_138355,7bc1d63c46,decrease,strong_exclude_post,0.0757059571967575
mistral-small-24b,g24a_fever_138355,7bc1d63c46,decrease,counterfactual_delete_post,4.614171307097051
mistral-small-24b,g24a_fever_19719,d90f0f36bc,increase,base,99.79828134546793
mistral-small-24b,g24a_fever_19719,d90f0f36bc,increase,admit_post,99.02840114553787
mistral-small-24b,g24a_fever_19719,d90f0f36bc,increase,exclude_post,98.65030988970103
mistral-small-24b,g24a_fever_19719,d90f0f36bc,increase,strong_exclude_post,83.77167735700111
mistral-small-24b,g24a_fever_19719,d90f0f36bc,increase,counterfactual_delete_post,82.50059145255236
mistral-small-24b,g24a_fever_132132,d90f0f36bc,decrease,base,0.6793048020983401
mistral-small-24b,g24a_fever_132132,d90f0f36bc,decrease,admit_post,0.4116739214425126
mistral-small-24b,g24a_fever_132132,d90f0f36bc,decrease,exclude_post,48.90401980696984
mistral-small-24b,g24a_fever_132132,d90f0f36bc,decrease,strong_exclude_post,19.847367024536602
mistral-small-24b,g24a_fever_132132,d90f0f36bc,decrease,counterfactual_delete_post,15.563970596995567
mistral-small-24b,g24a_fever_70780,01df2d47f2,increase,base,90.27427752351562
mistral-small-24b,g24a_fever_70780,01df2d47f2,increase,admit_post,99.91132802964403
mistral-small-24b,g24a_fever_70780,01df2d47f2,increase,exclude_post,30.233223708551115
mistral-small-24b,g24a_fever_70780,01df2d47f2,increase,strong_exclude_post,70.84115867166028
mistral-small-24b,g24a_fever_70780,01df2d47f2,increase,counterfactual_delete_post,43.07566240740544
mistral-small-24b,g24a_fever_99974,01df2d47f2,decrease,base,82.74831161077931
mistral-small-24b,g24a_fever_99974,01df2d47f2,decrease,admit_post,0.03260454159028661
mistral-small-24b,g24a_fever_99974,01df2d47f2,decrease,exclude_post,2.2876713566370337
mistral-small-24b,g24a_fever_99974,01df2d47f2,decrease,strong_exclude_post,12.446388089985183
mistral-small-24b,g24a_fever_99974,01df2d47f2,decrease,counterfactual_delete_post,33.14086841927003
mistral-small-24b,g24a_fever_69652,080a6c2bd0,increase,base,98.71716913492244
mistral-small-24b,g24a_fever_69652,080a6c2bd0,increase,admit_post,99.60033112377688
mistral-small-24b,g24a_fever_69652,080a6c2bd0,increase,exclude_post,27.030734865650903
mistral-small-24b,g24a_fever_69652,080a6c2bd0,increase,strong_exclude_post,58.77280780249602
mistral-small-24b,g24a_fever_69652,080a6c2bd0,increase,counterfactual_delete_post,48.03767325373702
mistral-small-24b,g24a_fever_11917,080a6c2bd0,decrease,base,1.8093307842836244
mistral-small-24b,g24a_fever_11917,080a6c2bd0,decrease,admit_post,0.2551909354997765
mistral-small-24b,g24a_fever_11917,080a6c2bd0,decrease,exclude_post,27.535821463706572
mistral-small-24b,g24a_fever_11917,080a6c2bd0,decrease,strong_exclude_post,21.21373824404407
mistral-small-24b,g24a_fever_11917,080a6c2bd0,decrease,counterfactual_delete_post,17.624915967813635
mistral-small-24b,g24a_fever_4592,0aa4aeed0f,increase,base,99.89329359680944
mistral-small-24b,g24a_fever_4592,0aa4aeed0f,increase,admit_post,99.52146851279214
mistral-small-24b,g24a_fever_4592,0aa4aeed0f,increase,exclude_post,27.03166228264987
mistral-small-24b,g24a_fever_4592,0aa4aeed0f,increase,strong_exclude_post,86.9806283651507
mistral-small-24b,g24a_fever_4592,0aa4aeed0f,increase,counterfactual_delete_post,86.57164359676634
mistral-small-24b,g24a_fever_59214,0aa4aeed0f,decrease,base,12.877120541607606
mistral-small-24b,g24a_fever_59214,0aa4aeed0f,decrease,admit_post,1.4438682270293053
mistral-small-24b,g24a_fever_59214,0aa4aeed0f,decrease,exclude_post,93.85499905247795
mistral-small-24b,g24a_fever_59214,0aa4aeed0f,decrease,strong_exclude_post,82.95021802408202
mistral-small-24b,g24a_fever_59214,0aa4aeed0f,decrease,counterfactual_delete_post,8.870948036467745
mistral-small-24b,g24a_fever_114158,3af0580f9b,increase,base,99.70553248291247
mistral-small-24b,g24a_fever_114158,3af0580f9b,increase,admit_post,94.24140952941913
mistral-small-24b,g24a_fever_114158,3af0580f9b,increase,exclude_post,94.00585242873123
mistral-small-24b,g24a_fever_114158,3af0580f9b,increase,strong_exclude_post,96.74777590569812
mistral-small-24b,g24a_fever_114158,3af0580f9b,increase,counterfactual_delete_post,90.00352292191008
mistral-small-24b,g24a_fever_148551,3af0580f9b,decrease,base,0.1341901370217611
mistral-small-24b,g24a_fever_148551,3af0580f9b,decrease,admit_post,0.07231583630758762
mistral-small-24b,g24a_fever_148551,3af0580f9b,decrease,exclude_post,0.05569814100171788
mistral-small-24b,g24a_fever_148551,3af0580f9b,decrease,strong_exclude_post,0.05825011778875225
mistral-small-24b,g24a_fever_148551,3af0580f9b,decrease,counterfactual_delete_post,0.08190897110700783
mistral-small-24b,g24a_fever_136290,b05287b62f,increase,base,0.02764374844392017
mistral-small-24b,g24a_fever_136290,b05287b62f,increase,admit_post,96.32400070846937
mistral-small-24b,g24a_fever_136290,b05287b62f,increase,exclude_post,0.02978173991905185
mistral-small-24b,g24a_fever_136290,b05287b62f,increase,strong_exclude_post,0.14404676359476776
mistral-small-24b,g24a_fever_136290,b05287b62f,increase,counterfactual_delete_post,7.7206521173014995
mistral-small-24b,g24a_fever_60344,b05287b62f,decrease,base,0.1067482750526683
mistral-small-24b,g24a_fever_60344,b05287b62f,decrease,admit_post,0.06703329929835415
mistral-small-24b,g24a_fever_60344,b05287b62f,decrease,exclude_post,0.34609312141582094
mistral-small-24b,g24a_fever_60344,b05287b62f,decrease,strong_exclude_post,0.9101764089566782
mistral-small-24b,g24a_fever_60344,b05287b62f,decrease,counterfactual_delete_post,0.5141417173187025
mistral-small-24b,g24a_fever_1251,c8e543ff59,increase,base,99.85252704431738
mistral-small-24b,g24a_fever_1251,c8e543ff59,increase,admit_post,99.80397987169779
mistral-small-24b,g24a_fever_1251,c8e543ff59,increase,exclude_post,11.980824674887769
mistral-small-24b,g24a_fever_1251,c8e543ff59,increase,strong_exclude_post,92.02735568166798
mistral-small-24b,g24a_fever_1251,c8e543ff59,increase,counterfactual_delete_post,35.43743812379924
mistral-small-24b,g24a_fever_20202,c8e543ff59,decrease,base,1.6297665055364603
mistral-small-24b,g24a_fever_20202,c8e543ff59,decrease,admit_post,0.05310661630406788
mistral-small-24b,g24a_fever_20202,c8e543ff59,decrease,exclude_post,0.036785924842521675
mistral-small-24b,g24a_fever_20202,c8e543ff59,decrease,strong_exclude_post,1.5373750328608176
mistral-small-24b,g24a_fever_20202,c8e543ff59,decrease,counterfactual_delete_post,0.038070238253572745
mistral-small-24b,g24a_fever_189771,2295b52ec4,increase,base,92.21389284204706
mistral-small-24b,g24a_fever_189771,2295b52ec4,increase,admit_post,97.88839653230704
mistral-small-24b,g24a_fever_189771,2295b52ec4,increase,exclude_post,21.750570040891645
mistral-small-24b,g24a_fever_189771,2295b52ec4,increase,strong_exclude_post,67.48395099620804
mistral-small-24b,g24a_fever_189771,2295b52ec4,increase,counterfactual_delete_post,57.15967184496651
mistral-small-24b,g24a_fever_189768,2295b52ec4,decrease,base,21.490494760722317
mistral-small-24b,g24a_fever_189768,2295b52ec4,decrease,admit_post,12.511517387961005
mistral-small-24b,g24a_fever_189768,2295b52ec4,decrease,exclude_post,0.8510264125677482
mistral-small-24b,g24a_fever_189768,2295b52ec4,decrease,strong_exclude_post,1.0149424026451952
mistral-small-24b,g24a_fever_189768,2295b52ec4,decrease,counterfactual_delete_post,12.559194113231412
mistral-small-24b,g24a_fever_25995,234717bc1f,increase,base,99.77709294348324
mistral-small-24b,g24a_fever_25995,234717bc1f,increase,admit_post,99.95670204388497
mistral-small-24b,g24a_fever_25995,234717bc1f,increase,exclude_post,96.34194676163573
mistral-small-24b,g24a_fever_25995,234717bc1f,increase,strong_exclude_post,83.37182034196918
mistral-small-24b,g24a_fever_25995,234717bc1f,increase,counterfactual_delete_post,75.89168528749829
mistral-small-24b,g24a_fever_106981,234717bc1f,decrease,base,48.58150431020718
mistral-small-24b,g24a_fever_106981,234717bc1f,decrease,admit_post,0.20504114576335308
mistral-small-24b,g24a_fever_106981,234717bc1f,decrease,exclude_post,0.05529575747076401
mistral-small-24b,g24a_fever_106981,234717bc1f,decrease,strong_exclude_post,11.702209956188998
mistral-small-24b,g24a_fever_106981,234717bc1f,decrease,counterfactual_delete_post,69.31377377201198
mistral-small-24b,g24a_fever_40944,6da30661c0,increase,base,90.80756266844286
mistral-small-24b,g24a_fever_40944,6da30661c0,increase,admit_post,99.94069143243809
mistral-small-24b,g24a_fever_40944,6da30661c0,increase,exclude_post,23.96967233159431
mistral-small-24b,g24a_fever_40944,6da30661c0,increase,strong_exclude_post,52.705095840745656
mistral-small-24b,g24a_fever_40944,6da30661c0,increase,counterfactual_delete_post,71.48377719328562
mistral-small-24b,g24a_fever_34323,6da30661c0,decrease,base,6.927319271830092
mistral-small-24b,g24a_fever_34323,6da30661c0,decrease,admit_post,1.238765462562689
mistral-small-24b,g24a_fever_34323,6da30661c0,decrease,exclude_post,37.02203383569415
mistral-small-24b,g24a_fever_34323,6da30661c0,decrease,strong_exclude_post,37.79409450754655
mistral-small-24b,g24a_fever_34323,6da30661c0,decrease,counterfactual_delete_post,43.54723581994061
mistral-small-24b,g24a_fever_12738,e059650125,increase,base,37.704019863607236
mistral-small-24b,g24a_fever_12738,e059650125,increase,admit_post,94.99667296643693
mistral-small-24b,g24a_fever_12738,e059650125,increase,exclude_post,8.938960838146578
mistral-small-24b,g24a_fever_12738,e059650125,increase,strong_exclude_post,37.99135643334924
mistral-small-24b,g24a_fever_12738,e059650125,increase,counterfactual_delete_post,43.19622388995422
mistral-small-24b,g24a_fever_91635,e059650125,decrease,base,11.757660543274925
mistral-small-24b,g24a_fever_91635,e059650125,decrease,admit_post,0.03983379611963261
mistral-small-24b,g24a_fever_91635,e059650125,decrease,exclude_post,5.382760929674772
mistral-small-24b,g24a_fever_91635,e059650125,decrease,strong_exclude_post,11.182866154564705
mistral-small-24b,g24a_fever_91635,e059650125,decrease,counterfactual_delete_post,46.34452162669051
mistral-small-24b,g24a_fever_199818,2c34b2565b,increase,base,95.55349825499144
mistral-small-24b,g24a_fever_199818,2c34b2565b,increase,admit_post,99.59376676907443
mistral-small-24b,g24a_fever_199818,2c34b2565b,increase,exclude_post,60.164133582291434
mistral-small-24b,g24a_fever_199818,2c34b2565b,increase,strong_exclude_post,79.94344085133015
mistral-small-24b,g24a_fever_199818,2c34b2565b,increase,counterfactual_delete_post,77.72033176874575
mistral-small-24b,g24a_fever_199819,2c34b2565b,decrease,base,9.676036101939333
mistral-small-24b,g24a_fever_199819,2c34b2565b,decrease,admit_post,0.30135228289900295
mistral-small-24b,g24a_fever_199819,2c34b2565b,decrease,exclude_post,0.3959436939988206
mistral-small-24b,g24a_fever_199819,2c34b2565b,decrease,strong_exclude_post,0.4142274649768264
mistral-small-24b,g24a_fever_199819,2c34b2565b,decrease,counterfactual_delete_post,10.663921393725392
mistral-small-24b,g24a_fever_95679,f360f8b694,increase,base,18.65508334252534
mistral-small-24b,g24a_fever_95679,f360f8b694,increase,admit_post,98.06587973993598
mistral-small-24b,g24a_fever_95679,f360f8b694,increase,exclude_post,12.284564727294551
mistral-small-24b,g24a_fever_95679,f360f8b694,increase,strong_exclude_post,34.56443258206238
mistral-small-24b,g24a_fever_95679,f360f8b694,increase,counterfactual_delete_post,35.05340443774298
mistral-small-24b,g24a_fever_143875,f360f8b694,decrease,base,7.289771520211078
mistral-small-24b,g24a_fever_143875,f360f8b694,decrease,admit_post,0.10952862959698534
mistral-small-24b,g24a_fever_143875,f360f8b694,decrease,exclude_post,25.87693564958907
mistral-small-24b,g24a_fever_143875,f360f8b694,decrease,strong_exclude_post,14.638409895804756
mistral-small-24b,g24a_fever_143875,f360f8b694,decrease,counterfactual_delete_post,13.87885352181107
mistral-small-24b,g24a_fever_11237,8216ed3c31,increase,base,93.56534945712164
mistral-small-24b,g24a_fever_11237,8216ed3c31,increase,admit_post,99.17856219620188
mistral-small-24b,g24a_fever_11237,8216ed3c31,increase,exclude_post,14.370791661232683
mistral-small-24b,g24a_fever_11237,8216ed3c31,increase,strong_exclude_post,48.795563838681694
mistral-small-24b,g24a_fever_11237,8216ed3c31,increase,counterfactual_delete_post,64.17199481950414
mistral-small-24b,g24a_fever_12084,8216ed3c31,decrease,base,0.42359945802782567
mistral-small-24b,g24a_fever_12084,8216ed3c31,decrease,admit_post,0.41179683434858444
mistral-small-24b,g24a_fever_12084,8216ed3c31,decrease,exclude_post,3.406972379837646
mistral-small-24b,g24a_fever_12084,8216ed3c31,decrease,strong_exclude_post,0.33279258230349296
mistral-small-24b,g24a_fever_12084,8216ed3c31,decrease,counterfactual_delete_post,0.1914942742166938
mistral-small-24b,g24a_fever_168011,57dd206baa,increase,base,99.8609890675876
mistral-small-24b,g24a_fever_168011,57dd206baa,increase,admit_post,99.4713266689691
mistral-small-24b,g24a_fever_168011,57dd206baa,increase,exclude_post,17.32025179358498
mistral-small-24b,g24a_fever_168011,57dd206baa,increase,strong_exclude_post,89.02731879213539
mistral-small-24b,g24a_fever_168011,57dd206baa,increase,counterfactual_delete_post,88.85539920980396
mistral-small-24b,g24a_fever_168015,57dd206baa,decrease,base,0.7073383174403449
mistral-small-24b,g24a_fever_168015,57dd206baa,decrease,admit_post,0.65417738349436
mistral-small-24b,g24a_fever_168015,57dd206baa,decrease,exclude_post,0.2590901025154357
mistral-small-24b,g24a_fever_168015,57dd206baa,decrease,strong_exclude_post,0.48249218539714295
mistral-small-24b,g24a_fever_168015,57dd206baa,decrease,counterfactual_delete_post,0.6552256491889576
mistral-small-24b,g24a_fever_49405,494e225216,increase,base,99.22201838353743
mistral-small-24b,g24a_fever_49405,494e225216,increase,admit_post,97.46463918835931
mistral-small-24b,g24a_fever_49405,494e225216,increase,exclude_post,98.80571912538284
mistral-small-24b,g24a_fever_49405,494e225216,increase,strong_exclude_post,96.59999140775481
mistral-small-24b,g24a_fever_49405,494e225216,increase,counterfactual_delete_post,89.3562535762287
mistral-small-24b,g24a_fever_70815,494e225216,decrease,base,0.1527914206666973
mistral-small-24b,g24a_fever_70815,494e225216,decrease,admit_post,5.8302395662693565
mistral-small-24b,g24a_fever_70815,494e225216,decrease,exclude_post,0.32465021566436836
mistral-small-24b,g24a_fever_70815,494e225216,decrease,strong_exclude_post,3.062417910546278
mistral-small-24b,g24a_fever_70815,494e225216,decrease,counterfactual_delete_post,6.366192129211488
mistral-small-24b,g24a_fever_207263,f81d4310d0,increase,base,81.48200921306362
mistral-small-24b,g24a_fever_207263,f81d4310d0,increase,admit_post,90.19408267971785
mistral-small-24b,g24a_fever_207263,f81d4310d0,increase,exclude_post,44.96859224525841
mistral-small-24b,g24a_fever_207263,f81d4310d0,increase,strong_exclude_post,69.69252517003657
mistral-small-24b,g24a_fever_207263,f81d4310d0,increase,counterfactual_delete_post,74.47901171470558
mistral-small-24b,g24a_fever_207256,f81d4310d0,decrease,base,14.06374474361026
mistral-small-24b,g24a_fever_207256,f81d4310d0,decrease,admit_post,21.49455444042022
mistral-small-24b,g24a_fever_207256,f81d4310d0,decrease,exclude_post,14.473093681939936
mistral-small-24b,g24a_fever_207256,f81d4310d0,decrease,strong_exclude_post,53.90085865951506
mistral-small-24b,g24a_fever_207256,f81d4310d0,decrease,counterfactual_delete_post,58.67701979884043
mistral-small-24b,g24a_fever_64113,b0f96d949b,increase,base,99.75856561677622
mistral-small-24b,g24a_fever_64113,b0f96d949b,increase,admit_post,94.68700731166696
mistral-small-24b,g24a_fever_64113,b0f96d949b,increase,exclude_post,88.88952756734787
mistral-small-24b,g24a_fever_64113,b0f96d949b,increase,strong_exclude_post,93.19566057643468
mistral-small-24b,g24a_fever_64113,b0f96d949b,increase,counterfactual_delete_post,85.56454299942168
mistral-small-24b,g24a_fever_58823,b0f96d949b,decrease,base,2.1282924545694146
mistral-small-24b,g24a_fever_58823,b0f96d949b,decrease,admit_post,0.06543198307559574
mistral-small-24b,g24a_fever_58823,b0f96d949b,decrease,exclude_post,34.36822412949757
mistral-small-24b,g24a_fever_58823,b0f96d949b,decrease,strong_exclude_post,50.82022529975779
mistral-small-24b,g24a_fever_58823,b0f96d949b,decrease,counterfactual_delete_post,47.01392382236829
mistral-small-24b,g24a_fever_48101,f0196dc603,increase,base,99.77259511354302
mistral-small-24b,g24a_fever_48101,f0196dc603,increase,admit_post,88.72543573347271
mistral-small-24b,g24a_fever_48101,f0196dc603,increase,exclude_post,21.135526278490644
mistral-small-24b,g24a_fever_48101,f0196dc603,increase,strong_exclude_post,55.76168837853786
mistral-small-24b,g24a_fever_48101,f0196dc603,increase,counterfactual_delete_post,30.944405535614223
mistral-small-24b,g24a_fever_35043,f0196dc603,decrease,base,0.5820807922895075
mistral-small-24b,g24a_fever_35043,f0196dc603,decrease,admit_post,8.416144215756155
mistral-small-24b,g24a_fever_35043,f0196dc603,decrease,exclude_post,2.504060384960331
mistral-small-24b,g24a_fever_35043,f0196dc603,decrease,strong_exclude_post,14.215931840322003
mistral-small-24b,g24a_fever_35043,f0196dc603,decrease,counterfactual_delete_post,12.472533648019116
mistral-small-24b,g24a_fever_7876,d63fe9fc86,increase,base,99.78659624611788
mistral-small-24b,g24a_fever_7876,d63fe9fc86,increase,admit_post,99.94393015211014
mistral-small-24b,g24a_fever_7876,d63fe9fc86,increase,exclude_post,25.32070523018488
mistral-small-24b,g24a_fever_7876,d63fe9fc86,increase,strong_exclude_post,91.235977742258
mistral-small-24b,g24a_fever_7876,d63fe9fc86,increase,counterfactual_delete_post,89.97075326234717
mistral-small-24b,g24a_fever_7877,d63fe9fc86,decrease,base,0.3203109707774897
mistral-small-24b,g24a_fever_7877,d63fe9fc86,decrease,admit_post,0.6624512133170768
mistral-small-24b,g24a_fever_7877,d63fe9fc86,decrease,exclude_post,0.43626760786221397
mistral-small-24b,g24a_fever_7877,d63fe9fc86,decrease,strong_exclude_post,1.3726928551045603
mistral-small-24b,g24a_fever_7877,d63fe9fc86,decrease,counterfactual_delete_post,1.0922648591470938
mistral-small-24b,g24a_fever_47308,b180197526,increase,base,99.3339864559412
mistral-small-24b,g24a_fever_47308,b180197526,increase,admit_post,98.58950484119335
mistral-small-24b,g24a_fever_47308,b180197526,increase,exclude_post,25.615466629742414
mistral-small-24b,g24a_fever_47308,b180197526,increase,strong_exclude_post,94.70488284572968
mistral-small-24b,g24a_fever_47308,b180197526,increase,counterfactual_delete_post,97.32370297892527
mistral-small-24b,g24a_fever_76522,b180197526,decrease,base,3.000207542932829
mistral-small-24b,g24a_fever_76522,b180197526,decrease,admit_post,16.31948743255247
mistral-small-24b,g24a_fever_76522,b180197526,decrease,exclude_post,0.036189003796386274
mistral-small-24b,g24a_fever_76522,b180197526,decrease,strong_exclude_post,1.6544135361131909
mistral-small-24b,g24a_fever_76522,b180197526,decrease,counterfactual_delete_post,6.5451544744454635
mistral-small-24b,g24a_fever_24345,f0174765dd,increase,base,31.472288893649573
mistral-small-24b,g24a_fever_24345,f0174765dd,increase,admit_post,99.96604264418504
mistral-small-24b,g24a_fever_24345,f0174765dd,increase,exclude_post,33.983960543484386
mistral-small-24b,g24a_fever_24345,f0174765dd,increase,strong_exclude_post,42.97405518411421
mistral-small-24b,g24a_fever_24345,f0174765dd,increase,counterfactual_delete_post,46.3384793832581
mistral-small-24b,g24a_fever_110379,f0174765dd,decrease,base,30.393083977134786
mistral-small-24b,g24a_fever_110379,f0174765dd,decrease,admit_post,0.04555231112583498
mistral-small-24b,g24a_fever_110379,f0174765dd,decrease,exclude_post,25.13688505924412
mistral-small-24b,g24a_fever_110379,f0174765dd,decrease,strong_exclude_post,21.53675302889107
mistral-small-24b,g24a_fever_110379,f0174765dd,decrease,counterfactual_delete_post,35.42524621519371
mistral-small-24b,g24a_fever_205126,1d71e1b002,increase,base,99.60948152102526
mistral-small-24b,g24a_fever_205126,1d71e1b002,increase,admit_post,99.37391135986843
mistral-small-24b,g24a_fever_205126,1d71e1b002,increase,exclude_post,88.25498807763722
mistral-small-24b,g24a_fever_205126,1d71e1b002,increase,strong_exclude_post,99.29936247043568
mistral-small-24b,g24a_fever_205126,1d71e1b002,increase,counterfactual_delete_post,96.28979586201558
mistral-small-24b,g24a_fever_205099,1d71e1b002,decrease,base,0.1135283222707598
mistral-small-24b,g24a_fever_205099,1d71e1b002,decrease,admit_post,0.14661094352043727
mistral-small-24b,g24a_fever_205099,1d71e1b002,decrease,exclude_post,0.17084803154280478
mistral-small-24b,g24a_fever_205099,1d71e1b002,decrease,strong_exclude_post,0.30543323914048615
mistral-small-24b,g24a_fever_205099,1d71e1b002,decrease,counterfactual_delete_post,2.641975875498678
mistral-small-24b,g24a_fever_113884,fb37cb9aa9,increase,base,3.793130474682082
mistral-small-24b,g24a_fever_113884,fb37cb9aa9,increase,admit_post,94.45970281406223
mistral-small-24b,g24a_fever_113884,fb37cb9aa9,increase,exclude_post,26.588907213473753
mistral-small-24b,g24a_fever_113884,fb37cb9aa9,increase,strong_exclude_post,17.160236719479272
mistral-small-24b,g24a_fever_113884,fb37cb9aa9,increase,counterfactual_delete_post,39.074591475461276
mistral-small-24b,g24a_fever_99531,fb37cb9aa9,decrease,base,1.3752814716941921
mistral-small-24b,g24a_fever_99531,fb37cb9aa9,decrease,admit_post,7.880043108446815
mistral-small-24b,g24a_fever_99531,fb37cb9aa9,decrease,exclude_post,4.951799540188021
mistral-small-24b,g24a_fever_99531,fb37cb9aa9,decrease,strong_exclude_post,4.491826595509286
mistral-small-24b,g24a_fever_99531,fb37cb9aa9,decrease,counterfactual_delete_post,16.368875760421442
mistral-small-24b,g24a_fever_10650,2a3255de71,increase,base,83.4136297821006
mistral-small-24b,g24a_fever_10650,2a3255de71,increase,admit_post,95.33462275095287
mistral-small-24b,g24a_fever_10650,2a3255de71,increase,exclude_post,20.574515452813095
mistral-small-24b,g24a_fever_10650,2a3255de71,increase,strong_exclude_post,74.86463750038978
mistral-small-24b,g24a_fever_10650,2a3255de71,increase,counterfactual_delete_post,54.97439436546363
mistral-small-24b,g24a_fever_144800,2a3255de71,decrease,base,6.667881430241916
mistral-small-24b,g24a_fever_144800,2a3255de71,decrease,admit_post,2.716380326988425
mistral-small-24b,g24a_fever_144800,2a3255de71,decrease,exclude_post,4.631952920774188
mistral-small-24b,g24a_fever_144800,2a3255de71,decrease,strong_exclude_post,4.023207259071879
mistral-small-24b,g24a_fever_144800,2a3255de71,decrease,counterfactual_delete_post,12.544679563573437
mistral-small-24b,g24a_fever_55741,33f8620216,increase,base,95.21180581314636
mistral-small-24b,g24a_fever_55741,33f8620216,increase,admit_post,91.41936859422825
mistral-small-24b,g24a_fever_55741,33f8620216,increase,exclude_post,22.275313315911774
mistral-small-24b,g24a_fever_55741,33f8620216,increase,strong_exclude_post,19.675480781866614
mistral-small-24b,g24a_fever_55741,33f8620216,increase,counterfactual_delete_post,32.26928487568043
mistral-small-24b,g24a_fever_20461,33f8620216,decrease,base,2.509465629308482
mistral-small-24b,g24a_fever_20461,33f8620216,decrease,admit_post,14.816055609797681
mistral-small-24b,g24a_fever_20461,33f8620216,decrease,exclude_post,5.084336081602107
mistral-small-24b,g24a_fever_20461,33f8620216,decrease,strong_exclude_post,6.51707185557807
mistral-small-24b,g24a_fever_20461,33f8620216,decrease,counterfactual_delete_post,36.248246634482406
mistral-small-24b,g24a_fever_57718,f7547bfefb,increase,base,92.69660991116172
mistral-small-24b,g24a_fever_57718,f7547bfefb,increase,admit_post,99.82310253903533
mistral-small-24b,g24a_fever_57718,f7547bfefb,increase,exclude_post,38.630340110758844
mistral-small-24b,g24a_fever_57718,f7547bfefb,increase,strong_exclude_post,73.9183509921606
mistral-small-24b,g24a_fever_57718,f7547bfefb,increase,counterfactual_delete_post,75.3027065384791
mistral-small-24b,g24a_fever_133910,f7547bfefb,decrease,base,0.350759760449256
mistral-small-24b,g24a_fever_133910,f7547bfefb,decrease,admit_post,0.07121582646165553
mistral-small-24b,g24a_fever_133910,f7547bfefb,decrease,exclude_post,0.08900905648695262
mistral-small-24b,g24a_fever_133910,f7547bfefb,decrease,strong_exclude_post,35.0498069634735
mistral-small-24b,g24a_fever_133910,f7547bfefb,decrease,counterfactual_delete_post,49.40697117068393
mistral-small-24b,g24a_fever_36333,e3f49ec377,increase,base,99.82209989155838
mistral-small-24b,g24a_fever_36333,e3f49ec377,increase,admit_post,99.78709543465845
mistral-small-24b,g24a_fever_36333,e3f49ec377,increase,exclude_post,14.6032927183088
mistral-small-24b,g24a_fever_36333,e3f49ec377,increase,strong_exclude_post,15.329810367491623
mistral-small-24b,g24a_fever_36333,e3f49ec377,increase,counterfactual_delete_post,31.30670031926147
mistral-small-24b,g24a_fever_142984,e3f49ec377,decrease,base,11.036055650474697
mistral-small-24b,g24a_fever_142984,e3f49ec377,decrease,admit_post,0.04536241007912231
mistral-small-24b,g24a_fever_142984,e3f49ec377,decrease,exclude_post,11.66984720341655
mistral-small-24b,g24a_fever_142984,e3f49ec377,decrease,strong_exclude_post,7.286818926325793
mistral-small-24b,g24a_fever_142984,e3f49ec377,decrease,counterfactual_delete_post,44.760762150003835
mistral-small-24b,g24a_fever_36453,cf29f7401a,increase,base,88.378704925038
mistral-small-24b,g24a_fever_36453,cf29f7401a,increase,admit_post,88.97150875620618
mistral-small-24b,g24a_fever_36453,cf29f7401a,increase,exclude_post,26.833800393131618
mistral-small-24b,g24a_fever_36453,cf29f7401a,increase,strong_exclude_post,34.67967423915164
mistral-small-24b,g24a_fever_36453,cf29f7401a,increase,counterfactual_delete_post,42.38959734072741
mistral-small-24b,g24a_fever_153341,cf29f7401a,decrease,base,41.9293801990638
mistral-small-24b,g24a_fever_153341,cf29f7401a,decrease,admit_post,1.5273126096531646
mistral-small-24b,g24a_fever_153341,cf29f7401a,decrease,exclude_post,23.316097479525567
mistral-small-24b,g24a_fever_153341,cf29f7401a,decrease,strong_exclude_post,36.95449156556219
mistral-small-24b,g24a_fever_153341,cf29f7401a,decrease,counterfactual_delete_post,39.00234937506352
mistral-small-24b,g24a_fever_221240,e30b1f6fa0,increase,base,8.770014009435691
mistral-small-24b,g24a_fever_221240,e30b1f6fa0,increase,admit_post,99.56228187121792
mistral-small-24b,g24a_fever_221240,e30b1f6fa0,increase,exclude_post,19.341360707837076
mistral-small-24b,g24a_fever_221240,e30b1f6fa0,increase,strong_exclude_post,28.182134977984006
mistral-small-24b,g24a_fever_221240,e30b1f6fa0,increase,counterfactual_delete_post,28.63500062333747
mistral-small-24b,g24a_fever_221244,e30b1f6fa0,decrease,base,0.24108386391683967
mistral-small-24b,g24a_fever_221244,e30b1f6fa0,decrease,admit_post,0.05429115119471145
mistral-small-24b,g24a_fever_221244,e30b1f6fa0,decrease,exclude_post,0.029897510628443393
mistral-small-24b,g24a_fever_221244,e30b1f6fa0,decrease,strong_exclude_post,4.010272036299648
mistral-small-24b,g24a_fever_221244,e30b1f6fa0,decrease,counterfactual_delete_post,8.779353280189252
mistral-small-24b,g24a_fever_16807,2d03f3662c,increase,base,99.80869869682653
mistral-small-24b,g24a_fever_16807,2d03f3662c,increase,admit_post,99.94017817899024
mistral-small-24b,g24a_fever_16807,2d03f3662c,increase,exclude_post,85.59894459079084
mistral-small-24b,g24a_fever_16807,2d03f3662c,increase,strong_exclude_post,97.83898098092833
mistral-small-24b,g24a_fever_16807,2d03f3662c,increase,counterfactual_delete_post,91.2473134362434
mistral-small-24b,g24a_fever_102175,2d03f3662c,decrease,base,0.06892811646030694
mistral-small-24b,g24a_fever_102175,2d03f3662c,decrease,admit_post,0.05413390751758537
mistral-small-24b,g24a_fever_102175,2d03f3662c,decrease,exclude_post,0.0403167627269711
mistral-small-24b,g24a_fever_102175,2d03f3662c,decrease,strong_exclude_post,0.8042745257768258
mistral-small-24b,g24a_fever_102175,2d03f3662c,decrease,counterfactual_delete_post,0.6370597502480506
mistral-small-24b,g24a_fever_16701,6cbe0db683,increase,base,1.335082503169427
mistral-small-24b,g24a_fever_16701,6cbe0db683,increase,admit_post,99.41552746688596
mistral-small-24b,g24a_fever_16701,6cbe0db683,increase,exclude_post,13.756636813652356
mistral-small-24b,g24a_fever_16701,6cbe0db683,increase,strong_exclude_post,13.09691943172701
mistral-small-24b,g24a_fever_16701,6cbe0db683,increase,counterfactual_delete_post,16.946316130477967
mistral-small-24b,g24a_fever_101473,6cbe0db683,decrease,base,99.45198443697589
mistral-small-24b,g24a_fever_101473,6cbe0db683,decrease,admit_post,0.18048619299529092
mistral-small-24b,g24a_fever_101473,6cbe0db683,decrease,exclude_post,40.24813559399562
mistral-small-24b,g24a_fever_101473,6cbe0db683,decrease,strong_exclude_post,31.16329421488214
mistral-small-24b,g24a_fever_101473,6cbe0db683,decrease,counterfactual_delete_post,44.270766987282045
mistral-small-24b,g24a_fever_119549,4ea809259a,increase,base,99.67593367838172
mistral-small-24b,g24a_fever_119549,4ea809259a,increase,admit_post,99.95395868208266
mistral-small-24b,g24a_fever_119549,4ea809259a,increase,exclude_post,20.291974942038514
mistral-small-24b,g24a_fever_119549,4ea809259a,increase,strong_exclude_post,49.560460782258296
mistral-small-24b,g24a_fever_119549,4ea809259a,increase,counterfactual_delete_post,38.28607332441956
mistral-small-24b,g24a_fever_76382,4ea809259a,decrease,base,0.5049196793934576
mistral-small-24b,g24a_fever_76382,4ea809259a,decrease,admit_post,1.7555948065317677
mistral-small-24b,g24a_fever_76382,4ea809259a,decrease,exclude_post,0.44081775047645166
mistral-small-24b,g24a_fever_76382,4ea809259a,decrease,strong_exclude_post,0.2837926229909096
mistral-small-24b,g24a_fever_76382,4ea809259a,decrease,counterfactual_delete_post,0.49574474671120355
mistral-small-24b,g24a_fever_108882,93ab4ab661,increase,base,98.949129433931
mistral-small-24b,g24a_fever_108882,93ab4ab661,increase,admit_post,99.1849057912267
mistral-small-24b,g24a_fever_108882,93ab4ab661,increase,exclude_post,26.012870692220456
mistral-small-24b,g24a_fever_108882,93ab4ab661,increase,strong_exclude_post,44.59510120300734
mistral-small-24b,g24a_fever_108882,93ab4ab661,increase,counterfactual_delete_post,57.28458982294925
mistral-small-24b,g24a_fever_35695,93ab4ab661,decrease,base,0.444266125137092
mistral-small-24b,g24a_fever_35695,93ab4ab661,decrease,admit_post,0.04533002443659409
mistral-small-24b,g24a_fever_35695,93ab4ab661,decrease,exclude_post,0.03182964466505675
mistral-small-24b,g24a_fever_35695,93ab4ab661,decrease,strong_exclude_post,4.814581994664911
mistral-small-24b,g24a_fever_35695,93ab4ab661,decrease,counterfactual_delete_post,6.285364801351516
mistral-small-24b,g24a_fever_90158,dcd7c79741,increase,base,99.41692262143437
mistral-small-24b,g24a_fever_90158,dcd7c79741,increase,admit_post,99.81407868034957
mistral-small-24b,g24a_fever_90158,dcd7c79741,increase,exclude_post,36.24450113020007
mistral-small-24b,g24a_fever_90158,dcd7c79741,increase,strong_exclude_post,25.938497098846536
mistral-small-24b,g24a_fever_90158,dcd7c79741,increase,counterfactual_delete_post,40.883805202017165
mistral-small-24b,g24a_fever_71554,dcd7c79741,decrease,base,6.658877568559544
mistral-small-24b,g24a_fever_71554,dcd7c79741,decrease,admit_post,0.13834235061737782
mistral-small-24b,g24a_fever_71554,dcd7c79741,decrease,exclude_post,0.6808923058074582
mistral-small-24b,g24a_fever_71554,dcd7c79741,decrease,strong_exclude_post,3.1265800824871497
mistral-small-24b,g24a_fever_71554,dcd7c79741,decrease,counterfactual_delete_post,10.273324331845494
mistral-small-24b,g24a_fever_32730,634a5a7bf7,increase,base,46.790270311498915
mistral-small-24b,g24a_fever_32730,634a5a7bf7,increase,admit_post,99.69401152344379
mistral-small-24b,g24a_fever_32730,634a5a7bf7,increase,exclude_post,13.420655028954732
mistral-small-24b,g24a_fever_32730,634a5a7bf7,increase,strong_exclude_post,9.162228136679552
mistral-small-24b,g24a_fever_32730,634a5a7bf7,increase,counterfactual_delete_post,87.96846144215917
mistral-small-24b,g24a_fever_67285,634a5a7bf7,decrease,base,4.341229984543721
mistral-small-24b,g24a_fever_67285,634a5a7bf7,decrease,admit_post,0.17894299277718315
mistral-small-24b,g24a_fever_67285,634a5a7bf7,decrease,exclude_post,1.4862112368651852
mistral-small-24b,g24a_fever_67285,634a5a7bf7,decrease,strong_exclude_post,1.3375649995029513
mistral-small-24b,g24a_fever_67285,634a5a7bf7,decrease,counterfactual_delete_post,4.451539572062935
mistral-small-24b,g24a_fever_161906,d12dd79259,increase,base,99.73617562178119
mistral-small-24b,g24a_fever_161906,d12dd79259,increase,admit_post,99.41727359436459
mistral-small-24b,g24a_fever_161906,d12dd79259,increase,exclude_post,29.00093911419189
mistral-small-24b,g24a_fever_161906,d12dd79259,increase,strong_exclude_post,94.89348527402157
mistral-small-24b,g24a_fever_161906,d12dd79259,increase,counterfactual_delete_post,80.7948324887371
mistral-small-24b,g24a_fever_161915,d12dd79259,decrease,base,0.25055939870676336
mistral-small-24b,g24a_fever_161915,d12dd79259,decrease,admit_post,0.09441743517723769
mistral-small-24b,g24a_fever_161915,d12dd79259,decrease,exclude_post,29.503749572928363
mistral-small-24b,g24a_fever_161915,d12dd79259,decrease,strong_exclude_post,7.931841107830591
mistral-small-24b,g24a_fever_161915,d12dd79259,decrease,counterfactual_delete_post,18.138059173327076
mistral-small-24b,g24a_fever_114625,9f5081e9a1,increase,base,99.7899586564905
mistral-small-24b,g24a_fever_114625,9f5081e9a1,increase,admit_post,99.9506419260411
mistral-small-24b,g24a_fever_114625,9f5081e9a1,increase,exclude_post,21.026300660291593
mistral-small-24b,g24a_fever_114625,9f5081e9a1,increase,strong_exclude_post,94.49753990161551
mistral-small-24b,g24a_fever_114625,9f5081e9a1,increase,counterfactual_delete_post,79.65940564804453
mistral-small-24b,g24a_fever_124264,9f5081e9a1,decrease,base,3.762166760845783
mistral-small-24b,g24a_fever_124264,9f5081e9a1,decrease,admit_post,0.6735136327337814
mistral-small-24b,g24a_fever_124264,9f5081e9a1,decrease,exclude_post,5.825163935246127
mistral-small-24b,g24a_fever_124264,9f5081e9a1,decrease,strong_exclude_post,3.4626871394818157
mistral-small-24b,g24a_fever_124264,9f5081e9a1,decrease,counterfactual_delete_post,44.144157664628054
mistral-small-24b,g24a_fever_185301,00246702d1,increase,base,35.066724035649536
mistral-small-24b,g24a_fever_185301,00246702d1,increase,admit_post,99.8697376036361
mistral-small-24b,g24a_fever_185301,00246702d1,increase,exclude_post,20.229033834072034
mistral-small-24b,g24a_fever_185301,00246702d1,increase,strong_exclude_post,34.230819280139
mistral-small-24b,g24a_fever_185301,00246702d1,increase,counterfactual_delete_post,40.44670302282694
mistral-small-24b,g24a_fever_185287,00246702d1,decrease,base,20.465121844549245
mistral-small-24b,g24a_fever_185287,00246702d1,decrease,admit_post,9.044160135179746
mistral-small-24b,g24a_fever_185287,00246702d1,decrease,exclude_post,33.61867990427859
mistral-small-24b,g24a_fever_185287,00246702d1,decrease,strong_exclude_post,29.11385997672386
mistral-small-24b,g24a_fever_185287,00246702d1,decrease,counterfactual_delete_post,3.962342757464528
mistral-small-24b,g24a_fever_154989,a736c80e61,increase,base,0.6851848888597526
mistral-small-24b,g24a_fever_154989,a736c80e61,increase,admit_post,85.04976484304873
mistral-small-24b,g24a_fever_154989,a736c80e61,increase,exclude_post,29.400395929268484
mistral-small-24b,g24a_fever_154989,a736c80e61,increase,strong_exclude_post,76.36325709517513
mistral-small-24b,g24a_fever_154989,a736c80e61,increase,counterfactual_delete_post,43.053304503575674
mistral-small-24b,g24a_fever_128332,a736c80e61,decrease,base,4.383824605159003
mistral-small-24b,g24a_fever_128332,a736c80e61,decrease,admit_post,0.2003025535282081
mistral-small-24b,g24a_fever_128332,a736c80e61,decrease,exclude_post,42.27211777121043
mistral-small-24b,g24a_fever_128332,a736c80e61,decrease,strong_exclude_post,36.89821806872804
mistral-small-24b,g24a_fever_128332,a736c80e61,decrease,counterfactual_delete_post,47.26995164514006
mistral-small-24b,g24a_fever_136282,92b07c2b9d,increase,base,99.79806403037038
mistral-small-24b,g24a_fever_136282,92b07c2b9d,increase,admit_post,99.86357059678937
mistral-small-24b,g24a_fever_136282,92b07c2b9d,increase,exclude_post,27.3673176429974
mistral-small-24b,g24a_fever_136282,92b07c2b9d,increase,strong_exclude_post,49.37949582950273
mistral-small-24b,g24a_fever_136282,92b07c2b9d,increase,counterfactual_delete_post,38.58328264233081
mistral-small-24b,g24a_fever_87414,92b07c2b9d,decrease,base,2.6146791051707368
mistral-small-24b,g24a_fever_87414,92b07c2b9d,decrease,admit_post,0.855072150438239
mistral-small-24b,g24a_fever_87414,92b07c2b9d,decrease,exclude_post,0.3984288356012058
mistral-small-24b,g24a_fever_87414,92b07c2b9d,decrease,strong_exclude_post,4.164597648646078
mistral-small-24b,g24a_fever_87414,92b07c2b9d,decrease,counterfactual_delete_post,5.742220512694227
mistral-small-24b,g24a_fever_10041,3ac4b52efa,increase,base,99.8272397895557
mistral-small-24b,g24a_fever_10041,3ac4b52efa,increase,admit_post,99.96085575335965
mistral-small-24b,g24a_fever_10041,3ac4b52efa,increase,exclude_post,94.16324020371127
mistral-small-24b,g24a_fever_10041,3ac4b52efa,increase,strong_exclude_post,97.80868400844267
mistral-small-24b,g24a_fever_10041,3ac4b52efa,increase,counterfactual_delete_post,97.58994222391544
mistral-small-24b,g24a_fever_101434,3ac4b52efa,decrease,base,0.03127815165678802
mistral-small-24b,g24a_fever_101434,3ac4b52efa,decrease,admit_post,0.030711687662035365
mistral-small-24b,g24a_fever_101434,3ac4b52efa,decrease,exclude_post,0.01842725539532389
mistral-small-24b,g24a_fever_101434,3ac4b52efa,decrease,strong_exclude_post,0.22250737059150202
mistral-small-24b,g24a_fever_101434,3ac4b52efa,decrease,counterfactual_delete_post,0.23784384217796287
mistral-small-24b,g24a_fever_59607,4c8f926d12,increase,base,99.7917858201309
mistral-small-24b,g24a_fever_59607,4c8f926d12,increase,admit_post,99.90242387885844
mistral-small-24b,g24a_fever_59607,4c8f926d12,increase,exclude_post,27.36818580299915
mistral-small-24b,g24a_fever_59607,4c8f926d12,increase,strong_exclude_post,21.14846303838981
mistral-small-24b,g24a_fever_59607,4c8f926d12,increase,counterfactual_delete_post,32.609992815326734
mistral-small-24b,g24a_fever_38110,4c8f926d12,decrease,base,0.8933473268661002
mistral-small-24b,g24a_fever_38110,4c8f926d12,decrease,admit_post,0.24673184248621194
mistral-small-24b,g24a_fever_38110,4c8f926d12,decrease,exclude_post,0.03332270901251871
mistral-small-24b,g24a_fever_38110,4c8f926d12,decrease,strong_exclude_post,14.398471916727816
mistral-small-24b,g24a_fever_38110,4c8f926d12,decrease,counterfactual_delete_post,18.54410462015354
mistral-small-24b,g24a_fever_164647,fa15646b91,increase,base,99.7935214400986
mistral-small-24b,g24a_fever_164647,fa15646b91,increase,admit_post,94.93948842365275
mistral-small-24b,g24a_fever_164647,fa15646b91,increase,exclude_post,90.52408884031274
mistral-small-24b,g24a_fever_164647,fa15646b91,increase,strong_exclude_post,85.7513140434906
mistral-small-24b,g24a_fever_164647,fa15646b91,increase,counterfactual_delete_post,91.53998008232884
mistral-small-24b,g24a_fever_164643,fa15646b91,decrease,base,0.42036249919036695
mistral-small-24b,g24a_fever_164643,fa15646b91,decrease,admit_post,0.056592422651620025
mistral-small-24b,g24a_fever_164643,fa15646b91,decrease,exclude_post,0.12529207597863123
mistral-small-24b,g24a_fever_164643,fa15646b91,decrease,strong_exclude_post,13.316164444053761
mistral-small-24b,g24a_fever_164643,fa15646b91,decrease,counterfactual_delete_post,14.092608974436473
mistral-small-24b,g24a_fever_45818,a78e3bd7d1,increase,base,99.87148753735475
mistral-small-24b,g24a_fever_45818,a78e3bd7d1,increase,admit_post,99.76044391472438
mistral-small-24b,g24a_fever_45818,a78e3bd7d1,increase,exclude_post,24.274381077114374
mistral-small-24b,g24a_fever_45818,a78e3bd7d1,increase,strong_exclude_post,99.4978348586949
mistral-small-24b,g24a_fever_45818,a78e3bd7d1,increase,counterfactual_delete_post,83.54917257666216
mistral-small-24b,g24a_fever_145403,a78e3bd7d1,decrease,base,4.478644757898421
mistral-small-24b,g24a_fever_145403,a78e3bd7d1,decrease,admit_post,2.682871789554611
mistral-small-24b,g24a_fever_145403,a78e3bd7d1,decrease,exclude_post,25.93196161344103
mistral-small-24b,g24a_fever_145403,a78e3bd7d1,decrease,strong_exclude_post,0.5831511333237518
mistral-small-24b,g24a_fever_145403,a78e3bd7d1,decrease,counterfactual_delete_post,42.102751655694185
mistral-small-24b,g24a_fever_35858,de842ad87f,increase,base,22.926727521855028
mistral-small-24b,g24a_fever_35858,de842ad87f,increase,admit_post,95.49619929444754
mistral-small-24b,g24a_fever_35858,de842ad87f,increase,exclude_post,24.943336065504987
mistral-small-24b,g24a_fever_35858,de842ad87f,increase,strong_exclude_post,42.02488475936153
mistral-small-24b,g24a_fever_35858,de842ad87f,increase,counterfactual_delete_post,49.792363118967195
mistral-small-24b,g24a_fever_127098,de842ad87f,decrease,base,24.160939924622344
mistral-small-24b,g24a_fever_127098,de842ad87f,decrease,admit_post,7.248954315135592
mistral-small-24b,g24a_fever_127098,de842ad87f,decrease,exclude_post,0.3336741489269221
mistral-small-24b,g24a_fever_127098,de842ad87f,decrease,strong_exclude_post,10.600723389418826
mistral-small-24b,g24a_fever_127098,de842ad87f,decrease,counterfactual_delete_post,6.624488523182855
mistral-small-24b,g24a_fever_39793,85a06caaee,increase,base,99.86945248636113
mistral-small-24b,g24a_fever_39793,85a06caaee,increase,admit_post,99.9232876309622
mistral-small-24b,g24a_fever_39793,85a06caaee,increase,exclude_post,17.751321227042027
mistral-small-24b,g24a_fever_39793,85a06caaee,increase,strong_exclude_post,81.30056520528356
mistral-small-24b,g24a_fever_39793,85a06caaee,increase,counterfactual_delete_post,83.97675971106989
mistral-small-24b,g24a_fever_111717,85a06caaee,decrease,base,6.461285061116645
mistral-small-24b,g24a_fever_111717,85a06caaee,decrease,admit_post,0.19666221606551373
mistral-small-24b,g24a_fever_111717,85a06caaee,decrease,exclude_post,37.63384453538264
mistral-small-24b,g24a_fever_111717,85a06caaee,decrease,strong_exclude_post,44.71013107170799
mistral-small-24b,g24a_fever_111717,85a06caaee,decrease,counterfactual_delete_post,8.684824514076542
mistral-small-24b,g24a_fever_5111,d2994cae2a,increase,base,99.84831619411759
mistral-small-24b,g24a_fever_5111,d2994cae2a,increase,admit_post,99.34899222585726
mistral-small-24b,g24a_fever_5111,d2994cae2a,increase,exclude_post,27.15760210545026
mistral-small-24b,g24a_fever_5111,d2994cae2a,increase,strong_exclude_post,63.61713107013044
mistral-small-24b,g24a_fever_5111,d2994cae2a,increase,counterfactual_delete_post,86.30618193155433
mistral-small-24b,g24a_fever_129248,d2994cae2a,decrease,base,0.47159512071488685
mistral-small-24b,g24a_fever_129248,d2994cae2a,decrease,admit_post,0.05186660868295315
mistral-small-24b,g24a_fever_129248,d2994cae2a,decrease,exclude_post,2.800269589795883
mistral-small-24b,g24a_fever_129248,d2994cae2a,decrease,strong_exclude_post,2.2715371068416563
mistral-small-24b,g24a_fever_129248,d2994cae2a,decrease,counterfactual_delete_post,16.053532833996954
mistral-small-24b,g24a_fever_426,e739546b88,increase,base,72.17609412698111
mistral-small-24b,g24a_fever_426,e739546b88,increase,admit_post,95.94674106106964
mistral-small-24b,g24a_fever_426,e739546b88,increase,exclude_post,35.00978772263082
mistral-small-24b,g24a_fever_426,e739546b88,increase,strong_exclude_post,68.6646792283618
mistral-small-24b,g24a_fever_426,e739546b88,increase,counterfactual_delete_post,68.01243087511824
mistral-small-24b,g24a_fever_126568,e739546b88,decrease,base,98.69954755062025
mistral-small-24b,g24a_fever_126568,e739546b88,decrease,admit_post,6.3759041696902585
mistral-small-24b,g24a_fever_126568,e739546b88,decrease,exclude_post,35.58768304081691
mistral-small-24b,g24a_fever_126568,e739546b88,decrease,strong_exclude_post,95.76431130567917
mistral-small-24b,g24a_fever_126568,e739546b88,decrease,counterfactual_delete_post,51.75809679565993
mistral-small-24b,g24a_fever_50529,81facdbc5e,increase,base,94.7708652124059
mistral-small-24b,g24a_fever_50529,81facdbc5e,increase,admit_post,84.80837808491297
mistral-small-24b,g24a_fever_50529,81facdbc5e,increase,exclude_post,4.931690525528947
mistral-small-24b,g24a_fever_50529,81facdbc5e,increase,strong_exclude_post,11.403476958225127
mistral-small-24b,g24a_fever_50529,81facdbc5e,increase,counterfactual_delete_post,25.357035105744657
mistral-small-24b,g24a_fever_153808,81facdbc5e,decrease,base,1.9288722343461235
mistral-small-24b,g24a_fever_153808,81facdbc5e,decrease,admit_post,6.8604741895550205
mistral-small-24b,g24a_fever_153808,81facdbc5e,decrease,exclude_post,42.25959093049743
mistral-small-24b,g24a_fever_153808,81facdbc5e,decrease,strong_exclude_post,53.60555371685717
mistral-small-24b,g24a_fever_153808,81facdbc5e,decrease,counterfactual_delete_post,45.16802353447765
mistral-small-24b,g24a_fever_124663,70f3bba212,increase,base,99.80361129614451
mistral-small-24b,g24a_fever_124663,70f3bba212,increase,admit_post,99.50303449943209
mistral-small-24b,g24a_fever_124663,70f3bba212,increase,exclude_post,99.7251819957315
mistral-small-24b,g24a_fever_124663,70f3bba212,increase,strong_exclude_post,92.79985491357559
mistral-small-24b,g24a_fever_124663,70f3bba212,increase,counterfactual_delete_post,93.9096005192497
mistral-small-24b,g24a_fever_102523,70f3bba212,decrease,base,0.23063632281155919
mistral-small-24b,g24a_fever_102523,70f3bba212,decrease,admit_post,0.2714538410535233
mistral-small-24b,g24a_fever_102523,70f3bba212,decrease,exclude_post,0.21209885256046387
mistral-small-24b,g24a_fever_102523,70f3bba212,decrease,strong_exclude_post,6.131349036276308
mistral-small-24b,g24a_fever_102523,70f3bba212,decrease,counterfactual_delete_post,2.8917051415699135
mistral-small-24b,g24a_fever_162742,2c627de16c,increase,base,99.89851758094113
mistral-small-24b,g24a_fever_162742,2c627de16c,increase,admit_post,83.85879970484957
mistral-small-24b,g24a_fever_162742,2c627de16c,increase,exclude_post,88.19392745525607
mistral-small-24b,g24a_fever_162742,2c627de16c,increase,strong_exclude_post,96.88513016874339
mistral-small-24b,g24a_fever_162742,2c627de16c,increase,counterfactual_delete_post,82.80086297273091
mistral-small-24b,g24a_fever_162741,2c627de16c,decrease,base,0.33444913285088806
mistral-small-24b,g24a_fever_162741,2c627de16c,decrease,admit_post,9.24394976548154
mistral-small-24b,g24a_fever_162741,2c627de16c,decrease,exclude_post,0.026714069427036982
mistral-small-24b,g24a_fever_162741,2c627de16c,decrease,strong_exclude_post,0.24758912284277074
mistral-small-24b,g24a_fever_162741,2c627de16c,decrease,counterfactual_delete_post,4.367179967625584
mistral-small-24b,g24a_fever_22255,00138ae21b,increase,base,3.1110396235568345
mistral-small-24b,g24a_fever_22255,00138ae21b,increase,admit_post,99.61010709968315
mistral-small-24b,g24a_fever_22255,00138ae21b,increase,exclude_post,8.773397286853887
mistral-small-24b,g24a_fever_22255,00138ae21b,increase,strong_exclude_post,12.837900599348975
mistral-small-24b,g24a_fever_22255,00138ae21b,increase,counterfactual_delete_post,21.958858347104865
mistral-small-24b,g24a_fever_64226,00138ae21b,decrease,base,5.539305478857282
mistral-small-24b,g24a_fever_64226,00138ae21b,decrease,admit_post,0.1343491882753157
mistral-small-24b,g24a_fever_64226,00138ae21b,decrease,exclude_post,24.876803127527246
mistral-small-24b,g24a_fever_64226,00138ae21b,decrease,strong_exclude_post,30.899670654791763
mistral-small-24b,g24a_fever_64226,00138ae21b,decrease,counterfactual_delete_post,5.850595492541166
mistral-small-24b,g24a_fever_136062,a1d49f957c,increase,base,99.87393154186755
mistral-small-24b,g24a_fever_136062,a1d49f957c,increase,admit_post,99.14487202321706
mistral-small-24b,g24a_fever_136062,a1d49f957c,increase,exclude_post,33.0420710493423
mistral-small-24b,g24a_fever_136062,a1d49f957c,increase,strong_exclude_post,82.71269588715711
mistral-small-24b,g24a_fever_136062,a1d49f957c,increase,counterfactual_delete_post,41.84076492438611
mistral-small-24b,g24a_fever_160626,a1d49f957c,decrease,base,0.07764931130628397
mistral-small-24b,g24a_fever_160626,a1d49f957c,decrease,admit_post,0.04914944929150511
mistral-small-24b,g24a_fever_160626,a1d49f957c,decrease,exclude_post,28.48515334634122
mistral-small-24b,g24a_fever_160626,a1d49f957c,decrease,strong_exclude_post,24.766803970993884
mistral-small-24b,g24a_fever_160626,a1d49f957c,decrease,counterfactual_delete_post,37.01788773981845
mistral-small-24b,g24a_fever_139037,13bbced4e0,increase,base,99.90072229081119
mistral-small-24b,g24a_fever_139037,13bbced4e0,increase,admit_post,98.8133397057359
mistral-small-24b,g24a_fever_139037,13bbced4e0,increase,exclude_post,95.87370656523707
mistral-small-24b,g24a_fever_139037,13bbced4e0,increase,strong_exclude_post,99.07551022875285
mistral-small-24b,g24a_fever_139037,13bbced4e0,increase,counterfactual_delete_post,70.928855052184
mistral-small-24b,g24a_fever_90666,13bbced4e0,decrease,base,0.13851241510426898
mistral-small-24b,g24a_fever_90666,13bbced4e0,decrease,admit_post,0.07593099860217495
mistral-small-24b,g24a_fever_90666,13bbced4e0,decrease,exclude_post,0.16287554251530245
mistral-small-24b,g24a_fever_90666,13bbced4e0,decrease,strong_exclude_post,0.339125353083438
mistral-small-24b,g24a_fever_90666,13bbced4e0,decrease,counterfactual_delete_post,10.121639732109541
mistral-small-24b,g24a_fever_108940,9edc7a0d5b,increase,base,4.184515030138827
mistral-small-24b,g24a_fever_108940,9edc7a0d5b,increase,admit_post,15.081513256887966
mistral-small-24b,g24a_fever_108940,9edc7a0d5b,increase,exclude_post,7.513724535819271
mistral-small-24b,g24a_fever_108940,9edc7a0d5b,increase,strong_exclude_post,10.349051766432183
mistral-small-24b,g24a_fever_108940,9edc7a0d5b,increase,counterfactual_delete_post,17.413133680710317
mistral-small-24b,g24a_fever_87008,9edc7a0d5b,decrease,base,0.1318370378225726
mistral-small-24b,g24a_fever_87008,9edc7a0d5b,decrease,admit_post,0.03669252109837135
mistral-small-24b,g24a_fever_87008,9edc7a0d5b,decrease,exclude_post,0.03509938464728325
mistral-small-24b,g24a_fever_87008,9edc7a0d5b,decrease,strong_exclude_post,0.05840244417635386
mistral-small-24b,g24a_fever_87008,9edc7a0d5b,decrease,counterfactual_delete_post,0.06148026660879697
mistral-small-24b,g24a_fever_20703,7400f170ab,increase,base,8.017301390931891
mistral-small-24b,g24a_fever_20703,7400f170ab,increase,admit_post,79.09989221038319
mistral-small-24b,g24a_fever_20703,7400f170ab,increase,exclude_post,15.241276422007823
mistral-small-24b,g24a_fever_20703,7400f170ab,increase,strong_exclude_post,10.596716777516887
mistral-small-24b,g24a_fever_20703,7400f170ab,increase,counterfactual_delete_post,40.5878637227458
mistral-small-24b,g24a_fever_134950,7400f170ab,decrease,base,0.06204041925299299
mistral-small-24b,g24a_fever_134950,7400f170ab,decrease,admit_post,0.03952088460396183
mistral-small-24b,g24a_fever_134950,7400f170ab,decrease,exclude_post,42.254502089575375
mistral-small-24b,g24a_fever_134950,7400f170ab,decrease,strong_exclude_post,2.7923232635208155
mistral-small-24b,g24a_fever_134950,7400f170ab,decrease,counterfactual_delete_post,43.995177964156085
mistral-small-24b,g24a_fever_152955,76bbac307e,increase,base,99.8396943802767
mistral-small-24b,g24a_fever_152955,76bbac307e,increase,admit_post,93.56491245575359
mistral-small-24b,g24a_fever_152955,76bbac307e,increase,exclude_post,40.55878510556476
mistral-small-24b,g24a_fever_152955,76bbac307e,increase,strong_exclude_post,89.25180199194386
mistral-small-24b,g24a_fever_152955,76bbac307e,increase,counterfactual_delete_post,43.207655850690486
mistral-small-24b,g24a_fever_76118,76bbac307e,decrease,base,6.932583261248743
mistral-small-24b,g24a_fever_76118,76bbac307e,decrease,admit_post,0.06294802037343063
mistral-small-24b,g24a_fever_76118,76bbac307e,decrease,exclude_post,4.078988351076745
mistral-small-24b,g24a_fever_76118,76bbac307e,decrease,strong_exclude_post,14.682364192364266
mistral-small-24b,g24a_fever_76118,76bbac307e,decrease,counterfactual_delete_post,11.850088753491793
mistral-small-24b,g24a_fever_146399,6032d38b5a,increase,base,99.77203968962779
mistral-small-24b,g24a_fever_146399,6032d38b5a,increase,admit_post,99.57695470369461
mistral-small-24b,g24a_fever_146399,6032d38b5a,increase,exclude_post,88.79240305657346
mistral-small-24b,g24a_fever_146399,6032d38b5a,increase,strong_exclude_post,68.21876617282983
mistral-small-24b,g24a_fever_146399,6032d38b5a,increase,counterfactual_delete_post,69.69384618922946
mistral-small-24b,g24a_fever_20708,6032d38b5a,decrease,base,29.495234959164335
mistral-small-24b,g24a_fever_20708,6032d38b5a,decrease,admit_post,4.595430474659343
mistral-small-24b,g24a_fever_20708,6032d38b5a,decrease,exclude_post,6.067473100356112
mistral-small-24b,g24a_fever_20708,6032d38b5a,decrease,strong_exclude_post,11.848368487117646
mistral-small-24b,g24a_fever_20708,6032d38b5a,decrease,counterfactual_delete_post,46.29448781932056
mistral-small-24b,g24a_scifact_911,af4a78996c,increase,base,60.25133222239679
mistral-small-24b,g24a_scifact_911,af4a78996c,increase,admit_post,77.75518748239261
mistral-small-24b,g24a_scifact_911,af4a78996c,increase,exclude_post,11.942594444117862
mistral-small-24b,g24a_scifact_911,af4a78996c,increase,strong_exclude_post,15.491330457335762
mistral-small-24b,g24a_scifact_911,af4a78996c,increase,counterfactual_delete_post,41.745023582679885
mistral-small-24b,g24a_scifact_909,af4a78996c,decrease,base,36.71205726869525
mistral-small-24b,g24a_scifact_909,af4a78996c,decrease,admit_post,28.544229408621536
mistral-small-24b,g24a_scifact_909,af4a78996c,decrease,exclude_post,42.13829171060341
mistral-small-24b,g24a_scifact_909,af4a78996c,decrease,strong_exclude_post,45.922240200278324
mistral-small-24b,g24a_scifact_909,af4a78996c,decrease,counterfactual_delete_post,47.22973097511591
mistral-small-24b,g24a_scifact_1145,c3e97b1e49,increase,base,31.550467557091288
mistral-small-24b,g24a_scifact_1145,c3e97b1e49,increase,admit_post,88.2731011002006
mistral-small-24b,g24a_scifact_1145,c3e97b1e49,increase,exclude_post,26.63566917442638
mistral-small-24b,g24a_scifact_1145,c3e97b1e49,increase,strong_exclude_post,14.53754116458053
mistral-small-24b,g24a_scifact_1145,c3e97b1e49,increase,counterfactual_delete_post,44.60748930758903
mistral-small-24b,g24a_scifact_1144,c3e97b1e49,decrease,base,21.22410455278837
mistral-small-24b,g24a_scifact_1144,c3e97b1e49,decrease,admit_post,15.13317569768005
mistral-small-24b,g24a_scifact_1144,c3e97b1e49,decrease,exclude_post,29.30819501356031
mistral-small-24b,g24a_scifact_1144,c3e97b1e49,decrease,strong_exclude_post,44.41853437213629
mistral-small-24b,g24a_scifact_1144,c3e97b1e49,decrease,counterfactual_delete_post,46.13903148891317
mistral-small-24b,g24a_scifact_1266,fd26d2a715,increase,base,28.564981485650247
mistral-small-24b,g24a_scifact_1266,fd26d2a715,increase,admit_post,86.64293180453008
mistral-small-24b,g24a_scifact_1266,fd26d2a715,increase,exclude_post,23.385770508072092
mistral-small-24b,g24a_scifact_1266,fd26d2a715,increase,strong_exclude_post,13.541414922706767
mistral-small-24b,g24a_scifact_1266,fd26d2a715,increase,counterfactual_delete_post,19.741491786980607
mistral-small-24b,g24a_scifact_1265,fd26d2a715,decrease,base,11.170634039715242
mistral-small-24b,g24a_scifact_1265,fd26d2a715,decrease,admit_post,8.93618499629005
mistral-small-24b,g24a_scifact_1265,fd26d2a715,decrease,exclude_post,1.3208781407431394
mistral-small-24b,g24a_scifact_1265,fd26d2a715,decrease,strong_exclude_post,30.486157002889133
mistral-small-24b,g24a_scifact_1265,fd26d2a715,decrease,counterfactual_delete_post,36.63064099616839
mistral-small-24b,g24a_scifact_641,76badcd0c8,increase,base,91.75126159242465
mistral-small-24b,g24a_scifact_641,76badcd0c8,increase,admit_post,91.63448154437701
mistral-small-24b,g24a_scifact_641,76badcd0c8,increase,exclude_post,32.27276596339882
mistral-small-24b,g24a_scifact_641,76badcd0c8,increase,strong_exclude_post,76.8113643260969
mistral-small-24b,g24a_scifact_641,76badcd0c8,increase,counterfactual_delete_post,77.32454748851438
mistral-small-24b,g24a_scifact_267,76badcd0c8,decrease,base,5.190287673599551
mistral-small-24b,g24a_scifact_267,76badcd0c8,decrease,admit_post,15.925822734761972
mistral-small-24b,g24a_scifact_267,76badcd0c8,decrease,exclude_post,37.666455959547136
mistral-small-24b,g24a_scifact_267,76badcd0c8,decrease,strong_exclude_post,26.801795796192028
mistral-small-24b,g24a_scifact_267,76badcd0c8,decrease,counterfactual_delete_post,23.74747137898793
mistral-small-24b,g24a_scifact_448,32723d938a,increase,base,90.37691977687712
mistral-small-24b,g24a_scifact_448,32723d938a,increase,admit_post,87.0316919184643
mistral-small-24b,g24a_scifact_448,32723d938a,increase,exclude_post,78.67911982425046
mistral-small-24b,g24a_scifact_448,32723d938a,increase,strong_exclude_post,87.97018811936806
mistral-small-24b,g24a_scifact_448,32723d938a,increase,counterfactual_delete_post,61.52547921684935
mistral-small-24b,g24a_scifact_447,32723d938a,decrease,base,5.806183139044724
mistral-small-24b,g24a_scifact_447,32723d938a,decrease,admit_post,0.056692842807073415
mistral-small-24b,g24a_scifact_447,32723d938a,decrease,exclude_post,4.674817459153758
mistral-small-24b,g24a_scifact_447,32723d938a,decrease,strong_exclude_post,0.3353446096837037
mistral-small-24b,g24a_scifact_447,32723d938a,decrease,counterfactual_delete_post,13.09639683097304
mistral-small-24b,g24a_scifact_381,62a595ceec,increase,base,86.31325341253097
mistral-small-24b,g24a_scifact_381,62a595ceec,increase,admit_post,14.932945852743037
mistral-small-24b,g24a_scifact_381,62a595ceec,increase,exclude_post,44.36977715868652
mistral-small-24b,g24a_scifact_381,62a595ceec,increase,strong_exclude_post,78.66376277758219
mistral-small-24b,g24a_scifact_381,62a595ceec,increase,counterfactual_delete_post,79.68600766830565
mistral-small-24b,g24a_scifact_185,62a595ceec,decrease,base,1.6441082732317782
mistral-small-24b,g24a_scifact_185,62a595ceec,decrease,admit_post,10.59489740121367
mistral-small-24b,g24a_scifact_185,62a595ceec,decrease,exclude_post,2.4555940110965904
mistral-small-24b,g24a_scifact_185,62a595ceec,decrease,strong_exclude_post,8.164659307209838
mistral-small-24b,g24a_scifact_185,62a595ceec,decrease,counterfactual_delete_post,12.025737101618581
mistral-small-24b,g24a_scifact_367,87f335a320,increase,base,56.794881811151875
mistral-small-24b,g24a_scifact_367,87f335a320,increase,admit_post,82.06363151164898
mistral-small-24b,g24a_scifact_367,87f335a320,increase,exclude_post,25.950924601741196
mistral-small-24b,g24a_scifact_367,87f335a320,increase,strong_exclude_post,30.378380045337174
mistral-small-24b,g24a_scifact_367,87f335a320,increase,counterfactual_delete_post,48.72734976478747
mistral-small-24b,g24a_scifact_368,87f335a320,decrease,base,9.33203951449034
mistral-small-24b,g24a_scifact_368,87f335a320,decrease,admit_post,7.698970812994367
mistral-small-24b,g24a_scifact_368,87f335a320,decrease,exclude_post,0.609831661580406
mistral-small-24b,g24a_scifact_368,87f335a320,decrease,strong_exclude_post,31.71773355381404
mistral-small-24b,g24a_scifact_368,87f335a320,decrease,counterfactual_delete_post,43.88193635557483
mistral-small-24b,g24a_scifact_333,c5cc829617,increase,base,61.05334856755049
mistral-small-24b,g24a_scifact_333,c5cc829617,increase,admit_post,96.92050080166105
mistral-small-24b,g24a_scifact_333,c5cc829617,increase,exclude_post,10.424451697429147
mistral-small-24b,g24a_scifact_333,c5cc829617,increase,strong_exclude_post,40.517302861715486
mistral-small-24b,g24a_scifact_333,c5cc829617,increase,counterfactual_delete_post,48.58228493836353
mistral-small-24b,g24a_scifact_332,c5cc829617,decrease,base,50.90424500546613
mistral-small-24b,g24a_scifact_332,c5cc829617,decrease,admit_post,99.26203375905217
mistral-small-24b,g24a_scifact_332,c5cc829617,decrease,exclude_post,12.64948852645752
mistral-small-24b,g24a_scifact_332,c5cc829617,decrease,strong_exclude_post,48.48018208376355
mistral-small-24b,g24a_scifact_332,c5cc829617,decrease,counterfactual_delete_post,46.92301770313639
mistral-small-24b,g24a_scifact_480,cae3e50ea1,increase,base,44.05534908671994
mistral-small-24b,g24a_scifact_480,cae3e50ea1,increase,admit_post,89.0686295817865
mistral-small-24b,g24a_scifact_480,cae3e50ea1,increase,exclude_post,42.64987842261562
mistral-small-24b,g24a_scifact_480,cae3e50ea1,increase,strong_exclude_post,40.91744115033791
mistral-small-24b,g24a_scifact_480,cae3e50ea1,increase,counterfactual_delete_post,48.27284580288462
mistral-small-24b,g24a_scifact_479,cae3e50ea1,decrease,base,50.556336576826006
mistral-small-24b,g24a_scifact_479,cae3e50ea1,decrease,admit_post,53.02565507191749
mistral-small-24b,g24a_scifact_479,cae3e50ea1,decrease,exclude_post,41.84676065146128
mistral-small-24b,g24a_scifact_479,cae3e50ea1,decrease,strong_exclude_post,40.1087126663742
mistral-small-24b,g24a_scifact_479,cae3e50ea1,decrease,counterfactual_delete_post,41.39625254939804
mistral-small-24b,g24a_scifact_397,76f5fdd9ef,increase,base,80.79019510903339
mistral-small-24b,g24a_scifact_397,76f5fdd9ef,increase,admit_post,56.50739162878955
mistral-small-24b,g24a_scifact_397,76f5fdd9ef,increase,exclude_post,7.202942881174964
mistral-small-24b,g24a_scifact_397,76f5fdd9ef,increase,strong_exclude_post,25.564365670773384
mistral-small-24b,g24a_scifact_397,76f5fdd9ef,increase,counterfactual_delete_post,40.912135577025886
mistral-small-24b,g24a_scifact_396,76f5fdd9ef,decrease,base,1.1287442527641374
mistral-small-24b,g24a_scifact_396,76f5fdd9ef,decrease,admit_post,2.1049007078277673
mistral-small-24b,g24a_scifact_396,76f5fdd9ef,decrease,exclude_post,0.7228626239381667
mistral-small-24b,g24a_scifact_396,76f5fdd9ef,decrease,strong_exclude_post,3.4008171374771803
mistral-small-24b,g24a_scifact_396,76f5fdd9ef,decrease,counterfactual_delete_post,9.08502983776436
mistral-small-24b,g24a_scifact_726,f3361096a8,increase,base,90.14862660280107
mistral-small-24b,g24a_scifact_726,f3361096a8,increase,admit_post,84.49716957337517
mistral-small-24b,g24a_scifact_726,f3361096a8,increase,exclude_post,16.97921368762612
mistral-small-24b,g24a_scifact_726,f3361096a8,increase,strong_exclude_post,47.638776841759494
mistral-small-24b,g24a_scifact_726,f3361096a8,increase,counterfactual_delete_post,77.25732294843567
mistral-small-24b,g24a_scifact_728,f3361096a8,decrease,base,11.837918189576833
mistral-small-24b,g24a_scifact_728,f3361096a8,decrease,admit_post,16.919578619428123
mistral-small-24b,g24a_scifact_728,f3361096a8,decrease,exclude_post,36.560322608090985
mistral-small-24b,g24a_scifact_728,f3361096a8,decrease,strong_exclude_post,32.73789509136108
mistral-small-24b,g24a_scifact_728,f3361096a8,decrease,counterfactual_delete_post,43.108014216756764
mistral-small-24b,g24a_scifact_248,9615cd2c7e,increase,base,47.50185793405388
mistral-small-24b,g24a_scifact_248,9615cd2c7e,increase,admit_post,86.5715521719174
mistral-small-24b,g24a_scifact_248,9615cd2c7e,increase,exclude_post,10.751608650515145
mistral-small-24b,g24a_scifact_248,9615cd2c7e,increase,strong_exclude_post,38.382030121291535
mistral-small-24b,g24a_scifact_248,9615cd2c7e,increase,counterfactual_delete_post,46.069155644949966
mistral-small-24b,g24a_scifact_249,9615cd2c7e,decrease,base,27.683089184321496
mistral-small-24b,g24a_scifact_249,9615cd2c7e,decrease,admit_post,86.08002788596927
mistral-small-24b,g24a_scifact_249,9615cd2c7e,decrease,exclude_post,11.480257893122293
mistral-small-24b,g24a_scifact_249,9615cd2c7e,decrease,strong_exclude_post,19.4179973520137
mistral-small-24b,g24a_scifact_249,9615cd2c7e,decrease,counterfactual_delete_post,41.84618363088302
mistral-small-24b,g24a_scifact_130,20bf6fbf70,increase,base,77.36005472170524
mistral-small-24b,g24a_scifact_130,20bf6fbf70,increase,admit_post,87.75177327407076
mistral-small-24b,g24a_scifact_130,20bf6fbf70,increase,exclude_post,30.512114073435512
mistral-small-24b,g24a_scifact_130,20bf6fbf70,increase,strong_exclude_post,48.63014189603516
mistral-small-24b,g24a_scifact_130,20bf6fbf70,increase,counterfactual_delete_post,63.15514705466467
mistral-small-24b,g24a_scifact_129,20bf6fbf70,decrease,base,20.753465947574796
mistral-small-24b,g24a_scifact_129,20bf6fbf70,decrease,admit_post,8.696860986240496
mistral-small-24b,g24a_scifact_129,20bf6fbf70,decrease,exclude_post,44.37350159749574
mistral-small-24b,g24a_scifact_129,20bf6fbf70,decrease,strong_exclude_post,41.94767994284355
mistral-small-24b,g24a_scifact_129,20bf6fbf70,decrease,counterfactual_delete_post,27.81551585738164
mistral-small-24b,g24a_scifact_340,bccffa8b40,increase,base,75.68972322729537
mistral-small-24b,g24a_scifact_340,bccffa8b40,increase,admit_post,91.75135006395361
mistral-small-24b,g24a_scifact_340,bccffa8b40,increase,exclude_post,31.521875179439764
mistral-small-24b,g24a_scifact_340,bccffa8b40,increase,strong_exclude_post,26.28429633023359
mistral-small-24b,g24a_scifact_340,bccffa8b40,increase,counterfactual_delete_post,49.61693305195796
mistral-small-24b,g24a_scifact_341,bccffa8b40,decrease,base,12.69729323283457
mistral-small-24b,g24a_scifact_341,bccffa8b40,decrease,admit_post,1.7433522814659335
mistral-small-24b,g24a_scifact_341,bccffa8b40,decrease,exclude_post,3.400944838632322
mistral-small-24b,g24a_scifact_341,bccffa8b40,decrease,strong_exclude_post,23.9421083435807
mistral-small-24b,g24a_scifact_341,bccffa8b40,decrease,counterfactual_delete_post,13.031048447644798
mistral-small-24b,g24a_scifact_124,c63f9eaa78,increase,base,87.26307116646285
mistral-small-24b,g24a_scifact_124,c63f9eaa78,increase,admit_post,95.37891657968954
mistral-small-24b,g24a_scifact_124,c63f9eaa78,increase,exclude_post,14.894220968602959
mistral-small-24b,g24a_scifact_124,c63f9eaa78,increase,strong_exclude_post,48.23679977944491
mistral-small-24b,g24a_scifact_124,c63f9eaa78,increase,counterfactual_delete_post,62.161247896979084
mistral-small-24b,g24a_scifact_123,c63f9eaa78,decrease,base,11.861533986161849
mistral-small-24b,g24a_scifact_123,c63f9eaa78,decrease,admit_post,4.492664966201976
mistral-small-24b,g24a_scifact_123,c63f9eaa78,decrease,exclude_post,6.096513600476156
mistral-small-24b,g24a_scifact_123,c63f9eaa78,decrease,strong_exclude_post,36.947415639294455
mistral-small-24b,g24a_scifact_123,c63f9eaa78,decrease,counterfactual_delete_post,32.42620524209367
mistral-small-24b,g24a_scifact_181,ab20774181,increase,base,66.29915842904613
mistral-small-24b,g24a_scifact_181,ab20774181,increase,admit_post,89.67171134103312
mistral-small-24b,g24a_scifact_181,ab20774181,increase,exclude_post,10.253350410371706
mistral-small-24b,g24a_scifact_181,ab20774181,increase,strong_exclude_post,11.875780584409277
mistral-small-24b,g24a_scifact_181,ab20774181,increase,counterfactual_delete_post,25.230957732668497
mistral-small-24b,g24a_scifact_180,ab20774181,decrease,base,69.27829124458282
mistral-small-24b,g24a_scifact_180,ab20774181,decrease,admit_post,79.91979173007113
mistral-small-24b,g24a_scifact_180,ab20774181,decrease,exclude_post,4.179257785792968
mistral-small-24b,g24a_scifact_180,ab20774181,decrease,strong_exclude_post,7.397853446281762
mistral-small-24b,g24a_scifact_180,ab20774181,decrease,counterfactual_delete_post,39.681368853787006
mistral-small-24b,g24a_scifact_298,d75b4f2510,increase,base,96.61525103624837
mistral-small-24b,g24a_scifact_298,d75b4f2510,increase,admit_post,99.24406864104684
mistral-small-24b,g24a_scifact_298,d75b4f2510,increase,exclude_post,99.41954957680332
mistral-small-24b,g24a_scifact_298,d75b4f2510,increase,strong_exclude_post,93.96764266707558
mistral-small-24b,g24a_scifact_298,d75b4f2510,increase,counterfactual_delete_post,79.95941874624197
mistral-small-24b,g24a_scifact_299,d75b4f2510,decrease,base,4.530357357815264
mistral-small-24b,g24a_scifact_299,d75b4f2510,decrease,admit_post,89.59849296539312
mistral-small-24b,g24a_scifact_299,d75b4f2510,decrease,exclude_post,7.12058917436285
mistral-small-24b,g24a_scifact_299,d75b4f2510,decrease,strong_exclude_post,74.11721335220089
mistral-small-24b,g24a_scifact_299,d75b4f2510,decrease,counterfactual_delete_post,31.836147087463978
mistral-small-24b,g24a_scifact_822,1b69f798c8,increase,base,95.84416434559411
mistral-small-24b,g24a_scifact_822,1b69f798c8,increase,admit_post,91.9591744260037
mistral-small-24b,g24a_scifact_822,1b69f798c8,increase,exclude_post,19.2635316577161
mistral-small-24b,g24a_scifact_822,1b69f798c8,increase,strong_exclude_post,25.308567496000453
mistral-small-24b,g24a_scifact_822,1b69f798c8,increase,counterfactual_delete_post,32.180901212025454
mistral-small-24b,g24a_scifact_825,1b69f798c8,decrease,base,35.55177805794221
mistral-small-24b,g24a_scifact_825,1b69f798c8,decrease,admit_post,92.31120743275106
mistral-small-24b,g24a_scifact_825,1b69f798c8,decrease,exclude_post,30.297649308732748
mistral-small-24b,g24a_scifact_825,1b69f798c8,decrease,strong_exclude_post,26.79803359691651
mistral-small-24b,g24a_scifact_825,1b69f798c8,decrease,counterfactual_delete_post,22.07770009308053
mistral-small-24b,g24a_scifact_61,e66817f338,increase,base,88.52759065236944
mistral-small-24b,g24a_scifact_61,e66817f338,increase,admit_post,87.40457682452823
mistral-small-24b,g24a_scifact_61,e66817f338,increase,exclude_post,30.34727598545806
mistral-small-24b,g24a_scifact_61,e66817f338,increase,strong_exclude_post,61.31379038393651
mistral-small-24b,g24a_scifact_61,e66817f338,increase,counterfactual_delete_post,73.19470328282273
mistral-small-24b,g24a_scifact_60,e66817f338,decrease,base,0.2377312212856489
mistral-small-24b,g24a_scifact_60,e66817f338,decrease,admit_post,10.196805361696104
mistral-small-24b,g24a_scifact_60,e66817f338,decrease,exclude_post,40.73480840887703
mistral-small-24b,g24a_scifact_60,e66817f338,decrease,strong_exclude_post,28.738195520721984
mistral-small-24b,g24a_scifact_60,e66817f338,decrease,counterfactual_delete_post,41.03627986495238
mistral-small-24b,g24a_scifact_286,e77efdb9ab,increase,base,53.927026274282
mistral-small-24b,g24a_scifact_286,e77efdb9ab,increase,admit_post,89.4840836282669
mistral-small-24b,g24a_scifact_286,e77efdb9ab,increase,exclude_post,13.242230466786785
mistral-small-24b,g24a_scifact_286,e77efdb9ab,increase,strong_exclude_post,37.55956768044627
mistral-small-24b,g24a_scifact_286,e77efdb9ab,increase,counterfactual_delete_post,46.96230942765254
mistral-small-24b,g24a_scifact_287,e77efdb9ab,decrease,base,13.210047183147106
mistral-small-24b,g24a_scifact_287,e77efdb9ab,decrease,admit_post,9.890019230090148
mistral-small-24b,g24a_scifact_287,e77efdb9ab,decrease,exclude_post,36.990730292732934
mistral-small-24b,g24a_scifact_287,e77efdb9ab,decrease,strong_exclude_post,32.99186574771329
mistral-small-24b,g24a_scifact_287,e77efdb9ab,decrease,counterfactual_delete_post,25.29778269045553
mistral-small-24b,g24a_scifact_673,a1314c14e5,increase,base,89.25251379872071
mistral-small-24b,g24a_scifact_673,a1314c14e5,increase,admit_post,97.40271112872807
mistral-small-24b,g24a_scifact_673,a1314c14e5,increase,exclude_post,12.532831722686128
mistral-small-24b,g24a_scifact_673,a1314c14e5,increase,strong_exclude_post,87.50802976943606
mistral-small-24b,g24a_scifact_673,a1314c14e5,increase,counterfactual_delete_post,88.58170771473368
mistral-small-24b,g24a_scifact_674,a1314c14e5,decrease,base,2.178112842180408
mistral-small-24b,g24a_scifact_674,a1314c14e5,decrease,admit_post,4.621074030506329
mistral-small-24b,g24a_scifact_674,a1314c14e5,decrease,exclude_post,0.3484166468842715
mistral-small-24b,g24a_scifact_674,a1314c14e5,decrease,strong_exclude_post,9.280819819490015
mistral-small-24b,g24a_scifact_674,a1314c14e5,decrease,counterfactual_delete_post,10.132053674491566
mistral-small-24b,g24a_scifact_121,5752dcb782,increase,base,93.24636958782797
mistral-small-24b,g24a_scifact_121,5752dcb782,increase,admit_post,61.49188984399151
mistral-small-24b,g24a_scifact_121,5752dcb782,increase,exclude_post,49.48154126230271
mistral-small-24b,g24a_scifact_121,5752dcb782,increase,strong_exclude_post,82.91031836619139
mistral-small-24b,g24a_scifact_121,5752dcb782,increase,counterfactual_delete_post,87.0326346570211
mistral-small-24b,g24a_scifact_122,5752dcb782,decrease,base,3.8590598872341513
mistral-small-24b,g24a_scifact_122,5752dcb782,decrease,admit_post,8.732743852472915
mistral-small-24b,g24a_scifact_122,5752dcb782,decrease,exclude_post,3.8890039802686087
mistral-small-24b,g24a_scifact_122,5752dcb782,decrease,strong_exclude_post,9.491821238531697
mistral-small-24b,g24a_scifact_122,5752dcb782,decrease,counterfactual_delete_post,10.416561788366124
mistral-small-24b,g24a_scifact_565,a27cec9ad0,increase,base,23.202737305652363
mistral-small-24b,g24a_scifact_565,a27cec9ad0,increase,admit_post,91.65076440174184
mistral-small-24b,g24a_scifact_565,a27cec9ad0,increase,exclude_post,17.54119988295214
mistral-small-24b,g24a_scifact_565,a27cec9ad0,increase,strong_exclude_post,39.19645222345374
mistral-small-24b,g24a_scifact_565,a27cec9ad0,increase,counterfactual_delete_post,45.34716045815403
mistral-small-24b,g24a_scifact_566,a27cec9ad0,decrease,base,24.928364656053205
mistral-small-24b,g24a_scifact_566,a27cec9ad0,decrease,admit_post,91.64864321158518
mistral-small-24b,g24a_scifact_566,a27cec9ad0,decrease,exclude_post,20.951919804447797
mistral-small-24b,g24a_scifact_566,a27cec9ad0,decrease,strong_exclude_post,40.424451729482456
mistral-small-24b,g24a_scifact_566,a27cec9ad0,decrease,counterfactual_delete_post,45.98716863260509
mistral-small-24b,g24a_scifact_614,428b3ea1c3,increase,base,67.72639086258087
mistral-small-24b,g24a_scifact_614,428b3ea1c3,increase,admit_post,89.74070443032889
mistral-small-24b,g24a_scifact_614,428b3ea1c3,increase,exclude_post,13.317960283277564
mistral-small-24b,g24a_scifact_614,428b3ea1c3,increase,strong_exclude_post,4.660743055869546
mistral-small-24b,g24a_scifact_614,428b3ea1c3,increase,counterfactual_delete_post,45.674156577329114
mistral-small-24b,g24a_scifact_615,428b3ea1c3,decrease,base,44.89543049192892
mistral-small-24b,g24a_scifact_615,428b3ea1c3,decrease,admit_post,90.97447871533078
mistral-small-24b,g24a_scifact_615,428b3ea1c3,decrease,exclude_post,23.974489530591175
mistral-small-24b,g24a_scifact_615,428b3ea1c3,decrease,strong_exclude_post,36.07992963172406
mistral-small-24b,g24a_scifact_615,428b3ea1c3,decrease,counterfactual_delete_post,45.81749364221897
mistral-small-24b,g24a_scifact_766,00b32b76ab,increase,base,87.67062895477676
mistral-small-24b,g24a_scifact_766,00b32b76ab,increase,admit_post,97.07286956810971
mistral-small-24b,g24a_scifact_766,00b32b76ab,increase,exclude_post,46.81973376130465
mistral-small-24b,g24a_scifact_766,00b32b76ab,increase,strong_exclude_post,80.58984571055909
mistral-small-24b,g24a_scifact_766,00b32b76ab,increase,counterfactual_delete_post,69.99689912959795
mistral-small-24b,g24a_scifact_765,00b32b76ab,decrease,base,0.3097002120101639
mistral-small-24b,g24a_scifact_765,00b32b76ab,decrease,admit_post,0.022984036093833857
mistral-small-24b,g24a_scifact_765,00b32b76ab,decrease,exclude_post,0.03477313393364768
mistral-small-24b,g24a_scifact_765,00b32b76ab,decrease,strong_exclude_post,3.0062818177027406
mistral-small-24b,g24a_scifact_765,00b32b76ab,decrease,counterfactual_delete_post,1.6394484729013081
mistral-small-24b,g24a_scifact_246,efe9530c55,increase,base,84.77724674007291
mistral-small-24b,g24a_scifact_246,efe9530c55,increase,admit_post,78.00058077169041
mistral-small-24b,g24a_scifact_246,efe9530c55,increase,exclude_post,15.37867183372876
mistral-small-24b,g24a_scifact_246,efe9530c55,increase,strong_exclude_post,39.31846480480305
mistral-small-24b,g24a_scifact_246,efe9530c55,increase,counterfactual_delete_post,46.95745426173445
mistral-small-24b,g24a_scifact_245,efe9530c55,decrease,base,21.166513661849983
mistral-small-24b,g24a_scifact_245,efe9530c55,decrease,admit_post,11.367621911788024
mistral-small-24b,g24a_scifact_245,efe9530c55,decrease,exclude_post,20.74133731652211
mistral-small-24b,g24a_scifact_245,efe9530c55,decrease,strong_exclude_post,42.7686478359419
mistral-small-24b,g24a_scifact_245,efe9530c55,decrease,counterfactual_delete_post,4.074063952313936
mistral-small-24b,g24a_scifact_646,ea9c605f0e,increase,base,89.7434622211812
mistral-small-24b,g24a_scifact_646,ea9c605f0e,increase,admit_post,86.67469211521818
mistral-small-24b,g24a_scifact_646,ea9c605f0e,increase,exclude_post,50.12868251625363
mistral-small-24b,g24a_scifact_646,ea9c605f0e,increase,strong_exclude_post,85.85575339003414
mistral-small-24b,g24a_scifact_646,ea9c605f0e,increase,counterfactual_delete_post,78.43293554637859
mistral-small-24b,g24a_scifact_645,ea9c605f0e,decrease,base,0.37224839026499396
mistral-small-24b,g24a_scifact_645,ea9c605f0e,decrease,admit_post,10.469618319127406
mistral-small-24b,g24a_scifact_645,ea9c605f0e,decrease,exclude_post,7.989858884977555
mistral-small-24b,g24a_scifact_645,ea9c605f0e,decrease,strong_exclude_post,1.1020242003571992
mistral-small-24b,g24a_scifact_645,ea9c605f0e,decrease,counterfactual_delete_post,2.1276943918522573
mistral-small-24b,g24a_scifact_803,c5788fbeb2,increase,base,59.894267904396706
mistral-small-24b,g24a_scifact_803,c5788fbeb2,increase,admit_post,87.46308718543008
mistral-small-24b,g24a_scifact_803,c5788fbeb2,increase,exclude_post,12.363790783077066
mistral-small-24b,g24a_scifact_803,c5788fbeb2,increase,strong_exclude_post,55.30633174298432
mistral-small-24b,g24a_scifact_803,c5788fbeb2,increase,counterfactual_delete_post,46.1604192852375
mistral-small-24b,g24a_scifact_801,c5788fbeb2,decrease,base,38.90855311497983
mistral-small-24b,g24a_scifact_801,c5788fbeb2,decrease,admit_post,87.4622354408232
mistral-small-24b,g24a_scifact_801,c5788fbeb2,decrease,exclude_post,11.277106307045095
mistral-small-24b,g24a_scifact_801,c5788fbeb2,decrease,strong_exclude_post,21.228880086426166
mistral-small-24b,g24a_scifact_801,c5788fbeb2,decrease,counterfactual_delete_post,45.371316011744334
mistral-small-24b,g24a_scifact_648,e8e11aaf0e,increase,base,77.85396696379424
mistral-small-24b,g24a_scifact_648,e8e11aaf0e,increase,admit_post,88.03058741957696
mistral-small-24b,g24a_scifact_648,e8e11aaf0e,increase,exclude_post,22.46076544812042
mistral-small-24b,g24a_scifact_648,e8e11aaf0e,increase,strong_exclude_post,48.6104458899101
mistral-small-24b,g24a_scifact_648,e8e11aaf0e,increase,counterfactual_delete_post,56.99916456674311
mistral-small-24b,g24a_scifact_647,e8e11aaf0e,decrease,base,11.918325178966477
mistral-small-24b,g24a_scifact_647,e8e11aaf0e,decrease,admit_post,12.540343195813636
mistral-small-24b,g24a_scifact_647,e8e11aaf0e,decrease,exclude_post,35.46459812099661
mistral-small-24b,g24a_scifact_647,e8e11aaf0e,decrease,strong_exclude_post,43.17201810859698
mistral-small-24b,g24a_scifact_647,e8e11aaf0e,decrease,counterfactual_delete_post,46.45420500451381
mistral-small-24b,g24a_scifact_272,767933a013,increase,base,33.49827383488067
mistral-small-24b,g24a_scifact_272,767933a013,increase,admit_post,82.76328737715417
mistral-small-24b,g24a_scifact_272,767933a013,increase,exclude_post,30.102608903573223
mistral-small-24b,g24a_scifact_272,767933a013,increase,strong_exclude_post,40.006364508588725
mistral-small-24b,g24a_scifact_272,767933a013,increase,counterfactual_delete_post,48.36684936820038
mistral-small-24b,g24a_scifact_1359,767933a013,decrease,base,22.140087327970164
mistral-small-24b,g24a_scifact_1359,767933a013,decrease,admit_post,11.641068970452189
mistral-small-24b,g24a_scifact_1359,767933a013,decrease,exclude_post,3.2383281537845607
mistral-small-24b,g24a_scifact_1359,767933a013,decrease,strong_exclude_post,40.23792694088856
mistral-small-24b,g24a_scifact_1359,767933a013,decrease,counterfactual_delete_post,35.84676461190305
mistral-small-24b,g24a_scifact_788,e0d5b1943f,increase,base,28.510668728629373
mistral-small-24b,g24a_scifact_788,e0d5b1943f,increase,admit_post,87.57931512192782
mistral-small-24b,g24a_scifact_788,e0d5b1943f,increase,exclude_post,13.212617218986798
mistral-small-24b,g24a_scifact_788,e0d5b1943f,increase,strong_exclude_post,36.91013205439587
mistral-small-24b,g24a_scifact_788,e0d5b1943f,increase,counterfactual_delete_post,36.35389159113452
mistral-small-24b,g24a_scifact_787,e0d5b1943f,decrease,base,7.354179817981383
mistral-small-24b,g24a_scifact_787,e0d5b1943f,decrease,admit_post,82.6334525761705
mistral-small-24b,g24a_scifact_787,e0d5b1943f,decrease,exclude_post,17.324072936126296
mistral-small-24b,g24a_scifact_787,e0d5b1943f,decrease,strong_exclude_post,32.41606052141259
mistral-small-24b,g24a_scifact_787,e0d5b1943f,decrease,counterfactual_delete_post,35.7798167142559
mistral-small-24b,g24a_scifact_347,b99675450c,increase,base,62.15425365833404
mistral-small-24b,g24a_scifact_347,b99675450c,increase,admit_post,80.63644286749448
mistral-small-24b,g24a_scifact_347,b99675450c,increase,exclude_post,8.801660777549305
mistral-small-24b,g24a_scifact_347,b99675450c,increase,strong_exclude_post,28.80400418715377
mistral-small-24b,g24a_scifact_347,b99675450c,increase,counterfactual_delete_post,47.85721209333183
mistral-small-24b,g24a_scifact_346,b99675450c,decrease,base,57.05428584456628
mistral-small-24b,g24a_scifact_346,b99675450c,decrease,admit_post,79.06230954636615
mistral-small-24b,g24a_scifact_346,b99675450c,decrease,exclude_post,6.8480573088130585
mistral-small-24b,g24a_scifact_346,b99675450c,decrease,strong_exclude_post,25.650968386418562
mistral-small-24b,g24a_scifact_346,b99675450c,decrease,counterfactual_delete_post,43.16669535699084
llama31-8b,g24a_fever_104703,0c6800fb98,increase,base,97.00084890940877
llama31-8b,g24a_fever_104703,0c6800fb98,increase,admit_post,99.52828740819206
llama31-8b,g24a_fever_104703,0c6800fb98,increase,exclude_post,40.9449594078265
llama31-8b,g24a_fever_104703,0c6800fb98,increase,strong_exclude_post,51.335882682981335
llama31-8b,g24a_fever_104703,0c6800fb98,increase,counterfactual_delete_post,55.552999192462664
llama31-8b,g24a_fever_42954,0c6800fb98,decrease,base,33.47631595143126
llama31-8b,g24a_fever_42954,0c6800fb98,decrease,admit_post,9.387570700957234
llama31-8b,g24a_fever_42954,0c6800fb98,decrease,exclude_post,0.2113620638150725
llama31-8b,g24a_fever_42954,0c6800fb98,decrease,strong_exclude_post,30.22005151373386
llama31-8b,g24a_fever_42954,0c6800fb98,decrease,counterfactual_delete_post,0.09766028436743854
llama31-8b,g24a_fever_196992,8ab41d7c96,increase,base,99.04694595226357
llama31-8b,g24a_fever_196992,8ab41d7c96,increase,admit_post,99.98491122860452
llama31-8b,g24a_fever_196992,8ab41d7c96,increase,exclude_post,48.72290461873425
llama31-8b,g24a_fever_196992,8ab41d7c96,increase,strong_exclude_post,29.24556644853529
llama31-8b,g24a_fever_196992,8ab41d7c96,increase,counterfactual_delete_post,55.554408376945496
llama31-8b,g24a_fever_196964,8ab41d7c96,decrease,base,18.02591844148833
llama31-8b,g24a_fever_196964,8ab41d7c96,decrease,admit_post,2.457009094955154
llama31-8b,g24a_fever_196964,8ab41d7c96,decrease,exclude_post,17.89681236105657
llama31-8b,g24a_fever_196964,8ab41d7c96,decrease,strong_exclude_post,87.2753201674546
llama31-8b,g24a_fever_196964,8ab41d7c96,decrease,counterfactual_delete_post,3.7647486117581526
llama31-8b,g24a_fever_90925,b03a779396,increase,base,22.545537375158332
llama31-8b,g24a_fever_90925,b03a779396,increase,admit_post,97.00028931429885
llama31-8b,g24a_fever_90925,b03a779396,increase,exclude_post,70.90311473652886
llama31-8b,g24a_fever_90925,b03a779396,increase,strong_exclude_post,47.338747210068554
llama31-8b,g24a_fever_90925,b03a779396,increase,counterfactual_delete_post,0.07101799804720882
llama31-8b,g24a_fever_126933,b03a779396,decrease,base,11.679196231993734
llama31-8b,g24a_fever_126933,b03a779396,decrease,admit_post,3.087854267969623
llama31-8b,g24a_fever_126933,b03a779396,decrease,exclude_post,1.9590700500439406
llama31-8b,g24a_fever_126933,b03a779396,decrease,strong_exclude_post,6.708244512737073
llama31-8b,g24a_fever_126933,b03a779396,decrease,counterfactual_delete_post,5.957280140150246
llama31-8b,g24a_fever_103003,862d663bdc,increase,base,96.42944707867663
llama31-8b,g24a_fever_103003,862d663bdc,increase,admit_post,93.63134380753021
llama31-8b,g24a_fever_103003,862d663bdc,increase,exclude_post,73.40447590775707
llama31-8b,g24a_fever_103003,862d663bdc,increase,strong_exclude_post,88.24941648064436
llama31-8b,g24a_fever_103003,862d663bdc,increase,counterfactual_delete_post,51.218886526999626
llama31-8b,g24a_fever_108201,862d663bdc,decrease,base,3.85582792050965
llama31-8b,g24a_fever_108201,862d663bdc,decrease,admit_post,0.542462768250637
llama31-8b,g24a_fever_108201,862d663bdc,decrease,exclude_post,33.42291175994943
llama31-8b,g24a_fever_108201,862d663bdc,decrease,strong_exclude_post,49.470568686180556
llama31-8b,g24a_fever_108201,862d663bdc,decrease,counterfactual_delete_post,39.64848663550742
llama31-8b,g24a_fever_96603,7bc1d63c46,increase,base,29.013833741259734
llama31-8b,g24a_fever_96603,7bc1d63c46,increase,admit_post,95.10818296621198
llama31-8b,g24a_fever_96603,7bc1d63c46,increase,exclude_post,50.79352089168993
llama31-8b,g24a_fever_96603,7bc1d63c46,increase,strong_exclude_post,44.47316765803752
llama31-8b,g24a_fever_96603,7bc1d63c46,increase,counterfactual_delete_post,50.11691454287732
llama31-8b,g24a_fever_138355,7bc1d63c46,decrease,base,0.15480711334814864
llama31-8b,g24a_fever_138355,7bc1d63c46,decrease,admit_post,1.9633868814282256
llama31-8b,g24a_fever_138355,7bc1d63c46,decrease,exclude_post,1.4434482714074859
llama31-8b,g24a_fever_138355,7bc1d63c46,decrease,strong_exclude_post,3.448051450182299
llama31-8b,g24a_fever_138355,7bc1d63c46,decrease,counterfactual_delete_post,2.223661741801093
llama31-8b,g24a_fever_19719,d90f0f36bc,increase,base,89.17298851440574
llama31-8b,g24a_fever_19719,d90f0f36bc,increase,admit_post,91.33189107242502
llama31-8b,g24a_fever_19719,d90f0f36bc,increase,exclude_post,68.31291224628359
llama31-8b,g24a_fever_19719,d90f0f36bc,increase,strong_exclude_post,43.21912238109573
llama31-8b,g24a_fever_19719,d90f0f36bc,increase,counterfactual_delete_post,20.18992156231569
llama31-8b,g24a_fever_132132,d90f0f36bc,decrease,base,5.947970666222489
llama31-8b,g24a_fever_132132,d90f0f36bc,decrease,admit_post,4.8663246519460115
llama31-8b,g24a_fever_132132,d90f0f36bc,decrease,exclude_post,95.43814044456543
llama31-8b,g24a_fever_132132,d90f0f36bc,decrease,strong_exclude_post,48.34765930438676
llama31-8b,g24a_fever_132132,d90f0f36bc,decrease,counterfactual_delete_post,82.80119772104656
llama31-8b,g24a_fever_70780,01df2d47f2,increase,base,94.0335122541773
llama31-8b,g24a_fever_70780,01df2d47f2,increase,admit_post,98.15776289724074
llama31-8b,g24a_fever_70780,01df2d47f2,increase,exclude_post,18.647372900579494
llama31-8b,g24a_fever_70780,01df2d47f2,increase,strong_exclude_post,18.903859220397017
llama31-8b,g24a_fever_70780,01df2d47f2,increase,counterfactual_delete_post,0.05131977648254311
llama31-8b,g24a_fever_99974,01df2d47f2,decrease,base,7.143059830233884
llama31-8b,g24a_fever_99974,01df2d47f2,decrease,admit_post,3.7894024969135103
llama31-8b,g24a_fever_99974,01df2d47f2,decrease,exclude_post,1.7538937688277587
llama31-8b,g24a_fever_99974,01df2d47f2,decrease,strong_exclude_post,50.12417456521329
llama31-8b,g24a_fever_99974,01df2d47f2,decrease,counterfactual_delete_post,55.55166746509929
llama31-8b,g24a_fever_69652,080a6c2bd0,increase,base,90.18575071420453
llama31-8b,g24a_fever_69652,080a6c2bd0,increase,admit_post,97.74147768065558
llama31-8b,g24a_fever_69652,080a6c2bd0,increase,exclude_post,35.447736799564716
llama31-8b,g24a_fever_69652,080a6c2bd0,increase,strong_exclude_post,54.415427811115606
llama31-8b,g24a_fever_69652,080a6c2bd0,increase,counterfactual_delete_post,44.46028287614929
llama31-8b,g24a_fever_11917,080a6c2bd0,decrease,base,2.6344768696761496
llama31-8b,g24a_fever_11917,080a6c2bd0,decrease,admit_post,93.37839606498788
llama31-8b,g24a_fever_11917,080a6c2bd0,decrease,exclude_post,40.929603796116865
llama31-8b,g24a_fever_11917,080a6c2bd0,decrease,strong_exclude_post,28.455832007373406
llama31-8b,g24a_fever_11917,080a6c2bd0,decrease,counterfactual_delete_post,1.5186463914962065
llama31-8b,g24a_fever_4592,0aa4aeed0f,increase,base,98.34231095576173
llama31-8b,g24a_fever_4592,0aa4aeed0f,increase,admit_post,98.92941274830972
llama31-8b,g24a_fever_4592,0aa4aeed0f,increase,exclude_post,32.71473410804835
llama31-8b,g24a_fever_4592,0aa4aeed0f,increase,strong_exclude_post,89.44574099264864
llama31-8b,g24a_fever_4592,0aa4aeed0f,increase,counterfactual_delete_post,49.19260782251948
llama31-8b,g24a_fever_59214,0aa4aeed0f,decrease,base,4.539187811138319
llama31-8b,g24a_fever_59214,0aa4aeed0f,decrease,admit_post,12.18613296208155
llama31-8b,g24a_fever_59214,0aa4aeed0f,decrease,exclude_post,85.14783165693518
llama31-8b,g24a_fever_59214,0aa4aeed0f,decrease,strong_exclude_post,92.14081380584282
llama31-8b,g24a_fever_59214,0aa4aeed0f,decrease,counterfactual_delete_post,99.9721657840939
llama31-8b,g24a_fever_114158,3af0580f9b,increase,base,99.52734552228719
llama31-8b,g24a_fever_114158,3af0580f9b,increase,admit_post,94.34320014990645
llama31-8b,g24a_fever_114158,3af0580f9b,increase,exclude_post,93.90458366490974
llama31-8b,g24a_fever_114158,3af0580f9b,increase,strong_exclude_post,89.65816688100898
llama31-8b,g24a_fever_114158,3af0580f9b,increase,counterfactual_delete_post,51.756695670251084
llama31-8b,g24a_fever_148551,3af0580f9b,decrease,base,0.21361079213924727
llama31-8b,g24a_fever_148551,3af0580f9b,decrease,admit_post,6.179769753877696
llama31-8b,g24a_fever_148551,3af0580f9b,decrease,exclude_post,0.4482405713784674
llama31-8b,g24a_fever_148551,3af0580f9b,decrease,strong_exclude_post,5.000055841888669
llama31-8b,g24a_fever_148551,3af0580f9b,decrease,counterfactual_delete_post,1.0066958595772595
llama31-8b,g24a_fever_136290,b05287b62f,increase,base,0.21308223873145474
llama31-8b,g24a_fever_136290,b05287b62f,increase,admit_post,95.70988846561883
llama31-8b,g24a_fever_136290,b05287b62f,increase,exclude_post,34.06826795315945
llama31-8b,g24a_fever_136290,b05287b62f,increase,strong_exclude_post,35.3495461463372
llama31-8b,g24a_fever_136290,b05287b62f,increase,counterfactual_delete_post,0.11092612076161883
llama31-8b,g24a_fever_60344,b05287b62f,decrease,base,1.9181153011277112
llama31-8b,g24a_fever_60344,b05287b62f,decrease,admit_post,48.02057514583789
llama31-8b,g24a_fever_60344,b05287b62f,decrease,exclude_post,49.59183120620619
llama31-8b,g24a_fever_60344,b05287b62f,decrease,strong_exclude_post,46.4684395014135
llama31-8b,g24a_fever_60344,b05287b62f,decrease,counterfactual_delete_post,50.037296800669054
llama31-8b,g24a_fever_1251,c8e543ff59,increase,base,97.66902010307916
llama31-8b,g24a_fever_1251,c8e543ff59,increase,admit_post,95.3116479563055
llama31-8b,g24a_fever_1251,c8e543ff59,increase,exclude_post,36.50971029553608
llama31-8b,g24a_fever_1251,c8e543ff59,increase,strong_exclude_post,33.49848167494328
llama31-8b,g24a_fever_1251,c8e543ff59,increase,counterfactual_delete_post,45.88587559397576
llama31-8b,g24a_fever_20202,c8e543ff59,decrease,base,24.116300504725835
llama31-8b,g24a_fever_20202,c8e543ff59,decrease,admit_post,3.157660170714032
llama31-8b,g24a_fever_20202,c8e543ff59,decrease,exclude_post,39.71399429567098
llama31-8b,g24a_fever_20202,c8e543ff59,decrease,strong_exclude_post,40.837978755878964
llama31-8b,g24a_fever_20202,c8e543ff59,decrease,counterfactual_delete_post,47.619811038090965
llama31-8b,g24a_fever_189771,2295b52ec4,increase,base,89.38496142819871
llama31-8b,g24a_fever_189771,2295b52ec4,increase,admit_post,96.72398012774686
llama31-8b,g24a_fever_189771,2295b52ec4,increase,exclude_post,31.81686923852528
llama31-8b,g24a_fever_189771,2295b52ec4,increase,strong_exclude_post,52.29574586065104
llama31-8b,g24a_fever_189771,2295b52ec4,increase,counterfactual_delete_post,30.83526037022149
llama31-8b,g24a_fever_189768,2295b52ec4,decrease,base,75.24753772265002
llama31-8b,g24a_fever_189768,2295b52ec4,decrease,admit_post,97.74082687707248
llama31-8b,g24a_fever_189768,2295b52ec4,decrease,exclude_post,42.355058803312176
llama31-8b,g24a_fever_189768,2295b52ec4,decrease,strong_exclude_post,4.538361789803914
llama31-8b,g24a_fever_189768,2295b52ec4,decrease,counterfactual_delete_post,44.452089824896774
llama31-8b,g24a_fever_25995,234717bc1f,increase,base,83.55636221409364
llama31-8b,g24a_fever_25995,234717bc1f,increase,admit_post,99.24497961281558
llama31-8b,g24a_fever_25995,234717bc1f,increase,exclude_post,87.36074022822716
llama31-8b,g24a_fever_25995,234717bc1f,increase,strong_exclude_post,51.22862259113097
llama31-8b,g24a_fever_25995,234717bc1f,increase,counterfactual_delete_post,44.460859170146094
llama31-8b,g24a_fever_106981,234717bc1f,decrease,base,88.95325671255664
llama31-8b,g24a_fever_106981,234717bc1f,decrease,admit_post,88.45684603047727
llama31-8b,g24a_fever_106981,234717bc1f,decrease,exclude_post,54.666387381350546
llama31-8b,g24a_fever_106981,234717bc1f,decrease,strong_exclude_post,92.8355736791856
llama31-8b,g24a_fever_106981,234717bc1f,decrease,counterfactual_delete_post,0.13483488057849105
llama31-8b,g24a_fever_40944,6da30661c0,increase,base,99.10235371720763
llama31-8b,g24a_fever_40944,6da30661c0,increase,admit_post,97.95343866096286
llama31-8b,g24a_fever_40944,6da30661c0,increase,exclude_post,87.37078296761491
llama31-8b,g24a_fever_40944,6da30661c0,increase,strong_exclude_post,53.828119989565316
llama31-8b,g24a_fever_40944,6da30661c0,increase,counterfactual_delete_post,55.5542749492065
llama31-8b,g24a_fever_34323,6da30661c0,decrease,base,91.11413705039294
llama31-8b,g24a_fever_34323,6da30661c0,decrease,admit_post,93.48643480814168
llama31-8b,g24a_fever_34323,6da30661c0,decrease,exclude_post,95.60655487534058
llama31-8b,g24a_fever_34323,6da30661c0,decrease,strong_exclude_post,44.44618908763395
llama31-8b,g24a_fever_34323,6da30661c0,decrease,counterfactual_delete_post,55.55205377669111
llama31-8b,g24a_fever_12738,e059650125,increase,base,92.72341687510846
llama31-8b,g24a_fever_12738,e059650125,increase,admit_post,8.793811102522561
llama31-8b,g24a_fever_12738,e059650125,increase,exclude_post,92.64583464408226
llama31-8b,g24a_fever_12738,e059650125,increase,strong_exclude_post,88.88727013842654
llama31-8b,g24a_fever_12738,e059650125,increase,counterfactual_delete_post,84.22669466111024
llama31-8b,g24a_fever_91635,e059650125,decrease,base,0.40049033440928317
llama31-8b,g24a_fever_91635,e059650125,decrease,admit_post,7.157108546001698
llama31-8b,g24a_fever_91635,e059650125,decrease,exclude_post,28.553686335877824
llama31-8b,g24a_fever_91635,e059650125,decrease,strong_exclude_post,16.426820973382224
llama31-8b,g24a_fever_91635,e059650125,decrease,counterfactual_delete_post,51.2025310560209
llama31-8b,g24a_fever_199818,2c34b2565b,increase,base,90.66062777463526
llama31-8b,g24a_fever_199818,2c34b2565b,increase,admit_post,92.7239712852053
llama31-8b,g24a_fever_199818,2c34b2565b,increase,exclude_post,87.2491235830367
llama31-8b,g24a_fever_199818,2c34b2565b,increase,strong_exclude_post,48.77805705227908
llama31-8b,g24a_fever_199818,2c34b2565b,increase,counterfactual_delete_post,44.45181439434986
llama31-8b,g24a_fever_199819,2c34b2565b,decrease,base,19.101134605501287
llama31-8b,g24a_fever_199819,2c34b2565b,decrease,admit_post,96.39214181046826
llama31-8b,g24a_fever_199819,2c34b2565b,decrease,exclude_post,60.46309668655361
llama31-8b,g24a_fever_199819,2c34b2565b,decrease,strong_exclude_post,51.43567622731862
llama31-8b,g24a_fever_199819,2c34b2565b,decrease,counterfactual_delete_post,55.55301800528956
llama31-8b,g24a_fever_95679,f360f8b694,increase,base,33.6726896110611
llama31-8b,g24a_fever_95679,f360f8b694,increase,admit_post,99.07162380056756
llama31-8b,g24a_fever_95679,f360f8b694,increase,exclude_post,57.65507788528152
llama31-8b,g24a_fever_95679,f360f8b694,increase,strong_exclude_post,13.134355693180385
llama31-8b,g24a_fever_95679,f360f8b694,increase,counterfactual_delete_post,16.922493150501236
llama31-8b,g24a_fever_143875,f360f8b694,decrease,base,7.6181659092388845
llama31-8b,g24a_fever_143875,f360f8b694,decrease,admit_post,15.080224873121002
llama31-8b,g24a_fever_143875,f360f8b694,decrease,exclude_post,6.2366592956869225
llama31-8b,g24a_fever_143875,f360f8b694,decrease,strong_exclude_post,20.473868419128753
llama31-8b,g24a_fever_143875,f360f8b694,decrease,counterfactual_delete_post,21.491698595516873
llama31-8b,g24a_fever_11237,8216ed3c31,increase,base,94.41878340009187
llama31-8b,g24a_fever_11237,8216ed3c31,increase,admit_post,92.12757171806345
llama31-8b,g24a_fever_11237,8216ed3c31,increase,exclude_post,97.09430331815574
llama31-8b,g24a_fever_11237,8216ed3c31,increase,strong_exclude_post,48.118508433325566
llama31-8b,g24a_fever_11237,8216ed3c31,increase,counterfactual_delete_post,52.4589578489682
llama31-8b,g24a_fever_12084,8216ed3c31,decrease,base,8.158328721273701
llama31-8b,g24a_fever_12084,8216ed3c31,decrease,admit_post,2.4673241004125535
llama31-8b,g24a_fever_12084,8216ed3c31,decrease,exclude_post,42.43742951973444
llama31-8b,g24a_fever_12084,8216ed3c31,decrease,strong_exclude_post,37.13502914797644
llama31-8b,g24a_fever_12084,8216ed3c31,decrease,counterfactual_delete_post,14.584883918715157
llama31-8b,g24a_fever_168011,57dd206baa,increase,base,99.84222010948116
llama31-8b,g24a_fever_168011,57dd206baa,increase,admit_post,93.72880457655889
llama31-8b,g24a_fever_168011,57dd206baa,increase,exclude_post,45.41850649435741
llama31-8b,g24a_fever_168011,57dd206baa,increase,strong_exclude_post,0.29515205190745514
llama31-8b,g24a_fever_168011,57dd206baa,increase,counterfactual_delete_post,54.255755472683916
llama31-8b,g24a_fever_168015,57dd206baa,decrease,base,0.022752447051546915
llama31-8b,g24a_fever_168015,57dd206baa,decrease,admit_post,0.6205627271682409
llama31-8b,g24a_fever_168015,57dd206baa,decrease,exclude_post,0.05463077109934859
llama31-8b,g24a_fever_168015,57dd206baa,decrease,strong_exclude_post,3.663869850304984
llama31-8b,g24a_fever_168015,57dd206baa,decrease,counterfactual_delete_post,7.030098779664908
llama31-8b,g24a_fever_49405,494e225216,increase,base,95.38359051588553
llama31-8b,g24a_fever_49405,494e225216,increase,admit_post,93.71870371099267
llama31-8b,g24a_fever_49405,494e225216,increase,exclude_post,48.04663787091538
llama31-8b,g24a_fever_49405,494e225216,increase,strong_exclude_post,24.578178397590513
llama31-8b,g24a_fever_49405,494e225216,increase,counterfactual_delete_post,55.55255177888526
llama31-8b,g24a_fever_70815,494e225216,decrease,base,50.10274205983318
llama31-8b,g24a_fever_70815,494e225216,decrease,admit_post,16.054214693782306
llama31-8b,g24a_fever_70815,494e225216,decrease,exclude_post,48.69226487177062
llama31-8b,g24a_fever_70815,494e225216,decrease,strong_exclude_post,34.3992867373657
llama31-8b,g24a_fever_70815,494e225216,decrease,counterfactual_delete_post,0.026323417254202716
llama31-8b,g24a_fever_207263,f81d4310d0,increase,base,62.09983914162787
llama31-8b,g24a_fever_207263,f81d4310d0,increase,admit_post,89.76980214354063
llama31-8b,g24a_fever_207263,f81d4310d0,increase,exclude_post,31.990539450943945
llama31-8b,g24a_fever_207263,f81d4310d0,increase,strong_exclude_post,53.08004278044789
llama31-8b,g24a_fever_207263,f81d4310d0,increase,counterfactual_delete_post,23.34138881598472
llama31-8b,g24a_fever_207256,f81d4310d0,decrease,base,47.06958356122876
llama31-8b,g24a_fever_207256,f81d4310d0,decrease,admit_post,40.80550367768357
llama31-8b,g24a_fever_207256,f81d4310d0,decrease,exclude_post,48.95945375090221
llama31-8b,g24a_fever_207256,f81d4310d0,decrease,strong_exclude_post,52.52657713528827
llama31-8b,g24a_fever_207256,f81d4310d0,decrease,counterfactual_delete_post,71.08523608395814
llama31-8b,g24a_fever_64113,b0f96d949b,increase,base,98.16773962043592
llama31-8b,g24a_fever_64113,b0f96d949b,increase,admit_post,92.42672073482434
llama31-8b,g24a_fever_64113,b0f96d949b,increase,exclude_post,52.59922387508536
llama31-8b,g24a_fever_64113,b0f96d949b,increase,strong_exclude_post,43.3137643472688
llama31-8b,g24a_fever_64113,b0f96d949b,increase,counterfactual_delete_post,0.061211875359853285
llama31-8b,g24a_fever_58823,b0f96d949b,decrease,base,93.04053518744057
llama31-8b,g24a_fever_58823,b0f96d949b,decrease,admit_post,9.857697302055643
llama31-8b,g24a_fever_58823,b0f96d949b,decrease,exclude_post,96.35489631188801
llama31-8b,g24a_fever_58823,b0f96d949b,decrease,strong_exclude_post,99.62123956812842
llama31-8b,g24a_fever_58823,b0f96d949b,decrease,counterfactual_delete_post,88.88870499672366
llama31-8b,g24a_fever_48101,f0196dc603,increase,base,94.3276026791014
llama31-8b,g24a_fever_48101,f0196dc603,increase,admit_post,92.40136441749502
llama31-8b,g24a_fever_48101,f0196dc603,increase,exclude_post,37.67041024020657
llama31-8b,g24a_fever_48101,f0196dc603,increase,strong_exclude_post,51.18764969588602
llama31-8b,g24a_fever_48101,f0196dc603,increase,counterfactual_delete_post,48.70363077046146
llama31-8b,g24a_fever_35043,f0196dc603,decrease,base,2.567634869839287
llama31-8b,g24a_fever_35043,f0196dc603,decrease,admit_post,14.798951407067696
llama31-8b,g24a_fever_35043,f0196dc603,decrease,exclude_post,21.79340219878368
llama31-8b,g24a_fever_35043,f0196dc603,decrease,strong_exclude_post,46.30741427588279
llama31-8b,g24a_fever_35043,f0196dc603,decrease,counterfactual_delete_post,55.55231990382826
llama31-8b,g24a_fever_7876,d63fe9fc86,increase,base,99.05101838954981
llama31-8b,g24a_fever_7876,d63fe9fc86,increase,admit_post,98.16097386083972
llama31-8b,g24a_fever_7876,d63fe9fc86,increase,exclude_post,96.82496124222577
llama31-8b,g24a_fever_7876,d63fe9fc86,increase,strong_exclude_post,55.55293549113426
llama31-8b,g24a_fever_7876,d63fe9fc86,increase,counterfactual_delete_post,0.06339052446310695
llama31-8b,g24a_fever_7877,d63fe9fc86,decrease,base,0.07417539192438774
llama31-8b,g24a_fever_7877,d63fe9fc86,decrease,admit_post,0.9054508883450583
llama31-8b,g24a_fever_7877,d63fe9fc86,decrease,exclude_post,0.5414248512871591
llama31-8b,g24a_fever_7877,d63fe9fc86,decrease,strong_exclude_post,48.83098010690853
llama31-8b,g24a_fever_7877,d63fe9fc86,decrease,counterfactual_delete_post,1.2567367074931795
llama31-8b,g24a_fever_47308,b180197526,increase,base,82.52308416020311
llama31-8b,g24a_fever_47308,b180197526,increase,admit_post,90.39990457974275
llama31-8b,g24a_fever_47308,b180197526,increase,exclude_post,44.40117420628159
llama31-8b,g24a_fever_47308,b180197526,increase,strong_exclude_post,34.01103911419089
llama31-8b,g24a_fever_47308,b180197526,increase,counterfactual_delete_post,20.180871537364705
llama31-8b,g24a_fever_76522,b180197526,decrease,base,3.488133218066146
llama31-8b,g24a_fever_76522,b180197526,decrease,admit_post,51.928691752670005
llama31-8b,g24a_fever_76522,b180197526,decrease,exclude_post,26.129197582056147
llama31-8b,g24a_fever_76522,b180197526,decrease,strong_exclude_post,18.15990010892827
llama31-8b,g24a_fever_76522,b180197526,decrease,counterfactual_delete_post,18.43931984769929
llama31-8b,g24a_fever_24345,f0174765dd,increase,base,49.06397860646545
llama31-8b,g24a_fever_24345,f0174765dd,increase,admit_post,5.376839503365254
llama31-8b,g24a_fever_24345,f0174765dd,increase,exclude_post,47.3993903205584
llama31-8b,g24a_fever_24345,f0174765dd,increase,strong_exclude_post,43.258512046602455
llama31-8b,g24a_fever_24345,f0174765dd,increase,counterfactual_delete_post,55.547391120138506
llama31-8b,g24a_fever_110379,f0174765dd,decrease,base,47.62511727556541
llama31-8b,g24a_fever_110379,f0174765dd,decrease,admit_post,3.6667458386253338
llama31-8b,g24a_fever_110379,f0174765dd,decrease,exclude_post,37.98545692796441
llama31-8b,g24a_fever_110379,f0174765dd,decrease,strong_exclude_post,50.898347811018844
llama31-8b,g24a_fever_110379,f0174765dd,decrease,counterfactual_delete_post,51.96208759551905
llama31-8b,g24a_fever_205126,1d71e1b002,increase,base,93.04043553634726
llama31-8b,g24a_fever_205126,1d71e1b002,increase,admit_post,95.93512796695539
llama31-8b,g24a_fever_205126,1d71e1b002,increase,exclude_post,35.28764629249527
llama31-8b,g24a_fever_205126,1d71e1b002,increase,strong_exclude_post,7.5742591546326405
llama31-8b,g24a_fever_205126,1d71e1b002,increase,counterfactual_delete_post,55.54856035223003
llama31-8b,g24a_fever_205099,1d71e1b002,decrease,base,1.1210540504838284
llama31-8b,g24a_fever_205099,1d71e1b002,decrease,admit_post,7.064378145304295
llama31-8b,g24a_fever_205099,1d71e1b002,decrease,exclude_post,3.084599510207748
llama31-8b,g24a_fever_205099,1d71e1b002,decrease,strong_exclude_post,47.58836929270223
llama31-8b,g24a_fever_205099,1d71e1b002,decrease,counterfactual_delete_post,44.58533391655166
llama31-8b,g24a_fever_113884,fb37cb9aa9,increase,base,7.312911248487552
llama31-8b,g24a_fever_113884,fb37cb9aa9,increase,admit_post,95.45865483464435
llama31-8b,g24a_fever_113884,fb37cb9aa9,increase,exclude_post,49.76158332270497
llama31-8b,g24a_fever_113884,fb37cb9aa9,increase,strong_exclude_post,52.4601324216911
llama31-8b,g24a_fever_113884,fb37cb9aa9,increase,counterfactual_delete_post,0.0878065880642077
llama31-8b,g24a_fever_99531,fb37cb9aa9,decrease,base,43.75541074095499
llama31-8b,g24a_fever_99531,fb37cb9aa9,decrease,admit_post,5.367720301933215
llama31-8b,g24a_fever_99531,fb37cb9aa9,decrease,exclude_post,75.49989396142517
llama31-8b,g24a_fever_99531,fb37cb9aa9,decrease,strong_exclude_post,13.205972291217599
llama31-8b,g24a_fever_99531,fb37cb9aa9,decrease,counterfactual_delete_post,44.45856538603266
llama31-8b,g24a_fever_10650,2a3255de71,increase,base,27.872760490767657
llama31-8b,g24a_fever_10650,2a3255de71,increase,admit_post,92.36629282564434
llama31-8b,g24a_fever_10650,2a3255de71,increase,exclude_post,45.33846809995381
llama31-8b,g24a_fever_10650,2a3255de71,increase,strong_exclude_post,33.81559434291089
llama31-8b,g24a_fever_10650,2a3255de71,increase,counterfactual_delete_post,44.44967124977174
llama31-8b,g24a_fever_144800,2a3255de71,decrease,base,12.603283308502284
llama31-8b,g24a_fever_144800,2a3255de71,decrease,admit_post,19.320448922989378
llama31-8b,g24a_fever_144800,2a3255de71,decrease,exclude_post,2.9087047482058463
llama31-8b,g24a_fever_144800,2a3255de71,decrease,strong_exclude_post,1.6305933519808624
llama31-8b,g24a_fever_144800,2a3255de71,decrease,counterfactual_delete_post,39.489577796989295
llama31-8b,g24a_fever_55741,33f8620216,increase,base,89.97420379563573
llama31-8b,g24a_fever_55741,33f8620216,increase,admit_post,88.72660529003115
llama31-8b,g24a_fever_55741,33f8620216,increase,exclude_post,47.4313148841326
llama31-8b,g24a_fever_55741,33f8620216,increase,strong_exclude_post,42.81156296423383
llama31-8b,g24a_fever_55741,33f8620216,increase,counterfactual_delete_post,55.551355835390396
llama31-8b,g24a_fever_20461,33f8620216,decrease,base,1.7531627666256677
llama31-8b,g24a_fever_20461,33f8620216,decrease,admit_post,34.652548971100515
llama31-8b,g24a_fever_20461,33f8620216,decrease,exclude_post,28.176495355367503
llama31-8b,g24a_fever_20461,33f8620216,decrease,strong_exclude_post,33.37380411499324
llama31-8b,g24a_fever_20461,33f8620216,decrease,counterfactual_delete_post,71.55958134161975
llama31-8b,g24a_fever_57718,f7547bfefb,increase,base,99.870281878693
llama31-8b,g24a_fever_57718,f7547bfefb,increase,admit_post,98.49885226926867
llama31-8b,g24a_fever_57718,f7547bfefb,increase,exclude_post,50.26282091806402
llama31-8b,g24a_fever_57718,f7547bfefb,increase,strong_exclude_post,39.38379701095171
llama31-8b,g24a_fever_57718,f7547bfefb,increase,counterfactual_delete_post,0.24815436613107134
llama31-8b,g24a_fever_133910,f7547bfefb,decrease,base,17.85497281195196
llama31-8b,g24a_fever_133910,f7547bfefb,decrease,admit_post,12.016281105340791
llama31-8b,g24a_fever_133910,f7547bfefb,decrease,exclude_post,39.47387048967355
llama31-8b,g24a_fever_133910,f7547bfefb,decrease,strong_exclude_post,50.507830472925065
llama31-8b,g24a_fever_133910,f7547bfefb,decrease,counterfactual_delete_post,42.08769402483009
llama31-8b,g24a_fever_36333,e3f49ec377,increase,base,23.029841673651113
llama31-8b,g24a_fever_36333,e3f49ec377,increase,admit_post,98.78831245328219
llama31-8b,g24a_fever_36333,e3f49ec377,increase,exclude_post,97.97521861632349
llama31-8b,g24a_fever_36333,e3f49ec377,increase,strong_exclude_post,51.55526661997706
llama31-8b,g24a_fever_36333,e3f49ec377,increase,counterfactual_delete_post,55.5528121218871
llama31-8b,g24a_fever_142984,e3f49ec377,decrease,base,1.5025938648746113
llama31-8b,g24a_fever_142984,e3f49ec377,decrease,admit_post,1.097168886037411
llama31-8b,g24a_fever_142984,e3f49ec377,decrease,exclude_post,3.6350900830181327
llama31-8b,g24a_fever_142984,e3f49ec377,decrease,strong_exclude_post,16.323430476688056
llama31-8b,g24a_fever_142984,e3f49ec377,decrease,counterfactual_delete_post,0.5250633606431361
llama31-8b,g24a_fever_36453,cf29f7401a,increase,base,89.41971531504731
llama31-8b,g24a_fever_36453,cf29f7401a,increase,admit_post,89.49289749343993
llama31-8b,g24a_fever_36453,cf29f7401a,increase,exclude_post,61.05574876306824
llama31-8b,g24a_fever_36453,cf29f7401a,increase,strong_exclude_post,52.99690918409609
llama31-8b,g24a_fever_36453,cf29f7401a,increase,counterfactual_delete_post,0.07942721252081258
llama31-8b,g24a_fever_153341,cf29f7401a,decrease,base,58.965606695701275
llama31-8b,g24a_fever_153341,cf29f7401a,decrease,admit_post,0.1307205345370367
llama31-8b,g24a_fever_153341,cf29f7401a,decrease,exclude_post,47.88669934182861
llama31-8b,g24a_fever_153341,cf29f7401a,decrease,strong_exclude_post,52.179184042395754
llama31-8b,g24a_fever_153341,cf29f7401a,decrease,counterfactual_delete_post,0.21573397456566715
llama31-8b,g24a_fever_221240,e30b1f6fa0,increase,base,94.83783875110956
llama31-8b,g24a_fever_221240,e30b1f6fa0,increase,admit_post,97.9700883326819
llama31-8b,g24a_fever_221240,e30b1f6fa0,increase,exclude_post,45.687714112435
llama31-8b,g24a_fever_221240,e30b1f6fa0,increase,strong_exclude_post,26.79906873672016
llama31-8b,g24a_fever_221240,e30b1f6fa0,increase,counterfactual_delete_post,50.59103269995544
llama31-8b,g24a_fever_221244,e30b1f6fa0,decrease,base,4.153056298432617
llama31-8b,g24a_fever_221244,e30b1f6fa0,decrease,admit_post,3.52564330002343
llama31-8b,g24a_fever_221244,e30b1f6fa0,decrease,exclude_post,2.207017866674737
llama31-8b,g24a_fever_221244,e30b1f6fa0,decrease,strong_exclude_post,8.187999780498748
llama31-8b,g24a_fever_221244,e30b1f6fa0,decrease,counterfactual_delete_post,9.507180084160463
llama31-8b,g24a_fever_16807,2d03f3662c,increase,base,96.99874981456063
llama31-8b,g24a_fever_16807,2d03f3662c,increase,admit_post,97.96183855119688
llama31-8b,g24a_fever_16807,2d03f3662c,increase,exclude_post,97.22900273117651
llama31-8b,g24a_fever_16807,2d03f3662c,increase,strong_exclude_post,33.96779420978332
llama31-8b,g24a_fever_16807,2d03f3662c,increase,counterfactual_delete_post,43.4379276656065
llama31-8b,g24a_fever_102175,2d03f3662c,decrease,base,2.1296994987427564
llama31-8b,g24a_fever_102175,2d03f3662c,decrease,admit_post,6.468488620534148
llama31-8b,g24a_fever_102175,2d03f3662c,decrease,exclude_post,8.49746057790444
llama31-8b,g24a_fever_102175,2d03f3662c,decrease,strong_exclude_post,1.261660729966137
llama31-8b,g24a_fever_102175,2d03f3662c,decrease,counterfactual_delete_post,0.09060528147614794
llama31-8b,g24a_fever_16701,6cbe0db683,increase,base,46.402792188536104
llama31-8b,g24a_fever_16701,6cbe0db683,increase,admit_post,97.95544536914927
llama31-8b,g24a_fever_16701,6cbe0db683,increase,exclude_post,50.896140236942905
llama31-8b,g24a_fever_16701,6cbe0db683,increase,strong_exclude_post,29.167017300685398
llama31-8b,g24a_fever_16701,6cbe0db683,increase,counterfactual_delete_post,44.473738621158454
llama31-8b,g24a_fever_101473,6cbe0db683,decrease,base,0.39714944601773383
llama31-8b,g24a_fever_101473,6cbe0db683,decrease,admit_post,11.86792138551707
llama31-8b,g24a_fever_101473,6cbe0db683,decrease,exclude_post,42.54084705898909
llama31-8b,g24a_fever_101473,6cbe0db683,decrease,strong_exclude_post,44.34272927566122
llama31-8b,g24a_fever_101473,6cbe0db683,decrease,counterfactual_delete_post,55.54931250811425
llama31-8b,g24a_fever_119549,4ea809259a,increase,base,98.9347036782507
llama31-8b,g24a_fever_119549,4ea809259a,increase,admit_post,99.23629373442243
llama31-8b,g24a_fever_119549,4ea809259a,increase,exclude_post,90.34109690492753
llama31-8b,g24a_fever_119549,4ea809259a,increase,strong_exclude_post,53.54206131296559
llama31-8b,g24a_fever_119549,4ea809259a,increase,counterfactual_delete_post,53.78511985381797
llama31-8b,g24a_fever_76382,4ea809259a,decrease,base,0.05184159822273765
llama31-8b,g24a_fever_76382,4ea809259a,decrease,admit_post,0.31271521650157347
llama31-8b,g24a_fever_76382,4ea809259a,decrease,exclude_post,1.3666253244170152
llama31-8b,g24a_fever_76382,4ea809259a,decrease,strong_exclude_post,1.4769120670319862
llama31-8b,g24a_fever_76382,4ea809259a,decrease,counterfactual_delete_post,1.2732345995921197
llama31-8b,g24a_fever_108882,93ab4ab661,increase,base,94.37922434853314
llama31-8b,g24a_fever_108882,93ab4ab661,increase,admit_post,96.99763068535354
llama31-8b,g24a_fever_108882,93ab4ab661,increase,exclude_post,20.2839779974337
llama31-8b,g24a_fever_108882,93ab4ab661,increase,strong_exclude_post,23.08118817393539
llama31-8b,g24a_fever_108882,93ab4ab661,increase,counterfactual_delete_post,55.55360443396161
llama31-8b,g24a_fever_35695,93ab4ab661,decrease,base,0.16437231476843342
llama31-8b,g24a_fever_35695,93ab4ab661,decrease,admit_post,2.958728836438032
llama31-8b,g24a_fever_35695,93ab4ab661,decrease,exclude_post,2.3173050898911245
llama31-8b,g24a_fever_35695,93ab4ab661,decrease,strong_exclude_post,30.348556675503104
llama31-8b,g24a_fever_35695,93ab4ab661,decrease,counterfactual_delete_post,55.51697656454719
llama31-8b,g24a_fever_90158,dcd7c79741,increase,base,98.8594169082172
llama31-8b,g24a_fever_90158,dcd7c79741,increase,admit_post,98.91879161192107
llama31-8b,g24a_fever_90158,dcd7c79741,increase,exclude_post,94.45708878141403
llama31-8b,g24a_fever_90158,dcd7c79741,increase,strong_exclude_post,29.34143521942446
llama31-8b,g24a_fever_90158,dcd7c79741,increase,counterfactual_delete_post,55.55085242788323
llama31-8b,g24a_fever_71554,dcd7c79741,decrease,base,1.7452257611327573
llama31-8b,g24a_fever_71554,dcd7c79741,decrease,admit_post,2.6529468859167746
llama31-8b,g24a_fever_71554,dcd7c79741,decrease,exclude_post,1.628525585484348
llama31-8b,g24a_fever_71554,dcd7c79741,decrease,strong_exclude_post,31.10818268674484
llama31-8b,g24a_fever_71554,dcd7c79741,decrease,counterfactual_delete_post,55.54689191844118
llama31-8b,g24a_fever_32730,634a5a7bf7,increase,base,21.88121508127643
llama31-8b,g24a_fever_32730,634a5a7bf7,increase,admit_post,98.51623816973702
llama31-8b,g24a_fever_32730,634a5a7bf7,increase,exclude_post,50.624387133035356
llama31-8b,g24a_fever_32730,634a5a7bf7,increase,strong_exclude_post,25.550104122076664
llama31-8b,g24a_fever_32730,634a5a7bf7,increase,counterfactual_delete_post,46.15622729548828
llama31-8b,g24a_fever_67285,634a5a7bf7,decrease,base,0.17033678918728404
llama31-8b,g24a_fever_67285,634a5a7bf7,decrease,admit_post,5.052581631893622
llama31-8b,g24a_fever_67285,634a5a7bf7,decrease,exclude_post,20.747967929398072
llama31-8b,g24a_fever_67285,634a5a7bf7,decrease,strong_exclude_post,41.32816351622286
llama31-8b,g24a_fever_67285,634a5a7bf7,decrease,counterfactual_delete_post,35.44039478724657
llama31-8b,g24a_fever_161906,d12dd79259,increase,base,97.7311190571703
llama31-8b,g24a_fever_161906,d12dd79259,increase,admit_post,93.41216774095982
llama31-8b,g24a_fever_161906,d12dd79259,increase,exclude_post,49.293721334931206
llama31-8b,g24a_fever_161906,d12dd79259,increase,strong_exclude_post,52.70897825352794
llama31-8b,g24a_fever_161906,d12dd79259,increase,counterfactual_delete_post,0.2767851708806714
llama31-8b,g24a_fever_161915,d12dd79259,decrease,base,2.514018823827458
llama31-8b,g24a_fever_161915,d12dd79259,decrease,admit_post,9.566743536863733
llama31-8b,g24a_fever_161915,d12dd79259,decrease,exclude_post,43.62194555705464
llama31-8b,g24a_fever_161915,d12dd79259,decrease,strong_exclude_post,48.78707450579939
llama31-8b,g24a_fever_161915,d12dd79259,decrease,counterfactual_delete_post,0.05021784070216688
llama31-8b,g24a_fever_114625,9f5081e9a1,increase,base,98.8111265438485
llama31-8b,g24a_fever_114625,9f5081e9a1,increase,admit_post,96.42902823602894
llama31-8b,g24a_fever_114625,9f5081e9a1,increase,exclude_post,48.37726563036097
llama31-8b,g24a_fever_114625,9f5081e9a1,increase,strong_exclude_post,51.66248612537546
llama31-8b,g24a_fever_114625,9f5081e9a1,increase,counterfactual_delete_post,55.553752797529995
llama31-8b,g24a_fever_124264,9f5081e9a1,decrease,base,8.392441973811298
llama31-8b,g24a_fever_124264,9f5081e9a1,decrease,admit_post,5.630813614647233
llama31-8b,g24a_fever_124264,9f5081e9a1,decrease,exclude_post,0.22958317184087035
llama31-8b,g24a_fever_124264,9f5081e9a1,decrease,strong_exclude_post,7.260514569059563
llama31-8b,g24a_fever_124264,9f5081e9a1,decrease,counterfactual_delete_post,55.54764204741912
llama31-8b,g24a_fever_185301,00246702d1,increase,base,89.65962974780318
llama31-8b,g24a_fever_185301,00246702d1,increase,admit_post,97.74069744182655
llama31-8b,g24a_fever_185301,00246702d1,increase,exclude_post,52.567215246506066
llama31-8b,g24a_fever_185301,00246702d1,increase,strong_exclude_post,52.01666753624173
llama31-8b,g24a_fever_185301,00246702d1,increase,counterfactual_delete_post,55.55325381140926
llama31-8b,g24a_fever_185287,00246702d1,decrease,base,24.70290589309228
llama31-8b,g24a_fever_185287,00246702d1,decrease,admit_post,10.437186830643295
llama31-8b,g24a_fever_185287,00246702d1,decrease,exclude_post,46.579886952455944
llama31-8b,g24a_fever_185287,00246702d1,decrease,strong_exclude_post,49.576937499244686
llama31-8b,g24a_fever_185287,00246702d1,decrease,counterfactual_delete_post,53.76474514438387
llama31-8b,g24a_fever_154989,a736c80e61,increase,base,94.65428321531262
llama31-8b,g24a_fever_154989,a736c80e61,increase,admit_post,92.97585519237555
llama31-8b,g24a_fever_154989,a736c80e61,increase,exclude_post,46.45741280189592
llama31-8b,g24a_fever_154989,a736c80e61,increase,strong_exclude_post,46.432771452626554
llama31-8b,g24a_fever_154989,a736c80e61,increase,counterfactual_delete_post,0.8062677537988403
llama31-8b,g24a_fever_128332,a736c80e61,decrease,base,53.743729273015155
llama31-8b,g24a_fever_128332,a736c80e61,decrease,admit_post,3.8112757413466776
llama31-8b,g24a_fever_128332,a736c80e61,decrease,exclude_post,47.506086276053814
llama31-8b,g24a_fever_128332,a736c80e61,decrease,strong_exclude_post,52.03929726691205
llama31-8b,g24a_fever_128332,a736c80e61,decrease,counterfactual_delete_post,55.54545388449798
llama31-8b,g24a_fever_136282,92b07c2b9d,increase,base,99.7110543703478
llama31-8b,g24a_fever_136282,92b07c2b9d,increase,admit_post,94.7831196499188
llama31-8b,g24a_fever_136282,92b07c2b9d,increase,exclude_post,95.14966137010613
llama31-8b,g24a_fever_136282,92b07c2b9d,increase,strong_exclude_post,79.1745487981337
llama31-8b,g24a_fever_136282,92b07c2b9d,increase,counterfactual_delete_post,55.67283299923975
llama31-8b,g24a_fever_87414,92b07c2b9d,decrease,base,23.222071524501146
llama31-8b,g24a_fever_87414,92b07c2b9d,decrease,admit_post,8.081028908421425
llama31-8b,g24a_fever_87414,92b07c2b9d,decrease,exclude_post,0.24283470580010613
llama31-8b,g24a_fever_87414,92b07c2b9d,decrease,strong_exclude_post,47.259148509656015
llama31-8b,g24a_fever_87414,92b07c2b9d,decrease,counterfactual_delete_post,55.54980824382839
llama31-8b,g24a_fever_10041,3ac4b52efa,increase,base,98.14828879731263
llama31-8b,g24a_fever_10041,3ac4b52efa,increase,admit_post,99.67283133986695
llama31-8b,g24a_fever_10041,3ac4b52efa,increase,exclude_post,55.555529119418274
llama31-8b,g24a_fever_10041,3ac4b52efa,increase,strong_exclude_post,58.40368303141871
llama31-8b,g24a_fever_10041,3ac4b52efa,increase,counterfactual_delete_post,25.307912340107507
llama31-8b,g24a_fever_101434,3ac4b52efa,decrease,base,0.14289207120406444
llama31-8b,g24a_fever_101434,3ac4b52efa,decrease,admit_post,0.761724113675878
llama31-8b,g24a_fever_101434,3ac4b52efa,decrease,exclude_post,0.7440499994334396
llama31-8b,g24a_fever_101434,3ac4b52efa,decrease,strong_exclude_post,1.7177272647627662
llama31-8b,g24a_fever_101434,3ac4b52efa,decrease,counterfactual_delete_post,2.1557557419668965
llama31-8b,g24a_fever_59607,4c8f926d12,increase,base,67.48833343507644
llama31-8b,g24a_fever_59607,4c8f926d12,increase,admit_post,99.79060177345913
llama31-8b,g24a_fever_59607,4c8f926d12,increase,exclude_post,40.889267160900175
llama31-8b,g24a_fever_59607,4c8f926d12,increase,strong_exclude_post,7.9054802818147
llama31-8b,g24a_fever_59607,4c8f926d12,increase,counterfactual_delete_post,20.47985998081771
llama31-8b,g24a_fever_38110,4c8f926d12,decrease,base,20.0137041794449
llama31-8b,g24a_fever_38110,4c8f926d12,decrease,admit_post,3.3963695756912617
llama31-8b,g24a_fever_38110,4c8f926d12,decrease,exclude_post,20.608523754129667
llama31-8b,g24a_fever_38110,4c8f926d12,decrease,strong_exclude_post,48.080920376767246
llama31-8b,g24a_fever_38110,4c8f926d12,decrease,counterfactual_delete_post,0.08259289624869622
llama31-8b,g24a_fever_164647,fa15646b91,increase,base,99.77271819796661
llama31-8b,g24a_fever_164647,fa15646b91,increase,admit_post,93.05807719190355
llama31-8b,g24a_fever_164647,fa15646b91,increase,exclude_post,90.70795225488091
llama31-8b,g24a_fever_164647,fa15646b91,increase,strong_exclude_post,84.41192961742452
llama31-8b,g24a_fever_164647,fa15646b91,increase,counterfactual_delete_post,77.5966195999354
llama31-8b,g24a_fever_164643,fa15646b91,decrease,base,2.620986881122382
llama31-8b,g24a_fever_164643,fa15646b91,decrease,admit_post,0.14090016164524677
llama31-8b,g24a_fever_164643,fa15646b91,decrease,exclude_post,5.089499793621548
llama31-8b,g24a_fever_164643,fa15646b91,decrease,strong_exclude_post,15.393510303702364
llama31-8b,g24a_fever_164643,fa15646b91,decrease,counterfactual_delete_post,15.223500399621336
llama31-8b,g24a_fever_45818,a78e3bd7d1,increase,base,99.90330414785939
llama31-8b,g24a_fever_45818,a78e3bd7d1,increase,admit_post,98.59563774076956
llama31-8b,g24a_fever_45818,a78e3bd7d1,increase,exclude_post,94.61707477763576
llama31-8b,g24a_fever_45818,a78e3bd7d1,increase,strong_exclude_post,52.124127602958566
llama31-8b,g24a_fever_45818,a78e3bd7d1,increase,counterfactual_delete_post,0.08963801509575546
llama31-8b,g24a_fever_145403,a78e3bd7d1,decrease,base,14.081339458426957
llama31-8b,g24a_fever_145403,a78e3bd7d1,decrease,admit_post,13.649568739016255
llama31-8b,g24a_fever_145403,a78e3bd7d1,decrease,exclude_post,40.97735543720505
llama31-8b,g24a_fever_145403,a78e3bd7d1,decrease,strong_exclude_post,52.04938427359728
llama31-8b,g24a_fever_145403,a78e3bd7d1,decrease,counterfactual_delete_post,0.15691165040656874
llama31-8b,g24a_fever_35858,de842ad87f,increase,base,90.08735083640448
llama31-8b,g24a_fever_35858,de842ad87f,increase,admit_post,98.64601164073945
llama31-8b,g24a_fever_35858,de842ad87f,increase,exclude_post,52.740479524923444
llama31-8b,g24a_fever_35858,de842ad87f,increase,strong_exclude_post,38.3627235711049
llama31-8b,g24a_fever_35858,de842ad87f,increase,counterfactual_delete_post,55.553370451718806
llama31-8b,g24a_fever_127098,de842ad87f,decrease,base,39.94432441483626
llama31-8b,g24a_fever_127098,de842ad87f,decrease,admit_post,5.687115803251279
llama31-8b,g24a_fever_127098,de842ad87f,decrease,exclude_post,1.6857684327732707
llama31-8b,g24a_fever_127098,de842ad87f,decrease,strong_exclude_post,47.42325305060195
llama31-8b,g24a_fever_127098,de842ad87f,decrease,counterfactual_delete_post,44.44560577173779
llama31-8b,g24a_fever_39793,85a06caaee,increase,base,76.30195663500241
llama31-8b,g24a_fever_39793,85a06caaee,increase,admit_post,95.4018064950259
llama31-8b,g24a_fever_39793,85a06caaee,increase,exclude_post,50.90377509538947
llama31-8b,g24a_fever_39793,85a06caaee,increase,strong_exclude_post,38.263191437979806
llama31-8b,g24a_fever_39793,85a06caaee,increase,counterfactual_delete_post,55.55060609869871
llama31-8b,g24a_fever_111717,85a06caaee,decrease,base,2.2202946519059723
llama31-8b,g24a_fever_111717,85a06caaee,decrease,admit_post,23.41504211685286
llama31-8b,g24a_fever_111717,85a06caaee,decrease,exclude_post,41.252298081177294
llama31-8b,g24a_fever_111717,85a06caaee,decrease,strong_exclude_post,38.471409364303256
llama31-8b,g24a_fever_111717,85a06caaee,decrease,counterfactual_delete_post,55.54707109931239
llama31-8b,g24a_fever_5111,d2994cae2a,increase,base,99.78991756264938
llama31-8b,g24a_fever_5111,d2994cae2a,increase,admit_post,94.77596178776626
llama31-8b,g24a_fever_5111,d2994cae2a,increase,exclude_post,52.842161341057825
llama31-8b,g24a_fever_5111,d2994cae2a,increase,strong_exclude_post,23.858897497420223
llama31-8b,g24a_fever_5111,d2994cae2a,increase,counterfactual_delete_post,55.552493413913815
llama31-8b,g24a_fever_129248,d2994cae2a,decrease,base,0.6262909115500377
llama31-8b,g24a_fever_129248,d2994cae2a,decrease,admit_post,0.49943686717583763
llama31-8b,g24a_fever_129248,d2994cae2a,decrease,exclude_post,42.69666074784528
llama31-8b,g24a_fever_129248,d2994cae2a,decrease,strong_exclude_post,38.07112337824767
llama31-8b,g24a_fever_129248,d2994cae2a,decrease,counterfactual_delete_post,51.869560265682324
llama31-8b,g24a_fever_426,e739546b88,increase,base,89.99226619331392
llama31-8b,g24a_fever_426,e739546b88,increase,admit_post,95.79067742261229
llama31-8b,g24a_fever_426,e739546b88,increase,exclude_post,53.27867895341106
llama31-8b,g24a_fever_426,e739546b88,increase,strong_exclude_post,46.455917671689946
llama31-8b,g24a_fever_426,e739546b88,increase,counterfactual_delete_post,55.55589073667817
llama31-8b,g24a_fever_126568,e739546b88,decrease,base,82.23697325852766
llama31-8b,g24a_fever_126568,e739546b88,decrease,admit_post,1.7674537195640905
llama31-8b,g24a_fever_126568,e739546b88,decrease,exclude_post,48.75653350326925
llama31-8b,g24a_fever_126568,e739546b88,decrease,strong_exclude_post,51.38821564313159
llama31-8b,g24a_fever_126568,e739546b88,decrease,counterfactual_delete_post,87.29156289620157
llama31-8b,g24a_fever_50529,81facdbc5e,increase,base,91.77688400792096
llama31-8b,g24a_fever_50529,81facdbc5e,increase,admit_post,90.24470371855028
llama31-8b,g24a_fever_50529,81facdbc5e,increase,exclude_post,58.00005900476804
llama31-8b,g24a_fever_50529,81facdbc5e,increase,strong_exclude_post,54.787709822670294
llama31-8b,g24a_fever_50529,81facdbc5e,increase,counterfactual_delete_post,44.44667649460339
llama31-8b,g24a_fever_153808,81facdbc5e,decrease,base,8.133441154741556
llama31-8b,g24a_fever_153808,81facdbc5e,decrease,admit_post,91.15473285086478
llama31-8b,g24a_fever_153808,81facdbc5e,decrease,exclude_post,46.493819741364206
llama31-8b,g24a_fever_153808,81facdbc5e,decrease,strong_exclude_post,52.462522448879135
llama31-8b,g24a_fever_153808,81facdbc5e,decrease,counterfactual_delete_post,27.658990580997294
llama31-8b,g24a_fever_124663,70f3bba212,increase,base,99.81768049114373
llama31-8b,g24a_fever_124663,70f3bba212,increase,admit_post,91.80574839584354
llama31-8b,g24a_fever_124663,70f3bba212,increase,exclude_post,48.05739631195395
llama31-8b,g24a_fever_124663,70f3bba212,increase,strong_exclude_post,24.066020175947422
llama31-8b,g24a_fever_124663,70f3bba212,increase,counterfactual_delete_post,29.813637225953496
llama31-8b,g24a_fever_102523,70f3bba212,decrease,base,36.45345177068675
llama31-8b,g24a_fever_102523,70f3bba212,decrease,admit_post,52.61587282295961
llama31-8b,g24a_fever_102523,70f3bba212,decrease,exclude_post,19.344285590180256
llama31-8b,g24a_fever_102523,70f3bba212,decrease,strong_exclude_post,21.70351019462325
llama31-8b,g24a_fever_102523,70f3bba212,decrease,counterfactual_delete_post,22.765786698124543
llama31-8b,g24a_fever_162742,2c627de16c,increase,base,98.80022302596595
llama31-8b,g24a_fever_162742,2c627de16c,increase,admit_post,55.31490850995405
llama31-8b,g24a_fever_162742,2c627de16c,increase,exclude_post,53.3108108402628
llama31-8b,g24a_fever_162742,2c627de16c,increase,strong_exclude_post,86.21945140855584
llama31-8b,g24a_fever_162742,2c627de16c,increase,counterfactual_delete_post,87.41050339956489
llama31-8b,g24a_fever_162741,2c627de16c,decrease,base,0.11889643211244344
llama31-8b,g24a_fever_162741,2c627de16c,decrease,admit_post,3.530723412849508
llama31-8b,g24a_fever_162741,2c627de16c,decrease,exclude_post,2.93053286219697
llama31-8b,g24a_fever_162741,2c627de16c,decrease,strong_exclude_post,1.5483242696329327
llama31-8b,g24a_fever_162741,2c627de16c,decrease,counterfactual_delete_post,6.739441943895635
llama31-8b,g24a_fever_22255,00138ae21b,increase,base,22.667196065915505
llama31-8b,g24a_fever_22255,00138ae21b,increase,admit_post,99.0355303502005
llama31-8b,g24a_fever_22255,00138ae21b,increase,exclude_post,92.74700095580516
llama31-8b,g24a_fever_22255,00138ae21b,increase,strong_exclude_post,27.438796183319898
llama31-8b,g24a_fever_22255,00138ae21b,increase,counterfactual_delete_post,55.55337457552329
llama31-8b,g24a_fever_64226,00138ae21b,decrease,base,16.421501465235288
llama31-8b,g24a_fever_64226,00138ae21b,decrease,admit_post,1.2459705899174014
llama31-8b,g24a_fever_64226,00138ae21b,decrease,exclude_post,47.3719513415247
llama31-8b,g24a_fever_64226,00138ae21b,decrease,strong_exclude_post,50.753715298405524
llama31-8b,g24a_fever_64226,00138ae21b,decrease,counterfactual_delete_post,53.245987260587974
llama31-8b,g24a_fever_136062,a1d49f957c,increase,base,9.494405311521815
llama31-8b,g24a_fever_136062,a1d49f957c,increase,admit_post,96.41073853790553
llama31-8b,g24a_fever_136062,a1d49f957c,increase,exclude_post,78.25031740539607
llama31-8b,g24a_fever_136062,a1d49f957c,increase,strong_exclude_post,38.226918395846674
llama31-8b,g24a_fever_136062,a1d49f957c,increase,counterfactual_delete_post,87.52818809860769
llama31-8b,g24a_fever_160626,a1d49f957c,decrease,base,0.48987235897664116
llama31-8b,g24a_fever_160626,a1d49f957c,decrease,admit_post,0.38516621719796684
llama31-8b,g24a_fever_160626,a1d49f957c,decrease,exclude_post,25.838476659269045
llama31-8b,g24a_fever_160626,a1d49f957c,decrease,strong_exclude_post,8.513129885630214
llama31-8b,g24a_fever_160626,a1d49f957c,decrease,counterfactual_delete_post,41.42501387698775
llama31-8b,g24a_fever_139037,13bbced4e0,increase,base,99.87463059253129
llama31-8b,g24a_fever_139037,13bbced4e0,increase,admit_post,99.99248384221455
llama31-8b,g24a_fever_139037,13bbced4e0,increase,exclude_post,98.64628611929912
llama31-8b,g24a_fever_139037,13bbced4e0,increase,strong_exclude_post,96.33683848014851
llama31-8b,g24a_fever_139037,13bbced4e0,increase,counterfactual_delete_post,27.975056497144458
llama31-8b,g24a_fever_90666,13bbced4e0,decrease,base,0.8110845283127623
llama31-8b,g24a_fever_90666,13bbced4e0,decrease,admit_post,5.233054532366524
llama31-8b,g24a_fever_90666,13bbced4e0,decrease,exclude_post,0.48182309400803736
llama31-8b,g24a_fever_90666,13bbced4e0,decrease,strong_exclude_post,3.36668259520542
llama31-8b,g24a_fever_90666,13bbced4e0,decrease,counterfactual_delete_post,0.03378019447871224
llama31-8b,g24a_fever_108940,9edc7a0d5b,increase,base,2.7814144956798064
llama31-8b,g24a_fever_108940,9edc7a0d5b,increase,admit_post,1.3031567792971959
llama31-8b,g24a_fever_108940,9edc7a0d5b,increase,exclude_post,50.83487654029849
llama31-8b,g24a_fever_108940,9edc7a0d5b,increase,strong_exclude_post,28.228994027206625
llama31-8b,g24a_fever_108940,9edc7a0d5b,increase,counterfactual_delete_post,35.24665650047767
llama31-8b,g24a_fever_87008,9edc7a0d5b,decrease,base,0.1580298682752347
llama31-8b,g24a_fever_87008,9edc7a0d5b,decrease,admit_post,3.082029967963087
llama31-8b,g24a_fever_87008,9edc7a0d5b,decrease,exclude_post,1.645060190242847
llama31-8b,g24a_fever_87008,9edc7a0d5b,decrease,strong_exclude_post,39.5732369870332
llama31-8b,g24a_fever_87008,9edc7a0d5b,decrease,counterfactual_delete_post,3.7055021991155024
llama31-8b,g24a_fever_20703,7400f170ab,increase,base,98.66258368029536
llama31-8b,g24a_fever_20703,7400f170ab,increase,admit_post,91.33118833266
llama31-8b,g24a_fever_20703,7400f170ab,increase,exclude_post,78.12289062234704
llama31-8b,g24a_fever_20703,7400f170ab,increase,strong_exclude_post,50.66152941636124
llama31-8b,g24a_fever_20703,7400f170ab,increase,counterfactual_delete_post,55.5546779341775
llama31-8b,g24a_fever_134950,7400f170ab,decrease,base,7.757031884662289
llama31-8b,g24a_fever_134950,7400f170ab,decrease,admit_post,6.072404181841041
llama31-8b,g24a_fever_134950,7400f170ab,decrease,exclude_post,31.780161212772057
llama31-8b,g24a_fever_134950,7400f170ab,decrease,strong_exclude_post,91.40040071225448
llama31-8b,g24a_fever_134950,7400f170ab,decrease,counterfactual_delete_post,0.022281022303874746
llama31-8b,g24a_fever_152955,76bbac307e,increase,base,98.63412481181878
llama31-8b,g24a_fever_152955,76bbac307e,increase,admit_post,98.93097887537635
llama31-8b,g24a_fever_152955,76bbac307e,increase,exclude_post,48.28408744588943
llama31-8b,g24a_fever_152955,76bbac307e,increase,strong_exclude_post,48.9258589013915
llama31-8b,g24a_fever_152955,76bbac307e,increase,counterfactual_delete_post,55.55521915538384
llama31-8b,g24a_fever_76118,76bbac307e,decrease,base,2.9688946335639916
llama31-8b,g24a_fever_76118,76bbac307e,decrease,admit_post,9.438380981919472
llama31-8b,g24a_fever_76118,76bbac307e,decrease,exclude_post,27.190852206068506
llama31-8b,g24a_fever_76118,76bbac307e,decrease,strong_exclude_post,31.9504049689065
llama31-8b,g24a_fever_76118,76bbac307e,decrease,counterfactual_delete_post,55.546579471979015
llama31-8b,g24a_fever_146399,6032d38b5a,increase,base,99.33121194202982
llama31-8b,g24a_fever_146399,6032d38b5a,increase,admit_post,97.51461619946156
llama31-8b,g24a_fever_146399,6032d38b5a,increase,exclude_post,97.92242299323354
llama31-8b,g24a_fever_146399,6032d38b5a,increase,strong_exclude_post,85.68552446794813
llama31-8b,g24a_fever_146399,6032d38b5a,increase,counterfactual_delete_post,54.63408630676742
llama31-8b,g24a_fever_20708,6032d38b5a,decrease,base,98.09785304311254
llama31-8b,g24a_fever_20708,6032d38b5a,decrease,admit_post,88.11673390605152
llama31-8b,g24a_fever_20708,6032d38b5a,decrease,exclude_post,94.61309538389139
llama31-8b,g24a_fever_20708,6032d38b5a,decrease,strong_exclude_post,64.04015760704354
llama31-8b,g24a_fever_20708,6032d38b5a,decrease,counterfactual_delete_post,60.35634472686973
llama31-8b,g24a_scifact_911,af4a78996c,increase,base,88.84365942877385
llama31-8b,g24a_scifact_911,af4a78996c,increase,admit_post,92.75334729186942
llama31-8b,g24a_scifact_911,af4a78996c,increase,exclude_post,49.888653079599244
llama31-8b,g24a_scifact_911,af4a78996c,increase,strong_exclude_post,53.236513455198505
llama31-8b,g24a_scifact_911,af4a78996c,increase,counterfactual_delete_post,44.44564194102492
llama31-8b,g24a_scifact_909,af4a78996c,decrease,base,88.88354820673118
llama31-8b,g24a_scifact_909,af4a78996c,decrease,admit_post,20.78008775512193
llama31-8b,g24a_scifact_909,af4a78996c,decrease,exclude_post,50.8790933058777
llama31-8b,g24a_scifact_909,af4a78996c,decrease,strong_exclude_post,54.13554645438715
llama31-8b,g24a_scifact_909,af4a78996c,decrease,counterfactual_delete_post,55.55382836285299
llama31-8b,g24a_scifact_1145,c3e97b1e49,increase,base,52.68523670410688
llama31-8b,g24a_scifact_1145,c3e97b1e49,increase,admit_post,88.06382017975267
llama31-8b,g24a_scifact_1145,c3e97b1e49,increase,exclude_post,54.04843369537443
llama31-8b,g24a_scifact_1145,c3e97b1e49,increase,strong_exclude_post,49.45637026766683
llama31-8b,g24a_scifact_1145,c3e97b1e49,increase,counterfactual_delete_post,73.3886488527065
llama31-8b,g24a_scifact_1144,c3e97b1e49,decrease,base,26.769692032400396
llama31-8b,g24a_scifact_1144,c3e97b1e49,decrease,admit_post,84.78222090380058
llama31-8b,g24a_scifact_1144,c3e97b1e49,decrease,exclude_post,45.50696181234937
llama31-8b,g24a_scifact_1144,c3e97b1e49,decrease,strong_exclude_post,49.42019010883327
llama31-8b,g24a_scifact_1144,c3e97b1e49,decrease,counterfactual_delete_post,48.74849025477082
llama31-8b,g24a_scifact_1266,fd26d2a715,increase,base,83.60549246120712
llama31-8b,g24a_scifact_1266,fd26d2a715,increase,admit_post,89.60668240381925
llama31-8b,g24a_scifact_1266,fd26d2a715,increase,exclude_post,44.57015749638968
llama31-8b,g24a_scifact_1266,fd26d2a715,increase,strong_exclude_post,46.38469758759993
llama31-8b,g24a_scifact_1266,fd26d2a715,increase,counterfactual_delete_post,44.44670831881835
llama31-8b,g24a_scifact_1265,fd26d2a715,decrease,base,23.392313524760354
llama31-8b,g24a_scifact_1265,fd26d2a715,decrease,admit_post,77.56561395867658
llama31-8b,g24a_scifact_1265,fd26d2a715,decrease,exclude_post,1.5206931790599765
llama31-8b,g24a_scifact_1265,fd26d2a715,decrease,strong_exclude_post,53.27518326393184
llama31-8b,g24a_scifact_1265,fd26d2a715,decrease,counterfactual_delete_post,0.4520110705683272
llama31-8b,g24a_scifact_641,76badcd0c8,increase,base,88.92580835009689
llama31-8b,g24a_scifact_641,76badcd0c8,increase,admit_post,91.86257180824612
llama31-8b,g24a_scifact_641,76badcd0c8,increase,exclude_post,5.93862509129622
llama31-8b,g24a_scifact_641,76badcd0c8,increase,strong_exclude_post,51.91874026770562
llama31-8b,g24a_scifact_641,76badcd0c8,increase,counterfactual_delete_post,44.44681602010491
llama31-8b,g24a_scifact_267,76badcd0c8,decrease,base,38.86013384886864
llama31-8b,g24a_scifact_267,76badcd0c8,decrease,admit_post,39.044293949941355
llama31-8b,g24a_scifact_267,76badcd0c8,decrease,exclude_post,1.897807828740201
llama31-8b,g24a_scifact_267,76badcd0c8,decrease,strong_exclude_post,48.70182216035446
llama31-8b,g24a_scifact_267,76badcd0c8,decrease,counterfactual_delete_post,44.434226817589916
llama31-8b,g24a_scifact_448,32723d938a,increase,base,92.75542225674641
llama31-8b,g24a_scifact_448,32723d938a,increase,admit_post,86.78037528323452
llama31-8b,g24a_scifact_448,32723d938a,increase,exclude_post,0.23154861336690827
llama31-8b,g24a_scifact_448,32723d938a,increase,strong_exclude_post,57.93395730001933
llama31-8b,g24a_scifact_448,32723d938a,increase,counterfactual_delete_post,44.4463209962212
llama31-8b,g24a_scifact_447,32723d938a,decrease,base,83.93878686851646
llama31-8b,g24a_scifact_447,32723d938a,decrease,admit_post,47.49390651976834
llama31-8b,g24a_scifact_447,32723d938a,decrease,exclude_post,48.23871415699372
llama31-8b,g24a_scifact_447,32723d938a,decrease,strong_exclude_post,10.029202906424139
llama31-8b,g24a_scifact_447,32723d938a,decrease,counterfactual_delete_post,8.633393831803225
llama31-8b,g24a_scifact_381,62a595ceec,increase,base,89.24020637326612
llama31-8b,g24a_scifact_381,62a595ceec,increase,admit_post,50.89554733960515
llama31-8b,g24a_scifact_381,62a595ceec,increase,exclude_post,39.009462541482094
llama31-8b,g24a_scifact_381,62a595ceec,increase,strong_exclude_post,46.00277120140869
llama31-8b,g24a_scifact_381,62a595ceec,increase,counterfactual_delete_post,67.73385479745585
llama31-8b,g24a_scifact_185,62a595ceec,decrease,base,57.30511583028226
llama31-8b,g24a_scifact_185,62a595ceec,decrease,admit_post,84.31838613971136
llama31-8b,g24a_scifact_185,62a595ceec,decrease,exclude_post,29.779645144623178
llama31-8b,g24a_scifact_185,62a595ceec,decrease,strong_exclude_post,7.947431364990503
llama31-8b,g24a_scifact_185,62a595ceec,decrease,counterfactual_delete_post,89.51605039056975
llama31-8b,g24a_scifact_367,87f335a320,increase,base,69.78563065639509
llama31-8b,g24a_scifact_367,87f335a320,increase,admit_post,68.5194387067155
llama31-8b,g24a_scifact_367,87f335a320,increase,exclude_post,15.07014138993284
llama31-8b,g24a_scifact_367,87f335a320,increase,strong_exclude_post,53.45974392684477
llama31-8b,g24a_scifact_367,87f335a320,increase,counterfactual_delete_post,52.38758175920057
llama31-8b,g24a_scifact_368,87f335a320,decrease,base,42.14796753310419
llama31-8b,g24a_scifact_368,87f335a320,decrease,admit_post,15.08277336621232
llama31-8b,g24a_scifact_368,87f335a320,decrease,exclude_post,11.671536108883945
llama31-8b,g24a_scifact_368,87f335a320,decrease,strong_exclude_post,50.54894538834183
llama31-8b,g24a_scifact_368,87f335a320,decrease,counterfactual_delete_post,53.6577908564993
llama31-8b,g24a_scifact_333,c5cc829617,increase,base,55.52870661112381
llama31-8b,g24a_scifact_333,c5cc829617,increase,admit_post,98.16553827744428
llama31-8b,g24a_scifact_333,c5cc829617,increase,exclude_post,49.22393790713613
llama31-8b,g24a_scifact_333,c5cc829617,increase,strong_exclude_post,46.26203588655353
llama31-8b,g24a_scifact_333,c5cc829617,increase,counterfactual_delete_post,48.01010958238383
llama31-8b,g24a_scifact_332,c5cc829617,decrease,base,52.656567994735504
llama31-8b,g24a_scifact_332,c5cc829617,decrease,admit_post,96.72165942597094
llama31-8b,g24a_scifact_332,c5cc829617,decrease,exclude_post,51.180140968245446
llama31-8b,g24a_scifact_332,c5cc829617,decrease,strong_exclude_post,48.9355776186958
llama31-8b,g24a_scifact_332,c5cc829617,decrease,counterfactual_delete_post,48.411174078889864
llama31-8b,g24a_scifact_480,cae3e50ea1,increase,base,89.74309323401758
llama31-8b,g24a_scifact_480,cae3e50ea1,increase,admit_post,89.9534071013851
llama31-8b,g24a_scifact_480,cae3e50ea1,increase,exclude_post,48.767005151155644
llama31-8b,g24a_scifact_480,cae3e50ea1,increase,strong_exclude_post,52.40346858182018
llama31-8b,g24a_scifact_480,cae3e50ea1,increase,counterfactual_delete_post,81.91078859526759
llama31-8b,g24a_scifact_479,cae3e50ea1,decrease,base,52.02021094426662
llama31-8b,g24a_scifact_479,cae3e50ea1,decrease,admit_post,90.68030989600027
llama31-8b,g24a_scifact_479,cae3e50ea1,decrease,exclude_post,44.49898762381668
llama31-8b,g24a_scifact_479,cae3e50ea1,decrease,strong_exclude_post,51.59902757148061
llama31-8b,g24a_scifact_479,cae3e50ea1,decrease,counterfactual_delete_post,84.85757142962815
llama31-8b,g24a_scifact_397,76f5fdd9ef,increase,base,52.56782875891215
llama31-8b,g24a_scifact_397,76f5fdd9ef,increase,admit_post,90.48137612514711
llama31-8b,g24a_scifact_397,76f5fdd9ef,increase,exclude_post,12.173324635304025
llama31-8b,g24a_scifact_397,76f5fdd9ef,increase,strong_exclude_post,41.034579014622
llama31-8b,g24a_scifact_397,76f5fdd9ef,increase,counterfactual_delete_post,66.66674129331774
llama31-8b,g24a_scifact_396,76f5fdd9ef,decrease,base,18.65110813865252
llama31-8b,g24a_scifact_396,76f5fdd9ef,decrease,admit_post,9.448154769983852
llama31-8b,g24a_scifact_396,76f5fdd9ef,decrease,exclude_post,1.0851456336993206
llama31-8b,g24a_scifact_396,76f5fdd9ef,decrease,strong_exclude_post,51.9162734823513
llama31-8b,g24a_scifact_396,76f5fdd9ef,decrease,counterfactual_delete_post,4.054193556546715
llama31-8b,g24a_scifact_726,f3361096a8,increase,base,53.417658170882405
llama31-8b,g24a_scifact_726,f3361096a8,increase,admit_post,90.34154303619799
llama31-8b,g24a_scifact_726,f3361096a8,increase,exclude_post,44.04359728333356
llama31-8b,g24a_scifact_726,f3361096a8,increase,strong_exclude_post,52.742446961090195
llama31-8b,g24a_scifact_726,f3361096a8,increase,counterfactual_delete_post,44.44828364219422
llama31-8b,g24a_scifact_728,f3361096a8,decrease,base,52.33613194667647
llama31-8b,g24a_scifact_728,f3361096a8,decrease,admit_post,80.40246251617242
llama31-8b,g24a_scifact_728,f3361096a8,decrease,exclude_post,84.45429110551868
llama31-8b,g24a_scifact_728,f3361096a8,decrease,strong_exclude_post,52.366304811886685
llama31-8b,g24a_scifact_728,f3361096a8,decrease,counterfactual_delete_post,19.92554770896472
llama31-8b,g24a_scifact_248,9615cd2c7e,increase,base,31.13952937959067
llama31-8b,g24a_scifact_248,9615cd2c7e,increase,admit_post,89.65376348000393
llama31-8b,g24a_scifact_248,9615cd2c7e,increase,exclude_post,15.440831738675833
llama31-8b,g24a_scifact_248,9615cd2c7e,increase,strong_exclude_post,51.19900747224531
llama31-8b,g24a_scifact_248,9615cd2c7e,increase,counterfactual_delete_post,44.444835320150155
llama31-8b,g24a_scifact_249,9615cd2c7e,decrease,base,47.476145145051774
llama31-8b,g24a_scifact_249,9615cd2c7e,decrease,admit_post,89.54959052971685
llama31-8b,g24a_scifact_249,9615cd2c7e,decrease,exclude_post,17.973709429308833
llama31-8b,g24a_scifact_249,9615cd2c7e,decrease,strong_exclude_post,51.20064144097979
llama31-8b,g24a_scifact_249,9615cd2c7e,decrease,counterfactual_delete_post,44.44484596033677
llama31-8b,g24a_scifact_130,20bf6fbf70,increase,base,84.05552810980363
llama31-8b,g24a_scifact_130,20bf6fbf70,increase,admit_post,91.09957682637054
llama31-8b,g24a_scifact_130,20bf6fbf70,increase,exclude_post,55.55354353702113
llama31-8b,g24a_scifact_130,20bf6fbf70,increase,strong_exclude_post,51.50073067027835
llama31-8b,g24a_scifact_130,20bf6fbf70,increase,counterfactual_delete_post,52.79785593849657
llama31-8b,g24a_scifact_129,20bf6fbf70,decrease,base,50.44183298641235
llama31-8b,g24a_scifact_129,20bf6fbf70,decrease,admit_post,19.903923074051843
llama31-8b,g24a_scifact_129,20bf6fbf70,decrease,exclude_post,43.90700281395089
llama31-8b,g24a_scifact_129,20bf6fbf70,decrease,strong_exclude_post,48.12049705210313
llama31-8b,g24a_scifact_129,20bf6fbf70,decrease,counterfactual_delete_post,49.663702932597175
llama31-8b,g24a_scifact_340,bccffa8b40,increase,base,64.92306457628649
llama31-8b,g24a_scifact_340,bccffa8b40,increase,admit_post,90.19091641670359
llama31-8b,g24a_scifact_340,bccffa8b40,increase,exclude_post,16.63423027831846
llama31-8b,g24a_scifact_340,bccffa8b40,increase,strong_exclude_post,50.86161311423409
llama31-8b,g24a_scifact_340,bccffa8b40,increase,counterfactual_delete_post,55.55508621633192
llama31-8b,g24a_scifact_341,bccffa8b40,decrease,base,24.78501645554139
llama31-8b,g24a_scifact_341,bccffa8b40,decrease,admit_post,90.0362304654736
llama31-8b,g24a_scifact_341,bccffa8b40,decrease,exclude_post,45.41410157586786
llama31-8b,g24a_scifact_341,bccffa8b40,decrease,strong_exclude_post,44.27992782898753
llama31-8b,g24a_scifact_341,bccffa8b40,decrease,counterfactual_delete_post,24.108342194107742
llama31-8b,g24a_scifact_124,c63f9eaa78,increase,base,81.25016226633264
llama31-8b,g24a_scifact_124,c63f9eaa78,increase,admit_post,91.87241520700888
llama31-8b,g24a_scifact_124,c63f9eaa78,increase,exclude_post,51.24667749675684
llama31-8b,g24a_scifact_124,c63f9eaa78,increase,strong_exclude_post,49.94815481024065
llama31-8b,g24a_scifact_124,c63f9eaa78,increase,counterfactual_delete_post,58.33033861215316
llama31-8b,g24a_scifact_123,c63f9eaa78,decrease,base,68.79002490812094
llama31-8b,g24a_scifact_123,c63f9eaa78,decrease,admit_post,95.79386451285572
llama31-8b,g24a_scifact_123,c63f9eaa78,decrease,exclude_post,20.38309397641135
llama31-8b,g24a_scifact_123,c63f9eaa78,decrease,strong_exclude_post,43.489623020429605
llama31-8b,g24a_scifact_123,c63f9eaa78,decrease,counterfactual_delete_post,50.297824474467006
llama31-8b,g24a_scifact_181,ab20774181,increase,base,89.4445299779145
llama31-8b,g24a_scifact_181,ab20774181,increase,admit_post,90.52042569360162
llama31-8b,g24a_scifact_181,ab20774181,increase,exclude_post,48.41538424086437
llama31-8b,g24a_scifact_181,ab20774181,increase,strong_exclude_post,53.51801054094801
llama31-8b,g24a_scifact_181,ab20774181,increase,counterfactual_delete_post,44.448842201475465
llama31-8b,g24a_scifact_180,ab20774181,decrease,base,82.06577638708058
llama31-8b,g24a_scifact_180,ab20774181,decrease,admit_post,90.19602136707202
llama31-8b,g24a_scifact_180,ab20774181,decrease,exclude_post,46.07920528324367
llama31-8b,g24a_scifact_180,ab20774181,decrease,strong_exclude_post,52.672582015530516
llama31-8b,g24a_scifact_180,ab20774181,decrease,counterfactual_delete_post,52.88509454253191
llama31-8b,g24a_scifact_298,d75b4f2510,increase,base,94.42713865699604
llama31-8b,g24a_scifact_298,d75b4f2510,increase,admit_post,90.05690039291302
llama31-8b,g24a_scifact_298,d75b4f2510,increase,exclude_post,54.10930976719088
llama31-8b,g24a_scifact_298,d75b4f2510,increase,strong_exclude_post,43.19993781202382
llama31-8b,g24a_scifact_298,d75b4f2510,increase,counterfactual_delete_post,44.449126425035445
llama31-8b,g24a_scifact_299,d75b4f2510,decrease,base,93.34370911639176
llama31-8b,g24a_scifact_299,d75b4f2510,decrease,admit_post,91.86265110252805
llama31-8b,g24a_scifact_299,d75b4f2510,decrease,exclude_post,54.05051229499716
llama31-8b,g24a_scifact_299,d75b4f2510,decrease,strong_exclude_post,44.27006824028508
llama31-8b,g24a_scifact_299,d75b4f2510,decrease,counterfactual_delete_post,44.450795365715315
llama31-8b,g24a_scifact_822,1b69f798c8,increase,base,85.27172887998397
llama31-8b,g24a_scifact_822,1b69f798c8,increase,admit_post,93.28985326932522
llama31-8b,g24a_scifact_822,1b69f798c8,increase,exclude_post,88.11739897707588
llama31-8b,g24a_scifact_822,1b69f798c8,increase,strong_exclude_post,22.204647341778447
llama31-8b,g24a_scifact_822,1b69f798c8,increase,counterfactual_delete_post,0.06263264208185026
llama31-8b,g24a_scifact_825,1b69f798c8,decrease,base,84.57323275136511
llama31-8b,g24a_scifact_825,1b69f798c8,decrease,admit_post,93.25539146559741
llama31-8b,g24a_scifact_825,1b69f798c8,decrease,exclude_post,85.02347337701616
llama31-8b,g24a_scifact_825,1b69f798c8,decrease,strong_exclude_post,49.5886972346884
llama31-8b,g24a_scifact_825,1b69f798c8,decrease,counterfactual_delete_post,44.45271274988764
llama31-8b,g24a_scifact_61,e66817f338,increase,base,6.115703224790584
llama31-8b,g24a_scifact_61,e66817f338,increase,admit_post,89.71990344146826
llama31-8b,g24a_scifact_61,e66817f338,increase,exclude_post,87.64720764040288
llama31-8b,g24a_scifact_61,e66817f338,increase,strong_exclude_post,87.41875307718472
llama31-8b,g24a_scifact_61,e66817f338,increase,counterfactual_delete_post,55.78105018748852
llama31-8b,g24a_scifact_60,e66817f338,decrease,base,18.6087494354865
llama31-8b,g24a_scifact_60,e66817f338,decrease,admit_post,87.46203302247824
llama31-8b,g24a_scifact_60,e66817f338,decrease,exclude_post,88.44391493603092
llama31-8b,g24a_scifact_60,e66817f338,decrease,strong_exclude_post,87.54043254452807
llama31-8b,g24a_scifact_60,e66817f338,decrease,counterfactual_delete_post,44.44616333766309
llama31-8b,g24a_scifact_286,e77efdb9ab,increase,base,75.2696479793676
llama31-8b,g24a_scifact_286,e77efdb9ab,increase,admit_post,90.39968895673972
llama31-8b,g24a_scifact_286,e77efdb9ab,increase,exclude_post,51.44345397755798
llama31-8b,g24a_scifact_286,e77efdb9ab,increase,strong_exclude_post,43.92572176721089
llama31-8b,g24a_scifact_286,e77efdb9ab,increase,counterfactual_delete_post,44.4480325007888
llama31-8b,g24a_scifact_287,e77efdb9ab,decrease,base,26.62191770003106
llama31-8b,g24a_scifact_287,e77efdb9ab,decrease,admit_post,0.1630299692962415
llama31-8b,g24a_scifact_287,e77efdb9ab,decrease,exclude_post,20.021912784376543
llama31-8b,g24a_scifact_287,e77efdb9ab,decrease,strong_exclude_post,5.154930685930758
llama31-8b,g24a_scifact_287,e77efdb9ab,decrease,counterfactual_delete_post,12.552543052746445
llama31-8b,g24a_scifact_673,a1314c14e5,increase,base,84.56832745042908
llama31-8b,g24a_scifact_673,a1314c14e5,increase,admit_post,99.98219187672336
llama31-8b,g24a_scifact_673,a1314c14e5,increase,exclude_post,89.89181350462789
llama31-8b,g24a_scifact_673,a1314c14e5,increase,strong_exclude_post,90.4298399364262
llama31-8b,g24a_scifact_673,a1314c14e5,increase,counterfactual_delete_post,88.87624585398346
llama31-8b,g24a_scifact_674,a1314c14e5,decrease,base,3.0358249943357913
llama31-8b,g24a_scifact_674,a1314c14e5,decrease,admit_post,0.048694550374947534
llama31-8b,g24a_scifact_674,a1314c14e5,decrease,exclude_post,1.797410406926887
llama31-8b,g24a_scifact_674,a1314c14e5,decrease,strong_exclude_post,27.845876784880595
llama31-8b,g24a_scifact_674,a1314c14e5,decrease,counterfactual_delete_post,0.060249373047639346
llama31-8b,g24a_scifact_121,5752dcb782,increase,base,88.8702359354437
llama31-8b,g24a_scifact_121,5752dcb782,increase,admit_post,87.61230175206664
llama31-8b,g24a_scifact_121,5752dcb782,increase,exclude_post,87.60511480846394
llama31-8b,g24a_scifact_121,5752dcb782,increase,strong_exclude_post,53.54135023405713
llama31-8b,g24a_scifact_121,5752dcb782,increase,counterfactual_delete_post,44.44707302128401
llama31-8b,g24a_scifact_122,5752dcb782,decrease,base,7.032789244309152
llama31-8b,g24a_scifact_122,5752dcb782,decrease,admit_post,67.84228043408356
llama31-8b,g24a_scifact_122,5752dcb782,decrease,exclude_post,44.7797729812768
llama31-8b,g24a_scifact_122,5752dcb782,decrease,strong_exclude_post,52.729397714957685
llama31-8b,g24a_scifact_122,5752dcb782,decrease,counterfactual_delete_post,44.449781678800285
llama31-8b,g24a_scifact_565,a27cec9ad0,increase,base,57.543074128824486
llama31-8b,g24a_scifact_565,a27cec9ad0,increase,admit_post,96.72140354557557
llama31-8b,g24a_scifact_565,a27cec9ad0,increase,exclude_post,51.31696709781542
llama31-8b,g24a_scifact_565,a27cec9ad0,increase,strong_exclude_post,55.5540865501552
llama31-8b,g24a_scifact_565,a27cec9ad0,increase,counterfactual_delete_post,44.44597521280142
llama31-8b,g24a_scifact_566,a27cec9ad0,decrease,base,55.58139360529329
llama31-8b,g24a_scifact_566,a27cec9ad0,decrease,admit_post,96.72153870754968
llama31-8b,g24a_scifact_566,a27cec9ad0,decrease,exclude_post,50.36770702712085
llama31-8b,g24a_scifact_566,a27cec9ad0,decrease,strong_exclude_post,53.66584124851865
llama31-8b,g24a_scifact_566,a27cec9ad0,decrease,counterfactual_delete_post,44.44757949217592
llama31-8b,g24a_scifact_614,428b3ea1c3,increase,base,61.11973321810457
llama31-8b,g24a_scifact_614,428b3ea1c3,increase,admit_post,90.90083794224626
llama31-8b,g24a_scifact_614,428b3ea1c3,increase,exclude_post,1.3684141374314645
llama31-8b,g24a_scifact_614,428b3ea1c3,increase,strong_exclude_post,52.69261812005792
llama31-8b,g24a_scifact_614,428b3ea1c3,increase,counterfactual_delete_post,44.44672355235369
llama31-8b,g24a_scifact_615,428b3ea1c3,decrease,base,73.71790690322165
llama31-8b,g24a_scifact_615,428b3ea1c3,decrease,admit_post,95.12687980284211
llama31-8b,g24a_scifact_615,428b3ea1c3,decrease,exclude_post,47.32014671980278
llama31-8b,g24a_scifact_615,428b3ea1c3,decrease,strong_exclude_post,45.22875130716845
llama31-8b,g24a_scifact_615,428b3ea1c3,decrease,counterfactual_delete_post,44.445044374614035
llama31-8b,g24a_scifact_766,00b32b76ab,increase,base,92.23969189789284
llama31-8b,g24a_scifact_766,00b32b76ab,increase,admit_post,89.1972014236733
llama31-8b,g24a_scifact_766,00b32b76ab,increase,exclude_post,81.57508923032665
llama31-8b,g24a_scifact_766,00b32b76ab,increase,strong_exclude_post,85.03039770508097
llama31-8b,g24a_scifact_766,00b32b76ab,increase,counterfactual_delete_post,86.15726223970249
llama31-8b,g24a_scifact_765,00b32b76ab,decrease,base,0.31686081516382447
llama31-8b,g24a_scifact_765,00b32b76ab,decrease,admit_post,9.077189816055505
llama31-8b,g24a_scifact_765,00b32b76ab,decrease,exclude_post,7.406322562418355
llama31-8b,g24a_scifact_765,00b32b76ab,decrease,strong_exclude_post,46.35894094453283
llama31-8b,g24a_scifact_765,00b32b76ab,decrease,counterfactual_delete_post,41.95581186525327
llama31-8b,g24a_scifact_246,efe9530c55,increase,base,84.15747155730877
llama31-8b,g24a_scifact_246,efe9530c55,increase,admit_post,88.91553769524512
llama31-8b,g24a_scifact_246,efe9530c55,increase,exclude_post,50.733793408822415
llama31-8b,g24a_scifact_246,efe9530c55,increase,strong_exclude_post,53.7080323655236
llama31-8b,g24a_scifact_246,efe9530c55,increase,counterfactual_delete_post,40.88430401619499
llama31-8b,g24a_scifact_245,efe9530c55,decrease,base,15.261391317671732
llama31-8b,g24a_scifact_245,efe9530c55,decrease,admit_post,17.130654864590795
llama31-8b,g24a_scifact_245,efe9530c55,decrease,exclude_post,71.37217207739904
llama31-8b,g24a_scifact_245,efe9530c55,decrease,strong_exclude_post,53.837239452286106
llama31-8b,g24a_scifact_245,efe9530c55,decrease,counterfactual_delete_post,73.297040979738
llama31-8b,g24a_scifact_646,ea9c605f0e,increase,base,92.74888619027182
llama31-8b,g24a_scifact_646,ea9c605f0e,increase,admit_post,91.0529518673578
llama31-8b,g24a_scifact_646,ea9c605f0e,increase,exclude_post,89.03361888823727
llama31-8b,g24a_scifact_646,ea9c605f0e,increase,strong_exclude_post,36.92154484871883
llama31-8b,g24a_scifact_646,ea9c605f0e,increase,counterfactual_delete_post,51.221530690460796
llama31-8b,g24a_scifact_645,ea9c605f0e,decrease,base,9.17677770199304
llama31-8b,g24a_scifact_645,ea9c605f0e,decrease,admit_post,90.16062933439432
llama31-8b,g24a_scifact_645,ea9c605f0e,decrease,exclude_post,87.82471868231687
llama31-8b,g24a_scifact_645,ea9c605f0e,decrease,strong_exclude_post,50.59945730447774
llama31-8b,g24a_scifact_645,ea9c605f0e,decrease,counterfactual_delete_post,44.44498323238005
llama31-8b,g24a_scifact_803,c5788fbeb2,increase,base,84.47745497547318
llama31-8b,g24a_scifact_803,c5788fbeb2,increase,admit_post,90.35116291063504
llama31-8b,g24a_scifact_803,c5788fbeb2,increase,exclude_post,49.72695265010444
llama31-8b,g24a_scifact_803,c5788fbeb2,increase,strong_exclude_post,52.29300795823875
llama31-8b,g24a_scifact_803,c5788fbeb2,increase,counterfactual_delete_post,44.44716136045879
llama31-8b,g24a_scifact_801,c5788fbeb2,decrease,base,53.58076716369937
llama31-8b,g24a_scifact_801,c5788fbeb2,decrease,admit_post,90.33395603958144
llama31-8b,g24a_scifact_801,c5788fbeb2,decrease,exclude_post,49.6512184916209
llama31-8b,g24a_scifact_801,c5788fbeb2,decrease,strong_exclude_post,47.21018609956732
llama31-8b,g24a_scifact_801,c5788fbeb2,decrease,counterfactual_delete_post,44.44492196994017
llama31-8b,g24a_scifact_648,e8e11aaf0e,increase,base,70.96758358346443
llama31-8b,g24a_scifact_648,e8e11aaf0e,increase,admit_post,84.00069916770957
llama31-8b,g24a_scifact_648,e8e11aaf0e,increase,exclude_post,22.228244217451195
llama31-8b,g24a_scifact_648,e8e11aaf0e,increase,strong_exclude_post,53.38293897604492
llama31-8b,g24a_scifact_648,e8e11aaf0e,increase,counterfactual_delete_post,44.44451864664075
llama31-8b,g24a_scifact_647,e8e11aaf0e,decrease,base,42.85595619485153
llama31-8b,g24a_scifact_647,e8e11aaf0e,decrease,admit_post,67.50567027949467
llama31-8b,g24a_scifact_647,e8e11aaf0e,decrease,exclude_post,0.08487650390414568
llama31-8b,g24a_scifact_647,e8e11aaf0e,decrease,strong_exclude_post,53.514537946641404
llama31-8b,g24a_scifact_647,e8e11aaf0e,decrease,counterfactual_delete_post,22.08925327949232
llama31-8b,g24a_scifact_272,767933a013,increase,base,68.86130008004059
llama31-8b,g24a_scifact_272,767933a013,increase,admit_post,80.41372782757064
llama31-8b,g24a_scifact_272,767933a013,increase,exclude_post,50.38879777588449
llama31-8b,g24a_scifact_272,767933a013,increase,strong_exclude_post,52.1922944267122
llama31-8b,g24a_scifact_272,767933a013,increase,counterfactual_delete_post,36.73374688495623
llama31-8b,g24a_scifact_1359,767933a013,decrease,base,45.84629908156653
llama31-8b,g24a_scifact_1359,767933a013,decrease,admit_post,51.30437327203353
llama31-8b,g24a_scifact_1359,767933a013,decrease,exclude_post,3.466314030067839
llama31-8b,g24a_scifact_1359,767933a013,decrease,strong_exclude_post,52.51384847538971
llama31-8b,g24a_scifact_1359,767933a013,decrease,counterfactual_delete_post,38.10356201044238
llama31-8b,g24a_scifact_788,e0d5b1943f,increase,base,64.5926897864786
llama31-8b,g24a_scifact_788,e0d5b1943f,increase,admit_post,88.88893945883302
llama31-8b,g24a_scifact_788,e0d5b1943f,increase,exclude_post,53.91716192880105
llama31-8b,g24a_scifact_788,e0d5b1943f,increase,strong_exclude_post,45.36574978738523
llama31-8b,g24a_scifact_788,e0d5b1943f,increase,counterfactual_delete_post,27.738053012643807
llama31-8b,g24a_scifact_787,e0d5b1943f,decrease,base,38.007593299423235
llama31-8b,g24a_scifact_787,e0d5b1943f,decrease,admit_post,89.07153105893778
llama31-8b,g24a_scifact_787,e0d5b1943f,decrease,exclude_post,54.07113571048178
llama31-8b,g24a_scifact_787,e0d5b1943f,decrease,strong_exclude_post,52.969293066026246
llama31-8b,g24a_scifact_787,e0d5b1943f,decrease,counterfactual_delete_post,31.303680778582944
llama31-8b,g24a_scifact_347,b99675450c,increase,base,56.397048278737415
llama31-8b,g24a_scifact_347,b99675450c,increase,admit_post,89.91083580716816
llama31-8b,g24a_scifact_347,b99675450c,increase,exclude_post,55.55236538069244
llama31-8b,g24a_scifact_347,b99675450c,increase,strong_exclude_post,54.377779965683466
llama31-8b,g24a_scifact_347,b99675450c,increase,counterfactual_delete_post,44.44817891067099
llama31-8b,g24a_scifact_346,b99675450c,decrease,base,46.7887801690255
llama31-8b,g24a_scifact_346,b99675450c,decrease,admit_post,89.14586923995208
llama31-8b,g24a_scifact_346,b99675450c,decrease,exclude_post,55.551671280370506
llama31-8b,g24a_scifact_346,b99675450c,decrease,strong_exclude_post,53.257738817174626
llama31-8b,g24a_scifact_346,b99675450c,decrease,counterfactual_delete_post,44.44647740402699
gemma3-12b,g24a_fever_104703,0c6800fb98,increase,base,99.33236874548487
gemma3-12b,g24a_fever_104703,0c6800fb98,increase,admit_post,99.67430599036022
gemma3-12b,g24a_fever_104703,0c6800fb98,increase,exclude_post,77.94713139522834
gemma3-12b,g24a_fever_104703,0c6800fb98,increase,strong_exclude_post,89.1441780275094
gemma3-12b,g24a_fever_104703,0c6800fb98,increase,counterfactual_delete_post,55.11359834488061
gemma3-12b,g24a_fever_42954,0c6800fb98,decrease,base,88.93410196505377
gemma3-12b,g24a_fever_42954,0c6800fb98,decrease,admit_post,0.0019767644856945113
gemma3-12b,g24a_fever_42954,0c6800fb98,decrease,exclude_post,0.4196046368031125
gemma3-12b,g24a_fever_42954,0c6800fb98,decrease,strong_exclude_post,55.47061351960428
gemma3-12b,g24a_fever_42954,0c6800fb98,decrease,counterfactual_delete_post,55.54979573942632
gemma3-12b,g24a_fever_196992,8ab41d7c96,increase,base,99.9988099532733
gemma3-12b,g24a_fever_196992,8ab41d7c96,increase,admit_post,99.99384039021093
gemma3-12b,g24a_fever_196992,8ab41d7c96,increase,exclude_post,99.90384406210855
gemma3-12b,g24a_fever_196992,8ab41d7c96,increase,strong_exclude_post,91.36329381479547
gemma3-12b,g24a_fever_196992,8ab41d7c96,increase,counterfactual_delete_post,72.22206446553025
gemma3-12b,g24a_fever_196964,8ab41d7c96,decrease,base,2.5322496068869494e-05
gemma3-12b,g24a_fever_196964,8ab41d7c96,decrease,admit_post,0.0004456036553978617
gemma3-12b,g24a_fever_196964,8ab41d7c96,decrease,exclude_post,0.00031323619410779374
gemma3-12b,g24a_fever_196964,8ab41d7c96,decrease,strong_exclude_post,6.422454667576852e-05
gemma3-12b,g24a_fever_196964,8ab41d7c96,decrease,counterfactual_delete_post,10.584260786653083
gemma3-12b,g24a_fever_90925,b03a779396,increase,base,99.97252493049952
gemma3-12b,g24a_fever_90925,b03a779396,increase,admit_post,99.99987936411783
gemma3-12b,g24a_fever_90925,b03a779396,increase,exclude_post,45.51970709498947
gemma3-12b,g24a_fever_90925,b03a779396,increase,strong_exclude_post,55.495809517900845
gemma3-12b,g24a_fever_90925,b03a779396,increase,counterfactual_delete_post,55.475509629333466
gemma3-12b,g24a_fever_126933,b03a779396,decrease,base,7.852874816352105e-05
gemma3-12b,g24a_fever_126933,b03a779396,decrease,admit_post,0.0047845545579324215
gemma3-12b,g24a_fever_126933,b03a779396,decrease,exclude_post,6.557610037658203e-06
gemma3-12b,g24a_fever_126933,b03a779396,decrease,strong_exclude_post,34.612995981956
gemma3-12b,g24a_fever_126933,b03a779396,decrease,counterfactual_delete_post,55.495812292194366
gemma3-12b,g24a_fever_103003,862d663bdc,increase,base,88.8932797399653
gemma3-12b,g24a_fever_103003,862d663bdc,increase,admit_post,93.08377321984759
gemma3-12b,g24a_fever_103003,862d663bdc,increase,exclude_post,55.590928092304615
gemma3-12b,g24a_fever_103003,862d663bdc,increase,strong_exclude_post,93.0834921069197
gemma3-12b,g24a_fever_103003,862d663bdc,increase,counterfactual_delete_post,55.85041247019003
gemma3-12b,g24a_fever_108201,862d663bdc,decrease,base,5.103292813815627e-06
gemma3-12b,g24a_fever_108201,862d663bdc,decrease,admit_post,3.064966758742753e-06
gemma3-12b,g24a_fever_108201,862d663bdc,decrease,exclude_post,1.6369173911365874e-05
gemma3-12b,g24a_fever_108201,862d663bdc,decrease,strong_exclude_post,1.8755740457594632e-05
gemma3-12b,g24a_fever_108201,862d663bdc,decrease,counterfactual_delete_post,0.006968166860463262
gemma3-12b,g24a_fever_96603,7bc1d63c46,increase,base,78.83719846761832
gemma3-12b,g24a_fever_96603,7bc1d63c46,increase,admit_post,75.75131395326595
gemma3-12b,g24a_fever_96603,7bc1d63c46,increase,exclude_post,54.75879088394089
gemma3-12b,g24a_fever_96603,7bc1d63c46,increase,strong_exclude_post,49.714254688827765
gemma3-12b,g24a_fever_96603,7bc1d63c46,increase,counterfactual_delete_post,55.33255406321436
gemma3-12b,g24a_fever_138355,7bc1d63c46,decrease,base,0.0001913239761905611
gemma3-12b,g24a_fever_138355,7bc1d63c46,decrease,admit_post,1.7412142846336748e-05
gemma3-12b,g24a_fever_138355,7bc1d63c46,decrease,exclude_post,4.8714631103845e-05
gemma3-12b,g24a_fever_138355,7bc1d63c46,decrease,strong_exclude_post,3.729021338364711e-05
gemma3-12b,g24a_fever_138355,7bc1d63c46,decrease,counterfactual_delete_post,0.03529113959948698
gemma3-12b,g24a_fever_19719,d90f0f36bc,increase,base,89.08873523102312
gemma3-12b,g24a_fever_19719,d90f0f36bc,increase,admit_post,88.9631091638865
gemma3-12b,g24a_fever_19719,d90f0f36bc,increase,exclude_post,55.548365939582
gemma3-12b,g24a_fever_19719,d90f0f36bc,increase,strong_exclude_post,77.8320685892068
gemma3-12b,g24a_fever_19719,d90f0f36bc,increase,counterfactual_delete_post,55.531475785487565
gemma3-12b,g24a_fever_132132,d90f0f36bc,decrease,base,3.0027635232698753
gemma3-12b,g24a_fever_132132,d90f0f36bc,decrease,admit_post,0.008937169197014897
gemma3-12b,g24a_fever_132132,d90f0f36bc,decrease,exclude_post,5.3581346524281926e-05
gemma3-12b,g24a_fever_132132,d90f0f36bc,decrease,strong_exclude_post,18.653481719705
gemma3-12b,g24a_fever_132132,d90f0f36bc,decrease,counterfactual_delete_post,57.5386296182364
gemma3-12b,g24a_fever_70780,01df2d47f2,increase,base,88.8925270470998
gemma3-12b,g24a_fever_70780,01df2d47f2,increase,admit_post,99.99987906700427
gemma3-12b,g24a_fever_70780,01df2d47f2,increase,exclude_post,55.75381947674383
gemma3-12b,g24a_fever_70780,01df2d47f2,increase,strong_exclude_post,88.8921178147178
gemma3-12b,g24a_fever_70780,01df2d47f2,increase,counterfactual_delete_post,56.218426406543905
gemma3-12b,g24a_fever_99974,01df2d47f2,decrease,base,66.71335381189971
gemma3-12b,g24a_fever_99974,01df2d47f2,decrease,admit_post,0.0009555717583015379
gemma3-12b,g24a_fever_99974,01df2d47f2,decrease,exclude_post,1.2639992240247433e-05
gemma3-12b,g24a_fever_99974,01df2d47f2,decrease,strong_exclude_post,55.19377958017891
gemma3-12b,g24a_fever_99974,01df2d47f2,decrease,counterfactual_delete_post,54.95113835156064
gemma3-12b,g24a_fever_69652,080a6c2bd0,increase,base,88.91623231752615
gemma3-12b,g24a_fever_69652,080a6c2bd0,increase,admit_post,99.99979053970497
gemma3-12b,g24a_fever_69652,080a6c2bd0,increase,exclude_post,55.51176853548055
gemma3-12b,g24a_fever_69652,080a6c2bd0,increase,strong_exclude_post,72.90647383013288
gemma3-12b,g24a_fever_69652,080a6c2bd0,increase,counterfactual_delete_post,58.02608621143101
gemma3-12b,g24a_fever_11917,080a6c2bd0,decrease,base,31.31420329339351
gemma3-12b,g24a_fever_11917,080a6c2bd0,decrease,admit_post,0.004267912580913461
gemma3-12b,g24a_fever_11917,080a6c2bd0,decrease,exclude_post,63.14191495270508
gemma3-12b,g24a_fever_11917,080a6c2bd0,decrease,strong_exclude_post,50.157283815505544
gemma3-12b,g24a_fever_11917,080a6c2bd0,decrease,counterfactual_delete_post,47.68762919953694
gemma3-12b,g24a_fever_4592,0aa4aeed0f,increase,base,99.9996112671755
gemma3-12b,g24a_fever_4592,0aa4aeed0f,increase,admit_post,99.99963395991155
gemma3-12b,g24a_fever_4592,0aa4aeed0f,increase,exclude_post,98.92903045230972
gemma3-12b,g24a_fever_4592,0aa4aeed0f,increase,strong_exclude_post,88.91571285579721
gemma3-12b,g24a_fever_4592,0aa4aeed0f,increase,counterfactual_delete_post,57.190115068168296
gemma3-12b,g24a_fever_59214,0aa4aeed0f,decrease,base,99.99001550698006
gemma3-12b,g24a_fever_59214,0aa4aeed0f,decrease,admit_post,11.09009596394943
gemma3-12b,g24a_fever_59214,0aa4aeed0f,decrease,exclude_post,76.7314597652513
gemma3-12b,g24a_fever_59214,0aa4aeed0f,decrease,strong_exclude_post,88.96274571788236
gemma3-12b,g24a_fever_59214,0aa4aeed0f,decrease,counterfactual_delete_post,68.31197841056057
gemma3-12b,g24a_fever_114158,3af0580f9b,increase,base,99.33232767922391
gemma3-12b,g24a_fever_114158,3af0580f9b,increase,admit_post,88.8805247736014
gemma3-12b,g24a_fever_114158,3af0580f9b,increase,exclude_post,77.96860760310763
gemma3-12b,g24a_fever_114158,3af0580f9b,increase,strong_exclude_post,88.93234750576431
gemma3-12b,g24a_fever_114158,3af0580f9b,increase,counterfactual_delete_post,71.53257225786871
gemma3-12b,g24a_fever_148551,3af0580f9b,decrease,base,0.0005063103938323302
gemma3-12b,g24a_fever_148551,3af0580f9b,decrease,admit_post,7.772247457762844e-05
gemma3-12b,g24a_fever_148551,3af0580f9b,decrease,exclude_post,77.57973765902136
gemma3-12b,g24a_fever_148551,3af0580f9b,decrease,strong_exclude_post,0.0010721136268397524
gemma3-12b,g24a_fever_148551,3af0580f9b,decrease,counterfactual_delete_post,21.555091971313402
gemma3-12b,g24a_fever_136290,b05287b62f,increase,base,8.407377359187178e-06
gemma3-12b,g24a_fever_136290,b05287b62f,increase,admit_post,99.6558924202083
gemma3-12b,g24a_fever_136290,b05287b62f,increase,exclude_post,88.63294837375891
gemma3-12b,g24a_fever_136290,b05287b62f,increase,strong_exclude_post,88.73370143408356
gemma3-12b,g24a_fever_136290,b05287b62f,increase,counterfactual_delete_post,55.76553670095818
gemma3-12b,g24a_fever_60344,b05287b62f,decrease,base,7.090757617232414e-05
gemma3-12b,g24a_fever_60344,b05287b62f,decrease,admit_post,0.0006368921757876965
gemma3-12b,g24a_fever_60344,b05287b62f,decrease,exclude_post,0.000244430278045247
gemma3-12b,g24a_fever_60344,b05287b62f,decrease,strong_exclude_post,0.00021612104698610983
gemma3-12b,g24a_fever_60344,b05287b62f,decrease,counterfactual_delete_post,0.016723125051811488
gemma3-12b,g24a_fever_1251,c8e543ff59,increase,base,99.99763158829667
gemma3-12b,g24a_fever_1251,c8e543ff59,increase,admit_post,99.992047263674
gemma3-12b,g24a_fever_1251,c8e543ff59,increase,exclude_post,98.35492738670146
gemma3-12b,g24a_fever_1251,c8e543ff59,increase,strong_exclude_post,88.89062086636504
gemma3-12b,g24a_fever_1251,c8e543ff59,increase,counterfactual_delete_post,55.51450443163081
gemma3-12b,g24a_fever_20202,c8e543ff59,decrease,base,0.0026375269033333975
gemma3-12b,g24a_fever_20202,c8e543ff59,decrease,admit_post,0.0001004356180277396
gemma3-12b,g24a_fever_20202,c8e543ff59,decrease,exclude_post,0.00012927564792883102
gemma3-12b,g24a_fever_20202,c8e543ff59,decrease,strong_exclude_post,0.0004326107900829584
gemma3-12b,g24a_fever_20202,c8e543ff59,decrease,counterfactual_delete_post,55.15081172637292
gemma3-12b,g24a_fever_189771,2295b52ec4,increase,base,89.04514902103546
gemma3-12b,g24a_fever_189771,2295b52ec4,increase,admit_post,89.0451469820961
gemma3-12b,g24a_fever_189771,2295b52ec4,increase,exclude_post,88.05964151395077
gemma3-12b,g24a_fever_189771,2295b52ec4,increase,strong_exclude_post,66.70056238547599
gemma3-12b,g24a_fever_189771,2295b52ec4,increase,counterfactual_delete_post,58.540072839460876
gemma3-12b,g24a_fever_189768,2295b52ec4,decrease,base,11.091463383708302
gemma3-12b,g24a_fever_189768,2295b52ec4,decrease,admit_post,88.88257306466136
gemma3-12b,g24a_fever_189768,2295b52ec4,decrease,exclude_post,45.77021507371245
gemma3-12b,g24a_fever_189768,2295b52ec4,decrease,strong_exclude_post,11.391621748751664
gemma3-12b,g24a_fever_189768,2295b52ec4,decrease,counterfactual_delete_post,55.53753373268331
gemma3-12b,g24a_fever_25995,234717bc1f,increase,base,99.99899032879598
gemma3-12b,g24a_fever_25995,234717bc1f,increase,admit_post,99.99941425532165
gemma3-12b,g24a_fever_25995,234717bc1f,increase,exclude_post,99.9952744701261
gemma3-12b,g24a_fever_25995,234717bc1f,increase,strong_exclude_post,55.522005176456695
gemma3-12b,g24a_fever_25995,234717bc1f,increase,counterfactual_delete_post,55.55447268286807
gemma3-12b,g24a_fever_106981,234717bc1f,decrease,base,99.99890927880644
gemma3-12b,g24a_fever_106981,234717bc1f,decrease,admit_post,10.467310863061762
gemma3-12b,g24a_fever_106981,234717bc1f,decrease,exclude_post,54.8305153153054
gemma3-12b,g24a_fever_106981,234717bc1f,decrease,strong_exclude_post,66.69659131664362
gemma3-12b,g24a_fever_106981,234717bc1f,decrease,counterfactual_delete_post,55.54711915409093
gemma3-12b,g24a_fever_40944,6da30661c0,increase,base,98.35492982538227
gemma3-12b,g24a_fever_40944,6da30661c0,increase,admit_post,99.99855406873684
gemma3-12b,g24a_fever_40944,6da30661c0,increase,exclude_post,98.33375343575482
gemma3-12b,g24a_fever_40944,6da30661c0,increase,strong_exclude_post,55.4966535400882
gemma3-12b,g24a_fever_40944,6da30661c0,increase,counterfactual_delete_post,55.95937004181009
gemma3-12b,g24a_fever_34323,6da30661c0,decrease,base,0.0014654744253714729
gemma3-12b,g24a_fever_34323,6da30661c0,decrease,admit_post,0.41479928962939216
gemma3-12b,g24a_fever_34323,6da30661c0,decrease,exclude_post,5.558364466274216
gemma3-12b,g24a_fever_34323,6da30661c0,decrease,strong_exclude_post,55.45996076345611
gemma3-12b,g24a_fever_34323,6da30661c0,decrease,counterfactual_delete_post,55.54654645115942
gemma3-12b,g24a_fever_12738,e059650125,increase,base,88.8146352487715
gemma3-12b,g24a_fever_12738,e059650125,increase,admit_post,99.98684172642537
gemma3-12b,g24a_fever_12738,e059650125,increase,exclude_post,89.01763782843709
gemma3-12b,g24a_fever_12738,e059650125,increase,strong_exclude_post,55.537092036061466
gemma3-12b,g24a_fever_12738,e059650125,increase,counterfactual_delete_post,55.918943573672664
gemma3-12b,g24a_fever_91635,e059650125,decrease,base,11.065919612175323
gemma3-12b,g24a_fever_91635,e059650125,decrease,admit_post,0.01668402197104703
gemma3-12b,g24a_fever_91635,e059650125,decrease,exclude_post,0.04001239090289546
gemma3-12b,g24a_fever_91635,e059650125,decrease,strong_exclude_post,55.430938857541975
gemma3-12b,g24a_fever_91635,e059650125,decrease,counterfactual_delete_post,55.45967175210228
gemma3-12b,g24a_fever_199818,2c34b2565b,increase,base,88.93408741953847
gemma3-12b,g24a_fever_199818,2c34b2565b,increase,admit_post,99.4730394169765
gemma3-12b,g24a_fever_199818,2c34b2565b,increase,exclude_post,88.93376533904012
gemma3-12b,g24a_fever_199818,2c34b2565b,increase,strong_exclude_post,66.59666548893284
gemma3-12b,g24a_fever_199818,2c34b2565b,increase,counterfactual_delete_post,51.93936319225466
gemma3-12b,g24a_fever_199819,2c34b2565b,decrease,base,53.14102228161729
gemma3-12b,g24a_fever_199819,2c34b2565b,decrease,admit_post,88.90554354003827
gemma3-12b,g24a_fever_199819,2c34b2565b,decrease,exclude_post,19.43352316904377
gemma3-12b,g24a_fever_199819,2c34b2565b,decrease,strong_exclude_post,0.005423586732832335
gemma3-12b,g24a_fever_199819,2c34b2565b,decrease,counterfactual_delete_post,55.07839285927127
gemma3-12b,g24a_fever_95679,f360f8b694,increase,base,62.79800793288023
gemma3-12b,g24a_fever_95679,f360f8b694,increase,admit_post,99.98347630474517
gemma3-12b,g24a_fever_95679,f360f8b694,increase,exclude_post,53.88781973091605
gemma3-12b,g24a_fever_95679,f360f8b694,increase,strong_exclude_post,55.49304464797177
gemma3-12b,g24a_fever_95679,f360f8b694,increase,counterfactual_delete_post,36.32062122709703
gemma3-12b,g24a_fever_143875,f360f8b694,decrease,base,10.58418914073664
gemma3-12b,g24a_fever_143875,f360f8b694,decrease,admit_post,0.0012146293969312848
gemma3-12b,g24a_fever_143875,f360f8b694,decrease,exclude_post,0.0038796414142811234
gemma3-12b,g24a_fever_143875,f360f8b694,decrease,strong_exclude_post,55.49276351367179
gemma3-12b,g24a_fever_143875,f360f8b694,decrease,counterfactual_delete_post,11.104284056194402
gemma3-12b,g24a_fever_11237,8216ed3c31,increase,base,78.19249156989058
gemma3-12b,g24a_fever_11237,8216ed3c31,increase,admit_post,89.3035788301821
gemma3-12b,g24a_fever_11237,8216ed3c31,increase,exclude_post,89.11670555385177
gemma3-12b,g24a_fever_11237,8216ed3c31,increase,strong_exclude_post,55.5303420379247
gemma3-12b,g24a_fever_11237,8216ed3c31,increase,counterfactual_delete_post,55.53647896545202
gemma3-12b,g24a_fever_12084,8216ed3c31,decrease,base,22.065671651428012
gemma3-12b,g24a_fever_12084,8216ed3c31,decrease,admit_post,0.024271324977525408
gemma3-12b,g24a_fever_12084,8216ed3c31,decrease,exclude_post,0.016701434279412102
gemma3-12b,g24a_fever_12084,8216ed3c31,decrease,strong_exclude_post,26.40464340100543
gemma3-12b,g24a_fever_12084,8216ed3c31,decrease,counterfactual_delete_post,22.23299158647241
gemma3-12b,g24a_fever_168011,57dd206baa,increase,base,79.10217137330409
gemma3-12b,g24a_fever_168011,57dd206baa,increase,admit_post,79.10179414835684
gemma3-12b,g24a_fever_168011,57dd206baa,increase,exclude_post,54.12748478329387
gemma3-12b,g24a_fever_168011,57dd206baa,increase,strong_exclude_post,77.76847491978184
gemma3-12b,g24a_fever_168011,57dd206baa,increase,counterfactual_delete_post,63.09387629636122
gemma3-12b,g24a_fever_168015,57dd206baa,decrease,base,0.00016437899765706706
gemma3-12b,g24a_fever_168015,57dd206baa,decrease,admit_post,6.0334119673480403e-05
gemma3-12b,g24a_fever_168015,57dd206baa,decrease,exclude_post,0.0002704423499691795
gemma3-12b,g24a_fever_168015,57dd206baa,decrease,strong_exclude_post,0.004226364461675336
gemma3-12b,g24a_fever_168015,57dd206baa,decrease,counterfactual_delete_post,0.6676652261870474
gemma3-12b,g24a_fever_49405,494e225216,increase,base,88.87753080380949
gemma3-12b,g24a_fever_49405,494e225216,increase,admit_post,77.79720511292038
gemma3-12b,g24a_fever_49405,494e225216,increase,exclude_post,55.116965554293024
gemma3-12b,g24a_fever_49405,494e225216,increase,strong_exclude_post,88.73266473276826
gemma3-12b,g24a_fever_49405,494e225216,increase,counterfactual_delete_post,55.54474307155193
gemma3-12b,g24a_fever_70815,494e225216,decrease,base,33.29422933967501
gemma3-12b,g24a_fever_70815,494e225216,decrease,admit_post,10.911289463736928
gemma3-12b,g24a_fever_70815,494e225216,decrease,exclude_post,53.49287396161128
gemma3-12b,g24a_fever_70815,494e225216,decrease,strong_exclude_post,65.33241502102747
gemma3-12b,g24a_fever_70815,494e225216,decrease,counterfactual_delete_post,43.12650913815847
gemma3-12b,g24a_fever_207263,f81d4310d0,increase,base,66.6765790320886
gemma3-12b,g24a_fever_207263,f81d4310d0,increase,admit_post,66.64627647608475
gemma3-12b,g24a_fever_207263,f81d4310d0,increase,exclude_post,55.40930851589605
gemma3-12b,g24a_fever_207263,f81d4310d0,increase,strong_exclude_post,66.68158233941897
gemma3-12b,g24a_fever_207263,f81d4310d0,increase,counterfactual_delete_post,50.68882426437306
gemma3-12b,g24a_fever_207256,f81d4310d0,decrease,base,13.583682279259934
gemma3-12b,g24a_fever_207256,f81d4310d0,decrease,admit_post,11.205055428941861
gemma3-12b,g24a_fever_207256,f81d4310d0,decrease,exclude_post,55.53266025205403
gemma3-12b,g24a_fever_207256,f81d4310d0,decrease,strong_exclude_post,55.5462266774638
gemma3-12b,g24a_fever_207256,f81d4310d0,decrease,counterfactual_delete_post,55.542140855687855
gemma3-12b,g24a_fever_64113,b0f96d949b,increase,base,89.14418520687524
gemma3-12b,g24a_fever_64113,b0f96d949b,increase,admit_post,89.4158401954408
gemma3-12b,g24a_fever_64113,b0f96d949b,increase,exclude_post,55.54539455281732
gemma3-12b,g24a_fever_64113,b0f96d949b,increase,strong_exclude_post,88.89556156138913
gemma3-12b,g24a_fever_64113,b0f96d949b,increase,counterfactual_delete_post,77.77109022899437
gemma3-12b,g24a_fever_58823,b0f96d949b,decrease,base,88.79362908745888
gemma3-12b,g24a_fever_58823,b0f96d949b,decrease,admit_post,0.0580050492427531
gemma3-12b,g24a_fever_58823,b0f96d949b,decrease,exclude_post,1.0676942675021472
gemma3-12b,g24a_fever_58823,b0f96d949b,decrease,strong_exclude_post,55.547411663191816
gemma3-12b,g24a_fever_58823,b0f96d949b,decrease,counterfactual_delete_post,55.54879459383567
gemma3-12b,g24a_fever_48101,f0196dc603,increase,base,88.90552710127889
gemma3-12b,g24a_fever_48101,f0196dc603,increase,admit_post,99.80014386584364
gemma3-12b,g24a_fever_48101,f0196dc603,increase,exclude_post,65.18897970145139
gemma3-12b,g24a_fever_48101,f0196dc603,increase,strong_exclude_post,84.02379799046037
gemma3-12b,g24a_fever_48101,f0196dc603,increase,counterfactual_delete_post,55.54892066556086
gemma3-12b,g24a_fever_35043,f0196dc603,decrease,base,66.05555876440921
gemma3-12b,g24a_fever_35043,f0196dc603,decrease,admit_post,34.36202162394223
gemma3-12b,g24a_fever_35043,f0196dc603,decrease,exclude_post,0.05199933800528135
gemma3-12b,g24a_fever_35043,f0196dc603,decrease,strong_exclude_post,55.51605318339825
gemma3-12b,g24a_fever_35043,f0196dc603,decrease,counterfactual_delete_post,50.33404815110712
gemma3-12b,g24a_fever_7876,d63fe9fc86,increase,base,99.92563469075961
gemma3-12b,g24a_fever_7876,d63fe9fc86,increase,admit_post,99.97858861111737
gemma3-12b,g24a_fever_7876,d63fe9fc86,increase,exclude_post,89.30318656636499
gemma3-12b,g24a_fever_7876,d63fe9fc86,increase,strong_exclude_post,99.58515596776368
gemma3-12b,g24a_fever_7876,d63fe9fc86,increase,counterfactual_delete_post,66.67033079880385
gemma3-12b,g24a_fever_7877,d63fe9fc86,decrease,base,1.128374315852455e-06
gemma3-12b,g24a_fever_7877,d63fe9fc86,decrease,admit_post,0.0002703601102993146
gemma3-12b,g24a_fever_7877,d63fe9fc86,decrease,exclude_post,3.6682112694759664e-05
gemma3-12b,g24a_fever_7877,d63fe9fc86,decrease,strong_exclude_post,5.627144795736341e-06
gemma3-12b,g24a_fever_7877,d63fe9fc86,decrease,counterfactual_delete_post,0.00011291586919644805
gemma3-12b,g24a_fever_47308,b180197526,increase,base,88.86143445024828
gemma3-12b,g24a_fever_47308,b180197526,increase,admit_post,88.89662895842854
gemma3-12b,g24a_fever_47308,b180197526,increase,exclude_post,78.83157122721354
gemma3-12b,g24a_fever_47308,b180197526,increase,strong_exclude_post,88.87593502393514
gemma3-12b,g24a_fever_47308,b180197526,increase,counterfactual_delete_post,66.34302342705581
gemma3-12b,g24a_fever_76522,b180197526,decrease,base,33.44248469099811
gemma3-12b,g24a_fever_76522,b180197526,decrease,admit_post,23.242805187931673
gemma3-12b,g24a_fever_76522,b180197526,decrease,exclude_post,42.81444151073478
gemma3-12b,g24a_fever_76522,b180197526,decrease,strong_exclude_post,22.180710272986982
gemma3-12b,g24a_fever_76522,b180197526,decrease,counterfactual_delete_post,33.39473151008752
gemma3-12b,g24a_fever_24345,f0174765dd,increase,base,37.73401356846729
gemma3-12b,g24a_fever_24345,f0174765dd,increase,admit_post,99.99985662789456
gemma3-12b,g24a_fever_24345,f0174765dd,increase,exclude_post,99.99846092600616
gemma3-12b,g24a_fever_24345,f0174765dd,increase,strong_exclude_post,99.84358682369958
gemma3-12b,g24a_fever_24345,f0174765dd,increase,counterfactual_delete_post,55.492417688225814
gemma3-12b,g24a_fever_110379,f0174765dd,decrease,base,37.73525883645499
gemma3-12b,g24a_fever_110379,f0174765dd,decrease,admit_post,7.650904069549238e-05
gemma3-12b,g24a_fever_110379,f0174765dd,decrease,exclude_post,0.3155931396373483
gemma3-12b,g24a_fever_110379,f0174765dd,decrease,strong_exclude_post,55.51173341088371
gemma3-12b,g24a_fever_110379,f0174765dd,decrease,counterfactual_delete_post,55.51096977402362
gemma3-12b,g24a_fever_205126,1d71e1b002,increase,base,99.94190325254304
gemma3-12b,g24a_fever_205126,1d71e1b002,increase,admit_post,99.94198953861553
gemma3-12b,g24a_fever_205126,1d71e1b002,increase,exclude_post,89.08854680003715
gemma3-12b,g24a_fever_205126,1d71e1b002,increase,strong_exclude_post,88.89486339490428
gemma3-12b,g24a_fever_205126,1d71e1b002,increase,counterfactual_delete_post,88.73275001854014
gemma3-12b,g24a_fever_205099,1d71e1b002,decrease,base,2.5197946674210983e-05
gemma3-12b,g24a_fever_205099,1d71e1b002,decrease,admit_post,0.005422506953845186
gemma3-12b,g24a_fever_205099,1d71e1b002,decrease,exclude_post,4.742332010435418e-05
gemma3-12b,g24a_fever_205099,1d71e1b002,decrease,strong_exclude_post,0.002007721009512997
gemma3-12b,g24a_fever_205099,1d71e1b002,decrease,counterfactual_delete_post,11.106191001422575
gemma3-12b,g24a_fever_113884,fb37cb9aa9,increase,base,0.011590704257057383
gemma3-12b,g24a_fever_113884,fb37cb9aa9,increase,admit_post,99.3323702819627
gemma3-12b,g24a_fever_113884,fb37cb9aa9,increase,exclude_post,55.56533218484509
gemma3-12b,g24a_fever_113884,fb37cb9aa9,increase,strong_exclude_post,54.94289281833233
gemma3-12b,g24a_fever_113884,fb37cb9aa9,increase,counterfactual_delete_post,55.53734129823619
gemma3-12b,g24a_fever_99531,fb37cb9aa9,decrease,base,11.111111411393695
gemma3-12b,g24a_fever_99531,fb37cb9aa9,decrease,admit_post,0.027486360363502625
gemma3-12b,g24a_fever_99531,fb37cb9aa9,decrease,exclude_post,55.44437130648477
gemma3-12b,g24a_fever_99531,fb37cb9aa9,decrease,strong_exclude_post,51.588793863846995
gemma3-12b,g24a_fever_99531,fb37cb9aa9,decrease,counterfactual_delete_post,55.087749883643966
gemma3-12b,g24a_fever_10650,2a3255de71,increase,base,66.66072554346978
gemma3-12b,g24a_fever_10650,2a3255de71,increase,admit_post,89.2145753957138
gemma3-12b,g24a_fever_10650,2a3255de71,increase,exclude_post,63.17002313912599
gemma3-12b,g24a_fever_10650,2a3255de71,increase,strong_exclude_post,65.9759821837414
gemma3-12b,g24a_fever_10650,2a3255de71,increase,counterfactual_delete_post,55.51533068225272
gemma3-12b,g24a_fever_144800,2a3255de71,decrease,base,24.695587265017604
gemma3-12b,g24a_fever_144800,2a3255de71,decrease,admit_post,0.1221333517135457
gemma3-12b,g24a_fever_144800,2a3255de71,decrease,exclude_post,6.268649957546866
gemma3-12b,g24a_fever_144800,2a3255de71,decrease,strong_exclude_post,55.52618688368288
gemma3-12b,g24a_fever_144800,2a3255de71,decrease,counterfactual_delete_post,55.4784215727882
gemma3-12b,g24a_fever_55741,33f8620216,increase,base,88.8844511455993
gemma3-12b,g24a_fever_55741,33f8620216,increase,admit_post,88.8615406243372
gemma3-12b,g24a_fever_55741,33f8620216,increase,exclude_post,77.72267228634793
gemma3-12b,g24a_fever_55741,33f8620216,increase,strong_exclude_post,55.338510280243554
gemma3-12b,g24a_fever_55741,33f8620216,increase,counterfactual_delete_post,38.895279424529214
gemma3-12b,g24a_fever_20461,33f8620216,decrease,base,0.0018211561482217348
gemma3-12b,g24a_fever_20461,33f8620216,decrease,admit_post,54.637036617193495
gemma3-12b,g24a_fever_20461,33f8620216,decrease,exclude_post,50.21994118673071
gemma3-12b,g24a_fever_20461,33f8620216,decrease,strong_exclude_post,52.34010993072778
gemma3-12b,g24a_fever_20461,33f8620216,decrease,counterfactual_delete_post,27.78291313561905
gemma3-12b,g24a_fever_57718,f7547bfefb,increase,base,99.9986202078048
gemma3-12b,g24a_fever_57718,f7547bfefb,increase,admit_post,99.99888575481789
gemma3-12b,g24a_fever_57718,f7547bfefb,increase,exclude_post,99.83040932385161
gemma3-12b,g24a_fever_57718,f7547bfefb,increase,strong_exclude_post,54.550642112651445
gemma3-12b,g24a_fever_57718,f7547bfefb,increase,counterfactual_delete_post,55.48005016840661
gemma3-12b,g24a_fever_133910,f7547bfefb,decrease,base,0.00014739546569224373
gemma3-12b,g24a_fever_133910,f7547bfefb,decrease,admit_post,0.00010023115570805864
gemma3-12b,g24a_fever_133910,f7547bfefb,decrease,exclude_post,55.527845133724966
gemma3-12b,g24a_fever_133910,f7547bfefb,decrease,strong_exclude_post,3.759320262903152e-05
gemma3-12b,g24a_fever_133910,f7547bfefb,decrease,counterfactual_delete_post,55.54455656738659
gemma3-12b,g24a_fever_36333,e3f49ec377,increase,base,0.0007594509461882705
gemma3-12b,g24a_fever_36333,e3f49ec377,increase,admit_post,99.9997096844991
gemma3-12b,g24a_fever_36333,e3f49ec377,increase,exclude_post,99.9927780150343
gemma3-12b,g24a_fever_36333,e3f49ec377,increase,strong_exclude_post,0.1333770328546141
gemma3-12b,g24a_fever_36333,e3f49ec377,increase,counterfactual_delete_post,54.711103991217996
gemma3-12b,g24a_fever_142984,e3f49ec377,decrease,base,0.0002442099220104699
gemma3-12b,g24a_fever_142984,e3f49ec377,decrease,admit_post,1.0583730444937998e-05
gemma3-12b,g24a_fever_142984,e3f49ec377,decrease,exclude_post,0.0002135694024791194
gemma3-12b,g24a_fever_142984,e3f49ec377,decrease,strong_exclude_post,55.44624464114687
gemma3-12b,g24a_fever_142984,e3f49ec377,decrease,counterfactual_delete_post,55.16886675571803
gemma3-12b,g24a_fever_36453,cf29f7401a,increase,base,77.77777733924728
gemma3-12b,g24a_fever_36453,cf29f7401a,increase,admit_post,88.89276951310427
gemma3-12b,g24a_fever_36453,cf29f7401a,increase,exclude_post,55.537874761669514
gemma3-12b,g24a_fever_36453,cf29f7401a,increase,strong_exclude_post,86.41439638107795
gemma3-12b,g24a_fever_36453,cf29f7401a,increase,counterfactual_delete_post,55.53063985814101
gemma3-12b,g24a_fever_153341,cf29f7401a,decrease,base,55.55555617508511
gemma3-12b,g24a_fever_153341,cf29f7401a,decrease,admit_post,10.957108776951248
gemma3-12b,g24a_fever_153341,cf29f7401a,decrease,exclude_post,2.0285389325878316
gemma3-12b,g24a_fever_153341,cf29f7401a,decrease,strong_exclude_post,55.533479962135154
gemma3-12b,g24a_fever_153341,cf29f7401a,decrease,counterfactual_delete_post,55.527255242160976
gemma3-12b,g24a_fever_221240,e30b1f6fa0,increase,base,0.00012939211692102536
gemma3-12b,g24a_fever_221240,e30b1f6fa0,increase,admit_post,99.80013916315792
gemma3-12b,g24a_fever_221240,e30b1f6fa0,increase,exclude_post,1.0585106199245788
gemma3-12b,g24a_fever_221240,e30b1f6fa0,increase,strong_exclude_post,52.89332987389401
gemma3-12b,g24a_fever_221240,e30b1f6fa0,increase,counterfactual_delete_post,55.54448441685948
gemma3-12b,g24a_fever_221244,e30b1f6fa0,decrease,base,3.756473608125645e-05
gemma3-12b,g24a_fever_221244,e30b1f6fa0,decrease,admit_post,9.296679357630263e-06
gemma3-12b,g24a_fever_221244,e30b1f6fa0,decrease,exclude_post,3.7535281865147026e-05
gemma3-12b,g24a_fever_221244,e30b1f6fa0,decrease,strong_exclude_post,0.0012124356782250221
gemma3-12b,g24a_fever_221244,e30b1f6fa0,decrease,counterfactual_delete_post,55.501283818697885
gemma3-12b,g24a_fever_16807,2d03f3662c,increase,base,99.99776141031695
gemma3-12b,g24a_fever_16807,2d03f3662c,increase,admit_post,99.98986643064045
gemma3-12b,g24a_fever_16807,2d03f3662c,increase,exclude_post,95.13527011371758
gemma3-12b,g24a_fever_16807,2d03f3662c,increase,strong_exclude_post,89.21453659007715
gemma3-12b,g24a_fever_16807,2d03f3662c,increase,counterfactual_delete_post,67.9903120265827
gemma3-12b,g24a_fever_102175,2d03f3662c,decrease,base,1.0550746498273148e-05
gemma3-12b,g24a_fever_102175,2d03f3662c,decrease,admit_post,3.236594736399097e-05
gemma3-12b,g24a_fever_102175,2d03f3662c,decrease,exclude_post,1.7482519118798024e-05
gemma3-12b,g24a_fever_102175,2d03f3662c,decrease,strong_exclude_post,0.0743749874974233
gemma3-12b,g24a_fever_102175,2d03f3662c,decrease,counterfactual_delete_post,11.118896521678003
gemma3-12b,g24a_fever_16701,6cbe0db683,increase,base,99.84373642189499
gemma3-12b,g24a_fever_16701,6cbe0db683,increase,admit_post,99.58525165543463
gemma3-12b,g24a_fever_16701,6cbe0db683,increase,exclude_post,88.91021635364615
gemma3-12b,g24a_fever_16701,6cbe0db683,increase,strong_exclude_post,54.692954558092765
gemma3-12b,g24a_fever_16701,6cbe0db683,increase,counterfactual_delete_post,52.36637618166758
gemma3-12b,g24a_fever_101473,6cbe0db683,decrease,base,88.63291101650665
gemma3-12b,g24a_fever_101473,6cbe0db683,decrease,admit_post,0.00044868769201882464
gemma3-12b,g24a_fever_101473,6cbe0db683,decrease,exclude_post,77.49772965937149
gemma3-12b,g24a_fever_101473,6cbe0db683,decrease,strong_exclude_post,55.62279542087323
gemma3-12b,g24a_fever_101473,6cbe0db683,decrease,counterfactual_delete_post,55.55147943444288
gemma3-12b,g24a_fever_119549,4ea809259a,increase,base,88.90181479234666
gemma3-12b,g24a_fever_119549,4ea809259a,increase,admit_post,99.99977909567167
gemma3-12b,g24a_fever_119549,4ea809259a,increase,exclude_post,98.35010414389909
gemma3-12b,g24a_fever_119549,4ea809259a,increase,strong_exclude_post,88.88666440597072
gemma3-12b,g24a_fever_119549,4ea809259a,increase,counterfactual_delete_post,55.281661156412135
gemma3-12b,g24a_fever_76382,4ea809259a,decrease,base,1.5385736968941218e-05
gemma3-12b,g24a_fever_76382,4ea809259a,decrease,admit_post,0.00016406647870994417
gemma3-12b,g24a_fever_76382,4ea809259a,decrease,exclude_post,5.318692840109851e-06
gemma3-12b,g24a_fever_76382,4ea809259a,decrease,strong_exclude_post,3.438243179075044e-06
gemma3-12b,g24a_fever_76382,4ea809259a,decrease,counterfactual_delete_post,9.376245779741207e-06
gemma3-12b,g24a_fever_108882,93ab4ab661,increase,base,88.86143470173211
gemma3-12b,g24a_fever_108882,93ab4ab661,increase,admit_post,99.99951166038491
gemma3-12b,g24a_fever_108882,93ab4ab661,increase,exclude_post,55.51593607505466
gemma3-12b,g24a_fever_108882,93ab4ab661,increase,strong_exclude_post,88.89603971409235
gemma3-12b,g24a_fever_108882,93ab4ab661,increase,counterfactual_delete_post,55.16787535259882
gemma3-12b,g24a_fever_35695,93ab4ab661,decrease,base,2.2694389548234493e-05
gemma3-12b,g24a_fever_35695,93ab4ab661,decrease,admit_post,0.0008435589306341831
gemma3-12b,g24a_fever_35695,93ab4ab661,decrease,exclude_post,9.386637688718389e-06
gemma3-12b,g24a_fever_35695,93ab4ab661,decrease,strong_exclude_post,0.00034981888922081764
gemma3-12b,g24a_fever_35695,93ab4ab661,decrease,counterfactual_delete_post,22.176753995694757
gemma3-12b,g24a_fever_90158,dcd7c79741,increase,base,50.17307330225922
gemma3-12b,g24a_fever_90158,dcd7c79741,increase,admit_post,88.87314601750353
gemma3-12b,g24a_fever_90158,dcd7c79741,increase,exclude_post,38.198098122740475
gemma3-12b,g24a_fever_90158,dcd7c79741,increase,strong_exclude_post,55.80856808581898
gemma3-12b,g24a_fever_90158,dcd7c79741,increase,counterfactual_delete_post,54.89409662791748
gemma3-12b,g24a_fever_71554,dcd7c79741,decrease,base,0.001082716729073124
gemma3-12b,g24a_fever_71554,dcd7c79741,decrease,admit_post,0.0008365719937013335
gemma3-12b,g24a_fever_71554,dcd7c79741,decrease,exclude_post,0.045478704194808955
gemma3-12b,g24a_fever_71554,dcd7c79741,decrease,strong_exclude_post,20.899150370635816
gemma3-12b,g24a_fever_71554,dcd7c79741,decrease,counterfactual_delete_post,46.06689858521199
gemma3-12b,g24a_fever_32730,634a5a7bf7,increase,base,89.04513927968327
gemma3-12b,g24a_fever_32730,634a5a7bf7,increase,admit_post,99.99626851151642
gemma3-12b,g24a_fever_32730,634a5a7bf7,increase,exclude_post,87.83226960301064
gemma3-12b,g24a_fever_32730,634a5a7bf7,increase,strong_exclude_post,55.489169258554824
gemma3-12b,g24a_fever_32730,634a5a7bf7,increase,counterfactual_delete_post,55.51504231283611
gemma3-12b,g24a_fever_67285,634a5a7bf7,decrease,base,4.864741954640099
gemma3-12b,g24a_fever_67285,634a5a7bf7,decrease,admit_post,0.009111267475761207
gemma3-12b,g24a_fever_67285,634a5a7bf7,decrease,exclude_post,54.770653749054276
gemma3-12b,g24a_fever_67285,634a5a7bf7,decrease,strong_exclude_post,0.00024180045173732075
gemma3-12b,g24a_fever_67285,634a5a7bf7,decrease,counterfactual_delete_post,48.59391633455428
gemma3-12b,g24a_fever_161906,d12dd79259,increase,base,99.98979277329403
gemma3-12b,g24a_fever_161906,d12dd79259,increase,admit_post,99.99876726353831
gemma3-12b,g24a_fever_161906,d12dd79259,increase,exclude_post,55.52452152858384
gemma3-12b,g24a_fever_161906,d12dd79259,increase,strong_exclude_post,88.8946356492559
gemma3-12b,g24a_fever_161906,d12dd79259,increase,counterfactual_delete_post,55.31103305034684
gemma3-12b,g24a_fever_161915,d12dd79259,decrease,base,0.0002126214587604337
gemma3-12b,g24a_fever_161915,d12dd79259,decrease,admit_post,0.0580597927894119
gemma3-12b,g24a_fever_161915,d12dd79259,decrease,exclude_post,53.433149980030976
gemma3-12b,g24a_fever_161915,d12dd79259,decrease,strong_exclude_post,11.101142136021814
gemma3-12b,g24a_fever_161915,d12dd79259,decrease,counterfactual_delete_post,55.52799479305775
gemma3-12b,g24a_fever_114625,9f5081e9a1,increase,base,99.99519147848663
gemma3-12b,g24a_fever_114625,9f5081e9a1,increase,admit_post,99.99992633799312
gemma3-12b,g24a_fever_114625,9f5081e9a1,increase,exclude_post,73.70133208694728
gemma3-12b,g24a_fever_114625,9f5081e9a1,increase,strong_exclude_post,83.3336544426877
gemma3-12b,g24a_fever_114625,9f5081e9a1,increase,counterfactual_delete_post,66.28703240135893
gemma3-12b,g24a_fever_124264,9f5081e9a1,decrease,base,55.543555879133685
gemma3-12b,g24a_fever_124264,9f5081e9a1,decrease,admit_post,0.00015058459948845377
gemma3-12b,g24a_fever_124264,9f5081e9a1,decrease,exclude_post,47.330183497136446
gemma3-12b,g24a_fever_124264,9f5081e9a1,decrease,strong_exclude_post,0.010350062140440208
gemma3-12b,g24a_fever_124264,9f5081e9a1,decrease,counterfactual_delete_post,55.28735197958152
gemma3-12b,g24a_fever_185301,00246702d1,increase,base,88.92395523355994
gemma3-12b,g24a_fever_185301,00246702d1,increase,admit_post,99.99967742541202
gemma3-12b,g24a_fever_185301,00246702d1,increase,exclude_post,55.51598427400385
gemma3-12b,g24a_fever_185301,00246702d1,increase,strong_exclude_post,55.53596075134555
gemma3-12b,g24a_fever_185301,00246702d1,increase,counterfactual_delete_post,56.08022604523626
gemma3-12b,g24a_fever_185287,00246702d1,decrease,base,55.548735430708845
gemma3-12b,g24a_fever_185287,00246702d1,decrease,admit_post,11.188007063858903
gemma3-12b,g24a_fever_185287,00246702d1,decrease,exclude_post,54.93985614244738
gemma3-12b,g24a_fever_185287,00246702d1,decrease,strong_exclude_post,55.53895026019266
gemma3-12b,g24a_fever_185287,00246702d1,decrease,counterfactual_delete_post,55.472551533673744
gemma3-12b,g24a_fever_154989,a736c80e61,increase,base,25.845118494163426
gemma3-12b,g24a_fever_154989,a736c80e61,increase,admit_post,89.1441514629597
gemma3-12b,g24a_fever_154989,a736c80e61,increase,exclude_post,55.157379685524425
gemma3-12b,g24a_fever_154989,a736c80e61,increase,strong_exclude_post,55.5099402530689
gemma3-12b,g24a_fever_154989,a736c80e61,increase,counterfactual_delete_post,55.38129849167909
gemma3-12b,g24a_fever_128332,a736c80e61,decrease,base,55.544590869231335
gemma3-12b,g24a_fever_128332,a736c80e61,decrease,admit_post,0.25533927286275765
gemma3-12b,g24a_fever_128332,a736c80e61,decrease,exclude_post,55.53763628995959
gemma3-12b,g24a_fever_128332,a736c80e61,decrease,strong_exclude_post,55.53245146356904
gemma3-12b,g24a_fever_128332,a736c80e61,decrease,counterfactual_delete_post,55.527717877431655
gemma3-12b,g24a_fever_136282,92b07c2b9d,increase,base,99.99958821726186
gemma3-12b,g24a_fever_136282,92b07c2b9d,increase,admit_post,99.99967111524487
gemma3-12b,g24a_fever_136282,92b07c2b9d,increase,exclude_post,99.98656789322405
gemma3-12b,g24a_fever_136282,92b07c2b9d,increase,strong_exclude_post,88.98388395634426
gemma3-12b,g24a_fever_136282,92b07c2b9d,increase,counterfactual_delete_post,57.18928854464293
gemma3-12b,g24a_fever_87414,92b07c2b9d,decrease,base,21.897697886085506
gemma3-12b,g24a_fever_87414,92b07c2b9d,decrease,admit_post,0.0017754803497722082
gemma3-12b,g24a_fever_87414,92b07c2b9d,decrease,exclude_post,0.004811986485407962
gemma3-12b,g24a_fever_87414,92b07c2b9d,decrease,strong_exclude_post,44.44251231915732
gemma3-12b,g24a_fever_87414,92b07c2b9d,decrease,counterfactual_delete_post,45.25154089425266
gemma3-12b,g24a_fever_10041,3ac4b52efa,increase,base,99.84372254424356
gemma3-12b,g24a_fever_10041,3ac4b52efa,increase,admit_post,99.99923453034413
gemma3-12b,g24a_fever_10041,3ac4b52efa,increase,exclude_post,99.97853113654145
gemma3-12b,g24a_fever_10041,3ac4b52efa,increase,strong_exclude_post,99.99812962286977
gemma3-12b,g24a_fever_10041,3ac4b52efa,increase,counterfactual_delete_post,67.08073536681988
gemma3-12b,g24a_fever_101434,3ac4b52efa,decrease,base,2.5206176892213034e-05
gemma3-12b,g24a_fever_101434,3ac4b52efa,decrease,admit_post,6.429772395874704e-06
gemma3-12b,g24a_fever_101434,3ac4b52efa,decrease,exclude_post,1.0820113116033467e-05
gemma3-12b,g24a_fever_101434,3ac4b52efa,decrease,strong_exclude_post,2.0933034560300974e-06
gemma3-12b,g24a_fever_101434,3ac4b52efa,decrease,counterfactual_delete_post,0.0032922865632252106
gemma3-12b,g24a_fever_59607,4c8f926d12,increase,base,99.99809064590815
gemma3-12b,g24a_fever_59607,4c8f926d12,increase,admit_post,99.99914204412684
gemma3-12b,g24a_fever_59607,4c8f926d12,increase,exclude_post,99.99691514390899
gemma3-12b,g24a_fever_59607,4c8f926d12,increase,strong_exclude_post,55.44237859961316
gemma3-12b,g24a_fever_59607,4c8f926d12,increase,counterfactual_delete_post,55.46578245082236
gemma3-12b,g24a_fever_38110,4c8f926d12,decrease,base,99.98320364021941
gemma3-12b,g24a_fever_38110,4c8f926d12,decrease,admit_post,0.0004781879272546574
gemma3-12b,g24a_fever_38110,4c8f926d12,decrease,exclude_post,0.019714209384266376
gemma3-12b,g24a_fever_38110,4c8f926d12,decrease,strong_exclude_post,55.526039499017
gemma3-12b,g24a_fever_38110,4c8f926d12,decrease,counterfactual_delete_post,55.53218569774468
gemma3-12b,g24a_fever_164647,fa15646b91,increase,base,99.99982733691448
gemma3-12b,g24a_fever_164647,fa15646b91,increase,admit_post,96.4329952990418
gemma3-12b,g24a_fever_164647,fa15646b91,increase,exclude_post,66.04335129593821
gemma3-12b,g24a_fever_164647,fa15646b91,increase,strong_exclude_post,89.04510779813087
gemma3-12b,g24a_fever_164647,fa15646b91,increase,counterfactual_delete_post,77.78908439714183
gemma3-12b,g24a_fever_164643,fa15646b91,decrease,base,0.199870200024131
gemma3-12b,g24a_fever_164643,fa15646b91,decrease,admit_post,1.5459471441486204e-05
gemma3-12b,g24a_fever_164643,fa15646b91,decrease,exclude_post,0.00032225317197316053
gemma3-12b,g24a_fever_164643,fa15646b91,decrease,strong_exclude_post,55.57836467449497
gemma3-12b,g24a_fever_164643,fa15646b91,decrease,counterfactual_delete_post,55.33153618593925
gemma3-12b,g24a_fever_45818,a78e3bd7d1,increase,base,99.99973877795608
gemma3-12b,g24a_fever_45818,a78e3bd7d1,increase,admit_post,99.99955487329909
gemma3-12b,g24a_fever_45818,a78e3bd7d1,increase,exclude_post,99.9988325561655
gemma3-12b,g24a_fever_45818,a78e3bd7d1,increase,strong_exclude_post,99.99855549520515
gemma3-12b,g24a_fever_45818,a78e3bd7d1,increase,counterfactual_delete_post,54.836399969984924
gemma3-12b,g24a_fever_145403,a78e3bd7d1,decrease,base,0.0009517382272725399
gemma3-12b,g24a_fever_145403,a78e3bd7d1,decrease,admit_post,0.006973208517734981
gemma3-12b,g24a_fever_145403,a78e3bd7d1,decrease,exclude_post,0.0004530521069264199
gemma3-12b,g24a_fever_145403,a78e3bd7d1,decrease,strong_exclude_post,55.543276994229686
gemma3-12b,g24a_fever_145403,a78e3bd7d1,decrease,counterfactual_delete_post,55.53342592972965
gemma3-12b,g24a_fever_35858,de842ad87f,increase,base,88.88786422905567
gemma3-12b,g24a_fever_35858,de842ad87f,increase,admit_post,88.96324569527134
gemma3-12b,g24a_fever_35858,de842ad87f,increase,exclude_post,77.91524278153027
gemma3-12b,g24a_fever_35858,de842ad87f,increase,strong_exclude_post,66.75830086096896
gemma3-12b,g24a_fever_35858,de842ad87f,increase,counterfactual_delete_post,55.52697326499922
gemma3-12b,g24a_fever_127098,de842ad87f,decrease,base,32.671627609348
gemma3-12b,g24a_fever_127098,de842ad87f,decrease,admit_post,0.09532648408977934
gemma3-12b,g24a_fever_127098,de842ad87f,decrease,exclude_post,10.054550483968162
gemma3-12b,g24a_fever_127098,de842ad87f,decrease,strong_exclude_post,21.391829518119053
gemma3-12b,g24a_fever_127098,de842ad87f,decrease,counterfactual_delete_post,55.542990533729416
gemma3-12b,g24a_fever_39793,85a06caaee,increase,base,99.99906000956557
gemma3-12b,g24a_fever_39793,85a06caaee,increase,admit_post,99.99975415450555
gemma3-12b,g24a_fever_39793,85a06caaee,increase,exclude_post,55.524907746228735
gemma3-12b,g24a_fever_39793,85a06caaee,increase,strong_exclude_post,99.84329945036548
gemma3-12b,g24a_fever_39793,85a06caaee,increase,counterfactual_delete_post,65.60737089483695
gemma3-12b,g24a_fever_111717,85a06caaee,decrease,base,0.013123168214832219
gemma3-12b,g24a_fever_111717,85a06caaee,decrease,admit_post,7.778556061831326e-05
gemma3-12b,g24a_fever_111717,85a06caaee,decrease,exclude_post,0.0018452307701527612
gemma3-12b,g24a_fever_111717,85a06caaee,decrease,strong_exclude_post,55.50975235402667
gemma3-12b,g24a_fever_111717,85a06caaee,decrease,counterfactual_delete_post,63.079301418882224
gemma3-12b,g24a_fever_5111,d2994cae2a,increase,base,99.99773211749832
gemma3-12b,g24a_fever_5111,d2994cae2a,increase,admit_post,99.99935587763093
gemma3-12b,g24a_fever_5111,d2994cae2a,increase,exclude_post,55.4211107331122
gemma3-12b,g24a_fever_5111,d2994cae2a,increase,strong_exclude_post,89.30342983339126
gemma3-12b,g24a_fever_5111,d2994cae2a,increase,counterfactual_delete_post,55.491861655246694
gemma3-12b,g24a_fever_129248,d2994cae2a,decrease,base,5.344452744667368e-05
gemma3-12b,g24a_fever_129248,d2994cae2a,decrease,admit_post,7.224015102457148e-06
gemma3-12b,g24a_fever_129248,d2994cae2a,decrease,exclude_post,1.54855750518381e-05
gemma3-12b,g24a_fever_129248,d2994cae2a,decrease,strong_exclude_post,0.0025685125761511617
gemma3-12b,g24a_fever_129248,d2994cae2a,decrease,counterfactual_delete_post,12.392920253265915
gemma3-12b,g24a_fever_426,e739546b88,increase,base,84.69399731645377
gemma3-12b,g24a_fever_426,e739546b88,increase,admit_post,97.97303606536707
gemma3-12b,g24a_fever_426,e739546b88,increase,exclude_post,55.642508045947196
gemma3-12b,g24a_fever_426,e739546b88,increase,strong_exclude_post,77.8509392764758
gemma3-12b,g24a_fever_426,e739546b88,increase,counterfactual_delete_post,55.394388361668184
gemma3-12b,g24a_fever_126568,e739546b88,decrease,base,65.76842656811304
gemma3-12b,g24a_fever_126568,e739546b88,decrease,admit_post,0.0061436126574801134
gemma3-12b,g24a_fever_126568,e739546b88,decrease,exclude_post,0.06593515857243015
gemma3-12b,g24a_fever_126568,e739546b88,decrease,strong_exclude_post,77.77257255451751
gemma3-12b,g24a_fever_126568,e739546b88,decrease,counterfactual_delete_post,55.53335838375938
gemma3-12b,g24a_fever_50529,81facdbc5e,increase,base,97.5255454903078
gemma3-12b,g24a_fever_50529,81facdbc5e,increase,admit_post,89.0887251191758
gemma3-12b,g24a_fever_50529,81facdbc5e,increase,exclude_post,99.98849532497802
gemma3-12b,g24a_fever_50529,81facdbc5e,increase,strong_exclude_post,59.73673501712109
gemma3-12b,g24a_fever_50529,81facdbc5e,increase,counterfactual_delete_post,55.555058976970265
gemma3-12b,g24a_fever_153808,81facdbc5e,decrease,base,0.008106111871292324
gemma3-12b,g24a_fever_153808,81facdbc5e,decrease,admit_post,3.5649532569098223
gemma3-12b,g24a_fever_153808,81facdbc5e,decrease,exclude_post,6.251663270151199
gemma3-12b,g24a_fever_153808,81facdbc5e,decrease,strong_exclude_post,55.547831372196804
gemma3-12b,g24a_fever_153808,81facdbc5e,decrease,counterfactual_delete_post,55.55035002145381
gemma3-12b,g24a_fever_124663,70f3bba212,increase,base,99.74451174004054
gemma3-12b,g24a_fever_124663,70f3bba212,increase,admit_post,99.84373485007418
gemma3-12b,g24a_fever_124663,70f3bba212,increase,exclude_post,55.50462743193279
gemma3-12b,g24a_fever_124663,70f3bba212,increase,strong_exclude_post,88.88797771494183
gemma3-12b,g24a_fever_124663,70f3bba212,increase,counterfactual_delete_post,55.33900223105065
gemma3-12b,g24a_fever_102523,70f3bba212,decrease,base,11.527734392180014
gemma3-12b,g24a_fever_102523,70f3bba212,decrease,admit_post,0.0009475718350143617
gemma3-12b,g24a_fever_102523,70f3bba212,decrease,exclude_post,0.0008394786605617303
gemma3-12b,g24a_fever_102523,70f3bba212,decrease,strong_exclude_post,55.42049779192481
gemma3-12b,g24a_fever_102523,70f3bba212,decrease,counterfactual_delete_post,55.53953381599046
gemma3-12b,g24a_fever_162742,2c627de16c,increase,base,99.67426956791479
gemma3-12b,g24a_fever_162742,2c627de16c,increase,admit_post,89.04514468484987
gemma3-12b,g24a_fever_162742,2c627de16c,increase,exclude_post,88.87503056502763
gemma3-12b,g24a_fever_162742,2c627de16c,increase,strong_exclude_post,89.01088702970748
gemma3-12b,g24a_fever_162742,2c627de16c,increase,counterfactual_delete_post,63.09920749235851
gemma3-12b,g24a_fever_162741,2c627de16c,decrease,base,0.004790003617593538
gemma3-12b,g24a_fever_162741,2c627de16c,decrease,admit_post,10.785812259682377
gemma3-12b,g24a_fever_162741,2c627de16c,decrease,exclude_post,0.0013373734401326994
gemma3-12b,g24a_fever_162741,2c627de16c,decrease,strong_exclude_post,0.002265181176184889
gemma3-12b,g24a_fever_162741,2c627de16c,decrease,counterfactual_delete_post,11.115247698610244
gemma3-12b,g24a_fever_22255,00138ae21b,increase,base,89.73175242746042
gemma3-12b,g24a_fever_22255,00138ae21b,increase,admit_post,99.99380936739357
gemma3-12b,g24a_fever_22255,00138ae21b,increase,exclude_post,55.44778411299488
gemma3-12b,g24a_fever_22255,00138ae21b,increase,strong_exclude_post,66.84980721958087
gemma3-12b,g24a_fever_22255,00138ae21b,increase,counterfactual_delete_post,55.5319449998551
gemma3-12b,g24a_fever_64226,00138ae21b,decrease,base,22.088797694806317
gemma3-12b,g24a_fever_64226,00138ae21b,decrease,admit_post,0.004225993715750237
gemma3-12b,g24a_fever_64226,00138ae21b,decrease,exclude_post,0.011488800950008015
gemma3-12b,g24a_fever_64226,00138ae21b,decrease,strong_exclude_post,39.76956508308045
gemma3-12b,g24a_fever_64226,00138ae21b,decrease,counterfactual_delete_post,55.50039958066425
gemma3-12b,g24a_fever_136062,a1d49f957c,increase,base,55.554441006149446
gemma3-12b,g24a_fever_136062,a1d49f957c,increase,admit_post,99.99971208301196
gemma3-12b,g24a_fever_136062,a1d49f957c,increase,exclude_post,55.18299868356217
gemma3-12b,g24a_fever_136062,a1d49f957c,increase,strong_exclude_post,55.51928523645895
gemma3-12b,g24a_fever_136062,a1d49f957c,increase,counterfactual_delete_post,55.54198685923399
gemma3-12b,g24a_fever_160626,a1d49f957c,decrease,base,55.55018572785397
gemma3-12b,g24a_fever_160626,a1d49f957c,decrease,admit_post,3.6820540370773975e-05
gemma3-12b,g24a_fever_160626,a1d49f957c,decrease,exclude_post,0.045651851014514584
gemma3-12b,g24a_fever_160626,a1d49f957c,decrease,strong_exclude_post,55.52544815091724
gemma3-12b,g24a_fever_160626,a1d49f957c,decrease,counterfactual_delete_post,55.53594499990871
gemma3-12b,g24a_fever_139037,13bbced4e0,increase,base,99.99883766662056
gemma3-12b,g24a_fever_139037,13bbced4e0,increase,admit_post,99.99971440314059
gemma3-12b,g24a_fever_139037,13bbced4e0,increase,exclude_post,99.84808708243888
gemma3-12b,g24a_fever_139037,13bbced4e0,increase,strong_exclude_post,89.94822656566959
gemma3-12b,g24a_fever_139037,13bbced4e0,increase,counterfactual_delete_post,77.76141653670976
gemma3-12b,g24a_fever_90666,13bbced4e0,decrease,base,5.634493847145864e-06
gemma3-12b,g24a_fever_90666,13bbced4e0,decrease,admit_post,1.531004812197263e-05
gemma3-12b,g24a_fever_90666,13bbced4e0,decrease,exclude_post,7.820075640144693e-05
gemma3-12b,g24a_fever_90666,13bbced4e0,decrease,strong_exclude_post,0.06570688229471137
gemma3-12b,g24a_fever_90666,13bbced4e0,decrease,counterfactual_delete_post,21.69805461908252
gemma3-12b,g24a_fever_108940,9edc7a0d5b,increase,base,0.0020600375896356327
gemma3-12b,g24a_fever_108940,9edc7a0d5b,increase,admit_post,98.35415881248204
gemma3-12b,g24a_fever_108940,9edc7a0d5b,increase,exclude_post,88.929489907494
gemma3-12b,g24a_fever_108940,9edc7a0d5b,increase,strong_exclude_post,0.01903430935033783
gemma3-12b,g24a_fever_108940,9edc7a0d5b,increase,counterfactual_delete_post,11.775880415639968
gemma3-12b,g24a_fever_87008,9edc7a0d5b,decrease,base,0.0006670771222505028
gemma3-12b,g24a_fever_87008,9edc7a0d5b,decrease,admit_post,8.846263797065561e-05
gemma3-12b,g24a_fever_87008,9edc7a0d5b,decrease,exclude_post,0.00028735626544565553
gemma3-12b,g24a_fever_87008,9edc7a0d5b,decrease,strong_exclude_post,2.5395710500428223e-05
gemma3-12b,g24a_fever_87008,9edc7a0d5b,decrease,counterfactual_delete_post,0.035279095038707235
gemma3-12b,g24a_fever_20703,7400f170ab,increase,base,66.77570108003898
gemma3-12b,g24a_fever_20703,7400f170ab,increase,admit_post,88.88655689091614
gemma3-12b,g24a_fever_20703,7400f170ab,increase,exclude_post,55.45925286106228
gemma3-12b,g24a_fever_20703,7400f170ab,increase,strong_exclude_post,55.5278363182572
gemma3-12b,g24a_fever_20703,7400f170ab,increase,counterfactual_delete_post,55.53784183381018
gemma3-12b,g24a_fever_134950,7400f170ab,decrease,base,22.54266663240275
gemma3-12b,g24a_fever_134950,7400f170ab,decrease,admit_post,0.008936298948305764
gemma3-12b,g24a_fever_134950,7400f170ab,decrease,exclude_post,0.0008633518177539516
gemma3-12b,g24a_fever_134950,7400f170ab,decrease,strong_exclude_post,55.53574835147057
gemma3-12b,g24a_fever_134950,7400f170ab,decrease,counterfactual_delete_post,55.52986707917127
gemma3-12b,g24a_fever_152955,76bbac307e,increase,base,93.75358954453355
gemma3-12b,g24a_fever_152955,76bbac307e,increase,admit_post,88.90548082666777
gemma3-12b,g24a_fever_152955,76bbac307e,increase,exclude_post,55.63876507327489
gemma3-12b,g24a_fever_152955,76bbac307e,increase,strong_exclude_post,88.93405070924452
gemma3-12b,g24a_fever_152955,76bbac307e,increase,counterfactual_delete_post,55.64225374559224
gemma3-12b,g24a_fever_76118,76bbac307e,decrease,base,1.6450786045388233
gemma3-12b,g24a_fever_76118,76bbac307e,decrease,admit_post,1.7377562396547084e-05
gemma3-12b,g24a_fever_76118,76bbac307e,decrease,exclude_post,0.03528099300523118
gemma3-12b,g24a_fever_76118,76bbac307e,decrease,strong_exclude_post,46.81887956590887
gemma3-12b,g24a_fever_76118,76bbac307e,decrease,counterfactual_delete_post,55.54095451395275
gemma3-12b,g24a_fever_146399,6032d38b5a,increase,base,99.97252380581952
gemma3-12b,g24a_fever_146399,6032d38b5a,increase,admit_post,99.99384429818073
gemma3-12b,g24a_fever_146399,6032d38b5a,increase,exclude_post,55.32180469347827
gemma3-12b,g24a_fever_146399,6032d38b5a,increase,strong_exclude_post,88.91609041815667
gemma3-12b,g24a_fever_146399,6032d38b5a,increase,counterfactual_delete_post,67.18835684466269
gemma3-12b,g24a_fever_20708,6032d38b5a,decrease,base,88.94688922387918
gemma3-12b,g24a_fever_20708,6032d38b5a,decrease,admit_post,95.13528261124259
gemma3-12b,g24a_fever_20708,6032d38b5a,decrease,exclude_post,55.532602516528684
gemma3-12b,g24a_fever_20708,6032d38b5a,decrease,strong_exclude_post,66.34509125539105
gemma3-12b,g24a_fever_20708,6032d38b5a,decrease,counterfactual_delete_post,65.33252419253525
gemma3-12b,g24a_scifact_911,af4a78996c,increase,base,56.59628788334042
gemma3-12b,g24a_scifact_911,af4a78996c,increase,admit_post,88.86778417250522
gemma3-12b,g24a_scifact_911,af4a78996c,increase,exclude_post,41.831923930183486
gemma3-12b,g24a_scifact_911,af4a78996c,increase,strong_exclude_post,55.53465225129223
gemma3-12b,g24a_scifact_911,af4a78996c,increase,counterfactual_delete_post,55.54168541439322
gemma3-12b,g24a_scifact_909,af4a78996c,decrease,base,55.55162389984517
gemma3-12b,g24a_scifact_909,af4a78996c,decrease,admit_post,11.090536026706388
gemma3-12b,g24a_scifact_909,af4a78996c,decrease,exclude_post,9.085488567578958
gemma3-12b,g24a_scifact_909,af4a78996c,decrease,strong_exclude_post,55.5306580502399
gemma3-12b,g24a_scifact_909,af4a78996c,decrease,counterfactual_delete_post,55.54530725825359
gemma3-12b,g24a_scifact_1145,c3e97b1e49,increase,base,43.617994304217774
gemma3-12b,g24a_scifact_1145,c3e97b1e49,increase,admit_post,78.19239193554807
gemma3-12b,g24a_scifact_1145,c3e97b1e49,increase,exclude_post,64.63291129368645
gemma3-12b,g24a_scifact_1145,c3e97b1e49,increase,strong_exclude_post,55.173735818806264
gemma3-12b,g24a_scifact_1145,c3e97b1e49,increase,counterfactual_delete_post,55.743903118548694
gemma3-12b,g24a_scifact_1144,c3e97b1e49,decrease,base,55.528964886232096
gemma3-12b,g24a_scifact_1144,c3e97b1e49,decrease,admit_post,33.58323637723947
gemma3-12b,g24a_scifact_1144,c3e97b1e49,decrease,exclude_post,55.621581277129046
gemma3-12b,g24a_scifact_1144,c3e97b1e49,decrease,strong_exclude_post,55.48031486287785
gemma3-12b,g24a_scifact_1144,c3e97b1e49,decrease,counterfactual_delete_post,55.54844226873754
gemma3-12b,g24a_scifact_1266,fd26d2a715,increase,base,66.67008969256774
gemma3-12b,g24a_scifact_1266,fd26d2a715,increase,admit_post,88.87883392660359
gemma3-12b,g24a_scifact_1266,fd26d2a715,increase,exclude_post,66.67387761134935
gemma3-12b,g24a_scifact_1266,fd26d2a715,increase,strong_exclude_post,49.928432650530574
gemma3-12b,g24a_scifact_1266,fd26d2a715,increase,counterfactual_delete_post,55.53831396425142
gemma3-12b,g24a_scifact_1265,fd26d2a715,decrease,base,44.35765051544117
gemma3-12b,g24a_scifact_1265,fd26d2a715,decrease,admit_post,77.82104980780974
gemma3-12b,g24a_scifact_1265,fd26d2a715,decrease,exclude_post,12.242390344195488
gemma3-12b,g24a_scifact_1265,fd26d2a715,decrease,strong_exclude_post,22.21205932444715
gemma3-12b,g24a_scifact_1265,fd26d2a715,decrease,counterfactual_delete_post,55.530616639229855
gemma3-12b,g24a_scifact_641,76badcd0c8,increase,base,88.88276414876447
gemma3-12b,g24a_scifact_641,76badcd0c8,increase,admit_post,88.88959288038558
gemma3-12b,g24a_scifact_641,76badcd0c8,increase,exclude_post,88.81676980323877
gemma3-12b,g24a_scifact_641,76badcd0c8,increase,strong_exclude_post,55.538735349269025
gemma3-12b,g24a_scifact_641,76badcd0c8,increase,counterfactual_delete_post,59.115019037126544
gemma3-12b,g24a_scifact_267,76badcd0c8,decrease,base,11.145726927970973
gemma3-12b,g24a_scifact_267,76badcd0c8,decrease,admit_post,10.051675653842953
gemma3-12b,g24a_scifact_267,76badcd0c8,decrease,exclude_post,0.6678391297758769
gemma3-12b,g24a_scifact_267,76badcd0c8,decrease,strong_exclude_post,55.542657980205576
gemma3-12b,g24a_scifact_267,76badcd0c8,decrease,counterfactual_delete_post,55.54530920049809
gemma3-12b,g24a_scifact_448,32723d938a,increase,base,88.94688987921432
gemma3-12b,g24a_scifact_448,32723d938a,increase,admit_post,88.88722771230567
gemma3-12b,g24a_scifact_448,32723d938a,increase,exclude_post,48.95337181241438
gemma3-12b,g24a_scifact_448,32723d938a,increase,strong_exclude_post,77.8169765461297
gemma3-12b,g24a_scifact_448,32723d938a,increase,counterfactual_delete_post,65.60821412435253
gemma3-12b,g24a_scifact_447,32723d938a,decrease,base,43.61819181832988
gemma3-12b,g24a_scifact_447,32723d938a,decrease,admit_post,11.175438741672595
gemma3-12b,g24a_scifact_447,32723d938a,decrease,exclude_post,10.594298046046468
gemma3-12b,g24a_scifact_447,32723d938a,decrease,strong_exclude_post,11.105473853145352
gemma3-12b,g24a_scifact_447,32723d938a,decrease,counterfactual_delete_post,14.09860090667124
gemma3-12b,g24a_scifact_381,62a595ceec,increase,base,77.77179950050943
gemma3-12b,g24a_scifact_381,62a595ceec,increase,admit_post,55.715543317321405
gemma3-12b,g24a_scifact_381,62a595ceec,increase,exclude_post,16.076572728706168
gemma3-12b,g24a_scifact_381,62a595ceec,increase,strong_exclude_post,66.13994464528592
gemma3-12b,g24a_scifact_381,62a595ceec,increase,counterfactual_delete_post,55.75367425574851
gemma3-12b,g24a_scifact_185,62a595ceec,decrease,base,11.232882560148548
gemma3-12b,g24a_scifact_185,62a595ceec,decrease,admit_post,21.69526987684235
gemma3-12b,g24a_scifact_185,62a595ceec,decrease,exclude_post,11.087300665012979
gemma3-12b,g24a_scifact_185,62a595ceec,decrease,strong_exclude_post,17.35689005444687
gemma3-12b,g24a_scifact_185,62a595ceec,decrease,counterfactual_delete_post,21.554499155654256
gemma3-12b,g24a_scifact_367,87f335a320,increase,base,65.82207341490742
gemma3-12b,g24a_scifact_367,87f335a320,increase,admit_post,88.88529000909203
gemma3-12b,g24a_scifact_367,87f335a320,increase,exclude_post,50.253017874716
gemma3-12b,g24a_scifact_367,87f335a320,increase,strong_exclude_post,55.49651489576833
gemma3-12b,g24a_scifact_367,87f335a320,increase,counterfactual_delete_post,55.547293780808836
gemma3-12b,g24a_scifact_368,87f335a320,decrease,base,10.911279558915432
gemma3-12b,g24a_scifact_368,87f335a320,decrease,admit_post,8.122883760633771
gemma3-12b,g24a_scifact_368,87f335a320,decrease,exclude_post,0.07447509287808435
gemma3-12b,g24a_scifact_368,87f335a320,decrease,strong_exclude_post,55.527030342445215
gemma3-12b,g24a_scifact_368,87f335a320,decrease,counterfactual_delete_post,55.43284382646527
gemma3-12b,g24a_scifact_333,c5cc829617,increase,base,56.21952828284457
gemma3-12b,g24a_scifact_333,c5cc829617,increase,admit_post,88.88013580594921
gemma3-12b,g24a_scifact_333,c5cc829617,increase,exclude_post,50.23631887430765
gemma3-12b,g24a_scifact_333,c5cc829617,increase,strong_exclude_post,54.52333202270108
gemma3-12b,g24a_scifact_333,c5cc829617,increase,counterfactual_delete_post,54.69464192619958
gemma3-12b,g24a_scifact_332,c5cc829617,decrease,base,55.86651493073884
gemma3-12b,g24a_scifact_332,c5cc829617,decrease,admit_post,88.8769601851401
gemma3-12b,g24a_scifact_332,c5cc829617,decrease,exclude_post,55.260178818050186
gemma3-12b,g24a_scifact_332,c5cc829617,decrease,strong_exclude_post,54.24715159292714
gemma3-12b,g24a_scifact_332,c5cc829617,decrease,counterfactual_delete_post,54.69215277849494
gemma3-12b,g24a_scifact_480,cae3e50ea1,increase,base,66.66277292920125
gemma3-12b,g24a_scifact_480,cae3e50ea1,increase,admit_post,88.22128132751615
gemma3-12b,g24a_scifact_480,cae3e50ea1,increase,exclude_post,9.467868029117987
gemma3-12b,g24a_scifact_480,cae3e50ea1,increase,strong_exclude_post,55.526011335999
gemma3-12b,g24a_scifact_480,cae3e50ea1,increase,counterfactual_delete_post,55.55061514814204
gemma3-12b,g24a_scifact_479,cae3e50ea1,decrease,base,55.55555504038497
gemma3-12b,g24a_scifact_479,cae3e50ea1,decrease,admit_post,88.87598135797462
gemma3-12b,g24a_scifact_479,cae3e50ea1,decrease,exclude_post,88.81462039479557
gemma3-12b,g24a_scifact_479,cae3e50ea1,decrease,strong_exclude_post,55.519563222871255
gemma3-12b,g24a_scifact_479,cae3e50ea1,decrease,counterfactual_delete_post,55.54618861199262
gemma3-12b,g24a_scifact_397,76f5fdd9ef,increase,base,66.69379305792343
gemma3-12b,g24a_scifact_397,76f5fdd9ef,increase,admit_post,88.81458541235583
gemma3-12b,g24a_scifact_397,76f5fdd9ef,increase,exclude_post,50.08929303424922
gemma3-12b,g24a_scifact_397,76f5fdd9ef,increase,strong_exclude_post,55.45983959221922
gemma3-12b,g24a_scifact_397,76f5fdd9ef,increase,counterfactual_delete_post,57.54859522284827
gemma3-12b,g24a_scifact_396,76f5fdd9ef,decrease,base,11.095263072125652
gemma3-12b,g24a_scifact_396,76f5fdd9ef,decrease,admit_post,0.07439253012124021
gemma3-12b,g24a_scifact_396,76f5fdd9ef,decrease,exclude_post,0.32620988171599846
gemma3-12b,g24a_scifact_396,76f5fdd9ef,decrease,strong_exclude_post,3.564742110942312
gemma3-12b,g24a_scifact_396,76f5fdd9ef,decrease,counterfactual_delete_post,55.52011112447841
gemma3-12b,g24a_scifact_726,f3361096a8,increase,base,66.65980241810306
gemma3-12b,g24a_scifact_726,f3361096a8,increase,admit_post,77.78094002218542
gemma3-12b,g24a_scifact_726,f3361096a8,increase,exclude_post,54.934915857163375
gemma3-12b,g24a_scifact_726,f3361096a8,increase,strong_exclude_post,66.67125269845945
gemma3-12b,g24a_scifact_726,f3361096a8,increase,counterfactual_delete_post,55.54385799346482
gemma3-12b,g24a_scifact_728,f3361096a8,decrease,base,59.72775312910613
gemma3-12b,g24a_scifact_728,f3361096a8,decrease,admit_post,62.466443989264626
gemma3-12b,g24a_scifact_728,f3361096a8,decrease,exclude_post,0.7411383074002361
gemma3-12b,g24a_scifact_728,f3361096a8,decrease,strong_exclude_post,30.854491051493273
gemma3-12b,g24a_scifact_728,f3361096a8,decrease,counterfactual_delete_post,55.53868825792256
gemma3-12b,g24a_scifact_248,9615cd2c7e,increase,base,55.555555350009044
gemma3-12b,g24a_scifact_248,9615cd2c7e,increase,admit_post,77.82236349174384
gemma3-12b,g24a_scifact_248,9615cd2c7e,increase,exclude_post,65.81820396246992
gemma3-12b,g24a_scifact_248,9615cd2c7e,increase,strong_exclude_post,43.60513116210113
gemma3-12b,g24a_scifact_248,9615cd2c7e,increase,counterfactual_delete_post,55.533734351648924
gemma3-12b,g24a_scifact_249,9615cd2c7e,decrease,base,55.49681881986835
gemma3-12b,g24a_scifact_249,9615cd2c7e,decrease,admit_post,67.33400597365029
gemma3-12b,g24a_scifact_249,9615cd2c7e,decrease,exclude_post,2.9897747612870176
gemma3-12b,g24a_scifact_249,9615cd2c7e,decrease,strong_exclude_post,55.49562009877827
gemma3-12b,g24a_scifact_249,9615cd2c7e,decrease,counterfactual_delete_post,55.51803276495867
gemma3-12b,g24a_scifact_130,20bf6fbf70,increase,base,77.77379388548998
gemma3-12b,g24a_scifact_130,20bf6fbf70,increase,admit_post,83.33333046893537
gemma3-12b,g24a_scifact_130,20bf6fbf70,increase,exclude_post,66.642944750811
gemma3-12b,g24a_scifact_130,20bf6fbf70,increase,strong_exclude_post,66.25169380700743
gemma3-12b,g24a_scifact_130,20bf6fbf70,increase,counterfactual_delete_post,55.536453909471234
gemma3-12b,g24a_scifact_129,20bf6fbf70,decrease,base,55.57187136252623
gemma3-12b,g24a_scifact_129,20bf6fbf70,decrease,admit_post,11.103371138811683
gemma3-12b,g24a_scifact_129,20bf6fbf70,decrease,exclude_post,10.054936095773618
gemma3-12b,g24a_scifact_129,20bf6fbf70,decrease,strong_exclude_post,55.51987896408931
gemma3-12b,g24a_scifact_129,20bf6fbf70,decrease,counterfactual_delete_post,55.54488150488063
gemma3-12b,g24a_scifact_340,bccffa8b40,increase,base,55.926180586848915
gemma3-12b,g24a_scifact_340,bccffa8b40,increase,admit_post,88.8904108474273
gemma3-12b,g24a_scifact_340,bccffa8b40,increase,exclude_post,88.88162249916941
gemma3-12b,g24a_scifact_340,bccffa8b40,increase,strong_exclude_post,55.27938080725909
gemma3-12b,g24a_scifact_340,bccffa8b40,increase,counterfactual_delete_post,55.523106651896505
gemma3-12b,g24a_scifact_341,bccffa8b40,decrease,base,43.21238923513639
gemma3-12b,g24a_scifact_341,bccffa8b40,decrease,admit_post,88.89893421698392
gemma3-12b,g24a_scifact_341,bccffa8b40,decrease,exclude_post,88.88767895177915
gemma3-12b,g24a_scifact_341,bccffa8b40,decrease,strong_exclude_post,55.4308994197609
gemma3-12b,g24a_scifact_341,bccffa8b40,decrease,counterfactual_delete_post,55.495373800423614
gemma3-12b,g24a_scifact_124,c63f9eaa78,increase,base,88.88904655580352
gemma3-12b,g24a_scifact_124,c63f9eaa78,increase,admit_post,99.99669170965512
gemma3-12b,g24a_scifact_124,c63f9eaa78,increase,exclude_post,55.016794729527525
gemma3-12b,g24a_scifact_124,c63f9eaa78,increase,strong_exclude_post,55.538668069723904
gemma3-12b,g24a_scifact_124,c63f9eaa78,increase,counterfactual_delete_post,55.5586745442754
gemma3-12b,g24a_scifact_123,c63f9eaa78,decrease,base,30.344836347229105
gemma3-12b,g24a_scifact_123,c63f9eaa78,decrease,admit_post,0.013016957703231143
gemma3-12b,g24a_scifact_123,c63f9eaa78,decrease,exclude_post,0.031188402318750492
gemma3-12b,g24a_scifact_123,c63f9eaa78,decrease,strong_exclude_post,9.791357988034749
gemma3-12b,g24a_scifact_123,c63f9eaa78,decrease,counterfactual_delete_post,55.55111302285923
gemma3-12b,g24a_scifact_181,ab20774181,increase,base,66.41141957903042
gemma3-12b,g24a_scifact_181,ab20774181,increase,admit_post,88.68906477016313
gemma3-12b,g24a_scifact_181,ab20774181,increase,exclude_post,55.352186890376736
gemma3-12b,g24a_scifact_181,ab20774181,increase,strong_exclude_post,55.30087031618774
gemma3-12b,g24a_scifact_181,ab20774181,increase,counterfactual_delete_post,55.521947992054386
gemma3-12b,g24a_scifact_180,ab20774181,decrease,base,56.21435185972365
gemma3-12b,g24a_scifact_180,ab20774181,decrease,admit_post,88.3619844441236
gemma3-12b,g24a_scifact_180,ab20774181,decrease,exclude_post,49.970762221467155
gemma3-12b,g24a_scifact_180,ab20774181,decrease,strong_exclude_post,53.0802506696227
gemma3-12b,g24a_scifact_180,ab20774181,decrease,counterfactual_delete_post,55.54109063526337
gemma3-12b,g24a_scifact_298,d75b4f2510,increase,base,99.99934438344357
gemma3-12b,g24a_scifact_298,d75b4f2510,increase,admit_post,90.53385072490917
gemma3-12b,g24a_scifact_298,d75b4f2510,increase,exclude_post,88.8665808771174
gemma3-12b,g24a_scifact_298,d75b4f2510,increase,strong_exclude_post,88.89357484058512
gemma3-12b,g24a_scifact_298,d75b4f2510,increase,counterfactual_delete_post,63.67744405051
gemma3-12b,g24a_scifact_299,d75b4f2510,decrease,base,88.89362588700587
gemma3-12b,g24a_scifact_299,d75b4f2510,decrease,admit_post,88.93407606030003
gemma3-12b,g24a_scifact_299,d75b4f2510,decrease,exclude_post,0.0626408570606646
gemma3-12b,g24a_scifact_299,d75b4f2510,decrease,strong_exclude_post,88.87907043378105
gemma3-12b,g24a_scifact_299,d75b4f2510,decrease,counterfactual_delete_post,55.669830780659794
gemma3-12b,g24a_scifact_822,1b69f798c8,increase,base,88.88139616074648
gemma3-12b,g24a_scifact_822,1b69f798c8,increase,admit_post,88.89183034223646
gemma3-12b,g24a_scifact_822,1b69f798c8,increase,exclude_post,43.21010577342036
gemma3-12b,g24a_scifact_822,1b69f798c8,increase,strong_exclude_post,55.41424083382084
gemma3-12b,g24a_scifact_822,1b69f798c8,increase,counterfactual_delete_post,55.45847740360464
gemma3-12b,g24a_scifact_825,1b69f798c8,decrease,base,55.555555281043695
gemma3-12b,g24a_scifact_825,1b69f798c8,decrease,admit_post,88.89422449144881
gemma3-12b,g24a_scifact_825,1b69f798c8,decrease,exclude_post,55.07156033005697
gemma3-12b,g24a_scifact_825,1b69f798c8,decrease,strong_exclude_post,55.49713770313243
gemma3-12b,g24a_scifact_825,1b69f798c8,decrease,counterfactual_delete_post,55.5483032356713
gemma3-12b,g24a_scifact_61,e66817f338,increase,base,75.7509792251355
gemma3-12b,g24a_scifact_61,e66817f338,increase,admit_post,77.82276603495542
gemma3-12b,g24a_scifact_61,e66817f338,increase,exclude_post,66.65361895522868
gemma3-12b,g24a_scifact_61,e66817f338,increase,strong_exclude_post,52.53953010963
gemma3-12b,g24a_scifact_61,e66817f338,increase,counterfactual_delete_post,55.501024137405
gemma3-12b,g24a_scifact_60,e66817f338,decrease,base,11.117236507949901
gemma3-12b,g24a_scifact_60,e66817f338,decrease,admit_post,11.104994283034799
gemma3-12b,g24a_scifact_60,e66817f338,decrease,exclude_post,11.096692579199829
gemma3-12b,g24a_scifact_60,e66817f338,decrease,strong_exclude_post,0.07437524016061459
gemma3-12b,g24a_scifact_60,e66817f338,decrease,counterfactual_delete_post,55.54061850054199
gemma3-12b,g24a_scifact_286,e77efdb9ab,increase,base,66.67390123039877
gemma3-12b,g24a_scifact_286,e77efdb9ab,increase,admit_post,79.42265675901595
gemma3-12b,g24a_scifact_286,e77efdb9ab,increase,exclude_post,54.91698856185841
gemma3-12b,g24a_scifact_286,e77efdb9ab,increase,strong_exclude_post,57.198834268959295
gemma3-12b,g24a_scifact_286,e77efdb9ab,increase,counterfactual_delete_post,55.56608598676862
gemma3-12b,g24a_scifact_287,e77efdb9ab,decrease,base,33.318876516074056
gemma3-12b,g24a_scifact_287,e77efdb9ab,decrease,admit_post,88.8675573674775
gemma3-12b,g24a_scifact_287,e77efdb9ab,decrease,exclude_post,55.40680712649024
gemma3-12b,g24a_scifact_287,e77efdb9ab,decrease,strong_exclude_post,14.098379047547622
gemma3-12b,g24a_scifact_287,e77efdb9ab,decrease,counterfactual_delete_post,55.52172586058937
gemma3-12b,g24a_scifact_673,a1314c14e5,increase,base,88.88470775579411
gemma3-12b,g24a_scifact_673,a1314c14e5,increase,admit_post,99.47230706613537
gemma3-12b,g24a_scifact_673,a1314c14e5,increase,exclude_post,53.92614331482676
gemma3-12b,g24a_scifact_673,a1314c14e5,increase,strong_exclude_post,88.89058077144426
gemma3-12b,g24a_scifact_673,a1314c14e5,increase,counterfactual_delete_post,66.67125706181548
gemma3-12b,g24a_scifact_674,a1314c14e5,decrease,base,0.0037275660870271263
gemma3-12b,g24a_scifact_674,a1314c14e5,decrease,admit_post,0.012995751157600953
gemma3-12b,g24a_scifact_674,a1314c14e5,decrease,exclude_post,0.0025673241728292884
gemma3-12b,g24a_scifact_674,a1314c14e5,decrease,strong_exclude_post,0.004786632637625441
gemma3-12b,g24a_scifact_674,a1314c14e5,decrease,counterfactual_delete_post,11.107059079206916
gemma3-12b,g24a_scifact_121,5752dcb782,increase,base,88.87879109333504
gemma3-12b,g24a_scifact_121,5752dcb782,increase,admit_post,66.65483190420768
gemma3-12b,g24a_scifact_121,5752dcb782,increase,exclude_post,63.63436262352017
gemma3-12b,g24a_scifact_121,5752dcb782,increase,strong_exclude_post,77.89936299146315
gemma3-12b,g24a_scifact_121,5752dcb782,increase,counterfactual_delete_post,66.61052722269048
gemma3-12b,g24a_scifact_122,5752dcb782,decrease,base,55.66003577900004
gemma3-12b,g24a_scifact_122,5752dcb782,decrease,admit_post,44.473649020677215
gemma3-12b,g24a_scifact_122,5752dcb782,decrease,exclude_post,43.919587914290645
gemma3-12b,g24a_scifact_122,5752dcb782,decrease,strong_exclude_post,11.321249129044428
gemma3-12b,g24a_scifact_122,5752dcb782,decrease,counterfactual_delete_post,55.54521601172525
gemma3-12b,g24a_scifact_565,a27cec9ad0,increase,base,61.79551698732925
gemma3-12b,g24a_scifact_565,a27cec9ad0,increase,admit_post,88.88921584406245
gemma3-12b,g24a_scifact_565,a27cec9ad0,increase,exclude_post,88.76714866666414
gemma3-12b,g24a_scifact_565,a27cec9ad0,increase,strong_exclude_post,37.76222023837701
gemma3-12b,g24a_scifact_565,a27cec9ad0,increase,counterfactual_delete_post,45.084709700755845
gemma3-12b,g24a_scifact_566,a27cec9ad0,decrease,base,55.66750519073818
gemma3-12b,g24a_scifact_566,a27cec9ad0,decrease,admit_post,88.88932660585742
gemma3-12b,g24a_scifact_566,a27cec9ad0,decrease,exclude_post,15.270943199816433
gemma3-12b,g24a_scifact_566,a27cec9ad0,decrease,strong_exclude_post,22.028078538383358
gemma3-12b,g24a_scifact_566,a27cec9ad0,decrease,counterfactual_delete_post,55.49770481512797
gemma3-12b,g24a_scifact_614,428b3ea1c3,increase,base,57.579361282122186
gemma3-12b,g24a_scifact_614,428b3ea1c3,increase,admit_post,88.04602167877259
gemma3-12b,g24a_scifact_614,428b3ea1c3,increase,exclude_post,0.23619502819435245
gemma3-12b,g24a_scifact_614,428b3ea1c3,increase,strong_exclude_post,55.50226638290033
gemma3-12b,g24a_scifact_614,428b3ea1c3,increase,counterfactual_delete_post,34.390131551877516
gemma3-12b,g24a_scifact_615,428b3ea1c3,decrease,base,59.11359581542466
gemma3-12b,g24a_scifact_615,428b3ea1c3,decrease,admit_post,88.88667529267354
gemma3-12b,g24a_scifact_615,428b3ea1c3,decrease,exclude_post,0.06612847198376422
gemma3-12b,g24a_scifact_615,428b3ea1c3,decrease,strong_exclude_post,55.42871564719214
gemma3-12b,g24a_scifact_615,428b3ea1c3,decrease,counterfactual_delete_post,55.49005662710649
gemma3-12b,g24a_scifact_766,00b32b76ab,increase,base,82.64247669822547
gemma3-12b,g24a_scifact_766,00b32b76ab,increase,admit_post,77.83424900912236
gemma3-12b,g24a_scifact_766,00b32b76ab,increase,exclude_post,66.71069132154292
gemma3-12b,g24a_scifact_766,00b32b76ab,increase,strong_exclude_post,77.77034754471622
gemma3-12b,g24a_scifact_766,00b32b76ab,increase,counterfactual_delete_post,66.72294379398653
gemma3-12b,g24a_scifact_765,00b32b76ab,decrease,base,1.0594424794073005
gemma3-12b,g24a_scifact_765,00b32b76ab,decrease,admit_post,0.035253092454166655
gemma3-12b,g24a_scifact_765,00b32b76ab,decrease,exclude_post,0.005422960126839247
gemma3-12b,g24a_scifact_765,00b32b76ab,decrease,strong_exclude_post,0.0004482775278234765
gemma3-12b,g24a_scifact_765,00b32b76ab,decrease,counterfactual_delete_post,11.126728483117834
gemma3-12b,g24a_scifact_246,efe9530c55,increase,base,66.66755218459022
gemma3-12b,g24a_scifact_246,efe9530c55,increase,admit_post,77.85108073841452
gemma3-12b,g24a_scifact_246,efe9530c55,increase,exclude_post,55.53584395053802
gemma3-12b,g24a_scifact_246,efe9530c55,increase,strong_exclude_post,55.474071203530755
gemma3-12b,g24a_scifact_246,efe9530c55,increase,counterfactual_delete_post,55.52366214915243
gemma3-12b,g24a_scifact_245,efe9530c55,decrease,base,29.515372944166966
gemma3-12b,g24a_scifact_245,efe9530c55,decrease,admit_post,11.124890527522545
gemma3-12b,g24a_scifact_245,efe9530c55,decrease,exclude_post,55.47528875615166
gemma3-12b,g24a_scifact_245,efe9530c55,decrease,strong_exclude_post,55.30805532617578
gemma3-12b,g24a_scifact_245,efe9530c55,decrease,counterfactual_delete_post,52.52258822163057
gemma3-12b,g24a_scifact_646,ea9c605f0e,increase,base,88.22126163102956
gemma3-12b,g24a_scifact_646,ea9c605f0e,increase,admit_post,87.82959103316101
gemma3-12b,g24a_scifact_646,ea9c605f0e,increase,exclude_post,88.93675461771817
gemma3-12b,g24a_scifact_646,ea9c605f0e,increase,strong_exclude_post,66.86580003821389
gemma3-12b,g24a_scifact_646,ea9c605f0e,increase,counterfactual_delete_post,55.58602911493199
gemma3-12b,g24a_scifact_645,ea9c605f0e,decrease,base,33.45259660869533
gemma3-12b,g24a_scifact_645,ea9c605f0e,decrease,admit_post,11.017180774615055
gemma3-12b,g24a_scifact_645,ea9c605f0e,decrease,exclude_post,6.25137765705577
gemma3-12b,g24a_scifact_645,ea9c605f0e,decrease,strong_exclude_post,11.016637742298505
gemma3-12b,g24a_scifact_645,ea9c605f0e,decrease,counterfactual_delete_post,39.599344562606404
gemma3-12b,g24a_scifact_803,c5788fbeb2,increase,base,56.603733112906724
gemma3-12b,g24a_scifact_803,c5788fbeb2,increase,admit_post,88.87225015050643
gemma3-12b,g24a_scifact_803,c5788fbeb2,increase,exclude_post,43.20967934911163
gemma3-12b,g24a_scifact_803,c5788fbeb2,increase,strong_exclude_post,55.53404417463464
gemma3-12b,g24a_scifact_803,c5788fbeb2,increase,counterfactual_delete_post,55.530940117031776
gemma3-12b,g24a_scifact_801,c5788fbeb2,decrease,base,55.41510534126931
gemma3-12b,g24a_scifact_801,c5788fbeb2,decrease,admit_post,77.97749242554615
gemma3-12b,g24a_scifact_801,c5788fbeb2,decrease,exclude_post,50.23432126428992
gemma3-12b,g24a_scifact_801,c5788fbeb2,decrease,strong_exclude_post,55.5383657231707
gemma3-12b,g24a_scifact_801,c5788fbeb2,decrease,counterfactual_delete_post,55.52651321191136
gemma3-12b,g24a_scifact_648,e8e11aaf0e,increase,base,77.11015114041571
gemma3-12b,g24a_scifact_648,e8e11aaf0e,increase,admit_post,77.977517803796
gemma3-12b,g24a_scifact_648,e8e11aaf0e,increase,exclude_post,55.37719179030285
gemma3-12b,g24a_scifact_648,e8e11aaf0e,increase,strong_exclude_post,55.49484808788123
gemma3-12b,g24a_scifact_648,e8e11aaf0e,increase,counterfactual_delete_post,55.60933511307116
gemma3-12b,g24a_scifact_647,e8e11aaf0e,decrease,base,44.5047388122548
gemma3-12b,g24a_scifact_647,e8e11aaf0e,decrease,admit_post,11.31053099059103
gemma3-12b,g24a_scifact_647,e8e11aaf0e,decrease,exclude_post,55.534896505899546
gemma3-12b,g24a_scifact_647,e8e11aaf0e,decrease,strong_exclude_post,55.39925237946865
gemma3-12b,g24a_scifact_647,e8e11aaf0e,decrease,counterfactual_delete_post,55.55096589859561
gemma3-12b,g24a_scifact_272,767933a013,increase,base,72.91307408233804
gemma3-12b,g24a_scifact_272,767933a013,increase,admit_post,77.69402208674836
gemma3-12b,g24a_scifact_272,767933a013,increase,exclude_post,65.99465258923546
gemma3-12b,g24a_scifact_272,767933a013,increase,strong_exclude_post,55.5198366596916
gemma3-12b,g24a_scifact_272,767933a013,increase,counterfactual_delete_post,55.51303309631132
gemma3-12b,g24a_scifact_1359,767933a013,decrease,base,55.734308693953935
gemma3-12b,g24a_scifact_1359,767933a013,decrease,admit_post,66.51024414805515
gemma3-12b,g24a_scifact_1359,767933a013,decrease,exclude_post,22.10917616435989
gemma3-12b,g24a_scifact_1359,767933a013,decrease,strong_exclude_post,55.52323927056604
gemma3-12b,g24a_scifact_1359,767933a013,decrease,counterfactual_delete_post,55.545699962495696
gemma3-12b,g24a_scifact_788,e0d5b1943f,increase,base,55.52363364490109
gemma3-12b,g24a_scifact_788,e0d5b1943f,increase,admit_post,77.83460307324658
gemma3-12b,g24a_scifact_788,e0d5b1943f,increase,exclude_post,35.08203202720313
gemma3-12b,g24a_scifact_788,e0d5b1943f,increase,strong_exclude_post,52.4153959090763
gemma3-12b,g24a_scifact_788,e0d5b1943f,increase,counterfactual_delete_post,53.899773139714554
gemma3-12b,g24a_scifact_787,e0d5b1943f,decrease,base,55.55555531665635
gemma3-12b,g24a_scifact_787,e0d5b1943f,decrease,admit_post,66.64992343801799
gemma3-12b,g24a_scifact_787,e0d5b1943f,decrease,exclude_post,54.697043238880255
gemma3-12b,g24a_scifact_787,e0d5b1943f,decrease,strong_exclude_post,55.52665796628358
gemma3-12b,g24a_scifact_787,e0d5b1943f,decrease,counterfactual_delete_post,53.51179456492446
gemma3-12b,g24a_scifact_347,b99675450c,increase,base,57.57827833898571
gemma3-12b,g24a_scifact_347,b99675450c,increase,admit_post,77.81258986070479
gemma3-12b,g24a_scifact_347,b99675450c,increase,exclude_post,53.6282117019929
gemma3-12b,g24a_scifact_347,b99675450c,increase,strong_exclude_post,55.41809857598636
gemma3-12b,g24a_scifact_347,b99675450c,increase,counterfactual_delete_post,55.55337036889636
gemma3-12b,g24a_scifact_346,b99675450c,decrease,base,55.555555437160336
gemma3-12b,g24a_scifact_346,b99675450c,decrease,admit_post,77.74389450578747
gemma3-12b,g24a_scifact_346,b99675450c,decrease,exclude_post,54.52604945945108
gemma3-12b,g24a_scifact_346,b99675450c,decrease,strong_exclude_post,55.411760737053356
gemma3-12b,g24a_scifact_346,b99675450c,decrease,counterfactual_delete_post,44.32848457895223
qwen3-8b,g24a_fever_104703,0c6800fb98,increase,base,99.99999999992684
qwen3-8b,g24a_fever_104703,0c6800fb98,increase,admit_post,99.99999999999933
qwen3-8b,g24a_fever_104703,0c6800fb98,increase,exclude_post,99.99999999884547
qwen3-8b,g24a_fever_104703,0c6800fb98,increase,strong_exclude_post,99.99999999992697
qwen3-8b,g24a_fever_104703,0c6800fb98,increase,counterfactual_delete_post,77.53032533476294
qwen3-8b,g24a_fever_42954,0c6800fb98,decrease,base,2.48745705062634
qwen3-8b,g24a_fever_42954,0c6800fb98,decrease,admit_post,0.000208199496612976
qwen3-8b,g24a_fever_42954,0c6800fb98,decrease,exclude_post,2.576287593124958e-05
qwen3-8b,g24a_fever_42954,0c6800fb98,decrease,strong_exclude_post,0.00015979816301391064
qwen3-8b,g24a_fever_42954,0c6800fb98,decrease,counterfactual_delete_post,0.00019095692279690846
qwen3-8b,g24a_fever_196992,8ab41d7c96,increase,base,99.9999999999934
qwen3-8b,g24a_fever_196992,8ab41d7c96,increase,admit_post,99.99999999998366
qwen3-8b,g24a_fever_196992,8ab41d7c96,increase,exclude_post,99.99999734180675
qwen3-8b,g24a_fever_196992,8ab41d7c96,increase,strong_exclude_post,99.9999999948837
qwen3-8b,g24a_fever_196992,8ab41d7c96,increase,counterfactual_delete_post,99.98332014116747
qwen3-8b,g24a_fever_196964,8ab41d7c96,decrease,base,2.26889445103003e-11
qwen3-8b,g24a_fever_196964,8ab41d7c96,decrease,admit_post,1.1198416605576745e-11
qwen3-8b,g24a_fever_196964,8ab41d7c96,decrease,exclude_post,9.380969086262997e-11
qwen3-8b,g24a_fever_196964,8ab41d7c96,decrease,strong_exclude_post,5.53910725488949e-11
qwen3-8b,g24a_fever_196964,8ab41d7c96,decrease,counterfactual_delete_post,5.14010906656833e-11
qwen3-8b,g24a_fever_90925,b03a779396,increase,base,99.9999999994603
qwen3-8b,g24a_fever_90925,b03a779396,increase,admit_post,99.99999999999947
qwen3-8b,g24a_fever_90925,b03a779396,increase,exclude_post,0.0003726644643554824
qwen3-8b,g24a_fever_90925,b03a779396,increase,strong_exclude_post,0.010348541950242322
qwen3-8b,g24a_fever_90925,b03a779396,increase,counterfactual_delete_post,74.78777107393405
qwen3-8b,g24a_fever_126933,b03a779396,decrease,base,99.99999999811764
qwen3-8b,g24a_fever_126933,b03a779396,decrease,admit_post,1.5999567153887553e-09
qwen3-8b,g24a_fever_126933,b03a779396,decrease,exclude_post,1.00225398126164e-09
qwen3-8b,g24a_fever_126933,b03a779396,decrease,strong_exclude_post,1.4622425868413038e-10
qwen3-8b,g24a_fever_126933,b03a779396,decrease,counterfactual_delete_post,2.7885806957064054e-09
qwen3-8b,g24a_fever_103003,862d663bdc,increase,base,99.99999986820916
qwen3-8b,g24a_fever_103003,862d663bdc,increase,admit_post,85.89966370028493
qwen3-8b,g24a_fever_103003,862d663bdc,increase,exclude_post,12.590003581645897
qwen3-8b,g24a_fever_103003,862d663bdc,increase,strong_exclude_post,55.38783223596612
qwen3-8b,g24a_fever_103003,862d663bdc,increase,counterfactual_delete_post,66.5445973575177
qwen3-8b,g24a_fever_108201,862d663bdc,decrease,base,1.181714034897717e-09
qwen3-8b,g24a_fever_108201,862d663bdc,decrease,admit_post,2.059872498551316e-10
qwen3-8b,g24a_fever_108201,862d663bdc,decrease,exclude_post,1.3269966402037136e-11
qwen3-8b,g24a_fever_108201,862d663bdc,decrease,strong_exclude_post,1.6598778822990484e-12
qwen3-8b,g24a_fever_108201,862d663bdc,decrease,counterfactual_delete_post,5.706874339488602e-09
qwen3-8b,g24a_fever_96603,7bc1d63c46,increase,base,93.75359090665653
qwen3-8b,g24a_fever_96603,7bc1d63c46,increase,admit_post,97.00704607023748
qwen3-8b,g24a_fever_96603,7bc1d63c46,increase,exclude_post,33.66278578613391
qwen3-8b,g24a_fever_96603,7bc1d63c46,increase,strong_exclude_post,48.18077778101892
qwen3-8b,g24a_fever_96603,7bc1d63c46,increase,counterfactual_delete_post,58.4549077238711
qwen3-8b,g24a_fever_138355,7bc1d63c46,decrease,base,2.6911157591433857e-10
qwen3-8b,g24a_fever_138355,7bc1d63c46,decrease,admit_post,7.805098571586125e-07
qwen3-8b,g24a_fever_138355,7bc1d63c46,decrease,exclude_post,3.2185297662979847e-09
qwen3-8b,g24a_fever_138355,7bc1d63c46,decrease,strong_exclude_post,1.7018079022852374e-10
qwen3-8b,g24a_fever_138355,7bc1d63c46,decrease,counterfactual_delete_post,8.65271485914484e-08
qwen3-8b,g24a_fever_19719,d90f0f36bc,increase,base,99.99935231436393
qwen3-8b,g24a_fever_19719,d90f0f36bc,increase,admit_post,99.99935231298507
qwen3-8b,g24a_fever_19719,d90f0f36bc,increase,exclude_post,78.10666383139319
qwen3-8b,g24a_fever_19719,d90f0f36bc,increase,strong_exclude_post,67.98717009861609
qwen3-8b,g24a_fever_19719,d90f0f36bc,increase,counterfactual_delete_post,66.6582989846409
qwen3-8b,g24a_fever_132132,d90f0f36bc,decrease,base,1.002408232830685e-06
qwen3-8b,g24a_fever_132132,d90f0f36bc,decrease,admit_post,1.6579162853929786e-05
qwen3-8b,g24a_fever_132132,d90f0f36bc,decrease,exclude_post,1.3421017748193548e-06
qwen3-8b,g24a_fever_132132,d90f0f36bc,decrease,strong_exclude_post,58.80672978209496
qwen3-8b,g24a_fever_132132,d90f0f36bc,decrease,counterfactual_delete_post,56.5563036528853
qwen3-8b,g24a_fever_70780,01df2d47f2,increase,base,99.99999999997306
qwen3-8b,g24a_fever_70780,01df2d47f2,increase,admit_post,99.99999999999964
qwen3-8b,g24a_fever_70780,01df2d47f2,increase,exclude_post,99.99999999998688
qwen3-8b,g24a_fever_70780,01df2d47f2,increase,strong_exclude_post,99.99999978262116
qwen3-8b,g24a_fever_70780,01df2d47f2,increase,counterfactual_delete_post,77.52250350009267
qwen3-8b,g24a_fever_99974,01df2d47f2,decrease,base,9.701290227395072e-10
qwen3-8b,g24a_fever_99974,01df2d47f2,decrease,admit_post,1.2516146435473214e-10
qwen3-8b,g24a_fever_99974,01df2d47f2,decrease,exclude_post,1.6477599152082672e-10
qwen3-8b,g24a_fever_99974,01df2d47f2,decrease,strong_exclude_post,2.758854782228229e-09
qwen3-8b,g24a_fever_99974,01df2d47f2,decrease,counterfactual_delete_post,9.161870378650377e-09
qwen3-8b,g24a_fever_69652,080a6c2bd0,increase,base,99.99893218943816
qwen3-8b,g24a_fever_69652,080a6c2bd0,increase,admit_post,99.99999999974473
qwen3-8b,g24a_fever_69652,080a6c2bd0,increase,exclude_post,99.99950778718473
qwen3-8b,g24a_fever_69652,080a6c2bd0,increase,strong_exclude_post,0.0785154112951736
qwen3-8b,g24a_fever_69652,080a6c2bd0,increase,counterfactual_delete_post,65.82281167603918
qwen3-8b,g24a_fever_11917,080a6c2bd0,decrease,base,55.58811534761838
qwen3-8b,g24a_fever_11917,080a6c2bd0,decrease,admit_post,27.20887788432157
qwen3-8b,g24a_fever_11917,080a6c2bd0,decrease,exclude_post,0.00012821952936238268
qwen3-8b,g24a_fever_11917,080a6c2bd0,decrease,strong_exclude_post,53.0910673945684
qwen3-8b,g24a_fever_11917,080a6c2bd0,decrease,counterfactual_delete_post,32.78235947695282
qwen3-8b,g24a_fever_4592,0aa4aeed0f,increase,base,99.99999999999824
qwen3-8b,g24a_fever_4592,0aa4aeed0f,increase,admit_post,99.99999999999713
qwen3-8b,g24a_fever_4592,0aa4aeed0f,increase,exclude_post,99.99999999997289
qwen3-8b,g24a_fever_4592,0aa4aeed0f,increase,strong_exclude_post,99.999999999579
qwen3-8b,g24a_fever_4592,0aa4aeed0f,increase,counterfactual_delete_post,77.73864001337112
qwen3-8b,g24a_fever_59214,0aa4aeed0f,decrease,base,8.77096907231506e-09
qwen3-8b,g24a_fever_59214,0aa4aeed0f,decrease,admit_post,1.9730820473521122e-08
qwen3-8b,g24a_fever_59214,0aa4aeed0f,decrease,exclude_post,7.293491461805286e-09
qwen3-8b,g24a_fever_59214,0aa4aeed0f,decrease,strong_exclude_post,99.99708662422503
qwen3-8b,g24a_fever_59214,0aa4aeed0f,decrease,counterfactual_delete_post,7.90593813518798e-07
qwen3-8b,g24a_fever_114158,3af0580f9b,increase,base,99.9999999999554
qwen3-8b,g24a_fever_114158,3af0580f9b,increase,admit_post,99.99999793833976
qwen3-8b,g24a_fever_114158,3af0580f9b,increase,exclude_post,99.9999999999871
qwen3-8b,g24a_fever_114158,3af0580f9b,increase,strong_exclude_post,99.99999999967116
qwen3-8b,g24a_fever_114158,3af0580f9b,increase,counterfactual_delete_post,99.99999997058401
qwen3-8b,g24a_fever_148551,3af0580f9b,decrease,base,1.4417578670439249e-11
qwen3-8b,g24a_fever_148551,3af0580f9b,decrease,admit_post,8.344543696544579e-12
qwen3-8b,g24a_fever_148551,3af0580f9b,decrease,exclude_post,8.211335608667803e-11
qwen3-8b,g24a_fever_148551,3af0580f9b,decrease,strong_exclude_post,2.67713197665434e-11
qwen3-8b,g24a_fever_148551,3af0580f9b,decrease,counterfactual_delete_post,2.868482872619632e-10
qwen3-8b,g24a_fever_136290,b05287b62f,increase,base,2.2356784043948996e-07
qwen3-8b,g24a_fever_136290,b05287b62f,increase,admit_post,95.7463005792192
qwen3-8b,g24a_fever_136290,b05287b62f,increase,exclude_post,0.009630202388901287
qwen3-8b,g24a_fever_136290,b05287b62f,increase,strong_exclude_post,0.29302681209267983
qwen3-8b,g24a_fever_136290,b05287b62f,increase,counterfactual_delete_post,45.15678205316255
qwen3-8b,g24a_fever_60344,b05287b62f,decrease,base,2.2236763145644842e-11
qwen3-8b,g24a_fever_60344,b05287b62f,decrease,admit_post,8.166456495255117e-11
qwen3-8b,g24a_fever_60344,b05287b62f,decrease,exclude_post,0.00013975387280929836
qwen3-8b,g24a_fever_60344,b05287b62f,decrease,strong_exclude_post,4.634407185166428e-11
qwen3-8b,g24a_fever_60344,b05287b62f,decrease,counterfactual_delete_post,99.99993126796984
qwen3-8b,g24a_fever_1251,c8e543ff59,increase,base,99.9999907430912
qwen3-8b,g24a_fever_1251,c8e543ff59,increase,admit_post,99.99999999995555
qwen3-8b,g24a_fever_1251,c8e543ff59,increase,exclude_post,99.99999999979849
qwen3-8b,g24a_fever_1251,c8e543ff59,increase,strong_exclude_post,99.99999999597304
qwen3-8b,g24a_fever_1251,c8e543ff59,increase,counterfactual_delete_post,99.99999792342906
qwen3-8b,g24a_fever_20202,c8e543ff59,decrease,base,0.0011732335812117854
qwen3-8b,g24a_fever_20202,c8e543ff59,decrease,admit_post,1.1128709462250473e-08
qwen3-8b,g24a_fever_20202,c8e543ff59,decrease,exclude_post,4.774197844371178e-09
qwen3-8b,g24a_fever_20202,c8e543ff59,decrease,strong_exclude_post,3.200044815048033e-10
qwen3-8b,g24a_fever_20202,c8e543ff59,decrease,counterfactual_delete_post,1.876115268198331e-07
qwen3-8b,g24a_fever_189771,2295b52ec4,increase,base,87.24396060552216
qwen3-8b,g24a_fever_189771,2295b52ec4,increase,admit_post,99.9999999994613
qwen3-8b,g24a_fever_189771,2295b52ec4,increase,exclude_post,99.9878654174044
qwen3-8b,g24a_fever_189771,2295b52ec4,increase,strong_exclude_post,99.80015130268299
qwen3-8b,g24a_fever_189771,2295b52ec4,increase,counterfactual_delete_post,76.93496355638086
qwen3-8b,g24a_fever_189768,2295b52ec4,decrease,base,4.550393362988679e-10
qwen3-8b,g24a_fever_189768,2295b52ec4,decrease,admit_post,65.46521544341101
qwen3-8b,g24a_fever_189768,2295b52ec4,decrease,exclude_post,6.10619374847652e-06
qwen3-8b,g24a_fever_189768,2295b52ec4,decrease,strong_exclude_post,5.443785038746992e-06
qwen3-8b,g24a_fever_189768,2295b52ec4,decrease,counterfactual_delete_post,0.009293659273663657
qwen3-8b,g24a_fever_25995,234717bc1f,increase,base,99.99999999999959
qwen3-8b,g24a_fever_25995,234717bc1f,increase,admit_post,99.99999999999893
qwen3-8b,g24a_fever_25995,234717bc1f,increase,exclude_post,99.99999999994301
qwen3-8b,g24a_fever_25995,234717bc1f,increase,strong_exclude_post,99.99999999996547
qwen3-8b,g24a_fever_25995,234717bc1f,increase,counterfactual_delete_post,77.74554431502219
qwen3-8b,g24a_fever_106981,234717bc1f,decrease,base,99.99999999999001
qwen3-8b,g24a_fever_106981,234717bc1f,decrease,admit_post,88.55981640105492
qwen3-8b,g24a_fever_106981,234717bc1f,decrease,exclude_post,6.411307097863837
qwen3-8b,g24a_fever_106981,234717bc1f,decrease,strong_exclude_post,63.72670649445596
qwen3-8b,g24a_fever_106981,234717bc1f,decrease,counterfactual_delete_post,54.87777803127926
qwen3-8b,g24a_fever_40944,6da30661c0,increase,base,99.99999999999382
qwen3-8b,g24a_fever_40944,6da30661c0,increase,admit_post,66.7367504813863
qwen3-8b,g24a_fever_40944,6da30661c0,increase,exclude_post,0.00019034374054809555
qwen3-8b,g24a_fever_40944,6da30661c0,increase,strong_exclude_post,4.112228053546517
qwen3-8b,g24a_fever_40944,6da30661c0,increase,counterfactual_delete_post,40.83528166329739
qwen3-8b,g24a_fever_34323,6da30661c0,decrease,base,6.59300550012937e-11
qwen3-8b,g24a_fever_34323,6da30661c0,decrease,admit_post,1.4871817183108387e-09
qwen3-8b,g24a_fever_34323,6da30661c0,decrease,exclude_post,1.5702502116147327e-10
qwen3-8b,g24a_fever_34323,6da30661c0,decrease,strong_exclude_post,30.19830002460103
qwen3-8b,g24a_fever_34323,6da30661c0,decrease,counterfactual_delete_post,3.2371322668549656
qwen3-8b,g24a_fever_12738,e059650125,increase,base,2.675226396062015e-06
qwen3-8b,g24a_fever_12738,e059650125,increase,admit_post,99.99999997047725
qwen3-8b,g24a_fever_12738,e059650125,increase,exclude_post,0.42162633482430484
qwen3-8b,g24a_fever_12738,e059650125,increase,strong_exclude_post,2.5840609615280477e-05
qwen3-8b,g24a_fever_12738,e059650125,increase,counterfactual_delete_post,28.419944028320998
qwen3-8b,g24a_fever_91635,e059650125,decrease,base,9.298617983574629e-06
qwen3-8b,g24a_fever_91635,e059650125,decrease,admit_post,4.618569905877566e-10
qwen3-8b,g24a_fever_91635,e059650125,decrease,exclude_post,9.627792099283929e-10
qwen3-8b,g24a_fever_91635,e059650125,decrease,strong_exclude_post,2.170906029911657e-08
qwen3-8b,g24a_fever_91635,e059650125,decrease,counterfactual_delete_post,4.057005174510594e-07
qwen3-8b,g24a_fever_199818,2c34b2565b,increase,base,99.99999076048576
qwen3-8b,g24a_fever_199818,2c34b2565b,increase,admit_post,99.9999999999431
qwen3-8b,g24a_fever_199818,2c34b2565b,increase,exclude_post,99.99999999911097
qwen3-8b,g24a_fever_199818,2c34b2565b,increase,strong_exclude_post,99.95477598042778
qwen3-8b,g24a_fever_199818,2c34b2565b,increase,counterfactual_delete_post,77.80514268344648
qwen3-8b,g24a_fever_199819,2c34b2565b,decrease,base,6.391943305347891
qwen3-8b,g24a_fever_199819,2c34b2565b,decrease,admit_post,31.547072783494954
qwen3-8b,g24a_fever_199819,2c34b2565b,decrease,exclude_post,7.973298504013377e-06
qwen3-8b,g24a_fever_199819,2c34b2565b,decrease,strong_exclude_post,6.005440170957294e-05
qwen3-8b,g24a_fever_199819,2c34b2565b,decrease,counterfactual_delete_post,5.7925302353717605
qwen3-8b,g24a_fever_95679,f360f8b694,increase,base,33.332209036665304
qwen3-8b,g24a_fever_95679,f360f8b694,increase,admit_post,36.242999321335304
qwen3-8b,g24a_fever_95679,f360f8b694,increase,exclude_post,30.139127994834123
qwen3-8b,g24a_fever_95679,f360f8b694,increase,strong_exclude_post,0.004141343050162213
qwen3-8b,g24a_fever_95679,f360f8b694,increase,counterfactual_delete_post,33.414516376383155
qwen3-8b,g24a_fever_143875,f360f8b694,decrease,base,0.0003061136172890623
qwen3-8b,g24a_fever_143875,f360f8b694,decrease,admit_post,3.085008609687664e-07
qwen3-8b,g24a_fever_143875,f360f8b694,decrease,exclude_post,1.8035229041059148e-07
qwen3-8b,g24a_fever_143875,f360f8b694,decrease,strong_exclude_post,4.338298003314411e-06
qwen3-8b,g24a_fever_143875,f360f8b694,decrease,counterfactual_delete_post,0.0002157842975577014
qwen3-8b,g24a_fever_11237,8216ed3c31,increase,base,99.99862894759694
qwen3-8b,g24a_fever_11237,8216ed3c31,increase,admit_post,99.99999999987939
qwen3-8b,g24a_fever_11237,8216ed3c31,increase,exclude_post,99.99998319562454
qwen3-8b,g24a_fever_11237,8216ed3c31,increase,strong_exclude_post,99.99999999930756
qwen3-8b,g24a_fever_11237,8216ed3c31,increase,counterfactual_delete_post,76.71832835786847
qwen3-8b,g24a_fever_12084,8216ed3c31,decrease,base,2.4349793136520793e-08
qwen3-8b,g24a_fever_12084,8216ed3c31,decrease,admit_post,1.1020229060321903e-11
qwen3-8b,g24a_fever_12084,8216ed3c31,decrease,exclude_post,1.1471538543580193e-11
qwen3-8b,g24a_fever_12084,8216ed3c31,decrease,strong_exclude_post,2.576198354822463e-10
qwen3-8b,g24a_fever_12084,8216ed3c31,decrease,counterfactual_delete_post,2.4836775610724476e-10
qwen3-8b,g24a_fever_168011,57dd206baa,increase,base,85.32364519771843
qwen3-8b,g24a_fever_168011,57dd206baa,increase,admit_post,99.9999999999429
qwen3-8b,g24a_fever_168011,57dd206baa,increase,exclude_post,99.99999999486838
qwen3-8b,g24a_fever_168011,57dd206baa,increase,strong_exclude_post,99.99991226534924
qwen3-8b,g24a_fever_168011,57dd206baa,increase,counterfactual_delete_post,77.36324359235088
qwen3-8b,g24a_fever_168015,57dd206baa,decrease,base,9.863268165435945e-11
qwen3-8b,g24a_fever_168015,57dd206baa,decrease,admit_post,3.770718280335376e-11
qwen3-8b,g24a_fever_168015,57dd206baa,decrease,exclude_post,1.0711947566534551e-11
qwen3-8b,g24a_fever_168015,57dd206baa,decrease,strong_exclude_post,7.951070524212013e-11
qwen3-8b,g24a_fever_168015,57dd206baa,decrease,counterfactual_delete_post,2.130924556619024e-11
qwen3-8b,g24a_fever_49405,494e225216,increase,base,99.99999993774595
qwen3-8b,g24a_fever_49405,494e225216,increase,admit_post,99.9999748847609
qwen3-8b,g24a_fever_49405,494e225216,increase,exclude_post,99.99991143751237
qwen3-8b,g24a_fever_49405,494e225216,increase,strong_exclude_post,99.9999973527726
qwen3-8b,g24a_fever_49405,494e225216,increase,counterfactual_delete_post,99.97859112232572
qwen3-8b,g24a_fever_70815,494e225216,decrease,base,2.8733963749985604e-07
qwen3-8b,g24a_fever_70815,494e225216,decrease,admit_post,1.2822625236723956e-10
qwen3-8b,g24a_fever_70815,494e225216,decrease,exclude_post,7.939907691054923e-11
qwen3-8b,g24a_fever_70815,494e225216,decrease,strong_exclude_post,4.5562374609965087e-10
qwen3-8b,g24a_fever_70815,494e225216,decrease,counterfactual_delete_post,1.2675271457268125e-06
qwen3-8b,g24a_fever_207263,f81d4310d0,increase,base,56.388364403815004
qwen3-8b,g24a_fever_207263,f81d4310d0,increase,admit_post,66.13976363447456
qwen3-8b,g24a_fever_207263,f81d4310d0,increase,exclude_post,0.014386247041164322
qwen3-8b,g24a_fever_207263,f81d4310d0,increase,strong_exclude_post,33.748580713957246
qwen3-8b,g24a_fever_207263,f81d4310d0,increase,counterfactual_delete_post,55.50766561526615
qwen3-8b,g24a_fever_207256,f81d4310d0,decrease,base,6.009987747022521e-10
qwen3-8b,g24a_fever_207256,f81d4310d0,decrease,admit_post,31.867580946372843
qwen3-8b,g24a_fever_207256,f81d4310d0,decrease,exclude_post,0.08039739559749388
qwen3-8b,g24a_fever_207256,f81d4310d0,decrease,strong_exclude_post,44.590091318755384
qwen3-8b,g24a_fever_207256,f81d4310d0,decrease,counterfactual_delete_post,30.177992875697004
qwen3-8b,g24a_fever_64113,b0f96d949b,increase,base,99.99999999945044
qwen3-8b,g24a_fever_64113,b0f96d949b,increase,admit_post,99.99999999853105
qwen3-8b,g24a_fever_64113,b0f96d949b,increase,exclude_post,99.99989127590874
qwen3-8b,g24a_fever_64113,b0f96d949b,increase,strong_exclude_post,99.99969404740173
qwen3-8b,g24a_fever_64113,b0f96d949b,increase,counterfactual_delete_post,89.30362281851669
qwen3-8b,g24a_fever_58823,b0f96d949b,decrease,base,99.99999839434739
qwen3-8b,g24a_fever_58823,b0f96d949b,decrease,admit_post,3.010939919461398e-08
qwen3-8b,g24a_fever_58823,b0f96d949b,decrease,exclude_post,99.99999832809522
qwen3-8b,g24a_fever_58823,b0f96d949b,decrease,strong_exclude_post,54.275172163833844
qwen3-8b,g24a_fever_58823,b0f96d949b,decrease,counterfactual_delete_post,78.83458746626884
qwen3-8b,g24a_fever_48101,f0196dc603,increase,base,99.99999999601636
qwen3-8b,g24a_fever_48101,f0196dc603,increase,admit_post,99.99999999758376
qwen3-8b,g24a_fever_48101,f0196dc603,increase,exclude_post,99.99999563391242
qwen3-8b,g24a_fever_48101,f0196dc603,increase,strong_exclude_post,99.99935211221472
qwen3-8b,g24a_fever_48101,f0196dc603,increase,counterfactual_delete_post,78.01164686920839
qwen3-8b,g24a_fever_35043,f0196dc603,decrease,base,4.109397105454419e-09
qwen3-8b,g24a_fever_35043,f0196dc603,decrease,admit_post,38.24745987878592
qwen3-8b,g24a_fever_35043,f0196dc603,decrease,exclude_post,3.3547602862249573e-09
qwen3-8b,g24a_fever_35043,f0196dc603,decrease,strong_exclude_post,1.8698972984009205e-08
qwen3-8b,g24a_fever_35043,f0196dc603,decrease,counterfactual_delete_post,0.0006545473970991039
qwen3-8b,g24a_fever_7876,d63fe9fc86,increase,base,99.9999999999791
qwen3-8b,g24a_fever_7876,d63fe9fc86,increase,admit_post,99.99999999999635
qwen3-8b,g24a_fever_7876,d63fe9fc86,increase,exclude_post,99.99999999994299
qwen3-8b,g24a_fever_7876,d63fe9fc86,increase,strong_exclude_post,99.9999999622355
qwen3-8b,g24a_fever_7876,d63fe9fc86,increase,counterfactual_delete_post,77.80691457004589
qwen3-8b,g24a_fever_7877,d63fe9fc86,decrease,base,4.7545417840330074e-11
qwen3-8b,g24a_fever_7877,d63fe9fc86,decrease,admit_post,2.28985862294896e-11
qwen3-8b,g24a_fever_7877,d63fe9fc86,decrease,exclude_post,1.7399884682276664e-11
qwen3-8b,g24a_fever_7877,d63fe9fc86,decrease,strong_exclude_post,1.3685228972407978e-11
qwen3-8b,g24a_fever_7877,d63fe9fc86,decrease,counterfactual_delete_post,5.039283244824411e-12
qwen3-8b,g24a_fever_47308,b180197526,increase,base,99.99999999885853
qwen3-8b,g24a_fever_47308,b180197526,increase,admit_post,99.9999999999731
qwen3-8b,g24a_fever_47308,b180197526,increase,exclude_post,99.99999993773388
qwen3-8b,g24a_fever_47308,b180197526,increase,strong_exclude_post,99.99999998610546
qwen3-8b,g24a_fever_47308,b180197526,increase,counterfactual_delete_post,99.9999999968947
qwen3-8b,g24a_fever_76522,b180197526,decrease,base,77.95848050035613
qwen3-8b,g24a_fever_76522,b180197526,decrease,admit_post,7.52473510788424e-05
qwen3-8b,g24a_fever_76522,b180197526,decrease,exclude_post,6.2803450743772715e-06
qwen3-8b,g24a_fever_76522,b180197526,decrease,strong_exclude_post,2.360077352435361e-06
qwen3-8b,g24a_fever_76522,b180197526,decrease,counterfactual_delete_post,4.949356268369259e-06
qwen3-8b,g24a_fever_24345,f0174765dd,increase,base,22.213499361904894
qwen3-8b,g24a_fever_24345,f0174765dd,increase,admit_post,99.99999972029043
qwen3-8b,g24a_fever_24345,f0174765dd,increase,exclude_post,2.694153465214999e-05
qwen3-8b,g24a_fever_24345,f0174765dd,increase,strong_exclude_post,6.0217799495286066e-09
qwen3-8b,g24a_fever_24345,f0174765dd,increase,counterfactual_delete_post,32.808940440566246
qwen3-8b,g24a_fever_110379,f0174765dd,decrease,base,99.99999999758246
qwen3-8b,g24a_fever_110379,f0174765dd,decrease,admit_post,9.380564944866864e-10
qwen3-8b,g24a_fever_110379,f0174765dd,decrease,exclude_post,2.738410447567028e-10
qwen3-8b,g24a_fever_110379,f0174765dd,decrease,strong_exclude_post,1.0984679369007423e-08
qwen3-8b,g24a_fever_110379,f0174765dd,decrease,counterfactual_delete_post,24.43430654567397
qwen3-8b,g24a_fever_205126,1d71e1b002,increase,base,99.99999999157286
qwen3-8b,g24a_fever_205126,1d71e1b002,increase,admit_post,99.99999999967132
qwen3-8b,g24a_fever_205126,1d71e1b002,increase,exclude_post,0.0911056163686961
qwen3-8b,g24a_fever_205126,1d71e1b002,increase,strong_exclude_post,99.99999940849109
qwen3-8b,g24a_fever_205126,1d71e1b002,increase,counterfactual_delete_post,66.61866821464906
qwen3-8b,g24a_fever_205099,1d71e1b002,decrease,base,2.4904186451252753e-11
qwen3-8b,g24a_fever_205099,1d71e1b002,decrease,admit_post,1.0818696109654576e-10
qwen3-8b,g24a_fever_205099,1d71e1b002,decrease,exclude_post,1.0613381531876873e-10
qwen3-8b,g24a_fever_205099,1d71e1b002,decrease,strong_exclude_post,9.06839781794621e-11
qwen3-8b,g24a_fever_205099,1d71e1b002,decrease,counterfactual_delete_post,5.97548610480788e-10
qwen3-8b,g24a_fever_113884,fb37cb9aa9,increase,base,1.0563087910058217e-07
qwen3-8b,g24a_fever_113884,fb37cb9aa9,increase,admit_post,99.99999999967312
qwen3-8b,g24a_fever_113884,fb37cb9aa9,increase,exclude_post,19.07077456851795
qwen3-8b,g24a_fever_113884,fb37cb9aa9,increase,strong_exclude_post,0.00012465133575834345
qwen3-8b,g24a_fever_113884,fb37cb9aa9,increase,counterfactual_delete_post,57.317796623457966
qwen3-8b,g24a_fever_99531,fb37cb9aa9,decrease,base,0.00032461942384343653
qwen3-8b,g24a_fever_99531,fb37cb9aa9,decrease,admit_post,4.9627578491927596e-08
qwen3-8b,g24a_fever_99531,fb37cb9aa9,decrease,exclude_post,5.52107816390202e-09
qwen3-8b,g24a_fever_99531,fb37cb9aa9,decrease,strong_exclude_post,0.00034526757065979845
qwen3-8b,g24a_fever_99531,fb37cb9aa9,decrease,counterfactual_delete_post,9.3006358580958e-05
qwen3-8b,g24a_fever_10650,2a3255de71,increase,base,99.99999924159783
qwen3-8b,g24a_fever_10650,2a3255de71,increase,admit_post,99.9999999998456
qwen3-8b,g24a_fever_10650,2a3255de71,increase,exclude_post,99.99999793844931
qwen3-8b,g24a_fever_10650,2a3255de71,increase,strong_exclude_post,99.99893219560576
qwen3-8b,g24a_fever_10650,2a3255de71,increase,counterfactual_delete_post,66.6732204735636
qwen3-8b,g24a_fever_144800,2a3255de71,decrease,base,4.273191004192133e-08
qwen3-8b,g24a_fever_144800,2a3255de71,decrease,admit_post,1.1947760065610386e-08
qwen3-8b,g24a_fever_144800,2a3255de71,decrease,exclude_post,8.015013022293077e-09
qwen3-8b,g24a_fever_144800,2a3255de71,decrease,strong_exclude_post,0.014550583924265207
qwen3-8b,g24a_fever_144800,2a3255de71,decrease,counterfactual_delete_post,19.359769670916144
qwen3-8b,g24a_fever_55741,33f8620216,increase,base,99.99211471555721
qwen3-8b,g24a_fever_55741,33f8620216,increase,admit_post,93.62649563185508
qwen3-8b,g24a_fever_55741,33f8620216,increase,exclude_post,99.74308816650914
qwen3-8b,g24a_fever_55741,33f8620216,increase,strong_exclude_post,99.99997475997469
qwen3-8b,g24a_fever_55741,33f8620216,increase,counterfactual_delete_post,32.95729397799597
qwen3-8b,g24a_fever_20461,33f8620216,decrease,base,98.3549472194123
qwen3-8b,g24a_fever_20461,33f8620216,decrease,admit_post,33.468470564006296
qwen3-8b,g24a_fever_20461,33f8620216,decrease,exclude_post,60.12407506217658
qwen3-8b,g24a_fever_20461,33f8620216,decrease,strong_exclude_post,68.62153142537889
qwen3-8b,g24a_fever_20461,33f8620216,decrease,counterfactual_delete_post,18.73938754122138
qwen3-8b,g24a_fever_57718,f7547bfefb,increase,base,99.9999999999951
qwen3-8b,g24a_fever_57718,f7547bfefb,increase,admit_post,99.99999999999962
qwen3-8b,g24a_fever_57718,f7547bfefb,increase,exclude_post,99.99999740912483
qwen3-8b,g24a_fever_57718,f7547bfefb,increase,strong_exclude_post,0.07177078671720719
qwen3-8b,g24a_fever_57718,f7547bfefb,increase,counterfactual_delete_post,76.45329973295779
qwen3-8b,g24a_fever_133910,f7547bfefb,decrease,base,2.9715753473862335e-10
qwen3-8b,g24a_fever_133910,f7547bfefb,decrease,admit_post,1.4043342646816484e-08
qwen3-8b,g24a_fever_133910,f7547bfefb,decrease,exclude_post,6.413823458897881e-10
qwen3-8b,g24a_fever_133910,f7547bfefb,decrease,strong_exclude_post,3.7742790463676386e-05
qwen3-8b,g24a_fever_133910,f7547bfefb,decrease,counterfactual_delete_post,39.9981974329529
qwen3-8b,g24a_fever_36333,e3f49ec377,increase,base,5.855865549202419e-05
qwen3-8b,g24a_fever_36333,e3f49ec377,increase,admit_post,99.99999999994306
qwen3-8b,g24a_fever_36333,e3f49ec377,increase,exclude_post,9.09933635811756e-07
qwen3-8b,g24a_fever_36333,e3f49ec377,increase,strong_exclude_post,2.730613693874607e-08
qwen3-8b,g24a_fever_36333,e3f49ec377,increase,counterfactual_delete_post,1.0454335773613722e-07
qwen3-8b,g24a_fever_142984,e3f49ec377,decrease,base,5.582488305194053e-10
qwen3-8b,g24a_fever_142984,e3f49ec377,decrease,admit_post,1.2882736559698688e-10
qwen3-8b,g24a_fever_142984,e3f49ec377,decrease,exclude_post,3.5933878963447843e-07
qwen3-8b,g24a_fever_142984,e3f49ec377,decrease,strong_exclude_post,4.905942081235268e-07
qwen3-8b,g24a_fever_142984,e3f49ec377,decrease,counterfactual_delete_post,0.00038032761573020984
qwen3-8b,g24a_fever_36453,cf29f7401a,increase,base,97.52153712289551
qwen3-8b,g24a_fever_36453,cf29f7401a,increase,admit_post,99.99999999967277
qwen3-8b,g24a_fever_36453,cf29f7401a,increase,exclude_post,18.242564341486265
qwen3-8b,g24a_fever_36453,cf29f7401a,increase,strong_exclude_post,99.99999999894327
qwen3-8b,g24a_fever_36453,cf29f7401a,increase,counterfactual_delete_post,66.54517354731456
qwen3-8b,g24a_fever_153341,cf29f7401a,decrease,base,78.02009323141175
qwen3-8b,g24a_fever_153341,cf29f7401a,decrease,admit_post,40.29562670647244
qwen3-8b,g24a_fever_153341,cf29f7401a,decrease,exclude_post,0.0002319360246896466
qwen3-8b,g24a_fever_153341,cf29f7401a,decrease,strong_exclude_post,6.382857739558506
qwen3-8b,g24a_fever_153341,cf29f7401a,decrease,counterfactual_delete_post,33.34861560770552
qwen3-8b,g24a_fever_221240,e30b1f6fa0,increase,base,99.99999999999392
qwen3-8b,g24a_fever_221240,e30b1f6fa0,increase,admit_post,99.99999999998352
qwen3-8b,g24a_fever_221240,e30b1f6fa0,increase,exclude_post,99.99960858924062
qwen3-8b,g24a_fever_221240,e30b1f6fa0,increase,strong_exclude_post,99.99999999945884
qwen3-8b,g24a_fever_221240,e30b1f6fa0,increase,counterfactual_delete_post,99.97252625169735
qwen3-8b,g24a_fever_221244,e30b1f6fa0,decrease,base,6.722090247447814e-08
qwen3-8b,g24a_fever_221244,e30b1f6fa0,decrease,admit_post,5.864914867629086e-05
qwen3-8b,g24a_fever_221244,e30b1f6fa0,decrease,exclude_post,1.9677649985423457e-08
qwen3-8b,g24a_fever_221244,e30b1f6fa0,decrease,strong_exclude_post,0.023588552683541788
qwen3-8b,g24a_fever_221244,e30b1f6fa0,decrease,counterfactual_delete_post,0.0012991021447562611
qwen3-8b,g24a_fever_16807,2d03f3662c,increase,base,99.99999999998731
qwen3-8b,g24a_fever_16807,2d03f3662c,increase,admit_post,99.99999999999949
qwen3-8b,g24a_fever_16807,2d03f3662c,increase,exclude_post,0.06004560982176546
qwen3-8b,g24a_fever_16807,2d03f3662c,increase,strong_exclude_post,99.99999999811743
qwen3-8b,g24a_fever_16807,2d03f3662c,increase,counterfactual_delete_post,77.63159761817101
qwen3-8b,g24a_fever_102175,2d03f3662c,decrease,base,6.046088866924715e-11
qwen3-8b,g24a_fever_102175,2d03f3662c,decrease,admit_post,3.045940362538921e-11
qwen3-8b,g24a_fever_102175,2d03f3662c,decrease,exclude_post,5.634661650835514e-11
qwen3-8b,g24a_fever_102175,2d03f3662c,decrease,strong_exclude_post,8.00892742115454e-11
qwen3-8b,g24a_fever_102175,2d03f3662c,decrease,counterfactual_delete_post,4.586009398025304e-10
qwen3-8b,g24a_fever_16701,6cbe0db683,increase,base,99.99996774723148
qwen3-8b,g24a_fever_16701,6cbe0db683,increase,admit_post,99.99999999998369
qwen3-8b,g24a_fever_16701,6cbe0db683,increase,exclude_post,62.2459192249902
qwen3-8b,g24a_fever_16701,6cbe0db683,increase,strong_exclude_post,0.028005383090775066
qwen3-8b,g24a_fever_16701,6cbe0db683,increase,counterfactual_delete_post,32.88292946292833
qwen3-8b,g24a_fever_101473,6cbe0db683,decrease,base,6.613307966472081e-08
qwen3-8b,g24a_fever_101473,6cbe0db683,decrease,admit_post,8.205680071618616e-11
qwen3-8b,g24a_fever_101473,6cbe0db683,decrease,exclude_post,5.157976050314768e-11
qwen3-8b,g24a_fever_101473,6cbe0db683,decrease,strong_exclude_post,5.94117449665946
qwen3-8b,g24a_fever_101473,6cbe0db683,decrease,counterfactual_delete_post,0.1826853716431047
qwen3-8b,g24a_fever_119549,4ea809259a,increase,base,99.99999999992632
qwen3-8b,g24a_fever_119549,4ea809259a,increase,admit_post,99.99999999999532
qwen3-8b,g24a_fever_119549,4ea809259a,increase,exclude_post,99.99898549804118
qwen3-8b,g24a_fever_119549,4ea809259a,increase,strong_exclude_post,99.99999999957946
qwen3-8b,g24a_fever_119549,4ea809259a,increase,counterfactual_delete_post,90.21325488751589
qwen3-8b,g24a_fever_76382,4ea809259a,decrease,base,8.59788590158011e-12
qwen3-8b,g24a_fever_76382,4ea809259a,decrease,admit_post,1.3550140355302646e-11
qwen3-8b,g24a_fever_76382,4ea809259a,decrease,exclude_post,1.0753376686623426e-11
qwen3-8b,g24a_fever_76382,4ea809259a,decrease,strong_exclude_post,8.245575830649771e-12
qwen3-8b,g24a_fever_76382,4ea809259a,decrease,counterfactual_delete_post,3.4500017228414922e-12
qwen3-8b,g24a_fever_108882,93ab4ab661,increase,base,99.99999996223194
qwen3-8b,g24a_fever_108882,93ab4ab661,increase,admit_post,99.99999999994299
qwen3-8b,g24a_fever_108882,93ab4ab661,increase,exclude_post,99.99999998172252
qwen3-8b,g24a_fever_108882,93ab4ab661,increase,strong_exclude_post,99.9999956355607
qwen3-8b,g24a_fever_108882,93ab4ab661,increase,counterfactual_delete_post,64.62791785608373
qwen3-8b,g24a_fever_35695,93ab4ab661,decrease,base,0.027595573439532495
qwen3-8b,g24a_fever_35695,93ab4ab661,decrease,admit_post,4.108187527171901e-09
qwen3-8b,g24a_fever_35695,93ab4ab661,decrease,exclude_post,5.056511852763972e-08
qwen3-8b,g24a_fever_35695,93ab4ab661,decrease,strong_exclude_post,7.790386477062003e-10
qwen3-8b,g24a_fever_35695,93ab4ab661,decrease,counterfactual_delete_post,1.006825021947962e-06
qwen3-8b,g24a_fever_90158,dcd7c79741,increase,base,1.2019820962963136e-09
qwen3-8b,g24a_fever_90158,dcd7c79741,increase,admit_post,33.540278944035585
qwen3-8b,g24a_fever_90158,dcd7c79741,increase,exclude_post,10.635691067693307
qwen3-8b,g24a_fever_90158,dcd7c79741,increase,strong_exclude_post,0.07832460609847344
qwen3-8b,g24a_fever_90158,dcd7c79741,increase,counterfactual_delete_post,29.2370058523998
qwen3-8b,g24a_fever_71554,dcd7c79741,decrease,base,1.617768676887658e-10
qwen3-8b,g24a_fever_71554,dcd7c79741,decrease,admit_post,4.6818014266320667e-07
qwen3-8b,g24a_fever_71554,dcd7c79741,decrease,exclude_post,7.308814300283826e-10
qwen3-8b,g24a_fever_71554,dcd7c79741,decrease,strong_exclude_post,3.958500368698435e-08
qwen3-8b,g24a_fever_71554,dcd7c79741,decrease,counterfactual_delete_post,1.2284722867683272e-09
qwen3-8b,g24a_fever_32730,634a5a7bf7,increase,base,99.99999999980139
qwen3-8b,g24a_fever_32730,634a5a7bf7,increase,admit_post,99.9999999999056
qwen3-8b,g24a_fever_32730,634a5a7bf7,increase,exclude_post,99.99999997662532
qwen3-8b,g24a_fever_32730,634a5a7bf7,increase,strong_exclude_post,99.9999633603641
qwen3-8b,g24a_fever_32730,634a5a7bf7,increase,counterfactual_delete_post,41.844777644901086
qwen3-8b,g24a_fever_67285,634a5a7bf7,decrease,base,3.715747499443724
qwen3-8b,g24a_fever_67285,634a5a7bf7,decrease,admit_post,29.347390516228984
qwen3-8b,g24a_fever_67285,634a5a7bf7,decrease,exclude_post,4.076998304680953e-08
qwen3-8b,g24a_fever_67285,634a5a7bf7,decrease,strong_exclude_post,8.826681750099773e-08
qwen3-8b,g24a_fever_67285,634a5a7bf7,decrease,counterfactual_delete_post,2.932669926978948e-05
qwen3-8b,g24a_fever_161906,d12dd79259,increase,base,99.99999999998721
qwen3-8b,g24a_fever_161906,d12dd79259,increase,admit_post,99.99999999999777
qwen3-8b,g24a_fever_161906,d12dd79259,increase,exclude_post,99.99999999990378
qwen3-8b,g24a_fever_161906,d12dd79259,increase,strong_exclude_post,99.99999999990585
qwen3-8b,g24a_fever_161906,d12dd79259,increase,counterfactual_delete_post,66.71166706614709
qwen3-8b,g24a_fever_161915,d12dd79259,decrease,base,34.87279979035439
qwen3-8b,g24a_fever_161915,d12dd79259,decrease,admit_post,3.553934681517188e-10
qwen3-8b,g24a_fever_161915,d12dd79259,decrease,exclude_post,1.7884184840146325e-11
qwen3-8b,g24a_fever_161915,d12dd79259,decrease,strong_exclude_post,0.006850597881850649
qwen3-8b,g24a_fever_161915,d12dd79259,decrease,counterfactual_delete_post,1.5697480538591345e-09
qwen3-8b,g24a_fever_114625,9f5081e9a1,increase,base,99.9999999999897
qwen3-8b,g24a_fever_114625,9f5081e9a1,increase,admit_post,99.99999999999962
qwen3-8b,g24a_fever_114625,9f5081e9a1,increase,exclude_post,99.99999999973534
qwen3-8b,g24a_fever_114625,9f5081e9a1,increase,strong_exclude_post,99.99999999996515
qwen3-8b,g24a_fever_114625,9f5081e9a1,increase,counterfactual_delete_post,88.88953095752318
qwen3-8b,g24a_fever_124264,9f5081e9a1,decrease,base,0.02749202727428835
qwen3-8b,g24a_fever_124264,9f5081e9a1,decrease,admit_post,0.027747550255320923
qwen3-8b,g24a_fever_124264,9f5081e9a1,decrease,exclude_post,1.1707392395926891e-08
qwen3-8b,g24a_fever_124264,9f5081e9a1,decrease,strong_exclude_post,3.8899731420151034e-08
qwen3-8b,g24a_fever_124264,9f5081e9a1,decrease,counterfactual_delete_post,7.571942594086617e-05
qwen3-8b,g24a_fever_185301,00246702d1,increase,base,99.9993523191406
qwen3-8b,g24a_fever_185301,00246702d1,increase,admit_post,99.99999999998722
qwen3-8b,g24a_fever_185301,00246702d1,increase,exclude_post,3.775792644943746e-05
qwen3-8b,g24a_fever_185301,00246702d1,increase,strong_exclude_post,0.0037411848619579146
qwen3-8b,g24a_fever_185301,00246702d1,increase,counterfactual_delete_post,59.11472405435485
qwen3-8b,g24a_fever_185287,00246702d1,decrease,base,1.2935880716396237e-10
qwen3-8b,g24a_fever_185287,00246702d1,decrease,admit_post,1.0596451621098486e-05
qwen3-8b,g24a_fever_185287,00246702d1,decrease,exclude_post,7.992143284932122e-10
qwen3-8b,g24a_fever_185287,00246702d1,decrease,strong_exclude_post,0.0009190030968258232
qwen3-8b,g24a_fever_185287,00246702d1,decrease,counterfactual_delete_post,2.753410565981951e-09
qwen3-8b,g24a_fever_154989,a736c80e61,increase,base,99.99995815730841
qwen3-8b,g24a_fever_154989,a736c80e61,increase,admit_post,85.33822915033619
qwen3-8b,g24a_fever_154989,a736c80e61,increase,exclude_post,76.43806506393076
qwen3-8b,g24a_fever_154989,a736c80e61,increase,strong_exclude_post,98.20551568407762
qwen3-8b,g24a_fever_154989,a736c80e61,increase,counterfactual_delete_post,67.1857524802488
qwen3-8b,g24a_fever_128332,a736c80e61,decrease,base,64.88433795764982
qwen3-8b,g24a_fever_128332,a736c80e61,decrease,admit_post,2.9007184097494504e-10
qwen3-8b,g24a_fever_128332,a736c80e61,decrease,exclude_post,9.664508840390764e-05
qwen3-8b,g24a_fever_128332,a736c80e61,decrease,strong_exclude_post,5.1503666067685865e-09
qwen3-8b,g24a_fever_128332,a736c80e61,decrease,counterfactual_delete_post,55.02326416954773
qwen3-8b,g24a_fever_136282,92b07c2b9d,increase,base,99.99999999997306
qwen3-8b,g24a_fever_136282,92b07c2b9d,increase,admit_post,99.99999999990607
qwen3-8b,g24a_fever_136282,92b07c2b9d,increase,exclude_post,43.0809959263257
qwen3-8b,g24a_fever_136282,92b07c2b9d,increase,strong_exclude_post,99.99999515721177
qwen3-8b,g24a_fever_136282,92b07c2b9d,increase,counterfactual_delete_post,87.67872505829133
qwen3-8b,g24a_fever_87414,92b07c2b9d,decrease,base,0.027480366895577313
qwen3-8b,g24a_fever_87414,92b07c2b9d,decrease,admit_post,0.02602533367812529
qwen3-8b,g24a_fever_87414,92b07c2b9d,decrease,exclude_post,50.0777938637336
qwen3-8b,g24a_fever_87414,92b07c2b9d,decrease,strong_exclude_post,0.2703668562356371
qwen3-8b,g24a_fever_87414,92b07c2b9d,decrease,counterfactual_delete_post,1.9196111178154358
qwen3-8b,g24a_fever_10041,3ac4b52efa,increase,base,99.99999999984466
qwen3-8b,g24a_fever_10041,3ac4b52efa,increase,admit_post,99.99999999999822
qwen3-8b,g24a_fever_10041,3ac4b52efa,increase,exclude_post,99.99999999998329
qwen3-8b,g24a_fever_10041,3ac4b52efa,increase,strong_exclude_post,99.99999999999596
qwen3-8b,g24a_fever_10041,3ac4b52efa,increase,counterfactual_delete_post,99.99999999994174
qwen3-8b,g24a_fever_101434,3ac4b52efa,decrease,base,2.0874277970203186e-11
qwen3-8b,g24a_fever_101434,3ac4b52efa,decrease,admit_post,2.7123202166265626e-11
qwen3-8b,g24a_fever_101434,3ac4b52efa,decrease,exclude_post,1.677457110998951e-11
qwen3-8b,g24a_fever_101434,3ac4b52efa,decrease,strong_exclude_post,2.626678308270286e-12
qwen3-8b,g24a_fever_101434,3ac4b52efa,decrease,counterfactual_delete_post,1.071884513542805e-11
qwen3-8b,g24a_fever_59607,4c8f926d12,increase,base,86.8613945897258
qwen3-8b,g24a_fever_59607,4c8f926d12,increase,admit_post,99.9999999968967
qwen3-8b,g24a_fever_59607,4c8f926d12,increase,exclude_post,99.99999986805429
qwen3-8b,g24a_fever_59607,4c8f926d12,increase,strong_exclude_post,3.979520441823556e-07
qwen3-8b,g24a_fever_59607,4c8f926d12,increase,counterfactual_delete_post,88.67534769550332
qwen3-8b,g24a_fever_38110,4c8f926d12,decrease,base,99.99999999958013
qwen3-8b,g24a_fever_38110,4c8f926d12,decrease,admit_post,0.0002965576393162292
qwen3-8b,g24a_fever_38110,4c8f926d12,decrease,exclude_post,2.7728541257419657e-10
qwen3-8b,g24a_fever_38110,4c8f926d12,decrease,strong_exclude_post,0.0034304791124282344
qwen3-8b,g24a_fever_38110,4c8f926d12,decrease,counterfactual_delete_post,0.00011675692494813446
qwen3-8b,g24a_fever_164647,fa15646b91,increase,base,99.99999999999802
qwen3-8b,g24a_fever_164647,fa15646b91,increase,admit_post,99.99999999997902
qwen3-8b,g24a_fever_164647,fa15646b91,increase,exclude_post,99.99999999946056
qwen3-8b,g24a_fever_164647,fa15646b91,increase,strong_exclude_post,99.9999999999431
qwen3-8b,g24a_fever_164647,fa15646b91,increase,counterfactual_delete_post,99.99960713098136
qwen3-8b,g24a_fever_164643,fa15646b91,decrease,base,2.730565095079467e-10
qwen3-8b,g24a_fever_164643,fa15646b91,decrease,admit_post,48.68133131439778
qwen3-8b,g24a_fever_164643,fa15646b91,decrease,exclude_post,3.672016232003466e-07
qwen3-8b,g24a_fever_164643,fa15646b91,decrease,strong_exclude_post,2.4099434119352633e-06
qwen3-8b,g24a_fever_164643,fa15646b91,decrease,counterfactual_delete_post,0.24184732985429594
qwen3-8b,g24a_fever_45818,a78e3bd7d1,increase,base,99.99999999999802
qwen3-8b,g24a_fever_45818,a78e3bd7d1,increase,admit_post,99.99999999999228
qwen3-8b,g24a_fever_45818,a78e3bd7d1,increase,exclude_post,99.99999998918028
qwen3-8b,g24a_fever_45818,a78e3bd7d1,increase,strong_exclude_post,99.9999999999873
qwen3-8b,g24a_fever_45818,a78e3bd7d1,increase,counterfactual_delete_post,0.008929275259083743
qwen3-8b,g24a_fever_145403,a78e3bd7d1,decrease,base,2.5851359487431044e-09
qwen3-8b,g24a_fever_145403,a78e3bd7d1,decrease,admit_post,8.767096866773938e-09
qwen3-8b,g24a_fever_145403,a78e3bd7d1,decrease,exclude_post,1.6817503301172332e-10
qwen3-8b,g24a_fever_145403,a78e3bd7d1,decrease,strong_exclude_post,3.984820900131074e-06
qwen3-8b,g24a_fever_145403,a78e3bd7d1,decrease,counterfactual_delete_post,46.08630067001268
qwen3-8b,g24a_fever_35858,de842ad87f,increase,base,99.87792282626015
qwen3-8b,g24a_fever_35858,de842ad87f,increase,admit_post,99.99999999853499
qwen3-8b,g24a_fever_35858,de842ad87f,increase,exclude_post,98.90091070398255
qwen3-8b,g24a_fever_35858,de842ad87f,increase,strong_exclude_post,0.11210580573462879
qwen3-8b,g24a_fever_35858,de842ad87f,increase,counterfactual_delete_post,55.357345504996175
qwen3-8b,g24a_fever_127098,de842ad87f,decrease,base,98.67552303762851
qwen3-8b,g24a_fever_127098,de842ad87f,decrease,admit_post,2.687280587282814e-05
qwen3-8b,g24a_fever_127098,de842ad87f,decrease,exclude_post,1.2988744309175035e-05
qwen3-8b,g24a_fever_127098,de842ad87f,decrease,strong_exclude_post,2.683776537164836
qwen3-8b,g24a_fever_127098,de842ad87f,decrease,counterfactual_delete_post,33.35401848559384
qwen3-8b,g24a_fever_39793,85a06caaee,increase,base,99.99999999967294
qwen3-8b,g24a_fever_39793,85a06caaee,increase,admit_post,99.99999999157208
qwen3-8b,g24a_fever_39793,85a06caaee,increase,exclude_post,99.99994428893933
qwen3-8b,g24a_fever_39793,85a06caaee,increase,strong_exclude_post,99.99996656045194
qwen3-8b,g24a_fever_39793,85a06caaee,increase,counterfactual_delete_post,99.9999907474273
qwen3-8b,g24a_fever_111717,85a06caaee,decrease,base,1.3859908814817248e-10
qwen3-8b,g24a_fever_111717,85a06caaee,decrease,admit_post,4.761231961570031e-10
qwen3-8b,g24a_fever_111717,85a06caaee,decrease,exclude_post,1.4340198861036926e-10
qwen3-8b,g24a_fever_111717,85a06caaee,decrease,strong_exclude_post,0.0006317251518747331
qwen3-8b,g24a_fever_111717,85a06caaee,decrease,counterfactual_delete_post,3.4113851220605523e-10
qwen3-8b,g24a_fever_5111,d2994cae2a,increase,base,99.99999999341698
qwen3-8b,g24a_fever_5111,d2994cae2a,increase,admit_post,99.99999999999712
qwen3-8b,g24a_fever_5111,d2994cae2a,increase,exclude_post,56.2176497676246
qwen3-8b,g24a_fever_5111,d2994cae2a,increase,strong_exclude_post,99.9999999999261
qwen3-8b,g24a_fever_5111,d2994cae2a,increase,counterfactual_delete_post,55.01055555750225
qwen3-8b,g24a_fever_129248,d2994cae2a,decrease,base,5.925001467232745e-11
qwen3-8b,g24a_fever_129248,d2994cae2a,decrease,admit_post,5.110158453577172e-11
qwen3-8b,g24a_fever_129248,d2994cae2a,decrease,exclude_post,1.4497310833616174e-11
qwen3-8b,g24a_fever_129248,d2994cae2a,decrease,strong_exclude_post,1.8236600663564055e-10
qwen3-8b,g24a_fever_129248,d2994cae2a,decrease,counterfactual_delete_post,4.961353947617266e-11
qwen3-8b,g24a_fever_426,e739546b88,increase,base,91.8766590885298
qwen3-8b,g24a_fever_426,e739546b88,increase,admit_post,99.99999999885902
qwen3-8b,g24a_fever_426,e739546b88,increase,exclude_post,99.99988958961957
qwen3-8b,g24a_fever_426,e739546b88,increase,strong_exclude_post,99.99627388370497
qwen3-8b,g24a_fever_426,e739546b88,increase,counterfactual_delete_post,66.78259473064139
qwen3-8b,g24a_fever_126568,e739546b88,decrease,base,99.99999998215833
qwen3-8b,g24a_fever_126568,e739546b88,decrease,admit_post,3.3080159214894834e-09
qwen3-8b,g24a_fever_126568,e739546b88,decrease,exclude_post,0.026335745917595844
qwen3-8b,g24a_fever_126568,e739546b88,decrease,strong_exclude_post,66.49625840384479
qwen3-8b,g24a_fever_126568,e739546b88,decrease,counterfactual_delete_post,47.77848973678527
qwen3-8b,g24a_fever_50529,81facdbc5e,increase,base,99.99999999999255
qwen3-8b,g24a_fever_50529,81facdbc5e,increase,admit_post,99.99999964135662
qwen3-8b,g24a_fever_50529,81facdbc5e,increase,exclude_post,72.17914436339119
qwen3-8b,g24a_fever_50529,81facdbc5e,increase,strong_exclude_post,0.0028467434689443904
qwen3-8b,g24a_fever_50529,81facdbc5e,increase,counterfactual_delete_post,50.186567114744065
qwen3-8b,g24a_fever_153808,81facdbc5e,decrease,base,4.521313569916568e-09
qwen3-8b,g24a_fever_153808,81facdbc5e,decrease,admit_post,9.898750651275773e-09
qwen3-8b,g24a_fever_153808,81facdbc5e,decrease,exclude_post,1.32903330327138e-08
qwen3-8b,g24a_fever_153808,81facdbc5e,decrease,strong_exclude_post,1.7618218173747995
qwen3-8b,g24a_fever_153808,81facdbc5e,decrease,counterfactual_delete_post,7.558424079233508e-06
qwen3-8b,g24a_fever_124663,70f3bba212,increase,base,99.9999999999913
qwen3-8b,g24a_fever_124663,70f3bba212,increase,admit_post,99.99999999885804
qwen3-8b,g24a_fever_124663,70f3bba212,increase,exclude_post,99.99999999930792
qwen3-8b,g24a_fever_124663,70f3bba212,increase,strong_exclude_post,99.99999999910371
qwen3-8b,g24a_fever_124663,70f3bba212,increase,counterfactual_delete_post,66.34134563161442
qwen3-8b,g24a_fever_102523,70f3bba212,decrease,base,7.003143010326994e-12
qwen3-8b,g24a_fever_102523,70f3bba212,decrease,admit_post,2.201708771433033e-10
qwen3-8b,g24a_fever_102523,70f3bba212,decrease,exclude_post,7.881170648737624e-10
qwen3-8b,g24a_fever_102523,70f3bba212,decrease,strong_exclude_post,1.5515459470413013e-10
qwen3-8b,g24a_fever_102523,70f3bba212,decrease,counterfactual_delete_post,6.872819195978659e-10
qwen3-8b,g24a_fever_162742,2c627de16c,increase,base,99.99999999999004
qwen3-8b,g24a_fever_162742,2c627de16c,increase,admit_post,99.99999999984544
qwen3-8b,g24a_fever_162742,2c627de16c,increase,exclude_post,99.9999999200106
qwen3-8b,g24a_fever_162742,2c627de16c,increase,strong_exclude_post,99.99999999758337
qwen3-8b,g24a_fever_162742,2c627de16c,increase,counterfactual_delete_post,66.60521410091762
qwen3-8b,g24a_fever_162741,2c627de16c,decrease,base,7.288118084971056e-10
qwen3-8b,g24a_fever_162741,2c627de16c,decrease,admit_post,2.568668164660826e-09
qwen3-8b,g24a_fever_162741,2c627de16c,decrease,exclude_post,1.2849552067716427e-10
qwen3-8b,g24a_fever_162741,2c627de16c,decrease,strong_exclude_post,1.5610876095507768e-09
qwen3-8b,g24a_fever_162741,2c627de16c,decrease,counterfactual_delete_post,1.4575240997016881e-08
qwen3-8b,g24a_fever_22255,00138ae21b,increase,base,99.99999999488166
qwen3-8b,g24a_fever_22255,00138ae21b,increase,admit_post,99.99999999999528
qwen3-8b,g24a_fever_22255,00138ae21b,increase,exclude_post,0.055277907246157804
qwen3-8b,g24a_fever_22255,00138ae21b,increase,strong_exclude_post,0.30298326515973995
qwen3-8b,g24a_fever_22255,00138ae21b,increase,counterfactual_delete_post,7.773917655043509
qwen3-8b,g24a_fever_64226,00138ae21b,decrease,base,1.5585343318828856e-06
qwen3-8b,g24a_fever_64226,00138ae21b,decrease,admit_post,1.0860172282979758e-11
qwen3-8b,g24a_fever_64226,00138ae21b,decrease,exclude_post,1.852784875886081e-11
qwen3-8b,g24a_fever_64226,00138ae21b,decrease,strong_exclude_post,5.107052749687375e-10
qwen3-8b,g24a_fever_64226,00138ae21b,decrease,counterfactual_delete_post,2.6765471543515327e-09
qwen3-8b,g24a_fever_136062,a1d49f957c,increase,base,99.99999999980145
qwen3-8b,g24a_fever_136062,a1d49f957c,increase,admit_post,99.99999999999636
qwen3-8b,g24a_fever_136062,a1d49f957c,increase,exclude_post,62.24592117962595
qwen3-8b,g24a_fever_136062,a1d49f957c,increase,strong_exclude_post,0.22510945129406087
qwen3-8b,g24a_fever_136062,a1d49f957c,increase,counterfactual_delete_post,59.6494279776299
qwen3-8b,g24a_fever_160626,a1d49f957c,decrease,base,99.99999999997902
qwen3-8b,g24a_fever_160626,a1d49f957c,decrease,admit_post,1.5655391768771494e-09
qwen3-8b,g24a_fever_160626,a1d49f957c,decrease,exclude_post,0.007484649472691077
qwen3-8b,g24a_fever_160626,a1d49f957c,decrease,strong_exclude_post,2.416673041439404
qwen3-8b,g24a_fever_160626,a1d49f957c,decrease,counterfactual_delete_post,2.4853688166716984e-09
qwen3-8b,g24a_fever_139037,13bbced4e0,increase,base,99.9999999999829
qwen3-8b,g24a_fever_139037,13bbced4e0,increase,admit_post,99.99999999998722
qwen3-8b,g24a_fever_139037,13bbced4e0,increase,exclude_post,99.9999999999553
qwen3-8b,g24a_fever_139037,13bbced4e0,increase,strong_exclude_post,99.99999999966907
qwen3-8b,g24a_fever_139037,13bbced4e0,increase,counterfactual_delete_post,66.65005212188237
qwen3-8b,g24a_fever_90666,13bbced4e0,decrease,base,2.488320735203401e-09
qwen3-8b,g24a_fever_90666,13bbced4e0,decrease,admit_post,8.758524582475315e-09
qwen3-8b,g24a_fever_90666,13bbced4e0,decrease,exclude_post,3.859106395144924e-11
qwen3-8b,g24a_fever_90666,13bbced4e0,decrease,strong_exclude_post,8.819313430031774e-08
qwen3-8b,g24a_fever_90666,13bbced4e0,decrease,counterfactual_delete_post,8.899746273602368e-08
qwen3-8b,g24a_fever_108940,9edc7a0d5b,increase,base,1.3983821875734388e-08
qwen3-8b,g24a_fever_108940,9edc7a0d5b,increase,admit_post,91.34649641073085
qwen3-8b,g24a_fever_108940,9edc7a0d5b,increase,exclude_post,12.992467584728452
qwen3-8b,g24a_fever_108940,9edc7a0d5b,increase,strong_exclude_post,0.0004195005325330539
qwen3-8b,g24a_fever_108940,9edc7a0d5b,increase,counterfactual_delete_post,11.441000745908708
qwen3-8b,g24a_fever_87008,9edc7a0d5b,decrease,base,6.027931670302524e-11
qwen3-8b,g24a_fever_87008,9edc7a0d5b,decrease,admit_post,3.2473807075630604e-08
qwen3-8b,g24a_fever_87008,9edc7a0d5b,decrease,exclude_post,4.983743773919731e-10
qwen3-8b,g24a_fever_87008,9edc7a0d5b,decrease,strong_exclude_post,4.2883797902546276e-08
qwen3-8b,g24a_fever_87008,9edc7a0d5b,decrease,counterfactual_delete_post,0.00012416394743988322
qwen3-8b,g24a_fever_20703,7400f170ab,increase,base,99.99999995150469
qwen3-8b,g24a_fever_20703,7400f170ab,increase,admit_post,55.7609558514724
qwen3-8b,g24a_fever_20703,7400f170ab,increase,exclude_post,0.02302545969947169
qwen3-8b,g24a_fever_20703,7400f170ab,increase,strong_exclude_post,17.755933201306547
qwen3-8b,g24a_fever_20703,7400f170ab,increase,counterfactual_delete_post,47.888241197333535
qwen3-8b,g24a_fever_134950,7400f170ab,decrease,base,1.2868429584703604e-10
qwen3-8b,g24a_fever_134950,7400f170ab,decrease,admit_post,7.948074884525426e-11
qwen3-8b,g24a_fever_134950,7400f170ab,decrease,exclude_post,5.972264659909792e-07
qwen3-8b,g24a_fever_134950,7400f170ab,decrease,strong_exclude_post,0.00012843935592974346
qwen3-8b,g24a_fever_134950,7400f170ab,decrease,counterfactual_delete_post,12.101802232009634
qwen3-8b,g24a_fever_152955,76bbac307e,increase,base,99.99999999885704
qwen3-8b,g24a_fever_152955,76bbac307e,increase,admit_post,99.99999999999864
qwen3-8b,g24a_fever_152955,76bbac307e,increase,exclude_post,42.99247096305863
qwen3-8b,g24a_fever_152955,76bbac307e,increase,strong_exclude_post,42.10225471175362
qwen3-8b,g24a_fever_152955,76bbac307e,increase,counterfactual_delete_post,56.4608775737738
qwen3-8b,g24a_fever_76118,76bbac307e,decrease,base,2.7249892499655775e-10
qwen3-8b,g24a_fever_76118,76bbac307e,decrease,admit_post,4.8408406599921626e-11
qwen3-8b,g24a_fever_76118,76bbac307e,decrease,exclude_post,7.991990376512806e-06
qwen3-8b,g24a_fever_76118,76bbac307e,decrease,strong_exclude_post,1.59434650818902e-08
qwen3-8b,g24a_fever_76118,76bbac307e,decrease,counterfactual_delete_post,0.0005950768961399432
qwen3-8b,g24a_fever_146399,6032d38b5a,increase,base,99.99999999999625
qwen3-8b,g24a_fever_146399,6032d38b5a,increase,admit_post,99.99999999999935
qwen3-8b,g24a_fever_146399,6032d38b5a,increase,exclude_post,99.99999999788609
qwen3-8b,g24a_fever_146399,6032d38b5a,increase,strong_exclude_post,99.99999999992642
qwen3-8b,g24a_fever_146399,6032d38b5a,increase,counterfactual_delete_post,97.01176178963607
qwen3-8b,g24a_fever_20708,6032d38b5a,decrease,base,99.99999999853203
qwen3-8b,g24a_fever_20708,6032d38b5a,decrease,admit_post,99.99999999999007
qwen3-8b,g24a_fever_20708,6032d38b5a,decrease,exclude_post,99.99999999996524
qwen3-8b,g24a_fever_20708,6032d38b5a,decrease,strong_exclude_post,99.99999999995536
qwen3-8b,g24a_fever_20708,6032d38b5a,decrease,counterfactual_delete_post,99.99999924119344
qwen3-8b,g24a_scifact_911,af4a78996c,increase,base,99.99976172090302
qwen3-8b,g24a_scifact_911,af4a78996c,increase,admit_post,66.62622155380195
qwen3-8b,g24a_scifact_911,af4a78996c,increase,exclude_post,0.0005636026405953561
qwen3-8b,g24a_scifact_911,af4a78996c,increase,strong_exclude_post,7.543939302987111e-05
qwen3-8b,g24a_scifact_911,af4a78996c,increase,counterfactual_delete_post,33.35948410671497
qwen3-8b,g24a_scifact_909,af4a78996c,decrease,base,63.10193310583068
qwen3-8b,g24a_scifact_909,af4a78996c,decrease,admit_post,53.85858947848795
qwen3-8b,g24a_scifact_909,af4a78996c,decrease,exclude_post,33.1600812144867
qwen3-8b,g24a_scifact_909,af4a78996c,decrease,strong_exclude_post,51.61271306169187
qwen3-8b,g24a_scifact_909,af4a78996c,decrease,counterfactual_delete_post,29.486395390102732
qwen3-8b,g24a_scifact_1145,c3e97b1e49,increase,base,34.15987283483572
qwen3-8b,g24a_scifact_1145,c3e97b1e49,increase,admit_post,79.10227087669941
qwen3-8b,g24a_scifact_1145,c3e97b1e49,increase,exclude_post,2.6970856691690023e-07
qwen3-8b,g24a_scifact_1145,c3e97b1e49,increase,strong_exclude_post,47.133544186075625
qwen3-8b,g24a_scifact_1145,c3e97b1e49,increase,counterfactual_delete_post,33.294084841516685
qwen3-8b,g24a_scifact_1144,c3e97b1e49,decrease,base,34.65852581037981
qwen3-8b,g24a_scifact_1144,c3e97b1e49,decrease,admit_post,31.231547472867135
qwen3-8b,g24a_scifact_1144,c3e97b1e49,decrease,exclude_post,0.24455127080082006
qwen3-8b,g24a_scifact_1144,c3e97b1e49,decrease,strong_exclude_post,16.970942969085055
qwen3-8b,g24a_scifact_1144,c3e97b1e49,decrease,counterfactual_delete_post,44.2146447998235
qwen3-8b,g24a_scifact_1266,fd26d2a715,increase,base,66.65657378449852
qwen3-8b,g24a_scifact_1266,fd26d2a715,increase,admit_post,89.72951026184958
qwen3-8b,g24a_scifact_1266,fd26d2a715,increase,exclude_post,1.563606453468642e-08
qwen3-8b,g24a_scifact_1266,fd26d2a715,increase,strong_exclude_post,34.46022857910549
qwen3-8b,g24a_scifact_1266,fd26d2a715,increase,counterfactual_delete_post,33.3358435967952
qwen3-8b,g24a_scifact_1265,fd26d2a715,decrease,base,23.47344560977417
qwen3-8b,g24a_scifact_1265,fd26d2a715,decrease,admit_post,82.3020668560659
qwen3-8b,g24a_scifact_1265,fd26d2a715,decrease,exclude_post,1.063867035812139e-08
qwen3-8b,g24a_scifact_1265,fd26d2a715,decrease,strong_exclude_post,0.4702599189757896
qwen3-8b,g24a_scifact_1265,fd26d2a715,decrease,counterfactual_delete_post,33.33210308092255
qwen3-8b,g24a_scifact_641,76badcd0c8,increase,base,99.99999999690027
qwen3-8b,g24a_scifact_641,76badcd0c8,increase,admit_post,99.99999995151647
qwen3-8b,g24a_scifact_641,76badcd0c8,increase,exclude_post,3.894005407394596
qwen3-8b,g24a_scifact_641,76badcd0c8,increase,strong_exclude_post,88.98354664616078
qwen3-8b,g24a_scifact_641,76badcd0c8,increase,counterfactual_delete_post,74.78950130051413
qwen3-8b,g24a_scifact_267,76badcd0c8,decrease,base,3.441048372301473e-10
qwen3-8b,g24a_scifact_267,76badcd0c8,decrease,admit_post,1.898092911466182e-05
qwen3-8b,g24a_scifact_267,76badcd0c8,decrease,exclude_post,2.5102450121248607e-09
qwen3-8b,g24a_scifact_267,76badcd0c8,decrease,strong_exclude_post,1.13811074530857e-05
qwen3-8b,g24a_scifact_267,76badcd0c8,decrease,counterfactual_delete_post,54.712502066204436
qwen3-8b,g24a_scifact_448,32723d938a,increase,base,99.9999999999556
qwen3-8b,g24a_scifact_448,32723d938a,increase,admit_post,99.7446958051494
qwen3-8b,g24a_scifact_448,32723d938a,increase,exclude_post,37.27624811570391
qwen3-8b,g24a_scifact_448,32723d938a,increase,strong_exclude_post,99.74468743885706
qwen3-8b,g24a_scifact_448,32723d938a,increase,counterfactual_delete_post,66.66325054178944
qwen3-8b,g24a_scifact_447,32723d938a,decrease,base,2.7910455313844246e-10
qwen3-8b,g24a_scifact_447,32723d938a,decrease,admit_post,84.04000439230256
qwen3-8b,g24a_scifact_447,32723d938a,decrease,exclude_post,3.496585151602804e-10
qwen3-8b,g24a_scifact_447,32723d938a,decrease,strong_exclude_post,9.245548524076593e-10
qwen3-8b,g24a_scifact_447,32723d938a,decrease,counterfactual_delete_post,1.107869608544906e-05
qwen3-8b,g24a_scifact_381,62a595ceec,increase,base,88.81930746237657
qwen3-8b,g24a_scifact_381,62a595ceec,increase,admit_post,63.652925962602936
qwen3-8b,g24a_scifact_381,62a595ceec,increase,exclude_post,66.64363062117405
qwen3-8b,g24a_scifact_381,62a595ceec,increase,strong_exclude_post,71.49127641969467
qwen3-8b,g24a_scifact_381,62a595ceec,increase,counterfactual_delete_post,67.98116731062395
qwen3-8b,g24a_scifact_185,62a595ceec,decrease,base,9.840358994721493e-06
qwen3-8b,g24a_scifact_185,62a595ceec,decrease,admit_post,66.25268252055567
qwen3-8b,g24a_scifact_185,62a595ceec,decrease,exclude_post,0.11039608013394
qwen3-8b,g24a_scifact_185,62a595ceec,decrease,strong_exclude_post,0.002249351690682735
qwen3-8b,g24a_scifact_185,62a595ceec,decrease,counterfactual_delete_post,8.603323901453926
qwen3-8b,g24a_scifact_367,87f335a320,increase,base,68.69350823823189
qwen3-8b,g24a_scifact_367,87f335a320,increase,admit_post,90.91583029435127
qwen3-8b,g24a_scifact_367,87f335a320,increase,exclude_post,1.964216286049839e-09
qwen3-8b,g24a_scifact_367,87f335a320,increase,strong_exclude_post,0.9296294954064136
qwen3-8b,g24a_scifact_367,87f335a320,increase,counterfactual_delete_post,33.4290434855339
qwen3-8b,g24a_scifact_368,87f335a320,decrease,base,2.3780414319137743e-08
qwen3-8b,g24a_scifact_368,87f335a320,decrease,admit_post,89.27619235196204
qwen3-8b,g24a_scifact_368,87f335a320,decrease,exclude_post,5.929762434777559e-08
qwen3-8b,g24a_scifact_368,87f335a320,decrease,strong_exclude_post,1.6461123429313038e-09
qwen3-8b,g24a_scifact_368,87f335a320,decrease,counterfactual_delete_post,18.836486005779985
qwen3-8b,g24a_scifact_333,c5cc829617,increase,base,66.91583095626282
qwen3-8b,g24a_scifact_333,c5cc829617,increase,admit_post,99.9999992415902
qwen3-8b,g24a_scifact_333,c5cc829617,increase,exclude_post,99.9999468317732
qwen3-8b,g24a_scifact_333,c5cc829617,increase,strong_exclude_post,28.40338994928443
qwen3-8b,g24a_scifact_333,c5cc829617,increase,counterfactual_delete_post,33.33623650739013
qwen3-8b,g24a_scifact_332,c5cc829617,decrease,base,62.47287382161611
qwen3-8b,g24a_scifact_332,c5cc829617,decrease,admit_post,99.99999999488861
qwen3-8b,g24a_scifact_332,c5cc829617,decrease,exclude_post,99.99981442677887
qwen3-8b,g24a_scifact_332,c5cc829617,decrease,strong_exclude_post,31.33317699119356
qwen3-8b,g24a_scifact_332,c5cc829617,decrease,counterfactual_delete_post,33.33356883341336
qwen3-8b,g24a_scifact_480,cae3e50ea1,increase,base,88.90330838527353
qwen3-8b,g24a_scifact_480,cae3e50ea1,increase,admit_post,95.80495771691112
qwen3-8b,g24a_scifact_480,cae3e50ea1,increase,exclude_post,1.791400811777546e-05
qwen3-8b,g24a_scifact_480,cae3e50ea1,increase,strong_exclude_post,2.2088527118589614
qwen3-8b,g24a_scifact_480,cae3e50ea1,increase,counterfactual_delete_post,37.12723685261236
qwen3-8b,g24a_scifact_479,cae3e50ea1,decrease,base,66.67035120945961
qwen3-8b,g24a_scifact_479,cae3e50ea1,decrease,admit_post,91.87690578981577
qwen3-8b,g24a_scifact_479,cae3e50ea1,decrease,exclude_post,98.16209861346161
qwen3-8b,g24a_scifact_479,cae3e50ea1,decrease,strong_exclude_post,9.112963931470784
qwen3-8b,g24a_scifact_479,cae3e50ea1,decrease,counterfactual_delete_post,33.333548607657725
qwen3-8b,g24a_scifact_397,76f5fdd9ef,increase,base,55.555555002080304
qwen3-8b,g24a_scifact_397,76f5fdd9ef,increase,admit_post,79.42247013010774
qwen3-8b,g24a_scifact_397,76f5fdd9ef,increase,exclude_post,62.47070381882
qwen3-8b,g24a_scifact_397,76f5fdd9ef,increase,strong_exclude_post,47.55124085916866
qwen3-8b,g24a_scifact_397,76f5fdd9ef,increase,counterfactual_delete_post,39.742353664267135
qwen3-8b,g24a_scifact_396,76f5fdd9ef,decrease,base,9.66564084801116e-11
qwen3-8b,g24a_scifact_396,76f5fdd9ef,decrease,admit_post,5.627210802847292e-07
qwen3-8b,g24a_scifact_396,76f5fdd9ef,decrease,exclude_post,1.7290829674786945e-09
qwen3-8b,g24a_scifact_396,76f5fdd9ef,decrease,strong_exclude_post,1.7186148305266522e-10
qwen3-8b,g24a_scifact_396,76f5fdd9ef,decrease,counterfactual_delete_post,2.4606561427041506e-07
qwen3-8b,g24a_scifact_726,f3361096a8,increase,base,99.99999972099731
qwen3-8b,g24a_scifact_726,f3361096a8,increase,admit_post,97.0117530080912
qwen3-8b,g24a_scifact_726,f3361096a8,increase,exclude_post,56.24236030942857
qwen3-8b,g24a_scifact_726,f3361096a8,increase,strong_exclude_post,88.88509153433026
qwen3-8b,g24a_scifact_726,f3361096a8,increase,counterfactual_delete_post,65.34199081678916
qwen3-8b,g24a_scifact_728,f3361096a8,decrease,base,4.4001627580206316e-05
qwen3-8b,g24a_scifact_728,f3361096a8,decrease,admit_post,32.753160749546936
qwen3-8b,g24a_scifact_728,f3361096a8,decrease,exclude_post,8.347118495759714e-07
qwen3-8b,g24a_scifact_728,f3361096a8,decrease,strong_exclude_post,53.44912860180972
qwen3-8b,g24a_scifact_728,f3361096a8,decrease,counterfactual_delete_post,43.70862456672229
qwen3-8b,g24a_scifact_248,9615cd2c7e,increase,base,44.491335155046876
qwen3-8b,g24a_scifact_248,9615cd2c7e,increase,admit_post,99.99709788387442
qwen3-8b,g24a_scifact_248,9615cd2c7e,increase,exclude_post,67.1927986979268
qwen3-8b,g24a_scifact_248,9615cd2c7e,increase,strong_exclude_post,55.29395895828626
qwen3-8b,g24a_scifact_248,9615cd2c7e,increase,counterfactual_delete_post,33.21060842462984
qwen3-8b,g24a_scifact_249,9615cd2c7e,decrease,base,44.444442260115316
qwen3-8b,g24a_scifact_249,9615cd2c7e,decrease,admit_post,96.43510709333569
qwen3-8b,g24a_scifact_249,9615cd2c7e,decrease,exclude_post,69.65447723272266
qwen3-8b,g24a_scifact_249,9615cd2c7e,decrease,strong_exclude_post,51.26301807364767
qwen3-8b,g24a_scifact_249,9615cd2c7e,decrease,counterfactual_delete_post,0.0012229461260132117
qwen3-8b,g24a_scifact_130,20bf6fbf70,increase,base,77.7730090184928
qwen3-8b,g24a_scifact_130,20bf6fbf70,increase,admit_post,98.67552303762349
qwen3-8b,g24a_scifact_130,20bf6fbf70,increase,exclude_post,0.0013976732844066728
qwen3-8b,g24a_scifact_130,20bf6fbf70,increase,strong_exclude_post,40.8768860863106
qwen3-8b,g24a_scifact_130,20bf6fbf70,increase,counterfactual_delete_post,52.56559330954458
qwen3-8b,g24a_scifact_129,20bf6fbf70,decrease,base,28.463092194794555
qwen3-8b,g24a_scifact_129,20bf6fbf70,decrease,admit_post,4.367383155148459e-08
qwen3-8b,g24a_scifact_129,20bf6fbf70,decrease,exclude_post,2.7904132929703894e-08
qwen3-8b,g24a_scifact_129,20bf6fbf70,decrease,strong_exclude_post,1.12913745158541e-06
qwen3-8b,g24a_scifact_129,20bf6fbf70,decrease,counterfactual_delete_post,44.60063293295742
qwen3-8b,g24a_scifact_340,bccffa8b40,increase,base,88.05607270573232
qwen3-8b,g24a_scifact_340,bccffa8b40,increase,admit_post,99.99999989736021
qwen3-8b,g24a_scifact_340,bccffa8b40,increase,exclude_post,1.605277474937179e-08
qwen3-8b,g24a_scifact_340,bccffa8b40,increase,strong_exclude_post,4.33523675168822e-06
qwen3-8b,g24a_scifact_340,bccffa8b40,increase,counterfactual_delete_post,31.33462907929842
qwen3-8b,g24a_scifact_341,bccffa8b40,decrease,base,66.52051103061042
qwen3-8b,g24a_scifact_341,bccffa8b40,decrease,admit_post,0.002754798823534472
qwen3-8b,g24a_scifact_341,bccffa8b40,decrease,exclude_post,3.616951843578562e-08
qwen3-8b,g24a_scifact_341,bccffa8b40,decrease,strong_exclude_post,2.2260837935041428e-08
qwen3-8b,g24a_scifact_341,bccffa8b40,decrease,counterfactual_delete_post,36.861430337153564
qwen3-8b,g24a_scifact_124,c63f9eaa78,increase,base,99.99521602854215
qwen3-8b,g24a_scifact_124,c63f9eaa78,increase,admit_post,99.99999999995575
qwen3-8b,g24a_scifact_124,c63f9eaa78,increase,exclude_post,99.99999999758516
qwen3-8b,g24a_scifact_124,c63f9eaa78,increase,strong_exclude_post,40.69259759189561
qwen3-8b,g24a_scifact_124,c63f9eaa78,increase,counterfactual_delete_post,33.661483717313615
qwen3-8b,g24a_scifact_123,c63f9eaa78,decrease,base,42.61132455110661
qwen3-8b,g24a_scifact_123,c63f9eaa78,decrease,admit_post,2.2630729414770432e-11
qwen3-8b,g24a_scifact_123,c63f9eaa78,decrease,exclude_post,5.2414340184125365e-11
qwen3-8b,g24a_scifact_123,c63f9eaa78,decrease,strong_exclude_post,6.066424024003118e-10
qwen3-8b,g24a_scifact_123,c63f9eaa78,decrease,counterfactual_delete_post,4.4597381219316626e-07
qwen3-8b,g24a_scifact_181,ab20774181,increase,base,77.89920964610202
qwen3-8b,g24a_scifact_181,ab20774181,increase,admit_post,96.43531507522682
qwen3-8b,g24a_scifact_181,ab20774181,increase,exclude_post,0.0018501986182564384
qwen3-8b,g24a_scifact_181,ab20774181,increase,strong_exclude_post,56.148940375011065
qwen3-8b,g24a_scifact_181,ab20774181,increase,counterfactual_delete_post,37.536071256010544
qwen3-8b,g24a_scifact_180,ab20774181,decrease,base,88.73286424459371
qwen3-8b,g24a_scifact_180,ab20774181,decrease,admit_post,89.18712802867178
qwen3-8b,g24a_scifact_180,ab20774181,decrease,exclude_post,33.36530174104861
qwen3-8b,g24a_scifact_180,ab20774181,decrease,strong_exclude_post,36.16224561381542
qwen3-8b,g24a_scifact_180,ab20774181,decrease,counterfactual_delete_post,53.07487284007161
qwen3-8b,g24a_scifact_298,d75b4f2510,increase,base,99.99999999997895
qwen3-8b,g24a_scifact_298,d75b4f2510,increase,admit_post,99.99999999999228
qwen3-8b,g24a_scifact_298,d75b4f2510,increase,exclude_post,99.99999999155858
qwen3-8b,g24a_scifact_298,d75b4f2510,increase,strong_exclude_post,99.99999999992625
qwen3-8b,g24a_scifact_298,d75b4f2510,increase,counterfactual_delete_post,99.80014809246403
qwen3-8b,g24a_scifact_299,d75b4f2510,decrease,base,0.19475731420889847
qwen3-8b,g24a_scifact_299,d75b4f2510,decrease,admit_post,99.99999999995565
qwen3-8b,g24a_scifact_299,d75b4f2510,decrease,exclude_post,0.0003635676576018174
qwen3-8b,g24a_scifact_299,d75b4f2510,decrease,strong_exclude_post,6.175303548747884
qwen3-8b,g24a_scifact_299,d75b4f2510,decrease,counterfactual_delete_post,64.6141583878376
qwen3-8b,g24a_scifact_822,1b69f798c8,increase,base,0.022670084793571157
qwen3-8b,g24a_scifact_822,1b69f798c8,increase,admit_post,99.9999881365642
qwen3-8b,g24a_scifact_822,1b69f798c8,increase,exclude_post,0.0004416847556455709
qwen3-8b,g24a_scifact_822,1b69f798c8,increase,strong_exclude_post,38.66236518493778
qwen3-8b,g24a_scifact_822,1b69f798c8,increase,counterfactual_delete_post,37.57379785473502
qwen3-8b,g24a_scifact_825,1b69f798c8,decrease,base,89.0886231551156
qwen3-8b,g24a_scifact_825,1b69f798c8,decrease,admit_post,99.99999924155756
qwen3-8b,g24a_scifact_825,1b69f798c8,decrease,exclude_post,2.051135293354917e-09
qwen3-8b,g24a_scifact_825,1b69f798c8,decrease,strong_exclude_post,33.77781698988237
qwen3-8b,g24a_scifact_825,1b69f798c8,decrease,counterfactual_delete_post,33.16415737429204
qwen3-8b,g24a_scifact_61,e66817f338,increase,base,87.24389855192989
qwen3-8b,g24a_scifact_61,e66817f338,increase,admit_post,99.9898772062855
qwen3-8b,g24a_scifact_61,e66817f338,increase,exclude_post,89.52896923808586
qwen3-8b,g24a_scifact_61,e66817f338,increase,strong_exclude_post,85.34792330918312
qwen3-8b,g24a_scifact_61,e66817f338,increase,counterfactual_delete_post,66.4113468015716
qwen3-8b,g24a_scifact_60,e66817f338,decrease,base,99.99999818435202
qwen3-8b,g24a_scifact_60,e66817f338,decrease,admit_post,2.8197138333916196e-08
qwen3-8b,g24a_scifact_60,e66817f338,decrease,exclude_post,1.2199332661019583e-05
qwen3-8b,g24a_scifact_60,e66817f338,decrease,strong_exclude_post,3.455294622953967e-08
qwen3-8b,g24a_scifact_60,e66817f338,decrease,counterfactual_delete_post,3.802455515217478e-07
qwen3-8b,g24a_scifact_286,e77efdb9ab,increase,base,77.77701591950297
qwen3-8b,g24a_scifact_286,e77efdb9ab,increase,admit_post,99.99998044051948
qwen3-8b,g24a_scifact_286,e77efdb9ab,increase,exclude_post,0.05707625479906502
qwen3-8b,g24a_scifact_286,e77efdb9ab,increase,strong_exclude_post,0.007389461248974514
qwen3-8b,g24a_scifact_286,e77efdb9ab,increase,counterfactual_delete_post,63.099404711845715
qwen3-8b,g24a_scifact_287,e77efdb9ab,decrease,base,54.23073916439128
qwen3-8b,g24a_scifact_287,e77efdb9ab,decrease,admit_post,4.932245295390444e-09
qwen3-8b,g24a_scifact_287,e77efdb9ab,decrease,exclude_post,1.9828329931676724e-08
qwen3-8b,g24a_scifact_287,e77efdb9ab,decrease,strong_exclude_post,3.178961302781679
qwen3-8b,g24a_scifact_287,e77efdb9ab,decrease,counterfactual_delete_post,33.34121383120307
qwen3-8b,g24a_scifact_673,a1314c14e5,increase,base,99.99999999911194
qwen3-8b,g24a_scifact_673,a1314c14e5,increase,admit_post,99.99999999999935
qwen3-8b,g24a_scifact_673,a1314c14e5,increase,exclude_post,2.0601444441989198e-05
qwen3-8b,g24a_scifact_673,a1314c14e5,increase,strong_exclude_post,99.99999998918123
qwen3-8b,g24a_scifact_673,a1314c14e5,increase,counterfactual_delete_post,99.99999563569787
qwen3-8b,g24a_scifact_674,a1314c14e5,decrease,base,1.0723497283979536e-09
qwen3-8b,g24a_scifact_674,a1314c14e5,decrease,admit_post,7.336567831964435e-11
qwen3-8b,g24a_scifact_674,a1314c14e5,decrease,exclude_post,1.2678825112754736e-11
qwen3-8b,g24a_scifact_674,a1314c14e5,decrease,strong_exclude_post,6.575485897064942e-10
qwen3-8b,g24a_scifact_674,a1314c14e5,decrease,counterfactual_delete_post,7.95061715625103e-07
qwen3-8b,g24a_scifact_121,5752dcb782,increase,base,99.99999999758546
qwen3-8b,g24a_scifact_121,5752dcb782,increase,admit_post,88.88555559634295
qwen3-8b,g24a_scifact_121,5752dcb782,increase,exclude_post,79.11749648210096
qwen3-8b,g24a_scifact_121,5752dcb782,increase,strong_exclude_post,93.08368868378317
qwen3-8b,g24a_scifact_121,5752dcb782,increase,counterfactual_delete_post,57.58080455244871
qwen3-8b,g24a_scifact_122,5752dcb782,decrease,base,21.783497703139425
qwen3-8b,g24a_scifact_122,5752dcb782,decrease,admit_post,67.19331548676978
qwen3-8b,g24a_scifact_122,5752dcb782,decrease,exclude_post,0.876884431555937
qwen3-8b,g24a_scifact_122,5752dcb782,decrease,strong_exclude_post,2.2957840560695125e-05
qwen3-8b,g24a_scifact_122,5752dcb782,decrease,counterfactual_delete_post,10.747933711269294
qwen3-8b,g24a_scifact_565,a27cec9ad0,increase,base,78.03305699417203
qwen3-8b,g24a_scifact_565,a27cec9ad0,increase,admit_post,99.99999998610757
qwen3-8b,g24a_scifact_565,a27cec9ad0,increase,exclude_post,99.58524620104684
qwen3-8b,g24a_scifact_565,a27cec9ad0,increase,strong_exclude_post,77.83488498762465
qwen3-8b,g24a_scifact_565,a27cec9ad0,increase,counterfactual_delete_post,33.346100451980895
qwen3-8b,g24a_scifact_566,a27cec9ad0,decrease,base,78.3046494198871
qwen3-8b,g24a_scifact_566,a27cec9ad0,decrease,admit_post,99.99999998610701
qwen3-8b,g24a_scifact_566,a27cec9ad0,decrease,exclude_post,88.88886263907074
qwen3-8b,g24a_scifact_566,a27cec9ad0,decrease,strong_exclude_post,7.479105536502914
qwen3-8b,g24a_scifact_566,a27cec9ad0,decrease,counterfactual_delete_post,33.35011469437039
qwen3-8b,g24a_scifact_614,428b3ea1c3,increase,base,56.08114218746347
qwen3-8b,g24a_scifact_614,428b3ea1c3,increase,admit_post,99.99773969897332
qwen3-8b,g24a_scifact_614,428b3ea1c3,increase,exclude_post,3.05177840530136e-09
qwen3-8b,g24a_scifact_614,428b3ea1c3,increase,strong_exclude_post,36.44116667200758
qwen3-8b,g24a_scifact_614,428b3ea1c3,increase,counterfactual_delete_post,33.343346562152284
qwen3-8b,g24a_scifact_615,428b3ea1c3,decrease,base,55.43523000351086
qwen3-8b,g24a_scifact_615,428b3ea1c3,decrease,admit_post,99.95477623008615
qwen3-8b,g24a_scifact_615,428b3ea1c3,decrease,exclude_post,0.0009359467574682813
qwen3-8b,g24a_scifact_615,428b3ea1c3,decrease,strong_exclude_post,2.2292136669258345e-09
qwen3-8b,g24a_scifact_615,428b3ea1c3,decrease,counterfactual_delete_post,33.34341003209247
qwen3-8b,g24a_scifact_766,00b32b76ab,increase,base,77.82216998675489
qwen3-8b,g24a_scifact_766,00b32b76ab,increase,admit_post,99.47277700057151
qwen3-8b,g24a_scifact_766,00b32b76ab,increase,exclude_post,98.55194618251234
qwen3-8b,g24a_scifact_766,00b32b76ab,increase,strong_exclude_post,84.03116454740137
qwen3-8b,g24a_scifact_766,00b32b76ab,increase,counterfactual_delete_post,66.46682703181138
qwen3-8b,g24a_scifact_765,00b32b76ab,decrease,base,2.609055393944399e-09
qwen3-8b,g24a_scifact_765,00b32b76ab,decrease,admit_post,2.9928666369078095e-06
qwen3-8b,g24a_scifact_765,00b32b76ab,decrease,exclude_post,9.21768093866392e-07
qwen3-8b,g24a_scifact_765,00b32b76ab,decrease,strong_exclude_post,2.4942628076879974e-05
qwen3-8b,g24a_scifact_765,00b32b76ab,decrease,counterfactual_delete_post,14.234208815990115
qwen3-8b,g24a_scifact_246,efe9530c55,increase,base,35.7994411428797
qwen3-8b,g24a_scifact_246,efe9530c55,increase,admit_post,80.25013124432026
qwen3-8b,g24a_scifact_246,efe9530c55,increase,exclude_post,52.373767297312405
qwen3-8b,g24a_scifact_246,efe9530c55,increase,strong_exclude_post,51.94219955418921
qwen3-8b,g24a_scifact_246,efe9530c55,increase,counterfactual_delete_post,51.33909658178806
qwen3-8b,g24a_scifact_245,efe9530c55,decrease,base,28.469364298570024
qwen3-8b,g24a_scifact_245,efe9530c55,decrease,admit_post,32.6642265778418
qwen3-8b,g24a_scifact_245,efe9530c55,decrease,exclude_post,17.319016525708975
qwen3-8b,g24a_scifact_245,efe9530c55,decrease,strong_exclude_post,33.53343622138568
qwen3-8b,g24a_scifact_245,efe9530c55,decrease,counterfactual_delete_post,55.35573289443568
qwen3-8b,g24a_scifact_646,ea9c605f0e,increase,base,89.41584301886911
qwen3-8b,g24a_scifact_646,ea9c605f0e,increase,admit_post,99.4730446950238
qwen3-8b,g24a_scifact_646,ea9c605f0e,increase,exclude_post,86.3036501584389
qwen3-8b,g24a_scifact_646,ea9c605f0e,increase,strong_exclude_post,94.44440456466585
qwen3-8b,g24a_scifact_646,ea9c605f0e,increase,counterfactual_delete_post,66.57146520606305
qwen3-8b,g24a_scifact_645,ea9c605f0e,decrease,base,3.525043349331789e-10
qwen3-8b,g24a_scifact_645,ea9c605f0e,decrease,admit_post,2.5838488264564924e-05
qwen3-8b,g24a_scifact_645,ea9c605f0e,decrease,exclude_post,1.36700133589182e-07
qwen3-8b,g24a_scifact_645,ea9c605f0e,decrease,strong_exclude_post,6.527569505325745e-08
qwen3-8b,g24a_scifact_645,ea9c605f0e,decrease,counterfactual_delete_post,1.7422272273938137e-07
qwen3-8b,g24a_scifact_803,c5788fbeb2,increase,base,58.029713906917515
qwen3-8b,g24a_scifact_803,c5788fbeb2,increase,admit_post,97.97303911652067
qwen3-8b,g24a_scifact_803,c5788fbeb2,increase,exclude_post,99.99823957571658
qwen3-8b,g24a_scifact_803,c5788fbeb2,increase,strong_exclude_post,34.04711733796076
qwen3-8b,g24a_scifact_803,c5788fbeb2,increase,counterfactual_delete_post,27.776458555299392
qwen3-8b,g24a_scifact_801,c5788fbeb2,decrease,base,23.280869776017862
qwen3-8b,g24a_scifact_801,c5788fbeb2,decrease,admit_post,77.78126561791618
qwen3-8b,g24a_scifact_801,c5788fbeb2,decrease,exclude_post,2.8016586404841292e-08
qwen3-8b,g24a_scifact_801,c5788fbeb2,decrease,strong_exclude_post,11.418119082236778
qwen3-8b,g24a_scifact_801,c5788fbeb2,decrease,counterfactual_delete_post,31.330433301869707
qwen3-8b,g24a_scifact_648,e8e11aaf0e,increase,base,77.82299901297277
qwen3-8b,g24a_scifact_648,e8e11aaf0e,increase,admit_post,99.90469459531387
qwen3-8b,g24a_scifact_648,e8e11aaf0e,increase,exclude_post,3.987445565763988e-09
qwen3-8b,g24a_scifact_648,e8e11aaf0e,increase,strong_exclude_post,52.153030419975195
qwen3-8b,g24a_scifact_648,e8e11aaf0e,increase,counterfactual_delete_post,58.53647385102152
qwen3-8b,g24a_scifact_647,e8e11aaf0e,decrease,base,55.55661316125106
qwen3-8b,g24a_scifact_647,e8e11aaf0e,decrease,admit_post,2.0593222351775247e-08
qwen3-8b,g24a_scifact_647,e8e11aaf0e,decrease,exclude_post,2.7826363311133112e-08
qwen3-8b,g24a_scifact_647,e8e11aaf0e,decrease,strong_exclude_post,7.41770025840085e-09
qwen3-8b,g24a_scifact_647,e8e11aaf0e,decrease,counterfactual_delete_post,44.63323373581651
qwen3-8b,g24a_scifact_272,767933a013,increase,base,66.66521218540241
qwen3-8b,g24a_scifact_272,767933a013,increase,admit_post,96.43527150711145
qwen3-8b,g24a_scifact_272,767933a013,increase,exclude_post,1.0651814696553386e-11
qwen3-8b,g24a_scifact_272,767933a013,increase,strong_exclude_post,0.008035542303765486
qwen3-8b,g24a_scifact_272,767933a013,increase,counterfactual_delete_post,44.846123465438026
qwen3-8b,g24a_scifact_1359,767933a013,decrease,base,66.65830401608864
qwen3-8b,g24a_scifact_1359,767933a013,decrease,admit_post,0.0008396608415893941
qwen3-8b,g24a_scifact_1359,767933a013,decrease,exclude_post,5.755166766499093e-07
qwen3-8b,g24a_scifact_1359,767933a013,decrease,strong_exclude_post,0.23490893833196566
qwen3-8b,g24a_scifact_1359,767933a013,decrease,counterfactual_delete_post,33.58347658765283
qwen3-8b,g24a_scifact_788,e0d5b1943f,increase,base,47.39078469982175
qwen3-8b,g24a_scifact_788,e0d5b1943f,increase,admit_post,99.99999998610488
qwen3-8b,g24a_scifact_788,e0d5b1943f,increase,exclude_post,7.03433428913534e-08
qwen3-8b,g24a_scifact_788,e0d5b1943f,increase,strong_exclude_post,66.90055507843185
qwen3-8b,g24a_scifact_788,e0d5b1943f,increase,counterfactual_delete_post,30.15515208968448
qwen3-8b,g24a_scifact_787,e0d5b1943f,decrease,base,5.0342504299840786e-08
qwen3-8b,g24a_scifact_787,e0d5b1943f,decrease,admit_post,99.99999076055924
qwen3-8b,g24a_scifact_787,e0d5b1943f,decrease,exclude_post,33.36913694728881
qwen3-8b,g24a_scifact_787,e0d5b1943f,decrease,strong_exclude_post,2.930604170290366
qwen3-8b,g24a_scifact_787,e0d5b1943f,decrease,counterfactual_delete_post,29.819388221663466
qwen3-8b,g24a_scifact_347,b99675450c,increase,base,80.2522128549133
qwen3-8b,g24a_scifact_347,b99675450c,increase,admit_post,63.10148916726436
qwen3-8b,g24a_scifact_347,b99675450c,increase,exclude_post,33.26083281322966
qwen3-8b,g24a_scifact_347,b99675450c,increase,strong_exclude_post,35.658076421936244
qwen3-8b,g24a_scifact_347,b99675450c,increase,counterfactual_delete_post,33.33714450780778
qwen3-8b,g24a_scifact_346,b99675450c,decrease,base,66.6674905684821
qwen3-8b,g24a_scifact_346,b99675450c,decrease,admit_post,55.8764672613894
qwen3-8b,g24a_scifact_346,b99675450c,decrease,exclude_post,7.687969021047454e-05
qwen3-8b,g24a_scifact_346,b99675450c,decrease,strong_exclude_post,0.0005585372376631109
qwen3-8b,g24a_scifact_346,b99675450c,decrease,counterfactual_delete_post,33.33443184704673
qwen35-9b,g24a_fever_104703,0c6800fb98,increase,base,99.36776513940308
qwen35-9b,g24a_fever_104703,0c6800fb98,increase,admit_post,99.49669667589868
qwen35-9b,g24a_fever_104703,0c6800fb98,increase,exclude_post,32.61276078825556
qwen35-9b,g24a_fever_104703,0c6800fb98,increase,strong_exclude_post,98.76724369747973
qwen35-9b,g24a_fever_104703,0c6800fb98,increase,counterfactual_delete_post,98.52502548652028
qwen35-9b,g24a_fever_42954,0c6800fb98,decrease,base,8.62473923809976
qwen35-9b,g24a_fever_42954,0c6800fb98,decrease,admit_post,1.6953535962246027
qwen35-9b,g24a_fever_42954,0c6800fb98,decrease,exclude_post,2.8497769041881695
qwen35-9b,g24a_fever_42954,0c6800fb98,decrease,strong_exclude_post,4.649960680187302
qwen35-9b,g24a_fever_42954,0c6800fb98,decrease,counterfactual_delete_post,3.101325316922973
qwen35-9b,g24a_fever_196992,8ab41d7c96,increase,base,99.87971974601169
qwen35-9b,g24a_fever_196992,8ab41d7c96,increase,admit_post,99.71190137563933
qwen35-9b,g24a_fever_196992,8ab41d7c96,increase,exclude_post,98.56400393655464
qwen35-9b,g24a_fever_196992,8ab41d7c96,increase,strong_exclude_post,98.20936497276634
qwen35-9b,g24a_fever_196992,8ab41d7c96,increase,counterfactual_delete_post,99.60871316166009
qwen35-9b,g24a_fever_196964,8ab41d7c96,decrease,base,0.13801865632427715
qwen35-9b,g24a_fever_196964,8ab41d7c96,decrease,admit_post,0.043022904982261294
qwen35-9b,g24a_fever_196964,8ab41d7c96,decrease,exclude_post,29.720275708238855
qwen35-9b,g24a_fever_196964,8ab41d7c96,decrease,strong_exclude_post,17.824077111186337
qwen35-9b,g24a_fever_196964,8ab41d7c96,decrease,counterfactual_delete_post,0.9452816471901324
qwen35-9b,g24a_fever_90925,b03a779396,increase,base,98.98359695231305
qwen35-9b,g24a_fever_90925,b03a779396,increase,admit_post,99.46326808934558
qwen35-9b,g24a_fever_90925,b03a779396,increase,exclude_post,20.48934476194971
qwen35-9b,g24a_fever_90925,b03a779396,increase,strong_exclude_post,98.96677351119358
qwen35-9b,g24a_fever_90925,b03a779396,increase,counterfactual_delete_post,99.41119905413808
qwen35-9b,g24a_fever_126933,b03a779396,decrease,base,98.55732853041413
qwen35-9b,g24a_fever_126933,b03a779396,decrease,admit_post,0.1497466783030124
qwen35-9b,g24a_fever_126933,b03a779396,decrease,exclude_post,1.366976394581041
qwen35-9b,g24a_fever_126933,b03a779396,decrease,strong_exclude_post,1.99495018769196
qwen35-9b,g24a_fever_126933,b03a779396,decrease,counterfactual_delete_post,0.010923957507052382
qwen35-9b,g24a_fever_103003,862d663bdc,increase,base,99.18591719986185
qwen35-9b,g24a_fever_103003,862d663bdc,increase,admit_post,99.99233078138353
qwen35-9b,g24a_fever_103003,862d663bdc,increase,exclude_post,98.45712070319905
qwen35-9b,g24a_fever_103003,862d663bdc,increase,strong_exclude_post,99.16426195960148
qwen35-9b,g24a_fever_103003,862d663bdc,increase,counterfactual_delete_post,99.4928780955118
qwen35-9b,g24a_fever_108201,862d663bdc,decrease,base,0.04503893178425694
qwen35-9b,g24a_fever_108201,862d663bdc,decrease,admit_post,0.2817373347023031
qwen35-9b,g24a_fever_108201,862d663bdc,decrease,exclude_post,0.29195721188106355
qwen35-9b,g24a_fever_108201,862d663bdc,decrease,strong_exclude_post,0.326101788195876
qwen35-9b,g24a_fever_108201,862d663bdc,decrease,counterfactual_delete_post,0.09069416854902909
qwen35-9b,g24a_fever_96603,7bc1d63c46,increase,base,98.26814693796763
qwen35-9b,g24a_fever_96603,7bc1d63c46,increase,admit_post,83.70350870337926
qwen35-9b,g24a_fever_96603,7bc1d63c46,increase,exclude_post,93.09814457285728
qwen35-9b,g24a_fever_96603,7bc1d63c46,increase,strong_exclude_post,97.30669256929738
qwen35-9b,g24a_fever_96603,7bc1d63c46,increase,counterfactual_delete_post,94.16242389702448
qwen35-9b,g24a_fever_138355,7bc1d63c46,decrease,base,0.0641476077688428
qwen35-9b,g24a_fever_138355,7bc1d63c46,decrease,admit_post,0.212549480705192
qwen35-9b,g24a_fever_138355,7bc1d63c46,decrease,exclude_post,0.43606023873714417
qwen35-9b,g24a_fever_138355,7bc1d63c46,decrease,strong_exclude_post,0.5141297309493047
qwen35-9b,g24a_fever_138355,7bc1d63c46,decrease,counterfactual_delete_post,0.36120626890380503
qwen35-9b,g24a_fever_19719,d90f0f36bc,increase,base,98.89679025931885
qwen35-9b,g24a_fever_19719,d90f0f36bc,increase,admit_post,98.85203970021891
qwen35-9b,g24a_fever_19719,d90f0f36bc,increase,exclude_post,12.733345152509148
qwen35-9b,g24a_fever_19719,d90f0f36bc,increase,strong_exclude_post,99.2280464059948
qwen35-9b,g24a_fever_19719,d90f0f36bc,increase,counterfactual_delete_post,98.74129605972604
qwen35-9b,g24a_fever_132132,d90f0f36bc,decrease,base,8.380493526357675
qwen35-9b,g24a_fever_132132,d90f0f36bc,decrease,admit_post,0.022052413174548022
qwen35-9b,g24a_fever_132132,d90f0f36bc,decrease,exclude_post,16.52747527154166
qwen35-9b,g24a_fever_132132,d90f0f36bc,decrease,strong_exclude_post,12.15758940168156
qwen35-9b,g24a_fever_132132,d90f0f36bc,decrease,counterfactual_delete_post,0.014076159022304385
qwen35-9b,g24a_fever_70780,01df2d47f2,increase,base,99.57601497631487
qwen35-9b,g24a_fever_70780,01df2d47f2,increase,admit_post,99.58332906975268
qwen35-9b,g24a_fever_70780,01df2d47f2,increase,exclude_post,19.747280625471905
qwen35-9b,g24a_fever_70780,01df2d47f2,increase,strong_exclude_post,99.18879113291233
qwen35-9b,g24a_fever_70780,01df2d47f2,increase,counterfactual_delete_post,99.51683635778866
qwen35-9b,g24a_fever_99974,01df2d47f2,decrease,base,1.6646852250767392
qwen35-9b,g24a_fever_99974,01df2d47f2,decrease,admit_post,0.004474982847207555
qwen35-9b,g24a_fever_99974,01df2d47f2,decrease,exclude_post,0.003846362294181591
qwen35-9b,g24a_fever_99974,01df2d47f2,decrease,strong_exclude_post,0.628058384138248
qwen35-9b,g24a_fever_99974,01df2d47f2,decrease,counterfactual_delete_post,0.527492102944136
qwen35-9b,g24a_fever_69652,080a6c2bd0,increase,base,99.7255893382916
qwen35-9b,g24a_fever_69652,080a6c2bd0,increase,admit_post,99.80037284386705
qwen35-9b,g24a_fever_69652,080a6c2bd0,increase,exclude_post,2.5402215373836095
qwen35-9b,g24a_fever_69652,080a6c2bd0,increase,strong_exclude_post,99.16683106105023
qwen35-9b,g24a_fever_69652,080a6c2bd0,increase,counterfactual_delete_post,99.57574461689903
qwen35-9b,g24a_fever_11917,080a6c2bd0,decrease,base,15.434960823901617
qwen35-9b,g24a_fever_11917,080a6c2bd0,decrease,admit_post,1.0744352892696902
qwen35-9b,g24a_fever_11917,080a6c2bd0,decrease,exclude_post,3.9887363494043697
qwen35-9b,g24a_fever_11917,080a6c2bd0,decrease,strong_exclude_post,4.384397791825426
qwen35-9b,g24a_fever_11917,080a6c2bd0,decrease,counterfactual_delete_post,2.177071192678013
qwen35-9b,g24a_fever_4592,0aa4aeed0f,increase,base,99.31479599552439
qwen35-9b,g24a_fever_4592,0aa4aeed0f,increase,admit_post,99.01084289956754
qwen35-9b,g24a_fever_4592,0aa4aeed0f,increase,exclude_post,97.39515751759751
qwen35-9b,g24a_fever_4592,0aa4aeed0f,increase,strong_exclude_post,99.15986740939351
qwen35-9b,g24a_fever_4592,0aa4aeed0f,increase,counterfactual_delete_post,99.41874246889807
qwen35-9b,g24a_fever_59214,0aa4aeed0f,decrease,base,15.088438053841523
qwen35-9b,g24a_fever_59214,0aa4aeed0f,decrease,admit_post,3.9672433130599334
qwen35-9b,g24a_fever_59214,0aa4aeed0f,decrease,exclude_post,98.94501368216227
qwen35-9b,g24a_fever_59214,0aa4aeed0f,decrease,strong_exclude_post,98.31410445841296
qwen35-9b,g24a_fever_59214,0aa4aeed0f,decrease,counterfactual_delete_post,99.80764998340155
qwen35-9b,g24a_fever_114158,3af0580f9b,increase,base,99.53004865176806
qwen35-9b,g24a_fever_114158,3af0580f9b,increase,admit_post,99.25987731995946
qwen35-9b,g24a_fever_114158,3af0580f9b,increase,exclude_post,96.32718588807865
qwen35-9b,g24a_fever_114158,3af0580f9b,increase,strong_exclude_post,98.79930465127057
qwen35-9b,g24a_fever_114158,3af0580f9b,increase,counterfactual_delete_post,98.68388750611763
qwen35-9b,g24a_fever_148551,3af0580f9b,decrease,base,0.11645138992289156
qwen35-9b,g24a_fever_148551,3af0580f9b,decrease,admit_post,0.011482628523476509
qwen35-9b,g24a_fever_148551,3af0580f9b,decrease,exclude_post,0.009510295869397776
qwen35-9b,g24a_fever_148551,3af0580f9b,decrease,strong_exclude_post,2.48395616364993
qwen35-9b,g24a_fever_148551,3af0580f9b,decrease,counterfactual_delete_post,0.10229196013329073
qwen35-9b,g24a_fever_136290,b05287b62f,increase,base,3.0546306931205605
qwen35-9b,g24a_fever_136290,b05287b62f,increase,admit_post,99.10972760667065
qwen35-9b,g24a_fever_136290,b05287b62f,increase,exclude_post,5.544130364250303
qwen35-9b,g24a_fever_136290,b05287b62f,increase,strong_exclude_post,4.893162985992027
qwen35-9b,g24a_fever_136290,b05287b62f,increase,counterfactual_delete_post,99.97827072804722
qwen35-9b,g24a_fever_60344,b05287b62f,decrease,base,0.02379805305753109
qwen35-9b,g24a_fever_60344,b05287b62f,decrease,admit_post,0.009315896228890883
qwen35-9b,g24a_fever_60344,b05287b62f,decrease,exclude_post,1.4611444445366701
qwen35-9b,g24a_fever_60344,b05287b62f,decrease,strong_exclude_post,0.9592518680911658
qwen35-9b,g24a_fever_60344,b05287b62f,decrease,counterfactual_delete_post,0.012576019951831574
qwen35-9b,g24a_fever_1251,c8e543ff59,increase,base,99.29954981447767
qwen35-9b,g24a_fever_1251,c8e543ff59,increase,admit_post,99.91234222016669
qwen35-9b,g24a_fever_1251,c8e543ff59,increase,exclude_post,88.82690298713413
qwen35-9b,g24a_fever_1251,c8e543ff59,increase,strong_exclude_post,99.13712543290839
qwen35-9b,g24a_fever_1251,c8e543ff59,increase,counterfactual_delete_post,99.56310365416454
qwen35-9b,g24a_fever_20202,c8e543ff59,decrease,base,0.0048511316584200345
qwen35-9b,g24a_fever_20202,c8e543ff59,decrease,admit_post,0.0034458621389740663
qwen35-9b,g24a_fever_20202,c8e543ff59,decrease,exclude_post,0.00488513235455242
qwen35-9b,g24a_fever_20202,c8e543ff59,decrease,strong_exclude_post,0.4049023837347698
qwen35-9b,g24a_fever_20202,c8e543ff59,decrease,counterfactual_delete_post,0.19399401087751456
qwen35-9b,g24a_fever_189771,2295b52ec4,increase,base,98.84544698568351
qwen35-9b,g24a_fever_189771,2295b52ec4,increase,admit_post,99.38963897388942
qwen35-9b,g24a_fever_189771,2295b52ec4,increase,exclude_post,10.322763903373781
qwen35-9b,g24a_fever_189771,2295b52ec4,increase,strong_exclude_post,98.3677790850345
qwen35-9b,g24a_fever_189771,2295b52ec4,increase,counterfactual_delete_post,98.57579825690712
qwen35-9b,g24a_fever_189768,2295b52ec4,decrease,base,0.054706802855979925
qwen35-9b,g24a_fever_189768,2295b52ec4,decrease,admit_post,7.321325765318591
qwen35-9b,g24a_fever_189768,2295b52ec4,decrease,exclude_post,4.055376944059242
qwen35-9b,g24a_fever_189768,2295b52ec4,decrease,strong_exclude_post,3.2245661814988726
qwen35-9b,g24a_fever_189768,2295b52ec4,decrease,counterfactual_delete_post,2.4141574741992495
qwen35-9b,g24a_fever_25995,234717bc1f,increase,base,99.72740780019325
qwen35-9b,g24a_fever_25995,234717bc1f,increase,admit_post,99.46873698053182
qwen35-9b,g24a_fever_25995,234717bc1f,increase,exclude_post,6.733429992119191
qwen35-9b,g24a_fever_25995,234717bc1f,increase,strong_exclude_post,99.40120964394652
qwen35-9b,g24a_fever_25995,234717bc1f,increase,counterfactual_delete_post,99.49925757995912
qwen35-9b,g24a_fever_106981,234717bc1f,decrease,base,27.610594848256003
qwen35-9b,g24a_fever_106981,234717bc1f,decrease,admit_post,1.9196177339830325
qwen35-9b,g24a_fever_106981,234717bc1f,decrease,exclude_post,2.214937875813243
qwen35-9b,g24a_fever_106981,234717bc1f,decrease,strong_exclude_post,6.10224279451425
qwen35-9b,g24a_fever_106981,234717bc1f,decrease,counterfactual_delete_post,41.47293584782612
qwen35-9b,g24a_fever_40944,6da30661c0,increase,base,98.55893946780384
qwen35-9b,g24a_fever_40944,6da30661c0,increase,admit_post,98.70392321154324
qwen35-9b,g24a_fever_40944,6da30661c0,increase,exclude_post,9.338504044199476
qwen35-9b,g24a_fever_40944,6da30661c0,increase,strong_exclude_post,98.94994140516185
qwen35-9b,g24a_fever_40944,6da30661c0,increase,counterfactual_delete_post,98.31302313634944
qwen35-9b,g24a_fever_34323,6da30661c0,decrease,base,1.8890065460705563
qwen35-9b,g24a_fever_34323,6da30661c0,decrease,admit_post,0.8539606914940295
qwen35-9b,g24a_fever_34323,6da30661c0,decrease,exclude_post,0.07060533006825324
qwen35-9b,g24a_fever_34323,6da30661c0,decrease,strong_exclude_post,15.333088776839029
qwen35-9b,g24a_fever_34323,6da30661c0,decrease,counterfactual_delete_post,1.9159597606373362
qwen35-9b,g24a_fever_12738,e059650125,increase,base,10.13583497522371
qwen35-9b,g24a_fever_12738,e059650125,increase,admit_post,99.62481670951176
qwen35-9b,g24a_fever_12738,e059650125,increase,exclude_post,35.60069938159881
qwen35-9b,g24a_fever_12738,e059650125,increase,strong_exclude_post,98.07747269910203
qwen35-9b,g24a_fever_12738,e059650125,increase,counterfactual_delete_post,98.7579120852691
qwen35-9b,g24a_fever_91635,e059650125,decrease,base,6.9621861455483405
qwen35-9b,g24a_fever_91635,e059650125,decrease,admit_post,0.5662032773821397
qwen35-9b,g24a_fever_91635,e059650125,decrease,exclude_post,2.189851984664145
qwen35-9b,g24a_fever_91635,e059650125,decrease,strong_exclude_post,4.636107521198827
qwen35-9b,g24a_fever_91635,e059650125,decrease,counterfactual_delete_post,3.458027817772163
qwen35-9b,g24a_fever_199818,2c34b2565b,increase,base,99.41624836110212
qwen35-9b,g24a_fever_199818,2c34b2565b,increase,admit_post,99.56585118616393
qwen35-9b,g24a_fever_199818,2c34b2565b,increase,exclude_post,9.76634748613583
qwen35-9b,g24a_fever_199818,2c34b2565b,increase,strong_exclude_post,98.65988538539376
qwen35-9b,g24a_fever_199818,2c34b2565b,increase,counterfactual_delete_post,99.23165450811052
qwen35-9b,g24a_fever_199819,2c34b2565b,decrease,base,0.8019740508389632
qwen35-9b,g24a_fever_199819,2c34b2565b,decrease,admit_post,13.224834456013138
qwen35-9b,g24a_fever_199819,2c34b2565b,decrease,exclude_post,10.685406367240825
qwen35-9b,g24a_fever_199819,2c34b2565b,decrease,strong_exclude_post,6.021244890970727
qwen35-9b,g24a_fever_199819,2c34b2565b,decrease,counterfactual_delete_post,6.710058502779054
qwen35-9b,g24a_fever_95679,f360f8b694,increase,base,25.681555250443125
qwen35-9b,g24a_fever_95679,f360f8b694,increase,admit_post,87.09487018736253
qwen35-9b,g24a_fever_95679,f360f8b694,increase,exclude_post,2.9107857487938
qwen35-9b,g24a_fever_95679,f360f8b694,increase,strong_exclude_post,9.09906365876132
qwen35-9b,g24a_fever_95679,f360f8b694,increase,counterfactual_delete_post,19.082446486503603
qwen35-9b,g24a_fever_143875,f360f8b694,decrease,base,3.7166845576932843
qwen35-9b,g24a_fever_143875,f360f8b694,decrease,admit_post,0.7604838126405125
qwen35-9b,g24a_fever_143875,f360f8b694,decrease,exclude_post,1.1824590423408798
qwen35-9b,g24a_fever_143875,f360f8b694,decrease,strong_exclude_post,4.3434997161437146
qwen35-9b,g24a_fever_143875,f360f8b694,decrease,counterfactual_delete_post,2.734879356657109
qwen35-9b,g24a_fever_11237,8216ed3c31,increase,base,99.17654797742622
qwen35-9b,g24a_fever_11237,8216ed3c31,increase,admit_post,98.39073373838372
qwen35-9b,g24a_fever_11237,8216ed3c31,increase,exclude_post,19.975954419621086
qwen35-9b,g24a_fever_11237,8216ed3c31,increase,strong_exclude_post,8.807407235284716
qwen35-9b,g24a_fever_11237,8216ed3c31,increase,counterfactual_delete_post,59.22083543414169
qwen35-9b,g24a_fever_12084,8216ed3c31,decrease,base,1.5881978136517683
qwen35-9b,g24a_fever_12084,8216ed3c31,decrease,admit_post,0.015064136504564195
qwen35-9b,g24a_fever_12084,8216ed3c31,decrease,exclude_post,0.01461405313071394
qwen35-9b,g24a_fever_12084,8216ed3c31,decrease,strong_exclude_post,6.574445270965463
qwen35-9b,g24a_fever_12084,8216ed3c31,decrease,counterfactual_delete_post,2.4360624456016904
qwen35-9b,g24a_fever_168011,57dd206baa,increase,base,21.802055104274544
qwen35-9b,g24a_fever_168011,57dd206baa,increase,admit_post,99.98865204746221
qwen35-9b,g24a_fever_168011,57dd206baa,increase,exclude_post,8.912792084862986
qwen35-9b,g24a_fever_168011,57dd206baa,increase,strong_exclude_post,16.11987213012172
qwen35-9b,g24a_fever_168011,57dd206baa,increase,counterfactual_delete_post,99.20736266795862
qwen35-9b,g24a_fever_168015,57dd206baa,decrease,base,0.058888904836071315
qwen35-9b,g24a_fever_168015,57dd206baa,decrease,admit_post,0.010171998259693641
qwen35-9b,g24a_fever_168015,57dd206baa,decrease,exclude_post,1.2169097221192564
qwen35-9b,g24a_fever_168015,57dd206baa,decrease,strong_exclude_post,1.550159519693186
qwen35-9b,g24a_fever_168015,57dd206baa,decrease,counterfactual_delete_post,0.5643275523981139
qwen35-9b,g24a_fever_49405,494e225216,increase,base,99.52915822070915
qwen35-9b,g24a_fever_49405,494e225216,increase,admit_post,99.17343532694633
qwen35-9b,g24a_fever_49405,494e225216,increase,exclude_post,98.60518512086993
qwen35-9b,g24a_fever_49405,494e225216,increase,strong_exclude_post,99.29375618363285
qwen35-9b,g24a_fever_49405,494e225216,increase,counterfactual_delete_post,99.23044906244697
qwen35-9b,g24a_fever_70815,494e225216,decrease,base,0.005776316495750295
qwen35-9b,g24a_fever_70815,494e225216,decrease,admit_post,0.022965957935284796
qwen35-9b,g24a_fever_70815,494e225216,decrease,exclude_post,1.773412333291554
qwen35-9b,g24a_fever_70815,494e225216,decrease,strong_exclude_post,1.682285244078333
qwen35-9b,g24a_fever_70815,494e225216,decrease,counterfactual_delete_post,2.308511983772783
qwen35-9b,g24a_fever_207263,f81d4310d0,increase,base,94.6127475457024
qwen35-9b,g24a_fever_207263,f81d4310d0,increase,admit_post,99.15947787936412
qwen35-9b,g24a_fever_207263,f81d4310d0,increase,exclude_post,3.69231421529411
qwen35-9b,g24a_fever_207263,f81d4310d0,increase,strong_exclude_post,98.0969002542484
qwen35-9b,g24a_fever_207263,f81d4310d0,increase,counterfactual_delete_post,85.46675929638032
qwen35-9b,g24a_fever_207256,f81d4310d0,decrease,base,2.8064060094349763
qwen35-9b,g24a_fever_207256,f81d4310d0,decrease,admit_post,9.822887381741413
qwen35-9b,g24a_fever_207256,f81d4310d0,decrease,exclude_post,41.845919368029364
qwen35-9b,g24a_fever_207256,f81d4310d0,decrease,strong_exclude_post,16.421080606569394
qwen35-9b,g24a_fever_207256,f81d4310d0,decrease,counterfactual_delete_post,12.88230801351208
qwen35-9b,g24a_fever_64113,b0f96d949b,increase,base,99.37307075003581
qwen35-9b,g24a_fever_64113,b0f96d949b,increase,admit_post,98.9732182871978
qwen35-9b,g24a_fever_64113,b0f96d949b,increase,exclude_post,19.854220042341982
qwen35-9b,g24a_fever_64113,b0f96d949b,increase,strong_exclude_post,98.03265217616182
qwen35-9b,g24a_fever_64113,b0f96d949b,increase,counterfactual_delete_post,97.60984855077486
qwen35-9b,g24a_fever_58823,b0f96d949b,decrease,base,13.297075489101244
qwen35-9b,g24a_fever_58823,b0f96d949b,decrease,admit_post,0.009176743706520647
qwen35-9b,g24a_fever_58823,b0f96d949b,decrease,exclude_post,44.92834548519494
qwen35-9b,g24a_fever_58823,b0f96d949b,decrease,strong_exclude_post,2.5483282120598068
qwen35-9b,g24a_fever_58823,b0f96d949b,decrease,counterfactual_delete_post,55.55434525121061
qwen35-9b,g24a_fever_48101,f0196dc603,increase,base,98.17810939675209
qwen35-9b,g24a_fever_48101,f0196dc603,increase,admit_post,99.09457857616748
qwen35-9b,g24a_fever_48101,f0196dc603,increase,exclude_post,31.294349473007976
qwen35-9b,g24a_fever_48101,f0196dc603,increase,strong_exclude_post,50.05485539652096
qwen35-9b,g24a_fever_48101,f0196dc603,increase,counterfactual_delete_post,97.6417916339214
qwen35-9b,g24a_fever_35043,f0196dc603,decrease,base,0.5620973441934809
qwen35-9b,g24a_fever_35043,f0196dc603,decrease,admit_post,0.00307105985931486
qwen35-9b,g24a_fever_35043,f0196dc603,decrease,exclude_post,1.1966510784449753
qwen35-9b,g24a_fever_35043,f0196dc603,decrease,strong_exclude_post,0.6163414118133356
qwen35-9b,g24a_fever_35043,f0196dc603,decrease,counterfactual_delete_post,1.4172883897999295
qwen35-9b,g24a_fever_7876,d63fe9fc86,increase,base,99.87812669164104
qwen35-9b,g24a_fever_7876,d63fe9fc86,increase,admit_post,99.99353075575773
qwen35-9b,g24a_fever_7876,d63fe9fc86,increase,exclude_post,98.82288654684196
qwen35-9b,g24a_fever_7876,d63fe9fc86,increase,strong_exclude_post,99.35554581681123
qwen35-9b,g24a_fever_7876,d63fe9fc86,increase,counterfactual_delete_post,99.45363950323936
qwen35-9b,g24a_fever_7877,d63fe9fc86,decrease,base,0.0007362236099119619
qwen35-9b,g24a_fever_7877,d63fe9fc86,decrease,admit_post,0.000712593606099383
qwen35-9b,g24a_fever_7877,d63fe9fc86,decrease,exclude_post,0.10791439991998088
qwen35-9b,g24a_fever_7877,d63fe9fc86,decrease,strong_exclude_post,0.003499028281111199
qwen35-9b,g24a_fever_7877,d63fe9fc86,decrease,counterfactual_delete_post,0.0036280907666735376
qwen35-9b,g24a_fever_47308,b180197526,increase,base,97.23263902817877
qwen35-9b,g24a_fever_47308,b180197526,increase,admit_post,99.06930063444715
qwen35-9b,g24a_fever_47308,b180197526,increase,exclude_post,19.655273952622828
qwen35-9b,g24a_fever_47308,b180197526,increase,strong_exclude_post,96.17295380379385
qwen35-9b,g24a_fever_47308,b180197526,increase,counterfactual_delete_post,97.43724605625312
qwen35-9b,g24a_fever_76522,b180197526,decrease,base,67.3003397650745
qwen35-9b,g24a_fever_76522,b180197526,decrease,admit_post,85.02826290983243
qwen35-9b,g24a_fever_76522,b180197526,decrease,exclude_post,7.622362266886063
qwen35-9b,g24a_fever_76522,b180197526,decrease,strong_exclude_post,96.40951102640705
qwen35-9b,g24a_fever_76522,b180197526,decrease,counterfactual_delete_post,7.92149016552804
qwen35-9b,g24a_fever_24345,f0174765dd,increase,base,99.14188341070066
qwen35-9b,g24a_fever_24345,f0174765dd,increase,admit_post,99.94687651474584
qwen35-9b,g24a_fever_24345,f0174765dd,increase,exclude_post,13.899126714272445
qwen35-9b,g24a_fever_24345,f0174765dd,increase,strong_exclude_post,29.88819607530174
qwen35-9b,g24a_fever_24345,f0174765dd,increase,counterfactual_delete_post,5.85349184380121
qwen35-9b,g24a_fever_110379,f0174765dd,decrease,base,99.98244688467203
qwen35-9b,g24a_fever_110379,f0174765dd,decrease,admit_post,1.1377217181270203
qwen35-9b,g24a_fever_110379,f0174765dd,decrease,exclude_post,22.772949230980956
qwen35-9b,g24a_fever_110379,f0174765dd,decrease,strong_exclude_post,29.39089513997925
qwen35-9b,g24a_fever_110379,f0174765dd,decrease,counterfactual_delete_post,3.163563397421586
qwen35-9b,g24a_fever_205126,1d71e1b002,increase,base,99.33273346930358
qwen35-9b,g24a_fever_205126,1d71e1b002,increase,admit_post,99.9901719613463
qwen35-9b,g24a_fever_205126,1d71e1b002,increase,exclude_post,97.76618291568232
qwen35-9b,g24a_fever_205126,1d71e1b002,increase,strong_exclude_post,96.71882679404479
qwen35-9b,g24a_fever_205126,1d71e1b002,increase,counterfactual_delete_post,98.02396128548436
qwen35-9b,g24a_fever_205099,1d71e1b002,decrease,base,0.04471810782658468
qwen35-9b,g24a_fever_205099,1d71e1b002,decrease,admit_post,0.686865935319211
qwen35-9b,g24a_fever_205099,1d71e1b002,decrease,exclude_post,0.06980020331085673
qwen35-9b,g24a_fever_205099,1d71e1b002,decrease,strong_exclude_post,18.167766247857088
qwen35-9b,g24a_fever_205099,1d71e1b002,decrease,counterfactual_delete_post,9.579376392557533
qwen35-9b,g24a_fever_113884,fb37cb9aa9,increase,base,4.569753198047504
qwen35-9b,g24a_fever_113884,fb37cb9aa9,increase,admit_post,99.41942480151835
qwen35-9b,g24a_fever_113884,fb37cb9aa9,increase,exclude_post,19.808021201941944
qwen35-9b,g24a_fever_113884,fb37cb9aa9,increase,strong_exclude_post,98.69718573499559
qwen35-9b,g24a_fever_113884,fb37cb9aa9,increase,counterfactual_delete_post,98.954942341204
qwen35-9b,g24a_fever_99531,fb37cb9aa9,decrease,base,8.557201050978215
qwen35-9b,g24a_fever_99531,fb37cb9aa9,decrease,admit_post,1.2550085636075012
qwen35-9b,g24a_fever_99531,fb37cb9aa9,decrease,exclude_post,17.391408516011623
qwen35-9b,g24a_fever_99531,fb37cb9aa9,decrease,strong_exclude_post,5.530633728572242
qwen35-9b,g24a_fever_99531,fb37cb9aa9,decrease,counterfactual_delete_post,2.9017053348880855
qwen35-9b,g24a_fever_10650,2a3255de71,increase,base,98.92257272600236
qwen35-9b,g24a_fever_10650,2a3255de71,increase,admit_post,99.29247214039133
qwen35-9b,g24a_fever_10650,2a3255de71,increase,exclude_post,4.268964607600796
qwen35-9b,g24a_fever_10650,2a3255de71,increase,strong_exclude_post,98.49188839711817
qwen35-9b,g24a_fever_10650,2a3255de71,increase,counterfactual_delete_post,98.18231812053722
qwen35-9b,g24a_fever_144800,2a3255de71,decrease,base,0.968689978606452
qwen35-9b,g24a_fever_144800,2a3255de71,decrease,admit_post,0.013453312792435676
qwen35-9b,g24a_fever_144800,2a3255de71,decrease,exclude_post,32.56175053106635
qwen35-9b,g24a_fever_144800,2a3255de71,decrease,strong_exclude_post,1.1516912042862772
qwen35-9b,g24a_fever_144800,2a3255de71,decrease,counterfactual_delete_post,0.9616682319442188
qwen35-9b,g24a_fever_55741,33f8620216,increase,base,4.079963547646684
qwen35-9b,g24a_fever_55741,33f8620216,increase,admit_post,99.98295741209394
qwen35-9b,g24a_fever_55741,33f8620216,increase,exclude_post,93.50584391328206
qwen35-9b,g24a_fever_55741,33f8620216,increase,strong_exclude_post,0.42978037954590764
qwen35-9b,g24a_fever_55741,33f8620216,increase,counterfactual_delete_post,97.90567490676314
qwen35-9b,g24a_fever_20461,33f8620216,decrease,base,1.4332937545310556
qwen35-9b,g24a_fever_20461,33f8620216,decrease,admit_post,30.810692510024808
qwen35-9b,g24a_fever_20461,33f8620216,decrease,exclude_post,92.5807512704713
qwen35-9b,g24a_fever_20461,33f8620216,decrease,strong_exclude_post,93.53518935784899
qwen35-9b,g24a_fever_20461,33f8620216,decrease,counterfactual_delete_post,3.5934079126132272
qwen35-9b,g24a_fever_57718,f7547bfefb,increase,base,99.20480145078362
qwen35-9b,g24a_fever_57718,f7547bfefb,increase,admit_post,99.82476654460089
qwen35-9b,g24a_fever_57718,f7547bfefb,increase,exclude_post,34.14085035069344
qwen35-9b,g24a_fever_57718,f7547bfefb,increase,strong_exclude_post,41.66558427367747
qwen35-9b,g24a_fever_57718,f7547bfefb,increase,counterfactual_delete_post,99.34209193523834
qwen35-9b,g24a_fever_133910,f7547bfefb,decrease,base,0.40885308866705417
qwen35-9b,g24a_fever_133910,f7547bfefb,decrease,admit_post,0.013198310031872638
qwen35-9b,g24a_fever_133910,f7547bfefb,decrease,exclude_post,0.011416945253281026
qwen35-9b,g24a_fever_133910,f7547bfefb,decrease,strong_exclude_post,0.415726155036863
qwen35-9b,g24a_fever_133910,f7547bfefb,decrease,counterfactual_delete_post,0.946067235730561
qwen35-9b,g24a_fever_36333,e3f49ec377,increase,base,0.37578165254651663
qwen35-9b,g24a_fever_36333,e3f49ec377,increase,admit_post,99.7107305529748
qwen35-9b,g24a_fever_36333,e3f49ec377,increase,exclude_post,23.10764949422249
qwen35-9b,g24a_fever_36333,e3f49ec377,increase,strong_exclude_post,41.81468033710435
qwen35-9b,g24a_fever_36333,e3f49ec377,increase,counterfactual_delete_post,2.724773778855592
qwen35-9b,g24a_fever_142984,e3f49ec377,decrease,base,0.0024863243545132584
qwen35-9b,g24a_fever_142984,e3f49ec377,decrease,admit_post,0.004683951924317228
qwen35-9b,g24a_fever_142984,e3f49ec377,decrease,exclude_post,8.060904520048748
qwen35-9b,g24a_fever_142984,e3f49ec377,decrease,strong_exclude_post,0.45866076545550705
qwen35-9b,g24a_fever_142984,e3f49ec377,decrease,counterfactual_delete_post,14.193555539724885
qwen35-9b,g24a_fever_36453,cf29f7401a,increase,base,99.04811416617048
qwen35-9b,g24a_fever_36453,cf29f7401a,increase,admit_post,98.6685493174224
qwen35-9b,g24a_fever_36453,cf29f7401a,increase,exclude_post,26.160999005768385
qwen35-9b,g24a_fever_36453,cf29f7401a,increase,strong_exclude_post,97.70197843085928
qwen35-9b,g24a_fever_36453,cf29f7401a,increase,counterfactual_delete_post,97.85574644502623
qwen35-9b,g24a_fever_153341,cf29f7401a,decrease,base,2.9311108115184137
qwen35-9b,g24a_fever_153341,cf29f7401a,decrease,admit_post,24.109068705851136
qwen35-9b,g24a_fever_153341,cf29f7401a,decrease,exclude_post,0.022040760253248283
qwen35-9b,g24a_fever_153341,cf29f7401a,decrease,strong_exclude_post,18.00340512204013
qwen35-9b,g24a_fever_153341,cf29f7401a,decrease,counterfactual_delete_post,0.0170197312565904
qwen35-9b,g24a_fever_221240,e30b1f6fa0,increase,base,1.3347968865015327
qwen35-9b,g24a_fever_221240,e30b1f6fa0,increase,admit_post,98.67636756016783
qwen35-9b,g24a_fever_221240,e30b1f6fa0,increase,exclude_post,4.2572018726304846
qwen35-9b,g24a_fever_221240,e30b1f6fa0,increase,strong_exclude_post,99.43250324654944
qwen35-9b,g24a_fever_221240,e30b1f6fa0,increase,counterfactual_delete_post,99.61344828443336
qwen35-9b,g24a_fever_221244,e30b1f6fa0,decrease,base,0.6610697303547471
qwen35-9b,g24a_fever_221244,e30b1f6fa0,decrease,admit_post,0.005093254942060498
qwen35-9b,g24a_fever_221244,e30b1f6fa0,decrease,exclude_post,0.007161736112982016
qwen35-9b,g24a_fever_221244,e30b1f6fa0,decrease,strong_exclude_post,0.9165069324411821
qwen35-9b,g24a_fever_221244,e30b1f6fa0,decrease,counterfactual_delete_post,3.111246735157641
qwen35-9b,g24a_fever_16807,2d03f3662c,increase,base,99.73648488384426
qwen35-9b,g24a_fever_16807,2d03f3662c,increase,admit_post,99.66771707076073
qwen35-9b,g24a_fever_16807,2d03f3662c,increase,exclude_post,90.82784899899359
qwen35-9b,g24a_fever_16807,2d03f3662c,increase,strong_exclude_post,99.50986072353372
qwen35-9b,g24a_fever_16807,2d03f3662c,increase,counterfactual_delete_post,99.38770837627264
qwen35-9b,g24a_fever_102175,2d03f3662c,decrease,base,0.0020460592620039084
qwen35-9b,g24a_fever_102175,2d03f3662c,decrease,admit_post,0.0073385450064711154
qwen35-9b,g24a_fever_102175,2d03f3662c,decrease,exclude_post,0.009354163366680868
qwen35-9b,g24a_fever_102175,2d03f3662c,decrease,strong_exclude_post,0.474321180694967
qwen35-9b,g24a_fever_102175,2d03f3662c,decrease,counterfactual_delete_post,0.2778329183384783
qwen35-9b,g24a_fever_16701,6cbe0db683,increase,base,98.13536991442528
qwen35-9b,g24a_fever_16701,6cbe0db683,increase,admit_post,99.30722812679528
qwen35-9b,g24a_fever_16701,6cbe0db683,increase,exclude_post,3.5579694838257914
qwen35-9b,g24a_fever_16701,6cbe0db683,increase,strong_exclude_post,39.69945947126612
qwen35-9b,g24a_fever_16701,6cbe0db683,increase,counterfactual_delete_post,98.48770746366293
qwen35-9b,g24a_fever_101473,6cbe0db683,decrease,base,2.9876503822726264
qwen35-9b,g24a_fever_101473,6cbe0db683,decrease,admit_post,1.3720700140064064
qwen35-9b,g24a_fever_101473,6cbe0db683,decrease,exclude_post,0.10122784927570017
qwen35-9b,g24a_fever_101473,6cbe0db683,decrease,strong_exclude_post,18.84497309555719
qwen35-9b,g24a_fever_101473,6cbe0db683,decrease,counterfactual_delete_post,0.18719305769370423
qwen35-9b,g24a_fever_119549,4ea809259a,increase,base,98.71470538427317
qwen35-9b,g24a_fever_119549,4ea809259a,increase,admit_post,99.71405944997299
qwen35-9b,g24a_fever_119549,4ea809259a,increase,exclude_post,7.758009286916784
qwen35-9b,g24a_fever_119549,4ea809259a,increase,strong_exclude_post,98.15141053899102
qwen35-9b,g24a_fever_119549,4ea809259a,increase,counterfactual_delete_post,97.61204067455567
qwen35-9b,g24a_fever_76382,4ea809259a,decrease,base,0.014407151103392428
qwen35-9b,g24a_fever_76382,4ea809259a,decrease,admit_post,0.024350867220247093
qwen35-9b,g24a_fever_76382,4ea809259a,decrease,exclude_post,0.19647351099746507
qwen35-9b,g24a_fever_76382,4ea809259a,decrease,strong_exclude_post,0.0748345854985186
qwen35-9b,g24a_fever_76382,4ea809259a,decrease,counterfactual_delete_post,0.4118845985280893
qwen35-9b,g24a_fever_108882,93ab4ab661,increase,base,99.54720301770527
qwen35-9b,g24a_fever_108882,93ab4ab661,increase,admit_post,98.0815386907546
qwen35-9b,g24a_fever_108882,93ab4ab661,increase,exclude_post,1.9613426171839323
qwen35-9b,g24a_fever_108882,93ab4ab661,increase,strong_exclude_post,42.54813788725151
qwen35-9b,g24a_fever_108882,93ab4ab661,increase,counterfactual_delete_post,99.20215379947234
qwen35-9b,g24a_fever_35695,93ab4ab661,decrease,base,98.76021156179914
qwen35-9b,g24a_fever_35695,93ab4ab661,decrease,admit_post,1.9331870354383054
qwen35-9b,g24a_fever_35695,93ab4ab661,decrease,exclude_post,2.130704846948313
qwen35-9b,g24a_fever_35695,93ab4ab661,decrease,strong_exclude_post,2.8982430548000893
qwen35-9b,g24a_fever_35695,93ab4ab661,decrease,counterfactual_delete_post,1.3591837020552315
qwen35-9b,g24a_fever_90158,dcd7c79741,increase,base,99.30693245245044
qwen35-9b,g24a_fever_90158,dcd7c79741,increase,admit_post,98.31184144597083
qwen35-9b,g24a_fever_90158,dcd7c79741,increase,exclude_post,95.56406350745561
qwen35-9b,g24a_fever_90158,dcd7c79741,increase,strong_exclude_post,97.37053353179218
qwen35-9b,g24a_fever_90158,dcd7c79741,increase,counterfactual_delete_post,97.34220752433164
qwen35-9b,g24a_fever_71554,dcd7c79741,decrease,base,10.75903648662563
qwen35-9b,g24a_fever_71554,dcd7c79741,decrease,admit_post,1.6348075956110408
qwen35-9b,g24a_fever_71554,dcd7c79741,decrease,exclude_post,2.556959945485591
qwen35-9b,g24a_fever_71554,dcd7c79741,decrease,strong_exclude_post,11.893981260780329
qwen35-9b,g24a_fever_71554,dcd7c79741,decrease,counterfactual_delete_post,3.1447070742901633
qwen35-9b,g24a_fever_32730,634a5a7bf7,increase,base,99.48240602585122
qwen35-9b,g24a_fever_32730,634a5a7bf7,increase,admit_post,99.86280218267375
qwen35-9b,g24a_fever_32730,634a5a7bf7,increase,exclude_post,18.997346170226542
qwen35-9b,g24a_fever_32730,634a5a7bf7,increase,strong_exclude_post,99.24711357782648
qwen35-9b,g24a_fever_32730,634a5a7bf7,increase,counterfactual_delete_post,98.48192060789526
qwen35-9b,g24a_fever_67285,634a5a7bf7,decrease,base,1.0732818630942211
qwen35-9b,g24a_fever_67285,634a5a7bf7,decrease,admit_post,1.0374425958131894
qwen35-9b,g24a_fever_67285,634a5a7bf7,decrease,exclude_post,1.8300634170370413
qwen35-9b,g24a_fever_67285,634a5a7bf7,decrease,strong_exclude_post,1.7698587561619878
qwen35-9b,g24a_fever_67285,634a5a7bf7,decrease,counterfactual_delete_post,3.366192975160836
qwen35-9b,g24a_fever_161906,d12dd79259,increase,base,99.39452388425313
qwen35-9b,g24a_fever_161906,d12dd79259,increase,admit_post,99.1248939426031
qwen35-9b,g24a_fever_161906,d12dd79259,increase,exclude_post,27.800842406998
qwen35-9b,g24a_fever_161906,d12dd79259,increase,strong_exclude_post,40.04938349129382
qwen35-9b,g24a_fever_161906,d12dd79259,increase,counterfactual_delete_post,99.53351392517017
qwen35-9b,g24a_fever_161915,d12dd79259,decrease,base,77.24697001564112
qwen35-9b,g24a_fever_161915,d12dd79259,decrease,admit_post,2.4864485496457474
qwen35-9b,g24a_fever_161915,d12dd79259,decrease,exclude_post,3.9812975944506
qwen35-9b,g24a_fever_161915,d12dd79259,decrease,strong_exclude_post,2.397555051017774
qwen35-9b,g24a_fever_161915,d12dd79259,decrease,counterfactual_delete_post,2.103187441953106
qwen35-9b,g24a_fever_114625,9f5081e9a1,increase,base,99.7727294966247
qwen35-9b,g24a_fever_114625,9f5081e9a1,increase,admit_post,99.82353577987044
qwen35-9b,g24a_fever_114625,9f5081e9a1,increase,exclude_post,25.97970437595145
qwen35-9b,g24a_fever_114625,9f5081e9a1,increase,strong_exclude_post,98.38362550184891
qwen35-9b,g24a_fever_114625,9f5081e9a1,increase,counterfactual_delete_post,99.31743954092055
qwen35-9b,g24a_fever_124264,9f5081e9a1,decrease,base,19.826032635704976
qwen35-9b,g24a_fever_124264,9f5081e9a1,decrease,admit_post,21.341483744743286
qwen35-9b,g24a_fever_124264,9f5081e9a1,decrease,exclude_post,26.491892158215563
qwen35-9b,g24a_fever_124264,9f5081e9a1,decrease,strong_exclude_post,23.021798572565565
qwen35-9b,g24a_fever_124264,9f5081e9a1,decrease,counterfactual_delete_post,18.348896552844792
qwen35-9b,g24a_fever_185301,00246702d1,increase,base,98.6871123624335
qwen35-9b,g24a_fever_185301,00246702d1,increase,admit_post,99.38014765502892
qwen35-9b,g24a_fever_185301,00246702d1,increase,exclude_post,26.71850429074297
qwen35-9b,g24a_fever_185301,00246702d1,increase,strong_exclude_post,98.64604639597587
qwen35-9b,g24a_fever_185301,00246702d1,increase,counterfactual_delete_post,99.60638051775709
qwen35-9b,g24a_fever_185287,00246702d1,decrease,base,3.6284759195045115
qwen35-9b,g24a_fever_185287,00246702d1,decrease,admit_post,24.67711101604429
qwen35-9b,g24a_fever_185287,00246702d1,decrease,exclude_post,11.471106413777742
qwen35-9b,g24a_fever_185287,00246702d1,decrease,strong_exclude_post,37.58374090538063
qwen35-9b,g24a_fever_185287,00246702d1,decrease,counterfactual_delete_post,4.332254521587316
qwen35-9b,g24a_fever_154989,a736c80e61,increase,base,11.858751498619446
qwen35-9b,g24a_fever_154989,a736c80e61,increase,admit_post,97.51976591377792
qwen35-9b,g24a_fever_154989,a736c80e61,increase,exclude_post,38.75785519721931
qwen35-9b,g24a_fever_154989,a736c80e61,increase,strong_exclude_post,9.269305567641318
qwen35-9b,g24a_fever_154989,a736c80e61,increase,counterfactual_delete_post,4.909155355078765
qwen35-9b,g24a_fever_128332,a736c80e61,decrease,base,1.7722035437318548
qwen35-9b,g24a_fever_128332,a736c80e61,decrease,admit_post,0.05433046480708622
qwen35-9b,g24a_fever_128332,a736c80e61,decrease,exclude_post,0.049004370457032084
qwen35-9b,g24a_fever_128332,a736c80e61,decrease,strong_exclude_post,32.228255803432134
qwen35-9b,g24a_fever_128332,a736c80e61,decrease,counterfactual_delete_post,5.016384899815038
qwen35-9b,g24a_fever_136282,92b07c2b9d,increase,base,99.11070343830558
qwen35-9b,g24a_fever_136282,92b07c2b9d,increase,admit_post,99.51585344358536
qwen35-9b,g24a_fever_136282,92b07c2b9d,increase,exclude_post,17.62955335809955
qwen35-9b,g24a_fever_136282,92b07c2b9d,increase,strong_exclude_post,22.554344783152608
qwen35-9b,g24a_fever_136282,92b07c2b9d,increase,counterfactual_delete_post,99.99006840075936
qwen35-9b,g24a_fever_87414,92b07c2b9d,decrease,base,15.374944376937654
qwen35-9b,g24a_fever_87414,92b07c2b9d,decrease,admit_post,4.767696329358503
qwen35-9b,g24a_fever_87414,92b07c2b9d,decrease,exclude_post,13.595768640040834
qwen35-9b,g24a_fever_87414,92b07c2b9d,decrease,strong_exclude_post,14.577119396436915
qwen35-9b,g24a_fever_87414,92b07c2b9d,decrease,counterfactual_delete_post,16.303254962629854
qwen35-9b,g24a_fever_10041,3ac4b52efa,increase,base,99.00547360382208
qwen35-9b,g24a_fever_10041,3ac4b52efa,increase,admit_post,99.67565757668336
qwen35-9b,g24a_fever_10041,3ac4b52efa,increase,exclude_post,94.11106051637226
qwen35-9b,g24a_fever_10041,3ac4b52efa,increase,strong_exclude_post,99.54338232897395
qwen35-9b,g24a_fever_10041,3ac4b52efa,increase,counterfactual_delete_post,97.72470737788348
qwen35-9b,g24a_fever_101434,3ac4b52efa,decrease,base,0.020199500029799266
qwen35-9b,g24a_fever_101434,3ac4b52efa,decrease,admit_post,0.18739148421083998
qwen35-9b,g24a_fever_101434,3ac4b52efa,decrease,exclude_post,0.4083113301254066
qwen35-9b,g24a_fever_101434,3ac4b52efa,decrease,strong_exclude_post,0.7104081652866042
qwen35-9b,g24a_fever_101434,3ac4b52efa,decrease,counterfactual_delete_post,0.1575578404665185
qwen35-9b,g24a_fever_59607,4c8f926d12,increase,base,0.416184021107568
qwen35-9b,g24a_fever_59607,4c8f926d12,increase,admit_post,99.99417865324456
qwen35-9b,g24a_fever_59607,4c8f926d12,increase,exclude_post,97.47840868341646
qwen35-9b,g24a_fever_59607,4c8f926d12,increase,strong_exclude_post,37.27109365980831
qwen35-9b,g24a_fever_59607,4c8f926d12,increase,counterfactual_delete_post,98.15622092950059
qwen35-9b,g24a_fever_38110,4c8f926d12,decrease,base,0.0007233580780013941
qwen35-9b,g24a_fever_38110,4c8f926d12,decrease,admit_post,1.420158032318969
qwen35-9b,g24a_fever_38110,4c8f926d12,decrease,exclude_post,0.9899861167386229
qwen35-9b,g24a_fever_38110,4c8f926d12,decrease,strong_exclude_post,0.8976509879449301
qwen35-9b,g24a_fever_38110,4c8f926d12,decrease,counterfactual_delete_post,1.6049881007995763
qwen35-9b,g24a_fever_164647,fa15646b91,increase,base,99.58169472202572
qwen35-9b,g24a_fever_164647,fa15646b91,increase,admit_post,99.99019575315909
qwen35-9b,g24a_fever_164647,fa15646b91,increase,exclude_post,99.13241866594385
qwen35-9b,g24a_fever_164647,fa15646b91,increase,strong_exclude_post,99.48662422136869
qwen35-9b,g24a_fever_164647,fa15646b91,increase,counterfactual_delete_post,99.51804549001936
qwen35-9b,g24a_fever_164643,fa15646b91,decrease,base,5.254863976633458
qwen35-9b,g24a_fever_164643,fa15646b91,decrease,admit_post,96.12539075258333
qwen35-9b,g24a_fever_164643,fa15646b91,decrease,exclude_post,2.007469931946427
qwen35-9b,g24a_fever_164643,fa15646b91,decrease,strong_exclude_post,2.8568789813752096
qwen35-9b,g24a_fever_164643,fa15646b91,decrease,counterfactual_delete_post,1.6864565952111787
qwen35-9b,g24a_fever_45818,a78e3bd7d1,increase,base,99.95831129288258
qwen35-9b,g24a_fever_45818,a78e3bd7d1,increase,admit_post,99.98447255599798
qwen35-9b,g24a_fever_45818,a78e3bd7d1,increase,exclude_post,99.96537236083172
qwen35-9b,g24a_fever_45818,a78e3bd7d1,increase,strong_exclude_post,99.39520962097522
qwen35-9b,g24a_fever_45818,a78e3bd7d1,increase,counterfactual_delete_post,99.79302906034854
qwen35-9b,g24a_fever_145403,a78e3bd7d1,decrease,base,4.697281636180368
qwen35-9b,g24a_fever_145403,a78e3bd7d1,decrease,admit_post,0.011729418840183185
qwen35-9b,g24a_fever_145403,a78e3bd7d1,decrease,exclude_post,3.4194291986407426
qwen35-9b,g24a_fever_145403,a78e3bd7d1,decrease,strong_exclude_post,1.4014633434132195
qwen35-9b,g24a_fever_145403,a78e3bd7d1,decrease,counterfactual_delete_post,1.4097317148820547
qwen35-9b,g24a_fever_35858,de842ad87f,increase,base,99.98817372225145
qwen35-9b,g24a_fever_35858,de842ad87f,increase,admit_post,99.53136388275625
qwen35-9b,g24a_fever_35858,de842ad87f,increase,exclude_post,24.784211584320474
qwen35-9b,g24a_fever_35858,de842ad87f,increase,strong_exclude_post,37.42081465462867
qwen35-9b,g24a_fever_35858,de842ad87f,increase,counterfactual_delete_post,99.55566158534097
qwen35-9b,g24a_fever_127098,de842ad87f,decrease,base,24.410008430148245
qwen35-9b,g24a_fever_127098,de842ad87f,decrease,admit_post,10.390571753610336
qwen35-9b,g24a_fever_127098,de842ad87f,decrease,exclude_post,0.11114325557909904
qwen35-9b,g24a_fever_127098,de842ad87f,decrease,strong_exclude_post,28.051014280858443
qwen35-9b,g24a_fever_127098,de842ad87f,decrease,counterfactual_delete_post,3.4345697286931585
qwen35-9b,g24a_fever_39793,85a06caaee,increase,base,98.98979978571644
qwen35-9b,g24a_fever_39793,85a06caaee,increase,admit_post,99.38612179076628
qwen35-9b,g24a_fever_39793,85a06caaee,increase,exclude_post,30.916824438607094
qwen35-9b,g24a_fever_39793,85a06caaee,increase,strong_exclude_post,98.86809270214268
qwen35-9b,g24a_fever_39793,85a06caaee,increase,counterfactual_delete_post,97.53750183096483
qwen35-9b,g24a_fever_111717,85a06caaee,decrease,base,0.12402399504340991
qwen35-9b,g24a_fever_111717,85a06caaee,decrease,admit_post,3.320224022456897
qwen35-9b,g24a_fever_111717,85a06caaee,decrease,exclude_post,20.96009006148828
qwen35-9b,g24a_fever_111717,85a06caaee,decrease,strong_exclude_post,17.63751883968176
qwen35-9b,g24a_fever_111717,85a06caaee,decrease,counterfactual_delete_post,13.16198526393131
qwen35-9b,g24a_fever_5111,d2994cae2a,increase,base,98.55025447100006
qwen35-9b,g24a_fever_5111,d2994cae2a,increase,admit_post,99.6283897973546
qwen35-9b,g24a_fever_5111,d2994cae2a,increase,exclude_post,98.68052864347867
qwen35-9b,g24a_fever_5111,d2994cae2a,increase,strong_exclude_post,99.462963872456
qwen35-9b,g24a_fever_5111,d2994cae2a,increase,counterfactual_delete_post,99.57533132977058
qwen35-9b,g24a_fever_129248,d2994cae2a,decrease,base,0.7646312779148356
qwen35-9b,g24a_fever_129248,d2994cae2a,decrease,admit_post,0.18444573160483985
qwen35-9b,g24a_fever_129248,d2994cae2a,decrease,exclude_post,0.4679468835511407
qwen35-9b,g24a_fever_129248,d2994cae2a,decrease,strong_exclude_post,1.722935485541114
qwen35-9b,g24a_fever_129248,d2994cae2a,decrease,counterfactual_delete_post,0.36059190502846394
qwen35-9b,g24a_fever_426,e739546b88,increase,base,99.05077325225166
qwen35-9b,g24a_fever_426,e739546b88,increase,admit_post,98.17188721187085
qwen35-9b,g24a_fever_426,e739546b88,increase,exclude_post,57.97392116264339
qwen35-9b,g24a_fever_426,e739546b88,increase,strong_exclude_post,98.62288411376454
qwen35-9b,g24a_fever_426,e739546b88,increase,counterfactual_delete_post,98.70576254604832
qwen35-9b,g24a_fever_126568,e739546b88,decrease,base,98.29474945721859
qwen35-9b,g24a_fever_126568,e739546b88,decrease,admit_post,15.800026830139366
qwen35-9b,g24a_fever_126568,e739546b88,decrease,exclude_post,13.818708616429566
qwen35-9b,g24a_fever_126568,e739546b88,decrease,strong_exclude_post,4.947324463903571
qwen35-9b,g24a_fever_126568,e739546b88,decrease,counterfactual_delete_post,85.67389704456868
qwen35-9b,g24a_fever_50529,81facdbc5e,increase,base,97.01147592404611
qwen35-9b,g24a_fever_50529,81facdbc5e,increase,admit_post,97.6402981801368
qwen35-9b,g24a_fever_50529,81facdbc5e,increase,exclude_post,97.09504118080734
qwen35-9b,g24a_fever_50529,81facdbc5e,increase,strong_exclude_post,8.863496192728064
qwen35-9b,g24a_fever_50529,81facdbc5e,increase,counterfactual_delete_post,14.062630096778484
qwen35-9b,g24a_fever_153808,81facdbc5e,decrease,base,6.715175244553951
qwen35-9b,g24a_fever_153808,81facdbc5e,decrease,admit_post,0.11823337673811624
qwen35-9b,g24a_fever_153808,81facdbc5e,decrease,exclude_post,0.13882840913821903
qwen35-9b,g24a_fever_153808,81facdbc5e,decrease,strong_exclude_post,29.794065304890996
qwen35-9b,g24a_fever_153808,81facdbc5e,decrease,counterfactual_delete_post,7.477873354701113
qwen35-9b,g24a_fever_124663,70f3bba212,increase,base,99.14041326654682
qwen35-9b,g24a_fever_124663,70f3bba212,increase,admit_post,99.38724460798011
qwen35-9b,g24a_fever_124663,70f3bba212,increase,exclude_post,38.10057542711439
qwen35-9b,g24a_fever_124663,70f3bba212,increase,strong_exclude_post,98.39969457865611
qwen35-9b,g24a_fever_124663,70f3bba212,increase,counterfactual_delete_post,99.44796531792463
qwen35-9b,g24a_fever_102523,70f3bba212,decrease,base,1.2598404442281372
qwen35-9b,g24a_fever_102523,70f3bba212,decrease,admit_post,0.0990313354647526
qwen35-9b,g24a_fever_102523,70f3bba212,decrease,exclude_post,0.05479170503341192
qwen35-9b,g24a_fever_102523,70f3bba212,decrease,strong_exclude_post,28.03821556531922
qwen35-9b,g24a_fever_102523,70f3bba212,decrease,counterfactual_delete_post,6.658679107411585
qwen35-9b,g24a_fever_162742,2c627de16c,increase,base,99.31271989971299
qwen35-9b,g24a_fever_162742,2c627de16c,increase,admit_post,99.98803992625056
qwen35-9b,g24a_fever_162742,2c627de16c,increase,exclude_post,96.63040972738534
qwen35-9b,g24a_fever_162742,2c627de16c,increase,strong_exclude_post,98.70112491648814
qwen35-9b,g24a_fever_162742,2c627de16c,increase,counterfactual_delete_post,99.06970397036984
qwen35-9b,g24a_fever_162741,2c627de16c,decrease,base,0.22037250333063796
qwen35-9b,g24a_fever_162741,2c627de16c,decrease,admit_post,0.9754917362981881
qwen35-9b,g24a_fever_162741,2c627de16c,decrease,exclude_post,0.8760328304458906
qwen35-9b,g24a_fever_162741,2c627de16c,decrease,strong_exclude_post,0.2769330326369933
qwen35-9b,g24a_fever_162741,2c627de16c,decrease,counterfactual_delete_post,0.13088892203895158
qwen35-9b,g24a_fever_22255,00138ae21b,increase,base,0.2688333502329636
qwen35-9b,g24a_fever_22255,00138ae21b,increase,admit_post,99.15859629213053
qwen35-9b,g24a_fever_22255,00138ae21b,increase,exclude_post,32.52347818907569
qwen35-9b,g24a_fever_22255,00138ae21b,increase,strong_exclude_post,39.22723169386838
qwen35-9b,g24a_fever_22255,00138ae21b,increase,counterfactual_delete_post,99.52864266301746
qwen35-9b,g24a_fever_64226,00138ae21b,decrease,base,0.6770078822011854
qwen35-9b,g24a_fever_64226,00138ae21b,decrease,admit_post,0.025604769138824722
qwen35-9b,g24a_fever_64226,00138ae21b,decrease,exclude_post,45.52221353850788
qwen35-9b,g24a_fever_64226,00138ae21b,decrease,strong_exclude_post,27.538491269692503
qwen35-9b,g24a_fever_64226,00138ae21b,decrease,counterfactual_delete_post,4.452174904848764
qwen35-9b,g24a_fever_136062,a1d49f957c,increase,base,98.94338458908783
qwen35-9b,g24a_fever_136062,a1d49f957c,increase,admit_post,98.7350856916153
qwen35-9b,g24a_fever_136062,a1d49f957c,increase,exclude_post,26.7082147400629
qwen35-9b,g24a_fever_136062,a1d49f957c,increase,strong_exclude_post,98.84423167334756
qwen35-9b,g24a_fever_136062,a1d49f957c,increase,counterfactual_delete_post,99.28502905357547
qwen35-9b,g24a_fever_160626,a1d49f957c,decrease,base,98.61750056910228
qwen35-9b,g24a_fever_160626,a1d49f957c,decrease,admit_post,0.7089854700455122
qwen35-9b,g24a_fever_160626,a1d49f957c,decrease,exclude_post,1.7866901303037952
qwen35-9b,g24a_fever_160626,a1d49f957c,decrease,strong_exclude_post,2.0846172784794255
qwen35-9b,g24a_fever_160626,a1d49f957c,decrease,counterfactual_delete_post,1.7437507587869256
qwen35-9b,g24a_fever_139037,13bbced4e0,increase,base,99.53114959327698
qwen35-9b,g24a_fever_139037,13bbced4e0,increase,admit_post,98.84572852648881
qwen35-9b,g24a_fever_139037,13bbced4e0,increase,exclude_post,97.8500539544161
qwen35-9b,g24a_fever_139037,13bbced4e0,increase,strong_exclude_post,98.40176802621268
qwen35-9b,g24a_fever_139037,13bbced4e0,increase,counterfactual_delete_post,97.94887886672876
qwen35-9b,g24a_fever_90666,13bbced4e0,decrease,base,0.5015314892050706
qwen35-9b,g24a_fever_90666,13bbced4e0,decrease,admit_post,0.37167580209969103
qwen35-9b,g24a_fever_90666,13bbced4e0,decrease,exclude_post,2.401320449624537
qwen35-9b,g24a_fever_90666,13bbced4e0,decrease,strong_exclude_post,2.1267782757082982
qwen35-9b,g24a_fever_90666,13bbced4e0,decrease,counterfactual_delete_post,1.5559796970800264
qwen35-9b,g24a_fever_108940,9edc7a0d5b,increase,base,13.981863337576423
qwen35-9b,g24a_fever_108940,9edc7a0d5b,increase,admit_post,52.13073333470497
qwen35-9b,g24a_fever_108940,9edc7a0d5b,increase,exclude_post,0.5293373942444232
qwen35-9b,g24a_fever_108940,9edc7a0d5b,increase,strong_exclude_post,1.0941721924267531
qwen35-9b,g24a_fever_108940,9edc7a0d5b,increase,counterfactual_delete_post,17.357520364465064
qwen35-9b,g24a_fever_87008,9edc7a0d5b,decrease,base,0.0007383030178922537
qwen35-9b,g24a_fever_87008,9edc7a0d5b,decrease,admit_post,0.14159742151757593
qwen35-9b,g24a_fever_87008,9edc7a0d5b,decrease,exclude_post,0.003080081631775388
qwen35-9b,g24a_fever_87008,9edc7a0d5b,decrease,strong_exclude_post,0.14274586104043946
qwen35-9b,g24a_fever_87008,9edc7a0d5b,decrease,counterfactual_delete_post,0.12098111537103946
qwen35-9b,g24a_fever_20703,7400f170ab,increase,base,63.647025360334865
qwen35-9b,g24a_fever_20703,7400f170ab,increase,admit_post,27.341436750108265
qwen35-9b,g24a_fever_20703,7400f170ab,increase,exclude_post,30.439215692327974
qwen35-9b,g24a_fever_20703,7400f170ab,increase,strong_exclude_post,4.246900906767685
qwen35-9b,g24a_fever_20703,7400f170ab,increase,counterfactual_delete_post,5.261031667163047
qwen35-9b,g24a_fever_134950,7400f170ab,decrease,base,4.29836242461398
qwen35-9b,g24a_fever_134950,7400f170ab,decrease,admit_post,0.004909265229374283
qwen35-9b,g24a_fever_134950,7400f170ab,decrease,exclude_post,0.011657086573680996
qwen35-9b,g24a_fever_134950,7400f170ab,decrease,strong_exclude_post,2.3292112954859023
qwen35-9b,g24a_fever_134950,7400f170ab,decrease,counterfactual_delete_post,0.9687799992986103
qwen35-9b,g24a_fever_152955,76bbac307e,increase,base,99.57965339926528
qwen35-9b,g24a_fever_152955,76bbac307e,increase,admit_post,97.94531630044816
qwen35-9b,g24a_fever_152955,76bbac307e,increase,exclude_post,98.0931181307847
qwen35-9b,g24a_fever_152955,76bbac307e,increase,strong_exclude_post,98.7635178031833
qwen35-9b,g24a_fever_152955,76bbac307e,increase,counterfactual_delete_post,99.20137701901291
qwen35-9b,g24a_fever_76118,76bbac307e,decrease,base,0.00876144719749756
qwen35-9b,g24a_fever_76118,76bbac307e,decrease,admit_post,0.7371306132820681
qwen35-9b,g24a_fever_76118,76bbac307e,decrease,exclude_post,1.419640595641855
qwen35-9b,g24a_fever_76118,76bbac307e,decrease,strong_exclude_post,3.3471405619084793
qwen35-9b,g24a_fever_76118,76bbac307e,decrease,counterfactual_delete_post,1.410208863102288
qwen35-9b,g24a_fever_146399,6032d38b5a,increase,base,99.95977643443436
qwen35-9b,g24a_fever_146399,6032d38b5a,increase,admit_post,99.67664251411524
qwen35-9b,g24a_fever_146399,6032d38b5a,increase,exclude_post,25.55977847043134
qwen35-9b,g24a_fever_146399,6032d38b5a,increase,strong_exclude_post,98.02553868061152
qwen35-9b,g24a_fever_146399,6032d38b5a,increase,counterfactual_delete_post,99.79586584783483
qwen35-9b,g24a_fever_20708,6032d38b5a,decrease,base,98.79631310813117
qwen35-9b,g24a_fever_20708,6032d38b5a,decrease,admit_post,99.99319618551505
qwen35-9b,g24a_fever_20708,6032d38b5a,decrease,exclude_post,21.27442772282076
qwen35-9b,g24a_fever_20708,6032d38b5a,decrease,strong_exclude_post,2.9699893508825292
qwen35-9b,g24a_fever_20708,6032d38b5a,decrease,counterfactual_delete_post,98.98392734941828
qwen35-9b,g24a_scifact_911,af4a78996c,increase,base,90.87465438497624
qwen35-9b,g24a_scifact_911,af4a78996c,increase,admit_post,99.33306391699597
qwen35-9b,g24a_scifact_911,af4a78996c,increase,exclude_post,3.9172745633264014
qwen35-9b,g24a_scifact_911,af4a78996c,increase,strong_exclude_post,31.755616244759057
qwen35-9b,g24a_scifact_911,af4a78996c,increase,counterfactual_delete_post,98.6371281336547
qwen35-9b,g24a_scifact_909,af4a78996c,decrease,base,85.03128231320335
qwen35-9b,g24a_scifact_909,af4a78996c,decrease,admit_post,0.04794530216378015
qwen35-9b,g24a_scifact_909,af4a78996c,decrease,exclude_post,35.205664163928724
qwen35-9b,g24a_scifact_909,af4a78996c,decrease,strong_exclude_post,28.94554356768801
qwen35-9b,g24a_scifact_909,af4a78996c,decrease,counterfactual_delete_post,43.493762468988784
qwen35-9b,g24a_scifact_1145,c3e97b1e49,increase,base,0.005218055962214401
qwen35-9b,g24a_scifact_1145,c3e97b1e49,increase,admit_post,79.83097805681592
qwen35-9b,g24a_scifact_1145,c3e97b1e49,increase,exclude_post,35.322498687240255
qwen35-9b,g24a_scifact_1145,c3e97b1e49,increase,strong_exclude_post,17.854434716916032
qwen35-9b,g24a_scifact_1145,c3e97b1e49,increase,counterfactual_delete_post,80.5328462458827
qwen35-9b,g24a_scifact_1144,c3e97b1e49,decrease,base,17.12356880600279
qwen35-9b,g24a_scifact_1144,c3e97b1e49,decrease,admit_post,0.041769102997957476
qwen35-9b,g24a_scifact_1144,c3e97b1e49,decrease,exclude_post,9.146962235311141
qwen35-9b,g24a_scifact_1144,c3e97b1e49,decrease,strong_exclude_post,29.809239671862795
qwen35-9b,g24a_scifact_1144,c3e97b1e49,decrease,counterfactual_delete_post,1.5380502288090838
qwen35-9b,g24a_scifact_1266,fd26d2a715,increase,base,89.41508866112942
qwen35-9b,g24a_scifact_1266,fd26d2a715,increase,admit_post,94.43713363016163
qwen35-9b,g24a_scifact_1266,fd26d2a715,increase,exclude_post,10.986567535209762
qwen35-9b,g24a_scifact_1266,fd26d2a715,increase,strong_exclude_post,34.576071802538586
qwen35-9b,g24a_scifact_1266,fd26d2a715,increase,counterfactual_delete_post,92.5535954057674
qwen35-9b,g24a_scifact_1265,fd26d2a715,decrease,base,82.75376712573622
qwen35-9b,g24a_scifact_1265,fd26d2a715,decrease,admit_post,0.015798576117031927
qwen35-9b,g24a_scifact_1265,fd26d2a715,decrease,exclude_post,3.387413418420426
qwen35-9b,g24a_scifact_1265,fd26d2a715,decrease,strong_exclude_post,38.420038439621074
qwen35-9b,g24a_scifact_1265,fd26d2a715,decrease,counterfactual_delete_post,0.02905945505791925
qwen35-9b,g24a_scifact_641,76badcd0c8,increase,base,99.78277354773921
qwen35-9b,g24a_scifact_641,76badcd0c8,increase,admit_post,99.12941862520933
qwen35-9b,g24a_scifact_641,76badcd0c8,increase,exclude_post,18.975124149357512
qwen35-9b,g24a_scifact_641,76badcd0c8,increase,strong_exclude_post,99.56721890795954
qwen35-9b,g24a_scifact_641,76badcd0c8,increase,counterfactual_delete_post,98.5691287040154
qwen35-9b,g24a_scifact_267,76badcd0c8,decrease,base,0.4897434445430209
qwen35-9b,g24a_scifact_267,76badcd0c8,decrease,admit_post,7.881426235646525
qwen35-9b,g24a_scifact_267,76badcd0c8,decrease,exclude_post,21.046044359039005
qwen35-9b,g24a_scifact_267,76badcd0c8,decrease,strong_exclude_post,40.17632312106303
qwen35-9b,g24a_scifact_267,76badcd0c8,decrease,counterfactual_delete_post,15.393725295679568
qwen35-9b,g24a_scifact_448,32723d938a,increase,base,99.72161351493759
qwen35-9b,g24a_scifact_448,32723d938a,increase,admit_post,97.16057036877105
qwen35-9b,g24a_scifact_448,32723d938a,increase,exclude_post,37.34142781038606
qwen35-9b,g24a_scifact_448,32723d938a,increase,strong_exclude_post,97.76659621284743
qwen35-9b,g24a_scifact_448,32723d938a,increase,counterfactual_delete_post,99.24942073363971
qwen35-9b,g24a_scifact_447,32723d938a,decrease,base,0.7514786900728628
qwen35-9b,g24a_scifact_447,32723d938a,decrease,admit_post,0.014454774751502315
qwen35-9b,g24a_scifact_447,32723d938a,decrease,exclude_post,0.6110550215182499
qwen35-9b,g24a_scifact_447,32723d938a,decrease,strong_exclude_post,20.640826578811833
qwen35-9b,g24a_scifact_447,32723d938a,decrease,counterfactual_delete_post,3.968115455728873
qwen35-9b,g24a_scifact_381,62a595ceec,increase,base,98.28842158608495
qwen35-9b,g24a_scifact_381,62a595ceec,increase,admit_post,23.126196974973166
qwen35-9b,g24a_scifact_381,62a595ceec,increase,exclude_post,45.61285826894899
qwen35-9b,g24a_scifact_381,62a595ceec,increase,strong_exclude_post,36.49423411855008
qwen35-9b,g24a_scifact_381,62a595ceec,increase,counterfactual_delete_post,96.8498942411213
qwen35-9b,g24a_scifact_185,62a595ceec,decrease,base,7.912308348732897
qwen35-9b,g24a_scifact_185,62a595ceec,decrease,admit_post,10.750258256572623
qwen35-9b,g24a_scifact_185,62a595ceec,decrease,exclude_post,24.913457894121024
qwen35-9b,g24a_scifact_185,62a595ceec,decrease,strong_exclude_post,11.227259746003774
qwen35-9b,g24a_scifact_185,62a595ceec,decrease,counterfactual_delete_post,13.11513060220604
qwen35-9b,g24a_scifact_367,87f335a320,increase,base,99.1777812685569
qwen35-9b,g24a_scifact_367,87f335a320,increase,admit_post,91.12649655589655
qwen35-9b,g24a_scifact_367,87f335a320,increase,exclude_post,2.7498077357923916
qwen35-9b,g24a_scifact_367,87f335a320,increase,strong_exclude_post,32.06257745132263
qwen35-9b,g24a_scifact_367,87f335a320,increase,counterfactual_delete_post,81.42062494904387
qwen35-9b,g24a_scifact_368,87f335a320,decrease,base,2.5563579178263414
qwen35-9b,g24a_scifact_368,87f335a320,decrease,admit_post,0.12470946285928974
qwen35-9b,g24a_scifact_368,87f335a320,decrease,exclude_post,38.869698019747744
qwen35-9b,g24a_scifact_368,87f335a320,decrease,strong_exclude_post,32.98856056595027
qwen35-9b,g24a_scifact_368,87f335a320,decrease,counterfactual_delete_post,11.884724365413268
qwen35-9b,g24a_scifact_333,c5cc829617,increase,base,99.46116771210013
qwen35-9b,g24a_scifact_333,c5cc829617,increase,admit_post,99.98503157324554
qwen35-9b,g24a_scifact_333,c5cc829617,increase,exclude_post,4.12489156084359
qwen35-9b,g24a_scifact_333,c5cc829617,increase,strong_exclude_post,36.58944684733844
qwen35-9b,g24a_scifact_333,c5cc829617,increase,counterfactual_delete_post,88.557651499815
qwen35-9b,g24a_scifact_332,c5cc829617,decrease,base,15.197308540302961
qwen35-9b,g24a_scifact_332,c5cc829617,decrease,admit_post,2.736771502616376
qwen35-9b,g24a_scifact_332,c5cc829617,decrease,exclude_post,0.7205025100758279
qwen35-9b,g24a_scifact_332,c5cc829617,decrease,strong_exclude_post,3.6963615841697055
qwen35-9b,g24a_scifact_332,c5cc829617,decrease,counterfactual_delete_post,0.2589597070696534
qwen35-9b,g24a_scifact_480,cae3e50ea1,increase,base,91.35557335901812
qwen35-9b,g24a_scifact_480,cae3e50ea1,increase,admit_post,98.07383167625954
qwen35-9b,g24a_scifact_480,cae3e50ea1,increase,exclude_post,0.04050013038846565
qwen35-9b,g24a_scifact_480,cae3e50ea1,increase,strong_exclude_post,97.8437960145829
qwen35-9b,g24a_scifact_480,cae3e50ea1,increase,counterfactual_delete_post,13.080998781245151
qwen35-9b,g24a_scifact_479,cae3e50ea1,decrease,base,15.377663140769771
qwen35-9b,g24a_scifact_479,cae3e50ea1,decrease,admit_post,98.04178240191283
qwen35-9b,g24a_scifact_479,cae3e50ea1,decrease,exclude_post,37.711859162269576
qwen35-9b,g24a_scifact_479,cae3e50ea1,decrease,strong_exclude_post,29.99470671736962
qwen35-9b,g24a_scifact_479,cae3e50ea1,decrease,counterfactual_delete_post,0.01317635459326055
qwen35-9b,g24a_scifact_397,76f5fdd9ef,increase,base,94.31790431097473
qwen35-9b,g24a_scifact_397,76f5fdd9ef,increase,admit_post,27.655913672804143
qwen35-9b,g24a_scifact_397,76f5fdd9ef,increase,exclude_post,3.99945338587583
qwen35-9b,g24a_scifact_397,76f5fdd9ef,increase,strong_exclude_post,38.16322928885341
qwen35-9b,g24a_scifact_397,76f5fdd9ef,increase,counterfactual_delete_post,23.0404257200653
qwen35-9b,g24a_scifact_396,76f5fdd9ef,decrease,base,1.7497742906865252
qwen35-9b,g24a_scifact_396,76f5fdd9ef,decrease,admit_post,0.029424092849501253
qwen35-9b,g24a_scifact_396,76f5fdd9ef,decrease,exclude_post,4.287968880765179
qwen35-9b,g24a_scifact_396,76f5fdd9ef,decrease,strong_exclude_post,9.816956268220087
qwen35-9b,g24a_scifact_396,76f5fdd9ef,decrease,counterfactual_delete_post,9.862291332822016
qwen35-9b,g24a_scifact_726,f3361096a8,increase,base,99.31132455605649
qwen35-9b,g24a_scifact_726,f3361096a8,increase,admit_post,71.77367837934942
qwen35-9b,g24a_scifact_726,f3361096a8,increase,exclude_post,13.694907899280246
qwen35-9b,g24a_scifact_726,f3361096a8,increase,strong_exclude_post,41.931032983763515
qwen35-9b,g24a_scifact_726,f3361096a8,increase,counterfactual_delete_post,93.59061237683277
qwen35-9b,g24a_scifact_728,f3361096a8,decrease,base,6.512121733751629
qwen35-9b,g24a_scifact_728,f3361096a8,decrease,admit_post,12.851211576400217
qwen35-9b,g24a_scifact_728,f3361096a8,decrease,exclude_post,17.63238927066446
qwen35-9b,g24a_scifact_728,f3361096a8,decrease,strong_exclude_post,40.31916205264632
qwen35-9b,g24a_scifact_728,f3361096a8,decrease,counterfactual_delete_post,10.376419872777994
qwen35-9b,g24a_scifact_248,9615cd2c7e,increase,base,23.795000487956628
qwen35-9b,g24a_scifact_248,9615cd2c7e,increase,admit_post,98.38464834130113
qwen35-9b,g24a_scifact_248,9615cd2c7e,increase,exclude_post,5.3601977635465285
qwen35-9b,g24a_scifact_248,9615cd2c7e,increase,strong_exclude_post,43.01857699922627
qwen35-9b,g24a_scifact_248,9615cd2c7e,increase,counterfactual_delete_post,37.79129942586931
qwen35-9b,g24a_scifact_249,9615cd2c7e,decrease,base,11.799270870162438
qwen35-9b,g24a_scifact_249,9615cd2c7e,decrease,admit_post,98.37060983138866
qwen35-9b,g24a_scifact_249,9615cd2c7e,decrease,exclude_post,8.907314596749348
qwen35-9b,g24a_scifact_249,9615cd2c7e,decrease,strong_exclude_post,43.05222175582248
qwen35-9b,g24a_scifact_249,9615cd2c7e,decrease,counterfactual_delete_post,21.282390004612918
qwen35-9b,g24a_scifact_130,20bf6fbf70,increase,base,91.7414747011745
qwen35-9b,g24a_scifact_130,20bf6fbf70,increase,admit_post,87.23683324541928
qwen35-9b,g24a_scifact_130,20bf6fbf70,increase,exclude_post,24.89352833011198
qwen35-9b,g24a_scifact_130,20bf6fbf70,increase,strong_exclude_post,38.67862780126919
qwen35-9b,g24a_scifact_130,20bf6fbf70,increase,counterfactual_delete_post,54.72522251612829
qwen35-9b,g24a_scifact_129,20bf6fbf70,decrease,base,5.074158268761658
qwen35-9b,g24a_scifact_129,20bf6fbf70,decrease,admit_post,0.04848239260433698
qwen35-9b,g24a_scifact_129,20bf6fbf70,decrease,exclude_post,6.305331150994616
qwen35-9b,g24a_scifact_129,20bf6fbf70,decrease,strong_exclude_post,26.21331107382254
qwen35-9b,g24a_scifact_129,20bf6fbf70,decrease,counterfactual_delete_post,3.5408515570677626
qwen35-9b,g24a_scifact_340,bccffa8b40,increase,base,87.396539502614
qwen35-9b,g24a_scifact_340,bccffa8b40,increase,admit_post,97.91781969572872
qwen35-9b,g24a_scifact_340,bccffa8b40,increase,exclude_post,0.014329566918803953
qwen35-9b,g24a_scifact_340,bccffa8b40,increase,strong_exclude_post,40.05740986230327
qwen35-9b,g24a_scifact_340,bccffa8b40,increase,counterfactual_delete_post,36.0985150731574
qwen35-9b,g24a_scifact_341,bccffa8b40,decrease,base,12.738099801421354
qwen35-9b,g24a_scifact_341,bccffa8b40,decrease,admit_post,0.02431918105032495
qwen35-9b,g24a_scifact_341,bccffa8b40,decrease,exclude_post,42.131686639155035
qwen35-9b,g24a_scifact_341,bccffa8b40,decrease,strong_exclude_post,38.873300923356744
qwen35-9b,g24a_scifact_341,bccffa8b40,decrease,counterfactual_delete_post,8.03911699809022
qwen35-9b,g24a_scifact_124,c63f9eaa78,increase,base,98.95360136947562
qwen35-9b,g24a_scifact_124,c63f9eaa78,increase,admit_post,98.88711645115022
qwen35-9b,g24a_scifact_124,c63f9eaa78,increase,exclude_post,28.413299675194185
qwen35-9b,g24a_scifact_124,c63f9eaa78,increase,strong_exclude_post,29.567318958959042
qwen35-9b,g24a_scifact_124,c63f9eaa78,increase,counterfactual_delete_post,62.30092191765377
qwen35-9b,g24a_scifact_123,c63f9eaa78,decrease,base,14.255776334908035
qwen35-9b,g24a_scifact_123,c63f9eaa78,decrease,admit_post,0.3952950456605031
qwen35-9b,g24a_scifact_123,c63f9eaa78,decrease,exclude_post,5.049260672823319
qwen35-9b,g24a_scifact_123,c63f9eaa78,decrease,strong_exclude_post,4.279230279037748
qwen35-9b,g24a_scifact_123,c63f9eaa78,decrease,counterfactual_delete_post,0.02824969532540415
qwen35-9b,g24a_scifact_181,ab20774181,increase,base,94.69050747218897
qwen35-9b,g24a_scifact_181,ab20774181,increase,admit_post,99.03137803905742
qwen35-9b,g24a_scifact_181,ab20774181,increase,exclude_post,3.066464777307081
qwen35-9b,g24a_scifact_181,ab20774181,increase,strong_exclude_post,8.34930512846565
qwen35-9b,g24a_scifact_181,ab20774181,increase,counterfactual_delete_post,78.20865316857028
qwen35-9b,g24a_scifact_180,ab20774181,decrease,base,98.19131903623973
qwen35-9b,g24a_scifact_180,ab20774181,decrease,admit_post,0.016505124083250756
qwen35-9b,g24a_scifact_180,ab20774181,decrease,exclude_post,3.274041199716845
qwen35-9b,g24a_scifact_180,ab20774181,decrease,strong_exclude_post,21.160541257654746
qwen35-9b,g24a_scifact_180,ab20774181,decrease,counterfactual_delete_post,48.425750618860455
qwen35-9b,g24a_scifact_298,d75b4f2510,increase,base,99.82048041464857
qwen35-9b,g24a_scifact_298,d75b4f2510,increase,admit_post,99.67525872191027
qwen35-9b,g24a_scifact_298,d75b4f2510,increase,exclude_post,7.517260934761258
qwen35-9b,g24a_scifact_298,d75b4f2510,increase,strong_exclude_post,99.73373391916066
qwen35-9b,g24a_scifact_298,d75b4f2510,increase,counterfactual_delete_post,99.71409695280526
qwen35-9b,g24a_scifact_299,d75b4f2510,decrease,base,3.500566725268547
qwen35-9b,g24a_scifact_299,d75b4f2510,decrease,admit_post,4.831088807350863
qwen35-9b,g24a_scifact_299,d75b4f2510,decrease,exclude_post,0.04092816330382102
qwen35-9b,g24a_scifact_299,d75b4f2510,decrease,strong_exclude_post,4.92733446426087
qwen35-9b,g24a_scifact_299,d75b4f2510,decrease,counterfactual_delete_post,3.69514877961115
qwen35-9b,g24a_scifact_822,1b69f798c8,increase,base,99.01236199040586
qwen35-9b,g24a_scifact_822,1b69f798c8,increase,admit_post,99.9339221471376
qwen35-9b,g24a_scifact_822,1b69f798c8,increase,exclude_post,1.9651369166516883
qwen35-9b,g24a_scifact_822,1b69f798c8,increase,strong_exclude_post,26.036847753614737
qwen35-9b,g24a_scifact_822,1b69f798c8,increase,counterfactual_delete_post,94.7096484527183
qwen35-9b,g24a_scifact_825,1b69f798c8,decrease,base,4.877200933677306
qwen35-9b,g24a_scifact_825,1b69f798c8,decrease,admit_post,0.02757535001881062
qwen35-9b,g24a_scifact_825,1b69f798c8,decrease,exclude_post,5.349477529083743
qwen35-9b,g24a_scifact_825,1b69f798c8,decrease,strong_exclude_post,88.6717930852325
qwen35-9b,g24a_scifact_825,1b69f798c8,decrease,counterfactual_delete_post,5.00315401361019
qwen35-9b,g24a_scifact_61,e66817f338,increase,base,98.35251849058126
qwen35-9b,g24a_scifact_61,e66817f338,increase,admit_post,99.39946233925677
qwen35-9b,g24a_scifact_61,e66817f338,increase,exclude_post,5.420316815072535
qwen35-9b,g24a_scifact_61,e66817f338,increase,strong_exclude_post,25.49266486114983
qwen35-9b,g24a_scifact_61,e66817f338,increase,counterfactual_delete_post,95.57446584426333
qwen35-9b,g24a_scifact_60,e66817f338,decrease,base,2.107655624404898
qwen35-9b,g24a_scifact_60,e66817f338,decrease,admit_post,0.1024012889312797
qwen35-9b,g24a_scifact_60,e66817f338,decrease,exclude_post,8.70540352269385
qwen35-9b,g24a_scifact_60,e66817f338,decrease,strong_exclude_post,9.115064713899843
qwen35-9b,g24a_scifact_60,e66817f338,decrease,counterfactual_delete_post,1.8057988920055914
qwen35-9b,g24a_scifact_286,e77efdb9ab,increase,base,92.68362169716414
qwen35-9b,g24a_scifact_286,e77efdb9ab,increase,admit_post,98.63605040675195
qwen35-9b,g24a_scifact_286,e77efdb9ab,increase,exclude_post,1.8830329762494904
qwen35-9b,g24a_scifact_286,e77efdb9ab,increase,strong_exclude_post,23.462988987164998
qwen35-9b,g24a_scifact_286,e77efdb9ab,increase,counterfactual_delete_post,94.78033783269754
qwen35-9b,g24a_scifact_287,e77efdb9ab,decrease,base,4.283096870338697
qwen35-9b,g24a_scifact_287,e77efdb9ab,decrease,admit_post,0.029520175600132228
qwen35-9b,g24a_scifact_287,e77efdb9ab,decrease,exclude_post,0.030067128409233077
qwen35-9b,g24a_scifact_287,e77efdb9ab,decrease,strong_exclude_post,9.90552213150084
qwen35-9b,g24a_scifact_287,e77efdb9ab,decrease,counterfactual_delete_post,0.03280655529809614
qwen35-9b,g24a_scifact_673,a1314c14e5,increase,base,99.71034045621388
qwen35-9b,g24a_scifact_673,a1314c14e5,increase,admit_post,99.66477891747064
qwen35-9b,g24a_scifact_673,a1314c14e5,increase,exclude_post,22.633281087966086
qwen35-9b,g24a_scifact_673,a1314c14e5,increase,strong_exclude_post,99.67643513683224
qwen35-9b,g24a_scifact_673,a1314c14e5,increase,counterfactual_delete_post,99.82015674216902
qwen35-9b,g24a_scifact_674,a1314c14e5,decrease,base,0.19886923802953188
qwen35-9b,g24a_scifact_674,a1314c14e5,decrease,admit_post,0.010385572882785184
qwen35-9b,g24a_scifact_674,a1314c14e5,decrease,exclude_post,54.48307335412309
qwen35-9b,g24a_scifact_674,a1314c14e5,decrease,strong_exclude_post,0.033860260876321824
qwen35-9b,g24a_scifact_674,a1314c14e5,decrease,counterfactual_delete_post,1.5176201827490456
qwen35-9b,g24a_scifact_121,5752dcb782,increase,base,99.5406102774118
qwen35-9b,g24a_scifact_121,5752dcb782,increase,admit_post,46.52372051225314
qwen35-9b,g24a_scifact_121,5752dcb782,increase,exclude_post,36.05734563542655
qwen35-9b,g24a_scifact_121,5752dcb782,increase,strong_exclude_post,96.01138531826327
qwen35-9b,g24a_scifact_121,5752dcb782,increase,counterfactual_delete_post,91.04208940156069
qwen35-9b,g24a_scifact_122,5752dcb782,decrease,base,3.7636504150658427
qwen35-9b,g24a_scifact_122,5752dcb782,decrease,admit_post,30.420487524095822
qwen35-9b,g24a_scifact_122,5752dcb782,decrease,exclude_post,4.813316791517615
qwen35-9b,g24a_scifact_122,5752dcb782,decrease,strong_exclude_post,1.3586827628919158
qwen35-9b,g24a_scifact_122,5752dcb782,decrease,counterfactual_delete_post,1.6946271107850226
qwen35-9b,g24a_scifact_565,a27cec9ad0,increase,base,92.33757751512601
qwen35-9b,g24a_scifact_565,a27cec9ad0,increase,admit_post,99.39941198303613
qwen35-9b,g24a_scifact_565,a27cec9ad0,increase,exclude_post,3.907710096117613
qwen35-9b,g24a_scifact_565,a27cec9ad0,increase,strong_exclude_post,88.2565595814387
qwen35-9b,g24a_scifact_565,a27cec9ad0,increase,counterfactual_delete_post,47.48631939801373
qwen35-9b,g24a_scifact_566,a27cec9ad0,decrease,base,16.549240353037145
qwen35-9b,g24a_scifact_566,a27cec9ad0,decrease,admit_post,99.10921353719651
qwen35-9b,g24a_scifact_566,a27cec9ad0,decrease,exclude_post,3.996134655207454
qwen35-9b,g24a_scifact_566,a27cec9ad0,decrease,strong_exclude_post,10.803567061899109
qwen35-9b,g24a_scifact_566,a27cec9ad0,decrease,counterfactual_delete_post,43.166026054860346
qwen35-9b,g24a_scifact_614,428b3ea1c3,increase,base,7.548494139669783
qwen35-9b,g24a_scifact_614,428b3ea1c3,increase,admit_post,99.49783399566552
qwen35-9b,g24a_scifact_614,428b3ea1c3,increase,exclude_post,0.6433135534730411
qwen35-9b,g24a_scifact_614,428b3ea1c3,increase,strong_exclude_post,1.154488168894114
qwen35-9b,g24a_scifact_614,428b3ea1c3,increase,counterfactual_delete_post,35.86503751238934
qwen35-9b,g24a_scifact_615,428b3ea1c3,decrease,base,11.126256038998186
qwen35-9b,g24a_scifact_615,428b3ea1c3,decrease,admit_post,99.14995810034205
qwen35-9b,g24a_scifact_615,428b3ea1c3,decrease,exclude_post,13.411949250541687
qwen35-9b,g24a_scifact_615,428b3ea1c3,decrease,strong_exclude_post,24.854413937008868
qwen35-9b,g24a_scifact_615,428b3ea1c3,decrease,counterfactual_delete_post,17.40883163143384
qwen35-9b,g24a_scifact_766,00b32b76ab,increase,base,76.6220919803111
qwen35-9b,g24a_scifact_766,00b32b76ab,increase,admit_post,98.37650320325962
qwen35-9b,g24a_scifact_766,00b32b76ab,increase,exclude_post,35.159211785532854
qwen35-9b,g24a_scifact_766,00b32b76ab,increase,strong_exclude_post,95.86900774116296
qwen35-9b,g24a_scifact_766,00b32b76ab,increase,counterfactual_delete_post,68.0182771745612
qwen35-9b,g24a_scifact_765,00b32b76ab,decrease,base,1.3414946526479956
qwen35-9b,g24a_scifact_765,00b32b76ab,decrease,admit_post,0.3663086335406194
qwen35-9b,g24a_scifact_765,00b32b76ab,decrease,exclude_post,1.1267987960536825
qwen35-9b,g24a_scifact_765,00b32b76ab,decrease,strong_exclude_post,3.262459956650245
qwen35-9b,g24a_scifact_765,00b32b76ab,decrease,counterfactual_delete_post,8.181011397437711
qwen35-9b,g24a_scifact_246,efe9530c55,increase,base,76.25190075700074
qwen35-9b,g24a_scifact_246,efe9530c55,increase,admit_post,93.72816582050227
qwen35-9b,g24a_scifact_246,efe9530c55,increase,exclude_post,40.0774989874196
qwen35-9b,g24a_scifact_246,efe9530c55,increase,strong_exclude_post,34.669147086422946
qwen35-9b,g24a_scifact_246,efe9530c55,increase,counterfactual_delete_post,90.1232515811219
qwen35-9b,g24a_scifact_245,efe9530c55,decrease,base,7.3775187256687484
qwen35-9b,g24a_scifact_245,efe9530c55,decrease,admit_post,14.285369795017813
qwen35-9b,g24a_scifact_245,efe9530c55,decrease,exclude_post,41.45258327598069
qwen35-9b,g24a_scifact_245,efe9530c55,decrease,strong_exclude_post,39.02671555677752
qwen35-9b,g24a_scifact_245,efe9530c55,decrease,counterfactual_delete_post,16.303524666631645
qwen35-9b,g24a_scifact_646,ea9c605f0e,increase,base,99.59692467645048
qwen35-9b,g24a_scifact_646,ea9c605f0e,increase,admit_post,98.82282054483825
qwen35-9b,g24a_scifact_646,ea9c605f0e,increase,exclude_post,6.594555647432703
qwen35-9b,g24a_scifact_646,ea9c605f0e,increase,strong_exclude_post,16.065380426044122
qwen35-9b,g24a_scifact_646,ea9c605f0e,increase,counterfactual_delete_post,98.51947355370133
qwen35-9b,g24a_scifact_645,ea9c605f0e,decrease,base,0.066763991689937
qwen35-9b,g24a_scifact_645,ea9c605f0e,decrease,admit_post,0.1831557804769143
qwen35-9b,g24a_scifact_645,ea9c605f0e,decrease,exclude_post,0.00908496351819905
qwen35-9b,g24a_scifact_645,ea9c605f0e,decrease,strong_exclude_post,6.714110455844004
qwen35-9b,g24a_scifact_645,ea9c605f0e,decrease,counterfactual_delete_post,0.004145573164390731
qwen35-9b,g24a_scifact_803,c5788fbeb2,increase,base,10.295811358501238
qwen35-9b,g24a_scifact_803,c5788fbeb2,increase,admit_post,99.17978689962048
qwen35-9b,g24a_scifact_803,c5788fbeb2,increase,exclude_post,1.702705243627043
qwen35-9b,g24a_scifact_803,c5788fbeb2,increase,strong_exclude_post,14.364016044566009
qwen35-9b,g24a_scifact_803,c5788fbeb2,increase,counterfactual_delete_post,31.97257159192449
qwen35-9b,g24a_scifact_801,c5788fbeb2,decrease,base,12.157006921905138
qwen35-9b,g24a_scifact_801,c5788fbeb2,decrease,admit_post,0.036282809057430025
qwen35-9b,g24a_scifact_801,c5788fbeb2,decrease,exclude_post,2.158327684967962
qwen35-9b,g24a_scifact_801,c5788fbeb2,decrease,strong_exclude_post,1.0459403106246763
qwen35-9b,g24a_scifact_801,c5788fbeb2,decrease,counterfactual_delete_post,3.774434661283074
qwen35-9b,g24a_scifact_648,e8e11aaf0e,increase,base,90.298677912958
qwen35-9b,g24a_scifact_648,e8e11aaf0e,increase,admit_post,92.95904746128697
qwen35-9b,g24a_scifact_648,e8e11aaf0e,increase,exclude_post,16.188631459563464
qwen35-9b,g24a_scifact_648,e8e11aaf0e,increase,strong_exclude_post,40.45151653236911
qwen35-9b,g24a_scifact_648,e8e11aaf0e,increase,counterfactual_delete_post,87.54430675301153
qwen35-9b,g24a_scifact_647,e8e11aaf0e,decrease,base,14.148787079940137
qwen35-9b,g24a_scifact_647,e8e11aaf0e,decrease,admit_post,0.3049109974708627
qwen35-9b,g24a_scifact_647,e8e11aaf0e,decrease,exclude_post,20.801641016608002
qwen35-9b,g24a_scifact_647,e8e11aaf0e,decrease,strong_exclude_post,44.63083487552351
qwen35-9b,g24a_scifact_647,e8e11aaf0e,decrease,counterfactual_delete_post,44.136847989432354
qwen35-9b,g24a_scifact_272,767933a013,increase,base,22.08622193847124
qwen35-9b,g24a_scifact_272,767933a013,increase,admit_post,85.61901258064468
qwen35-9b,g24a_scifact_272,767933a013,increase,exclude_post,10.48593284007307
qwen35-9b,g24a_scifact_272,767933a013,increase,strong_exclude_post,23.970919271161105
qwen35-9b,g24a_scifact_272,767933a013,increase,counterfactual_delete_post,40.34697799543789
qwen35-9b,g24a_scifact_1359,767933a013,decrease,base,91.58308212935557
qwen35-9b,g24a_scifact_1359,767933a013,decrease,admit_post,4.493813955992703
qwen35-9b,g24a_scifact_1359,767933a013,decrease,exclude_post,19.550978510392028
qwen35-9b,g24a_scifact_1359,767933a013,decrease,strong_exclude_post,32.29198449154432
qwen35-9b,g24a_scifact_1359,767933a013,decrease,counterfactual_delete_post,21.06600263997565
qwen35-9b,g24a_scifact_788,e0d5b1943f,increase,base,96.4275709147234
qwen35-9b,g24a_scifact_788,e0d5b1943f,increase,admit_post,99.91172207256848
qwen35-9b,g24a_scifact_788,e0d5b1943f,increase,exclude_post,31.209057764099207
qwen35-9b,g24a_scifact_788,e0d5b1943f,increase,strong_exclude_post,33.446410923819755
qwen35-9b,g24a_scifact_788,e0d5b1943f,increase,counterfactual_delete_post,98.44894832011477
qwen35-9b,g24a_scifact_787,e0d5b1943f,decrease,base,2.7336750209296032
qwen35-9b,g24a_scifact_787,e0d5b1943f,decrease,admit_post,95.5635175125339
qwen35-9b,g24a_scifact_787,e0d5b1943f,decrease,exclude_post,1.4504810802272203
qwen35-9b,g24a_scifact_787,e0d5b1943f,decrease,strong_exclude_post,33.811154277854385
qwen35-9b,g24a_scifact_787,e0d5b1943f,decrease,counterfactual_delete_post,1.1024575473469103
qwen35-9b,g24a_scifact_347,b99675450c,increase,base,98.28531762011708
qwen35-9b,g24a_scifact_347,b99675450c,increase,admit_post,71.56892795123251
qwen35-9b,g24a_scifact_347,b99675450c,increase,exclude_post,9.564567115752318
qwen35-9b,g24a_scifact_347,b99675450c,increase,strong_exclude_post,36.781296298187506
qwen35-9b,g24a_scifact_347,b99675450c,increase,counterfactual_delete_post,32.213002744896706
qwen35-9b,g24a_scifact_346,b99675450c,decrease,base,94.99860937734924
qwen35-9b,g24a_scifact_346,b99675450c,decrease,admit_post,33.47517965339068
qwen35-9b,g24a_scifact_346,b99675450c,decrease,exclude_post,10.798815726707454
qwen35-9b,g24a_scifact_346,b99675450c,decrease,strong_exclude_post,21.971617596816948
qwen35-9b,g24a_scifact_346,b99675450c,decrease,counterfactual_delete_post,29.502700761345825
