model,p2_id,cell,value
mistral-small-24b,g24p2_000,ADM+,81.32534032578965
mistral-small-24b,g24p2_000,ADM-,8.405378268787183
mistral-small-24b,g24p2_000,CF+,39.65255653798512
mistral-small-24b,g24p2_000,CF-,35.93202655883851
mistral-small-24b,g24p2_000,EXC+,19.96980333987225
mistral-small-24b,g24p2_000,EXC-,10.501644426506402
mistral-small-24b,g24p2_000,MNR+,35.37393430436883
mistral-small-24b,g24p2_000,MNR-,32.96470734402235
mistral-small-24b,g24p2_000,RND+,39.51025800875224
mistral-small-24b,g24p2_000,RND-,49.24271602607388
mistral-small-24b,g24p2_000,STR+,53.03059624719362
mistral-small-24b,g24p2_000,STR-,50.649915512302655
mistral-small-24b,g24p2_000,Y0,22.0871285198006
mistral-small-24b,g24p2_001,ADM+,99.88134743755802
mistral-small-24b,g24p2_001,ADM-,0.049937278913716694
mistral-small-24b,g24p2_001,CF+,42.71567950547758
mistral-small-24b,g24p2_001,CF-,43.47370958437764
mistral-small-24b,g24p2_001,EXC+,82.78920633846948
mistral-small-24b,g24p2_001,EXC-,31.17793063131185
mistral-small-24b,g24p2_001,MNR+,89.39757638336938
mistral-small-24b,g24p2_001,MNR-,10.787860540586626
mistral-small-24b,g24p2_001,RND+,45.91429989020742
mistral-small-24b,g24p2_001,RND-,44.58623687836741
mistral-small-24b,g24p2_001,STR+,90.81583872068025
mistral-small-24b,g24p2_001,STR-,45.33768062356172
mistral-small-24b,g24p2_001,Y0,0.06878352409150927
mistral-small-24b,g24p2_002,ADM+,98.58805656795204
mistral-small-24b,g24p2_002,ADM-,15.5644669213222
mistral-small-24b,g24p2_002,CF+,50.444813576626835
mistral-small-24b,g24p2_002,CF-,38.22770095930707
mistral-small-24b,g24p2_002,EXC+,21.59910330916984
mistral-small-24b,g24p2_002,EXC-,32.31656241998113
mistral-small-24b,g24p2_002,MNR+,32.39129581681846
mistral-small-24b,g24p2_002,MNR-,22.037573607175872
mistral-small-24b,g24p2_002,RND+,59.122425842037124
mistral-small-24b,g24p2_002,RND-,38.917873404842936
mistral-small-24b,g24p2_002,STR+,56.34291794297769
mistral-small-24b,g24p2_002,STR-,40.85804692324702
mistral-small-24b,g24p2_002,Y0,87.08936129405126
mistral-small-24b,g24p2_003,ADM+,99.32214942286758
mistral-small-24b,g24p2_003,ADM-,86.80280818528034
mistral-small-24b,g24p2_003,CF+,43.34114657355016
mistral-small-24b,g24p2_003,CF-,47.850115416764346
mistral-small-24b,g24p2_003,EXC+,4.9252030025062545
mistral-small-24b,g24p2_003,EXC-,37.95915212322565
mistral-small-24b,g24p2_003,MNR+,31.583004084569843
mistral-small-24b,g24p2_003,MNR-,47.96838583388092
mistral-small-24b,g24p2_003,RND+,41.755896118603886
mistral-small-24b,g24p2_003,RND-,47.46669443951597
mistral-small-24b,g24p2_003,STR+,15.603737778972057
mistral-small-24b,g24p2_003,STR-,31.31777558294163
mistral-small-24b,g24p2_003,Y0,56.032943145873055
mistral-small-24b,g24p2_004,ADM+,99.92995193796104
mistral-small-24b,g24p2_004,ADM-,89.66140468550711
mistral-small-24b,g24p2_004,CF+,28.193900610202807
mistral-small-24b,g24p2_004,CF-,31.943456899461427
mistral-small-24b,g24p2_004,EXC+,8.838058164787398
mistral-small-24b,g24p2_004,EXC-,9.928534793130495
mistral-small-24b,g24p2_004,MNR+,15.848547847467009
mistral-small-24b,g24p2_004,MNR-,46.34996408042158
mistral-small-24b,g24p2_004,RND+,38.613554322078784
mistral-small-24b,g24p2_004,RND-,32.18867202282383
mistral-small-24b,g24p2_004,STR+,2.3460572794752146
mistral-small-24b,g24p2_004,STR-,9.971982986212241
mistral-small-24b,g24p2_004,Y0,51.75922025449966
mistral-small-24b,g24p2_005,ADM+,98.22862592901633
mistral-small-24b,g24p2_005,ADM-,11.475509819197972
mistral-small-24b,g24p2_005,CF+,54.03139802843345
mistral-small-24b,g24p2_005,CF-,36.93508056619882
mistral-small-24b,g24p2_005,EXC+,22.637130888787052
mistral-small-24b,g24p2_005,EXC-,27.53538170585074
mistral-small-24b,g24p2_005,MNR+,9.683203885643161
mistral-small-24b,g24p2_005,MNR-,30.716434982503724
mistral-small-24b,g24p2_005,RND+,53.58626739994714
mistral-small-24b,g24p2_005,RND-,36.389386897337324
mistral-small-24b,g24p2_005,STR+,5.701968298077571
mistral-small-24b,g24p2_005,STR-,14.7318716763245
mistral-small-24b,g24p2_005,Y0,12.312054203460555
mistral-small-24b,g24p2_006,ADM+,75.14368087882343
mistral-small-24b,g24p2_006,ADM-,13.243037322016292
mistral-small-24b,g24p2_006,CF+,49.76055907813541
mistral-small-24b,g24p2_006,CF-,49.45925529450509
mistral-small-24b,g24p2_006,EXC+,29.561232930265867
mistral-small-24b,g24p2_006,EXC-,28.514209427993965
mistral-small-24b,g24p2_006,MNR+,49.98154382124385
mistral-small-24b,g24p2_006,MNR-,43.81442273253136
mistral-small-24b,g24p2_006,RND+,56.41717588977463
mistral-small-24b,g24p2_006,RND-,48.60301474333423
mistral-small-24b,g24p2_006,STR+,40.454242872725914
mistral-small-24b,g24p2_006,STR-,38.63508283195091
mistral-small-24b,g24p2_006,Y0,83.63760001409395
mistral-small-24b,g24p2_010,ADM+,12.547229291601555
mistral-small-24b,g24p2_010,ADM-,15.79095020777364
mistral-small-24b,g24p2_010,CF+,49.40085176117923
mistral-small-24b,g24p2_010,CF-,46.5661240590935
mistral-small-24b,g24p2_010,EXC+,37.711912976534364
mistral-small-24b,g24p2_010,EXC-,34.74019085301727
mistral-small-24b,g24p2_010,MNR+,35.91134889215553
mistral-small-24b,g24p2_010,MNR-,20.024507163887062
mistral-small-24b,g24p2_010,RND+,39.92921957447518
mistral-small-24b,g24p2_010,RND-,41.23402349320254
mistral-small-24b,g24p2_010,STR+,47.13096748502351
mistral-small-24b,g24p2_010,STR-,36.444808706610246
mistral-small-24b,g24p2_010,Y0,13.44626652024067
mistral-small-24b,g24p2_011,ADM+,98.47706834723539
mistral-small-24b,g24p2_011,ADM-,5.748536144350102
mistral-small-24b,g24p2_011,CF+,69.22776646750287
mistral-small-24b,g24p2_011,CF-,54.70398608351777
mistral-small-24b,g24p2_011,EXC+,40.63766553611949
mistral-small-24b,g24p2_011,EXC-,29.519895977521497
mistral-small-24b,g24p2_011,MNR+,97.2617918453964
mistral-small-24b,g24p2_011,MNR-,50.44947753604627
mistral-small-24b,g24p2_011,RND+,76.47697374898354
mistral-small-24b,g24p2_011,RND-,57.00556629796798
mistral-small-24b,g24p2_011,STR+,59.14561272800217
mistral-small-24b,g24p2_011,STR-,50.40976457180232
mistral-small-24b,g24p2_011,Y0,99.68971854070857
mistral-small-24b,g24p2_012,ADM+,99.81038885748465
mistral-small-24b,g24p2_012,ADM-,6.488862463675442
mistral-small-24b,g24p2_012,CF+,35.494692525535136
mistral-small-24b,g24p2_012,CF-,16.47554656298278
mistral-small-24b,g24p2_012,EXC+,23.95016097473594
mistral-small-24b,g24p2_012,EXC-,3.5071867262770033
mistral-small-24b,g24p2_012,MNR+,32.77769648909954
mistral-small-24b,g24p2_012,MNR-,18.206859133405796
mistral-small-24b,g24p2_012,RND+,37.540294679042695
mistral-small-24b,g24p2_012,RND-,22.874259273598298
mistral-small-24b,g24p2_012,STR+,9.991413860202371
mistral-small-24b,g24p2_012,STR-,10.865235933563106
mistral-small-24b,g24p2_012,Y0,56.214351831486965
mistral-small-24b,g24p2_014,ADM+,99.8449508920421
mistral-small-24b,g24p2_014,ADM-,0.03493545492160256
mistral-small-24b,g24p2_014,CF+,24.839091533396044
mistral-small-24b,g24p2_014,CF-,32.1498493023389
mistral-small-24b,g24p2_014,EXC+,29.255419538655538
mistral-small-24b,g24p2_014,EXC-,28.88520961723012
mistral-small-24b,g24p2_014,MNR+,23.708997154156716
mistral-small-24b,g24p2_014,MNR-,34.77819794692732
mistral-small-24b,g24p2_014,RND+,25.173273621603684
mistral-small-24b,g24p2_014,RND-,30.947917579158393
mistral-small-24b,g24p2_014,STR+,14.0419863376773
mistral-small-24b,g24p2_014,STR-,38.837400394050256
mistral-small-24b,g24p2_014,Y0,58.47373088595816
mistral-small-24b,g24p2_015,ADM+,99.71024245736417
mistral-small-24b,g24p2_015,ADM-,17.965294213049088
mistral-small-24b,g24p2_015,CF+,76.71311038243329
mistral-small-24b,g24p2_015,CF-,31.924992492118136
mistral-small-24b,g24p2_015,EXC+,37.21853316401268
mistral-small-24b,g24p2_015,EXC-,16.02929736631701
mistral-small-24b,g24p2_015,MNR+,69.07397410255997
mistral-small-24b,g24p2_015,MNR-,24.456154113255156
mistral-small-24b,g24p2_015,RND+,76.63591190989496
mistral-small-24b,g24p2_015,RND-,21.768751612561218
mistral-small-24b,g24p2_015,STR+,59.590264269539574
mistral-small-24b,g24p2_015,STR-,11.968972073866944
mistral-small-24b,g24p2_015,Y0,45.170771487083876
mistral-small-24b,g24p2_016,ADM+,91.25670975113758
mistral-small-24b,g24p2_016,ADM-,6.638093834103572
mistral-small-24b,g24p2_016,CF+,33.191998325324995
mistral-small-24b,g24p2_016,CF-,46.39965436452153
mistral-small-24b,g24p2_016,EXC+,33.53927144357254
mistral-small-24b,g24p2_016,EXC-,2.3020734885808567
mistral-small-24b,g24p2_016,MNR+,40.88042664992866
mistral-small-24b,g24p2_016,MNR-,35.01938958993758
mistral-small-24b,g24p2_016,RND+,45.11860434761468
mistral-small-24b,g24p2_016,RND-,31.03833987829178
mistral-small-24b,g24p2_016,STR+,29.20407463753928
mistral-small-24b,g24p2_016,STR-,35.28500423810394
mistral-small-24b,g24p2_016,Y0,62.220404932426895
mistral-small-24b,g24p2_017,ADM+,99.86768608502211
mistral-small-24b,g24p2_017,ADM-,8.476872128551424
mistral-small-24b,g24p2_017,CF+,39.38545787897492
mistral-small-24b,g24p2_017,CF-,40.51397540765819
mistral-small-24b,g24p2_017,EXC+,10.435368328039612
mistral-small-24b,g24p2_017,EXC-,8.33038898209987
mistral-small-24b,g24p2_017,MNR+,27.250912054802793
mistral-small-24b,g24p2_017,MNR-,27.2527843189133
mistral-small-24b,g24p2_017,RND+,40.39379990369005
mistral-small-24b,g24p2_017,RND-,39.71858556740531
mistral-small-24b,g24p2_017,STR+,99.34249716105846
mistral-small-24b,g24p2_017,STR-,85.90209875902165
mistral-small-24b,g24p2_017,Y0,99.89825830122294
mistral-small-24b,g24p2_018,ADM+,99.93399695546411
mistral-small-24b,g24p2_018,ADM-,10.951227122736391
mistral-small-24b,g24p2_018,CF+,22.028402140842015
mistral-small-24b,g24p2_018,CF-,32.38359333146204
mistral-small-24b,g24p2_018,EXC+,33.29904207725919
mistral-small-24b,g24p2_018,EXC-,5.120018492663795
mistral-small-24b,g24p2_018,MNR+,87.86055087640284
mistral-small-24b,g24p2_018,MNR-,98.88972063847292
mistral-small-24b,g24p2_018,RND+,36.50483261906395
mistral-small-24b,g24p2_018,RND-,33.78954763801654
mistral-small-24b,g24p2_018,STR+,81.65815731418989
mistral-small-24b,g24p2_018,STR-,97.62751528373154
mistral-small-24b,g24p2_018,Y0,99.04329738419801
mistral-small-24b,g24p2_019,ADM+,93.11471995408766
mistral-small-24b,g24p2_019,ADM-,89.50236964115243
mistral-small-24b,g24p2_019,CF+,20.683579708809546
mistral-small-24b,g24p2_019,CF-,35.991235651034366
mistral-small-24b,g24p2_019,EXC+,26.95154590564025
mistral-small-24b,g24p2_019,EXC-,29.780362826239664
mistral-small-24b,g24p2_019,MNR+,11.314554077250754
mistral-small-24b,g24p2_019,MNR-,34.80020948428734
mistral-small-24b,g24p2_019,RND+,37.43519460572609
mistral-small-24b,g24p2_019,RND-,4.761215457705565
mistral-small-24b,g24p2_019,STR+,9.92602746100129
mistral-small-24b,g24p2_019,STR-,16.94604347918137
mistral-small-24b,g24p2_019,Y0,35.812467556686016
mistral-small-24b,g24p2_020,ADM+,99.64496920251264
mistral-small-24b,g24p2_020,ADM-,0.0612751805167103
mistral-small-24b,g24p2_020,CF+,36.56105405368618
mistral-small-24b,g24p2_020,CF-,45.199424614135935
mistral-small-24b,g24p2_020,EXC+,4.308053494831686
mistral-small-24b,g24p2_020,EXC-,0.8822768877830915
mistral-small-24b,g24p2_020,MNR+,28.106898942781047
mistral-small-24b,g24p2_020,MNR-,27.541601116826175
mistral-small-24b,g24p2_020,RND+,37.920466973077346
mistral-small-24b,g24p2_020,RND-,45.11694331515226
mistral-small-24b,g24p2_020,STR+,20.636200453814254
mistral-small-24b,g24p2_020,STR-,17.42263780634723
mistral-small-24b,g24p2_020,Y0,0.3242345219113946
mistral-small-24b,g24p2_021,ADM+,99.94724387927289
mistral-small-24b,g24p2_021,ADM-,0.06490649126101929
mistral-small-24b,g24p2_021,CF+,34.06596018005535
mistral-small-24b,g24p2_021,CF-,34.726615953054306
mistral-small-24b,g24p2_021,EXC+,24.118972042067668
mistral-small-24b,g24p2_021,EXC-,40.61972087147704
mistral-small-24b,g24p2_021,MNR+,34.29576611017487
mistral-small-24b,g24p2_021,MNR-,37.38461470653126
mistral-small-24b,g24p2_021,RND+,32.6958400802858
mistral-small-24b,g24p2_021,RND-,28.32952456047426
mistral-small-24b,g24p2_021,STR+,68.7686878253608
mistral-small-24b,g24p2_021,STR-,35.01475957196348
mistral-small-24b,g24p2_021,Y0,99.75229324067523
mistral-small-24b,g24p2_023,ADM+,99.45797025413111
mistral-small-24b,g24p2_023,ADM-,9.178926903930654
mistral-small-24b,g24p2_023,CF+,45.9437156322102
mistral-small-24b,g24p2_023,CF-,75.58224383540545
mistral-small-24b,g24p2_023,EXC+,20.096541985352424
mistral-small-24b,g24p2_023,EXC-,6.512839352234195
mistral-small-24b,g24p2_023,MNR+,88.88165062187146
mistral-small-24b,g24p2_023,MNR-,8.763281143622576
mistral-small-24b,g24p2_023,RND+,46.04170219281235
mistral-small-24b,g24p2_023,RND-,46.08565739170911
mistral-small-24b,g24p2_023,STR+,86.47974613020043
mistral-small-24b,g24p2_023,STR-,86.05876689625072
mistral-small-24b,g24p2_023,Y0,99.48849464294634
mistral-small-24b,g24p2_024,ADM+,99.78653929737585
mistral-small-24b,g24p2_024,ADM-,95.4715443539657
mistral-small-24b,g24p2_024,CF+,41.235202156136324
mistral-small-24b,g24p2_024,CF-,38.3898596175093
mistral-small-24b,g24p2_024,EXC+,40.9667715380094
mistral-small-24b,g24p2_024,EXC-,32.985041985363665
mistral-small-24b,g24p2_024,MNR+,95.08303200374674
mistral-small-24b,g24p2_024,MNR-,85.9939918787079
mistral-small-24b,g24p2_024,RND+,36.869263103970596
mistral-small-24b,g24p2_024,RND-,37.65534654137234
mistral-small-24b,g24p2_024,STR+,22.071153731046678
mistral-small-24b,g24p2_024,STR-,17.39213978119341
mistral-small-24b,g24p2_024,Y0,39.36501556873622
mistral-small-24b,g24p2_026,ADM+,99.89515882847815
mistral-small-24b,g24p2_026,ADM-,0.043228976432846476
mistral-small-24b,g24p2_026,CF+,39.32055109206418
mistral-small-24b,g24p2_026,CF-,40.994799416542406
mistral-small-24b,g24p2_026,EXC+,31.323193860326725
mistral-small-24b,g24p2_026,EXC-,28.301825274813844
mistral-small-24b,g24p2_026,MNR+,36.4189325770324
mistral-small-24b,g24p2_026,MNR-,37.438435143871715
mistral-small-24b,g24p2_026,RND+,38.534618773182416
mistral-small-24b,g24p2_026,RND-,39.8963932855465
mistral-small-24b,g24p2_026,STR+,17.938179813704853
mistral-small-24b,g24p2_026,STR-,31.76026074279151
mistral-small-24b,g24p2_026,Y0,13.79658827498131
mistral-small-24b,g24p2_027,ADM+,99.87432817931683
mistral-small-24b,g24p2_027,ADM-,2.8955389753807452
mistral-small-24b,g24p2_027,CF+,84.26415719039912
mistral-small-24b,g24p2_027,CF-,71.73439046019739
mistral-small-24b,g24p2_027,EXC+,34.55090820426206
mistral-small-24b,g24p2_027,EXC-,99.33855967286215
mistral-small-24b,g24p2_027,MNR+,89.97414834792943
mistral-small-24b,g24p2_027,MNR-,98.99368336204728
mistral-small-24b,g24p2_027,RND+,84.63013048605343
mistral-small-24b,g24p2_027,RND-,97.87158325340452
mistral-small-24b,g24p2_027,STR+,85.026239417455
mistral-small-24b,g24p2_027,STR-,99.21674498291371
mistral-small-24b,g24p2_027,Y0,99.72693951653837
mistral-small-24b,g24p2_028,ADM+,99.90414105554186
mistral-small-24b,g24p2_028,ADM-,8.42050276463638
mistral-small-24b,g24p2_028,CF+,33.23128386168716
mistral-small-24b,g24p2_028,CF-,42.65915315164319
mistral-small-24b,g24p2_028,EXC+,9.285134271244647
mistral-small-24b,g24p2_028,EXC-,2.859618766739872
mistral-small-24b,g24p2_028,MNR+,10.625542245006066
mistral-small-24b,g24p2_028,MNR-,12.020403239937911
mistral-small-24b,g24p2_028,RND+,33.19067340766715
mistral-small-24b,g24p2_028,RND-,41.79501294172139
mistral-small-24b,g24p2_028,STR+,16.02227635297275
mistral-small-24b,g24p2_028,STR-,13.24948072829888
mistral-small-24b,g24p2_028,Y0,1.2144611419815734
mistral-small-24b,g24p2_029,ADM+,99.81074270648122
mistral-small-24b,g24p2_029,ADM-,7.1029980219952655
mistral-small-24b,g24p2_029,CF+,37.069960345664875
mistral-small-24b,g24p2_029,CF-,27.20415034187537
mistral-small-24b,g24p2_029,EXC+,9.997323084470302
mistral-small-24b,g24p2_029,EXC-,6.06959172056841
mistral-small-24b,g24p2_029,MNR+,30.222034106679164
mistral-small-24b,g24p2_029,MNR-,5.051832901758342
mistral-small-24b,g24p2_029,RND+,37.009808666009775
mistral-small-24b,g24p2_029,RND-,30.118386055308672
mistral-small-24b,g24p2_029,STR+,36.190902728152
mistral-small-24b,g24p2_029,STR-,5.291779834943822
mistral-small-24b,g24p2_029,Y0,47.67914999808798
mistral-small-24b,g24p2_033,ADM+,92.9890238068138
mistral-small-24b,g24p2_033,ADM-,13.460127853562865
mistral-small-24b,g24p2_033,CF+,44.246783768036856
mistral-small-24b,g24p2_033,CF-,49.58177801950147
mistral-small-24b,g24p2_033,EXC+,2.2383884109572643
mistral-small-24b,g24p2_033,EXC-,43.53474854027131
mistral-small-24b,g24p2_033,MNR+,43.35245510704344
mistral-small-24b,g24p2_033,MNR-,46.37207906953836
mistral-small-24b,g24p2_033,RND+,43.48260207946489
mistral-small-24b,g24p2_033,RND-,48.253701113916584
mistral-small-24b,g24p2_033,STR+,29.345078110557708
mistral-small-24b,g24p2_033,STR-,32.76970450466562
mistral-small-24b,g24p2_033,Y0,9.677525206800503
mistral-small-24b,g24p2_034,ADM+,99.74281495515619
mistral-small-24b,g24p2_034,ADM-,27.928812119021554
mistral-small-24b,g24p2_034,CF+,40.54758740067402
mistral-small-24b,g24p2_034,CF-,44.41288976167638
mistral-small-24b,g24p2_034,EXC+,28.356807538939083
mistral-small-24b,g24p2_034,EXC-,25.181040561290885
mistral-small-24b,g24p2_034,MNR+,35.85281220861532
mistral-small-24b,g24p2_034,MNR-,4.919581267469689
mistral-small-24b,g24p2_034,RND+,41.12658851559875
mistral-small-24b,g24p2_034,RND-,44.28824779758894
mistral-small-24b,g24p2_034,STR+,78.34498618723853
mistral-small-24b,g24p2_034,STR-,80.17122103405839
mistral-small-24b,g24p2_034,Y0,76.95075243170554
mistral-small-24b,g24p2_035,ADM+,99.28997999401494
mistral-small-24b,g24p2_035,ADM-,99.0918589641977
mistral-small-24b,g24p2_035,CF+,22.864406239106806
mistral-small-24b,g24p2_035,CF-,33.313096599347375
mistral-small-24b,g24p2_035,EXC+,2.0565440525873746
mistral-small-24b,g24p2_035,EXC-,7.034115456466297
mistral-small-24b,g24p2_035,MNR+,0.08326690886574967
mistral-small-24b,g24p2_035,MNR-,10.605118843592468
mistral-small-24b,g24p2_035,RND+,32.9716883371962
mistral-small-24b,g24p2_035,RND-,37.88237846391061
mistral-small-24b,g24p2_035,STR+,2.480428772882873
mistral-small-24b,g24p2_035,STR-,2.7165693592350446
mistral-small-24b,g24p2_035,Y0,8.304114479634915
mistral-small-24b,g24p2_036,ADM+,99.70548713961638
mistral-small-24b,g24p2_036,ADM-,9.498387684409195
mistral-small-24b,g24p2_036,CF+,90.37994283651943
mistral-small-24b,g24p2_036,CF-,87.96325064504146
mistral-small-24b,g24p2_036,EXC+,17.702037849046796
mistral-small-24b,g24p2_036,EXC-,92.07745335230861
mistral-small-24b,g24p2_036,MNR+,98.16518962046001
mistral-small-24b,g24p2_036,MNR-,90.89533008927827
mistral-small-24b,g24p2_036,RND+,88.45013661279425
mistral-small-24b,g24p2_036,RND-,90.2542536332765
mistral-small-24b,g24p2_036,STR+,87.11480486526813
mistral-small-24b,g24p2_036,STR-,92.27814493932036
mistral-small-24b,g24p2_036,Y0,94.19980266323601
mistral-small-24b,g24p2_037,ADM+,98.52143002134015
mistral-small-24b,g24p2_037,ADM-,99.86939384707782
mistral-small-24b,g24p2_037,CF+,32.201462775670606
mistral-small-24b,g24p2_037,CF-,32.59381600564937
mistral-small-24b,g24p2_037,EXC+,18.18401866188839
mistral-small-24b,g24p2_037,EXC-,0.04803761511160097
mistral-small-24b,g24p2_037,MNR+,16.833228984441952
mistral-small-24b,g24p2_037,MNR-,17.37212665304224
mistral-small-24b,g24p2_037,RND+,19.808103635741713
mistral-small-24b,g24p2_037,RND-,16.43301863451005
mistral-small-24b,g24p2_037,STR+,14.90605824253283
mistral-small-24b,g24p2_037,STR-,9.895665939833258
mistral-small-24b,g24p2_037,Y0,18.83420572046412
mistral-small-24b,g24p2_038,ADM+,99.69804368264838
mistral-small-24b,g24p2_038,ADM-,99.05319712572316
mistral-small-24b,g24p2_038,CF+,40.569500729650414
mistral-small-24b,g24p2_038,CF-,26.77273778572126
mistral-small-24b,g24p2_038,EXC+,15.52331254100585
mistral-small-24b,g24p2_038,EXC-,19.822373488375636
mistral-small-24b,g24p2_038,MNR+,36.60424622306488
mistral-small-24b,g24p2_038,MNR-,12.564827457047238
mistral-small-24b,g24p2_038,RND+,35.64849865287524
mistral-small-24b,g24p2_038,RND-,31.520833204747046
mistral-small-24b,g24p2_038,STR+,8.85059095375559
mistral-small-24b,g24p2_038,STR-,6.523201650380704
mistral-small-24b,g24p2_038,Y0,73.65710957151596
mistral-small-24b,g24p2_039,ADM+,99.56302453933357
mistral-small-24b,g24p2_039,ADM-,0.05182281862443763
mistral-small-24b,g24p2_039,CF+,26.27602524213806
mistral-small-24b,g24p2_039,CF-,22.71137151493055
mistral-small-24b,g24p2_039,EXC+,6.545299579876883
mistral-small-24b,g24p2_039,EXC-,8.980249405980263
mistral-small-24b,g24p2_039,MNR+,26.40265421717388
mistral-small-24b,g24p2_039,MNR-,25.364062816458052
mistral-small-24b,g24p2_039,RND+,24.799423295915307
mistral-small-24b,g24p2_039,RND-,27.241740210939586
mistral-small-24b,g24p2_039,STR+,12.13384084373626
mistral-small-24b,g24p2_039,STR-,24.181308805391605
mistral-small-24b,g24p2_039,Y0,0.20867060488787856
mistral-small-24b,g24p2_040,ADM+,89.1079077371441
mistral-small-24b,g24p2_040,ADM-,28.067563492413928
mistral-small-24b,g24p2_040,CF+,99.74240905360726
mistral-small-24b,g24p2_040,CF-,95.3323678140859
mistral-small-24b,g24p2_040,EXC+,95.79949085071172
mistral-small-24b,g24p2_040,EXC-,99.78358225401105
mistral-small-24b,g24p2_040,MNR+,99.75178994431745
mistral-small-24b,g24p2_040,MNR-,40.14824254455382
mistral-small-24b,g24p2_040,RND+,99.74967753233132
mistral-small-24b,g24p2_040,RND-,99.83754755524006
mistral-small-24b,g24p2_040,STR+,97.89968702810806
mistral-small-24b,g24p2_040,STR-,35.8681951385806
mistral-small-24b,g24p2_040,Y0,99.84696575108211
mistral-small-24b,g24p2_041,ADM+,0.14752750867887476
mistral-small-24b,g24p2_041,ADM-,0.06360777726541546
mistral-small-24b,g24p2_041,CF+,46.24543292490169
mistral-small-24b,g24p2_041,CF-,73.4909982048035
mistral-small-24b,g24p2_041,EXC+,16.2409537722436
mistral-small-24b,g24p2_041,EXC-,19.47239347983573
mistral-small-24b,g24p2_041,MNR+,35.019709618932396
mistral-small-24b,g24p2_041,MNR-,23.66988715079161
mistral-small-24b,g24p2_041,RND+,49.10808696933785
mistral-small-24b,g24p2_041,RND-,48.44465019569785
mistral-small-24b,g24p2_041,STR+,77.569428490255
mistral-small-24b,g24p2_041,STR-,46.94976669986711
mistral-small-24b,g24p2_041,Y0,0.5305852045694208
mistral-small-24b,g24p2_043,ADM+,99.97314752669273
mistral-small-24b,g24p2_043,ADM-,0.048458010469437235
mistral-small-24b,g24p2_043,CF+,35.49349995536281
mistral-small-24b,g24p2_043,CF-,38.91941780226146
mistral-small-24b,g24p2_043,EXC+,43.85328728159846
mistral-small-24b,g24p2_043,EXC-,24.832769554380903
mistral-small-24b,g24p2_043,MNR+,41.635295530372815
mistral-small-24b,g24p2_043,MNR-,38.847113683713445
mistral-small-24b,g24p2_043,RND+,35.83662934935353
mistral-small-24b,g24p2_043,RND-,46.9619994208886
mistral-small-24b,g24p2_043,STR+,65.2630878488398
mistral-small-24b,g24p2_043,STR-,35.85225602151124
mistral-small-24b,g24p2_043,Y0,99.75660841017333
mistral-small-24b,g24p2_044,ADM+,99.87114364270963
mistral-small-24b,g24p2_044,ADM-,11.056675978289483
mistral-small-24b,g24p2_044,CF+,58.47992719293112
mistral-small-24b,g24p2_044,CF-,45.27698788481044
mistral-small-24b,g24p2_044,EXC+,12.517675974224693
mistral-small-24b,g24p2_044,EXC-,11.848557746805977
mistral-small-24b,g24p2_044,MNR+,75.06906259330714
mistral-small-24b,g24p2_044,MNR-,71.35760978165654
mistral-small-24b,g24p2_044,RND+,67.47243363635772
mistral-small-24b,g24p2_044,RND-,42.12672926370619
mistral-small-24b,g24p2_044,STR+,64.6781818948541
mistral-small-24b,g24p2_044,STR-,45.99756108865242
mistral-small-24b,g24p2_044,Y0,1.1262867203266522
mistral-small-24b,g24p2_046,ADM+,91.52112861345937
mistral-small-24b,g24p2_046,ADM-,1.3336036497535848
mistral-small-24b,g24p2_046,CF+,4.704320281018159
mistral-small-24b,g24p2_046,CF-,3.0811434234663455
mistral-small-24b,g24p2_046,EXC+,11.888636003868227
mistral-small-24b,g24p2_046,EXC-,9.194610451895095
mistral-small-24b,g24p2_046,MNR+,2.3940500369474194
mistral-small-24b,g24p2_046,MNR-,13.542401904094651
mistral-small-24b,g24p2_046,RND+,3.2269565301479752
mistral-small-24b,g24p2_046,RND-,3.6930654802730083
mistral-small-24b,g24p2_046,STR+,11.104964839100397
mistral-small-24b,g24p2_046,STR-,1.2458504587901982
mistral-small-24b,g24p2_046,Y0,10.407182890224826
mistral-small-24b,g24p2_047,ADM+,99.9243217215813
mistral-small-24b,g24p2_047,ADM-,0.07254063684330449
mistral-small-24b,g24p2_047,CF+,78.45470865494123
mistral-small-24b,g24p2_047,CF-,63.42745185953957
mistral-small-24b,g24p2_047,EXC+,58.66270681062221
mistral-small-24b,g24p2_047,EXC-,86.51824857155601
mistral-small-24b,g24p2_047,MNR+,67.29271246424759
mistral-small-24b,g24p2_047,MNR-,91.17602531154932
mistral-small-24b,g24p2_047,RND+,68.77759409753395
mistral-small-24b,g24p2_047,RND-,70.0322463104215
mistral-small-24b,g24p2_047,STR+,14.816018102954429
mistral-small-24b,g24p2_047,STR-,10.835265045184485
mistral-small-24b,g24p2_047,Y0,8.303350860537032
mistral-small-24b,g24p2_048,ADM+,99.9386009694635
mistral-small-24b,g24p2_048,ADM-,0.08373218150235749
mistral-small-24b,g24p2_048,CF+,48.77875267889062
mistral-small-24b,g24p2_048,CF-,47.179343932988544
mistral-small-24b,g24p2_048,EXC+,40.66459354029444
mistral-small-24b,g24p2_048,EXC-,41.588763320265876
mistral-small-24b,g24p2_048,MNR+,94.46973401549222
mistral-small-24b,g24p2_048,MNR-,39.801004628063566
mistral-small-24b,g24p2_048,RND+,32.69321074110884
mistral-small-24b,g24p2_048,RND-,46.657192972026806
mistral-small-24b,g24p2_048,STR+,84.31094579289848
mistral-small-24b,g24p2_048,STR-,26.983460163327337
mistral-small-24b,g24p2_048,Y0,0.42917620010759194
mistral-small-24b,g24p2_049,ADM+,99.85750283787858
mistral-small-24b,g24p2_049,ADM-,0.06649678234609184
mistral-small-24b,g24p2_049,CF+,55.52483717518007
mistral-small-24b,g24p2_049,CF-,49.27066596461409
mistral-small-24b,g24p2_049,EXC+,16.72165405186857
mistral-small-24b,g24p2_049,EXC-,74.15848663082521
mistral-small-24b,g24p2_049,MNR+,24.498578906503255
mistral-small-24b,g24p2_049,MNR-,22.05887095145383
mistral-small-24b,g24p2_049,RND+,34.230095410757585
mistral-small-24b,g24p2_049,RND-,41.47989585246756
mistral-small-24b,g24p2_049,STR+,25.697767843719294
mistral-small-24b,g24p2_049,STR-,35.651028477397425
mistral-small-24b,g24p2_049,Y0,85.35077003529733
mistral-small-24b,g24p2_051,ADM+,13.487882205833815
mistral-small-24b,g24p2_051,ADM-,0.05567257337464677
mistral-small-24b,g24p2_051,CF+,48.28349580844517
mistral-small-24b,g24p2_051,CF-,44.193917493471254
mistral-small-24b,g24p2_051,EXC+,36.65383852977679
mistral-small-24b,g24p2_051,EXC-,46.84439565980225
mistral-small-24b,g24p2_051,MNR+,38.270685071789714
mistral-small-24b,g24p2_051,MNR-,43.51711414810364
mistral-small-24b,g24p2_051,RND+,47.56337541899331
mistral-small-24b,g24p2_051,RND-,44.63478100613365
mistral-small-24b,g24p2_051,STR+,46.92156931703581
mistral-small-24b,g24p2_051,STR-,47.47732568764486
mistral-small-24b,g24p2_051,Y0,93.81404743262738
mistral-small-24b,g24p2_053,ADM+,99.61799069253678
mistral-small-24b,g24p2_053,ADM-,13.295410059215547
mistral-small-24b,g24p2_053,CF+,43.2330659768097
mistral-small-24b,g24p2_053,CF-,40.187446384589336
mistral-small-24b,g24p2_053,EXC+,26.663378274001722
mistral-small-24b,g24p2_053,EXC-,22.306487647674103
mistral-small-24b,g24p2_053,MNR+,54.24701825042172
mistral-small-24b,g24p2_053,MNR-,8.473886794014607
mistral-small-24b,g24p2_053,RND+,41.216714948911985
mistral-small-24b,g24p2_053,RND-,40.099153137893104
mistral-small-24b,g24p2_053,STR+,35.77660100367024
mistral-small-24b,g24p2_053,STR-,23.148132162620193
mistral-small-24b,g24p2_053,Y0,45.3400587147848
mistral-small-24b,g24p2_054,ADM+,91.27494536430994
mistral-small-24b,g24p2_054,ADM-,10.040178756534011
mistral-small-24b,g24p2_054,CF+,46.85610417943261
mistral-small-24b,g24p2_054,CF-,18.266165201527837
mistral-small-24b,g24p2_054,EXC+,69.05788927896077
mistral-small-24b,g24p2_054,EXC-,67.89291391786846
mistral-small-24b,g24p2_054,MNR+,39.33579432555792
mistral-small-24b,g24p2_054,MNR-,79.46899326097426
mistral-small-24b,g24p2_054,RND+,44.38746322547012
mistral-small-24b,g24p2_054,RND-,40.21776187140664
mistral-small-24b,g24p2_054,STR+,24.025651423433008
mistral-small-24b,g24p2_054,STR-,37.315331776464014
mistral-small-24b,g24p2_054,Y0,8.471112991713031
mistral-small-24b,g24p2_055,ADM+,99.95826542416337
mistral-small-24b,g24p2_055,ADM-,0.09276244753180356
mistral-small-24b,g24p2_055,CF+,34.49338325197045
mistral-small-24b,g24p2_055,CF-,36.2365754238649
mistral-small-24b,g24p2_055,EXC+,24.694453996614616
mistral-small-24b,g24p2_055,EXC-,42.84544079713333
mistral-small-24b,g24p2_055,MNR+,60.099440350221485
mistral-small-24b,g24p2_055,MNR-,42.40735873246874
mistral-small-24b,g24p2_055,RND+,34.97810570168267
mistral-small-24b,g24p2_055,RND-,36.12506496776453
mistral-small-24b,g24p2_055,STR+,81.72768726690795
mistral-small-24b,g24p2_055,STR-,80.5077453295229
mistral-small-24b,g24p2_055,Y0,99.88815138951351
mistral-small-24b,g24p2_057,ADM+,97.45029433351334
mistral-small-24b,g24p2_057,ADM-,1.0770703215555737
mistral-small-24b,g24p2_057,CF+,26.666124683814996
mistral-small-24b,g24p2_057,CF-,12.998180760368795
mistral-small-24b,g24p2_057,EXC+,11.388864915614773
mistral-small-24b,g24p2_057,EXC-,1.232909302105029
mistral-small-24b,g24p2_057,MNR+,26.51614288135191
mistral-small-24b,g24p2_057,MNR-,16.539706287364048
mistral-small-24b,g24p2_057,RND+,44.629114521891715
mistral-small-24b,g24p2_057,RND-,13.28490324480034
mistral-small-24b,g24p2_057,STR+,29.166355410144636
mistral-small-24b,g24p2_057,STR-,11.078982001078124
mistral-small-24b,g24p2_057,Y0,9.355956597117366
mistral-small-24b,g24p2_058,ADM+,77.14089207824671
mistral-small-24b,g24p2_058,ADM-,5.726122260578153
mistral-small-24b,g24p2_058,CF+,39.69700351818241
mistral-small-24b,g24p2_058,CF-,20.94050459777204
mistral-small-24b,g24p2_058,EXC+,36.57838752586922
mistral-small-24b,g24p2_058,EXC-,1.8496162002266827
mistral-small-24b,g24p2_058,MNR+,31.394340122932824
mistral-small-24b,g24p2_058,MNR-,5.159228259755425
mistral-small-24b,g24p2_058,RND+,20.50643010197385
mistral-small-24b,g24p2_058,RND-,36.755693434647206
mistral-small-24b,g24p2_058,STR+,14.805937575379184
mistral-small-24b,g24p2_058,STR-,13.30658914834361
mistral-small-24b,g24p2_058,Y0,1.821546142991141
mistral-small-24b,g24p2_059,ADM+,77.27716407672025
mistral-small-24b,g24p2_059,ADM-,44.617660612631354
mistral-small-24b,g24p2_059,CF+,13.9584636172986
mistral-small-24b,g24p2_059,CF-,34.98272722333543
mistral-small-24b,g24p2_059,EXC+,21.532145891611187
mistral-small-24b,g24p2_059,EXC-,14.236881495102804
mistral-small-24b,g24p2_059,MNR+,6.380661160930121
mistral-small-24b,g24p2_059,MNR-,24.061346532492372
mistral-small-24b,g24p2_059,RND+,46.479390999854786
mistral-small-24b,g24p2_059,RND-,34.71928434253571
mistral-small-24b,g24p2_059,STR+,13.269853352731976
mistral-small-24b,g24p2_059,STR-,34.06236547124399
mistral-small-24b,g24p2_059,Y0,77.28013495513179
mistral-small-24b,g24p2_060,ADM+,99.92479031763679
mistral-small-24b,g24p2_060,ADM-,5.373263012127522
mistral-small-24b,g24p2_060,CF+,55.49069947679419
mistral-small-24b,g24p2_060,CF-,56.74657499876564
mistral-small-24b,g24p2_060,EXC+,18.915291461502378
mistral-small-24b,g24p2_060,EXC-,28.047469836187105
mistral-small-24b,g24p2_060,MNR+,49.94753825044175
mistral-small-24b,g24p2_060,MNR-,7.8465105782189255
mistral-small-24b,g24p2_060,RND+,59.08751054777905
mistral-small-24b,g24p2_060,RND-,56.18958227890799
mistral-small-24b,g24p2_060,STR+,52.44963391238241
mistral-small-24b,g24p2_060,STR-,49.73214142642438
mistral-small-24b,g24p2_060,Y0,0.5424018799674158
mistral-small-24b,g24p2_062,ADM+,99.81868559152787
mistral-small-24b,g24p2_062,ADM-,77.07852401622169
mistral-small-24b,g24p2_062,CF+,83.09460454760377
mistral-small-24b,g24p2_062,CF-,98.9166652079663
mistral-small-24b,g24p2_062,EXC+,21.66069998060778
mistral-small-24b,g24p2_062,EXC-,99.79154728031264
mistral-small-24b,g24p2_062,MNR+,99.47554296350306
mistral-small-24b,g24p2_062,MNR-,99.73472960605243
mistral-small-24b,g24p2_062,RND+,83.10532404869295
mistral-small-24b,g24p2_062,RND-,95.38019186364345
mistral-small-24b,g24p2_062,STR+,99.00954160508623
mistral-small-24b,g24p2_062,STR-,99.22675603276697
mistral-small-24b,g24p2_062,Y0,99.85433014304152
mistral-small-24b,g24p2_064,ADM+,99.71514316995595
mistral-small-24b,g24p2_064,ADM-,8.902953564301484
mistral-small-24b,g24p2_064,CF+,51.430161327917254
mistral-small-24b,g24p2_064,CF-,13.388584740267893
mistral-small-24b,g24p2_064,EXC+,80.36642534605969
mistral-small-24b,g24p2_064,EXC-,2.2411391763343755
mistral-small-24b,g24p2_064,MNR+,40.01880918828755
mistral-small-24b,g24p2_064,MNR-,1.011157199239274
mistral-small-24b,g24p2_064,RND+,51.011837802653844
mistral-small-24b,g24p2_064,RND-,19.696024969330907
mistral-small-24b,g24p2_064,STR+,81.77975969903963
mistral-small-24b,g24p2_064,STR-,13.413842345667613
mistral-small-24b,g24p2_064,Y0,3.4098621232186734
mistral-small-24b,g24p2_065,ADM+,98.74228146397793
mistral-small-24b,g24p2_065,ADM-,10.835780011050003
mistral-small-24b,g24p2_065,CF+,67.83393111933258
mistral-small-24b,g24p2_065,CF-,50.19941324859596
mistral-small-24b,g24p2_065,EXC+,20.829775774119526
mistral-small-24b,g24p2_065,EXC-,21.689752759420134
mistral-small-24b,g24p2_065,MNR+,23.636168106296072
mistral-small-24b,g24p2_065,MNR-,32.82166844112909
mistral-small-24b,g24p2_065,RND+,73.97122365571967
mistral-small-24b,g24p2_065,RND-,46.58424465877862
mistral-small-24b,g24p2_065,STR+,45.319469282931486
mistral-small-24b,g24p2_065,STR-,49.28945853975425
mistral-small-24b,g24p2_065,Y0,84.2069740338301
mistral-small-24b,g24p2_066,ADM+,99.44720853473885
mistral-small-24b,g24p2_066,ADM-,93.83833351657792
mistral-small-24b,g24p2_066,CF+,38.33509302553918
mistral-small-24b,g24p2_066,CF-,3.266831237711956
mistral-small-24b,g24p2_066,EXC+,30.851615056459554
mistral-small-24b,g24p2_066,EXC-,34.79617831160115
mistral-small-24b,g24p2_066,MNR+,97.54163516065753
mistral-small-24b,g24p2_066,MNR-,24.75203281986929
mistral-small-24b,g24p2_066,RND+,40.87511432862816
mistral-small-24b,g24p2_066,RND-,11.866002733600997
mistral-small-24b,g24p2_066,STR+,34.6998713254482
mistral-small-24b,g24p2_066,STR-,21.829311388748085
mistral-small-24b,g24p2_066,Y0,99.58233225058305
mistral-small-24b,g24p2_067,ADM+,99.88751952156456
mistral-small-24b,g24p2_067,ADM-,0.04621576079022672
mistral-small-24b,g24p2_067,CF+,21.681025067342276
mistral-small-24b,g24p2_067,CF-,30.149601358699655
mistral-small-24b,g24p2_067,EXC+,30.39930766012972
mistral-small-24b,g24p2_067,EXC-,0.6490288626137473
mistral-small-24b,g24p2_067,MNR+,23.781428680685604
mistral-small-24b,g24p2_067,MNR-,32.8118555850402
mistral-small-24b,g24p2_067,RND+,21.902111777783002
mistral-small-24b,g24p2_067,RND-,27.041336865744334
mistral-small-24b,g24p2_067,STR+,22.88077872500134
mistral-small-24b,g24p2_067,STR-,25.925177944819335
mistral-small-24b,g24p2_067,Y0,0.2465123515601684
mistral-small-24b,g24p2_068,ADM+,5.6207178420818344
mistral-small-24b,g24p2_068,ADM-,1.3093160920797464
mistral-small-24b,g24p2_068,CF+,1.170454058106407
mistral-small-24b,g24p2_068,CF-,4.512521829060894
mistral-small-24b,g24p2_068,EXC+,1.0588698507230434
mistral-small-24b,g24p2_068,EXC-,9.724129859432164
mistral-small-24b,g24p2_068,MNR+,5.007762623223686
mistral-small-24b,g24p2_068,MNR-,1.462869555565112
mistral-small-24b,g24p2_068,RND+,1.4595775887422735
mistral-small-24b,g24p2_068,RND-,4.86212400263844
mistral-small-24b,g24p2_068,STR+,5.737719550718748
mistral-small-24b,g24p2_068,STR-,3.5679183331461664
mistral-small-24b,g24p2_068,Y0,6.356872948700095
mistral-small-24b,g24p2_069,ADM+,99.84521971542198
mistral-small-24b,g24p2_069,ADM-,0.043671769243119746
mistral-small-24b,g24p2_069,CF+,51.16345275451468
mistral-small-24b,g24p2_069,CF-,30.71078455131628
mistral-small-24b,g24p2_069,EXC+,24.338986944001547
mistral-small-24b,g24p2_069,EXC-,27.923003742307102
mistral-small-24b,g24p2_069,MNR+,28.154073990356036
mistral-small-24b,g24p2_069,MNR-,29.933148334001462
mistral-small-24b,g24p2_069,RND+,45.20947600916494
mistral-small-24b,g24p2_069,RND-,31.086475726936232
mistral-small-24b,g24p2_069,STR+,66.03211929145793
mistral-small-24b,g24p2_069,STR-,71.36880662975238
mistral-small-24b,g24p2_069,Y0,80.91416505428928
mistral-small-24b,g24p2_070,ADM+,99.52555464737911
mistral-small-24b,g24p2_070,ADM-,94.87881178117098
mistral-small-24b,g24p2_070,CF+,79.62484595853422
mistral-small-24b,g24p2_070,CF-,70.12252718083842
mistral-small-24b,g24p2_070,EXC+,14.068876989690418
mistral-small-24b,g24p2_070,EXC-,26.614381921333283
mistral-small-24b,g24p2_070,MNR+,98.09485519479615
mistral-small-24b,g24p2_070,MNR-,89.5855628292128
mistral-small-24b,g24p2_070,RND+,74.40011637472773
mistral-small-24b,g24p2_070,RND-,65.21770007664665
mistral-small-24b,g24p2_070,STR+,53.61295093142723
mistral-small-24b,g24p2_070,STR-,98.97900044451973
mistral-small-24b,g24p2_070,Y0,99.8999905243368
mistral-small-24b,g24p2_071,ADM+,99.84308001432996
mistral-small-24b,g24p2_071,ADM-,88.59029825138467
mistral-small-24b,g24p2_071,CF+,33.04111888416034
mistral-small-24b,g24p2_071,CF-,43.72638286647662
mistral-small-24b,g24p2_071,EXC+,25.40380908856155
mistral-small-24b,g24p2_071,EXC-,20.73716267012489
mistral-small-24b,g24p2_071,MNR+,81.43565340748387
mistral-small-24b,g24p2_071,MNR-,47.03340211316382
mistral-small-24b,g24p2_071,RND+,42.40197899166563
mistral-small-24b,g24p2_071,RND-,42.63919277325189
mistral-small-24b,g24p2_071,STR+,45.5743375534696
mistral-small-24b,g24p2_071,STR-,37.77088849392569
mistral-small-24b,g24p2_071,Y0,59.12865699574502
mistral-small-24b,g24p2_072,ADM+,99.93935145183337
mistral-small-24b,g24p2_072,ADM-,8.993041700292839
mistral-small-24b,g24p2_072,CF+,32.180779029096016
mistral-small-24b,g24p2_072,CF-,11.497914321829434
mistral-small-24b,g24p2_072,EXC+,2.697063863743411
mistral-small-24b,g24p2_072,EXC-,9.689329877449392
mistral-small-24b,g24p2_072,MNR+,40.076861064289496
mistral-small-24b,g24p2_072,MNR-,17.035884862477477
mistral-small-24b,g24p2_072,RND+,32.55981006877295
mistral-small-24b,g24p2_072,RND-,5.653900779303934
mistral-small-24b,g24p2_072,STR+,13.990438331195504
mistral-small-24b,g24p2_072,STR-,3.1797032775599137
mistral-small-24b,g24p2_072,Y0,46.0386466913416
mistral-small-24b,g24p2_073,ADM+,0.07099059978128848
mistral-small-24b,g24p2_073,ADM-,0.047298307523446576
mistral-small-24b,g24p2_073,CF+,2.6661054886303166
mistral-small-24b,g24p2_073,CF-,0.13703766427773734
mistral-small-24b,g24p2_073,EXC+,0.08333817331043415
mistral-small-24b,g24p2_073,EXC-,0.11952765269782224
mistral-small-24b,g24p2_073,MNR+,0.10967441425968838
mistral-small-24b,g24p2_073,MNR-,0.11482080976849779
mistral-small-24b,g24p2_073,RND+,4.877033035044711
mistral-small-24b,g24p2_073,RND-,0.12872062908791254
mistral-small-24b,g24p2_073,STR+,0.2895350407847276
mistral-small-24b,g24p2_073,STR-,0.18959196611163953
mistral-small-24b,g24p2_073,Y0,0.07403913184753781
mistral-small-24b,g24p2_074,ADM+,99.51202775845623
mistral-small-24b,g24p2_074,ADM-,66.97824306678059
mistral-small-24b,g24p2_074,CF+,27.016445882747636
mistral-small-24b,g24p2_074,CF-,43.58149908371912
mistral-small-24b,g24p2_074,EXC+,20.16129061454141
mistral-small-24b,g24p2_074,EXC-,0.6769798326609533
mistral-small-24b,g24p2_074,MNR+,33.75489721508053
mistral-small-24b,g24p2_074,MNR-,10.205421469476066
mistral-small-24b,g24p2_074,RND+,41.508124074951326
mistral-small-24b,g24p2_074,RND-,22.67774988812473
mistral-small-24b,g24p2_074,STR+,33.505829755831414
mistral-small-24b,g24p2_074,STR-,32.15477944450753
mistral-small-24b,g24p2_074,Y0,47.65530537128509
mistral-small-24b,g24p2_075,ADM+,99.04338117072615
mistral-small-24b,g24p2_075,ADM-,1.1541902846089653
mistral-small-24b,g24p2_075,CF+,48.25259038417207
mistral-small-24b,g24p2_075,CF-,71.54494765587604
mistral-small-24b,g24p2_075,EXC+,17.921810693613704
mistral-small-24b,g24p2_075,EXC-,11.882419562218484
mistral-small-24b,g24p2_075,MNR+,66.52372282835624
mistral-small-24b,g24p2_075,MNR-,25.276022660760844
mistral-small-24b,g24p2_075,RND+,48.686414210401814
mistral-small-24b,g24p2_075,RND-,42.30278861714731
mistral-small-24b,g24p2_075,STR+,27.43782036523313
mistral-small-24b,g24p2_075,STR-,80.31403510071432
mistral-small-24b,g24p2_075,Y0,99.77013573828093
mistral-small-24b,g24p2_076,ADM+,99.8736944655711
mistral-small-24b,g24p2_076,ADM-,0.10098252109607933
mistral-small-24b,g24p2_076,CF+,39.96001240115253
mistral-small-24b,g24p2_076,CF-,41.06075724868319
mistral-small-24b,g24p2_076,EXC+,34.97275022785854
mistral-small-24b,g24p2_076,EXC-,35.412394881135455
mistral-small-24b,g24p2_076,MNR+,39.351311989282586
mistral-small-24b,g24p2_076,MNR-,41.900517762065995
mistral-small-24b,g24p2_076,RND+,40.82489006023422
mistral-small-24b,g24p2_076,RND-,34.9396872450374
mistral-small-24b,g24p2_076,STR+,35.917300901997066
mistral-small-24b,g24p2_076,STR-,36.279133041834605
mistral-small-24b,g24p2_076,Y0,51.680615470812015
mistral-small-24b,g24p2_077,ADM+,30.89221569372689
mistral-small-24b,g24p2_077,ADM-,0.44755031129767775
mistral-small-24b,g24p2_077,CF+,39.34908567981647
mistral-small-24b,g24p2_077,CF-,39.92514725645456
mistral-small-24b,g24p2_077,EXC+,31.442344490416556
mistral-small-24b,g24p2_077,EXC-,0.058435466177964884
mistral-small-24b,g24p2_077,MNR+,36.064310438763734
mistral-small-24b,g24p2_077,MNR-,0.15681828699973088
mistral-small-24b,g24p2_077,RND+,39.31296271070781
mistral-small-24b,g24p2_077,RND-,40.06850884194983
mistral-small-24b,g24p2_077,STR+,36.12309514545491
mistral-small-24b,g24p2_077,STR-,35.733675370046875
mistral-small-24b,g24p2_077,Y0,72.08359927190146
mistral-small-24b,g24p2_079,ADM+,40.60546758250908
mistral-small-24b,g24p2_079,ADM-,99.7948414575852
mistral-small-24b,g24p2_079,CF+,43.16564298249053
mistral-small-24b,g24p2_079,CF-,40.81318405418412
mistral-small-24b,g24p2_079,EXC+,36.66621465265673
mistral-small-24b,g24p2_079,EXC-,21.993299209235428
mistral-small-24b,g24p2_079,MNR+,70.84632917255212
mistral-small-24b,g24p2_079,MNR-,33.82780194116828
mistral-small-24b,g24p2_079,RND+,40.54225665592626
mistral-small-24b,g24p2_079,RND-,42.50581827553846
mistral-small-24b,g24p2_079,STR+,60.095642170292294
mistral-small-24b,g24p2_079,STR-,33.6944762968418
mistral-small-24b,g24p2_079,Y0,99.64706425664437
mistral-small-24b,g24p2_081,ADM+,98.9464804717194
mistral-small-24b,g24p2_081,ADM-,6.395159582269616
mistral-small-24b,g24p2_081,CF+,34.924616882541955
mistral-small-24b,g24p2_081,CF-,35.0047279445497
mistral-small-24b,g24p2_081,EXC+,14.27315428505165
mistral-small-24b,g24p2_081,EXC-,3.934396388732384
mistral-small-24b,g24p2_081,MNR+,28.628786822018817
mistral-small-24b,g24p2_081,MNR-,21.124474814368725
mistral-small-24b,g24p2_081,RND+,33.874139960048396
mistral-small-24b,g24p2_081,RND-,34.95470231270876
mistral-small-24b,g24p2_081,STR+,26.196857354648312
mistral-small-24b,g24p2_081,STR-,12.230453908595571
mistral-small-24b,g24p2_081,Y0,10.441026380381084
mistral-small-24b,g24p2_082,ADM+,99.34983773024435
mistral-small-24b,g24p2_082,ADM-,76.20894406320798
mistral-small-24b,g24p2_082,CF+,41.59131242486504
mistral-small-24b,g24p2_082,CF-,53.00725844796442
mistral-small-24b,g24p2_082,EXC+,26.359684429814283
mistral-small-24b,g24p2_082,EXC-,25.344730711544987
mistral-small-24b,g24p2_082,MNR+,74.65285458015813
mistral-small-24b,g24p2_082,MNR-,80.62787754744119
mistral-small-24b,g24p2_082,RND+,42.565930744253734
mistral-small-24b,g24p2_082,RND-,44.126391184743646
mistral-small-24b,g24p2_082,STR+,35.434421740089206
mistral-small-24b,g24p2_082,STR-,54.43326575062471
mistral-small-24b,g24p2_082,Y0,14.57942673682907
mistral-small-24b,g24p2_083,ADM+,99.63670291598945
mistral-small-24b,g24p2_083,ADM-,6.436980540335089
mistral-small-24b,g24p2_083,CF+,31.977281432272314
mistral-small-24b,g24p2_083,CF-,31.459762290374996
mistral-small-24b,g24p2_083,EXC+,28.511069097077
mistral-small-24b,g24p2_083,EXC-,26.122529013806965
mistral-small-24b,g24p2_083,MNR+,38.16449380716081
mistral-small-24b,g24p2_083,MNR-,35.105504991950866
mistral-small-24b,g24p2_083,RND+,31.56850177968298
mistral-small-24b,g24p2_083,RND-,30.05501941680396
mistral-small-24b,g24p2_083,STR+,29.955029830291867
mistral-small-24b,g24p2_083,STR-,28.956330142922713
mistral-small-24b,g24p2_083,Y0,0.13024485077516018
mistral-small-24b,g24p2_084,ADM+,99.94761740439122
mistral-small-24b,g24p2_084,ADM-,0.2779232371082381
mistral-small-24b,g24p2_084,CF+,55.03638720083907
mistral-small-24b,g24p2_084,CF-,71.52550555778001
mistral-small-24b,g24p2_084,EXC+,62.090022382245266
mistral-small-24b,g24p2_084,EXC-,10.558833431570894
mistral-small-24b,g24p2_084,MNR+,39.94225843663005
mistral-small-24b,g24p2_084,MNR-,1.5618870363785267
mistral-small-24b,g24p2_084,RND+,54.937276762581774
mistral-small-24b,g24p2_084,RND-,71.840864718878
mistral-small-24b,g24p2_084,STR+,41.63345789627968
mistral-small-24b,g24p2_084,STR-,21.748697231112985
mistral-small-24b,g24p2_084,Y0,49.727347078138756
mistral-small-24b,g24p2_085,ADM+,99.90785851262716
mistral-small-24b,g24p2_085,ADM-,94.63648826127661
mistral-small-24b,g24p2_085,CF+,38.274334025810546
mistral-small-24b,g24p2_085,CF-,33.90339207983149
mistral-small-24b,g24p2_085,EXC+,11.317129615197148
mistral-small-24b,g24p2_085,EXC-,7.124198551863951
mistral-small-24b,g24p2_085,MNR+,41.0945485746849
mistral-small-24b,g24p2_085,MNR-,6.616850474454429
mistral-small-24b,g24p2_085,RND+,24.12213448990021
mistral-small-24b,g24p2_085,RND-,33.336510200400134
mistral-small-24b,g24p2_085,STR+,27.849783630226593
mistral-small-24b,g24p2_085,STR-,20.265130003974882
mistral-small-24b,g24p2_085,Y0,5.417979344164247
mistral-small-24b,g24p2_087,ADM+,80.21110977965108
mistral-small-24b,g24p2_087,ADM-,0.2880952912634414
mistral-small-24b,g24p2_087,CF+,85.35750752517332
mistral-small-24b,g24p2_087,CF-,20.83620253926346
mistral-small-24b,g24p2_087,EXC+,88.85739964278476
mistral-small-24b,g24p2_087,EXC-,45.806662501593316
mistral-small-24b,g24p2_087,MNR+,87.9523338350105
mistral-small-24b,g24p2_087,MNR-,14.435864028374892
mistral-small-24b,g24p2_087,RND+,44.05513062673403
mistral-small-24b,g24p2_087,RND-,31.045522174571847
mistral-small-24b,g24p2_087,STR+,88.70199787835452
mistral-small-24b,g24p2_087,STR-,85.75268798888104
mistral-small-24b,g24p2_087,Y0,56.877034217151966
mistral-small-24b,g24p2_088,ADM+,79.20245615414755
mistral-small-24b,g24p2_088,ADM-,13.64724799041678
mistral-small-24b,g24p2_088,CF+,43.79619973440381
mistral-small-24b,g24p2_088,CF-,44.96074176774991
mistral-small-24b,g24p2_088,EXC+,11.099164970895519
mistral-small-24b,g24p2_088,EXC-,29.78729274461891
mistral-small-24b,g24p2_088,MNR+,54.670291109656944
mistral-small-24b,g24p2_088,MNR-,41.40371491567379
mistral-small-24b,g24p2_088,RND+,44.381941733059875
mistral-small-24b,g24p2_088,RND-,29.542309330540327
mistral-small-24b,g24p2_088,STR+,28.934282143344017
mistral-small-24b,g24p2_088,STR-,12.880237767860159
mistral-small-24b,g24p2_088,Y0,29.48205096395305
mistral-small-24b,g24p2_089,ADM+,99.76828730113797
mistral-small-24b,g24p2_089,ADM-,17.895131929903638
mistral-small-24b,g24p2_089,CF+,25.749898288537615
mistral-small-24b,g24p2_089,CF-,55.47040544453051
mistral-small-24b,g24p2_089,EXC+,16.90290545612589
mistral-small-24b,g24p2_089,EXC-,7.021453575128849
mistral-small-24b,g24p2_089,MNR+,36.44155341688535
mistral-small-24b,g24p2_089,MNR-,13.343398201850375
mistral-small-24b,g24p2_089,RND+,42.611682699539614
mistral-small-24b,g24p2_089,RND-,38.721072428192684
mistral-small-24b,g24p2_089,STR+,14.519091837815072
mistral-small-24b,g24p2_089,STR-,5.422916742321852
mistral-small-24b,g24p2_089,Y0,2.667946979585571
mistral-small-24b,g24p2_091,ADM+,99.67647779493339
mistral-small-24b,g24p2_091,ADM-,49.88621041415658
mistral-small-24b,g24p2_091,CF+,38.224998257051084
mistral-small-24b,g24p2_091,CF-,75.32032568013103
mistral-small-24b,g24p2_091,EXC+,2.84878195901446
mistral-small-24b,g24p2_091,EXC-,34.38937457011794
mistral-small-24b,g24p2_091,MNR+,88.85661842664356
mistral-small-24b,g24p2_091,MNR-,38.4100575379251
mistral-small-24b,g24p2_091,RND+,37.83000959685296
mistral-small-24b,g24p2_091,RND-,75.8108872140131
mistral-small-24b,g24p2_091,STR+,98.84979378166001
mistral-small-24b,g24p2_091,STR-,36.81453289512539
mistral-small-24b,g24p2_091,Y0,98.22796940146259
mistral-small-24b,g24p2_092,ADM+,99.03280478602306
mistral-small-24b,g24p2_092,ADM-,0.09540109055115135
mistral-small-24b,g24p2_092,CF+,84.36134639447813
mistral-small-24b,g24p2_092,CF-,17.583671243955205
mistral-small-24b,g24p2_092,EXC+,90.56355354312656
mistral-small-24b,g24p2_092,EXC-,1.5245749668758515
mistral-small-24b,g24p2_092,MNR+,96.07151749315089
mistral-small-24b,g24p2_092,MNR-,13.826974177834499
mistral-small-24b,g24p2_092,RND+,35.62169921626546
mistral-small-24b,g24p2_092,RND-,38.14648031972829
mistral-small-24b,g24p2_092,STR+,1.314589013376264
mistral-small-24b,g24p2_092,STR-,5.727512607151346
mistral-small-24b,g24p2_092,Y0,65.76003713873934
mistral-small-24b,g24p2_093,ADM+,0.11637322832160245
mistral-small-24b,g24p2_093,ADM-,0.07363662534894358
mistral-small-24b,g24p2_093,CF+,60.99552758360476
mistral-small-24b,g24p2_093,CF-,60.995123174513004
mistral-small-24b,g24p2_093,EXC+,14.060358456806277
mistral-small-24b,g24p2_093,EXC-,0.1703102368051143
mistral-small-24b,g24p2_093,MNR+,7.2319335385395345
mistral-small-24b,g24p2_093,MNR-,0.24707171768895897
mistral-small-24b,g24p2_093,RND+,78.41329047686477
mistral-small-24b,g24p2_093,RND-,77.99873446005407
mistral-small-24b,g24p2_093,STR+,10.213232183399079
mistral-small-24b,g24p2_093,STR-,9.005291893174016
mistral-small-24b,g24p2_093,Y0,30.494309365425188
mistral-small-24b,g24p2_094,ADM+,99.70932180751076
mistral-small-24b,g24p2_094,ADM-,88.95854144819866
mistral-small-24b,g24p2_094,CF+,83.04353435162894
mistral-small-24b,g24p2_094,CF-,76.21506671028553
mistral-small-24b,g24p2_094,EXC+,33.75074778948104
mistral-small-24b,g24p2_094,EXC-,32.48255315280858
mistral-small-24b,g24p2_094,MNR+,92.94944142953672
mistral-small-24b,g24p2_094,MNR-,98.71593451641614
mistral-small-24b,g24p2_094,RND+,74.26892013754895
mistral-small-24b,g24p2_094,RND-,60.54787648288311
mistral-small-24b,g24p2_094,STR+,85.72147440040013
mistral-small-24b,g24p2_094,STR-,85.02059218492496
mistral-small-24b,g24p2_094,Y0,99.68979233386646
mistral-small-24b,g24p2_096,ADM+,96.13303348295861
mistral-small-24b,g24p2_096,ADM-,13.205696711341718
mistral-small-24b,g24p2_096,CF+,36.96269606227056
mistral-small-24b,g24p2_096,CF-,44.38298910998572
mistral-small-24b,g24p2_096,EXC+,75.43507022318066
mistral-small-24b,g24p2_096,EXC-,4.868558013501303
mistral-small-24b,g24p2_096,MNR+,98.80591332761163
mistral-small-24b,g24p2_096,MNR-,34.900432604349064
mistral-small-24b,g24p2_096,RND+,84.700933834178
mistral-small-24b,g24p2_096,RND-,34.14340533024698
mistral-small-24b,g24p2_096,STR+,96.78828008050878
mistral-small-24b,g24p2_096,STR-,24.992737348478713
mistral-small-24b,g24p2_096,Y0,80.78773426928427
mistral-small-24b,g24p2_098,ADM+,99.94332780026552
mistral-small-24b,g24p2_098,ADM-,0.06647381123007129
mistral-small-24b,g24p2_098,CF+,47.69212392828841
mistral-small-24b,g24p2_098,CF-,36.09788196300887
mistral-small-24b,g24p2_098,EXC+,36.33129738978347
mistral-small-24b,g24p2_098,EXC-,31.038458163513457
mistral-small-24b,g24p2_098,MNR+,36.32031770244086
mistral-small-24b,g24p2_098,MNR-,45.28904806787386
mistral-small-24b,g24p2_098,RND+,35.073174393536746
mistral-small-24b,g24p2_098,RND-,35.61714890519402
mistral-small-24b,g24p2_098,STR+,86.00315112871637
mistral-small-24b,g24p2_098,STR-,32.816687774911934
mistral-small-24b,g24p2_098,Y0,0.2375453445001084
mistral-small-24b,g24p2_099,ADM+,8.252039463786238
mistral-small-24b,g24p2_099,ADM-,0.026552256979490395
mistral-small-24b,g24p2_099,CF+,0.8035932012061616
mistral-small-24b,g24p2_099,CF-,0.4102641574428293
mistral-small-24b,g24p2_099,EXC+,0.35986813841497106
mistral-small-24b,g24p2_099,EXC-,1.1947357441110922
mistral-small-24b,g24p2_099,MNR+,0.2603850683021746
mistral-small-24b,g24p2_099,MNR-,3.13864251136768
mistral-small-24b,g24p2_099,RND+,0.9738574199710158
mistral-small-24b,g24p2_099,RND-,0.3883074946270215
mistral-small-24b,g24p2_099,STR+,0.4320295987008413
mistral-small-24b,g24p2_099,STR-,0.8067237990294321
mistral-small-24b,g24p2_099,Y0,0.16035964712777998
mistral-small-24b,g24p2_101,ADM+,99.94583564860586
mistral-small-24b,g24p2_101,ADM-,0.06415716850070444
mistral-small-24b,g24p2_101,CF+,32.21563925595207
mistral-small-24b,g24p2_101,CF-,35.84762570373849
mistral-small-24b,g24p2_101,EXC+,26.372764125220876
mistral-small-24b,g24p2_101,EXC-,29.43769563884693
mistral-small-24b,g24p2_101,MNR+,93.70362308018854
mistral-small-24b,g24p2_101,MNR-,36.41880689536883
mistral-small-24b,g24p2_101,RND+,48.389394148403
mistral-small-24b,g24p2_101,RND-,36.6592918419485
mistral-small-24b,g24p2_101,STR+,83.82877441865139
mistral-small-24b,g24p2_101,STR-,23.325086145167425
mistral-small-24b,g24p2_101,Y0,99.78031476410837
mistral-small-24b,g24p2_102,ADM+,88.69930028099972
mistral-small-24b,g24p2_102,ADM-,9.325042697001892
mistral-small-24b,g24p2_102,CF+,13.023862541330779
mistral-small-24b,g24p2_102,CF-,24.822668157787838
mistral-small-24b,g24p2_102,EXC+,33.62224657127251
mistral-small-24b,g24p2_102,EXC-,1.109023815370064
mistral-small-24b,g24p2_102,MNR+,28.10448038816122
mistral-small-24b,g24p2_102,MNR-,30.227422968740655
mistral-small-24b,g24p2_102,RND+,39.95506317924103
mistral-small-24b,g24p2_102,RND-,39.02681658182946
mistral-small-24b,g24p2_102,STR+,9.95898686914904
mistral-small-24b,g24p2_102,STR-,27.40950838394341
mistral-small-24b,g24p2_102,Y0,4.8069616684463226
mistral-small-24b,g24p2_103,ADM+,94.6825151974745
mistral-small-24b,g24p2_103,ADM-,77.99689229176514
mistral-small-24b,g24p2_103,CF+,30.963045900472437
mistral-small-24b,g24p2_103,CF-,42.24234515994508
mistral-small-24b,g24p2_103,EXC+,23.541655848306895
mistral-small-24b,g24p2_103,EXC-,13.283098959717158
mistral-small-24b,g24p2_103,MNR+,28.192913846154063
mistral-small-24b,g24p2_103,MNR-,12.719940053626207
mistral-small-24b,g24p2_103,RND+,30.060162954487694
mistral-small-24b,g24p2_103,RND-,43.07359968928541
mistral-small-24b,g24p2_103,STR+,23.607136359328408
mistral-small-24b,g24p2_103,STR-,24.18806599005084
mistral-small-24b,g24p2_103,Y0,21.670364944134235
mistral-small-24b,g24p2_104,ADM+,96.00629526423604
mistral-small-24b,g24p2_104,ADM-,4.169703812133438
mistral-small-24b,g24p2_104,CF+,44.24322510173263
mistral-small-24b,g24p2_104,CF-,46.6468615199527
mistral-small-24b,g24p2_104,EXC+,13.995138589693761
mistral-small-24b,g24p2_104,EXC-,12.300506520649224
mistral-small-24b,g24p2_104,MNR+,38.352507382382875
mistral-small-24b,g24p2_104,MNR-,10.527589186976051
mistral-small-24b,g24p2_104,RND+,40.01708343180606
mistral-small-24b,g24p2_104,RND-,11.20111277929122
mistral-small-24b,g24p2_104,STR+,22.147489662455314
mistral-small-24b,g24p2_104,STR-,6.3078807153159655
mistral-small-24b,g24p2_104,Y0,13.95986294890953
mistral-small-24b,g24p2_105,ADM+,50.83353483267134
mistral-small-24b,g24p2_105,ADM-,79.58176870537123
mistral-small-24b,g24p2_105,CF+,50.04847924177372
mistral-small-24b,g24p2_105,CF-,50.647687483145376
mistral-small-24b,g24p2_105,EXC+,22.85149999524133
mistral-small-24b,g24p2_105,EXC-,31.41732564618437
mistral-small-24b,g24p2_105,MNR+,42.379038989357035
mistral-small-24b,g24p2_105,MNR-,41.45385158026567
mistral-small-24b,g24p2_105,RND+,47.81752524044955
mistral-small-24b,g24p2_105,RND-,48.51739997099312
mistral-small-24b,g24p2_105,STR+,38.714743743406146
mistral-small-24b,g24p2_105,STR-,23.170320810299827
mistral-small-24b,g24p2_105,Y0,55.903842217308735
mistral-small-24b,g24p2_107,ADM+,99.391796092481
mistral-small-24b,g24p2_107,ADM-,14.476559578844729
mistral-small-24b,g24p2_107,CF+,48.94465962936297
mistral-small-24b,g24p2_107,CF-,46.833319393314305
mistral-small-24b,g24p2_107,EXC+,41.40851467085179
mistral-small-24b,g24p2_107,EXC-,42.106725653459634
mistral-small-24b,g24p2_107,MNR+,48.05544469603406
mistral-small-24b,g24p2_107,MNR-,60.098436788141726
mistral-small-24b,g24p2_107,RND+,43.013618161830664
mistral-small-24b,g24p2_107,RND-,43.66039724701413
mistral-small-24b,g24p2_107,STR+,27.24531761708753
mistral-small-24b,g24p2_107,STR-,33.925724549178796
mistral-small-24b,g24p2_107,Y0,33.49677425020835
mistral-small-24b,g24p2_108,ADM+,90.79766484449328
mistral-small-24b,g24p2_108,ADM-,27.319326815045365
mistral-small-24b,g24p2_108,CF+,37.319073406345126
mistral-small-24b,g24p2_108,CF-,40.25335265398268
mistral-small-24b,g24p2_108,EXC+,26.91859366233149
mistral-small-24b,g24p2_108,EXC-,28.872258227759875
mistral-small-24b,g24p2_108,MNR+,78.4869537581485
mistral-small-24b,g24p2_108,MNR-,33.71548426789109
mistral-small-24b,g24p2_108,RND+,61.182289103861926
mistral-small-24b,g24p2_108,RND-,25.487157243336824
mistral-small-24b,g24p2_108,STR+,44.36106282583014
mistral-small-24b,g24p2_108,STR-,25.59247456481654
mistral-small-24b,g24p2_108,Y0,58.20407385251167
mistral-small-24b,g24p2_110,ADM+,99.32529167859045
mistral-small-24b,g24p2_110,ADM-,14.025241231740962
mistral-small-24b,g24p2_110,CF+,48.17020895815082
mistral-small-24b,g24p2_110,CF-,51.73886666706718
mistral-small-24b,g24p2_110,EXC+,32.7642438812749
mistral-small-24b,g24p2_110,EXC-,16.796166938759097
mistral-small-24b,g24p2_110,MNR+,88.06779446326406
mistral-small-24b,g24p2_110,MNR-,68.69574347790942
mistral-small-24b,g24p2_110,RND+,79.7501262250744
mistral-small-24b,g24p2_110,RND-,66.20092926800137
mistral-small-24b,g24p2_110,STR+,72.85595785987232
mistral-small-24b,g24p2_110,STR-,75.87604775659946
mistral-small-24b,g24p2_110,Y0,90.8720109294034
mistral-small-24b,g24p2_111,ADM+,0.20286088014674558
mistral-small-24b,g24p2_111,ADM-,0.14050229231145456
mistral-small-24b,g24p2_111,CF+,0.12030349081122359
mistral-small-24b,g24p2_111,CF-,0.0663104766215006
mistral-small-24b,g24p2_111,EXC+,0.02291565020378014
mistral-small-24b,g24p2_111,EXC-,0.25814829472359885
mistral-small-24b,g24p2_111,MNR+,0.019737271253209468
mistral-small-24b,g24p2_111,MNR-,0.03058715810868034
mistral-small-24b,g24p2_111,RND+,0.07847749940739839
mistral-small-24b,g24p2_111,RND-,0.04626446133882838
mistral-small-24b,g24p2_111,STR+,0.07519696789975036
mistral-small-24b,g24p2_111,STR-,0.11584506305137267
mistral-small-24b,g24p2_111,Y0,1.8076860008822015
mistral-small-24b,g24p2_112,ADM+,98.98360055968662
mistral-small-24b,g24p2_112,ADM-,5.23784300230148
mistral-small-24b,g24p2_112,CF+,30.035785090139754
mistral-small-24b,g24p2_112,CF-,39.234542214580316
mistral-small-24b,g24p2_112,EXC+,32.75336267542633
mistral-small-24b,g24p2_112,EXC-,30.59178585776079
mistral-small-24b,g24p2_112,MNR+,32.59552871205564
mistral-small-24b,g24p2_112,MNR-,38.56789264304811
mistral-small-24b,g24p2_112,RND+,32.80826618064037
mistral-small-24b,g24p2_112,RND-,39.38336441425907
mistral-small-24b,g24p2_112,STR+,9.888898891606003
mistral-small-24b,g24p2_112,STR-,11.007002052314306
mistral-small-24b,g24p2_112,Y0,1.4584670569571698
mistral-small-24b,g24p2_113,ADM+,99.85536693027456
mistral-small-24b,g24p2_113,ADM-,28.75286336651747
mistral-small-24b,g24p2_113,CF+,75.92237914574923
mistral-small-24b,g24p2_113,CF-,37.72350404588537
mistral-small-24b,g24p2_113,EXC+,22.620323029199554
mistral-small-24b,g24p2_113,EXC-,14.2343448297538
mistral-small-24b,g24p2_113,MNR+,89.24195307452361
mistral-small-24b,g24p2_113,MNR-,8.065138956133017
mistral-small-24b,g24p2_113,RND+,63.93413900654472
mistral-small-24b,g24p2_113,RND-,12.336154698865117
mistral-small-24b,g24p2_113,STR+,11.919717444078811
mistral-small-24b,g24p2_113,STR-,13.275226499903876
mistral-small-24b,g24p2_113,Y0,77.8650734516961
mistral-small-24b,g24p2_114,ADM+,99.91713789248075
mistral-small-24b,g24p2_114,ADM-,9.291614915748728
mistral-small-24b,g24p2_114,CF+,37.63427605718567
mistral-small-24b,g24p2_114,CF-,37.297787402325
mistral-small-24b,g24p2_114,EXC+,10.907918672131807
mistral-small-24b,g24p2_114,EXC-,22.497159373577258
mistral-small-24b,g24p2_114,MNR+,36.050629903903726
mistral-small-24b,g24p2_114,MNR-,25.470617185217368
mistral-small-24b,g24p2_114,RND+,36.759126000751166
mistral-small-24b,g24p2_114,RND-,38.951178475140445
mistral-small-24b,g24p2_114,STR+,30.971391023707596
mistral-small-24b,g24p2_114,STR-,32.81463977757344
mistral-small-24b,g24p2_114,Y0,92.77740303397066
mistral-small-24b,g24p2_115,ADM+,98.3112243445066
mistral-small-24b,g24p2_115,ADM-,4.111281474538512
mistral-small-24b,g24p2_115,CF+,44.28962071048659
mistral-small-24b,g24p2_115,CF-,43.000327560365406
mistral-small-24b,g24p2_115,EXC+,14.965368234320826
mistral-small-24b,g24p2_115,EXC-,2.8271242957554907
mistral-small-24b,g24p2_115,MNR+,0.26922342629489077
mistral-small-24b,g24p2_115,MNR-,0.17841080535061069
mistral-small-24b,g24p2_115,RND+,45.355030217875374
mistral-small-24b,g24p2_115,RND-,16.51340639713767
mistral-small-24b,g24p2_115,STR+,16.256731198479
mistral-small-24b,g24p2_115,STR-,14.433552186559702
mistral-small-24b,g24p2_115,Y0,4.500291728166546
mistral-small-24b,g24p2_116,ADM+,99.93126499834904
mistral-small-24b,g24p2_116,ADM-,0.19050876166550865
mistral-small-24b,g24p2_116,CF+,43.62614008675709
mistral-small-24b,g24p2_116,CF-,43.663740028355676
mistral-small-24b,g24p2_116,EXC+,8.372011996815324
mistral-small-24b,g24p2_116,EXC-,0.06323925286111291
mistral-small-24b,g24p2_116,MNR+,98.43453470982568
mistral-small-24b,g24p2_116,MNR-,98.07674218047549
mistral-small-24b,g24p2_116,RND+,43.56717638585318
mistral-small-24b,g24p2_116,RND-,19.947192324967403
mistral-small-24b,g24p2_116,STR+,99.56422899318048
mistral-small-24b,g24p2_116,STR-,0.06512105258687939
mistral-small-24b,g24p2_116,Y0,0.26067975038543273
mistral-small-24b,g24p2_117,ADM+,99.91655740789663
mistral-small-24b,g24p2_117,ADM-,50.14365351691869
mistral-small-24b,g24p2_117,CF+,39.211006095386814
mistral-small-24b,g24p2_117,CF-,36.33630561035794
mistral-small-24b,g24p2_117,EXC+,18.744455659593445
mistral-small-24b,g24p2_117,EXC-,11.571993940957618
mistral-small-24b,g24p2_117,MNR+,29.812123146427794
mistral-small-24b,g24p2_117,MNR-,34.93835328355787
mistral-small-24b,g24p2_117,RND+,40.41632859375389
mistral-small-24b,g24p2_117,RND-,36.729483150137035
mistral-small-24b,g24p2_117,STR+,15.984743913882426
mistral-small-24b,g24p2_117,STR-,17.41435389392619
mistral-small-24b,g24p2_117,Y0,60.057298148518726
mistral-small-24b,g24p2_120,ADM+,98.7894524237865
mistral-small-24b,g24p2_120,ADM-,99.57288592338475
mistral-small-24b,g24p2_120,CF+,66.86006764279564
mistral-small-24b,g24p2_120,CF-,66.85702289122982
mistral-small-24b,g24p2_120,EXC+,30.306265914107215
mistral-small-24b,g24p2_120,EXC-,30.344479398093547
mistral-small-24b,g24p2_120,MNR+,67.33003959999941
mistral-small-24b,g24p2_120,MNR-,88.31655155204692
mistral-small-24b,g24p2_120,RND+,41.60155601755713
mistral-small-24b,g24p2_120,RND-,61.29024139422964
mistral-small-24b,g24p2_120,STR+,21.65781180671368
mistral-small-24b,g24p2_120,STR-,19.63435852588262
mistral-small-24b,g24p2_120,Y0,87.10342492260253
mistral-small-24b,g24p2_121,ADM+,99.40524770263767
mistral-small-24b,g24p2_121,ADM-,92.3208280929232
mistral-small-24b,g24p2_121,CF+,57.78076857866519
mistral-small-24b,g24p2_121,CF-,78.65931798546929
mistral-small-24b,g24p2_121,EXC+,88.77507044448775
mistral-small-24b,g24p2_121,EXC-,11.690354361667842
mistral-small-24b,g24p2_121,MNR+,82.87443977281409
mistral-small-24b,g24p2_121,MNR-,78.25913972515232
mistral-small-24b,g24p2_121,RND+,34.65796219589479
mistral-small-24b,g24p2_121,RND-,77.39326779476666
mistral-small-24b,g24p2_121,STR+,24.462682484515213
mistral-small-24b,g24p2_121,STR-,19.50844376987016
mistral-small-24b,g24p2_121,Y0,77.25294386255987
mistral-small-24b,g24p2_122,ADM+,99.60899719465762
mistral-small-24b,g24p2_122,ADM-,0.04071670097218619
mistral-small-24b,g24p2_122,CF+,32.91713173039476
mistral-small-24b,g24p2_122,CF-,37.215641977707314
mistral-small-24b,g24p2_122,EXC+,14.522606079108876
mistral-small-24b,g24p2_122,EXC-,3.6008689411904706
mistral-small-24b,g24p2_122,MNR+,35.57036443342241
mistral-small-24b,g24p2_122,MNR-,18.351604012435317
mistral-small-24b,g24p2_122,RND+,33.16627599829623
mistral-small-24b,g24p2_122,RND-,37.177936568960234
mistral-small-24b,g24p2_122,STR+,19.16039424509482
mistral-small-24b,g24p2_122,STR-,26.284682522584266
mistral-small-24b,g24p2_122,Y0,98.56689719870724
mistral-small-24b,g24p2_123,ADM+,87.7949448373549
mistral-small-24b,g24p2_123,ADM-,77.0101872733098
mistral-small-24b,g24p2_123,CF+,35.3949422182879
mistral-small-24b,g24p2_123,CF-,27.591614139931647
mistral-small-24b,g24p2_123,EXC+,29.30806907455845
mistral-small-24b,g24p2_123,EXC-,21.38735602194765
mistral-small-24b,g24p2_123,MNR+,46.89734471016417
mistral-small-24b,g24p2_123,MNR-,33.39037566932243
mistral-small-24b,g24p2_123,RND+,35.807821262650634
mistral-small-24b,g24p2_123,RND-,34.62317938659194
mistral-small-24b,g24p2_123,STR+,20.463367644004485
mistral-small-24b,g24p2_123,STR-,10.958852086679052
mistral-small-24b,g24p2_123,Y0,40.21259133465663
mistral-small-24b,g24p2_125,ADM+,98.9396724660721
mistral-small-24b,g24p2_125,ADM-,88.30164417078296
mistral-small-24b,g24p2_125,CF+,33.63616608839299
mistral-small-24b,g24p2_125,CF-,19.867132352192296
mistral-small-24b,g24p2_125,EXC+,0.08043067065691675
mistral-small-24b,g24p2_125,EXC-,11.644114149942618
mistral-small-24b,g24p2_125,MNR+,28.502863839442185
mistral-small-24b,g24p2_125,MNR-,36.908512912183866
mistral-small-24b,g24p2_125,RND+,15.354177885675357
mistral-small-24b,g24p2_125,RND-,38.56979475772965
mistral-small-24b,g24p2_125,STR+,32.03091240799767
mistral-small-24b,g24p2_125,STR-,12.677997017812618
mistral-small-24b,g24p2_125,Y0,3.2449920692489798
mistral-small-24b,g24p2_126,ADM+,99.5748291987266
mistral-small-24b,g24p2_126,ADM-,8.13241142596336
mistral-small-24b,g24p2_126,CF+,59.763652577653275
mistral-small-24b,g24p2_126,CF-,55.82670721952101
mistral-small-24b,g24p2_126,EXC+,13.290178007140746
mistral-small-24b,g24p2_126,EXC-,47.362809567728924
mistral-small-24b,g24p2_126,MNR+,90.13059822442887
mistral-small-24b,g24p2_126,MNR-,8.476815056788872
mistral-small-24b,g24p2_126,RND+,42.256802113644135
mistral-small-24b,g24p2_126,RND-,41.488243625835324
mistral-small-24b,g24p2_126,STR+,28.849888918292997
mistral-small-24b,g24p2_126,STR-,53.91849057092325
mistral-small-24b,g24p2_126,Y0,56.749567517743905
mistral-small-24b,g24p2_128,ADM+,99.84504104479264
mistral-small-24b,g24p2_128,ADM-,3.6090209122348704
mistral-small-24b,g24p2_128,CF+,69.04636714504768
mistral-small-24b,g24p2_128,CF-,89.02548885116433
mistral-small-24b,g24p2_128,EXC+,20.739301512952512
mistral-small-24b,g24p2_128,EXC-,9.135169499394207
mistral-small-24b,g24p2_128,MNR+,92.53330968837558
mistral-small-24b,g24p2_128,MNR-,98.1279483690813
mistral-small-24b,g24p2_128,RND+,76.0783773382729
mistral-small-24b,g24p2_128,RND-,85.85069825701612
mistral-small-24b,g24p2_128,STR+,83.7729262053426
mistral-small-24b,g24p2_128,STR-,93.88480073989662
mistral-small-24b,g24p2_128,Y0,99.84584313599603
mistral-small-24b,g24p2_129,ADM+,92.55890942127536
mistral-small-24b,g24p2_129,ADM-,99.9561338407676
mistral-small-24b,g24p2_129,CF+,44.02199701099256
mistral-small-24b,g24p2_129,CF-,46.04588390906398
mistral-small-24b,g24p2_129,EXC+,19.92939308596749
mistral-small-24b,g24p2_129,EXC-,18.390714055111037
mistral-small-24b,g24p2_129,MNR+,53.01006541642315
mistral-small-24b,g24p2_129,MNR-,31.213103637451233
mistral-small-24b,g24p2_129,RND+,54.18903233465015
mistral-small-24b,g24p2_129,RND-,36.24987172943236
mistral-small-24b,g24p2_129,STR+,5.518156937004686
mistral-small-24b,g24p2_129,STR-,38.603852364290944
mistral-small-24b,g24p2_129,Y0,19.27041836865971
mistral-small-24b,g24p2_130,ADM+,99.89238088240181
mistral-small-24b,g24p2_130,ADM-,0.06815457126015614
mistral-small-24b,g24p2_130,CF+,43.43587869095527
mistral-small-24b,g24p2_130,CF-,46.33943053232498
mistral-small-24b,g24p2_130,EXC+,28.178483252288903
mistral-small-24b,g24p2_130,EXC-,22.644645675517367
mistral-small-24b,g24p2_130,MNR+,36.84477288092619
mistral-small-24b,g24p2_130,MNR-,24.669702098390406
mistral-small-24b,g24p2_130,RND+,43.45440465204754
mistral-small-24b,g24p2_130,RND-,40.72285018957521
mistral-small-24b,g24p2_130,STR+,28.931835785516732
mistral-small-24b,g24p2_130,STR-,27.78890813468017
mistral-small-24b,g24p2_130,Y0,55.55557618781747
mistral-small-24b,g24p2_131,ADM+,89.76017324207322
mistral-small-24b,g24p2_131,ADM-,91.8268009763454
mistral-small-24b,g24p2_131,CF+,41.01719205358838
mistral-small-24b,g24p2_131,CF-,41.206674107766815
mistral-small-24b,g24p2_131,EXC+,13.966407683416053
mistral-small-24b,g24p2_131,EXC-,12.816192066887227
mistral-small-24b,g24p2_131,MNR+,39.03153762655609
mistral-small-24b,g24p2_131,MNR-,40.001809074524466
mistral-small-24b,g24p2_131,RND+,41.89838547884199
mistral-small-24b,g24p2_131,RND-,41.90077330605201
mistral-small-24b,g24p2_131,STR+,37.17758730809962
mistral-small-24b,g24p2_131,STR-,36.15637150864271
mistral-small-24b,g24p2_131,Y0,45.98179776584489
mistral-small-24b,g24p2_132,ADM+,96.67788721563915
mistral-small-24b,g24p2_132,ADM-,16.312502179969723
mistral-small-24b,g24p2_132,CF+,39.18267467563409
mistral-small-24b,g24p2_132,CF-,39.191379857992565
mistral-small-24b,g24p2_132,EXC+,24.76294288057538
mistral-small-24b,g24p2_132,EXC-,2.190260838369437
mistral-small-24b,g24p2_132,MNR+,39.69307756458343
mistral-small-24b,g24p2_132,MNR-,13.203063159114972
mistral-small-24b,g24p2_132,RND+,39.36074437864809
mistral-small-24b,g24p2_132,RND-,37.92334514855315
mistral-small-24b,g24p2_132,STR+,14.121386874592108
mistral-small-24b,g24p2_132,STR-,0.21398661156950236
mistral-small-24b,g24p2_132,Y0,0.2078376067028449
mistral-small-24b,g24p2_133,ADM+,99.94497447068993
mistral-small-24b,g24p2_133,ADM-,5.169126889722756
mistral-small-24b,g24p2_133,CF+,83.53322483134001
mistral-small-24b,g24p2_133,CF-,33.737985723625435
mistral-small-24b,g24p2_133,EXC+,20.75119772789881
mistral-small-24b,g24p2_133,EXC-,9.158132788891548
mistral-small-24b,g24p2_133,MNR+,91.57075820604804
mistral-small-24b,g24p2_133,MNR-,2.5048981203293725
mistral-small-24b,g24p2_133,RND+,83.26551181447714
mistral-small-24b,g24p2_133,RND-,27.312360841579796
mistral-small-24b,g24p2_133,STR+,70.34233103357394
mistral-small-24b,g24p2_133,STR-,89.6509251329797
mistral-small-24b,g24p2_133,Y0,99.90895367851067
mistral-small-24b,g24p2_134,ADM+,99.84669252614275
mistral-small-24b,g24p2_134,ADM-,94.2042054264238
mistral-small-24b,g24p2_134,CF+,90.32248058248234
mistral-small-24b,g24p2_134,CF-,91.40333447339715
mistral-small-24b,g24p2_134,EXC+,99.26072646243765
mistral-small-24b,g24p2_134,EXC-,90.59699186088154
mistral-small-24b,g24p2_134,MNR+,98.63842023738042
mistral-small-24b,g24p2_134,MNR-,95.00877423621667
mistral-small-24b,g24p2_134,RND+,89.88221134825798
mistral-small-24b,g24p2_134,RND-,87.69565870658703
mistral-small-24b,g24p2_134,STR+,90.80778578142125
mistral-small-24b,g24p2_134,STR-,96.54372654791105
mistral-small-24b,g24p2_134,Y0,99.20629295380184
mistral-small-24b,g24p2_135,ADM+,99.78304294921476
mistral-small-24b,g24p2_135,ADM-,0.047826878853414384
mistral-small-24b,g24p2_135,CF+,31.051453121417076
mistral-small-24b,g24p2_135,CF-,44.47797565789792
mistral-small-24b,g24p2_135,EXC+,38.54553530620753
mistral-small-24b,g24p2_135,EXC-,26.6354962896671
mistral-small-24b,g24p2_135,MNR+,0.03793311327906195
mistral-small-24b,g24p2_135,MNR-,0.04087374856607831
mistral-small-24b,g24p2_135,RND+,36.05542977109384
mistral-small-24b,g24p2_135,RND-,10.897016603987323
mistral-small-24b,g24p2_135,STR+,0.041736731905959785
mistral-small-24b,g24p2_135,STR-,0.04959210616645829
mistral-small-24b,g24p2_135,Y0,0.049570759475669114
mistral-small-24b,g24p2_136,ADM+,95.15135982678781
mistral-small-24b,g24p2_136,ADM-,51.733225137425194
mistral-small-24b,g24p2_136,CF+,39.37608165169932
mistral-small-24b,g24p2_136,CF-,36.26953748268755
mistral-small-24b,g24p2_136,EXC+,19.543461699062554
mistral-small-24b,g24p2_136,EXC-,24.72515108148056
mistral-small-24b,g24p2_136,MNR+,34.08723260637933
mistral-small-24b,g24p2_136,MNR-,33.176277085316535
mistral-small-24b,g24p2_136,RND+,39.63313182076083
mistral-small-24b,g24p2_136,RND-,35.94112778203268
mistral-small-24b,g24p2_136,STR+,33.522042568058026
mistral-small-24b,g24p2_136,STR-,29.86539909196808
mistral-small-24b,g24p2_136,Y0,38.166590356627154
mistral-small-24b,g24p2_137,ADM+,83.43062338712193
mistral-small-24b,g24p2_137,ADM-,0.055620752868634465
mistral-small-24b,g24p2_137,CF+,32.843271407904865
mistral-small-24b,g24p2_137,CF-,46.65597415083274
mistral-small-24b,g24p2_137,EXC+,28.313699276535345
mistral-small-24b,g24p2_137,EXC-,11.800343593290856
mistral-small-24b,g24p2_137,MNR+,28.245759037782065
mistral-small-24b,g24p2_137,MNR-,37.56008250781493
mistral-small-24b,g24p2_137,RND+,34.57095297153612
mistral-small-24b,g24p2_137,RND-,39.26996141340993
mistral-small-24b,g24p2_137,STR+,5.649325569005804
mistral-small-24b,g24p2_137,STR-,11.55817344118946
mistral-small-24b,g24p2_137,Y0,10.953335249863205
mistral-small-24b,g24p2_138,ADM+,99.90905389852327
mistral-small-24b,g24p2_138,ADM-,11.412314529914221
mistral-small-24b,g24p2_138,CF+,40.371507639421544
mistral-small-24b,g24p2_138,CF-,41.74828277281667
mistral-small-24b,g24p2_138,EXC+,29.71769892705835
mistral-small-24b,g24p2_138,EXC-,23.68281415172193
mistral-small-24b,g24p2_138,MNR+,39.46763975223146
mistral-small-24b,g24p2_138,MNR-,42.10246666813709
mistral-small-24b,g24p2_138,RND+,39.60258343049482
mistral-small-24b,g24p2_138,RND-,41.83397386653584
mistral-small-24b,g24p2_138,STR+,14.69014906943294
mistral-small-24b,g24p2_138,STR-,27.698096824143832
mistral-small-24b,g24p2_138,Y0,40.28456779994485
mistral-small-24b,g24p2_140,ADM+,99.82988557531435
mistral-small-24b,g24p2_140,ADM-,99.77331543297738
mistral-small-24b,g24p2_140,CF+,25.042188680860022
mistral-small-24b,g24p2_140,CF-,38.35667480498587
mistral-small-24b,g24p2_140,EXC+,26.525478942494516
mistral-small-24b,g24p2_140,EXC-,17.79649461131927
mistral-small-24b,g24p2_140,MNR+,29.310234841824638
mistral-small-24b,g24p2_140,MNR-,36.85479694575597
mistral-small-24b,g24p2_140,RND+,40.39208146745857
mistral-small-24b,g24p2_140,RND-,39.62457956475851
mistral-small-24b,g24p2_140,STR+,35.430152475511505
mistral-small-24b,g24p2_140,STR-,24.427606471555013
mistral-small-24b,g24p2_140,Y0,2.902352392808198
mistral-small-24b,g24p2_141,ADM+,93.42158602181776
mistral-small-24b,g24p2_141,ADM-,36.13025184914125
mistral-small-24b,g24p2_141,CF+,19.323880872122132
mistral-small-24b,g24p2_141,CF-,46.88231849699199
mistral-small-24b,g24p2_141,EXC+,7.913627495378102
mistral-small-24b,g24p2_141,EXC-,18.783787902626475
mistral-small-24b,g24p2_141,MNR+,14.236929018605517
mistral-small-24b,g24p2_141,MNR-,16.177665810791865
mistral-small-24b,g24p2_141,RND+,19.033655822143007
mistral-small-24b,g24p2_141,RND-,18.540658463553388
mistral-small-24b,g24p2_141,STR+,32.39357867018728
mistral-small-24b,g24p2_141,STR-,0.3302934167550652
mistral-small-24b,g24p2_141,Y0,20.17305401698482
mistral-small-24b,g24p2_142,ADM+,99.93038072291108
mistral-small-24b,g24p2_142,ADM-,0.05993023920900012
mistral-small-24b,g24p2_142,CF+,48.05463879758323
mistral-small-24b,g24p2_142,CF-,47.88989649776119
mistral-small-24b,g24p2_142,EXC+,12.15333423200826
mistral-small-24b,g24p2_142,EXC-,26.303099898662484
mistral-small-24b,g24p2_142,MNR+,40.86149060467807
mistral-small-24b,g24p2_142,MNR-,38.726281595003556
mistral-small-24b,g24p2_142,RND+,28.530314261243007
mistral-small-24b,g24p2_142,RND-,47.625451118096144
mistral-small-24b,g24p2_142,STR+,26.631041533801163
mistral-small-24b,g24p2_142,STR-,29.410914038121817
mistral-small-24b,g24p2_142,Y0,23.232502778153805
mistral-small-24b,g24p2_143,ADM+,99.56077025136237
mistral-small-24b,g24p2_143,ADM-,9.847219533601255
mistral-small-24b,g24p2_143,CF+,45.07211784744182
mistral-small-24b,g24p2_143,CF-,49.33782804991829
mistral-small-24b,g24p2_143,EXC+,14.873763388936725
mistral-small-24b,g24p2_143,EXC-,37.88455414721553
mistral-small-24b,g24p2_143,MNR+,17.239330149867136
mistral-small-24b,g24p2_143,MNR-,38.76032983912348
mistral-small-24b,g24p2_143,RND+,42.46148479415181
mistral-small-24b,g24p2_143,RND-,25.737793958452222
mistral-small-24b,g24p2_143,STR+,25.102580440843994
mistral-small-24b,g24p2_143,STR-,70.65491300813709
mistral-small-24b,g24p2_143,Y0,75.5963494216518
mistral-small-24b,g24p2_144,ADM+,99.95721357302294
mistral-small-24b,g24p2_144,ADM-,88.49894891349165
mistral-small-24b,g24p2_144,CF+,34.419364064832884
mistral-small-24b,g24p2_144,CF-,40.928469014932325
mistral-small-24b,g24p2_144,EXC+,19.03116675766353
mistral-small-24b,g24p2_144,EXC-,13.09631072659503
mistral-small-24b,g24p2_144,MNR+,24.685434068062282
mistral-small-24b,g24p2_144,MNR-,38.71277342964804
mistral-small-24b,g24p2_144,RND+,32.155535893507725
mistral-small-24b,g24p2_144,RND-,37.83374601126382
mistral-small-24b,g24p2_144,STR+,14.224472204190805
mistral-small-24b,g24p2_144,STR-,12.60002276114747
mistral-small-24b,g24p2_144,Y0,18.32595687374994
mistral-small-24b,g24p2_145,ADM+,99.75838847145457
mistral-small-24b,g24p2_145,ADM-,6.180794242947522
mistral-small-24b,g24p2_145,CF+,46.12035944891525
mistral-small-24b,g24p2_145,CF-,40.83335752217364
mistral-small-24b,g24p2_145,EXC+,29.006587826273385
mistral-small-24b,g24p2_145,EXC-,14.579547641635774
mistral-small-24b,g24p2_145,MNR+,39.55067129174436
mistral-small-24b,g24p2_145,MNR-,43.41537974863076
mistral-small-24b,g24p2_145,RND+,45.38513221967222
mistral-small-24b,g24p2_145,RND-,33.479224799862855
mistral-small-24b,g24p2_145,STR+,28.786262061704786
mistral-small-24b,g24p2_145,STR-,9.602214820683768
mistral-small-24b,g24p2_145,Y0,5.174346520141115
mistral-small-24b,g24p2_146,ADM+,99.86799654280115
mistral-small-24b,g24p2_146,ADM-,0.05022949963381473
mistral-small-24b,g24p2_146,CF+,42.09747364517277
mistral-small-24b,g24p2_146,CF-,39.766698334789226
mistral-small-24b,g24p2_146,EXC+,16.561501231901797
mistral-small-24b,g24p2_146,EXC-,1.0714968153980726
mistral-small-24b,g24p2_146,MNR+,32.74783786870979
mistral-small-24b,g24p2_146,MNR-,8.606430228424685
mistral-small-24b,g24p2_146,RND+,34.968087948909606
mistral-small-24b,g24p2_146,RND-,37.94112967409416
mistral-small-24b,g24p2_146,STR+,23.00006362047651
mistral-small-24b,g24p2_146,STR-,16.118935579803747
mistral-small-24b,g24p2_146,Y0,9.739833841861527
mistral-small-24b,g24p2_147,ADM+,99.89107669794295
mistral-small-24b,g24p2_147,ADM-,10.101631818547618
mistral-small-24b,g24p2_147,CF+,38.68336109291566
mistral-small-24b,g24p2_147,CF-,40.31279867604695
mistral-small-24b,g24p2_147,EXC+,10.519518940405323
mistral-small-24b,g24p2_147,EXC-,9.312393231637182
mistral-small-24b,g24p2_147,MNR+,25.255501268767507
mistral-small-24b,g24p2_147,MNR-,30.914985046341922
mistral-small-24b,g24p2_147,RND+,38.63425443909174
mistral-small-24b,g24p2_147,RND-,41.55077167655913
mistral-small-24b,g24p2_147,STR+,51.71614199565072
mistral-small-24b,g24p2_147,STR-,28.642587555405456
mistral-small-24b,g24p2_147,Y0,99.56080387036499
mistral-small-24b,g24p2_148,ADM+,99.88302655490463
mistral-small-24b,g24p2_148,ADM-,0.054769651132536776
mistral-small-24b,g24p2_148,CF+,31.596606295381054
mistral-small-24b,g24p2_148,CF-,8.159549125127405
mistral-small-24b,g24p2_148,EXC+,7.167321404356534
mistral-small-24b,g24p2_148,EXC-,2.105632398338218
mistral-small-24b,g24p2_148,MNR+,18.13812958595306
mistral-small-24b,g24p2_148,MNR-,0.875399319273561
mistral-small-24b,g24p2_148,RND+,41.21430771065898
mistral-small-24b,g24p2_148,RND-,2.292684533242533
mistral-small-24b,g24p2_148,STR+,5.355025710859474
mistral-small-24b,g24p2_148,STR-,6.366196713947951
mistral-small-24b,g24p2_148,Y0,1.4527147152129816
mistral-small-24b,g24p2_149,ADM+,99.63433541720933
mistral-small-24b,g24p2_149,ADM-,0.03167563260705086
mistral-small-24b,g24p2_149,CF+,45.99794083472173
mistral-small-24b,g24p2_149,CF-,49.96127758069862
mistral-small-24b,g24p2_149,EXC+,28.770390946152222
mistral-small-24b,g24p2_149,EXC-,26.85218956339098
mistral-small-24b,g24p2_149,MNR+,11.620056506723095
mistral-small-24b,g24p2_149,MNR-,5.347516739016342
mistral-small-24b,g24p2_149,RND+,45.00781840984435
mistral-small-24b,g24p2_149,RND-,49.7928625941656
mistral-small-24b,g24p2_149,STR+,20.244877508323743
mistral-small-24b,g24p2_149,STR-,27.881409437746562
mistral-small-24b,g24p2_149,Y0,0.5508034443247214
mistral-small-24b,g24p2_150,ADM+,89.4457043805433
mistral-small-24b,g24p2_150,ADM-,6.483024424648101
mistral-small-24b,g24p2_150,CF+,32.79625609016898
mistral-small-24b,g24p2_150,CF-,30.924472455310745
mistral-small-24b,g24p2_150,EXC+,14.576910382901218
mistral-small-24b,g24p2_150,EXC-,13.02104359920158
mistral-small-24b,g24p2_150,MNR+,6.639196869365098
mistral-small-24b,g24p2_150,MNR-,32.733054002714304
mistral-small-24b,g24p2_150,RND+,33.24414395592118
mistral-small-24b,g24p2_150,RND-,30.9482554866811
mistral-small-24b,g24p2_150,STR+,37.093379881883
mistral-small-24b,g24p2_150,STR-,28.263505659500307
mistral-small-24b,g24p2_150,Y0,24.00752207373892
mistral-small-24b,g24p2_153,ADM+,99.90334043206582
mistral-small-24b,g24p2_153,ADM-,5.8815040307980855
mistral-small-24b,g24p2_153,CF+,97.61107425299996
mistral-small-24b,g24p2_153,CF-,13.117852045069036
mistral-small-24b,g24p2_153,EXC+,98.7879124576103
mistral-small-24b,g24p2_153,EXC-,13.892447859324205
mistral-small-24b,g24p2_153,MNR+,99.81683331775963
mistral-small-24b,g24p2_153,MNR-,99.74270635251362
mistral-small-24b,g24p2_153,RND+,94.4745801988027
mistral-small-24b,g24p2_153,RND-,99.58000743828127
mistral-small-24b,g24p2_153,STR+,99.53608502288866
mistral-small-24b,g24p2_153,STR-,83.19681132077628
mistral-small-24b,g24p2_153,Y0,82.07503621569187
mistral-small-24b,g24p2_154,ADM+,99.59165752225826
mistral-small-24b,g24p2_154,ADM-,0.04921649270068276
mistral-small-24b,g24p2_154,CF+,27.010195717616185
mistral-small-24b,g24p2_154,CF-,25.02385075238236
mistral-small-24b,g24p2_154,EXC+,49.57481662285367
mistral-small-24b,g24p2_154,EXC-,32.74228579024404
mistral-small-24b,g24p2_154,MNR+,37.23501698557902
mistral-small-24b,g24p2_154,MNR-,28.30912782690922
mistral-small-24b,g24p2_154,RND+,34.866892095847604
mistral-small-24b,g24p2_154,RND-,34.54700728354327
mistral-small-24b,g24p2_154,STR+,37.78339047865339
mistral-small-24b,g24p2_154,STR-,29.911186214630124
mistral-small-24b,g24p2_154,Y0,0.12134486721321719
mistral-small-24b,g24p2_156,ADM+,99.78505827015987
mistral-small-24b,g24p2_156,ADM-,87.8274739308149
mistral-small-24b,g24p2_156,CF+,78.50485023539568
mistral-small-24b,g24p2_156,CF-,97.67082422419102
mistral-small-24b,g24p2_156,EXC+,28.762730253360033
mistral-small-24b,g24p2_156,EXC-,16.908418529690856
mistral-small-24b,g24p2_156,MNR+,94.17922293306597
mistral-small-24b,g24p2_156,MNR-,98.14664415197564
mistral-small-24b,g24p2_156,RND+,73.02754801974301
mistral-small-24b,g24p2_156,RND-,95.70482783983351
mistral-small-24b,g24p2_156,STR+,97.45294885951172
mistral-small-24b,g24p2_156,STR-,98.29838240076698
mistral-small-24b,g24p2_156,Y0,99.18647358391048
mistral-small-24b,g24p2_158,ADM+,98.71437312715138
mistral-small-24b,g24p2_158,ADM-,8.668302610124826
mistral-small-24b,g24p2_158,CF+,50.30023426085863
mistral-small-24b,g24p2_158,CF-,46.387274122464916
mistral-small-24b,g24p2_158,EXC+,17.664881523676367
mistral-small-24b,g24p2_158,EXC-,0.6920956548384498
mistral-small-24b,g24p2_158,MNR+,19.848326747937204
mistral-small-24b,g24p2_158,MNR-,16.580797641251266
mistral-small-24b,g24p2_158,RND+,50.68589572855977
mistral-small-24b,g24p2_158,RND-,33.008301508921235
mistral-small-24b,g24p2_158,STR+,13.311683169447655
mistral-small-24b,g24p2_158,STR-,32.26859546860666
mistral-small-24b,g24p2_158,Y0,5.00728435945493
mistral-small-24b,g24p2_159,ADM+,99.75650204239888
mistral-small-24b,g24p2_159,ADM-,0.0805153706762367
mistral-small-24b,g24p2_159,CF+,60.509161803129764
mistral-small-24b,g24p2_159,CF-,57.59346303977606
mistral-small-24b,g24p2_159,EXC+,25.52867217228235
mistral-small-24b,g24p2_159,EXC-,24.588152434314175
mistral-small-24b,g24p2_159,MNR+,62.38461892918365
mistral-small-24b,g24p2_159,MNR-,9.186733136380175
mistral-small-24b,g24p2_159,RND+,50.68511721993411
mistral-small-24b,g24p2_159,RND-,49.949266990232125
mistral-small-24b,g24p2_159,STR+,78.050854577883
mistral-small-24b,g24p2_159,STR-,62.39958274630752
mistral-small-24b,g24p2_159,Y0,1.284586605952979
mistral-small-24b,g24p2_160,ADM+,99.82294941252812
mistral-small-24b,g24p2_160,ADM-,6.7471756872725885
mistral-small-24b,g24p2_160,CF+,38.24451855291787
mistral-small-24b,g24p2_160,CF-,17.403812153733583
mistral-small-24b,g24p2_160,EXC+,12.053561991687193
mistral-small-24b,g24p2_160,EXC-,4.405141402862589
mistral-small-24b,g24p2_160,MNR+,20.993338429626768
mistral-small-24b,g24p2_160,MNR-,28.792196146124127
mistral-small-24b,g24p2_160,RND+,25.305935504360292
mistral-small-24b,g24p2_160,RND-,23.125664120719883
mistral-small-24b,g24p2_160,STR+,43.983608806490224
mistral-small-24b,g24p2_160,STR-,38.93617632112665
mistral-small-24b,g24p2_160,Y0,61.262980180767435
mistral-small-24b,g24p2_161,ADM+,11.871161373252782
mistral-small-24b,g24p2_161,ADM-,0.3275404870011264
mistral-small-24b,g24p2_161,CF+,36.356125735656995
mistral-small-24b,g24p2_161,CF-,32.69149015981744
mistral-small-24b,g24p2_161,EXC+,29.247737663085957
mistral-small-24b,g24p2_161,EXC-,33.57122504277722
mistral-small-24b,g24p2_161,MNR+,13.846015423825055
mistral-small-24b,g24p2_161,MNR-,36.00850075914823
mistral-small-24b,g24p2_161,RND+,37.86646301551148
mistral-small-24b,g24p2_161,RND-,45.04445554914982
mistral-small-24b,g24p2_161,STR+,31.72614208373603
mistral-small-24b,g24p2_161,STR-,34.93250432314264
mistral-small-24b,g24p2_161,Y0,0.5410521754694414
mistral-small-24b,g24p2_163,ADM+,99.89751718943938
mistral-small-24b,g24p2_163,ADM-,5.5991928995107685
mistral-small-24b,g24p2_163,CF+,28.970750932708743
mistral-small-24b,g24p2_163,CF-,6.1382321798862325
mistral-small-24b,g24p2_163,EXC+,8.437077508202027
mistral-small-24b,g24p2_163,EXC-,9.154138916615041
mistral-small-24b,g24p2_163,MNR+,0.04593774500859496
mistral-small-24b,g24p2_163,MNR-,3.5593584252339943
mistral-small-24b,g24p2_163,RND+,27.819362894981296
mistral-small-24b,g24p2_163,RND-,4.623481835860679
mistral-small-24b,g24p2_163,STR+,6.09842038841292
mistral-small-24b,g24p2_163,STR-,7.501880633456979
mistral-small-24b,g24p2_163,Y0,0.7882878894097272
mistral-small-24b,g24p2_164,ADM+,99.87831305497092
mistral-small-24b,g24p2_164,ADM-,4.259841476491546
mistral-small-24b,g24p2_164,CF+,37.180656959573156
mistral-small-24b,g24p2_164,CF-,37.82617680487765
mistral-small-24b,g24p2_164,EXC+,16.531581046832347
mistral-small-24b,g24p2_164,EXC-,19.080212269669424
mistral-small-24b,g24p2_164,MNR+,34.63208951207177
mistral-small-24b,g24p2_164,MNR-,27.388888972130395
mistral-small-24b,g24p2_164,RND+,37.27173066371083
mistral-small-24b,g24p2_164,RND-,37.54074902336332
mistral-small-24b,g24p2_164,STR+,79.07548350193035
mistral-small-24b,g24p2_164,STR-,69.87518188267862
mistral-small-24b,g24p2_164,Y0,99.74103608249622
mistral-small-24b,g24p2_165,ADM+,98.50552684245491
mistral-small-24b,g24p2_165,ADM-,98.44318585543786
mistral-small-24b,g24p2_165,CF+,8.749843996654564
mistral-small-24b,g24p2_165,CF-,45.397522315012694
mistral-small-24b,g24p2_165,EXC+,25.688671102582965
mistral-small-24b,g24p2_165,EXC-,16.77696534540755
mistral-small-24b,g24p2_165,MNR+,33.57188281733801
mistral-small-24b,g24p2_165,MNR-,35.78234233374904
mistral-small-24b,g24p2_165,RND+,19.39414907851623
mistral-small-24b,g24p2_165,RND-,19.965884580846428
mistral-small-24b,g24p2_165,STR+,21.22357706703452
mistral-small-24b,g24p2_165,STR-,25.39754426353035
mistral-small-24b,g24p2_165,Y0,1.088835431535992
mistral-small-24b,g24p2_167,ADM+,96.19495355723409
mistral-small-24b,g24p2_167,ADM-,84.5674290551035
mistral-small-24b,g24p2_167,CF+,36.703207080404724
mistral-small-24b,g24p2_167,CF-,31.380310076887667
mistral-small-24b,g24p2_167,EXC+,7.339374298192029
mistral-small-24b,g24p2_167,EXC-,1.4195172778134786
mistral-small-24b,g24p2_167,MNR+,63.43638629181708
mistral-small-24b,g24p2_167,MNR-,31.02645184470614
mistral-small-24b,g24p2_167,RND+,36.934378331201614
mistral-small-24b,g24p2_167,RND-,35.90343586445455
mistral-small-24b,g24p2_167,STR+,7.270781588670234
mistral-small-24b,g24p2_167,STR-,6.109690568092727
mistral-small-24b,g24p2_167,Y0,43.15954192114968
mistral-small-24b,g24p2_169,ADM+,99.96482779515351
mistral-small-24b,g24p2_169,ADM-,0.051493480080156084
mistral-small-24b,g24p2_169,CF+,31.8422742937925
mistral-small-24b,g24p2_169,CF-,47.38801105309689
mistral-small-24b,g24p2_169,EXC+,37.43088499499294
mistral-small-24b,g24p2_169,EXC-,39.49911850949237
mistral-small-24b,g24p2_169,MNR+,35.395779149173634
mistral-small-24b,g24p2_169,MNR-,28.81050586569676
mistral-small-24b,g24p2_169,RND+,30.83910811285804
mistral-small-24b,g24p2_169,RND-,26.375312682523695
mistral-small-24b,g24p2_169,STR+,86.10185627462563
mistral-small-24b,g24p2_169,STR-,6.136284037298939
mistral-small-24b,g24p2_169,Y0,97.84677924179357
mistral-small-24b,g24p2_170,ADM+,99.83832275929399
mistral-small-24b,g24p2_170,ADM-,99.82086205947789
mistral-small-24b,g24p2_170,CF+,40.94094545064695
mistral-small-24b,g24p2_170,CF-,41.09074654994979
mistral-small-24b,g24p2_170,EXC+,32.778067275510416
mistral-small-24b,g24p2_170,EXC-,8.464730872083365
mistral-small-24b,g24p2_170,MNR+,98.71949280473183
mistral-small-24b,g24p2_170,MNR-,13.271485336646302
mistral-small-24b,g24p2_170,RND+,46.723856558294095
mistral-small-24b,g24p2_170,RND-,47.041893132393156
mistral-small-24b,g24p2_170,STR+,19.127368324476194
mistral-small-24b,g24p2_170,STR-,30.976944147827812
mistral-small-24b,g24p2_170,Y0,87.1622154982054
mistral-small-24b,g24p2_171,ADM+,99.8574776207463
mistral-small-24b,g24p2_171,ADM-,6.693561664512415
mistral-small-24b,g24p2_171,CF+,35.07601870739333
mistral-small-24b,g24p2_171,CF-,31.396081658113328
mistral-small-24b,g24p2_171,EXC+,20.120099904912948
mistral-small-24b,g24p2_171,EXC-,2.0242973686927646
mistral-small-24b,g24p2_171,MNR+,30.372577284619517
mistral-small-24b,g24p2_171,MNR-,81.22195681669479
mistral-small-24b,g24p2_171,RND+,32.81197385914464
mistral-small-24b,g24p2_171,RND-,32.10355137030999
mistral-small-24b,g24p2_171,STR+,18.211430543625582
mistral-small-24b,g24p2_171,STR-,37.005267397929636
mistral-small-24b,g24p2_171,Y0,20.165774406712828
mistral-small-24b,g24p2_172,ADM+,97.93631004613437
mistral-small-24b,g24p2_172,ADM-,0.055214620189670806
mistral-small-24b,g24p2_172,CF+,29.17968236160065
mistral-small-24b,g24p2_172,CF-,32.730234461389394
mistral-small-24b,g24p2_172,EXC+,29.826726177959333
mistral-small-24b,g24p2_172,EXC-,38.57403018832182
mistral-small-24b,g24p2_172,MNR+,23.915234538997396
mistral-small-24b,g24p2_172,MNR-,32.87717853691535
mistral-small-24b,g24p2_172,RND+,30.78219085686213
mistral-small-24b,g24p2_172,RND-,31.24448697157484
mistral-small-24b,g24p2_172,STR+,42.110794876471324
mistral-small-24b,g24p2_172,STR-,29.244395242412743
mistral-small-24b,g24p2_172,Y0,99.35929841250885
mistral-small-24b,g24p2_174,ADM+,99.80761536916951
mistral-small-24b,g24p2_174,ADM-,99.1433493595037
mistral-small-24b,g24p2_174,CF+,82.60052551181617
mistral-small-24b,g24p2_174,CF-,87.10682080571672
mistral-small-24b,g24p2_174,EXC+,67.55332033974477
mistral-small-24b,g24p2_174,EXC-,23.09920590563928
mistral-small-24b,g24p2_174,MNR+,84.94304741838056
mistral-small-24b,g24p2_174,MNR-,84.36048531400402
mistral-small-24b,g24p2_174,RND+,75.10324375047874
mistral-small-24b,g24p2_174,RND-,58.91620848047075
mistral-small-24b,g24p2_174,STR+,89.20232925745344
mistral-small-24b,g24p2_174,STR-,88.90706591243327
mistral-small-24b,g24p2_174,Y0,82.87326805709573
mistral-small-24b,g24p2_175,ADM+,99.65906025796038
mistral-small-24b,g24p2_175,ADM-,5.99996192360132
mistral-small-24b,g24p2_175,CF+,68.13976654986608
mistral-small-24b,g24p2_175,CF-,52.25105337292437
mistral-small-24b,g24p2_175,EXC+,0.6453868660333882
mistral-small-24b,g24p2_175,EXC-,0.12926872559902158
mistral-small-24b,g24p2_175,MNR+,19.95415760894535
mistral-small-24b,g24p2_175,MNR-,12.333393266769047
mistral-small-24b,g24p2_175,RND+,67.81017792096276
mistral-small-24b,g24p2_175,RND-,69.8974029339693
mistral-small-24b,g24p2_175,STR+,49.44386137621794
mistral-small-24b,g24p2_175,STR-,23.482426032839612
mistral-small-24b,g24p2_175,Y0,63.96761849899901
mistral-small-24b,g24p2_176,ADM+,99.90483783324402
mistral-small-24b,g24p2_176,ADM-,6.247616357115967
mistral-small-24b,g24p2_176,CF+,98.52619243710126
mistral-small-24b,g24p2_176,CF-,8.14397676676713
mistral-small-24b,g24p2_176,EXC+,25.521629638550387
mistral-small-24b,g24p2_176,EXC-,27.43902692812399
mistral-small-24b,g24p2_176,MNR+,99.73791909601975
mistral-small-24b,g24p2_176,MNR-,5.802998528039547
mistral-small-24b,g24p2_176,RND+,68.83190074272474
mistral-small-24b,g24p2_176,RND-,7.934350681996719
mistral-small-24b,g24p2_176,STR+,99.68740102257006
mistral-small-24b,g24p2_176,STR-,5.6000732717435255
mistral-small-24b,g24p2_176,Y0,99.72998150680779
mistral-small-24b,g24p2_177,ADM+,98.7792067464085
mistral-small-24b,g24p2_177,ADM-,11.768596892580524
mistral-small-24b,g24p2_177,CF+,99.3365267740873
mistral-small-24b,g24p2_177,CF-,59.476571308868884
mistral-small-24b,g24p2_177,EXC+,54.76717877784366
mistral-small-24b,g24p2_177,EXC-,51.32075500118213
mistral-small-24b,g24p2_177,MNR+,99.45085964851846
mistral-small-24b,g24p2_177,MNR-,85.43307741670705
mistral-small-24b,g24p2_177,RND+,92.66680477359854
mistral-small-24b,g24p2_177,RND-,85.06427224246804
mistral-small-24b,g24p2_177,STR+,99.19042930921198
mistral-small-24b,g24p2_177,STR-,85.49062195176127
mistral-small-24b,g24p2_177,Y0,99.54961852798486
mistral-small-24b,g24p2_178,ADM+,99.27307634376629
mistral-small-24b,g24p2_178,ADM-,0.4136490778095969
mistral-small-24b,g24p2_178,CF+,1.7533727782564597
mistral-small-24b,g24p2_178,CF-,0.7541984397677853
mistral-small-24b,g24p2_178,EXC+,7.664688349215717
mistral-small-24b,g24p2_178,EXC-,14.237710034069899
mistral-small-24b,g24p2_178,MNR+,0.688773496188287
mistral-small-24b,g24p2_178,MNR-,0.7607126562262498
mistral-small-24b,g24p2_178,RND+,1.2122199768123305
mistral-small-24b,g24p2_178,RND-,0.5677184787855045
mistral-small-24b,g24p2_178,STR+,0.4975313965145988
mistral-small-24b,g24p2_178,STR-,0.6309269633184659
mistral-small-24b,g24p2_178,Y0,15.218690732871075
mistral-small-24b,g24p2_179,ADM+,99.94058487868668
mistral-small-24b,g24p2_179,ADM-,0.060718258275840126
mistral-small-24b,g24p2_179,CF+,37.43791166155387
mistral-small-24b,g24p2_179,CF-,39.75993126555945
mistral-small-24b,g24p2_179,EXC+,17.979573892707457
mistral-small-24b,g24p2_179,EXC-,23.514156816919204
mistral-small-24b,g24p2_179,MNR+,38.78144130803553
mistral-small-24b,g24p2_179,MNR-,30.57653373632505
mistral-small-24b,g24p2_179,RND+,39.10700302825434
mistral-small-24b,g24p2_179,RND-,47.671281304639464
mistral-small-24b,g24p2_179,STR+,18.492609094916403
mistral-small-24b,g24p2_179,STR-,20.01816628196706
mistral-small-24b,g24p2_179,Y0,7.080966989271683
mistral-small-24b,g24p2_180,ADM+,99.87957057327219
mistral-small-24b,g24p2_180,ADM-,99.92516555294222
mistral-small-24b,g24p2_180,CF+,60.55271571348276
mistral-small-24b,g24p2_180,CF-,63.6831496858746
mistral-small-24b,g24p2_180,EXC+,34.84097110114714
mistral-small-24b,g24p2_180,EXC-,33.02866315497667
mistral-small-24b,g24p2_180,MNR+,42.985507981873035
mistral-small-24b,g24p2_180,MNR-,41.18980497734786
mistral-small-24b,g24p2_180,RND+,48.02532825326197
mistral-small-24b,g24p2_180,RND-,48.64088911260198
mistral-small-24b,g24p2_180,STR+,45.90378566570339
mistral-small-24b,g24p2_180,STR-,42.85237237828513
mistral-small-24b,g24p2_180,Y0,0.7094371327704194
mistral-small-24b,g24p2_181,ADM+,99.53698550799797
mistral-small-24b,g24p2_181,ADM-,0.047085857906946776
mistral-small-24b,g24p2_181,CF+,11.963773815405942
mistral-small-24b,g24p2_181,CF-,7.713612148270061
mistral-small-24b,g24p2_181,EXC+,0.24072158671483315
mistral-small-24b,g24p2_181,EXC-,2.7611212693739207
mistral-small-24b,g24p2_181,MNR+,0.6455417176610544
mistral-small-24b,g24p2_181,MNR-,5.462269479875205
mistral-small-24b,g24p2_181,RND+,14.907015027722581
mistral-small-24b,g24p2_181,RND-,46.51765500061256
mistral-small-24b,g24p2_181,STR+,0.43625574247125865
mistral-small-24b,g24p2_181,STR-,3.3276173715245365
mistral-small-24b,g24p2_181,Y0,0.23780477767215366
mistral-small-24b,g24p2_184,ADM+,99.53667704855457
mistral-small-24b,g24p2_184,ADM-,0.05168510974764858
mistral-small-24b,g24p2_184,CF+,25.7450770963008
mistral-small-24b,g24p2_184,CF-,11.024053026463491
mistral-small-24b,g24p2_184,EXC+,31.970943410018563
mistral-small-24b,g24p2_184,EXC-,11.245806834759518
mistral-small-24b,g24p2_184,MNR+,35.49304289626954
mistral-small-24b,g24p2_184,MNR-,39.92279055464576
mistral-small-24b,g24p2_184,RND+,17.361277966903536
mistral-small-24b,g24p2_184,RND-,10.894583839085167
mistral-small-24b,g24p2_184,STR+,4.748106334327726
mistral-small-24b,g24p2_184,STR-,4.921626232820736
mistral-small-24b,g24p2_184,Y0,4.047633568663887
mistral-small-24b,g24p2_185,ADM+,99.9342606350046
mistral-small-24b,g24p2_185,ADM-,0.0650318141718463
mistral-small-24b,g24p2_185,CF+,32.772996401760714
mistral-small-24b,g24p2_185,CF-,47.35768850056752
mistral-small-24b,g24p2_185,EXC+,23.50928334277069
mistral-small-24b,g24p2_185,EXC-,45.38097780889993
mistral-small-24b,g24p2_185,MNR+,28.92539235674862
mistral-small-24b,g24p2_185,MNR-,33.248211808483276
mistral-small-24b,g24p2_185,RND+,37.582258095674845
mistral-small-24b,g24p2_185,RND-,38.05274219366366
mistral-small-24b,g24p2_185,STR+,85.0139413990605
mistral-small-24b,g24p2_185,STR-,37.99841504586035
mistral-small-24b,g24p2_185,Y0,0.11447577014516234
mistral-small-24b,g24p2_186,ADM+,99.54450711477867
mistral-small-24b,g24p2_186,ADM-,5.089459707683729
mistral-small-24b,g24p2_186,CF+,12.007573013298607
mistral-small-24b,g24p2_186,CF-,13.442867278406942
mistral-small-24b,g24p2_186,EXC+,4.855960851747155
mistral-small-24b,g24p2_186,EXC-,18.146091060002828
mistral-small-24b,g24p2_186,MNR+,9.752532792443537
mistral-small-24b,g24p2_186,MNR-,4.718330512441017
mistral-small-24b,g24p2_186,RND+,12.589301973548427
mistral-small-24b,g24p2_186,RND-,13.238806882166893
mistral-small-24b,g24p2_186,STR+,10.81114253032021
mistral-small-24b,g24p2_186,STR-,7.846370639878625
mistral-small-24b,g24p2_186,Y0,4.034544916214278
mistral-small-24b,g24p2_187,ADM+,99.92983964717001
mistral-small-24b,g24p2_187,ADM-,0.11544398878697477
mistral-small-24b,g24p2_187,CF+,27.59743832865755
mistral-small-24b,g24p2_187,CF-,2.1878345941503667
mistral-small-24b,g24p2_187,EXC+,0.07087670880094772
mistral-small-24b,g24p2_187,EXC-,1.228237979218687
mistral-small-24b,g24p2_187,MNR+,20.354777626231524
mistral-small-24b,g24p2_187,MNR-,2.8965714515549905
mistral-small-24b,g24p2_187,RND+,24.75456829325323
mistral-small-24b,g24p2_187,RND-,24.271517817262378
mistral-small-24b,g24p2_187,STR+,13.306481922209315
mistral-small-24b,g24p2_187,STR-,16.169331208592585
mistral-small-24b,g24p2_187,Y0,46.02740063648246
mistral-small-24b,g24p2_189,ADM+,99.90772877516055
mistral-small-24b,g24p2_189,ADM-,12.746323886278297
mistral-small-24b,g24p2_189,CF+,51.81903824925517
mistral-small-24b,g24p2_189,CF-,60.63445124296484
mistral-small-24b,g24p2_189,EXC+,19.87815744452453
mistral-small-24b,g24p2_189,EXC-,25.33671837042237
mistral-small-24b,g24p2_189,MNR+,89.22234979647868
mistral-small-24b,g24p2_189,MNR-,16.789538069986897
mistral-small-24b,g24p2_189,RND+,49.795378882083256
mistral-small-24b,g24p2_189,RND-,50.25883408344398
mistral-small-24b,g24p2_189,STR+,65.14757165275047
mistral-small-24b,g24p2_189,STR-,40.15566497374178
mistral-small-24b,g24p2_189,Y0,80.2344923131342
mistral-small-24b,g24p2_190,ADM+,99.9370329889262
mistral-small-24b,g24p2_190,ADM-,6.865388831393933
mistral-small-24b,g24p2_190,CF+,37.291068281305826
mistral-small-24b,g24p2_190,CF-,39.53764996227956
mistral-small-24b,g24p2_190,EXC+,30.411632354125928
mistral-small-24b,g24p2_190,EXC-,3.685139514793912
mistral-small-24b,g24p2_190,MNR+,24.51838411456624
mistral-small-24b,g24p2_190,MNR-,24.685113845944656
mistral-small-24b,g24p2_190,RND+,38.14644637692802
mistral-small-24b,g24p2_190,RND-,39.424615709962254
mistral-small-24b,g24p2_190,STR+,23.26958222582953
mistral-small-24b,g24p2_190,STR-,24.285112520910236
mistral-small-24b,g24p2_190,Y0,8.107384926455566
mistral-small-24b,g24p2_191,ADM+,0.1655657893359692
mistral-small-24b,g24p2_191,ADM-,0.16909871331953039
mistral-small-24b,g24p2_191,CF+,48.03802162612237
mistral-small-24b,g24p2_191,CF-,48.054714085139395
mistral-small-24b,g24p2_191,EXC+,46.82556737349119
mistral-small-24b,g24p2_191,EXC-,37.6024384752185
mistral-small-24b,g24p2_191,MNR+,46.983568122126115
mistral-small-24b,g24p2_191,MNR-,46.695427495548905
mistral-small-24b,g24p2_191,RND+,47.378222660575226
mistral-small-24b,g24p2_191,RND-,47.31532526872205
mistral-small-24b,g24p2_191,STR+,47.60618060909825
mistral-small-24b,g24p2_191,STR-,47.28083437444289
mistral-small-24b,g24p2_191,Y0,30.132599711018443
mistral-small-24b,g24p2_192,ADM+,98.4285763447442
mistral-small-24b,g24p2_192,ADM-,18.587732017169365
mistral-small-24b,g24p2_192,CF+,42.60384204440089
mistral-small-24b,g24p2_192,CF-,29.907396050759026
mistral-small-24b,g24p2_192,EXC+,7.583055603324914
mistral-small-24b,g24p2_192,EXC-,5.365477778852918
mistral-small-24b,g24p2_192,MNR+,48.79783551397789
mistral-small-24b,g24p2_192,MNR-,32.62776245226027
mistral-small-24b,g24p2_192,RND+,42.01467679547377
mistral-small-24b,g24p2_192,RND-,39.81125752900326
mistral-small-24b,g24p2_192,STR+,52.25013458859719
mistral-small-24b,g24p2_192,STR-,34.524625537136075
mistral-small-24b,g24p2_192,Y0,6.158380318030299
mistral-small-24b,g24p2_193,ADM+,93.04360524479976
mistral-small-24b,g24p2_193,ADM-,56.29115405362892
mistral-small-24b,g24p2_193,CF+,34.2563326805747
mistral-small-24b,g24p2_193,CF-,60.845367477957
mistral-small-24b,g24p2_193,EXC+,29.515016173502243
mistral-small-24b,g24p2_193,EXC-,4.805322347717778
mistral-small-24b,g24p2_193,MNR+,82.50756336464639
mistral-small-24b,g24p2_193,MNR-,85.65615459379426
mistral-small-24b,g24p2_193,RND+,28.432123577083175
mistral-small-24b,g24p2_193,RND-,62.032202336274025
mistral-small-24b,g24p2_193,STR+,26.545682344366735
mistral-small-24b,g24p2_193,STR-,32.25699169523486
mistral-small-24b,g24p2_193,Y0,79.97713347392875
mistral-small-24b,g24p2_194,ADM+,99.78369389942523
mistral-small-24b,g24p2_194,ADM-,0.36640204175387125
mistral-small-24b,g24p2_194,CF+,32.72355906505322
mistral-small-24b,g24p2_194,CF-,34.082225289131344
mistral-small-24b,g24p2_194,EXC+,11.599929637856109
mistral-small-24b,g24p2_194,EXC-,23.140238138817562
mistral-small-24b,g24p2_194,MNR+,34.139736664317915
mistral-small-24b,g24p2_194,MNR-,34.13705472090287
mistral-small-24b,g24p2_194,RND+,36.662821806300094
mistral-small-24b,g24p2_194,RND-,36.63115600205316
mistral-small-24b,g24p2_194,STR+,30.365618893263015
mistral-small-24b,g24p2_194,STR-,28.698045909574976
mistral-small-24b,g24p2_194,Y0,9.870502535479007
mistral-small-24b,g24p2_196,ADM+,99.90479409000746
mistral-small-24b,g24p2_196,ADM-,6.691610242788938
mistral-small-24b,g24p2_196,CF+,32.91862953780594
mistral-small-24b,g24p2_196,CF-,41.76971909815897
mistral-small-24b,g24p2_196,EXC+,25.831712848176274
mistral-small-24b,g24p2_196,EXC-,22.703269277516473
mistral-small-24b,g24p2_196,MNR+,37.03631955440753
mistral-small-24b,g24p2_196,MNR-,24.76298708941479
mistral-small-24b,g24p2_196,RND+,32.706975712231205
mistral-small-24b,g24p2_196,RND-,26.42247664959752
mistral-small-24b,g24p2_196,STR+,42.05067213727978
mistral-small-24b,g24p2_196,STR-,8.27015101301941
mistral-small-24b,g24p2_196,Y0,11.077857528375244
mistral-small-24b,g24p2_198,ADM+,99.96006489904035
mistral-small-24b,g24p2_198,ADM-,0.04505336324120004
mistral-small-24b,g24p2_198,CF+,42.44039838723568
mistral-small-24b,g24p2_198,CF-,0.27223090192453675
mistral-small-24b,g24p2_198,EXC+,22.145107215695084
mistral-small-24b,g24p2_198,EXC-,2.155957077474645
mistral-small-24b,g24p2_198,MNR+,31.288526773248893
mistral-small-24b,g24p2_198,MNR-,5.960634015943867
mistral-small-24b,g24p2_198,RND+,65.69411066112188
mistral-small-24b,g24p2_198,RND-,22.583316837748797
mistral-small-24b,g24p2_198,STR+,28.229116608102057
mistral-small-24b,g24p2_198,STR-,19.6350359195943
mistral-small-24b,g24p2_198,Y0,0.08315199385974027
mistral-small-24b,g24p2_200,ADM+,99.92578862673868
mistral-small-24b,g24p2_200,ADM-,15.769949115496436
mistral-small-24b,g24p2_200,CF+,42.16215244556233
mistral-small-24b,g24p2_200,CF-,63.68012056670287
mistral-small-24b,g24p2_200,EXC+,50.83684982823777
mistral-small-24b,g24p2_200,EXC-,8.9740110141392
mistral-small-24b,g24p2_200,MNR+,48.58598424050348
mistral-small-24b,g24p2_200,MNR-,39.79566077709146
mistral-small-24b,g24p2_200,RND+,43.873106298929855
mistral-small-24b,g24p2_200,RND-,51.41666625277751
mistral-small-24b,g24p2_200,STR+,33.16779842694913
mistral-small-24b,g24p2_200,STR-,35.20321838543622
mistral-small-24b,g24p2_200,Y0,69.32557103420953
mistral-small-24b,g24p2_201,ADM+,18.692398490003455
mistral-small-24b,g24p2_201,ADM-,6.621117494783071
mistral-small-24b,g24p2_201,CF+,1.2601523140970259
mistral-small-24b,g24p2_201,CF-,0.5528520944854
mistral-small-24b,g24p2_201,EXC+,1.3837391471588019
mistral-small-24b,g24p2_201,EXC-,1.2253516808780296
mistral-small-24b,g24p2_201,MNR+,0.7317163070004997
mistral-small-24b,g24p2_201,MNR-,0.36869230067969505
mistral-small-24b,g24p2_201,RND+,0.5484925979481737
mistral-small-24b,g24p2_201,RND-,0.39637967647379546
mistral-small-24b,g24p2_201,STR+,0.2693232356397963
mistral-small-24b,g24p2_201,STR-,0.30431505526666996
mistral-small-24b,g24p2_201,Y0,0.3401836494227933
mistral-small-24b,g24p2_202,ADM+,7.7424276297872705
mistral-small-24b,g24p2_202,ADM-,5.7515936640156085
mistral-small-24b,g24p2_202,CF+,5.814998510457607
mistral-small-24b,g24p2_202,CF-,5.7413375225422065
mistral-small-24b,g24p2_202,EXC+,0.6811814627059339
mistral-small-24b,g24p2_202,EXC-,3.3114350765239626
mistral-small-24b,g24p2_202,MNR+,0.8454878613661571
mistral-small-24b,g24p2_202,MNR-,0.3197150406985506
mistral-small-24b,g24p2_202,RND+,6.482809900410392
mistral-small-24b,g24p2_202,RND-,6.609996005247217
mistral-small-24b,g24p2_202,STR+,3.352276259744688
mistral-small-24b,g24p2_202,STR-,1.3537758449965347
mistral-small-24b,g24p2_202,Y0,0.505252629329801
mistral-small-24b,g24p2_203,ADM+,92.01570520613296
mistral-small-24b,g24p2_203,ADM-,7.590048218575016
mistral-small-24b,g24p2_203,CF+,35.47033151977209
mistral-small-24b,g24p2_203,CF-,46.986749581976454
mistral-small-24b,g24p2_203,EXC+,30.688755361116495
mistral-small-24b,g24p2_203,EXC-,2.885263859188855
mistral-small-24b,g24p2_203,MNR+,28.375190382174775
mistral-small-24b,g24p2_203,MNR-,34.299829526968274
mistral-small-24b,g24p2_203,RND+,33.319330596471644
mistral-small-24b,g24p2_203,RND-,43.94278456095507
mistral-small-24b,g24p2_203,STR+,27.39705323187942
mistral-small-24b,g24p2_203,STR-,37.6311346607602
mistral-small-24b,g24p2_203,Y0,10.548836183843939
mistral-small-24b,g24p2_204,ADM+,97.84887654550687
mistral-small-24b,g24p2_204,ADM-,77.73931360928466
mistral-small-24b,g24p2_204,CF+,61.93210080265263
mistral-small-24b,g24p2_204,CF-,75.62086924808213
mistral-small-24b,g24p2_204,EXC+,19.140003998313368
mistral-small-24b,g24p2_204,EXC-,14.266759553463622
mistral-small-24b,g24p2_204,MNR+,71.37851824734061
mistral-small-24b,g24p2_204,MNR-,84.17794667632087
mistral-small-24b,g24p2_204,RND+,61.215725877965006
mistral-small-24b,g24p2_204,RND-,44.90490932845333
mistral-small-24b,g24p2_204,STR+,45.8676401969154
mistral-small-24b,g24p2_204,STR-,73.68241861403413
mistral-small-24b,g24p2_204,Y0,81.36107051509997
mistral-small-24b,g24p2_207,ADM+,55.315703957034785
mistral-small-24b,g24p2_207,ADM-,14.620336850495846
mistral-small-24b,g24p2_207,CF+,37.271266337979256
mistral-small-24b,g24p2_207,CF-,42.556798212654584
mistral-small-24b,g24p2_207,EXC+,9.224136043349956
mistral-small-24b,g24p2_207,EXC-,6.904592117714846
mistral-small-24b,g24p2_207,MNR+,27.142374541256302
mistral-small-24b,g24p2_207,MNR-,25.151965441773022
mistral-small-24b,g24p2_207,RND+,36.147025454070054
mistral-small-24b,g24p2_207,RND-,27.80890209691238
mistral-small-24b,g24p2_207,STR+,35.705263893226714
mistral-small-24b,g24p2_207,STR-,25.357489307594488
mistral-small-24b,g24p2_207,Y0,29.84681392369694
mistral-small-24b,g24p2_208,ADM+,99.3746490354974
mistral-small-24b,g24p2_208,ADM-,7.130585274449653
mistral-small-24b,g24p2_208,CF+,47.81372218304804
mistral-small-24b,g24p2_208,CF-,48.20020809530096
mistral-small-24b,g24p2_208,EXC+,26.54513278458672
mistral-small-24b,g24p2_208,EXC-,27.000391982995176
mistral-small-24b,g24p2_208,MNR+,36.369984263258786
mistral-small-24b,g24p2_208,MNR-,8.983898599776802
mistral-small-24b,g24p2_208,RND+,21.56903184602492
mistral-small-24b,g24p2_208,RND-,40.18941245161552
mistral-small-24b,g24p2_208,STR+,30.04706165533389
mistral-small-24b,g24p2_208,STR-,29.420367052007407
mistral-small-24b,g24p2_208,Y0,32.03140122761075
mistral-small-24b,g24p2_211,ADM+,99.85723919882385
mistral-small-24b,g24p2_211,ADM-,8.392318661838708
mistral-small-24b,g24p2_211,CF+,34.572151463585456
mistral-small-24b,g24p2_211,CF-,8.371418845229215
mistral-small-24b,g24p2_211,EXC+,39.86181992215035
mistral-small-24b,g24p2_211,EXC-,1.254278669888713
mistral-small-24b,g24p2_211,MNR+,28.18036877724171
mistral-small-24b,g24p2_211,MNR-,0.5604383518981483
mistral-small-24b,g24p2_211,RND+,33.927497497809014
mistral-small-24b,g24p2_211,RND-,7.907626954858399
mistral-small-24b,g24p2_211,STR+,6.309864044209682
mistral-small-24b,g24p2_211,STR-,5.753019838071828
mistral-small-24b,g24p2_211,Y0,13.400761863778671
mistral-small-24b,g24p2_213,ADM+,12.435721349410672
mistral-small-24b,g24p2_213,ADM-,5.13220404033568
mistral-small-24b,g24p2_213,CF+,45.065882446739636
mistral-small-24b,g24p2_213,CF-,38.51535752312642
mistral-small-24b,g24p2_213,EXC+,23.52586335964493
mistral-small-24b,g24p2_213,EXC-,15.15177476140392
mistral-small-24b,g24p2_213,MNR+,22.415535746275825
mistral-small-24b,g24p2_213,MNR-,6.112372829732965
mistral-small-24b,g24p2_213,RND+,27.95735093439233
mistral-small-24b,g24p2_213,RND-,26.470746875330644
mistral-small-24b,g24p2_213,STR+,22.392053088608893
mistral-small-24b,g24p2_213,STR-,26.812837430206862
mistral-small-24b,g24p2_213,Y0,30.378306199751275
mistral-small-24b,g24p2_214,ADM+,99.76649818257341
mistral-small-24b,g24p2_214,ADM-,19.84938068193854
mistral-small-24b,g24p2_214,CF+,41.626072198728274
mistral-small-24b,g24p2_214,CF-,1.2216342205886064
mistral-small-24b,g24p2_214,EXC+,16.92018158405369
mistral-small-24b,g24p2_214,EXC-,3.477223267551599
mistral-small-24b,g24p2_214,MNR+,7.53594096084241
mistral-small-24b,g24p2_214,MNR-,5.336506405380315
mistral-small-24b,g24p2_214,RND+,41.707826749414515
mistral-small-24b,g24p2_214,RND-,6.279353985096031
mistral-small-24b,g24p2_214,STR+,10.784407659792075
mistral-small-24b,g24p2_214,STR-,6.719628887423763
mistral-small-24b,g24p2_214,Y0,0.053431582033557766
mistral-small-24b,g24p2_215,ADM+,99.80534137738547
mistral-small-24b,g24p2_215,ADM-,7.836403174531905
mistral-small-24b,g24p2_215,CF+,46.72877063418522
mistral-small-24b,g24p2_215,CF-,28.432704968729553
mistral-small-24b,g24p2_215,EXC+,18.27778293232907
mistral-small-24b,g24p2_215,EXC-,0.7286547585572313
mistral-small-24b,g24p2_215,MNR+,40.29548376295568
mistral-small-24b,g24p2_215,MNR-,5.852335919850379
mistral-small-24b,g24p2_215,RND+,37.30912441064813
mistral-small-24b,g24p2_215,RND-,26.162256676479412
mistral-small-24b,g24p2_215,STR+,33.50589680435312
mistral-small-24b,g24p2_215,STR-,28.232066526750458
mistral-small-24b,g24p2_215,Y0,59.263911318171004
mistral-small-24b,g24p2_216,ADM+,99.71366448751446
mistral-small-24b,g24p2_216,ADM-,77.49598538337742
mistral-small-24b,g24p2_216,CF+,81.40824693383432
mistral-small-24b,g24p2_216,CF-,31.20236736342372
mistral-small-24b,g24p2_216,EXC+,38.10796652720248
mistral-small-24b,g24p2_216,EXC-,2.230865592124896
mistral-small-24b,g24p2_216,MNR+,87.26655445303916
mistral-small-24b,g24p2_216,MNR-,20.449855884627176
mistral-small-24b,g24p2_216,RND+,89.85742636479014
mistral-small-24b,g24p2_216,RND-,40.72108135242435
mistral-small-24b,g24p2_216,STR+,25.589227257867254
mistral-small-24b,g24p2_216,STR-,41.395089473941624
mistral-small-24b,g24p2_216,Y0,90.53437456387658
mistral-small-24b,g24p2_217,ADM+,98.10178706594472
mistral-small-24b,g24p2_217,ADM-,97.62940885366783
mistral-small-24b,g24p2_217,CF+,89.37658025301035
mistral-small-24b,g24p2_217,CF-,79.89542242758307
mistral-small-24b,g24p2_217,EXC+,9.556162034953633
mistral-small-24b,g24p2_217,EXC-,9.56984510917781
mistral-small-24b,g24p2_217,MNR+,98.21257523439178
mistral-small-24b,g24p2_217,MNR-,89.6790241320935
mistral-small-24b,g24p2_217,RND+,78.72389637430048
mistral-small-24b,g24p2_217,RND-,89.23159806525949
mistral-small-24b,g24p2_217,STR+,85.271604488115
mistral-small-24b,g24p2_217,STR-,86.52392442618344
mistral-small-24b,g24p2_217,Y0,78.27181442640338
mistral-small-24b,g24p2_218,ADM+,93.4130597448162
mistral-small-24b,g24p2_218,ADM-,81.30518929637057
mistral-small-24b,g24p2_218,CF+,39.32367021858261
mistral-small-24b,g24p2_218,CF-,26.822895286739723
mistral-small-24b,g24p2_218,EXC+,17.518423177231213
mistral-small-24b,g24p2_218,EXC-,1.4410754600059623
mistral-small-24b,g24p2_218,MNR+,35.21687747207358
mistral-small-24b,g24p2_218,MNR-,7.331381238225543
mistral-small-24b,g24p2_218,RND+,40.275301244217786
mistral-small-24b,g24p2_218,RND-,41.003440334958746
mistral-small-24b,g24p2_218,STR+,13.03466780931214
mistral-small-24b,g24p2_218,STR-,34.3767453848989
mistral-small-24b,g24p2_218,Y0,14.46035560668312
mistral-small-24b,g24p2_219,ADM+,98.79118040342192
mistral-small-24b,g24p2_219,ADM-,5.374278114316432
mistral-small-24b,g24p2_219,CF+,31.431849180582837
mistral-small-24b,g24p2_219,CF-,30.690379848801886
mistral-small-24b,g24p2_219,EXC+,25.239166979117083
mistral-small-24b,g24p2_219,EXC-,4.050142100193768
mistral-small-24b,g24p2_219,MNR+,43.57659857033112
mistral-small-24b,g24p2_219,MNR-,34.529704480629796
mistral-small-24b,g24p2_219,RND+,31.988834626337376
mistral-small-24b,g24p2_219,RND-,32.6447147078604
mistral-small-24b,g24p2_219,STR+,22.171322999362772
mistral-small-24b,g24p2_219,STR-,24.14113986194246
mistral-small-24b,g24p2_219,Y0,37.13212718088797
mistral-small-24b,g24p2_220,ADM+,99.2441683396309
mistral-small-24b,g24p2_220,ADM-,7.283470428482712
mistral-small-24b,g24p2_220,CF+,4.1029545225156685
mistral-small-24b,g24p2_220,CF-,43.15306096484259
mistral-small-24b,g24p2_220,EXC+,0.04180181821115865
mistral-small-24b,g24p2_220,EXC-,0.03833782488325619
mistral-small-24b,g24p2_220,MNR+,0.0302250738775428
mistral-small-24b,g24p2_220,MNR-,0.03054725205210461
mistral-small-24b,g24p2_220,RND+,4.106954181539144
mistral-small-24b,g24p2_220,RND-,28.229690080894418
mistral-small-24b,g24p2_220,STR+,0.03961709301838682
mistral-small-24b,g24p2_220,STR-,0.03506862047406108
mistral-small-24b,g24p2_220,Y0,6.201123576414262
mistral-small-24b,g24p2_223,ADM+,99.65829029562958
mistral-small-24b,g24p2_223,ADM-,10.166983839432113
mistral-small-24b,g24p2_223,CF+,2.3676581960497076
mistral-small-24b,g24p2_223,CF-,8.910860238449194
mistral-small-24b,g24p2_223,EXC+,10.120162660315298
mistral-small-24b,g24p2_223,EXC-,2.208889963702664
mistral-small-24b,g24p2_223,MNR+,0.25766032344356843
mistral-small-24b,g24p2_223,MNR-,0.5863161221649266
mistral-small-24b,g24p2_223,RND+,1.9904536014019512
mistral-small-24b,g24p2_223,RND-,9.161400701611784
mistral-small-24b,g24p2_223,STR+,0.549745010451912
mistral-small-24b,g24p2_223,STR-,5.745023927863856
mistral-small-24b,g24p2_223,Y0,0.2511755648719184
mistral-small-24b,g24p2_224,ADM+,65.8880393791049
mistral-small-24b,g24p2_224,ADM-,23.51103759564364
mistral-small-24b,g24p2_224,CF+,28.03391576789554
mistral-small-24b,g24p2_224,CF-,40.94862887896946
mistral-small-24b,g24p2_224,EXC+,14.12295975204017
mistral-small-24b,g24p2_224,EXC-,5.333568323933787
mistral-small-24b,g24p2_224,MNR+,14.550434060068445
mistral-small-24b,g24p2_224,MNR-,9.777236560624596
mistral-small-24b,g24p2_224,RND+,22.99389535406832
mistral-small-24b,g24p2_224,RND-,14.3697313741353
mistral-small-24b,g24p2_224,STR+,13.24424326231281
mistral-small-24b,g24p2_224,STR-,16.3753413996461
mistral-small-24b,g24p2_224,Y0,22.94739445145897
mistral-small-24b,g24p2_225,ADM+,93.98217364491914
mistral-small-24b,g24p2_225,ADM-,95.77575389728038
mistral-small-24b,g24p2_225,CF+,78.09671720596015
mistral-small-24b,g24p2_225,CF-,27.392721455464496
mistral-small-24b,g24p2_225,EXC+,11.0050806860037
mistral-small-24b,g24p2_225,EXC-,21.086637430825807
mistral-small-24b,g24p2_225,MNR+,80.87231705225327
mistral-small-24b,g24p2_225,MNR-,87.62156855418102
mistral-small-24b,g24p2_225,RND+,80.26793633916658
mistral-small-24b,g24p2_225,RND-,79.85907537691442
mistral-small-24b,g24p2_225,STR+,28.993185386031005
mistral-small-24b,g24p2_225,STR-,8.515998381352516
mistral-small-24b,g24p2_225,Y0,4.868228216993305
mistral-small-24b,g24p2_227,ADM+,91.00090409925163
mistral-small-24b,g24p2_227,ADM-,0.12037123401880577
mistral-small-24b,g24p2_227,CF+,11.550558635595715
mistral-small-24b,g24p2_227,CF-,10.866118545038713
mistral-small-24b,g24p2_227,EXC+,10.98064276548346
mistral-small-24b,g24p2_227,EXC-,28.809721201173204
mistral-small-24b,g24p2_227,MNR+,10.293052171411018
mistral-small-24b,g24p2_227,MNR-,3.8860820393927833
mistral-small-24b,g24p2_227,RND+,11.24484634645978
mistral-small-24b,g24p2_227,RND-,10.593926257679904
mistral-small-24b,g24p2_227,STR+,10.619731493934019
mistral-small-24b,g24p2_227,STR-,7.503127057282787
mistral-small-24b,g24p2_227,Y0,5.28414903588363
mistral-small-24b,g24p2_228,ADM+,91.70717924529043
mistral-small-24b,g24p2_228,ADM-,56.6235344237227
mistral-small-24b,g24p2_228,CF+,45.2783125007557
mistral-small-24b,g24p2_228,CF-,27.77222803885881
mistral-small-24b,g24p2_228,EXC+,36.31177256719991
mistral-small-24b,g24p2_228,EXC-,6.861219082079824
mistral-small-24b,g24p2_228,MNR+,53.988568736768954
mistral-small-24b,g24p2_228,MNR-,33.20913823419688
mistral-small-24b,g24p2_228,RND+,44.582530702909565
mistral-small-24b,g24p2_228,RND-,26.313975062482335
mistral-small-24b,g24p2_228,STR+,41.7021769546469
mistral-small-24b,g24p2_228,STR-,28.53810505632886
mistral-small-24b,g24p2_228,Y0,31.533473297856524
mistral-small-24b,g24p2_230,ADM+,97.83961846136712
mistral-small-24b,g24p2_230,ADM-,5.226483970933302
mistral-small-24b,g24p2_230,CF+,12.128072969665636
mistral-small-24b,g24p2_230,CF-,9.22310921245649
mistral-small-24b,g24p2_230,EXC+,20.46565342402709
mistral-small-24b,g24p2_230,EXC-,8.458711438669098
mistral-small-24b,g24p2_230,MNR+,10.078277861471774
mistral-small-24b,g24p2_230,MNR-,19.58954201905867
mistral-small-24b,g24p2_230,RND+,11.941493714426962
mistral-small-24b,g24p2_230,RND-,9.066459546071663
mistral-small-24b,g24p2_230,STR+,11.453482066636504
mistral-small-24b,g24p2_230,STR-,8.952068106213456
mistral-small-24b,g24p2_230,Y0,0.14657906113407856
mistral-small-24b,g24p2_231,ADM+,98.80531177661715
mistral-small-24b,g24p2_231,ADM-,10.143899938882583
mistral-small-24b,g24p2_231,CF+,39.48107257500732
mistral-small-24b,g24p2_231,CF-,39.514277456657275
mistral-small-24b,g24p2_231,EXC+,23.122251923180794
mistral-small-24b,g24p2_231,EXC-,32.35027591423812
mistral-small-24b,g24p2_231,MNR+,35.87145020072097
mistral-small-24b,g24p2_231,MNR-,41.54752215438268
mistral-small-24b,g24p2_231,RND+,41.41987916562842
mistral-small-24b,g24p2_231,RND-,42.38746476845124
mistral-small-24b,g24p2_231,STR+,24.2250841687543
mistral-small-24b,g24p2_231,STR-,27.821951594325373
mistral-small-24b,g24p2_231,Y0,0.5057354901814437
mistral-small-24b,g24p2_232,ADM+,99.96662876186429
mistral-small-24b,g24p2_232,ADM-,0.05919948381437471
mistral-small-24b,g24p2_232,CF+,30.40475434966278
mistral-small-24b,g24p2_232,CF-,29.041313590709787
mistral-small-24b,g24p2_232,EXC+,36.26996349399568
mistral-small-24b,g24p2_232,EXC-,44.03764460844063
mistral-small-24b,g24p2_232,MNR+,37.475317192631906
mistral-small-24b,g24p2_232,MNR-,32.468912582893246
mistral-small-24b,g24p2_232,RND+,29.783930969693568
mistral-small-24b,g24p2_232,RND-,27.475838922026824
mistral-small-24b,g24p2_232,STR+,34.99803388691939
mistral-small-24b,g24p2_232,STR-,35.034977509464575
mistral-small-24b,g24p2_232,Y0,32.4216658021904
mistral-small-24b,g24p2_233,ADM+,99.82814440917856
mistral-small-24b,g24p2_233,ADM-,0.04741486491654878
mistral-small-24b,g24p2_233,CF+,34.57664841070627
mistral-small-24b,g24p2_233,CF-,7.363687202573841
mistral-small-24b,g24p2_233,EXC+,33.950672125752334
mistral-small-24b,g24p2_233,EXC-,27.679512664446108
mistral-small-24b,g24p2_233,MNR+,16.45724547810456
mistral-small-24b,g24p2_233,MNR-,98.14195460991112
mistral-small-24b,g24p2_233,RND+,36.38118591076332
mistral-small-24b,g24p2_233,RND-,7.784963636638356
mistral-small-24b,g24p2_233,STR+,13.106469310634642
mistral-small-24b,g24p2_233,STR-,94.17725537432331
mistral-small-24b,g24p2_233,Y0,99.61117620711883
mistral-small-24b,g24p2_234,ADM+,95.17073794591725
mistral-small-24b,g24p2_234,ADM-,41.47697835862413
mistral-small-24b,g24p2_234,CF+,57.68744685991135
mistral-small-24b,g24p2_234,CF-,43.85569603343866
mistral-small-24b,g24p2_234,EXC+,36.698743974915345
mistral-small-24b,g24p2_234,EXC-,26.88907495724663
mistral-small-24b,g24p2_234,MNR+,48.349062624896966
mistral-small-24b,g24p2_234,MNR-,34.8402157672029
mistral-small-24b,g24p2_234,RND+,62.9369954286349
mistral-small-24b,g24p2_234,RND-,55.31857302862903
mistral-small-24b,g24p2_234,STR+,59.57970659215193
mistral-small-24b,g24p2_234,STR-,42.96190022189764
mistral-small-24b,g24p2_234,Y0,25.211181385674518
mistral-small-24b,g24p2_235,ADM+,99.26459222573834
mistral-small-24b,g24p2_235,ADM-,0.06275165045054631
mistral-small-24b,g24p2_235,CF+,41.017981549186715
mistral-small-24b,g24p2_235,CF-,44.65289666508889
mistral-small-24b,g24p2_235,EXC+,23.40769365198997
mistral-small-24b,g24p2_235,EXC-,33.673241372098886
mistral-small-24b,g24p2_235,MNR+,45.90524778075378
mistral-small-24b,g24p2_235,MNR-,51.23822764714088
mistral-small-24b,g24p2_235,RND+,41.373764915179045
mistral-small-24b,g24p2_235,RND-,41.94864645121284
mistral-small-24b,g24p2_235,STR+,35.240994963914055
mistral-small-24b,g24p2_235,STR-,57.57937069647978
mistral-small-24b,g24p2_235,Y0,0.08981162447257937
mistral-small-24b,g24p2_237,ADM+,99.0808967071821
mistral-small-24b,g24p2_237,ADM-,6.98583874075975
mistral-small-24b,g24p2_237,CF+,56.32475736946921
mistral-small-24b,g24p2_237,CF-,76.95768937707966
mistral-small-24b,g24p2_237,EXC+,39.72035298889779
mistral-small-24b,g24p2_237,EXC-,12.657605600346377
mistral-small-24b,g24p2_237,MNR+,9.40119448000772
mistral-small-24b,g24p2_237,MNR-,28.48281592522506
mistral-small-24b,g24p2_237,RND+,75.0517882473778
mistral-small-24b,g24p2_237,RND-,57.76785322923474
mistral-small-24b,g24p2_237,STR+,46.43660176814203
mistral-small-24b,g24p2_237,STR-,6.279803228296021
mistral-small-24b,g24p2_237,Y0,5.981238284275497
mistral-small-24b,g24p2_238,ADM+,99.93363432024732
mistral-small-24b,g24p2_238,ADM-,0.04853032880261712
mistral-small-24b,g24p2_238,CF+,49.49183169411169
mistral-small-24b,g24p2_238,CF-,34.2750426647853
mistral-small-24b,g24p2_238,EXC+,27.803348839285395
mistral-small-24b,g24p2_238,EXC-,5.554348247737874
mistral-small-24b,g24p2_238,MNR+,27.10226580546947
mistral-small-24b,g24p2_238,MNR-,25.694071081021562
mistral-small-24b,g24p2_238,RND+,48.80934838965608
mistral-small-24b,g24p2_238,RND-,23.98458100935021
mistral-small-24b,g24p2_238,STR+,22.365638471701455
mistral-small-24b,g24p2_238,STR-,23.348617300286264
mistral-small-24b,g24p2_238,Y0,2.105644328454875
mistral-small-24b,g24p2_239,ADM+,99.68470609245543
mistral-small-24b,g24p2_239,ADM-,0.08326279147289156
mistral-small-24b,g24p2_239,CF+,47.7850269360133
mistral-small-24b,g24p2_239,CF-,47.44195411550062
mistral-small-24b,g24p2_239,EXC+,24.957032012855038
mistral-small-24b,g24p2_239,EXC-,25.195492331102376
mistral-small-24b,g24p2_239,MNR+,36.04719241583227
mistral-small-24b,g24p2_239,MNR-,34.69002558778601
mistral-small-24b,g24p2_239,RND+,47.250882152092515
mistral-small-24b,g24p2_239,RND-,46.82987289356755
mistral-small-24b,g24p2_239,STR+,35.02265140305755
mistral-small-24b,g24p2_239,STR-,32.48729914911919
mistral-small-24b,g24p2_239,Y0,0.0891227064630139
mistral-small-24b,g24p2_240,ADM+,99.41774996802057
mistral-small-24b,g24p2_240,ADM-,9.174288281946264
mistral-small-24b,g24p2_240,CF+,48.295106710135336
mistral-small-24b,g24p2_240,CF-,21.377986689714543
mistral-small-24b,g24p2_240,EXC+,31.406786921139698
mistral-small-24b,g24p2_240,EXC-,32.47035394256039
mistral-small-24b,g24p2_240,MNR+,80.05487360692105
mistral-small-24b,g24p2_240,MNR-,0.6622926225933047
mistral-small-24b,g24p2_240,RND+,54.39896182645585
mistral-small-24b,g24p2_240,RND-,44.06997293329151
mistral-small-24b,g24p2_240,STR+,58.55268571601568
mistral-small-24b,g24p2_240,STR-,17.407771932980996
mistral-small-24b,g24p2_240,Y0,19.940116790028544
mistral-small-24b,g24p2_242,ADM+,95.81917988229145
mistral-small-24b,g24p2_242,ADM-,0.08756442210238866
mistral-small-24b,g24p2_242,CF+,41.692439377268485
mistral-small-24b,g24p2_242,CF-,42.64490373152486
mistral-small-24b,g24p2_242,EXC+,33.98195702342566
mistral-small-24b,g24p2_242,EXC-,39.75569876296529
mistral-small-24b,g24p2_242,MNR+,88.35143752835543
mistral-small-24b,g24p2_242,MNR-,35.72312554197893
mistral-small-24b,g24p2_242,RND+,32.91993299754656
mistral-small-24b,g24p2_242,RND-,36.723699082676234
mistral-small-24b,g24p2_242,STR+,36.16933276729914
mistral-small-24b,g24p2_242,STR-,36.8949664919876
mistral-small-24b,g24p2_242,Y0,46.66360802869761
mistral-small-24b,g24p2_245,ADM+,99.8559053533483
mistral-small-24b,g24p2_245,ADM-,0.09466350200306232
mistral-small-24b,g24p2_245,CF+,34.129121154372854
mistral-small-24b,g24p2_245,CF-,47.73052497513434
mistral-small-24b,g24p2_245,EXC+,22.760953147164358
mistral-small-24b,g24p2_245,EXC-,41.83069246789622
mistral-small-24b,g24p2_245,MNR+,95.89931388028893
mistral-small-24b,g24p2_245,MNR-,38.04743095516534
mistral-small-24b,g24p2_245,RND+,48.66328940059205
mistral-small-24b,g24p2_245,RND-,47.0344274909277
mistral-small-24b,g24p2_245,STR+,82.55203878091388
mistral-small-24b,g24p2_245,STR-,79.68065487025315
mistral-small-24b,g24p2_245,Y0,99.79788535305994
mistral-small-24b,g24p2_246,ADM+,99.96271868011708
mistral-small-24b,g24p2_246,ADM-,0.050320995323480854
mistral-small-24b,g24p2_246,CF+,38.6813099237113
mistral-small-24b,g24p2_246,CF-,37.30696225329335
mistral-small-24b,g24p2_246,EXC+,26.663567903539956
mistral-small-24b,g24p2_246,EXC-,39.37113612854873
mistral-small-24b,g24p2_246,MNR+,41.72711748736029
mistral-small-24b,g24p2_246,MNR-,30.06051196115165
mistral-small-24b,g24p2_246,RND+,30.36100698751161
mistral-small-24b,g24p2_246,RND-,37.286866922029525
mistral-small-24b,g24p2_246,STR+,20.106125032073514
mistral-small-24b,g24p2_246,STR-,35.435239852524745
mistral-small-24b,g24p2_246,Y0,92.11434393885966
mistral-small-24b,g24p2_247,ADM+,99.93906612512869
mistral-small-24b,g24p2_247,ADM-,12.664059863470095
mistral-small-24b,g24p2_247,CF+,34.04100035403158
mistral-small-24b,g24p2_247,CF-,32.20251974271514
mistral-small-24b,g24p2_247,EXC+,12.492209872143242
mistral-small-24b,g24p2_247,EXC-,5.957402663169759
mistral-small-24b,g24p2_247,MNR+,32.274704655868355
mistral-small-24b,g24p2_247,MNR-,14.046242341075388
mistral-small-24b,g24p2_247,RND+,32.55324723311864
mistral-small-24b,g24p2_247,RND-,31.806983486529628
mistral-small-24b,g24p2_247,STR+,12.736905165941034
mistral-small-24b,g24p2_247,STR-,20.316934787728588
mistral-small-24b,g24p2_247,Y0,89.49726705648204
mistral-small-24b,g24p2_248,ADM+,92.65795020577683
mistral-small-24b,g24p2_248,ADM-,7.238002010887346
mistral-small-24b,g24p2_248,CF+,36.393296745868824
mistral-small-24b,g24p2_248,CF-,3.846225207871406
mistral-small-24b,g24p2_248,EXC+,32.57714250473426
mistral-small-24b,g24p2_248,EXC-,8.113945589368818
mistral-small-24b,g24p2_248,MNR+,14.172924184834505
mistral-small-24b,g24p2_248,MNR-,4.129848651284984
mistral-small-24b,g24p2_248,RND+,23.40918428078777
mistral-small-24b,g24p2_248,RND-,20.45053975834466
mistral-small-24b,g24p2_248,STR+,19.618379637211515
mistral-small-24b,g24p2_248,STR-,20.83960486907285
mistral-small-24b,g24p2_248,Y0,12.274913499815485
mistral-small-24b,g24p2_250,ADM+,91.12576669346532
mistral-small-24b,g24p2_250,ADM-,8.238890746269286
mistral-small-24b,g24p2_250,CF+,40.12671101729407
mistral-small-24b,g24p2_250,CF-,35.831538718637674
mistral-small-24b,g24p2_250,EXC+,36.35343298443085
mistral-small-24b,g24p2_250,EXC-,37.095871729213066
mistral-small-24b,g24p2_250,MNR+,37.361654191207805
mistral-small-24b,g24p2_250,MNR-,21.3354068625751
mistral-small-24b,g24p2_250,RND+,42.93809326714098
mistral-small-24b,g24p2_250,RND-,42.948924211026544
mistral-small-24b,g24p2_250,STR+,33.08790622059834
mistral-small-24b,g24p2_250,STR-,32.78969245021071
mistral-small-24b,g24p2_250,Y0,28.841710651664485
mistral-small-24b,g24p2_252,ADM+,99.41175008408176
mistral-small-24b,g24p2_252,ADM-,0.05498256826725047
mistral-small-24b,g24p2_252,CF+,39.79518040580023
mistral-small-24b,g24p2_252,CF-,43.38155303040509
mistral-small-24b,g24p2_252,EXC+,22.444788975288393
mistral-small-24b,g24p2_252,EXC-,45.73932026244361
mistral-small-24b,g24p2_252,MNR+,92.85872788150286
mistral-small-24b,g24p2_252,MNR-,39.57868272182837
mistral-small-24b,g24p2_252,RND+,41.74637812837225
mistral-small-24b,g24p2_252,RND-,44.038077869456345
mistral-small-24b,g24p2_252,STR+,29.07397237319238
mistral-small-24b,g24p2_252,STR-,38.99356997920105
mistral-small-24b,g24p2_252,Y0,0.5230161527803667
mistral-small-24b,g24p2_254,ADM+,94.09737456251288
mistral-small-24b,g24p2_254,ADM-,89.0668310559912
mistral-small-24b,g24p2_254,CF+,38.27583902288523
mistral-small-24b,g24p2_254,CF-,42.02158923502447
mistral-small-24b,g24p2_254,EXC+,21.608367938366985
mistral-small-24b,g24p2_254,EXC-,20.606943449406938
mistral-small-24b,g24p2_254,MNR+,43.16467583138354
mistral-small-24b,g24p2_254,MNR-,38.39330482521536
mistral-small-24b,g24p2_254,RND+,43.22053683974318
mistral-small-24b,g24p2_254,RND-,51.720958381148115
mistral-small-24b,g24p2_254,STR+,42.33103789635175
mistral-small-24b,g24p2_254,STR-,35.62898095183232
mistral-small-24b,g24p2_254,Y0,66.66472452427722
mistral-small-24b,g24p2_255,ADM+,99.9628740591158
mistral-small-24b,g24p2_255,ADM-,0.08575878761109988
mistral-small-24b,g24p2_255,CF+,47.41076965471562
mistral-small-24b,g24p2_255,CF-,46.957544659895674
mistral-small-24b,g24p2_255,EXC+,17.31614071705029
mistral-small-24b,g24p2_255,EXC-,23.69724082962965
mistral-small-24b,g24p2_255,MNR+,30.855533916979205
mistral-small-24b,g24p2_255,MNR-,32.85762903725262
mistral-small-24b,g24p2_255,RND+,25.729191813147096
mistral-small-24b,g24p2_255,RND-,46.512505191941656
mistral-small-24b,g24p2_255,STR+,19.936980662982254
mistral-small-24b,g24p2_255,STR-,37.897507585419625
mistral-small-24b,g24p2_255,Y0,0.2128813879853743
mistral-small-24b,g24p2_258,ADM+,99.781086259971
mistral-small-24b,g24p2_258,ADM-,6.12412788944781
mistral-small-24b,g24p2_258,CF+,33.479419642673776
mistral-small-24b,g24p2_258,CF-,41.115393795627824
mistral-small-24b,g24p2_258,EXC+,20.285896762512998
mistral-small-24b,g24p2_258,EXC-,33.460351679827774
mistral-small-24b,g24p2_258,MNR+,21.941628176839075
mistral-small-24b,g24p2_258,MNR-,31.838304147108463
mistral-small-24b,g24p2_258,RND+,39.93264722663708
mistral-small-24b,g24p2_258,RND-,39.371679305729565
mistral-small-24b,g24p2_258,STR+,39.21132740660394
mistral-small-24b,g24p2_258,STR-,50.45161106134086
mistral-small-24b,g24p2_258,Y0,71.18243346480791
mistral-small-24b,g24p2_259,ADM+,99.88106135651219
mistral-small-24b,g24p2_259,ADM-,3.8537197471143725
mistral-small-24b,g24p2_259,CF+,41.51170596289033
mistral-small-24b,g24p2_259,CF-,38.01713956876771
mistral-small-24b,g24p2_259,EXC+,3.0076455991419038
mistral-small-24b,g24p2_259,EXC-,3.4741491075922877
mistral-small-24b,g24p2_259,MNR+,34.34133155096218
mistral-small-24b,g24p2_259,MNR-,26.964843714233503
mistral-small-24b,g24p2_259,RND+,37.45666115042282
mistral-small-24b,g24p2_259,RND-,40.17233828544646
mistral-small-24b,g24p2_259,STR+,21.5034983878655
mistral-small-24b,g24p2_259,STR-,30.43108461385423
mistral-small-24b,g24p2_259,Y0,9.101162302343301
mistral-small-24b,g24p2_260,ADM+,99.72140570624272
mistral-small-24b,g24p2_260,ADM-,11.519468978743284
mistral-small-24b,g24p2_260,CF+,31.742613111051273
mistral-small-24b,g24p2_260,CF-,18.956585460473164
mistral-small-24b,g24p2_260,EXC+,32.74444244313533
mistral-small-24b,g24p2_260,EXC-,15.879478766663173
mistral-small-24b,g24p2_260,MNR+,27.603432977488644
mistral-small-24b,g24p2_260,MNR-,19.491461435446
mistral-small-24b,g24p2_260,RND+,20.88819190913614
mistral-small-24b,g24p2_260,RND-,32.585596299869025
mistral-small-24b,g24p2_260,STR+,17.695638492614144
mistral-small-24b,g24p2_260,STR-,12.753289980760744
mistral-small-24b,g24p2_260,Y0,52.55997504157936
mistral-small-24b,g24p2_261,ADM+,99.04241868029168
mistral-small-24b,g24p2_261,ADM-,9.650116939829207
mistral-small-24b,g24p2_261,CF+,25.57915280275307
mistral-small-24b,g24p2_261,CF-,33.94576596165343
mistral-small-24b,g24p2_261,EXC+,30.743810927306797
mistral-small-24b,g24p2_261,EXC-,24.09888606009096
mistral-small-24b,g24p2_261,MNR+,33.92721273279694
mistral-small-24b,g24p2_261,MNR-,21.470107767671024
mistral-small-24b,g24p2_261,RND+,33.75929114123892
mistral-small-24b,g24p2_261,RND-,33.87841491890988
mistral-small-24b,g24p2_261,STR+,7.1412617220929535
mistral-small-24b,g24p2_261,STR-,13.241609773896696
mistral-small-24b,g24p2_261,Y0,25.456354355429742
llama31-8b,g24p2_000,ADM+,0.0876639338711552
llama31-8b,g24p2_000,ADM-,4.683864009756579
llama31-8b,g24p2_000,CF+,0.13767661176229287
llama31-8b,g24p2_000,CF-,81.77129266981984
llama31-8b,g24p2_000,EXC+,42.65389818481896
llama31-8b,g24p2_000,EXC-,44.04590564173307
llama31-8b,g24p2_000,MNR+,16.559022093664314
llama31-8b,g24p2_000,MNR-,16.07973271012216
llama31-8b,g24p2_000,RND+,0.08103075211460797
llama31-8b,g24p2_000,RND-,44.458032286345805
llama31-8b,g24p2_000,STR+,3.1925134314396795
llama31-8b,g24p2_000,STR-,4.643361384665135
llama31-8b,g24p2_000,Y0,40.00827166597414
llama31-8b,g24p2_001,ADM+,90.2554200937608
llama31-8b,g24p2_001,ADM-,6.096657564681127
llama31-8b,g24p2_001,CF+,83.18045440408234
llama31-8b,g24p2_001,CF-,55.55333967608496
llama31-8b,g24p2_001,EXC+,59.803760882197125
llama31-8b,g24p2_001,EXC-,45.79297711689326
llama31-8b,g24p2_001,MNR+,0.12951359175430144
llama31-8b,g24p2_001,MNR-,0.06890025664744363
llama31-8b,g24p2_001,RND+,0.24781857975769725
llama31-8b,g24p2_001,RND-,55.552503984369245
llama31-8b,g24p2_001,STR+,50.80701707244103
llama31-8b,g24p2_001,STR-,44.856247977992524
llama31-8b,g24p2_001,Y0,0.4684275052330966
llama31-8b,g24p2_002,ADM+,88.89187298698909
llama31-8b,g24p2_002,ADM-,4.296502685080732
llama31-8b,g24p2_002,CF+,55.54993107887641
llama31-8b,g24p2_002,CF-,22.224047368640957
llama31-8b,g24p2_002,EXC+,83.90296250669297
llama31-8b,g24p2_002,EXC-,0.02165152502530342
llama31-8b,g24p2_002,MNR+,85.89104808063752
llama31-8b,g24p2_002,MNR-,45.22717983877238
llama31-8b,g24p2_002,RND+,47.66880930642112
llama31-8b,g24p2_002,RND-,43.02108318877452
llama31-8b,g24p2_002,STR+,23.189569522855336
llama31-8b,g24p2_002,STR-,22.73026927839053
llama31-8b,g24p2_002,Y0,30.290699508245364
llama31-8b,g24p2_003,ADM+,97.93224648581878
llama31-8b,g24p2_003,ADM-,11.846628577246511
llama31-8b,g24p2_003,CF+,22.791739180173767
llama31-8b,g24p2_003,CF-,84.06055378599389
llama31-8b,g24p2_003,EXC+,93.60771225057148
llama31-8b,g24p2_003,EXC-,84.2178466522193
llama31-8b,g24p2_003,MNR+,54.03310087264738
llama31-8b,g24p2_003,MNR-,53.91416691358842
llama31-8b,g24p2_003,RND+,53.91001578393193
llama31-8b,g24p2_003,RND-,42.13911118582193
llama31-8b,g24p2_003,STR+,53.84364413658086
llama31-8b,g24p2_003,STR-,64.10021394807785
llama31-8b,g24p2_003,Y0,60.97595750402607
llama31-8b,g24p2_004,ADM+,91.59364074837427
llama31-8b,g24p2_004,ADM-,90.6762144056767
llama31-8b,g24p2_004,CF+,85.40682191735416
llama31-8b,g24p2_004,CF-,83.76886138025264
llama31-8b,g24p2_004,EXC+,48.91605986494886
llama31-8b,g24p2_004,EXC-,76.56180713444206
llama31-8b,g24p2_004,MNR+,54.81015343138761
llama31-8b,g24p2_004,MNR-,41.31870690183881
llama31-8b,g24p2_004,RND+,55.554484252106256
llama31-8b,g24p2_004,RND-,47.28821253709157
llama31-8b,g24p2_004,STR+,54.18337571493184
llama31-8b,g24p2_004,STR-,40.43652114831201
llama31-8b,g24p2_004,Y0,57.58677379377842
llama31-8b,g24p2_005,ADM+,94.08053193218899
llama31-8b,g24p2_005,ADM-,4.548724522800216
llama31-8b,g24p2_005,CF+,44.44985383029567
llama31-8b,g24p2_005,CF-,26.569062478160156
llama31-8b,g24p2_005,EXC+,48.116790128840115
llama31-8b,g24p2_005,EXC-,44.60639257382689
llama31-8b,g24p2_005,MNR+,55.553581481764425
llama31-8b,g24p2_005,MNR-,55.553453602896674
llama31-8b,g24p2_005,RND+,44.44919236263613
llama31-8b,g24p2_005,RND-,44.45013101329024
llama31-8b,g24p2_005,STR+,50.1352225522915
llama31-8b,g24p2_005,STR-,44.46466943212166
llama31-8b,g24p2_005,Y0,20.09271819324978
llama31-8b,g24p2_006,ADM+,66.66665985493775
llama31-8b,g24p2_006,ADM-,24.396072221396423
llama31-8b,g24p2_006,CF+,82.62026501358854
llama31-8b,g24p2_006,CF-,79.11330757196491
llama31-8b,g24p2_006,EXC+,83.63800050255972
llama31-8b,g24p2_006,EXC-,85.77170372522447
llama31-8b,g24p2_006,MNR+,67.32125045010058
llama31-8b,g24p2_006,MNR-,66.74427387448357
llama31-8b,g24p2_006,RND+,70.74029615453134
llama31-8b,g24p2_006,RND-,78.75110374415247
llama31-8b,g24p2_006,STR+,65.20095921487938
llama31-8b,g24p2_006,STR-,68.60083303907248
llama31-8b,g24p2_006,Y0,87.02830082602523
llama31-8b,g24p2_010,ADM+,8.931963569293716
llama31-8b,g24p2_010,ADM-,17.890509506412425
llama31-8b,g24p2_010,CF+,72.64918006665104
llama31-8b,g24p2_010,CF-,73.3617047959802
llama31-8b,g24p2_010,EXC+,27.606794466521354
llama31-8b,g24p2_010,EXC-,56.000378162420894
llama31-8b,g24p2_010,MNR+,84.701409502503
llama31-8b,g24p2_010,MNR-,80.79193634958509
llama31-8b,g24p2_010,RND+,71.16351531731158
llama31-8b,g24p2_010,RND-,87.10709885447294
llama31-8b,g24p2_010,STR+,44.44549661357671
llama31-8b,g24p2_010,STR-,58.70190276345241
llama31-8b,g24p2_010,Y0,8.993155533388896
llama31-8b,g24p2_011,ADM+,96.97993625570335
llama31-8b,g24p2_011,ADM-,15.90530438385067
llama31-8b,g24p2_011,CF+,86.5772208257743
llama31-8b,g24p2_011,CF-,88.88810084392367
llama31-8b,g24p2_011,EXC+,87.1347339845201
llama31-8b,g24p2_011,EXC-,97.94615805147366
llama31-8b,g24p2_011,MNR+,76.9700256604037
llama31-8b,g24p2_011,MNR-,92.18610260367716
llama31-8b,g24p2_011,RND+,44.456000471530075
llama31-8b,g24p2_011,RND-,88.88595851159954
llama31-8b,g24p2_011,STR+,46.25799247046737
llama31-8b,g24p2_011,STR-,92.81422800833288
llama31-8b,g24p2_011,Y0,97.25535209509263
llama31-8b,g24p2_012,ADM+,99.97946655562235
llama31-8b,g24p2_012,ADM-,0.05996182526390002
llama31-8b,g24p2_012,CF+,0.12908956788606454
llama31-8b,g24p2_012,CF-,25.30965138689676
llama31-8b,g24p2_012,EXC+,38.29977049129394
llama31-8b,g24p2_012,EXC-,7.8497364473568085
llama31-8b,g24p2_012,MNR+,30.10574401349556
llama31-8b,g24p2_012,MNR-,0.5966694830612703
llama31-8b,g24p2_012,RND+,1.0733000372821504
llama31-8b,g24p2_012,RND-,55.55399142248634
llama31-8b,g24p2_012,STR+,38.12542245806139
llama31-8b,g24p2_012,STR-,49.560004337400215
llama31-8b,g24p2_012,Y0,9.259443724464369
llama31-8b,g24p2_014,ADM+,99.7688582657193
llama31-8b,g24p2_014,ADM-,7.232077027488884
llama31-8b,g24p2_014,CF+,55.549599701682915
llama31-8b,g24p2_014,CF-,88.88114523089781
llama31-8b,g24p2_014,EXC+,39.202902735631284
llama31-8b,g24p2_014,EXC-,10.124161154282014
llama31-8b,g24p2_014,MNR+,47.25512917229772
llama31-8b,g24p2_014,MNR-,51.94112795453057
llama31-8b,g24p2_014,RND+,55.551493577185326
llama31-8b,g24p2_014,RND-,71.58830842575591
llama31-8b,g24p2_014,STR+,34.90491461649867
llama31-8b,g24p2_014,STR-,12.74813687714942
llama31-8b,g24p2_014,Y0,88.88919986624353
llama31-8b,g24p2_015,ADM+,99.14566485744507
llama31-8b,g24p2_015,ADM-,95.7834084658403
llama31-8b,g24p2_015,CF+,44.44881408614738
llama31-8b,g24p2_015,CF-,55.5524055365761
llama31-8b,g24p2_015,EXC+,97.64250061619
llama31-8b,g24p2_015,EXC-,97.96999636612733
llama31-8b,g24p2_015,MNR+,27.665497100542538
llama31-8b,g24p2_015,MNR-,94.7811780111846
llama31-8b,g24p2_015,RND+,44.45477849261675
llama31-8b,g24p2_015,RND-,55.55032299996995
llama31-8b,g24p2_015,STR+,42.97343352891625
llama31-8b,g24p2_015,STR-,45.97364994313004
llama31-8b,g24p2_015,Y0,94.01459831619201
llama31-8b,g24p2_016,ADM+,86.21369505806092
llama31-8b,g24p2_016,ADM-,20.48138604506885
llama31-8b,g24p2_016,CF+,78.78694938608282
llama31-8b,g24p2_016,CF-,72.47121863600307
llama31-8b,g24p2_016,EXC+,46.523201519821065
llama31-8b,g24p2_016,EXC-,51.70477622299531
llama31-8b,g24p2_016,MNR+,52.15862077666367
llama31-8b,g24p2_016,MNR-,55.55208043721027
llama31-8b,g24p2_016,RND+,44.45035631559186
llama31-8b,g24p2_016,RND-,72.08141931084481
llama31-8b,g24p2_016,STR+,53.28501986806016
llama31-8b,g24p2_016,STR-,43.07744005198947
llama31-8b,g24p2_016,Y0,83.64150448275046
llama31-8b,g24p2_017,ADM+,96.71259662866078
llama31-8b,g24p2_017,ADM-,7.971023513431977
llama31-8b,g24p2_017,CF+,44.45575885899118
llama31-8b,g24p2_017,CF-,44.455093127817044
llama31-8b,g24p2_017,EXC+,48.483499122052066
llama31-8b,g24p2_017,EXC-,92.09603716285832
llama31-8b,g24p2_017,MNR+,54.087365674418784
llama31-8b,g24p2_017,MNR-,96.06821719590044
llama31-8b,g24p2_017,RND+,44.45127237757331
llama31-8b,g24p2_017,RND-,0.11824490474980036
llama31-8b,g24p2_017,STR+,52.496637688357424
llama31-8b,g24p2_017,STR-,97.48082734322855
llama31-8b,g24p2_017,Y0,99.32431108540919
llama31-8b,g24p2_018,ADM+,99.40083784281809
llama31-8b,g24p2_018,ADM-,98.80116866387712
llama31-8b,g24p2_018,CF+,52.74280189740342
llama31-8b,g24p2_018,CF-,55.5483842610573
llama31-8b,g24p2_018,EXC+,95.99189653778015
llama31-8b,g24p2_018,EXC-,95.77900616606455
llama31-8b,g24p2_018,MNR+,94.22449409671424
llama31-8b,g24p2_018,MNR-,94.16526341232199
llama31-8b,g24p2_018,RND+,55.55296692661873
llama31-8b,g24p2_018,RND-,46.78708671784874
llama31-8b,g24p2_018,STR+,49.6020610802029
llama31-8b,g24p2_018,STR-,46.286298126041316
llama31-8b,g24p2_018,Y0,99.46629179103168
llama31-8b,g24p2_019,ADM+,34.74137742267614
llama31-8b,g24p2_019,ADM-,15.549213332029362
llama31-8b,g24p2_019,CF+,0.09812186323082865
llama31-8b,g24p2_019,CF-,0.09151897715381571
llama31-8b,g24p2_019,EXC+,11.098777771845393
llama31-8b,g24p2_019,EXC-,26.703789680669566
llama31-8b,g24p2_019,MNR+,23.37701237457155
llama31-8b,g24p2_019,MNR-,44.542755231024586
llama31-8b,g24p2_019,RND+,0.052993215876397305
llama31-8b,g24p2_019,RND-,42.08356070299756
llama31-8b,g24p2_019,STR+,37.23755682166772
llama31-8b,g24p2_019,STR-,45.307688165623134
llama31-8b,g24p2_019,Y0,3.4185301327512345
llama31-8b,g24p2_020,ADM+,97.72240497164317
llama31-8b,g24p2_020,ADM-,12.731171203210586
llama31-8b,g24p2_020,CF+,55.54333303363143
llama31-8b,g24p2_020,CF-,55.546409278654046
llama31-8b,g24p2_020,EXC+,3.039949909631
llama31-8b,g24p2_020,EXC-,3.4368169346481547
llama31-8b,g24p2_020,MNR+,5.087195561025699
llama31-8b,g24p2_020,MNR-,1.2652802002127987
llama31-8b,g24p2_020,RND+,55.54785327272033
llama31-8b,g24p2_020,RND-,53.76865671731966
llama31-8b,g24p2_020,STR+,3.20419635118653
llama31-8b,g24p2_020,STR-,28.522444008770872
llama31-8b,g24p2_020,Y0,0.35791944194986874
llama31-8b,g24p2_021,ADM+,2.8286935358148386
llama31-8b,g24p2_021,ADM-,2.217196625715674
llama31-8b,g24p2_021,CF+,53.783100137286425
llama31-8b,g24p2_021,CF-,53.782730740088546
llama31-8b,g24p2_021,EXC+,37.97646345653806
llama31-8b,g24p2_021,EXC-,38.71318567800431
llama31-8b,g24p2_021,MNR+,0.5047410488948654
llama31-8b,g24p2_021,MNR-,0.41574424817460154
llama31-8b,g24p2_021,RND+,55.550427622183605
llama31-8b,g24p2_021,RND-,55.547197748103336
llama31-8b,g24p2_021,STR+,53.21095076808728
llama31-8b,g24p2_021,STR-,52.928864186674424
llama31-8b,g24p2_021,Y0,39.16939502112832
llama31-8b,g24p2_023,ADM+,96.69562149128079
llama31-8b,g24p2_023,ADM-,87.54096866031834
llama31-8b,g24p2_023,CF+,72.23903550170904
llama31-8b,g24p2_023,CF-,87.19595116256254
llama31-8b,g24p2_023,EXC+,95.55846627886916
llama31-8b,g24p2_023,EXC-,89.9466573494957
llama31-8b,g24p2_023,MNR+,90.91112272787399
llama31-8b,g24p2_023,MNR-,92.75653248111922
llama31-8b,g24p2_023,RND+,57.405738813174075
llama31-8b,g24p2_023,RND-,86.29985864464363
llama31-8b,g24p2_023,STR+,47.05592263614285
llama31-8b,g24p2_023,STR-,84.61737463018973
llama31-8b,g24p2_023,Y0,97.95767256372362
llama31-8b,g24p2_024,ADM+,95.42817412921494
llama31-8b,g24p2_024,ADM-,90.86158068197975
llama31-8b,g24p2_024,CF+,70.02685593029653
llama31-8b,g24p2_024,CF-,60.504700086544304
llama31-8b,g24p2_024,EXC+,45.60829629512295
llama31-8b,g24p2_024,EXC-,47.18711908014081
llama31-8b,g24p2_024,MNR+,53.19559387509134
llama31-8b,g24p2_024,MNR-,74.17232796956607
llama31-8b,g24p2_024,RND+,55.552573781298236
llama31-8b,g24p2_024,RND-,60.14964601039699
llama31-8b,g24p2_024,STR+,50.1611234474245
llama31-8b,g24p2_024,STR-,49.840494338250295
llama31-8b,g24p2_024,Y0,47.406708187552155
llama31-8b,g24p2_026,ADM+,11.141999854319307
llama31-8b,g24p2_026,ADM-,4.53752914960299
llama31-8b,g24p2_026,CF+,0.08476734121655122
llama31-8b,g24p2_026,CF-,0.0658206775810185
llama31-8b,g24p2_026,EXC+,88.42933675769595
llama31-8b,g24p2_026,EXC-,51.020607580327045
llama31-8b,g24p2_026,MNR+,52.4789107093119
llama31-8b,g24p2_026,MNR-,52.76868676788715
llama31-8b,g24p2_026,RND+,48.472642670750986
llama31-8b,g24p2_026,RND-,55.55522860613815
llama31-8b,g24p2_026,STR+,39.60387194334777
llama31-8b,g24p2_026,STR-,68.29580745665793
llama31-8b,g24p2_026,Y0,96.7506563513936
llama31-8b,g24p2_027,ADM+,98.6699491115632
llama31-8b,g24p2_027,ADM-,3.443515238715576
llama31-8b,g24p2_027,CF+,44.447578766679875
llama31-8b,g24p2_027,CF-,88.88435661040715
llama31-8b,g24p2_027,EXC+,44.97519590979715
llama31-8b,g24p2_027,EXC-,43.64665389854164
llama31-8b,g24p2_027,MNR+,51.40344500667465
llama31-8b,g24p2_027,MNR-,99.95963197251915
llama31-8b,g24p2_027,RND+,55.55400603919264
llama31-8b,g24p2_027,RND-,88.88145523295748
llama31-8b,g24p2_027,STR+,48.55649910662816
llama31-8b,g24p2_027,STR-,94.9831494624606
llama31-8b,g24p2_027,Y0,99.14428230314228
llama31-8b,g24p2_028,ADM+,94.74258939259609
llama31-8b,g24p2_028,ADM-,90.92000894742405
llama31-8b,g24p2_028,CF+,0.08350393083976083
llama31-8b,g24p2_028,CF-,0.05558580442428286
llama31-8b,g24p2_028,EXC+,90.0035785846101
llama31-8b,g24p2_028,EXC-,92.10299828063167
llama31-8b,g24p2_028,MNR+,87.675647028345
llama31-8b,g24p2_028,MNR-,90.01743623612535
llama31-8b,g24p2_028,RND+,0.1157530202583992
llama31-8b,g24p2_028,RND-,0.05298815874581314
llama31-8b,g24p2_028,STR+,92.4018531470682
llama31-8b,g24p2_028,STR-,94.81927799277453
llama31-8b,g24p2_028,Y0,84.70817468331957
llama31-8b,g24p2_029,ADM+,96.71682277438701
llama31-8b,g24p2_029,ADM-,99.96732466437555
llama31-8b,g24p2_029,CF+,55.554045886628984
llama31-8b,g24p2_029,CF-,43.25702771794988
llama31-8b,g24p2_029,EXC+,52.11009574515853
llama31-8b,g24p2_029,EXC-,52.67050013503584
llama31-8b,g24p2_029,MNR+,48.06061698076249
llama31-8b,g24p2_029,MNR-,39.61495286546392
llama31-8b,g24p2_029,RND+,55.553182375401136
llama31-8b,g24p2_029,RND-,0.47053963496851914
llama31-8b,g24p2_029,STR+,51.795664895023194
llama31-8b,g24p2_029,STR-,48.14410684998547
llama31-8b,g24p2_029,Y0,49.9225967585227
llama31-8b,g24p2_033,ADM+,94.28721986434576
llama31-8b,g24p2_033,ADM-,34.61666675081777
llama31-8b,g24p2_033,CF+,44.45552391401433
llama31-8b,g24p2_033,CF-,87.36428780097938
llama31-8b,g24p2_033,EXC+,76.19194371987608
llama31-8b,g24p2_033,EXC-,81.40450487949565
llama31-8b,g24p2_033,MNR+,53.271179211844284
llama31-8b,g24p2_033,MNR-,84.73312721481312
llama31-8b,g24p2_033,RND+,44.45447659652836
llama31-8b,g24p2_033,RND-,44.459153831763786
llama31-8b,g24p2_033,STR+,47.98254154856755
llama31-8b,g24p2_033,STR-,37.849198675543605
llama31-8b,g24p2_033,Y0,25.132503888482088
llama31-8b,g24p2_034,ADM+,89.95440445163482
llama31-8b,g24p2_034,ADM-,89.07582243628568
llama31-8b,g24p2_034,CF+,44.455678488474454
llama31-8b,g24p2_034,CF-,44.45584378060799
llama31-8b,g24p2_034,EXC+,49.64713913857718
llama31-8b,g24p2_034,EXC-,50.23943878976336
llama31-8b,g24p2_034,MNR+,54.18760331485229
llama31-8b,g24p2_034,MNR-,54.59017806572266
llama31-8b,g24p2_034,RND+,55.55399941923531
llama31-8b,g24p2_034,RND-,55.55195191219889
llama31-8b,g24p2_034,STR+,45.53262227992204
llama31-8b,g24p2_034,STR-,22.964168089831272
llama31-8b,g24p2_034,Y0,44.45512888255974
llama31-8b,g24p2_035,ADM+,24.77520971720774
llama31-8b,g24p2_035,ADM-,93.32144556220337
llama31-8b,g24p2_035,CF+,0.06245752889067392
llama31-8b,g24p2_035,CF-,0.10683443637503898
llama31-8b,g24p2_035,EXC+,44.868228163981016
llama31-8b,g24p2_035,EXC-,91.51990357565509
llama31-8b,g24p2_035,MNR+,50.144063660318295
llama31-8b,g24p2_035,MNR-,52.80666535683946
llama31-8b,g24p2_035,RND+,0.48097085748461094
llama31-8b,g24p2_035,RND-,84.91735674584669
llama31-8b,g24p2_035,STR+,49.497306162314224
llama31-8b,g24p2_035,STR-,67.74956760085193
llama31-8b,g24p2_035,Y0,3.103560301639874
llama31-8b,g24p2_036,ADM+,96.09159732565247
llama31-8b,g24p2_036,ADM-,10.818008563824552
llama31-8b,g24p2_036,CF+,48.97217426190213
llama31-8b,g24p2_036,CF-,88.8879974816616
llama31-8b,g24p2_036,EXC+,88.33136834032138
llama31-8b,g24p2_036,EXC-,88.6534362015942
llama31-8b,g24p2_036,MNR+,50.75119547101988
llama31-8b,g24p2_036,MNR-,88.88804269985559
llama31-8b,g24p2_036,RND+,55.5540528155685
llama31-8b,g24p2_036,RND-,88.88756348598241
llama31-8b,g24p2_036,STR+,37.640306325351254
llama31-8b,g24p2_036,STR-,87.44109605029809
llama31-8b,g24p2_036,Y0,90.28995394863672
llama31-8b,g24p2_037,ADM+,95.97078603832541
llama31-8b,g24p2_037,ADM-,94.66121105510746
llama31-8b,g24p2_037,CF+,44.44868172626512
llama31-8b,g24p2_037,CF-,0.07481912944283552
llama31-8b,g24p2_037,EXC+,83.29383320419521
llama31-8b,g24p2_037,EXC-,44.51971867006555
llama31-8b,g24p2_037,MNR+,51.5641150934714
llama31-8b,g24p2_037,MNR-,52.38278406439024
llama31-8b,g24p2_037,RND+,44.444872042058215
llama31-8b,g24p2_037,RND-,44.44471100574815
llama31-8b,g24p2_037,STR+,47.2934431525916
llama31-8b,g24p2_037,STR-,24.354520624801278
llama31-8b,g24p2_037,Y0,0.9003334705413284
llama31-8b,g24p2_038,ADM+,92.1393335592636
llama31-8b,g24p2_038,ADM-,92.1065803799898
llama31-8b,g24p2_038,CF+,86.3226911257455
llama31-8b,g24p2_038,CF-,86.99618205823455
llama31-8b,g24p2_038,EXC+,64.99276568570217
llama31-8b,g24p2_038,EXC-,50.68810445294277
llama31-8b,g24p2_038,MNR+,73.04666512820478
llama31-8b,g24p2_038,MNR-,52.37256578295614
llama31-8b,g24p2_038,RND+,58.07348788134553
llama31-8b,g24p2_038,RND-,84.16991716968255
llama31-8b,g24p2_038,STR+,54.19525295617322
llama31-8b,g24p2_038,STR-,52.82970314904359
llama31-8b,g24p2_038,Y0,68.12179172983912
llama31-8b,g24p2_039,ADM+,98.78908739357806
llama31-8b,g24p2_039,ADM-,5.480648434494131
llama31-8b,g24p2_039,CF+,46.09901930422609
llama31-8b,g24p2_039,CF-,0.26037123669657364
llama31-8b,g24p2_039,EXC+,50.94997870192129
llama31-8b,g24p2_039,EXC-,43.601983791815336
llama31-8b,g24p2_039,MNR+,52.856484145658015
llama31-8b,g24p2_039,MNR-,38.13676496088917
llama31-8b,g24p2_039,RND+,55.551821487786015
llama31-8b,g24p2_039,RND-,55.540382322051954
llama31-8b,g24p2_039,STR+,38.72767991993052
llama31-8b,g24p2_039,STR-,38.65195072935148
llama31-8b,g24p2_039,Y0,48.93086671068487
llama31-8b,g24p2_040,ADM+,94.19869148172839
llama31-8b,g24p2_040,ADM-,91.37222191533918
llama31-8b,g24p2_040,CF+,91.89719772450735
llama31-8b,g24p2_040,CF-,98.4768243382091
llama31-8b,g24p2_040,EXC+,97.76368600281471
llama31-8b,g24p2_040,EXC-,96.81921889550428
llama31-8b,g24p2_040,MNR+,97.69885906751884
llama31-8b,g24p2_040,MNR-,62.85225300755769
llama31-8b,g24p2_040,RND+,88.88517548555478
llama31-8b,g24p2_040,RND-,95.27889404537413
llama31-8b,g24p2_040,STR+,49.5442312743469
llama31-8b,g24p2_040,STR-,96.34497864850022
llama31-8b,g24p2_040,Y0,99.95401527482898
llama31-8b,g24p2_041,ADM+,96.39896454132325
llama31-8b,g24p2_041,ADM-,97.2117110638582
llama31-8b,g24p2_041,CF+,44.465334245419605
llama31-8b,g24p2_041,CF-,44.46512161712339
llama31-8b,g24p2_041,EXC+,48.30115623845421
llama31-8b,g24p2_041,EXC-,48.32504950664629
llama31-8b,g24p2_041,MNR+,55.55512232784036
llama31-8b,g24p2_041,MNR-,4.765060547753901
llama31-8b,g24p2_041,RND+,55.554939213141424
llama31-8b,g24p2_041,RND-,55.55475389032056
llama31-8b,g24p2_041,STR+,38.25280635821315
llama31-8b,g24p2_041,STR-,39.75090830055125
llama31-8b,g24p2_041,Y0,3.0387196716091034
llama31-8b,g24p2_043,ADM+,1.7802653250785485
llama31-8b,g24p2_043,ADM-,0.5757056488379455
llama31-8b,g24p2_043,CF+,0.3166106394486351
llama31-8b,g24p2_043,CF-,0.1301513018777884
llama31-8b,g24p2_043,EXC+,40.12140571321826
llama31-8b,g24p2_043,EXC-,34.41943901112043
llama31-8b,g24p2_043,MNR+,50.22200483636223
llama31-8b,g24p2_043,MNR-,29.36433206129692
llama31-8b,g24p2_043,RND+,0.16289692203643483
llama31-8b,g24p2_043,RND-,0.1187152993211925
llama31-8b,g24p2_043,STR+,0.22393816971880318
llama31-8b,g24p2_043,STR-,55.54854979579246
llama31-8b,g24p2_043,Y0,99.90046530058004
llama31-8b,g24p2_044,ADM+,91.7436180440582
llama31-8b,g24p2_044,ADM-,8.033784280570995
llama31-8b,g24p2_044,CF+,44.451992852836035
llama31-8b,g24p2_044,CF-,44.45254985889803
llama31-8b,g24p2_044,EXC+,73.4892833578464
llama31-8b,g24p2_044,EXC-,87.91509932523508
llama31-8b,g24p2_044,MNR+,55.554816299774096
llama31-8b,g24p2_044,MNR-,53.87157931887228
llama31-8b,g24p2_044,RND+,55.553801692011746
llama31-8b,g24p2_044,RND-,53.436155376972465
llama31-8b,g24p2_044,STR+,91.74056567941729
llama31-8b,g24p2_044,STR-,85.6267014732931
llama31-8b,g24p2_044,Y0,95.05870732930372
llama31-8b,g24p2_046,ADM+,88.88898354797016
llama31-8b,g24p2_046,ADM-,95.07406563437135
llama31-8b,g24p2_046,CF+,46.4986730202833
llama31-8b,g24p2_046,CF-,48.10809241889492
llama31-8b,g24p2_046,EXC+,47.235102398285946
llama31-8b,g24p2_046,EXC-,34.51964316979478
llama31-8b,g24p2_046,MNR+,41.77843691700269
llama31-8b,g24p2_046,MNR-,53.0475242775682
llama31-8b,g24p2_046,RND+,44.458046334251726
llama31-8b,g24p2_046,RND-,50.14118813793565
llama31-8b,g24p2_046,STR+,50.63152791481507
llama31-8b,g24p2_046,STR-,52.03562664654013
llama31-8b,g24p2_046,Y0,6.602544640202129
llama31-8b,g24p2_047,ADM+,96.70902451774793
llama31-8b,g24p2_047,ADM-,21.308605900522778
llama31-8b,g24p2_047,CF+,44.45070705424234
llama31-8b,g24p2_047,CF-,88.88431688738314
llama31-8b,g24p2_047,EXC+,92.62539340444683
llama31-8b,g24p2_047,EXC-,75.90857838518859
llama31-8b,g24p2_047,MNR+,55.554137366840436
llama31-8b,g24p2_047,MNR-,75.02159340207523
llama31-8b,g24p2_047,RND+,51.29699740681122
llama31-8b,g24p2_047,RND-,55.555460802769886
llama31-8b,g24p2_047,STR+,32.30825376893957
llama31-8b,g24p2_047,STR-,97.97618798304634
llama31-8b,g24p2_047,Y0,92.27472436789701
llama31-8b,g24p2_048,ADM+,99.69730606744766
llama31-8b,g24p2_048,ADM-,6.73230417186937
llama31-8b,g24p2_048,CF+,55.551768270899956
llama31-8b,g24p2_048,CF-,44.45144923507601
llama31-8b,g24p2_048,EXC+,25.278002170434263
llama31-8b,g24p2_048,EXC-,29.034347387847188
llama31-8b,g24p2_048,MNR+,35.24051028465563
llama31-8b,g24p2_048,MNR-,49.839950416899434
llama31-8b,g24p2_048,RND+,55.55486514112972
llama31-8b,g24p2_048,RND-,44.447792758854405
llama31-8b,g24p2_048,STR+,49.46645279312773
llama31-8b,g24p2_048,STR-,19.499039724343056
llama31-8b,g24p2_048,Y0,0.6273327437019948
llama31-8b,g24p2_049,ADM+,99.24105079483368
llama31-8b,g24p2_049,ADM-,1.8668422184696827
llama31-8b,g24p2_049,CF+,85.72444683028658
llama31-8b,g24p2_049,CF-,88.88078986587237
llama31-8b,g24p2_049,EXC+,48.316896079536114
llama31-8b,g24p2_049,EXC-,20.893535359695964
llama31-8b,g24p2_049,MNR+,53.591269463022286
llama31-8b,g24p2_049,MNR-,88.78504619639496
llama31-8b,g24p2_049,RND+,55.553039707951015
llama31-8b,g24p2_049,RND-,88.87981132765191
llama31-8b,g24p2_049,STR+,31.76709566494382
llama31-8b,g24p2_049,STR-,89.18556674680735
llama31-8b,g24p2_049,Y0,89.75341832904192
llama31-8b,g24p2_051,ADM+,94.11110556231856
llama31-8b,g24p2_051,ADM-,8.255840741460148
llama31-8b,g24p2_051,CF+,55.55386993765661
llama31-8b,g24p2_051,CF-,15.893936718423586
llama31-8b,g24p2_051,EXC+,94.91380407310368
llama31-8b,g24p2_051,EXC-,0.08579852181784302
llama31-8b,g24p2_051,MNR+,40.935125879271304
llama31-8b,g24p2_051,MNR-,8.537395213739938
llama31-8b,g24p2_051,RND+,44.45979640984709
llama31-8b,g24p2_051,RND-,44.447355525841225
llama31-8b,g24p2_051,STR+,29.218088878122916
llama31-8b,g24p2_051,STR-,9.579489781778742
llama31-8b,g24p2_051,Y0,2.8371752458002972
llama31-8b,g24p2_053,ADM+,97.16058169554985
llama31-8b,g24p2_053,ADM-,3.3892173254015487
llama31-8b,g24p2_053,CF+,55.55475619411086
llama31-8b,g24p2_053,CF-,8.102092889355019
llama31-8b,g24p2_053,EXC+,78.18986612339431
llama31-8b,g24p2_053,EXC-,63.25692503937622
llama31-8b,g24p2_053,MNR+,55.5540449771638
llama31-8b,g24p2_053,MNR-,55.5540856741076
llama31-8b,g24p2_053,RND+,55.554656575651684
llama31-8b,g24p2_053,RND-,54.81178355415848
llama31-8b,g24p2_053,STR+,50.84330429015583
llama31-8b,g24p2_053,STR-,48.306763887010966
llama31-8b,g24p2_053,Y0,82.52323373908474
llama31-8b,g24p2_054,ADM+,16.987888176784494
llama31-8b,g24p2_054,ADM-,16.314133793719893
llama31-8b,g24p2_054,CF+,44.44787259864911
llama31-8b,g24p2_054,CF-,44.45036727773114
llama31-8b,g24p2_054,EXC+,43.42338118542776
llama31-8b,g24p2_054,EXC-,46.152993556780565
llama31-8b,g24p2_054,MNR+,0.7837185231527785
llama31-8b,g24p2_054,MNR-,22.922969758203976
llama31-8b,g24p2_054,RND+,0.4356204626803262
llama31-8b,g24p2_054,RND-,47.277992057754254
llama31-8b,g24p2_054,STR+,49.51238158638027
llama31-8b,g24p2_054,STR-,51.67366748375056
llama31-8b,g24p2_054,Y0,17.67273315284268
llama31-8b,g24p2_055,ADM+,99.44836373031939
llama31-8b,g24p2_055,ADM-,2.9941208640371166
llama31-8b,g24p2_055,CF+,53.46229011661383
llama31-8b,g24p2_055,CF-,55.55419400636972
llama31-8b,g24p2_055,EXC+,46.96451855200894
llama31-8b,g24p2_055,EXC-,46.89703152093911
llama31-8b,g24p2_055,MNR+,47.363758661927285
llama31-8b,g24p2_055,MNR-,47.39493252267658
llama31-8b,g24p2_055,RND+,55.55255453131187
llama31-8b,g24p2_055,RND-,55.551300094598595
llama31-8b,g24p2_055,STR+,22.49744435912802
llama31-8b,g24p2_055,STR-,50.14205336191839
llama31-8b,g24p2_055,Y0,95.7344479382453
llama31-8b,g24p2_057,ADM+,95.4407476202262
llama31-8b,g24p2_057,ADM-,94.68845835305257
llama31-8b,g24p2_057,CF+,55.54754387580656
llama31-8b,g24p2_057,CF-,0.057927407460565856
llama31-8b,g24p2_057,EXC+,47.92616022277268
llama31-8b,g24p2_057,EXC-,47.774800595922045
llama31-8b,g24p2_057,MNR+,52.48926711556513
llama31-8b,g24p2_057,MNR-,31.74685533982451
llama31-8b,g24p2_057,RND+,51.18026980372541
llama31-8b,g24p2_057,RND-,55.54907504412459
llama31-8b,g24p2_057,STR+,29.950166091177184
llama31-8b,g24p2_057,STR-,48.07465733240157
llama31-8b,g24p2_057,Y0,47.39176022365409
llama31-8b,g24p2_058,ADM+,52.884913002675155
llama31-8b,g24p2_058,ADM-,12.50887000266517
llama31-8b,g24p2_058,CF+,53.81762775691646
llama31-8b,g24p2_058,CF-,55.55247850221001
llama31-8b,g24p2_058,EXC+,73.53575357077483
llama31-8b,g24p2_058,EXC-,20.404093567998725
llama31-8b,g24p2_058,MNR+,48.54996739175616
llama31-8b,g24p2_058,MNR-,53.780278825098655
llama31-8b,g24p2_058,RND+,49.915343669701784
llama31-8b,g24p2_058,RND-,55.54482882091864
llama31-8b,g24p2_058,STR+,68.1153793359771
llama31-8b,g24p2_058,STR-,84.81974615679461
llama31-8b,g24p2_058,Y0,42.42943176456797
llama31-8b,g24p2_059,ADM+,96.7033802667951
llama31-8b,g24p2_059,ADM-,2.5366030049017225
llama31-8b,g24p2_059,CF+,24.166400873028785
llama31-8b,g24p2_059,CF-,85.79273065207349
llama31-8b,g24p2_059,EXC+,53.370645632844045
llama31-8b,g24p2_059,EXC-,49.59401570065918
llama31-8b,g24p2_059,MNR+,53.579572330395344
llama31-8b,g24p2_059,MNR-,53.81372058509145
llama31-8b,g24p2_059,RND+,25.13413043707736
llama31-8b,g24p2_059,RND-,53.38965223768812
llama31-8b,g24p2_059,STR+,40.80542413525361
llama31-8b,g24p2_059,STR-,33.785301162042735
llama31-8b,g24p2_059,Y0,42.650994504488715
llama31-8b,g24p2_060,ADM+,99.97218640220841
llama31-8b,g24p2_060,ADM-,94.74322181542269
llama31-8b,g24p2_060,CF+,44.464016182582014
llama31-8b,g24p2_060,CF-,44.46507910714058
llama31-8b,g24p2_060,EXC+,46.619366676716346
llama31-8b,g24p2_060,EXC-,52.58885525991445
llama31-8b,g24p2_060,MNR+,81.33588035460934
llama31-8b,g24p2_060,MNR-,56.3636606890269
llama31-8b,g24p2_060,RND+,55.553134533842425
llama31-8b,g24p2_060,RND-,55.55425371083365
llama31-8b,g24p2_060,STR+,33.62907703636804
llama31-8b,g24p2_060,STR-,36.746700451385024
llama31-8b,g24p2_060,Y0,55.56882193191498
llama31-8b,g24p2_062,ADM+,98.62414787587886
llama31-8b,g24p2_062,ADM-,0.19639292118165075
llama31-8b,g24p2_062,CF+,65.48350850313767
llama31-8b,g24p2_062,CF-,98.9072966566274
llama31-8b,g24p2_062,EXC+,33.980710622598515
llama31-8b,g24p2_062,EXC-,99.82109657942244
llama31-8b,g24p2_062,MNR+,98.05465292858176
llama31-8b,g24p2_062,MNR-,71.87852332784014
llama31-8b,g24p2_062,RND+,51.865721382752405
llama31-8b,g24p2_062,RND-,96.14125528289904
llama31-8b,g24p2_062,STR+,95.20389171651946
llama31-8b,g24p2_062,STR-,71.68122183308861
llama31-8b,g24p2_062,Y0,1.4826977391134686
llama31-8b,g24p2_064,ADM+,94.55490046802204
llama31-8b,g24p2_064,ADM-,93.59161062904901
llama31-8b,g24p2_064,CF+,88.70190266802723
llama31-8b,g24p2_064,CF-,0.05546885461122676
llama31-8b,g24p2_064,EXC+,94.47265010659216
llama31-8b,g24p2_064,EXC-,80.07164914669619
llama31-8b,g24p2_064,MNR+,92.64923225882451
llama31-8b,g24p2_064,MNR-,81.43982644742262
llama31-8b,g24p2_064,RND+,0.0747294398396536
llama31-8b,g24p2_064,RND-,0.05448032010121233
llama31-8b,g24p2_064,STR+,99.21071655963692
llama31-8b,g24p2_064,STR-,96.6306337662253
llama31-8b,g24p2_064,Y0,51.38854288644268
llama31-8b,g24p2_065,ADM+,97.9610450588056
llama31-8b,g24p2_065,ADM-,14.228778066807529
llama31-8b,g24p2_065,CF+,44.45201560177027
llama31-8b,g24p2_065,CF-,44.44614754359505
llama31-8b,g24p2_065,EXC+,46.7277935134422
llama31-8b,g24p2_065,EXC-,5.66222876613466
llama31-8b,g24p2_065,MNR+,53.1557919761778
llama31-8b,g24p2_065,MNR-,66.77270690030416
llama31-8b,g24p2_065,RND+,0.5476628508189603
llama31-8b,g24p2_065,RND-,53.41532625767496
llama31-8b,g24p2_065,STR+,83.7158781727128
llama31-8b,g24p2_065,STR-,83.65798602399877
llama31-8b,g24p2_065,Y0,89.62919808329318
llama31-8b,g24p2_066,ADM+,71.51947948782002
llama31-8b,g24p2_066,ADM-,78.09303993760767
llama31-8b,g24p2_066,CF+,50.24337855702421
llama31-8b,g24p2_066,CF-,48.21995449456968
llama31-8b,g24p2_066,EXC+,45.130444360674424
llama31-8b,g24p2_066,EXC-,44.83576429911791
llama31-8b,g24p2_066,MNR+,53.52911954980695
llama31-8b,g24p2_066,MNR-,53.03419949907258
llama31-8b,g24p2_066,RND+,52.248599891918936
llama31-8b,g24p2_066,RND-,50.8017201134072
llama31-8b,g24p2_066,STR+,49.0337566979924
llama31-8b,g24p2_066,STR-,48.283596428941095
llama31-8b,g24p2_066,Y0,83.40816451458545
llama31-8b,g24p2_067,ADM+,99.0411730735346
llama31-8b,g24p2_067,ADM-,2.6061263419049236
llama31-8b,g24p2_067,CF+,0.7697475937978442
llama31-8b,g24p2_067,CF-,0.036585812116204375
llama31-8b,g24p2_067,EXC+,37.13450798409284
llama31-8b,g24p2_067,EXC-,7.749992201651285
llama31-8b,g24p2_067,MNR+,18.435185035580805
llama31-8b,g24p2_067,MNR-,38.79652969274154
llama31-8b,g24p2_067,RND+,55.55171155369891
llama31-8b,g24p2_067,RND-,55.54791874084848
llama31-8b,g24p2_067,STR+,35.293093876494346
llama31-8b,g24p2_067,STR-,47.32760185319873
llama31-8b,g24p2_067,Y0,21.044002160300675
llama31-8b,g24p2_068,ADM+,38.48275180876123
llama31-8b,g24p2_068,ADM-,42.294679954837285
llama31-8b,g24p2_068,CF+,7.9828872785464755
llama31-8b,g24p2_068,CF-,9.67350393333249
llama31-8b,g24p2_068,EXC+,15.340080825912935
llama31-8b,g24p2_068,EXC-,11.737540642663236
llama31-8b,g24p2_068,MNR+,3.5308243426381356
llama31-8b,g24p2_068,MNR-,8.301004638678275
llama31-8b,g24p2_068,RND+,53.08235591779013
llama31-8b,g24p2_068,RND-,53.38198329976663
llama31-8b,g24p2_068,STR+,9.626445792867662
llama31-8b,g24p2_068,STR-,0.6507006272179597
llama31-8b,g24p2_068,Y0,3.2789209811309563
llama31-8b,g24p2_069,ADM+,98.3416646180425
llama31-8b,g24p2_069,ADM-,44.69448882620556
llama31-8b,g24p2_069,CF+,55.55259053484213
llama31-8b,g24p2_069,CF-,55.552503244713996
llama31-8b,g24p2_069,EXC+,49.91104665207366
llama31-8b,g24p2_069,EXC-,50.320030688144435
llama31-8b,g24p2_069,MNR+,36.50353670184905
llama31-8b,g24p2_069,MNR-,41.68957575897239
llama31-8b,g24p2_069,RND+,55.55443342542669
llama31-8b,g24p2_069,RND-,55.5542112294885
llama31-8b,g24p2_069,STR+,21.659177292376672
llama31-8b,g24p2_069,STR-,53.443335977332346
llama31-8b,g24p2_069,Y0,95.07819287890591
llama31-8b,g24p2_070,ADM+,95.46458366379424
llama31-8b,g24p2_070,ADM-,97.25042261189574
llama31-8b,g24p2_070,CF+,55.55311049141147
llama31-8b,g24p2_070,CF-,45.98334774374726
llama31-8b,g24p2_070,EXC+,93.12922227689836
llama31-8b,g24p2_070,EXC-,90.90251988111034
llama31-8b,g24p2_070,MNR+,19.978514366285555
llama31-8b,g24p2_070,MNR-,37.70564406251581
llama31-8b,g24p2_070,RND+,55.553669707440385
llama31-8b,g24p2_070,RND-,55.55160426550782
llama31-8b,g24p2_070,STR+,25.596918990422378
llama31-8b,g24p2_070,STR-,91.41317016893389
llama31-8b,g24p2_070,Y0,99.8905855447005
llama31-8b,g24p2_071,ADM+,89.61399246778248
llama31-8b,g24p2_071,ADM-,89.79440527443785
llama31-8b,g24p2_071,CF+,82.72976251616242
llama31-8b,g24p2_071,CF-,81.47609175769654
llama31-8b,g24p2_071,EXC+,58.23559212458604
llama31-8b,g24p2_071,EXC-,53.394579783435695
llama31-8b,g24p2_071,MNR+,54.56804464827386
llama31-8b,g24p2_071,MNR-,53.34997691230311
llama31-8b,g24p2_071,RND+,82.57325768210306
llama31-8b,g24p2_071,RND-,82.26360078522629
llama31-8b,g24p2_071,STR+,52.84927095948561
llama31-8b,g24p2_071,STR-,60.39946848108369
llama31-8b,g24p2_071,Y0,56.9971925917235
llama31-8b,g24p2_072,ADM+,95.42750471108273
llama31-8b,g24p2_072,ADM-,90.05142093512757
llama31-8b,g24p2_072,CF+,84.63971963401912
llama31-8b,g24p2_072,CF-,54.906943268170075
llama31-8b,g24p2_072,EXC+,54.90993090373442
llama31-8b,g24p2_072,EXC-,96.17457209233342
llama31-8b,g24p2_072,MNR+,49.37110148244292
llama31-8b,g24p2_072,MNR-,32.55001664479474
llama31-8b,g24p2_072,RND+,54.388953228059876
llama31-8b,g24p2_072,RND-,84.71671012949102
llama31-8b,g24p2_072,STR+,26.544833325085808
llama31-8b,g24p2_072,STR-,54.44075163450728
llama31-8b,g24p2_072,Y0,91.01549375465245
llama31-8b,g24p2_073,ADM+,93.9439665940128
llama31-8b,g24p2_073,ADM-,4.343778068402283
llama31-8b,g24p2_073,CF+,0.47709597350012234
llama31-8b,g24p2_073,CF-,18.563861177111793
llama31-8b,g24p2_073,EXC+,2.321405509305185
llama31-8b,g24p2_073,EXC-,2.4306709082722007
llama31-8b,g24p2_073,MNR+,1.0239369334748947
llama31-8b,g24p2_073,MNR-,7.321927341976353
llama31-8b,g24p2_073,RND+,0.6481764498468732
llama31-8b,g24p2_073,RND-,30.144312906623824
llama31-8b,g24p2_073,STR+,46.293243685252975
llama31-8b,g24p2_073,STR-,46.301636274827196
llama31-8b,g24p2_073,Y0,0.29027217640285263
llama31-8b,g24p2_074,ADM+,93.39865222928233
llama31-8b,g24p2_074,ADM-,84.08047288834995
llama31-8b,g24p2_074,CF+,20.12447777062662
llama31-8b,g24p2_074,CF-,22.440909281688143
llama31-8b,g24p2_074,EXC+,52.00538710607369
llama31-8b,g24p2_074,EXC-,42.2115517029266
llama31-8b,g24p2_074,MNR+,54.128550010671965
llama31-8b,g24p2_074,MNR-,54.147200846537224
llama31-8b,g24p2_074,RND+,44.44933361894425
llama31-8b,g24p2_074,RND-,55.5548602146133
llama31-8b,g24p2_074,STR+,53.80045170035466
llama31-8b,g24p2_074,STR-,52.922583512327215
llama31-8b,g24p2_074,Y0,47.465369727255435
llama31-8b,g24p2_075,ADM+,94.0528094480898
llama31-8b,g24p2_075,ADM-,92.72325992002288
llama31-8b,g24p2_075,CF+,0.15031915238272223
llama31-8b,g24p2_075,CF-,0.1208346927805149
llama31-8b,g24p2_075,EXC+,16.712039167138826
llama31-8b,g24p2_075,EXC-,83.2450486807598
llama31-8b,g24p2_075,MNR+,54.2389457175543
llama31-8b,g24p2_075,MNR-,54.08488920827835
llama31-8b,g24p2_075,RND+,50.32989187611531
llama31-8b,g24p2_075,RND-,55.5546920113229
llama31-8b,g24p2_075,STR+,54.40878259625368
llama31-8b,g24p2_075,STR-,31.676435920965574
llama31-8b,g24p2_075,Y0,90.81446848845827
llama31-8b,g24p2_076,ADM+,99.37880209274151
llama31-8b,g24p2_076,ADM-,93.94936891728284
llama31-8b,g24p2_076,CF+,86.6402065404723
llama31-8b,g24p2_076,CF-,0.15212522380997653
llama31-8b,g24p2_076,EXC+,3.892511373855809
llama31-8b,g24p2_076,EXC-,74.49072229127988
llama31-8b,g24p2_076,MNR+,56.24736502111392
llama31-8b,g24p2_076,MNR-,85.84655499436973
llama31-8b,g24p2_076,RND+,55.55334595269976
llama31-8b,g24p2_076,RND-,0.35379883934789086
llama31-8b,g24p2_076,STR+,86.96709606922472
llama31-8b,g24p2_076,STR-,63.520844402793585
llama31-8b,g24p2_076,Y0,79.07884109736453
llama31-8b,g24p2_077,ADM+,20.74057339158601
llama31-8b,g24p2_077,ADM-,71.58458647843887
llama31-8b,g24p2_077,CF+,0.024020352571110175
llama31-8b,g24p2_077,CF-,22.233052137409015
llama31-8b,g24p2_077,EXC+,52.10195540507613
llama31-8b,g24p2_077,EXC-,46.93141815092395
llama31-8b,g24p2_077,MNR+,18.633347029783202
llama31-8b,g24p2_077,MNR-,27.087672583855852
llama31-8b,g24p2_077,RND+,22.245207254632835
llama31-8b,g24p2_077,RND-,20.556362912980088
llama31-8b,g24p2_077,STR+,43.50011278697564
llama31-8b,g24p2_077,STR-,46.859186839801936
llama31-8b,g24p2_077,Y0,4.5807606975289685
llama31-8b,g24p2_079,ADM+,94.05506643831379
llama31-8b,g24p2_079,ADM-,98.33696261599772
llama31-8b,g24p2_079,CF+,55.48052102446554
llama31-8b,g24p2_079,CF-,44.4510863217633
llama31-8b,g24p2_079,EXC+,60.0925793664023
llama31-8b,g24p2_079,EXC-,5.857098319254732
llama31-8b,g24p2_079,MNR+,80.9164093965914
llama31-8b,g24p2_079,MNR-,55.554821842506506
llama31-8b,g24p2_079,RND+,53.66535084507757
llama31-8b,g24p2_079,RND-,55.55250307825553
llama31-8b,g24p2_079,STR+,87.09477232309592
llama31-8b,g24p2_079,STR-,87.89679130572868
llama31-8b,g24p2_079,Y0,99.56804852252525
llama31-8b,g24p2_081,ADM+,96.33761469718443
llama31-8b,g24p2_081,ADM-,7.406464563100395
llama31-8b,g24p2_081,CF+,55.55159041368439
llama31-8b,g24p2_081,CF-,0.325119772583902
llama31-8b,g24p2_081,EXC+,56.014728401392695
llama31-8b,g24p2_081,EXC-,1.3890810126924462
llama31-8b,g24p2_081,MNR+,53.62662118678704
llama31-8b,g24p2_081,MNR-,93.42409899685146
llama31-8b,g24p2_081,RND+,55.553785603677206
llama31-8b,g24p2_081,RND-,55.550640465369156
llama31-8b,g24p2_081,STR+,52.5614512949012
llama31-8b,g24p2_081,STR-,0.9549191815650122
llama31-8b,g24p2_081,Y0,95.05685357205513
llama31-8b,g24p2_082,ADM+,88.88902608757539
llama31-8b,g24p2_082,ADM-,95.4242899149058
llama31-8b,g24p2_082,CF+,44.45616776793693
llama31-8b,g24p2_082,CF-,44.45031795000071
llama31-8b,g24p2_082,EXC+,49.21838200974207
llama31-8b,g24p2_082,EXC-,45.31129913055528
llama31-8b,g24p2_082,MNR+,12.653516610107657
llama31-8b,g24p2_082,MNR-,26.563783477119934
llama31-8b,g24p2_082,RND+,44.450401453246435
llama31-8b,g24p2_082,RND-,44.44682377085657
llama31-8b,g24p2_082,STR+,47.3499688165272
llama31-8b,g24p2_082,STR-,41.338648948193764
llama31-8b,g24p2_082,Y0,53.85854133577601
llama31-8b,g24p2_083,ADM+,91.90752569205394
llama31-8b,g24p2_083,ADM-,91.74822273423541
llama31-8b,g24p2_083,CF+,49.95252128589532
llama31-8b,g24p2_083,CF-,49.805109765075905
llama31-8b,g24p2_083,EXC+,50.829690363766886
llama31-8b,g24p2_083,EXC-,51.21697395965946
llama31-8b,g24p2_083,MNR+,53.39359986651771
llama31-8b,g24p2_083,MNR-,2.6898934410661477
llama31-8b,g24p2_083,RND+,44.450325475379614
llama31-8b,g24p2_083,RND-,49.06187277969251
llama31-8b,g24p2_083,STR+,53.64371581408247
llama31-8b,g24p2_083,STR-,46.58305426845399
llama31-8b,g24p2_083,Y0,52.48504584715738
llama31-8b,g24p2_084,ADM+,7.378426100725251
llama31-8b,g24p2_084,ADM-,9.514903252839797
llama31-8b,g24p2_084,CF+,60.9992410682062
llama31-8b,g24p2_084,CF-,61.891848760996496
llama31-8b,g24p2_084,EXC+,4.222467726133117
llama31-8b,g24p2_084,EXC-,7.561140526381487
llama31-8b,g24p2_084,MNR+,12.10433554611187
llama31-8b,g24p2_084,MNR-,18.020747946655657
llama31-8b,g24p2_084,RND+,61.479447885111604
llama31-8b,g24p2_084,RND-,54.221090803989256
llama31-8b,g24p2_084,STR+,41.96608853052575
llama31-8b,g24p2_084,STR-,46.320200684584854
llama31-8b,g24p2_084,Y0,82.28194791784873
llama31-8b,g24p2_085,ADM+,95.42049942385448
llama31-8b,g24p2_085,ADM-,99.9633811657986
llama31-8b,g24p2_085,CF+,44.456751361243654
llama31-8b,g24p2_085,CF-,47.21693190822221
llama31-8b,g24p2_085,EXC+,89.08211081652873
llama31-8b,g24p2_085,EXC-,75.47087573192316
llama31-8b,g24p2_085,MNR+,54.42895215385918
llama31-8b,g24p2_085,MNR-,87.4376350843783
llama31-8b,g24p2_085,RND+,44.46074115395936
llama31-8b,g24p2_085,RND-,53.79345940127595
llama31-8b,g24p2_085,STR+,87.04161633276229
llama31-8b,g24p2_085,STR-,89.67916896779589
llama31-8b,g24p2_085,Y0,90.03162514576644
llama31-8b,g24p2_087,ADM+,88.8857542118687
llama31-8b,g24p2_087,ADM-,99.96129317718014
llama31-8b,g24p2_087,CF+,44.44774276955872
llama31-8b,g24p2_087,CF-,44.44840573120213
llama31-8b,g24p2_087,EXC+,55.5525037795825
llama31-8b,g24p2_087,EXC-,56.524768490714116
llama31-8b,g24p2_087,MNR+,44.449184199416614
llama31-8b,g24p2_087,MNR-,42.024231372624854
llama31-8b,g24p2_087,RND+,44.44698875458175
llama31-8b,g24p2_087,RND-,44.446945282976195
llama31-8b,g24p2_087,STR+,2.146779282372252
llama31-8b,g24p2_087,STR-,74.12441408907824
llama31-8b,g24p2_087,Y0,95.47634203946254
llama31-8b,g24p2_088,ADM+,3.636582941645834
llama31-8b,g24p2_088,ADM-,93.52947666661099
llama31-8b,g24p2_088,CF+,54.75401398299253
llama31-8b,g24p2_088,CF-,0.43806664077291063
llama31-8b,g24p2_088,EXC+,49.88894583960663
llama31-8b,g24p2_088,EXC-,45.030633879127
llama31-8b,g24p2_088,MNR+,77.47746672573797
llama31-8b,g24p2_088,MNR-,99.8781715029555
llama31-8b,g24p2_088,RND+,0.3244852289814362
llama31-8b,g24p2_088,RND-,55.54945923762724
llama31-8b,g24p2_088,STR+,52.78977128159111
llama31-8b,g24p2_088,STR-,56.07294309759005
llama31-8b,g24p2_088,Y0,91.3491805002353
llama31-8b,g24p2_089,ADM+,95.72997964747108
llama31-8b,g24p2_089,ADM-,89.85462554173996
llama31-8b,g24p2_089,CF+,0.30561839095013943
llama31-8b,g24p2_089,CF-,56.82630379489083
llama31-8b,g24p2_089,EXC+,89.76053773173606
llama31-8b,g24p2_089,EXC-,95.18119796296328
llama31-8b,g24p2_089,MNR+,54.6818661135639
llama31-8b,g24p2_089,MNR-,55.554235830060655
llama31-8b,g24p2_089,RND+,0.2865595541576536
llama31-8b,g24p2_089,RND-,55.546375116258396
llama31-8b,g24p2_089,STR+,53.05083716890437
llama31-8b,g24p2_089,STR-,52.41790534392587
llama31-8b,g24p2_089,Y0,85.03499825553332
llama31-8b,g24p2_091,ADM+,96.98695775694567
llama31-8b,g24p2_091,ADM-,94.40850329682469
llama31-8b,g24p2_091,CF+,0.10556182339066973
llama31-8b,g24p2_091,CF-,0.09366606308504337
llama31-8b,g24p2_091,EXC+,37.147983399838736
llama31-8b,g24p2_091,EXC-,23.9970216594111
llama31-8b,g24p2_091,MNR+,4.065286921474916
llama31-8b,g24p2_091,MNR-,25.9965539368536
llama31-8b,g24p2_091,RND+,44.44835235254712
llama31-8b,g24p2_091,RND-,0.11531735322900054
llama31-8b,g24p2_091,STR+,46.40219887596502
llama31-8b,g24p2_091,STR-,40.85493915948214
llama31-8b,g24p2_091,Y0,88.88041116677472
llama31-8b,g24p2_092,ADM+,97.23929481511226
llama31-8b,g24p2_092,ADM-,91.28331164718458
llama31-8b,g24p2_092,CF+,50.92784602585986
llama31-8b,g24p2_092,CF-,57.33738034602652
llama31-8b,g24p2_092,EXC+,80.11077300681228
llama31-8b,g24p2_092,EXC-,88.96657199315972
llama31-8b,g24p2_092,MNR+,53.18200176110777
llama31-8b,g24p2_092,MNR-,99.92931130230835
llama31-8b,g24p2_092,RND+,55.55441356924432
llama31-8b,g24p2_092,RND-,52.93893683652215
llama31-8b,g24p2_092,STR+,54.12490987822039
llama31-8b,g24p2_092,STR-,52.54056558932034
llama31-8b,g24p2_092,Y0,14.564234630681783
llama31-8b,g24p2_093,ADM+,87.46765461781368
llama31-8b,g24p2_093,ADM-,87.31717882449126
llama31-8b,g24p2_093,CF+,55.5556552449225
llama31-8b,g24p2_093,CF-,55.55460577634714
llama31-8b,g24p2_093,EXC+,50.30865087242219
llama31-8b,g24p2_093,EXC-,73.60012598718049
llama31-8b,g24p2_093,MNR+,87.670918524211
llama31-8b,g24p2_093,MNR-,86.75659231057493
llama31-8b,g24p2_093,RND+,55.55386931513645
llama31-8b,g24p2_093,RND-,55.555635509594396
llama31-8b,g24p2_093,STR+,51.797830375238476
llama31-8b,g24p2_093,STR-,44.66005716939725
llama31-8b,g24p2_093,Y0,1.5662068382734693
llama31-8b,g24p2_094,ADM+,96.68016122632817
llama31-8b,g24p2_094,ADM-,96.36639506696544
llama31-8b,g24p2_094,CF+,53.11438166661068
llama31-8b,g24p2_094,CF-,53.88440393001579
llama31-8b,g24p2_094,EXC+,80.68418414345412
llama31-8b,g24p2_094,EXC-,81.88968064143438
llama31-8b,g24p2_094,MNR+,54.15183686107883
llama31-8b,g24p2_094,MNR-,77.76655478696134
llama31-8b,g24p2_094,RND+,53.42774998373885
llama31-8b,g24p2_094,RND-,86.64450123924536
llama31-8b,g24p2_094,STR+,53.40191198861899
llama31-8b,g24p2_094,STR-,59.36190516552054
llama31-8b,g24p2_094,Y0,89.36493745588449
llama31-8b,g24p2_096,ADM+,76.37336505216707
llama31-8b,g24p2_096,ADM-,22.229890839073917
llama31-8b,g24p2_096,CF+,44.44912865095721
llama31-8b,g24p2_096,CF-,56.566318478660165
llama31-8b,g24p2_096,EXC+,80.90914703172876
llama31-8b,g24p2_096,EXC-,34.042821343966835
llama31-8b,g24p2_096,MNR+,85.94225295312654
llama31-8b,g24p2_096,MNR-,66.66510577126732
llama31-8b,g24p2_096,RND+,44.44673842804045
llama31-8b,g24p2_096,RND-,22.236687841956822
llama31-8b,g24p2_096,STR+,83.11316669153878
llama31-8b,g24p2_096,STR-,0.10177027757371751
llama31-8b,g24p2_096,Y0,57.934840112284256
llama31-8b,g24p2_098,ADM+,97.49423235603868
llama31-8b,g24p2_098,ADM-,4.471125673449752
llama31-8b,g24p2_098,CF+,44.453056341081215
llama31-8b,g24p2_098,CF-,55.54932900890013
llama31-8b,g24p2_098,EXC+,47.59485286635418
llama31-8b,g24p2_098,EXC-,46.7576991213404
llama31-8b,g24p2_098,MNR+,52.13163898203405
llama31-8b,g24p2_098,MNR-,0.9594702183862405
llama31-8b,g24p2_098,RND+,44.45661359090289
llama31-8b,g24p2_098,RND-,55.55147499710038
llama31-8b,g24p2_098,STR+,50.59386482579865
llama31-8b,g24p2_098,STR-,51.442799359040364
llama31-8b,g24p2_098,Y0,19.018660515742756
llama31-8b,g24p2_099,ADM+,7.838008760687024
llama31-8b,g24p2_099,ADM-,5.552058220181176
llama31-8b,g24p2_099,CF+,55.542534515804114
llama31-8b,g24p2_099,CF-,55.5490461820957
llama31-8b,g24p2_099,EXC+,1.4753331381086392
llama31-8b,g24p2_099,EXC-,0.12282099658425147
llama31-8b,g24p2_099,MNR+,38.543616282703915
llama31-8b,g24p2_099,MNR-,0.12071520627041434
llama31-8b,g24p2_099,RND+,55.54725865176392
llama31-8b,g24p2_099,RND-,55.54991815442095
llama31-8b,g24p2_099,STR+,0.6145066234058529
llama31-8b,g24p2_099,STR-,46.17934517165443
llama31-8b,g24p2_099,Y0,0.1300286108886144
llama31-8b,g24p2_101,ADM+,98.73383703288832
llama31-8b,g24p2_101,ADM-,10.322675611739534
llama31-8b,g24p2_101,CF+,55.54688319704462
llama31-8b,g24p2_101,CF-,55.54706140383715
llama31-8b,g24p2_101,EXC+,41.33033120471547
llama31-8b,g24p2_101,EXC-,37.4974073737091
llama31-8b,g24p2_101,MNR+,0.9178388108292442
llama31-8b,g24p2_101,MNR-,42.421873929535515
llama31-8b,g24p2_101,RND+,44.45067103231349
llama31-8b,g24p2_101,RND-,55.547944862623666
llama31-8b,g24p2_101,STR+,49.95324363539288
llama31-8b,g24p2_101,STR-,49.83221424168412
llama31-8b,g24p2_101,Y0,97.88134119617965
llama31-8b,g24p2_102,ADM+,6.345633423537091
llama31-8b,g24p2_102,ADM-,3.3645435348680834
llama31-8b,g24p2_102,CF+,50.49219312934005
llama31-8b,g24p2_102,CF-,37.422553358015115
llama31-8b,g24p2_102,EXC+,39.92769803217967
llama31-8b,g24p2_102,EXC-,44.824881221362176
llama31-8b,g24p2_102,MNR+,51.639208824114306
llama31-8b,g24p2_102,MNR-,40.873830483873434
llama31-8b,g24p2_102,RND+,45.18685487944857
llama31-8b,g24p2_102,RND-,51.25769840640312
llama31-8b,g24p2_102,STR+,50.14223147104747
llama31-8b,g24p2_102,STR-,47.37528428629326
llama31-8b,g24p2_102,Y0,24.889187151415573
llama31-8b,g24p2_103,ADM+,90.23910565196702
llama31-8b,g24p2_103,ADM-,89.51729344111331
llama31-8b,g24p2_103,CF+,55.55439132513499
llama31-8b,g24p2_103,CF-,55.554725855609604
llama31-8b,g24p2_103,EXC+,48.046093633966436
llama31-8b,g24p2_103,EXC-,46.39599151348558
llama31-8b,g24p2_103,MNR+,51.3629323485643
llama31-8b,g24p2_103,MNR-,21.496948318183957
llama31-8b,g24p2_103,RND+,52.425573607494904
llama31-8b,g24p2_103,RND-,55.55509741219447
llama31-8b,g24p2_103,STR+,42.08923028534297
llama31-8b,g24p2_103,STR-,88.42330801735378
llama31-8b,g24p2_103,Y0,48.03948947030344
llama31-8b,g24p2_104,ADM+,94.75629459608872
llama31-8b,g24p2_104,ADM-,7.887832822046726
llama31-8b,g24p2_104,CF+,26.195054850573364
llama31-8b,g24p2_104,CF-,54.14414711059471
llama31-8b,g24p2_104,EXC+,53.461332901895396
llama31-8b,g24p2_104,EXC-,10.710399974993974
llama31-8b,g24p2_104,MNR+,90.91044333751987
llama31-8b,g24p2_104,MNR-,0.6172180399226262
llama31-8b,g24p2_104,RND+,85.57447736107149
llama31-8b,g24p2_104,RND-,55.49818679426777
llama31-8b,g24p2_104,STR+,87.32018226369834
llama31-8b,g24p2_104,STR-,87.92617225396364
llama31-8b,g24p2_104,Y0,89.69633749617319
llama31-8b,g24p2_105,ADM+,85.88723932951251
llama31-8b,g24p2_105,ADM-,88.02320244408587
llama31-8b,g24p2_105,CF+,36.54186776910794
llama31-8b,g24p2_105,CF-,58.59909251404398
llama31-8b,g24p2_105,EXC+,49.434172007142394
llama31-8b,g24p2_105,EXC-,53.81079781686701
llama31-8b,g24p2_105,MNR+,55.55468713339053
llama31-8b,g24p2_105,MNR-,54.2977348902031
llama31-8b,g24p2_105,RND+,38.61375555765607
llama31-8b,g24p2_105,RND-,88.88546928037371
llama31-8b,g24p2_105,STR+,50.51042715343775
llama31-8b,g24p2_105,STR-,54.48016795841102
llama31-8b,g24p2_105,Y0,73.52820466669269
llama31-8b,g24p2_107,ADM+,89.22710810202678
llama31-8b,g24p2_107,ADM-,87.32363044838426
llama31-8b,g24p2_107,CF+,52.425663596703224
llama31-8b,g24p2_107,CF-,88.1054898628122
llama31-8b,g24p2_107,EXC+,76.54484075000255
llama31-8b,g24p2_107,EXC-,70.7897029310548
llama31-8b,g24p2_107,MNR+,62.54181348757326
llama31-8b,g24p2_107,MNR-,87.30308999782856
llama31-8b,g24p2_107,RND+,54.739212593559394
llama31-8b,g24p2_107,RND-,54.72755943440055
llama31-8b,g24p2_107,STR+,53.51529605372777
llama31-8b,g24p2_107,STR-,64.22533634507278
llama31-8b,g24p2_107,Y0,81.42977302299329
llama31-8b,g24p2_108,ADM+,45.88949424746807
llama31-8b,g24p2_108,ADM-,18.12890449937119
llama31-8b,g24p2_108,CF+,88.85677983568553
llama31-8b,g24p2_108,CF-,88.8727447072535
llama31-8b,g24p2_108,EXC+,48.993688457774034
llama31-8b,g24p2_108,EXC-,39.468026437350474
llama31-8b,g24p2_108,MNR+,88.894399317214
llama31-8b,g24p2_108,MNR-,85.18039385028919
llama31-8b,g24p2_108,RND+,69.99543344916957
llama31-8b,g24p2_108,RND-,80.33596990960294
llama31-8b,g24p2_108,STR+,80.39071095070594
llama31-8b,g24p2_108,STR-,80.78211068412028
llama31-8b,g24p2_108,Y0,89.14438019022768
llama31-8b,g24p2_110,ADM+,97.50710642935879
llama31-8b,g24p2_110,ADM-,65.91906203930326
llama31-8b,g24p2_110,CF+,44.44963781575506
llama31-8b,g24p2_110,CF-,85.44536472703925
llama31-8b,g24p2_110,EXC+,40.24203668550982
llama31-8b,g24p2_110,EXC-,85.4466177491133
llama31-8b,g24p2_110,MNR+,55.55435091896621
llama31-8b,g24p2_110,MNR-,76.37433283892642
llama31-8b,g24p2_110,RND+,55.55317581725099
llama31-8b,g24p2_110,RND-,44.4526775060465
llama31-8b,g24p2_110,STR+,39.368291366715354
llama31-8b,g24p2_110,STR-,85.49964791129685
llama31-8b,g24p2_110,Y0,87.74739672952533
llama31-8b,g24p2_111,ADM+,7.19298451870544
llama31-8b,g24p2_111,ADM-,11.629747197780286
llama31-8b,g24p2_111,CF+,55.552009418274146
llama31-8b,g24p2_111,CF-,73.68307330386773
llama31-8b,g24p2_111,EXC+,49.82976644148519
llama31-8b,g24p2_111,EXC-,45.578125271379456
llama31-8b,g24p2_111,MNR+,96.42137394320005
llama31-8b,g24p2_111,MNR-,10.944948776111122
llama31-8b,g24p2_111,RND+,55.55487598972087
llama31-8b,g24p2_111,RND-,55.554617386125294
llama31-8b,g24p2_111,STR+,39.46743680390506
llama31-8b,g24p2_111,STR-,36.6736272654111
llama31-8b,g24p2_111,Y0,21.338255753569033
llama31-8b,g24p2_112,ADM+,97.25133574381101
llama31-8b,g24p2_112,ADM-,7.313952210692672
llama31-8b,g24p2_112,CF+,44.46228141212923
llama31-8b,g24p2_112,CF-,55.5561497960321
llama31-8b,g24p2_112,EXC+,51.30658876079933
llama31-8b,g24p2_112,EXC-,12.100971669892262
llama31-8b,g24p2_112,MNR+,54.011293704416104
llama31-8b,g24p2_112,MNR-,53.891133506305756
llama31-8b,g24p2_112,RND+,55.55506963685841
llama31-8b,g24p2_112,RND-,55.55646799403785
llama31-8b,g24p2_112,STR+,55.55521408013721
llama31-8b,g24p2_112,STR-,53.09026112887986
llama31-8b,g24p2_112,Y0,83.10177366738654
llama31-8b,g24p2_113,ADM+,97.74096260440365
llama31-8b,g24p2_113,ADM-,20.071189249159463
llama31-8b,g24p2_113,CF+,66.43445838381945
llama31-8b,g24p2_113,CF-,66.14218734084913
llama31-8b,g24p2_113,EXC+,88.55161949307416
llama31-8b,g24p2_113,EXC-,78.98865749090977
llama31-8b,g24p2_113,MNR+,58.23889592563497
llama31-8b,g24p2_113,MNR-,91.55878906799019
llama31-8b,g24p2_113,RND+,52.609052334270935
llama31-8b,g24p2_113,RND-,63.78368538036045
llama31-8b,g24p2_113,STR+,22.3058420957701
llama31-8b,g24p2_113,STR-,88.19304140355138
llama31-8b,g24p2_113,Y0,95.1293165851608
llama31-8b,g24p2_114,ADM+,94.4409283120333
llama31-8b,g24p2_114,ADM-,98.32963991236338
llama31-8b,g24p2_114,CF+,43.58665769092362
llama31-8b,g24p2_114,CF-,0.8139259844678963
llama31-8b,g24p2_114,EXC+,52.0486247477426
llama31-8b,g24p2_114,EXC-,99.9615069186629
llama31-8b,g24p2_114,MNR+,93.39550980993754
llama31-8b,g24p2_114,MNR-,95.62198826998258
llama31-8b,g24p2_114,RND+,0.5093932242503123
llama31-8b,g24p2_114,RND-,0.24626444623552773
llama31-8b,g24p2_114,STR+,51.67292198073348
llama31-8b,g24p2_114,STR-,44.0509492860419
llama31-8b,g24p2_114,Y0,97.95951356447507
llama31-8b,g24p2_115,ADM+,96.3623145960768
llama31-8b,g24p2_115,ADM-,99.95802556855051
llama31-8b,g24p2_115,CF+,0.10696086592684376
llama31-8b,g24p2_115,CF-,0.07590402910891916
llama31-8b,g24p2_115,EXC+,52.55280526098951
llama31-8b,g24p2_115,EXC-,9.752557545886823
llama31-8b,g24p2_115,MNR+,46.06634139083775
llama31-8b,g24p2_115,MNR-,38.07109282474599
llama31-8b,g24p2_115,RND+,51.59686654805901
llama31-8b,g24p2_115,RND-,0.07329429844001291
llama31-8b,g24p2_115,STR+,30.488634741190854
llama31-8b,g24p2_115,STR-,6.589481006067698
llama31-8b,g24p2_115,Y0,89.42717693444402
llama31-8b,g24p2_116,ADM+,97.14584834681567
llama31-8b,g24p2_116,ADM-,98.00562717611282
llama31-8b,g24p2_116,CF+,53.90492967055663
llama31-8b,g24p2_116,CF-,53.87280468828207
llama31-8b,g24p2_116,EXC+,83.39976096718615
llama31-8b,g24p2_116,EXC-,96.23374327748242
llama31-8b,g24p2_116,MNR+,51.16831236282619
llama31-8b,g24p2_116,MNR-,48.672203496658796
llama31-8b,g24p2_116,RND+,55.55001671324177
llama31-8b,g24p2_116,RND-,55.558084595332254
llama31-8b,g24p2_116,STR+,87.18852094704037
llama31-8b,g24p2_116,STR-,29.4759792797141
llama31-8b,g24p2_116,Y0,98.35527982514739
llama31-8b,g24p2_117,ADM+,89.56306629931854
llama31-8b,g24p2_117,ADM-,88.92557910336384
llama31-8b,g24p2_117,CF+,53.274708470761205
llama31-8b,g24p2_117,CF-,50.97244318941263
llama31-8b,g24p2_117,EXC+,85.51108068533553
llama31-8b,g24p2_117,EXC-,35.3470728997584
llama31-8b,g24p2_117,MNR+,47.92298366956302
llama31-8b,g24p2_117,MNR-,46.144460811401174
llama31-8b,g24p2_117,RND+,53.840846887448635
llama31-8b,g24p2_117,RND-,53.785365648071796
llama31-8b,g24p2_117,STR+,46.791320894826015
llama31-8b,g24p2_117,STR-,28.134811158561465
llama31-8b,g24p2_117,Y0,45.70953101300325
llama31-8b,g24p2_120,ADM+,92.28669146194704
llama31-8b,g24p2_120,ADM-,89.9172437028852
llama31-8b,g24p2_120,CF+,67.17022595389176
llama31-8b,g24p2_120,CF-,67.42403989670822
llama31-8b,g24p2_120,EXC+,61.495329323105565
llama31-8b,g24p2_120,EXC-,60.76784595570268
llama31-8b,g24p2_120,MNR+,50.91049284307755
llama31-8b,g24p2_120,MNR-,51.371220901103676
llama31-8b,g24p2_120,RND+,56.84046131915631
llama31-8b,g24p2_120,RND-,56.07894597865478
llama31-8b,g24p2_120,STR+,66.87397171420479
llama31-8b,g24p2_120,STR-,25.431343279547843
llama31-8b,g24p2_120,Y0,88.46522818875331
llama31-8b,g24p2_121,ADM+,87.64721997305479
llama31-8b,g24p2_121,ADM-,86.91322848043328
llama31-8b,g24p2_121,CF+,66.66736379220421
llama31-8b,g24p2_121,CF-,66.66804091834996
llama31-8b,g24p2_121,EXC+,61.4265489497061
llama31-8b,g24p2_121,EXC-,85.75849626089425
llama31-8b,g24p2_121,MNR+,77.17640500665523
llama31-8b,g24p2_121,MNR-,81.44569902407412
llama31-8b,g24p2_121,RND+,66.66601561895983
llama31-8b,g24p2_121,RND-,66.66600795257744
llama31-8b,g24p2_121,STR+,69.95224744060613
llama31-8b,g24p2_121,STR-,82.90893894386062
llama31-8b,g24p2_121,Y0,71.80272589244478
llama31-8b,g24p2_122,ADM+,97.92146962364069
llama31-8b,g24p2_122,ADM-,2.1078297870618306
llama31-8b,g24p2_122,CF+,0.11282135701420899
llama31-8b,g24p2_122,CF-,0.06662108393625595
llama31-8b,g24p2_122,EXC+,99.88234237612284
llama31-8b,g24p2_122,EXC-,2.964600180481529
llama31-8b,g24p2_122,MNR+,55.5524023168134
llama31-8b,g24p2_122,MNR-,49.48338473877253
llama31-8b,g24p2_122,RND+,6.74127946209967
llama31-8b,g24p2_122,RND-,0.2325347098829988
llama31-8b,g24p2_122,STR+,3.239287413695839
llama31-8b,g24p2_122,STR-,3.6756721509058767
llama31-8b,g24p2_122,Y0,47.48207014393764
llama31-8b,g24p2_123,ADM+,89.25522257500936
llama31-8b,g24p2_123,ADM-,89.45461164326078
llama31-8b,g24p2_123,CF+,26.814652538413092
llama31-8b,g24p2_123,CF-,27.963510962608872
llama31-8b,g24p2_123,EXC+,48.683228610497245
llama31-8b,g24p2_123,EXC-,50.84342158581242
llama31-8b,g24p2_123,MNR+,54.18166374926377
llama31-8b,g24p2_123,MNR-,54.313855372235714
llama31-8b,g24p2_123,RND+,52.890349215096336
llama31-8b,g24p2_123,RND-,52.602771921383756
llama31-8b,g24p2_123,STR+,52.06711097978187
llama31-8b,g24p2_123,STR-,57.41332698556524
llama31-8b,g24p2_123,Y0,88.26024310304284
llama31-8b,g24p2_125,ADM+,91.52213742125699
llama31-8b,g24p2_125,ADM-,90.31094235505294
llama31-8b,g24p2_125,CF+,54.16440253515142
llama31-8b,g24p2_125,CF-,54.240748800569854
llama31-8b,g24p2_125,EXC+,55.32299436929385
llama31-8b,g24p2_125,EXC-,68.63386239875891
llama31-8b,g24p2_125,MNR+,54.330608144337255
llama31-8b,g24p2_125,MNR-,75.45199743704003
llama31-8b,g24p2_125,RND+,53.92875444231305
llama31-8b,g24p2_125,RND-,53.72695666463137
llama31-8b,g24p2_125,STR+,53.754935999748554
llama31-8b,g24p2_125,STR-,53.5902460926071
llama31-8b,g24p2_125,Y0,86.12559155347967
llama31-8b,g24p2_126,ADM+,99.93275066427854
llama31-8b,g24p2_126,ADM-,99.88897745477904
llama31-8b,g24p2_126,CF+,20.529659692465852
llama31-8b,g24p2_126,CF-,18.090103489924434
llama31-8b,g24p2_126,EXC+,47.27649144549057
llama31-8b,g24p2_126,EXC-,73.56887969234108
llama31-8b,g24p2_126,MNR+,92.3291307116226
llama31-8b,g24p2_126,MNR-,95.27911671879941
llama31-8b,g24p2_126,RND+,44.45672474502524
llama31-8b,g24p2_126,RND-,17.498211960335517
llama31-8b,g24p2_126,STR+,57.430928756680146
llama31-8b,g24p2_126,STR-,55.55714800299332
llama31-8b,g24p2_126,Y0,88.12872902443867
llama31-8b,g24p2_128,ADM+,98.34366438297043
llama31-8b,g24p2_128,ADM-,3.7547899608632473
llama31-8b,g24p2_128,CF+,55.55335565545377
llama31-8b,g24p2_128,CF-,88.78350966459567
llama31-8b,g24p2_128,EXC+,50.70488330926433
llama31-8b,g24p2_128,EXC-,94.78595611984501
llama31-8b,g24p2_128,MNR+,91.26540291403691
llama31-8b,g24p2_128,MNR-,87.07948027108917
llama31-8b,g24p2_128,RND+,0.17451792006376257
llama31-8b,g24p2_128,RND-,88.88605949969299
llama31-8b,g24p2_128,STR+,53.34277308636226
llama31-8b,g24p2_128,STR-,88.64349987453538
llama31-8b,g24p2_128,Y0,99.04211908994986
llama31-8b,g24p2_129,ADM+,59.495643303540206
llama31-8b,g24p2_129,ADM-,98.92573209933965
llama31-8b,g24p2_129,CF+,88.88811471068831
llama31-8b,g24p2_129,CF-,44.45323567314034
llama31-8b,g24p2_129,EXC+,53.60671330148656
llama31-8b,g24p2_129,EXC-,49.666232522965494
llama31-8b,g24p2_129,MNR+,54.21597636943295
llama31-8b,g24p2_129,MNR-,52.830847528555815
llama31-8b,g24p2_129,RND+,88.88813076631307
llama31-8b,g24p2_129,RND-,55.552632957409415
llama31-8b,g24p2_129,STR+,54.27937818955475
llama31-8b,g24p2_129,STR-,52.070899618093975
llama31-8b,g24p2_129,Y0,89.05244113394194
llama31-8b,g24p2_130,ADM+,92.11097521811726
llama31-8b,g24p2_130,ADM-,15.174788492736715
llama31-8b,g24p2_130,CF+,44.45123842500149
llama31-8b,g24p2_130,CF-,44.45802283282824
llama31-8b,g24p2_130,EXC+,50.838066123560104
llama31-8b,g24p2_130,EXC-,62.113582809277446
llama31-8b,g24p2_130,MNR+,54.359614078295
llama31-8b,g24p2_130,MNR-,53.79337338598127
llama31-8b,g24p2_130,RND+,42.98249704110395
llama31-8b,g24p2_130,RND-,44.454743714467654
llama31-8b,g24p2_130,STR+,52.14339733790125
llama31-8b,g24p2_130,STR-,88.56876000823796
llama31-8b,g24p2_130,Y0,47.07606982751142
llama31-8b,g24p2_131,ADM+,90.52676952600001
llama31-8b,g24p2_131,ADM-,90.55618295534977
llama31-8b,g24p2_131,CF+,44.31299487239495
llama31-8b,g24p2_131,CF-,43.22093935760207
llama31-8b,g24p2_131,EXC+,18.17948569345777
llama31-8b,g24p2_131,EXC-,13.12495299624874
llama31-8b,g24p2_131,MNR+,9.54337618798027
llama31-8b,g24p2_131,MNR-,14.38749204176034
llama31-8b,g24p2_131,RND+,45.322729953989864
llama31-8b,g24p2_131,RND-,55.554043976503934
llama31-8b,g24p2_131,STR+,33.26215055431326
llama31-8b,g24p2_131,STR-,33.271175014147815
llama31-8b,g24p2_131,Y0,30.494983230641694
llama31-8b,g24p2_132,ADM+,93.69029543580945
llama31-8b,g24p2_132,ADM-,11.03916492837677
llama31-8b,g24p2_132,CF+,0.25911813049371735
llama31-8b,g24p2_132,CF-,0.0519142662790226
llama31-8b,g24p2_132,EXC+,46.11751935019242
llama31-8b,g24p2_132,EXC-,29.08524520567865
llama31-8b,g24p2_132,MNR+,4.023934483005574
llama31-8b,g24p2_132,MNR-,4.203514858320812
llama31-8b,g24p2_132,RND+,0.6552411460156097
llama31-8b,g24p2_132,RND-,0.739234515625818
llama31-8b,g24p2_132,STR+,47.10282886293313
llama31-8b,g24p2_132,STR-,32.623390521422
llama31-8b,g24p2_132,Y0,0.08508186412617585
llama31-8b,g24p2_133,ADM+,97.74399657689655
llama31-8b,g24p2_133,ADM-,12.579224512098785
llama31-8b,g24p2_133,CF+,55.55385034436738
llama31-8b,g24p2_133,CF-,88.87880331285231
llama31-8b,g24p2_133,EXC+,85.98680944602539
llama31-8b,g24p2_133,EXC-,25.320052224582298
llama31-8b,g24p2_133,MNR+,54.170627009200594
llama31-8b,g24p2_133,MNR-,0.5627186613566859
llama31-8b,g24p2_133,RND+,44.779651456244274
llama31-8b,g24p2_133,RND-,88.88534306934038
llama31-8b,g24p2_133,STR+,92.87775387378866
llama31-8b,g24p2_133,STR-,82.05576012649162
llama31-8b,g24p2_133,Y0,94.40452256920159
llama31-8b,g24p2_134,ADM+,98.65627625147931
llama31-8b,g24p2_134,ADM-,13.150188463672967
llama31-8b,g24p2_134,CF+,55.55295981490237
llama31-8b,g24p2_134,CF-,88.88828999856334
llama31-8b,g24p2_134,EXC+,91.06495634518502
llama31-8b,g24p2_134,EXC-,90.31563251198277
llama31-8b,g24p2_134,MNR+,90.66315322034376
llama31-8b,g24p2_134,MNR-,89.89004217417511
llama31-8b,g24p2_134,RND+,51.627338717481265
llama31-8b,g24p2_134,RND-,88.88706912212892
llama31-8b,g24p2_134,STR+,83.22965484713282
llama31-8b,g24p2_134,STR-,88.80644607548606
llama31-8b,g24p2_134,Y0,94.42872709832876
llama31-8b,g24p2_135,ADM+,3.669352260876786
llama31-8b,g24p2_135,ADM-,0.7054029035903754
llama31-8b,g24p2_135,CF+,88.07964308420878
llama31-8b,g24p2_135,CF-,83.01391592809146
llama31-8b,g24p2_135,EXC+,99.45024963734456
llama31-8b,g24p2_135,EXC-,9.218388669176546
llama31-8b,g24p2_135,MNR+,94.7360700728842
llama31-8b,g24p2_135,MNR-,3.1349411598454844
llama31-8b,g24p2_135,RND+,55.55293767662189
llama31-8b,g24p2_135,RND-,83.86775064329493
llama31-8b,g24p2_135,STR+,47.46435103478146
llama31-8b,g24p2_135,STR-,33.938717676521335
llama31-8b,g24p2_135,Y0,1.5361222157029566
llama31-8b,g24p2_136,ADM+,91.76669732149517
llama31-8b,g24p2_136,ADM-,80.9318397032361
llama31-8b,g24p2_136,CF+,80.20317142548018
llama31-8b,g24p2_136,CF-,82.23417348366439
llama31-8b,g24p2_136,EXC+,65.35970931483506
llama31-8b,g24p2_136,EXC-,89.28510188054571
llama31-8b,g24p2_136,MNR+,53.67731264222996
llama31-8b,g24p2_136,MNR-,81.22138197406314
llama31-8b,g24p2_136,RND+,50.7064814272544
llama31-8b,g24p2_136,RND-,44.46406753986695
llama31-8b,g24p2_136,STR+,53.46018330992156
llama31-8b,g24p2_136,STR-,56.56569265021475
llama31-8b,g24p2_136,Y0,51.92367330467121
llama31-8b,g24p2_137,ADM+,98.33118054173916
llama31-8b,g24p2_137,ADM-,7.379390152186605
llama31-8b,g24p2_137,CF+,44.447924336344016
llama31-8b,g24p2_137,CF-,0.04429140487590131
llama31-8b,g24p2_137,EXC+,44.488072045036205
llama31-8b,g24p2_137,EXC-,2.594807085060875
llama31-8b,g24p2_137,MNR+,52.41825129860945
llama31-8b,g24p2_137,MNR-,51.753899594628315
llama31-8b,g24p2_137,RND+,0.16126297944595136
llama31-8b,g24p2_137,RND-,0.05430532335182535
llama31-8b,g24p2_137,STR+,32.26881644782142
llama31-8b,g24p2_137,STR-,51.306677757032176
llama31-8b,g24p2_137,Y0,6.08602089536064
llama31-8b,g24p2_138,ADM+,99.96793046068494
llama31-8b,g24p2_138,ADM-,12.940952033068108
llama31-8b,g24p2_138,CF+,87.47131026141268
llama31-8b,g24p2_138,CF-,85.93514676903794
llama31-8b,g24p2_138,EXC+,49.6768381741944
llama31-8b,g24p2_138,EXC-,46.86766404711143
llama31-8b,g24p2_138,MNR+,25.946037971630872
llama31-8b,g24p2_138,MNR-,35.6483570856517
llama31-8b,g24p2_138,RND+,87.35393144280995
llama31-8b,g24p2_138,RND-,85.57518684202685
llama31-8b,g24p2_138,STR+,10.103200571833252
llama31-8b,g24p2_138,STR-,55.553897327464064
llama31-8b,g24p2_138,Y0,99.9702965455769
llama31-8b,g24p2_140,ADM+,95.06298683021413
llama31-8b,g24p2_140,ADM-,97.94951158949861
llama31-8b,g24p2_140,CF+,0.08691830846767486
llama31-8b,g24p2_140,CF-,55.54537635039202
llama31-8b,g24p2_140,EXC+,53.27841862354566
llama31-8b,g24p2_140,EXC-,43.410585355913
llama31-8b,g24p2_140,MNR+,78.22529294560628
llama31-8b,g24p2_140,MNR-,51.666948786167055
llama31-8b,g24p2_140,RND+,55.55218849022927
llama31-8b,g24p2_140,RND-,55.55084800573363
llama31-8b,g24p2_140,STR+,63.493000647653425
llama31-8b,g24p2_140,STR-,48.18135651749642
llama31-8b,g24p2_140,Y0,25.27909385514975
llama31-8b,g24p2_141,ADM+,5.1342000502442655
llama31-8b,g24p2_141,ADM-,4.5237108784855895
llama31-8b,g24p2_141,CF+,40.638414907733676
llama31-8b,g24p2_141,CF-,0.43735069938511595
llama31-8b,g24p2_141,EXC+,33.00552452679412
llama31-8b,g24p2_141,EXC-,3.1357649439990904
llama31-8b,g24p2_141,MNR+,35.58998251830687
llama31-8b,g24p2_141,MNR-,41.027887818602785
llama31-8b,g24p2_141,RND+,55.55222621207768
llama31-8b,g24p2_141,RND-,55.55102150247977
llama31-8b,g24p2_141,STR+,24.384083985270752
llama31-8b,g24p2_141,STR-,52.152546795411105
llama31-8b,g24p2_141,Y0,5.57772987973112
llama31-8b,g24p2_142,ADM+,91.20336116451016
llama31-8b,g24p2_142,ADM-,7.743880127104258
llama31-8b,g24p2_142,CF+,44.611872065427825
llama31-8b,g24p2_142,CF-,57.50386131085398
llama31-8b,g24p2_142,EXC+,44.82304038344771
llama31-8b,g24p2_142,EXC-,77.05456115017624
llama31-8b,g24p2_142,MNR+,53.6105849250659
llama31-8b,g24p2_142,MNR-,51.486880200417055
llama31-8b,g24p2_142,RND+,52.00917383346864
llama31-8b,g24p2_142,RND-,57.59050206585198
llama31-8b,g24p2_142,STR+,52.32991668023877
llama31-8b,g24p2_142,STR-,54.113297948656324
llama31-8b,g24p2_142,Y0,61.62809480949621
llama31-8b,g24p2_143,ADM+,96.08268783475995
llama31-8b,g24p2_143,ADM-,10.204889277775376
llama31-8b,g24p2_143,CF+,0.36297417222619466
llama31-8b,g24p2_143,CF-,88.88401510672941
llama31-8b,g24p2_143,EXC+,52.54198742631442
llama31-8b,g24p2_143,EXC-,76.11902992431527
llama31-8b,g24p2_143,MNR+,53.08957709302281
llama31-8b,g24p2_143,MNR-,71.57842424164988
llama31-8b,g24p2_143,RND+,55.554766169914984
llama31-8b,g24p2_143,RND-,88.8867946144605
llama31-8b,g24p2_143,STR+,30.342290289575455
llama31-8b,g24p2_143,STR-,97.01678068166999
llama31-8b,g24p2_143,Y0,96.40693145378049
llama31-8b,g24p2_144,ADM+,93.64348676104207
llama31-8b,g24p2_144,ADM-,89.1921627241408
llama31-8b,g24p2_144,CF+,55.554709374832996
llama31-8b,g24p2_144,CF-,56.902135046982
llama31-8b,g24p2_144,EXC+,54.2996238987814
llama31-8b,g24p2_144,EXC-,69.28494600594335
llama31-8b,g24p2_144,MNR+,54.035118831632644
llama31-8b,g24p2_144,MNR-,54.05595153723554
llama31-8b,g24p2_144,RND+,55.555015757725414
llama31-8b,g24p2_144,RND-,55.55509154574908
llama31-8b,g24p2_144,STR+,46.86456724606631
llama31-8b,g24p2_144,STR-,82.43123462861718
llama31-8b,g24p2_144,Y0,91.47125110160064
llama31-8b,g24p2_145,ADM+,99.08199899457598
llama31-8b,g24p2_145,ADM-,4.55005736365513
llama31-8b,g24p2_145,CF+,0.4210579074456441
llama31-8b,g24p2_145,CF-,55.549250025804234
llama31-8b,g24p2_145,EXC+,46.447924845708606
llama31-8b,g24p2_145,EXC-,44.48980990122433
llama31-8b,g24p2_145,MNR+,52.45238024191738
llama31-8b,g24p2_145,MNR-,48.84471423979903
llama31-8b,g24p2_145,RND+,52.80851924351547
llama31-8b,g24p2_145,RND-,53.19550460284311
llama31-8b,g24p2_145,STR+,50.91664024493501
llama31-8b,g24p2_145,STR-,40.87673936486967
llama31-8b,g24p2_145,Y0,87.91976724080796
llama31-8b,g24p2_146,ADM+,97.74234060816826
llama31-8b,g24p2_146,ADM-,11.814898346906839
llama31-8b,g24p2_146,CF+,0.1409114913303306
llama31-8b,g24p2_146,CF-,0.26531624127855796
llama31-8b,g24p2_146,EXC+,52.0534178847111
llama31-8b,g24p2_146,EXC-,9.220278998145105
llama31-8b,g24p2_146,MNR+,53.95431853829474
llama31-8b,g24p2_146,MNR-,6.847288213079951
llama31-8b,g24p2_146,RND+,0.11817297784533569
llama31-8b,g24p2_146,RND-,0.3011976183887677
llama31-8b,g24p2_146,STR+,54.172165867517805
llama31-8b,g24p2_146,STR-,19.700362484154294
llama31-8b,g24p2_146,Y0,12.737434067642711
llama31-8b,g24p2_147,ADM+,93.09395989197427
llama31-8b,g24p2_147,ADM-,9.516225056200106
llama31-8b,g24p2_147,CF+,55.54808083936437
llama31-8b,g24p2_147,CF-,55.54589565019814
llama31-8b,g24p2_147,EXC+,45.59283242302092
llama31-8b,g24p2_147,EXC-,42.223266393822236
llama31-8b,g24p2_147,MNR+,51.66880193178013
llama31-8b,g24p2_147,MNR-,49.58450887780054
llama31-8b,g24p2_147,RND+,55.553002102176244
llama31-8b,g24p2_147,RND-,55.54944797500892
llama31-8b,g24p2_147,STR+,38.01422093658114
llama31-8b,g24p2_147,STR-,41.80488243359436
llama31-8b,g24p2_147,Y0,64.45667207689206
llama31-8b,g24p2_148,ADM+,98.80912616107778
llama31-8b,g24p2_148,ADM-,1.6674882216432407
llama31-8b,g24p2_148,CF+,0.07119634980861794
llama31-8b,g24p2_148,CF-,0.047366490277928025
llama31-8b,g24p2_148,EXC+,35.68828003015503
llama31-8b,g24p2_148,EXC-,19.37289883336966
llama31-8b,g24p2_148,MNR+,47.41586778080661
llama31-8b,g24p2_148,MNR-,2.0704771950094645
llama31-8b,g24p2_148,RND+,0.06269571681953962
llama31-8b,g24p2_148,RND-,0.031503556082214175
llama31-8b,g24p2_148,STR+,19.514369702351274
llama31-8b,g24p2_148,STR-,3.758936228416907
llama31-8b,g24p2_148,Y0,69.48088737361564
llama31-8b,g24p2_149,ADM+,97.2216056914931
llama31-8b,g24p2_149,ADM-,4.399210646273104
llama31-8b,g24p2_149,CF+,55.55309325413171
llama31-8b,g24p2_149,CF-,55.55303606726681
llama31-8b,g24p2_149,EXC+,11.347952577637471
llama31-8b,g24p2_149,EXC-,0.4803314832966418
llama31-8b,g24p2_149,MNR+,41.01097116693259
llama31-8b,g24p2_149,MNR-,51.70298066628181
llama31-8b,g24p2_149,RND+,55.55220348705565
llama31-8b,g24p2_149,RND-,55.551879920231656
llama31-8b,g24p2_149,STR+,44.3363253869935
llama31-8b,g24p2_149,STR-,43.12032116746988
llama31-8b,g24p2_149,Y0,0.834043636646687
llama31-8b,g24p2_150,ADM+,4.050548564516462
llama31-8b,g24p2_150,ADM-,10.385061508765814
llama31-8b,g24p2_150,CF+,86.94928914459938
llama31-8b,g24p2_150,CF-,86.7367568269493
llama31-8b,g24p2_150,EXC+,22.106814740140358
llama31-8b,g24p2_150,EXC-,56.22584773690735
llama31-8b,g24p2_150,MNR+,57.96179172658981
llama31-8b,g24p2_150,MNR-,60.899358064435496
llama31-8b,g24p2_150,RND+,53.96031119084827
llama31-8b,g24p2_150,RND-,53.82888471759818
llama31-8b,g24p2_150,STR+,53.342176051866794
llama31-8b,g24p2_150,STR-,51.17930852338249
llama31-8b,g24p2_150,Y0,45.41178917584895
llama31-8b,g24p2_153,ADM+,94.73464126842916
llama31-8b,g24p2_153,ADM-,92.778615303191
llama31-8b,g24p2_153,CF+,27.997236128466657
llama31-8b,g24p2_153,CF-,0.41977890257375666
llama31-8b,g24p2_153,EXC+,48.13430826705419
llama31-8b,g24p2_153,EXC-,89.28483761315294
llama31-8b,g24p2_153,MNR+,87.17510085480643
llama31-8b,g24p2_153,MNR-,58.54796628125794
llama31-8b,g24p2_153,RND+,55.13071414854459
llama31-8b,g24p2_153,RND-,0.1156493275852575
llama31-8b,g24p2_153,STR+,93.50429708396918
llama31-8b,g24p2_153,STR-,89.18675920976185
llama31-8b,g24p2_153,Y0,97.04174414261986
llama31-8b,g24p2_154,ADM+,12.630023920921722
llama31-8b,g24p2_154,ADM-,0.14177294014700467
llama31-8b,g24p2_154,CF+,54.19618352867068
llama31-8b,g24p2_154,CF-,54.49325466375292
llama31-8b,g24p2_154,EXC+,51.62971859566716
llama31-8b,g24p2_154,EXC-,46.9455781391528
llama31-8b,g24p2_154,MNR+,42.20573490944403
llama31-8b,g24p2_154,MNR-,46.53730366342444
llama31-8b,g24p2_154,RND+,54.31688363045909
llama31-8b,g24p2_154,RND-,54.469348291262556
llama31-8b,g24p2_154,STR+,50.56487778404599
llama31-8b,g24p2_154,STR-,45.29036377797183
llama31-8b,g24p2_154,Y0,92.8589236823636
llama31-8b,g24p2_156,ADM+,98.93583224220963
llama31-8b,g24p2_156,ADM-,93.51196400622821
llama31-8b,g24p2_156,CF+,55.55280239118761
llama31-8b,g24p2_156,CF-,88.88351737399812
llama31-8b,g24p2_156,EXC+,43.557546747481155
llama31-8b,g24p2_156,EXC-,90.14526315261713
llama31-8b,g24p2_156,MNR+,55.555238816354404
llama31-8b,g24p2_156,MNR-,85.95642614410957
llama31-8b,g24p2_156,RND+,55.55345636893657
llama31-8b,g24p2_156,RND-,88.88516394507016
llama31-8b,g24p2_156,STR+,40.94802752345436
llama31-8b,g24p2_156,STR-,68.67095337137435
llama31-8b,g24p2_156,Y0,99.89146290504884
llama31-8b,g24p2_158,ADM+,96.08118794793664
llama31-8b,g24p2_158,ADM-,93.43386818533945
llama31-8b,g24p2_158,CF+,44.46942851314002
llama31-8b,g24p2_158,CF-,44.450444518629006
llama31-8b,g24p2_158,EXC+,48.87654169147749
llama31-8b,g24p2_158,EXC-,51.789941497107755
llama31-8b,g24p2_158,MNR+,9.88822674709318
llama31-8b,g24p2_158,MNR-,26.725232000196463
llama31-8b,g24p2_158,RND+,44.45326432975446
llama31-8b,g24p2_158,RND-,44.458530284533275
llama31-8b,g24p2_158,STR+,33.47452130665263
llama31-8b,g24p2_158,STR-,7.8387286325933685
llama31-8b,g24p2_158,Y0,7.025108859912271
llama31-8b,g24p2_159,ADM+,97.94928698998062
llama31-8b,g24p2_159,ADM-,95.28668075433727
llama31-8b,g24p2_159,CF+,55.549270387814204
llama31-8b,g24p2_159,CF-,55.54856757588729
llama31-8b,g24p2_159,EXC+,87.65649016774186
llama31-8b,g24p2_159,EXC-,12.624290381087302
llama31-8b,g24p2_159,MNR+,49.19986726641
llama31-8b,g24p2_159,MNR-,11.218367852309195
llama31-8b,g24p2_159,RND+,0.10054114358384697
llama31-8b,g24p2_159,RND-,0.09681162293248231
llama31-8b,g24p2_159,STR+,47.937471830984165
llama31-8b,g24p2_159,STR-,47.952571693702254
llama31-8b,g24p2_159,Y0,87.38837155796982
llama31-8b,g24p2_160,ADM+,99.04663002756843
llama31-8b,g24p2_160,ADM-,5.520418921090949
llama31-8b,g24p2_160,CF+,44.476681804797636
llama31-8b,g24p2_160,CF-,0.33382642200569745
llama31-8b,g24p2_160,EXC+,49.261692024685736
llama31-8b,g24p2_160,EXC-,50.735054217639686
llama31-8b,g24p2_160,MNR+,53.16046119837972
llama31-8b,g24p2_160,MNR-,53.151529431142556
llama31-8b,g24p2_160,RND+,55.553124449702246
llama31-8b,g24p2_160,RND-,0.33084945000828
llama31-8b,g24p2_160,STR+,43.021369942584364
llama31-8b,g24p2_160,STR-,45.652629882240056
llama31-8b,g24p2_160,Y0,37.856189850158785
llama31-8b,g24p2_161,ADM+,44.63723594908166
llama31-8b,g24p2_161,ADM-,11.672821148785061
llama31-8b,g24p2_161,CF+,30.24487781325583
llama31-8b,g24p2_161,CF-,44.34421089174957
llama31-8b,g24p2_161,EXC+,15.191107824164082
llama31-8b,g24p2_161,EXC-,28.349474581240187
llama31-8b,g24p2_161,MNR+,6.6780197230213805
llama31-8b,g24p2_161,MNR-,27.7632134962491
llama31-8b,g24p2_161,RND+,26.345603455133872
llama31-8b,g24p2_161,RND-,44.44580599850573
llama31-8b,g24p2_161,STR+,35.43157539168276
llama31-8b,g24p2_161,STR-,37.084540747277394
llama31-8b,g24p2_161,Y0,10.234943707658353
llama31-8b,g24p2_163,ADM+,97.39086140337751
llama31-8b,g24p2_163,ADM-,4.488448705306379
llama31-8b,g24p2_163,CF+,0.10872385278373085
llama31-8b,g24p2_163,CF-,9.368851546735591
llama31-8b,g24p2_163,EXC+,90.68817413576741
llama31-8b,g24p2_163,EXC-,91.66955200536664
llama31-8b,g24p2_163,MNR+,50.25642704641632
llama31-8b,g24p2_163,MNR-,93.78360100952777
llama31-8b,g24p2_163,RND+,0.16630381157887308
llama31-8b,g24p2_163,RND-,94.51317193566432
llama31-8b,g24p2_163,STR+,93.24659040228752
llama31-8b,g24p2_163,STR-,97.54679585187247
llama31-8b,g24p2_163,Y0,14.234781331308726
llama31-8b,g24p2_164,ADM+,99.32287722105384
llama31-8b,g24p2_164,ADM-,2.5816855598924624
llama31-8b,g24p2_164,CF+,55.5544968422126
llama31-8b,g24p2_164,CF-,55.55408145977149
llama31-8b,g24p2_164,EXC+,50.59289021023398
llama31-8b,g24p2_164,EXC-,49.97135604131882
llama31-8b,g24p2_164,MNR+,48.96497160068165
llama31-8b,g24p2_164,MNR-,87.55395231940598
llama31-8b,g24p2_164,RND+,46.219169808359396
llama31-8b,g24p2_164,RND-,45.446837456153816
llama31-8b,g24p2_164,STR+,64.6686290626948
llama31-8b,g24p2_164,STR-,49.8192211426301
llama31-8b,g24p2_164,Y0,99.70879509106406
llama31-8b,g24p2_165,ADM+,81.20223281230032
llama31-8b,g24p2_165,ADM-,94.36812100840697
llama31-8b,g24p2_165,CF+,0.12903103968928784
llama31-8b,g24p2_165,CF-,44.4484291418436
llama31-8b,g24p2_165,EXC+,40.932093184708066
llama31-8b,g24p2_165,EXC-,40.957886364432795
llama31-8b,g24p2_165,MNR+,21.154098328449308
llama31-8b,g24p2_165,MNR-,51.604257100055484
llama31-8b,g24p2_165,RND+,51.89991184654369
llama31-8b,g24p2_165,RND-,50.96987487097713
llama31-8b,g24p2_165,STR+,50.12709517007087
llama31-8b,g24p2_165,STR-,52.46019846942198
llama31-8b,g24p2_165,Y0,16.27445009911466
llama31-8b,g24p2_167,ADM+,92.03449664939549
llama31-8b,g24p2_167,ADM-,92.06174052022463
llama31-8b,g24p2_167,CF+,53.14258102980633
llama31-8b,g24p2_167,CF-,55.55473646750456
llama31-8b,g24p2_167,EXC+,68.3488146608492
llama31-8b,g24p2_167,EXC-,92.25178515476551
llama31-8b,g24p2_167,MNR+,44.150670887525386
llama31-8b,g24p2_167,MNR-,55.11815587207017
llama31-8b,g24p2_167,RND+,53.0532389359402
llama31-8b,g24p2_167,RND-,55.55459654668949
llama31-8b,g24p2_167,STR+,90.0674377656072
llama31-8b,g24p2_167,STR-,91.61931381956255
llama31-8b,g24p2_167,Y0,92.13732140931774
llama31-8b,g24p2_169,ADM+,97.26605055443494
llama31-8b,g24p2_169,ADM-,0.22375107027231575
llama31-8b,g24p2_169,CF+,0.2819271985543865
llama31-8b,g24p2_169,CF-,55.5539218490366
llama31-8b,g24p2_169,EXC+,30.651978076688422
llama31-8b,g24p2_169,EXC-,24.978572756677423
llama31-8b,g24p2_169,MNR+,55.52472164902022
llama31-8b,g24p2_169,MNR-,1.966178452756042
llama31-8b,g24p2_169,RND+,55.553736241604796
llama31-8b,g24p2_169,RND-,55.551861250010106
llama31-8b,g24p2_169,STR+,55.55447346332406
llama31-8b,g24p2_169,STR-,55.55371920941926
llama31-8b,g24p2_169,Y0,98.03234526773629
llama31-8b,g24p2_170,ADM+,97.7186673206763
llama31-8b,g24p2_170,ADM-,91.32116527661483
llama31-8b,g24p2_170,CF+,44.45115444447478
llama31-8b,g24p2_170,CF-,44.45429456262836
llama31-8b,g24p2_170,EXC+,52.21754173927795
llama31-8b,g24p2_170,EXC-,11.80915539397255
llama31-8b,g24p2_170,MNR+,53.05487541140454
llama31-8b,g24p2_170,MNR-,52.735233040883564
llama31-8b,g24p2_170,RND+,44.449277496602726
llama31-8b,g24p2_170,RND-,53.514525823268116
llama31-8b,g24p2_170,STR+,52.796358761399716
llama31-8b,g24p2_170,STR-,13.779596658580612
llama31-8b,g24p2_170,Y0,3.77715338208588
llama31-8b,g24p2_171,ADM+,97.21743699382833
llama31-8b,g24p2_171,ADM-,5.242284710328409
llama31-8b,g24p2_171,CF+,28.0235184031104
llama31-8b,g24p2_171,CF-,54.09911842786116
llama31-8b,g24p2_171,EXC+,23.485792501940477
llama31-8b,g24p2_171,EXC-,24.463654975864962
llama31-8b,g24p2_171,MNR+,30.081693905133754
llama31-8b,g24p2_171,MNR-,52.57133207977605
llama31-8b,g24p2_171,RND+,32.04276182030399
llama31-8b,g24p2_171,RND-,57.984803926792765
llama31-8b,g24p2_171,STR+,48.74719204053959
llama31-8b,g24p2_171,STR-,46.522593152450305
llama31-8b,g24p2_171,Y0,27.204658596795046
llama31-8b,g24p2_172,ADM+,97.41606487647745
llama31-8b,g24p2_172,ADM-,13.136113920921476
llama31-8b,g24p2_172,CF+,53.785423696682436
llama31-8b,g24p2_172,CF-,49.025363897937304
llama31-8b,g24p2_172,EXC+,62.59668792370154
llama31-8b,g24p2_172,EXC-,3.674784702334835
llama31-8b,g24p2_172,MNR+,53.583456197095195
llama31-8b,g24p2_172,MNR-,44.79895124899485
llama31-8b,g24p2_172,RND+,55.55631526224553
llama31-8b,g24p2_172,RND-,44.49385703943516
llama31-8b,g24p2_172,STR+,67.02800505971291
llama31-8b,g24p2_172,STR-,75.51903777093476
llama31-8b,g24p2_172,Y0,0.3045900997849425
llama31-8b,g24p2_174,ADM+,97.95842877532571
llama31-8b,g24p2_174,ADM-,94.71846334946416
llama31-8b,g24p2_174,CF+,0.28407925006800494
llama31-8b,g24p2_174,CF-,44.446851075865524
llama31-8b,g24p2_174,EXC+,46.30503721306216
llama31-8b,g24p2_174,EXC-,50.31242699036155
llama31-8b,g24p2_174,MNR+,52.34729286573635
llama31-8b,g24p2_174,MNR-,77.99914969582645
llama31-8b,g24p2_174,RND+,51.067198268205146
llama31-8b,g24p2_174,RND-,55.5541490840651
llama31-8b,g24p2_174,STR+,36.78218407906999
llama31-8b,g24p2_174,STR-,52.62329751541691
llama31-8b,g24p2_174,Y0,69.10698771904623
llama31-8b,g24p2_175,ADM+,96.68148050010689
llama31-8b,g24p2_175,ADM-,18.60272311990585
llama31-8b,g24p2_175,CF+,44.46647079135258
llama31-8b,g24p2_175,CF-,0.0641685839247716
llama31-8b,g24p2_175,EXC+,89.0026404952257
llama31-8b,g24p2_175,EXC-,88.39878704265757
llama31-8b,g24p2_175,MNR+,34.93385110071107
llama31-8b,g24p2_175,MNR-,18.93099247348191
llama31-8b,g24p2_175,RND+,44.45393756722287
llama31-8b,g24p2_175,RND-,0.07428437489406589
llama31-8b,g24p2_175,STR+,18.42990095652425
llama31-8b,g24p2_175,STR-,46.72290316489625
llama31-8b,g24p2_175,Y0,87.85975976652348
llama31-8b,g24p2_176,ADM+,96.09365830480982
llama31-8b,g24p2_176,ADM-,10.390276678918106
llama31-8b,g24p2_176,CF+,44.45578704596336
llama31-8b,g24p2_176,CF-,66.96441070006404
llama31-8b,g24p2_176,EXC+,71.728070678633
llama31-8b,g24p2_176,EXC-,11.045384915743368
llama31-8b,g24p2_176,MNR+,53.20144096433457
llama31-8b,g24p2_176,MNR-,52.14551110929069
llama31-8b,g24p2_176,RND+,55.55395868734095
llama31-8b,g24p2_176,RND-,55.5543099594241
llama31-8b,g24p2_176,STR+,42.87091901837155
llama31-8b,g24p2_176,STR-,8.312662227039295
llama31-8b,g24p2_176,Y0,98.14335234359399
llama31-8b,g24p2_177,ADM+,95.40009207382907
llama31-8b,g24p2_177,ADM-,0.11093026429880799
llama31-8b,g24p2_177,CF+,44.460547556281746
llama31-8b,g24p2_177,CF-,59.15904432563939
llama31-8b,g24p2_177,EXC+,97.162017851705
llama31-8b,g24p2_177,EXC-,23.777866247880567
llama31-8b,g24p2_177,MNR+,26.021492875863736
llama31-8b,g24p2_177,MNR-,79.31431233212248
llama31-8b,g24p2_177,RND+,55.55575312755489
llama31-8b,g24p2_177,RND-,60.00400810471222
llama31-8b,g24p2_177,STR+,26.67791590189804
llama31-8b,g24p2_177,STR-,81.45679216330764
llama31-8b,g24p2_177,Y0,91.79764987791403
llama31-8b,g24p2_178,ADM+,92.71919000172338
llama31-8b,g24p2_178,ADM-,3.6376821174412237
llama31-8b,g24p2_178,CF+,55.549965877727566
llama31-8b,g24p2_178,CF-,99.95792222050551
llama31-8b,g24p2_178,EXC+,69.3479388324102
llama31-8b,g24p2_178,EXC-,90.10527413941647
llama31-8b,g24p2_178,MNR+,52.84017540198651
llama31-8b,g24p2_178,MNR-,93.52112146483177
llama31-8b,g24p2_178,RND+,55.5520359883846
llama31-8b,g24p2_178,RND-,98.13634846001027
llama31-8b,g24p2_178,STR+,48.16953760547588
llama31-8b,g24p2_178,STR-,75.59462334025937
llama31-8b,g24p2_178,Y0,89.17667484543684
llama31-8b,g24p2_179,ADM+,96.06488917747217
llama31-8b,g24p2_179,ADM-,10.953671028006577
llama31-8b,g24p2_179,CF+,0.10477710058537644
llama31-8b,g24p2_179,CF-,55.42824990200434
llama31-8b,g24p2_179,EXC+,47.4007934034274
llama31-8b,g24p2_179,EXC-,35.55225753593739
llama31-8b,g24p2_179,MNR+,22.9777096700026
llama31-8b,g24p2_179,MNR-,6.245698764681368
llama31-8b,g24p2_179,RND+,55.55191593508861
llama31-8b,g24p2_179,RND-,55.548326697492
llama31-8b,g24p2_179,STR+,49.93563361019469
llama31-8b,g24p2_179,STR-,34.09471207823236
llama31-8b,g24p2_179,Y0,47.369216432118414
llama31-8b,g24p2_180,ADM+,11.107855930241382
llama31-8b,g24p2_180,ADM-,94.05627528802779
llama31-8b,g24p2_180,CF+,55.55470588119884
llama31-8b,g24p2_180,CF-,55.55367783917078
llama31-8b,g24p2_180,EXC+,85.34588772678826
llama31-8b,g24p2_180,EXC-,48.426680772214404
llama31-8b,g24p2_180,MNR+,7.669386515460114
llama31-8b,g24p2_180,MNR-,53.71002303557849
llama31-8b,g24p2_180,RND+,44.44658131644011
llama31-8b,g24p2_180,RND-,55.555504379474115
llama31-8b,g24p2_180,STR+,62.39916948693562
llama31-8b,g24p2_180,STR-,33.954133241260706
llama31-8b,g24p2_180,Y0,90.56882399879672
llama31-8b,g24p2_181,ADM+,3.2429726636238887
llama31-8b,g24p2_181,ADM-,2.686673908014027
llama31-8b,g24p2_181,CF+,55.54315619654822
llama31-8b,g24p2_181,CF-,55.53578902311918
llama31-8b,g24p2_181,EXC+,22.932688147007873
llama31-8b,g24p2_181,EXC-,2.147111432197107
llama31-8b,g24p2_181,MNR+,17.60757633679563
llama31-8b,g24p2_181,MNR-,4.165458912709985
llama31-8b,g24p2_181,RND+,55.54733450719594
llama31-8b,g24p2_181,RND-,55.548893589821056
llama31-8b,g24p2_181,STR+,19.150430326718332
llama31-8b,g24p2_181,STR-,4.246675777287469
llama31-8b,g24p2_181,Y0,0.3943168436885467
llama31-8b,g24p2_184,ADM+,96.27634927310659
llama31-8b,g24p2_184,ADM-,8.657731243944184
llama31-8b,g24p2_184,CF+,13.455291665344168
llama31-8b,g24p2_184,CF-,0.04035284950952853
llama31-8b,g24p2_184,EXC+,46.2275032350535
llama31-8b,g24p2_184,EXC-,47.59994768994663
llama31-8b,g24p2_184,MNR+,34.113155102466024
llama31-8b,g24p2_184,MNR-,45.538679263151934
llama31-8b,g24p2_184,RND+,52.08317482303084
llama31-8b,g24p2_184,RND-,55.55445846754772
llama31-8b,g24p2_184,STR+,32.96992062860048
llama31-8b,g24p2_184,STR-,45.541286643309306
llama31-8b,g24p2_184,Y0,18.034816334357473
llama31-8b,g24p2_185,ADM+,98.15038792949548
llama31-8b,g24p2_185,ADM-,2.829252464675024
llama31-8b,g24p2_185,CF+,46.162190449312895
llama31-8b,g24p2_185,CF-,44.44962817713373
llama31-8b,g24p2_185,EXC+,34.90837316277495
llama31-8b,g24p2_185,EXC-,23.640407254104197
llama31-8b,g24p2_185,MNR+,49.15159025004127
llama31-8b,g24p2_185,MNR-,0.1665317235874261
llama31-8b,g24p2_185,RND+,7.015544535470918
llama31-8b,g24p2_185,RND-,10.111911128069288
llama31-8b,g24p2_185,STR+,30.59978360330723
llama31-8b,g24p2_185,STR-,22.955072994003665
llama31-8b,g24p2_185,Y0,0.8230272174557077
llama31-8b,g24p2_186,ADM+,88.88793073779172
llama31-8b,g24p2_186,ADM-,8.413316589359326
llama31-8b,g24p2_186,CF+,44.445473076361544
llama31-8b,g24p2_186,CF-,50.252247034104634
llama31-8b,g24p2_186,EXC+,42.11137222818554
llama31-8b,g24p2_186,EXC-,33.66131178780023
llama31-8b,g24p2_186,MNR+,21.145046843978086
llama31-8b,g24p2_186,MNR-,0.9111260691219984
llama31-8b,g24p2_186,RND+,22.237787676207535
llama31-8b,g24p2_186,RND-,52.86419048172397
llama31-8b,g24p2_186,STR+,31.856246631582433
llama31-8b,g24p2_186,STR-,49.53750993811247
llama31-8b,g24p2_186,Y0,16.621691789426038
llama31-8b,g24p2_187,ADM+,94.9819565800611
llama31-8b,g24p2_187,ADM-,23.90693289647707
llama31-8b,g24p2_187,CF+,19.225976388538967
llama31-8b,g24p2_187,CF-,86.46130291623479
llama31-8b,g24p2_187,EXC+,51.11848677100035
llama31-8b,g24p2_187,EXC-,53.92939747786304
llama31-8b,g24p2_187,MNR+,55.554504621663376
llama31-8b,g24p2_187,MNR-,52.820501329288874
llama31-8b,g24p2_187,RND+,54.810894675704816
llama31-8b,g24p2_187,RND-,54.78236091480597
llama31-8b,g24p2_187,STR+,52.965421721637064
llama31-8b,g24p2_187,STR-,52.72071041135167
llama31-8b,g24p2_187,Y0,55.249578648443375
llama31-8b,g24p2_189,ADM+,98.34738291416319
llama31-8b,g24p2_189,ADM-,85.85268931819601
llama31-8b,g24p2_189,CF+,55.55721554701314
llama31-8b,g24p2_189,CF-,55.55714963982221
llama31-8b,g24p2_189,EXC+,91.26988206119769
llama31-8b,g24p2_189,EXC-,89.04933907541529
llama31-8b,g24p2_189,MNR+,92.11507388893234
llama31-8b,g24p2_189,MNR-,11.096429638268704
llama31-8b,g24p2_189,RND+,51.71453516575943
llama31-8b,g24p2_189,RND-,55.554302542287424
llama31-8b,g24p2_189,STR+,33.79286183591939
llama31-8b,g24p2_189,STR-,86.7515081104993
llama31-8b,g24p2_189,Y0,92.71945298792288
llama31-8b,g24p2_190,ADM+,98.34807134688373
llama31-8b,g24p2_190,ADM-,6.18615451893432
llama31-8b,g24p2_190,CF+,44.455682309928136
llama31-8b,g24p2_190,CF-,44.45425349105413
llama31-8b,g24p2_190,EXC+,50.18374643150848
llama31-8b,g24p2_190,EXC-,50.68327254574778
llama31-8b,g24p2_190,MNR+,55.553674888689365
llama31-8b,g24p2_190,MNR-,55.553709887438686
llama31-8b,g24p2_190,RND+,55.554245061014164
llama31-8b,g24p2_190,RND-,55.55371218985077
llama31-8b,g24p2_190,STR+,53.599232723209724
llama31-8b,g24p2_190,STR-,51.772968947328266
llama31-8b,g24p2_190,Y0,88.3027919318136
llama31-8b,g24p2_191,ADM+,6.768259256292271
llama31-8b,g24p2_191,ADM-,8.337794566824416
llama31-8b,g24p2_191,CF+,55.5506293261954
llama31-8b,g24p2_191,CF-,55.54818567128385
llama31-8b,g24p2_191,EXC+,51.85888505244587
llama31-8b,g24p2_191,EXC-,50.2594776753397
llama31-8b,g24p2_191,MNR+,54.184426605143486
llama31-8b,g24p2_191,MNR-,53.492973024153926
llama31-8b,g24p2_191,RND+,55.5517347154621
llama31-8b,g24p2_191,RND-,55.5499989539729
llama31-8b,g24p2_191,STR+,45.76014803760788
llama31-8b,g24p2_191,STR-,40.199334658000986
llama31-8b,g24p2_191,Y0,37.58200428299875
llama31-8b,g24p2_192,ADM+,95.7170355332193
llama31-8b,g24p2_192,ADM-,96.41686540969243
llama31-8b,g24p2_192,CF+,22.224846925177978
llama31-8b,g24p2_192,CF-,44.445050995544015
llama31-8b,g24p2_192,EXC+,26.110291851078976
llama31-8b,g24p2_192,EXC-,25.534088112160482
llama31-8b,g24p2_192,MNR+,9.934359556921008
llama31-8b,g24p2_192,MNR-,40.70470704686915
llama31-8b,g24p2_192,RND+,1.4425698373281477
llama31-8b,g24p2_192,RND-,1.3782983108706617
llama31-8b,g24p2_192,STR+,3.2824390067791303
llama31-8b,g24p2_192,STR-,51.10443599762467
llama31-8b,g24p2_192,Y0,13.448200191625693
llama31-8b,g24p2_193,ADM+,90.34479118823627
llama31-8b,g24p2_193,ADM-,88.2997313465764
llama31-8b,g24p2_193,CF+,44.456195700190186
llama31-8b,g24p2_193,CF-,85.15037032008537
llama31-8b,g24p2_193,EXC+,88.90856641070181
llama31-8b,g24p2_193,EXC-,87.38108712703118
llama31-8b,g24p2_193,MNR+,89.09264540091674
llama31-8b,g24p2_193,MNR-,91.59912787697095
llama31-8b,g24p2_193,RND+,55.554093582685724
llama31-8b,g24p2_193,RND-,0.23425737810018343
llama31-8b,g24p2_193,STR+,46.87799410680455
llama31-8b,g24p2_193,STR-,54.660666215332284
llama31-8b,g24p2_193,Y0,53.53199860675991
llama31-8b,g24p2_194,ADM+,10.45652103416588
llama31-8b,g24p2_194,ADM-,7.298429894338652
llama31-8b,g24p2_194,CF+,50.04410385505278
llama31-8b,g24p2_194,CF-,0.08323126304165711
llama31-8b,g24p2_194,EXC+,42.34342236880448
llama31-8b,g24p2_194,EXC-,43.48853537305804
llama31-8b,g24p2_194,MNR+,96.39946135517972
llama31-8b,g24p2_194,MNR-,95.88250877121952
llama31-8b,g24p2_194,RND+,0.34297515865014294
llama31-8b,g24p2_194,RND-,47.51228418608055
llama31-8b,g24p2_194,STR+,51.32128219890073
llama31-8b,g24p2_194,STR-,50.815089778451956
llama31-8b,g24p2_194,Y0,16.30047689927728
llama31-8b,g24p2_196,ADM+,92.99582172059063
llama31-8b,g24p2_196,ADM-,89.21424634666904
llama31-8b,g24p2_196,CF+,20.400762126973916
llama31-8b,g24p2_196,CF-,20.215795489638968
llama31-8b,g24p2_196,EXC+,67.67879114612306
llama31-8b,g24p2_196,EXC-,68.17899378641928
llama31-8b,g24p2_196,MNR+,54.18619173542331
llama31-8b,g24p2_196,MNR-,86.41630735301327
llama31-8b,g24p2_196,RND+,44.45588039635383
llama31-8b,g24p2_196,RND-,55.541779553119014
llama31-8b,g24p2_196,STR+,52.13438214834442
llama31-8b,g24p2_196,STR-,52.09810041230614
llama31-8b,g24p2_196,Y0,30.31658851379909
llama31-8b,g24p2_198,ADM+,97.96113743300742
llama31-8b,g24p2_198,ADM-,10.281927381555198
llama31-8b,g24p2_198,CF+,44.45222577610445
llama31-8b,g24p2_198,CF-,44.452643846629506
llama31-8b,g24p2_198,EXC+,48.55248728701493
llama31-8b,g24p2_198,EXC-,44.14633163582195
llama31-8b,g24p2_198,MNR+,55.553254186656154
llama31-8b,g24p2_198,MNR-,50.904115846207524
llama31-8b,g24p2_198,RND+,55.5539567009221
llama31-8b,g24p2_198,RND-,55.55449262281223
llama31-8b,g24p2_198,STR+,47.11185710674344
llama31-8b,g24p2_198,STR-,66.58044876794419
llama31-8b,g24p2_198,Y0,88.61778948666198
llama31-8b,g24p2_200,ADM+,97.95896382419137
llama31-8b,g24p2_200,ADM-,82.95183027437557
llama31-8b,g24p2_200,CF+,85.30190593132629
llama31-8b,g24p2_200,CF-,8.979445756579105
llama31-8b,g24p2_200,EXC+,46.55722894802468
llama31-8b,g24p2_200,EXC-,63.15122057950274
llama31-8b,g24p2_200,MNR+,55.55036927906984
llama31-8b,g24p2_200,MNR-,52.48443332074372
llama31-8b,g24p2_200,RND+,12.889617176419318
llama31-8b,g24p2_200,RND-,8.370214888082172
llama31-8b,g24p2_200,STR+,50.2102376260575
llama31-8b,g24p2_200,STR-,47.21252704414705
llama31-8b,g24p2_200,Y0,88.4204863503421
llama31-8b,g24p2_201,ADM+,97.4330193444533
llama31-8b,g24p2_201,ADM-,1.3267834020189968
llama31-8b,g24p2_201,CF+,1.163462409838345
llama31-8b,g24p2_201,CF-,43.2197012358237
llama31-8b,g24p2_201,EXC+,2.6128811191403654
llama31-8b,g24p2_201,EXC-,1.7210085452356034
llama31-8b,g24p2_201,MNR+,55.55136131543563
llama31-8b,g24p2_201,MNR-,4.2035063261487196
llama31-8b,g24p2_201,RND+,42.32342446597847
llama31-8b,g24p2_201,RND-,35.683948960048205
llama31-8b,g24p2_201,STR+,14.956760613108607
llama31-8b,g24p2_201,STR-,12.885710718683335
llama31-8b,g24p2_201,Y0,12.975477132583064
llama31-8b,g24p2_202,ADM+,0.26601469911324704
llama31-8b,g24p2_202,ADM-,2.4334797817440044
llama31-8b,g24p2_202,CF+,0.10145452786251596
llama31-8b,g24p2_202,CF-,31.820292479544282
llama31-8b,g24p2_202,EXC+,0.9386757630777267
llama31-8b,g24p2_202,EXC-,0.4296070914413056
llama31-8b,g24p2_202,MNR+,0.7858397870893126
llama31-8b,g24p2_202,MNR-,0.2456386945905303
llama31-8b,g24p2_202,RND+,0.13228860465377001
llama31-8b,g24p2_202,RND-,0.2964143101970818
llama31-8b,g24p2_202,STR+,0.7718815026007215
llama31-8b,g24p2_202,STR-,43.14998662383744
llama31-8b,g24p2_202,Y0,0.2303296502982636
llama31-8b,g24p2_203,ADM+,88.89014873387079
llama31-8b,g24p2_203,ADM-,1.2275168451844642
llama31-8b,g24p2_203,CF+,0.07277296973422306
llama31-8b,g24p2_203,CF-,99.91576755970048
llama31-8b,g24p2_203,EXC+,52.00850492285975
llama31-8b,g24p2_203,EXC-,4.3700977273454065
llama31-8b,g24p2_203,MNR+,55.55485163064432
llama31-8b,g24p2_203,MNR-,0.4707276362908874
llama31-8b,g24p2_203,RND+,0.04791128083064557
llama31-8b,g24p2_203,RND-,0.03755671176177538
llama31-8b,g24p2_203,STR+,53.05799607899595
llama31-8b,g24p2_203,STR-,48.213649075467785
llama31-8b,g24p2_203,Y0,70.8207523745603
llama31-8b,g24p2_204,ADM+,90.13655072269101
llama31-8b,g24p2_204,ADM-,87.71150510914242
llama31-8b,g24p2_204,CF+,23.319764048573724
llama31-8b,g24p2_204,CF-,83.7881835518316
llama31-8b,g24p2_204,EXC+,68.77660251812421
llama31-8b,g24p2_204,EXC-,85.46533147945757
llama31-8b,g24p2_204,MNR+,53.37045957595777
llama31-8b,g24p2_204,MNR-,66.38056499902463
llama31-8b,g24p2_204,RND+,24.85670800808513
llama31-8b,g24p2_204,RND-,83.37913396043108
llama31-8b,g24p2_204,STR+,51.55267166713
llama31-8b,g24p2_204,STR-,86.27929570180154
llama31-8b,g24p2_204,Y0,63.61161442674695
llama31-8b,g24p2_207,ADM+,89.35595181413312
llama31-8b,g24p2_207,ADM-,58.00819920988502
llama31-8b,g24p2_207,CF+,44.44650782817853
llama31-8b,g24p2_207,CF-,20.511645593728005
llama31-8b,g24p2_207,EXC+,49.95169079751474
llama31-8b,g24p2_207,EXC-,23.643156558723565
llama31-8b,g24p2_207,MNR+,11.368273879461922
llama31-8b,g24p2_207,MNR-,51.670564403540325
llama31-8b,g24p2_207,RND+,1.4057768524615397
llama31-8b,g24p2_207,RND-,22.389324907143582
llama31-8b,g24p2_207,STR+,16.662590265922006
llama31-8b,g24p2_207,STR-,18.022366238056307
llama31-8b,g24p2_207,Y0,59.46152763510346
llama31-8b,g24p2_208,ADM+,93.29213963966977
llama31-8b,g24p2_208,ADM-,90.37290058502028
llama31-8b,g24p2_208,CF+,84.68977364931118
llama31-8b,g24p2_208,CF-,84.03838770394613
llama31-8b,g24p2_208,EXC+,52.77083087664405
llama31-8b,g24p2_208,EXC-,50.54431921431026
llama31-8b,g24p2_208,MNR+,47.22525961542389
llama31-8b,g24p2_208,MNR-,45.41646918784467
llama31-8b,g24p2_208,RND+,32.25013100336446
llama31-8b,g24p2_208,RND-,32.2637934803843
llama31-8b,g24p2_208,STR+,35.65691091645775
llama31-8b,g24p2_208,STR-,70.21792741266228
llama31-8b,g24p2_208,Y0,55.04142931815358
llama31-8b,g24p2_211,ADM+,90.65389605950352
llama31-8b,g24p2_211,ADM-,16.70742240102924
llama31-8b,g24p2_211,CF+,17.80783816516849
llama31-8b,g24p2_211,CF-,0.04394108396455192
llama31-8b,g24p2_211,EXC+,18.88218076075836
llama31-8b,g24p2_211,EXC-,7.967624452435569
llama31-8b,g24p2_211,MNR+,14.203573020308399
llama31-8b,g24p2_211,MNR-,45.14841183271801
llama31-8b,g24p2_211,RND+,55.55315967292989
llama31-8b,g24p2_211,RND-,55.5550568431876
llama31-8b,g24p2_211,STR+,48.72225322575015
llama31-8b,g24p2_211,STR-,56.389478526470654
llama31-8b,g24p2_211,Y0,5.899362128692687
llama31-8b,g24p2_213,ADM+,96.99198966939574
llama31-8b,g24p2_213,ADM-,96.69359310606512
llama31-8b,g24p2_213,CF+,44.45289119026084
llama31-8b,g24p2_213,CF-,22.861268671925902
llama31-8b,g24p2_213,EXC+,48.60385661453166
llama31-8b,g24p2_213,EXC-,51.68057591841577
llama31-8b,g24p2_213,MNR+,52.06160153356973
llama31-8b,g24p2_213,MNR-,52.10432295350783
llama31-8b,g24p2_213,RND+,44.44618142414914
llama31-8b,g24p2_213,RND-,0.07874654190961511
llama31-8b,g24p2_213,STR+,52.3562960035824
llama31-8b,g24p2_213,STR-,50.18845188518827
llama31-8b,g24p2_213,Y0,96.69815003101522
llama31-8b,g24p2_214,ADM+,96.37167983663237
llama31-8b,g24p2_214,ADM-,94.72222636558207
llama31-8b,g24p2_214,CF+,45.463904962879006
llama31-8b,g24p2_214,CF-,0.12446513337155062
llama31-8b,g24p2_214,EXC+,89.3303257589883
llama31-8b,g24p2_214,EXC-,90.06080118657225
llama31-8b,g24p2_214,MNR+,53.58970157271317
llama31-8b,g24p2_214,MNR-,54.02143395007191
llama31-8b,g24p2_214,RND+,55.544962733162535
llama31-8b,g24p2_214,RND-,55.55179053942899
llama31-8b,g24p2_214,STR+,52.373642332802824
llama31-8b,g24p2_214,STR-,52.74543365582314
llama31-8b,g24p2_214,Y0,44.45050618437606
llama31-8b,g24p2_215,ADM+,90.2686417993379
llama31-8b,g24p2_215,ADM-,29.4791683961199
llama31-8b,g24p2_215,CF+,52.76770306007822
llama31-8b,g24p2_215,CF-,0.32936343649488875
llama31-8b,g24p2_215,EXC+,63.434447561466854
llama31-8b,g24p2_215,EXC-,88.72170573900809
llama31-8b,g24p2_215,MNR+,53.9796709202858
llama31-8b,g24p2_215,MNR-,53.305117817273214
llama31-8b,g24p2_215,RND+,52.84839941373656
llama31-8b,g24p2_215,RND-,49.76177558671297
llama31-8b,g24p2_215,STR+,51.72865759842822
llama31-8b,g24p2_215,STR-,52.48283840889028
llama31-8b,g24p2_215,Y0,47.184384992925686
llama31-8b,g24p2_216,ADM+,89.91095603319155
llama31-8b,g24p2_216,ADM-,88.20597893632731
llama31-8b,g24p2_216,CF+,66.66782529565532
llama31-8b,g24p2_216,CF-,88.88594558362529
llama31-8b,g24p2_216,EXC+,88.5010098438622
llama31-8b,g24p2_216,EXC-,74.37784692559045
llama31-8b,g24p2_216,MNR+,53.658315404048075
llama31-8b,g24p2_216,MNR-,53.64665280698463
llama31-8b,g24p2_216,RND+,44.451452786019466
llama31-8b,g24p2_216,RND-,44.452113932912575
llama31-8b,g24p2_216,STR+,49.61071557229913
llama31-8b,g24p2_216,STR-,84.83616795312632
llama31-8b,g24p2_216,Y0,88.68682529695954
llama31-8b,g24p2_217,ADM+,98.34473480318725
llama31-8b,g24p2_217,ADM-,95.72978353805982
llama31-8b,g24p2_217,CF+,87.47081125236764
llama31-8b,g24p2_217,CF-,87.95213108574198
llama31-8b,g24p2_217,EXC+,89.90452650198893
llama31-8b,g24p2_217,EXC-,89.56377761577828
llama31-8b,g24p2_217,MNR+,91.13277986375783
llama31-8b,g24p2_217,MNR-,88.95965065139713
llama31-8b,g24p2_217,RND+,52.730705835173836
llama31-8b,g24p2_217,RND-,88.88752509499133
llama31-8b,g24p2_217,STR+,33.95565551793627
llama31-8b,g24p2_217,STR-,32.77698388908021
llama31-8b,g24p2_217,Y0,98.16714508026541
llama31-8b,g24p2_218,ADM+,91.82357719631307
llama31-8b,g24p2_218,ADM-,90.80452678920649
llama31-8b,g24p2_218,CF+,0.12342879983687555
llama31-8b,g24p2_218,CF-,55.54965950039356
llama31-8b,g24p2_218,EXC+,43.280035637406016
llama31-8b,g24p2_218,EXC-,36.6864386963846
llama31-8b,g24p2_218,MNR+,54.34789556362697
llama31-8b,g24p2_218,MNR-,53.3803077034474
llama31-8b,g24p2_218,RND+,55.553471022646306
llama31-8b,g24p2_218,RND-,55.552950218601005
llama31-8b,g24p2_218,STR+,53.863930509447265
llama31-8b,g24p2_218,STR-,46.84560498016749
llama31-8b,g24p2_218,Y0,85.13848447828029
llama31-8b,g24p2_219,ADM+,97.25254000675663
llama31-8b,g24p2_219,ADM-,91.36819604109482
llama31-8b,g24p2_219,CF+,55.54856035577974
llama31-8b,g24p2_219,CF-,48.4910055555154
llama31-8b,g24p2_219,EXC+,50.46710747783197
llama31-8b,g24p2_219,EXC-,48.669038313905986
llama31-8b,g24p2_219,MNR+,54.00643891411993
llama31-8b,g24p2_219,MNR-,14.09043816308393
llama31-8b,g24p2_219,RND+,55.55054851424546
llama31-8b,g24p2_219,RND-,50.16150367272887
llama31-8b,g24p2_219,STR+,53.17296142647884
llama31-8b,g24p2_219,STR-,47.515204115574306
llama31-8b,g24p2_219,Y0,88.2020358926313
llama31-8b,g24p2_220,ADM+,95.6369440646326
llama31-8b,g24p2_220,ADM-,4.902970973090499
llama31-8b,g24p2_220,CF+,0.03328856003531263
llama31-8b,g24p2_220,CF-,0.03214203345486004
llama31-8b,g24p2_220,EXC+,51.21560981830996
llama31-8b,g24p2_220,EXC-,44.614407423407584
llama31-8b,g24p2_220,MNR+,52.15796938888959
llama31-8b,g24p2_220,MNR-,51.34648387002616
llama31-8b,g24p2_220,RND+,42.10571814954404
llama31-8b,g24p2_220,RND-,52.03380325236276
llama31-8b,g24p2_220,STR+,47.22651454213513
llama31-8b,g24p2_220,STR-,12.362136461820723
llama31-8b,g24p2_220,Y0,0.5000280715499579
llama31-8b,g24p2_223,ADM+,94.49862764333758
llama31-8b,g24p2_223,ADM-,6.460304677807289
llama31-8b,g24p2_223,CF+,55.553548542474886
llama31-8b,g24p2_223,CF-,4.22592346556058
llama31-8b,g24p2_223,EXC+,25.380451777068668
llama31-8b,g24p2_223,EXC-,0.8346454134801818
llama31-8b,g24p2_223,MNR+,47.18459095998936
llama31-8b,g24p2_223,MNR-,7.114240275100823
llama31-8b,g24p2_223,RND+,55.55359930054589
llama31-8b,g24p2_223,RND-,0.558429720575878
llama31-8b,g24p2_223,STR+,26.161816066878643
llama31-8b,g24p2_223,STR-,48.05352585158928
llama31-8b,g24p2_223,Y0,1.159768886048512
llama31-8b,g24p2_224,ADM+,96.70324739997687
llama31-8b,g24p2_224,ADM-,90.02806666490513
llama31-8b,g24p2_224,CF+,2.5292936486207935
llama31-8b,g24p2_224,CF-,53.618415411178574
llama31-8b,g24p2_224,EXC+,46.668427079745896
llama31-8b,g24p2_224,EXC-,46.841254614418965
llama31-8b,g24p2_224,MNR+,53.67984913451927
llama31-8b,g24p2_224,MNR-,55.55488835112353
llama31-8b,g24p2_224,RND+,5.941641728823935
llama31-8b,g24p2_224,RND-,55.55323894533111
llama31-8b,g24p2_224,STR+,55.55344984644552
llama31-8b,g24p2_224,STR-,20.382361122419045
llama31-8b,g24p2_224,Y0,94.77340870052835
llama31-8b,g24p2_225,ADM+,26.120861253593386
llama31-8b,g24p2_225,ADM-,91.41744670887174
llama31-8b,g24p2_225,CF+,89.34219373733885
llama31-8b,g24p2_225,CF-,88.88122926306836
llama31-8b,g24p2_225,EXC+,94.96270696469553
llama31-8b,g24p2_225,EXC-,94.59355714445933
llama31-8b,g24p2_225,MNR+,83.35794328936547
llama31-8b,g24p2_225,MNR-,82.89586721580189
llama31-8b,g24p2_225,RND+,88.88198842370795
llama31-8b,g24p2_225,RND-,88.88349572699389
llama31-8b,g24p2_225,STR+,21.61424763188744
llama31-8b,g24p2_225,STR-,24.42003121112498
llama31-8b,g24p2_225,Y0,18.8195032581975
llama31-8b,g24p2_227,ADM+,97.75049324964357
llama31-8b,g24p2_227,ADM-,9.25112380870744
llama31-8b,g24p2_227,CF+,12.092984105983007
llama31-8b,g24p2_227,CF-,69.14872343783034
llama31-8b,g24p2_227,EXC+,70.13286222569248
llama31-8b,g24p2_227,EXC-,6.154859509549428
llama31-8b,g24p2_227,MNR+,90.47206158767625
llama31-8b,g24p2_227,MNR-,10.916278522398503
llama31-8b,g24p2_227,RND+,0.31796416068518524
llama31-8b,g24p2_227,RND-,55.09760452364309
llama31-8b,g24p2_227,STR+,41.142674466201136
llama31-8b,g24p2_227,STR-,47.58417377601296
llama31-8b,g24p2_227,Y0,3.9530904817256416
llama31-8b,g24p2_228,ADM+,88.88880903484832
llama31-8b,g24p2_228,ADM-,88.88881209154903
llama31-8b,g24p2_228,CF+,44.45948139805831
llama31-8b,g24p2_228,CF-,44.457189947643585
llama31-8b,g24p2_228,EXC+,66.38898275817888
llama31-8b,g24p2_228,EXC-,61.46719078028722
llama31-8b,g24p2_228,MNR+,41.53000376154276
llama31-8b,g24p2_228,MNR-,51.201686851318634
llama31-8b,g24p2_228,RND+,44.45360925609211
llama31-8b,g24p2_228,RND-,44.45116942335488
llama31-8b,g24p2_228,STR+,51.137038445517845
llama31-8b,g24p2_228,STR-,51.853708264409036
llama31-8b,g24p2_228,Y0,33.80512879842485
llama31-8b,g24p2_230,ADM+,96.65172888050604
llama31-8b,g24p2_230,ADM-,82.4634750494119
llama31-8b,g24p2_230,CF+,83.82056965747539
llama31-8b,g24p2_230,CF-,85.00673253003933
llama31-8b,g24p2_230,EXC+,93.92655169362807
llama31-8b,g24p2_230,EXC-,89.09653379430245
llama31-8b,g24p2_230,MNR+,59.84391774752438
llama31-8b,g24p2_230,MNR-,54.12388994884686
llama31-8b,g24p2_230,RND+,0.46721657598062205
llama31-8b,g24p2_230,RND-,55.552226155934115
llama31-8b,g24p2_230,STR+,53.908541137027704
llama31-8b,g24p2_230,STR-,63.89909507528374
llama31-8b,g24p2_230,Y0,99.97864593094506
llama31-8b,g24p2_231,ADM+,89.98437653850698
llama31-8b,g24p2_231,ADM-,8.436756677921226
llama31-8b,g24p2_231,CF+,54.277496552118116
llama31-8b,g24p2_231,CF-,54.107245944882465
llama31-8b,g24p2_231,EXC+,85.9784850475527
llama31-8b,g24p2_231,EXC-,70.82878577922125
llama31-8b,g24p2_231,MNR+,85.81834645288637
llama31-8b,g24p2_231,MNR-,92.80630584158042
llama31-8b,g24p2_231,RND+,55.55544735821909
llama31-8b,g24p2_231,RND-,13.15294491223327
llama31-8b,g24p2_231,STR+,46.31320364178347
llama31-8b,g24p2_231,STR-,53.107031672606496
llama31-8b,g24p2_231,Y0,1.7013821136536478
llama31-8b,g24p2_232,ADM+,92.43418870772327
llama31-8b,g24p2_232,ADM-,1.461304564744061
llama31-8b,g24p2_232,CF+,55.55075890117112
llama31-8b,g24p2_232,CF-,55.543512312549
llama31-8b,g24p2_232,EXC+,45.236148608070714
llama31-8b,g24p2_232,EXC-,41.01373958880785
llama31-8b,g24p2_232,MNR+,55.559989259778575
llama31-8b,g24p2_232,MNR-,5.007589030921531
llama31-8b,g24p2_232,RND+,55.548247739844
llama31-8b,g24p2_232,RND-,55.52228843053646
llama31-8b,g24p2_232,STR+,50.088356519034605
llama31-8b,g24p2_232,STR-,31.688279312409065
llama31-8b,g24p2_232,Y0,98.20527447509072
llama31-8b,g24p2_233,ADM+,98.80508507007428
llama31-8b,g24p2_233,ADM-,9.806791603059404
llama31-8b,g24p2_233,CF+,0.13682178441380669
llama31-8b,g24p2_233,CF-,0.3995184047996716
llama31-8b,g24p2_233,EXC+,97.56269823400545
llama31-8b,g24p2_233,EXC-,52.03601141785067
llama31-8b,g24p2_233,MNR+,52.13857764867326
llama31-8b,g24p2_233,MNR-,51.77622538079217
llama31-8b,g24p2_233,RND+,0.18470528500448793
llama31-8b,g24p2_233,RND-,55.551954707970864
llama31-8b,g24p2_233,STR+,38.05606136158169
llama31-8b,g24p2_233,STR-,50.060694358798564
llama31-8b,g24p2_233,Y0,99.18009277055381
llama31-8b,g24p2_234,ADM+,88.88894444039937
llama31-8b,g24p2_234,ADM-,36.21360250927592
llama31-8b,g24p2_234,CF+,71.89272143611942
llama31-8b,g24p2_234,CF-,69.68324236402151
llama31-8b,g24p2_234,EXC+,53.86144818367717
llama31-8b,g24p2_234,EXC-,52.98364149962814
llama31-8b,g24p2_234,MNR+,54.514712625965394
llama31-8b,g24p2_234,MNR-,53.618769063977275
llama31-8b,g24p2_234,RND+,55.554125289639636
llama31-8b,g24p2_234,RND-,55.729658849880394
llama31-8b,g24p2_234,STR+,50.32266993924215
llama31-8b,g24p2_234,STR-,51.845946677717336
llama31-8b,g24p2_234,Y0,78.90669785368817
llama31-8b,g24p2_235,ADM+,92.2498003406163
llama31-8b,g24p2_235,ADM-,0.14688088955759424
llama31-8b,g24p2_235,CF+,50.955730149456784
llama31-8b,g24p2_235,CF-,56.22355880941825
llama31-8b,g24p2_235,EXC+,51.823177674968676
llama31-8b,g24p2_235,EXC-,47.65729538822612
llama31-8b,g24p2_235,MNR+,33.393872508557045
llama31-8b,g24p2_235,MNR-,4.2208300523976865
llama31-8b,g24p2_235,RND+,53.27167414208392
llama31-8b,g24p2_235,RND-,55.02650087497466
llama31-8b,g24p2_235,STR+,53.12393429498581
llama31-8b,g24p2_235,STR-,94.20814881789413
llama31-8b,g24p2_235,Y0,50.31084122574789
llama31-8b,g24p2_237,ADM+,96.97306508606546
llama31-8b,g24p2_237,ADM-,15.826106886183656
llama31-8b,g24p2_237,CF+,55.55216723678293
llama31-8b,g24p2_237,CF-,84.88617793485622
llama31-8b,g24p2_237,EXC+,45.64248600078977
llama31-8b,g24p2_237,EXC-,43.254787754014934
llama31-8b,g24p2_237,MNR+,54.32401123964805
llama31-8b,g24p2_237,MNR-,52.706335999778254
llama31-8b,g24p2_237,RND+,55.55191431965558
llama31-8b,g24p2_237,RND-,55.54901200198101
llama31-8b,g24p2_237,STR+,52.99814877165936
llama31-8b,g24p2_237,STR-,39.72026424493476
llama31-8b,g24p2_237,Y0,61.75307567613801
llama31-8b,g24p2_238,ADM+,99.3980811022402
llama31-8b,g24p2_238,ADM-,3.13070291900849
llama31-8b,g24p2_238,CF+,55.5499242545382
llama31-8b,g24p2_238,CF-,44.47198516370397
llama31-8b,g24p2_238,EXC+,41.33499356700091
llama31-8b,g24p2_238,EXC-,39.62827979863811
llama31-8b,g24p2_238,MNR+,20.052845499453813
llama31-8b,g24p2_238,MNR-,49.51625204632314
llama31-8b,g24p2_238,RND+,55.55291397215957
llama31-8b,g24p2_238,RND-,44.47523443544449
llama31-8b,g24p2_238,STR+,34.76512012304488
llama31-8b,g24p2_238,STR-,40.84825765910632
llama31-8b,g24p2_238,Y0,46.55594648737916
llama31-8b,g24p2_239,ADM+,95.62139427898346
llama31-8b,g24p2_239,ADM-,8.282218539102189
llama31-8b,g24p2_239,CF+,55.53963958992631
llama31-8b,g24p2_239,CF-,46.0023741113996
llama31-8b,g24p2_239,EXC+,5.841260026698834
llama31-8b,g24p2_239,EXC-,2.0411278337014
llama31-8b,g24p2_239,MNR+,1.5961821957338909
llama31-8b,g24p2_239,MNR-,5.775213166241368
llama31-8b,g24p2_239,RND+,44.46677439433893
llama31-8b,g24p2_239,RND-,37.48373724785254
llama31-8b,g24p2_239,STR+,48.461898049750296
llama31-8b,g24p2_239,STR-,0.15803998207457262
llama31-8b,g24p2_239,Y0,1.2002807488259737
llama31-8b,g24p2_240,ADM+,89.45513329711717
llama31-8b,g24p2_240,ADM-,7.4252645108863975
llama31-8b,g24p2_240,CF+,26.808226262027564
llama31-8b,g24p2_240,CF-,23.002140889884586
llama31-8b,g24p2_240,EXC+,87.18183771313893
llama31-8b,g24p2_240,EXC-,18.97465583625838
llama31-8b,g24p2_240,MNR+,53.74213226021925
llama31-8b,g24p2_240,MNR-,16.721966617099245
llama31-8b,g24p2_240,RND+,44.45283003804284
llama31-8b,g24p2_240,RND-,44.449236433195004
llama31-8b,g24p2_240,STR+,33.46873352215892
llama31-8b,g24p2_240,STR-,85.05974620641788
llama31-8b,g24p2_240,Y0,13.996464653778748
llama31-8b,g24p2_242,ADM+,92.28938067376308
llama31-8b,g24p2_242,ADM-,99.07654273287122
llama31-8b,g24p2_242,CF+,55.550326967902535
llama31-8b,g24p2_242,CF-,55.549049669826644
llama31-8b,g24p2_242,EXC+,52.94938392824893
llama31-8b,g24p2_242,EXC-,50.78460579573653
llama31-8b,g24p2_242,MNR+,51.541967861968566
llama31-8b,g24p2_242,MNR-,53.337005609931
llama31-8b,g24p2_242,RND+,52.35874718876753
llama31-8b,g24p2_242,RND-,55.553423128292955
llama31-8b,g24p2_242,STR+,54.52939167634449
llama31-8b,g24p2_242,STR-,53.849310774425874
llama31-8b,g24p2_242,Y0,59.2066293309559
llama31-8b,g24p2_245,ADM+,97.20261502076931
llama31-8b,g24p2_245,ADM-,7.915492051706433
llama31-8b,g24p2_245,CF+,55.549772796370775
llama31-8b,g24p2_245,CF-,55.54889050703192
llama31-8b,g24p2_245,EXC+,42.6955508019598
llama31-8b,g24p2_245,EXC-,40.21196301528722
llama31-8b,g24p2_245,MNR+,27.933649294063763
llama31-8b,g24p2_245,MNR-,50.756244447135174
llama31-8b,g24p2_245,RND+,0.11344962438618257
llama31-8b,g24p2_245,RND-,0.16412460636556853
llama31-8b,g24p2_245,STR+,34.115689875511215
llama31-8b,g24p2_245,STR-,43.71668529726239
llama31-8b,g24p2_245,Y0,99.85064101495264
llama31-8b,g24p2_246,ADM+,21.24699853386304
llama31-8b,g24p2_246,ADM-,5.432966713299987
llama31-8b,g24p2_246,CF+,0.11214860717619321
llama31-8b,g24p2_246,CF-,0.1097154736934989
llama31-8b,g24p2_246,EXC+,44.64003512349259
llama31-8b,g24p2_246,EXC-,41.14510981544547
llama31-8b,g24p2_246,MNR+,52.091202370083735
llama31-8b,g24p2_246,MNR-,0.9007828694706088
llama31-8b,g24p2_246,RND+,55.5513328620773
llama31-8b,g24p2_246,RND-,0.20025903276993762
llama31-8b,g24p2_246,STR+,49.53652190984216
llama31-8b,g24p2_246,STR-,48.927118694266305
llama31-8b,g24p2_246,Y0,9.106587926465942
llama31-8b,g24p2_247,ADM+,98.8084148123892
llama31-8b,g24p2_247,ADM-,95.11585245558172
llama31-8b,g24p2_247,CF+,44.456745249847884
llama31-8b,g24p2_247,CF-,44.45883789846058
llama31-8b,g24p2_247,EXC+,53.37077443746287
llama31-8b,g24p2_247,EXC-,83.84482004202415
llama31-8b,g24p2_247,MNR+,53.46426237638213
llama31-8b,g24p2_247,MNR-,96.57061273743719
llama31-8b,g24p2_247,RND+,55.55433267784002
llama31-8b,g24p2_247,RND-,55.55529563057838
llama31-8b,g24p2_247,STR+,55.55540730863355
llama31-8b,g24p2_247,STR-,55.555656443536144
llama31-8b,g24p2_247,Y0,96.10726345208633
llama31-8b,g24p2_248,ADM+,91.37739569703683
llama31-8b,g24p2_248,ADM-,9.085968048595767
llama31-8b,g24p2_248,CF+,44.45233902114168
llama31-8b,g24p2_248,CF-,44.447671805825365
llama31-8b,g24p2_248,EXC+,40.65064256840316
llama31-8b,g24p2_248,EXC-,43.2041036635522
llama31-8b,g24p2_248,MNR+,52.77909592832473
llama31-8b,g24p2_248,MNR-,21.41916862514109
llama31-8b,g24p2_248,RND+,44.44778705344713
llama31-8b,g24p2_248,RND-,44.446907826056226
llama31-8b,g24p2_248,STR+,51.68138007782255
llama31-8b,g24p2_248,STR-,32.32828181615201
llama31-8b,g24p2_248,Y0,25.26901860738894
llama31-8b,g24p2_250,ADM+,98.60563065175073
llama31-8b,g24p2_250,ADM-,2.9868607998141017
llama31-8b,g24p2_250,CF+,16.71162476778321
llama31-8b,g24p2_250,CF-,14.515045945725868
llama31-8b,g24p2_250,EXC+,30.633933926804755
llama31-8b,g24p2_250,EXC-,27.73242498383898
llama31-8b,g24p2_250,MNR+,36.56017241989956
llama31-8b,g24p2_250,MNR-,1.846192505253678
llama31-8b,g24p2_250,RND+,14.618527960087025
llama31-8b,g24p2_250,RND-,15.218321058286705
llama31-8b,g24p2_250,STR+,21.12293584883461
llama31-8b,g24p2_250,STR-,18.648917354837373
llama31-8b,g24p2_250,Y0,82.60350768264652
llama31-8b,g24p2_252,ADM+,96.65788372295481
llama31-8b,g24p2_252,ADM-,3.733876112600169
llama31-8b,g24p2_252,CF+,42.02375314493667
llama31-8b,g24p2_252,CF-,52.22564317502259
llama31-8b,g24p2_252,EXC+,46.72373759902446
llama31-8b,g24p2_252,EXC-,2.5443205771532855
llama31-8b,g24p2_252,MNR+,53.62253651491809
llama31-8b,g24p2_252,MNR-,7.69401283910601
llama31-8b,g24p2_252,RND+,55.550762722115195
llama31-8b,g24p2_252,RND-,0.10109760007675755
llama31-8b,g24p2_252,STR+,47.46794954608535
llama31-8b,g24p2_252,STR-,43.671159071414905
llama31-8b,g24p2_252,Y0,0.3387723629308558
llama31-8b,g24p2_254,ADM+,87.21319308240919
llama31-8b,g24p2_254,ADM-,88.59720911637179
llama31-8b,g24p2_254,CF+,44.45062769702216
llama31-8b,g24p2_254,CF-,44.44410623181408
llama31-8b,g24p2_254,EXC+,64.86470078494632
llama31-8b,g24p2_254,EXC-,47.837549930048766
llama31-8b,g24p2_254,MNR+,60.97882563908063
llama31-8b,g24p2_254,MNR-,60.522590821177786
llama31-8b,g24p2_254,RND+,44.445258009985686
llama31-8b,g24p2_254,RND-,44.4449195704187
llama31-8b,g24p2_254,STR+,49.88319402566766
llama31-8b,g24p2_254,STR-,49.53263202405218
llama31-8b,g24p2_254,Y0,55.47241885090717
llama31-8b,g24p2_255,ADM+,97.94038332867802
llama31-8b,g24p2_255,ADM-,9.1296660617948
llama31-8b,g24p2_255,CF+,52.51147125320098
llama31-8b,g24p2_255,CF-,0.030484215893957018
llama31-8b,g24p2_255,EXC+,36.940144044139025
llama31-8b,g24p2_255,EXC-,30.446688402651123
llama31-8b,g24p2_255,MNR+,96.40401345603854
llama31-8b,g24p2_255,MNR-,43.70731191785118
llama31-8b,g24p2_255,RND+,19.835084881605194
llama31-8b,g24p2_255,RND-,0.0741968650628055
llama31-8b,g24p2_255,STR+,50.165108374275796
llama31-8b,g24p2_255,STR-,36.31660289814932
llama31-8b,g24p2_255,Y0,0.3314889537218739
llama31-8b,g24p2_258,ADM+,98.50877174157085
llama31-8b,g24p2_258,ADM-,9.815731249778437
llama31-8b,g24p2_258,CF+,44.45553981006586
llama31-8b,g24p2_258,CF-,24.36699137714941
llama31-8b,g24p2_258,EXC+,43.45392790449402
llama31-8b,g24p2_258,EXC-,41.049081520311766
llama31-8b,g24p2_258,MNR+,48.915194683998635
llama31-8b,g24p2_258,MNR-,52.1236949592476
llama31-8b,g24p2_258,RND+,55.55389988597699
llama31-8b,g24p2_258,RND-,55.55332108430412
llama31-8b,g24p2_258,STR+,51.232197404266536
llama31-8b,g24p2_258,STR-,50.58029966053839
llama31-8b,g24p2_258,Y0,91.62195722714432
llama31-8b,g24p2_259,ADM+,96.09871214431537
llama31-8b,g24p2_259,ADM-,11.772615455491053
llama31-8b,g24p2_259,CF+,44.45785792043558
llama31-8b,g24p2_259,CF-,44.44841215893374
llama31-8b,g24p2_259,EXC+,48.141914272095754
llama31-8b,g24p2_259,EXC-,10.33612829110839
llama31-8b,g24p2_259,MNR+,54.228125327486055
llama31-8b,g24p2_259,MNR-,7.8043815454321805
llama31-8b,g24p2_259,RND+,44.45644288040199
llama31-8b,g24p2_259,RND-,0.07371619860281614
llama31-8b,g24p2_259,STR+,51.66215986746106
llama31-8b,g24p2_259,STR-,48.85466743157591
llama31-8b,g24p2_259,Y0,37.19850221970426
llama31-8b,g24p2_260,ADM+,94.5820682948574
llama31-8b,g24p2_260,ADM-,90.14458810570274
llama31-8b,g24p2_260,CF+,0.2043194347534786
llama31-8b,g24p2_260,CF-,0.5172006461283484
llama31-8b,g24p2_260,EXC+,40.82758682343148
llama31-8b,g24p2_260,EXC-,25.572866466333366
llama31-8b,g24p2_260,MNR+,54.18936910342596
llama31-8b,g24p2_260,MNR-,49.68601033705486
llama31-8b,g24p2_260,RND+,55.55241978928274
llama31-8b,g24p2_260,RND-,47.160664387564765
llama31-8b,g24p2_260,STR+,52.80679014148555
llama31-8b,g24p2_260,STR-,48.18634610790803
llama31-8b,g24p2_260,Y0,37.23652793559026
llama31-8b,g24p2_261,ADM+,97.74711010593109
llama31-8b,g24p2_261,ADM-,13.115833873315617
llama31-8b,g24p2_261,CF+,44.451245595064925
llama31-8b,g24p2_261,CF-,23.01080879471979
llama31-8b,g24p2_261,EXC+,69.71071387004561
llama31-8b,g24p2_261,EXC-,77.33456317791953
llama31-8b,g24p2_261,MNR+,33.65487998782466
llama31-8b,g24p2_261,MNR-,53.34131543265071
llama31-8b,g24p2_261,RND+,0.1453378475467484
llama31-8b,g24p2_261,RND-,0.30479320897213485
llama31-8b,g24p2_261,STR+,39.35499656968937
llama31-8b,g24p2_261,STR-,51.462234546535655
llama31-8b,g24p2_261,Y0,92.29786687751081
qwen3-8b,g24p2_000,ADM+,99.99999839395207
qwen3-8b,g24p2_000,ADM-,6.467697950612333e-08
qwen3-8b,g24p2_000,CF+,67.50729024492104
qwen3-8b,g24p2_000,CF-,9.648297427115307e-05
qwen3-8b,g24p2_000,EXC+,2.7962629938610064
qwen3-8b,g24p2_000,EXC-,4.699198362729341e-10
qwen3-8b,g24p2_000,MNR+,54.0111610544424
qwen3-8b,g24p2_000,MNR-,0.03363829362579999
qwen3-8b,g24p2_000,RND+,47.22396006305004
qwen3-8b,g24p2_000,RND-,30.196366452691937
qwen3-8b,g24p2_000,STR+,2.804213975785351
qwen3-8b,g24p2_000,STR-,1.2583622166656617e-05
qwen3-8b,g24p2_000,Y0,67.33346759314576
qwen3-8b,g24p2_001,ADM+,99.99999999997311
qwen3-8b,g24p2_001,ADM-,2.712672040930219e-09
qwen3-8b,g24p2_001,CF+,99.90469210326394
qwen3-8b,g24p2_001,CF-,28.030974706535883
qwen3-8b,g24p2_001,EXC+,99.99982392538409
qwen3-8b,g24p2_001,EXC-,1.4457612286249146e-10
qwen3-8b,g24p2_001,MNR+,99.99999999343041
qwen3-8b,g24p2_001,MNR-,3.3824210010653984e-10
qwen3-8b,g24p2_001,RND+,90.53380574106485
qwen3-8b,g24p2_001,RND-,4.397337905770788
qwen3-8b,g24p2_001,STR+,99.99986000731539
qwen3-8b,g24p2_001,STR-,1.1256930822502656e-05
qwen3-8b,g24p2_001,Y0,99.99999993759042
qwen3-8b,g24p2_002,ADM+,99.99999735240814
qwen3-8b,g24p2_002,ADM-,77.78619111297122
qwen3-8b,g24p2_002,CF+,66.64397174266699
qwen3-8b,g24p2_002,CF-,33.26157758524921
qwen3-8b,g24p2_002,EXC+,84.18226755882344
qwen3-8b,g24p2_002,EXC-,56.61025787513287
qwen3-8b,g24p2_002,MNR+,99.99999735057358
qwen3-8b,g24p2_002,MNR-,88.04707405741235
qwen3-8b,g24p2_002,RND+,65.6071424455566
qwen3-8b,g24p2_002,RND-,55.548995336076224
qwen3-8b,g24p2_002,STR+,31.102857477570264
qwen3-8b,g24p2_002,STR-,66.82269114041611
qwen3-8b,g24p2_002,Y0,97.97304324968093
qwen3-8b,g24p2_003,ADM+,99.99999999997905
qwen3-8b,g24p2_003,ADM-,99.99999997058907
qwen3-8b,g24p2_003,CF+,40.95538225889458
qwen3-8b,g24p2_003,CF-,77.89371117107368
qwen3-8b,g24p2_003,EXC+,79.35407436077192
qwen3-8b,g24p2_003,EXC-,88.47294942255087
qwen3-8b,g24p2_003,MNR+,99.99999999885787
qwen3-8b,g24p2_003,MNR-,78.17952957396793
qwen3-8b,g24p2_003,RND+,34.6193495523819
qwen3-8b,g24p2_003,RND-,55.3561780703072
qwen3-8b,g24p2_003,STR+,33.070069618403785
qwen3-8b,g24p2_003,STR-,75.30235283069125
qwen3-8b,g24p2_003,Y0,66.54594625674031
qwen3-8b,g24p2_004,ADM+,99.99999999999635
qwen3-8b,g24p2_004,ADM-,88.85361756202771
qwen3-8b,g24p2_004,CF+,53.778851061436285
qwen3-8b,g24p2_004,CF-,55.36002225100672
qwen3-8b,g24p2_004,EXC+,99.99999954205198
qwen3-8b,g24p2_004,EXC-,77.16112390716455
qwen3-8b,g24p2_004,MNR+,99.75187019778146
qwen3-8b,g24p2_004,MNR-,54.632630944264555
qwen3-8b,g24p2_004,RND+,40.49747416285086
qwen3-8b,g24p2_004,RND-,32.83740762159551
qwen3-8b,g24p2_004,STR+,0.0019432276227837875
qwen3-8b,g24p2_004,STR-,58.433955911350004
qwen3-8b,g24p2_004,Y0,67.98981060956447
qwen3-8b,g24p2_005,ADM+,99.99976162505222
qwen3-8b,g24p2_005,ADM-,52.25830966224602
qwen3-8b,g24p2_005,CF+,30.805265953664033
qwen3-8b,g24p2_005,CF-,0.4283085958238868
qwen3-8b,g24p2_005,EXC+,40.9330682466546
qwen3-8b,g24p2_005,EXC-,3.976950768515131e-06
qwen3-8b,g24p2_005,MNR+,33.142471202017774
qwen3-8b,g24p2_005,MNR-,1.5258089766371564e-06
qwen3-8b,g24p2_005,RND+,3.1853531799955106
qwen3-8b,g24p2_005,RND-,32.17285076646813
qwen3-8b,g24p2_005,STR+,0.004741286927410129
qwen3-8b,g24p2_005,STR-,28.100609518062416
qwen3-8b,g24p2_005,Y0,0.13069806039874707
qwen3-8b,g24p2_006,ADM+,87.5771911496226
qwen3-8b,g24p2_006,ADM-,42.833793392367944
qwen3-8b,g24p2_006,CF+,55.86824867934158
qwen3-8b,g24p2_006,CF-,60.41975439533917
qwen3-8b,g24p2_006,EXC+,54.887995413587106
qwen3-8b,g24p2_006,EXC-,44.39666477953338
qwen3-8b,g24p2_006,MNR+,54.48041774620257
qwen3-8b,g24p2_006,MNR-,55.300301525135566
qwen3-8b,g24p2_006,RND+,53.525372055794406
qwen3-8b,g24p2_006,RND-,55.229747126034674
qwen3-8b,g24p2_006,STR+,55.53817855200075
qwen3-8b,g24p2_006,STR-,55.2336339122858
qwen3-8b,g24p2_006,Y0,66.77116186215764
qwen3-8b,g24p2_010,ADM+,99.99998813612125
qwen3-8b,g24p2_010,ADM-,65.02492217586344
qwen3-8b,g24p2_010,CF+,55.66094801655783
qwen3-8b,g24p2_010,CF-,40.421894251075074
qwen3-8b,g24p2_010,EXC+,28.15914529614844
qwen3-8b,g24p2_010,EXC-,0.2365883617037161
qwen3-8b,g24p2_010,MNR+,99.85187073252975
qwen3-8b,g24p2_010,MNR-,64.91608373994276
qwen3-8b,g24p2_010,RND+,33.293317839253675
qwen3-8b,g24p2_010,RND-,32.26087417283797
qwen3-8b,g24p2_010,STR+,53.94522729050172
qwen3-8b,g24p2_010,STR-,75.7472628823509
qwen3-8b,g24p2_010,Y0,77.51202599984484
qwen3-8b,g24p2_011,ADM+,99.99999999998364
qwen3-8b,g24p2_011,ADM-,0.2545555617713655
qwen3-8b,g24p2_011,CF+,99.9870048831017
qwen3-8b,g24p2_011,CF-,86.70228073303046
qwen3-8b,g24p2_011,EXC+,99.9998619659478
qwen3-8b,g24p2_011,EXC-,0.016861218272132696
qwen3-8b,g24p2_011,MNR+,99.9999999968927
qwen3-8b,g24p2_011,MNR-,60.21064653890182
qwen3-8b,g24p2_011,RND+,88.88882617813837
qwen3-8b,g24p2_011,RND-,54.71250670102873
qwen3-8b,g24p2_011,STR+,0.8726308413118159
qwen3-8b,g24p2_011,STR-,0.019403577515173773
qwen3-8b,g24p2_011,Y0,2.0288945254120734e-05
qwen3-8b,g24p2_012,ADM+,99.99999999999528
qwen3-8b,g24p2_012,ADM-,6.9899150882551705e-09
qwen3-8b,g24p2_012,CF+,77.88003281469977
qwen3-8b,g24p2_012,CF-,5.772016410607818
qwen3-8b,g24p2_012,EXC+,99.99918199812741
qwen3-8b,g24p2_012,EXC-,0.000927415976800555
qwen3-8b,g24p2_012,MNR+,99.99999793736472
qwen3-8b,g24p2_012,MNR-,56.148437776585325
qwen3-8b,g24p2_012,RND+,28.988119680781967
qwen3-8b,g24p2_012,RND-,8.307089431200389
qwen3-8b,g24p2_012,STR+,99.99771595411832
qwen3-8b,g24p2_012,STR-,99.99999785753204
qwen3-8b,g24p2_012,Y0,99.99999999689578
qwen3-8b,g24p2_014,ADM+,99.99999999999937
qwen3-8b,g24p2_014,ADM-,2.564291665148061e-09
qwen3-8b,g24p2_014,CF+,91.87665862333553
qwen3-8b,g24p2_014,CF-,53.855217277120545
qwen3-8b,g24p2_014,EXC+,1.7986214810515904
qwen3-8b,g24p2_014,EXC-,1.5509954392849039e-09
qwen3-8b,g24p2_014,MNR+,99.99999940930141
qwen3-8b,g24p2_014,MNR-,6.01222488816101e-08
qwen3-8b,g24p2_014,RND+,92.45356755852472
qwen3-8b,g24p2_014,RND-,62.5188018924077
qwen3-8b,g24p2_014,STR+,99.99949464555579
qwen3-8b,g24p2_014,STR-,99.99413579557739
qwen3-8b,g24p2_014,Y0,88.36189708754095
qwen3-8b,g24p2_015,ADM+,99.99999999995569
qwen3-8b,g24p2_015,ADM-,62.669650777962374
qwen3-8b,g24p2_015,CF+,39.88083890041634
qwen3-8b,g24p2_015,CF-,36.55675866556222
qwen3-8b,g24p2_015,EXC+,0.0745516241049545
qwen3-8b,g24p2_015,EXC-,0.005836703222332364
qwen3-8b,g24p2_015,MNR+,99.99999999909593
qwen3-8b,g24p2_015,MNR-,32.1348083467573
qwen3-8b,g24p2_015,RND+,66.77662216953125
qwen3-8b,g24p2_015,RND-,37.87060558712152
qwen3-8b,g24p2_015,STR+,85.64622368746414
qwen3-8b,g24p2_015,STR-,51.63248461442978
qwen3-8b,g24p2_015,Y0,99.99976171974087
qwen3-8b,g24p2_016,ADM+,77.75551985358159
qwen3-8b,g24p2_016,ADM-,0.011687591420191611
qwen3-8b,g24p2_016,CF+,33.24442627648542
qwen3-8b,g24p2_016,CF-,39.039927379855364
qwen3-8b,g24p2_016,EXC+,3.9286882666275775
qwen3-8b,g24p2_016,EXC-,2.695480954271145e-06
qwen3-8b,g24p2_016,MNR+,1.8282862778707718
qwen3-8b,g24p2_016,MNR-,9.586869161994275e-09
qwen3-8b,g24p2_016,RND+,36.95910834003277
qwen3-8b,g24p2_016,RND-,39.74243265231684
qwen3-8b,g24p2_016,STR+,0.7760975609775762
qwen3-8b,g24p2_016,STR-,3.6044391737059675e-06
qwen3-8b,g24p2_016,Y0,55.969993294766795
qwen3-8b,g24p2_017,ADM+,99.99999999994304
qwen3-8b,g24p2_017,ADM-,0.7992605781626231
qwen3-8b,g24p2_017,CF+,65.60760829246138
qwen3-8b,g24p2_017,CF-,59.741987165604854
qwen3-8b,g24p2_017,EXC+,99.99999993560793
qwen3-8b,g24p2_017,EXC-,0.0002032524598465739
qwen3-8b,g24p2_017,MNR+,99.99976172183874
qwen3-8b,g24p2_017,MNR-,99.9977328980554
qwen3-8b,g24p2_017,RND+,51.201855281293824
qwen3-8b,g24p2_017,RND-,32.876528926314144
qwen3-8b,g24p2_017,STR+,99.9999999995788
qwen3-8b,g24p2_017,STR-,23.141338310305088
qwen3-8b,g24p2_017,Y0,99.99999999999218
qwen3-8b,g24p2_018,ADM+,99.99999999999974
qwen3-8b,g24p2_018,ADM-,5.4120091542639055e-08
qwen3-8b,g24p2_018,CF+,32.92049974206086
qwen3-8b,g24p2_018,CF-,6.153317637201302e-05
qwen3-8b,g24p2_018,EXC+,99.99999999992642
qwen3-8b,g24p2_018,EXC-,2.912564826210898e-09
qwen3-8b,g24p2_018,MNR+,99.9999999999952
qwen3-8b,g24p2_018,MNR-,2.0616586099023354e-10
qwen3-8b,g24p2_018,RND+,81.40507181748256
qwen3-8b,g24p2_018,RND-,7.52359322430643e-05
qwen3-8b,g24p2_018,STR+,99.99999999979916
qwen3-8b,g24p2_018,STR-,2.536073323879618e-09
qwen3-8b,g24p2_018,Y0,99.99999999999224
qwen3-8b,g24p2_019,ADM+,77.57822592084752
qwen3-8b,g24p2_019,ADM-,50.68668997311084
qwen3-8b,g24p2_019,CF+,55.32483606636559
qwen3-8b,g24p2_019,CF-,35.384694346705984
qwen3-8b,g24p2_019,EXC+,37.573056037635425
qwen3-8b,g24p2_019,EXC-,22.51782074221784
qwen3-8b,g24p2_019,MNR+,33.27359710757743
qwen3-8b,g24p2_019,MNR-,33.37850186839197
qwen3-8b,g24p2_019,RND+,58.54172073693491
qwen3-8b,g24p2_019,RND-,33.53323355996965
qwen3-8b,g24p2_019,STR+,15.10143192440168
qwen3-8b,g24p2_019,STR-,33.33714730638018
qwen3-8b,g24p2_019,Y0,60.41550088905977
qwen3-8b,g24p2_020,ADM+,99.99999999999825
qwen3-8b,g24p2_020,ADM-,0.00017724336055627353
qwen3-8b,g24p2_020,CF+,0.10647232713579662
qwen3-8b,g24p2_020,CF-,1.5852753492651546
qwen3-8b,g24p2_020,EXC+,0.0003729118252420729
qwen3-8b,g24p2_020,EXC-,0.18178188290311734
qwen3-8b,g24p2_020,MNR+,99.14141904636136
qwen3-8b,g24p2_020,MNR-,0.6479195016532379
qwen3-8b,g24p2_020,RND+,3.981105517912339e-07
qwen3-8b,g24p2_020,RND-,33.257989490812065
qwen3-8b,g24p2_020,STR+,5.682355430262951e-07
qwen3-8b,g24p2_020,STR-,0.0016934962007900116
qwen3-8b,g24p2_020,Y0,0.031261180402495384
qwen3-8b,g24p2_021,ADM+,99.9999999999423
qwen3-8b,g24p2_021,ADM-,1.9942966804277e-09
qwen3-8b,g24p2_021,CF+,45.280029236346394
qwen3-8b,g24p2_021,CF-,37.50195649973858
qwen3-8b,g24p2_021,EXC+,95.25740577995884
qwen3-8b,g24p2_021,EXC-,1.2970351230985225e-10
qwen3-8b,g24p2_021,MNR+,0.015870497856930288
qwen3-8b,g24p2_021,MNR-,8.116220285768914e-11
qwen3-8b,g24p2_021,RND+,0.0057109005193175895
qwen3-8b,g24p2_021,RND-,0.11127273421709104
qwen3-8b,g24p2_021,STR+,1.822947801737067e-08
qwen3-8b,g24p2_021,STR-,41.916357739338274
qwen3-8b,g24p2_021,Y0,5.998114578342599e-09
qwen3-8b,g24p2_023,ADM+,99.99999999999007
qwen3-8b,g24p2_023,ADM-,1.586269990366395e-08
qwen3-8b,g24p2_023,CF+,77.90656750220454
qwen3-8b,g24p2_023,CF-,33.02526376434096
qwen3-8b,g24p2_023,EXC+,99.99999999853368
qwen3-8b,g24p2_023,EXC-,4.977598848510791e-09
qwen3-8b,g24p2_023,MNR+,99.9999999968772
qwen3-8b,g24p2_023,MNR-,9.956578935438918e-06
qwen3-8b,g24p2_023,RND+,88.56326761505976
qwen3-8b,g24p2_023,RND-,33.7207292496511
qwen3-8b,g24p2_023,STR+,0.01760727983365999
qwen3-8b,g24p2_023,STR-,99.99999999472792
qwen3-8b,g24p2_023,Y0,99.99999999996503
qwen3-8b,g24p2_024,ADM+,99.99999999984544
qwen3-8b,g24p2_024,ADM-,89.14419280788472
qwen3-8b,g24p2_024,CF+,17.83693002089067
qwen3-8b,g24p2_024,CF-,53.697863243040494
qwen3-8b,g24p2_024,EXC+,0.033555984306129036
qwen3-8b,g24p2_024,EXC-,72.95600888885133
qwen3-8b,g24p2_024,MNR+,8.253426139501098
qwen3-8b,g24p2_024,MNR-,75.14911515752743
qwen3-8b,g24p2_024,RND+,55.56433827498914
qwen3-8b,g24p2_024,RND-,32.26827268013263
qwen3-8b,g24p2_024,STR+,0.005206072705311636
qwen3-8b,g24p2_024,STR-,29.61255747663402
qwen3-8b,g24p2_024,Y0,34.97737774788497
qwen3-8b,g24p2_026,ADM+,99.99999999853442
qwen3-8b,g24p2_026,ADM-,2.7186373521451966e-09
qwen3-8b,g24p2_026,CF+,55.43440612654525
qwen3-8b,g24p2_026,CF-,67.79121649559544
qwen3-8b,g24p2_026,EXC+,99.99994414575765
qwen3-8b,g24p2_026,EXC-,0.4252390732687421
qwen3-8b,g24p2_026,MNR+,99.99998813519366
qwen3-8b,g24p2_026,MNR-,3.2502281375965545
qwen3-8b,g24p2_026,RND+,34.65306947503871
qwen3-8b,g24p2_026,RND-,44.61429399318119
qwen3-8b,g24p2_026,STR+,0.43907685632345533
qwen3-8b,g24p2_026,STR-,0.03696586189571395
qwen3-8b,g24p2_026,Y0,99.99999902616182
qwen3-8b,g24p2_027,ADM+,99.99999999999864
qwen3-8b,g24p2_027,ADM-,1.923924412028944e-06
qwen3-8b,g24p2_027,CF+,88.81795716135211
qwen3-8b,g24p2_027,CF-,0.06442060659948859
qwen3-8b,g24p2_027,EXC+,99.9999999999728
qwen3-8b,g24p2_027,EXC-,1.5927333431948398e-06
qwen3-8b,g24p2_027,MNR+,99.99999999984406
qwen3-8b,g24p2_027,MNR-,8.855845782655308e-09
qwen3-8b,g24p2_027,RND+,68.77327417828639
qwen3-8b,g24p2_027,RND-,67.401398732659
qwen3-8b,g24p2_027,STR+,0.002754247673650496
qwen3-8b,g24p2_027,STR-,99.99999999853428
qwen3-8b,g24p2_027,Y0,99.99999999998712
qwen3-8b,g24p2_028,ADM+,99.99999999994304
qwen3-8b,g24p2_028,ADM-,99.99999997057787
qwen3-8b,g24p2_028,CF+,34.82327270996345
qwen3-8b,g24p2_028,CF-,16.95171727912752
qwen3-8b,g24p2_028,EXC+,61.863028194329814
qwen3-8b,g24p2_028,EXC-,66.05826321788905
qwen3-8b,g24p2_028,MNR+,6.645388253761549
qwen3-8b,g24p2_028,MNR-,79.39160598934657
qwen3-8b,g24p2_028,RND+,33.51903962656896
qwen3-8b,g24p2_028,RND-,21.250537414078533
qwen3-8b,g24p2_028,STR+,27.024702212332755
qwen3-8b,g24p2_028,STR-,24.005415885177452
qwen3-8b,g24p2_028,Y0,29.350904805867874
qwen3-8b,g24p2_029,ADM+,99.99999999999989
qwen3-8b,g24p2_029,ADM-,3.376838842510808e-08
qwen3-8b,g24p2_029,CF+,33.82778863009621
qwen3-8b,g24p2_029,CF-,3.81904518286299e-06
qwen3-8b,g24p2_029,EXC+,99.99999999756282
qwen3-8b,g24p2_029,EXC-,2.269264324204353e-10
qwen3-8b,g24p2_029,MNR+,99.99818884380534
qwen3-8b,g24p2_029,MNR-,3.6753995817716615e-08
qwen3-8b,g24p2_029,RND+,35.58583998968629
qwen3-8b,g24p2_029,RND-,0.003204031429493241
qwen3-8b,g24p2_029,STR+,99.92562826421083
qwen3-8b,g24p2_029,STR-,0.030578398707143944
qwen3-8b,g24p2_029,Y0,77.75041631073435
qwen3-8b,g24p2_033,ADM+,97.96593938843822
qwen3-8b,g24p2_033,ADM-,1.9265540791855947e-05
qwen3-8b,g24p2_033,CF+,1.2450940415332625
qwen3-8b,g24p2_033,CF-,55.53682492741514
qwen3-8b,g24p2_033,EXC+,0.00901468205357354
qwen3-8b,g24p2_033,EXC-,5.704943690360069
qwen3-8b,g24p2_033,MNR+,0.006123584154341148
qwen3-8b,g24p2_033,MNR-,95.78901867522114
qwen3-8b,g24p2_033,RND+,0.4692116957006397
qwen3-8b,g24p2_033,RND-,55.545478372432406
qwen3-8b,g24p2_033,STR+,0.10604045420322564
qwen3-8b,g24p2_033,STR-,33.19207578474564
qwen3-8b,g24p2_033,Y0,0.08404153585800583
qwen3-8b,g24p2_034,ADM+,99.99999998214798
qwen3-8b,g24p2_034,ADM-,77.73543757217477
qwen3-8b,g24p2_034,CF+,88.98400869247293
qwen3-8b,g24p2_034,CF-,55.605575533884476
qwen3-8b,g24p2_034,EXC+,99.99999998609347
qwen3-8b,g24p2_034,EXC-,2.6752653149948618
qwen3-8b,g24p2_034,MNR+,99.9999987494592
qwen3-8b,g24p2_034,MNR-,0.11453522329863934
qwen3-8b,g24p2_034,RND+,44.74820225970892
qwen3-8b,g24p2_034,RND-,50.66008545204717
qwen3-8b,g24p2_034,STR+,99.99999280446242
qwen3-8b,g24p2_034,STR-,88.93660136111892
qwen3-8b,g24p2_034,Y0,77.57840545687397
qwen3-8b,g24p2_035,ADM+,99.99999839415584
qwen3-8b,g24p2_035,ADM-,83.56331778311966
qwen3-8b,g24p2_035,CF+,88.779774929994
qwen3-8b,g24p2_035,CF-,29.901630487701922
qwen3-8b,g24p2_035,EXC+,99.99934353621319
qwen3-8b,g24p2_035,EXC-,64.64862409361574
qwen3-8b,g24p2_035,MNR+,99.99999999995539
qwen3-8b,g24p2_035,MNR-,99.99999789063274
qwen3-8b,g24p2_035,RND+,70.22876938454469
qwen3-8b,g24p2_035,RND-,32.64299636808522
qwen3-8b,g24p2_035,STR+,99.99999999990627
qwen3-8b,g24p2_035,STR-,1.835740040860181e-05
qwen3-8b,g24p2_035,Y0,99.99999999930756
qwen3-8b,g24p2_036,ADM+,99.99999999998725
qwen3-8b,g24p2_036,ADM-,97.97304941942
qwen3-8b,g24p2_036,CF+,99.99709788513104
qwen3-8b,g24p2_036,CF-,66.61343074556231
qwen3-8b,g24p2_036,EXC+,99.99999986768424
qwen3-8b,g24p2_036,EXC-,95.95616419158632
qwen3-8b,g24p2_036,MNR+,99.99999999157261
qwen3-8b,g24p2_036,MNR-,89.94545076887464
qwen3-8b,g24p2_036,RND+,99.98700543931932
qwen3-8b,g24p2_036,RND-,99.8001466300538
qwen3-8b,g24p2_036,STR+,99.99999999885895
qwen3-8b,g24p2_036,STR-,99.9999966009698
qwen3-8b,g24p2_036,Y0,99.99999999811376
qwen3-8b,g24p2_037,ADM+,99.99999999911026
qwen3-8b,g24p2_037,ADM-,99.99999999811789
qwen3-8b,g24p2_037,CF+,0.0005575336343077593
qwen3-8b,g24p2_037,CF-,7.954677213602594e-06
qwen3-8b,g24p2_037,EXC+,99.99999952286021
qwen3-8b,g24p2_037,EXC-,99.99999999965964
qwen3-8b,g24p2_037,MNR+,99.99999963868278
qwen3-8b,g24p2_037,MNR-,99.99999999953101
qwen3-8b,g24p2_037,RND+,0.1740111241240922
qwen3-8b,g24p2_037,RND-,0.6016559081314068
qwen3-8b,g24p2_037,STR+,9.699705684467449e-09
qwen3-8b,g24p2_037,STR-,0.0010428022760160952
qwen3-8b,g24p2_037,Y0,1.244524237291583
qwen3-8b,g24p2_038,ADM+,99.99999999999909
qwen3-8b,g24p2_038,ADM-,99.99960715269393
qwen3-8b,g24p2_038,CF+,0.06427491273478485
qwen3-8b,g24p2_038,CF-,0.008401793163446357
qwen3-8b,g24p2_038,EXC+,0.001014096335932099
qwen3-8b,g24p2_038,EXC-,99.74469585836277
qwen3-8b,g24p2_038,MNR+,99.99999999980093
qwen3-8b,g24p2_038,MNR-,88.79351996479583
qwen3-8b,g24p2_038,RND+,40.20429390841212
qwen3-8b,g24p2_038,RND-,19.649512651174227
qwen3-8b,g24p2_038,STR+,0.47356929896832434
qwen3-8b,g24p2_038,STR-,97.85632591075114
qwen3-8b,g24p2_038,Y0,66.67105773112658
qwen3-8b,g24p2_039,ADM+,99.99999999999935
qwen3-8b,g24p2_039,ADM-,1.5504263031197378e-09
qwen3-8b,g24p2_039,CF+,33.27564927391265
qwen3-8b,g24p2_039,CF-,32.36129720654236
qwen3-8b,g24p2_039,EXC+,99.9999999997447
qwen3-8b,g24p2_039,EXC-,3.532235408927458e-10
qwen3-8b,g24p2_039,MNR+,99.99999999990597
qwen3-8b,g24p2_039,MNR-,0.0007736713797991332
qwen3-8b,g24p2_039,RND+,32.51524004867972
qwen3-8b,g24p2_039,RND-,44.105919891094715
qwen3-8b,g24p2_039,STR+,0.3178242717963154
qwen3-8b,g24p2_039,STR-,4.1504655460728606e-10
qwen3-8b,g24p2_039,Y0,3.1268484980101434e-08
qwen3-8b,g24p2_040,ADM+,99.99976171891097
qwen3-8b,g24p2_040,ADM-,78.3876641405978
qwen3-8b,g24p2_040,CF+,99.80015314413623
qwen3-8b,g24p2_040,CF-,99.99350625217909
qwen3-8b,g24p2_040,EXC+,99.97252569406366
qwen3-8b,g24p2_040,EXC-,99.99999999984463
qwen3-8b,g24p2_040,MNR+,99.99999999811708
qwen3-8b,g24p2_040,MNR-,99.99999998908498
qwen3-8b,g24p2_040,RND+,99.99991234084638
qwen3-8b,g24p2_040,RND-,99.99999872616715
qwen3-8b,g24p2_040,STR+,99.99999999885875
qwen3-8b,g24p2_040,STR-,99.99999983062864
qwen3-8b,g24p2_040,Y0,99.99999999999382
qwen3-8b,g24p2_041,ADM+,99.99999999957943
qwen3-8b,g24p2_041,ADM-,2.648388713841258e-08
qwen3-8b,g24p2_041,CF+,43.85028109605801
qwen3-8b,g24p2_041,CF-,40.61008010293094
qwen3-8b,g24p2_041,EXC+,99.99998475334422
qwen3-8b,g24p2_041,EXC-,0.00044515481280090206
qwen3-8b,g24p2_041,MNR+,99.99722662693296
qwen3-8b,g24p2_041,MNR-,0.026476914909753714
qwen3-8b,g24p2_041,RND+,33.693113110897436
qwen3-8b,g24p2_041,RND-,29.46749012251582
qwen3-8b,g24p2_041,STR+,6.255062926807117
qwen3-8b,g24p2_041,STR-,6.93065467439618e-09
qwen3-8b,g24p2_041,Y0,99.99998476416476
qwen3-8b,g24p2_043,ADM+,99.99999999999224
qwen3-8b,g24p2_043,ADM-,2.1080129829484478e-10
qwen3-8b,g24p2_043,CF+,63.03563207348098
qwen3-8b,g24p2_043,CF-,4.805234982803935e-06
qwen3-8b,g24p2_043,EXC+,4.675473219958098e-08
qwen3-8b,g24p2_043,EXC-,3.514091908929141e-10
qwen3-8b,g24p2_043,MNR+,99.99832984755649
qwen3-8b,g24p2_043,MNR-,9.001997394847578e-05
qwen3-8b,g24p2_043,RND+,0.000605259152042001
qwen3-8b,g24p2_043,RND-,0.03171397016148439
qwen3-8b,g24p2_043,STR+,1.3240474757382008e-06
qwen3-8b,g24p2_043,STR-,2.417104314523382e-11
qwen3-8b,g24p2_043,Y0,99.9999999999898
qwen3-8b,g24p2_044,ADM+,99.99999999994296
qwen3-8b,g24p2_044,ADM-,1.9522271853425814e-08
qwen3-8b,g24p2_044,CF+,55.413416307907916
qwen3-8b,g24p2_044,CF-,5.102336936167177e-07
qwen3-8b,g24p2_044,EXC+,85.10241323546784
qwen3-8b,g24p2_044,EXC-,0.0015393866987211903
qwen3-8b,g24p2_044,MNR+,99.99999435982855
qwen3-8b,g24p2_044,MNR-,2.7264058307015738e-09
qwen3-8b,g24p2_044,RND+,77.71352400806785
qwen3-8b,g24p2_044,RND-,46.12172200855225
qwen3-8b,g24p2_044,STR+,34.11625093590669
qwen3-8b,g24p2_044,STR-,33.544715362952154
qwen3-8b,g24p2_044,Y0,99.99997488487655
qwen3-8b,g24p2_046,ADM+,99.99988743973367
qwen3-8b,g24p2_046,ADM-,1.5380467140856228e-08
qwen3-8b,g24p2_046,CF+,2.3348004962091315e-08
qwen3-8b,g24p2_046,CF-,16.65339022372585
qwen3-8b,g24p2_046,EXC+,1.2737427838097372e-10
qwen3-8b,g24p2_046,EXC-,2.7513726090493475e-10
qwen3-8b,g24p2_046,MNR+,5.756600416328417e-10
qwen3-8b,g24p2_046,MNR-,1.1706829521224861e-08
qwen3-8b,g24p2_046,RND+,2.7345488268661498e-06
qwen3-8b,g24p2_046,RND-,1.4891747560936274e-07
qwen3-8b,g24p2_046,STR+,1.139339995715792e-08
qwen3-8b,g24p2_046,STR-,9.454349945696325e-10
qwen3-8b,g24p2_046,Y0,1.0882015044445064
qwen3-8b,g24p2_047,ADM+,99.99999999999005
qwen3-8b,g24p2_047,ADM-,5.617192511694857e-09
qwen3-8b,g24p2_047,CF+,99.99999280268747
qwen3-8b,g24p2_047,CF-,55.434185714382835
qwen3-8b,g24p2_047,EXC+,99.99999734988293
qwen3-8b,g24p2_047,EXC-,0.5031355463451334
qwen3-8b,g24p2_047,MNR+,71.69064219880593
qwen3-8b,g24p2_047,MNR-,2.437737169541456e-09
qwen3-8b,g24p2_047,RND+,98.67552303745384
qwen3-8b,g24p2_047,RND-,88.15677646040582
qwen3-8b,g24p2_047,STR+,99.99999999980108
qwen3-8b,g24p2_047,STR-,99.99999999974476
qwen3-8b,g24p2_047,Y0,0.010035583411348935
qwen3-8b,g24p2_048,ADM+,99.99999999999528
qwen3-8b,g24p2_048,ADM-,3.2431761359145915e-09
qwen3-8b,g24p2_048,CF+,0.054048531672166486
qwen3-8b,g24p2_048,CF-,0.00013454404028636445
qwen3-8b,g24p2_048,EXC+,99.99999999990526
qwen3-8b,g24p2_048,EXC-,3.3901857989234174e-10
qwen3-8b,g24p2_048,MNR+,99.99999999994229
qwen3-8b,g24p2_048,MNR-,1.7046386556854785e-09
qwen3-8b,g24p2_048,RND+,0.7998971617399184
qwen3-8b,g24p2_048,RND-,0.6257292169830976
qwen3-8b,g24p2_048,STR+,1.3663948242719806e-06
qwen3-8b,g24p2_048,STR-,16.921142077862683
qwen3-8b,g24p2_048,Y0,1.0368170758869138e-07
qwen3-8b,g24p2_049,ADM+,99.99999999995563
qwen3-8b,g24p2_049,ADM-,7.844075634244253e-07
qwen3-8b,g24p2_049,CF+,61.79661606913992
qwen3-8b,g24p2_049,CF-,75.42340778334243
qwen3-8b,g24p2_049,EXC+,97.20939147626139
qwen3-8b,g24p2_049,EXC-,31.592187520410125
qwen3-8b,g24p2_049,MNR+,73.58264910012237
qwen3-8b,g24p2_049,MNR-,73.99928071577976
qwen3-8b,g24p2_049,RND+,55.18440919424492
qwen3-8b,g24p2_049,RND-,54.384720197981046
qwen3-8b,g24p2_049,STR+,99.99999999946111
qwen3-8b,g24p2_049,STR-,99.99765457701258
qwen3-8b,g24p2_049,Y0,99.98332012463952
qwen3-8b,g24p2_051,ADM+,99.99999999990615
qwen3-8b,g24p2_051,ADM-,1.2509314957263083e-09
qwen3-8b,g24p2_051,CF+,57.47214757717102
qwen3-8b,g24p2_051,CF-,0.004208136247150561
qwen3-8b,g24p2_051,EXC+,99.9999999994569
qwen3-8b,g24p2_051,EXC-,2.1044924054248763e-09
qwen3-8b,g24p2_051,MNR+,99.99979455449564
qwen3-8b,g24p2_051,MNR-,5.550797537227711e-09
qwen3-8b,g24p2_051,RND+,44.83830685289997
qwen3-8b,g24p2_051,RND-,0.05600386679112631
qwen3-8b,g24p2_051,STR+,99.99994091334193
qwen3-8b,g24p2_051,STR-,0.08608565677356565
qwen3-8b,g24p2_051,Y0,99.99999991999508
qwen3-8b,g24p2_053,ADM+,99.99999999997301
qwen3-8b,g24p2_053,ADM-,69.45771483383896
qwen3-8b,g24p2_053,CF+,55.43259796530118
qwen3-8b,g24p2_053,CF-,47.008251971629655
qwen3-8b,g24p2_053,EXC+,99.92880884226592
qwen3-8b,g24p2_053,EXC-,63.174773804761486
qwen3-8b,g24p2_053,MNR+,99.9999999981061
qwen3-8b,g24p2_053,MNR-,58.907801060719166
qwen3-8b,g24p2_053,RND+,81.05913666242465
qwen3-8b,g24p2_053,RND-,40.67205468335105
qwen3-8b,g24p2_053,STR+,98.0975875573136
qwen3-8b,g24p2_053,STR-,36.0975976119764
qwen3-8b,g24p2_053,Y0,74.78952193451303
qwen3-8b,g24p2_054,ADM+,99.99999999341226
qwen3-8b,g24p2_054,ADM-,99.9999999991103
qwen3-8b,g24p2_054,CF+,26.016387477768344
qwen3-8b,g24p2_054,CF-,29.586538704906356
qwen3-8b,g24p2_054,EXC+,0.00021366202104639988
qwen3-8b,g24p2_054,EXC-,7.141210955012545e-07
qwen3-8b,g24p2_054,MNR+,33.26951518245043
qwen3-8b,g24p2_054,MNR-,99.99999999995478
qwen3-8b,g24p2_054,RND+,25.918591088709256
qwen3-8b,g24p2_054,RND-,10.93650509281507
qwen3-8b,g24p2_054,STR+,31.098367020709798
qwen3-8b,g24p2_054,STR-,30.566313304859722
qwen3-8b,g24p2_054,Y0,2.5906958891932885e-10
qwen3-8b,g24p2_055,ADM+,99.99999999994316
qwen3-8b,g24p2_055,ADM-,3.644087432814799e-11
qwen3-8b,g24p2_055,CF+,7.921501413190823e-06
qwen3-8b,g24p2_055,CF-,6.681402211787658e-05
qwen3-8b,g24p2_055,EXC+,99.99999999885657
qwen3-8b,g24p2_055,EXC-,7.032603665043789e-09
qwen3-8b,g24p2_055,MNR+,99.99999986817414
qwen3-8b,g24p2_055,MNR-,1.513131897888829e-08
qwen3-8b,g24p2_055,RND+,0.015022497241613962
qwen3-8b,g24p2_055,RND-,0.06694109817211032
qwen3-8b,g24p2_055,STR+,0.026120002882704007
qwen3-8b,g24p2_055,STR-,3.128240150394217e-09
qwen3-8b,g24p2_055,Y0,99.9999956352966
qwen3-8b,g24p2_057,ADM+,99.99999999980145
qwen3-8b,g24p2_057,ADM-,52.5521347279518
qwen3-8b,g24p2_057,CF+,0.00020547026695366867
qwen3-8b,g24p2_057,CF-,12.615546966551486
qwen3-8b,g24p2_057,EXC+,0.00018715902165107002
qwen3-8b,g24p2_057,EXC-,0.08779004704967959
qwen3-8b,g24p2_057,MNR+,99.99987619233688
qwen3-8b,g24p2_057,MNR-,24.377711763691238
qwen3-8b,g24p2_057,RND+,0.011210249969323105
qwen3-8b,g24p2_057,RND-,8.964854009564965
qwen3-8b,g24p2_057,STR+,1.32067661276222e-05
qwen3-8b,g24p2_057,STR-,29.36970545816948
qwen3-8b,g24p2_057,Y0,0.0019292588895377437
qwen3-8b,g24p2_058,ADM+,99.99993018072746
qwen3-8b,g24p2_058,ADM-,0.011901543441379185
qwen3-8b,g24p2_058,CF+,0.00016530204665392623
qwen3-8b,g24p2_058,CF-,5.773147592895304e-06
qwen3-8b,g24p2_058,EXC+,32.08222522389695
qwen3-8b,g24p2_058,EXC-,7.522414370180086e-10
qwen3-8b,g24p2_058,MNR+,99.99969484622142
qwen3-8b,g24p2_058,MNR-,2.1513708428075565e-07
qwen3-8b,g24p2_058,RND+,33.34451699030433
qwen3-8b,g24p2_058,RND-,3.5162290916586944e-06
qwen3-8b,g24p2_058,STR+,0.00010696795111977244
qwen3-8b,g24p2_058,STR-,9.946780668956877e-05
qwen3-8b,g24p2_058,Y0,3.1953898851535147e-09
qwen3-8b,g24p2_059,ADM+,99.99999999343089
qwen3-8b,g24p2_059,ADM-,46.16336701266062
qwen3-8b,g24p2_059,CF+,34.031328377220866
qwen3-8b,g24p2_059,CF-,23.854505861417948
qwen3-8b,g24p2_059,EXC+,38.83454730969865
qwen3-8b,g24p2_059,EXC-,5.209483103318408e-06
qwen3-8b,g24p2_059,MNR+,24.8566671456399
qwen3-8b,g24p2_059,MNR-,10.69531182091738
qwen3-8b,g24p2_059,RND+,29.58098642491263
qwen3-8b,g24p2_059,RND-,20.762443901677482
qwen3-8b,g24p2_059,STR+,3.2316914435077595
qwen3-8b,g24p2_059,STR-,35.34820289570298
qwen3-8b,g24p2_059,Y0,88.91025564202863
qwen3-8b,g24p2_060,ADM+,99.99999999999534
qwen3-8b,g24p2_060,ADM-,0.38291597695434704
qwen3-8b,g24p2_060,CF+,80.70840056111969
qwen3-8b,g24p2_060,CF-,1.035032394522065
qwen3-8b,g24p2_060,EXC+,99.99999999987466
qwen3-8b,g24p2_060,EXC-,9.34722505937687e-05
qwen3-8b,g24p2_060,MNR+,99.99999999997831
qwen3-8b,g24p2_060,MNR-,2.803078521863709e-08
qwen3-8b,g24p2_060,RND+,74.0250790158055
qwen3-8b,g24p2_060,RND-,99.99999940792301
qwen3-8b,g24p2_060,STR+,99.99999999957865
qwen3-8b,g24p2_060,STR-,0.1767218456874885
qwen3-8b,g24p2_060,Y0,99.99999999996544
qwen3-8b,g24p2_062,ADM+,99.99999999997299
qwen3-8b,g24p2_062,ADM-,7.379053257545226e-10
qwen3-8b,g24p2_062,CF+,55.333882609917794
qwen3-8b,g24p2_062,CF-,99.99999998202706
qwen3-8b,g24p2_062,EXC+,99.99999999966681
qwen3-8b,g24p2_062,EXC-,99.99999999995559
qwen3-8b,g24p2_062,MNR+,8.298581742448695e-06
qwen3-8b,g24p2_062,MNR-,99.99999999997894
qwen3-8b,g24p2_062,RND+,99.99999999998711
qwen3-8b,g24p2_062,RND-,99.99999999992653
qwen3-8b,g24p2_062,STR+,99.89117484184229
qwen3-8b,g24p2_062,STR-,99.9999999999653
qwen3-8b,g24p2_062,Y0,1.2921467427280666e-10
qwen3-8b,g24p2_064,ADM+,99.99999999946044
qwen3-8b,g24p2_064,ADM-,99.1571185416821
qwen3-8b,g24p2_064,CF+,99.9999999999265
qwen3-8b,g24p2_064,CF-,37.40278238051346
qwen3-8b,g24p2_064,EXC+,99.99999999885658
qwen3-8b,g24p2_064,EXC-,5.9507483593417865e-05
qwen3-8b,g24p2_064,MNR+,99.99999999958023
qwen3-8b,g24p2_064,MNR-,99.99999999999224
qwen3-8b,g24p2_064,RND+,99.99999999990574
qwen3-8b,g24p2_064,RND-,43.62113570189261
qwen3-8b,g24p2_064,STR+,99.99999999967298
qwen3-8b,g24p2_064,STR-,99.99518533715514
qwen3-8b,g24p2_064,Y0,99.99999999811733
qwen3-8b,g24p2_065,ADM+,99.99999999992687
qwen3-8b,g24p2_065,ADM-,66.21454851450045
qwen3-8b,g24p2_065,CF+,99.99627386683045
qwen3-8b,g24p2_065,CF-,55.489051954310945
qwen3-8b,g24p2_065,EXC+,90.20338447567026
qwen3-8b,g24p2_065,EXC-,66.37203415765346
qwen3-8b,g24p2_065,MNR+,99.99985526949848
qwen3-8b,g24p2_065,MNR-,77.35942067023274
qwen3-8b,g24p2_065,RND+,99.99385800293332
qwen3-8b,g24p2_065,RND-,90.89970836232288
qwen3-8b,g24p2_065,STR+,89.21446783211235
qwen3-8b,g24p2_065,STR-,16.189757321155263
qwen3-8b,g24p2_065,Y0,91.87712654235443
qwen3-8b,g24p2_066,ADM+,84.69386819098287
qwen3-8b,g24p2_066,ADM-,89.79324126818835
qwen3-8b,g24p2_066,CF+,33.33329083787614
qwen3-8b,g24p2_066,CF-,33.33356544984331
qwen3-8b,g24p2_066,EXC+,0.014366567994667706
qwen3-8b,g24p2_066,EXC-,0.0021418374699183665
qwen3-8b,g24p2_066,MNR+,46.1548476124418
qwen3-8b,g24p2_066,MNR-,38.5683199803506
qwen3-8b,g24p2_066,RND+,33.33363736575805
qwen3-8b,g24p2_066,RND-,33.33341893497907
qwen3-8b,g24p2_066,STR+,44.854412298614015
qwen3-8b,g24p2_066,STR-,45.76421544610199
qwen3-8b,g24p2_066,Y0,67.18479651856472
qwen3-8b,g24p2_067,ADM+,99.99999999999775
qwen3-8b,g24p2_067,ADM-,1.1387672446301537e-07
qwen3-8b,g24p2_067,CF+,41.836122394217895
qwen3-8b,g24p2_067,CF-,0.024319960032393822
qwen3-8b,g24p2_067,EXC+,99.99999947929102
qwen3-8b,g24p2_067,EXC-,2.630117092482148e-07
qwen3-8b,g24p2_067,MNR+,99.99994955628523
qwen3-8b,g24p2_067,MNR-,2.486587920638924e-07
qwen3-8b,g24p2_067,RND+,89.14419174556707
qwen3-8b,g24p2_067,RND-,0.01565319920843037
qwen3-8b,g24p2_067,STR+,99.99999999811746
qwen3-8b,g24p2_067,STR-,99.99999793354294
qwen3-8b,g24p2_067,Y0,99.99999998610564
qwen3-8b,g24p2_068,ADM+,22.13479294102486
qwen3-8b,g24p2_068,ADM-,21.952454270344177
qwen3-8b,g24p2_068,CF+,6.513280726603495
qwen3-8b,g24p2_068,CF-,0.7067224601811045
qwen3-8b,g24p2_068,EXC+,6.8884600390052855
qwen3-8b,g24p2_068,EXC-,4.212799036683322e-05
qwen3-8b,g24p2_068,MNR+,9.285284866578687e-06
qwen3-8b,g24p2_068,MNR-,4.900153602363004e-08
qwen3-8b,g24p2_068,RND+,13.189540000755967
qwen3-8b,g24p2_068,RND-,0.027843864159477476
qwen3-8b,g24p2_068,STR+,4.035084537855909e-09
qwen3-8b,g24p2_068,STR-,0.01403717352592198
qwen3-8b,g24p2_068,Y0,1.698851246191095e-07
qwen3-8b,g24p2_069,ADM+,99.99999999999227
qwen3-8b,g24p2_069,ADM-,9.407605726385254e-09
qwen3-8b,g24p2_069,CF+,56.06122986990482
qwen3-8b,g24p2_069,CF-,55.394930795880676
qwen3-8b,g24p2_069,EXC+,99.99999999807456
qwen3-8b,g24p2_069,EXC-,5.158589040967838e-09
qwen3-8b,g24p2_069,MNR+,99.95693957481149
qwen3-8b,g24p2_069,MNR-,18.40614639548799
qwen3-8b,g24p2_069,RND+,66.66400767631299
qwen3-8b,g24p2_069,RND-,48.04933865603917
qwen3-8b,g24p2_069,STR+,99.999999999579
qwen3-8b,g24p2_069,STR-,25.614693010872422
qwen3-8b,g24p2_069,Y0,99.99709778837968
qwen3-8b,g24p2_070,ADM+,99.99999999999864
qwen3-8b,g24p2_070,ADM-,99.99773953885341
qwen3-8b,g24p2_070,CF+,99.67385237986927
qwen3-8b,g24p2_070,CF-,77.93394119053734
qwen3-8b,g24p2_070,EXC+,99.9999998307348
qwen3-8b,g24p2_070,EXC-,96.08377231011315
qwen3-8b,g24p2_070,MNR+,99.99999999990614
qwen3-8b,g24p2_070,MNR-,99.99995857581936
qwen3-8b,g24p2_070,RND+,98.67260478865651
qwen3-8b,g24p2_070,RND-,78.30336678528532
qwen3-8b,g24p2_070,STR+,99.99999999984519
qwen3-8b,g24p2_070,STR-,99.99999999758406
qwen3-8b,g24p2_070,Y0,99.99999999998985
qwen3-8b,g24p2_071,ADM+,99.99999999995563
qwen3-8b,g24p2_071,ADM-,93.0837851995253
qwen3-8b,g24p2_071,CF+,40.25325352387896
qwen3-8b,g24p2_071,CF-,55.625273162575326
qwen3-8b,g24p2_071,EXC+,99.99998327935832
qwen3-8b,g24p2_071,EXC-,14.845963662839198
qwen3-8b,g24p2_071,MNR+,63.30094207656953
qwen3-8b,g24p2_071,MNR-,88.56291922643865
qwen3-8b,g24p2_071,RND+,55.1402598330899
qwen3-8b,g24p2_071,RND-,55.462023575801474
qwen3-8b,g24p2_071,STR+,99.92886127964927
qwen3-8b,g24p2_071,STR-,58.34832243612896
qwen3-8b,g24p2_071,Y0,76.1327723532799
qwen3-8b,g24p2_072,ADM+,99.9999999999963
qwen3-8b,g24p2_072,ADM-,99.99999998609343
qwen3-8b,g24p2_072,CF+,0.01847084688267013
qwen3-8b,g24p2_072,CF-,0.0005572939695536622
qwen3-8b,g24p2_072,EXC+,43.78408809151712
qwen3-8b,g24p2_072,EXC-,0.0018095472314196687
qwen3-8b,g24p2_072,MNR+,99.99999999928917
qwen3-8b,g24p2_072,MNR-,0.7716041478345327
qwen3-8b,g24p2_072,RND+,55.22941672786975
qwen3-8b,g24p2_072,RND-,1.6203992841132602
qwen3-8b,g24p2_072,STR+,1.0693371993832934e-05
qwen3-8b,g24p2_072,STR-,30.15590601908098
qwen3-8b,g24p2_072,Y0,19.52611621870564
qwen3-8b,g24p2_073,ADM+,1.1107518608293709e-07
qwen3-8b,g24p2_073,ADM-,2.2377102982337516e-07
qwen3-8b,g24p2_073,CF+,1.5197582919641615e-08
qwen3-8b,g24p2_073,CF-,9.365255686827771e-10
qwen3-8b,g24p2_073,EXC+,6.232754778377961e-11
qwen3-8b,g24p2_073,EXC-,3.781700736257848e-11
qwen3-8b,g24p2_073,MNR+,2.789127399508785e-10
qwen3-8b,g24p2_073,MNR-,1.6602760277394525e-10
qwen3-8b,g24p2_073,RND+,4.6510671505812087e-07
qwen3-8b,g24p2_073,RND-,5.292027868704103e-08
qwen3-8b,g24p2_073,STR+,3.797828552091951e-11
qwen3-8b,g24p2_073,STR-,1.0338100318966895e-10
qwen3-8b,g24p2_073,Y0,2.1000473956654285e-10
qwen3-8b,g24p2_074,ADM+,99.9999999999555
qwen3-8b,g24p2_074,ADM-,33.132138501319965
qwen3-8b,g24p2_074,CF+,0.008861240701058724
qwen3-8b,g24p2_074,CF-,3.9734508485205566
qwen3-8b,g24p2_074,EXC+,99.99999999673608
qwen3-8b,g24p2_074,EXC-,6.100463378795387e-11
qwen3-8b,g24p2_074,MNR+,99.99999999894536
qwen3-8b,g24p2_074,MNR-,4.7012365442737706e-05
qwen3-8b,g24p2_074,RND+,39.84662599288569
qwen3-8b,g24p2_074,RND-,0.4808794635659495
qwen3-8b,g24p2_074,STR+,55.99406475088746
qwen3-8b,g24p2_074,STR-,0.051544164499897425
qwen3-8b,g24p2_074,Y0,28.376201395094157
qwen3-8b,g24p2_075,ADM+,99.99999999997894
qwen3-8b,g24p2_075,ADM-,3.934543044535028e-06
qwen3-8b,g24p2_075,CF+,51.21661067273942
qwen3-8b,g24p2_075,CF-,0.7721951767450378
qwen3-8b,g24p2_075,EXC+,0.07268259999898616
qwen3-8b,g24p2_075,EXC-,1.1626535209812109e-07
qwen3-8b,g24p2_075,MNR+,0.11814333876910811
qwen3-8b,g24p2_075,MNR-,2.2725337624990217e-08
qwen3-8b,g24p2_075,RND+,56.18792271002138
qwen3-8b,g24p2_075,RND-,33.08154004104955
qwen3-8b,g24p2_075,STR+,0.008424522908769862
qwen3-8b,g24p2_075,STR-,24.23378597345003
qwen3-8b,g24p2_075,Y0,99.15523088008956
qwen3-8b,g24p2_076,ADM+,99.99999999995545
qwen3-8b,g24p2_076,ADM-,3.4514619371669035e-09
qwen3-8b,g24p2_076,CF+,31.893656081151065
qwen3-8b,g24p2_076,CF-,4.010306399309108
qwen3-8b,g24p2_076,EXC+,99.99999999930041
qwen3-8b,g24p2_076,EXC-,2.04801630172004e-09
qwen3-8b,g24p2_076,MNR+,8.388243185817263
qwen3-8b,g24p2_076,MNR-,2.690119218157595e-09
qwen3-8b,g24p2_076,RND+,33.39908411551553
qwen3-8b,g24p2_076,RND-,33.170044696121835
qwen3-8b,g24p2_076,STR+,14.214683352716499
qwen3-8b,g24p2_076,STR-,99.9723514391206
qwen3-8b,g24p2_076,Y0,99.99999999930738
qwen3-8b,g24p2_077,ADM+,62.99627747044552
qwen3-8b,g24p2_077,ADM-,32.816444289337326
qwen3-8b,g24p2_077,CF+,35.78279403402036
qwen3-8b,g24p2_077,CF-,0.06553413625501973
qwen3-8b,g24p2_077,EXC+,35.30684445911337
qwen3-8b,g24p2_077,EXC-,17.585769588937985
qwen3-8b,g24p2_077,MNR+,99.99899254329839
qwen3-8b,g24p2_077,MNR-,30.21071387967915
qwen3-8b,g24p2_077,RND+,13.886882016889077
qwen3-8b,g24p2_077,RND-,10.766002409925271
qwen3-8b,g24p2_077,STR+,48.76382175315687
qwen3-8b,g24p2_077,STR-,93.9604293262442
qwen3-8b,g24p2_077,Y0,67.28910615573633
qwen3-8b,g24p2_079,ADM+,99.9999999999655
qwen3-8b,g24p2_079,ADM-,3.581878257330823e-10
qwen3-8b,g24p2_079,CF+,66.70898357503637
qwen3-8b,g24p2_079,CF-,33.484179706360024
qwen3-8b,g24p2_079,EXC+,99.99999999601435
qwen3-8b,g24p2_079,EXC-,4.776063120453313e-10
qwen3-8b,g24p2_079,MNR+,99.99999999910068
qwen3-8b,g24p2_079,MNR-,1.4048008505032717e-10
qwen3-8b,g24p2_079,RND+,66.57190361759245
qwen3-8b,g24p2_079,RND-,8.971682719015424
qwen3-8b,g24p2_079,STR+,99.99999999984409
qwen3-8b,g24p2_079,STR-,1.1600927708471568e-09
qwen3-8b,g24p2_079,Y0,1.5352211766167396e-09
qwen3-8b,g24p2_081,ADM+,99.99999999758025
qwen3-8b,g24p2_081,ADM-,1.8334293885923912e-05
qwen3-8b,g24p2_081,CF+,3.1801602652420375
qwen3-8b,g24p2_081,CF-,4.773119990194408e-07
qwen3-8b,g24p2_081,EXC+,0.011469397708458015
qwen3-8b,g24p2_081,EXC-,1.6782495190576043e-09
qwen3-8b,g24p2_081,MNR+,79.50055400461066
qwen3-8b,g24p2_081,MNR-,33.201232393999476
qwen3-8b,g24p2_081,RND+,33.339428798738965
qwen3-8b,g24p2_081,RND-,5.083006865666537
qwen3-8b,g24p2_081,STR+,0.10029692989534555
qwen3-8b,g24p2_081,STR-,0.7688323786003912
qwen3-8b,g24p2_081,Y0,29.404675968682493
qwen3-8b,g24p2_082,ADM+,99.99988744427526
qwen3-8b,g24p2_082,ADM-,77.6225721479463
qwen3-8b,g24p2_082,CF+,66.41268433196794
qwen3-8b,g24p2_082,CF-,40.014446134102094
qwen3-8b,g24p2_082,EXC+,57.06957177213755
qwen3-8b,g24p2_082,EXC-,56.49816743920338
qwen3-8b,g24p2_082,MNR+,77.98653348985461
qwen3-8b,g24p2_082,MNR-,56.60439866011444
qwen3-8b,g24p2_082,RND+,66.6708252331676
qwen3-8b,g24p2_082,RND-,41.95134744014502
qwen3-8b,g24p2_082,STR+,38.80065484244301
qwen3-8b,g24p2_082,STR-,55.1903641798843
qwen3-8b,g24p2_082,Y0,25.202881193674695
qwen3-8b,g24p2_083,ADM+,99.9999999999971
qwen3-8b,g24p2_083,ADM-,99.99999999758464
qwen3-8b,g24p2_083,CF+,0.0013179582544112062
qwen3-8b,g24p2_083,CF-,0.0022332410093842867
qwen3-8b,g24p2_083,EXC+,99.99999999967154
qwen3-8b,g24p2_083,EXC-,1.2171723217543941e-05
qwen3-8b,g24p2_083,MNR+,99.99930576176614
qwen3-8b,g24p2_083,MNR-,9.722032441077719
qwen3-8b,g24p2_083,RND+,0.09141914433613707
qwen3-8b,g24p2_083,RND-,0.17447006676223042
qwen3-8b,g24p2_083,STR+,99.99999999994301
qwen3-8b,g24p2_083,STR-,4.864635244937032e-05
qwen3-8b,g24p2_083,Y0,99.99999998610586
qwen3-8b,g24p2_084,ADM+,99.99999998565919
qwen3-8b,g24p2_084,ADM-,55.83585920449014
qwen3-8b,g24p2_084,CF+,75.30575088582265
qwen3-8b,g24p2_084,CF-,46.13569824075522
qwen3-8b,g24p2_084,EXC+,99.99999985043391
qwen3-8b,g24p2_084,EXC-,35.51645728173112
qwen3-8b,g24p2_084,MNR+,99.99999790933092
qwen3-8b,g24p2_084,MNR-,44.11556335393208
qwen3-8b,g24p2_084,RND+,99.99999839334617
qwen3-8b,g24p2_084,RND-,62.12566641605534
qwen3-8b,g24p2_084,STR+,99.99994531200979
qwen3-8b,g24p2_084,STR-,61.0843626412672
qwen3-8b,g24p2_084,Y0,99.99999075971381
qwen3-8b,g24p2_085,ADM+,99.99999999999916
qwen3-8b,g24p2_085,ADM-,65.33795662083543
qwen3-8b,g24p2_085,CF+,43.76037017789054
qwen3-8b,g24p2_085,CF-,33.757112348742844
qwen3-8b,g24p2_085,EXC+,0.014081673316932148
qwen3-8b,g24p2_085,EXC-,99.2734506785025
qwen3-8b,g24p2_085,MNR+,99.94340968114268
qwen3-8b,g24p2_085,MNR-,52.673427280825024
qwen3-8b,g24p2_085,RND+,44.17731728675491
qwen3-8b,g24p2_085,RND-,37.077030046485476
qwen3-8b,g24p2_085,STR+,3.6573100465095627
qwen3-8b,g24p2_085,STR-,90.79524646592172
qwen3-8b,g24p2_085,Y0,4.994201310959518e-08
qwen3-8b,g24p2_087,ADM+,77.74355198090134
qwen3-8b,g24p2_087,ADM-,27.609909548768425
qwen3-8b,g24p2_087,CF+,62.46383477956657
qwen3-8b,g24p2_087,CF-,66.41131821497254
qwen3-8b,g24p2_087,EXC+,48.76158346629828
qwen3-8b,g24p2_087,EXC-,1.2779939105096023
qwen3-8b,g24p2_087,MNR+,85.61770990221208
qwen3-8b,g24p2_087,MNR-,1.115896571409848e-05
qwen3-8b,g24p2_087,RND+,45.25333859893235
qwen3-8b,g24p2_087,RND-,66.5970787496862
qwen3-8b,g24p2_087,STR+,64.90895839740159
qwen3-8b,g24p2_087,STR-,26.894546362683908
qwen3-8b,g24p2_087,Y0,1.7240731978709398e-10
qwen3-8b,g24p2_088,ADM+,7.47169812617464e-09
qwen3-8b,g24p2_088,ADM-,1.960375866477614e-08
qwen3-8b,g24p2_088,CF+,66.13904725664275
qwen3-8b,g24p2_088,CF-,66.13948167335337
qwen3-8b,g24p2_088,EXC+,7.605226526556386e-07
qwen3-8b,g24p2_088,EXC-,2.9593619421014044
qwen3-8b,g24p2_088,MNR+,3.849562684730329
qwen3-8b,g24p2_088,MNR-,50.28529841053902
qwen3-8b,g24p2_088,RND+,65.82332055798179
qwen3-8b,g24p2_088,RND-,55.70962793419358
qwen3-8b,g24p2_088,STR+,0.045592571625450974
qwen3-8b,g24p2_088,STR-,0.6594104845111937
qwen3-8b,g24p2_088,Y0,54.30180870551028
qwen3-8b,g24p2_089,ADM+,99.99999999689965
qwen3-8b,g24p2_089,ADM-,89.14417343560704
qwen3-8b,g24p2_089,CF+,78.4440684618572
qwen3-8b,g24p2_089,CF-,43.72623354851208
qwen3-8b,g24p2_089,EXC+,99.99999999811783
qwen3-8b,g24p2_089,EXC-,3.1680001250182564e-07
qwen3-8b,g24p2_089,MNR+,99.99993172650956
qwen3-8b,g24p2_089,MNR-,52.627741191809314
qwen3-8b,g24p2_089,RND+,44.118189056680684
qwen3-8b,g24p2_089,RND-,51.98209271055183
qwen3-8b,g24p2_089,STR+,99.92902580432595
qwen3-8b,g24p2_089,STR-,37.327695246358246
qwen3-8b,g24p2_089,Y0,1.6274567057856271e-06
qwen3-8b,g24p2_091,ADM+,99.99999998917225
qwen3-8b,g24p2_091,ADM-,69.3503889284279
qwen3-8b,g24p2_091,CF+,76.71656264172155
qwen3-8b,g24p2_091,CF-,70.68883878377828
qwen3-8b,g24p2_091,EXC+,56.210284160939416
qwen3-8b,g24p2_091,EXC-,61.81230827181722
qwen3-8b,g24p2_091,MNR+,99.9999999991092
qwen3-8b,g24p2_091,MNR-,54.21239135848944
qwen3-8b,g24p2_091,RND+,4.575441648682037e-05
qwen3-8b,g24p2_091,RND-,7.960917212583233e-06
qwen3-8b,g24p2_091,STR+,65.49511705686825
qwen3-8b,g24p2_091,STR-,57.57366403536961
qwen3-8b,g24p2_091,Y0,55.2626517348866
qwen3-8b,g24p2_092,ADM+,99.99999999885561
qwen3-8b,g24p2_092,ADM-,44.17557229059207
qwen3-8b,g24p2_092,CF+,3.6369774204980723
qwen3-8b,g24p2_092,CF-,0.0012091516817191853
qwen3-8b,g24p2_092,EXC+,0.0004918890346402664
qwen3-8b,g24p2_092,EXC-,9.133856297771967e-09
qwen3-8b,g24p2_092,MNR+,6.1230240786887915
qwen3-8b,g24p2_092,MNR-,1.310888453042415e-06
qwen3-8b,g24p2_092,RND+,1.263687054780763e-06
qwen3-8b,g24p2_092,RND-,5.3891616048787114e-05
qwen3-8b,g24p2_092,STR+,1.2437152213459373e-05
qwen3-8b,g24p2_092,STR-,1.494897565532006e-07
qwen3-8b,g24p2_092,Y0,8.236420094224674e-08
qwen3-8b,g24p2_093,ADM+,99.99985531442427
qwen3-8b,g24p2_093,ADM-,2.49912912597686e-10
qwen3-8b,g24p2_093,CF+,97.41734813196992
qwen3-8b,g24p2_093,CF-,45.21671094934108
qwen3-8b,g24p2_093,EXC+,97.10746140430352
qwen3-8b,g24p2_093,EXC-,50.578534494750244
qwen3-8b,g24p2_093,MNR+,99.19091067347586
qwen3-8b,g24p2_093,MNR-,98.23292925182338
qwen3-8b,g24p2_093,RND+,90.87138450084451
qwen3-8b,g24p2_093,RND-,99.99988722606784
qwen3-8b,g24p2_093,STR+,99.90468560127033
qwen3-8b,g24p2_093,STR-,99.99999660038098
qwen3-8b,g24p2_093,Y0,81.62768837506835
qwen3-8b,g24p2_094,ADM+,99.99999999999005
qwen3-8b,g24p2_094,ADM-,99.99999999957986
qwen3-8b,g24p2_094,CF+,95.80510354655364
qwen3-8b,g24p2_094,CF-,77.85131076976991
qwen3-8b,g24p2_094,EXC+,99.99999978078546
qwen3-8b,g24p2_094,EXC-,99.99823424870227
qwen3-8b,g24p2_094,MNR+,99.99999999996547
qwen3-8b,g24p2_094,MNR-,99.9239780339018
qwen3-8b,g24p2_094,RND+,88.88865088033236
qwen3-8b,g24p2_094,RND-,77.74276330567575
qwen3-8b,g24p2_094,STR+,99.9999999999554
qwen3-8b,g24p2_094,STR-,98.26213864839676
qwen3-8b,g24p2_094,Y0,99.9999999999266
qwen3-8b,g24p2_096,ADM+,99.9951852748916
qwen3-8b,g24p2_096,ADM-,33.33209149421194
qwen3-8b,g24p2_096,CF+,39.49191113722154
qwen3-8b,g24p2_096,CF-,26.793055475842337
qwen3-8b,g24p2_096,EXC+,84.56596574453438
qwen3-8b,g24p2_096,EXC-,25.91077963041967
qwen3-8b,g24p2_096,MNR+,99.99999986775734
qwen3-8b,g24p2_096,MNR-,27.408104447695525
qwen3-8b,g24p2_096,RND+,66.15514994138223
qwen3-8b,g24p2_096,RND-,45.67523940157655
qwen3-8b,g24p2_096,STR+,42.838175683875484
qwen3-8b,g24p2_096,STR-,25.52885043059193
qwen3-8b,g24p2_096,Y0,55.95363853370178
qwen3-8b,g24p2_098,ADM+,99.99999999990582
qwen3-8b,g24p2_098,ADM-,0.003535770936721188
qwen3-8b,g24p2_098,CF+,3.244986210480266e-09
qwen3-8b,g24p2_098,CF-,5.3641160490654884e-09
qwen3-8b,g24p2_098,EXC+,99.99999999883684
qwen3-8b,g24p2_098,EXC-,1.5286280682924358e-06
qwen3-8b,g24p2_098,MNR+,99.99999999808195
qwen3-8b,g24p2_098,MNR-,7.731072677003011e-10
qwen3-8b,g24p2_098,RND+,2.7572612409215055e-05
qwen3-8b,g24p2_098,RND-,7.491333448813046e-05
qwen3-8b,g24p2_098,STR+,1.0987487538676899
qwen3-8b,g24p2_098,STR-,0.0006505019430892026
qwen3-8b,g24p2_098,Y0,5.452293578188342e-09
qwen3-8b,g24p2_099,ADM+,3.258722637949881e-07
qwen3-8b,g24p2_099,ADM-,2.952535322995202e-11
qwen3-8b,g24p2_099,CF+,6.228927117352745e-12
qwen3-8b,g24p2_099,CF-,1.218978044681971e-11
qwen3-8b,g24p2_099,EXC+,6.25260539570791e-11
qwen3-8b,g24p2_099,EXC-,1.7406016883164547e-11
qwen3-8b,g24p2_099,MNR+,5.757887192612835e-08
qwen3-8b,g24p2_099,MNR-,2.2749312753228723e-11
qwen3-8b,g24p2_099,RND+,2.681515892408455e-11
qwen3-8b,g24p2_099,RND-,0.12208237155217588
qwen3-8b,g24p2_099,STR+,1.0013111456697605e-10
qwen3-8b,g24p2_099,STR-,3.822418447569607e-11
qwen3-8b,g24p2_099,Y0,4.736958305110018e-11
qwen3-8b,g24p2_101,ADM+,99.9999999998434
qwen3-8b,g24p2_101,ADM-,3.389983254104077e-09
qwen3-8b,g24p2_101,CF+,6.669382354492801e-07
qwen3-8b,g24p2_101,CF-,0.004279851099883773
qwen3-8b,g24p2_101,EXC+,2.593052923092651e-09
qwen3-8b,g24p2_101,EXC-,9.263804991635607e-10
qwen3-8b,g24p2_101,MNR+,4.964194305406878e-10
qwen3-8b,g24p2_101,MNR-,4.993889361388942e-10
qwen3-8b,g24p2_101,RND+,5.404929123297751e-05
qwen3-8b,g24p2_101,RND-,4.007357038705129e-05
qwen3-8b,g24p2_101,STR+,2.4839879633906578e-05
qwen3-8b,g24p2_101,STR-,5.204633768709088e-06
qwen3-8b,g24p2_101,Y0,6.78102494299749e-08
qwen3-8b,g24p2_102,ADM+,1.8349548839406527e-06
qwen3-8b,g24p2_102,ADM-,32.97018775470272
qwen3-8b,g24p2_102,CF+,66.6085978361377
qwen3-8b,g24p2_102,CF-,33.322976824019165
qwen3-8b,g24p2_102,EXC+,0.003579159699518411
qwen3-8b,g24p2_102,EXC-,4.9023708787753574e-08
qwen3-8b,g24p2_102,MNR+,65.98805717366602
qwen3-8b,g24p2_102,MNR-,0.7666787578575958
qwen3-8b,g24p2_102,RND+,33.368496520322374
qwen3-8b,g24p2_102,RND-,33.48975896949655
qwen3-8b,g24p2_102,STR+,54.004157951340375
qwen3-8b,g24p2_102,STR-,0.001530214930238878
qwen3-8b,g24p2_102,Y0,0.00034516756558857517
qwen3-8b,g24p2_103,ADM+,99.99862851401402
qwen3-8b,g24p2_103,ADM-,56.008784868333414
qwen3-8b,g24p2_103,CF+,6.081229347869588
qwen3-8b,g24p2_103,CF-,55.14050604151224
qwen3-8b,g24p2_103,EXC+,81.57167632826504
qwen3-8b,g24p2_103,EXC-,0.018576125751602918
qwen3-8b,g24p2_103,MNR+,55.489011594820155
qwen3-8b,g24p2_103,MNR-,0.004113934324459111
qwen3-8b,g24p2_103,RND+,14.598118625314576
qwen3-8b,g24p2_103,RND-,24.386532867495642
qwen3-8b,g24p2_103,STR+,4.549935956065667
qwen3-8b,g24p2_103,STR-,32.41971301862012
qwen3-8b,g24p2_103,Y0,33.37377553079979
qwen3-8b,g24p2_104,ADM+,99.9999999998014
qwen3-8b,g24p2_104,ADM-,1.4632382138546305e-08
qwen3-8b,g24p2_104,CF+,14.425415058465294
qwen3-8b,g24p2_104,CF-,2.1798363256256925
qwen3-8b,g24p2_104,EXC+,6.172333096346353
qwen3-8b,g24p2_104,EXC-,5.684636603826032e-09
qwen3-8b,g24p2_104,MNR+,0.00012545915137985664
qwen3-8b,g24p2_104,MNR-,6.8009662075969475
qwen3-8b,g24p2_104,RND+,32.60520371422452
qwen3-8b,g24p2_104,RND-,51.17311065081608
qwen3-8b,g24p2_104,STR+,0.0004366587442189964
qwen3-8b,g24p2_104,STR-,4.8731779706155834e-06
qwen3-8b,g24p2_104,Y0,0.024539767086817238
qwen3-8b,g24p2_105,ADM+,66.97939903992159
qwen3-8b,g24p2_105,ADM-,57.19989491816596
qwen3-8b,g24p2_105,CF+,52.56139592630538
qwen3-8b,g24p2_105,CF-,55.028576990991695
qwen3-8b,g24p2_105,EXC+,47.56837369073192
qwen3-8b,g24p2_105,EXC-,27.65172898960488
qwen3-8b,g24p2_105,MNR+,43.22492042669671
qwen3-8b,g24p2_105,MNR-,55.44312531711797
qwen3-8b,g24p2_105,RND+,42.61130356527854
qwen3-8b,g24p2_105,RND-,42.4648608960316
qwen3-8b,g24p2_105,STR+,0.2848405079841011
qwen3-8b,g24p2_105,STR-,56.60210529270458
qwen3-8b,g24p2_105,Y0,55.56824416126281
qwen3-8b,g24p2_107,ADM+,99.99999735288024
qwen3-8b,g24p2_107,ADM-,77.94229830548507
qwen3-8b,g24p2_107,CF+,21.087472066219487
qwen3-8b,g24p2_107,CF-,29.546848681869147
qwen3-8b,g24p2_107,EXC+,99.99986360393324
qwen3-8b,g24p2_107,EXC-,0.00021347549700026676
qwen3-8b,g24p2_107,MNR+,88.81470292839246
qwen3-8b,g24p2_107,MNR-,16.716200111277626
qwen3-8b,g24p2_107,RND+,29.387630299427585
qwen3-8b,g24p2_107,RND-,42.25239840002937
qwen3-8b,g24p2_107,STR+,0.18191043644739813
qwen3-8b,g24p2_107,STR-,2.012114738126875
qwen3-8b,g24p2_107,Y0,57.187835163147184
qwen3-8b,g24p2_108,ADM+,36.99770622259853
qwen3-8b,g24p2_108,ADM-,48.66790472218591
qwen3-8b,g24p2_108,CF+,48.27879805319764
qwen3-8b,g24p2_108,CF-,46.665862053459676
qwen3-8b,g24p2_108,EXC+,36.08444585104573
qwen3-8b,g24p2_108,EXC-,34.75378865159415
qwen3-8b,g24p2_108,MNR+,99.69529634330527
qwen3-8b,g24p2_108,MNR-,33.338100713060676
qwen3-8b,g24p2_108,RND+,65.34218671945035
qwen3-8b,g24p2_108,RND-,34.28643197365992
qwen3-8b,g24p2_108,STR+,34.85275851705475
qwen3-8b,g24p2_108,STR-,50.425308641544135
qwen3-8b,g24p2_108,Y0,55.57470330360364
qwen3-8b,g24p2_110,ADM+,99.99999999999532
qwen3-8b,g24p2_110,ADM-,77.81511549440492
qwen3-8b,g24p2_110,CF+,99.99385801596996
qwen3-8b,g24p2_110,CF-,73.58061696206602
qwen3-8b,g24p2_110,EXC+,99.9999999981196
qwen3-8b,g24p2_110,EXC-,77.88685446850297
qwen3-8b,g24p2_110,MNR+,99.99999999488593
qwen3-8b,g24p2_110,MNR-,77.74719986720716
qwen3-8b,g24p2_110,RND+,88.88888509001634
qwen3-8b,g24p2_110,RND-,95.80503469686292
qwen3-8b,g24p2_110,STR+,99.99999999987955
qwen3-8b,g24p2_110,STR-,24.374518998477377
qwen3-8b,g24p2_110,Y0,99.99999999157426
qwen3-8b,g24p2_111,ADM+,4.5248383183041135e-08
qwen3-8b,g24p2_111,ADM-,9.683586028259325e-09
qwen3-8b,g24p2_111,CF+,4.108497909002247e-08
qwen3-8b,g24p2_111,CF-,2.1131516975045628e-09
qwen3-8b,g24p2_111,EXC+,1.2810486168103395e-09
qwen3-8b,g24p2_111,EXC-,1.3255299430703937e-10
qwen3-8b,g24p2_111,MNR+,7.730171890618927e-10
qwen3-8b,g24p2_111,MNR-,2.789151687034521e-10
qwen3-8b,g24p2_111,RND+,2.486567115635658e-08
qwen3-8b,g24p2_111,RND-,1.2451936945427324e-09
qwen3-8b,g24p2_111,STR+,6.206002148480191e-10
qwen3-8b,g24p2_111,STR-,1.3538320114179515e-10
qwen3-8b,g24p2_111,Y0,3.625740562970533e-11
qwen3-8b,g24p2_112,ADM+,99.99999999999895
qwen3-8b,g24p2_112,ADM-,1.3980906870670047e-10
qwen3-8b,g24p2_112,CF+,3.9904534227470555e-07
qwen3-8b,g24p2_112,CF-,0.2661216884805516
qwen3-8b,g24p2_112,EXC+,2.5162027089652536e-06
qwen3-8b,g24p2_112,EXC-,1.4506705844636852e-10
qwen3-8b,g24p2_112,MNR+,99.99999999970613
qwen3-8b,g24p2_112,MNR-,2.774786082955193e-05
qwen3-8b,g24p2_112,RND+,0.0005620920082270481
qwen3-8b,g24p2_112,RND-,19.58029222381764
qwen3-8b,g24p2_112,STR+,3.742171387834086e-05
qwen3-8b,g24p2_112,STR-,1.6256747466482557e-07
qwen3-8b,g24p2_112,Y0,0.0011755145526124431
qwen3-8b,g24p2_113,ADM+,99.99999999999011
qwen3-8b,g24p2_113,ADM-,88.88823857165639
qwen3-8b,g24p2_113,CF+,77.36312952096648
qwen3-8b,g24p2_113,CF-,60.43379230205331
qwen3-8b,g24p2_113,EXC+,99.99999999997856
qwen3-8b,g24p2_113,EXC-,65.3157739377923
qwen3-8b,g24p2_113,MNR+,99.99999999957964
qwen3-8b,g24p2_113,MNR-,66.15782755342681
qwen3-8b,g24p2_113,RND+,77.62439861923313
qwen3-8b,g24p2_113,RND-,33.706384281150775
qwen3-8b,g24p2_113,STR+,99.99999999997884
qwen3-8b,g24p2_113,STR-,78.72351387082608
qwen3-8b,g24p2_113,Y0,99.99999999999777
qwen3-8b,g24p2_114,ADM+,99.99999999999224
qwen3-8b,g24p2_114,ADM-,99.99999999998725
qwen3-8b,g24p2_114,CF+,54.717102190903255
qwen3-8b,g24p2_114,CF-,33.879026908005535
qwen3-8b,g24p2_114,EXC+,99.99999999990533
qwen3-8b,g24p2_114,EXC-,4.3448061290086015e-07
qwen3-8b,g24p2_114,MNR+,99.99999999996538
qwen3-8b,g24p2_114,MNR-,99.9999999372157
qwen3-8b,g24p2_114,RND+,55.54475304324212
qwen3-8b,g24p2_114,RND-,55.39989139401506
qwen3-8b,g24p2_114,STR+,99.99999999984533
qwen3-8b,g24p2_114,STR-,0.005111139333216597
qwen3-8b,g24p2_114,Y0,99.99999999979983
qwen3-8b,g24p2_115,ADM+,99.99999998912251
qwen3-8b,g24p2_115,ADM-,3.270410882634282e-08
qwen3-8b,g24p2_115,CF+,98.86230896916976
qwen3-8b,g24p2_115,CF-,0.00033855024201100235
qwen3-8b,g24p2_115,EXC+,62.23685605683093
qwen3-8b,g24p2_115,EXC-,1.1252890912760653e-09
qwen3-8b,g24p2_115,MNR+,4.5132974369878367e-08
qwen3-8b,g24p2_115,MNR-,24.372206870595033
qwen3-8b,g24p2_115,RND+,8.450842103968587e-07
qwen3-8b,g24p2_115,RND-,8.967572489773225
qwen3-8b,g24p2_115,STR+,0.0002091416232433643
qwen3-8b,g24p2_115,STR-,0.0003415890483049598
qwen3-8b,g24p2_115,Y0,2.3744103852126544
qwen3-8b,g24p2_116,ADM+,99.99999999999397
qwen3-8b,g24p2_116,ADM-,0.002948209272462603
qwen3-8b,g24p2_116,CF+,41.322733162756414
qwen3-8b,g24p2_116,CF-,19.754945541841355
qwen3-8b,g24p2_116,EXC+,2.161052686080246e-07
qwen3-8b,g24p2_116,EXC-,49.9986691531439
qwen3-8b,g24p2_116,MNR+,99.9999999934024
qwen3-8b,g24p2_116,MNR-,99.99999997414747
qwen3-8b,g24p2_116,RND+,32.30044189535364
qwen3-8b,g24p2_116,RND-,0.2750362411728851
qwen3-8b,g24p2_116,STR+,5.793990033921279e-11
qwen3-8b,g24p2_116,STR-,1.0906473106294832e-08
qwen3-8b,g24p2_116,Y0,3.466608766826695e-06
qwen3-8b,g24p2_117,ADM+,99.99999999946105
qwen3-8b,g24p2_117,ADM-,53.769839957830975
qwen3-8b,g24p2_117,CF+,32.97364644886707
qwen3-8b,g24p2_117,CF-,33.334138080796635
qwen3-8b,g24p2_117,EXC+,42.788958581388414
qwen3-8b,g24p2_117,EXC-,0.2984175743297286
qwen3-8b,g24p2_117,MNR+,99.80015277754839
qwen3-8b,g24p2_117,MNR-,33.367052447133275
qwen3-8b,g24p2_117,RND+,0.8646217332794683
qwen3-8b,g24p2_117,RND-,31.75778518972772
qwen3-8b,g24p2_117,STR+,33.332525957731164
qwen3-8b,g24p2_117,STR-,2.0081662791099553
qwen3-8b,g24p2_117,Y0,43.85565649412749
qwen3-8b,g24p2_120,ADM+,99.99999997705436
qwen3-8b,g24p2_120,ADM-,6.33188601025979e-10
qwen3-8b,g24p2_120,CF+,27.843213518345692
qwen3-8b,g24p2_120,CF-,9.953326845996253
qwen3-8b,g24p2_120,EXC+,99.99999279962613
qwen3-8b,g24p2_120,EXC-,6.787114501744472e-10
qwen3-8b,g24p2_120,MNR+,99.99999735151493
qwen3-8b,g24p2_120,MNR-,99.999999240151
qwen3-8b,g24p2_120,RND+,40.362595922778986
qwen3-8b,g24p2_120,RND-,40.22862021476633
qwen3-8b,g24p2_120,STR+,74.28157572982906
qwen3-8b,g24p2_120,STR-,95.80590146751615
qwen3-8b,g24p2_120,Y0,99.99999839439378
qwen3-8b,g24p2_121,ADM+,99.99999439602291
qwen3-8b,g24p2_121,ADM-,97.52554412732896
qwen3-8b,g24p2_121,CF+,99.84373728312625
qwen3-8b,g24p2_121,CF-,77.7042259685008
qwen3-8b,g24p2_121,EXC+,93.75353924736852
qwen3-8b,g24p2_121,EXC-,87.5703787559935
qwen3-8b,g24p2_121,MNR+,90.2086491635346
qwen3-8b,g24p2_121,MNR-,86.41484869329291
qwen3-8b,g24p2_121,RND+,87.56612770424182
qwen3-8b,g24p2_121,RND-,88.63376781254425
qwen3-8b,g24p2_121,STR+,99.99709788366516
qwen3-8b,g24p2_121,STR-,88.91410217121667
qwen3-8b,g24p2_121,Y0,89.01095078352454
qwen3-8b,g24p2_122,ADM+,99.99999999999528
qwen3-8b,g24p2_122,ADM-,1.3680107787754143e-07
qwen3-8b,g24p2_122,CF+,33.27620197720977
qwen3-8b,g24p2_122,CF-,1.0373019162886112e-06
qwen3-8b,g24p2_122,EXC+,99.99999999341698
qwen3-8b,g24p2_122,EXC-,1.1543755925952586e-06
qwen3-8b,g24p2_122,MNR+,0.0002998879884073167
qwen3-8b,g24p2_122,MNR-,1.7209936320606024e-10
qwen3-8b,g24p2_122,RND+,10.704695996913783
qwen3-8b,g24p2_122,RND-,3.6452330397407344e-07
qwen3-8b,g24p2_122,STR+,1.092987020860545e-05
qwen3-8b,g24p2_122,STR-,6.599399263773524e-11
qwen3-8b,g24p2_122,Y0,0.07031305627255519
qwen3-8b,g24p2_123,ADM+,95.13529438402968
qwen3-8b,g24p2_123,ADM-,97.0117564612939
qwen3-8b,g24p2_123,CF+,65.02152428871842
qwen3-8b,g24p2_123,CF-,56.61324927102723
qwen3-8b,g24p2_123,EXC+,0.003520646720105278
qwen3-8b,g24p2_123,EXC-,56.78352124803117
qwen3-8b,g24p2_123,MNR+,91.87676229684125
qwen3-8b,g24p2_123,MNR-,87.98418185558035
qwen3-8b,g24p2_123,RND+,55.47689888056754
qwen3-8b,g24p2_123,RND-,61.80169396096575
qwen3-8b,g24p2_123,STR+,52.949305003819205
qwen3-8b,g24p2_123,STR-,53.39357085878593
qwen3-8b,g24p2_123,Y0,2.74743936780305
qwen3-8b,g24p2_125,ADM+,99.99999999994304
qwen3-8b,g24p2_125,ADM-,88.85363533643255
qwen3-8b,g24p2_125,CF+,30.79672197104884
qwen3-8b,g24p2_125,CF-,50.78334217801377
qwen3-8b,g24p2_125,EXC+,3.528262145909465e-10
qwen3-8b,g24p2_125,EXC-,61.5634934177007
qwen3-8b,g24p2_125,MNR+,24.377201653195936
qwen3-8b,g24p2_125,MNR-,33.29695760161877
qwen3-8b,g24p2_125,RND+,7.423369509319301
qwen3-8b,g24p2_125,RND-,48.58965348513602
qwen3-8b,g24p2_125,STR+,4.935659488821319
qwen3-8b,g24p2_125,STR-,0.015342879044956605
qwen3-8b,g24p2_125,Y0,0.9991450012247682
qwen3-8b,g24p2_126,ADM+,99.99999986766618
qwen3-8b,g24p2_126,ADM-,7.248790048167828e-05
qwen3-8b,g24p2_126,CF+,90.91413435859808
qwen3-8b,g24p2_126,CF-,0.0005657593537250035
qwen3-8b,g24p2_126,EXC+,72.06901362815655
qwen3-8b,g24p2_126,EXC-,1.0283819550076908e-07
qwen3-8b,g24p2_126,MNR+,99.99999940794173
qwen3-8b,g24p2_126,MNR-,1.0378577515360517e-07
qwen3-8b,g24p2_126,RND+,31.450703638703075
qwen3-8b,g24p2_126,RND-,30.180004674442007
qwen3-8b,g24p2_126,STR+,0.24558490039604852
qwen3-8b,g24p2_126,STR-,1.4173828552774914
qwen3-8b,g24p2_126,Y0,33.45925638619218
qwen3-8b,g24p2_128,ADM+,99.99999999999959
qwen3-8b,g24p2_128,ADM-,1.54221178939215e-08
qwen3-8b,g24p2_128,CF+,67.0810177295751
qwen3-8b,g24p2_128,CF-,66.66238668507555
qwen3-8b,g24p2_128,EXC+,99.99999999997289
qwen3-8b,g24p2_128,EXC-,99.99609452755541
qwen3-8b,g24p2_128,MNR+,99.99999999996527
qwen3-8b,g24p2_128,MNR-,0.023722144248393178
qwen3-8b,g24p2_128,RND+,79.09939256620015
qwen3-8b,g24p2_128,RND-,89.30363151513453
qwen3-8b,g24p2_128,STR+,2.9687609585110737
qwen3-8b,g24p2_128,STR-,99.99999999911162
qwen3-8b,g24p2_128,Y0,99.99999999999795
qwen3-8b,g24p2_129,ADM+,99.94585315256245
qwen3-8b,g24p2_129,ADM-,4.5602576387962685e-10
qwen3-8b,g24p2_129,CF+,64.18968803389647
qwen3-8b,g24p2_129,CF-,33.32512651283077
qwen3-8b,g24p2_129,EXC+,83.65378514239598
qwen3-8b,g24p2_129,EXC-,6.788814925295961e-10
qwen3-8b,g24p2_129,MNR+,45.37740885346888
qwen3-8b,g24p2_129,MNR-,4.571462000101522e-09
qwen3-8b,g24p2_129,RND+,77.77695365514616
qwen3-8b,g24p2_129,RND-,55.160571783131424
qwen3-8b,g24p2_129,STR+,99.9999923007339
qwen3-8b,g24p2_129,STR-,7.5862803181823715
qwen3-8b,g24p2_129,Y0,99.99999999811729
qwen3-8b,g24p2_130,ADM+,99.99998476574645
qwen3-8b,g24p2_130,ADM-,9.437039080041833e-08
qwen3-8b,g24p2_130,CF+,24.646960728470663
qwen3-8b,g24p2_130,CF-,8.783152044117637e-07
qwen3-8b,g24p2_130,EXC+,99.99988743836772
qwen3-8b,g24p2_130,EXC-,24.683096748897665
qwen3-8b,g24p2_130,MNR+,99.99999999885202
qwen3-8b,g24p2_130,MNR-,1.0129177466823174
qwen3-8b,g24p2_130,RND+,27.429672188706046
qwen3-8b,g24p2_130,RND-,29.396221541444522
qwen3-8b,g24p2_130,STR+,85.18157003962057
qwen3-8b,g24p2_130,STR-,0.5739502519596636
qwen3-8b,g24p2_130,Y0,99.99999999946033
qwen3-8b,g24p2_131,ADM+,53.44451824247301
qwen3-8b,g24p2_131,ADM-,35.707006329036595
qwen3-8b,g24p2_131,CF+,32.33839729125764
qwen3-8b,g24p2_131,CF-,0.02074826002981236
qwen3-8b,g24p2_131,EXC+,7.391794780724473e-06
qwen3-8b,g24p2_131,EXC-,3.636690593655013e-05
qwen3-8b,g24p2_131,MNR+,1.56380292337397e-09
qwen3-8b,g24p2_131,MNR-,0.48082023002376456
qwen3-8b,g24p2_131,RND+,33.30456796202774
qwen3-8b,g24p2_131,RND-,3.2514921693328275e-05
qwen3-8b,g24p2_131,STR+,3.1788032465217415
qwen3-8b,g24p2_131,STR-,0.1357102698999203
qwen3-8b,g24p2_131,Y0,9.247649608133492e-10
qwen3-8b,g24p2_132,ADM+,99.99999999853372
qwen3-8b,g24p2_132,ADM-,0.00047659085964199955
qwen3-8b,g24p2_132,CF+,39.3548126026222
qwen3-8b,g24p2_132,CF-,10.727114805944346
qwen3-8b,g24p2_132,EXC+,6.036761687055368
qwen3-8b,g24p2_132,EXC-,5.7875210375297006e-06
qwen3-8b,g24p2_132,MNR+,99.99648094872504
qwen3-8b,g24p2_132,MNR-,0.00272443143101629
qwen3-8b,g24p2_132,RND+,92.43858102446103
qwen3-8b,g24p2_132,RND-,63.15727769024209
qwen3-8b,g24p2_132,STR+,99.99999999758451
qwen3-8b,g24p2_132,STR-,51.84966257997789
qwen3-8b,g24p2_132,Y0,1.1345996392129815e-08
qwen3-8b,g24p2_133,ADM+,99.99999999999632
qwen3-8b,g24p2_133,ADM-,6.666250543825594e-08
qwen3-8b,g24p2_133,CF+,99.99990674245059
qwen3-8b,g24p2_133,CF-,2.469008266830961e-08
qwen3-8b,g24p2_133,EXC+,99.99999999974332
qwen3-8b,g24p2_133,EXC-,1.5071309805059678e-08
qwen3-8b,g24p2_133,MNR+,99.99999999990501
qwen3-8b,g24p2_133,MNR-,2.076953405171427e-09
qwen3-8b,g24p2_133,RND+,78.7273400172315
qwen3-8b,g24p2_133,RND-,0.001283063550932423
qwen3-8b,g24p2_133,STR+,0.00010566174563332372
qwen3-8b,g24p2_133,STR-,0.008236850892071303
qwen3-8b,g24p2_133,Y0,99.99999999853333
qwen3-8b,g24p2_134,ADM+,99.99999999997895
qwen3-8b,g24p2_134,ADM-,99.99999995150137
qwen3-8b,g24p2_134,CF+,99.99999995131652
qwen3-8b,g24p2_134,CF-,99.99976170572477
qwen3-8b,g24p2_134,EXC+,99.9999999995794
qwen3-8b,g24p2_134,EXC-,86.94844899181847
qwen3-8b,g24p2_134,MNR+,99.99999999757833
qwen3-8b,g24p2_134,MNR-,99.99999839304726
qwen3-8b,g24p2_134,RND+,99.99211476414216
qwen3-8b,g24p2_134,RND-,90.5337474901889
qwen3-8b,g24p2_134,STR+,99.9999999960101
qwen3-8b,g24p2_134,STR-,99.99999999601802
qwen3-8b,g24p2_134,Y0,99.99999999997905
qwen3-8b,g24p2_135,ADM+,99.99999999997902
qwen3-8b,g24p2_135,ADM-,8.313468068142413e-11
qwen3-8b,g24p2_135,CF+,1.0808224050162596e-06
qwen3-8b,g24p2_135,CF-,0.010669359300679747
qwen3-8b,g24p2_135,EXC+,93.66943717254114
qwen3-8b,g24p2_135,EXC-,0.0016706072166996326
qwen3-8b,g24p2_135,MNR+,86.75655383202167
qwen3-8b,g24p2_135,MNR-,0.076928286559864
qwen3-8b,g24p2_135,RND+,0.11573871530380747
qwen3-8b,g24p2_135,RND-,0.019915196825313078
qwen3-8b,g24p2_135,STR+,44.43241724931831
qwen3-8b,g24p2_135,STR-,0.01920604641509954
qwen3-8b,g24p2_135,Y0,1.286952812708182e-10
qwen3-8b,g24p2_136,ADM+,99.99999978269888
qwen3-8b,g24p2_136,ADM-,47.39068943011738
qwen3-8b,g24p2_136,CF+,50.688417357369076
qwen3-8b,g24p2_136,CF-,40.0146870971685
qwen3-8b,g24p2_136,EXC+,1.3899105057547432e-07
qwen3-8b,g24p2_136,EXC-,33.42951743178287
qwen3-8b,g24p2_136,MNR+,0.0011707589202416774
qwen3-8b,g24p2_136,MNR-,51.76183820362243
qwen3-8b,g24p2_136,RND+,44.77069968268021
qwen3-8b,g24p2_136,RND-,32.61593963018821
qwen3-8b,g24p2_136,STR+,2.738556509454797e-06
qwen3-8b,g24p2_136,STR-,53.18425850022942
qwen3-8b,g24p2_136,Y0,53.52767384209279
qwen3-8b,g24p2_137,ADM+,99.99999999594793
qwen3-8b,g24p2_137,ADM-,3.38028363912811e-09
qwen3-8b,g24p2_137,CF+,0.0005610156285856513
qwen3-8b,g24p2_137,CF-,0.12757084117527884
qwen3-8b,g24p2_137,EXC+,1.9205062350330685e-06
qwen3-8b,g24p2_137,EXC-,4.9448368163498785e-08
qwen3-8b,g24p2_137,MNR+,0.3801031133835507
qwen3-8b,g24p2_137,MNR-,32.563137257535224
qwen3-8b,g24p2_137,RND+,0.0833399607368224
qwen3-8b,g24p2_137,RND-,0.8998476613961921
qwen3-8b,g24p2_137,STR+,0.007628342779106416
qwen3-8b,g24p2_137,STR-,0.00010991552442036138
qwen3-8b,g24p2_137,Y0,67.05395208362461
qwen3-8b,g24p2_138,ADM+,99.99999999995563
qwen3-8b,g24p2_138,ADM-,72.65619338029992
qwen3-8b,g24p2_138,CF+,33.65847894340705
qwen3-8b,g24p2_138,CF-,63.92456337924693
qwen3-8b,g24p2_138,EXC+,93.75124066024676
qwen3-8b,g24p2_138,EXC-,0.0006056881949980554
qwen3-8b,g24p2_138,MNR+,70.19255464830673
qwen3-8b,g24p2_138,MNR-,76.70938620104587
qwen3-8b,g24p2_138,RND+,33.25979554972861
qwen3-8b,g24p2_138,RND-,49.233365026973644
qwen3-8b,g24p2_138,STR+,59.803474158372495
qwen3-8b,g24p2_138,STR-,54.53976612886861
qwen3-8b,g24p2_138,Y0,52.36776797757209
qwen3-8b,g24p2_140,ADM+,99.99999999967244
qwen3-8b,g24p2_140,ADM-,99.999999999672
qwen3-8b,g24p2_140,CF+,33.39147577394871
qwen3-8b,g24p2_140,CF-,33.54018525792498
qwen3-8b,g24p2_140,EXC+,0.001317578188827743
qwen3-8b,g24p2_140,EXC-,6.211420281605408
qwen3-8b,g24p2_140,MNR+,40.169334691058765
qwen3-8b,g24p2_140,MNR-,33.66140312629235
qwen3-8b,g24p2_140,RND+,52.0373610788874
qwen3-8b,g24p2_140,RND-,32.73488514715383
qwen3-8b,g24p2_140,STR+,36.560267360893754
qwen3-8b,g24p2_140,STR-,2.6936404338850704
qwen3-8b,g24p2_140,Y0,0.00039300879709788653
qwen3-8b,g24p2_141,ADM+,6.246062846086456e-05
qwen3-8b,g24p2_141,ADM-,3.9467766105527095e-08
qwen3-8b,g24p2_141,CF+,3.658652016723834e-10
qwen3-8b,g24p2_141,CF-,2.7115576435753545e-09
qwen3-8b,g24p2_141,EXC+,0.003482678077797118
qwen3-8b,g24p2_141,EXC-,0.0002325132295802322
qwen3-8b,g24p2_141,MNR+,1.2453459669048677e-09
qwen3-8b,g24p2_141,MNR-,7.555960423964079e-10
qwen3-8b,g24p2_141,RND+,4.929056630867065e-05
qwen3-8b,g24p2_141,RND-,1.6366554018435817e-09
qwen3-8b,g24p2_141,STR+,4.690578882645186e-10
qwen3-8b,g24p2_141,STR-,3.0518337309168256e-10
qwen3-8b,g24p2_141,Y0,3.2546519567846284e-09
qwen3-8b,g24p2_142,ADM+,99.99999999343507
qwen3-8b,g24p2_142,ADM-,0.04803855716465375
qwen3-8b,g24p2_142,CF+,77.78704665558038
qwen3-8b,g24p2_142,CF-,55.59418685862806
qwen3-8b,g24p2_142,EXC+,99.9999999991092
qwen3-8b,g24p2_142,EXC-,94.98722127008016
qwen3-8b,g24p2_142,MNR+,99.9999999975736
qwen3-8b,g24p2_142,MNR-,70.62303603311543
qwen3-8b,g24p2_142,RND+,66.78767684561446
qwen3-8b,g24p2_142,RND-,45.48208575476251
qwen3-8b,g24p2_142,STR+,99.99999993876187
qwen3-8b,g24p2_142,STR-,54.12872201951777
qwen3-8b,g24p2_142,Y0,99.99949557902046
qwen3-8b,g24p2_143,ADM+,99.9999999999556
qwen3-8b,g24p2_143,ADM-,4.027142050845964e-08
qwen3-8b,g24p2_143,CF+,41.43089491825511
qwen3-8b,g24p2_143,CF-,49.483630484708435
qwen3-8b,g24p2_143,EXC+,4.7425922642253315
qwen3-8b,g24p2_143,EXC-,0.0058292512316134
qwen3-8b,g24p2_143,MNR+,99.99999919514067
qwen3-8b,g24p2_143,MNR-,2.9607336421506343
qwen3-8b,g24p2_143,RND+,99.99998044032142
qwen3-8b,g24p2_143,RND-,34.22451150289229
qwen3-8b,g24p2_143,STR+,76.93577013207981
qwen3-8b,g24p2_143,STR-,1.7931712144444634e-06
qwen3-8b,g24p2_143,Y0,99.99999999930773
qwen3-8b,g24p2_144,ADM+,99.99999999999775
qwen3-8b,g24p2_144,ADM-,88.89261492010408
qwen3-8b,g24p2_144,CF+,50.668031262577564
qwen3-8b,g24p2_144,CF-,41.57753897540027
qwen3-8b,g24p2_144,EXC+,99.99999871224173
qwen3-8b,g24p2_144,EXC-,77.09051879459292
qwen3-8b,g24p2_144,MNR+,99.99999999904279
qwen3-8b,g24p2_144,MNR-,88.86383523586149
qwen3-8b,g24p2_144,RND+,12.22223191628582
qwen3-8b,g24p2_144,RND-,59.66633025011884
qwen3-8b,g24p2_144,STR+,99.9969815894392
qwen3-8b,g24p2_144,STR-,69.06297678887728
qwen3-8b,g24p2_144,Y0,77.58575047924627
qwen3-8b,g24p2_145,ADM+,99.99999999999005
qwen3-8b,g24p2_145,ADM-,4.332947169084456
qwen3-8b,g24p2_145,CF+,34.809924968808346
qwen3-8b,g24p2_145,CF-,46.41961613899532
qwen3-8b,g24p2_145,EXC+,99.99973118467794
qwen3-8b,g24p2_145,EXC-,0.0007053885387318672
qwen3-8b,g24p2_145,MNR+,88.0797069704969
qwen3-8b,g24p2_145,MNR-,0.000929161042853476
qwen3-8b,g24p2_145,RND+,3.715136824760273e-05
qwen3-8b,g24p2_145,RND-,8.392436745726506e-05
qwen3-8b,g24p2_145,STR+,1.2193095699166468e-07
qwen3-8b,g24p2_145,STR-,0.17476423947528189
qwen3-8b,g24p2_145,Y0,66.70077781557963
qwen3-8b,g24p2_146,ADM+,99.9999999999654
qwen3-8b,g24p2_146,ADM-,0.15051604388873613
qwen3-8b,g24p2_146,CF+,22.593159833976106
qwen3-8b,g24p2_146,CF-,27.566899920609988
qwen3-8b,g24p2_146,EXC+,99.99999940438919
qwen3-8b,g24p2_146,EXC-,3.904966435915619e-06
qwen3-8b,g24p2_146,MNR+,99.9999999960126
qwen3-8b,g24p2_146,MNR-,0.005301925601123008
qwen3-8b,g24p2_146,RND+,32.0810531907316
qwen3-8b,g24p2_146,RND-,25.208386456190905
qwen3-8b,g24p2_146,STR+,43.666618982345746
qwen3-8b,g24p2_146,STR-,34.779958121995215
qwen3-8b,g24p2_146,Y0,99.97859128348325
qwen3-8b,g24p2_147,ADM+,99.99999999994284
qwen3-8b,g24p2_147,ADM-,26.09921395383199
qwen3-8b,g24p2_147,CF+,66.34103248216248
qwen3-8b,g24p2_147,CF-,33.94559508525879
qwen3-8b,g24p2_147,EXC+,99.99984975626676
qwen3-8b,g24p2_147,EXC-,5.017584095378385e-07
qwen3-8b,g24p2_147,MNR+,99.9999999171465
qwen3-8b,g24p2_147,MNR-,0.0001470140815932307
qwen3-8b,g24p2_147,RND+,55.2295802927295
qwen3-8b,g24p2_147,RND-,30.49443675910916
qwen3-8b,g24p2_147,STR+,99.99999902604522
qwen3-8b,g24p2_147,STR-,0.0030183819259018497
qwen3-8b,g24p2_147,Y0,99.9999999377432
qwen3-8b,g24p2_148,ADM+,99.99999999999005
qwen3-8b,g24p2_148,ADM-,5.2530139580305166e-05
qwen3-8b,g24p2_148,CF+,0.26405886141856455
qwen3-8b,g24p2_148,CF-,1.3806132645096087e-06
qwen3-8b,g24p2_148,EXC+,0.00308514812073916
qwen3-8b,g24p2_148,EXC-,1.4943905676777593e-07
qwen3-8b,g24p2_148,MNR+,0.0003499040812765853
qwen3-8b,g24p2_148,MNR-,7.670309717008316e-06
qwen3-8b,g24p2_148,RND+,0.05664715988211073
qwen3-8b,g24p2_148,RND-,2.966970660775027e-05
qwen3-8b,g24p2_148,STR+,4.8733312540122433e-05
qwen3-8b,g24p2_148,STR-,9.73266329858079e-07
qwen3-8b,g24p2_148,Y0,99.99999999689621
qwen3-8b,g24p2_149,ADM+,99.99999999999716
qwen3-8b,g24p2_149,ADM-,7.467551457804577e-10
qwen3-8b,g24p2_149,CF+,77.75402833194065
qwen3-8b,g24p2_149,CF-,0.006868914671370257
qwen3-8b,g24p2_149,EXC+,0.11696157165973961
qwen3-8b,g24p2_149,EXC-,2.60911406653962e-07
qwen3-8b,g24p2_149,MNR+,73.10576100255685
qwen3-8b,g24p2_149,MNR-,0.12654009061692104
qwen3-8b,g24p2_149,RND+,34.10177024336215
qwen3-8b,g24p2_149,RND-,1.4627539381177718e-08
qwen3-8b,g24p2_149,STR+,0.005395836703682982
qwen3-8b,g24p2_149,STR-,0.869165149857174
qwen3-8b,g24p2_149,Y0,22.905173095914567
qwen3-8b,g24p2_150,ADM+,99.99861446592324
qwen3-8b,g24p2_150,ADM-,1.9755148667136746e-08
qwen3-8b,g24p2_150,CF+,33.44888578934565
qwen3-8b,g24p2_150,CF-,33.162210561388775
qwen3-8b,g24p2_150,EXC+,67.86248841308253
qwen3-8b,g24p2_150,EXC-,9.491671557263986e-10
qwen3-8b,g24p2_150,MNR+,87.48927215904372
qwen3-8b,g24p2_150,MNR-,2.6520285047101933e-07
qwen3-8b,g24p2_150,RND+,33.16824605008506
qwen3-8b,g24p2_150,RND-,30.159800749067617
qwen3-8b,g24p2_150,STR+,33.787380499791894
qwen3-8b,g24p2_150,STR-,1.9381803345769197e-08
qwen3-8b,g24p2_150,Y0,30.86842488434189
qwen3-8b,g24p2_153,ADM+,99.99999999999004
qwen3-8b,g24p2_153,ADM-,33.85479442702455
qwen3-8b,g24p2_153,CF+,99.9999999763722
qwen3-8b,g24p2_153,CF-,0.0005196266628407123
qwen3-8b,g24p2_153,EXC+,35.737845663639405
qwen3-8b,g24p2_153,EXC-,30.813237479792942
qwen3-8b,g24p2_153,MNR+,58.4836872404279
qwen3-8b,g24p2_153,MNR-,2.5375561527023702
qwen3-8b,g24p2_153,RND+,99.99999998892227
qwen3-8b,g24p2_153,RND-,90.3889854820225
qwen3-8b,g24p2_153,STR+,4.276753502167412e-06
qwen3-8b,g24p2_153,STR-,99.99999999687304
qwen3-8b,g24p2_153,Y0,99.9999999985313
qwen3-8b,g24p2_154,ADM+,99.99999999974469
qwen3-8b,g24p2_154,ADM-,2.425276230107305e-08
qwen3-8b,g24p2_154,CF+,55.087208888726735
qwen3-8b,g24p2_154,CF-,40.261436114319295
qwen3-8b,g24p2_154,EXC+,99.99988733330133
qwen3-8b,g24p2_154,EXC-,0.012355528160039623
qwen3-8b,g24p2_154,MNR+,53.49639106465968
qwen3-8b,g24p2_154,MNR-,1.5401401213467953
qwen3-8b,g24p2_154,RND+,66.54517342046626
qwen3-8b,g24p2_154,RND-,0.0005289830740542721
qwen3-8b,g24p2_154,STR+,99.99745059451413
qwen3-8b,g24p2_154,STR-,39.43835126410234
qwen3-8b,g24p2_154,Y0,2.8733515376726433e-07
qwen3-8b,g24p2_156,ADM+,99.99999999999993
qwen3-8b,g24p2_156,ADM-,99.99998044038958
qwen3-8b,g24p2_156,CF+,99.99949557131801
qwen3-8b,g24p2_156,CF-,55.96017181063473
qwen3-8b,g24p2_156,EXC+,99.96646489800274
qwen3-8b,g24p2_156,EXC-,32.11345450416898
qwen3-8b,g24p2_156,MNR+,99.47797671938092
qwen3-8b,g24p2_156,MNR-,99.99999998216096
qwen3-8b,g24p2_156,RND+,0.23357917199062583
qwen3-8b,g24p2_156,RND-,90.91302568438864
qwen3-8b,g24p2_156,STR+,67.91770177860172
qwen3-8b,g24p2_156,STR-,5.2834719113014215
qwen3-8b,g24p2_156,Y0,99.99999999999893
qwen3-8b,g24p2_158,ADM+,99.99999999996534
qwen3-8b,g24p2_158,ADM-,3.11039441778857e-08
qwen3-8b,g24p2_158,CF+,33.61357605337812
qwen3-8b,g24p2_158,CF-,33.34425840601998
qwen3-8b,g24p2_158,EXC+,0.014472253265118723
qwen3-8b,g24p2_158,EXC-,1.703410047063676e-05
qwen3-8b,g24p2_158,MNR+,1.6857600398478459e-09
qwen3-8b,g24p2_158,MNR-,2.0035498828739446
qwen3-8b,g24p2_158,RND+,33.536922255061
qwen3-8b,g24p2_158,RND-,33.59297837671318
qwen3-8b,g24p2_158,STR+,0.01495613581742275
qwen3-8b,g24p2_158,STR-,4.9388454822409935
qwen3-8b,g24p2_158,Y0,99.99999839445685
qwen3-8b,g24p2_159,ADM+,99.99999999999702
qwen3-8b,g24p2_159,ADM-,2.5891678112236226e-06
qwen3-8b,g24p2_159,CF+,77.62624879983792
qwen3-8b,g24p2_159,CF-,27.99268209274833
qwen3-8b,g24p2_159,EXC+,99.99999999930563
qwen3-8b,g24p2_159,EXC-,2.0075556666964497e-07
qwen3-8b,g24p2_159,MNR+,99.99999998916657
qwen3-8b,g24p2_159,MNR-,1.104371768285654e-08
qwen3-8b,g24p2_159,RND+,66.25469250446966
qwen3-8b,g24p2_159,RND-,65.66042343799366
qwen3-8b,g24p2_159,STR+,99.9999998973411
qwen3-8b,g24p2_159,STR-,3.14161472154944e-08
qwen3-8b,g24p2_159,Y0,0.00034581929355838716
qwen3-8b,g24p2_160,ADM+,99.99999999999866
qwen3-8b,g24p2_160,ADM-,3.887511156482547e-07
qwen3-8b,g24p2_160,CF+,68.65993273825326
qwen3-8b,g24p2_160,CF-,0.18338428607855828
qwen3-8b,g24p2_160,EXC+,1.7690702969512955e-05
qwen3-8b,g24p2_160,EXC-,26.07454903794402
qwen3-8b,g24p2_160,MNR+,99.99938234562723
qwen3-8b,g24p2_160,MNR-,3.879531334305643e-06
qwen3-8b,g24p2_160,RND+,79.10003741190346
qwen3-8b,g24p2_160,RND-,16.689574234285125
qwen3-8b,g24p2_160,STR+,99.99999999994282
qwen3-8b,g24p2_160,STR-,82.64892733349501
qwen3-8b,g24p2_160,Y0,99.99999924140899
qwen3-8b,g24p2_161,ADM+,44.02449048705629
qwen3-8b,g24p2_161,ADM-,1.4323790914345029e-07
qwen3-8b,g24p2_161,CF+,55.35710732153683
qwen3-8b,g24p2_161,CF-,27.08519679295964
qwen3-8b,g24p2_161,EXC+,0.002536806142505478
qwen3-8b,g24p2_161,EXC-,4.73020740399968e-08
qwen3-8b,g24p2_161,MNR+,0.00010109363083047948
qwen3-8b,g24p2_161,MNR-,7.169735750778332e-09
qwen3-8b,g24p2_161,RND+,54.88444932591095
qwen3-8b,g24p2_161,RND-,47.97744970191436
qwen3-8b,g24p2_161,STR+,99.99723786672399
qwen3-8b,g24p2_161,STR-,6.806733645512129e-07
qwen3-8b,g24p2_161,Y0,4.853409120522862e-09
qwen3-8b,g24p2_163,ADM+,99.99999999601283
qwen3-8b,g24p2_163,ADM-,2.5743377866278104e-09
qwen3-8b,g24p2_163,CF+,56.144854945531215
qwen3-8b,g24p2_163,CF-,9.086978969776832
qwen3-8b,g24p2_163,EXC+,99.99840687339767
qwen3-8b,g24p2_163,EXC-,99.99994374053998
qwen3-8b,g24p2_163,MNR+,78.69163951912559
qwen3-8b,g24p2_163,MNR-,99.99999972090887
qwen3-8b,g24p2_163,RND+,66.55180204199127
qwen3-8b,g24p2_163,RND-,99.99999953222805
qwen3-8b,g24p2_163,STR+,79.08588827220642
qwen3-8b,g24p2_163,STR-,99.99988734722476
qwen3-8b,g24p2_163,Y0,99.9993813665367
qwen3-8b,g24p2_164,ADM+,99.99999999999993
qwen3-8b,g24p2_164,ADM-,88.85542956003843
qwen3-8b,g24p2_164,CF+,99.99960715132518
qwen3-8b,g24p2_164,CF-,87.82833320798403
qwen3-8b,g24p2_164,EXC+,99.9999999999554
qwen3-8b,g24p2_164,EXC-,0.5703326322527347
qwen3-8b,g24p2_164,MNR+,99.99999999156489
qwen3-8b,g24p2_164,MNR-,1.1439772429648896
qwen3-8b,g24p2_164,RND+,99.99999735286696
qwen3-8b,g24p2_164,RND-,81.33077798562078
qwen3-8b,g24p2_164,STR+,99.99999999999199
qwen3-8b,g24p2_164,STR-,0.0006462203099621834
qwen3-8b,g24p2_164,Y0,99.99999999999773
qwen3-8b,g24p2_165,ADM+,99.99999999980125
qwen3-8b,g24p2_165,ADM-,99.9999999997446
qwen3-8b,g24p2_165,CF+,5.8792316211307046e-05
qwen3-8b,g24p2_165,CF-,32.35665098571384
qwen3-8b,g24p2_165,EXC+,99.99999999755816
qwen3-8b,g24p2_165,EXC-,99.99999999930363
qwen3-8b,g24p2_165,MNR+,99.99999999684134
qwen3-8b,g24p2_165,MNR-,99.99999999851954
qwen3-8b,g24p2_165,RND+,0.003207585334614574
qwen3-8b,g24p2_165,RND-,0.001950398633311782
qwen3-8b,g24p2_165,STR+,0.017268800464745004
qwen3-8b,g24p2_165,STR-,0.004265342876492343
qwen3-8b,g24p2_165,Y0,6.306356004972424e-12
qwen3-8b,g24p2_167,ADM+,99.90469405667262
qwen3-8b,g24p2_167,ADM-,77.70371194325924
qwen3-8b,g24p2_167,CF+,84.82892541484932
qwen3-8b,g24p2_167,CF-,35.79427423273946
qwen3-8b,g24p2_167,EXC+,99.28475784909077
qwen3-8b,g24p2_167,EXC-,3.9914132521495467
qwen3-8b,g24p2_167,MNR+,97.72117594539895
qwen3-8b,g24p2_167,MNR-,75.20275264536683
qwen3-8b,g24p2_167,RND+,78.56295016726737
qwen3-8b,g24p2_167,RND-,52.17324969024634
qwen3-8b,g24p2_167,STR+,99.98042223421888
qwen3-8b,g24p2_167,STR-,97.5472206604816
qwen3-8b,g24p2_167,Y0,55.04069272374834
qwen3-8b,g24p2_169,ADM+,99.99999999998364
qwen3-8b,g24p2_169,ADM-,2.676979291220436e-10
qwen3-8b,g24p2_169,CF+,44.43181468320552
qwen3-8b,g24p2_169,CF-,14.034948741880557
qwen3-8b,g24p2_169,EXC+,98.90130497046292
qwen3-8b,g24p2_169,EXC-,7.889616185357827e-11
qwen3-8b,g24p2_169,MNR+,99.9999980234657
qwen3-8b,g24p2_169,MNR-,1.310327990237283e-09
qwen3-8b,g24p2_169,RND+,44.64327740700003
qwen3-8b,g24p2_169,RND-,12.435288914709234
qwen3-8b,g24p2_169,STR+,1.7818939801737447e-07
qwen3-8b,g24p2_169,STR-,4.2463797265133445e-05
qwen3-8b,g24p2_169,Y0,99.99999999885802
qwen3-8b,g24p2_170,ADM+,99.99999997699916
qwen3-8b,g24p2_170,ADM-,0.0002854859037328717
qwen3-8b,g24p2_170,CF+,12.619195666782254
qwen3-8b,g24p2_170,CF-,2.2787904194814596e-06
qwen3-8b,g24p2_170,EXC+,7.95693085757432e-06
qwen3-8b,g24p2_170,EXC-,3.1316749916308865e-08
qwen3-8b,g24p2_170,MNR+,4.614617563467502e-10
qwen3-8b,g24p2_170,MNR-,2.0919936996356812e-10
qwen3-8b,g24p2_170,RND+,33.332111269775375
qwen3-8b,g24p2_170,RND-,1.721241777651877e-05
qwen3-8b,g24p2_170,STR+,0.6016063797991795
qwen3-8b,g24p2_170,STR-,8.897839642084902e-08
qwen3-8b,g24p2_170,Y0,0.20328316541896002
qwen3-8b,g24p2_171,ADM+,99.99999999999227
qwen3-8b,g24p2_171,ADM-,0.011381113445631733
qwen3-8b,g24p2_171,CF+,1.3746871073963527
qwen3-8b,g24p2_171,CF-,3.261069156767146e-06
qwen3-8b,g24p2_171,EXC+,99.99999999930006
qwen3-8b,g24p2_171,EXC-,0.0009235902847972264
qwen3-8b,g24p2_171,MNR+,99.99999999987867
qwen3-8b,g24p2_171,MNR-,0.0049268970454853615
qwen3-8b,g24p2_171,RND+,7.886486290653264e-07
qwen3-8b,g24p2_171,RND-,4.373748199768746
qwen3-8b,g24p2_171,STR+,2.746753253561234e-11
qwen3-8b,g24p2_171,STR-,2.2385663903733057e-07
qwen3-8b,g24p2_171,Y0,99.99999996223526
qwen3-8b,g24p2_172,ADM+,99.99999999992691
qwen3-8b,g24p2_172,ADM-,3.435630674238769e-09
qwen3-8b,g24p2_172,CF+,66.72416363952556
qwen3-8b,g24p2_172,CF-,44.31889692004885
qwen3-8b,g24p2_172,EXC+,99.99992020474825
qwen3-8b,g24p2_172,EXC-,2.0897800979955716e-09
qwen3-8b,g24p2_172,MNR+,99.99999983052632
qwen3-8b,g24p2_172,MNR-,1.1497935411988158e-09
qwen3-8b,g24p2_172,RND+,0.0005759134313454276
qwen3-8b,g24p2_172,RND-,33.52042142422349
qwen3-8b,g24p2_172,STR+,99.99999997043655
qwen3-8b,g24p2_172,STR-,0.047022572575709555
qwen3-8b,g24p2_172,Y0,99.99966811870286
qwen3-8b,g24p2_174,ADM+,99.99999999488774
qwen3-8b,g24p2_174,ADM-,77.79545890572756
qwen3-8b,g24p2_174,CF+,90.21306375567158
qwen3-8b,g24p2_174,CF-,77.65587753911687
qwen3-8b,g24p2_174,EXC+,3.132873487626859e-05
qwen3-8b,g24p2_174,EXC-,66.46638782698933
qwen3-8b,g24p2_174,MNR+,99.74466642143956
qwen3-8b,g24p2_174,MNR-,56.87235709906352
qwen3-8b,g24p2_174,RND+,75.7618944517914
qwen3-8b,g24p2_174,RND-,88.56326232282711
qwen3-8b,g24p2_174,STR+,81.97693871421696
qwen3-8b,g24p2_174,STR-,67.54942791059717
qwen3-8b,g24p2_174,Y0,90.21332510823744
qwen3-8b,g24p2_175,ADM+,99.99999999995565
qwen3-8b,g24p2_175,ADM-,0.017755029839808464
qwen3-8b,g24p2_175,CF+,68.6850378446318
qwen3-8b,g24p2_175,CF-,1.7746313168578596
qwen3-8b,g24p2_175,EXC+,99.99999999996515
qwen3-8b,g24p2_175,EXC-,3.037497805886973e-06
qwen3-8b,g24p2_175,MNR+,99.99999999853064
qwen3-8b,g24p2_175,MNR-,0.000642873549255435
qwen3-8b,g24p2_175,RND+,99.99916836998842
qwen3-8b,g24p2_175,RND-,98.6741433579064
qwen3-8b,g24p2_175,STR+,99.99999997709122
qwen3-8b,g24p2_175,STR-,9.117681735590422
qwen3-8b,g24p2_175,Y0,99.99999989732697
qwen3-8b,g24p2_176,ADM+,99.99999999999893
qwen3-8b,g24p2_176,ADM-,8.161471490539393e-08
qwen3-8b,g24p2_176,CF+,99.99999070095957
qwen3-8b,g24p2_176,CF-,0.03574198377557525
qwen3-8b,g24p2_176,EXC+,99.99999998608595
qwen3-8b,g24p2_176,EXC-,0.019414550351828774
qwen3-8b,g24p2_176,MNR+,99.99999999990611
qwen3-8b,g24p2_176,MNR-,2.0563468158436655
qwen3-8b,g24p2_176,RND+,99.99521603190453
qwen3-8b,g24p2_176,RND-,24.858885301960534
qwen3-8b,g24p2_176,STR+,99.99999999998687
qwen3-8b,g24p2_176,STR-,0.050493115598762336
qwen3-8b,g24p2_176,Y0,99.99999999999969
qwen3-8b,g24p2_177,ADM+,99.99999999984473
qwen3-8b,g24p2_177,ADM-,1.07965855834775e-07
qwen3-8b,g24p2_177,CF+,66.69383368743962
qwen3-8b,g24p2_177,CF-,37.94900371603967
qwen3-8b,g24p2_177,EXC+,66.60844113839084
qwen3-8b,g24p2_177,EXC-,0.005291419889510481
qwen3-8b,g24p2_177,MNR+,66.66666622472361
qwen3-8b,g24p2_177,MNR-,66.67024800253346
qwen3-8b,g24p2_177,RND+,67.30686499719815
qwen3-8b,g24p2_177,RND-,78.72137083289165
qwen3-8b,g24p2_177,STR+,66.67676986327362
qwen3-8b,g24p2_177,STR-,66.68800645001608
qwen3-8b,g24p2_177,Y0,66.67440697787045
qwen3-8b,g24p2_178,ADM+,99.99999999992701
qwen3-8b,g24p2_178,ADM-,5.438087724907148e-09
qwen3-8b,g24p2_178,CF+,99.9999956355168
qwen3-8b,g24p2_178,CF-,49.547346334834636
qwen3-8b,g24p2_178,EXC+,99.99999902567679
qwen3-8b,g24p2_178,EXC-,4.689699508973993e-09
qwen3-8b,g24p2_178,MNR+,99.99999660077188
qwen3-8b,g24p2_178,MNR-,0.0006578783201047264
qwen3-8b,g24p2_178,RND+,99.9999123397058
qwen3-8b,g24p2_178,RND-,47.872336210639915
qwen3-8b,g24p2_178,STR+,99.9999999960185
qwen3-8b,g24p2_178,STR-,99.92561148517865
qwen3-8b,g24p2_178,Y0,99.99949555774346
qwen3-8b,g24p2_179,ADM+,99.99999999987932
qwen3-8b,g24p2_179,ADM-,0.0002554612316453434
qwen3-8b,g24p2_179,CF+,33.30317170811961
qwen3-8b,g24p2_179,CF-,54.96821753651765
qwen3-8b,g24p2_179,EXC+,0.0027542613890373237
qwen3-8b,g24p2_179,EXC-,6.922294360595651e-09
qwen3-8b,g24p2_179,MNR+,99.99999999595485
qwen3-8b,g24p2_179,MNR-,1.8190335343136818e-09
qwen3-8b,g24p2_179,RND+,0.06573246807289573
qwen3-8b,g24p2_179,RND-,0.0006231972168205653
qwen3-8b,g24p2_179,STR+,2.0569624374459147e-05
qwen3-8b,g24p2_179,STR-,6.511631285890268e-06
qwen3-8b,g24p2_179,Y0,72.22193620559455
qwen3-8b,g24p2_180,ADM+,4.148516704479175
qwen3-8b,g24p2_180,ADM-,99.99999999999014
qwen3-8b,g24p2_180,CF+,36.67367674775718
qwen3-8b,g24p2_180,CF-,55.42069677234454
qwen3-8b,g24p2_180,EXC+,2.9870842425052513
qwen3-8b,g24p2_180,EXC-,0.00022604554456640233
qwen3-8b,g24p2_180,MNR+,0.014406070413285614
qwen3-8b,g24p2_180,MNR-,0.013575936630058813
qwen3-8b,g24p2_180,RND+,47.52911670076066
qwen3-8b,g24p2_180,RND-,34.989259883431565
qwen3-8b,g24p2_180,STR+,0.2561430999317087
qwen3-8b,g24p2_180,STR-,27.121506320243206
qwen3-8b,g24p2_180,Y0,99.99999999957976
qwen3-8b,g24p2_181,ADM+,99.99999999992642
qwen3-8b,g24p2_181,ADM-,5.839993630452872e-10
qwen3-8b,g24p2_181,CF+,0.03357171915757238
qwen3-8b,g24p2_181,CF-,0.00039608387613074416
qwen3-8b,g24p2_181,EXC+,2.3881412660325085e-09
qwen3-8b,g24p2_181,EXC-,3.4420089922233e-10
qwen3-8b,g24p2_181,MNR+,0.00013286028491420418
qwen3-8b,g24p2_181,MNR-,5.789965794944177e-10
qwen3-8b,g24p2_181,RND+,7.7971941072116255
qwen3-8b,g24p2_181,RND-,5.039662373923782e-08
qwen3-8b,g24p2_181,STR+,3.029681707704148e-08
qwen3-8b,g24p2_181,STR-,1.0059019313674096e-10
qwen3-8b,g24p2_181,Y0,4.386102714385843e-06
qwen3-8b,g24p2_184,ADM+,99.99999998210811
qwen3-8b,g24p2_184,ADM-,2.155063056669757e-09
qwen3-8b,g24p2_184,CF+,54.5823137787121
qwen3-8b,g24p2_184,CF-,33.42785639339131
qwen3-8b,g24p2_184,EXC+,0.00013768233102777954
qwen3-8b,g24p2_184,EXC-,8.679905421189324e-10
qwen3-8b,g24p2_184,MNR+,5.382436261368009
qwen3-8b,g24p2_184,MNR-,7.78159671019999e-10
qwen3-8b,g24p2_184,RND+,38.96038174811408
qwen3-8b,g24p2_184,RND-,0.023808346471112893
qwen3-8b,g24p2_184,STR+,28.835373622668126
qwen3-8b,g24p2_184,STR-,0.4467946473303118
qwen3-8b,g24p2_184,Y0,39.52809028751039
qwen3-8b,g24p2_185,ADM+,99.99999999999915
qwen3-8b,g24p2_185,ADM-,4.444372976445074e-10
qwen3-8b,g24p2_185,CF+,5.0077157011418714e-05
qwen3-8b,g24p2_185,CF-,0.0009659330355338694
qwen3-8b,g24p2_185,EXC+,4.3879372332267215e-07
qwen3-8b,g24p2_185,EXC-,2.564389445440923e-09
qwen3-8b,g24p2_185,MNR+,2.914944071281705
qwen3-8b,g24p2_185,MNR-,2.6892563341848833e-10
qwen3-8b,g24p2_185,RND+,0.0016071663885400692
qwen3-8b,g24p2_185,RND-,0.110390882460582
qwen3-8b,g24p2_185,STR+,0.022943185691315482
qwen3-8b,g24p2_185,STR-,3.3661633398248375e-08
qwen3-8b,g24p2_185,Y0,44.44631920363374
qwen3-8b,g24p2_186,ADM+,99.99209624280776
qwen3-8b,g24p2_186,ADM-,2.409110203562765e-08
qwen3-8b,g24p2_186,CF+,14.103143522200426
qwen3-8b,g24p2_186,CF-,6.538360329488098
qwen3-8b,g24p2_186,EXC+,0.00031315036432225693
qwen3-8b,g24p2_186,EXC-,2.5368514917274565e-09
qwen3-8b,g24p2_186,MNR+,0.0479539368459772
qwen3-8b,g24p2_186,MNR-,0.003863664545649004
qwen3-8b,g24p2_186,RND+,29.125719254520593
qwen3-8b,g24p2_186,RND-,28.424356820086853
qwen3-8b,g24p2_186,STR+,1.9832241912534512
qwen3-8b,g24p2_186,STR-,2.828422027515953e-07
qwen3-8b,g24p2_186,Y0,0.41548579590472096
qwen3-8b,g24p2_187,ADM+,99.99999999998725
qwen3-8b,g24p2_187,ADM-,34.24216064249618
qwen3-8b,g24p2_187,CF+,34.902393999157084
qwen3-8b,g24p2_187,CF-,1.6858001605882995e-05
qwen3-8b,g24p2_187,EXC+,0.0011833607545301327
qwen3-8b,g24p2_187,EXC-,43.716390285639775
qwen3-8b,g24p2_187,MNR+,99.99999999682785
qwen3-8b,g24p2_187,MNR-,2.208676778978777e-05
qwen3-8b,g24p2_187,RND+,37.6737946362741
qwen3-8b,g24p2_187,RND-,0.47063542185390816
qwen3-8b,g24p2_187,STR+,0.0068058361070824705
qwen3-8b,g24p2_187,STR-,0.018586996170919075
qwen3-8b,g24p2_187,Y0,46.212625896525196
qwen3-8b,g24p2_189,ADM+,99.99999999999972
qwen3-8b,g24p2_189,ADM-,75.30243815902683
qwen3-8b,g24p2_189,CF+,99.84373732750188
qwen3-8b,g24p2_189,CF-,77.46600637674138
qwen3-8b,g24p2_189,EXC+,99.9999999934301
qwen3-8b,g24p2_189,EXC-,68.27687988369834
qwen3-8b,g24p2_189,MNR+,99.99999999757902
qwen3-8b,g24p2_189,MNR-,69.15978317211813
qwen3-8b,g24p2_189,RND+,99.33236947341969
qwen3-8b,g24p2_189,RND-,58.78409277290469
qwen3-8b,g24p2_189,STR+,99.9999999994604
qwen3-8b,g24p2_189,STR-,55.696147523974666
qwen3-8b,g24p2_189,Y0,99.99999999994124
qwen3-8b,g24p2_190,ADM+,99.99999999999635
qwen3-8b,g24p2_190,ADM-,3.2702492953991835
qwen3-8b,g24p2_190,CF+,1.3350201781913378
qwen3-8b,g24p2_190,CF-,0.014503647901120902
qwen3-8b,g24p2_190,EXC+,1.236155554387878e-05
qwen3-8b,g24p2_190,EXC-,1.1880272725090062e-06
qwen3-8b,g24p2_190,MNR+,4.5677196281644686e-07
qwen3-8b,g24p2_190,MNR-,0.004374644437807364
qwen3-8b,g24p2_190,RND+,10.936536969452026
qwen3-8b,g24p2_190,RND-,25.94780721611868
qwen3-8b,g24p2_190,STR+,7.775629025128066e-05
qwen3-8b,g24p2_190,STR-,0.0031216119910665715
qwen3-8b,g24p2_190,Y0,99.99999999911103
qwen3-8b,g24p2_191,ADM+,5.688699115285792e-07
qwen3-8b,g24p2_191,ADM-,2.079427955433776e-09
qwen3-8b,g24p2_191,CF+,26.412087835572454
qwen3-8b,g24p2_191,CF-,26.353048650161842
qwen3-8b,g24p2_191,EXC+,6.453449038343721e-10
qwen3-8b,g24p2_191,EXC-,1.1608645937371034e-07
qwen3-8b,g24p2_191,MNR+,97.00197529731423
qwen3-8b,g24p2_191,MNR-,0.000608558192813845
qwen3-8b,g24p2_191,RND+,21.395242365525956
qwen3-8b,g24p2_191,RND-,45.08729877629174
qwen3-8b,g24p2_191,STR+,0.00020420985122460077
qwen3-8b,g24p2_191,STR-,0.0005161108508299624
qwen3-8b,g24p2_191,Y0,9.121204766840222e-09
qwen3-8b,g24p2_192,ADM+,76.47020767394646
qwen3-8b,g24p2_192,ADM-,1.356866562338076e-07
qwen3-8b,g24p2_192,CF+,42.13609483378103
qwen3-8b,g24p2_192,CF-,48.41530772050922
qwen3-8b,g24p2_192,EXC+,60.443847033469424
qwen3-8b,g24p2_192,EXC-,1.4124205909883856e-05
qwen3-8b,g24p2_192,MNR+,35.56799913683485
qwen3-8b,g24p2_192,MNR-,36.89085362398467
qwen3-8b,g24p2_192,RND+,68.8168853281547
qwen3-8b,g24p2_192,RND-,0.0010916733931998208
qwen3-8b,g24p2_192,STR+,49.84426418510573
qwen3-8b,g24p2_192,STR-,13.326230403054259
qwen3-8b,g24p2_192,Y0,3.828218974182157e-08
qwen3-8b,g24p2_193,ADM+,99.99988744319585
qwen3-8b,g24p2_193,ADM-,91.87712285525947
qwen3-8b,g24p2_193,CF+,99.87792282627689
qwen3-8b,g24p2_193,CF-,96.43531507427846
qwen3-8b,g24p2_193,EXC+,99.99999076071191
qwen3-8b,g24p2_193,EXC-,78.83683384690275
qwen3-8b,g24p2_193,MNR+,99.99709788478829
qwen3-8b,g24p2_193,MNR-,90.21335665686172
qwen3-8b,g24p2_193,RND+,92.45356756192966
qwen3-8b,g24p2_193,RND-,75.75079088555034
qwen3-8b,g24p2_193,STR+,93.7535934237097
qwen3-8b,g24p2_193,STR-,89.94831561735053
qwen3-8b,g24p2_193,Y0,99.9962738881868
qwen3-8b,g24p2_194,ADM+,89.42770263875923
qwen3-8b,g24p2_194,ADM-,99.99974308175283
qwen3-8b,g24p2_194,CF+,33.300480280638126
qwen3-8b,g24p2_194,CF-,33.282232074224936
qwen3-8b,g24p2_194,EXC+,99.98652740267109
qwen3-8b,g24p2_194,EXC-,1.618413258156483e-05
qwen3-8b,g24p2_194,MNR+,99.9999983658231
qwen3-8b,g24p2_194,MNR-,99.99999978031735
qwen3-8b,g24p2_194,RND+,20.75946560977157
qwen3-8b,g24p2_194,RND-,33.35917779349742
qwen3-8b,g24p2_194,STR+,99.99999939861186
qwen3-8b,g24p2_194,STR-,21.53801267423714
qwen3-8b,g24p2_194,Y0,35.2092980982412
qwen3-8b,g24p2_196,ADM+,99.99999999984512
qwen3-8b,g24p2_196,ADM-,0.0002776026491977544
qwen3-8b,g24p2_196,CF+,1.6846256007980265e-05
qwen3-8b,g24p2_196,CF-,3.050361480605839e-05
qwen3-8b,g24p2_196,EXC+,0.8577553041082026
qwen3-8b,g24p2_196,EXC-,7.667582710319984e-11
qwen3-8b,g24p2_196,MNR+,99.81556725524689
qwen3-8b,g24p2_196,MNR-,1.399758696624449e-06
qwen3-8b,g24p2_196,RND+,0.00043873406065991695
qwen3-8b,g24p2_196,RND-,6.083591833267948
qwen3-8b,g24p2_196,STR+,0.06905248176088122
qwen3-8b,g24p2_196,STR-,1.6063081206039618e-06
qwen3-8b,g24p2_196,Y0,8.877872117317652e-09
qwen3-8b,g24p2_198,ADM+,99.99999999999969
qwen3-8b,g24p2_198,ADM-,5.744147991943365e-10
qwen3-8b,g24p2_198,CF+,55.163553523373814
qwen3-8b,g24p2_198,CF-,35.65353038997126
qwen3-8b,g24p2_198,EXC+,37.75406967267531
qwen3-8b,g24p2_198,EXC-,2.566568753087332e-07
qwen3-8b,g24p2_198,MNR+,0.0015224188609246163
qwen3-8b,g24p2_198,MNR-,1.0801668190381195e-09
qwen3-8b,g24p2_198,RND+,99.99988743967202
qwen3-8b,g24p2_198,RND-,22.549641051134834
qwen3-8b,g24p2_198,STR+,2.2549903589919343e-05
qwen3-8b,g24p2_198,STR-,2.8555346712899646e-08
qwen3-8b,g24p2_198,Y0,3.4688614351403907e-10
qwen3-8b,g24p2_200,ADM+,99.9999999999268
qwen3-8b,g24p2_200,ADM-,66.17506214359643
qwen3-8b,g24p2_200,CF+,89.77841100250507
qwen3-8b,g24p2_200,CF-,33.64729556637948
qwen3-8b,g24p2_200,EXC+,4.149690515717894e-06
qwen3-8b,g24p2_200,EXC-,2.4820312286995585
qwen3-8b,g24p2_200,MNR+,99.99999999984195
qwen3-8b,g24p2_200,MNR-,23.205646514005092
qwen3-8b,g24p2_200,RND+,0.009483005181134591
qwen3-8b,g24p2_200,RND-,33.4798005905455
qwen3-8b,g24p2_200,STR+,0.000101698713955707
qwen3-8b,g24p2_200,STR-,33.81700540181716
qwen3-8b,g24p2_200,Y0,4.74221593718319
qwen3-8b,g24p2_201,ADM+,99.99999999687743
qwen3-8b,g24p2_201,ADM-,1.7508046141073117e-06
qwen3-8b,g24p2_201,CF+,1.2835486980801878e-10
qwen3-8b,g24p2_201,CF-,1.0087195969368569e-10
qwen3-8b,g24p2_201,EXC+,1.0413648332312647e-10
qwen3-8b,g24p2_201,EXC-,4.755663171427626e-09
qwen3-8b,g24p2_201,MNR+,6.293031031407949e-11
qwen3-8b,g24p2_201,MNR-,1.5433511865836049e-09
qwen3-8b,g24p2_201,RND+,1.676820367139525e-10
qwen3-8b,g24p2_201,RND-,2.1387900982798523e-10
qwen3-8b,g24p2_201,STR+,0.0006320706730034326
qwen3-8b,g24p2_201,STR-,2.1597662924455786e-10
qwen3-8b,g24p2_201,Y0,7.499852062395628e-10
qwen3-8b,g24p2_202,ADM+,2.923225459079135e-11
qwen3-8b,g24p2_202,ADM-,1.5729663487478648e-10
qwen3-8b,g24p2_202,CF+,4.408538386979143e-10
qwen3-8b,g24p2_202,CF-,9.091113382144658e-10
qwen3-8b,g24p2_202,EXC+,8.755424162859585e-12
qwen3-8b,g24p2_202,EXC-,6.067465543918228e-11
qwen3-8b,g24p2_202,MNR+,5.975164220407124e-11
qwen3-8b,g24p2_202,MNR-,2.2290622284832595e-11
qwen3-8b,g24p2_202,RND+,5.3089378393818735e-09
qwen3-8b,g24p2_202,RND-,1.597402642676282e-10
qwen3-8b,g24p2_202,STR+,2.8741772342949057e-11
qwen3-8b,g24p2_202,STR-,1.2917067371115452e-10
qwen3-8b,g24p2_202,Y0,4.325575405024907e-10
qwen3-8b,g24p2_203,ADM+,99.99999999601893
qwen3-8b,g24p2_203,ADM-,3.3484093959276255e-09
qwen3-8b,g24p2_203,CF+,33.66284763487428
qwen3-8b,g24p2_203,CF-,3.85251661049746e-06
qwen3-8b,g24p2_203,EXC+,99.99210038471855
qwen3-8b,g24p2_203,EXC-,1.2500816463447737e-09
qwen3-8b,g24p2_203,MNR+,99.98986282274412
qwen3-8b,g24p2_203,MNR-,0.20570173056613542
qwen3-8b,g24p2_203,RND+,33.22890024574615
qwen3-8b,g24p2_203,RND-,0.0009330877140589305
qwen3-8b,g24p2_203,STR+,0.04251668654653512
qwen3-8b,g24p2_203,STR-,0.00023093562301153547
qwen3-8b,g24p2_203,Y0,77.62151921886536
qwen3-8b,g24p2_204,ADM+,99.99981442562365
qwen3-8b,g24p2_204,ADM-,82.64257542158789
qwen3-8b,g24p2_204,CF+,55.462195001000254
qwen3-8b,g24p2_204,CF-,66.75824504644612
qwen3-8b,g24p2_204,EXC+,52.962398855790404
qwen3-8b,g24p2_204,EXC-,0.021524313692508873
qwen3-8b,g24p2_204,MNR+,80.80856236412575
qwen3-8b,g24p2_204,MNR-,66.61238017901657
qwen3-8b,g24p2_204,RND+,53.90368598025006
qwen3-8b,g24p2_204,RND-,88.73369281757533
qwen3-8b,g24p2_204,STR+,88.82464537385711
qwen3-8b,g24p2_204,STR-,98.67375419469425
qwen3-8b,g24p2_204,Y0,89.08862315220814
qwen3-8b,g24p2_207,ADM+,78.10240231593897
qwen3-8b,g24p2_207,ADM-,66.46729438940041
qwen3-8b,g24p2_207,CF+,62.45874011432434
qwen3-8b,g24p2_207,CF-,55.83583723624728
qwen3-8b,g24p2_207,EXC+,66.77105329332755
qwen3-8b,g24p2_207,EXC-,53.05266241015547
qwen3-8b,g24p2_207,MNR+,66.5115686679244
qwen3-8b,g24p2_207,MNR-,55.52498855435887
qwen3-8b,g24p2_207,RND+,74.78932243492103
qwen3-8b,g24p2_207,RND-,59.747285973350095
qwen3-8b,g24p2_207,STR+,55.43718075061678
qwen3-8b,g24p2_207,STR-,55.83597568790985
qwen3-8b,g24p2_207,Y0,66.64707146340909
qwen3-8b,g24p2_208,ADM+,99.9999999960179
qwen3-8b,g24p2_208,ADM-,46.96995549974731
qwen3-8b,g24p2_208,CF+,53.392716535623066
qwen3-8b,g24p2_208,CF-,36.99741505052008
qwen3-8b,g24p2_208,EXC+,99.99960702775047
qwen3-8b,g24p2_208,EXC-,0.02375498890020967
qwen3-8b,g24p2_208,MNR+,51.895488304978684
qwen3-8b,g24p2_208,MNR-,36.90683852577558
qwen3-8b,g24p2_208,RND+,33.46271594504654
qwen3-8b,g24p2_208,RND-,33.00560650848663
qwen3-8b,g24p2_208,STR+,50.60259637026214
qwen3-8b,g24p2_208,STR-,99.9725263901239
qwen3-8b,g24p2_208,Y0,56.10125020521471
qwen3-8b,g24p2_211,ADM+,77.57919773465818
qwen3-8b,g24p2_211,ADM-,49.26231473374892
qwen3-8b,g24p2_211,CF+,55.02951090417703
qwen3-8b,g24p2_211,CF-,33.40995609098684
qwen3-8b,g24p2_211,EXC+,12.623324036721982
qwen3-8b,g24p2_211,EXC-,25.910848157334602
qwen3-8b,g24p2_211,MNR+,0.003153193868208044
qwen3-8b,g24p2_211,MNR-,0.00044190831619618227
qwen3-8b,g24p2_211,RND+,33.281275890290615
qwen3-8b,g24p2_211,RND-,34.25021173262061
qwen3-8b,g24p2_211,STR+,16.76845519489274
qwen3-8b,g24p2_211,STR-,6.093745724374854
qwen3-8b,g24p2_211,Y0,0.0009384574106072069
qwen3-8b,g24p2_213,ADM+,99.99999999994301
qwen3-8b,g24p2_213,ADM-,1.0801225623364999e-06
qwen3-8b,g24p2_213,CF+,46.424162242853726
qwen3-8b,g24p2_213,CF-,42.72555396311606
qwen3-8b,g24p2_213,EXC+,99.67772613699132
qwen3-8b,g24p2_213,EXC-,2.181778384604791e-06
qwen3-8b,g24p2_213,MNR+,99.99995838535557
qwen3-8b,g24p2_213,MNR-,29.690837597996293
qwen3-8b,g24p2_213,RND+,48.41901440316627
qwen3-8b,g24p2_213,RND-,39.42528136560341
qwen3-8b,g24p2_213,STR+,1.617316796089623
qwen3-8b,g24p2_213,STR-,34.855485588800406
qwen3-8b,g24p2_213,Y0,0.011424326947339304
qwen3-8b,g24p2_214,ADM+,99.99999999811963
qwen3-8b,g24p2_214,ADM-,0.00016718912137917992
qwen3-8b,g24p2_214,CF+,33.32989412102022
qwen3-8b,g24p2_214,CF-,42.9983627322957
qwen3-8b,g24p2_214,EXC+,1.3828119568075546e-05
qwen3-8b,g24p2_214,EXC-,2.10078715603128e-08
qwen3-8b,g24p2_214,MNR+,12.94579602643699
qwen3-8b,g24p2_214,MNR-,33.30779358986238
qwen3-8b,g24p2_214,RND+,33.333237241137994
qwen3-8b,g24p2_214,RND-,33.33076185449308
qwen3-8b,g24p2_214,STR+,45.32918966077283
qwen3-8b,g24p2_214,STR-,4.4382696211382033e-07
qwen3-8b,g24p2_214,Y0,99.99999660022216
qwen3-8b,g24p2_215,ADM+,99.99999999758334
qwen3-8b,g24p2_215,ADM-,99.9999996417513
qwen3-8b,g24p2_215,CF+,34.917143752437255
qwen3-8b,g24p2_215,CF-,33.370215226626584
qwen3-8b,g24p2_215,EXC+,3.6133521436208786
qwen3-8b,g24p2_215,EXC-,2.4143188589359257e-05
qwen3-8b,g24p2_215,MNR+,71.51004499719163
qwen3-8b,g24p2_215,MNR-,33.316766544716394
qwen3-8b,g24p2_215,RND+,3.939640424207442
qwen3-8b,g24p2_215,RND-,0.765925393433291
qwen3-8b,g24p2_215,STR+,1.2447504402543244
qwen3-8b,g24p2_215,STR-,0.050042263634717074
qwen3-8b,g24p2_215,Y0,55.59041474426265
qwen3-8b,g24p2_216,ADM+,99.99999999992689
qwen3-8b,g24p2_216,ADM-,7.425576083037852
qwen3-8b,g24p2_216,CF+,43.717957820784434
qwen3-8b,g24p2_216,CF-,40.58528869827168
qwen3-8b,g24p2_216,EXC+,8.066980545999959e-11
qwen3-8b,g24p2_216,EXC-,0.003203828311843183
qwen3-8b,g24p2_216,MNR+,99.9997100579055
qwen3-8b,g24p2_216,MNR-,16.67136352072363
qwen3-8b,g24p2_216,RND+,55.58630654231225
qwen3-8b,g24p2_216,RND-,33.53766282567379
qwen3-8b,g24p2_216,STR+,6.0790276473703786e-05
qwen3-8b,g24p2_216,STR-,33.762016021745524
qwen3-8b,g24p2_216,Y0,88.95268288859847
qwen3-8b,g24p2_217,ADM+,99.99999999958028
qwen3-8b,g24p2_217,ADM-,99.96474796450151
qwen3-8b,g24p2_217,CF+,88.88517430174367
qwen3-8b,g24p2_217,CF-,88.21872859692165
qwen3-8b,g24p2_217,EXC+,99.99999999811905
qwen3-8b,g24p2_217,EXC-,76.6961219566446
qwen3-8b,g24p2_217,MNR+,99.99999999980176
qwen3-8b,g24p2_217,MNR-,77.64608518205269
qwen3-8b,g24p2_217,RND+,98.9405569726308
qwen3-8b,g24p2_217,RND-,77.78001414898611
qwen3-8b,g24p2_217,STR+,99.99999999885891
qwen3-8b,g24p2_217,STR-,99.99991234131537
qwen3-8b,g24p2_217,Y0,99.99999999997905
qwen3-8b,g24p2_218,ADM+,99.99999999974482
qwen3-8b,g24p2_218,ADM-,54.63206189690146
qwen3-8b,g24p2_218,CF+,0.0015135102617960339
qwen3-8b,g24p2_218,CF-,24.36861280604083
qwen3-8b,g24p2_218,EXC+,99.99999953859232
qwen3-8b,g24p2_218,EXC-,3.6940967750485755e-09
qwen3-8b,g24p2_218,MNR+,99.99916685552797
qwen3-8b,g24p2_218,MNR-,1.6955740097900824e-05
qwen3-8b,g24p2_218,RND+,3.7584077774774894e-06
qwen3-8b,g24p2_218,RND-,0.10576876373974246
qwen3-8b,g24p2_218,STR+,6.362080651466932e-06
qwen3-8b,g24p2_218,STR-,0.03654316791566048
qwen3-8b,g24p2_218,Y0,5.435845288805143e-05
qwen3-8b,g24p2_219,ADM+,99.99999999998727
qwen3-8b,g24p2_219,ADM-,99.99999999984477
qwen3-8b,g24p2_219,CF+,1.0775790705196405e-06
qwen3-8b,g24p2_219,CF-,3.7626507418224816e-06
qwen3-8b,g24p2_219,EXC+,0.007484705912234859
qwen3-8b,g24p2_219,EXC-,0.002148552298572432
qwen3-8b,g24p2_219,MNR+,99.99985451504739
qwen3-8b,g24p2_219,MNR-,4.894912521968216e-06
qwen3-8b,g24p2_219,RND+,2.6039611875568728e-08
qwen3-8b,g24p2_219,RND-,3.968506079776298e-07
qwen3-8b,g24p2_219,STR+,6.356107806025244e-06
qwen3-8b,g24p2_219,STR-,6.54975725526145e-07
qwen3-8b,g24p2_219,Y0,31.299000952191438
qwen3-8b,g24p2_220,ADM+,99.99999940932406
qwen3-8b,g24p2_220,ADM-,9.882300109043308e-11
qwen3-8b,g24p2_220,CF+,3.753898477741106e-07
qwen3-8b,g24p2_220,CF-,2.4458477571369965e-08
qwen3-8b,g24p2_220,EXC+,1.6343684275000898e-09
qwen3-8b,g24p2_220,EXC-,1.8943246328867277e-10
qwen3-8b,g24p2_220,MNR+,9.99103163098355e-11
qwen3-8b,g24p2_220,MNR-,0.0002641554722286642
qwen3-8b,g24p2_220,RND+,53.517156273260724
qwen3-8b,g24p2_220,RND-,1.8155771074600813e-08
qwen3-8b,g24p2_220,STR+,3.2322366062046874e-06
qwen3-8b,g24p2_220,STR-,2.0821644281378298e-10
qwen3-8b,g24p2_220,Y0,7.675760744245098e-11
qwen3-8b,g24p2_223,ADM+,55.637204079095596
qwen3-8b,g24p2_223,ADM-,21.945473256072557
qwen3-8b,g24p2_223,CF+,25.698920876330806
qwen3-8b,g24p2_223,CF-,1.491840803333981
qwen3-8b,g24p2_223,EXC+,2.8951049476361867e-07
qwen3-8b,g24p2_223,EXC-,18.254952723469778
qwen3-8b,g24p2_223,MNR+,1.6275362001026986e-06
qwen3-8b,g24p2_223,MNR-,5.280125822661055e-06
qwen3-8b,g24p2_223,RND+,33.52766310927405
qwen3-8b,g24p2_223,RND-,3.6316533784197946
qwen3-8b,g24p2_223,STR+,4.959924575313956e-08
qwen3-8b,g24p2_223,STR-,0.03573112944337678
qwen3-8b,g24p2_223,Y0,33.23214232965741
qwen3-8b,g24p2_224,ADM+,99.99999999997895
qwen3-8b,g24p2_224,ADM-,89.7317574625146
qwen3-8b,g24p2_224,CF+,91.17251973710256
qwen3-8b,g24p2_224,CF-,88.8926145339692
qwen3-8b,g24p2_224,EXC+,0.5289912824979248
qwen3-8b,g24p2_224,EXC-,88.93411139074685
qwen3-8b,g24p2_224,MNR+,0.002747999004457369
qwen3-8b,g24p2_224,MNR-,88.88859000713637
qwen3-8b,g24p2_224,RND+,55.61605337189823
qwen3-8b,g24p2_224,RND-,66.25401493896965
qwen3-8b,g24p2_224,STR+,89.21393263664962
qwen3-8b,g24p2_224,STR-,46.622036519818074
qwen3-8b,g24p2_224,Y0,79.42246178416119
qwen3-8b,g24p2_225,ADM+,99.99999999811536
qwen3-8b,g24p2_225,ADM-,99.9999999991097
qwen3-8b,g24p2_225,CF+,99.99821582173553
qwen3-8b,g24p2_225,CF-,77.89371276239268
qwen3-8b,g24p2_225,EXC+,99.9941765258562
qwen3-8b,g24p2_225,EXC-,99.99981190641958
qwen3-8b,g24p2_225,MNR+,99.99934981267354
qwen3-8b,g24p2_225,MNR-,99.99994679643329
qwen3-8b,g24p2_225,RND+,59.09551100296983
qwen3-8b,g24p2_225,RND-,79.13775740919243
qwen3-8b,g24p2_225,STR+,99.99999735110924
qwen3-8b,g24p2_225,STR-,99.99999983068545
qwen3-8b,g24p2_225,Y0,99.99999999853475
qwen3-8b,g24p2_227,ADM+,99.9999999860933
qwen3-8b,g24p2_227,ADM-,3.243511958934694e-05
qwen3-8b,g24p2_227,CF+,36.12451450482729
qwen3-8b,g24p2_227,CF-,59.19733540809331
qwen3-8b,g24p2_227,EXC+,0.027572498039778393
qwen3-8b,g24p2_227,EXC-,98.81936835408374
qwen3-8b,g24p2_227,MNR+,6.7234962225400725
qwen3-8b,g24p2_227,MNR-,99.98689616004093
qwen3-8b,g24p2_227,RND+,98.35501242008114
qwen3-8b,g24p2_227,RND-,59.932627015482986
qwen3-8b,g24p2_227,STR+,0.47322671173742314
qwen3-8b,g24p2_227,STR-,41.8389123964028
qwen3-8b,g24p2_227,Y0,99.99999999999775
qwen3-8b,g24p2_228,ADM+,99.99999983076857
qwen3-8b,g24p2_228,ADM-,77.62215611780951
qwen3-8b,g24p2_228,CF+,39.0201485052722
qwen3-8b,g24p2_228,CF-,33.76935346884173
qwen3-8b,g24p2_228,EXC+,1.5417701226504832e-05
qwen3-8b,g24p2_228,EXC-,18.75342354549547
qwen3-8b,g24p2_228,MNR+,62.45675688246839
qwen3-8b,g24p2_228,MNR-,31.66806197361294
qwen3-8b,g24p2_228,RND+,33.33795412784366
qwen3-8b,g24p2_228,RND-,33.34155790396705
qwen3-8b,g24p2_228,STR+,49.61996283494861
qwen3-8b,g24p2_228,STR-,33.69810636844176
qwen3-8b,g24p2_228,Y0,89.41573067306307
qwen3-8b,g24p2_230,ADM+,99.99999999967154
qwen3-8b,g24p2_230,ADM-,1.2381595382062826e-09
qwen3-8b,g24p2_230,CF+,3.5250833492816883e-08
qwen3-8b,g24p2_230,CF-,2.9944854710544823e-09
qwen3-8b,g24p2_230,EXC+,99.74708782846983
qwen3-8b,g24p2_230,EXC-,9.352505495039633e-09
qwen3-8b,g24p2_230,MNR+,98.78954623179169
qwen3-8b,g24p2_230,MNR-,3.1327118732935814e-08
qwen3-8b,g24p2_230,RND+,0.0041193661953116
qwen3-8b,g24p2_230,RND-,0.003959295789166536
qwen3-8b,g24p2_230,STR+,0.0011822925846520461
qwen3-8b,g24p2_230,STR-,8.16732668037477e-10
qwen3-8b,g24p2_230,Y0,99.9999999999835
qwen3-8b,g24p2_231,ADM+,99.9999999994609
qwen3-8b,g24p2_231,ADM-,99.80013006648876
qwen3-8b,g24p2_231,CF+,55.342143983678945
qwen3-8b,g24p2_231,CF-,41.47807185774032
qwen3-8b,g24p2_231,EXC+,99.9999999988472
qwen3-8b,g24p2_231,EXC-,62.4117508262177
qwen3-8b,g24p2_231,MNR+,99.99999999752727
qwen3-8b,g24p2_231,MNR-,1.9099897065131324e-08
qwen3-8b,g24p2_231,RND+,55.39425545679933
qwen3-8b,g24p2_231,RND-,54.945109094694416
qwen3-8b,g24p2_231,STR+,98.67324927297885
qwen3-8b,g24p2_231,STR-,95.08414160757239
qwen3-8b,g24p2_231,Y0,99.98329640940568
qwen3-8b,g24p2_232,ADM+,99.99999999967196
qwen3-8b,g24p2_232,ADM-,5.451115950697487e-09
qwen3-8b,g24p2_232,CF+,45.38193523673284
qwen3-8b,g24p2_232,CF-,3.6959743469133726e-08
qwen3-8b,g24p2_232,EXC+,99.99999999987635
qwen3-8b,g24p2_232,EXC-,2.5971919941562006e-09
qwen3-8b,g24p2_232,MNR+,99.99999994258481
qwen3-8b,g24p2_232,MNR-,5.80834021327446e-10
qwen3-8b,g24p2_232,RND+,55.26487391866982
qwen3-8b,g24p2_232,RND-,0.18117865569513653
qwen3-8b,g24p2_232,STR+,7.901786838015403e-07
qwen3-8b,g24p2_232,STR-,0.0027452392521400528
qwen3-8b,g24p2_232,Y0,2.886569943412485e-11
qwen3-8b,g24p2_233,ADM+,99.99999999999949
qwen3-8b,g24p2_233,ADM-,5.710615192039014e-10
qwen3-8b,g24p2_233,CF+,99.99999280449249
qwen3-8b,g24p2_233,CF-,0.0003175562485849777
qwen3-8b,g24p2_233,EXC+,99.99998135896529
qwen3-8b,g24p2_233,EXC-,2.7765930326978415e-10
qwen3-8b,g24p2_233,MNR+,99.99999999999822
qwen3-8b,g24p2_233,MNR-,99.99999999155229
qwen3-8b,g24p2_233,RND+,88.88892904475759
qwen3-8b,g24p2_233,RND-,19.25162826802065
qwen3-8b,g24p2_233,STR+,99.99999999999673
qwen3-8b,g24p2_233,STR-,99.99999999885502
qwen3-8b,g24p2_233,Y0,99.99999999998323
qwen3-8b,g24p2_234,ADM+,99.47183898896043
qwen3-8b,g24p2_234,ADM-,44.35527829202643
qwen3-8b,g24p2_234,CF+,64.64098158423472
qwen3-8b,g24p2_234,CF-,27.27986955900875
qwen3-8b,g24p2_234,EXC+,8.835603211905211e-07
qwen3-8b,g24p2_234,EXC-,0.08246508376738376
qwen3-8b,g24p2_234,MNR+,41.17316735183015
qwen3-8b,g24p2_234,MNR-,34.223648463214964
qwen3-8b,g24p2_234,RND+,55.3561748940246
qwen3-8b,g24p2_234,RND-,33.00372447527918
qwen3-8b,g24p2_234,STR+,84.1226124081434
qwen3-8b,g24p2_234,STR-,0.007299470577936889
qwen3-8b,g24p2_234,Y0,51.99060563973065
qwen3-8b,g24p2_235,ADM+,99.99999999992696
qwen3-8b,g24p2_235,ADM-,9.582712349564004e-10
qwen3-8b,g24p2_235,CF+,66.57129896867566
qwen3-8b,g24p2_235,CF-,44.76953468482166
qwen3-8b,g24p2_235,EXC+,0.039295743936846435
qwen3-8b,g24p2_235,EXC-,4.6368824705667434e-10
qwen3-8b,g24p2_235,MNR+,88.78046258747821
qwen3-8b,g24p2_235,MNR-,5.139623810742625e-05
qwen3-8b,g24p2_235,RND+,59.74176310795844
qwen3-8b,g24p2_235,RND-,33.28624299570562
qwen3-8b,g24p2_235,STR+,68.78584435801622
qwen3-8b,g24p2_235,STR-,1.6937056209073545e-09
qwen3-8b,g24p2_235,Y0,1.5961483214227083e-05
qwen3-8b,g24p2_237,ADM+,99.99999999996554
qwen3-8b,g24p2_237,ADM-,3.1423540513010365e-08
qwen3-8b,g24p2_237,CF+,53.54256580298702
qwen3-8b,g24p2_237,CF-,0.0009716664688614553
qwen3-8b,g24p2_237,EXC+,0.10784640598684561
qwen3-8b,g24p2_237,EXC-,0.0009685124533426741
qwen3-8b,g24p2_237,MNR+,99.99999999754797
qwen3-8b,g24p2_237,MNR-,1.1200740246940703e-10
qwen3-8b,g24p2_237,RND+,0.006815020898753991
qwen3-8b,g24p2_237,RND-,0.7136577312197488
qwen3-8b,g24p2_237,STR+,99.95801072576586
qwen3-8b,g24p2_237,STR-,99.9757400532107
qwen3-8b,g24p2_237,Y0,33.74788932542929
qwen3-8b,g24p2_238,ADM+,99.9999999999998
qwen3-8b,g24p2_238,ADM-,5.575427372881291e-09
qwen3-8b,g24p2_238,CF+,99.99994683227123
qwen3-8b,g24p2_238,CF-,53.07007466332
qwen3-8b,g24p2_238,EXC+,99.99710495841049
qwen3-8b,g24p2_238,EXC-,1.4754410795971778e-09
qwen3-8b,g24p2_238,MNR+,93.99133376540705
qwen3-8b,g24p2_238,MNR-,10.903284953400483
qwen3-8b,g24p2_238,RND+,99.99991234147286
qwen3-8b,g24p2_238,RND-,60.547871592812484
qwen3-8b,g24p2_238,STR+,99.99999999811487
qwen3-8b,g24p2_238,STR-,99.99999792508409
qwen3-8b,g24p2_238,Y0,52.54180275635378
qwen3-8b,g24p2_239,ADM+,99.99999999957967
qwen3-8b,g24p2_239,ADM-,4.278472104871025e-09
qwen3-8b,g24p2_239,CF+,99.99997488525054
qwen3-8b,g24p2_239,CF-,4.794610191985741e-07
qwen3-8b,g24p2_239,EXC+,6.923169385661346e-08
qwen3-8b,g24p2_239,EXC-,7.495111252788587e-10
qwen3-8b,g24p2_239,MNR+,99.99999991797556
qwen3-8b,g24p2_239,MNR-,1.604121951350065e-09
qwen3-8b,g24p2_239,RND+,0.0002736985518350434
qwen3-8b,g24p2_239,RND-,0.0009086587267866439
qwen3-8b,g24p2_239,STR+,92.4137237617249
qwen3-8b,g24p2_239,STR-,1.665363759659359e-09
qwen3-8b,g24p2_239,Y0,99.99999999992684
qwen3-8b,g24p2_240,ADM+,99.9999999960169
qwen3-8b,g24p2_240,ADM-,2.5093663581037884e-09
qwen3-8b,g24p2_240,CF+,23.048538956922307
qwen3-8b,g24p2_240,CF-,33.4662048290401
qwen3-8b,g24p2_240,EXC+,2.4984888200475524e-07
qwen3-8b,g24p2_240,EXC-,7.465904546191446e-09
qwen3-8b,g24p2_240,MNR+,99.99999998607483
qwen3-8b,g24p2_240,MNR-,5.595970481754114e-06
qwen3-8b,g24p2_240,RND+,55.37030636134333
qwen3-8b,g24p2_240,RND-,33.53557663301132
qwen3-8b,g24p2_240,STR+,51.2831693871755
qwen3-8b,g24p2_240,STR-,1.8768114028491675e-06
qwen3-8b,g24p2_240,Y0,0.001401930465025142
qwen3-8b,g24p2_242,ADM+,99.99999999974517
qwen3-8b,g24p2_242,ADM-,2.1353225710907535e-09
qwen3-8b,g24p2_242,CF+,53.29682507336605
qwen3-8b,g24p2_242,CF-,0.44118519203482787
qwen3-8b,g24p2_242,EXC+,0.0001627580848348268
qwen3-8b,g24p2_242,EXC-,1.7727299903671736e-09
qwen3-8b,g24p2_242,MNR+,1.7350669293562605e-06
qwen3-8b,g24p2_242,MNR-,3.0450237200530205e-10
qwen3-8b,g24p2_242,RND+,53.07923798590049
qwen3-8b,g24p2_242,RND-,22.691314081056145
qwen3-8b,g24p2_242,STR+,26.357077598875133
qwen3-8b,g24p2_242,STR-,0.0019468674436666114
qwen3-8b,g24p2_242,Y0,77.77777527039862
qwen3-8b,g24p2_245,ADM+,99.99999999999893
qwen3-8b,g24p2_245,ADM-,5.908058853007223e-10
qwen3-8b,g24p2_245,CF+,3.202942101694327e-05
qwen3-8b,g24p2_245,CF-,0.0033429930661357777
qwen3-8b,g24p2_245,EXC+,99.99999999805534
qwen3-8b,g24p2_245,EXC-,1.0328184077652368e-08
qwen3-8b,g24p2_245,MNR+,99.99999989316858
qwen3-8b,g24p2_245,MNR-,1.062360547420117e-10
qwen3-8b,g24p2_245,RND+,2.1843299660595197e-08
qwen3-8b,g24p2_245,RND-,0.024648476458673987
qwen3-8b,g24p2_245,STR+,8.537264538699022e-09
qwen3-8b,g24p2_245,STR-,5.3949964158577705e-09
qwen3-8b,g24p2_245,Y0,3.385505780288125e-10
qwen3-8b,g24p2_246,ADM+,99.999999999943
qwen3-8b,g24p2_246,ADM-,2.706309610593444e-10
qwen3-8b,g24p2_246,CF+,9.202806753488846e-07
qwen3-8b,g24p2_246,CF-,1.560750732994683e-06
qwen3-8b,g24p2_246,EXC+,7.632501298718478e-10
qwen3-8b,g24p2_246,EXC-,3.4994344152636284e-10
qwen3-8b,g24p2_246,MNR+,3.7326945210595204
qwen3-8b,g24p2_246,MNR-,4.668732933921387e-10
qwen3-8b,g24p2_246,RND+,0.004303723772368997
qwen3-8b,g24p2_246,RND-,0.006290330064517493
qwen3-8b,g24p2_246,STR+,1.0236380686383377e-08
qwen3-8b,g24p2_246,STR-,3.690006409079295e-07
qwen3-8b,g24p2_246,Y0,1.0060398496813814e-10
qwen3-8b,g24p2_247,ADM+,99.99999999998722
qwen3-8b,g24p2_247,ADM-,68.94909046634947
qwen3-8b,g24p2_247,CF+,99.99935215833735
qwen3-8b,g24p2_247,CF-,2.3710933282991675
qwen3-8b,g24p2_247,EXC+,99.99999999996527
qwen3-8b,g24p2_247,EXC-,0.0007847809461475773
qwen3-8b,g24p2_247,MNR+,99.99999659968324
qwen3-8b,g24p2_247,MNR-,0.07400793183498583
qwen3-8b,g24p2_247,RND+,67.17695718092077
qwen3-8b,g24p2_247,RND-,0.18064812121321527
qwen3-8b,g24p2_247,STR+,99.9998546646607
qwen3-8b,g24p2_247,STR-,0.01966233594294833
qwen3-8b,g24p2_247,Y0,47.18992855585361
qwen3-8b,g24p2_248,ADM+,99.99999999990635
qwen3-8b,g24p2_248,ADM-,99.9999317284184
qwen3-8b,g24p2_248,CF+,0.0007148843774564955
qwen3-8b,g24p2_248,CF-,27.252292092101992
qwen3-8b,g24p2_248,EXC+,99.99999999753517
qwen3-8b,g24p2_248,EXC-,33.332010677322614
qwen3-8b,g24p2_248,MNR+,5.753181254214756
qwen3-8b,g24p2_248,MNR-,33.61121379163195
qwen3-8b,g24p2_248,RND+,2.5286434182426176
qwen3-8b,g24p2_248,RND-,20.74868025812611
qwen3-8b,g24p2_248,STR+,8.478320266445241
qwen3-8b,g24p2_248,STR-,5.109022921914058e-07
qwen3-8b,g24p2_248,Y0,1.4422275390683381e-11
qwen3-8b,g24p2_250,ADM+,99.99999902604452
qwen3-8b,g24p2_250,ADM-,0.004357715574965994
qwen3-8b,g24p2_250,CF+,88.86359151033344
qwen3-8b,g24p2_250,CF-,18.51820504576809
qwen3-8b,g24p2_250,EXC+,9.508380964549279e-06
qwen3-8b,g24p2_250,EXC-,1.4431123235361813e-06
qwen3-8b,g24p2_250,MNR+,99.9254960026514
qwen3-8b,g24p2_250,MNR-,1.2414798304384951e-08
qwen3-8b,g24p2_250,RND+,22.867192249593987
qwen3-8b,g24p2_250,RND-,1.247309466332725
qwen3-8b,g24p2_250,STR+,49.96637353287399
qwen3-8b,g24p2_250,STR-,2.3774409005926e-10
qwen3-8b,g24p2_250,Y0,1.1402870159177574e-07
qwen3-8b,g24p2_252,ADM+,99.99999999992681
qwen3-8b,g24p2_252,ADM-,5.82057222115114e-10
qwen3-8b,g24p2_252,CF+,6.104170256480067
qwen3-8b,g24p2_252,CF-,0.018623174396340467
qwen3-8b,g24p2_252,EXC+,99.99999942434913
qwen3-8b,g24p2_252,EXC-,1.1391750328040955e-10
qwen3-8b,g24p2_252,MNR+,9.806798155104017e-08
qwen3-8b,g24p2_252,MNR-,4.754179810206109e-10
qwen3-8b,g24p2_252,RND+,5.887654292518208e-05
qwen3-8b,g24p2_252,RND-,0.004165548475294686
qwen3-8b,g24p2_252,STR+,5.1120153847032836e-05
qwen3-8b,g24p2_252,STR-,8.478237295503857e-11
qwen3-8b,g24p2_252,Y0,99.99999999689881
qwen3-8b,g24p2_254,ADM+,77.77672059801071
qwen3-8b,g24p2_254,ADM-,77.81221249815832
qwen3-8b,g24p2_254,CF+,39.60821336793519
qwen3-8b,g24p2_254,CF-,45.95753589732907
qwen3-8b,g24p2_254,EXC+,4.935899881383278
qwen3-8b,g24p2_254,EXC-,54.231357248685924
qwen3-8b,g24p2_254,MNR+,18.75021674932086
qwen3-8b,g24p2_254,MNR-,38.962942634864845
qwen3-8b,g24p2_254,RND+,34.17671582086315
qwen3-8b,g24p2_254,RND-,35.80938245186508
qwen3-8b,g24p2_254,STR+,33.07269695520189
qwen3-8b,g24p2_254,STR-,33.86435804661421
qwen3-8b,g24p2_254,Y0,33.584993102164184
qwen3-8b,g24p2_255,ADM+,99.99999999996508
qwen3-8b,g24p2_255,ADM-,2.4882216119150884e-09
qwen3-8b,g24p2_255,CF+,0.0022988305851953336
qwen3-8b,g24p2_255,CF-,0.004632118846435124
qwen3-8b,g24p2_255,EXC+,99.99996768817373
qwen3-8b,g24p2_255,EXC-,3.377395511828639e-10
qwen3-8b,g24p2_255,MNR+,14.804797810197309
qwen3-8b,g24p2_255,MNR-,5.623263386742204e-10
qwen3-8b,g24p2_255,RND+,0.07083860577713812
qwen3-8b,g24p2_255,RND-,0.30460177458590015
qwen3-8b,g24p2_255,STR+,5.3909397318730075e-08
qwen3-8b,g24p2_255,STR-,4.46048915760581e-09
qwen3-8b,g24p2_255,Y0,2.5010915146621756e-09
qwen3-8b,g24p2_258,ADM+,99.9999999999901
qwen3-8b,g24p2_258,ADM-,5.576653464390656e-09
qwen3-8b,g24p2_258,CF+,73.58143484783874
qwen3-8b,g24p2_258,CF-,0.3715026906405326
qwen3-8b,g24p2_258,EXC+,99.99976603048759
qwen3-8b,g24p2_258,EXC-,0.0006496872284256878
qwen3-8b,g24p2_258,MNR+,0.7304751731717787
qwen3-8b,g24p2_258,MNR-,99.93864960985132
qwen3-8b,g24p2_258,RND+,99.74467803832009
qwen3-8b,g24p2_258,RND-,41.48962417084809
qwen3-8b,g24p2_258,STR+,99.99998043978903
qwen3-8b,g24p2_258,STR-,84.03423900275637
qwen3-8b,g24p2_258,Y0,99.84373738920604
qwen3-8b,g24p2_259,ADM+,99.99999999999005
qwen3-8b,g24p2_259,ADM-,99.99999999995565
qwen3-8b,g24p2_259,CF+,50.0135882011333
qwen3-8b,g24p2_259,CF-,16.671441331305807
qwen3-8b,g24p2_259,EXC+,99.99037944140747
qwen3-8b,g24p2_259,EXC-,99.9999999981121
qwen3-8b,g24p2_259,MNR+,99.99999998208965
qwen3-8b,g24p2_259,MNR-,3.5880101536511235e-08
qwen3-8b,g24p2_259,RND+,39.72261239560042
qwen3-8b,g24p2_259,RND-,8.969177404389875
qwen3-8b,g24p2_259,STR+,1.6505696888943766
qwen3-8b,g24p2_259,STR-,2.2152178178173668e-08
qwen3-8b,g24p2_259,Y0,61.80183997144612
qwen3-8b,g24p2_260,ADM+,99.99999839379794
qwen3-8b,g24p2_260,ADM-,5.723375704933641e-09
qwen3-8b,g24p2_260,CF+,2.41794440370252e-10
qwen3-8b,g24p2_260,CF-,0.0007354325088002084
qwen3-8b,g24p2_260,EXC+,4.798728916540667
qwen3-8b,g24p2_260,EXC-,4.540495949181816e-09
qwen3-8b,g24p2_260,MNR+,0.030436401143312846
qwen3-8b,g24p2_260,MNR-,4.0685872358329887e-07
qwen3-8b,g24p2_260,RND+,2.5806206697070594e-08
qwen3-8b,g24p2_260,RND-,0.006786476259287512
qwen3-8b,g24p2_260,STR+,0.03324861019881164
qwen3-8b,g24p2_260,STR-,0.00033978470300450784
qwen3-8b,g24p2_260,Y0,2.650576142117661e-06
qwen3-8b,g24p2_261,ADM+,99.99999999987944
qwen3-8b,g24p2_261,ADM-,2.2936130657178018e-07
qwen3-8b,g24p2_261,CF+,34.059448597727055
qwen3-8b,g24p2_261,CF-,5.415687875144742
qwen3-8b,g24p2_261,EXC+,99.84728489493132
qwen3-8b,g24p2_261,EXC-,0.00012447339989591133
qwen3-8b,g24p2_261,MNR+,99.9999999998791
qwen3-8b,g24p2_261,MNR-,7.60921186660339e-08
qwen3-8b,g24p2_261,RND+,88.89768304141248
qwen3-8b,g24p2_261,RND-,0.001634459884463113
qwen3-8b,g24p2_261,STR+,44.48145738383575
qwen3-8b,g24p2_261,STR-,4.8844757432065316e-11
qwen3-8b,g24p2_261,Y0,66.0433938910932
qwen35-9b,g24p2_000,ADM+,45.93578460045862
qwen35-9b,g24p2_000,ADM-,2.2247151416447357
qwen35-9b,g24p2_000,CF+,98.69204746661283
qwen35-9b,g24p2_000,CF-,0.956435264420736
qwen35-9b,g24p2_000,EXC+,97.48092024465139
qwen35-9b,g24p2_000,EXC-,6.769553826365252
qwen35-9b,g24p2_000,MNR+,99.25056771145357
qwen35-9b,g24p2_000,MNR-,6.735293134655296
qwen35-9b,g24p2_000,RND+,98.84130328521532
qwen35-9b,g24p2_000,RND-,1.4166198414388536
qwen35-9b,g24p2_000,STR+,1.3415437937453611
qwen35-9b,g24p2_000,STR-,2.0170548427482533
qwen35-9b,g24p2_000,Y0,99.19111955868502
qwen35-9b,g24p2_001,ADM+,98.51275653258989
qwen35-9b,g24p2_001,ADM-,3.36518908436111
qwen35-9b,g24p2_001,CF+,7.5323618092185445
qwen35-9b,g24p2_001,CF-,6.189205561816534
qwen35-9b,g24p2_001,EXC+,34.71391351000115
qwen35-9b,g24p2_001,EXC-,11.03103201468803
qwen35-9b,g24p2_001,MNR+,98.36168224766162
qwen35-9b,g24p2_001,MNR-,0.05765949007757787
qwen35-9b,g24p2_001,RND+,66.92676605369356
qwen35-9b,g24p2_001,RND-,69.21916431451672
qwen35-9b,g24p2_001,STR+,6.689266338996651
qwen35-9b,g24p2_001,STR-,7.678566151771856
qwen35-9b,g24p2_001,Y0,1.0474962836475097
qwen35-9b,g24p2_002,ADM+,99.36873634523573
qwen35-9b,g24p2_002,ADM-,38.58001427152449
qwen35-9b,g24p2_002,CF+,98.80069639089947
qwen35-9b,g24p2_002,CF-,85.88800484150744
qwen35-9b,g24p2_002,EXC+,2.682716961849687
qwen35-9b,g24p2_002,EXC-,36.40654387493607
qwen35-9b,g24p2_002,MNR+,98.70952742366404
qwen35-9b,g24p2_002,MNR-,9.72660121816376
qwen35-9b,g24p2_002,RND+,98.392663029527
qwen35-9b,g24p2_002,RND-,86.75921285785228
qwen35-9b,g24p2_002,STR+,3.9759446261857363
qwen35-9b,g24p2_002,STR-,91.01273466809795
qwen35-9b,g24p2_002,Y0,93.38752173600936
qwen35-9b,g24p2_003,ADM+,95.822370523172
qwen35-9b,g24p2_003,ADM-,91.45623661572348
qwen35-9b,g24p2_003,CF+,30.42304028082354
qwen35-9b,g24p2_003,CF-,16.51646740303333
qwen35-9b,g24p2_003,EXC+,29.253804140247603
qwen35-9b,g24p2_003,EXC-,15.943240560002955
qwen35-9b,g24p2_003,MNR+,99.93478082953612
qwen35-9b,g24p2_003,MNR-,91.82796058672454
qwen35-9b,g24p2_003,RND+,99.99047287720286
qwen35-9b,g24p2_003,RND-,45.27910285103321
qwen35-9b,g24p2_003,STR+,19.55180828248745
qwen35-9b,g24p2_003,STR-,23.873999103964927
qwen35-9b,g24p2_003,Y0,98.18207901969215
qwen35-9b,g24p2_004,ADM+,99.52141035445419
qwen35-9b,g24p2_004,ADM-,60.5155285288225
qwen35-9b,g24p2_004,CF+,99.35150817980518
qwen35-9b,g24p2_004,CF-,8.250648903514936
qwen35-9b,g24p2_004,EXC+,1.809681748255585
qwen35-9b,g24p2_004,EXC-,20.440377047057943
qwen35-9b,g24p2_004,MNR+,99.58646604765367
qwen35-9b,g24p2_004,MNR-,40.90887878058121
qwen35-9b,g24p2_004,RND+,99.22443759576046
qwen35-9b,g24p2_004,RND-,21.90606502637312
qwen35-9b,g24p2_004,STR+,24.15039255784838
qwen35-9b,g24p2_004,STR-,14.319644612793505
qwen35-9b,g24p2_004,Y0,91.96559762475448
qwen35-9b,g24p2_005,ADM+,97.4191636980546
qwen35-9b,g24p2_005,ADM-,0.013705350374127385
qwen35-9b,g24p2_005,CF+,13.32591827581714
qwen35-9b,g24p2_005,CF-,5.836971710180209
qwen35-9b,g24p2_005,EXC+,9.745850837403909
qwen35-9b,g24p2_005,EXC-,40.793190778319584
qwen35-9b,g24p2_005,MNR+,10.721233134639927
qwen35-9b,g24p2_005,MNR-,4.81739875919974
qwen35-9b,g24p2_005,RND+,9.849473372034316
qwen35-9b,g24p2_005,RND-,13.460617064287383
qwen35-9b,g24p2_005,STR+,11.12915121214629
qwen35-9b,g24p2_005,STR-,5.76839106172203
qwen35-9b,g24p2_005,Y0,3.052396839263799
qwen35-9b,g24p2_006,ADM+,98.35410397244588
qwen35-9b,g24p2_006,ADM-,0.02829565363877298
qwen35-9b,g24p2_006,CF+,87.95365021408284
qwen35-9b,g24p2_006,CF-,2.9128687178189807
qwen35-9b,g24p2_006,EXC+,31.984153493677088
qwen35-9b,g24p2_006,EXC-,5.015271439381704
qwen35-9b,g24p2_006,MNR+,62.52232682423596
qwen35-9b,g24p2_006,MNR-,12.182276784219955
qwen35-9b,g24p2_006,RND+,86.75714043372898
qwen35-9b,g24p2_006,RND-,2.987509141366731
qwen35-9b,g24p2_006,STR+,16.989292580336485
qwen35-9b,g24p2_006,STR-,16.242622118398742
qwen35-9b,g24p2_006,Y0,10.45395153877597
qwen35-9b,g24p2_010,ADM+,98.35079281930115
qwen35-9b,g24p2_010,ADM-,10.666341317000025
qwen35-9b,g24p2_010,CF+,98.75054084171023
qwen35-9b,g24p2_010,CF-,4.518084719782172
qwen35-9b,g24p2_010,EXC+,37.07299131834654
qwen35-9b,g24p2_010,EXC-,92.47582138586644
qwen35-9b,g24p2_010,MNR+,96.79801061968402
qwen35-9b,g24p2_010,MNR-,7.707083757306699
qwen35-9b,g24p2_010,RND+,7.817000423709263
qwen35-9b,g24p2_010,RND-,7.354892284993808
qwen35-9b,g24p2_010,STR+,5.360062810464541
qwen35-9b,g24p2_010,STR-,5.2718510036963515
qwen35-9b,g24p2_010,Y0,34.42020997525037
qwen35-9b,g24p2_011,ADM+,98.89709804300594
qwen35-9b,g24p2_011,ADM-,1.278212286629527
qwen35-9b,g24p2_011,CF+,98.82115122555494
qwen35-9b,g24p2_011,CF-,98.80429156133921
qwen35-9b,g24p2_011,EXC+,14.744602350689036
qwen35-9b,g24p2_011,EXC-,96.70940707001392
qwen35-9b,g24p2_011,MNR+,98.7777595130674
qwen35-9b,g24p2_011,MNR-,6.568535049131055
qwen35-9b,g24p2_011,RND+,99.08003354820697
qwen35-9b,g24p2_011,RND-,15.149390302775641
qwen35-9b,g24p2_011,STR+,99.12912421206565
qwen35-9b,g24p2_011,STR-,7.695577517014611
qwen35-9b,g24p2_011,Y0,85.62651887350775
qwen35-9b,g24p2_012,ADM+,98.66016884870447
qwen35-9b,g24p2_012,ADM-,0.0035217829211668414
qwen35-9b,g24p2_012,CF+,98.04067271498803
qwen35-9b,g24p2_012,CF-,2.63930339955365
qwen35-9b,g24p2_012,EXC+,43.711090346741166
qwen35-9b,g24p2_012,EXC-,0.007507759873318035
qwen35-9b,g24p2_012,MNR+,97.4709020205832
qwen35-9b,g24p2_012,MNR-,0.005559875670301126
qwen35-9b,g24p2_012,RND+,97.98616036025136
qwen35-9b,g24p2_012,RND-,2.786993163979461
qwen35-9b,g24p2_012,STR+,99.0015785488188
qwen35-9b,g24p2_012,STR-,4.904127009353406
qwen35-9b,g24p2_012,Y0,95.11292660153126
qwen35-9b,g24p2_014,ADM+,99.46621883887475
qwen35-9b,g24p2_014,ADM-,0.004000274599944143
qwen35-9b,g24p2_014,CF+,98.32492593971362
qwen35-9b,g24p2_014,CF-,55.99193607235552
qwen35-9b,g24p2_014,EXC+,26.72776723478938
qwen35-9b,g24p2_014,EXC-,1.9472962581046172
qwen35-9b,g24p2_014,MNR+,95.5899788435542
qwen35-9b,g24p2_014,MNR-,9.758134796680062
qwen35-9b,g24p2_014,RND+,98.77216102674045
qwen35-9b,g24p2_014,RND-,54.03982735109008
qwen35-9b,g24p2_014,STR+,50.59927139751205
qwen35-9b,g24p2_014,STR-,2.8962381827057477
qwen35-9b,g24p2_014,Y0,98.41025018380144
qwen35-9b,g24p2_015,ADM+,99.46179544672307
qwen35-9b,g24p2_015,ADM-,29.606753563661787
qwen35-9b,g24p2_015,CF+,99.07232972680502
qwen35-9b,g24p2_015,CF-,2.1585947324855868
qwen35-9b,g24p2_015,EXC+,31.648872530337567
qwen35-9b,g24p2_015,EXC-,32.374491403593545
qwen35-9b,g24p2_015,MNR+,31.213335917732813
qwen35-9b,g24p2_015,MNR-,0.059253314315726585
qwen35-9b,g24p2_015,RND+,99.3906860945774
qwen35-9b,g24p2_015,RND-,2.5553153625541922
qwen35-9b,g24p2_015,STR+,22.72709099559147
qwen35-9b,g24p2_015,STR-,29.627981566161466
qwen35-9b,g24p2_015,Y0,99.51972773197978
qwen35-9b,g24p2_016,ADM+,98.33465844336453
qwen35-9b,g24p2_016,ADM-,1.0098686849770413
qwen35-9b,g24p2_016,CF+,91.73814329734863
qwen35-9b,g24p2_016,CF-,86.13850660809626
qwen35-9b,g24p2_016,EXC+,2.9670265507517644
qwen35-9b,g24p2_016,EXC-,0.07288617584164198
qwen35-9b,g24p2_016,MNR+,38.40492081667164
qwen35-9b,g24p2_016,MNR-,5.550894019771132
qwen35-9b,g24p2_016,RND+,41.523519186102746
qwen35-9b,g24p2_016,RND-,85.8556573675516
qwen35-9b,g24p2_016,STR+,4.123463839977141
qwen35-9b,g24p2_016,STR-,25.76898114619219
qwen35-9b,g24p2_016,Y0,67.18385930951257
qwen35-9b,g24p2_017,ADM+,96.6264120093146
qwen35-9b,g24p2_017,ADM-,2.5867378814433195
qwen35-9b,g24p2_017,CF+,98.734708089053
qwen35-9b,g24p2_017,CF-,0.8336196952033017
qwen35-9b,g24p2_017,EXC+,26.17661108616677
qwen35-9b,g24p2_017,EXC-,20.982110270821384
qwen35-9b,g24p2_017,MNR+,98.29169211831592
qwen35-9b,g24p2_017,MNR-,1.1479427771932373
qwen35-9b,g24p2_017,RND+,98.64807111510001
qwen35-9b,g24p2_017,RND-,0.9194886655128829
qwen35-9b,g24p2_017,STR+,30.17738581954989
qwen35-9b,g24p2_017,STR-,31.90365251872049
qwen35-9b,g24p2_017,Y0,99.82319290298943
qwen35-9b,g24p2_018,ADM+,99.84422565366619
qwen35-9b,g24p2_018,ADM-,98.34917408172181
qwen35-9b,g24p2_018,CF+,98.98925584851288
qwen35-9b,g24p2_018,CF-,97.47388049572324
qwen35-9b,g24p2_018,EXC+,3.83961815628008
qwen35-9b,g24p2_018,EXC-,25.830946759693667
qwen35-9b,g24p2_018,MNR+,99.48809574674115
qwen35-9b,g24p2_018,MNR-,97.3089075007087
qwen35-9b,g24p2_018,RND+,97.79655975398204
qwen35-9b,g24p2_018,RND-,97.86348805702525
qwen35-9b,g24p2_018,STR+,98.35670816923243
qwen35-9b,g24p2_018,STR-,97.57288435740483
qwen35-9b,g24p2_018,Y0,99.84404891022272
qwen35-9b,g24p2_019,ADM+,98.88720858581033
qwen35-9b,g24p2_019,ADM-,95.51844251099044
qwen35-9b,g24p2_019,CF+,30.375023323926243
qwen35-9b,g24p2_019,CF-,3.4464670152724457
qwen35-9b,g24p2_019,EXC+,98.0572839913158
qwen35-9b,g24p2_019,EXC-,17.462652877890967
qwen35-9b,g24p2_019,MNR+,4.37278770627949
qwen35-9b,g24p2_019,MNR-,76.27190055881293
qwen35-9b,g24p2_019,RND+,0.9380779020827982
qwen35-9b,g24p2_019,RND-,2.079008568292423
qwen35-9b,g24p2_019,STR+,0.8362754671184767
qwen35-9b,g24p2_019,STR-,1.5944861022752197
qwen35-9b,g24p2_019,Y0,0.5668586676619882
qwen35-9b,g24p2_020,ADM+,98.7276358079431
qwen35-9b,g24p2_020,ADM-,3.5772640934231563
qwen35-9b,g24p2_020,CF+,98.90974137952425
qwen35-9b,g24p2_020,CF-,2.8809988882847852
qwen35-9b,g24p2_020,EXC+,27.1992124565736
qwen35-9b,g24p2_020,EXC-,0.0390450123281217
qwen35-9b,g24p2_020,MNR+,18.970273383998315
qwen35-9b,g24p2_020,MNR-,11.282301957855294
qwen35-9b,g24p2_020,RND+,99.13228385881375
qwen35-9b,g24p2_020,RND-,3.077692766997561
qwen35-9b,g24p2_020,STR+,99.06810181795284
qwen35-9b,g24p2_020,STR-,3.6966505476979714
qwen35-9b,g24p2_020,Y0,99.56394010452011
qwen35-9b,g24p2_021,ADM+,99.12201082438693
qwen35-9b,g24p2_021,ADM-,0.5416286179936534
qwen35-9b,g24p2_021,CF+,37.6189041911011
qwen35-9b,g24p2_021,CF-,47.080889818003925
qwen35-9b,g24p2_021,EXC+,9.970488456675643
qwen35-9b,g24p2_021,EXC-,6.050299894546281
qwen35-9b,g24p2_021,MNR+,99.98421919880636
qwen35-9b,g24p2_021,MNR-,2.521337895487667
qwen35-9b,g24p2_021,RND+,50.586129876842605
qwen35-9b,g24p2_021,RND-,47.996913795272235
qwen35-9b,g24p2_021,STR+,42.54435355618916
qwen35-9b,g24p2_021,STR-,42.883760154809835
qwen35-9b,g24p2_021,Y0,98.9845957753642
qwen35-9b,g24p2_023,ADM+,99.45179098043133
qwen35-9b,g24p2_023,ADM-,15.055990381325241
qwen35-9b,g24p2_023,CF+,98.92822855689164
qwen35-9b,g24p2_023,CF-,3.543036145515366
qwen35-9b,g24p2_023,EXC+,7.830736183362815
qwen35-9b,g24p2_023,EXC-,18.037448157032543
qwen35-9b,g24p2_023,MNR+,99.55675877748328
qwen35-9b,g24p2_023,MNR-,6.253380789967029
qwen35-9b,g24p2_023,RND+,98.4675265090757
qwen35-9b,g24p2_023,RND-,92.60983976320243
qwen35-9b,g24p2_023,STR+,98.86182697099015
qwen35-9b,g24p2_023,STR-,3.7812623862489096
qwen35-9b,g24p2_023,Y0,99.36361955311394
qwen35-9b,g24p2_024,ADM+,98.7386949304384
qwen35-9b,g24p2_024,ADM-,0.22609553712291733
qwen35-9b,g24p2_024,CF+,98.86207006008641
qwen35-9b,g24p2_024,CF-,3.1744090558145466
qwen35-9b,g24p2_024,EXC+,2.1437052870871804
qwen35-9b,g24p2_024,EXC-,3.4939678999887844
qwen35-9b,g24p2_024,MNR+,97.93964162055363
qwen35-9b,g24p2_024,MNR-,8.562515853625984
qwen35-9b,g24p2_024,RND+,98.57328434383949
qwen35-9b,g24p2_024,RND-,6.5311297550935
qwen35-9b,g24p2_024,STR+,96.0009336522661
qwen35-9b,g24p2_024,STR-,28.525253369374994
qwen35-9b,g24p2_024,Y0,93.02769718315376
qwen35-9b,g24p2_026,ADM+,96.60444593861263
qwen35-9b,g24p2_026,ADM-,0.37012659060838016
qwen35-9b,g24p2_026,CF+,1.8424255407815116
qwen35-9b,g24p2_026,CF-,1.173780235361732
qwen35-9b,g24p2_026,EXC+,50.43713094176971
qwen35-9b,g24p2_026,EXC-,3.530899368245791
qwen35-9b,g24p2_026,MNR+,98.44836435049007
qwen35-9b,g24p2_026,MNR-,2.0882160972790214
qwen35-9b,g24p2_026,RND+,78.27547408939682
qwen35-9b,g24p2_026,RND-,0.8666453434167771
qwen35-9b,g24p2_026,STR+,15.242858420867883
qwen35-9b,g24p2_026,STR-,18.16442729301098
qwen35-9b,g24p2_026,Y0,16.29904635198105
qwen35-9b,g24p2_027,ADM+,99.8244644236458
qwen35-9b,g24p2_027,ADM-,2.228889566667741
qwen35-9b,g24p2_027,CF+,97.64067496498139
qwen35-9b,g24p2_027,CF-,95.21776937451608
qwen35-9b,g24p2_027,EXC+,8.678004639587392
qwen35-9b,g24p2_027,EXC-,18.72848109140496
qwen35-9b,g24p2_027,MNR+,99.24771773383272
qwen35-9b,g24p2_027,MNR-,99.64487065576223
qwen35-9b,g24p2_027,RND+,97.72984281633042
qwen35-9b,g24p2_027,RND-,94.46463291709091
qwen35-9b,g24p2_027,STR+,28.064882086084904
qwen35-9b,g24p2_027,STR-,94.2486132631999
qwen35-9b,g24p2_027,Y0,99.76876291564182
qwen35-9b,g24p2_028,ADM+,98.45804345970939
qwen35-9b,g24p2_028,ADM-,5.87019349713264
qwen35-9b,g24p2_028,CF+,98.41035893419424
qwen35-9b,g24p2_028,CF-,29.418720751724955
qwen35-9b,g24p2_028,EXC+,17.024395428534994
qwen35-9b,g24p2_028,EXC-,3.947840005059051
qwen35-9b,g24p2_028,MNR+,98.13039343769617
qwen35-9b,g24p2_028,MNR-,5.902404735425042
qwen35-9b,g24p2_028,RND+,98.20746253878738
qwen35-9b,g24p2_028,RND-,6.1401933530843715
qwen35-9b,g24p2_028,STR+,38.47919033863192
qwen35-9b,g24p2_028,STR-,1.5518791879882152
qwen35-9b,g24p2_028,Y0,6.522038096566707
qwen35-9b,g24p2_029,ADM+,99.39491245714217
qwen35-9b,g24p2_029,ADM-,6.016875395961144
qwen35-9b,g24p2_029,CF+,99.35231419644646
qwen35-9b,g24p2_029,CF-,0.7424451872213459
qwen35-9b,g24p2_029,EXC+,6.5364950868315335
qwen35-9b,g24p2_029,EXC-,12.377296912848461
qwen35-9b,g24p2_029,MNR+,98.44865796108502
qwen35-9b,g24p2_029,MNR-,1.7849645660909532
qwen35-9b,g24p2_029,RND+,99.15023424754526
qwen35-9b,g24p2_029,RND-,1.48029201658939
qwen35-9b,g24p2_029,STR+,97.91445736860496
qwen35-9b,g24p2_029,STR-,1.9253213712114179
qwen35-9b,g24p2_029,Y0,98.39932086605447
qwen35-9b,g24p2_033,ADM+,97.98299607268693
qwen35-9b,g24p2_033,ADM-,7.322306682528502
qwen35-9b,g24p2_033,CF+,96.77874339117801
qwen35-9b,g24p2_033,CF-,13.861251955257961
qwen35-9b,g24p2_033,EXC+,3.1800659962418507
qwen35-9b,g24p2_033,EXC-,0.014042657612095681
qwen35-9b,g24p2_033,MNR+,96.92642496870366
qwen35-9b,g24p2_033,MNR-,25.54763452244503
qwen35-9b,g24p2_033,RND+,87.82590101866242
qwen35-9b,g24p2_033,RND-,88.93688766831863
qwen35-9b,g24p2_033,STR+,40.70541486030043
qwen35-9b,g24p2_033,STR-,6.116896260347151
qwen35-9b,g24p2_033,Y0,4.389877279137626
qwen35-9b,g24p2_034,ADM+,96.66471259078523
qwen35-9b,g24p2_034,ADM-,0.5756597851912305
qwen35-9b,g24p2_034,CF+,97.87799908978245
qwen35-9b,g24p2_034,CF-,93.42358042371293
qwen35-9b,g24p2_034,EXC+,4.416199333848002
qwen35-9b,g24p2_034,EXC-,3.221898181999263
qwen35-9b,g24p2_034,MNR+,97.99917883175132
qwen35-9b,g24p2_034,MNR-,11.596222109104154
qwen35-9b,g24p2_034,RND+,97.23679438711684
qwen35-9b,g24p2_034,RND-,97.1688057425211
qwen35-9b,g24p2_034,STR+,22.303350665701053
qwen35-9b,g24p2_034,STR-,33.10557312036478
qwen35-9b,g24p2_034,Y0,1.2221182753611153
qwen35-9b,g24p2_035,ADM+,99.24758080708357
qwen35-9b,g24p2_035,ADM-,98.69723538806154
qwen35-9b,g24p2_035,CF+,7.565118883580673
qwen35-9b,g24p2_035,CF-,17.486457704751057
qwen35-9b,g24p2_035,EXC+,95.63617196784975
qwen35-9b,g24p2_035,EXC-,95.59130027645902
qwen35-9b,g24p2_035,MNR+,83.44798035236035
qwen35-9b,g24p2_035,MNR-,92.23201654550982
qwen35-9b,g24p2_035,RND+,3.4149234196225264
qwen35-9b,g24p2_035,RND-,17.104060486767153
qwen35-9b,g24p2_035,STR+,1.095022117649203
qwen35-9b,g24p2_035,STR-,97.82479347311376
qwen35-9b,g24p2_035,Y0,3.3090970848047028
qwen35-9b,g24p2_036,ADM+,99.37414637521624
qwen35-9b,g24p2_036,ADM-,18.989154167214803
qwen35-9b,g24p2_036,CF+,99.17135114430874
qwen35-9b,g24p2_036,CF-,97.40965978804886
qwen35-9b,g24p2_036,EXC+,97.82407159200687
qwen35-9b,g24p2_036,EXC-,30.43553871122813
qwen35-9b,g24p2_036,MNR+,99.41950648855092
qwen35-9b,g24p2_036,MNR-,87.79243609390056
qwen35-9b,g24p2_036,RND+,98.77961805785637
qwen35-9b,g24p2_036,RND-,97.19350322723412
qwen35-9b,g24p2_036,STR+,97.75992482409157
qwen35-9b,g24p2_036,STR-,96.66362955134859
qwen35-9b,g24p2_036,Y0,99.83783259174962
qwen35-9b,g24p2_037,ADM+,11.276888833331391
qwen35-9b,g24p2_037,ADM-,99.00360828783239
qwen35-9b,g24p2_037,CF+,3.577033148378957
qwen35-9b,g24p2_037,CF-,99.98876684857484
qwen35-9b,g24p2_037,EXC+,16.441289883707274
qwen35-9b,g24p2_037,EXC-,7.835284346657509
qwen35-9b,g24p2_037,MNR+,88.73369214937003
qwen35-9b,g24p2_037,MNR-,99.18214221280294
qwen35-9b,g24p2_037,RND+,2.960785157571474
qwen35-9b,g24p2_037,RND-,41.43924880638261
qwen35-9b,g24p2_037,STR+,12.707512400984264
qwen35-9b,g24p2_037,STR-,15.007424111124813
qwen35-9b,g24p2_037,Y0,0.01290361303283012
qwen35-9b,g24p2_038,ADM+,99.86257566054906
qwen35-9b,g24p2_038,ADM-,98.1065760077646
qwen35-9b,g24p2_038,CF+,99.47589768346802
qwen35-9b,g24p2_038,CF-,4.159124713121499
qwen35-9b,g24p2_038,EXC+,32.783232080076644
qwen35-9b,g24p2_038,EXC-,8.338321504277717
qwen35-9b,g24p2_038,MNR+,99.61333207440723
qwen35-9b,g24p2_038,MNR-,45.1525048583521
qwen35-9b,g24p2_038,RND+,98.69815931510503
qwen35-9b,g24p2_038,RND-,40.842270881419026
qwen35-9b,g24p2_038,STR+,38.409759746003175
qwen35-9b,g24p2_038,STR-,8.81099006535398
qwen35-9b,g24p2_038,Y0,6.360031032251905
qwen35-9b,g24p2_039,ADM+,99.67563634581444
qwen35-9b,g24p2_039,ADM-,0.9557579521286448
qwen35-9b,g24p2_039,CF+,96.69068796169731
qwen35-9b,g24p2_039,CF-,98.08122470429491
qwen35-9b,g24p2_039,EXC+,37.50728057454966
qwen35-9b,g24p2_039,EXC-,18.21756813735175
qwen35-9b,g24p2_039,MNR+,42.925289842568
qwen35-9b,g24p2_039,MNR-,0.017746153229369486
qwen35-9b,g24p2_039,RND+,97.3296926820687
qwen35-9b,g24p2_039,RND-,96.19748663599177
qwen35-9b,g24p2_039,STR+,40.152659069875156
qwen35-9b,g24p2_039,STR-,41.12998483699875
qwen35-9b,g24p2_039,Y0,99.32046391606433
qwen35-9b,g24p2_040,ADM+,99.25006628362814
qwen35-9b,g24p2_040,ADM-,27.604511610566856
qwen35-9b,g24p2_040,CF+,99.64711271961909
qwen35-9b,g24p2_040,CF-,99.66281664169611
qwen35-9b,g24p2_040,EXC+,99.42981366742771
qwen35-9b,g24p2_040,EXC-,99.11714017495052
qwen35-9b,g24p2_040,MNR+,33.046179228213276
qwen35-9b,g24p2_040,MNR-,37.443921968130766
qwen35-9b,g24p2_040,RND+,99.82773230811162
qwen35-9b,g24p2_040,RND-,99.64812286816922
qwen35-9b,g24p2_040,STR+,99.42726017150814
qwen35-9b,g24p2_040,STR-,14.700940173364618
qwen35-9b,g24p2_040,Y0,99.77124562616274
qwen35-9b,g24p2_041,ADM+,97.54406081548103
qwen35-9b,g24p2_041,ADM-,0.013988709762533294
qwen35-9b,g24p2_041,CF+,82.29938089438934
qwen35-9b,g24p2_041,CF-,41.59259926283629
qwen35-9b,g24p2_041,EXC+,97.18874363446429
qwen35-9b,g24p2_041,EXC-,4.701010798796607
qwen35-9b,g24p2_041,MNR+,97.33311173077522
qwen35-9b,g24p2_041,MNR-,3.529015092920866
qwen35-9b,g24p2_041,RND+,89.71768779609516
qwen35-9b,g24p2_041,RND-,43.7682525465684
qwen35-9b,g24p2_041,STR+,95.69902549950814
qwen35-9b,g24p2_041,STR-,45.189284771157
qwen35-9b,g24p2_041,Y0,6.698041455745234
qwen35-9b,g24p2_043,ADM+,99.9901237385537
qwen35-9b,g24p2_043,ADM-,0.008244742122546793
qwen35-9b,g24p2_043,CF+,98.96537006906591
qwen35-9b,g24p2_043,CF-,41.15563336960689
qwen35-9b,g24p2_043,EXC+,42.55251401753507
qwen35-9b,g24p2_043,EXC-,44.57808855376082
qwen35-9b,g24p2_043,MNR+,32.81439965860408
qwen35-9b,g24p2_043,MNR-,3.214557280286515
qwen35-9b,g24p2_043,RND+,2.083611873983067
qwen35-9b,g24p2_043,RND-,99.68802694516964
qwen35-9b,g24p2_043,STR+,43.059543902887505
qwen35-9b,g24p2_043,STR-,2.3046404198191657
qwen35-9b,g24p2_043,Y0,99.1305555763708
qwen35-9b,g24p2_044,ADM+,98.52449197841092
qwen35-9b,g24p2_044,ADM-,0.3602613143996641
qwen35-9b,g24p2_044,CF+,98.80248814730643
qwen35-9b,g24p2_044,CF-,2.2427739679135588
qwen35-9b,g24p2_044,EXC+,32.634874292058335
qwen35-9b,g24p2_044,EXC-,0.8246350665020864
qwen35-9b,g24p2_044,MNR+,99.97108510798738
qwen35-9b,g24p2_044,MNR-,4.755734982150751
qwen35-9b,g24p2_044,RND+,97.82109589382368
qwen35-9b,g24p2_044,RND-,2.741047763276656
qwen35-9b,g24p2_044,STR+,97.66841783196928
qwen35-9b,g24p2_044,STR-,0.8791909776739062
qwen35-9b,g24p2_044,Y0,2.7218780827129763
qwen35-9b,g24p2_046,ADM+,99.09668968926692
qwen35-9b,g24p2_046,ADM-,15.132166676423704
qwen35-9b,g24p2_046,CF+,0.42677989006780975
qwen35-9b,g24p2_046,CF-,1.3862675735486545
qwen35-9b,g24p2_046,EXC+,2.5879163539444376
qwen35-9b,g24p2_046,EXC-,0.0047548411389261944
qwen35-9b,g24p2_046,MNR+,0.17302830479793943
qwen35-9b,g24p2_046,MNR-,1.6533143400566437
qwen35-9b,g24p2_046,RND+,0.21502697082302466
qwen35-9b,g24p2_046,RND-,1.208069341997233
qwen35-9b,g24p2_046,STR+,7.742493426393581
qwen35-9b,g24p2_046,STR-,1.4899165365193745
qwen35-9b,g24p2_046,Y0,0.026465024695289843
qwen35-9b,g24p2_047,ADM+,99.31411366658482
qwen35-9b,g24p2_047,ADM-,4.720609383439424
qwen35-9b,g24p2_047,CF+,99.4358542576976
qwen35-9b,g24p2_047,CF-,4.510201512838598
qwen35-9b,g24p2_047,EXC+,31.531773672689457
qwen35-9b,g24p2_047,EXC-,5.742423774949447
qwen35-9b,g24p2_047,MNR+,98.95967245284035
qwen35-9b,g24p2_047,MNR-,1.5612228494554095
qwen35-9b,g24p2_047,RND+,98.5974773325724
qwen35-9b,g24p2_047,RND-,93.84447874379347
qwen35-9b,g24p2_047,STR+,98.92090308983215
qwen35-9b,g24p2_047,STR-,93.17995407519209
qwen35-9b,g24p2_047,Y0,99.81666248527027
qwen35-9b,g24p2_048,ADM+,97.38154101760027
qwen35-9b,g24p2_048,ADM-,0.2640178756509982
qwen35-9b,g24p2_048,CF+,45.18175694474808
qwen35-9b,g24p2_048,CF-,50.43142561490981
qwen35-9b,g24p2_048,EXC+,40.023880658112496
qwen35-9b,g24p2_048,EXC-,29.330369821294443
qwen35-9b,g24p2_048,MNR+,98.65773195132698
qwen35-9b,g24p2_048,MNR-,3.2602998924978475
qwen35-9b,g24p2_048,RND+,46.942999871966165
qwen35-9b,g24p2_048,RND-,1.604610654523188
qwen35-9b,g24p2_048,STR+,42.03362256391651
qwen35-9b,g24p2_048,STR-,43.00584086951156
qwen35-9b,g24p2_048,Y0,3.3160485454736452
qwen35-9b,g24p2_049,ADM+,98.17203545109788
qwen35-9b,g24p2_049,ADM-,5.500766024690983
qwen35-9b,g24p2_049,CF+,99.10299725216986
qwen35-9b,g24p2_049,CF-,4.3516649101053515
qwen35-9b,g24p2_049,EXC+,12.669138089349557
qwen35-9b,g24p2_049,EXC-,9.593889081695586
qwen35-9b,g24p2_049,MNR+,97.82217462958026
qwen35-9b,g24p2_049,MNR-,5.985231937432789
qwen35-9b,g24p2_049,RND+,99.11322799360153
qwen35-9b,g24p2_049,RND-,8.067174257436328
qwen35-9b,g24p2_049,STR+,98.4951878732557
qwen35-9b,g24p2_049,STR-,12.672857488996206
qwen35-9b,g24p2_049,Y0,97.5802987379727
qwen35-9b,g24p2_051,ADM+,97.01413104130135
qwen35-9b,g24p2_051,ADM-,0.9101237650939942
qwen35-9b,g24p2_051,CF+,99.09145883824185
qwen35-9b,g24p2_051,CF-,97.07280044692799
qwen35-9b,g24p2_051,EXC+,5.6013615892666415
qwen35-9b,g24p2_051,EXC-,2.6162760008778836
qwen35-9b,g24p2_051,MNR+,99.98263715507606
qwen35-9b,g24p2_051,MNR-,1.3395026711443063
qwen35-9b,g24p2_051,RND+,97.39396690523776
qwen35-9b,g24p2_051,RND-,98.32790134564488
qwen35-9b,g24p2_051,STR+,97.64196140560185
qwen35-9b,g24p2_051,STR-,40.084481368432975
qwen35-9b,g24p2_051,Y0,96.23230760791007
qwen35-9b,g24p2_053,ADM+,99.11335945226574
qwen35-9b,g24p2_053,ADM-,15.063192348336644
qwen35-9b,g24p2_053,CF+,98.1206055255253
qwen35-9b,g24p2_053,CF-,36.17521785451714
qwen35-9b,g24p2_053,EXC+,7.237796931924131
qwen35-9b,g24p2_053,EXC-,4.9699021071616265
qwen35-9b,g24p2_053,MNR+,98.9923829013809
qwen35-9b,g24p2_053,MNR-,4.617885304547827
qwen35-9b,g24p2_053,RND+,98.80032587484096
qwen35-9b,g24p2_053,RND-,3.667046436406556
qwen35-9b,g24p2_053,STR+,40.609632783610465
qwen35-9b,g24p2_053,STR-,41.61970168628602
qwen35-9b,g24p2_053,Y0,33.470314103446896
qwen35-9b,g24p2_054,ADM+,99.38543119018226
qwen35-9b,g24p2_054,ADM-,99.37590935733282
qwen35-9b,g24p2_054,CF+,50.50020382921062
qwen35-9b,g24p2_054,CF-,47.01672336979017
qwen35-9b,g24p2_054,EXC+,1.6029630381728674
qwen35-9b,g24p2_054,EXC-,1.8634275322441987
qwen35-9b,g24p2_054,MNR+,99.15807427987195
qwen35-9b,g24p2_054,MNR-,98.89712381601977
qwen35-9b,g24p2_054,RND+,24.99666033685402
qwen35-9b,g24p2_054,RND-,20.369828877546627
qwen35-9b,g24p2_054,STR+,96.41573520897646
qwen35-9b,g24p2_054,STR-,27.320401989963255
qwen35-9b,g24p2_054,Y0,2.9970616295407795
qwen35-9b,g24p2_055,ADM+,98.17055607576434
qwen35-9b,g24p2_055,ADM-,0.006337181738191903
qwen35-9b,g24p2_055,CF+,99.41984240563016
qwen35-9b,g24p2_055,CF-,41.78776495798515
qwen35-9b,g24p2_055,EXC+,18.550230476495543
qwen35-9b,g24p2_055,EXC-,31.770594258446327
qwen35-9b,g24p2_055,MNR+,99.93071779233048
qwen35-9b,g24p2_055,MNR-,1.1416058001293217
qwen35-9b,g24p2_055,RND+,51.576240876557065
qwen35-9b,g24p2_055,RND-,37.96195884405899
qwen35-9b,g24p2_055,STR+,37.22190573756756
qwen35-9b,g24p2_055,STR-,37.191980913857954
qwen35-9b,g24p2_055,Y0,1.5056639297453887
qwen35-9b,g24p2_057,ADM+,99.21200079538963
qwen35-9b,g24p2_057,ADM-,0.0032244763293441613
qwen35-9b,g24p2_057,CF+,36.953558275167865
qwen35-9b,g24p2_057,CF-,14.921916459931895
qwen35-9b,g24p2_057,EXC+,4.396016796559855
qwen35-9b,g24p2_057,EXC-,11.697295926336947
qwen35-9b,g24p2_057,MNR+,99.36070169081171
qwen35-9b,g24p2_057,MNR-,23.21581650287833
qwen35-9b,g24p2_057,RND+,38.893159251205866
qwen35-9b,g24p2_057,RND-,87.42398042032934
qwen35-9b,g24p2_057,STR+,98.42136497689158
qwen35-9b,g24p2_057,STR-,9.022685145225621
qwen35-9b,g24p2_057,Y0,0.19524691953272805
qwen35-9b,g24p2_058,ADM+,99.11223431411642
qwen35-9b,g24p2_058,ADM-,3.3800194370048846
qwen35-9b,g24p2_058,CF+,45.41568996281436
qwen35-9b,g24p2_058,CF-,35.5778472433039
qwen35-9b,g24p2_058,EXC+,4.311329980117584
qwen35-9b,g24p2_058,EXC-,2.5965595521746305
qwen35-9b,g24p2_058,MNR+,28.321715208564143
qwen35-9b,g24p2_058,MNR-,7.466034846565386
qwen35-9b,g24p2_058,RND+,46.8013568042912
qwen35-9b,g24p2_058,RND-,8.85409013915363
qwen35-9b,g24p2_058,STR+,24.59088408575423
qwen35-9b,g24p2_058,STR-,1.085078838630671
qwen35-9b,g24p2_058,Y0,0.30606278040383467
qwen35-9b,g24p2_059,ADM+,98.54944483440823
qwen35-9b,g24p2_059,ADM-,0.020703156761498795
qwen35-9b,g24p2_059,CF+,99.17616184863606
qwen35-9b,g24p2_059,CF-,11.760947000076019
qwen35-9b,g24p2_059,EXC+,34.12284061625643
qwen35-9b,g24p2_059,EXC-,25.15013770116155
qwen35-9b,g24p2_059,MNR+,98.76139731939388
qwen35-9b,g24p2_059,MNR-,5.011810858602228
qwen35-9b,g24p2_059,RND+,91.74625159541685
qwen35-9b,g24p2_059,RND-,53.14150411646893
qwen35-9b,g24p2_059,STR+,72.30998675896973
qwen35-9b,g24p2_059,STR-,25.658041453898228
qwen35-9b,g24p2_059,Y0,12.364253235650478
qwen35-9b,g24p2_060,ADM+,99.39828288920626
qwen35-9b,g24p2_060,ADM-,27.926214042099602
qwen35-9b,g24p2_060,CF+,97.33731215362629
qwen35-9b,g24p2_060,CF-,17.021229247650123
qwen35-9b,g24p2_060,EXC+,28.290559168489736
qwen35-9b,g24p2_060,EXC-,29.418972624313728
qwen35-9b,g24p2_060,MNR+,99.09192487667997
qwen35-9b,g24p2_060,MNR-,14.667741368726288
qwen35-9b,g24p2_060,RND+,97.79198940479654
qwen35-9b,g24p2_060,RND-,16.907967796854297
qwen35-9b,g24p2_060,STR+,96.28295129320344
qwen35-9b,g24p2_060,STR-,22.040509559519325
qwen35-9b,g24p2_060,Y0,98.0058246833126
qwen35-9b,g24p2_062,ADM+,98.71880594270581
qwen35-9b,g24p2_062,ADM-,3.5615647225669087
qwen35-9b,g24p2_062,CF+,99.04356725602399
qwen35-9b,g24p2_062,CF-,99.51129654647345
qwen35-9b,g24p2_062,EXC+,95.13743061555624
qwen35-9b,g24p2_062,EXC-,99.13861655931103
qwen35-9b,g24p2_062,MNR+,99.5906473521582
qwen35-9b,g24p2_062,MNR-,99.45691499190366
qwen35-9b,g24p2_062,RND+,99.1659329115509
qwen35-9b,g24p2_062,RND-,99.64196684385593
qwen35-9b,g24p2_062,STR+,99.53967449910654
qwen35-9b,g24p2_062,STR-,99.33973236756736
qwen35-9b,g24p2_062,Y0,99.8215562772786
qwen35-9b,g24p2_064,ADM+,98.44322095748305
qwen35-9b,g24p2_064,ADM-,20.32447486201576
qwen35-9b,g24p2_064,CF+,96.75680779863859
qwen35-9b,g24p2_064,CF-,2.3171641749840592
qwen35-9b,g24p2_064,EXC+,0.9466146131548783
qwen35-9b,g24p2_064,EXC-,6.509298425993035
qwen35-9b,g24p2_064,MNR+,96.402882043013
qwen35-9b,g24p2_064,MNR-,6.2113734896147275
qwen35-9b,g24p2_064,RND+,97.74517784042509
qwen35-9b,g24p2_064,RND-,13.452968391846891
qwen35-9b,g24p2_064,STR+,97.98570473501091
qwen35-9b,g24p2_064,STR-,12.498637420586052
qwen35-9b,g24p2_064,Y0,97.85507866020606
qwen35-9b,g24p2_065,ADM+,99.47874458078333
qwen35-9b,g24p2_065,ADM-,18.90272783388524
qwen35-9b,g24p2_065,CF+,98.42757491123547
qwen35-9b,g24p2_065,CF-,96.65497873680876
qwen35-9b,g24p2_065,EXC+,97.8280556509522
qwen35-9b,g24p2_065,EXC-,5.57477026158754
qwen35-9b,g24p2_065,MNR+,8.460105894913601
qwen35-9b,g24p2_065,MNR-,96.66441950238804
qwen35-9b,g24p2_065,RND+,97.82581194218339
qwen35-9b,g24p2_065,RND-,95.64593915389865
qwen35-9b,g24p2_065,STR+,21.833406136950494
qwen35-9b,g24p2_065,STR-,3.7714886132701477
qwen35-9b,g24p2_065,Y0,95.90325558819538
qwen35-9b,g24p2_066,ADM+,98.28393563060693
qwen35-9b,g24p2_066,ADM-,31.370510329311784
qwen35-9b,g24p2_066,CF+,97.71435427853334
qwen35-9b,g24p2_066,CF-,3.4596225535145777
qwen35-9b,g24p2_066,EXC+,96.96649331359885
qwen35-9b,g24p2_066,EXC-,2.618749358483606
qwen35-9b,g24p2_066,MNR+,98.4989971416909
qwen35-9b,g24p2_066,MNR-,15.652577736589482
qwen35-9b,g24p2_066,RND+,93.7764209903688
qwen35-9b,g24p2_066,RND-,5.264756965164861
qwen35-9b,g24p2_066,STR+,95.96762016734404
qwen35-9b,g24p2_066,STR-,27.758908903029912
qwen35-9b,g24p2_066,Y0,15.260106594665839
qwen35-9b,g24p2_067,ADM+,99.84079763363499
qwen35-9b,g24p2_067,ADM-,1.2970008174709104
qwen35-9b,g24p2_067,CF+,4.889366936351075
qwen35-9b,g24p2_067,CF-,2.6779742894627576
qwen35-9b,g24p2_067,EXC+,98.93835402789763
qwen35-9b,g24p2_067,EXC-,4.275126545412961
qwen35-9b,g24p2_067,MNR+,98.76343019380036
qwen35-9b,g24p2_067,MNR-,2.3062955586983676
qwen35-9b,g24p2_067,RND+,3.0445509836735685
qwen35-9b,g24p2_067,RND-,1.8231723913743432
qwen35-9b,g24p2_067,STR+,27.83928985277664
qwen35-9b,g24p2_067,STR-,1.2804722880567019
qwen35-9b,g24p2_067,Y0,1.2996204694420208
qwen35-9b,g24p2_068,ADM+,98.50885638075577
qwen35-9b,g24p2_068,ADM-,0.20085046193986902
qwen35-9b,g24p2_068,CF+,0.4041516344922969
qwen35-9b,g24p2_068,CF-,0.5855976016508722
qwen35-9b,g24p2_068,EXC+,0.9631609128714115
qwen35-9b,g24p2_068,EXC-,0.005832552819945405
qwen35-9b,g24p2_068,MNR+,0.07590984900885692
qwen35-9b,g24p2_068,MNR-,0.7401268303006845
qwen35-9b,g24p2_068,RND+,0.50151807811543
qwen35-9b,g24p2_068,RND-,0.7639413844135972
qwen35-9b,g24p2_068,STR+,0.6251659956572098
qwen35-9b,g24p2_068,STR-,4.45055571033549
qwen35-9b,g24p2_068,Y0,0.2568981237199139
qwen35-9b,g24p2_069,ADM+,99.84098668294972
qwen35-9b,g24p2_069,ADM-,2.794519442592353
qwen35-9b,g24p2_069,CF+,99.50110887730175
qwen35-9b,g24p2_069,CF-,4.05496905298151
qwen35-9b,g24p2_069,EXC+,35.60614136644542
qwen35-9b,g24p2_069,EXC-,16.70502676614592
qwen35-9b,g24p2_069,MNR+,96.76243243694383
qwen35-9b,g24p2_069,MNR-,4.74798875456791
qwen35-9b,g24p2_069,RND+,99.59413676268338
qwen35-9b,g24p2_069,RND-,2.249225677688651
qwen35-9b,g24p2_069,STR+,43.11446542553979
qwen35-9b,g24p2_069,STR-,38.241246508399286
qwen35-9b,g24p2_069,Y0,10.014617287629044
qwen35-9b,g24p2_070,ADM+,99.62658138166657
qwen35-9b,g24p2_070,ADM-,90.75564125864065
qwen35-9b,g24p2_070,CF+,99.39009572601921
qwen35-9b,g24p2_070,CF-,12.522585038820012
qwen35-9b,g24p2_070,EXC+,99.27363431804426
qwen35-9b,g24p2_070,EXC-,97.67008172783231
qwen35-9b,g24p2_070,MNR+,99.81614377071826
qwen35-9b,g24p2_070,MNR-,91.20620921686265
qwen35-9b,g24p2_070,RND+,99.28306803829813
qwen35-9b,g24p2_070,RND-,34.25077869400425
qwen35-9b,g24p2_070,STR+,99.54001311853823
qwen35-9b,g24p2_070,STR-,98.92661796536322
qwen35-9b,g24p2_070,Y0,99.9095426944029
qwen35-9b,g24p2_071,ADM+,98.73239863923433
qwen35-9b,g24p2_071,ADM-,87.82270691819679
qwen35-9b,g24p2_071,CF+,44.295869439106596
qwen35-9b,g24p2_071,CF-,24.040005923668495
qwen35-9b,g24p2_071,EXC+,42.92429466760972
qwen35-9b,g24p2_071,EXC-,15.391079622687423
qwen35-9b,g24p2_071,MNR+,48.42561496214884
qwen35-9b,g24p2_071,MNR-,93.55604688644844
qwen35-9b,g24p2_071,RND+,42.538482200000445
qwen35-9b,g24p2_071,RND-,40.584407033468345
qwen35-9b,g24p2_071,STR+,93.05683620932547
qwen35-9b,g24p2_071,STR-,43.51077634453012
qwen35-9b,g24p2_071,Y0,78.0783821214187
qwen35-9b,g24p2_072,ADM+,99.39419155887622
qwen35-9b,g24p2_072,ADM-,11.485686943652846
qwen35-9b,g24p2_072,CF+,99.21569352682428
qwen35-9b,g24p2_072,CF-,7.455634052565149
qwen35-9b,g24p2_072,EXC+,23.132759538196453
qwen35-9b,g24p2_072,EXC-,0.0058075761372453905
qwen35-9b,g24p2_072,MNR+,99.97877832158778
qwen35-9b,g24p2_072,MNR-,13.738511880584074
qwen35-9b,g24p2_072,RND+,96.30593673195081
qwen35-9b,g24p2_072,RND-,0.015665105001397235
qwen35-9b,g24p2_072,STR+,40.421577740952095
qwen35-9b,g24p2_072,STR-,10.511483240537835
qwen35-9b,g24p2_072,Y0,5.7612678319743065
qwen35-9b,g24p2_073,ADM+,0.3129780677961718
qwen35-9b,g24p2_073,ADM-,1.725158151051518
qwen35-9b,g24p2_073,CF+,0.14217534307113644
qwen35-9b,g24p2_073,CF-,0.1759413475121732
qwen35-9b,g24p2_073,EXC+,0.6237344193804163
qwen35-9b,g24p2_073,EXC-,0.0024939814006146163
qwen35-9b,g24p2_073,MNR+,0.3539058195645803
qwen35-9b,g24p2_073,MNR-,0.6773190814407811
qwen35-9b,g24p2_073,RND+,0.12149035280594073
qwen35-9b,g24p2_073,RND-,0.192899130801337
qwen35-9b,g24p2_073,STR+,0.2628614456505938
qwen35-9b,g24p2_073,STR-,0.29738577193864096
qwen35-9b,g24p2_073,Y0,0.04442199913329069
qwen35-9b,g24p2_074,ADM+,98.98590820932944
qwen35-9b,g24p2_074,ADM-,6.295952681214924
qwen35-9b,g24p2_074,CF+,23.850236182732857
qwen35-9b,g24p2_074,CF-,51.45884023054578
qwen35-9b,g24p2_074,EXC+,98.16262014503144
qwen35-9b,g24p2_074,EXC-,0.010173173666038794
qwen35-9b,g24p2_074,MNR+,98.50188932515508
qwen35-9b,g24p2_074,MNR-,0.03603652447449351
qwen35-9b,g24p2_074,RND+,43.67140424960238
qwen35-9b,g24p2_074,RND-,51.58720351526072
qwen35-9b,g24p2_074,STR+,97.22611288810428
qwen35-9b,g24p2_074,STR-,14.499619143037084
qwen35-9b,g24p2_074,Y0,12.06932805902071
qwen35-9b,g24p2_075,ADM+,98.72923084502929
qwen35-9b,g24p2_075,ADM-,3.44309064634291
qwen35-9b,g24p2_075,CF+,98.23127965132818
qwen35-9b,g24p2_075,CF-,19.296234893179108
qwen35-9b,g24p2_075,EXC+,23.398610955428396
qwen35-9b,g24p2_075,EXC-,21.88440451274142
qwen35-9b,g24p2_075,MNR+,99.5671864396983
qwen35-9b,g24p2_075,MNR-,6.756951346559802
qwen35-9b,g24p2_075,RND+,98.4867695884211
qwen35-9b,g24p2_075,RND-,9.97850215788252
qwen35-9b,g24p2_075,STR+,98.8565745999461
qwen35-9b,g24p2_075,STR-,11.531046395780546
qwen35-9b,g24p2_075,Y0,99.55518165473372
qwen35-9b,g24p2_076,ADM+,98.72735653224798
qwen35-9b,g24p2_076,ADM-,31.098850432846714
qwen35-9b,g24p2_076,CF+,97.78248244040263
qwen35-9b,g24p2_076,CF-,98.63295380493838
qwen35-9b,g24p2_076,EXC+,42.89748725070571
qwen35-9b,g24p2_076,EXC-,31.698984630039515
qwen35-9b,g24p2_076,MNR+,96.7701515312059
qwen35-9b,g24p2_076,MNR-,2.3023690446579597
qwen35-9b,g24p2_076,RND+,97.06307923168404
qwen35-9b,g24p2_076,RND-,3.764044579411178
qwen35-9b,g24p2_076,STR+,36.442986019562596
qwen35-9b,g24p2_076,STR-,40.96513362126362
qwen35-9b,g24p2_076,Y0,94.86081380360878
qwen35-9b,g24p2_077,ADM+,96.22102930127014
qwen35-9b,g24p2_077,ADM-,1.9564886816727034
qwen35-9b,g24p2_077,CF+,35.95004450765302
qwen35-9b,g24p2_077,CF-,7.852115111380592
qwen35-9b,g24p2_077,EXC+,80.21601423021838
qwen35-9b,g24p2_077,EXC-,15.46049886337399
qwen35-9b,g24p2_077,MNR+,95.32275747656364
qwen35-9b,g24p2_077,MNR-,14.307494467154742
qwen35-9b,g24p2_077,RND+,44.56281347415009
qwen35-9b,g24p2_077,RND-,45.56440407421909
qwen35-9b,g24p2_077,STR+,36.6086420211035
qwen35-9b,g24p2_077,STR-,3.787111595457139
qwen35-9b,g24p2_077,Y0,8.338205984135877
qwen35-9b,g24p2_079,ADM+,97.03871448049586
qwen35-9b,g24p2_079,ADM-,88.0393600110925
qwen35-9b,g24p2_079,CF+,98.62082088786744
qwen35-9b,g24p2_079,CF-,5.10442667814424
qwen35-9b,g24p2_079,EXC+,92.93156989522697
qwen35-9b,g24p2_079,EXC-,21.32508806162069
qwen35-9b,g24p2_079,MNR+,97.67876174636334
qwen35-9b,g24p2_079,MNR-,1.6438752337324656
qwen35-9b,g24p2_079,RND+,98.30230680840117
qwen35-9b,g24p2_079,RND-,97.22652819807794
qwen35-9b,g24p2_079,STR+,20.086756368971244
qwen35-9b,g24p2_079,STR-,38.758406413774935
qwen35-9b,g24p2_079,Y0,26.86039422413192
qwen35-9b,g24p2_081,ADM+,99.17089058875227
qwen35-9b,g24p2_081,ADM-,1.8680886375881656
qwen35-9b,g24p2_081,CF+,3.491780100402133
qwen35-9b,g24p2_081,CF-,3.1472084241682907
qwen35-9b,g24p2_081,EXC+,33.77902661962068
qwen35-9b,g24p2_081,EXC-,4.698347090948998
qwen35-9b,g24p2_081,MNR+,97.5186842877303
qwen35-9b,g24p2_081,MNR-,21.429895729153582
qwen35-9b,g24p2_081,RND+,4.0347451039989215
qwen35-9b,g24p2_081,RND-,3.38945187261808
qwen35-9b,g24p2_081,STR+,2.8387205405901232
qwen35-9b,g24p2_081,STR-,31.271909141808912
qwen35-9b,g24p2_081,Y0,19.36557602317956
qwen35-9b,g24p2_082,ADM+,99.13632641955849
qwen35-9b,g24p2_082,ADM-,59.611393811751135
qwen35-9b,g24p2_082,CF+,97.56167788181307
qwen35-9b,g24p2_082,CF-,8.162851732020155
qwen35-9b,g24p2_082,EXC+,97.26649961391232
qwen35-9b,g24p2_082,EXC-,3.594792935847526
qwen35-9b,g24p2_082,MNR+,99.18194001204294
qwen35-9b,g24p2_082,MNR-,97.46385397883013
qwen35-9b,g24p2_082,RND+,98.50726361777849
qwen35-9b,g24p2_082,RND-,3.380829797166759
qwen35-9b,g24p2_082,STR+,97.26903318827651
qwen35-9b,g24p2_082,STR-,3.9713055436823623
qwen35-9b,g24p2_082,Y0,0.47053770022252017
qwen35-9b,g24p2_083,ADM+,96.65024720465861
qwen35-9b,g24p2_083,ADM-,96.05769726807515
qwen35-9b,g24p2_083,CF+,30.035001288867242
qwen35-9b,g24p2_083,CF-,34.705998054613815
qwen35-9b,g24p2_083,EXC+,97.19245507304078
qwen35-9b,g24p2_083,EXC-,91.00280969613858
qwen35-9b,g24p2_083,MNR+,99.62278481816368
qwen35-9b,g24p2_083,MNR-,93.98524728664533
qwen35-9b,g24p2_083,RND+,98.67937741555744
qwen35-9b,g24p2_083,RND-,96.39014513612346
qwen35-9b,g24p2_083,STR+,96.48917526003568
qwen35-9b,g24p2_083,STR-,14.980381320549789
qwen35-9b,g24p2_083,Y0,0.6774406401193731
qwen35-9b,g24p2_084,ADM+,98.72353909306493
qwen35-9b,g24p2_084,ADM-,22.055575223951447
qwen35-9b,g24p2_084,CF+,98.78505993875011
qwen35-9b,g24p2_084,CF-,5.192982594405896
qwen35-9b,g24p2_084,EXC+,98.28568465442449
qwen35-9b,g24p2_084,EXC-,5.293618920884055
qwen35-9b,g24p2_084,MNR+,98.25158261088045
qwen35-9b,g24p2_084,MNR-,7.656488157046072
qwen35-9b,g24p2_084,RND+,99.05206201078096
qwen35-9b,g24p2_084,RND-,6.659684537869568
qwen35-9b,g24p2_084,STR+,98.69132276521775
qwen35-9b,g24p2_084,STR-,98.59215197827665
qwen35-9b,g24p2_084,Y0,42.1179338741531
qwen35-9b,g24p2_085,ADM+,98.85137197301793
qwen35-9b,g24p2_085,ADM-,35.079249026716965
qwen35-9b,g24p2_085,CF+,99.91470435201262
qwen35-9b,g24p2_085,CF-,18.189344087768795
qwen35-9b,g24p2_085,EXC+,3.578568705430939
qwen35-9b,g24p2_085,EXC-,17.64116643941095
qwen35-9b,g24p2_085,MNR+,98.68703013683859
qwen35-9b,g24p2_085,MNR-,17.48991147975585
qwen35-9b,g24p2_085,RND+,98.62712281479115
qwen35-9b,g24p2_085,RND-,95.93105061979458
qwen35-9b,g24p2_085,STR+,36.36767533459763
qwen35-9b,g24p2_085,STR-,23.923068725286285
qwen35-9b,g24p2_085,Y0,2.885200248399508
qwen35-9b,g24p2_087,ADM+,95.29990389789118
qwen35-9b,g24p2_087,ADM-,0.03330863581439661
qwen35-9b,g24p2_087,CF+,95.37534767617228
qwen35-9b,g24p2_087,CF-,86.16318081738358
qwen35-9b,g24p2_087,EXC+,15.026934547705931
qwen35-9b,g24p2_087,EXC-,0.033331861824577196
qwen35-9b,g24p2_087,MNR+,56.24755704097984
qwen35-9b,g24p2_087,MNR-,44.197948282988406
qwen35-9b,g24p2_087,RND+,41.23162344545744
qwen35-9b,g24p2_087,RND-,53.87086429202742
qwen35-9b,g24p2_087,STR+,87.2263810366407
qwen35-9b,g24p2_087,STR-,5.15491945407893
qwen35-9b,g24p2_087,Y0,4.444304909472858
qwen35-9b,g24p2_088,ADM+,97.62779769486991
qwen35-9b,g24p2_088,ADM-,7.947893111643371
qwen35-9b,g24p2_088,CF+,98.07518199486775
qwen35-9b,g24p2_088,CF-,38.56941314370471
qwen35-9b,g24p2_088,EXC+,32.27137770883622
qwen35-9b,g24p2_088,EXC-,18.07589458433748
qwen35-9b,g24p2_088,MNR+,97.49193320451752
qwen35-9b,g24p2_088,MNR-,46.36317599969098
qwen35-9b,g24p2_088,RND+,40.599369222372964
qwen35-9b,g24p2_088,RND-,62.563852193554254
qwen35-9b,g24p2_088,STR+,28.083140018288766
qwen35-9b,g24p2_088,STR-,17.301482623165274
qwen35-9b,g24p2_088,Y0,0.7977999473511059
qwen35-9b,g24p2_089,ADM+,98.78011097928317
qwen35-9b,g24p2_089,ADM-,97.27223280326555
qwen35-9b,g24p2_089,CF+,10.868992174348024
qwen35-9b,g24p2_089,CF-,1.035033821192035
qwen35-9b,g24p2_089,EXC+,98.0962457714946
qwen35-9b,g24p2_089,EXC-,25.785094078451177
qwen35-9b,g24p2_089,MNR+,27.80595531436509
qwen35-9b,g24p2_089,MNR-,5.842194517357482
qwen35-9b,g24p2_089,RND+,23.040756946680283
qwen35-9b,g24p2_089,RND-,1.285472261436752
qwen35-9b,g24p2_089,STR+,24.810062045929993
qwen35-9b,g24p2_089,STR-,20.54498576291651
qwen35-9b,g24p2_089,Y0,3.34588388686565
qwen35-9b,g24p2_091,ADM+,99.57725621557222
qwen35-9b,g24p2_091,ADM-,12.089771377757978
qwen35-9b,g24p2_091,CF+,13.785028020736544
qwen35-9b,g24p2_091,CF-,30.71584899057886
qwen35-9b,g24p2_091,EXC+,5.209199444045385
qwen35-9b,g24p2_091,EXC-,29.892864679488866
qwen35-9b,g24p2_091,MNR+,13.775728970229219
qwen35-9b,g24p2_091,MNR-,15.919221610195905
qwen35-9b,g24p2_091,RND+,5.086954275561696
qwen35-9b,g24p2_091,RND-,32.49743770728887
qwen35-9b,g24p2_091,STR+,0.7895793298287814
qwen35-9b,g24p2_091,STR-,3.0636949503999755
qwen35-9b,g24p2_091,Y0,4.673144999814949
qwen35-9b,g24p2_092,ADM+,99.27459571348706
qwen35-9b,g24p2_092,ADM-,6.654476593950778
qwen35-9b,g24p2_092,CF+,98.89445499036883
qwen35-9b,g24p2_092,CF-,4.904840624118211
qwen35-9b,g24p2_092,EXC+,97.2986770572814
qwen35-9b,g24p2_092,EXC-,5.230410780343441
qwen35-9b,g24p2_092,MNR+,88.2447712935889
qwen35-9b,g24p2_092,MNR-,12.05217564466827
qwen35-9b,g24p2_092,RND+,88.41213589606485
qwen35-9b,g24p2_092,RND-,0.015915736554995952
qwen35-9b,g24p2_092,STR+,28.014252264606988
qwen35-9b,g24p2_092,STR-,7.665332019801901
qwen35-9b,g24p2_092,Y0,15.816194503278155
qwen35-9b,g24p2_093,ADM+,97.77520370255438
qwen35-9b,g24p2_093,ADM-,4.6417723003923435
qwen35-9b,g24p2_093,CF+,97.99163712858382
qwen35-9b,g24p2_093,CF-,14.337184104375078
qwen35-9b,g24p2_093,EXC+,97.75408346851198
qwen35-9b,g24p2_093,EXC-,14.593999319009043
qwen35-9b,g24p2_093,MNR+,97.89667088390809
qwen35-9b,g24p2_093,MNR-,19.386560189506
qwen35-9b,g24p2_093,RND+,10.277775528059642
qwen35-9b,g24p2_093,RND-,8.806496219405794
qwen35-9b,g24p2_093,STR+,97.58348574951405
qwen35-9b,g24p2_093,STR-,28.530553247070227
qwen35-9b,g24p2_093,Y0,23.164497326223017
qwen35-9b,g24p2_094,ADM+,99.63176529561153
qwen35-9b,g24p2_094,ADM-,98.00428081793821
qwen35-9b,g24p2_094,CF+,99.90670104770066
qwen35-9b,g24p2_094,CF-,98.79046465191662
qwen35-9b,g24p2_094,EXC+,17.121772616401245
qwen35-9b,g24p2_094,EXC-,98.20647896586169
qwen35-9b,g24p2_094,MNR+,98.11544706132037
qwen35-9b,g24p2_094,MNR-,98.32822726272357
qwen35-9b,g24p2_094,RND+,98.60975830757774
qwen35-9b,g24p2_094,RND-,97.46004798990518
qwen35-9b,g24p2_094,STR+,98.4839855297506
qwen35-9b,g24p2_094,STR-,97.43172121700034
qwen35-9b,g24p2_094,Y0,99.3057084572269
qwen35-9b,g24p2_096,ADM+,98.70737923169578
qwen35-9b,g24p2_096,ADM-,13.415688166687605
qwen35-9b,g24p2_096,CF+,3.6951106224526424
qwen35-9b,g24p2_096,CF-,12.145573473303518
qwen35-9b,g24p2_096,EXC+,95.14457320779536
qwen35-9b,g24p2_096,EXC-,13.9004375872645
qwen35-9b,g24p2_096,MNR+,27.913919655314924
qwen35-9b,g24p2_096,MNR-,15.271684537168104
qwen35-9b,g24p2_096,RND+,4.075453549068815
qwen35-9b,g24p2_096,RND-,19.9274563054501
qwen35-9b,g24p2_096,STR+,33.192153098225745
qwen35-9b,g24p2_096,STR-,7.856602212495703
qwen35-9b,g24p2_096,Y0,21.38974359141014
qwen35-9b,g24p2_098,ADM+,98.37420081618049
qwen35-9b,g24p2_098,ADM-,1.2294446777533323
qwen35-9b,g24p2_098,CF+,90.11134244882984
qwen35-9b,g24p2_098,CF-,1.2219780026310365
qwen35-9b,g24p2_098,EXC+,32.109774269718685
qwen35-9b,g24p2_098,EXC-,3.340118619037254
qwen35-9b,g24p2_098,MNR+,97.83559091840438
qwen35-9b,g24p2_098,MNR-,2.8030732159791967
qwen35-9b,g24p2_098,RND+,89.63718737884066
qwen35-9b,g24p2_098,RND-,1.36639511017297
qwen35-9b,g24p2_098,STR+,39.5017231126546
qwen35-9b,g24p2_098,STR-,39.481380653388385
qwen35-9b,g24p2_098,Y0,97.93498587278232
qwen35-9b,g24p2_099,ADM+,4.450957013295213
qwen35-9b,g24p2_099,ADM-,0.002025453369561771
qwen35-9b,g24p2_099,CF+,0.5233954906828461
qwen35-9b,g24p2_099,CF-,0.17847358970212
qwen35-9b,g24p2_099,EXC+,2.6169770064226636
qwen35-9b,g24p2_099,EXC-,2.9120015922917544
qwen35-9b,g24p2_099,MNR+,2.273063152555803
qwen35-9b,g24p2_099,MNR-,0.33502175800643363
qwen35-9b,g24p2_099,RND+,0.5549624834080211
qwen35-9b,g24p2_099,RND-,0.16796870713179893
qwen35-9b,g24p2_099,STR+,0.2066563201369914
qwen35-9b,g24p2_099,STR-,0.00655199505324118
qwen35-9b,g24p2_099,Y0,0.0015403063802181057
qwen35-9b,g24p2_101,ADM+,98.5538514380613
qwen35-9b,g24p2_101,ADM-,0.28909240104793993
qwen35-9b,g24p2_101,CF+,99.9582761267665
qwen35-9b,g24p2_101,CF-,15.807574029362412
qwen35-9b,g24p2_101,EXC+,29.3457659249229
qwen35-9b,g24p2_101,EXC-,5.7192002327619855
qwen35-9b,g24p2_101,MNR+,99.98002354528107
qwen35-9b,g24p2_101,MNR-,3.908471881099009
qwen35-9b,g24p2_101,RND+,49.189835157897484
qwen35-9b,g24p2_101,RND-,22.10641209782419
qwen35-9b,g24p2_101,STR+,39.709258780993515
qwen35-9b,g24p2_101,STR-,39.71611720307458
qwen35-9b,g24p2_101,Y0,99.06156052684679
qwen35-9b,g24p2_102,ADM+,0.042971291385734536
qwen35-9b,g24p2_102,ADM-,0.23441435403889313
qwen35-9b,g24p2_102,CF+,6.456400556752625
qwen35-9b,g24p2_102,CF-,9.307681687285385
qwen35-9b,g24p2_102,EXC+,97.6439634429724
qwen35-9b,g24p2_102,EXC-,0.023163556788565343
qwen35-9b,g24p2_102,MNR+,97.6466870699725
qwen35-9b,g24p2_102,MNR-,0.8717277162461894
qwen35-9b,g24p2_102,RND+,10.60063938939619
qwen35-9b,g24p2_102,RND-,51.920662546858516
qwen35-9b,g24p2_102,STR+,28.303040578283962
qwen35-9b,g24p2_102,STR-,5.62456115880665
qwen35-9b,g24p2_102,Y0,0.03421510460842827
qwen35-9b,g24p2_103,ADM+,99.03216100358162
qwen35-9b,g24p2_103,ADM-,0.006255521287811301
qwen35-9b,g24p2_103,CF+,96.65369244047035
qwen35-9b,g24p2_103,CF-,1.0247446926900445
qwen35-9b,g24p2_103,EXC+,98.51560727194584
qwen35-9b,g24p2_103,EXC-,9.589778552049383
qwen35-9b,g24p2_103,MNR+,98.8767341495767
qwen35-9b,g24p2_103,MNR-,10.840927176197207
qwen35-9b,g24p2_103,RND+,94.87713014419789
qwen35-9b,g24p2_103,RND-,20.537628572126067
qwen35-9b,g24p2_103,STR+,48.2180560851218
qwen35-9b,g24p2_103,STR-,14.983034441398567
qwen35-9b,g24p2_103,Y0,23.525720335778683
qwen35-9b,g24p2_104,ADM+,97.82720230636914
qwen35-9b,g24p2_104,ADM-,0.005610415870937885
qwen35-9b,g24p2_104,CF+,3.3453030183161894
qwen35-9b,g24p2_104,CF-,0.6816809998501622
qwen35-9b,g24p2_104,EXC+,29.667646718675194
qwen35-9b,g24p2_104,EXC-,0.010985300263988897
qwen35-9b,g24p2_104,MNR+,2.231800407763716
qwen35-9b,g24p2_104,MNR-,0.011575813865142578
qwen35-9b,g24p2_104,RND+,1.4689522419504617
qwen35-9b,g24p2_104,RND-,1.533542687071601
qwen35-9b,g24p2_104,STR+,1.6625016164150226
qwen35-9b,g24p2_104,STR-,14.745053444758335
qwen35-9b,g24p2_104,Y0,4.000561482468042
qwen35-9b,g24p2_105,ADM+,14.347092190732083
qwen35-9b,g24p2_105,ADM-,91.74319756622664
qwen35-9b,g24p2_105,CF+,26.873577721714483
qwen35-9b,g24p2_105,CF-,58.742925523089184
qwen35-9b,g24p2_105,EXC+,44.8374860668675
qwen35-9b,g24p2_105,EXC-,0.08889759469820357
qwen35-9b,g24p2_105,MNR+,16.067815979120862
qwen35-9b,g24p2_105,MNR-,0.1307980891706956
qwen35-9b,g24p2_105,RND+,27.12854352211876
qwen35-9b,g24p2_105,RND-,45.951490019625794
qwen35-9b,g24p2_105,STR+,36.6433445767428
qwen35-9b,g24p2_105,STR-,33.707641566300886
qwen35-9b,g24p2_105,Y0,64.88020461269713
qwen35-9b,g24p2_107,ADM+,98.0789162024128
qwen35-9b,g24p2_107,ADM-,8.606072698886598
qwen35-9b,g24p2_107,CF+,97.62843267550144
qwen35-9b,g24p2_107,CF-,22.37871773280723
qwen35-9b,g24p2_107,EXC+,29.739229055731894
qwen35-9b,g24p2_107,EXC-,27.000338259125172
qwen35-9b,g24p2_107,MNR+,25.81528644918425
qwen35-9b,g24p2_107,MNR-,9.761141673994768
qwen35-9b,g24p2_107,RND+,97.01398970571023
qwen35-9b,g24p2_107,RND-,18.3237481262057
qwen35-9b,g24p2_107,STR+,46.50870719473116
qwen35-9b,g24p2_107,STR-,17.32836539792959
qwen35-9b,g24p2_107,Y0,37.20070041990447
qwen35-9b,g24p2_108,ADM+,98.2609794916861
qwen35-9b,g24p2_108,ADM-,21.77512124008544
qwen35-9b,g24p2_108,CF+,95.90250782967824
qwen35-9b,g24p2_108,CF-,84.71509793127419
qwen35-9b,g24p2_108,EXC+,97.75866364664002
qwen35-9b,g24p2_108,EXC-,21.077624636222353
qwen35-9b,g24p2_108,MNR+,98.40852068360547
qwen35-9b,g24p2_108,MNR-,32.91961746133068
qwen35-9b,g24p2_108,RND+,95.87130567464627
qwen35-9b,g24p2_108,RND-,84.78143759889437
qwen35-9b,g24p2_108,STR+,33.544026764832495
qwen35-9b,g24p2_108,STR-,67.75724851550534
qwen35-9b,g24p2_108,Y0,93.34604210711036
qwen35-9b,g24p2_110,ADM+,99.124221928752
qwen35-9b,g24p2_110,ADM-,94.28982794154378
qwen35-9b,g24p2_110,CF+,97.74868891612712
qwen35-9b,g24p2_110,CF-,97.53502820082512
qwen35-9b,g24p2_110,EXC+,95.62886217272282
qwen35-9b,g24p2_110,EXC-,92.07187932519292
qwen35-9b,g24p2_110,MNR+,99.0840497592281
qwen35-9b,g24p2_110,MNR-,48.92676567780429
qwen35-9b,g24p2_110,RND+,97.55079732913451
qwen35-9b,g24p2_110,RND-,93.89653537020013
qwen35-9b,g24p2_110,STR+,95.59281876090019
qwen35-9b,g24p2_110,STR-,98.74937236600186
qwen35-9b,g24p2_110,Y0,99.81388972309811
qwen35-9b,g24p2_111,ADM+,0.2132201377909773
qwen35-9b,g24p2_111,ADM-,1.2570857613466626
qwen35-9b,g24p2_111,CF+,1.4081682262932513
qwen35-9b,g24p2_111,CF-,2.4270792903632965
qwen35-9b,g24p2_111,EXC+,1.4100654626058042
qwen35-9b,g24p2_111,EXC-,1.352751729155735
qwen35-9b,g24p2_111,MNR+,1.2564405226531847
qwen35-9b,g24p2_111,MNR-,1.5367372828428987
qwen35-9b,g24p2_111,RND+,0.7385224445128618
qwen35-9b,g24p2_111,RND-,2.9687533133213995
qwen35-9b,g24p2_111,STR+,1.1047542010289308
qwen35-9b,g24p2_111,STR-,1.2489242458040442
qwen35-9b,g24p2_111,Y0,1.1892273231825758
qwen35-9b,g24p2_112,ADM+,98.96163648746423
qwen35-9b,g24p2_112,ADM-,0.010633318910246993
qwen35-9b,g24p2_112,CF+,33.746574641952236
qwen35-9b,g24p2_112,CF-,2.373599792227077
qwen35-9b,g24p2_112,EXC+,4.119306338723727
qwen35-9b,g24p2_112,EXC-,0.009051364602356914
qwen35-9b,g24p2_112,MNR+,99.04054271924169
qwen35-9b,g24p2_112,MNR-,0.013595306890982558
qwen35-9b,g24p2_112,RND+,30.61116351004995
qwen35-9b,g24p2_112,RND-,0.729347496305499
qwen35-9b,g24p2_112,STR+,2.9815314192884568
qwen35-9b,g24p2_112,STR-,3.1154909099187176
qwen35-9b,g24p2_112,Y0,99.11574895719554
qwen35-9b,g24p2_113,ADM+,99.30568111647597
qwen35-9b,g24p2_113,ADM-,2.4050950652405096
qwen35-9b,g24p2_113,CF+,99.7329015753205
qwen35-9b,g24p2_113,CF-,13.372051564689938
qwen35-9b,g24p2_113,EXC+,97.01449269080518
qwen35-9b,g24p2_113,EXC-,6.9034225720440086
qwen35-9b,g24p2_113,MNR+,99.39299841293456
qwen35-9b,g24p2_113,MNR-,6.0312338166448445
qwen35-9b,g24p2_113,RND+,99.78505982663916
qwen35-9b,g24p2_113,RND-,5.887000452611999
qwen35-9b,g24p2_113,STR+,99.211556028965
qwen35-9b,g24p2_113,STR-,5.700704276464363
qwen35-9b,g24p2_113,Y0,15.814486314805597
qwen35-9b,g24p2_114,ADM+,99.57927291515273
qwen35-9b,g24p2_114,ADM-,98.87052758241487
qwen35-9b,g24p2_114,CF+,99.01988286360066
qwen35-9b,g24p2_114,CF-,0.41078780825954436
qwen35-9b,g24p2_114,EXC+,19.534895473282162
qwen35-9b,g24p2_114,EXC-,27.17514129383342
qwen35-9b,g24p2_114,MNR+,98.76923211727622
qwen35-9b,g24p2_114,MNR-,97.6060903349656
qwen35-9b,g24p2_114,RND+,99.23901922070038
qwen35-9b,g24p2_114,RND-,3.8759001434512754
qwen35-9b,g24p2_114,STR+,99.4458954559911
qwen35-9b,g24p2_114,STR-,98.15910442293345
qwen35-9b,g24p2_114,Y0,99.07846813796547
qwen35-9b,g24p2_115,ADM+,97.61011058394564
qwen35-9b,g24p2_115,ADM-,95.63951653654262
qwen35-9b,g24p2_115,CF+,12.33428165057781
qwen35-9b,g24p2_115,CF-,69.25893356123912
qwen35-9b,g24p2_115,EXC+,97.53561773753114
qwen35-9b,g24p2_115,EXC-,0.024668898417719357
qwen35-9b,g24p2_115,MNR+,98.622603179705
qwen35-9b,g24p2_115,MNR-,97.78858210625044
qwen35-9b,g24p2_115,RND+,16.405232228287048
qwen35-9b,g24p2_115,RND-,69.37651257886525
qwen35-9b,g24p2_115,STR+,10.004400540307351
qwen35-9b,g24p2_115,STR-,7.421055409761572
qwen35-9b,g24p2_115,Y0,4.808369139334215
qwen35-9b,g24p2_116,ADM+,99.99458506976327
qwen35-9b,g24p2_116,ADM-,0.7957922953358714
qwen35-9b,g24p2_116,CF+,97.9049323995073
qwen35-9b,g24p2_116,CF-,1.3827744503642352
qwen35-9b,g24p2_116,EXC+,98.84545209578951
qwen35-9b,g24p2_116,EXC-,1.3919928201039047
qwen35-9b,g24p2_116,MNR+,99.99414073705023
qwen35-9b,g24p2_116,MNR-,1.6979225365923436
qwen35-9b,g24p2_116,RND+,3.6047223600458675
qwen35-9b,g24p2_116,RND-,3.2005596399884713
qwen35-9b,g24p2_116,STR+,99.9800848713018
qwen35-9b,g24p2_116,STR-,2.066388715898909
qwen35-9b,g24p2_116,Y0,15.325180308840483
qwen35-9b,g24p2_117,ADM+,96.22406845992987
qwen35-9b,g24p2_117,ADM-,47.00005322399539
qwen35-9b,g24p2_117,CF+,94.87362764166883
qwen35-9b,g24p2_117,CF-,14.250792000540592
qwen35-9b,g24p2_117,EXC+,29.446391939732013
qwen35-9b,g24p2_117,EXC-,52.87090205003253
qwen35-9b,g24p2_117,MNR+,96.94504036025104
qwen35-9b,g24p2_117,MNR-,8.739738107332713
qwen35-9b,g24p2_117,RND+,95.30744377432531
qwen35-9b,g24p2_117,RND-,17.08273946303876
qwen35-9b,g24p2_117,STR+,14.813154222085656
qwen35-9b,g24p2_117,STR-,48.421327420867954
qwen35-9b,g24p2_117,Y0,30.924330376675343
qwen35-9b,g24p2_120,ADM+,99.10158157257894
qwen35-9b,g24p2_120,ADM-,99.16125278105183
qwen35-9b,g24p2_120,CF+,91.45652441639334
qwen35-9b,g24p2_120,CF-,97.97886524767279
qwen35-9b,g24p2_120,EXC+,24.22313257848994
qwen35-9b,g24p2_120,EXC-,32.884819116286074
qwen35-9b,g24p2_120,MNR+,99.66693526216638
qwen35-9b,g24p2_120,MNR-,98.9128769569332
qwen35-9b,g24p2_120,RND+,98.33925712157253
qwen35-9b,g24p2_120,RND-,98.13847161948121
qwen35-9b,g24p2_120,STR+,97.50423709464248
qwen35-9b,g24p2_120,STR-,97.49236474447302
qwen35-9b,g24p2_120,Y0,98.50930890824704
qwen35-9b,g24p2_121,ADM+,97.9178629659608
qwen35-9b,g24p2_121,ADM-,3.1293184976763224
qwen35-9b,g24p2_121,CF+,97.37690088119814
qwen35-9b,g24p2_121,CF-,0.6603172947718421
qwen35-9b,g24p2_121,EXC+,28.589665136449696
qwen35-9b,g24p2_121,EXC-,5.430116374731316
qwen35-9b,g24p2_121,MNR+,97.81626507123657
qwen35-9b,g24p2_121,MNR-,14.88290326919555
qwen35-9b,g24p2_121,RND+,98.37539923603892
qwen35-9b,g24p2_121,RND-,2.0919494649040447
qwen35-9b,g24p2_121,STR+,97.09881916786213
qwen35-9b,g24p2_121,STR-,4.909137561173492
qwen35-9b,g24p2_121,Y0,86.28576609190017
qwen35-9b,g24p2_122,ADM+,99.46742684467259
qwen35-9b,g24p2_122,ADM-,47.02970912794705
qwen35-9b,g24p2_122,CF+,98.48737216042613
qwen35-9b,g24p2_122,CF-,88.1401129884166
qwen35-9b,g24p2_122,EXC+,25.09175400250757
qwen35-9b,g24p2_122,EXC-,36.94433041199683
qwen35-9b,g24p2_122,MNR+,97.04394567952758
qwen35-9b,g24p2_122,MNR-,4.488544066302887
qwen35-9b,g24p2_122,RND+,99.34946845824302
qwen35-9b,g24p2_122,RND-,19.510507379926683
qwen35-9b,g24p2_122,STR+,26.54130129492113
qwen35-9b,g24p2_122,STR-,32.158516540820564
qwen35-9b,g24p2_122,Y0,98.69786198261494
qwen35-9b,g24p2_123,ADM+,96.94601521120745
qwen35-9b,g24p2_123,ADM-,97.19653893428111
qwen35-9b,g24p2_123,CF+,27.13492244100839
qwen35-9b,g24p2_123,CF-,15.630594273004911
qwen35-9b,g24p2_123,EXC+,38.68836945356802
qwen35-9b,g24p2_123,EXC-,18.792402333303336
qwen35-9b,g24p2_123,MNR+,38.544424587453946
qwen35-9b,g24p2_123,MNR-,97.23316504402737
qwen35-9b,g24p2_123,RND+,22.903744824848104
qwen35-9b,g24p2_123,RND-,17.845620248370896
qwen35-9b,g24p2_123,STR+,50.954295697412554
qwen35-9b,g24p2_123,STR-,42.02066098558935
qwen35-9b,g24p2_123,Y0,21.553998136227847
qwen35-9b,g24p2_125,ADM+,96.87353598245662
qwen35-9b,g24p2_125,ADM-,82.46852873328675
qwen35-9b,g24p2_125,CF+,9.347311194855047
qwen35-9b,g24p2_125,CF-,22.86756702334218
qwen35-9b,g24p2_125,EXC+,6.572964553807898
qwen35-9b,g24p2_125,EXC-,13.16274613982069
qwen35-9b,g24p2_125,MNR+,9.13834873496032
qwen35-9b,g24p2_125,MNR-,26.712602031768004
qwen35-9b,g24p2_125,RND+,7.65746948830883
qwen35-9b,g24p2_125,RND-,24.852027466820985
qwen35-9b,g24p2_125,STR+,7.414810925424571
qwen35-9b,g24p2_125,STR-,7.472677963033533
qwen35-9b,g24p2_125,Y0,2.2132994003358224
qwen35-9b,g24p2_126,ADM+,97.3616031735528
qwen35-9b,g24p2_126,ADM-,93.03074266006658
qwen35-9b,g24p2_126,CF+,98.36456136077008
qwen35-9b,g24p2_126,CF-,2.5511562062682405
qwen35-9b,g24p2_126,EXC+,11.522764933638891
qwen35-9b,g24p2_126,EXC-,2.490554076604966
qwen35-9b,g24p2_126,MNR+,97.15087411480664
qwen35-9b,g24p2_126,MNR-,3.632276546148737
qwen35-9b,g24p2_126,RND+,94.80448182413606
qwen35-9b,g24p2_126,RND-,3.3864344516261555
qwen35-9b,g24p2_126,STR+,21.582462600966366
qwen35-9b,g24p2_126,STR-,20.280293394836278
qwen35-9b,g24p2_126,Y0,14.044137473773345
qwen35-9b,g24p2_128,ADM+,99.82378900772747
qwen35-9b,g24p2_128,ADM-,1.8956406043339493
qwen35-9b,g24p2_128,CF+,97.15834654148105
qwen35-9b,g24p2_128,CF-,98.71018238269187
qwen35-9b,g24p2_128,EXC+,28.741010052250186
qwen35-9b,g24p2_128,EXC-,64.57096995143488
qwen35-9b,g24p2_128,MNR+,99.79202285754722
qwen35-9b,g24p2_128,MNR-,98.78597821864304
qwen35-9b,g24p2_128,RND+,95.86851276027754
qwen35-9b,g24p2_128,RND-,97.38149506740929
qwen35-9b,g24p2_128,STR+,29.340155500781407
qwen35-9b,g24p2_128,STR-,98.05404852256342
qwen35-9b,g24p2_128,Y0,99.58942272064517
qwen35-9b,g24p2_129,ADM+,34.4507478115111
qwen35-9b,g24p2_129,ADM-,99.6334807810947
qwen35-9b,g24p2_129,CF+,8.313140266642502
qwen35-9b,g24p2_129,CF-,53.66590764560534
qwen35-9b,g24p2_129,EXC+,32.199668664551126
qwen35-9b,g24p2_129,EXC-,27.864129676481816
qwen35-9b,g24p2_129,MNR+,45.04357761924933
qwen35-9b,g24p2_129,MNR-,35.54191614059387
qwen35-9b,g24p2_129,RND+,10.666135660345
qwen35-9b,g24p2_129,RND-,66.31189026590556
qwen35-9b,g24p2_129,STR+,1.4832761967506924
qwen35-9b,g24p2_129,STR-,37.57636118482202
qwen35-9b,g24p2_129,Y0,7.377348989148238
qwen35-9b,g24p2_130,ADM+,99.12697311269625
qwen35-9b,g24p2_130,ADM-,6.682110781742302
qwen35-9b,g24p2_130,CF+,98.15596272211695
qwen35-9b,g24p2_130,CF-,7.620140159160576
qwen35-9b,g24p2_130,EXC+,35.52343477288651
qwen35-9b,g24p2_130,EXC-,3.2159085357034853
qwen35-9b,g24p2_130,MNR+,97.63221081398022
qwen35-9b,g24p2_130,MNR-,3.901505527929836
qwen35-9b,g24p2_130,RND+,98.4527614394203
qwen35-9b,g24p2_130,RND-,21.49569052914011
qwen35-9b,g24p2_130,STR+,37.878914417740575
qwen35-9b,g24p2_130,STR-,2.9883641489586377
qwen35-9b,g24p2_130,Y0,14.189696558967478
qwen35-9b,g24p2_131,ADM+,99.54268335794372
qwen35-9b,g24p2_131,ADM-,27.641641784636946
qwen35-9b,g24p2_131,CF+,98.76406498481964
qwen35-9b,g24p2_131,CF-,19.151833435636004
qwen35-9b,g24p2_131,EXC+,26.209501846711248
qwen35-9b,g24p2_131,EXC-,2.366931747219999
qwen35-9b,g24p2_131,MNR+,47.0226894859398
qwen35-9b,g24p2_131,MNR-,26.072008954772627
qwen35-9b,g24p2_131,RND+,98.95244514013528
qwen35-9b,g24p2_131,RND-,3.207172983034896
qwen35-9b,g24p2_131,STR+,98.33779327248071
qwen35-9b,g24p2_131,STR-,1.9704909911926773
qwen35-9b,g24p2_131,Y0,99.51804172748798
qwen35-9b,g24p2_132,ADM+,99.61621215942154
qwen35-9b,g24p2_132,ADM-,38.02550131659272
qwen35-9b,g24p2_132,CF+,99.35207554490663
qwen35-9b,g24p2_132,CF-,0.9445338610792915
qwen35-9b,g24p2_132,EXC+,26.969139543925387
qwen35-9b,g24p2_132,EXC-,39.18754593525082
qwen35-9b,g24p2_132,MNR+,99.25895459560788
qwen35-9b,g24p2_132,MNR-,29.483192140174836
qwen35-9b,g24p2_132,RND+,99.26307158248764
qwen35-9b,g24p2_132,RND-,0.5092081339241759
qwen35-9b,g24p2_132,STR+,40.53209339309415
qwen35-9b,g24p2_132,STR-,2.654425052689627
qwen35-9b,g24p2_132,Y0,1.4742247748226938
qwen35-9b,g24p2_133,ADM+,99.51212528857803
qwen35-9b,g24p2_133,ADM-,1.2073200545518408
qwen35-9b,g24p2_133,CF+,99.41869101323192
qwen35-9b,g24p2_133,CF-,97.04029251856757
qwen35-9b,g24p2_133,EXC+,6.164707458454778
qwen35-9b,g24p2_133,EXC-,86.17384870417983
qwen35-9b,g24p2_133,MNR+,99.71398448374512
qwen35-9b,g24p2_133,MNR-,2.9524694486845764
qwen35-9b,g24p2_133,RND+,99.334198684341
qwen35-9b,g24p2_133,RND-,94.87019423807457
qwen35-9b,g24p2_133,STR+,99.4969991177155
qwen35-9b,g24p2_133,STR-,4.084728129725404
qwen35-9b,g24p2_133,Y0,99.83772160860305
qwen35-9b,g24p2_134,ADM+,99.52572034284586
qwen35-9b,g24p2_134,ADM-,51.962549759365444
qwen35-9b,g24p2_134,CF+,98.24009113837143
qwen35-9b,g24p2_134,CF-,98.12434383629954
qwen35-9b,g24p2_134,EXC+,15.606905242431415
qwen35-9b,g24p2_134,EXC-,1.9261244221829226
qwen35-9b,g24p2_134,MNR+,98.97484832488503
qwen35-9b,g24p2_134,MNR-,98.03103757513466
qwen35-9b,g24p2_134,RND+,98.22721562290884
qwen35-9b,g24p2_134,RND-,97.61737692920437
qwen35-9b,g24p2_134,STR+,99.27521769981303
qwen35-9b,g24p2_134,STR-,98.32833629573899
qwen35-9b,g24p2_134,Y0,99.26383727418114
qwen35-9b,g24p2_135,ADM+,2.823314884962006
qwen35-9b,g24p2_135,ADM-,0.8491236392450463
qwen35-9b,g24p2_135,CF+,1.0879809338288091
qwen35-9b,g24p2_135,CF-,0.7276833813375587
qwen35-9b,g24p2_135,EXC+,33.26949029067324
qwen35-9b,g24p2_135,EXC-,0.009107616286719434
qwen35-9b,g24p2_135,MNR+,1.962459954000889
qwen35-9b,g24p2_135,MNR-,0.010247573214594442
qwen35-9b,g24p2_135,RND+,2.4172147255137904
qwen35-9b,g24p2_135,RND-,0.7158360207869066
qwen35-9b,g24p2_135,STR+,32.97649067578104
qwen35-9b,g24p2_135,STR-,0.9666990788538818
qwen35-9b,g24p2_135,Y0,0.5123674836092265
qwen35-9b,g24p2_136,ADM+,98.23334918684503
qwen35-9b,g24p2_136,ADM-,19.9887116946453
qwen35-9b,g24p2_136,CF+,16.14826839960165
qwen35-9b,g24p2_136,CF-,42.3992912791989
qwen35-9b,g24p2_136,EXC+,25.35647632265875
qwen35-9b,g24p2_136,EXC-,17.69945945970142
qwen35-9b,g24p2_136,MNR+,98.85077670560857
qwen35-9b,g24p2_136,MNR-,20.327317247987914
qwen35-9b,g24p2_136,RND+,47.83722444675705
qwen35-9b,g24p2_136,RND-,44.08486980827106
qwen35-9b,g24p2_136,STR+,21.717109236093577
qwen35-9b,g24p2_136,STR-,34.41942484668019
qwen35-9b,g24p2_136,Y0,20.761298751110306
qwen35-9b,g24p2_137,ADM+,97.91273866596221
qwen35-9b,g24p2_137,ADM-,0.006775060867670111
qwen35-9b,g24p2_137,CF+,96.74060817974248
qwen35-9b,g24p2_137,CF-,1.2344089493050356
qwen35-9b,g24p2_137,EXC+,31.11123272084616
qwen35-9b,g24p2_137,EXC-,0.017347666217867028
qwen35-9b,g24p2_137,MNR+,95.01369751195844
qwen35-9b,g24p2_137,MNR-,2.3245553501858427
qwen35-9b,g24p2_137,RND+,5.718553932678584
qwen35-9b,g24p2_137,RND-,3.709060297236305
qwen35-9b,g24p2_137,STR+,43.23230034586156
qwen35-9b,g24p2_137,STR-,3.812408273503393
qwen35-9b,g24p2_137,Y0,0.24463973145400353
qwen35-9b,g24p2_138,ADM+,98.37912251131678
qwen35-9b,g24p2_138,ADM-,0.034645851301789515
qwen35-9b,g24p2_138,CF+,97.20737199170294
qwen35-9b,g24p2_138,CF-,1.9776499958613638
qwen35-9b,g24p2_138,EXC+,97.71658357022399
qwen35-9b,g24p2_138,EXC-,9.013421194086433
qwen35-9b,g24p2_138,MNR+,99.97103801508628
qwen35-9b,g24p2_138,MNR-,12.625202971131152
qwen35-9b,g24p2_138,RND+,97.5782241034303
qwen35-9b,g24p2_138,RND-,86.62166065365145
qwen35-9b,g24p2_138,STR+,99.99788885092784
qwen35-9b,g24p2_138,STR-,26.094411028582154
qwen35-9b,g24p2_138,Y0,97.98299054835354
qwen35-9b,g24p2_140,ADM+,98.84912899547795
qwen35-9b,g24p2_140,ADM-,99.29466829923177
qwen35-9b,g24p2_140,CF+,99.95683275895438
qwen35-9b,g24p2_140,CF-,98.96829075655698
qwen35-9b,g24p2_140,EXC+,0.017613436394830064
qwen35-9b,g24p2_140,EXC-,37.09791968216379
qwen35-9b,g24p2_140,MNR+,98.9100013022236
qwen35-9b,g24p2_140,MNR-,15.371301479274422
qwen35-9b,g24p2_140,RND+,75.52381096955864
qwen35-9b,g24p2_140,RND-,47.55573215281382
qwen35-9b,g24p2_140,STR+,9.329340158595153
qwen35-9b,g24p2_140,STR-,39.93755188205587
qwen35-9b,g24p2_140,Y0,0.07447391239859187
qwen35-9b,g24p2_141,ADM+,98.05772159624422
qwen35-9b,g24p2_141,ADM-,0.009973702511532618
qwen35-9b,g24p2_141,CF+,1.1497491986772919
qwen35-9b,g24p2_141,CF-,2.0146131138200154
qwen35-9b,g24p2_141,EXC+,38.846260418010516
qwen35-9b,g24p2_141,EXC-,28.961100097365417
qwen35-9b,g24p2_141,MNR+,3.6590808378513975
qwen35-9b,g24p2_141,MNR-,3.6651492445477256
qwen35-9b,g24p2_141,RND+,0.9961320289636245
qwen35-9b,g24p2_141,RND-,1.95342219275811
qwen35-9b,g24p2_141,STR+,0.006721107192032076
qwen35-9b,g24p2_141,STR-,1.2309740944617493
qwen35-9b,g24p2_141,Y0,1.4442818524228476
qwen35-9b,g24p2_142,ADM+,99.67247746678646
qwen35-9b,g24p2_142,ADM-,4.8770075863551385
qwen35-9b,g24p2_142,CF+,47.22013449409312
qwen35-9b,g24p2_142,CF-,19.509293276849338
qwen35-9b,g24p2_142,EXC+,31.52498498182961
qwen35-9b,g24p2_142,EXC-,16.649375813922976
qwen35-9b,g24p2_142,MNR+,99.09106221272387
qwen35-9b,g24p2_142,MNR-,10.647041420619425
qwen35-9b,g24p2_142,RND+,97.00691372092375
qwen35-9b,g24p2_142,RND-,39.04301656241742
qwen35-9b,g24p2_142,STR+,23.06776050102671
qwen35-9b,g24p2_142,STR-,18.811062649635822
qwen35-9b,g24p2_142,Y0,0.05763622657761764
qwen35-9b,g24p2_143,ADM+,64.94970720521422
qwen35-9b,g24p2_143,ADM-,0.004362759899533112
qwen35-9b,g24p2_143,CF+,3.307417215738954
qwen35-9b,g24p2_143,CF-,4.028090601570317
qwen35-9b,g24p2_143,EXC+,6.504065894554937
qwen35-9b,g24p2_143,EXC-,0.008408005064919765
qwen35-9b,g24p2_143,MNR+,9.380853672702768
qwen35-9b,g24p2_143,MNR-,6.628862497490304
qwen35-9b,g24p2_143,RND+,4.386742882775355
qwen35-9b,g24p2_143,RND-,96.4225944366029
qwen35-9b,g24p2_143,STR+,4.4532799836883665
qwen35-9b,g24p2_143,STR-,97.28954159221685
qwen35-9b,g24p2_143,Y0,0.42174045138606925
qwen35-9b,g24p2_144,ADM+,99.5237401182867
qwen35-9b,g24p2_144,ADM-,0.011603493774235097
qwen35-9b,g24p2_144,CF+,99.033711320467
qwen35-9b,g24p2_144,CF-,23.996722058090874
qwen35-9b,g24p2_144,EXC+,7.06547370404217
qwen35-9b,g24p2_144,EXC-,10.218552377813136
qwen35-9b,g24p2_144,MNR+,99.63337613606586
qwen35-9b,g24p2_144,MNR-,12.38039034685598
qwen35-9b,g24p2_144,RND+,98.6723345905073
qwen35-9b,g24p2_144,RND-,37.20170992054224
qwen35-9b,g24p2_144,STR+,98.71287381794247
qwen35-9b,g24p2_144,STR-,39.98449336911981
qwen35-9b,g24p2_144,Y0,91.38880295730826
qwen35-9b,g24p2_145,ADM+,99.9945857383613
qwen35-9b,g24p2_145,ADM-,1.9998762321707413
qwen35-9b,g24p2_145,CF+,99.5277956928456
qwen35-9b,g24p2_145,CF-,53.70423535255392
qwen35-9b,g24p2_145,EXC+,18.478584476424107
qwen35-9b,g24p2_145,EXC-,3.065423265612127
qwen35-9b,g24p2_145,MNR+,29.527925778919965
qwen35-9b,g24p2_145,MNR-,2.2767802961756427
qwen35-9b,g24p2_145,RND+,99.97835229773163
qwen35-9b,g24p2_145,RND-,1.564340265065843
qwen35-9b,g24p2_145,STR+,28.284787701838212
qwen35-9b,g24p2_145,STR-,34.78102560946713
qwen35-9b,g24p2_145,Y0,2.804050120443518
qwen35-9b,g24p2_146,ADM+,98.70660043000117
qwen35-9b,g24p2_146,ADM-,3.852821902376654
qwen35-9b,g24p2_146,CF+,99.263918805391
qwen35-9b,g24p2_146,CF-,1.4224642604397313
qwen35-9b,g24p2_146,EXC+,1.7188906091554141
qwen35-9b,g24p2_146,EXC-,7.5583769418787385
qwen35-9b,g24p2_146,MNR+,97.24985935771801
qwen35-9b,g24p2_146,MNR-,3.7955779008813355
qwen35-9b,g24p2_146,RND+,99.11126338062847
qwen35-9b,g24p2_146,RND-,1.4979549149496858
qwen35-9b,g24p2_146,STR+,2.8319255395665253
qwen35-9b,g24p2_146,STR-,1.8727166702687574
qwen35-9b,g24p2_146,Y0,3.998210579757
qwen35-9b,g24p2_147,ADM+,98.87438015267686
qwen35-9b,g24p2_147,ADM-,95.33003976892323
qwen35-9b,g24p2_147,CF+,99.72642391769769
qwen35-9b,g24p2_147,CF-,3.9283284880204286
qwen35-9b,g24p2_147,EXC+,97.24373701106113
qwen35-9b,g24p2_147,EXC-,17.415715399141853
qwen35-9b,g24p2_147,MNR+,98.49894292493056
qwen35-9b,g24p2_147,MNR-,97.22215108072561
qwen35-9b,g24p2_147,RND+,97.78558447524769
qwen35-9b,g24p2_147,RND-,23.382571199291636
qwen35-9b,g24p2_147,STR+,36.21416637648962
qwen35-9b,g24p2_147,STR-,1.3837771090722817
qwen35-9b,g24p2_147,Y0,98.75707955088998
qwen35-9b,g24p2_148,ADM+,99.56211671028353
qwen35-9b,g24p2_148,ADM-,1.4479384914242746
qwen35-9b,g24p2_148,CF+,98.9479586606797
qwen35-9b,g24p2_148,CF-,1.2030702438220091
qwen35-9b,g24p2_148,EXC+,97.66235627218025
qwen35-9b,g24p2_148,EXC-,1.1722815600946976
qwen35-9b,g24p2_148,MNR+,99.16763976905875
qwen35-9b,g24p2_148,MNR-,2.2373882389516857
qwen35-9b,g24p2_148,RND+,99.23464978930326
qwen35-9b,g24p2_148,RND-,0.9243451179608848
qwen35-9b,g24p2_148,STR+,97.49334553626862
qwen35-9b,g24p2_148,STR-,1.8409193173163645
qwen35-9b,g24p2_148,Y0,11.308236369312636
qwen35-9b,g24p2_149,ADM+,99.04840823932791
qwen35-9b,g24p2_149,ADM-,0.3873017521025139
qwen35-9b,g24p2_149,CF+,2.675580087598533
qwen35-9b,g24p2_149,CF-,15.780697792297108
qwen35-9b,g24p2_149,EXC+,23.348630686123542
qwen35-9b,g24p2_149,EXC-,3.5107546109397934
qwen35-9b,g24p2_149,MNR+,99.210837646495
qwen35-9b,g24p2_149,MNR-,5.765664508140902
qwen35-9b,g24p2_149,RND+,5.1056866767896985
qwen35-9b,g24p2_149,RND-,6.338401354437049
qwen35-9b,g24p2_149,STR+,2.351781563391584
qwen35-9b,g24p2_149,STR-,4.842952407910152
qwen35-9b,g24p2_149,Y0,9.382084682193286
qwen35-9b,g24p2_150,ADM+,95.64213896131365
qwen35-9b,g24p2_150,ADM-,1.2255140226382193
qwen35-9b,g24p2_150,CF+,19.734493312210734
qwen35-9b,g24p2_150,CF-,1.1954270920228356
qwen35-9b,g24p2_150,EXC+,17.992552923901616
qwen35-9b,g24p2_150,EXC-,0.9993317731747671
qwen35-9b,g24p2_150,MNR+,98.22111029914785
qwen35-9b,g24p2_150,MNR-,2.5223537630419206
qwen35-9b,g24p2_150,RND+,35.43390408207377
qwen35-9b,g24p2_150,RND-,1.6855549832646055
qwen35-9b,g24p2_150,STR+,96.27996831219968
qwen35-9b,g24p2_150,STR-,4.559237327264974
qwen35-9b,g24p2_150,Y0,0.6092440804109238
qwen35-9b,g24p2_153,ADM+,99.38507943381134
qwen35-9b,g24p2_153,ADM-,9.242371993481527
qwen35-9b,g24p2_153,CF+,98.84816291732166
qwen35-9b,g24p2_153,CF-,3.039814492939081
qwen35-9b,g24p2_153,EXC+,98.37190887216614
qwen35-9b,g24p2_153,EXC-,62.78149383046054
qwen35-9b,g24p2_153,MNR+,98.90030142824655
qwen35-9b,g24p2_153,MNR-,91.70298361773274
qwen35-9b,g24p2_153,RND+,98.98763083873119
qwen35-9b,g24p2_153,RND-,3.9869889691956377
qwen35-9b,g24p2_153,STR+,17.15229497591502
qwen35-9b,g24p2_153,STR-,13.103284219869913
qwen35-9b,g24p2_153,Y0,28.994907393250465
qwen35-9b,g24p2_154,ADM+,97.5463335392678
qwen35-9b,g24p2_154,ADM-,5.517573964983577
qwen35-9b,g24p2_154,CF+,98.96794381743695
qwen35-9b,g24p2_154,CF-,1.3033427260724157
qwen35-9b,g24p2_154,EXC+,96.66279311612325
qwen35-9b,g24p2_154,EXC-,19.558942527733034
qwen35-9b,g24p2_154,MNR+,96.4463363136844
qwen35-9b,g24p2_154,MNR-,1.9883156097715553
qwen35-9b,g24p2_154,RND+,95.90524752371127
qwen35-9b,g24p2_154,RND-,1.292955004034832
qwen35-9b,g24p2_154,STR+,53.808361351475924
qwen35-9b,g24p2_154,STR-,35.96054233249543
qwen35-9b,g24p2_154,Y0,97.63262254156854
qwen35-9b,g24p2_156,ADM+,99.89231055801513
qwen35-9b,g24p2_156,ADM-,95.38983258277885
qwen35-9b,g24p2_156,CF+,98.85819685401562
qwen35-9b,g24p2_156,CF-,9.43815164088479
qwen35-9b,g24p2_156,EXC+,15.206228795087476
qwen35-9b,g24p2_156,EXC-,35.621263519358955
qwen35-9b,g24p2_156,MNR+,99.38485664934059
qwen35-9b,g24p2_156,MNR-,97.94387148464746
qwen35-9b,g24p2_156,RND+,98.73241335303081
qwen35-9b,g24p2_156,RND-,98.2142201082547
qwen35-9b,g24p2_156,STR+,25.585965298993365
qwen35-9b,g24p2_156,STR-,98.74215907068888
qwen35-9b,g24p2_156,Y0,99.52903005718552
qwen35-9b,g24p2_158,ADM+,5.145985562625334
qwen35-9b,g24p2_158,ADM-,9.703234252199783
qwen35-9b,g24p2_158,CF+,0.5943794631081638
qwen35-9b,g24p2_158,CF-,4.168160282934016
qwen35-9b,g24p2_158,EXC+,1.0601588905542565
qwen35-9b,g24p2_158,EXC-,7.521940488444162
qwen35-9b,g24p2_158,MNR+,5.43215057151534
qwen35-9b,g24p2_158,MNR-,1.9636823490101325
qwen35-9b,g24p2_158,RND+,2.8273601723952297
qwen35-9b,g24p2_158,RND-,3.8512347427156493
qwen35-9b,g24p2_158,STR+,19.923862347651262
qwen35-9b,g24p2_158,STR-,12.351138081908227
qwen35-9b,g24p2_158,Y0,0.29072693545087586
qwen35-9b,g24p2_159,ADM+,99.10365881157443
qwen35-9b,g24p2_159,ADM-,0.01330008654889379
qwen35-9b,g24p2_159,CF+,96.99242848347099
qwen35-9b,g24p2_159,CF-,18.305420494954454
qwen35-9b,g24p2_159,EXC+,6.368521114795115
qwen35-9b,g24p2_159,EXC-,4.507891957401765
qwen35-9b,g24p2_159,MNR+,3.410115638415277
qwen35-9b,g24p2_159,MNR-,47.86222498228906
qwen35-9b,g24p2_159,RND+,96.80035338072567
qwen35-9b,g24p2_159,RND-,5.2106338216172015
qwen35-9b,g24p2_159,STR+,95.39716200652104
qwen35-9b,g24p2_159,STR-,10.056448438013279
qwen35-9b,g24p2_159,Y0,79.6483285559563
qwen35-9b,g24p2_160,ADM+,99.70933576502415
qwen35-9b,g24p2_160,ADM-,1.6064010088108862
qwen35-9b,g24p2_160,CF+,98.82992894236835
qwen35-9b,g24p2_160,CF-,48.91679403541613
qwen35-9b,g24p2_160,EXC+,34.59081280001788
qwen35-9b,g24p2_160,EXC-,4.47038273973177
qwen35-9b,g24p2_160,MNR+,99.13981497056018
qwen35-9b,g24p2_160,MNR-,2.2910003377056416
qwen35-9b,g24p2_160,RND+,94.66082519335646
qwen35-9b,g24p2_160,RND-,2.285687642605304
qwen35-9b,g24p2_160,STR+,93.46708854311326
qwen35-9b,g24p2_160,STR-,2.1654436944796527
qwen35-9b,g24p2_160,Y0,97.67885449037352
qwen35-9b,g24p2_161,ADM+,1.3912407073075412
qwen35-9b,g24p2_161,ADM-,0.006265465871269603
qwen35-9b,g24p2_161,CF+,4.171379476268381
qwen35-9b,g24p2_161,CF-,1.2856891444645582
qwen35-9b,g24p2_161,EXC+,30.9418043957777
qwen35-9b,g24p2_161,EXC-,3.6597323654241376
qwen35-9b,g24p2_161,MNR+,96.98985748942391
qwen35-9b,g24p2_161,MNR-,0.047237041271316914
qwen35-9b,g24p2_161,RND+,94.40291361119623
qwen35-9b,g24p2_161,RND-,46.61693927762984
qwen35-9b,g24p2_161,STR+,43.57075709135998
qwen35-9b,g24p2_161,STR-,42.1559589660862
qwen35-9b,g24p2_161,Y0,4.380855485459101
qwen35-9b,g24p2_163,ADM+,98.26228830963001
qwen35-9b,g24p2_163,ADM-,0.01096874533217782
qwen35-9b,g24p2_163,CF+,1.2615995003219052
qwen35-9b,g24p2_163,CF-,5.506476871120615
qwen35-9b,g24p2_163,EXC+,30.45302302551706
qwen35-9b,g24p2_163,EXC-,6.69561830041204
qwen35-9b,g24p2_163,MNR+,97.39435388607573
qwen35-9b,g24p2_163,MNR-,10.614469000717378
qwen35-9b,g24p2_163,RND+,1.261600752977271
qwen35-9b,g24p2_163,RND-,1.2734717486659273
qwen35-9b,g24p2_163,STR+,1.272915199803299
qwen35-9b,g24p2_163,STR-,4.713958862373487
qwen35-9b,g24p2_163,Y0,14.061564681737915
qwen35-9b,g24p2_164,ADM+,99.67714053673869
qwen35-9b,g24p2_164,ADM-,3.593854971085549
qwen35-9b,g24p2_164,CF+,98.94976882544887
qwen35-9b,g24p2_164,CF-,9.673747285044593
qwen35-9b,g24p2_164,EXC+,98.52211317733482
qwen35-9b,g24p2_164,EXC-,5.809983098821924
qwen35-9b,g24p2_164,MNR+,98.79108356603261
qwen35-9b,g24p2_164,MNR-,17.309997688443804
qwen35-9b,g24p2_164,RND+,99.99226404212709
qwen35-9b,g24p2_164,RND-,15.544670556268322
qwen35-9b,g24p2_164,STR+,99.08586384546086
qwen35-9b,g24p2_164,STR-,5.174944278447667
qwen35-9b,g24p2_164,Y0,25.544910474715934
qwen35-9b,g24p2_165,ADM+,99.50252530044492
qwen35-9b,g24p2_165,ADM-,99.22277085791751
qwen35-9b,g24p2_165,CF+,98.24353418136019
qwen35-9b,g24p2_165,CF-,99.13190011212204
qwen35-9b,g24p2_165,EXC+,35.1164946405063
qwen35-9b,g24p2_165,EXC-,32.50997236344862
qwen35-9b,g24p2_165,MNR+,98.73390847433947
qwen35-9b,g24p2_165,MNR-,40.75440104217262
qwen35-9b,g24p2_165,RND+,99.42465113217855
qwen35-9b,g24p2_165,RND-,98.75982181628567
qwen35-9b,g24p2_165,STR+,98.89271532560814
qwen35-9b,g24p2_165,STR-,5.5084486505566455
qwen35-9b,g24p2_165,Y0,4.109495381084283
qwen35-9b,g24p2_167,ADM+,98.02813470883638
qwen35-9b,g24p2_167,ADM-,22.64554528668281
qwen35-9b,g24p2_167,CF+,32.50492344636308
qwen35-9b,g24p2_167,CF-,1.247619330769975
qwen35-9b,g24p2_167,EXC+,11.3353527443316
qwen35-9b,g24p2_167,EXC-,4.274315261173271
qwen35-9b,g24p2_167,MNR+,99.12423347631866
qwen35-9b,g24p2_167,MNR-,12.620395608058086
qwen35-9b,g24p2_167,RND+,96.99051195476227
qwen35-9b,g24p2_167,RND-,1.2186595968167075
qwen35-9b,g24p2_167,STR+,31.64376500091707
qwen35-9b,g24p2_167,STR-,26.789948650471608
qwen35-9b,g24p2_167,Y0,48.07295802000993
qwen35-9b,g24p2_169,ADM+,98.33787241669701
qwen35-9b,g24p2_169,ADM-,0.5239082226051882
qwen35-9b,g24p2_169,CF+,10.607632389442513
qwen35-9b,g24p2_169,CF-,0.8692969016358486
qwen35-9b,g24p2_169,EXC+,99.84695379106478
qwen35-9b,g24p2_169,EXC-,0.014079275583229479
qwen35-9b,g24p2_169,MNR+,97.78805582183676
qwen35-9b,g24p2_169,MNR-,0.009173785891643527
qwen35-9b,g24p2_169,RND+,95.80514488402444
qwen35-9b,g24p2_169,RND-,1.1045570716602475
qwen35-9b,g24p2_169,STR+,26.04236201261151
qwen35-9b,g24p2_169,STR-,40.7480190594641
qwen35-9b,g24p2_169,Y0,0.697904795296454
qwen35-9b,g24p2_170,ADM+,98.84430373349764
qwen35-9b,g24p2_170,ADM-,97.73697832215791
qwen35-9b,g24p2_170,CF+,97.95629594562776
qwen35-9b,g24p2_170,CF-,2.5501605839267514
qwen35-9b,g24p2_170,EXC+,6.886923000689916
qwen35-9b,g24p2_170,EXC-,29.035173659227766
qwen35-9b,g24p2_170,MNR+,98.49625901964285
qwen35-9b,g24p2_170,MNR-,1.8004441911823248
qwen35-9b,g24p2_170,RND+,97.9854877077491
qwen35-9b,g24p2_170,RND-,5.847881196997744
qwen35-9b,g24p2_170,STR+,1.9605360628651658
qwen35-9b,g24p2_170,STR-,9.746453456479946
qwen35-9b,g24p2_170,Y0,0.44602969174548385
qwen35-9b,g24p2_171,ADM+,99.62870055488189
qwen35-9b,g24p2_171,ADM-,0.007224481486855059
qwen35-9b,g24p2_171,CF+,50.07414019191751
qwen35-9b,g24p2_171,CF-,91.655145340581
qwen35-9b,g24p2_171,EXC+,95.25357594466362
qwen35-9b,g24p2_171,EXC-,7.8374530901932
qwen35-9b,g24p2_171,MNR+,98.85647570064192
qwen35-9b,g24p2_171,MNR-,3.9704282000090765
qwen35-9b,g24p2_171,RND+,93.63411496074008
qwen35-9b,g24p2_171,RND-,9.535074046201947
qwen35-9b,g24p2_171,STR+,27.940761124917728
qwen35-9b,g24p2_171,STR-,2.05642529727512
qwen35-9b,g24p2_171,Y0,1.3886901232464266
qwen35-9b,g24p2_172,ADM+,96.1148327134234
qwen35-9b,g24p2_172,ADM-,1.9405855866346613
qwen35-9b,g24p2_172,CF+,35.1496673022125
qwen35-9b,g24p2_172,CF-,53.94031125139034
qwen35-9b,g24p2_172,EXC+,8.098786075919378
qwen35-9b,g24p2_172,EXC-,12.15295995646412
qwen35-9b,g24p2_172,MNR+,96.86625988554461
qwen35-9b,g24p2_172,MNR-,1.8669134751687533
qwen35-9b,g24p2_172,RND+,33.44450172140585
qwen35-9b,g24p2_172,RND-,37.92756489999168
qwen35-9b,g24p2_172,STR+,41.83069709357207
qwen35-9b,g24p2_172,STR-,40.2585100598789
qwen35-9b,g24p2_172,Y0,16.241520647132923
qwen35-9b,g24p2_174,ADM+,98.13831330830493
qwen35-9b,g24p2_174,ADM-,8.508647945073667
qwen35-9b,g24p2_174,CF+,97.49993170027945
qwen35-9b,g24p2_174,CF-,96.08294005885278
qwen35-9b,g24p2_174,EXC+,30.92604224455155
qwen35-9b,g24p2_174,EXC-,17.717215439989214
qwen35-9b,g24p2_174,MNR+,99.04570979931206
qwen35-9b,g24p2_174,MNR-,90.5200110074157
qwen35-9b,g24p2_174,RND+,97.51951341888191
qwen35-9b,g24p2_174,RND-,24.561279526723
qwen35-9b,g24p2_174,STR+,98.65394515977921
qwen35-9b,g24p2_174,STR-,23.402697740054784
qwen35-9b,g24p2_174,Y0,20.90576581731783
qwen35-9b,g24p2_175,ADM+,99.13093434311021
qwen35-9b,g24p2_175,ADM-,3.0629739262925746
qwen35-9b,g24p2_175,CF+,97.64150004454473
qwen35-9b,g24p2_175,CF-,11.358140249131408
qwen35-9b,g24p2_175,EXC+,98.7622976862591
qwen35-9b,g24p2_175,EXC-,14.979670135384143
qwen35-9b,g24p2_175,MNR+,97.553809090507
qwen35-9b,g24p2_175,MNR-,16.340836065779566
qwen35-9b,g24p2_175,RND+,98.11754686155824
qwen35-9b,g24p2_175,RND-,12.423617902085457
qwen35-9b,g24p2_175,STR+,97.38666234672212
qwen35-9b,g24p2_175,STR-,17.10465376330507
qwen35-9b,g24p2_175,Y0,98.4779176431975
qwen35-9b,g24p2_176,ADM+,98.96859956288648
qwen35-9b,g24p2_176,ADM-,4.806933572052532
qwen35-9b,g24p2_176,CF+,99.64744037591537
qwen35-9b,g24p2_176,CF-,14.585751328362537
qwen35-9b,g24p2_176,EXC+,98.57688757704084
qwen35-9b,g24p2_176,EXC-,19.84209083152642
qwen35-9b,g24p2_176,MNR+,98.91355684065519
qwen35-9b,g24p2_176,MNR-,9.346492556834198
qwen35-9b,g24p2_176,RND+,99.79213281322706
qwen35-9b,g24p2_176,RND-,8.952416093994273
qwen35-9b,g24p2_176,STR+,99.11615839688699
qwen35-9b,g24p2_176,STR-,7.83196350986208
qwen35-9b,g24p2_176,Y0,99.90381314952751
qwen35-9b,g24p2_177,ADM+,98.82352898004804
qwen35-9b,g24p2_177,ADM-,1.5896844770114218
qwen35-9b,g24p2_177,CF+,99.64037818672288
qwen35-9b,g24p2_177,CF-,8.14200853750907
qwen35-9b,g24p2_177,EXC+,34.14582671565991
qwen35-9b,g24p2_177,EXC-,7.993731898771843
qwen35-9b,g24p2_177,MNR+,98.63627507316076
qwen35-9b,g24p2_177,MNR-,8.310015270081628
qwen35-9b,g24p2_177,RND+,98.89026293528897
qwen35-9b,g24p2_177,RND-,1.4446576253887387
qwen35-9b,g24p2_177,STR+,98.91945965460917
qwen35-9b,g24p2_177,STR-,96.97296730304737
qwen35-9b,g24p2_177,Y0,98.17730037460238
qwen35-9b,g24p2_178,ADM+,98.54677125923713
qwen35-9b,g24p2_178,ADM-,0.2557157356540414
qwen35-9b,g24p2_178,CF+,98.90217918257125
qwen35-9b,g24p2_178,CF-,98.06794181761234
qwen35-9b,g24p2_178,EXC+,20.069257300855863
qwen35-9b,g24p2_178,EXC-,0.016556595064449963
qwen35-9b,g24p2_178,MNR+,98.38380326208477
qwen35-9b,g24p2_178,MNR-,1.7245557639072338
qwen35-9b,g24p2_178,RND+,4.058141213857861
qwen35-9b,g24p2_178,RND-,1.7473908285698323
qwen35-9b,g24p2_178,STR+,7.63161662577446
qwen35-9b,g24p2_178,STR-,1.5196716876464154
qwen35-9b,g24p2_178,Y0,3.085178175888262
qwen35-9b,g24p2_179,ADM+,98.37369706443106
qwen35-9b,g24p2_179,ADM-,3.8144935721431756
qwen35-9b,g24p2_179,CF+,97.7326665630864
qwen35-9b,g24p2_179,CF-,1.5485775624240707
qwen35-9b,g24p2_179,EXC+,2.0926660518523974
qwen35-9b,g24p2_179,EXC-,9.688617795316738
qwen35-9b,g24p2_179,MNR+,98.07144861125384
qwen35-9b,g24p2_179,MNR-,3.627260141977585
qwen35-9b,g24p2_179,RND+,97.12523000020002
qwen35-9b,g24p2_179,RND-,1.819697200172608
qwen35-9b,g24p2_179,STR+,39.48490863738955
qwen35-9b,g24p2_179,STR-,4.202700798745096
qwen35-9b,g24p2_179,Y0,16.977200950860993
qwen35-9b,g24p2_180,ADM+,6.291412967242472
qwen35-9b,g24p2_180,ADM-,94.6088004910664
qwen35-9b,g24p2_180,CF+,97.67850088628097
qwen35-9b,g24p2_180,CF-,98.05007791962187
qwen35-9b,g24p2_180,EXC+,13.014317967501958
qwen35-9b,g24p2_180,EXC-,0.043868057679907285
qwen35-9b,g24p2_180,MNR+,10.734058044592517
qwen35-9b,g24p2_180,MNR-,94.22770559088391
qwen35-9b,g24p2_180,RND+,97.24969671390933
qwen35-9b,g24p2_180,RND-,8.835406877637821
qwen35-9b,g24p2_180,STR+,40.88674118284073
qwen35-9b,g24p2_180,STR-,39.879932325030126
qwen35-9b,g24p2_180,Y0,9.406981331657809
qwen35-9b,g24p2_181,ADM+,99.56009584493817
qwen35-9b,g24p2_181,ADM-,0.21685741692619798
qwen35-9b,g24p2_181,CF+,2.231122810594091
qwen35-9b,g24p2_181,CF-,1.222397797134439
qwen35-9b,g24p2_181,EXC+,25.244000119350233
qwen35-9b,g24p2_181,EXC-,1.3174068452698364
qwen35-9b,g24p2_181,MNR+,2.263658408687723
qwen35-9b,g24p2_181,MNR-,0.5368928146862229
qwen35-9b,g24p2_181,RND+,2.56955834419673
qwen35-9b,g24p2_181,RND-,1.7241620335386245
qwen35-9b,g24p2_181,STR+,17.745428483657015
qwen35-9b,g24p2_181,STR-,0.36635493271221553
qwen35-9b,g24p2_181,Y0,0.693401053054488
qwen35-9b,g24p2_184,ADM+,98.28781395570662
qwen35-9b,g24p2_184,ADM-,0.014112456278469802
qwen35-9b,g24p2_184,CF+,44.165143965421315
qwen35-9b,g24p2_184,CF-,1.9581451701723012
qwen35-9b,g24p2_184,EXC+,30.622637726001496
qwen35-9b,g24p2_184,EXC-,0.01654604589538035
qwen35-9b,g24p2_184,MNR+,98.20101716988187
qwen35-9b,g24p2_184,MNR-,1.677330299237422
qwen35-9b,g24p2_184,RND+,15.583889696585963
qwen35-9b,g24p2_184,RND-,2.355971155807478
qwen35-9b,g24p2_184,STR+,41.139771555572686
qwen35-9b,g24p2_184,STR-,5.027091412129128
qwen35-9b,g24p2_184,Y0,0.2689159441513738
qwen35-9b,g24p2_185,ADM+,99.01207186711785
qwen35-9b,g24p2_185,ADM-,0.007286568227892194
qwen35-9b,g24p2_185,CF+,41.760628506241986
qwen35-9b,g24p2_185,CF-,43.7631073609983
qwen35-9b,g24p2_185,EXC+,25.281976163085044
qwen35-9b,g24p2_185,EXC-,6.75715573841033
qwen35-9b,g24p2_185,MNR+,99.66443211617967
qwen35-9b,g24p2_185,MNR-,0.7898153812337911
qwen35-9b,g24p2_185,RND+,43.072944774183526
qwen35-9b,g24p2_185,RND-,43.84296740587943
qwen35-9b,g24p2_185,STR+,42.30579487861306
qwen35-9b,g24p2_185,STR-,43.096382662433804
qwen35-9b,g24p2_185,Y0,99.1167311041976
qwen35-9b,g24p2_186,ADM+,99.50449297739036
qwen35-9b,g24p2_186,ADM-,1.0448605287331318
qwen35-9b,g24p2_186,CF+,97.93467304585977
qwen35-9b,g24p2_186,CF-,67.77467448631829
qwen35-9b,g24p2_186,EXC+,32.907043421404296
qwen35-9b,g24p2_186,EXC-,43.37071456504705
qwen35-9b,g24p2_186,MNR+,97.55445492007149
qwen35-9b,g24p2_186,MNR-,2.694185306346421
qwen35-9b,g24p2_186,RND+,97.3341298890074
qwen35-9b,g24p2_186,RND-,2.948033666554904
qwen35-9b,g24p2_186,STR+,98.28066330569412
qwen35-9b,g24p2_186,STR-,2.4819184278439153
qwen35-9b,g24p2_186,Y0,98.05001858114147
qwen35-9b,g24p2_187,ADM+,99.20684322820948
qwen35-9b,g24p2_187,ADM-,9.289012121710769
qwen35-9b,g24p2_187,CF+,98.53831070896238
qwen35-9b,g24p2_187,CF-,2.545772789256624
qwen35-9b,g24p2_187,EXC+,2.938552616669017
qwen35-9b,g24p2_187,EXC-,2.181315963739518
qwen35-9b,g24p2_187,MNR+,30.085505482133946
qwen35-9b,g24p2_187,MNR-,1.987145330389943
qwen35-9b,g24p2_187,RND+,97.05218023950785
qwen35-9b,g24p2_187,RND-,3.1020610305486906
qwen35-9b,g24p2_187,STR+,12.128247574419815
qwen35-9b,g24p2_187,STR-,18.673009304014702
qwen35-9b,g24p2_187,Y0,5.102371501910443
qwen35-9b,g24p2_189,ADM+,99.67245057320392
qwen35-9b,g24p2_189,ADM-,0.00900963364826427
qwen35-9b,g24p2_189,CF+,99.09929229261132
qwen35-9b,g24p2_189,CF-,96.2851654547335
qwen35-9b,g24p2_189,EXC+,9.10441943065685
qwen35-9b,g24p2_189,EXC-,6.76051951303971
qwen35-9b,g24p2_189,MNR+,99.75075058510546
qwen35-9b,g24p2_189,MNR-,12.092533454467132
qwen35-9b,g24p2_189,RND+,96.35963270947701
qwen35-9b,g24p2_189,RND-,95.3983152799614
qwen35-9b,g24p2_189,STR+,39.39076189881041
qwen35-9b,g24p2_189,STR-,41.98809545020105
qwen35-9b,g24p2_189,Y0,98.32303478043752
qwen35-9b,g24p2_190,ADM+,99.16684486536799
qwen35-9b,g24p2_190,ADM-,0.010853812889934913
qwen35-9b,g24p2_190,CF+,97.48773001693445
qwen35-9b,g24p2_190,CF-,98.71270151819175
qwen35-9b,g24p2_190,EXC+,30.84267454425087
qwen35-9b,g24p2_190,EXC-,94.41838522879897
qwen35-9b,g24p2_190,MNR+,14.977319548652835
qwen35-9b,g24p2_190,MNR-,9.109465210206144
qwen35-9b,g24p2_190,RND+,97.43991510079042
qwen35-9b,g24p2_190,RND-,95.0714055541234
qwen35-9b,g24p2_190,STR+,95.80924868818357
qwen35-9b,g24p2_190,STR-,3.198870936407221
qwen35-9b,g24p2_190,Y0,3.7580299872047496
qwen35-9b,g24p2_191,ADM+,96.91220930271737
qwen35-9b,g24p2_191,ADM-,0.019966670080574775
qwen35-9b,g24p2_191,CF+,37.0631741793011
qwen35-9b,g24p2_191,CF-,27.39853104969687
qwen35-9b,g24p2_191,EXC+,37.94090209535855
qwen35-9b,g24p2_191,EXC-,42.55828738477871
qwen35-9b,g24p2_191,MNR+,0.05558800329550435
qwen35-9b,g24p2_191,MNR-,5.641783972780328
qwen35-9b,g24p2_191,RND+,72.76380167665177
qwen35-9b,g24p2_191,RND-,50.61078275634762
qwen35-9b,g24p2_191,STR+,44.23349370941509
qwen35-9b,g24p2_191,STR-,43.50181854545973
qwen35-9b,g24p2_191,Y0,8.598072783326757
qwen35-9b,g24p2_192,ADM+,98.77550773236321
qwen35-9b,g24p2_192,ADM-,98.70989577261606
qwen35-9b,g24p2_192,CF+,98.23313505857762
qwen35-9b,g24p2_192,CF-,97.29652018881525
qwen35-9b,g24p2_192,EXC+,4.456211805870035
qwen35-9b,g24p2_192,EXC-,99.19258897336289
qwen35-9b,g24p2_192,MNR+,99.19437766691064
qwen35-9b,g24p2_192,MNR-,18.692850821273016
qwen35-9b,g24p2_192,RND+,35.94443917403577
qwen35-9b,g24p2_192,RND-,2.8615020062523673
qwen35-9b,g24p2_192,STR+,25.19615621470498
qwen35-9b,g24p2_192,STR-,36.652204879197996
qwen35-9b,g24p2_192,Y0,0.8597487527841081
qwen35-9b,g24p2_193,ADM+,98.85882028568795
qwen35-9b,g24p2_193,ADM-,22.79062782243707
qwen35-9b,g24p2_193,CF+,98.48789899981645
qwen35-9b,g24p2_193,CF-,96.91004068029906
qwen35-9b,g24p2_193,EXC+,1.7900302208804308
qwen35-9b,g24p2_193,EXC-,8.827134385828488
qwen35-9b,g24p2_193,MNR+,99.95659390859464
qwen35-9b,g24p2_193,MNR-,8.062663394492862
qwen35-9b,g24p2_193,RND+,97.17033011593936
qwen35-9b,g24p2_193,RND-,94.29349898046314
qwen35-9b,g24p2_193,STR+,34.10163065395017
qwen35-9b,g24p2_193,STR-,26.40468227661002
qwen35-9b,g24p2_193,Y0,98.57704793185624
qwen35-9b,g24p2_194,ADM+,17.945931484458566
qwen35-9b,g24p2_194,ADM-,0.00610994115056785
qwen35-9b,g24p2_194,CF+,16.41458833704476
qwen35-9b,g24p2_194,CF-,14.038478801588376
qwen35-9b,g24p2_194,EXC+,27.55463112418027
qwen35-9b,g24p2_194,EXC-,28.820899337104706
qwen35-9b,g24p2_194,MNR+,14.417402944529202
qwen35-9b,g24p2_194,MNR-,13.906051137397345
qwen35-9b,g24p2_194,RND+,3.3096054070949084
qwen35-9b,g24p2_194,RND-,5.708869433826514
qwen35-9b,g24p2_194,STR+,4.668256748475489
qwen35-9b,g24p2_194,STR-,4.092062834053417
qwen35-9b,g24p2_194,Y0,21.03963785190378
qwen35-9b,g24p2_196,ADM+,98.57469768326804
qwen35-9b,g24p2_196,ADM-,38.939294957971796
qwen35-9b,g24p2_196,CF+,98.01894905947488
qwen35-9b,g24p2_196,CF-,2.3065351430592154
qwen35-9b,g24p2_196,EXC+,2.498967914232696
qwen35-9b,g24p2_196,EXC-,2.7081987206451132
qwen35-9b,g24p2_196,MNR+,39.42922915243897
qwen35-9b,g24p2_196,MNR-,4.4247418051492104
qwen35-9b,g24p2_196,RND+,98.02197761991779
qwen35-9b,g24p2_196,RND-,2.6743101129165163
qwen35-9b,g24p2_196,STR+,0.5333451993181546
qwen35-9b,g24p2_196,STR-,3.415362605110829
qwen35-9b,g24p2_196,Y0,4.353946858243559
qwen35-9b,g24p2_198,ADM+,99.12733097002636
qwen35-9b,g24p2_198,ADM-,2.238912587520515
qwen35-9b,g24p2_198,CF+,98.97171011642638
qwen35-9b,g24p2_198,CF-,4.2653778503187905
qwen35-9b,g24p2_198,EXC+,31.186035317449257
qwen35-9b,g24p2_198,EXC-,11.705489039774061
qwen35-9b,g24p2_198,MNR+,99.95707106326519
qwen35-9b,g24p2_198,MNR-,2.3969542865335334
qwen35-9b,g24p2_198,RND+,7.602312340277731
qwen35-9b,g24p2_198,RND-,18.95835986852896
qwen35-9b,g24p2_198,STR+,3.65957949772009
qwen35-9b,g24p2_198,STR-,2.1897796651582406
qwen35-9b,g24p2_198,Y0,2.2826773225057035
qwen35-9b,g24p2_200,ADM+,98.56944539007192
qwen35-9b,g24p2_200,ADM-,49.14191949140321
qwen35-9b,g24p2_200,CF+,97.40357874726645
qwen35-9b,g24p2_200,CF-,14.564927043178496
qwen35-9b,g24p2_200,EXC+,12.328496999374233
qwen35-9b,g24p2_200,EXC-,6.656946313870088
qwen35-9b,g24p2_200,MNR+,96.73142000699075
qwen35-9b,g24p2_200,MNR-,14.011877227043273
qwen35-9b,g24p2_200,RND+,98.3062646021578
qwen35-9b,g24p2_200,RND-,14.36017607978939
qwen35-9b,g24p2_200,STR+,2.938759774253133
qwen35-9b,g24p2_200,STR-,14.696401958781093
qwen35-9b,g24p2_200,Y0,97.78011369335552
qwen35-9b,g24p2_201,ADM+,98.04750750570149
qwen35-9b,g24p2_201,ADM-,13.019109817338885
qwen35-9b,g24p2_201,CF+,1.1175437557455785
qwen35-9b,g24p2_201,CF-,5.018478988425077
qwen35-9b,g24p2_201,EXC+,4.419744762234724
qwen35-9b,g24p2_201,EXC-,0.43530694865304953
qwen35-9b,g24p2_201,MNR+,3.766043487082902
qwen35-9b,g24p2_201,MNR-,1.5478400291273655
qwen35-9b,g24p2_201,RND+,49.708836956662736
qwen35-9b,g24p2_201,RND-,0.3865099917220931
qwen35-9b,g24p2_201,STR+,0.4957367592284384
qwen35-9b,g24p2_201,STR-,0.7869043747599638
qwen35-9b,g24p2_201,Y0,0.12380384315929639
qwen35-9b,g24p2_202,ADM+,98.95617385691159
qwen35-9b,g24p2_202,ADM-,0.018142442922898506
qwen35-9b,g24p2_202,CF+,1.3023292180952832
qwen35-9b,g24p2_202,CF-,0.6324470182599814
qwen35-9b,g24p2_202,EXC+,0.7649033381785999
qwen35-9b,g24p2_202,EXC-,3.282273829764633
qwen35-9b,g24p2_202,MNR+,1.5105807284704684
qwen35-9b,g24p2_202,MNR-,0.3567897183149502
qwen35-9b,g24p2_202,RND+,1.365954515469289
qwen35-9b,g24p2_202,RND-,0.8315171677871777
qwen35-9b,g24p2_202,STR+,0.7490520357052275
qwen35-9b,g24p2_202,STR-,1.1603515382437104
qwen35-9b,g24p2_202,Y0,0.1179378560564034
qwen35-9b,g24p2_203,ADM+,97.92361412527421
qwen35-9b,g24p2_203,ADM-,0.005103287008170158
qwen35-9b,g24p2_203,CF+,41.03292786063126
qwen35-9b,g24p2_203,CF-,0.027407500845989703
qwen35-9b,g24p2_203,EXC+,24.09921289148598
qwen35-9b,g24p2_203,EXC-,0.7975836160322456
qwen35-9b,g24p2_203,MNR+,98.82700231015868
qwen35-9b,g24p2_203,MNR-,0.007036650467141791
qwen35-9b,g24p2_203,RND+,43.159187497323636
qwen35-9b,g24p2_203,RND-,0.7218867486372605
qwen35-9b,g24p2_203,STR+,70.23639152895673
qwen35-9b,g24p2_203,STR-,0.5739600031538404
qwen35-9b,g24p2_203,Y0,56.36962364466145
qwen35-9b,g24p2_204,ADM+,99.13056246450837
qwen35-9b,g24p2_204,ADM-,14.825143553937076
qwen35-9b,g24p2_204,CF+,98.67250960092194
qwen35-9b,g24p2_204,CF-,94.95782945438445
qwen35-9b,g24p2_204,EXC+,16.426354285612366
qwen35-9b,g24p2_204,EXC-,5.368386692168474
qwen35-9b,g24p2_204,MNR+,98.59718271739483
qwen35-9b,g24p2_204,MNR-,5.761158653647473
qwen35-9b,g24p2_204,RND+,97.05679449161977
qwen35-9b,g24p2_204,RND-,88.95530671441603
qwen35-9b,g24p2_204,STR+,96.2565216081617
qwen35-9b,g24p2_204,STR-,35.54413219379768
qwen35-9b,g24p2_204,Y0,99.45980822325171
qwen35-9b,g24p2_207,ADM+,58.49797591847909
qwen35-9b,g24p2_207,ADM-,44.60049432856786
qwen35-9b,g24p2_207,CF+,43.62505297678204
qwen35-9b,g24p2_207,CF-,38.55374485205871
qwen35-9b,g24p2_207,EXC+,58.97864854720918
qwen35-9b,g24p2_207,EXC-,33.496912133842635
qwen35-9b,g24p2_207,MNR+,76.9429508273131
qwen35-9b,g24p2_207,MNR-,36.32498713372948
qwen35-9b,g24p2_207,RND+,44.29235227331603
qwen35-9b,g24p2_207,RND-,36.87083695826724
qwen35-9b,g24p2_207,STR+,35.347018519870204
qwen35-9b,g24p2_207,STR-,23.821795778787703
qwen35-9b,g24p2_207,Y0,43.59896288943397
qwen35-9b,g24p2_208,ADM+,99.51086407199783
qwen35-9b,g24p2_208,ADM-,9.449899003519235
qwen35-9b,g24p2_208,CF+,98.19307263049743
qwen35-9b,g24p2_208,CF-,2.314029413043607
qwen35-9b,g24p2_208,EXC+,23.435005872433138
qwen35-9b,g24p2_208,EXC-,9.004942962288332
qwen35-9b,g24p2_208,MNR+,99.43909178533542
qwen35-9b,g24p2_208,MNR-,8.04296310213209
qwen35-9b,g24p2_208,RND+,98.15703859599995
qwen35-9b,g24p2_208,RND-,3.502392401452289
qwen35-9b,g24p2_208,STR+,98.56409169302975
qwen35-9b,g24p2_208,STR-,13.231271613892336
qwen35-9b,g24p2_208,Y0,20.899074233388887
qwen35-9b,g24p2_211,ADM+,98.03953742354491
qwen35-9b,g24p2_211,ADM-,0.007834779398330091
qwen35-9b,g24p2_211,CF+,0.27483733740419075
qwen35-9b,g24p2_211,CF-,0.9272601776912387
qwen35-9b,g24p2_211,EXC+,16.813080002210427
qwen35-9b,g24p2_211,EXC-,0.0023470747924309535
qwen35-9b,g24p2_211,MNR+,2.110058437067741
qwen35-9b,g24p2_211,MNR-,2.4408731826078114
qwen35-9b,g24p2_211,RND+,0.17830294164894533
qwen35-9b,g24p2_211,RND-,0.4347145579576532
qwen35-9b,g24p2_211,STR+,0.11358399667458514
qwen35-9b,g24p2_211,STR-,1.1062450687688892
qwen35-9b,g24p2_211,Y0,1.22054912809779
qwen35-9b,g24p2_213,ADM+,97.56141176659125
qwen35-9b,g24p2_213,ADM-,98.76210510947402
qwen35-9b,g24p2_213,CF+,33.85818107584933
qwen35-9b,g24p2_213,CF-,6.353505474070933
qwen35-9b,g24p2_213,EXC+,59.18392005985648
qwen35-9b,g24p2_213,EXC-,53.343029343731025
qwen35-9b,g24p2_213,MNR+,98.1739316963636
qwen35-9b,g24p2_213,MNR-,98.08551532016452
qwen35-9b,g24p2_213,RND+,4.272569434078354
qwen35-9b,g24p2_213,RND-,1.862621202273316
qwen35-9b,g24p2_213,STR+,7.519252414456523
qwen35-9b,g24p2_213,STR-,10.420612959279241
qwen35-9b,g24p2_213,Y0,3.6958141956912534
qwen35-9b,g24p2_214,ADM+,97.22312836827247
qwen35-9b,g24p2_214,ADM-,16.63844247022391
qwen35-9b,g24p2_214,CF+,1.585104078302328
qwen35-9b,g24p2_214,CF-,1.2125742336788514
qwen35-9b,g24p2_214,EXC+,8.848401135920987
qwen35-9b,g24p2_214,EXC-,1.8405740798149997
qwen35-9b,g24p2_214,MNR+,20.32418329185917
qwen35-9b,g24p2_214,MNR-,1.135108139844729
qwen35-9b,g24p2_214,RND+,1.5873684761460356
qwen35-9b,g24p2_214,RND-,3.5115438409789244
qwen35-9b,g24p2_214,STR+,2.0927794130068933
qwen35-9b,g24p2_214,STR-,1.8357023204032923
qwen35-9b,g24p2_214,Y0,0.15840101621731387
qwen35-9b,g24p2_215,ADM+,98.70124953023593
qwen35-9b,g24p2_215,ADM-,0.7838741819547708
qwen35-9b,g24p2_215,CF+,96.31536639802901
qwen35-9b,g24p2_215,CF-,5.080586394857549
qwen35-9b,g24p2_215,EXC+,43.45993955280212
qwen35-9b,g24p2_215,EXC-,0.012357439687164714
qwen35-9b,g24p2_215,MNR+,36.556116886612585
qwen35-9b,g24p2_215,MNR-,0.01857784171135508
qwen35-9b,g24p2_215,RND+,88.91875368145755
qwen35-9b,g24p2_215,RND-,6.774629601716122
qwen35-9b,g24p2_215,STR+,96.3539146313239
qwen35-9b,g24p2_215,STR-,39.64979506232236
qwen35-9b,g24p2_215,Y0,26.17567571306849
qwen35-9b,g24p2_216,ADM+,96.51415672346455
qwen35-9b,g24p2_216,ADM-,33.78631209500039
qwen35-9b,g24p2_216,CF+,93.89393091387257
qwen35-9b,g24p2_216,CF-,15.85746934273255
qwen35-9b,g24p2_216,EXC+,19.920344304198363
qwen35-9b,g24p2_216,EXC-,8.449278499756714
qwen35-9b,g24p2_216,MNR+,67.17758778741143
qwen35-9b,g24p2_216,MNR-,44.883914274282205
qwen35-9b,g24p2_216,RND+,97.95208027924748
qwen35-9b,g24p2_216,RND-,48.68546819515269
qwen35-9b,g24p2_216,STR+,94.42493736836724
qwen35-9b,g24p2_216,STR-,27.691388065507127
qwen35-9b,g24p2_216,Y0,61.310657786490474
qwen35-9b,g24p2_217,ADM+,99.10787966961011
qwen35-9b,g24p2_217,ADM-,20.799201271807778
qwen35-9b,g24p2_217,CF+,97.7272800800544
qwen35-9b,g24p2_217,CF-,91.58119258372261
qwen35-9b,g24p2_217,EXC+,31.40889783579825
qwen35-9b,g24p2_217,EXC-,41.22982163121884
qwen35-9b,g24p2_217,MNR+,98.81292085149634
qwen35-9b,g24p2_217,MNR-,44.24186987714572
qwen35-9b,g24p2_217,RND+,96.3137271548055
qwen35-9b,g24p2_217,RND-,87.2446967219927
qwen35-9b,g24p2_217,STR+,98.86364119254387
qwen35-9b,g24p2_217,STR-,90.34358491976116
qwen35-9b,g24p2_217,Y0,95.52904755643796
qwen35-9b,g24p2_218,ADM+,99.98921915160018
qwen35-9b,g24p2_218,ADM-,93.70055521366757
qwen35-9b,g24p2_218,CF+,97.34458399031286
qwen35-9b,g24p2_218,CF-,9.91677359334755
qwen35-9b,g24p2_218,EXC+,2.2584390502786844
qwen35-9b,g24p2_218,EXC-,6.004595878197461
qwen35-9b,g24p2_218,MNR+,98.79625536897655
qwen35-9b,g24p2_218,MNR-,11.140026254626012
qwen35-9b,g24p2_218,RND+,96.52231753849415
qwen35-9b,g24p2_218,RND-,29.720941128494587
qwen35-9b,g24p2_218,STR+,36.047239629774026
qwen35-9b,g24p2_218,STR-,2.847438300696104
qwen35-9b,g24p2_218,Y0,4.230710575871695
qwen35-9b,g24p2_219,ADM+,99.98591315043052
qwen35-9b,g24p2_219,ADM-,96.85748627362752
qwen35-9b,g24p2_219,CF+,97.26252225387447
qwen35-9b,g24p2_219,CF-,1.5798279757001015
qwen35-9b,g24p2_219,EXC+,4.05483946810127
qwen35-9b,g24p2_219,EXC-,22.654475179637842
qwen35-9b,g24p2_219,MNR+,97.35649212845196
qwen35-9b,g24p2_219,MNR-,97.1846271425598
qwen35-9b,g24p2_219,RND+,96.65248565551661
qwen35-9b,g24p2_219,RND-,1.606718989498215
qwen35-9b,g24p2_219,STR+,95.9024262509324
qwen35-9b,g24p2_219,STR-,91.7258481098855
qwen35-9b,g24p2_219,Y0,5.696251935182492
qwen35-9b,g24p2_220,ADM+,16.45887650700247
qwen35-9b,g24p2_220,ADM-,0.0031971898894759977
qwen35-9b,g24p2_220,CF+,0.6681098550071999
qwen35-9b,g24p2_220,CF-,0.8777855608158673
qwen35-9b,g24p2_220,EXC+,1.359296501379364
qwen35-9b,g24p2_220,EXC-,7.144124846457817
qwen35-9b,g24p2_220,MNR+,0.8824756323472783
qwen35-9b,g24p2_220,MNR-,1.0576094463106114
qwen35-9b,g24p2_220,RND+,0.5119479468140965
qwen35-9b,g24p2_220,RND-,0.7821787927491286
qwen35-9b,g24p2_220,STR+,0.6604970270341377
qwen35-9b,g24p2_220,STR-,0.859593569283846
qwen35-9b,g24p2_220,Y0,0.08482532922006954
qwen35-9b,g24p2_223,ADM+,98.52425859861977
qwen35-9b,g24p2_223,ADM-,6.019203530000545
qwen35-9b,g24p2_223,CF+,97.73369732525668
qwen35-9b,g24p2_223,CF-,3.888005397065879
qwen35-9b,g24p2_223,EXC+,0.01594985140328668
qwen35-9b,g24p2_223,EXC-,2.9260425491056927
qwen35-9b,g24p2_223,MNR+,99.1293855470693
qwen35-9b,g24p2_223,MNR-,2.047956068299487
qwen35-9b,g24p2_223,RND+,4.66888050185665
qwen35-9b,g24p2_223,RND-,2.9493896279777165
qwen35-9b,g24p2_223,STR+,92.8944986498904
qwen35-9b,g24p2_223,STR-,0.6922775832644251
qwen35-9b,g24p2_223,Y0,0.00278568707551435
qwen35-9b,g24p2_224,ADM+,99.61863710589256
qwen35-9b,g24p2_224,ADM-,5.09418390684092
qwen35-9b,g24p2_224,CF+,3.9370271144572677
qwen35-9b,g24p2_224,CF-,0.316561510158271
qwen35-9b,g24p2_224,EXC+,5.505263130851573
qwen35-9b,g24p2_224,EXC-,9.968492479674808
qwen35-9b,g24p2_224,MNR+,0.002939388920473745
qwen35-9b,g24p2_224,MNR-,0.009187246289098276
qwen35-9b,g24p2_224,RND+,0.4158989067847869
qwen35-9b,g24p2_224,RND-,0.25087256022713106
qwen35-9b,g24p2_224,STR+,0.35077288965980596
qwen35-9b,g24p2_224,STR-,0.3599835519588419
qwen35-9b,g24p2_224,Y0,0.02686720626402405
qwen35-9b,g24p2_225,ADM+,98.47417707243638
qwen35-9b,g24p2_225,ADM-,98.50033747275896
qwen35-9b,g24p2_225,CF+,98.89922563811945
qwen35-9b,g24p2_225,CF-,97.20777163625637
qwen35-9b,g24p2_225,EXC+,29.409042652498822
qwen35-9b,g24p2_225,EXC-,29.06417902652399
qwen35-9b,g24p2_225,MNR+,98.69153623374423
qwen35-9b,g24p2_225,MNR-,97.41804457912254
qwen35-9b,g24p2_225,RND+,1.4873298548473723
qwen35-9b,g24p2_225,RND-,2.154901758038486
qwen35-9b,g24p2_225,STR+,1.980489106377941
qwen35-9b,g24p2_225,STR-,2.414080269311072
qwen35-9b,g24p2_225,Y0,97.35247784611889
qwen35-9b,g24p2_227,ADM+,99.97737575714117
qwen35-9b,g24p2_227,ADM-,5.313738779677792
qwen35-9b,g24p2_227,CF+,15.50741496750687
qwen35-9b,g24p2_227,CF-,2.3433209713384815
qwen35-9b,g24p2_227,EXC+,5.332599259814608
qwen35-9b,g24p2_227,EXC-,31.234569251409496
qwen35-9b,g24p2_227,MNR+,98.69282082852813
qwen35-9b,g24p2_227,MNR-,2.938666227785894
qwen35-9b,g24p2_227,RND+,15.440568962254181
qwen35-9b,g24p2_227,RND-,6.583147203457029
qwen35-9b,g24p2_227,STR+,6.019570436879903
qwen35-9b,g24p2_227,STR-,8.781532635478877
qwen35-9b,g24p2_227,Y0,15.336713252075192
qwen35-9b,g24p2_228,ADM+,98.97715186062862
qwen35-9b,g24p2_228,ADM-,9.49913416797993
qwen35-9b,g24p2_228,CF+,94.22757789250537
qwen35-9b,g24p2_228,CF-,14.723818843176531
qwen35-9b,g24p2_228,EXC+,1.3939181641144638
qwen35-9b,g24p2_228,EXC-,2.4415515036160875
qwen35-9b,g24p2_228,MNR+,98.56713623752324
qwen35-9b,g24p2_228,MNR-,7.641604894172379
qwen35-9b,g24p2_228,RND+,7.850123899712985
qwen35-9b,g24p2_228,RND-,1.4625858551346158
qwen35-9b,g24p2_228,STR+,0.9795347266061393
qwen35-9b,g24p2_228,STR-,6.823982938436864
qwen35-9b,g24p2_228,Y0,92.48157052392126
qwen35-9b,g24p2_230,ADM+,97.17331765754177
qwen35-9b,g24p2_230,ADM-,4.753547235952373
qwen35-9b,g24p2_230,CF+,99.07707523610526
qwen35-9b,g24p2_230,CF-,1.4415893365224188
qwen35-9b,g24p2_230,EXC+,2.7855779916491326
qwen35-9b,g24p2_230,EXC-,31.194652165127447
qwen35-9b,g24p2_230,MNR+,98.52750923326072
qwen35-9b,g24p2_230,MNR-,2.2545971558072266
qwen35-9b,g24p2_230,RND+,36.24084541389258
qwen35-9b,g24p2_230,RND-,93.04103546084066
qwen35-9b,g24p2_230,STR+,98.71225601828957
qwen35-9b,g24p2_230,STR-,36.41395204284292
qwen35-9b,g24p2_230,Y0,0.15457285902063803
qwen35-9b,g24p2_231,ADM+,98.55871336807986
qwen35-9b,g24p2_231,ADM-,6.509674506190556
qwen35-9b,g24p2_231,CF+,96.88892162412354
qwen35-9b,g24p2_231,CF-,96.87187783839668
qwen35-9b,g24p2_231,EXC+,2.064550427665829
qwen35-9b,g24p2_231,EXC-,9.503046848538608
qwen35-9b,g24p2_231,MNR+,98.60826597151919
qwen35-9b,g24p2_231,MNR-,8.744303407449642
qwen35-9b,g24p2_231,RND+,97.13035222413215
qwen35-9b,g24p2_231,RND-,98.1418566260889
qwen35-9b,g24p2_231,STR+,97.73734679851012
qwen35-9b,g24p2_231,STR-,3.417885126927903
qwen35-9b,g24p2_231,Y0,98.33310629065909
qwen35-9b,g24p2_232,ADM+,98.17832529761161
qwen35-9b,g24p2_232,ADM-,0.3307943878481983
qwen35-9b,g24p2_232,CF+,44.55680403587141
qwen35-9b,g24p2_232,CF-,22.222820374782216
qwen35-9b,g24p2_232,EXC+,36.82024424215123
qwen35-9b,g24p2_232,EXC-,2.4806187654561787
qwen35-9b,g24p2_232,MNR+,15.096331511610625
qwen35-9b,g24p2_232,MNR-,1.495173192554792
qwen35-9b,g24p2_232,RND+,40.153883654404055
qwen35-9b,g24p2_232,RND-,2.9620235749508446
qwen35-9b,g24p2_232,STR+,41.21659805250348
qwen35-9b,g24p2_232,STR-,42.11470180208815
qwen35-9b,g24p2_232,Y0,29.712823296557744
qwen35-9b,g24p2_233,ADM+,99.81449915037706
qwen35-9b,g24p2_233,ADM-,0.590689435160291
qwen35-9b,g24p2_233,CF+,97.97955428485223
qwen35-9b,g24p2_233,CF-,97.85543578441752
qwen35-9b,g24p2_233,EXC+,17.386007039621006
qwen35-9b,g24p2_233,EXC-,98.98960623810785
qwen35-9b,g24p2_233,MNR+,99.41054013003458
qwen35-9b,g24p2_233,MNR-,98.80978224929999
qwen35-9b,g24p2_233,RND+,97.88775464595932
qwen35-9b,g24p2_233,RND-,98.80051384858174
qwen35-9b,g24p2_233,STR+,98.6420123321911
qwen35-9b,g24p2_233,STR-,98.39980613236416
qwen35-9b,g24p2_233,Y0,98.71621032666243
qwen35-9b,g24p2_234,ADM+,97.87169171390053
qwen35-9b,g24p2_234,ADM-,17.797879069604623
qwen35-9b,g24p2_234,CF+,94.10666297606198
qwen35-9b,g24p2_234,CF-,38.19007947892657
qwen35-9b,g24p2_234,EXC+,14.172992150927495
qwen35-9b,g24p2_234,EXC-,26.584315481059278
qwen35-9b,g24p2_234,MNR+,98.84662305606865
qwen35-9b,g24p2_234,MNR-,41.4021857921055
qwen35-9b,g24p2_234,RND+,95.80381286967337
qwen35-9b,g24p2_234,RND-,37.07007459693864
qwen35-9b,g24p2_234,STR+,96.2911907358319
qwen35-9b,g24p2_234,STR-,6.985288281675411
qwen35-9b,g24p2_234,Y0,44.87594580528615
qwen35-9b,g24p2_235,ADM+,96.6254572123926
qwen35-9b,g24p2_235,ADM-,0.9146532872126003
qwen35-9b,g24p2_235,CF+,40.480716993043046
qwen35-9b,g24p2_235,CF-,0.9696802360652192
qwen35-9b,g24p2_235,EXC+,96.99166891196222
qwen35-9b,g24p2_235,EXC-,0.014727695925717479
qwen35-9b,g24p2_235,MNR+,98.41504683118632
qwen35-9b,g24p2_235,MNR-,0.015617443940831208
qwen35-9b,g24p2_235,RND+,95.85822323105398
qwen35-9b,g24p2_235,RND-,1.48196721666912
qwen35-9b,g24p2_235,STR+,96.69434457341015
qwen35-9b,g24p2_235,STR-,2.940897738333292
qwen35-9b,g24p2_235,Y0,18.098967452125247
qwen35-9b,g24p2_237,ADM+,99.30655550293213
qwen35-9b,g24p2_237,ADM-,8.328150200975433
qwen35-9b,g24p2_237,CF+,93.42835218047557
qwen35-9b,g24p2_237,CF-,1.527001641500851
qwen35-9b,g24p2_237,EXC+,41.40373981823148
qwen35-9b,g24p2_237,EXC-,31.342653937045927
qwen35-9b,g24p2_237,MNR+,47.15393189373953
qwen35-9b,g24p2_237,MNR-,44.698174269364166
qwen35-9b,g24p2_237,RND+,95.4211208151288
qwen35-9b,g24p2_237,RND-,45.62538828737118
qwen35-9b,g24p2_237,STR+,40.747287041434625
qwen35-9b,g24p2_237,STR-,31.024318236212473
qwen35-9b,g24p2_237,Y0,26.00940252746494
qwen35-9b,g24p2_238,ADM+,99.92374253526845
qwen35-9b,g24p2_238,ADM-,2.7814797950508265
qwen35-9b,g24p2_238,CF+,99.98611473821586
qwen35-9b,g24p2_238,CF-,35.44816774471504
qwen35-9b,g24p2_238,EXC+,34.28353675648068
qwen35-9b,g24p2_238,EXC-,18.379425865799494
qwen35-9b,g24p2_238,MNR+,96.49527487691496
qwen35-9b,g24p2_238,MNR-,5.070760894844852
qwen35-9b,g24p2_238,RND+,96.46808245244978
qwen35-9b,g24p2_238,RND-,38.26938890275924
qwen35-9b,g24p2_238,STR+,37.7933647921524
qwen35-9b,g24p2_238,STR-,7.282889921460046
qwen35-9b,g24p2_238,Y0,83.80166571187702
qwen35-9b,g24p2_239,ADM+,99.98596423990885
qwen35-9b,g24p2_239,ADM-,0.01731822570344652
qwen35-9b,g24p2_239,CF+,31.792051201154372
qwen35-9b,g24p2_239,CF-,38.35646732677625
qwen35-9b,g24p2_239,EXC+,99.97862830907576
qwen35-9b,g24p2_239,EXC-,57.241379929529
qwen35-9b,g24p2_239,MNR+,97.27687914855244
qwen35-9b,g24p2_239,MNR-,1.058480941574851
qwen35-9b,g24p2_239,RND+,93.70764300859354
qwen35-9b,g24p2_239,RND-,12.446956879368877
qwen35-9b,g24p2_239,STR+,41.87087299348995
qwen35-9b,g24p2_239,STR-,14.664136305166714
qwen35-9b,g24p2_239,Y0,5.423284978672157
qwen35-9b,g24p2_240,ADM+,98.12007078340154
qwen35-9b,g24p2_240,ADM-,0.007841242273932418
qwen35-9b,g24p2_240,CF+,98.52810960702028
qwen35-9b,g24p2_240,CF-,0.5580452093008043
qwen35-9b,g24p2_240,EXC+,2.552807743417533
qwen35-9b,g24p2_240,EXC-,0.01727858240823467
qwen35-9b,g24p2_240,MNR+,99.03747159254833
qwen35-9b,g24p2_240,MNR-,0.005910734881191388
qwen35-9b,g24p2_240,RND+,97.98302342779323
qwen35-9b,g24p2_240,RND-,0.8026473360124151
qwen35-9b,g24p2_240,STR+,2.8765703747998277
qwen35-9b,g24p2_240,STR-,0.928430967744649
qwen35-9b,g24p2_240,Y0,1.4591512047566526
qwen35-9b,g24p2_242,ADM+,91.9728753725019
qwen35-9b,g24p2_242,ADM-,2.043385181410489
qwen35-9b,g24p2_242,CF+,6.698311504861886
qwen35-9b,g24p2_242,CF-,6.55864553434119
qwen35-9b,g24p2_242,EXC+,12.002847595136853
qwen35-9b,g24p2_242,EXC-,8.32111488920939
qwen35-9b,g24p2_242,MNR+,20.857037553975076
qwen35-9b,g24p2_242,MNR-,5.616810290363222
qwen35-9b,g24p2_242,RND+,42.34823945957072
qwen35-9b,g24p2_242,RND-,8.683954507855846
qwen35-9b,g24p2_242,STR+,14.589641962412648
qwen35-9b,g24p2_242,STR-,2.1578080254004477
qwen35-9b,g24p2_242,Y0,94.03131366093922
qwen35-9b,g24p2_245,ADM+,99.39846391771586
qwen35-9b,g24p2_245,ADM-,0.015158106250434063
qwen35-9b,g24p2_245,CF+,98.86172853794137
qwen35-9b,g24p2_245,CF-,40.65318697704428
qwen35-9b,g24p2_245,EXC+,35.17649057874573
qwen35-9b,g24p2_245,EXC-,7.162271973922167
qwen35-9b,g24p2_245,MNR+,99.94485036571324
qwen35-9b,g24p2_245,MNR-,0.011273317269184254
qwen35-9b,g24p2_245,RND+,99.28184778728453
qwen35-9b,g24p2_245,RND-,45.46141549373573
qwen35-9b,g24p2_245,STR+,40.220662879648785
qwen35-9b,g24p2_245,STR-,42.599576730813816
qwen35-9b,g24p2_245,Y0,98.72742787291638
qwen35-9b,g24p2_246,ADM+,98.17973444056378
qwen35-9b,g24p2_246,ADM-,0.9845168322367637
qwen35-9b,g24p2_246,CF+,98.06554638891383
qwen35-9b,g24p2_246,CF-,45.50210821717531
qwen35-9b,g24p2_246,EXC+,33.47880250358472
qwen35-9b,g24p2_246,EXC-,4.159181245379845
qwen35-9b,g24p2_246,MNR+,37.18497456395044
qwen35-9b,g24p2_246,MNR-,0.4544825886506659
qwen35-9b,g24p2_246,RND+,99.43823802275307
qwen35-9b,g24p2_246,RND-,50.904589246389456
qwen35-9b,g24p2_246,STR+,39.98679225992076
qwen35-9b,g24p2_246,STR-,41.08304787434669
qwen35-9b,g24p2_246,Y0,1.91971392683537
qwen35-9b,g24p2_247,ADM+,99.11770232582079
qwen35-9b,g24p2_247,ADM-,24.73414520627771
qwen35-9b,g24p2_247,CF+,64.86198015771328
qwen35-9b,g24p2_247,CF-,1.0572979547539556
qwen35-9b,g24p2_247,EXC+,6.190861404637327
qwen35-9b,g24p2_247,EXC-,11.052465236067762
qwen35-9b,g24p2_247,MNR+,99.0435531007576
qwen35-9b,g24p2_247,MNR-,8.970049081863031
qwen35-9b,g24p2_247,RND+,95.12710003036662
qwen35-9b,g24p2_247,RND-,1.3451099596363194
qwen35-9b,g24p2_247,STR+,32.1869955236587
qwen35-9b,g24p2_247,STR-,2.6852907809915236
qwen35-9b,g24p2_247,Y0,99.5455479964675
qwen35-9b,g24p2_248,ADM+,99.29346815108346
qwen35-9b,g24p2_248,ADM-,0.004661280153289468
qwen35-9b,g24p2_248,CF+,22.596028804660342
qwen35-9b,g24p2_248,CF-,45.80338977909429
qwen35-9b,g24p2_248,EXC+,17.73268423918653
qwen35-9b,g24p2_248,EXC-,0.004701115719499219
qwen35-9b,g24p2_248,MNR+,98.83675316979232
qwen35-9b,g24p2_248,MNR-,0.629355609211317
qwen35-9b,g24p2_248,RND+,4.446456902410937
qwen35-9b,g24p2_248,RND-,1.590927027450434
qwen35-9b,g24p2_248,STR+,40.06830931504451
qwen35-9b,g24p2_248,STR-,40.61813368642486
qwen35-9b,g24p2_248,Y0,2.5900412006625553
qwen35-9b,g24p2_250,ADM+,99.94741047604492
qwen35-9b,g24p2_250,ADM-,1.961552787996904
qwen35-9b,g24p2_250,CF+,97.10883386813208
qwen35-9b,g24p2_250,CF-,0.9833567638607277
qwen35-9b,g24p2_250,EXC+,95.35604787283916
qwen35-9b,g24p2_250,EXC-,7.7351196018504105
qwen35-9b,g24p2_250,MNR+,96.40457168815664
qwen35-9b,g24p2_250,MNR-,0.684378380687544
qwen35-9b,g24p2_250,RND+,96.18037505436617
qwen35-9b,g24p2_250,RND-,35.895655343296845
qwen35-9b,g24p2_250,STR+,18.478536583783143
qwen35-9b,g24p2_250,STR-,36.798804005602875
qwen35-9b,g24p2_250,Y0,2.759700207943686
qwen35-9b,g24p2_252,ADM+,99.9937710620346
qwen35-9b,g24p2_252,ADM-,2.6894316314296822
qwen35-9b,g24p2_252,CF+,99.9893341069799
qwen35-9b,g24p2_252,CF-,0.9424522881119662
qwen35-9b,g24p2_252,EXC+,40.14392991111046
qwen35-9b,g24p2_252,EXC-,9.354637524982023
qwen35-9b,g24p2_252,MNR+,99.1040035820809
qwen35-9b,g24p2_252,MNR-,9.306624058986442
qwen35-9b,g24p2_252,RND+,99.9851973547128
qwen35-9b,g24p2_252,RND-,46.26044091333826
qwen35-9b,g24p2_252,STR+,39.167390841000625
qwen35-9b,g24p2_252,STR-,43.838763473968555
qwen35-9b,g24p2_252,Y0,12.768476983805561
qwen35-9b,g24p2_254,ADM+,97.92036123750397
qwen35-9b,g24p2_254,ADM-,98.24917780855826
qwen35-9b,g24p2_254,CF+,32.499516151163974
qwen35-9b,g24p2_254,CF-,34.64054294208301
qwen35-9b,g24p2_254,EXC+,0.021313589214283526
qwen35-9b,g24p2_254,EXC-,32.61708062671619
qwen35-9b,g24p2_254,MNR+,42.18125806830947
qwen35-9b,g24p2_254,MNR-,31.63688606391939
qwen35-9b,g24p2_254,RND+,94.05811216299686
qwen35-9b,g24p2_254,RND-,36.85729194982943
qwen35-9b,g24p2_254,STR+,95.09653867590903
qwen35-9b,g24p2_254,STR-,39.85734072506941
qwen35-9b,g24p2_254,Y0,81.67224192630891
qwen35-9b,g24p2_255,ADM+,97.6861927270676
qwen35-9b,g24p2_255,ADM-,0.5784068071693889
qwen35-9b,g24p2_255,CF+,97.81446916234425
qwen35-9b,g24p2_255,CF-,14.218180377480454
qwen35-9b,g24p2_255,EXC+,33.785427180399026
qwen35-9b,g24p2_255,EXC-,34.38807090668391
qwen35-9b,g24p2_255,MNR+,99.09319418525776
qwen35-9b,g24p2_255,MNR-,44.084228631632605
qwen35-9b,g24p2_255,RND+,99.04285747511776
qwen35-9b,g24p2_255,RND-,0.9475302362380327
qwen35-9b,g24p2_255,STR+,40.74003479362809
qwen35-9b,g24p2_255,STR-,40.32135796590574
qwen35-9b,g24p2_255,Y0,99.5262731867559
qwen35-9b,g24p2_258,ADM+,99.65266110353723
qwen35-9b,g24p2_258,ADM-,2.622978842857684
qwen35-9b,g24p2_258,CF+,88.18061228369224
qwen35-9b,g24p2_258,CF-,77.56948338516702
qwen35-9b,g24p2_258,EXC+,33.438064890821146
qwen35-9b,g24p2_258,EXC-,16.4924315156599
qwen35-9b,g24p2_258,MNR+,97.85079207365034
qwen35-9b,g24p2_258,MNR-,5.189380960330869
qwen35-9b,g24p2_258,RND+,94.87242095361836
qwen35-9b,g24p2_258,RND-,93.84202446630526
qwen35-9b,g24p2_258,STR+,98.41169873365655
qwen35-9b,g24p2_258,STR-,23.822518653138488
qwen35-9b,g24p2_258,Y0,5.090038417252565
qwen35-9b,g24p2_259,ADM+,98.38703855650584
qwen35-9b,g24p2_259,ADM-,4.0952199065763475
qwen35-9b,g24p2_259,CF+,97.98393502092713
qwen35-9b,g24p2_259,CF-,2.166270751841059
qwen35-9b,g24p2_259,EXC+,4.449268247982019
qwen35-9b,g24p2_259,EXC-,4.982710379324958
qwen35-9b,g24p2_259,MNR+,33.222069102807744
qwen35-9b,g24p2_259,MNR-,36.37667725730958
qwen35-9b,g24p2_259,RND+,97.70827210762644
qwen35-9b,g24p2_259,RND-,3.0323444499167493
qwen35-9b,g24p2_259,STR+,32.268685529592865
qwen35-9b,g24p2_259,STR-,2.5946268907526653
qwen35-9b,g24p2_259,Y0,0.4252872645741883
qwen35-9b,g24p2_260,ADM+,99.4120939436903
qwen35-9b,g24p2_260,ADM-,7.022788844314361
qwen35-9b,g24p2_260,CF+,0.2230593257936021
qwen35-9b,g24p2_260,CF-,31.510991924235654
qwen35-9b,g24p2_260,EXC+,4.019396026101649
qwen35-9b,g24p2_260,EXC-,5.081774399257269
qwen35-9b,g24p2_260,MNR+,35.34927458075094
qwen35-9b,g24p2_260,MNR-,0.8745854933511252
qwen35-9b,g24p2_260,RND+,50.27473975668072
qwen35-9b,g24p2_260,RND-,40.571606263684885
qwen35-9b,g24p2_260,STR+,37.890361256084155
qwen35-9b,g24p2_260,STR-,31.458768470379418
qwen35-9b,g24p2_260,Y0,0.7709444026076079
qwen35-9b,g24p2_261,ADM+,99.21608161609608
qwen35-9b,g24p2_261,ADM-,0.4237987303913487
qwen35-9b,g24p2_261,CF+,98.06717947344242
qwen35-9b,g24p2_261,CF-,1.2399077735809843
qwen35-9b,g24p2_261,EXC+,2.0397735407962894
qwen35-9b,g24p2_261,EXC-,2.3733466461017056
qwen35-9b,g24p2_261,MNR+,98.0583602828068
qwen35-9b,g24p2_261,MNR-,1.6774260568115937
qwen35-9b,g24p2_261,RND+,98.00361195719508
qwen35-9b,g24p2_261,RND-,42.40169284495534
qwen35-9b,g24p2_261,STR+,94.20714305038278
qwen35-9b,g24p2_261,STR-,17.18108361360624
qwen35-9b,g24p2_261,Y0,11.324984828741616
gemma3-12b,g24p2_000,ADM+,99.99914670104194
gemma3-12b,g24p2_000,ADM-,0.05801586286164081
gemma3-12b,g24p2_000,CF+,55.42556812252619
gemma3-12b,g24p2_000,CF-,55.407875373718504
gemma3-12b,g24p2_000,EXC+,90.53375829137423
gemma3-12b,g24p2_000,EXC-,0.05861361730815976
gemma3-12b,g24p2_000,MNR+,93.08328288546842
gemma3-12b,g24p2_000,MNR-,36.70294644855985
gemma3-12b,g24p2_000,RND+,49.82853572038908
gemma3-12b,g24p2_000,RND-,55.54177332280507
gemma3-12b,g24p2_000,STR+,55.44999826177064
gemma3-12b,g24p2_000,STR-,55.53921591019298
gemma3-12b,g24p2_000,Y0,66.69033528377574
gemma3-12b,g24p2_001,ADM+,99.99898888490128
gemma3-12b,g24p2_001,ADM-,7.01061117484386e-05
gemma3-12b,g24p2_001,CF+,55.54626189620351
gemma3-12b,g24p2_001,CF-,55.547308654659986
gemma3-12b,g24p2_001,EXC+,55.525064533661734
gemma3-12b,g24p2_001,EXC-,8.534005186697337e-05
gemma3-12b,g24p2_001,MNR+,77.7486995251706
gemma3-12b,g24p2_001,MNR-,55.551170894602066
gemma3-12b,g24p2_001,RND+,55.547352377947306
gemma3-12b,g24p2_001,RND-,55.54626160788607
gemma3-12b,g24p2_001,STR+,55.53692637137994
gemma3-12b,g24p2_001,STR-,55.53733029354126
gemma3-12b,g24p2_001,Y0,0.024269561538236784
gemma3-12b,g24p2_002,ADM+,66.65604768407233
gemma3-12b,g24p2_002,ADM-,19.743244072010683
gemma3-12b,g24p2_002,CF+,41.00569768671732
gemma3-12b,g24p2_002,CF-,37.56807959959569
gemma3-12b,g24p2_002,EXC+,57.003770978574366
gemma3-12b,g24p2_002,EXC-,48.151836769906936
gemma3-12b,g24p2_002,MNR+,53.58492667372786
gemma3-12b,g24p2_002,MNR-,54.374643293489974
gemma3-12b,g24p2_002,RND+,42.88513560148899
gemma3-12b,g24p2_002,RND-,46.60611440761309
gemma3-12b,g24p2_002,STR+,48.17991725353088
gemma3-12b,g24p2_002,STR-,43.83423302947021
gemma3-12b,g24p2_002,Y0,33.36486352833822
gemma3-12b,g24p2_003,ADM+,99.99904311991645
gemma3-12b,g24p2_003,ADM-,88.93402462357679
gemma3-12b,g24p2_003,CF+,55.230173709669124
gemma3-12b,g24p2_003,CF-,55.5527403106108
gemma3-12b,g24p2_003,EXC+,53.941911139481945
gemma3-12b,g24p2_003,EXC-,55.49069728570856
gemma3-12b,g24p2_003,MNR+,88.92123343879481
gemma3-12b,g24p2_003,MNR-,77.79024411637792
gemma3-12b,g24p2_003,RND+,55.52098225707007
gemma3-12b,g24p2_003,RND-,55.54524093727702
gemma3-12b,g24p2_003,STR+,55.51979397700502
gemma3-12b,g24p2_003,STR-,55.51976016415215
gemma3-12b,g24p2_003,Y0,57.57705004558982
gemma3-12b,g24p2_004,ADM+,99.800151635884
gemma3-12b,g24p2_004,ADM-,88.89500235433736
gemma3-12b,g24p2_004,CF+,55.528494034266934
gemma3-12b,g24p2_004,CF-,55.59416745497542
gemma3-12b,g24p2_004,EXC+,99.92558243762045
gemma3-12b,g24p2_004,EXC-,55.534636814395704
gemma3-12b,g24p2_004,MNR+,87.83127938313584
gemma3-12b,g24p2_004,MNR-,77.79377134058808
gemma3-12b,g24p2_004,RND+,55.52250530391464
gemma3-12b,g24p2_004,RND-,55.571658132356276
gemma3-12b,g24p2_004,STR+,55.53249018947959
gemma3-12b,g24p2_004,STR-,55.54884217158683
gemma3-12b,g24p2_004,Y0,66.6865215767058
gemma3-12b,g24p2_005,ADM+,88.89884775790364
gemma3-12b,g24p2_005,ADM-,22.11899117045438
gemma3-12b,g24p2_005,CF+,44.45829390106033
gemma3-12b,g24p2_005,CF-,55.42120629030629
gemma3-12b,g24p2_005,EXC+,52.547381633596245
gemma3-12b,g24p2_005,EXC-,50.58357469796542
gemma3-12b,g24p2_005,MNR+,43.63626114834255
gemma3-12b,g24p2_005,MNR-,43.53679521457779
gemma3-12b,g24p2_005,RND+,53.07877324543962
gemma3-12b,g24p2_005,RND-,44.47497784080091
gemma3-12b,g24p2_005,STR+,66.5731485064444
gemma3-12b,g24p2_005,STR-,64.17008431355485
gemma3-12b,g24p2_005,Y0,24.69581928905849
gemma3-12b,g24p2_006,ADM+,33.331090654561386
gemma3-12b,g24p2_006,ADM-,22.06609416624515
gemma3-12b,g24p2_006,CF+,55.55435345323177
gemma3-12b,g24p2_006,CF-,55.53614670155035
gemma3-12b,g24p2_006,EXC+,54.880296582046284
gemma3-12b,g24p2_006,EXC-,55.50023811052352
gemma3-12b,g24p2_006,MNR+,55.553336449650466
gemma3-12b,g24p2_006,MNR-,55.55561355943363
gemma3-12b,g24p2_006,RND+,66.67872454665415
gemma3-12b,g24p2_006,RND-,55.61834311259586
gemma3-12b,g24p2_006,STR+,66.64881154341893
gemma3-12b,g24p2_006,STR-,66.51059180313749
gemma3-12b,g24p2_006,Y0,66.66796443922905
gemma3-12b,g24p2_010,ADM+,99.8436692192752
gemma3-12b,g24p2_010,ADM-,88.90123516843323
gemma3-12b,g24p2_010,CF+,55.350214424355315
gemma3-12b,g24p2_010,CF-,54.900098736786134
gemma3-12b,g24p2_010,EXC+,66.66540284390841
gemma3-12b,g24p2_010,EXC-,55.53921629075451
gemma3-12b,g24p2_010,MNR+,55.49714505933637
gemma3-12b,g24p2_010,MNR-,55.27370195060322
gemma3-12b,g24p2_010,RND+,55.53915673007783
gemma3-12b,g24p2_010,RND-,54.07137296086376
gemma3-12b,g24p2_010,STR+,55.24256796845767
gemma3-12b,g24p2_010,STR-,55.46560951376505
gemma3-12b,g24p2_010,Y0,57.38682985365589
gemma3-12b,g24p2_011,ADM+,99.99201240650399
gemma3-12b,g24p2_011,ADM-,77.13031520886395
gemma3-12b,g24p2_011,CF+,59.74381642446713
gemma3-12b,g24p2_011,CF-,55.77165513906567
gemma3-12b,g24p2_011,EXC+,78.17400874369095
gemma3-12b,g24p2_011,EXC-,67.29448131849773
gemma3-12b,g24p2_011,MNR+,99.7446523818404
gemma3-12b,g24p2_011,MNR-,88.92542517260493
gemma3-12b,g24p2_011,RND+,58.02045898561434
gemma3-12b,g24p2_011,RND-,67.07669368121988
gemma3-12b,g24p2_011,STR+,90.91583060269527
gemma3-12b,g24p2_011,STR-,99.97853685904897
gemma3-12b,g24p2_011,Y0,88.98418225295431
gemma3-12b,g24p2_012,ADM+,92.45356164627984
gemma3-12b,g24p2_012,ADM-,34.92872785016711
gemma3-12b,g24p2_012,CF+,34.38960860738511
gemma3-12b,g24p2_012,CF-,23.536928688583213
gemma3-12b,g24p2_012,EXC+,38.66577901379145
gemma3-12b,g24p2_012,EXC-,55.47613457726562
gemma3-12b,g24p2_012,MNR+,55.492097703415936
gemma3-12b,g24p2_012,MNR-,55.44726133705008
gemma3-12b,g24p2_012,RND+,44.444443773107075
gemma3-12b,g24p2_012,RND-,23.26527250156972
gemma3-12b,g24p2_012,STR+,11.168722487248557
gemma3-12b,g24p2_012,STR-,0.0008452978126036777
gemma3-12b,g24p2_012,Y0,0.0004727717711514872
gemma3-12b,g24p2_014,ADM+,99.99985047007925
gemma3-12b,g24p2_014,ADM-,0.016701186401083055
gemma3-12b,g24p2_014,CF+,55.42761454934143
gemma3-12b,g24p2_014,CF-,55.538526301075166
gemma3-12b,g24p2_014,EXC+,55.4157552378005
gemma3-12b,g24p2_014,EXC-,0.041617751747886365
gemma3-12b,g24p2_014,MNR+,55.54036673756406
gemma3-12b,g24p2_014,MNR-,55.5501701930141
gemma3-12b,g24p2_014,RND+,55.5324931342086
gemma3-12b,g24p2_014,RND-,55.46010884979575
gemma3-12b,g24p2_014,STR+,55.54711707889425
gemma3-12b,g24p2_014,STR-,55.540422772553114
gemma3-12b,g24p2_014,Y0,99.99953337110433
gemma3-12b,g24p2_015,ADM+,99.99932383797949
gemma3-12b,g24p2_015,ADM-,88.9841407979959
gemma3-12b,g24p2_015,CF+,55.43643219350164
gemma3-12b,g24p2_015,CF-,55.36525540937373
gemma3-12b,g24p2_015,EXC+,55.52486250086989
gemma3-12b,g24p2_015,EXC-,55.53930325861675
gemma3-12b,g24p2_015,MNR+,88.36538334188204
gemma3-12b,g24p2_015,MNR-,77.85778748723254
gemma3-12b,g24p2_015,RND+,55.421471150786665
gemma3-12b,g24p2_015,RND-,55.38504643979127
gemma3-12b,g24p2_015,STR+,55.49348135803286
gemma3-12b,g24p2_015,STR-,55.532623476892155
gemma3-12b,g24p2_015,Y0,21.796311901337223
gemma3-12b,g24p2_016,ADM+,86.41455933744803
gemma3-12b,g24p2_016,ADM-,11.196295713747553
gemma3-12b,g24p2_016,CF+,55.494845602311884
gemma3-12b,g24p2_016,CF-,55.56238829692354
gemma3-12b,g24p2_016,EXC+,77.81976879929273
gemma3-12b,g24p2_016,EXC-,19.73480566562598
gemma3-12b,g24p2_016,MNR+,77.81019669316295
gemma3-12b,g24p2_016,MNR-,22.181833941485305
gemma3-12b,g24p2_016,RND+,55.55532902682897
gemma3-12b,g24p2_016,RND-,55.54068179621204
gemma3-12b,g24p2_016,STR+,77.7846317119455
gemma3-12b,g24p2_016,STR-,55.4607942416981
gemma3-12b,g24p2_016,Y0,77.11015530034598
gemma3-12b,g24p2_017,ADM+,99.9898699940024
gemma3-12b,g24p2_017,ADM-,0.04025985161505681
gemma3-12b,g24p2_017,CF+,55.52434990012056
gemma3-12b,g24p2_017,CF-,55.5481197997306
gemma3-12b,g24p2_017,EXC+,55.50453066748402
gemma3-12b,g24p2_017,EXC-,0.017243747890527846
gemma3-12b,g24p2_017,MNR+,99.94728228399283
gemma3-12b,g24p2_017,MNR-,53.98376258810768
gemma3-12b,g24p2_017,RND+,55.54834482598114
gemma3-12b,g24p2_017,RND-,55.541502969009294
gemma3-12b,g24p2_017,STR+,55.32630188443588
gemma3-12b,g24p2_017,STR-,55.53204875841171
gemma3-12b,g24p2_017,Y0,90.2133338105669
gemma3-12b,g24p2_018,ADM+,99.9998358567487
gemma3-12b,g24p2_018,ADM-,99.99859860922965
gemma3-12b,g24p2_018,CF+,55.58414141595144
gemma3-12b,g24p2_018,CF-,55.69896991022783
gemma3-12b,g24p2_018,EXC+,99.99904700778244
gemma3-12b,g24p2_018,EXC-,77.77411750236978
gemma3-12b,g24p2_018,MNR+,99.9995611077795
gemma3-12b,g24p2_018,MNR-,97.97302914337368
gemma3-12b,g24p2_018,RND+,55.54808212782843
gemma3-12b,g24p2_018,RND-,55.73631422846086
gemma3-12b,g24p2_018,STR+,88.84385132220324
gemma3-12b,g24p2_018,STR-,88.04705281683458
gemma3-12b,g24p2_018,Y0,99.99983916516561
gemma3-12b,g24p2_019,ADM+,88.87327324006087
gemma3-12b,g24p2_019,ADM-,86.8619992417825
gemma3-12b,g24p2_019,CF+,43.91968424007977
gemma3-12b,g24p2_019,CF-,45.34890883741597
gemma3-12b,g24p2_019,EXC+,55.527626447381344
gemma3-12b,g24p2_019,EXC-,36.89205431008631
gemma3-12b,g24p2_019,MNR+,45.95927891563933
gemma3-12b,g24p2_019,MNR-,68.69360819144154
gemma3-12b,g24p2_019,RND+,53.075763222186154
gemma3-12b,g24p2_019,RND-,45.61476711179508
gemma3-12b,g24p2_019,STR+,44.49174273786906
gemma3-12b,g24p2_019,STR-,41.45564328571278
gemma3-12b,g24p2_019,Y0,45.44203992905444
gemma3-12b,g24p2_020,ADM+,94.44442717374726
gemma3-12b,g24p2_020,ADM-,82.6420736073796
gemma3-12b,g24p2_020,CF+,55.48821005507385
gemma3-12b,g24p2_020,CF-,55.51283829384003
gemma3-12b,g24p2_020,EXC+,54.57141631693631
gemma3-12b,g24p2_020,EXC-,55.32376145308709
gemma3-12b,g24p2_020,MNR+,79.10278588345517
gemma3-12b,g24p2_020,MNR-,17.906358720125027
gemma3-12b,g24p2_020,RND+,54.641097032539726
gemma3-12b,g24p2_020,RND-,53.88089339196333
gemma3-12b,g24p2_020,STR+,88.91623336408847
gemma3-12b,g24p2_020,STR-,0.009227581576732079
gemma3-12b,g24p2_020,Y0,99.99915019726969
gemma3-12b,g24p2_021,ADM+,3.280164422139788e-05
gemma3-12b,g24p2_021,ADM-,3.6938317148654084e-05
gemma3-12b,g24p2_021,CF+,55.509955498717595
gemma3-12b,g24p2_021,CF-,55.5319238778968
gemma3-12b,g24p2_021,EXC+,1.6204063717554778e-05
gemma3-12b,g24p2_021,EXC-,3.058549020391787e-05
gemma3-12b,g24p2_021,MNR+,6.182403243349275e-05
gemma3-12b,g24p2_021,MNR-,3.759424086787401e-05
gemma3-12b,g24p2_021,RND+,55.54511081433922
gemma3-12b,g24p2_021,RND-,55.54511960252036
gemma3-12b,g24p2_021,STR+,55.43174160609756
gemma3-12b,g24p2_021,STR-,55.51773005406503
gemma3-12b,g24p2_021,Y0,54.53637892039197
gemma3-12b,g24p2_023,ADM+,99.92563397548965
gemma3-12b,g24p2_023,ADM-,83.33250128111541
gemma3-12b,g24p2_023,CF+,66.65820482660303
gemma3-12b,g24p2_023,CF-,88.88206880749135
gemma3-12b,g24p2_023,EXC+,99.99011177406256
gemma3-12b,g24p2_023,EXC-,99.64614455865544
gemma3-12b,g24p2_023,MNR+,99.99501188425644
gemma3-12b,g24p2_023,MNR-,88.86364372071336
gemma3-12b,g24p2_023,RND+,66.5781284758339
gemma3-12b,g24p2_023,RND-,68.68955659641284
gemma3-12b,g24p2_023,STR+,88.92398575573172
gemma3-12b,g24p2_023,STR-,88.91014852022697
gemma3-12b,g24p2_023,Y0,94.44443695555616
gemma3-12b,g24p2_024,ADM+,89.1441886070293
gemma3-12b,g24p2_024,ADM-,88.92412896582861
gemma3-12b,g24p2_024,CF+,55.546082043171786
gemma3-12b,g24p2_024,CF-,55.730828292096206
gemma3-12b,g24p2_024,EXC+,98.34745144257556
gemma3-12b,g24p2_024,EXC-,88.89666120980668
gemma3-12b,g24p2_024,MNR+,88.74546686806292
gemma3-12b,g24p2_024,MNR-,88.89152608512046
gemma3-12b,g24p2_024,RND+,55.54237228982201
gemma3-12b,g24p2_024,RND-,55.64890941437452
gemma3-12b,g24p2_024,STR+,77.72457504144741
gemma3-12b,g24p2_024,STR-,88.83557759638268
gemma3-12b,g24p2_024,Y0,66.65716825656547
gemma3-12b,g24p2_026,ADM+,99.99888052469858
gemma3-12b,g24p2_026,ADM-,2.5539169264318244e-05
gemma3-12b,g24p2_026,CF+,55.54671975506839
gemma3-12b,g24p2_026,CF-,55.54675948454199
gemma3-12b,g24p2_026,EXC+,55.536582808796794
gemma3-12b,g24p2_026,EXC-,1.5816940560105836e-05
gemma3-12b,g24p2_026,MNR+,99.99461365887106
gemma3-12b,g24p2_026,MNR-,0.0003567139843298955
gemma3-12b,g24p2_026,RND+,55.542138829697585
gemma3-12b,g24p2_026,RND-,55.538540057912165
gemma3-12b,g24p2_026,STR+,55.539802936172926
gemma3-12b,g24p2_026,STR-,55.53871148313844
gemma3-12b,g24p2_026,Y0,68.31003825302959
gemma3-12b,g24p2_027,ADM+,99.99976771501137
gemma3-12b,g24p2_027,ADM-,16.474661521748107
gemma3-12b,g24p2_027,CF+,55.495743338627285
gemma3-12b,g24p2_027,CF-,55.56814220151588
gemma3-12b,g24p2_027,EXC+,55.51033175932919
gemma3-12b,g24p2_027,EXC-,22.013029562380186
gemma3-12b,g24p2_027,MNR+,55.9050143220347
gemma3-12b,g24p2_027,MNR-,78.24910254614385
gemma3-12b,g24p2_027,RND+,52.76783258385465
gemma3-12b,g24p2_027,RND-,55.53472283650589
gemma3-12b,g24p2_027,STR+,55.51888260709616
gemma3-12b,g24p2_027,STR-,88.89189905976194
gemma3-12b,g24p2_027,Y0,99.9938126564735
gemma3-12b,g24p2_028,ADM+,0.0038858258880665447
gemma3-12b,g24p2_028,ADM-,0.0008604429868171218
gemma3-12b,g24p2_028,CF+,55.530393791125725
gemma3-12b,g24p2_028,CF-,55.533082202990265
gemma3-12b,g24p2_028,EXC+,0.0002783969831636927
gemma3-12b,g24p2_028,EXC-,0.10952939662048206
gemma3-12b,g24p2_028,MNR+,29.873202261171798
gemma3-12b,g24p2_028,MNR-,0.8378943540370312
gemma3-12b,g24p2_028,RND+,55.5392738630643
gemma3-12b,g24p2_028,RND-,55.53474819149137
gemma3-12b,g24p2_028,STR+,53.88602074487138
gemma3-12b,g24p2_028,STR-,53.90156434843243
gemma3-12b,g24p2_028,Y0,40.638052066034064
gemma3-12b,g24p2_029,ADM+,99.99879156774568
gemma3-12b,g24p2_029,ADM-,89.04035966955706
gemma3-12b,g24p2_029,CF+,55.47580689005738
gemma3-12b,g24p2_029,CF-,58.014027047864516
gemma3-12b,g24p2_029,EXC+,55.533664697968476
gemma3-12b,g24p2_029,EXC-,55.52424194132774
gemma3-12b,g24p2_029,MNR+,63.73215235781164
gemma3-12b,g24p2_029,MNR-,71.71676429158636
gemma3-12b,g24p2_029,RND+,55.41515881022077
gemma3-12b,g24p2_029,RND-,66.71457034953791
gemma3-12b,g24p2_029,STR+,64.64026019300807
gemma3-12b,g24p2_029,STR-,77.45573538955482
gemma3-12b,g24p2_029,Y0,99.99835045763287
gemma3-12b,g24p2_033,ADM+,87.83100074701437
gemma3-12b,g24p2_033,ADM-,8.12633223941203
gemma3-12b,g24p2_033,CF+,55.54750305299585
gemma3-12b,g24p2_033,CF-,55.58613848069228
gemma3-12b,g24p2_033,EXC+,55.32926313736561
gemma3-12b,g24p2_033,EXC-,55.60399390632738
gemma3-12b,g24p2_033,MNR+,55.54907840665183
gemma3-12b,g24p2_033,MNR-,55.55212301048976
gemma3-12b,g24p2_033,RND+,55.5486351988861
gemma3-12b,g24p2_033,RND-,55.555554556357485
gemma3-12b,g24p2_033,STR+,55.427509500709874
gemma3-12b,g24p2_033,STR-,55.54029206259958
gemma3-12b,g24p2_033,Y0,55.53650197223419
gemma3-12b,g24p2_034,ADM+,89.04514696817402
gemma3-12b,g24p2_034,ADM-,88.89030212584136
gemma3-12b,g24p2_034,CF+,66.5115429473733
gemma3-12b,g24p2_034,CF-,66.2520282141624
gemma3-12b,g24p2_034,EXC+,74.17866167335961
gemma3-12b,g24p2_034,EXC-,55.53487960748885
gemma3-12b,g24p2_034,MNR+,56.39881327522508
gemma3-12b,g24p2_034,MNR-,66.78725837984852
gemma3-12b,g24p2_034,RND+,66.66666666245595
gemma3-12b,g24p2_034,RND-,66.34182385772553
gemma3-12b,g24p2_034,STR+,77.77777985183604
gemma3-12b,g24p2_034,STR-,77.771877872213
gemma3-12b,g24p2_034,Y0,66.6964367392558
gemma3-12b,g24p2_035,ADM+,91.69059801119371
gemma3-12b,g24p2_035,ADM-,98.25000724754
gemma3-12b,g24p2_035,CF+,11.137937833643704
gemma3-12b,g24p2_035,CF-,47.097057891499766
gemma3-12b,g24p2_035,EXC+,0.002035157815749091
gemma3-12b,g24p2_035,EXC-,3.7717090822164966e-05
gemma3-12b,g24p2_035,MNR+,4.195551036489716
gemma3-12b,g24p2_035,MNR-,0.00227202367147594
gemma3-12b,g24p2_035,RND+,11.101173917910476
gemma3-12b,g24p2_035,RND-,11.037052109776383
gemma3-12b,g24p2_035,STR+,0.2558271020843589
gemma3-12b,g24p2_035,STR-,5.563153165231232
gemma3-12b,g24p2_035,Y0,0.021465467527949308
gemma3-12b,g24p2_036,ADM+,89.21443575400038
gemma3-12b,g24p2_036,ADM-,11.111122123203403
gemma3-12b,g24p2_036,CF+,55.805580683112964
gemma3-12b,g24p2_036,CF-,65.8245513138194
gemma3-12b,g24p2_036,EXC+,77.68585495901723
gemma3-12b,g24p2_036,EXC-,55.58324965299354
gemma3-12b,g24p2_036,MNR+,58.54709582179353
gemma3-12b,g24p2_036,MNR-,77.74866008798357
gemma3-12b,g24p2_036,RND+,55.746551046444345
gemma3-12b,g24p2_036,RND-,65.34459936226322
gemma3-12b,g24p2_036,STR+,66.7057371724562
gemma3-12b,g24p2_036,STR-,78.1032932496799
gemma3-12b,g24p2_036,Y0,88.88970338767929
gemma3-12b,g24p2_037,ADM+,88.91634517774183
gemma3-12b,g24p2_037,ADM-,88.98418082693574
gemma3-12b,g24p2_037,CF+,55.53499463223236
gemma3-12b,g24p2_037,CF-,55.53920793870635
gemma3-12b,g24p2_037,EXC+,88.77051922319825
gemma3-12b,g24p2_037,EXC-,77.81711607780743
gemma3-12b,g24p2_037,MNR+,84.05540557402458
gemma3-12b,g24p2_037,MNR-,98.03405761722269
gemma3-12b,g24p2_037,RND+,55.478471855715036
gemma3-12b,g24p2_037,RND-,55.494715010878075
gemma3-12b,g24p2_037,STR+,19.860496116126054
gemma3-12b,g24p2_037,STR-,16.129216453205533
gemma3-12b,g24p2_037,Y0,22.256792958474016
gemma3-12b,g24p2_038,ADM+,99.98331983868296
gemma3-12b,g24p2_038,ADM-,99.15713136323235
gemma3-12b,g24p2_038,CF+,54.69952006135068
gemma3-12b,g24p2_038,CF-,54.866915380172685
gemma3-12b,g24p2_038,EXC+,98.67374617970245
gemma3-12b,g24p2_038,EXC-,55.515333812616255
gemma3-12b,g24p2_038,MNR+,88.92237830668972
gemma3-12b,g24p2_038,MNR-,88.90167262644073
gemma3-12b,g24p2_038,RND+,55.54506776529654
gemma3-12b,g24p2_038,RND-,44.160372403151634
gemma3-12b,g24p2_038,STR+,66.54554182131041
gemma3-12b,g24p2_038,STR-,66.66978545679632
gemma3-12b,g24p2_038,Y0,55.54847954324822
gemma3-12b,g24p2_039,ADM+,99.99821135487137
gemma3-12b,g24p2_039,ADM-,4.3620544909732874e-05
gemma3-12b,g24p2_039,CF+,55.55097442052046
gemma3-12b,g24p2_039,CF-,55.54563577132755
gemma3-12b,g24p2_039,EXC+,99.99473116334782
gemma3-12b,g24p2_039,EXC-,55.5312174262795
gemma3-12b,g24p2_039,MNR+,99.99949664058896
gemma3-12b,g24p2_039,MNR-,3.3704258554196493e-05
gemma3-12b,g24p2_039,RND+,55.549147220199934
gemma3-12b,g24p2_039,RND-,55.5364458179141
gemma3-12b,g24p2_039,STR+,55.51939288246844
gemma3-12b,g24p2_039,STR-,55.50075516926074
gemma3-12b,g24p2_039,Y0,55.540323493754606
gemma3-12b,g24p2_040,ADM+,94.44406089339091
gemma3-12b,g24p2_040,ADM-,66.79158731413449
gemma3-12b,g24p2_040,CF+,59.75891618042712
gemma3-12b,g24p2_040,CF-,57.20317100884982
gemma3-12b,g24p2_040,EXC+,99.98846114104568
gemma3-12b,g24p2_040,EXC-,99.9194014497005
gemma3-12b,g24p2_040,MNR+,99.99390332399284
gemma3-12b,g24p2_040,MNR-,88.83310850178101
gemma3-12b,g24p2_040,RND+,66.67942020359207
gemma3-12b,g24p2_040,RND-,55.547736734600754
gemma3-12b,g24p2_040,STR+,90.21326873413882
gemma3-12b,g24p2_040,STR-,99.87744422244687
gemma3-12b,g24p2_040,Y0,99.96468090707675
gemma3-12b,g24p2_041,ADM+,99.99885378038255
gemma3-12b,g24p2_041,ADM-,0.0026547388344015177
gemma3-12b,g24p2_041,CF+,55.53047616988779
gemma3-12b,g24p2_041,CF-,55.549965275104654
gemma3-12b,g24p2_041,EXC+,0.0050433332966758485
gemma3-12b,g24p2_041,EXC-,2.6303479256211392e-05
gemma3-12b,g24p2_041,MNR+,0.015919338920536548
gemma3-12b,g24p2_041,MNR-,0.003799799764200851
gemma3-12b,g24p2_041,RND+,55.548456214265315
gemma3-12b,g24p2_041,RND-,55.55000382012835
gemma3-12b,g24p2_041,STR+,55.51629871618858
gemma3-12b,g24p2_041,STR-,0.0012298552838212093
gemma3-12b,g24p2_041,Y0,99.99585341171715
gemma3-12b,g24p2_043,ADM+,99.99938418066412
gemma3-12b,g24p2_043,ADM-,2.2984495481731323e-05
gemma3-12b,g24p2_043,CF+,55.541816220231766
gemma3-12b,g24p2_043,CF-,55.54336325545147
gemma3-12b,g24p2_043,EXC+,97.52495751642664
gemma3-12b,g24p2_043,EXC-,55.50986930419039
gemma3-12b,g24p2_043,MNR+,99.9991399116059
gemma3-12b,g24p2_043,MNR-,0.0004588916873813081
gemma3-12b,g24p2_043,RND+,55.555359939829046
gemma3-12b,g24p2_043,RND-,55.54087436751415
gemma3-12b,g24p2_043,STR+,55.52241020998779
gemma3-12b,g24p2_043,STR-,55.49418045196521
gemma3-12b,g24p2_043,Y0,88.76687694328167
gemma3-12b,g24p2_044,ADM+,97.01174955843186
gemma3-12b,g24p2_044,ADM-,11.972643267482274
gemma3-12b,g24p2_044,CF+,55.96659450100391
gemma3-12b,g24p2_044,CF-,55.52376339336211
gemma3-12b,g24p2_044,EXC+,58.59374137773979
gemma3-12b,g24p2_044,EXC-,53.47633683282613
gemma3-12b,g24p2_044,MNR+,66.64337497484036
gemma3-12b,g24p2_044,MNR-,61.80952624831386
gemma3-12b,g24p2_044,RND+,55.69885154285251
gemma3-12b,g24p2_044,RND-,55.529895553340275
gemma3-12b,g24p2_044,STR+,77.11335256061751
gemma3-12b,g24p2_044,STR-,66.71972752447942
gemma3-12b,g24p2_044,Y0,88.88912307310196
gemma3-12b,g24p2_046,ADM+,88.92409941402236
gemma3-12b,g24p2_046,ADM-,77.79828965079541
gemma3-12b,g24p2_046,CF+,33.52711201310141
gemma3-12b,g24p2_046,CF-,32.491751711555224
gemma3-12b,g24p2_046,EXC+,55.44060222130703
gemma3-12b,g24p2_046,EXC-,49.81927823883021
gemma3-12b,g24p2_046,MNR+,30.855262470396
gemma3-12b,g24p2_046,MNR-,16.777338415942765
gemma3-12b,g24p2_046,RND+,33.45065571218227
gemma3-12b,g24p2_046,RND-,31.748815415175404
gemma3-12b,g24p2_046,STR+,55.20162278428352
gemma3-12b,g24p2_046,STR-,53.88885952134807
gemma3-12b,g24p2_046,Y0,33.4554657171563
gemma3-12b,g24p2_047,ADM+,99.99670064029095
gemma3-12b,g24p2_047,ADM-,2.992955073137252
gemma3-12b,g24p2_047,CF+,55.50405417949532
gemma3-12b,g24p2_047,CF-,55.533315647583066
gemma3-12b,g24p2_047,EXC+,99.99491482166422
gemma3-12b,g24p2_047,EXC-,55.79899448309873
gemma3-12b,g24p2_047,MNR+,77.83587573465054
gemma3-12b,g24p2_047,MNR-,32.40728405277312
gemma3-12b,g24p2_047,RND+,55.432650634379975
gemma3-12b,g24p2_047,RND-,55.54823547155098
gemma3-12b,g24p2_047,STR+,55.33831703201359
gemma3-12b,g24p2_047,STR-,55.510896861756834
gemma3-12b,g24p2_047,Y0,88.92402816531458
gemma3-12b,g24p2_048,ADM+,99.99979043247966
gemma3-12b,g24p2_048,ADM-,0.00024073093911793124
gemma3-12b,g24p2_048,CF+,55.54309956391581
gemma3-12b,g24p2_048,CF-,55.538181759481525
gemma3-12b,g24p2_048,EXC+,99.99930391173208
gemma3-12b,g24p2_048,EXC-,2.0172383979898163e-05
gemma3-12b,g24p2_048,MNR+,0.019799600862839897
gemma3-12b,g24p2_048,MNR-,4.2783561753576605e-05
gemma3-12b,g24p2_048,RND+,55.549243283912595
gemma3-12b,g24p2_048,RND-,55.547156493156834
gemma3-12b,g24p2_048,STR+,55.18103288333816
gemma3-12b,g24p2_048,STR-,55.47415048516954
gemma3-12b,g24p2_048,Y0,0.00024012665647411217
gemma3-12b,g24p2_049,ADM+,93.75357992298586
gemma3-12b,g24p2_049,ADM-,33.554127007234676
gemma3-12b,g24p2_049,CF+,66.62258900672094
gemma3-12b,g24p2_049,CF-,74.21348008159237
gemma3-12b,g24p2_049,EXC+,55.41249014114954
gemma3-12b,g24p2_049,EXC-,43.122695938972875
gemma3-12b,g24p2_049,MNR+,88.86762327519699
gemma3-12b,g24p2_049,MNR-,45.943068307084545
gemma3-12b,g24p2_049,RND+,66.64111477103606
gemma3-12b,g24p2_049,RND-,66.13894263000287
gemma3-12b,g24p2_049,STR+,55.520539952749054
gemma3-12b,g24p2_049,STR-,60.95987075837492
gemma3-12b,g24p2_049,Y0,8.649020895087098
gemma3-12b,g24p2_051,ADM+,99.99936177363787
gemma3-12b,g24p2_051,ADM-,0.002071419967187599
gemma3-12b,g24p2_051,CF+,55.5439485134668
gemma3-12b,g24p2_051,CF-,55.537709234942085
gemma3-12b,g24p2_051,EXC+,99.98676986991157
gemma3-12b,g24p2_051,EXC-,0.05399716195812039
gemma3-12b,g24p2_051,MNR+,99.99959552034187
gemma3-12b,g24p2_051,MNR-,0.00011688714690293224
gemma3-12b,g24p2_051,RND+,55.54927602818293
gemma3-12b,g24p2_051,RND-,55.54369722878437
gemma3-12b,g24p2_051,STR+,55.53771686985577
gemma3-12b,g24p2_051,STR-,55.537913123592425
gemma3-12b,g24p2_051,Y0,99.97846960064508
gemma3-12b,g24p2_053,ADM+,99.99626982378783
gemma3-12b,g24p2_053,ADM-,21.715100958919784
gemma3-12b,g24p2_053,CF+,55.538213248933374
gemma3-12b,g24p2_053,CF-,55.52908440161305
gemma3-12b,g24p2_053,EXC+,99.98694032784476
gemma3-12b,g24p2_053,EXC-,33.88762758300699
gemma3-12b,g24p2_053,MNR+,99.9897944868217
gemma3-12b,g24p2_053,MNR-,35.7999007128312
gemma3-12b,g24p2_053,RND+,55.54045804436137
gemma3-12b,g24p2_053,RND-,55.555554520012095
gemma3-12b,g24p2_053,STR+,55.542644038093584
gemma3-12b,g24p2_053,STR-,55.70916236146387
gemma3-12b,g24p2_053,Y0,66.14161971657141
gemma3-12b,g24p2_054,ADM+,88.8475402505116
gemma3-12b,g24p2_054,ADM-,0.41488958779243673
gemma3-12b,g24p2_054,CF+,55.39948625871069
gemma3-12b,g24p2_054,CF-,55.540209765016776
gemma3-12b,g24p2_054,EXC+,86.42092367291694
gemma3-12b,g24p2_054,EXC-,60.45323860002774
gemma3-12b,g24p2_054,MNR+,66.63914081052287
gemma3-12b,g24p2_054,MNR-,66.35171350975571
gemma3-12b,g24p2_054,RND+,55.353815688702134
gemma3-12b,g24p2_054,RND-,54.16486679185389
gemma3-12b,g24p2_054,STR+,55.54420735899271
gemma3-12b,g24p2_054,STR-,55.55094426460439
gemma3-12b,g24p2_054,Y0,78.19222599977694
gemma3-12b,g24p2_055,ADM+,99.99993342340446
gemma3-12b,g24p2_055,ADM-,0.0012482178477684971
gemma3-12b,g24p2_055,CF+,55.54730113803424
gemma3-12b,g24p2_055,CF-,55.548173336043334
gemma3-12b,g24p2_055,EXC+,99.99959863100482
gemma3-12b,g24p2_055,EXC-,0.00031518616198396743
gemma3-12b,g24p2_055,MNR+,97.52299529602841
gemma3-12b,g24p2_055,MNR-,0.0006860906644522951
gemma3-12b,g24p2_055,RND+,55.550485801345225
gemma3-12b,g24p2_055,RND-,55.551105600157456
gemma3-12b,g24p2_055,STR+,55.51497851631021
gemma3-12b,g24p2_055,STR-,55.503502203302546
gemma3-12b,g24p2_055,Y0,99.99830049859563
gemma3-12b,g24p2_057,ADM+,99.58525486042855
gemma3-12b,g24p2_057,ADM-,33.754197279894655
gemma3-12b,g24p2_057,CF+,55.51597669632443
gemma3-12b,g24p2_057,CF-,55.454139017091435
gemma3-12b,g24p2_057,EXC+,89.14336002722197
gemma3-12b,g24p2_057,EXC-,55.25408841666721
gemma3-12b,g24p2_057,MNR+,99.33202216323407
gemma3-12b,g24p2_057,MNR-,55.41470176866539
gemma3-12b,g24p2_057,RND+,55.52588994836162
gemma3-12b,g24p2_057,RND-,54.14199510331957
gemma3-12b,g24p2_057,STR+,55.45867898037779
gemma3-12b,g24p2_057,STR-,55.43172162593943
gemma3-12b,g24p2_057,Y0,98.67551926601908
gemma3-12b,g24p2_058,ADM+,99.67424112923521
gemma3-12b,g24p2_058,ADM-,77.77122568220561
gemma3-12b,g24p2_058,CF+,55.14579735038791
gemma3-12b,g24p2_058,CF-,55.3598124772481
gemma3-12b,g24p2_058,EXC+,88.84194020278757
gemma3-12b,g24p2_058,EXC-,0.03199503327197552
gemma3-12b,g24p2_058,MNR+,87.83013165654584
gemma3-12b,g24p2_058,MNR-,55.48849627756807
gemma3-12b,g24p2_058,RND+,48.82735275303382
gemma3-12b,g24p2_058,RND-,55.424844474748504
gemma3-12b,g24p2_058,STR+,54.268587478532005
gemma3-12b,g24p2_058,STR-,54.692144973314655
gemma3-12b,g24p2_058,Y0,74.7895282598185
gemma3-12b,g24p2_059,ADM+,88.88450594193606
gemma3-12b,g24p2_059,ADM-,22.23402726225999
gemma3-12b,g24p2_059,CF+,54.7608482381717
gemma3-12b,g24p2_059,CF-,50.48976657249782
gemma3-12b,g24p2_059,EXC+,50.67361238456068
gemma3-12b,g24p2_059,EXC-,55.49311712087463
gemma3-12b,g24p2_059,MNR+,55.540482368602085
gemma3-12b,g24p2_059,MNR-,54.98717945474093
gemma3-12b,g24p2_059,RND+,54.21886603684946
gemma3-12b,g24p2_059,RND-,55.20448983671569
gemma3-12b,g24p2_059,STR+,46.415790865746345
gemma3-12b,g24p2_059,STR-,55.4930984791897
gemma3-12b,g24p2_059,Y0,63.09346797815139
gemma3-12b,g24p2_060,ADM+,99.99823664602947
gemma3-12b,g24p2_060,ADM-,99.99626635707698
gemma3-12b,g24p2_060,CF+,55.536520898597274
gemma3-12b,g24p2_060,CF-,55.5390741110084
gemma3-12b,g24p2_060,EXC+,55.50408796724083
gemma3-12b,g24p2_060,EXC-,0.024984538942921672
gemma3-12b,g24p2_060,MNR+,77.76000455683298
gemma3-12b,g24p2_060,MNR-,99.95893518092578
gemma3-12b,g24p2_060,RND+,55.54156119576279
gemma3-12b,g24p2_060,RND-,55.469305610639026
gemma3-12b,g24p2_060,STR+,55.544396444120515
gemma3-12b,g24p2_060,STR-,55.518550073108386
gemma3-12b,g24p2_060,Y0,77.25187997155096
gemma3-12b,g24p2_062,ADM+,89.9354235289587
gemma3-12b,g24p2_062,ADM-,0.5932856566247656
gemma3-12b,g24p2_062,CF+,60.41432079280222
gemma3-12b,g24p2_062,CF-,77.75550398541777
gemma3-12b,g24p2_062,EXC+,96.98695078869682
gemma3-12b,g24p2_062,EXC-,65.56856958016041
gemma3-12b,g24p2_062,MNR+,96.99745661605114
gemma3-12b,g24p2_062,MNR-,99.87750948194365
gemma3-12b,g24p2_062,RND+,59.1104267780631
gemma3-12b,g24p2_062,RND-,66.77566071726591
gemma3-12b,g24p2_062,STR+,99.9722612492006
gemma3-12b,g24p2_062,STR-,89.14417292376525
gemma3-12b,g24p2_062,Y0,99.9828939970295
gemma3-12b,g24p2_064,ADM+,99.9920878956493
gemma3-12b,g24p2_064,ADM-,92.4535552328225
gemma3-12b,g24p2_064,CF+,55.44906563147763
gemma3-12b,g24p2_064,CF-,55.059698736049
gemma3-12b,g24p2_064,EXC+,88.89610719576311
gemma3-12b,g24p2_064,EXC-,89.08864749926977
gemma3-12b,g24p2_064,MNR+,99.67397723248763
gemma3-12b,g24p2_064,MNR-,11.646602278036598
gemma3-12b,g24p2_064,RND+,55.51461059910423
gemma3-12b,g24p2_064,RND-,55.523389114932066
gemma3-12b,g24p2_064,STR+,99.98693694649985
gemma3-12b,g24p2_064,STR-,46.15407937831567
gemma3-12b,g24p2_064,Y0,99.98311814807823
gemma3-12b,g24p2_065,ADM+,90.53385447058457
gemma3-12b,g24p2_065,ADM-,33.649195153172656
gemma3-12b,g24p2_065,CF+,55.51507218168378
gemma3-12b,g24p2_065,CF-,55.574011603080066
gemma3-12b,g24p2_065,EXC+,68.7143266473951
gemma3-12b,g24p2_065,EXC-,55.51514235090382
gemma3-12b,g24p2_065,MNR+,55.55263818050727
gemma3-12b,g24p2_065,MNR-,77.45357841536845
gemma3-12b,g24p2_065,RND+,55.476889880580444
gemma3-12b,g24p2_065,RND-,55.51061242495414
gemma3-12b,g24p2_065,STR+,55.4590165959701
gemma3-12b,g24p2_065,STR-,64.18802630629418
gemma3-12b,g24p2_065,Y0,84.02418017882822
gemma3-12b,g24p2_066,ADM+,88.8935850283082
gemma3-12b,g24p2_066,ADM-,88.79370507502608
gemma3-12b,g24p2_066,CF+,55.542435991312956
gemma3-12b,g24p2_066,CF-,55.54749538909601
gemma3-12b,g24p2_066,EXC+,55.56663112751934
gemma3-12b,g24p2_066,EXC-,55.5362116472898
gemma3-12b,g24p2_066,MNR+,74.21328234087342
gemma3-12b,g24p2_066,MNR-,67.19158369644255
gemma3-12b,g24p2_066,RND+,62.46669430217211
gemma3-12b,g24p2_066,RND-,55.534529316655096
gemma3-12b,g24p2_066,STR+,61.108642492774685
gemma3-12b,g24p2_066,STR-,66.78804104153058
gemma3-12b,g24p2_066,Y0,66.25225911575303
gemma3-12b,g24p2_067,ADM+,99.99970731722203
gemma3-12b,g24p2_067,ADM-,2.230761306451393e-05
gemma3-12b,g24p2_067,CF+,55.50992667171431
gemma3-12b,g24p2_067,CF-,55.52338044502506
gemma3-12b,g24p2_067,EXC+,17.907540833994908
gemma3-12b,g24p2_067,EXC-,2.9055460801427728e-05
gemma3-12b,g24p2_067,MNR+,55.590089275048676
gemma3-12b,g24p2_067,MNR-,55.46237457790493
gemma3-12b,g24p2_067,RND+,55.476885722831945
gemma3-12b,g24p2_067,RND-,55.53099189166997
gemma3-12b,g24p2_067,STR+,55.44727373998278
gemma3-12b,g24p2_067,STR-,55.22574708726482
gemma3-12b,g24p2_067,Y0,0.0005851258074380352
gemma3-12b,g24p2_068,ADM+,24.245700350835367
gemma3-12b,g24p2_068,ADM-,29.13611241456737
gemma3-12b,g24p2_068,CF+,12.408516523772214
gemma3-12b,g24p2_068,CF-,11.098157526236415
gemma3-12b,g24p2_068,EXC+,6.695056962397168e-05
gemma3-12b,g24p2_068,EXC-,0.0019462996988163
gemma3-12b,g24p2_068,MNR+,0.0005882976520635865
gemma3-12b,g24p2_068,MNR-,0.0009589015139982387
gemma3-12b,g24p2_068,RND+,2.988625189555877
gemma3-12b,g24p2_068,RND-,3.5652564629114343
gemma3-12b,g24p2_068,STR+,0.007915757011981224
gemma3-12b,g24p2_068,STR-,0.004807780517709404
gemma3-12b,g24p2_068,Y0,4.454999528452335
gemma3-12b,g24p2_069,ADM+,99.99969754884779
gemma3-12b,g24p2_069,ADM-,4.1814075365101526e-05
gemma3-12b,g24p2_069,CF+,55.22739947441829
gemma3-12b,g24p2_069,CF-,55.537113575022666
gemma3-12b,g24p2_069,EXC+,28.05368545286114
gemma3-12b,g24p2_069,EXC-,0.013152786238023895
gemma3-12b,g24p2_069,MNR+,99.63779900835486
gemma3-12b,g24p2_069,MNR-,0.001290268104843861
gemma3-12b,g24p2_069,RND+,55.543485167722785
gemma3-12b,g24p2_069,RND-,55.53628755864716
gemma3-12b,g24p2_069,STR+,55.54247250570991
gemma3-12b,g24p2_069,STR-,55.488908885080896
gemma3-12b,g24p2_069,Y0,0.00010063589490158807
gemma3-12b,g24p2_070,ADM+,99.99987204542636
gemma3-12b,g24p2_070,ADM-,99.99917334298127
gemma3-12b,g24p2_070,CF+,55.498195160963625
gemma3-12b,g24p2_070,CF-,55.002588802611456
gemma3-12b,g24p2_070,EXC+,99.9980620982382
gemma3-12b,g24p2_070,EXC-,78.05365553282077
gemma3-12b,g24p2_070,MNR+,98.94043522128077
gemma3-12b,g24p2_070,MNR-,51.337316646790555
gemma3-12b,g24p2_070,RND+,55.25927219483974
gemma3-12b,g24p2_070,RND-,55.53052627255059
gemma3-12b,g24p2_070,STR+,99.67428832519458
gemma3-12b,g24p2_070,STR-,89.94831641265795
gemma3-12b,g24p2_070,Y0,99.99935823145447
gemma3-12b,g24p2_071,ADM+,99.67430776618454
gemma3-12b,g24p2_071,ADM-,88.88970498089509
gemma3-12b,g24p2_071,CF+,55.5321506331596
gemma3-12b,g24p2_071,CF-,55.64607409386676
gemma3-12b,g24p2_071,EXC+,55.530570849165855
gemma3-12b,g24p2_071,EXC-,88.63369190722851
gemma3-12b,g24p2_071,MNR+,88.98345834227759
gemma3-12b,g24p2_071,MNR-,87.8294263646776
gemma3-12b,g24p2_071,RND+,55.60442434879327
gemma3-12b,g24p2_071,RND-,55.53120576596883
gemma3-12b,g24p2_071,STR+,66.56841446832196
gemma3-12b,g24p2_071,STR-,84.0240119509983
gemma3-12b,g24p2_071,Y0,68.31135949438388
gemma3-12b,g24p2_072,ADM+,99.95477568883696
gemma3-12b,g24p2_072,ADM-,98.35502685804386
gemma3-12b,g24p2_072,CF+,55.4555136080277
gemma3-12b,g24p2_072,CF-,55.33806509435664
gemma3-12b,g24p2_072,EXC+,97.52550889574589
gemma3-12b,g24p2_072,EXC-,78.61405861951286
gemma3-12b,g24p2_072,MNR+,88.9026759642324
gemma3-12b,g24p2_072,MNR-,55.55585222627111
gemma3-12b,g24p2_072,RND+,55.46786871588965
gemma3-12b,g24p2_072,RND-,55.55139579829466
gemma3-12b,g24p2_072,STR+,55.54817506189083
gemma3-12b,g24p2_072,STR-,55.49388329746352
gemma3-12b,g24p2_072,Y0,78.03261537898805
gemma3-12b,g24p2_073,ADM+,88.89041811972092
gemma3-12b,g24p2_073,ADM-,75.30265320544936
gemma3-12b,g24p2_073,CF+,55.59062173756885
gemma3-12b,g24p2_073,CF-,66.27960992670737
gemma3-12b,g24p2_073,EXC+,4.79291356142699
gemma3-12b,g24p2_073,EXC-,3.477566046115822
gemma3-12b,g24p2_073,MNR+,0.0016295452335907902
gemma3-12b,g24p2_073,MNR-,99.32902824241624
gemma3-12b,g24p2_073,RND+,66.14002819244155
gemma3-12b,g24p2_073,RND-,55.51680356310247
gemma3-12b,g24p2_073,STR+,0.0006711501358042005
gemma3-12b,g24p2_073,STR-,0.0002762097522864056
gemma3-12b,g24p2_073,Y0,0.0005861713681719857
gemma3-12b,g24p2_074,ADM+,99.96474203983595
gemma3-12b,g24p2_074,ADM-,32.63434260284783
gemma3-12b,g24p2_074,CF+,55.533071920428014
gemma3-12b,g24p2_074,CF-,55.513182189837636
gemma3-12b,g24p2_074,EXC+,55.26509416805623
gemma3-12b,g24p2_074,EXC-,0.002840471431529857
gemma3-12b,g24p2_074,MNR+,98.66929837932705
gemma3-12b,g24p2_074,MNR-,5.027364392603722
gemma3-12b,g24p2_074,RND+,55.510430013634924
gemma3-12b,g24p2_074,RND-,55.53054611547229
gemma3-12b,g24p2_074,STR+,55.544327341990396
gemma3-12b,g24p2_074,STR-,55.41852836703786
gemma3-12b,g24p2_074,Y0,55.47033874285986
gemma3-12b,g24p2_075,ADM+,99.99521383134996
gemma3-12b,g24p2_075,ADM-,10.12511552911956
gemma3-12b,g24p2_075,CF+,55.55555487277427
gemma3-12b,g24p2_075,CF-,55.47823682742904
gemma3-12b,g24p2_075,EXC+,55.4480168749803
gemma3-12b,g24p2_075,EXC-,0.14507285696418706
gemma3-12b,g24p2_075,MNR+,89.04475801478883
gemma3-12b,g24p2_075,MNR-,53.49741246249787
gemma3-12b,g24p2_075,RND+,49.71642901759968
gemma3-12b,g24p2_075,RND-,55.484878537791886
gemma3-12b,g24p2_075,STR+,62.46803072793379
gemma3-12b,g24p2_075,STR-,55.52745631287709
gemma3-12b,g24p2_075,Y0,88.8911430941236
gemma3-12b,g24p2_076,ADM+,99.99984773558833
gemma3-12b,g24p2_076,ADM-,99.98984053088367
gemma3-12b,g24p2_076,CF+,55.72536124848007
gemma3-12b,g24p2_076,CF-,55.508843736673164
gemma3-12b,g24p2_076,EXC+,99.99911313906172
gemma3-12b,g24p2_076,EXC-,0.0016647449687630324
gemma3-12b,g24p2_076,MNR+,55.66782551615157
gemma3-12b,g24p2_076,MNR-,99.9919205842563
gemma3-12b,g24p2_076,RND+,55.55438954466473
gemma3-12b,g24p2_076,RND-,55.541783117866295
gemma3-12b,g24p2_076,STR+,55.523203955833665
gemma3-12b,g24p2_076,STR-,55.36924081585485
gemma3-12b,g24p2_076,Y0,77.75774092244018
gemma3-12b,g24p2_077,ADM+,1.649573800367296
gemma3-12b,g24p2_077,ADM-,0.07484430801790257
gemma3-12b,g24p2_077,CF+,55.59208162255123
gemma3-12b,g24p2_077,CF-,55.57277572926019
gemma3-12b,g24p2_077,EXC+,87.84538236265695
gemma3-12b,g24p2_077,EXC-,0.045500754985429735
gemma3-12b,g24p2_077,MNR+,13.144190804839285
gemma3-12b,g24p2_077,MNR-,3.46276232455301
gemma3-12b,g24p2_077,RND+,55.59708973096552
gemma3-12b,g24p2_077,RND-,55.54357320578698
gemma3-12b,g24p2_077,STR+,55.56354659184939
gemma3-12b,g24p2_077,STR-,55.52703627451594
gemma3-12b,g24p2_077,Y0,66.66666676004586
gemma3-12b,g24p2_079,ADM+,99.33161037089258
gemma3-12b,g24p2_079,ADM-,0.00036275582090851074
gemma3-12b,g24p2_079,CF+,77.69714434191803
gemma3-12b,g24p2_079,CF-,55.53444254414774
gemma3-12b,g24p2_079,EXC+,99.15534597558229
gemma3-12b,g24p2_079,EXC-,1.5683043188899623e-05
gemma3-12b,g24p2_079,MNR+,88.9065535455797
gemma3-12b,g24p2_079,MNR-,8.211636300438641
gemma3-12b,g24p2_079,RND+,55.56250369857759
gemma3-12b,g24p2_079,RND-,55.529151570163265
gemma3-12b,g24p2_079,STR+,66.82847886907628
gemma3-12b,g24p2_079,STR-,0.0007447973699610723
gemma3-12b,g24p2_079,Y0,88.89674879320931
gemma3-12b,g24p2_081,ADM+,99.99739725935622
gemma3-12b,g24p2_081,ADM-,2.554771023111409
gemma3-12b,g24p2_081,CF+,55.50025888915449
gemma3-12b,g24p2_081,CF-,55.484456830874215
gemma3-12b,g24p2_081,EXC+,92.1574964159839
gemma3-12b,g24p2_081,EXC-,1.1733894554979027
gemma3-12b,g24p2_081,MNR+,88.88780752688311
gemma3-12b,g24p2_081,MNR-,17.69066352326024
gemma3-12b,g24p2_081,RND+,55.545640173287865
gemma3-12b,g24p2_081,RND-,55.51698954672567
gemma3-12b,g24p2_081,STR+,55.540421109593574
gemma3-12b,g24p2_081,STR-,55.52129025409988
gemma3-12b,g24p2_081,Y0,96.43531328755233
gemma3-12b,g24p2_082,ADM+,88.89363132268296
gemma3-12b,g24p2_082,ADM-,88.814633224705
gemma3-12b,g24p2_082,CF+,55.58067540351138
gemma3-12b,g24p2_082,CF-,55.85985374596382
gemma3-12b,g24p2_082,EXC+,77.7706024949352
gemma3-12b,g24p2_082,EXC-,43.466799364795094
gemma3-12b,g24p2_082,MNR+,78.836038345432
gemma3-12b,g24p2_082,MNR-,66.95722480738748
gemma3-12b,g24p2_082,RND+,35.357524694455144
gemma3-12b,g24p2_082,RND-,55.41783858719893
gemma3-12b,g24p2_082,STR+,52.56189582595356
gemma3-12b,g24p2_082,STR-,44.898223891282285
gemma3-12b,g24p2_082,Y0,64.63613288752563
gemma3-12b,g24p2_083,ADM+,99.98985924780533
gemma3-12b,g24p2_083,ADM-,98.94055661905493
gemma3-12b,g24p2_083,CF+,55.54140886954867
gemma3-12b,g24p2_083,CF-,55.54130398106206
gemma3-12b,g24p2_083,EXC+,55.49715914832336
gemma3-12b,g24p2_083,EXC-,0.0020546242407967364
gemma3-12b,g24p2_083,MNR+,99.98026726759291
gemma3-12b,g24p2_083,MNR-,55.52324751749654
gemma3-12b,g24p2_083,RND+,55.547263774986874
gemma3-12b,g24p2_083,RND-,55.549037611666265
gemma3-12b,g24p2_083,STR+,55.493026884795285
gemma3-12b,g24p2_083,STR-,55.51887332636191
gemma3-12b,g24p2_083,Y0,55.551171359324236
gemma3-12b,g24p2_084,ADM+,89.94829043714941
gemma3-12b,g24p2_084,ADM-,11.07202988963275
gemma3-12b,g24p2_084,CF+,56.3855806957933
gemma3-12b,g24p2_084,CF-,51.61449362894464
gemma3-12b,g24p2_084,EXC+,67.33624961302613
gemma3-12b,g24p2_084,EXC-,55.53206239176393
gemma3-12b,g24p2_084,MNR+,99.66046836552955
gemma3-12b,g24p2_084,MNR-,55.55110392013601
gemma3-12b,g24p2_084,RND+,63.09101222721516
gemma3-12b,g24p2_084,RND-,55.95890065287994
gemma3-12b,g24p2_084,STR+,55.52722221562181
gemma3-12b,g24p2_084,STR-,55.53510876831763
gemma3-12b,g24p2_084,Y0,0.6729336423122835
gemma3-12b,g24p2_085,ADM+,99.47298036600296
gemma3-12b,g24p2_085,ADM-,88.88368490244333
gemma3-12b,g24p2_085,CF+,34.37631442278409
gemma3-12b,g24p2_085,CF-,33.96546511235752
gemma3-12b,g24p2_085,EXC+,55.52985214381752
gemma3-12b,g24p2_085,EXC-,55.237279606701286
gemma3-12b,g24p2_085,MNR+,55.514194965446414
gemma3-12b,g24p2_085,MNR-,55.74978106077376
gemma3-12b,g24p2_085,RND+,41.75032517575076
gemma3-12b,g24p2_085,RND-,39.687970806896686
gemma3-12b,g24p2_085,STR+,55.53583499508121
gemma3-12b,g24p2_085,STR-,55.45154964640202
gemma3-12b,g24p2_085,Y0,55.548933415818226
gemma3-12b,g24p2_087,ADM+,78.30443681322423
gemma3-12b,g24p2_087,ADM-,99.99823439678852
gemma3-12b,g24p2_087,CF+,55.549802025136664
gemma3-12b,g24p2_087,CF-,66.70185233397534
gemma3-12b,g24p2_087,EXC+,81.9629014111706
gemma3-12b,g24p2_087,EXC-,0.0026148572157913817
gemma3-12b,g24p2_087,MNR+,78.02833659995244
gemma3-12b,g24p2_087,MNR-,66.7107277376772
gemma3-12b,g24p2_087,RND+,55.54315178898305
gemma3-12b,g24p2_087,RND-,57.209650044942954
gemma3-12b,g24p2_087,STR+,77.6861827039067
gemma3-12b,g24p2_087,STR-,55.54563179548883
gemma3-12b,g24p2_087,Y0,88.87903503856494
gemma3-12b,g24p2_088,ADM+,95.79711459512205
gemma3-12b,g24p2_088,ADM-,0.0016149410117024458
gemma3-12b,g24p2_088,CF+,55.52385288861653
gemma3-12b,g24p2_088,CF-,55.542705609612874
gemma3-12b,g24p2_088,EXC+,96.36891007635951
gemma3-12b,g24p2_088,EXC-,55.52215709800805
gemma3-12b,g24p2_088,MNR+,57.02223884465712
gemma3-12b,g24p2_088,MNR-,55.733141533750214
gemma3-12b,g24p2_088,RND+,55.54232384210148
gemma3-12b,g24p2_088,RND-,55.53528065346508
gemma3-12b,g24p2_088,STR+,55.376087639509464
gemma3-12b,g24p2_088,STR-,55.41409275735362
gemma3-12b,g24p2_088,Y0,55.43068374699751
gemma3-12b,g24p2_089,ADM+,88.9632465011544
gemma3-12b,g24p2_089,ADM-,88.88991469317102
gemma3-12b,g24p2_089,CF+,45.59287308779128
gemma3-12b,g24p2_089,CF-,55.03090109057311
gemma3-12b,g24p2_089,EXC+,89.5551460424446
gemma3-12b,g24p2_089,EXC-,77.81602495741105
gemma3-12b,g24p2_089,MNR+,55.29179149701313
gemma3-12b,g24p2_089,MNR-,64.3772717597931
gemma3-12b,g24p2_089,RND+,55.41393570775279
gemma3-12b,g24p2_089,RND-,55.51358153932378
gemma3-12b,g24p2_089,STR+,48.60354235805849
gemma3-12b,g24p2_089,STR-,52.482940702982134
gemma3-12b,g24p2_089,Y0,59.68088785063336
gemma3-12b,g24p2_091,ADM+,99.84373407344373
gemma3-12b,g24p2_091,ADM-,77.62265130795522
gemma3-12b,g24p2_091,CF+,57.56663780076821
gemma3-12b,g24p2_091,CF-,53.50260302305961
gemma3-12b,g24p2_091,EXC+,55.48922779891429
gemma3-12b,g24p2_091,EXC-,50.28876383177234
gemma3-12b,g24p2_091,MNR+,88.89674784250857
gemma3-12b,g24p2_091,MNR-,54.1646175367013
gemma3-12b,g24p2_091,RND+,37.52817216600198
gemma3-12b,g24p2_091,RND-,54.220866666665835
gemma3-12b,g24p2_091,STR+,89.73131019267562
gemma3-12b,g24p2_091,STR-,46.79202416822972
gemma3-12b,g24p2_091,Y0,99.92559529481738
gemma3-12b,g24p2_092,ADM+,90.53383174697113
gemma3-12b,g24p2_092,ADM-,18.025717383546187
gemma3-12b,g24p2_092,CF+,39.60257287084744
gemma3-12b,g24p2_092,CF-,22.272326500334003
gemma3-12b,g24p2_092,EXC+,74.18585122253394
gemma3-12b,g24p2_092,EXC-,0.0009676682253833022
gemma3-12b,g24p2_092,MNR+,18.652559015994584
gemma3-12b,g24p2_092,MNR-,21.16586066163681
gemma3-12b,g24p2_092,RND+,53.42003478908842
gemma3-12b,g24p2_092,RND-,22.20836464921888
gemma3-12b,g24p2_092,STR+,0.003033289061870519
gemma3-12b,g24p2_092,STR-,22.37018510139989
gemma3-12b,g24p2_092,Y0,0.02574054285135098
gemma3-12b,g24p2_093,ADM+,0.03871969144276058
gemma3-12b,g24p2_093,ADM-,0.3271057995963065
gemma3-12b,g24p2_093,CF+,55.54208901610615
gemma3-12b,g24p2_093,CF-,55.54040568985972
gemma3-12b,g24p2_093,EXC+,88.41860292169952
gemma3-12b,g24p2_093,EXC-,73.28427301138993
gemma3-12b,g24p2_093,MNR+,85.32163717634542
gemma3-12b,g24p2_093,MNR-,0.8714216020497081
gemma3-12b,g24p2_093,RND+,55.832963700192714
gemma3-12b,g24p2_093,RND-,55.870326618148574
gemma3-12b,g24p2_093,STR+,88.63434426856219
gemma3-12b,g24p2_093,STR-,66.77995355445196
gemma3-12b,g24p2_093,Y0,99.67330729229572
gemma3-12b,g24p2_094,ADM+,99.99211080637967
gemma3-12b,g24p2_094,ADM-,99.9945684069936
gemma3-12b,g24p2_094,CF+,55.54408698882277
gemma3-12b,g24p2_094,CF-,55.54511159671832
gemma3-12b,g24p2_094,EXC+,99.99710602948772
gemma3-12b,g24p2_094,EXC-,99.90457855573257
gemma3-12b,g24p2_094,MNR+,91.87699871433568
gemma3-12b,g24p2_094,MNR-,99.98938499809421
gemma3-12b,g24p2_094,RND+,55.61546279369127
gemma3-12b,g24p2_094,RND-,55.551047716845545
gemma3-12b,g24p2_094,STR+,88.92395282657898
gemma3-12b,g24p2_094,STR-,88.91619386179896
gemma3-12b,g24p2_094,Y0,99.99270120067719
gemma3-12b,g24p2_096,ADM+,77.7892226943215
gemma3-12b,g24p2_096,ADM-,15.969745629070665
gemma3-12b,g24p2_096,CF+,66.47290204672471
gemma3-12b,g24p2_096,CF-,55.525092016795945
gemma3-12b,g24p2_096,EXC+,84.02446379095976
gemma3-12b,g24p2_096,EXC-,55.54126354619165
gemma3-12b,g24p2_096,MNR+,77.89813804557316
gemma3-12b,g24p2_096,MNR-,44.41425559303033
gemma3-12b,g24p2_096,RND+,62.47648779508735
gemma3-12b,g24p2_096,RND-,55.524745475852065
gemma3-12b,g24p2_096,STR+,77.45382038855467
gemma3-12b,g24p2_096,STR-,55.51395457755072
gemma3-12b,g24p2_096,Y0,77.77930621933695
gemma3-12b,g24p2_098,ADM+,99.99997797351384
gemma3-12b,g24p2_098,ADM-,0.0005209666209929881
gemma3-12b,g24p2_098,CF+,55.52645451420529
gemma3-12b,g24p2_098,CF-,55.53553833351206
gemma3-12b,g24p2_098,EXC+,99.99928976833708
gemma3-12b,g24p2_098,EXC-,53.90858598583939
gemma3-12b,g24p2_098,MNR+,99.99798573611616
gemma3-12b,g24p2_098,MNR-,0.0015969159212954908
gemma3-12b,g24p2_098,RND+,55.54174222402174
gemma3-12b,g24p2_098,RND-,55.53991532981102
gemma3-12b,g24p2_098,STR+,55.522683430145875
gemma3-12b,g24p2_098,STR-,55.47084530024752
gemma3-12b,g24p2_098,Y0,55.5374430577296
gemma3-12b,g24p2_099,ADM+,99.9473694708921
gemma3-12b,g24p2_099,ADM-,2.5226222755280755e-05
gemma3-12b,g24p2_099,CF+,10.443666738801376
gemma3-12b,g24p2_099,CF-,11.08387604369248
gemma3-12b,g24p2_099,EXC+,0.0029307355001021687
gemma3-12b,g24p2_099,EXC-,1.0768330237134499e-05
gemma3-12b,g24p2_099,MNR+,0.008944793795599074
gemma3-12b,g24p2_099,MNR-,0.00542876718975893
gemma3-12b,g24p2_099,RND+,11.015874024504548
gemma3-12b,g24p2_099,RND-,11.090096382156831
gemma3-12b,g24p2_099,STR+,0.0017693077846095422
gemma3-12b,g24p2_099,STR-,0.001997844996636541
gemma3-12b,g24p2_099,Y0,0.0010683583087340049
gemma3-12b,g24p2_101,ADM+,99.99993599143812
gemma3-12b,g24p2_101,ADM-,0.004351658393663982
gemma3-12b,g24p2_101,CF+,55.542219351353346
gemma3-12b,g24p2_101,CF-,55.53592248106032
gemma3-12b,g24p2_101,EXC+,0.0008653373053630888
gemma3-12b,g24p2_101,EXC-,0.0016076987255722102
gemma3-12b,g24p2_101,MNR+,99.99749861759999
gemma3-12b,g24p2_101,MNR-,0.0006194439550044897
gemma3-12b,g24p2_101,RND+,55.54217593777929
gemma3-12b,g24p2_101,RND-,55.54710171395478
gemma3-12b,g24p2_101,STR+,55.43150717125176
gemma3-12b,g24p2_101,STR-,55.45696978768637
gemma3-12b,g24p2_101,Y0,0.001775003498615251
gemma3-12b,g24p2_102,ADM+,88.89085302316863
gemma3-12b,g24p2_102,ADM-,80.76576796743295
gemma3-12b,g24p2_102,CF+,55.47908743085401
gemma3-12b,g24p2_102,CF-,38.870865678941314
gemma3-12b,g24p2_102,EXC+,55.53806624806428
gemma3-12b,g24p2_102,EXC-,55.44614842337008
gemma3-12b,g24p2_102,MNR+,55.54711605567653
gemma3-12b,g24p2_102,MNR-,55.54303705976609
gemma3-12b,g24p2_102,RND+,39.59669628292158
gemma3-12b,g24p2_102,RND-,54.53245432436079
gemma3-12b,g24p2_102,STR+,32.098516467389665
gemma3-12b,g24p2_102,STR-,4.044105586566552
gemma3-12b,g24p2_102,Y0,22.067586252761586
gemma3-12b,g24p2_103,ADM+,88.68909834152691
gemma3-12b,g24p2_103,ADM-,78.30370249409553
gemma3-12b,g24p2_103,CF+,55.52857789134818
gemma3-12b,g24p2_103,CF-,55.52777287653097
gemma3-12b,g24p2_103,EXC+,55.54222087468289
gemma3-12b,g24p2_103,EXC-,54.57011497092548
gemma3-12b,g24p2_103,MNR+,55.429429153580095
gemma3-12b,g24p2_103,MNR-,23.536791984168058
gemma3-12b,g24p2_103,RND+,55.53332147658185
gemma3-12b,g24p2_103,RND-,55.5391563499115
gemma3-12b,g24p2_103,STR+,55.52119166253298
gemma3-12b,g24p2_103,STR-,55.5156546432743
gemma3-12b,g24p2_103,Y0,55.49363417980865
gemma3-12b,g24p2_104,ADM+,99.6743054432113
gemma3-12b,g24p2_104,ADM-,0.031140649385221954
gemma3-12b,g24p2_104,CF+,51.29445154150189
gemma3-12b,g24p2_104,CF-,51.27640657798501
gemma3-12b,g24p2_104,EXC+,55.42797598303266
gemma3-12b,g24p2_104,EXC-,50.24668359683281
gemma3-12b,g24p2_104,MNR+,88.04712619165484
gemma3-12b,g24p2_104,MNR-,11.067529837652117
gemma3-12b,g24p2_104,RND+,53.45148139511833
gemma3-12b,g24p2_104,RND-,55.169750205637214
gemma3-12b,g24p2_104,STR+,73.58295325557128
gemma3-12b,g24p2_104,STR-,55.50661549564372
gemma3-12b,g24p2_104,Y0,66.7056719969086
gemma3-12b,g24p2_105,ADM+,68.6935684629682
gemma3-12b,g24p2_105,ADM-,22.24556454457502
gemma3-12b,g24p2_105,CF+,55.51681977960781
gemma3-12b,g24p2_105,CF-,55.52527792351983
gemma3-12b,g24p2_105,EXC+,55.54247683903376
gemma3-12b,g24p2_105,EXC-,55.77773195349017
gemma3-12b,g24p2_105,MNR+,55.55564790835476
gemma3-12b,g24p2_105,MNR-,55.58442174515264
gemma3-12b,g24p2_105,RND+,55.541161561222275
gemma3-12b,g24p2_105,RND-,55.53325362915035
gemma3-12b,g24p2_105,STR+,55.5164452270225
gemma3-12b,g24p2_105,STR-,55.538355799193994
gemma3-12b,g24p2_105,Y0,55.71007928486982
gemma3-12b,g24p2_107,ADM+,88.91027485783343
gemma3-12b,g24p2_107,ADM-,88.89007579188078
gemma3-12b,g24p2_107,CF+,66.66418715157722
gemma3-12b,g24p2_107,CF-,66.65612364106097
gemma3-12b,g24p2_107,EXC+,88.89365750404609
gemma3-12b,g24p2_107,EXC-,55.50768473576433
gemma3-12b,g24p2_107,MNR+,97.52039122041023
gemma3-12b,g24p2_107,MNR-,86.41438322539227
gemma3-12b,g24p2_107,RND+,66.46690944580126
gemma3-12b,g24p2_107,RND-,66.59295767635729
gemma3-12b,g24p2_107,STR+,62.47618202611529
gemma3-12b,g24p2_107,STR-,77.84960723231887
gemma3-12b,g24p2_107,Y0,66.46743048065966
gemma3-12b,g24p2_108,ADM+,77.72399594366703
gemma3-12b,g24p2_108,ADM-,33.193028117860926
gemma3-12b,g24p2_108,CF+,62.47787509625417
gemma3-12b,g24p2_108,CF-,55.56669568456342
gemma3-12b,g24p2_108,EXC+,79.10019050079725
gemma3-12b,g24p2_108,EXC-,55.525827481336854
gemma3-12b,g24p2_108,MNR+,62.479078839145295
gemma3-12b,g24p2_108,MNR-,55.54175979970405
gemma3-12b,g24p2_108,RND+,55.57777189222896
gemma3-12b,g24p2_108,RND-,55.54687746565968
gemma3-12b,g24p2_108,STR+,66.78779945509123
gemma3-12b,g24p2_108,STR-,66.13602558182406
gemma3-12b,g24p2_108,Y0,77.78182891229463
gemma3-12b,g24p2_110,ADM+,89.04514576843927
gemma3-12b,g24p2_110,ADM-,66.67635814493318
gemma3-12b,g24p2_110,CF+,55.706604364142976
gemma3-12b,g24p2_110,CF-,55.96836922573328
gemma3-12b,g24p2_110,EXC+,56.72654707900526
gemma3-12b,g24p2_110,EXC-,55.53913009586124
gemma3-12b,g24p2_110,MNR+,66.64850850855208
gemma3-12b,g24p2_110,MNR-,66.25284106580982
gemma3-12b,g24p2_110,RND+,55.623803100226866
gemma3-12b,g24p2_110,RND-,55.627079433555544
gemma3-12b,g24p2_110,STR+,78.10290157177302
gemma3-12b,g24p2_110,STR-,78.30400447152438
gemma3-12b,g24p2_110,Y0,85.32420744928805
gemma3-12b,g24p2_111,ADM+,99.99207767956854
gemma3-12b,g24p2_111,ADM-,0.0005368332884261024
gemma3-12b,g24p2_111,CF+,47.24753545699117
gemma3-12b,g24p2_111,CF-,55.007612386795955
gemma3-12b,g24p2_111,EXC+,0.001401618323956736
gemma3-12b,g24p2_111,EXC-,99.99831035768786
gemma3-12b,g24p2_111,MNR+,99.99452309315942
gemma3-12b,g24p2_111,MNR-,99.99185963370795
gemma3-12b,g24p2_111,RND+,55.49025801956652
gemma3-12b,g24p2_111,RND-,55.949001511516954
gemma3-12b,g24p2_111,STR+,99.9935082926883
gemma3-12b,g24p2_111,STR-,99.99501510934442
gemma3-12b,g24p2_111,Y0,77.63801265053966
gemma3-12b,g24p2_112,ADM+,99.90469407654888
gemma3-12b,g24p2_112,ADM-,0.02141809338520411
gemma3-12b,g24p2_112,CF+,55.52976479514668
gemma3-12b,g24p2_112,CF-,55.53749356707717
gemma3-12b,g24p2_112,EXC+,55.520092050162745
gemma3-12b,g24p2_112,EXC-,0.12352668455025463
gemma3-12b,g24p2_112,MNR+,55.55261951272687
gemma3-12b,g24p2_112,MNR-,55.54536366632561
gemma3-12b,g24p2_112,RND+,55.320261796570314
gemma3-12b,g24p2_112,RND-,55.54360747433426
gemma3-12b,g24p2_112,STR+,55.51253339133801
gemma3-12b,g24p2_112,STR-,55.04295317096172
gemma3-12b,g24p2_112,Y0,56.52038382832691
gemma3-12b,g24p2_113,ADM+,99.99948777901217
gemma3-12b,g24p2_113,ADM-,55.54864703960249
gemma3-12b,g24p2_113,CF+,55.67617023881345
gemma3-12b,g24p2_113,CF-,54.844137915290815
gemma3-12b,g24p2_113,EXC+,62.86501735965013
gemma3-12b,g24p2_113,EXC-,55.547958656252995
gemma3-12b,g24p2_113,MNR+,87.83065788579091
gemma3-12b,g24p2_113,MNR-,51.973415697799716
gemma3-12b,g24p2_113,RND+,54.889690164985694
gemma3-12b,g24p2_113,RND-,55.16945995528122
gemma3-12b,g24p2_113,STR+,88.81587126779996
gemma3-12b,g24p2_113,STR-,46.80288514685362
gemma3-12b,g24p2_113,Y0,88.7668300129726
gemma3-12b,g24p2_114,ADM+,99.99888871059926
gemma3-12b,g24p2_114,ADM-,0.0005214091269916735
gemma3-12b,g24p2_114,CF+,55.50388643415524
gemma3-12b,g24p2_114,CF-,55.52449896087636
gemma3-12b,g24p2_114,EXC+,99.97844206599756
gemma3-12b,g24p2_114,EXC-,0.0003218472557926415
gemma3-12b,g24p2_114,MNR+,99.98512560455595
gemma3-12b,g24p2_114,MNR-,0.00041209265768358
gemma3-12b,g24p2_114,RND+,55.50135931147629
gemma3-12b,g24p2_114,RND-,55.536516885186415
gemma3-12b,g24p2_114,STR+,56.39803992891737
gemma3-12b,g24p2_114,STR-,45.25864489111975
gemma3-12b,g24p2_114,Y0,94.44405901620206
gemma3-12b,g24p2_115,ADM+,99.98698189755642
gemma3-12b,g24p2_115,ADM-,86.43655474899538
gemma3-12b,g24p2_115,CF+,53.738495817662205
gemma3-12b,g24p2_115,CF-,55.49487184206826
gemma3-12b,g24p2_115,EXC+,79.09555402578175
gemma3-12b,g24p2_115,EXC-,0.20111178996582893
gemma3-12b,g24p2_115,MNR+,88.47380113172923
gemma3-12b,g24p2_115,MNR-,0.012303630862415862
gemma3-12b,g24p2_115,RND+,53.402553825263055
gemma3-12b,g24p2_115,RND-,55.49561777192003
gemma3-12b,g24p2_115,STR+,55.250877223036426
gemma3-12b,g24p2_115,STR-,55.46735846580779
gemma3-12b,g24p2_115,Y0,9.787726301189363e-06
gemma3-12b,g24p2_116,ADM+,99.99921438503118
gemma3-12b,g24p2_116,ADM-,99.99825680898188
gemma3-12b,g24p2_116,CF+,55.5345217100161
gemma3-12b,g24p2_116,CF-,55.516745338638465
gemma3-12b,g24p2_116,EXC+,99.99076678221773
gemma3-12b,g24p2_116,EXC-,0.00040963866472902604
gemma3-12b,g24p2_116,MNR+,99.99275388564968
gemma3-12b,g24p2_116,MNR-,0.004104559417578164
gemma3-12b,g24p2_116,RND+,55.540941494254604
gemma3-12b,g24p2_116,RND-,55.54937192526069
gemma3-12b,g24p2_116,STR+,99.99820444971182
gemma3-12b,g24p2_116,STR-,0.0007592951667921897
gemma3-12b,g24p2_116,Y0,0.0005782612045666895
gemma3-12b,g24p2_117,ADM+,88.63377917508879
gemma3-12b,g24p2_117,ADM-,66.65586946340423
gemma3-12b,g24p2_117,CF+,55.54914939768092
gemma3-12b,g24p2_117,CF-,54.33960781869066
gemma3-12b,g24p2_117,EXC+,88.9467255257083
gemma3-12b,g24p2_117,EXC-,2.174201153738614
gemma3-12b,g24p2_117,MNR+,88.89211358480291
gemma3-12b,g24p2_117,MNR-,67.07823910980699
gemma3-12b,g24p2_117,RND+,55.54911414312852
gemma3-12b,g24p2_117,RND-,55.49800322410392
gemma3-12b,g24p2_117,STR+,55.202885145265284
gemma3-12b,g24p2_117,STR-,54.501486345546724
gemma3-12b,g24p2_117,Y0,55.827077081240745
gemma3-12b,g24p2_120,ADM+,93.08272923207227
gemma3-12b,g24p2_120,ADM-,90.53374664839876
gemma3-12b,g24p2_120,CF+,55.54713697382453
gemma3-12b,g24p2_120,CF-,55.54597616688502
gemma3-12b,g24p2_120,EXC+,92.45271562305379
gemma3-12b,g24p2_120,EXC-,10.985332665540193
gemma3-12b,g24p2_120,MNR+,93.74901362396123
gemma3-12b,g24p2_120,MNR-,0.0018227505962965036
gemma3-12b,g24p2_120,RND+,54.468697828149764
gemma3-12b,g24p2_120,RND-,54.46892973953112
gemma3-12b,g24p2_120,STR+,58.54338991798366
gemma3-12b,g24p2_120,STR-,55.59950464916446
gemma3-12b,g24p2_120,Y0,88.84373222721159
gemma3-12b,g24p2_121,ADM+,89.08872852208161
gemma3-12b,g24p2_121,ADM-,88.87883364290784
gemma3-12b,g24p2_121,CF+,68.69350251691282
gemma3-12b,g24p2_121,CF-,66.6827749943644
gemma3-12b,g24p2_121,EXC+,88.76902226317922
gemma3-12b,g24p2_121,EXC-,55.6330857400149
gemma3-12b,g24p2_121,MNR+,77.6572386063725
gemma3-12b,g24p2_121,MNR-,74.21158230930733
gemma3-12b,g24p2_121,RND+,67.19330450535149
gemma3-12b,g24p2_121,RND-,66.67892605919184
gemma3-12b,g24p2_121,STR+,88.79361041906333
gemma3-12b,g24p2_121,STR-,79.42271932416283
gemma3-12b,g24p2_121,Y0,88.89177861619136
gemma3-12b,g24p2_122,ADM+,99.99708991695087
gemma3-12b,g24p2_122,ADM-,0.5275237931124904
gemma3-12b,g24p2_122,CF+,52.76960736922603
gemma3-12b,g24p2_122,CF-,55.31477141968517
gemma3-12b,g24p2_122,EXC+,37.75997914964509
gemma3-12b,g24p2_122,EXC-,15.711119395597033
gemma3-12b,g24p2_122,MNR+,89.55628017123655
gemma3-12b,g24p2_122,MNR-,22.669681209408427
gemma3-12b,g24p2_122,RND+,38.06298591246114
gemma3-12b,g24p2_122,RND-,52.420370421755976
gemma3-12b,g24p2_122,STR+,43.178995492002564
gemma3-12b,g24p2_122,STR-,55.46405896792953
gemma3-12b,g24p2_122,Y0,66.6801186746664
gemma3-12b,g24p2_123,ADM+,88.88834046302173
gemma3-12b,g24p2_123,ADM-,85.9006435603894
gemma3-12b,g24p2_123,CF+,45.45907723873364
gemma3-12b,g24p2_123,CF-,54.66352771635601
gemma3-12b,g24p2_123,EXC+,56.6400210255515
gemma3-12b,g24p2_123,EXC-,55.443553452483386
gemma3-12b,g24p2_123,MNR+,77.76399894339136
gemma3-12b,g24p2_123,MNR-,55.22374156427912
gemma3-12b,g24p2_123,RND+,54.88398595554502
gemma3-12b,g24p2_123,RND-,55.555555264914034
gemma3-12b,g24p2_123,STR+,55.53094026608087
gemma3-12b,g24p2_123,STR-,44.40094828008386
gemma3-12b,g24p2_123,Y0,55.140145006237425
gemma3-12b,g24p2_125,ADM+,88.90542410489779
gemma3-12b,g24p2_125,ADM-,88.87639481502265
gemma3-12b,g24p2_125,CF+,55.282992293588784
gemma3-12b,g24p2_125,CF-,55.481053487649724
gemma3-12b,g24p2_125,EXC+,55.483037156851296
gemma3-12b,g24p2_125,EXC-,77.25759131641553
gemma3-12b,g24p2_125,MNR+,55.54467760244889
gemma3-12b,g24p2_125,MNR-,68.31163326861798
gemma3-12b,g24p2_125,RND+,55.52132837463349
gemma3-12b,g24p2_125,RND-,55.49639415772864
gemma3-12b,g24p2_125,STR+,55.526594044200614
gemma3-12b,g24p2_125,STR-,55.5090085556103
gemma3-12b,g24p2_125,Y0,34.62692391732846
gemma3-12b,g24p2_126,ADM+,88.91617668156292
gemma3-12b,g24p2_126,ADM-,89.14388659675953
gemma3-12b,g24p2_126,CF+,55.458034708874926
gemma3-12b,g24p2_126,CF-,55.5293774944565
gemma3-12b,g24p2_126,EXC+,85.3240849378514
gemma3-12b,g24p2_126,EXC-,22.560741300450054
gemma3-12b,g24p2_126,MNR+,88.22142323810596
gemma3-12b,g24p2_126,MNR-,26.396631543665993
gemma3-12b,g24p2_126,RND+,55.391484075169195
gemma3-12b,g24p2_126,RND-,55.53080893992537
gemma3-12b,g24p2_126,STR+,66.64652558429705
gemma3-12b,g24p2_126,STR-,55.53897528695033
gemma3-12b,g24p2_126,Y0,76.71851662273895
gemma3-12b,g24p2_128,ADM+,99.99989385449567
gemma3-12b,g24p2_128,ADM-,0.00045893542810335246
gemma3-12b,g24p2_128,CF+,55.50295494923959
gemma3-12b,g24p2_128,CF-,55.52144077190936
gemma3-12b,g24p2_128,EXC+,99.99410843102282
gemma3-12b,g24p2_128,EXC-,0.01505915721576035
gemma3-12b,g24p2_128,MNR+,99.99879249195597
gemma3-12b,g24p2_128,MNR-,0.04018591032090425
gemma3-12b,g24p2_128,RND+,55.48149560100765
gemma3-12b,g24p2_128,RND-,55.54192294168217
gemma3-12b,g24p2_128,STR+,55.52170861716252
gemma3-12b,g24p2_128,STR-,55.48951258800199
gemma3-12b,g24p2_128,Y0,95.80509566457
gemma3-12b,g24p2_129,ADM+,10.839234177566276
gemma3-12b,g24p2_129,ADM-,99.99665546112156
gemma3-12b,g24p2_129,CF+,55.54792920206695
gemma3-12b,g24p2_129,CF-,40.92753725475255
gemma3-12b,g24p2_129,EXC+,55.54297843942538
gemma3-12b,g24p2_129,EXC-,0.04637226117787235
gemma3-12b,g24p2_129,MNR+,55.548556171100486
gemma3-12b,g24p2_129,MNR-,55.54870329990118
gemma3-12b,g24p2_129,RND+,55.54726043494881
gemma3-12b,g24p2_129,RND-,55.53565613045024
gemma3-12b,g24p2_129,STR+,34.83829676237146
gemma3-12b,g24p2_129,STR-,55.48878481906002
gemma3-12b,g24p2_129,Y0,47.696318108153434
gemma3-12b,g24p2_130,ADM+,99.99515639475781
gemma3-12b,g24p2_130,ADM-,0.00011470384716961327
gemma3-12b,g24p2_130,CF+,55.53263592811356
gemma3-12b,g24p2_130,CF-,55.5018141224555
gemma3-12b,g24p2_130,EXC+,99.47292238239393
gemma3-12b,g24p2_130,EXC-,0.0009707375499458253
gemma3-12b,g24p2_130,MNR+,89.41581636584857
gemma3-12b,g24p2_130,MNR-,12.663292068914865
gemma3-12b,g24p2_130,RND+,55.549813120133486
gemma3-12b,g24p2_130,RND-,55.537923648559556
gemma3-12b,g24p2_130,STR+,55.545825834663
gemma3-12b,g24p2_130,STR-,55.54498207912282
gemma3-12b,g24p2_130,Y0,55.504666093427375
gemma3-12b,g24p2_131,ADM+,66.13648561008378
gemma3-12b,g24p2_131,ADM-,66.61158451014792
gemma3-12b,g24p2_131,CF+,33.280281319442146
gemma3-12b,g24p2_131,CF-,33.30271554923074
gemma3-12b,g24p2_131,EXC+,55.377487788082085
gemma3-12b,g24p2_131,EXC-,55.416272890395746
gemma3-12b,g24p2_131,MNR+,43.23931445578284
gemma3-12b,g24p2_131,MNR-,48.66368597315122
gemma3-12b,g24p2_131,RND+,48.05741593890393
gemma3-12b,g24p2_131,RND-,32.904215387015824
gemma3-12b,g24p2_131,STR+,55.48924435274429
gemma3-12b,g24p2_131,STR-,54.77188398641636
gemma3-12b,g24p2_131,Y0,14.195686151435622
gemma3-12b,g24p2_132,ADM+,89.144188053885
gemma3-12b,g24p2_132,ADM-,88.90473646690904
gemma3-12b,g24p2_132,CF+,55.536430059038594
gemma3-12b,g24p2_132,CF-,54.68683354635048
gemma3-12b,g24p2_132,EXC+,55.37874886998182
gemma3-12b,g24p2_132,EXC-,54.95839429125929
gemma3-12b,g24p2_132,MNR+,55.541851076050825
gemma3-12b,g24p2_132,MNR-,21.681229759194128
gemma3-12b,g24p2_132,RND+,42.447785924452816
gemma3-12b,g24p2_132,RND-,55.5341463208263
gemma3-12b,g24p2_132,STR+,54.547963670069166
gemma3-12b,g24p2_132,STR-,54.54773791571051
gemma3-12b,g24p2_132,Y0,0.0054394472878731915
gemma3-12b,g24p2_133,ADM+,99.9938169554053
gemma3-12b,g24p2_133,ADM-,3.709428481112242e-05
gemma3-12b,g24p2_133,CF+,55.57109339247808
gemma3-12b,g24p2_133,CF-,55.53806849633698
gemma3-12b,g24p2_133,EXC+,55.47598504765158
gemma3-12b,g24p2_133,EXC-,0.0009521562071040869
gemma3-12b,g24p2_133,MNR+,88.92374672053757
gemma3-12b,g24p2_133,MNR-,0.9758251144909104
gemma3-12b,g24p2_133,RND+,54.21212168740723
gemma3-12b,g24p2_133,RND-,55.537146505537464
gemma3-12b,g24p2_133,STR+,55.49365283014611
gemma3-12b,g24p2_133,STR-,88.87690306977282
gemma3-12b,g24p2_133,Y0,88.94688078783821
gemma3-12b,g24p2_134,ADM+,99.99983594802856
gemma3-12b,g24p2_134,ADM-,98.67551925135369
gemma3-12b,g24p2_134,CF+,77.69896459550556
gemma3-12b,g24p2_134,CF-,73.58442398401058
gemma3-12b,g24p2_134,EXC+,99.99826215882905
gemma3-12b,g24p2_134,EXC-,88.70530450477416
gemma3-12b,g24p2_134,MNR+,89.08866486071392
gemma3-12b,g24p2_134,MNR-,88.84440302585737
gemma3-12b,g24p2_134,RND+,77.68533294404288
gemma3-12b,g24p2_134,RND-,77.62434638708349
gemma3-12b,g24p2_134,STR+,88.9013104754924
gemma3-12b,g24p2_134,STR-,88.88500561058065
gemma3-12b,g24p2_134,Y0,99.99880972363317
gemma3-12b,g24p2_135,ADM+,99.99695729683421
gemma3-12b,g24p2_135,ADM-,0.0016189854246704697
gemma3-12b,g24p2_135,CF+,55.539494046874765
gemma3-12b,g24p2_135,CF-,55.5391262024324
gemma3-12b,g24p2_135,EXC+,54.57856847053006
gemma3-12b,g24p2_135,EXC-,54.64171835954829
gemma3-12b,g24p2_135,MNR+,0.0016092965602634648
gemma3-12b,g24p2_135,MNR-,0.0011053808793399116
gemma3-12b,g24p2_135,RND+,55.54024503789641
gemma3-12b,g24p2_135,RND-,55.538241231880505
gemma3-12b,g24p2_135,STR+,0.0012530799803838447
gemma3-12b,g24p2_135,STR-,0.000547171352698646
gemma3-12b,g24p2_135,Y0,0.0004514088373479778
gemma3-12b,g24p2_136,ADM+,88.93409030449746
gemma3-12b,g24p2_136,ADM-,70.23129097570803
gemma3-12b,g24p2_136,CF+,55.53002903477908
gemma3-12b,g24p2_136,CF-,55.54398338791471
gemma3-12b,g24p2_136,EXC+,55.416212582458336
gemma3-12b,g24p2_136,EXC-,55.34830760048128
gemma3-12b,g24p2_136,MNR+,55.543851480068014
gemma3-12b,g24p2_136,MNR-,56.134770483287426
gemma3-12b,g24p2_136,RND+,55.53398285835408
gemma3-12b,g24p2_136,RND-,55.53240854643492
gemma3-12b,g24p2_136,STR+,55.49692215183401
gemma3-12b,g24p2_136,STR-,55.35894010510892
gemma3-12b,g24p2_136,Y0,55.551942219235876
gemma3-12b,g24p2_137,ADM+,99.9870017288555
gemma3-12b,g24p2_137,ADM-,0.01147930318912
gemma3-12b,g24p2_137,CF+,47.65844194062466
gemma3-12b,g24p2_137,CF-,55.53739698640224
gemma3-12b,g24p2_137,EXC+,55.539044642338226
gemma3-12b,g24p2_137,EXC-,0.001547651249171861
gemma3-12b,g24p2_137,MNR+,55.55008787843009
gemma3-12b,g24p2_137,MNR-,55.52545377778132
gemma3-12b,g24p2_137,RND+,55.1290594640781
gemma3-12b,g24p2_137,RND-,55.542418374135536
gemma3-12b,g24p2_137,STR+,53.16249392962248
gemma3-12b,g24p2_137,STR-,55.42939543285245
gemma3-12b,g24p2_137,Y0,1.8592840249381116e-06
gemma3-12b,g24p2_138,ADM+,99.95477111989265
gemma3-12b,g24p2_138,ADM-,19.75053780980337
gemma3-12b,g24p2_138,CF+,55.551928271231745
gemma3-12b,g24p2_138,CF-,55.55293624544291
gemma3-12b,g24p2_138,EXC+,97.97163156718297
gemma3-12b,g24p2_138,EXC-,44.11959350314881
gemma3-12b,g24p2_138,MNR+,99.67159990075142
gemma3-12b,g24p2_138,MNR-,29.124966903780003
gemma3-12b,g24p2_138,RND+,55.54073980257131
gemma3-12b,g24p2_138,RND-,55.555555038197916
gemma3-12b,g24p2_138,STR+,55.54704494048268
gemma3-12b,g24p2_138,STR-,55.54349950138774
gemma3-12b,g24p2_138,Y0,77.77871055085797
gemma3-12b,g24p2_140,ADM+,99.15712625336093
gemma3-12b,g24p2_140,ADM-,97.52555279201805
gemma3-12b,g24p2_140,CF+,53.9033874793119
gemma3-12b,g24p2_140,CF-,55.16658070907196
gemma3-12b,g24p2_140,EXC+,55.51450327416554
gemma3-12b,g24p2_140,EXC-,91.3605710568517
gemma3-12b,g24p2_140,MNR+,88.89111492934374
gemma3-12b,g24p2_140,MNR-,88.92387064791713
gemma3-12b,g24p2_140,RND+,42.942947795260594
gemma3-12b,g24p2_140,RND-,39.57849013936647
gemma3-12b,g24p2_140,STR+,55.53833892714056
gemma3-12b,g24p2_140,STR-,49.48246944648481
gemma3-12b,g24p2_140,Y0,55.546634550292374
gemma3-12b,g24p2_141,ADM+,59.467049353400256
gemma3-12b,g24p2_141,ADM-,51.27895914282807
gemma3-12b,g24p2_141,CF+,55.53924888379228
gemma3-12b,g24p2_141,CF-,55.535214954489255
gemma3-12b,g24p2_141,EXC+,57.5175721818105
gemma3-12b,g24p2_141,EXC-,55.542000752081954
gemma3-12b,g24p2_141,MNR+,55.58254249098685
gemma3-12b,g24p2_141,MNR-,55.84838577196127
gemma3-12b,g24p2_141,RND+,55.30888442306729
gemma3-12b,g24p2_141,RND-,55.522072534621046
gemma3-12b,g24p2_141,STR+,55.45000737825482
gemma3-12b,g24p2_141,STR-,55.50829285397399
gemma3-12b,g24p2_141,Y0,66.65735836049998
gemma3-12b,g24p2_142,ADM+,90.53385644379357
gemma3-12b,g24p2_142,ADM-,19.74387379376236
gemma3-12b,g24p2_142,CF+,55.53196798826704
gemma3-12b,g24p2_142,CF-,55.54521392982534
gemma3-12b,g24p2_142,EXC+,56.03788858052033
gemma3-12b,g24p2_142,EXC-,17.29699393775275
gemma3-12b,g24p2_142,MNR+,78.83606882223495
gemma3-12b,g24p2_142,MNR-,24.226109361092522
gemma3-12b,g24p2_142,RND+,55.5322817919615
gemma3-12b,g24p2_142,RND-,55.545896691317076
gemma3-12b,g24p2_142,STR+,55.54493665219441
gemma3-12b,g24p2_142,STR-,55.54805292647903
gemma3-12b,g24p2_142,Y0,66.72311889765398
gemma3-12b,g24p2_143,ADM+,88.89666137085398
gemma3-12b,g24p2_143,ADM-,7.546467046120311
gemma3-12b,g24p2_143,CF+,55.250789166489945
gemma3-12b,g24p2_143,CF-,55.50283643734291
gemma3-12b,g24p2_143,EXC+,87.33448014267054
gemma3-12b,g24p2_143,EXC-,6.922981871494927
gemma3-12b,g24p2_143,MNR+,55.5522552667572
gemma3-12b,g24p2_143,MNR-,52.66146749320196
gemma3-12b,g24p2_143,RND+,54.442254594288165
gemma3-12b,g24p2_143,RND-,55.38856206020599
gemma3-12b,g24p2_143,STR+,55.53862264706518
gemma3-12b,g24p2_143,STR-,55.47192020917396
gemma3-12b,g24p2_143,Y0,43.80141399602789
gemma3-12b,g24p2_144,ADM+,99.99965036322317
gemma3-12b,g24p2_144,ADM-,66.35168303972678
gemma3-12b,g24p2_144,CF+,55.54829272815027
gemma3-12b,g24p2_144,CF-,33.39472817489824
gemma3-12b,g24p2_144,EXC+,99.87790992131778
gemma3-12b,g24p2_144,EXC-,35.33179834253594
gemma3-12b,g24p2_144,MNR+,99.90462812538759
gemma3-12b,g24p2_144,MNR-,66.10809165393258
gemma3-12b,g24p2_144,RND+,55.52528014979483
gemma3-12b,g24p2_144,RND-,55.550723892249316
gemma3-12b,g24p2_144,STR+,55.530398878053916
gemma3-12b,g24p2_144,STR-,55.53524374004617
gemma3-12b,g24p2_144,Y0,77.97749408907657
gemma3-12b,g24p2_145,ADM+,99.97252389439213
gemma3-12b,g24p2_145,ADM-,0.0034973665281821022
gemma3-12b,g24p2_145,CF+,55.394021843741946
gemma3-12b,g24p2_145,CF-,63.667731028230655
gemma3-12b,g24p2_145,EXC+,55.515131908410964
gemma3-12b,g24p2_145,EXC-,55.5375635876226
gemma3-12b,g24p2_145,MNR+,55.546688550264186
gemma3-12b,g24p2_145,MNR-,55.546657951705036
gemma3-12b,g24p2_145,RND+,55.45456208509635
gemma3-12b,g24p2_145,RND-,60.343599616253414
gemma3-12b,g24p2_145,STR+,70.86044123382882
gemma3-12b,g24p2_145,STR-,88.87662386842376
gemma3-12b,g24p2_145,Y0,88.83094723578303
gemma3-12b,g24p2_146,ADM+,99.97250200692253
gemma3-12b,g24p2_146,ADM-,0.20016621502084503
gemma3-12b,g24p2_146,CF+,55.22722016394948
gemma3-12b,g24p2_146,CF-,33.84585347216273
gemma3-12b,g24p2_146,EXC+,54.27795554827863
gemma3-12b,g24p2_146,EXC-,0.045478976711124594
gemma3-12b,g24p2_146,MNR+,65.7898186869442
gemma3-12b,g24p2_146,MNR-,22.400386448795857
gemma3-12b,g24p2_146,RND+,49.33902004351487
gemma3-12b,g24p2_146,RND-,55.50999587010392
gemma3-12b,g24p2_146,STR+,59.03553071843535
gemma3-12b,g24p2_146,STR-,55.53310220327892
gemma3-12b,g24p2_146,Y0,41.4674904724943
gemma3-12b,g24p2_147,ADM+,99.99924888865728
gemma3-12b,g24p2_147,ADM-,1.0818392058322939
gemma3-12b,g24p2_147,CF+,49.68272400787472
gemma3-12b,g24p2_147,CF-,55.83177382948394
gemma3-12b,g24p2_147,EXC+,80.25104648884164
gemma3-12b,g24p2_147,EXC-,1.716407068033222
gemma3-12b,g24p2_147,MNR+,88.63571183713539
gemma3-12b,g24p2_147,MNR-,55.55085225621978
gemma3-12b,g24p2_147,RND+,54.844254937025276
gemma3-12b,g24p2_147,RND-,55.53992259710898
gemma3-12b,g24p2_147,STR+,55.54667557644641
gemma3-12b,g24p2_147,STR-,55.58665884267512
gemma3-12b,g24p2_147,Y0,99.67430267180748
gemma3-12b,g24p2_148,ADM+,99.99934542296454
gemma3-12b,g24p2_148,ADM-,0.19986267152451395
gemma3-12b,g24p2_148,CF+,55.356277803609416
gemma3-12b,g24p2_148,CF-,11.113181807594769
gemma3-12b,g24p2_148,EXC+,99.96987927634933
gemma3-12b,g24p2_148,EXC-,0.01475331232503692
gemma3-12b,g24p2_148,MNR+,89.41578253678205
gemma3-12b,g24p2_148,MNR-,0.0004013337233613192
gemma3-12b,g24p2_148,RND+,55.54555021195837
gemma3-12b,g24p2_148,RND-,11.112867254217864
gemma3-12b,g24p2_148,STR+,34.470912941772575
gemma3-12b,g24p2_148,STR-,9.084787170116591
gemma3-12b,g24p2_148,Y0,10.584660304075102
gemma3-12b,g24p2_149,ADM+,99.8779178684041
gemma3-12b,g24p2_149,ADM-,0.010131668612787997
gemma3-12b,g24p2_149,CF+,55.267137440149305
gemma3-12b,g24p2_149,CF-,55.54725722193142
gemma3-12b,g24p2_149,EXC+,31.270714978122594
gemma3-12b,g24p2_149,EXC-,0.008959082869961662
gemma3-12b,g24p2_149,MNR+,55.54169628375423
gemma3-12b,g24p2_149,MNR-,55.49865276132007
gemma3-12b,g24p2_149,RND+,53.956242186527625
gemma3-12b,g24p2_149,RND-,55.54212536059496
gemma3-12b,g24p2_149,STR+,55.485582883681374
gemma3-12b,g24p2_149,STR-,55.538030120678386
gemma3-12b,g24p2_149,Y0,0.004823767256818957
gemma3-12b,g24p2_150,ADM+,88.85653125174031
gemma3-12b,g24p2_150,ADM-,0.001388854177919532
gemma3-12b,g24p2_150,CF+,55.54405570831779
gemma3-12b,g24p2_150,CF-,55.544764847331834
gemma3-12b,g24p2_150,EXC+,0.002983848234990037
gemma3-12b,g24p2_150,EXC-,0.003394140610343112
gemma3-12b,g24p2_150,MNR+,88.8278064600358
gemma3-12b,g24p2_150,MNR-,8.69191026504178
gemma3-12b,g24p2_150,RND+,55.54265842334141
gemma3-12b,g24p2_150,RND-,55.543152100937185
gemma3-12b,g24p2_150,STR+,53.47739234310132
gemma3-12b,g24p2_150,STR-,52.91632296219359
gemma3-12b,g24p2_150,Y0,55.540157821718786
gemma3-12b,g24p2_153,ADM+,99.92562592764932
gemma3-12b,g24p2_153,ADM-,77.72114455417096
gemma3-12b,g24p2_153,CF+,76.93712267826477
gemma3-12b,g24p2_153,CF-,66.66888405467431
gemma3-12b,g24p2_153,EXC+,55.458681932115006
gemma3-12b,g24p2_153,EXC-,57.324307462079396
gemma3-12b,g24p2_153,MNR+,89.73141104998487
gemma3-12b,g24p2_153,MNR-,44.07366802350583
gemma3-12b,g24p2_153,RND+,66.68481913889471
gemma3-12b,g24p2_153,RND-,66.69685816374073
gemma3-12b,g24p2_153,STR+,88.84516857022649
gemma3-12b,g24p2_153,STR-,88.47509814475545
gemma3-12b,g24p2_153,Y0,88.90177045482137
gemma3-12b,g24p2_154,ADM+,0.0026447597774939147
gemma3-12b,g24p2_154,ADM-,7.871287315544815e-05
gemma3-12b,g24p2_154,CF+,55.53528931737124
gemma3-12b,g24p2_154,CF-,55.5344266122635
gemma3-12b,g24p2_154,EXC+,88.86275103567823
gemma3-12b,g24p2_154,EXC-,55.534823477236266
gemma3-12b,g24p2_154,MNR+,99.98549972609862
gemma3-12b,g24p2_154,MNR-,2.959961970483138e-05
gemma3-12b,g24p2_154,RND+,55.52018064750878
gemma3-12b,g24p2_154,RND-,55.510195765987156
gemma3-12b,g24p2_154,STR+,55.45916731102635
gemma3-12b,g24p2_154,STR-,55.43252751973933
gemma3-12b,g24p2_154,Y0,55.57893957926873
gemma3-12b,g24p2_156,ADM+,99.99979488467787
gemma3-12b,g24p2_156,ADM-,88.87509477894177
gemma3-12b,g24p2_156,CF+,55.58726218934417
gemma3-12b,g24p2_156,CF-,56.39862451560547
gemma3-12b,g24p2_156,EXC+,55.42974168556469
gemma3-12b,g24p2_156,EXC-,99.92524319067839
gemma3-12b,g24p2_156,MNR+,83.33408870782127
gemma3-12b,g24p2_156,MNR-,88.69496259524988
gemma3-12b,g24p2_156,RND+,55.54864383713682
gemma3-12b,g24p2_156,RND-,64.6531710933276
gemma3-12b,g24p2_156,STR+,55.53253566310778
gemma3-12b,g24p2_156,STR-,98.94034940026232
gemma3-12b,g24p2_156,Y0,99.99772290142816
gemma3-12b,g24p2_158,ADM+,99.92562988029744
gemma3-12b,g24p2_158,ADM-,88.36225229336382
gemma3-12b,g24p2_158,CF+,54.179388416894966
gemma3-12b,g24p2_158,CF-,52.42903176316312
gemma3-12b,g24p2_158,EXC+,55.60688317502169
gemma3-12b,g24p2_158,EXC-,4.710831319057526
gemma3-12b,g24p2_158,MNR+,55.5307971145742
gemma3-12b,g24p2_158,MNR-,53.75377645034478
gemma3-12b,g24p2_158,RND+,55.076488186249634
gemma3-12b,g24p2_158,RND-,45.213343909161885
gemma3-12b,g24p2_158,STR+,55.45646945562428
gemma3-12b,g24p2_158,STR-,55.33104436431678
gemma3-12b,g24p2_158,Y0,22.192745103946915
gemma3-12b,g24p2_159,ADM+,99.99384371707919
gemma3-12b,g24p2_159,ADM-,0.0035897777693063232
gemma3-12b,g24p2_159,CF+,55.37631514242654
gemma3-12b,g24p2_159,CF-,55.521926233678016
gemma3-12b,g24p2_159,EXC+,77.88893620517514
gemma3-12b,g24p2_159,EXC-,0.0006664517931301991
gemma3-12b,g24p2_159,MNR+,24.97257872058551
gemma3-12b,g24p2_159,MNR-,17.184494149738423
gemma3-12b,g24p2_159,RND+,55.43073645061309
gemma3-12b,g24p2_159,RND-,55.51580875650282
gemma3-12b,g24p2_159,STR+,54.88442700309046
gemma3-12b,g24p2_159,STR-,55.53453932101479
gemma3-12b,g24p2_159,Y0,76.13301887682304
gemma3-12b,g24p2_160,ADM+,99.99958384320657
gemma3-12b,g24p2_160,ADM-,0.002866194814845134
gemma3-12b,g24p2_160,CF+,56.606653536511864
gemma3-12b,g24p2_160,CF-,56.21923025036775
gemma3-12b,g24p2_160,EXC+,99.92646025391352
gemma3-12b,g24p2_160,EXC-,53.045720851563544
gemma3-12b,g24p2_160,MNR+,88.8807450040234
gemma3-12b,g24p2_160,MNR-,77.77528401860299
gemma3-12b,g24p2_160,RND+,56.39242821594931
gemma3-12b,g24p2_160,RND-,55.68488648790483
gemma3-12b,g24p2_160,STR+,55.523644506873325
gemma3-12b,g24p2_160,STR-,55.53795585286596
gemma3-12b,g24p2_160,Y0,97.9730031638165
gemma3-12b,g24p2_161,ADM+,88.8704268980512
gemma3-12b,g24p2_161,ADM-,0.00027185332790241926
gemma3-12b,g24p2_161,CF+,55.72364709811754
gemma3-12b,g24p2_161,CF-,55.55548779914887
gemma3-12b,g24p2_161,EXC+,25.121889974783812
gemma3-12b,g24p2_161,EXC-,55.53438693685034
gemma3-12b,g24p2_161,MNR+,67.01835881146503
gemma3-12b,g24p2_161,MNR-,55.52299473434535
gemma3-12b,g24p2_161,RND+,55.529272590420334
gemma3-12b,g24p2_161,RND-,55.53120269118644
gemma3-12b,g24p2_161,STR+,55.45848994246428
gemma3-12b,g24p2_161,STR-,55.47931193873366
gemma3-12b,g24p2_161,Y0,0.0037638240001419527
gemma3-12b,g24p2_163,ADM+,99.90458791189144
gemma3-12b,g24p2_163,ADM-,0.001085513703560166
gemma3-12b,g24p2_163,CF+,55.42141996081929
gemma3-12b,g24p2_163,CF-,55.334791222300105
gemma3-12b,g24p2_163,EXC+,55.55056573120547
gemma3-12b,g24p2_163,EXC-,76.18256286565584
gemma3-12b,g24p2_163,MNR+,59.640195527464094
gemma3-12b,g24p2_163,MNR-,57.54877001393331
gemma3-12b,g24p2_163,RND+,55.53487897799008
gemma3-12b,g24p2_163,RND-,55.64091353306193
gemma3-12b,g24p2_163,STR+,47.70310783152786
gemma3-12b,g24p2_163,STR-,55.43084962964951
gemma3-12b,g24p2_163,Y0,87.56446156272135
gemma3-12b,g24p2_164,ADM+,99.99962840645858
gemma3-12b,g24p2_164,ADM-,0.011800930825642899
gemma3-12b,g24p2_164,CF+,55.54164729558061
gemma3-12b,g24p2_164,CF-,55.51963449283391
gemma3-12b,g24p2_164,EXC+,99.99540381712612
gemma3-12b,g24p2_164,EXC-,0.0014426065147676269
gemma3-12b,g24p2_164,MNR+,77.95703423742576
gemma3-12b,g24p2_164,MNR-,4.455254624129057
gemma3-12b,g24p2_164,RND+,55.51957864559851
gemma3-12b,g24p2_164,RND-,55.533616368360406
gemma3-12b,g24p2_164,STR+,55.43232624519472
gemma3-12b,g24p2_164,STR-,55.45830468189887
gemma3-12b,g24p2_164,Y0,99.15713073739161
gemma3-12b,g24p2_165,ADM+,99.84372889409615
gemma3-12b,g24p2_165,ADM-,99.74468576942265
gemma3-12b,g24p2_165,CF+,38.99255621627668
gemma3-12b,g24p2_165,CF-,45.28540308627137
gemma3-12b,g24p2_165,EXC+,55.377742478559895
gemma3-12b,g24p2_165,EXC-,27.80443143763963
gemma3-12b,g24p2_165,MNR+,55.535610866313476
gemma3-12b,g24p2_165,MNR-,55.531437656732514
gemma3-12b,g24p2_165,RND+,41.5300768712258
gemma3-12b,g24p2_165,RND-,34.64138860604339
gemma3-12b,g24p2_165,STR+,55.40056929495884
gemma3-12b,g24p2_165,STR-,55.04373526859334
gemma3-12b,g24p2_165,Y0,55.54357211802324
gemma3-12b,g24p2_167,ADM+,88.91026852518254
gemma3-12b,g24p2_167,ADM-,88.89494308861278
gemma3-12b,g24p2_167,CF+,55.507973362750995
gemma3-12b,g24p2_167,CF-,55.52200538969888
gemma3-12b,g24p2_167,EXC+,77.80006933727942
gemma3-12b,g24p2_167,EXC-,10.823536673263327
gemma3-12b,g24p2_167,MNR+,55.54982284957702
gemma3-12b,g24p2_167,MNR-,55.469371524978456
gemma3-12b,g24p2_167,RND+,55.53072384445171
gemma3-12b,g24p2_167,RND-,55.53855919343304
gemma3-12b,g24p2_167,STR+,55.528841610598256
gemma3-12b,g24p2_167,STR-,55.534770582070216
gemma3-12b,g24p2_167,Y0,66.66912770250238
gemma3-12b,g24p2_169,ADM+,99.99996940190263
gemma3-12b,g24p2_169,ADM-,0.0005824760852560938
gemma3-12b,g24p2_169,CF+,55.74625258616773
gemma3-12b,g24p2_169,CF-,55.50725576665795
gemma3-12b,g24p2_169,EXC+,99.99987293121627
gemma3-12b,g24p2_169,EXC-,3.474470077686365e-05
gemma3-12b,g24p2_169,MNR+,55.57641726519583
gemma3-12b,g24p2_169,MNR-,55.51755537642323
gemma3-12b,g24p2_169,RND+,55.52574191472793
gemma3-12b,g24p2_169,RND-,55.519806336305834
gemma3-12b,g24p2_169,STR+,55.39751528073731
gemma3-12b,g24p2_169,STR-,55.520557948575764
gemma3-12b,g24p2_169,Y0,99.99917053300784
gemma3-12b,g24p2_170,ADM+,88.91633729247565
gemma3-12b,g24p2_170,ADM-,88.94688099546767
gemma3-12b,g24p2_170,CF+,55.52619934333792
gemma3-12b,g24p2_170,CF-,55.53259535450394
gemma3-12b,g24p2_170,EXC+,55.48998447031005
gemma3-12b,g24p2_170,EXC-,88.88013517081379
gemma3-12b,g24p2_170,MNR+,88.89396205117596
gemma3-12b,g24p2_170,MNR-,55.53165364032403
gemma3-12b,g24p2_170,RND+,55.53002192125966
gemma3-12b,g24p2_170,RND-,55.53313921940542
gemma3-12b,g24p2_170,STR+,55.51961361495932
gemma3-12b,g24p2_170,STR-,55.53302653783808
gemma3-12b,g24p2_170,Y0,22.021373787547354
gemma3-12b,g24p2_171,ADM+,91.87712137237696
gemma3-12b,g24p2_171,ADM-,50.561187228040616
gemma3-12b,g24p2_171,CF+,55.50935058538406
gemma3-12b,g24p2_171,CF-,55.536672160738604
gemma3-12b,g24p2_171,EXC+,55.72967080547996
gemma3-12b,g24p2_171,EXC-,55.54049958070997
gemma3-12b,g24p2_171,MNR+,94.44341209925032
gemma3-12b,g24p2_171,MNR-,54.6110505836205
gemma3-12b,g24p2_171,RND+,55.66749986636917
gemma3-12b,g24p2_171,RND-,55.64189308424724
gemma3-12b,g24p2_171,STR+,46.27260885924357
gemma3-12b,g24p2_171,STR-,53.69863748521155
gemma3-12b,g24p2_171,Y0,80.76593305643289
gemma3-12b,g24p2_172,ADM+,99.99932618226124
gemma3-12b,g24p2_172,ADM-,1.7653489953585057e-05
gemma3-12b,g24p2_172,CF+,55.52686521722531
gemma3-12b,g24p2_172,CF-,55.51533102579616
gemma3-12b,g24p2_172,EXC+,89.20664407913289
gemma3-12b,g24p2_172,EXC-,1.3961745046119731e-05
gemma3-12b,g24p2_172,MNR+,99.99558721225345
gemma3-12b,g24p2_172,MNR-,4.9009905866836706e-05
gemma3-12b,g24p2_172,RND+,55.49743033093037
gemma3-12b,g24p2_172,RND-,55.399145033850466
gemma3-12b,g24p2_172,STR+,55.35427092098223
gemma3-12b,g24p2_172,STR-,55.34387189175576
gemma3-12b,g24p2_172,Y0,99.96079921889799
gemma3-12b,g24p2_174,ADM+,93.08377481993782
gemma3-12b,g24p2_174,ADM-,6.9229796397337715
gemma3-12b,g24p2_174,CF+,55.50716650465903
gemma3-12b,g24p2_174,CF-,55.46730721546905
gemma3-12b,g24p2_174,EXC+,66.43169070845842
gemma3-12b,g24p2_174,EXC-,44.25623972582159
gemma3-12b,g24p2_174,MNR+,66.99145561047153
gemma3-12b,g24p2_174,MNR-,55.54622152163756
gemma3-12b,g24p2_174,RND+,55.50438197150318
gemma3-12b,g24p2_174,RND-,54.22052517238794
gemma3-12b,g24p2_174,STR+,65.83160406370936
gemma3-12b,g24p2_174,STR-,55.51464630339487
gemma3-12b,g24p2_174,Y0,77.77777732094438
gemma3-12b,g24p2_175,ADM+,99.94199451557955
gemma3-12b,g24p2_175,ADM-,0.39418795349268754
gemma3-12b,g24p2_175,CF+,55.561593228269246
gemma3-12b,g24p2_175,CF-,66.13947135655783
gemma3-12b,g24p2_175,EXC+,99.67428353637007
gemma3-12b,g24p2_175,EXC-,0.005809873149679986
gemma3-12b,g24p2_175,MNR+,99.58522869293972
gemma3-12b,g24p2_175,MNR-,0.020053972026410013
gemma3-12b,g24p2_175,RND+,64.6389923714567
gemma3-12b,g24p2_175,RND-,55.58046336699172
gemma3-12b,g24p2_175,STR+,99.99697416420393
gemma3-12b,g24p2_175,STR-,1.493923607030571
gemma3-12b,g24p2_175,Y0,99.80015013544445
gemma3-12b,g24p2_176,ADM+,99.99932679208925
gemma3-12b,g24p2_176,ADM-,0.09537790366442461
gemma3-12b,g24p2_176,CF+,55.48023293907739
gemma3-12b,g24p2_176,CF-,55.53877694756866
gemma3-12b,g24p2_176,EXC+,55.86066417800081
gemma3-12b,g24p2_176,EXC-,55.53767683027956
gemma3-12b,g24p2_176,MNR+,55.53623731877624
gemma3-12b,g24p2_176,MNR-,55.531891502841944
gemma3-12b,g24p2_176,RND+,55.49778355502731
gemma3-12b,g24p2_176,RND-,55.54074132067081
gemma3-12b,g24p2_176,STR+,54.55695494825705
gemma3-12b,g24p2_176,STR-,55.540365337969384
gemma3-12b,g24p2_176,Y0,89.41584110428155
gemma3-12b,g24p2_177,ADM+,89.21456657751973
gemma3-12b,g24p2_177,ADM-,8.670203668589144
gemma3-12b,g24p2_177,CF+,72.2220707103344
gemma3-12b,g24p2_177,CF-,66.69041526554922
gemma3-12b,g24p2_177,EXC+,55.53281931796972
gemma3-12b,g24p2_177,EXC-,10.768755356098188
gemma3-12b,g24p2_177,MNR+,88.88970747613736
gemma3-12b,g24p2_177,MNR-,21.608426814473816
gemma3-12b,g24p2_177,RND+,77.777779924336
gemma3-12b,g24p2_177,RND-,66.63822636390738
gemma3-12b,g24p2_177,STR+,89.04507836570359
gemma3-12b,g24p2_177,STR-,88.89381561561657
gemma3-12b,g24p2_177,Y0,90.21335980262782
gemma3-12b,g24p2_178,ADM+,95.13521658856367
gemma3-12b,g24p2_178,ADM-,9.472150514211268
gemma3-12b,g24p2_178,CF+,56.075620347626085
gemma3-12b,g24p2_178,CF-,77.77779388336141
gemma3-12b,g24p2_178,EXC+,80.64342662471245
gemma3-12b,g24p2_178,EXC-,75.87933534517623
gemma3-12b,g24p2_178,MNR+,99.67377709667124
gemma3-12b,g24p2_178,MNR-,99.96426095147635
gemma3-12b,g24p2_178,RND+,44.444442247089654
gemma3-12b,g24p2_178,RND-,74.78974712333488
gemma3-12b,g24p2_178,STR+,99.98650478219969
gemma3-12b,g24p2_178,STR-,88.91605600235995
gemma3-12b,g24p2_178,Y0,99.9984458723126
gemma3-12b,g24p2_179,ADM+,99.99897222673054
gemma3-12b,g24p2_179,ADM-,0.19992781276947616
gemma3-12b,g24p2_179,CF+,55.52552667153446
gemma3-12b,g24p2_179,CF-,55.51113225379389
gemma3-12b,g24p2_179,EXC+,55.47181285195756
gemma3-12b,g24p2_179,EXC-,0.257373436819736
gemma3-12b,g24p2_179,MNR+,97.50745768765564
gemma3-12b,g24p2_179,MNR-,55.523277579415975
gemma3-12b,g24p2_179,RND+,55.51425724930837
gemma3-12b,g24p2_179,RND-,55.53416797382216
gemma3-12b,g24p2_179,STR+,55.46383234816996
gemma3-12b,g24p2_179,STR-,55.54643748605582
gemma3-12b,g24p2_179,Y0,55.52416106038534
gemma3-12b,g24p2_180,ADM+,0.0009906449198441134
gemma3-12b,g24p2_180,ADM-,99.9977113497125
gemma3-12b,g24p2_180,CF+,55.505436461965665
gemma3-12b,g24p2_180,CF-,55.47229547027657
gemma3-12b,g24p2_180,EXC+,0.014484828023196466
gemma3-12b,g24p2_180,EXC-,0.003007935468342651
gemma3-12b,g24p2_180,MNR+,55.53986035794419
gemma3-12b,g24p2_180,MNR-,0.029460469391814126
gemma3-12b,g24p2_180,RND+,55.52908776271612
gemma3-12b,g24p2_180,RND-,55.538701831605024
gemma3-12b,g24p2_180,STR+,52.18627054818601
gemma3-12b,g24p2_180,STR-,53.88824695736253
gemma3-12b,g24p2_180,Y0,6.916928267792863
gemma3-12b,g24p2_181,ADM+,87.37153538088906
gemma3-12b,g24p2_181,ADM-,4.9727221444820665e-06
gemma3-12b,g24p2_181,CF+,11.123011634308062
gemma3-12b,g24p2_181,CF-,55.510593715402194
gemma3-12b,g24p2_181,EXC+,54.27673909774276
gemma3-12b,g24p2_181,EXC-,4.754595185611712e-05
gemma3-12b,g24p2_181,MNR+,10.941703457414905
gemma3-12b,g24p2_181,MNR-,0.002275880438029733
gemma3-12b,g24p2_181,RND+,11.084469698683302
gemma3-12b,g24p2_181,RND-,55.439505562436864
gemma3-12b,g24p2_181,STR+,55.2891272346969
gemma3-12b,g24p2_181,STR-,55.41639465648355
gemma3-12b,g24p2_181,Y0,0.002262660262094635
gemma3-12b,g24p2_184,ADM+,88.73623372013311
gemma3-12b,g24p2_184,ADM-,4.709925598546993e-05
gemma3-12b,g24p2_184,CF+,29.139714245029754
gemma3-12b,g24p2_184,CF-,11.156103392420947
gemma3-12b,g24p2_184,EXC+,21.040454500389156
gemma3-12b,g24p2_184,EXC-,0.0001879135000266668
gemma3-12b,g24p2_184,MNR+,55.17694959593672
gemma3-12b,g24p2_184,MNR-,0.8430700843867224
gemma3-12b,g24p2_184,RND+,22.251334519308916
gemma3-12b,g24p2_184,RND-,11.12752623772718
gemma3-12b,g24p2_184,STR+,14.675787404958776
gemma3-12b,g24p2_184,STR-,55.51194650258902
gemma3-12b,g24p2_184,Y0,0.32569731193282914
gemma3-12b,g24p2_185,ADM+,99.9998119565667
gemma3-12b,g24p2_185,ADM-,4.7621458010816824e-05
gemma3-12b,g24p2_185,CF+,55.50890886961031
gemma3-12b,g24p2_185,CF-,55.5297632594972
gemma3-12b,g24p2_185,EXC+,99.99963577451723
gemma3-12b,g24p2_185,EXC-,1.1019186412952942e-05
gemma3-12b,g24p2_185,MNR+,99.99853648322983
gemma3-12b,g24p2_185,MNR-,0.00041228935054343405
gemma3-12b,g24p2_185,RND+,55.54709019221652
gemma3-12b,g24p2_185,RND-,55.54228775396581
gemma3-12b,g24p2_185,STR+,55.51971099987949
gemma3-12b,g24p2_185,STR-,55.51143867511553
gemma3-12b,g24p2_185,Y0,55.25762893593528
gemma3-12b,g24p2_186,ADM+,88.69008343819029
gemma3-12b,g24p2_186,ADM-,0.07441498500778777
gemma3-12b,g24p2_186,CF+,43.527424500387944
gemma3-12b,g24p2_186,CF-,55.46248250642402
gemma3-12b,g24p2_186,EXC+,55.28431657276936
gemma3-12b,g24p2_186,EXC-,0.04046888589790026
gemma3-12b,g24p2_186,MNR+,77.75453096715746
gemma3-12b,g24p2_186,MNR-,55.35640526144266
gemma3-12b,g24p2_186,RND+,51.95355222338271
gemma3-12b,g24p2_186,RND-,33.42078061071381
gemma3-12b,g24p2_186,STR+,55.512228015766
gemma3-12b,g24p2_186,STR-,55.53895717325835
gemma3-12b,g24p2_186,Y0,22.148649178929244
gemma3-12b,g24p2_187,ADM+,93.08378348733885
gemma3-12b,g24p2_187,ADM-,11.627996918307705
gemma3-12b,g24p2_187,CF+,52.9489964140998
gemma3-12b,g24p2_187,CF-,55.51231537757269
gemma3-12b,g24p2_187,EXC+,55.264797033915016
gemma3-12b,g24p2_187,EXC-,0.03205587205903819
gemma3-12b,g24p2_187,MNR+,55.54277496777086
gemma3-12b,g24p2_187,MNR-,5.163267751264008
gemma3-12b,g24p2_187,RND+,55.462542734305714
gemma3-12b,g24p2_187,RND-,55.53070271323328
gemma3-12b,g24p2_187,STR+,54.56203599222979
gemma3-12b,g24p2_187,STR-,55.53065697615848
gemma3-12b,g24p2_187,Y0,33.847533770583965
gemma3-12b,g24p2_189,ADM+,99.99823610945735
gemma3-12b,g24p2_189,ADM-,21.381935075309727
gemma3-12b,g24p2_189,CF+,55.57975183256507
gemma3-12b,g24p2_189,CF-,55.54684493261382
gemma3-12b,g24p2_189,EXC+,34.033638765658736
gemma3-12b,g24p2_189,EXC-,20.111379686827107
gemma3-12b,g24p2_189,MNR+,68.29662906142941
gemma3-12b,g24p2_189,MNR-,65.53450805378469
gemma3-12b,g24p2_189,RND+,55.540932368746354
gemma3-12b,g24p2_189,RND-,55.54826995060881
gemma3-12b,g24p2_189,STR+,55.530888033729624
gemma3-12b,g24p2_189,STR-,55.54735083986548
gemma3-12b,g24p2_189,Y0,89.55651419646748
gemma3-12b,g24p2_190,ADM+,99.99707531718693
gemma3-12b,g24p2_190,ADM-,0.415697033188805
gemma3-12b,g24p2_190,CF+,54.58177922893835
gemma3-12b,g24p2_190,CF-,55.51761736811304
gemma3-12b,g24p2_190,EXC+,55.447496799730516
gemma3-12b,g24p2_190,EXC-,55.48879162812521
gemma3-12b,g24p2_190,MNR+,76.13324625405372
gemma3-12b,g24p2_190,MNR-,54.984483157301995
gemma3-12b,g24p2_190,RND+,55.38764062239574
gemma3-12b,g24p2_190,RND-,55.54038659214976
gemma3-12b,g24p2_190,STR+,55.351848750314105
gemma3-12b,g24p2_190,STR-,55.51730310403381
gemma3-12b,g24p2_190,Y0,88.88130819521078
gemma3-12b,g24p2_191,ADM+,0.1565154885987711
gemma3-12b,g24p2_191,ADM-,0.008946242508386177
gemma3-12b,g24p2_191,CF+,55.53937207506604
gemma3-12b,g24p2_191,CF-,55.54179333388101
gemma3-12b,g24p2_191,EXC+,4.910227909799712
gemma3-12b,g24p2_191,EXC-,0.02440780289442336
gemma3-12b,g24p2_191,MNR+,55.542181292703816
gemma3-12b,g24p2_191,MNR-,0.02432498819512173
gemma3-12b,g24p2_191,RND+,55.54727709840794
gemma3-12b,g24p2_191,RND-,55.54204072660919
gemma3-12b,g24p2_191,STR+,55.52646891072693
gemma3-12b,g24p2_191,STR-,55.505367661274285
gemma3-12b,g24p2_191,Y0,44.40780822507972
gemma3-12b,g24p2_192,ADM+,88.91460069640996
gemma3-12b,g24p2_192,ADM-,88.8315167615632
gemma3-12b,g24p2_192,CF+,43.94971679684822
gemma3-12b,g24p2_192,CF-,55.50405826229012
gemma3-12b,g24p2_192,EXC+,55.5086225667587
gemma3-12b,g24p2_192,EXC-,55.507017048276275
gemma3-12b,g24p2_192,MNR+,55.502871606650885
gemma3-12b,g24p2_192,MNR-,55.15122724172513
gemma3-12b,g24p2_192,RND+,55.322961066008
gemma3-12b,g24p2_192,RND-,55.52788188580062
gemma3-12b,g24p2_192,STR+,55.53562672289987
gemma3-12b,g24p2_192,STR-,97.5254470493404
gemma3-12b,g24p2_192,Y0,99.67429412595521
gemma3-12b,g24p2_193,ADM+,88.47460192381374
gemma3-12b,g24p2_193,ADM-,54.56859297435472
gemma3-12b,g24p2_193,CF+,66.64738184883338
gemma3-12b,g24p2_193,CF-,55.44342798413768
gemma3-12b,g24p2_193,EXC+,78.8517823468431
gemma3-12b,g24p2_193,EXC-,55.179432352214825
gemma3-12b,g24p2_193,MNR+,78.07445725358463
gemma3-12b,g24p2_193,MNR-,55.52650650337464
gemma3-12b,g24p2_193,RND+,66.65535814914223
gemma3-12b,g24p2_193,RND-,55.538475826906954
gemma3-12b,g24p2_193,STR+,77.82283816049477
gemma3-12b,g24p2_193,STR-,78.62058732515467
gemma3-12b,g24p2_193,Y0,77.57796700709721
gemma3-12b,g24p2_194,ADM+,0.41478532178062544
gemma3-12b,g24p2_194,ADM-,2.4745292803102137
gemma3-12b,g24p2_194,CF+,55.49946547508901
gemma3-12b,g24p2_194,CF-,55.512687047786976
gemma3-12b,g24p2_194,EXC+,98.34886053904835
gemma3-12b,g24p2_194,EXC-,88.13681805029387
gemma3-12b,g24p2_194,MNR+,89.7103373103111
gemma3-12b,g24p2_194,MNR-,52.12763014100205
gemma3-12b,g24p2_194,RND+,55.505331084584554
gemma3-12b,g24p2_194,RND-,55.516455673698744
gemma3-12b,g24p2_194,STR+,50.42129967023459
gemma3-12b,g24p2_194,STR-,52.67922294295898
gemma3-12b,g24p2_194,Y0,11.07876136803197
gemma3-12b,g24p2_196,ADM+,99.99773419963427
gemma3-12b,g24p2_196,ADM-,87.24412645740716
gemma3-12b,g24p2_196,CF+,55.52061905215453
gemma3-12b,g24p2_196,CF-,55.54492234091327
gemma3-12b,g24p2_196,EXC+,99.96583659476093
gemma3-12b,g24p2_196,EXC-,55.47251561144618
gemma3-12b,g24p2_196,MNR+,99.99496762764737
gemma3-12b,g24p2_196,MNR-,55.544333834007276
gemma3-12b,g24p2_196,RND+,55.498549900276686
gemma3-12b,g24p2_196,RND-,55.5305102302169
gemma3-12b,g24p2_196,STR+,55.42343535209387
gemma3-12b,g24p2_196,STR-,55.5180537527838
gemma3-12b,g24p2_196,Y0,40.6158635374932
gemma3-12b,g24p2_198,ADM+,99.99947318226238
gemma3-12b,g24p2_198,ADM-,0.021447470392267673
gemma3-12b,g24p2_198,CF+,55.583932649025805
gemma3-12b,g24p2_198,CF-,55.54986041068231
gemma3-12b,g24p2_198,EXC+,55.51567375716037
gemma3-12b,g24p2_198,EXC-,55.38006267366392
gemma3-12b,g24p2_198,MNR+,55.62494807536297
gemma3-12b,g24p2_198,MNR-,55.54301180654915
gemma3-12b,g24p2_198,RND+,54.1957546270273
gemma3-12b,g24p2_198,RND-,55.54738471230457
gemma3-12b,g24p2_198,STR+,55.54878441099922
gemma3-12b,g24p2_198,STR-,55.54606752843768
gemma3-12b,g24p2_198,Y0,66.59043078803026
gemma3-12b,g24p2_200,ADM+,99.87792129991325
gemma3-12b,g24p2_200,ADM-,56.21707425093271
gemma3-12b,g24p2_200,CF+,53.75869261140987
gemma3-12b,g24p2_200,CF-,46.622788270383964
gemma3-12b,g24p2_200,EXC+,48.92962700889377
gemma3-12b,g24p2_200,EXC-,55.53983822833354
gemma3-12b,g24p2_200,MNR+,89.21231626366588
gemma3-12b,g24p2_200,MNR-,55.586872491334425
gemma3-12b,g24p2_200,RND+,54.133870612013375
gemma3-12b,g24p2_200,RND-,46.40191627978792
gemma3-12b,g24p2_200,STR+,53.16030588734089
gemma3-12b,g24p2_200,STR-,56.83565228631608
gemma3-12b,g24p2_200,Y0,63.678317682498864
gemma3-12b,g24p2_201,ADM+,62.96166139152668
gemma3-12b,g24p2_201,ADM-,40.25845427417423
gemma3-12b,g24p2_201,CF+,23.861700031638446
gemma3-12b,g24p2_201,CF-,22.176968298539208
gemma3-12b,g24p2_201,EXC+,54.27693058585903
gemma3-12b,g24p2_201,EXC-,17.83400792358198
gemma3-12b,g24p2_201,MNR+,16.65092969127348
gemma3-12b,g24p2_201,MNR-,2.485349440938393
gemma3-12b,g24p2_201,RND+,28.464712612556305
gemma3-12b,g24p2_201,RND-,21.905992272435714
gemma3-12b,g24p2_201,STR+,19.22441724489112
gemma3-12b,g24p2_201,STR-,18.652395902107685
gemma3-12b,g24p2_201,Y0,0.04524746833138145
gemma3-12b,g24p2_202,ADM+,99.9993348861689
gemma3-12b,g24p2_202,ADM-,0.00016402587306627167
gemma3-12b,g24p2_202,CF+,0.027478310873566773
gemma3-12b,g24p2_202,CF-,0.035263353445639856
gemma3-12b,g24p2_202,EXC+,0.00011270202010114198
gemma3-12b,g24p2_202,EXC-,0.6410038449027902
gemma3-12b,g24p2_202,MNR+,7.756144994544264e-05
gemma3-12b,g24p2_202,MNR-,0.0005053768378568059
gemma3-12b,g24p2_202,RND+,0.05800913334802249
gemma3-12b,g24p2_202,RND-,0.02747650614836828
gemma3-12b,g24p2_202,STR+,0.00018600843280906052
gemma3-12b,g24p2_202,STR-,0.001211665081001383
gemma3-12b,g24p2_202,Y0,0.001068548746620373
gemma3-12b,g24p2_203,ADM+,88.8907197115387
gemma3-12b,g24p2_203,ADM-,0.011479314998093675
gemma3-12b,g24p2_203,CF+,55.47822041905583
gemma3-12b,g24p2_203,CF-,55.007075916450596
gemma3-12b,g24p2_203,EXC+,88.89385059642599
gemma3-12b,g24p2_203,EXC-,0.0011013284205375813
gemma3-12b,g24p2_203,MNR+,66.78651071087329
gemma3-12b,g24p2_203,MNR-,0.12214959600406695
gemma3-12b,g24p2_203,RND+,45.44590812213857
gemma3-12b,g24p2_203,RND-,55.50851184367397
gemma3-12b,g24p2_203,STR+,55.51363582469287
gemma3-12b,g24p2_203,STR-,55.543100221118806
gemma3-12b,g24p2_203,Y0,66.67541552893297
gemma3-12b,g24p2_204,ADM+,88.04639444864587
gemma3-12b,g24p2_204,ADM-,56.725406488698916
gemma3-12b,g24p2_204,CF+,55.571890955275634
gemma3-12b,g24p2_204,CF-,51.26324016022694
gemma3-12b,g24p2_204,EXC+,78.61879738420652
gemma3-12b,g24p2_204,EXC-,55.42805573760442
gemma3-12b,g24p2_204,MNR+,77.6243844678688
gemma3-12b,g24p2_204,MNR-,55.48324557583394
gemma3-12b,g24p2_204,RND+,55.57287645687036
gemma3-12b,g24p2_204,RND-,55.488667264146734
gemma3-12b,g24p2_204,STR+,66.46680069881285
gemma3-12b,g24p2_204,STR-,66.67954256069262
gemma3-12b,g24p2_204,Y0,66.66251766955155
gemma3-12b,g24p2_207,ADM+,66.71158326605237
gemma3-12b,g24p2_207,ADM-,48.636798221324945
gemma3-12b,g24p2_207,CF+,43.778312079070346
gemma3-12b,g24p2_207,CF-,29.768796493649702
gemma3-12b,g24p2_207,EXC+,33.7035401573824
gemma3-12b,g24p2_207,EXC-,42.38618779460296
gemma3-12b,g24p2_207,MNR+,33.454404367174746
gemma3-12b,g24p2_207,MNR-,33.29600259360878
gemma3-12b,g24p2_207,RND+,32.009179815597605
gemma3-12b,g24p2_207,RND-,33.45169928560825
gemma3-12b,g24p2_207,STR+,34.97714063629891
gemma3-12b,g24p2_207,STR-,33.01045403984557
gemma3-12b,g24p2_207,Y0,33.36632845322875
gemma3-12b,g24p2_208,ADM+,90.91583655452322
gemma3-12b,g24p2_208,ADM-,89.21457795657561
gemma3-12b,g24p2_208,CF+,55.5248800570823
gemma3-12b,g24p2_208,CF-,59.12021145147282
gemma3-12b,g24p2_208,EXC+,99.88794823263325
gemma3-12b,g24p2_208,EXC-,20.74038159666202
gemma3-12b,g24p2_208,MNR+,88.19987965434224
gemma3-12b,g24p2_208,MNR-,81.97231953790822
gemma3-12b,g24p2_208,RND+,55.51075171348506
gemma3-12b,g24p2_208,RND-,55.541789219003434
gemma3-12b,g24p2_208,STR+,55.219994824427324
gemma3-12b,g24p2_208,STR-,55.53570556664177
gemma3-12b,g24p2_208,Y0,96.29554241188822
gemma3-12b,g24p2_211,ADM+,87.24458818378864
gemma3-12b,g24p2_211,ADM-,65.01111705534649
gemma3-12b,g24p2_211,CF+,31.43136468945814
gemma3-12b,g24p2_211,CF-,55.15732875554525
gemma3-12b,g24p2_211,EXC+,3.341872162111602
gemma3-12b,g24p2_211,EXC-,0.004257874098798659
gemma3-12b,g24p2_211,MNR+,78.44365138591944
gemma3-12b,g24p2_211,MNR-,2.9995584992427533
gemma3-12b,g24p2_211,RND+,55.39851891250925
gemma3-12b,g24p2_211,RND-,55.49035288659592
gemma3-12b,g24p2_211,STR+,55.008629296448106
gemma3-12b,g24p2_211,STR-,41.41956810567277
gemma3-12b,g24p2_211,Y0,55.0683412503319
gemma3-12b,g24p2_213,ADM+,99.99211026919984
gemma3-12b,g24p2_213,ADM-,97.01055627746337
gemma3-12b,g24p2_213,CF+,55.54136105056234
gemma3-12b,g24p2_213,CF-,55.53932107186241
gemma3-12b,g24p2_213,EXC+,55.50460571583275
gemma3-12b,g24p2_213,EXC-,0.013724683225489342
gemma3-12b,g24p2_213,MNR+,99.99208175427684
gemma3-12b,g24p2_213,MNR-,9.14032040328784
gemma3-12b,g24p2_213,RND+,55.53305019620191
gemma3-12b,g24p2_213,RND-,55.53278696182924
gemma3-12b,g24p2_213,STR+,55.025718673482025
gemma3-12b,g24p2_213,STR-,44.986752915537096
gemma3-12b,g24p2_213,Y0,55.6578330171157
gemma3-12b,g24p2_214,ADM+,88.89574012268804
gemma3-12b,g24p2_214,ADM-,88.88490523566239
gemma3-12b,g24p2_214,CF+,55.30121579941337
gemma3-12b,g24p2_214,CF-,38.903039449348434
gemma3-12b,g24p2_214,EXC+,55.04405839885366
gemma3-12b,g24p2_214,EXC-,51.9819120776873
gemma3-12b,g24p2_214,MNR+,56.21763503505444
gemma3-12b,g24p2_214,MNR-,55.150434435366556
gemma3-12b,g24p2_214,RND+,33.996453587191404
gemma3-12b,g24p2_214,RND-,54.216347423142416
gemma3-12b,g24p2_214,STR+,54.20318160528722
gemma3-12b,g24p2_214,STR-,54.11296677303219
gemma3-12b,g24p2_214,Y0,10.868795965981063
gemma3-12b,g24p2_215,ADM+,89.94832103696531
gemma3-12b,g24p2_215,ADM-,66.33783323632166
gemma3-12b,g24p2_215,CF+,55.40199798760695
gemma3-12b,g24p2_215,CF-,55.45573970910575
gemma3-12b,g24p2_215,EXC+,55.51187751738284
gemma3-12b,g24p2_215,EXC-,51.339353359381825
gemma3-12b,g24p2_215,MNR+,55.77588334158444
gemma3-12b,g24p2_215,MNR-,55.54248730247819
gemma3-12b,g24p2_215,RND+,55.29981554422518
gemma3-12b,g24p2_215,RND-,55.453219993305936
gemma3-12b,g24p2_215,STR+,66.71853488748792
gemma3-12b,g24p2_215,STR-,54.88592021548071
gemma3-12b,g24p2_215,Y0,56.22002369207341
gemma3-12b,g24p2_216,ADM+,88.87535820029484
gemma3-12b,g24p2_216,ADM-,77.87155937129377
gemma3-12b,g24p2_216,CF+,55.489685307240165
gemma3-12b,g24p2_216,CF-,55.54076791071363
gemma3-12b,g24p2_216,EXC+,55.681556079170925
gemma3-12b,g24p2_216,EXC-,55.53843060737044
gemma3-12b,g24p2_216,MNR+,78.1896862178783
gemma3-12b,g24p2_216,MNR-,55.65823407604486
gemma3-12b,g24p2_216,RND+,55.52579008043753
gemma3-12b,g24p2_216,RND-,55.47144172205256
gemma3-12b,g24p2_216,STR+,57.30708110942491
gemma3-12b,g24p2_216,STR-,55.544754560901005
gemma3-12b,g24p2_216,Y0,85.90065384942972
gemma3-12b,g24p2_217,ADM+,89.9483216943322
gemma3-12b,g24p2_217,ADM-,89.14419143810433
gemma3-12b,g24p2_217,CF+,64.19172702225747
gemma3-12b,g24p2_217,CF-,65.02155800683573
gemma3-12b,g24p2_217,EXC+,55.53233294833973
gemma3-12b,g24p2_217,EXC-,88.89861583626029
gemma3-12b,g24p2_217,MNR+,77.80565941259793
gemma3-12b,g24p2_217,MNR-,77.84073202061091
gemma3-12b,g24p2_217,RND+,55.341873106145506
gemma3-12b,g24p2_217,RND-,60.41863457522652
gemma3-12b,g24p2_217,STR+,88.89892353093065
gemma3-12b,g24p2_217,STR-,88.89437683484742
gemma3-12b,g24p2_217,Y0,92.45356956283416
gemma3-12b,g24p2_218,ADM+,99.15712055296416
gemma3-12b,g24p2_218,ADM-,22.117133348975187
gemma3-12b,g24p2_218,CF+,55.546297539293754
gemma3-12b,g24p2_218,CF-,55.42303302315632
gemma3-12b,g24p2_218,EXC+,93.08058262883236
gemma3-12b,g24p2_218,EXC-,54.48375769611657
gemma3-12b,g24p2_218,MNR+,55.59169224933955
gemma3-12b,g24p2_218,MNR-,22.52637075969361
gemma3-12b,g24p2_218,RND+,55.5444423012845
gemma3-12b,g24p2_218,RND-,55.54202560896209
gemma3-12b,g24p2_218,STR+,47.13972047061294
gemma3-12b,g24p2_218,STR-,0.47838204635007325
gemma3-12b,g24p2_218,Y0,55.52349389337628
gemma3-12b,g24p2_219,ADM+,99.9547686200779
gemma3-12b,g24p2_219,ADM-,88.77153909967288
gemma3-12b,g24p2_219,CF+,55.53281627927721
gemma3-12b,g24p2_219,CF-,55.53684063521234
gemma3-12b,g24p2_219,EXC+,89.94829409465017
gemma3-12b,g24p2_219,EXC-,4.8957406492005715
gemma3-12b,g24p2_219,MNR+,99.92466763973562
gemma3-12b,g24p2_219,MNR-,0.004621975998162133
gemma3-12b,g24p2_219,RND+,55.52368282485712
gemma3-12b,g24p2_219,RND-,55.53491059368007
gemma3-12b,g24p2_219,STR+,55.52597101043703
gemma3-12b,g24p2_219,STR-,55.34328112894835
gemma3-12b,g24p2_219,Y0,55.553169730921795
gemma3-12b,g24p2_220,ADM+,88.94512836500581
gemma3-12b,g24p2_220,ADM-,0.12276360545184144
gemma3-12b,g24p2_220,CF+,55.53491547845655
gemma3-12b,g24p2_220,CF-,55.541404263679894
gemma3-12b,g24p2_220,EXC+,55.51554587086483
gemma3-12b,g24p2_220,EXC-,0.2947811422535076
gemma3-12b,g24p2_220,MNR+,55.54354175840945
gemma3-12b,g24p2_220,MNR-,1.6495555920771192
gemma3-12b,g24p2_220,RND+,55.537477778011635
gemma3-12b,g24p2_220,RND-,55.53770410996534
gemma3-12b,g24p2_220,STR+,55.517659740515725
gemma3-12b,g24p2_220,STR-,55.513474947162884
gemma3-12b,g24p2_220,Y0,88.8913977868089
gemma3-12b,g24p2_223,ADM+,58.73786836634358
gemma3-12b,g24p2_223,ADM-,0.0029033166981368916
gemma3-12b,g24p2_223,CF+,10.268546699352322
gemma3-12b,g24p2_223,CF-,0.5269713983500659
gemma3-12b,g24p2_223,EXC+,44.29126456780167
gemma3-12b,g24p2_223,EXC-,24.330803872380287
gemma3-12b,g24p2_223,MNR+,11.066719401182432
gemma3-12b,g24p2_223,MNR-,0.010126044391936477
gemma3-12b,g24p2_223,RND+,11.053941454464669
gemma3-12b,g24p2_223,RND-,1.6449776620891354
gemma3-12b,g24p2_223,STR+,0.005432135692453572
gemma3-12b,g24p2_223,STR-,0.00025035415405659484
gemma3-12b,g24p2_223,Y0,0.01012810274617265
gemma3-12b,g24p2_224,ADM+,99.92563081163942
gemma3-12b,g24p2_224,ADM-,62.237947678114125
gemma3-12b,g24p2_224,CF+,56.20725230520736
gemma3-12b,g24p2_224,CF-,55.62266502464848
gemma3-12b,g24p2_224,EXC+,36.47138704280793
gemma3-12b,g24p2_224,EXC-,55.734206149852845
gemma3-12b,g24p2_224,MNR+,77.74804326246333
gemma3-12b,g24p2_224,MNR-,66.57557177580667
gemma3-12b,g24p2_224,RND+,55.61089612823369
gemma3-12b,g24p2_224,RND-,55.799541068010406
gemma3-12b,g24p2_224,STR+,55.59796743237539
gemma3-12b,g24p2_224,STR-,55.1526312532886
gemma3-12b,g24p2_224,Y0,75.30229518949591
gemma3-12b,g24p2_225,ADM+,77.93300625836198
gemma3-12b,g24p2_225,ADM-,88.76744833664124
gemma3-12b,g24p2_225,CF+,55.50005027105885
gemma3-12b,g24p2_225,CF-,58.53812679783208
gemma3-12b,g24p2_225,EXC+,55.775323621254145
gemma3-12b,g24p2_225,EXC-,55.53753667619685
gemma3-12b,g24p2_225,MNR+,56.075527106771716
gemma3-12b,g24p2_225,MNR-,55.86871264042807
gemma3-12b,g24p2_225,RND+,66.54662786186098
gemma3-12b,g24p2_225,RND-,55.323342299164466
gemma3-12b,g24p2_225,STR+,55.70310441131576
gemma3-12b,g24p2_225,STR-,57.57774449153658
gemma3-12b,g24p2_225,Y0,72.9116319341659
gemma3-12b,g24p2_227,ADM+,99.15713048893345
gemma3-12b,g24p2_227,ADM-,11.040730932977555
gemma3-12b,g24p2_227,CF+,55.52066700063146
gemma3-12b,g24p2_227,CF-,55.545542524648226
gemma3-12b,g24p2_227,EXC+,61.544687560367656
gemma3-12b,g24p2_227,EXC-,1.079258457402621
gemma3-12b,g24p2_227,MNR+,73.57850781549162
gemma3-12b,g24p2_227,MNR-,54.908859130920746
gemma3-12b,g24p2_227,RND+,55.52971530732702
gemma3-12b,g24p2_227,RND-,55.54298875053009
gemma3-12b,g24p2_227,STR+,55.51515942696428
gemma3-12b,g24p2_227,STR-,55.51727298725945
gemma3-12b,g24p2_227,Y0,88.9163299703244
gemma3-12b,g24p2_228,ADM+,83.33334605779646
gemma3-12b,g24p2_228,ADM-,88.47417503861331
gemma3-12b,g24p2_228,CF+,55.56829037135815
gemma3-12b,g24p2_228,CF-,44.40078310945601
gemma3-12b,g24p2_228,EXC+,77.45326268020717
gemma3-12b,g24p2_228,EXC-,22.037946505500173
gemma3-12b,g24p2_228,MNR+,78.19222211869919
gemma3-12b,g24p2_228,MNR-,42.18902249251588
gemma3-12b,g24p2_228,RND+,55.23606946434828
gemma3-12b,g24p2_228,RND-,47.41433809113299
gemma3-12b,g24p2_228,STR+,40.8811181215375
gemma3-12b,g24p2_228,STR-,22.98862583179549
gemma3-12b,g24p2_228,Y0,66.66068331235961
gemma3-12b,g24p2_230,ADM+,88.84399097574178
gemma3-12b,g24p2_230,ADM-,0.4148571820594273
gemma3-12b,g24p2_230,CF+,55.422344837759674
gemma3-12b,g24p2_230,CF-,58.051937250127125
gemma3-12b,g24p2_230,EXC+,57.15046434615585
gemma3-12b,g24p2_230,EXC-,20.757511690869162
gemma3-12b,g24p2_230,MNR+,55.741469360141
gemma3-12b,g24p2_230,MNR-,64.58400445756956
gemma3-12b,g24p2_230,RND+,33.475549457367705
gemma3-12b,g24p2_230,RND-,55.32053120585527
gemma3-12b,g24p2_230,STR+,88.91011019752803
gemma3-12b,g24p2_230,STR-,76.45461542477177
gemma3-12b,g24p2_230,Y0,88.88131762393215
gemma3-12b,g24p2_231,ADM+,88.94685795223612
gemma3-12b,g24p2_231,ADM-,89.04511474536444
gemma3-12b,g24p2_231,CF+,55.54856000384864
gemma3-12b,g24p2_231,CF-,55.53329110640502
gemma3-12b,g24p2_231,EXC+,89.71514778440967
gemma3-12b,g24p2_231,EXC-,93.74304458796918
gemma3-12b,g24p2_231,MNR+,99.94268503521081
gemma3-12b,g24p2_231,MNR-,86.9157550294872
gemma3-12b,g24p2_231,RND+,55.550412280303014
gemma3-12b,g24p2_231,RND-,55.53740345875212
gemma3-12b,g24p2_231,STR+,55.54895774458126
gemma3-12b,g24p2_231,STR-,55.5292891093612
gemma3-12b,g24p2_231,Y0,89.41569374713028
gemma3-12b,g24p2_232,ADM+,99.99993341614748
gemma3-12b,g24p2_232,ADM-,0.0005106628994462243
gemma3-12b,g24p2_232,CF+,55.514580888843824
gemma3-12b,g24p2_232,CF-,55.5358876603699
gemma3-12b,g24p2_232,EXC+,99.99968170444453
gemma3-12b,g24p2_232,EXC-,1.6064353742901752e-05
gemma3-12b,g24p2_232,MNR+,99.9956935403434
gemma3-12b,g24p2_232,MNR-,0.0008473577846322674
gemma3-12b,g24p2_232,RND+,55.541861984994384
gemma3-12b,g24p2_232,RND-,55.541945478147696
gemma3-12b,g24p2_232,STR+,55.49378752908534
gemma3-12b,g24p2_232,STR-,54.27829424670526
gemma3-12b,g24p2_232,Y0,3.701536497641364e-05
gemma3-12b,g24p2_233,ADM+,99.99385151018026
gemma3-12b,g24p2_233,ADM-,0.002262624529498466
gemma3-12b,g24p2_233,CF+,55.53040890901276
gemma3-12b,g24p2_233,CF-,55.20172018175446
gemma3-12b,g24p2_233,EXC+,55.504583738802644
gemma3-12b,g24p2_233,EXC-,55.48062309931606
gemma3-12b,g24p2_233,MNR+,98.3548737597003
gemma3-12b,g24p2_233,MNR-,55.55174147646609
gemma3-12b,g24p2_233,RND+,55.53285206248274
gemma3-12b,g24p2_233,RND-,66.62371395988238
gemma3-12b,g24p2_233,STR+,55.431589621371074
gemma3-12b,g24p2_233,STR-,99.33216792661116
gemma3-12b,g24p2_233,Y0,88.73871137197062
gemma3-12b,g24p2_234,ADM+,79.10185575007078
gemma3-12b,g24p2_234,ADM-,64.62550248555395
gemma3-12b,g24p2_234,CF+,55.412044076346874
gemma3-12b,g24p2_234,CF-,55.53602785451131
gemma3-12b,g24p2_234,EXC+,54.55309854665521
gemma3-12b,g24p2_234,EXC-,55.40812567904343
gemma3-12b,g24p2_234,MNR+,55.5418524632415
gemma3-12b,g24p2_234,MNR-,54.73503977574566
gemma3-12b,g24p2_234,RND+,55.411634302273555
gemma3-12b,g24p2_234,RND-,55.541722997730936
gemma3-12b,g24p2_234,STR+,55.533436284580766
gemma3-12b,g24p2_234,STR-,77.11228911665847
gemma3-12b,g24p2_234,Y0,66.64045757733983
gemma3-12b,g24p2_235,ADM+,99.90465241586197
gemma3-12b,g24p2_235,ADM-,4.196287525188283e-05
gemma3-12b,g24p2_235,CF+,55.548439423321916
gemma3-12b,g24p2_235,CF-,55.536419483580225
gemma3-12b,g24p2_235,EXC+,88.85129672914948
gemma3-12b,g24p2_235,EXC-,55.49682685563729
gemma3-12b,g24p2_235,MNR+,98.58903787674664
gemma3-12b,g24p2_235,MNR-,55.5325438338225
gemma3-12b,g24p2_235,RND+,55.54807650126935
gemma3-12b,g24p2_235,RND-,55.54014979450304
gemma3-12b,g24p2_235,STR+,55.485564844565005
gemma3-12b,g24p2_235,STR-,55.48078202279103
gemma3-12b,g24p2_235,Y0,55.52171191444273
gemma3-12b,g24p2_237,ADM+,99.9982064000766
gemma3-12b,g24p2_237,ADM-,0.12227317638952456
gemma3-12b,g24p2_237,CF+,55.514739676124854
gemma3-12b,g24p2_237,CF-,55.53840805978476
gemma3-12b,g24p2_237,EXC+,49.03455004926138
gemma3-12b,g24p2_237,EXC-,55.5326558080704
gemma3-12b,g24p2_237,MNR+,99.99666337913884
gemma3-12b,g24p2_237,MNR-,11.454565044840043
gemma3-12b,g24p2_237,RND+,55.53750441863654
gemma3-12b,g24p2_237,RND-,55.543977251983506
gemma3-12b,g24p2_237,STR+,55.53566465234314
gemma3-12b,g24p2_237,STR-,55.53457392373733
gemma3-12b,g24p2_237,Y0,65.88134557108162
gemma3-12b,g24p2_238,ADM+,99.99970765072266
gemma3-12b,g24p2_238,ADM-,2.8685457203172695e-05
gemma3-12b,g24p2_238,CF+,55.503507923555446
gemma3-12b,g24p2_238,CF-,55.54579527605376
gemma3-12b,g24p2_238,EXC+,6.026378593217133
gemma3-12b,g24p2_238,EXC-,1.77418347779026e-05
gemma3-12b,g24p2_238,MNR+,55.550053151976876
gemma3-12b,g24p2_238,MNR-,55.449923100697426
gemma3-12b,g24p2_238,RND+,55.51354276221124
gemma3-12b,g24p2_238,RND-,55.52749870689317
gemma3-12b,g24p2_238,STR+,54.27745811174072
gemma3-12b,g24p2_238,STR-,55.2361331676652
gemma3-12b,g24p2_238,Y0,0.00024341510929130734
gemma3-12b,g24p2_239,ADM+,0.004839828541588908
gemma3-12b,g24p2_239,ADM-,0.0001453827822215541
gemma3-12b,g24p2_239,CF+,55.546350052456
gemma3-12b,g24p2_239,CF-,55.51995898858367
gemma3-12b,g24p2_239,EXC+,0.007035572759336676
gemma3-12b,g24p2_239,EXC-,6.136402632323339e-05
gemma3-12b,g24p2_239,MNR+,0.008583952556866508
gemma3-12b,g24p2_239,MNR-,9.02038081488072e-05
gemma3-12b,g24p2_239,RND+,55.54059487986912
gemma3-12b,g24p2_239,RND-,55.48091661490786
gemma3-12b,g24p2_239,STR+,55.37319119921295
gemma3-12b,g24p2_239,STR-,55.261197596701635
gemma3-12b,g24p2_239,Y0,0.03526101005249678
gemma3-12b,g24p2_240,ADM+,88.87120433081606
gemma3-12b,g24p2_240,ADM-,14.666745512113245
gemma3-12b,g24p2_240,CF+,40.46333327075574
gemma3-12b,g24p2_240,CF-,51.915653739550166
gemma3-12b,g24p2_240,EXC+,55.195928187653166
gemma3-12b,g24p2_240,EXC-,9.156147791314954
gemma3-12b,g24p2_240,MNR+,62.46722824393133
gemma3-12b,g24p2_240,MNR-,32.282360017708584
gemma3-12b,g24p2_240,RND+,44.19055542255434
gemma3-12b,g24p2_240,RND-,50.5764428571282
gemma3-12b,g24p2_240,STR+,56.377167274368986
gemma3-12b,g24p2_240,STR-,33.99107793651129
gemma3-12b,g24p2_240,Y0,54.95898552930565
gemma3-12b,g24p2_242,ADM+,89.04514886249336
gemma3-12b,g24p2_242,ADM-,0.006220195339073421
gemma3-12b,g24p2_242,CF+,55.475298914784474
gemma3-12b,g24p2_242,CF-,55.52785789087627
gemma3-12b,g24p2_242,EXC+,90.91219818612359
gemma3-12b,g24p2_242,EXC-,8.916037195843582e-06
gemma3-12b,g24p2_242,MNR+,88.89674959367132
gemma3-12b,g24p2_242,MNR-,26.44745745755011
gemma3-12b,g24p2_242,RND+,55.5350974847625
gemma3-12b,g24p2_242,RND-,55.530960030266286
gemma3-12b,g24p2_242,STR+,55.54338961483849
gemma3-12b,g24p2_242,STR-,55.35214533426471
gemma3-12b,g24p2_242,Y0,55.55142167416045
gemma3-12b,g24p2_245,ADM+,99.99992719812454
gemma3-12b,g24p2_245,ADM-,3.2872903161173067e-05
gemma3-12b,g24p2_245,CF+,55.540332812975706
gemma3-12b,g24p2_245,CF-,55.54395144458135
gemma3-12b,g24p2_245,EXC+,4.9806773040962546e-05
gemma3-12b,g24p2_245,EXC-,3.033409340016115e-05
gemma3-12b,g24p2_245,MNR+,0.0018205892350587987
gemma3-12b,g24p2_245,MNR-,0.0006131301020794451
gemma3-12b,g24p2_245,RND+,55.54047469304562
gemma3-12b,g24p2_245,RND-,55.54379100697534
gemma3-12b,g24p2_245,STR+,55.39461947848844
gemma3-12b,g24p2_245,STR-,55.26015152321427
gemma3-12b,g24p2_245,Y0,0.0017898338159645253
gemma3-12b,g24p2_246,ADM+,99.999962671981
gemma3-12b,g24p2_246,ADM-,0.0005236767819757331
gemma3-12b,g24p2_246,CF+,55.54429037126451
gemma3-12b,g24p2_246,CF-,55.54405999531489
gemma3-12b,g24p2_246,EXC+,55.33339310462211
gemma3-12b,g24p2_246,EXC-,2.390939240507601e-05
gemma3-12b,g24p2_246,MNR+,99.99943545904837
gemma3-12b,g24p2_246,MNR-,3.031536687666828e-05
gemma3-12b,g24p2_246,RND+,55.550259933969244
gemma3-12b,g24p2_246,RND-,55.54375785971689
gemma3-12b,g24p2_246,STR+,55.51797743757371
gemma3-12b,g24p2_246,STR-,55.541210622478005
gemma3-12b,g24p2_246,Y0,55.44448799179754
gemma3-12b,g24p2_247,ADM+,99.99974594581687
gemma3-12b,g24p2_247,ADM-,99.94198511974756
gemma3-12b,g24p2_247,CF+,59.10770533019812
gemma3-12b,g24p2_247,CF-,56.0589225659917
gemma3-12b,g24p2_247,EXC+,99.99883024485484
gemma3-12b,g24p2_247,EXC-,55.518743366055865
gemma3-12b,g24p2_247,MNR+,88.91933971169868
gemma3-12b,g24p2_247,MNR-,88.56752101937033
gemma3-12b,g24p2_247,RND+,56.199473859245096
gemma3-12b,g24p2_247,RND-,55.77007280123569
gemma3-12b,g24p2_247,STR+,77.92280053019537
gemma3-12b,g24p2_247,STR-,74.21362470286294
gemma3-12b,g24p2_247,Y0,88.92621951830611
gemma3-12b,g24p2_248,ADM+,88.89670571222351
gemma3-12b,g24p2_248,ADM-,66.57437145979173
gemma3-12b,g24p2_248,CF+,55.465191412881715
gemma3-12b,g24p2_248,CF-,55.31047736001722
gemma3-12b,g24p2_248,EXC+,55.37805558298571
gemma3-12b,g24p2_248,EXC-,0.05376351265149788
gemma3-12b,g24p2_248,MNR+,88.89000053112098
gemma3-12b,g24p2_248,MNR-,43.43680274603297
gemma3-12b,g24p2_248,RND+,55.47088025068438
gemma3-12b,g24p2_248,RND-,55.16262075749331
gemma3-12b,g24p2_248,STR+,18.946437558961666
gemma3-12b,g24p2_248,STR-,55.12251114034948
gemma3-12b,g24p2_248,Y0,55.52672914449632
gemma3-12b,g24p2_250,ADM+,97.0117586348919
gemma3-12b,g24p2_250,ADM-,0.010199217626463655
gemma3-12b,g24p2_250,CF+,55.514650852021624
gemma3-12b,g24p2_250,CF-,55.54202810506129
gemma3-12b,g24p2_250,EXC+,55.50374796120794
gemma3-12b,g24p2_250,EXC-,55.489958371210975
gemma3-12b,g24p2_250,MNR+,78.01171854539658
gemma3-12b,g24p2_250,MNR-,11.094765400205441
gemma3-12b,g24p2_250,RND+,55.5421005560658
gemma3-12b,g24p2_250,RND-,55.54223840014888
gemma3-12b,g24p2_250,STR+,55.52472240067603
gemma3-12b,g24p2_250,STR-,55.52913716349655
gemma3-12b,g24p2_250,Y0,88.89574714052947
gemma3-12b,g24p2_252,ADM+,99.99894695882527
gemma3-12b,g24p2_252,ADM-,4.187347885521506e-05
gemma3-12b,g24p2_252,CF+,55.536767614435206
gemma3-12b,g24p2_252,CF-,55.5263191558208
gemma3-12b,g24p2_252,EXC+,55.51627618004532
gemma3-12b,g24p2_252,EXC-,1.793047708057249e-05
gemma3-12b,g24p2_252,MNR+,99.9948407369437
gemma3-12b,g24p2_252,MNR-,0.12768685772659955
gemma3-12b,g24p2_252,RND+,55.53771728303518
gemma3-12b,g24p2_252,RND-,55.52330984036493
gemma3-12b,g24p2_252,STR+,55.503333907063876
gemma3-12b,g24p2_252,STR-,55.49497939985073
gemma3-12b,g24p2_252,Y0,55.54959431810798
gemma3-12b,g24p2_254,ADM+,77.77739222020607
gemma3-12b,g24p2_254,ADM-,77.76734581660399
gemma3-12b,g24p2_254,CF+,55.509173647010165
gemma3-12b,g24p2_254,CF-,55.30053585860193
gemma3-12b,g24p2_254,EXC+,55.50471023110581
gemma3-12b,g24p2_254,EXC-,59.80160489899213
gemma3-12b,g24p2_254,MNR+,65.01995695167102
gemma3-12b,g24p2_254,MNR-,65.02015411241065
gemma3-12b,g24p2_254,RND+,55.5484826973474
gemma3-12b,g24p2_254,RND-,55.54745761584828
gemma3-12b,g24p2_254,STR+,55.5219675038855
gemma3-12b,g24p2_254,STR-,55.396060257208966
gemma3-12b,g24p2_254,Y0,56.87698411537708
gemma3-12b,g24p2_255,ADM+,99.99996124167946
gemma3-12b,g24p2_255,ADM-,0.0009538122300601139
gemma3-12b,g24p2_255,CF+,55.53910589278614
gemma3-12b,g24p2_255,CF-,55.54915224975028
gemma3-12b,g24p2_255,EXC+,99.99902410966347
gemma3-12b,g24p2_255,EXC-,2.0265290097232393e-05
gemma3-12b,g24p2_255,MNR+,99.99961053171663
gemma3-12b,g24p2_255,MNR-,4.897362496415406e-05
gemma3-12b,g24p2_255,RND+,55.548877251355314
gemma3-12b,g24p2_255,RND-,55.54791131284156
gemma3-12b,g24p2_255,STR+,99.99630816095959
gemma3-12b,g24p2_255,STR-,1.7789216376009268e-05
gemma3-12b,g24p2_255,Y0,0.0003953621623920478
gemma3-12b,g24p2_258,ADM+,99.999873064245
gemma3-12b,g24p2_258,ADM-,0.5483377965136521
gemma3-12b,g24p2_258,CF+,55.541183189312115
gemma3-12b,g24p2_258,CF-,55.49966247908881
gemma3-12b,g24p2_258,EXC+,84.72815198185354
gemma3-12b,g24p2_258,EXC-,43.53513014595702
gemma3-12b,g24p2_258,MNR+,55.54000590033354
gemma3-12b,g24p2_258,MNR-,55.54382835184951
gemma3-12b,g24p2_258,RND+,55.31610281225121
gemma3-12b,g24p2_258,RND-,55.53141384346818
gemma3-12b,g24p2_258,STR+,55.54148074690683
gemma3-12b,g24p2_258,STR-,55.53312163460204
gemma3-12b,g24p2_258,Y0,16.650529580799137
gemma3-12b,g24p2_259,ADM+,99.995212893597
gemma3-12b,g24p2_259,ADM-,99.99669932271735
gemma3-12b,g24p2_259,CF+,54.394316898866514
gemma3-12b,g24p2_259,CF-,55.51363887039267
gemma3-12b,g24p2_259,EXC+,89.0237305590266
gemma3-12b,g24p2_259,EXC-,0.011234262991886547
gemma3-12b,g24p2_259,MNR+,94.44388701659398
gemma3-12b,g24p2_259,MNR-,21.159291295956354
gemma3-12b,g24p2_259,RND+,55.37754247467945
gemma3-12b,g24p2_259,RND-,55.52309100778919
gemma3-12b,g24p2_259,STR+,55.4593748553941
gemma3-12b,g24p2_259,STR-,47.31669079840829
gemma3-12b,g24p2_259,Y0,55.415362284394874
gemma3-12b,g24p2_260,ADM+,88.9341007526678
gemma3-12b,g24p2_260,ADM-,63.64428764978983
gemma3-12b,g24p2_260,CF+,53.33357849008435
gemma3-12b,g24p2_260,CF-,55.5364450717444
gemma3-12b,g24p2_260,EXC+,48.94146918644154
gemma3-12b,g24p2_260,EXC-,55.400285404262085
gemma3-12b,g24p2_260,MNR+,88.88339091331233
gemma3-12b,g24p2_260,MNR-,43.20329182873724
gemma3-12b,g24p2_260,RND+,55.54131201531623
gemma3-12b,g24p2_260,RND-,55.54218520833327
gemma3-12b,g24p2_260,STR+,55.4962873070093
gemma3-12b,g24p2_260,STR-,55.544220123985895
gemma3-12b,g24p2_260,Y0,55.522279668431885
gemma3-12b,g24p2_261,ADM+,99.99385303808563
gemma3-12b,g24p2_261,ADM-,5.576201437158292
gemma3-12b,g24p2_261,CF+,54.8748608553584
gemma3-12b,g24p2_261,CF-,55.53155664915445
gemma3-12b,g24p2_261,EXC+,98.57759865424343
gemma3-12b,g24p2_261,EXC-,7.02139682922366
gemma3-12b,g24p2_261,MNR+,88.8732721680403
gemma3-12b,g24p2_261,MNR-,11.799600859896314
gemma3-12b,g24p2_261,RND+,44.9619746151532
gemma3-12b,g24p2_261,RND-,55.519868205755316
gemma3-12b,g24p2_261,STR+,55.36016067856769
gemma3-12b,g24p2_261,STR-,55.49333865637536
gemma3-12b,g24p2_261,Y0,77.75087470428561
qwen3-32b,g24p2_000,ADM+,99.99999690033245
qwen3-32b,g24p2_000,ADM-,0.00013465841687115127
qwen3-32b,g24p2_000,CF+,49.89617244542197
qwen3-32b,g24p2_000,CF-,0.8481949543691973
qwen3-32b,g24p2_000,EXC+,35.2748967968229
qwen3-32b,g24p2_000,EXC-,0.0020316250156282353
qwen3-32b,g24p2_000,MNR+,44.359093908443704
qwen3-32b,g24p2_000,MNR-,2.7003961755279615
qwen3-32b,g24p2_000,RND+,44.43782912377086
qwen3-32b,g24p2_000,RND-,44.490022796605885
qwen3-32b,g24p2_000,STR+,26.543504673235226
qwen3-32b,g24p2_000,STR-,1.9645909688426368
qwen3-32b,g24p2_000,Y0,62.89600935353302
qwen3-32b,g24p2_001,ADM+,99.9999933308541
qwen3-32b,g24p2_001,ADM-,3.493152412527055e-05
qwen3-32b,g24p2_001,CF+,66.3471559958985
qwen3-32b,g24p2_001,CF-,44.44411416792828
qwen3-32b,g24p2_001,EXC+,2.2758917678256343e-05
qwen3-32b,g24p2_001,EXC-,2.2474454665709594e-05
qwen3-32b,g24p2_001,MNR+,78.49774947642027
qwen3-32b,g24p2_001,MNR-,44.45519505104409
qwen3-32b,g24p2_001,RND+,61.07581933091051
qwen3-32b,g24p2_001,RND-,44.4476865327985
qwen3-32b,g24p2_001,STR+,46.77173393939226
qwen3-32b,g24p2_001,STR-,73.8234468989944
qwen3-32b,g24p2_001,Y0,3.829371342136735e-05
qwen3-32b,g24p2_002,ADM+,99.99995192688601
qwen3-32b,g24p2_002,ADM-,0.20002125218752062
qwen3-32b,g24p2_002,CF+,47.932802590579094
qwen3-32b,g24p2_002,CF-,13.129871579080067
qwen3-32b,g24p2_002,EXC+,44.34172228868977
qwen3-32b,g24p2_002,EXC-,8.739879056482652
qwen3-32b,g24p2_002,MNR+,90.7521020915079
qwen3-32b,g24p2_002,MNR-,13.567944198670636
qwen3-32b,g24p2_002,RND+,44.70259084135543
qwen3-32b,g24p2_002,RND-,13.132579895251357
qwen3-32b,g24p2_002,STR+,31.811244185750656
qwen3-32b,g24p2_002,STR-,8.699368813592368
qwen3-32b,g24p2_002,Y0,42.713173185313444
qwen3-32b,g24p2_003,ADM+,99.96885662038443
qwen3-32b,g24p2_003,ADM-,99.99936794874347
qwen3-32b,g24p2_003,CF+,44.37604064461267
qwen3-32b,g24p2_003,CF-,44.45635872221984
qwen3-32b,g24p2_003,EXC+,44.445290424184236
qwen3-32b,g24p2_003,EXC-,44.596458659502154
qwen3-32b,g24p2_003,MNR+,44.46189083303907
qwen3-32b,g24p2_003,MNR-,44.45050397914669
qwen3-32b,g24p2_003,RND+,44.46851953651885
qwen3-32b,g24p2_003,RND-,26.42316470646074
qwen3-32b,g24p2_003,STR+,44.525815401652956
qwen3-32b,g24p2_003,STR-,44.42552334402883
qwen3-32b,g24p2_003,Y0,55.45484187643147
qwen3-32b,g24p2_004,ADM+,99.99999409439016
qwen3-32b,g24p2_004,ADM-,74.43930499557165
qwen3-32b,g24p2_004,CF+,29.732544362272783
qwen3-32b,g24p2_004,CF-,44.44579373322341
qwen3-32b,g24p2_004,EXC+,43.42157495313646
qwen3-32b,g24p2_004,EXC-,43.5608441550362
qwen3-32b,g24p2_004,MNR+,44.43641437803507
qwen3-32b,g24p2_004,MNR-,44.44547289087578
qwen3-32b,g24p2_004,RND+,44.452315928920605
qwen3-32b,g24p2_004,RND-,44.44980126029333
qwen3-32b,g24p2_004,STR+,44.445433269363534
qwen3-32b,g24p2_004,STR-,44.431871426848886
qwen3-32b,g24p2_004,Y0,55.5838558050152
qwen3-32b,g24p2_005,ADM+,99.99972291003422
qwen3-32b,g24p2_005,ADM-,0.0004043668907020945
qwen3-32b,g24p2_005,CF+,45.24418518629556
qwen3-32b,g24p2_005,CF-,46.091779687132345
qwen3-32b,g24p2_005,EXC+,44.446362699655566
qwen3-32b,g24p2_005,EXC-,1.2903264646753678
qwen3-32b,g24p2_005,MNR+,65.47523055442736
qwen3-32b,g24p2_005,MNR-,37.8514954702264
qwen3-32b,g24p2_005,RND+,38.176749484872445
qwen3-32b,g24p2_005,RND-,55.14011246062899
qwen3-32b,g24p2_005,STR+,34.32056765375731
qwen3-32b,g24p2_005,STR-,33.42664395992662
qwen3-32b,g24p2_005,Y0,11.342346047282199
qwen3-32b,g24p2_006,ADM+,27.68834889688317
qwen3-32b,g24p2_006,ADM-,10.754393255758181
qwen3-32b,g24p2_006,CF+,44.47337729748921
qwen3-32b,g24p2_006,CF-,44.448808977057055
qwen3-32b,g24p2_006,EXC+,47.41604545113631
qwen3-32b,g24p2_006,EXC-,60.08023413966516
qwen3-32b,g24p2_006,MNR+,44.59051032892924
qwen3-32b,g24p2_006,MNR-,44.4485879598388
qwen3-32b,g24p2_006,RND+,44.56374101072355
qwen3-32b,g24p2_006,RND-,44.11810991563575
qwen3-32b,g24p2_006,STR+,44.565583802317505
qwen3-32b,g24p2_006,STR-,44.769076692939244
qwen3-32b,g24p2_006,Y0,43.91762529954498
qwen3-32b,g24p2_010,ADM+,0.13207709823182415
qwen3-32b,g24p2_010,ADM-,17.263100286207017
qwen3-32b,g24p2_010,CF+,44.480323864636084
qwen3-32b,g24p2_010,CF-,44.457845631997806
qwen3-32b,g24p2_010,EXC+,44.44562995080462
qwen3-32b,g24p2_010,EXC-,44.44925224959549
qwen3-32b,g24p2_010,MNR+,44.600084008865934
qwen3-32b,g24p2_010,MNR-,44.02804722263226
qwen3-32b,g24p2_010,RND+,45.48751198930064
qwen3-32b,g24p2_010,RND-,45.48540887157762
qwen3-32b,g24p2_010,STR+,44.05205211701599
qwen3-32b,g24p2_010,STR-,43.634045939304464
qwen3-32b,g24p2_010,Y0,87.86628388275251
qwen3-32b,g24p2_011,ADM+,99.99999816733856
qwen3-32b,g24p2_011,ADM-,1.8921774512427758e-05
qwen3-32b,g24p2_011,CF+,99.99971368225488
qwen3-32b,g24p2_011,CF-,58.430044077265634
qwen3-32b,g24p2_011,EXC+,99.99994521832531
qwen3-32b,g24p2_011,EXC-,44.32995864971853
qwen3-32b,g24p2_011,MNR+,97.95798160739128
qwen3-32b,g24p2_011,MNR-,40.35028857680978
qwen3-32b,g24p2_011,RND+,99.97229101097147
qwen3-32b,g24p2_011,RND-,78.7996466485259
qwen3-32b,g24p2_011,STR+,99.89066145164458
qwen3-32b,g24p2_011,STR-,14.204004570820668
qwen3-32b,g24p2_011,Y0,99.99626235848318
qwen3-32b,g24p2_012,ADM+,99.99998293380362
qwen3-32b,g24p2_012,ADM-,0.00019590191339623382
qwen3-32b,g24p2_012,CF+,33.95039024942869
qwen3-32b,g24p2_012,CF-,52.56639680337104
qwen3-32b,g24p2_012,EXC+,43.78201361433728
qwen3-32b,g24p2_012,EXC-,44.29796632877131
qwen3-32b,g24p2_012,MNR+,44.43022422645103
qwen3-32b,g24p2_012,MNR-,32.94746158218293
qwen3-32b,g24p2_012,RND+,33.41521597153139
qwen3-32b,g24p2_012,RND-,44.44898491631882
qwen3-32b,g24p2_012,STR+,0.33773991270505666
qwen3-32b,g24p2_012,STR-,23.631062487488805
qwen3-32b,g24p2_012,Y0,0.5292942198860635
qwen3-32b,g24p2_014,ADM+,99.99999741049736
qwen3-32b,g24p2_014,ADM-,1.8686339606887598e-05
qwen3-32b,g24p2_014,CF+,55.15518501795995
qwen3-32b,g24p2_014,CF-,44.445022536006405
qwen3-32b,g24p2_014,EXC+,44.46055768676331
qwen3-32b,g24p2_014,EXC-,44.4718642713017
qwen3-32b,g24p2_014,MNR+,44.44160731516547
qwen3-32b,g24p2_014,MNR-,44.44817146127329
qwen3-32b,g24p2_014,RND+,45.105961899854435
qwen3-32b,g24p2_014,RND-,46.44192259952342
qwen3-32b,g24p2_014,STR+,44.20031825459094
qwen3-32b,g24p2_014,STR-,92.23942702493156
qwen3-32b,g24p2_014,Y0,84.01575437834923
qwen3-32b,g24p2_015,ADM+,99.99999847214063
qwen3-32b,g24p2_015,ADM-,52.04731147375038
qwen3-32b,g24p2_015,CF+,99.87090401168612
qwen3-32b,g24p2_015,CF-,44.52565389644766
qwen3-32b,g24p2_015,EXC+,80.81212494157732
qwen3-32b,g24p2_015,EXC-,44.69598161986082
qwen3-32b,g24p2_015,MNR+,81.41040621284141
qwen3-32b,g24p2_015,MNR-,44.588702663388744
qwen3-32b,g24p2_015,RND+,69.64949292074225
qwen3-32b,g24p2_015,RND-,21.701056859828043
qwen3-32b,g24p2_015,STR+,35.51404931060805
qwen3-32b,g24p2_015,STR-,31.55651227761014
qwen3-32b,g24p2_015,Y0,97.51892673634238
qwen3-32b,g24p2_016,ADM+,99.99201882355356
qwen3-32b,g24p2_016,ADM-,1.6466893089430965
qwen3-32b,g24p2_016,CF+,44.450392380018
qwen3-32b,g24p2_016,CF-,44.44949465411912
qwen3-32b,g24p2_016,EXC+,44.45674968706537
qwen3-32b,g24p2_016,EXC-,3.56625931916108
qwen3-32b,g24p2_016,MNR+,44.47062289854464
qwen3-32b,g24p2_016,MNR-,44.44782525574697
qwen3-32b,g24p2_016,RND+,44.447626767684056
qwen3-32b,g24p2_016,RND-,44.45682121036639
qwen3-32b,g24p2_016,STR+,44.31988415887222
qwen3-32b,g24p2_016,STR-,44.36362093125326
qwen3-32b,g24p2_016,Y0,77.75680371454331
qwen3-32b,g24p2_017,ADM+,99.99999445710823
qwen3-32b,g24p2_017,ADM-,0.004884351520800735
qwen3-32b,g24p2_017,CF+,44.64245624809455
qwen3-32b,g24p2_017,CF-,44.479351932165294
qwen3-32b,g24p2_017,EXC+,44.45369727179785
qwen3-32b,g24p2_017,EXC-,13.660138526966971
qwen3-32b,g24p2_017,MNR+,54.240222577851355
qwen3-32b,g24p2_017,MNR-,44.44788121821463
qwen3-32b,g24p2_017,RND+,46.9114319163533
qwen3-32b,g24p2_017,RND-,45.11094031366396
qwen3-32b,g24p2_017,STR+,99.93374852065065
qwen3-32b,g24p2_017,STR-,0.0007000118584784257
qwen3-32b,g24p2_017,Y0,99.99999319174496
qwen3-32b,g24p2_018,ADM+,99.99999857665826
qwen3-32b,g24p2_018,ADM-,0.0017221070977741849
qwen3-32b,g24p2_018,CF+,59.75264000548733
qwen3-32b,g24p2_018,CF-,44.08134172350254
qwen3-32b,g24p2_018,EXC+,54.853228361738594
qwen3-32b,g24p2_018,EXC-,37.08500741387521
qwen3-32b,g24p2_018,MNR+,44.690044226841536
qwen3-32b,g24p2_018,MNR-,45.428541167381894
qwen3-32b,g24p2_018,RND+,49.292297110462286
qwen3-32b,g24p2_018,RND-,34.811940440795794
qwen3-32b,g24p2_018,STR+,99.92520911155992
qwen3-32b,g24p2_018,STR-,55.334664693941676
qwen3-32b,g24p2_018,Y0,99.99997239299319
qwen3-32b,g24p2_019,ADM+,99.9999109923535
qwen3-32b,g24p2_019,ADM-,99.99892391660033
qwen3-32b,g24p2_019,CF+,44.71122244922943
qwen3-32b,g24p2_019,CF-,44.503840304880214
qwen3-32b,g24p2_019,EXC+,32.634914457195926
qwen3-32b,g24p2_019,EXC-,26.140174368479034
qwen3-32b,g24p2_019,MNR+,5.124654300452664
qwen3-32b,g24p2_019,MNR-,67.25687884623387
qwen3-32b,g24p2_019,RND+,44.1085427855918
qwen3-32b,g24p2_019,RND-,44.475226160193365
qwen3-32b,g24p2_019,STR+,43.39354808258231
qwen3-32b,g24p2_019,STR-,41.98901317593702
qwen3-32b,g24p2_019,Y0,8.543325145596075
qwen3-32b,g24p2_020,ADM+,99.99999877591561
qwen3-32b,g24p2_020,ADM-,0.0014026470361594061
qwen3-32b,g24p2_020,CF+,44.462925972927856
qwen3-32b,g24p2_020,CF-,44.47527281539305
qwen3-32b,g24p2_020,EXC+,44.535890815932554
qwen3-32b,g24p2_020,EXC-,0.004837154679294735
qwen3-32b,g24p2_020,MNR+,99.99982826358043
qwen3-32b,g24p2_020,MNR-,44.32115449016036
qwen3-32b,g24p2_020,RND+,44.51838082903939
qwen3-32b,g24p2_020,RND-,44.724821318871456
qwen3-32b,g24p2_020,STR+,0.016569086782357
qwen3-32b,g24p2_020,STR-,32.392737795097275
qwen3-32b,g24p2_020,Y0,99.9999952140887
qwen3-32b,g24p2_021,ADM+,99.9999936028526
qwen3-32b,g24p2_021,ADM-,8.915259833553818e-06
qwen3-32b,g24p2_021,CF+,44.44839977774088
qwen3-32b,g24p2_021,CF-,44.45321938929028
qwen3-32b,g24p2_021,EXC+,44.51413634033818
qwen3-32b,g24p2_021,EXC-,44.44814884435321
qwen3-32b,g24p2_021,MNR+,45.11192452740798
qwen3-32b,g24p2_021,MNR-,44.44643445609673
qwen3-32b,g24p2_021,RND+,44.44578145139876
qwen3-32b,g24p2_021,RND-,0.05802644733767467
qwen3-32b,g24p2_021,STR+,11.107996006345296
qwen3-32b,g24p2_021,STR-,41.16978454484772
qwen3-32b,g24p2_021,Y0,99.99998847843905
qwen3-32b,g24p2_023,ADM+,99.9999897098235
qwen3-32b,g24p2_023,ADM-,0.07474850194801859
qwen3-32b,g24p2_023,CF+,84.77423861567608
qwen3-32b,g24p2_023,CF-,96.14521026744825
qwen3-32b,g24p2_023,EXC+,99.99962987293708
qwen3-32b,g24p2_023,EXC-,99.99998153040455
qwen3-32b,g24p2_023,MNR+,99.32461120209841
qwen3-32b,g24p2_023,MNR-,51.27768813581518
qwen3-32b,g24p2_023,RND+,81.35776318245334
qwen3-32b,g24p2_023,RND-,90.96352208478031
qwen3-32b,g24p2_023,STR+,99.40543020665702
qwen3-32b,g24p2_023,STR-,94.41038550405659
qwen3-32b,g24p2_023,Y0,99.9998712418382
qwen3-32b,g24p2_024,ADM+,99.99996271215258
qwen3-32b,g24p2_024,ADM-,67.62268657298362
qwen3-32b,g24p2_024,CF+,75.19104090964132
qwen3-32b,g24p2_024,CF-,44.43178879499335
qwen3-32b,g24p2_024,EXC+,44.441701518811705
qwen3-32b,g24p2_024,EXC-,73.91320534286841
qwen3-32b,g24p2_024,MNR+,45.8218666299867
qwen3-32b,g24p2_024,MNR-,77.87279141127402
qwen3-32b,g24p2_024,RND+,65.91067012685028
qwen3-32b,g24p2_024,RND-,44.19095383899233
qwen3-32b,g24p2_024,STR+,25.048682620037358
qwen3-32b,g24p2_024,STR-,32.047231220216574
qwen3-32b,g24p2_024,Y0,99.99998213456571
qwen3-32b,g24p2_026,ADM+,99.99999812145137
qwen3-32b,g24p2_026,ADM-,0.0002867472220959157
qwen3-32b,g24p2_026,CF+,44.49685399017666
qwen3-32b,g24p2_026,CF-,44.694945404357
qwen3-32b,g24p2_026,EXC+,99.97615581540968
qwen3-32b,g24p2_026,EXC-,0.16736627680444582
qwen3-32b,g24p2_026,MNR+,44.47552841148888
qwen3-32b,g24p2_026,MNR-,44.43928675208193
qwen3-32b,g24p2_026,RND+,44.49529834270965
qwen3-32b,g24p2_026,RND-,44.21007753414372
qwen3-32b,g24p2_026,STR+,46.04527425629927
qwen3-32b,g24p2_026,STR-,16.11106313797188
qwen3-32b,g24p2_026,Y0,99.99894275808964
qwen3-32b,g24p2_027,ADM+,99.99999911894719
qwen3-32b,g24p2_027,ADM-,0.0004573105334877771
qwen3-32b,g24p2_027,CF+,99.6686738894743
qwen3-32b,g24p2_027,CF-,94.85146308984677
qwen3-32b,g24p2_027,EXC+,99.2226455140853
qwen3-32b,g24p2_027,EXC-,43.93867428051143
qwen3-32b,g24p2_027,MNR+,99.00605987177309
qwen3-32b,g24p2_027,MNR-,99.8111141774517
qwen3-32b,g24p2_027,RND+,76.5261575446459
qwen3-32b,g24p2_027,RND-,90.9762675883693
qwen3-32b,g24p2_027,STR+,99.99620992005448
qwen3-32b,g24p2_027,STR-,99.99955252585546
qwen3-32b,g24p2_027,Y0,99.99999474763577
qwen3-32b,g24p2_028,ADM+,99.99999199500908
qwen3-32b,g24p2_028,ADM-,0.0008771670878513501
qwen3-32b,g24p2_028,CF+,0.530444635093675
qwen3-32b,g24p2_028,CF-,44.43617995571377
qwen3-32b,g24p2_028,EXC+,42.5830549620527
qwen3-32b,g24p2_028,EXC-,44.38454679653956
qwen3-32b,g24p2_028,MNR+,99.99917181270345
qwen3-32b,g24p2_028,MNR-,0.006407695066161089
qwen3-32b,g24p2_028,RND+,46.46975015682553
qwen3-32b,g24p2_028,RND-,44.505929641080385
qwen3-32b,g24p2_028,STR+,22.27807240768067
qwen3-32b,g24p2_028,STR-,99.91965855883062
qwen3-32b,g24p2_028,Y0,8.485470953886285
qwen3-32b,g24p2_029,ADM+,99.99999831163755
qwen3-32b,g24p2_029,ADM-,0.9812716554192763
qwen3-32b,g24p2_029,CF+,45.49782068839465
qwen3-32b,g24p2_029,CF-,44.417652406297435
qwen3-32b,g24p2_029,EXC+,0.078533715487769
qwen3-32b,g24p2_029,EXC-,43.366627879147316
qwen3-32b,g24p2_029,MNR+,44.46052710819173
qwen3-32b,g24p2_029,MNR-,41.930305868806364
qwen3-32b,g24p2_029,RND+,53.50760527904157
qwen3-32b,g24p2_029,RND-,44.46709326183413
qwen3-32b,g24p2_029,STR+,42.8516754308956
qwen3-32b,g24p2_029,STR-,55.54175132860867
qwen3-32b,g24p2_029,Y0,69.89451028718902
qwen3-32b,g24p2_033,ADM+,99.65714962289566
qwen3-32b,g24p2_033,ADM-,0.013047224032921752
qwen3-32b,g24p2_033,CF+,44.44723988778809
qwen3-32b,g24p2_033,CF-,17.360606449961566
qwen3-32b,g24p2_033,EXC+,44.01663486723015
qwen3-32b,g24p2_033,EXC-,55.51075526768948
qwen3-32b,g24p2_033,MNR+,44.46484494057896
qwen3-32b,g24p2_033,MNR-,44.53734309312054
qwen3-32b,g24p2_033,RND+,44.44589007252187
qwen3-32b,g24p2_033,RND-,44.48631867545095
qwen3-32b,g24p2_033,STR+,0.00025233039574090363
qwen3-32b,g24p2_033,STR-,99.9999843228595
qwen3-32b,g24p2_033,Y0,9.496740960474153
qwen3-32b,g24p2_034,ADM+,99.99999883485901
qwen3-32b,g24p2_034,ADM-,20.59961324069372
qwen3-32b,g24p2_034,CF+,44.517717320482525
qwen3-32b,g24p2_034,CF-,44.56229088993069
qwen3-32b,g24p2_034,EXC+,45.7538699117226
qwen3-32b,g24p2_034,EXC-,36.87693846036479
qwen3-32b,g24p2_034,MNR+,99.99501087966526
qwen3-32b,g24p2_034,MNR-,44.4445869326832
qwen3-32b,g24p2_034,RND+,44.478916933266504
qwen3-32b,g24p2_034,RND-,44.50201759700361
qwen3-32b,g24p2_034,STR+,43.529369921992654
qwen3-32b,g24p2_034,STR-,44.470989997613465
qwen3-32b,g24p2_034,Y0,31.2883306238846
qwen3-32b,g24p2_035,ADM+,99.99999342468578
qwen3-32b,g24p2_035,ADM-,29.62946222628348
qwen3-32b,g24p2_035,CF+,21.6383674083205
qwen3-32b,g24p2_035,CF-,44.44616976020903
qwen3-32b,g24p2_035,EXC+,44.880089738736075
qwen3-32b,g24p2_035,EXC-,44.44355745117122
qwen3-32b,g24p2_035,MNR+,44.497358535844015
qwen3-32b,g24p2_035,MNR-,24.605189416861307
qwen3-32b,g24p2_035,RND+,44.501965994168096
qwen3-32b,g24p2_035,RND-,44.47796653280036
qwen3-32b,g24p2_035,STR+,7.240856740642861
qwen3-32b,g24p2_035,STR-,11.597037598735291
qwen3-32b,g24p2_035,Y0,0.6724124467017849
qwen3-32b,g24p2_036,ADM+,99.99999648532938
qwen3-32b,g24p2_036,ADM-,96.23447822022682
qwen3-32b,g24p2_036,CF+,99.99086921605372
qwen3-32b,g24p2_036,CF-,98.62947716575185
qwen3-32b,g24p2_036,EXC+,99.99575004825378
qwen3-32b,g24p2_036,EXC-,99.99861520840783
qwen3-32b,g24p2_036,MNR+,99.99817420836702
qwen3-32b,g24p2_036,MNR-,99.99623417903797
qwen3-32b,g24p2_036,RND+,96.33875384720935
qwen3-32b,g24p2_036,RND-,95.60123023378864
qwen3-32b,g24p2_036,STR+,99.99100744611957
qwen3-32b,g24p2_036,STR-,98.92686241087749
qwen3-32b,g24p2_036,Y0,90.63453702328556
qwen3-32b,g24p2_037,ADM+,99.9999983363396
qwen3-32b,g24p2_037,ADM-,99.99999781260851
qwen3-32b,g24p2_037,CF+,0.20006279995145804
qwen3-32b,g24p2_037,CF-,2.8466297358603443
qwen3-32b,g24p2_037,EXC+,30.797650023077672
qwen3-32b,g24p2_037,EXC-,44.44744695200747
qwen3-32b,g24p2_037,MNR+,44.44593708799115
qwen3-32b,g24p2_037,MNR-,44.44423038118441
qwen3-32b,g24p2_037,RND+,0.4161244497251271
qwen3-32b,g24p2_037,RND-,0.22447185251259938
qwen3-32b,g24p2_037,STR+,29.935762824111293
qwen3-32b,g24p2_037,STR-,1.125763579227734
qwen3-32b,g24p2_037,Y0,0.00043838783303670845
qwen3-32b,g24p2_038,ADM+,99.99999538246101
qwen3-32b,g24p2_038,ADM-,99.99211331365365
qwen3-32b,g24p2_038,CF+,44.44746992968653
qwen3-32b,g24p2_038,CF-,44.460784616578735
qwen3-32b,g24p2_038,EXC+,9.42515164503883
qwen3-32b,g24p2_038,EXC-,44.19650560685385
qwen3-32b,g24p2_038,MNR+,99.99968816663586
qwen3-32b,g24p2_038,MNR-,44.4405655240342
qwen3-32b,g24p2_038,RND+,44.45221341711079
qwen3-32b,g24p2_038,RND-,44.46834499994396
qwen3-32b,g24p2_038,STR+,44.44708720126383
qwen3-32b,g24p2_038,STR-,69.61215249543963
qwen3-32b,g24p2_038,Y0,38.882696098297195
qwen3-32b,g24p2_039,ADM+,99.99999873224203
qwen3-32b,g24p2_039,ADM-,0.0008997533172173728
qwen3-32b,g24p2_039,CF+,43.336213915213335
qwen3-32b,g24p2_039,CF-,0.0003614059645233416
qwen3-32b,g24p2_039,EXC+,99.99785323391711
qwen3-32b,g24p2_039,EXC-,0.05561572406306434
qwen3-32b,g24p2_039,MNR+,99.99055940686011
qwen3-32b,g24p2_039,MNR-,0.028834284509661103
qwen3-32b,g24p2_039,RND+,44.44307622274439
qwen3-32b,g24p2_039,RND-,0.0001539807847058633
qwen3-32b,g24p2_039,STR+,4.164899804718831e-06
qwen3-32b,g24p2_039,STR-,0.0003861240382719519
qwen3-32b,g24p2_039,Y0,2.0594417725452386e-05
qwen3-32b,g24p2_040,ADM+,99.99995658329581
qwen3-32b,g24p2_040,ADM-,99.5163921378439
qwen3-32b,g24p2_040,CF+,99.99999419519162
qwen3-32b,g24p2_040,CF-,99.99999367269385
qwen3-32b,g24p2_040,EXC+,99.99999764189732
qwen3-32b,g24p2_040,EXC-,99.99999630825423
qwen3-32b,g24p2_040,MNR+,99.99972256864746
qwen3-32b,g24p2_040,MNR-,99.99976071214334
qwen3-32b,g24p2_040,RND+,99.99998853930553
qwen3-32b,g24p2_040,RND-,99.99892996421634
qwen3-32b,g24p2_040,STR+,99.99799640426922
qwen3-32b,g24p2_040,STR-,99.99905201976732
qwen3-32b,g24p2_040,Y0,99.99999691611282
qwen3-32b,g24p2_041,ADM+,99.99999804920914
qwen3-32b,g24p2_041,ADM-,8.519742622639491e-05
qwen3-32b,g24p2_041,CF+,44.456252667644755
qwen3-32b,g24p2_041,CF-,44.44607811957264
qwen3-32b,g24p2_041,EXC+,44.256917847895
qwen3-32b,g24p2_041,EXC-,0.0004960853634633717
qwen3-32b,g24p2_041,MNR+,62.467458117129155
qwen3-32b,g24p2_041,MNR-,0.003009158577028787
qwen3-32b,g24p2_041,RND+,44.46095198733754
qwen3-32b,g24p2_041,RND-,44.44707123451071
qwen3-32b,g24p2_041,STR+,44.44299208645033
qwen3-32b,g24p2_041,STR-,44.38883112669851
qwen3-32b,g24p2_041,Y0,99.99915133887879
qwen3-32b,g24p2_043,ADM+,99.99999958735229
qwen3-32b,g24p2_043,ADM-,5.589944580860811e-06
qwen3-32b,g24p2_043,CF+,47.432030192223046
qwen3-32b,g24p2_043,CF-,44.45690827481213
qwen3-32b,g24p2_043,EXC+,48.87633743283637
qwen3-32b,g24p2_043,EXC-,0.42521017364906977
qwen3-32b,g24p2_043,MNR+,44.44653420562669
qwen3-32b,g24p2_043,MNR-,44.44713615378658
qwen3-32b,g24p2_043,RND+,45.76867212686626
qwen3-32b,g24p2_043,RND-,44.463081671633596
qwen3-32b,g24p2_043,STR+,54.495560597987186
qwen3-32b,g24p2_043,STR-,44.445856101446786
qwen3-32b,g24p2_043,Y0,99.99905267538973
qwen3-32b,g24p2_044,ADM+,99.99941767187877
qwen3-32b,g24p2_044,ADM-,0.000514333175206452
qwen3-32b,g24p2_044,CF+,44.64321394938614
qwen3-32b,g24p2_044,CF-,44.620551017198345
qwen3-32b,g24p2_044,EXC+,44.446069247084466
qwen3-32b,g24p2_044,EXC-,44.44040618671823
qwen3-32b,g24p2_044,MNR+,44.5383893010418
qwen3-32b,g24p2_044,MNR-,44.539100148248224
qwen3-32b,g24p2_044,RND+,44.64050564122974
qwen3-32b,g24p2_044,RND-,44.58230835625753
qwen3-32b,g24p2_044,STR+,64.34053581543486
qwen3-32b,g24p2_044,STR-,3.012408407549056
qwen3-32b,g24p2_044,Y0,13.583821084199261
qwen3-32b,g24p2_046,ADM+,99.99100687346566
qwen3-32b,g24p2_046,ADM-,2.4775943042052826
qwen3-32b,g24p2_046,CF+,16.676543782590354
qwen3-32b,g24p2_046,CF-,14.92664238642677
qwen3-32b,g24p2_046,EXC+,11.00117599694666
qwen3-32b,g24p2_046,EXC-,3.1325478200503363
qwen3-32b,g24p2_046,MNR+,34.308539874062916
qwen3-32b,g24p2_046,MNR-,44.439162369827585
qwen3-32b,g24p2_046,RND+,0.040113680847366356
qwen3-32b,g24p2_046,RND-,22.110359852646802
qwen3-32b,g24p2_046,STR+,0.8393833002159837
qwen3-32b,g24p2_046,STR-,13.078907781439808
qwen3-32b,g24p2_046,Y0,10.052254276500141
qwen3-32b,g24p2_047,ADM+,99.99999730526967
qwen3-32b,g24p2_047,ADM-,7.092146030377451e-05
qwen3-32b,g24p2_047,CF+,0.004433956520388254
qwen3-32b,g24p2_047,CF-,0.0015812022338546755
qwen3-32b,g24p2_047,EXC+,0.05242111913432818
qwen3-32b,g24p2_047,EXC-,0.00047914156754220636
qwen3-32b,g24p2_047,MNR+,99.99999642471182
qwen3-32b,g24p2_047,MNR-,0.005537916424337142
qwen3-32b,g24p2_047,RND+,0.20386902448887761
qwen3-32b,g24p2_047,RND-,55.40061700911534
qwen3-32b,g24p2_047,STR+,0.029872898585713927
qwen3-32b,g24p2_047,STR-,0.032465753548790596
qwen3-32b,g24p2_047,Y0,99.99998468749146
qwen3-32b,g24p2_048,ADM+,99.99999736788044
qwen3-32b,g24p2_048,ADM-,8.983572991642034e-06
qwen3-32b,g24p2_048,CF+,44.452985459963955
qwen3-32b,g24p2_048,CF-,44.44502896810115
qwen3-32b,g24p2_048,EXC+,44.47477343939915
qwen3-32b,g24p2_048,EXC-,1.2788842962128574e-05
qwen3-32b,g24p2_048,MNR+,44.27687838837379
qwen3-32b,g24p2_048,MNR-,2.690721079553854e-05
qwen3-32b,g24p2_048,RND+,51.98797366168472
qwen3-32b,g24p2_048,RND-,44.44658065320907
qwen3-32b,g24p2_048,STR+,99.98323371098593
qwen3-32b,g24p2_048,STR-,44.44791461516327
qwen3-32b,g24p2_048,Y0,4.398999743400762e-06
qwen3-32b,g24p2_049,ADM+,99.99999750688818
qwen3-32b,g24p2_049,ADM-,0.047144694702804385
qwen3-32b,g24p2_049,CF+,51.92568027464203
qwen3-32b,g24p2_049,CF-,99.90516836502769
qwen3-32b,g24p2_049,EXC+,43.63668303242072
qwen3-32b,g24p2_049,EXC-,99.79626025916798
qwen3-32b,g24p2_049,MNR+,44.21354990173975
qwen3-32b,g24p2_049,MNR-,57.969362912702096
qwen3-32b,g24p2_049,RND+,55.55547507279706
qwen3-32b,g24p2_049,RND-,47.348799331902356
qwen3-32b,g24p2_049,STR+,77.22076004985294
qwen3-32b,g24p2_049,STR-,77.24162759784863
qwen3-32b,g24p2_049,Y0,40.43153156546651
qwen3-32b,g24p2_051,ADM+,99.99999620927397
qwen3-32b,g24p2_051,ADM-,5.6889904458530385e-06
qwen3-32b,g24p2_051,CF+,46.91795051822317
qwen3-32b,g24p2_051,CF-,44.46833321200325
qwen3-32b,g24p2_051,EXC+,99.95562502301226
qwen3-32b,g24p2_051,EXC-,26.290183227126697
qwen3-32b,g24p2_051,MNR+,99.70233232168997
qwen3-32b,g24p2_051,MNR-,0.00013536561460695257
qwen3-32b,g24p2_051,RND+,55.02995929337968
qwen3-32b,g24p2_051,RND-,44.454403503885906
qwen3-32b,g24p2_051,STR+,48.640254848288436
qwen3-32b,g24p2_051,STR-,19.6096201772969
qwen3-32b,g24p2_051,Y0,99.99998334574204
qwen3-32b,g24p2_053,ADM+,99.99999564882033
qwen3-32b,g24p2_053,ADM-,5.250743830982972e-05
qwen3-32b,g24p2_053,CF+,55.94572788192331
qwen3-32b,g24p2_053,CF-,77.32757803708297
qwen3-32b,g24p2_053,EXC+,5.398081305105602
qwen3-32b,g24p2_053,EXC-,24.921753853268093
qwen3-32b,g24p2_053,MNR+,44.447139771457046
qwen3-32b,g24p2_053,MNR-,44.4461735233791
qwen3-32b,g24p2_053,RND+,55.400625235802124
qwen3-32b,g24p2_053,RND-,44.502254959376494
qwen3-32b,g24p2_053,STR+,56.17695355254197
qwen3-32b,g24p2_053,STR-,44.4562018854734
qwen3-32b,g24p2_053,Y0,54.49622963206704
qwen3-32b,g24p2_054,ADM+,99.99999770260224
qwen3-32b,g24p2_054,ADM-,99.99999082445467
qwen3-32b,g24p2_054,CF+,44.412207387713245
qwen3-32b,g24p2_054,CF-,44.44195768426853
qwen3-32b,g24p2_054,EXC+,31.159293522666303
qwen3-32b,g24p2_054,EXC-,55.4813247029301
qwen3-32b,g24p2_054,MNR+,44.484582487086854
qwen3-32b,g24p2_054,MNR-,55.53003554938992
qwen3-32b,g24p2_054,RND+,44.426882159959334
qwen3-32b,g24p2_054,RND-,44.44543355896022
qwen3-32b,g24p2_054,STR+,44.44649438581869
qwen3-32b,g24p2_054,STR-,44.44571567560043
qwen3-32b,g24p2_054,Y0,0.00034413445710782697
qwen3-32b,g24p2_055,ADM+,99.99999896750965
qwen3-32b,g24p2_055,ADM-,3.5698477751769484e-05
qwen3-32b,g24p2_055,CF+,44.59975335011089
qwen3-32b,g24p2_055,CF-,44.483837161552714
qwen3-32b,g24p2_055,EXC+,98.27421309817477
qwen3-32b,g24p2_055,EXC-,0.0029180904831658445
qwen3-32b,g24p2_055,MNR+,44.51761251669484
qwen3-32b,g24p2_055,MNR-,0.0008793272637542074
qwen3-32b,g24p2_055,RND+,44.44635938716101
qwen3-32b,g24p2_055,RND-,44.443592784894946
qwen3-32b,g24p2_055,STR+,47.99306653327728
qwen3-32b,g24p2_055,STR-,3.378967037451934e-05
qwen3-32b,g24p2_055,Y0,99.99998005119315
qwen3-32b,g24p2_057,ADM+,99.99999617392342
qwen3-32b,g24p2_057,ADM-,17.78378564705471
qwen3-32b,g24p2_057,CF+,44.444305144521245
qwen3-32b,g24p2_057,CF-,44.414112073717185
qwen3-32b,g24p2_057,EXC+,0.29729220921224286
qwen3-32b,g24p2_057,EXC-,0.8937794206093594
qwen3-32b,g24p2_057,MNR+,44.447249798912004
qwen3-32b,g24p2_057,MNR-,16.822771497222888
qwen3-32b,g24p2_057,RND+,0.5336131695514532
qwen3-32b,g24p2_057,RND-,18.715556445873958
qwen3-32b,g24p2_057,STR+,0.09033479013994529
qwen3-32b,g24p2_057,STR-,0.33299950768703934
qwen3-32b,g24p2_057,Y0,10.857995053426329
qwen3-32b,g24p2_058,ADM+,1.1544895524905587
qwen3-32b,g24p2_058,ADM-,0.002605328015770835
qwen3-32b,g24p2_058,CF+,46.47097126809584
qwen3-32b,g24p2_058,CF-,0.011588856103479669
qwen3-32b,g24p2_058,EXC+,0.13483639629252195
qwen3-32b,g24p2_058,EXC-,0.12727882543611924
qwen3-32b,g24p2_058,MNR+,44.45878483574401
qwen3-32b,g24p2_058,MNR-,5.599284911603173
qwen3-32b,g24p2_058,RND+,44.44862758525228
qwen3-32b,g24p2_058,RND-,44.44578107231481
qwen3-32b,g24p2_058,STR+,44.44598575368392
qwen3-32b,g24p2_058,STR-,0.016719443564296704
qwen3-32b,g24p2_058,Y0,99.99998796762475
qwen3-32b,g24p2_059,ADM+,99.99990853699609
qwen3-32b,g24p2_059,ADM-,0.0026309766762409735
qwen3-32b,g24p2_059,CF+,44.56500326645673
qwen3-32b,g24p2_059,CF-,44.46460013214504
qwen3-32b,g24p2_059,EXC+,44.442999217559155
qwen3-32b,g24p2_059,EXC-,3.5726746717368965
qwen3-32b,g24p2_059,MNR+,44.43560462041356
qwen3-32b,g24p2_059,MNR-,44.44006389101483
qwen3-32b,g24p2_059,RND+,44.517703648156804
qwen3-32b,g24p2_059,RND-,44.51840239590045
qwen3-32b,g24p2_059,STR+,44.427733663116655
qwen3-32b,g24p2_059,STR-,44.31960071022476
qwen3-32b,g24p2_059,Y0,77.58550426292824
qwen3-32b,g24p2_060,ADM+,99.9999980382533
qwen3-32b,g24p2_060,ADM-,1.6561126536833475
qwen3-32b,g24p2_060,CF+,44.64245683075018
qwen3-32b,g24p2_060,CF-,44.75076799929451
qwen3-32b,g24p2_060,EXC+,33.53068581681359
qwen3-32b,g24p2_060,EXC-,54.764260491100586
qwen3-32b,g24p2_060,MNR+,99.9991982744359
qwen3-32b,g24p2_060,MNR-,44.09627875032095
qwen3-32b,g24p2_060,RND+,45.348587363355925
qwen3-32b,g24p2_060,RND-,55.42047598663798
qwen3-32b,g24p2_060,STR+,99.99930425209514
qwen3-32b,g24p2_060,STR-,99.97055183532666
qwen3-32b,g24p2_060,Y0,0.0005239652360328859
qwen3-32b,g24p2_062,ADM+,99.99999720437818
qwen3-32b,g24p2_062,ADM-,2.0259881983294118e-05
qwen3-32b,g24p2_062,CF+,99.99640225673124
qwen3-32b,g24p2_062,CF-,0.07107136483913659
qwen3-32b,g24p2_062,EXC+,0.00013412577450817983
qwen3-32b,g24p2_062,EXC-,99.99999498512119
qwen3-32b,g24p2_062,MNR+,20.986672684698178
qwen3-32b,g24p2_062,MNR-,99.9999806014033
qwen3-32b,g24p2_062,RND+,99.99933126874674
qwen3-32b,g24p2_062,RND-,99.99858744164442
qwen3-32b,g24p2_062,STR+,99.99999013874763
qwen3-32b,g24p2_062,STR-,99.99998938299879
qwen3-32b,g24p2_062,Y0,97.73448447384999
qwen3-32b,g24p2_064,ADM+,99.99999117261865
qwen3-32b,g24p2_064,ADM-,77.52046003981447
qwen3-32b,g24p2_064,CF+,36.207964713712464
qwen3-32b,g24p2_064,CF-,44.43106354672339
qwen3-32b,g24p2_064,EXC+,76.33245691163631
qwen3-32b,g24p2_064,EXC-,33.70587949811476
qwen3-32b,g24p2_064,MNR+,99.99925465720293
qwen3-32b,g24p2_064,MNR-,99.99561359560767
qwen3-32b,g24p2_064,RND+,99.9081838976534
qwen3-32b,g24p2_064,RND-,99.91391712726055
qwen3-32b,g24p2_064,STR+,78.77423595937701
qwen3-32b,g24p2_064,STR-,53.97830395927726
qwen3-32b,g24p2_064,Y0,88.97012906954488
qwen3-32b,g24p2_065,ADM+,99.96471720211841
qwen3-32b,g24p2_065,ADM-,15.979999171288679
qwen3-32b,g24p2_065,CF+,32.56569753114938
qwen3-32b,g24p2_065,CF-,53.53023554224981
qwen3-32b,g24p2_065,EXC+,44.7573964432656
qwen3-32b,g24p2_065,EXC-,16.746780667208522
qwen3-32b,g24p2_065,MNR+,44.50197903204484
qwen3-32b,g24p2_065,MNR-,40.156785896874986
qwen3-32b,g24p2_065,RND+,31.855719403600574
qwen3-32b,g24p2_065,RND-,54.92907061501738
qwen3-32b,g24p2_065,STR+,33.61308648668697
qwen3-32b,g24p2_065,STR-,89.7404038480676
qwen3-32b,g24p2_065,Y0,45.107509334420854
qwen3-32b,g24p2_066,ADM+,99.97559215913935
qwen3-32b,g24p2_066,ADM-,99.99517461600558
qwen3-32b,g24p2_066,CF+,43.60361638764889
qwen3-32b,g24p2_066,CF-,44.454657340563564
qwen3-32b,g24p2_066,EXC+,44.44503475694996
qwen3-32b,g24p2_066,EXC-,44.447936326841415
qwen3-32b,g24p2_066,MNR+,92.41532870983053
qwen3-32b,g24p2_066,MNR-,75.0815928358277
qwen3-32b,g24p2_066,RND+,44.442590790397475
qwen3-32b,g24p2_066,RND-,59.77816595193796
qwen3-32b,g24p2_066,STR+,74.85691274333675
qwen3-32b,g24p2_066,STR-,44.52124686052125
qwen3-32b,g24p2_066,Y0,72.8891027294082
qwen3-32b,g24p2_067,ADM+,99.99999862559652
qwen3-32b,g24p2_067,ADM-,4.198855402398914e-05
qwen3-32b,g24p2_067,CF+,44.59808192691301
qwen3-32b,g24p2_067,CF-,0.11386537400702094
qwen3-32b,g24p2_067,EXC+,44.44738805424391
qwen3-32b,g24p2_067,EXC-,0.058092033675296174
qwen3-32b,g24p2_067,MNR+,44.536457583565806
qwen3-32b,g24p2_067,MNR-,1.6202565790139246e-05
qwen3-32b,g24p2_067,RND+,44.538984176925766
qwen3-32b,g24p2_067,RND-,27.119968936183195
qwen3-32b,g24p2_067,STR+,6.7203530574595876
qwen3-32b,g24p2_067,STR-,0.008956738466255687
qwen3-32b,g24p2_067,Y0,0.2560069921763646
qwen3-32b,g24p2_068,ADM+,36.32269919255608
qwen3-32b,g24p2_068,ADM-,18.064343150252025
qwen3-32b,g24p2_068,CF+,10.93662374595557
qwen3-32b,g24p2_068,CF-,0.8435910291894417
qwen3-32b,g24p2_068,EXC+,6.973114930432318
qwen3-32b,g24p2_068,EXC-,0.41654055990614114
qwen3-32b,g24p2_068,MNR+,0.25659724548901935
qwen3-32b,g24p2_068,MNR-,6.9372469287315255
qwen3-32b,g24p2_068,RND+,2.9911290100049936
qwen3-32b,g24p2_068,RND-,4.868004499053743
qwen3-32b,g24p2_068,STR+,3.5680266211240235
qwen3-32b,g24p2_068,STR-,1.6457789267117429
qwen3-32b,g24p2_068,Y0,0.8431721529228823
qwen3-32b,g24p2_069,ADM+,99.99999547993974
qwen3-32b,g24p2_069,ADM-,2.7422300601916103e-05
qwen3-32b,g24p2_069,CF+,44.538277066283314
qwen3-32b,g24p2_069,CF-,44.47487590326308
qwen3-32b,g24p2_069,EXC+,42.814708325473774
qwen3-32b,g24p2_069,EXC-,5.176820346984481e-05
qwen3-32b,g24p2_069,MNR+,43.094557694993625
qwen3-32b,g24p2_069,MNR-,44.4100903697039
qwen3-32b,g24p2_069,RND+,54.712909767214775
qwen3-32b,g24p2_069,RND-,44.498225981861964
qwen3-32b,g24p2_069,STR+,37.29411080273785
qwen3-32b,g24p2_069,STR-,42.736244730060804
qwen3-32b,g24p2_069,Y0,85.90881700279505
qwen3-32b,g24p2_070,ADM+,99.99999859493704
qwen3-32b,g24p2_070,ADM-,99.99878308945591
qwen3-32b,g24p2_070,CF+,99.53078293030906
qwen3-32b,g24p2_070,CF-,99.9957658291547
qwen3-32b,g24p2_070,EXC+,99.96867443346369
qwen3-32b,g24p2_070,EXC-,99.99998820507881
qwen3-32b,g24p2_070,MNR+,99.99993961659014
qwen3-32b,g24p2_070,MNR-,99.98694102247879
qwen3-32b,g24p2_070,RND+,99.97875436598022
qwen3-32b,g24p2_070,RND-,99.96454544215322
qwen3-32b,g24p2_070,STR+,99.9999632085308
qwen3-32b,g24p2_070,STR-,99.9993128261272
qwen3-32b,g24p2_070,Y0,99.99999885197877
qwen3-32b,g24p2_071,ADM+,99.99999899825147
qwen3-32b,g24p2_071,ADM-,87.21835921938666
qwen3-32b,g24p2_071,CF+,44.50194052731716
qwen3-32b,g24p2_071,CF-,44.45536448656385
qwen3-32b,g24p2_071,EXC+,44.44715637058587
qwen3-32b,g24p2_071,EXC-,44.41002655396889
qwen3-32b,g24p2_071,MNR+,46.09871753272713
qwen3-32b,g24p2_071,MNR-,44.46045074264546
qwen3-32b,g24p2_071,RND+,33.63249568060302
qwen3-32b,g24p2_071,RND-,44.461089351639664
qwen3-32b,g24p2_071,STR+,63.85591594501146
qwen3-32b,g24p2_071,STR-,44.47168582757427
qwen3-32b,g24p2_071,Y0,72.86212134661508
qwen3-32b,g24p2_072,ADM+,99.9999980433471
qwen3-32b,g24p2_072,ADM-,0.010307141518152306
qwen3-32b,g24p2_072,CF+,21.41723098360175
qwen3-32b,g24p2_072,CF-,37.27283057477278
qwen3-32b,g24p2_072,EXC+,44.69314352799706
qwen3-32b,g24p2_072,EXC-,26.276034851750218
qwen3-32b,g24p2_072,MNR+,44.44321260918934
qwen3-32b,g24p2_072,MNR-,38.84179166434981
qwen3-32b,g24p2_072,RND+,46.016624666857666
qwen3-32b,g24p2_072,RND-,19.242682447240654
qwen3-32b,g24p2_072,STR+,44.196706564367325
qwen3-32b,g24p2_072,STR-,32.918056200909625
qwen3-32b,g24p2_072,Y0,11.774163257941092
qwen3-32b,g24p2_073,ADM+,0.0018962239946037625
qwen3-32b,g24p2_073,ADM-,5.5323146687464007e-05
qwen3-32b,g24p2_073,CF+,0.00046134404309807663
qwen3-32b,g24p2_073,CF-,0.000311010039361357
qwen3-32b,g24p2_073,EXC+,0.0002837183067313421
qwen3-32b,g24p2_073,EXC-,0.000233928800988533
qwen3-32b,g24p2_073,MNR+,0.0016831253631666128
qwen3-32b,g24p2_073,MNR-,0.0001911417277886087
qwen3-32b,g24p2_073,RND+,0.0005711274641411387
qwen3-32b,g24p2_073,RND-,0.0011357955335171712
qwen3-32b,g24p2_073,STR+,1.811001972156104e-05
qwen3-32b,g24p2_073,STR-,0.0002744578926007137
qwen3-32b,g24p2_073,Y0,0.00047049651385652644
qwen3-32b,g24p2_074,ADM+,99.999999310827
qwen3-32b,g24p2_074,ADM-,1.6457732778515046
qwen3-32b,g24p2_074,CF+,44.439999550070695
qwen3-32b,g24p2_074,CF-,46.9184785596439
qwen3-32b,g24p2_074,EXC+,44.48431004289865
qwen3-32b,g24p2_074,EXC-,8.138408401169507
qwen3-32b,g24p2_074,MNR+,45.136265208815544
qwen3-32b,g24p2_074,MNR-,0.10644689779785571
qwen3-32b,g24p2_074,RND+,45.83792760695717
qwen3-32b,g24p2_074,RND-,44.44717568581785
qwen3-32b,g24p2_074,STR+,42.79741400766118
qwen3-32b,g24p2_074,STR-,44.44326543091948
qwen3-32b,g24p2_074,Y0,49.69191447577734
qwen3-32b,g24p2_075,ADM+,99.99999905514605
qwen3-32b,g24p2_075,ADM-,0.024361215656081073
qwen3-32b,g24p2_075,CF+,44.61029716085499
qwen3-32b,g24p2_075,CF-,56.36156631808685
qwen3-32b,g24p2_075,EXC+,37.88470400384064
qwen3-32b,g24p2_075,EXC-,5.569787303090689
qwen3-32b,g24p2_075,MNR+,99.3278293976745
qwen3-32b,g24p2_075,MNR-,44.45193454984641
qwen3-32b,g24p2_075,RND+,44.500288071941746
qwen3-32b,g24p2_075,RND-,44.44773248993766
qwen3-32b,g24p2_075,STR+,44.47220589922879
qwen3-32b,g24p2_075,STR-,44.45777494099491
qwen3-32b,g24p2_075,Y0,99.99998422347275
qwen3-32b,g24p2_076,ADM+,99.999985669311
qwen3-32b,g24p2_076,ADM-,0.0006110421356493169
qwen3-32b,g24p2_076,CF+,54.92371526640358
qwen3-32b,g24p2_076,CF-,44.589528812455065
qwen3-32b,g24p2_076,EXC+,53.87481422374862
qwen3-32b,g24p2_076,EXC-,5.728435770040091
qwen3-32b,g24p2_076,MNR+,41.75287461079134
qwen3-32b,g24p2_076,MNR-,44.53829391389249
qwen3-32b,g24p2_076,RND+,54.493299277794804
qwen3-32b,g24p2_076,RND-,44.48654113651183
qwen3-32b,g24p2_076,STR+,43.83744442181131
qwen3-32b,g24p2_076,STR-,44.116217606965634
qwen3-32b,g24p2_076,Y0,80.90256578389383
qwen3-32b,g24p2_077,ADM+,99.99995380685849
qwen3-32b,g24p2_077,ADM-,0.0021428923121638655
qwen3-32b,g24p2_077,CF+,45.278499359624846
qwen3-32b,g24p2_077,CF-,44.53988028139676
qwen3-32b,g24p2_077,EXC+,92.80169641254815
qwen3-32b,g24p2_077,EXC-,0.6173346992586219
qwen3-32b,g24p2_077,MNR+,99.99177413519274
qwen3-32b,g24p2_077,MNR-,0.06668298218059927
qwen3-32b,g24p2_077,RND+,55.63537971427169
qwen3-32b,g24p2_077,RND-,17.427665854651547
qwen3-32b,g24p2_077,STR+,44.56308001594613
qwen3-32b,g24p2_077,STR-,44.48704708729273
qwen3-32b,g24p2_077,Y0,25.568190522518623
qwen3-32b,g24p2_079,ADM+,99.99994337947345
qwen3-32b,g24p2_079,ADM-,0.00018748140479256828
qwen3-32b,g24p2_079,CF+,62.41940411660826
qwen3-32b,g24p2_079,CF-,44.45547762412046
qwen3-32b,g24p2_079,EXC+,54.650550423265614
qwen3-32b,g24p2_079,EXC-,44.44627142268036
qwen3-32b,g24p2_079,MNR+,99.99329639566467
qwen3-32b,g24p2_079,MNR-,0.0005427765274424127
qwen3-32b,g24p2_079,RND+,53.528539750972705
qwen3-32b,g24p2_079,RND-,44.44350806210301
qwen3-32b,g24p2_079,STR+,50.69022207580964
qwen3-32b,g24p2_079,STR-,99.99554640166183
qwen3-32b,g24p2_079,Y0,0.059218282785059806
qwen3-32b,g24p2_081,ADM+,99.9999890341274
qwen3-32b,g24p2_081,ADM-,1.0792496999049377e-05
qwen3-32b,g24p2_081,CF+,44.444759666871036
qwen3-32b,g24p2_081,CF-,1.7673218396603247
qwen3-32b,g24p2_081,EXC+,44.446037178736724
qwen3-32b,g24p2_081,EXC-,0.001010105684935753
qwen3-32b,g24p2_081,MNR+,44.50276115000467
qwen3-32b,g24p2_081,MNR-,0.015021336129541672
qwen3-32b,g24p2_081,RND+,44.44973354386448
qwen3-32b,g24p2_081,RND-,11.8610578315594
qwen3-32b,g24p2_081,STR+,0.013114449768059732
qwen3-32b,g24p2_081,STR-,0.04571646537294236
qwen3-32b,g24p2_081,Y0,77.46825719295072
qwen3-32b,g24p2_082,ADM+,99.99985092727788
qwen3-32b,g24p2_082,ADM-,0.12275121226532251
qwen3-32b,g24p2_082,CF+,43.37840749813225
qwen3-32b,g24p2_082,CF-,43.852677854403105
qwen3-32b,g24p2_082,EXC+,43.57838357807052
qwen3-32b,g24p2_082,EXC-,14.687593780042988
qwen3-32b,g24p2_082,MNR+,45.282708909830376
qwen3-32b,g24p2_082,MNR-,44.47373996742854
qwen3-32b,g24p2_082,RND+,44.40032381517658
qwen3-32b,g24p2_082,RND-,44.40952267636981
qwen3-32b,g24p2_082,STR+,44.50044661334692
qwen3-32b,g24p2_082,STR-,44.446021086394325
qwen3-32b,g24p2_082,Y0,64.16284700140687
qwen3-32b,g24p2_083,ADM+,99.99999893193896
qwen3-32b,g24p2_083,ADM-,99.99987144378325
qwen3-32b,g24p2_083,CF+,44.49502219759436
qwen3-32b,g24p2_083,CF-,44.479380417069976
qwen3-32b,g24p2_083,EXC+,2.8908462411353253
qwen3-32b,g24p2_083,EXC-,12.022919914223483
qwen3-32b,g24p2_083,MNR+,55.30269910924473
qwen3-32b,g24p2_083,MNR-,44.445609108020555
qwen3-32b,g24p2_083,RND+,44.199597163744706
qwen3-32b,g24p2_083,RND-,11.396086466921954
qwen3-32b,g24p2_083,STR+,44.48179935554088
qwen3-32b,g24p2_083,STR-,44.515801576468405
qwen3-32b,g24p2_083,Y0,0.035774009124995364
qwen3-32b,g24p2_084,ADM+,99.99998414844649
qwen3-32b,g24p2_084,ADM-,3.1001392562030554e-05
qwen3-32b,g24p2_084,CF+,61.95276758008726
qwen3-32b,g24p2_084,CF-,53.517232659072164
qwen3-32b,g24p2_084,EXC+,99.95756307545517
qwen3-32b,g24p2_084,EXC-,0.0033424325118920624
qwen3-32b,g24p2_084,MNR+,44.69540975538004
qwen3-32b,g24p2_084,MNR-,99.98454066862375
qwen3-32b,g24p2_084,RND+,95.26153047014364
qwen3-32b,g24p2_084,RND-,55.30800312581899
qwen3-32b,g24p2_084,STR+,99.99982078395325
qwen3-32b,g24p2_084,STR-,0.006287546484092405
qwen3-32b,g24p2_084,Y0,50.503558059370405
qwen3-32b,g24p2_085,ADM+,99.99999900106664
qwen3-32b,g24p2_085,ADM-,18.088687907998953
qwen3-32b,g24p2_085,CF+,44.444354710983674
qwen3-32b,g24p2_085,CF-,19.235979365027546
qwen3-32b,g24p2_085,EXC+,44.47070727370489
qwen3-32b,g24p2_085,EXC-,50.67755363332743
qwen3-32b,g24p2_085,MNR+,44.45106143679602
qwen3-32b,g24p2_085,MNR-,44.45954355925395
qwen3-32b,g24p2_085,RND+,44.450292554433275
qwen3-32b,g24p2_085,RND-,16.027876236449472
qwen3-32b,g24p2_085,STR+,41.45981402491545
qwen3-32b,g24p2_085,STR-,44.35233007565168
qwen3-32b,g24p2_085,Y0,1.648603533138859
qwen3-32b,g24p2_087,ADM+,98.15711317360814
qwen3-32b,g24p2_087,ADM-,1.552945161094889e-05
qwen3-32b,g24p2_087,CF+,44.643577866883916
qwen3-32b,g24p2_087,CF-,76.87457685172194
qwen3-32b,g24p2_087,EXC+,99.3036775672507
qwen3-32b,g24p2_087,EXC-,44.82335007960559
qwen3-32b,g24p2_087,MNR+,44.44742434634641
qwen3-32b,g24p2_087,MNR-,1.6906788687577121
qwen3-32b,g24p2_087,RND+,44.45108149646725
qwen3-32b,g24p2_087,RND-,65.93800005573321
qwen3-32b,g24p2_087,STR+,0.005499383213435021
qwen3-32b,g24p2_087,STR-,44.858797025406325
qwen3-32b,g24p2_087,Y0,8.140472403671385e-05
qwen3-32b,g24p2_088,ADM+,99.9999946503235
qwen3-32b,g24p2_088,ADM-,1.060567289552861
qwen3-32b,g24p2_088,CF+,44.44843354004366
qwen3-32b,g24p2_088,CF-,44.460491659385404
qwen3-32b,g24p2_088,EXC+,44.45155638580857
qwen3-32b,g24p2_088,EXC-,44.446491453559446
qwen3-32b,g24p2_088,MNR+,93.06660784006172
qwen3-32b,g24p2_088,MNR-,44.45357535392636
qwen3-32b,g24p2_088,RND+,44.447853646918524
qwen3-32b,g24p2_088,RND-,44.4517885561918
qwen3-32b,g24p2_088,STR+,44.44390068668568
qwen3-32b,g24p2_088,STR-,44.46246657940881
qwen3-32b,g24p2_088,Y0,99.99999045700368
qwen3-32b,g24p2_089,ADM+,99.99999548321286
qwen3-32b,g24p2_089,ADM-,99.91571366340791
qwen3-32b,g24p2_089,CF+,44.46974671611892
qwen3-32b,g24p2_089,CF-,44.46615266925778
qwen3-32b,g24p2_089,EXC+,44.2991223200986
qwen3-32b,g24p2_089,EXC-,13.98480902188817
qwen3-32b,g24p2_089,MNR+,53.0630578265786
qwen3-32b,g24p2_089,MNR-,51.33811209713551
qwen3-32b,g24p2_089,RND+,44.565308058732334
qwen3-32b,g24p2_089,RND-,30.383252324093267
qwen3-32b,g24p2_089,STR+,50.667336662156984
qwen3-32b,g24p2_089,STR-,44.31065814286832
qwen3-32b,g24p2_089,Y0,0.019004510104513088
qwen3-32b,g24p2_091,ADM+,99.99999904412738
qwen3-32b,g24p2_091,ADM-,50.33314020606994
qwen3-32b,g24p2_091,CF+,44.69499508370616
qwen3-32b,g24p2_091,CF-,89.16300631011082
qwen3-32b,g24p2_091,EXC+,38.09700903884762
qwen3-32b,g24p2_091,EXC-,39.350626568681626
qwen3-32b,g24p2_091,MNR+,99.99886091948862
qwen3-32b,g24p2_091,MNR-,44.49908515853946
qwen3-32b,g24p2_091,RND+,47.921712266108926
qwen3-32b,g24p2_091,RND-,33.33321123620888
qwen3-32b,g24p2_091,STR+,99.99921260448646
qwen3-32b,g24p2_091,STR-,25.684779086177784
qwen3-32b,g24p2_091,Y0,22.72357314399881
qwen3-32b,g24p2_092,ADM+,99.9999950920273
qwen3-32b,g24p2_092,ADM-,39.821046810551074
qwen3-32b,g24p2_092,CF+,44.514988168576046
qwen3-32b,g24p2_092,CF-,0.3292073848674937
qwen3-32b,g24p2_092,EXC+,44.5958765537917
qwen3-32b,g24p2_092,EXC-,1.062984586513954
qwen3-32b,g24p2_092,MNR+,44.64411991437187
qwen3-32b,g24p2_092,MNR-,44.02829639675401
qwen3-32b,g24p2_092,RND+,44.482157712457344
qwen3-32b,g24p2_092,RND-,44.470948786680744
qwen3-32b,g24p2_092,STR+,55.39309643486097
qwen3-32b,g24p2_092,STR-,39.74573004617698
qwen3-32b,g24p2_092,Y0,99.99999051455782
qwen3-32b,g24p2_093,ADM+,99.99997914933417
qwen3-32b,g24p2_093,ADM-,2.2902235514028786e-05
qwen3-32b,g24p2_093,CF+,84.85192908980737
qwen3-32b,g24p2_093,CF-,44.46139165503559
qwen3-32b,g24p2_093,EXC+,44.67463996101944
qwen3-32b,g24p2_093,EXC-,44.48215671143456
qwen3-32b,g24p2_093,MNR+,99.99993355688312
qwen3-32b,g24p2_093,MNR-,0.00013804357869494713
qwen3-32b,g24p2_093,RND+,46.27342414482612
qwen3-32b,g24p2_093,RND-,44.149090352953806
qwen3-32b,g24p2_093,STR+,8.828367071011394
qwen3-32b,g24p2_093,STR-,1.6536333842487219
qwen3-32b,g24p2_093,Y0,0.20004929381026448
qwen3-32b,g24p2_094,ADM+,99.99999415590962
qwen3-32b,g24p2_094,ADM-,32.14420423212996
qwen3-32b,g24p2_094,CF+,99.997646834529
qwen3-32b,g24p2_094,CF-,63.27682562242657
qwen3-32b,g24p2_094,EXC+,99.53195731705779
qwen3-32b,g24p2_094,EXC-,77.38653367446233
qwen3-32b,g24p2_094,MNR+,99.99996257396909
qwen3-32b,g24p2_094,MNR-,84.84154759102178
qwen3-32b,g24p2_094,RND+,99.87551979826264
qwen3-32b,g24p2_094,RND-,55.96812023088493
qwen3-32b,g24p2_094,STR+,99.90321715573505
qwen3-32b,g24p2_094,STR-,99.99947882274974
qwen3-32b,g24p2_094,Y0,99.99668687268849
qwen3-32b,g24p2_096,ADM+,99.99999951531105
qwen3-32b,g24p2_096,ADM-,0.19995222787964534
qwen3-32b,g24p2_096,CF+,99.9991347746626
qwen3-32b,g24p2_096,CF-,44.47111706723776
qwen3-32b,g24p2_096,EXC+,55.20736522607369
qwen3-32b,g24p2_096,EXC-,44.44813732015629
qwen3-32b,g24p2_096,MNR+,87.93733975736055
qwen3-32b,g24p2_096,MNR-,73.60806278299228
qwen3-32b,g24p2_096,RND+,65.9555746606957
qwen3-32b,g24p2_096,RND-,44.45173562968159
qwen3-32b,g24p2_096,STR+,44.468443613612386
qwen3-32b,g24p2_096,STR-,63.84653445462589
qwen3-32b,g24p2_096,Y0,45.84955981714036
qwen3-32b,g24p2_098,ADM+,99.99999695810422
qwen3-32b,g24p2_098,ADM-,1.3253861836509176e-05
qwen3-32b,g24p2_098,CF+,44.55158932450648
qwen3-32b,g24p2_098,CF-,44.60047540165937
qwen3-32b,g24p2_098,EXC+,99.99902827265649
qwen3-32b,g24p2_098,EXC-,1.2648121540370565e-05
qwen3-32b,g24p2_098,MNR+,99.99967554906573
qwen3-32b,g24p2_098,MNR-,1.1691157245686207e-05
qwen3-32b,g24p2_098,RND+,44.45738730611321
qwen3-32b,g24p2_098,RND-,44.4558680946269
qwen3-32b,g24p2_098,STR+,44.450802104280655
qwen3-32b,g24p2_098,STR-,44.494385662501514
qwen3-32b,g24p2_098,Y0,2.6303340193026654e-05
qwen3-32b,g24p2_099,ADM+,0.0008120505914648074
qwen3-32b,g24p2_099,ADM-,1.959378751493086e-05
qwen3-32b,g24p2_099,CF+,0.01476720451073241
qwen3-32b,g24p2_099,CF-,44.387549478930495
qwen3-32b,g24p2_099,EXC+,3.1744742725605546e-05
qwen3-32b,g24p2_099,EXC-,0.0024767937846048114
qwen3-32b,g24p2_099,MNR+,0.0003685306579637234
qwen3-32b,g24p2_099,MNR-,0.00416792614142214
qwen3-32b,g24p2_099,RND+,0.0005126766182735108
qwen3-32b,g24p2_099,RND-,11.182271687570447
qwen3-32b,g24p2_099,STR+,0.004800904682772509
qwen3-32b,g24p2_099,STR-,40.16417652287275
qwen3-32b,g24p2_099,Y0,2.736381706643939e-05
qwen3-32b,g24p2_101,ADM+,99.99999900833092
qwen3-32b,g24p2_101,ADM-,4.24639850960557e-06
qwen3-32b,g24p2_101,CF+,44.44609564961599
qwen3-32b,g24p2_101,CF-,44.20617055699664
qwen3-32b,g24p2_101,EXC+,44.44650758744197
qwen3-32b,g24p2_101,EXC-,13.858044608907338
qwen3-32b,g24p2_101,MNR+,44.454054569152376
qwen3-32b,g24p2_101,MNR-,44.566068705805925
qwen3-32b,g24p2_101,RND+,45.26648274784488
qwen3-32b,g24p2_101,RND-,9.49311465696118
qwen3-32b,g24p2_101,STR+,44.209802365533115
qwen3-32b,g24p2_101,STR-,8.707741386172692
qwen3-32b,g24p2_101,Y0,99.9999777785623
qwen3-32b,g24p2_102,ADM+,94.84831591139773
qwen3-32b,g24p2_102,ADM-,37.87393237544277
qwen3-32b,g24p2_102,CF+,44.443842538043945
qwen3-32b,g24p2_102,CF-,3.9543717570401133
qwen3-32b,g24p2_102,EXC+,44.43127003559826
qwen3-32b,g24p2_102,EXC-,44.35764575270215
qwen3-32b,g24p2_102,MNR+,44.446739729448666
qwen3-32b,g24p2_102,MNR-,44.44968990404052
qwen3-32b,g24p2_102,RND+,44.4442373023259
qwen3-32b,g24p2_102,RND-,44.444603269937836
qwen3-32b,g24p2_102,STR+,44.45500030679045
qwen3-32b,g24p2_102,STR-,44.44352841347231
qwen3-32b,g24p2_102,Y0,2.55683882235593
qwen3-32b,g24p2_103,ADM+,99.97741207447585
qwen3-32b,g24p2_103,ADM-,19.87388994205364
qwen3-32b,g24p2_103,CF+,44.445987331513074
qwen3-32b,g24p2_103,CF-,44.44486885143313
qwen3-32b,g24p2_103,EXC+,44.450022904145754
qwen3-32b,g24p2_103,EXC-,44.316873581174065
qwen3-32b,g24p2_103,MNR+,44.44961437354458
qwen3-32b,g24p2_103,MNR-,44.44713184129248
qwen3-32b,g24p2_103,RND+,44.44591995024258
qwen3-32b,g24p2_103,RND-,44.447093791044686
qwen3-32b,g24p2_103,STR+,44.44524740128897
qwen3-32b,g24p2_103,STR-,44.44501025969999
qwen3-32b,g24p2_103,Y0,44.41529595142043
qwen3-32b,g24p2_104,ADM+,99.999998445346
qwen3-32b,g24p2_104,ADM-,1.6170811099780726e-05
qwen3-32b,g24p2_104,CF+,31.793943824592688
qwen3-32b,g24p2_104,CF-,10.810859749899244
qwen3-32b,g24p2_104,EXC+,17.516665962587346
qwen3-32b,g24p2_104,EXC-,0.0016765692255881
qwen3-32b,g24p2_104,MNR+,10.56471886977394
qwen3-32b,g24p2_104,MNR-,17.063763950094316
qwen3-32b,g24p2_104,RND+,23.1626515928109
qwen3-32b,g24p2_104,RND-,20.75972682733901
qwen3-32b,g24p2_104,STR+,24.77365015011168
qwen3-32b,g24p2_104,STR-,7.549065094376592
qwen3-32b,g24p2_104,Y0,8.641856121869298
qwen3-32b,g24p2_105,ADM+,82.50659915143184
qwen3-32b,g24p2_105,ADM-,81.30180520978885
qwen3-32b,g24p2_105,CF+,44.49700993401177
qwen3-32b,g24p2_105,CF-,49.99939366666024
qwen3-32b,g24p2_105,EXC+,44.51162270496834
qwen3-32b,g24p2_105,EXC-,44.456539574212734
qwen3-32b,g24p2_105,MNR+,44.50114345788243
qwen3-32b,g24p2_105,MNR-,44.53929441296751
qwen3-32b,g24p2_105,RND+,55.301380647007214
qwen3-32b,g24p2_105,RND-,44.528097092093546
qwen3-32b,g24p2_105,STR+,44.688706122186986
qwen3-32b,g24p2_105,STR-,45.28619240036501
qwen3-32b,g24p2_105,Y0,73.56238123844031
qwen3-32b,g24p2_107,ADM+,99.98985632967157
qwen3-32b,g24p2_107,ADM-,0.005538935227709523
qwen3-32b,g24p2_107,CF+,53.07993981093122
qwen3-32b,g24p2_107,CF-,44.44611560888088
qwen3-32b,g24p2_107,EXC+,34.34726610464634
qwen3-32b,g24p2_107,EXC-,0.11684715247809385
qwen3-32b,g24p2_107,MNR+,44.32579951651732
qwen3-32b,g24p2_107,MNR-,32.401731332814244
qwen3-32b,g24p2_107,RND+,44.85913618676543
qwen3-32b,g24p2_107,RND-,44.452263451352806
qwen3-32b,g24p2_107,STR+,44.44437388814648
qwen3-32b,g24p2_107,STR-,34.09415753187064
qwen3-32b,g24p2_107,Y0,43.918212619069685
qwen3-32b,g24p2_108,ADM+,99.60911573777551
qwen3-32b,g24p2_108,ADM-,16.918797723111407
qwen3-32b,g24p2_108,CF+,74.83740335001363
qwen3-32b,g24p2_108,CF-,54.898602062927566
qwen3-32b,g24p2_108,EXC+,55.8944399176151
qwen3-32b,g24p2_108,EXC-,44.445004459939156
qwen3-32b,g24p2_108,MNR+,68.94164614681875
qwen3-32b,g24p2_108,MNR-,44.488182799670824
qwen3-32b,g24p2_108,RND+,44.969415468260365
qwen3-32b,g24p2_108,RND-,79.65400777778589
qwen3-32b,g24p2_108,STR+,78.57623599002663
qwen3-32b,g24p2_108,STR-,35.28781343121588
qwen3-32b,g24p2_108,Y0,57.636311286079135
qwen3-32b,g24p2_110,ADM+,99.99999486755944
qwen3-32b,g24p2_110,ADM-,82.65307449016166
qwen3-32b,g24p2_110,CF+,99.49168584392609
qwen3-32b,g24p2_110,CF-,55.18576783734345
qwen3-32b,g24p2_110,EXC+,44.536426819516194
qwen3-32b,g24p2_110,EXC-,55.626769186229666
qwen3-32b,g24p2_110,MNR+,99.99566866104776
qwen3-32b,g24p2_110,MNR-,90.5643660587797
qwen3-32b,g24p2_110,RND+,99.1272379100055
qwen3-32b,g24p2_110,RND-,95.50893925140649
qwen3-32b,g24p2_110,STR+,99.92555947475664
qwen3-32b,g24p2_110,STR-,89.90351788093221
qwen3-32b,g24p2_110,Y0,99.9930301942358
qwen3-32b,g24p2_111,ADM+,0.00010919115869381549
qwen3-32b,g24p2_111,ADM-,9.207559473875643e-06
qwen3-32b,g24p2_111,CF+,0.00045390120508314127
qwen3-32b,g24p2_111,CF-,0.00017582794139963873
qwen3-32b,g24p2_111,EXC+,1.0286271960055354e-05
qwen3-32b,g24p2_111,EXC-,5.931844442011915e-06
qwen3-32b,g24p2_111,MNR+,1.0126322557583527e-05
qwen3-32b,g24p2_111,MNR-,2.444567617457376e-05
qwen3-32b,g24p2_111,RND+,0.0009086024352045324
qwen3-32b,g24p2_111,RND-,0.03275422992812281
qwen3-32b,g24p2_111,STR+,9.87361997994966e-06
qwen3-32b,g24p2_111,STR-,2.6476826438870682e-05
qwen3-32b,g24p2_111,Y0,2.2262446897640823e-05
qwen3-32b,g24p2_112,ADM+,99.99999645292051
qwen3-32b,g24p2_112,ADM-,6.295668726533035e-05
qwen3-32b,g24p2_112,CF+,44.533547336032974
qwen3-32b,g24p2_112,CF-,34.12387815871339
qwen3-32b,g24p2_112,EXC+,11.492871428084309
qwen3-32b,g24p2_112,EXC-,13.386999570216652
qwen3-32b,g24p2_112,MNR+,41.29483762034772
qwen3-32b,g24p2_112,MNR-,19.76991224186863
qwen3-32b,g24p2_112,RND+,33.331268388341336
qwen3-32b,g24p2_112,RND-,41.02778385853387
qwen3-32b,g24p2_112,STR+,23.374802452764825
qwen3-32b,g24p2_112,STR-,9.268067630284442
qwen3-32b,g24p2_112,Y0,99.99999829062116
qwen3-32b,g24p2_113,ADM+,99.99999594705996
qwen3-32b,g24p2_113,ADM-,9.548852070900919
qwen3-32b,g24p2_113,CF+,80.36031913609442
qwen3-32b,g24p2_113,CF-,44.43598935521452
qwen3-32b,g24p2_113,EXC+,97.418141738143
qwen3-32b,g24p2_113,EXC-,36.85655612493551
qwen3-32b,g24p2_113,MNR+,99.96282037170647
qwen3-32b,g24p2_113,MNR-,44.39746991628453
qwen3-32b,g24p2_113,RND+,77.95425154202802
qwen3-32b,g24p2_113,RND-,44.69157935721154
qwen3-32b,g24p2_113,STR+,99.99998061031135
qwen3-32b,g24p2_113,STR-,43.995534176189985
qwen3-32b,g24p2_113,Y0,98.35144933459036
qwen3-32b,g24p2_114,ADM+,99.99999805581504
qwen3-32b,g24p2_114,ADM-,99.99996672535029
qwen3-32b,g24p2_114,CF+,46.44036090790394
qwen3-32b,g24p2_114,CF-,44.591861797875325
qwen3-32b,g24p2_114,EXC+,99.98781939376444
qwen3-32b,g24p2_114,EXC-,0.028671076454975932
qwen3-32b,g24p2_114,MNR+,99.99919360837606
qwen3-32b,g24p2_114,MNR-,44.46201332918251
qwen3-32b,g24p2_114,RND+,44.59486458866207
qwen3-32b,g24p2_114,RND-,44.465487771204124
qwen3-32b,g24p2_114,STR+,44.40240471441108
qwen3-32b,g24p2_114,STR-,43.7030563716484
qwen3-32b,g24p2_114,Y0,99.99999518745113
qwen3-32b,g24p2_115,ADM+,99.99997528831405
qwen3-32b,g24p2_115,ADM-,0.16607157333303216
qwen3-32b,g24p2_115,CF+,45.74824767694537
qwen3-32b,g24p2_115,CF-,2.9936368686648267
qwen3-32b,g24p2_115,EXC+,1.0442414711758512
qwen3-32b,g24p2_115,EXC-,0.021800031208723883
qwen3-32b,g24p2_115,MNR+,99.0892871687642
qwen3-32b,g24p2_115,MNR-,0.29581826840522274
qwen3-32b,g24p2_115,RND+,22.713651800121912
qwen3-32b,g24p2_115,RND-,11.522066402070346
qwen3-32b,g24p2_115,STR+,0.03679948559703231
qwen3-32b,g24p2_115,STR-,82.87221232812743
qwen3-32b,g24p2_115,Y0,0.03531745057200312
qwen3-32b,g24p2_116,ADM+,99.99999922929993
qwen3-32b,g24p2_116,ADM-,99.99822460437815
qwen3-32b,g24p2_116,CF+,46.08540446773275
qwen3-32b,g24p2_116,CF-,44.59947626183181
qwen3-32b,g24p2_116,EXC+,49.126315305198744
qwen3-32b,g24p2_116,EXC-,44.44924883439221
qwen3-32b,g24p2_116,MNR+,99.8834536555729
qwen3-32b,g24p2_116,MNR-,99.85325889289071
qwen3-32b,g24p2_116,RND+,82.76870702370334
qwen3-32b,g24p2_116,RND-,99.38983031760615
qwen3-32b,g24p2_116,STR+,99.87103605125235
qwen3-32b,g24p2_116,STR-,0.02197992951154519
qwen3-32b,g24p2_116,Y0,23.00547137736762
qwen3-32b,g24p2_117,ADM+,99.99995012341425
qwen3-32b,g24p2_117,ADM-,33.626790109908306
qwen3-32b,g24p2_117,CF+,44.36201186924598
qwen3-32b,g24p2_117,CF-,28.233020242391888
qwen3-32b,g24p2_117,EXC+,40.1041839712383
qwen3-32b,g24p2_117,EXC-,4.883654893658685
qwen3-32b,g24p2_117,MNR+,44.45182336217385
qwen3-32b,g24p2_117,MNR-,44.434050489061846
qwen3-32b,g24p2_117,RND+,44.489467087936674
qwen3-32b,g24p2_117,RND-,44.42963397443198
qwen3-32b,g24p2_117,STR+,40.294571001095626
qwen3-32b,g24p2_117,STR-,39.90462951167069
qwen3-32b,g24p2_117,Y0,56.91639825783044
qwen3-32b,g24p2_120,ADM+,99.95989248761724
qwen3-32b,g24p2_120,ADM-,0.012865674328585973
qwen3-32b,g24p2_120,CF+,55.89831144880029
qwen3-32b,g24p2_120,CF-,55.45497795097576
qwen3-32b,g24p2_120,EXC+,44.15040956972541
qwen3-32b,g24p2_120,EXC-,44.473365651846635
qwen3-32b,g24p2_120,MNR+,44.52565728166425
qwen3-32b,g24p2_120,MNR-,44.525224066961044
qwen3-32b,g24p2_120,RND+,56.21511226368452
qwen3-32b,g24p2_120,RND-,55.85843803677531
qwen3-32b,g24p2_120,STR+,44.34364502138291
qwen3-32b,g24p2_120,STR-,44.17864826427043
qwen3-32b,g24p2_120,Y0,77.7649105636298
qwen3-32b,g24p2_121,ADM+,99.92493844042107
qwen3-32b,g24p2_121,ADM-,88.8050458685745
qwen3-32b,g24p2_121,CF+,46.39946533985663
qwen3-32b,g24p2_121,CF-,55.0947811283206
qwen3-32b,g24p2_121,EXC+,86.0776065384914
qwen3-32b,g24p2_121,EXC-,77.52505286102324
qwen3-32b,g24p2_121,MNR+,77.58474195113746
qwen3-32b,g24p2_121,MNR-,80.85150763910583
qwen3-32b,g24p2_121,RND+,56.72616189826932
qwen3-32b,g24p2_121,RND-,77.05399439396608
qwen3-32b,g24p2_121,STR+,62.40941609302557
qwen3-32b,g24p2_121,STR-,79.35469103560577
qwen3-32b,g24p2_121,Y0,97.95967670876799
qwen3-32b,g24p2_122,ADM+,99.99999809193051
qwen3-32b,g24p2_122,ADM-,0.00013925782876875179
qwen3-32b,g24p2_122,CF+,44.44680932529477
qwen3-32b,g24p2_122,CF-,44.445726843797345
qwen3-32b,g24p2_122,EXC+,0.01608975786633791
qwen3-32b,g24p2_122,EXC-,0.005019996599810315
qwen3-32b,g24p2_122,MNR+,44.62960045747791
qwen3-32b,g24p2_122,MNR-,44.27995216116587
qwen3-32b,g24p2_122,RND+,44.59807320769901
qwen3-32b,g24p2_122,RND-,44.608006773512706
qwen3-32b,g24p2_122,STR+,28.282421358163923
qwen3-32b,g24p2_122,STR-,38.62452673045388
qwen3-32b,g24p2_122,Y0,99.99999337966484
qwen3-32b,g24p2_123,ADM+,98.80896634724415
qwen3-32b,g24p2_123,ADM-,99.0366640478589
qwen3-32b,g24p2_123,CF+,41.53002848032171
qwen3-32b,g24p2_123,CF-,40.28888561602321
qwen3-32b,g24p2_123,EXC+,41.99778984598532
qwen3-32b,g24p2_123,EXC-,44.39409153374331
qwen3-32b,g24p2_123,MNR+,44.248223308946095
qwen3-32b,g24p2_123,MNR-,44.19121157791467
qwen3-32b,g24p2_123,RND+,44.50532253437318
qwen3-32b,g24p2_123,RND-,44.61381756490773
qwen3-32b,g24p2_123,STR+,24.695233946654028
qwen3-32b,g24p2_123,STR-,37.5944425702385
qwen3-32b,g24p2_123,Y0,12.159955670335854
qwen3-32b,g24p2_125,ADM+,99.99997080432671
qwen3-32b,g24p2_125,ADM-,84.68147918522112
qwen3-32b,g24p2_125,CF+,34.78731348122824
qwen3-32b,g24p2_125,CF-,44.18689927416348
qwen3-32b,g24p2_125,EXC+,44.464868704581534
qwen3-32b,g24p2_125,EXC-,44.44910741946249
qwen3-32b,g24p2_125,MNR+,8.453590822140216
qwen3-32b,g24p2_125,MNR-,44.64203135768039
qwen3-32b,g24p2_125,RND+,0.2686236625183042
qwen3-32b,g24p2_125,RND-,49.99891963305683
qwen3-32b,g24p2_125,STR+,44.02198652913699
qwen3-32b,g24p2_125,STR-,44.43214393539812
qwen3-32b,g24p2_125,Y0,0.0015695786712880803
qwen3-32b,g24p2_126,ADM+,99.9999848491255
qwen3-32b,g24p2_126,ADM-,0.06916547460691141
qwen3-32b,g24p2_126,CF+,44.5550581190369
qwen3-32b,g24p2_126,CF-,7.170810220515118
qwen3-32b,g24p2_126,EXC+,67.81110050294633
qwen3-32b,g24p2_126,EXC-,1.202230093855967
qwen3-32b,g24p2_126,MNR+,44.41898495727154
qwen3-32b,g24p2_126,MNR-,43.91299074786602
qwen3-32b,g24p2_126,RND+,44.21501761315114
qwen3-32b,g24p2_126,RND-,20.400554237526247
qwen3-32b,g24p2_126,STR+,35.03699733143906
qwen3-32b,g24p2_126,STR-,1.0921460791105104
qwen3-32b,g24p2_126,Y0,11.228638645663391
qwen3-32b,g24p2_128,ADM+,99.99999904555514
qwen3-32b,g24p2_128,ADM-,1.723644956156635e-05
qwen3-32b,g24p2_128,CF+,98.72318858735548
qwen3-32b,g24p2_128,CF-,99.93742072788976
qwen3-32b,g24p2_128,EXC+,99.99967956718228
qwen3-32b,g24p2_128,EXC-,99.999340715203
qwen3-32b,g24p2_128,MNR+,99.94426702123778
qwen3-32b,g24p2_128,MNR-,99.99995879431312
qwen3-32b,g24p2_128,RND+,57.143459799753096
qwen3-32b,g24p2_128,RND-,99.91980887581349
qwen3-32b,g24p2_128,STR+,99.9937569217023
qwen3-32b,g24p2_128,STR-,99.9999639322593
qwen3-32b,g24p2_128,Y0,99.99999605570963
qwen3-32b,g24p2_129,ADM+,98.80968952545969
qwen3-32b,g24p2_129,ADM-,99.99999863130796
qwen3-32b,g24p2_129,CF+,44.73705674962818
qwen3-32b,g24p2_129,CF-,44.846176066990516
qwen3-32b,g24p2_129,EXC+,17.852792315482073
qwen3-32b,g24p2_129,EXC-,44.48540747018109
qwen3-32b,g24p2_129,MNR+,23.3483950892094
qwen3-32b,g24p2_129,MNR-,28.0718382007063
qwen3-32b,g24p2_129,RND+,43.79593250911393
qwen3-32b,g24p2_129,RND-,51.97469971006846
qwen3-32b,g24p2_129,STR+,36.30972443802674
qwen3-32b,g24p2_129,STR-,44.363804114024624
qwen3-32b,g24p2_129,Y0,29.147341432695814
qwen3-32b,g24p2_130,ADM+,99.99999260219185
qwen3-32b,g24p2_130,ADM-,5.189665665069299e-05
qwen3-32b,g24p2_130,CF+,44.53428322403669
qwen3-32b,g24p2_130,CF-,44.4559722679044
qwen3-32b,g24p2_130,EXC+,3.9711729887782448
qwen3-32b,g24p2_130,EXC-,33.586267760834836
qwen3-32b,g24p2_130,MNR+,44.71567089694716
qwen3-32b,g24p2_130,MNR-,0.04870971601711551
qwen3-32b,g24p2_130,RND+,44.20409797822091
qwen3-32b,g24p2_130,RND-,44.91190011988534
qwen3-32b,g24p2_130,STR+,44.419469137372886
qwen3-32b,g24p2_130,STR-,44.44482076237022
qwen3-32b,g24p2_130,Y0,39.585925404726574
qwen3-32b,g24p2_131,ADM+,99.99999052186925
qwen3-32b,g24p2_131,ADM-,2.4790237880366552
qwen3-32b,g24p2_131,CF+,44.253095215929164
qwen3-32b,g24p2_131,CF-,44.445714723752815
qwen3-32b,g24p2_131,EXC+,99.99901072149092
qwen3-32b,g24p2_131,EXC-,44.44268147683362
qwen3-32b,g24p2_131,MNR+,44.4377921560899
qwen3-32b,g24p2_131,MNR-,44.446200875941024
qwen3-32b,g24p2_131,RND+,45.281251083786785
qwen3-32b,g24p2_131,RND-,44.44622737027967
qwen3-32b,g24p2_131,STR+,44.44841994592152
qwen3-32b,g24p2_131,STR-,44.44958669682938
qwen3-32b,g24p2_131,Y0,99.9485541998013
qwen3-32b,g24p2_132,ADM+,99.99999678333401
qwen3-32b,g24p2_132,ADM-,8.008515649060953
qwen3-32b,g24p2_132,CF+,44.44348978830405
qwen3-32b,g24p2_132,CF-,44.443153571416794
qwen3-32b,g24p2_132,EXC+,44.43649992132
qwen3-32b,g24p2_132,EXC-,32.56839863970463
qwen3-32b,g24p2_132,MNR+,58.26374218564927
qwen3-32b,g24p2_132,MNR-,43.64666848527678
qwen3-32b,g24p2_132,RND+,44.452099157475146
qwen3-32b,g24p2_132,RND-,20.33442788206527
qwen3-32b,g24p2_132,STR+,44.2512222892714
qwen3-32b,g24p2_132,STR-,84.39148674569425
qwen3-32b,g24p2_132,Y0,11.0201903992764
qwen3-32b,g24p2_133,ADM+,99.99999835840414
qwen3-32b,g24p2_133,ADM-,0.000756608714455156
qwen3-32b,g24p2_133,CF+,99.97158325030392
qwen3-32b,g24p2_133,CF-,4.892286608083953
qwen3-32b,g24p2_133,EXC+,44.63587334168707
qwen3-32b,g24p2_133,EXC-,34.25180633153036
qwen3-32b,g24p2_133,MNR+,99.99661647005253
qwen3-32b,g24p2_133,MNR-,44.4471320515258
qwen3-32b,g24p2_133,RND+,99.8593616002407
qwen3-32b,g24p2_133,RND-,20.690047632843832
qwen3-32b,g24p2_133,STR+,99.9967015744986
qwen3-32b,g24p2_133,STR-,0.0007728478007411401
qwen3-32b,g24p2_133,Y0,99.99998588068432
qwen3-32b,g24p2_134,ADM+,99.9999988889537
qwen3-32b,g24p2_134,ADM-,99.66169213589028
qwen3-32b,g24p2_134,CF+,95.16584578225076
qwen3-32b,g24p2_134,CF-,80.77371041126582
qwen3-32b,g24p2_134,EXC+,1.8303587539960005
qwen3-32b,g24p2_134,EXC-,81.06139005466596
qwen3-32b,g24p2_134,MNR+,99.97366138509479
qwen3-32b,g24p2_134,MNR-,99.82854625122866
qwen3-32b,g24p2_134,RND+,72.54339752295556
qwen3-32b,g24p2_134,RND-,84.82320603793463
qwen3-32b,g24p2_134,STR+,79.67420383007551
qwen3-32b,g24p2_134,STR-,99.999958907901
qwen3-32b,g24p2_134,Y0,99.99905555065246
qwen3-32b,g24p2_135,ADM+,99.99999309198328
qwen3-32b,g24p2_135,ADM-,4.200582732702003e-05
qwen3-32b,g24p2_135,CF+,3.4795789638657724e-06
qwen3-32b,g24p2_135,CF-,4.143482364988605e-05
qwen3-32b,g24p2_135,EXC+,1.9501528417839736e-05
qwen3-32b,g24p2_135,EXC-,6.298075288411582e-06
qwen3-32b,g24p2_135,MNR+,6.068307228200772e-06
qwen3-32b,g24p2_135,MNR-,9.15014148455526e-05
qwen3-32b,g24p2_135,RND+,3.6221861138331163e-06
qwen3-32b,g24p2_135,RND-,2.2112727091670693e-05
qwen3-32b,g24p2_135,STR+,8.671621400179555e-06
qwen3-32b,g24p2_135,STR-,4.465307008886562e-06
qwen3-32b,g24p2_135,Y0,2.081603158982038e-05
qwen3-32b,g24p2_136,ADM+,99.99926511675545
qwen3-32b,g24p2_136,ADM-,22.57882245819835
qwen3-32b,g24p2_136,CF+,44.12231877388203
qwen3-32b,g24p2_136,CF-,44.44833352522667
qwen3-32b,g24p2_136,EXC+,44.416070848606466
qwen3-32b,g24p2_136,EXC-,42.414036419105194
qwen3-32b,g24p2_136,MNR+,44.44106122269727
qwen3-32b,g24p2_136,MNR-,44.44018737991604
qwen3-32b,g24p2_136,RND+,44.85693849338614
qwen3-32b,g24p2_136,RND-,44.444444220483874
qwen3-32b,g24p2_136,STR+,44.44164970582972
qwen3-32b,g24p2_136,STR-,44.45159659004387
qwen3-32b,g24p2_136,Y0,30.35764074502059
qwen3-32b,g24p2_137,ADM+,99.99999163152597
qwen3-32b,g24p2_137,ADM-,1.4675333045517293e-05
qwen3-32b,g24p2_137,CF+,44.37338600233704
qwen3-32b,g24p2_137,CF-,44.48384169958173
qwen3-32b,g24p2_137,EXC+,42.73492142255761
qwen3-32b,g24p2_137,EXC-,44.435025485642
qwen3-32b,g24p2_137,MNR+,44.446996337176614
qwen3-32b,g24p2_137,MNR-,44.45951461899167
qwen3-32b,g24p2_137,RND+,37.896912259872366
qwen3-32b,g24p2_137,RND-,46.91773356249834
qwen3-32b,g24p2_137,STR+,0.04821786189318145
qwen3-32b,g24p2_137,STR-,44.47060067233929
qwen3-32b,g24p2_137,Y0,10.390243369620094
qwen3-32b,g24p2_138,ADM+,99.99999681722092
qwen3-32b,g24p2_138,ADM-,0.0005847235166793472
qwen3-32b,g24p2_138,CF+,33.657997699529034
qwen3-32b,g24p2_138,CF-,44.45108303901533
qwen3-32b,g24p2_138,EXC+,44.93596734257245
qwen3-32b,g24p2_138,EXC-,8.314552212345754
qwen3-32b,g24p2_138,MNR+,44.49096964680584
qwen3-32b,g24p2_138,MNR-,0.01048970734422611
qwen3-32b,g24p2_138,RND+,44.484066114271926
qwen3-32b,g24p2_138,RND-,54.50231540459098
qwen3-32b,g24p2_138,STR+,54.1350748885935
qwen3-32b,g24p2_138,STR-,53.906832551765575
qwen3-32b,g24p2_138,Y0,99.99725962236391
qwen3-32b,g24p2_140,ADM+,99.99999719543764
qwen3-32b,g24p2_140,ADM-,99.99999763224808
qwen3-32b,g24p2_140,CF+,44.48872874482789
qwen3-32b,g24p2_140,CF-,20.181292282977736
qwen3-32b,g24p2_140,EXC+,99.9999634993164
qwen3-32b,g24p2_140,EXC-,44.33639198593752
qwen3-32b,g24p2_140,MNR+,36.44622393460882
qwen3-32b,g24p2_140,MNR-,44.446626718119745
qwen3-32b,g24p2_140,RND+,44.44993764226735
qwen3-32b,g24p2_140,RND-,44.44218309811643
qwen3-32b,g24p2_140,STR+,44.149952010308574
qwen3-32b,g24p2_140,STR-,0.026006212753037713
qwen3-32b,g24p2_140,Y0,44.622793674433325
qwen3-32b,g24p2_141,ADM+,4.447639682352946e-05
qwen3-32b,g24p2_141,ADM-,1.78885241631147e-05
qwen3-32b,g24p2_141,CF+,0.00021659479305351188
qwen3-32b,g24p2_141,CF-,0.12271573160515686
qwen3-32b,g24p2_141,EXC+,3.528311918305081e-05
qwen3-32b,g24p2_141,EXC-,1.3246689623654087
qwen3-32b,g24p2_141,MNR+,4.562175277919468e-05
qwen3-32b,g24p2_141,MNR-,1.0599190955943603
qwen3-32b,g24p2_141,RND+,0.00016976522233482926
qwen3-32b,g24p2_141,RND-,8.126801762084316
qwen3-32b,g24p2_141,STR+,0.0002853322513216375
qwen3-32b,g24p2_141,STR-,0.00017058156060346214
qwen3-32b,g24p2_141,Y0,2.0386269739853183e-05
qwen3-32b,g24p2_142,ADM+,99.99999801920629
qwen3-32b,g24p2_142,ADM-,0.0018226235813127056
qwen3-32b,g24p2_142,CF+,44.48091217208344
qwen3-32b,g24p2_142,CF-,44.46710398151092
qwen3-32b,g24p2_142,EXC+,44.46844558322794
qwen3-32b,g24p2_142,EXC-,44.44323047992796
qwen3-32b,g24p2_142,MNR+,99.9983426453586
qwen3-32b,g24p2_142,MNR-,44.45562951715792
qwen3-32b,g24p2_142,RND+,45.50137521287687
qwen3-32b,g24p2_142,RND-,44.489598181319316
qwen3-32b,g24p2_142,STR+,60.499051493498165
qwen3-32b,g24p2_142,STR-,44.446074960392274
qwen3-32b,g24p2_142,Y0,28.455906296551195
qwen3-32b,g24p2_143,ADM+,99.99972559385645
qwen3-32b,g24p2_143,ADM-,0.0012177083194119065
qwen3-32b,g24p2_143,CF+,41.45236869208477
qwen3-32b,g24p2_143,CF-,27.776457054133147
qwen3-32b,g24p2_143,EXC+,44.50881456053539
qwen3-32b,g24p2_143,EXC-,0.001606962043385044
qwen3-32b,g24p2_143,MNR+,44.522063437027285
qwen3-32b,g24p2_143,MNR-,44.56367255188459
qwen3-32b,g24p2_143,RND+,43.934032015500776
qwen3-32b,g24p2_143,RND-,54.88821124764198
qwen3-32b,g24p2_143,STR+,81.16070616485466
qwen3-32b,g24p2_143,STR-,15.864423750580508
qwen3-32b,g24p2_143,Y0,0.09543601783943673
qwen3-32b,g24p2_144,ADM+,99.9999861362549
qwen3-32b,g24p2_144,ADM-,88.2171389182167
qwen3-32b,g24p2_144,CF+,27.986354300850323
qwen3-32b,g24p2_144,CF-,44.56601389538788
qwen3-32b,g24p2_144,EXC+,44.44526771923328
qwen3-32b,g24p2_144,EXC-,44.062411441153074
qwen3-32b,g24p2_144,MNR+,89.11598779622706
qwen3-32b,g24p2_144,MNR-,44.4463897979588
qwen3-32b,g24p2_144,RND+,54.489803318401435
qwen3-32b,g24p2_144,RND-,44.46527215855858
qwen3-32b,g24p2_144,STR+,45.71164703814262
qwen3-32b,g24p2_144,STR-,44.369809768413155
qwen3-32b,g24p2_144,Y0,0.32586368688609163
qwen3-32b,g24p2_145,ADM+,99.99999908770288
qwen3-32b,g24p2_145,ADM-,9.535037452797304e-06
qwen3-32b,g24p2_145,CF+,77.65561794443659
qwen3-32b,g24p2_145,CF-,64.79929101213972
qwen3-32b,g24p2_145,EXC+,48.432683135234214
qwen3-32b,g24p2_145,EXC-,44.439523559300625
qwen3-32b,g24p2_145,MNR+,76.01656605830341
qwen3-32b,g24p2_145,MNR-,77.0413080746493
qwen3-32b,g24p2_145,RND+,56.278564160551156
qwen3-32b,g24p2_145,RND-,53.08138952516961
qwen3-32b,g24p2_145,STR+,75.24611018370243
qwen3-32b,g24p2_145,STR-,99.88457407848438
qwen3-32b,g24p2_145,Y0,99.15356606605725
qwen3-32b,g24p2_146,ADM+,99.9999862703773
qwen3-32b,g24p2_146,ADM-,0.0025949766410183744
qwen3-32b,g24p2_146,CF+,44.4600568359655
qwen3-32b,g24p2_146,CF-,44.38135046493137
qwen3-32b,g24p2_146,EXC+,39.235910250162384
qwen3-32b,g24p2_146,EXC-,0.2433445306272387
qwen3-32b,g24p2_146,MNR+,44.396798725126274
qwen3-32b,g24p2_146,MNR-,44.34481847871993
qwen3-32b,g24p2_146,RND+,44.32403460279965
qwen3-32b,g24p2_146,RND-,44.43780592254565
qwen3-32b,g24p2_146,STR+,44.41110151182779
qwen3-32b,g24p2_146,STR-,44.44915657538216
qwen3-32b,g24p2_146,Y0,29.216227392543512
qwen3-32b,g24p2_147,ADM+,99.99998814767496
qwen3-32b,g24p2_147,ADM-,0.0003210724942081061
qwen3-32b,g24p2_147,CF+,50.51320336826442
qwen3-32b,g24p2_147,CF-,55.90952313218116
qwen3-32b,g24p2_147,EXC+,99.99776631217179
qwen3-32b,g24p2_147,EXC-,0.17421466883099002
qwen3-32b,g24p2_147,MNR+,48.582779781472176
qwen3-32b,g24p2_147,MNR-,0.009075506783465337
qwen3-32b,g24p2_147,RND+,77.51875182297046
qwen3-32b,g24p2_147,RND-,40.572826574025534
qwen3-32b,g24p2_147,STR+,39.288543824018646
qwen3-32b,g24p2_147,STR-,43.1491000307114
qwen3-32b,g24p2_147,Y0,99.9999792074392
qwen3-32b,g24p2_148,ADM+,99.99999588664929
qwen3-32b,g24p2_148,ADM-,0.00017332985942080048
qwen3-32b,g24p2_148,CF+,92.15460081556677
qwen3-32b,g24p2_148,CF-,21.69876581900321
qwen3-32b,g24p2_148,EXC+,44.475458287770294
qwen3-32b,g24p2_148,EXC-,31.92995112703153
qwen3-32b,g24p2_148,MNR+,44.4361656378858
qwen3-32b,g24p2_148,MNR-,34.459401596997594
qwen3-32b,g24p2_148,RND+,53.07804167194184
qwen3-32b,g24p2_148,RND-,15.791460083951542
qwen3-32b,g24p2_148,STR+,26.64863184308682
qwen3-32b,g24p2_148,STR-,15.651274612918883
qwen3-32b,g24p2_148,Y0,13.55076164059364
qwen3-32b,g24p2_149,ADM+,99.99999777399415
qwen3-32b,g24p2_149,ADM-,2.421859872818508e-05
qwen3-32b,g24p2_149,CF+,19.32935988762977
qwen3-32b,g24p2_149,CF-,20.208131352808717
qwen3-32b,g24p2_149,EXC+,34.10309896609828
qwen3-32b,g24p2_149,EXC-,44.44467063712145
qwen3-32b,g24p2_149,MNR+,20.874391884250024
qwen3-32b,g24p2_149,MNR-,44.46315904211369
qwen3-32b,g24p2_149,RND+,44.44439373332587
qwen3-32b,g24p2_149,RND-,44.44643182978936
qwen3-32b,g24p2_149,STR+,10.130035956309241
qwen3-32b,g24p2_149,STR-,12.036829549048063
qwen3-32b,g24p2_149,Y0,0.0002732210170831782
qwen3-32b,g24p2_150,ADM+,0.005103666483334992
qwen3-32b,g24p2_150,ADM-,5.114205134731261e-05
qwen3-32b,g24p2_150,CF+,44.447973546701235
qwen3-32b,g24p2_150,CF-,31.94426553642245
qwen3-32b,g24p2_150,EXC+,44.43959114864212
qwen3-32b,g24p2_150,EXC-,0.008415816642688537
qwen3-32b,g24p2_150,MNR+,55.27905350801204
qwen3-32b,g24p2_150,MNR-,0.3953389370462464
qwen3-32b,g24p2_150,RND+,22.27680666222037
qwen3-32b,g24p2_150,RND-,43.308794513847026
qwen3-32b,g24p2_150,STR+,7.192652748509
qwen3-32b,g24p2_150,STR-,44.461620260831154
qwen3-32b,g24p2_150,Y0,34.9688140249142
qwen3-32b,g24p2_153,ADM+,55.49792470114624
qwen3-32b,g24p2_153,ADM-,4.183226368302331
qwen3-32b,g24p2_153,CF+,26.09603503071241
qwen3-32b,g24p2_153,CF-,99.76902979459159
qwen3-32b,g24p2_153,EXC+,49.940889059490665
qwen3-32b,g24p2_153,EXC-,18.019051357865905
qwen3-32b,g24p2_153,MNR+,29.15150194986953
qwen3-32b,g24p2_153,MNR-,14.068249145865419
qwen3-32b,g24p2_153,RND+,44.41276804511319
qwen3-32b,g24p2_153,RND-,34.55801219050263
qwen3-32b,g24p2_153,STR+,0.04891738706162639
qwen3-32b,g24p2_153,STR-,99.84766970616403
qwen3-32b,g24p2_153,Y0,77.9726254888548
qwen3-32b,g24p2_154,ADM+,99.99999584639346
qwen3-32b,g24p2_154,ADM-,1.4856027384576255e-05
qwen3-32b,g24p2_154,CF+,45.28382971578933
qwen3-32b,g24p2_154,CF-,44.582209633135385
qwen3-32b,g24p2_154,EXC+,45.2639323902866
qwen3-32b,g24p2_154,EXC-,44.460517672173154
qwen3-32b,g24p2_154,MNR+,44.59893152689179
qwen3-32b,g24p2_154,MNR-,44.50184444325421
qwen3-32b,g24p2_154,RND+,44.46753716358983
qwen3-32b,g24p2_154,RND-,44.450349524873246
qwen3-32b,g24p2_154,STR+,44.45343200850374
qwen3-32b,g24p2_154,STR-,44.452317875549575
qwen3-32b,g24p2_154,Y0,2.1528711801758e-05
qwen3-32b,g24p2_156,ADM+,99.99999773618273
qwen3-32b,g24p2_156,ADM-,91.40644376044409
qwen3-32b,g24p2_156,CF+,99.99968953859789
qwen3-32b,g24p2_156,CF-,99.9989912489372
qwen3-32b,g24p2_156,EXC+,35.41478107273108
qwen3-32b,g24p2_156,EXC-,99.99997470988866
qwen3-32b,g24p2_156,MNR+,99.97459986237783
qwen3-32b,g24p2_156,MNR-,99.99999230297753
qwen3-32b,g24p2_156,RND+,83.61488502597976
qwen3-32b,g24p2_156,RND-,99.86541386265864
qwen3-32b,g24p2_156,STR+,99.99773468989858
qwen3-32b,g24p2_156,STR-,99.99982525976066
qwen3-32b,g24p2_156,Y0,99.99999662656843
qwen3-32b,g24p2_158,ADM+,99.99985465374817
qwen3-32b,g24p2_158,ADM-,6.939838463329239
qwen3-32b,g24p2_158,CF+,8.17076369993829
qwen3-32b,g24p2_158,CF-,9.89360846524947
qwen3-32b,g24p2_158,EXC+,3.403425917411974
qwen3-32b,g24p2_158,EXC-,0.07654711223984725
qwen3-32b,g24p2_158,MNR+,44.3807342762965
qwen3-32b,g24p2_158,MNR-,1.6179065933552501
qwen3-32b,g24p2_158,RND+,0.060900495875018654
qwen3-32b,g24p2_158,RND-,1.385337804455422
qwen3-32b,g24p2_158,STR+,0.0029587316811326195
qwen3-32b,g24p2_158,STR-,0.0014426290356772317
qwen3-32b,g24p2_158,Y0,10.308097211316813
qwen3-32b,g24p2_159,ADM+,99.99998976692851
qwen3-32b,g24p2_159,ADM-,0.002961576421449875
qwen3-32b,g24p2_159,CF+,37.52002198013492
qwen3-32b,g24p2_159,CF-,60.72843888519268
qwen3-32b,g24p2_159,EXC+,44.17803257288071
qwen3-32b,g24p2_159,EXC-,44.554289979731315
qwen3-32b,g24p2_159,MNR+,44.40780493157991
qwen3-32b,g24p2_159,MNR-,44.45307669143145
qwen3-32b,g24p2_159,RND+,44.86353875537694
qwen3-32b,g24p2_159,RND-,54.518326164190654
qwen3-32b,g24p2_159,STR+,22.219565042492242
qwen3-32b,g24p2_159,STR-,39.75470384099515
qwen3-32b,g24p2_159,Y0,3.724788565541167
qwen3-32b,g24p2_160,ADM+,99.99999812498918
qwen3-32b,g24p2_160,ADM-,0.00019535124356624413
qwen3-32b,g24p2_160,CF+,88.83155628294193
qwen3-32b,g24p2_160,CF-,45.34143492793064
qwen3-32b,g24p2_160,EXC+,44.82344946543996
qwen3-32b,g24p2_160,EXC-,99.99135134992486
qwen3-32b,g24p2_160,MNR+,44.615762185527224
qwen3-32b,g24p2_160,MNR-,99.99665809642865
qwen3-32b,g24p2_160,RND+,69.24149799485662
qwen3-32b,g24p2_160,RND-,64.25573539765509
qwen3-32b,g24p2_160,STR+,44.12253346512975
qwen3-32b,g24p2_160,STR-,97.77097815661014
qwen3-32b,g24p2_160,Y0,44.95628383037352
qwen3-32b,g24p2_161,ADM+,91.07893020851003
qwen3-32b,g24p2_161,ADM-,2.7899451341968646e-05
qwen3-32b,g24p2_161,CF+,44.58138384052842
qwen3-32b,g24p2_161,CF-,44.64375670299954
qwen3-32b,g24p2_161,EXC+,6.580265597767122e-05
qwen3-32b,g24p2_161,EXC-,1.734499912804518
qwen3-32b,g24p2_161,MNR+,44.64065300369998
qwen3-32b,g24p2_161,MNR-,44.546655483616696
qwen3-32b,g24p2_161,RND+,44.74271620057657
qwen3-32b,g24p2_161,RND-,44.58220934403122
qwen3-32b,g24p2_161,STR+,0.0006168444557530411
qwen3-32b,g24p2_161,STR-,0.00099553123226255
qwen3-32b,g24p2_161,Y0,9.970378077069406e-05
qwen3-32b,g24p2_163,ADM+,99.99992461387993
qwen3-32b,g24p2_163,ADM-,8.000493177277843e-05
qwen3-32b,g24p2_163,CF+,0.09682493855502329
qwen3-32b,g24p2_163,CF-,0.8881907025469392
qwen3-32b,g24p2_163,EXC+,44.032564663871106
qwen3-32b,g24p2_163,EXC-,0.5550970639036746
qwen3-32b,g24p2_163,MNR+,0.015040133873857183
qwen3-32b,g24p2_163,MNR-,11.485756399863781
qwen3-32b,g24p2_163,RND+,0.8668110524206902
qwen3-32b,g24p2_163,RND-,7.516688327735657
qwen3-32b,g24p2_163,STR+,0.12451871937670972
qwen3-32b,g24p2_163,STR-,3.7479843599539575
qwen3-32b,g24p2_163,Y0,99.29011033337692
qwen3-32b,g24p2_164,ADM+,99.99999838775346
qwen3-32b,g24p2_164,ADM-,0.013672671826771086
qwen3-32b,g24p2_164,CF+,45.765868060104374
qwen3-32b,g24p2_164,CF-,44.50183435284856
qwen3-32b,g24p2_164,EXC+,43.77790367343241
qwen3-32b,g24p2_164,EXC-,0.5280356261235558
qwen3-32b,g24p2_164,MNR+,99.99832974484697
qwen3-32b,g24p2_164,MNR-,44.44658407563223
qwen3-32b,g24p2_164,RND+,44.45554403867513
qwen3-32b,g24p2_164,RND-,44.44817943274524
qwen3-32b,g24p2_164,STR+,99.98099267259803
qwen3-32b,g24p2_164,STR-,1.6477758950049093
qwen3-32b,g24p2_164,Y0,99.99999629949883
qwen3-32b,g24p2_165,ADM+,99.99996696421005
qwen3-32b,g24p2_165,ADM-,99.9994261751683
qwen3-32b,g24p2_165,CF+,44.627627473021185
qwen3-32b,g24p2_165,CF-,44.35492999979553
qwen3-32b,g24p2_165,EXC+,42.350020643073826
qwen3-32b,g24p2_165,EXC-,44.43158621568597
qwen3-32b,g24p2_165,MNR+,44.44664508461322
qwen3-32b,g24p2_165,MNR-,44.44563773564976
qwen3-32b,g24p2_165,RND+,13.585561324109477
qwen3-32b,g24p2_165,RND-,0.41745557072792494
qwen3-32b,g24p2_165,STR+,44.14833830161927
qwen3-32b,g24p2_165,STR-,44.44598281327998
qwen3-32b,g24p2_165,Y0,10.9905311276179
qwen3-32b,g24p2_167,ADM+,99.99878323653364
qwen3-32b,g24p2_167,ADM-,29.740282306353176
qwen3-32b,g24p2_167,CF+,44.4324493267631
qwen3-32b,g24p2_167,CF-,34.05363077418056
qwen3-32b,g24p2_167,EXC+,28.571501424289117
qwen3-32b,g24p2_167,EXC-,55.63127255365923
qwen3-32b,g24p2_167,MNR+,44.448703004869216
qwen3-32b,g24p2_167,MNR-,44.44784454727437
qwen3-32b,g24p2_167,RND+,44.03317755132876
qwen3-32b,g24p2_167,RND-,22.017344722864134
qwen3-32b,g24p2_167,STR+,36.4844469290894
qwen3-32b,g24p2_167,STR-,36.84804009062372
qwen3-32b,g24p2_167,Y0,53.121317626010395
qwen3-32b,g24p2_169,ADM+,99.99999797299196
qwen3-32b,g24p2_169,ADM-,4.566809120969082e-06
qwen3-32b,g24p2_169,CF+,51.27956128913742
qwen3-32b,g24p2_169,CF-,0.00015444169271482884
qwen3-32b,g24p2_169,EXC+,45.44926361860442
qwen3-32b,g24p2_169,EXC-,1.1121832702858593e-05
qwen3-32b,g24p2_169,MNR+,44.46947776170018
qwen3-32b,g24p2_169,MNR-,8.108554799438698e-06
qwen3-32b,g24p2_169,RND+,53.90409970802967
qwen3-32b,g24p2_169,RND-,44.46540349501751
qwen3-32b,g24p2_169,STR+,20.23425855416219
qwen3-32b,g24p2_169,STR-,4.303979261857922e-06
qwen3-32b,g24p2_169,Y0,1.1512775981538197e-05
qwen3-32b,g24p2_170,ADM+,99.98527121496554
qwen3-32b,g24p2_170,ADM-,99.99987931859503
qwen3-32b,g24p2_170,CF+,60.36120441380592
qwen3-32b,g24p2_170,CF-,44.45630096394605
qwen3-32b,g24p2_170,EXC+,43.73458092173687
qwen3-32b,g24p2_170,EXC-,34.80218629738466
qwen3-32b,g24p2_170,MNR+,99.89252965438703
qwen3-32b,g24p2_170,MNR-,1.5385427474306934
qwen3-32b,g24p2_170,RND+,23.018892781819417
qwen3-32b,g24p2_170,RND-,43.75458338162233
qwen3-32b,g24p2_170,STR+,44.33686788619873
qwen3-32b,g24p2_170,STR-,0.13333847468638815
qwen3-32b,g24p2_170,Y0,5.613572608419564e-05
qwen3-32b,g24p2_171,ADM+,65.62075028685632
qwen3-32b,g24p2_171,ADM-,0.00010965408357080601
qwen3-32b,g24p2_171,CF+,54.331740165133326
qwen3-32b,g24p2_171,CF-,60.74254256150568
qwen3-32b,g24p2_171,EXC+,40.279101005543275
qwen3-32b,g24p2_171,EXC-,44.453353588488234
qwen3-32b,g24p2_171,MNR+,35.26118746245229
qwen3-32b,g24p2_171,MNR-,44.951899989056294
qwen3-32b,g24p2_171,RND+,44.47087077626252
qwen3-32b,g24p2_171,RND-,42.92486262294278
qwen3-32b,g24p2_171,STR+,44.43602110338406
qwen3-32b,g24p2_171,STR-,50.6730618624252
qwen3-32b,g24p2_171,Y0,91.36089677335485
qwen3-32b,g24p2_172,ADM+,99.99999170722212
qwen3-32b,g24p2_172,ADM-,2.2222250544934295e-05
qwen3-32b,g24p2_172,CF+,44.59570201028121
qwen3-32b,g24p2_172,CF-,44.599537974283926
qwen3-32b,g24p2_172,EXC+,44.81633345692821
qwen3-32b,g24p2_172,EXC-,2.9695335575293247
qwen3-32b,g24p2_172,MNR+,46.4688846030527
qwen3-32b,g24p2_172,MNR-,44.48716481729819
qwen3-32b,g24p2_172,RND+,44.55155989720125
qwen3-32b,g24p2_172,RND-,44.47538146601872
qwen3-32b,g24p2_172,STR+,44.44602352069912
qwen3-32b,g24p2_172,STR-,44.44554001355673
qwen3-32b,g24p2_172,Y0,99.99989688101965
qwen3-32b,g24p2_174,ADM+,99.9999926823521
qwen3-32b,g24p2_174,ADM-,12.6135679071982
qwen3-32b,g24p2_174,CF+,54.95181046389099
qwen3-32b,g24p2_174,CF-,44.551976821894456
qwen3-32b,g24p2_174,EXC+,44.585684595857856
qwen3-32b,g24p2_174,EXC-,0.26657051142283517
qwen3-32b,g24p2_174,MNR+,92.1199201901995
qwen3-32b,g24p2_174,MNR-,44.18789933018979
qwen3-32b,g24p2_174,RND+,54.06325412771699
qwen3-32b,g24p2_174,RND-,21.204965615759836
qwen3-32b,g24p2_174,STR+,6.306924194287542
qwen3-32b,g24p2_174,STR-,10.454072395132897
qwen3-32b,g24p2_174,Y0,30.106230308183903
qwen3-32b,g24p2_175,ADM+,99.99999527212275
qwen3-32b,g24p2_175,ADM-,0.013776629895760667
qwen3-32b,g24p2_175,CF+,62.91168700621717
qwen3-32b,g24p2_175,CF-,45.06993912732453
qwen3-32b,g24p2_175,EXC+,99.99997066052691
qwen3-32b,g24p2_175,EXC-,0.0010651910932665642
qwen3-32b,g24p2_175,MNR+,99.95688757323087
qwen3-32b,g24p2_175,MNR-,99.99880017364114
qwen3-32b,g24p2_175,RND+,61.16673270882526
qwen3-32b,g24p2_175,RND-,45.21658489868687
qwen3-32b,g24p2_175,STR+,99.99911289546678
qwen3-32b,g24p2_175,STR-,99.99984675387971
qwen3-32b,g24p2_175,Y0,99.99996950462683
qwen3-32b,g24p2_176,ADM+,99.99999869788988
qwen3-32b,g24p2_176,ADM-,6.460015250190031e-05
qwen3-32b,g24p2_176,CF+,99.99995862017954
qwen3-32b,g24p2_176,CF-,99.99991271661409
qwen3-32b,g24p2_176,EXC+,88.32506920943499
qwen3-32b,g24p2_176,EXC-,99.99999029875852
qwen3-32b,g24p2_176,MNR+,99.99876055052259
qwen3-32b,g24p2_176,MNR-,99.99996368701632
qwen3-32b,g24p2_176,RND+,99.95223404129015
qwen3-32b,g24p2_176,RND-,0.05620300887383742
qwen3-32b,g24p2_176,STR+,99.99992243656669
qwen3-32b,g24p2_176,STR-,99.99878058261866
qwen3-32b,g24p2_176,Y0,99.99998916556464
qwen3-32b,g24p2_177,ADM+,99.99999300855008
qwen3-32b,g24p2_177,ADM-,0.00015030750669825965
qwen3-32b,g24p2_177,CF+,38.59699870187832
qwen3-32b,g24p2_177,CF-,55.552086158053214
qwen3-32b,g24p2_177,EXC+,37.93209197653016
qwen3-32b,g24p2_177,EXC-,13.556093364750701
qwen3-32b,g24p2_177,MNR+,37.2118992678779
qwen3-32b,g24p2_177,MNR-,44.023618260596194
qwen3-32b,g24p2_177,RND+,38.57019996624846
qwen3-32b,g24p2_177,RND-,99.5234183188793
qwen3-32b,g24p2_177,STR+,37.6008928903189
qwen3-32b,g24p2_177,STR-,99.99954339921234
qwen3-32b,g24p2_177,Y0,99.99998773830791
qwen3-32b,g24p2_178,ADM+,99.99999713126535
qwen3-32b,g24p2_178,ADM-,1.6593780720945214e-05
qwen3-32b,g24p2_178,CF+,45.49103563261087
qwen3-32b,g24p2_178,CF-,56.89112529793647
qwen3-32b,g24p2_178,EXC+,44.394756372502805
qwen3-32b,g24p2_178,EXC-,99.99994632477087
qwen3-32b,g24p2_178,MNR+,44.4390599630501
qwen3-32b,g24p2_178,MNR-,99.99857629773754
qwen3-32b,g24p2_178,RND+,44.84029265855277
qwen3-32b,g24p2_178,RND-,99.99637231967047
qwen3-32b,g24p2_178,STR+,99.99996488162603
qwen3-32b,g24p2_178,STR-,99.99997870946191
qwen3-32b,g24p2_178,Y0,99.99942528784247
qwen3-32b,g24p2_179,ADM+,99.99999738439351
qwen3-32b,g24p2_179,ADM-,0.0007558285869661565
qwen3-32b,g24p2_179,CF+,44.28930610622925
qwen3-32b,g24p2_179,CF-,44.46077567817773
qwen3-32b,g24p2_179,EXC+,44.4449253162566
qwen3-32b,g24p2_179,EXC-,20.445676005273913
qwen3-32b,g24p2_179,MNR+,44.4443628642052
qwen3-32b,g24p2_179,MNR-,44.44683580415917
qwen3-32b,g24p2_179,RND+,44.437678769160634
qwen3-32b,g24p2_179,RND-,44.50233452785357
qwen3-32b,g24p2_179,STR+,18.3672473302657
qwen3-32b,g24p2_179,STR-,44.44521175502583
qwen3-32b,g24p2_179,Y0,18.02928644417212
qwen3-32b,g24p2_180,ADM+,99.99993310034176
qwen3-32b,g24p2_180,ADM-,8.757577001750121
qwen3-32b,g24p2_180,CF+,51.34990654384713
qwen3-32b,g24p2_180,CF-,44.97062782528682
qwen3-32b,g24p2_180,EXC+,44.45855340072116
qwen3-32b,g24p2_180,EXC-,44.454198661676074
qwen3-32b,g24p2_180,MNR+,63.74464567226448
qwen3-32b,g24p2_180,MNR-,0.8447995093610801
qwen3-32b,g24p2_180,RND+,48.63227341588374
qwen3-32b,g24p2_180,RND-,47.99626597346082
qwen3-32b,g24p2_180,STR+,36.2339054635046
qwen3-32b,g24p2_180,STR-,43.1743564861274
qwen3-32b,g24p2_180,Y0,92.33348282090957
qwen3-32b,g24p2_181,ADM+,99.9999698884041
qwen3-32b,g24p2_181,ADM-,2.5639805292210983e-05
qwen3-32b,g24p2_181,CF+,0.003366696998611115
qwen3-32b,g24p2_181,CF-,36.072788315093284
qwen3-32b,g24p2_181,EXC+,3.844028190828981e-05
qwen3-32b,g24p2_181,EXC-,0.0002206957776578083
qwen3-32b,g24p2_181,MNR+,0.0005890324857320087
qwen3-32b,g24p2_181,MNR-,0.035266913106800184
qwen3-32b,g24p2_181,RND+,0.0022987863320261745
qwen3-32b,g24p2_181,RND-,43.308603650996844
qwen3-32b,g24p2_181,STR+,0.00012221882436416471
qwen3-32b,g24p2_181,STR-,0.12246096732387869
qwen3-32b,g24p2_181,Y0,0.004236913522917964
qwen3-32b,g24p2_184,ADM+,99.99999307958072
qwen3-32b,g24p2_184,ADM-,0.00014147802246762013
qwen3-32b,g24p2_184,CF+,20.983201841122227
qwen3-32b,g24p2_184,CF-,1.0600623072447155
qwen3-32b,g24p2_184,EXC+,44.444744116261575
qwen3-32b,g24p2_184,EXC-,0.002145458770302827
qwen3-32b,g24p2_184,MNR+,44.44576929434734
qwen3-32b,g24p2_184,MNR-,44.715380742982155
qwen3-32b,g24p2_184,RND+,10.916074338651756
qwen3-32b,g24p2_184,RND-,14.560692314483141
qwen3-32b,g24p2_184,STR+,2.984154440186753e-06
qwen3-32b,g24p2_184,STR-,44.85800549132334
qwen3-32b,g24p2_184,Y0,2.0731761923372053e-05
qwen3-32b,g24p2_185,ADM+,99.99999932620352
qwen3-32b,g24p2_185,ADM-,1.0893770884771572e-05
qwen3-32b,g24p2_185,CF+,11.979456192736485
qwen3-32b,g24p2_185,CF-,14.061024412943336
qwen3-32b,g24p2_185,EXC+,52.30759167322444
qwen3-32b,g24p2_185,EXC-,8.513994706645443
qwen3-32b,g24p2_185,MNR+,44.44611682212215
qwen3-32b,g24p2_185,MNR-,44.448167928992774
qwen3-32b,g24p2_185,RND+,96.9158849653952
qwen3-32b,g24p2_185,RND-,11.082075860031047
qwen3-32b,g24p2_185,STR+,99.99936330885686
qwen3-32b,g24p2_185,STR-,0.0005747578343226208
qwen3-32b,g24p2_185,Y0,2.8895099469936818e-05
qwen3-32b,g24p2_186,ADM+,99.9869606111391
qwen3-32b,g24p2_186,ADM-,0.0005117089836148563
qwen3-32b,g24p2_186,CF+,13.495773698359734
qwen3-32b,g24p2_186,CF-,18.73814728767072
qwen3-32b,g24p2_186,EXC+,99.94097840086073
qwen3-32b,g24p2_186,EXC-,17.527424895555512
qwen3-32b,g24p2_186,MNR+,44.470922630222155
qwen3-32b,g24p2_186,MNR-,20.194575002099747
qwen3-32b,g24p2_186,RND+,15.286843741270467
qwen3-32b,g24p2_186,RND-,22.052561051779225
qwen3-32b,g24p2_186,STR+,14.160910850901297
qwen3-32b,g24p2_186,STR-,21.297792493511807
qwen3-32b,g24p2_186,Y0,17.38623695354245
qwen3-32b,g24p2_187,ADM+,99.99999919526414
qwen3-32b,g24p2_187,ADM-,99.9181706272895
qwen3-32b,g24p2_187,CF+,33.60043400795397
qwen3-32b,g24p2_187,CF-,16.25790227047254
qwen3-32b,g24p2_187,EXC+,0.0009382752321744731
qwen3-32b,g24p2_187,EXC-,41.90355854191111
qwen3-32b,g24p2_187,MNR+,44.58250106356198
qwen3-32b,g24p2_187,MNR-,20.07841560494143
qwen3-32b,g24p2_187,RND+,44.33580932593784
qwen3-32b,g24p2_187,RND-,44.43927100993736
qwen3-32b,g24p2_187,STR+,39.35013500563947
qwen3-32b,g24p2_187,STR-,48.15380533452984
qwen3-32b,g24p2_187,Y0,38.11284738883406
qwen3-32b,g24p2_189,ADM+,99.99999778359877
qwen3-32b,g24p2_189,ADM-,12.71350961972239
qwen3-32b,g24p2_189,CF+,52.51045383553968
qwen3-32b,g24p2_189,CF-,12.387683299154583
qwen3-32b,g24p2_189,EXC+,99.99994050997795
qwen3-32b,g24p2_189,EXC-,32.83482305132784
qwen3-32b,g24p2_189,MNR+,46.93081685716646
qwen3-32b,g24p2_189,MNR-,44.46812822531126
qwen3-32b,g24p2_189,RND+,45.76827376119589
qwen3-32b,g24p2_189,RND-,44.64398781506984
qwen3-32b,g24p2_189,STR+,99.99990473120432
qwen3-32b,g24p2_189,STR-,44.50107300619304
qwen3-32b,g24p2_189,Y0,99.999992760466
qwen3-32b,g24p2_190,ADM+,99.99993084922073
qwen3-32b,g24p2_190,ADM-,0.0002490750260960915
qwen3-32b,g24p2_190,CF+,87.1513271017904
qwen3-32b,g24p2_190,CF-,44.45963870851097
qwen3-32b,g24p2_190,EXC+,44.48734817274586
qwen3-32b,g24p2_190,EXC-,0.5295660406610718
qwen3-32b,g24p2_190,MNR+,44.58932647167708
qwen3-32b,g24p2_190,MNR-,44.56422541453005
qwen3-32b,g24p2_190,RND+,45.28190326259346
qwen3-32b,g24p2_190,RND-,24.220298501147344
qwen3-32b,g24p2_190,STR+,30.41324046860846
qwen3-32b,g24p2_190,STR-,45.10890782028863
qwen3-32b,g24p2_190,Y0,99.99996902869717
qwen3-32b,g24p2_191,ADM+,0.00021478591448124005
qwen3-32b,g24p2_191,ADM-,0.005499013805452112
qwen3-32b,g24p2_191,CF+,44.495086676284224
qwen3-32b,g24p2_191,CF-,44.45095657639532
qwen3-32b,g24p2_191,EXC+,44.44694090917104
qwen3-32b,g24p2_191,EXC-,44.446948311967134
qwen3-32b,g24p2_191,MNR+,45.794409678296134
qwen3-32b,g24p2_191,MNR-,44.45626676511036
qwen3-32b,g24p2_191,RND+,4.201188950507817
qwen3-32b,g24p2_191,RND-,51.799539789486076
qwen3-32b,g24p2_191,STR+,44.44856133297846
qwen3-32b,g24p2_191,STR-,44.454088565861476
qwen3-32b,g24p2_191,Y0,0.016691063152304075
qwen3-32b,g24p2_192,ADM+,99.99999069499661
qwen3-32b,g24p2_192,ADM-,99.99991617691981
qwen3-32b,g24p2_192,CF+,22.222037118095624
qwen3-32b,g24p2_192,CF-,8.643353949118692
qwen3-32b,g24p2_192,EXC+,44.41812290319879
qwen3-32b,g24p2_192,EXC-,33.22143006608465
qwen3-32b,g24p2_192,MNR+,99.99377628516999
qwen3-32b,g24p2_192,MNR-,30.907078858116463
qwen3-32b,g24p2_192,RND+,22.320508265199642
qwen3-32b,g24p2_192,RND-,66.4483388861126
qwen3-32b,g24p2_192,STR+,3.6916073872934914
qwen3-32b,g24p2_192,STR-,0.010152070611065758
qwen3-32b,g24p2_192,Y0,81.97837314768466
qwen3-32b,g24p2_193,ADM+,99.96467441906138
qwen3-32b,g24p2_193,ADM-,39.705255843300314
qwen3-32b,g24p2_193,CF+,55.82740629157792
qwen3-32b,g24p2_193,CF-,90.19943689808842
qwen3-32b,g24p2_193,EXC+,80.89629220095564
qwen3-32b,g24p2_193,EXC-,30.38840285736954
qwen3-32b,g24p2_193,MNR+,99.40244335296671
qwen3-32b,g24p2_193,MNR-,87.99252390218226
qwen3-32b,g24p2_193,RND+,91.38092790572453
qwen3-32b,g24p2_193,RND-,83.35144941870702
qwen3-32b,g24p2_193,STR+,90.27239216686029
qwen3-32b,g24p2_193,STR-,97.74303824037452
qwen3-32b,g24p2_193,Y0,44.97018461790409
qwen3-32b,g24p2_194,ADM+,99.99998364272088
qwen3-32b,g24p2_194,ADM-,0.0375041797714162
qwen3-32b,g24p2_194,CF+,48.394155915217375
qwen3-32b,g24p2_194,CF-,44.45480562083998
qwen3-32b,g24p2_194,EXC+,30.921002484259425
qwen3-32b,g24p2_194,EXC-,24.54284773493951
qwen3-32b,g24p2_194,MNR+,44.42321745538058
qwen3-32b,g24p2_194,MNR-,44.410187826628146
qwen3-32b,g24p2_194,RND+,44.39726590387536
qwen3-32b,g24p2_194,RND-,18.569462321134782
qwen3-32b,g24p2_194,STR+,44.413670728857724
qwen3-32b,g24p2_194,STR-,44.40029689491274
qwen3-32b,g24p2_194,Y0,11.486490017155733
qwen3-32b,g24p2_196,ADM+,99.99999163787965
qwen3-32b,g24p2_196,ADM-,5.9648808145345305
qwen3-32b,g24p2_196,CF+,44.47375346635178
qwen3-32b,g24p2_196,CF-,20.305546008359144
qwen3-32b,g24p2_196,EXC+,44.223341022673914
qwen3-32b,g24p2_196,EXC-,4.278644519823727
qwen3-32b,g24p2_196,MNR+,99.97837930551303
qwen3-32b,g24p2_196,MNR-,32.30278043247264
qwen3-32b,g24p2_196,RND+,44.44425277471459
qwen3-32b,g24p2_196,RND-,44.42794226263417
qwen3-32b,g24p2_196,STR+,44.316757827832745
qwen3-32b,g24p2_196,STR-,44.36875410359713
qwen3-32b,g24p2_196,Y0,0.3291701293949526
qwen3-32b,g24p2_198,ADM+,99.9999992658169
qwen3-32b,g24p2_198,ADM-,0.00040180495713099373
qwen3-32b,g24p2_198,CF+,55.52509559077635
qwen3-32b,g24p2_198,CF-,44.91178575987393
qwen3-32b,g24p2_198,EXC+,45.1431209099593
qwen3-32b,g24p2_198,EXC-,11.751567645825142
qwen3-32b,g24p2_198,MNR+,44.4499092566883
qwen3-32b,g24p2_198,MNR-,44.45019313048023
qwen3-32b,g24p2_198,RND+,55.571919763095494
qwen3-32b,g24p2_198,RND-,54.23168364620147
qwen3-32b,g24p2_198,STR+,99.99559008431598
qwen3-32b,g24p2_198,STR-,0.010648593749297016
qwen3-32b,g24p2_198,Y0,99.99999715400705
qwen3-32b,g24p2_200,ADM+,99.99999702593921
qwen3-32b,g24p2_200,ADM-,16.81708766383231
qwen3-32b,g24p2_200,CF+,34.90324338210163
qwen3-32b,g24p2_200,CF-,44.425127807133904
qwen3-32b,g24p2_200,EXC+,13.601724168165916
qwen3-32b,g24p2_200,EXC-,18.595922065805592
qwen3-32b,g24p2_200,MNR+,44.42336571399253
qwen3-32b,g24p2_200,MNR-,44.48924316745499
qwen3-32b,g24p2_200,RND+,44.63727316810337
qwen3-32b,g24p2_200,RND-,44.44426874400326
qwen3-32b,g24p2_200,STR+,44.00639131872057
qwen3-32b,g24p2_200,STR-,31.05098955960236
qwen3-32b,g24p2_200,Y0,11.166563686373118
qwen3-32b,g24p2_201,ADM+,99.99999707909839
qwen3-32b,g24p2_201,ADM-,2.60702006741113
qwen3-32b,g24p2_201,CF+,9.14062288249461
qwen3-32b,g24p2_201,CF-,0.00040217652472371534
qwen3-32b,g24p2_201,EXC+,4.313040509611081e-06
qwen3-32b,g24p2_201,EXC-,1.1201675961669144e-05
qwen3-32b,g24p2_201,MNR+,3.534052644576806e-06
qwen3-32b,g24p2_201,MNR-,2.261871791218574e-05
qwen3-32b,g24p2_201,RND+,0.011658982688481027
qwen3-32b,g24p2_201,RND-,0.017578385696732073
qwen3-32b,g24p2_201,STR+,0.011186300655992864
qwen3-32b,g24p2_201,STR-,0.0005597308420282948
qwen3-32b,g24p2_201,Y0,0.0001373690319175315
qwen3-32b,g24p2_202,ADM+,99.99997862519345
qwen3-32b,g24p2_202,ADM-,0.0070025134281779715
qwen3-32b,g24p2_202,CF+,0.021516504466921972
qwen3-32b,g24p2_202,CF-,0.00201250270257249
qwen3-32b,g24p2_202,EXC+,1.790048521583632e-05
qwen3-32b,g24p2_202,EXC-,0.002910075295979474
qwen3-32b,g24p2_202,MNR+,0.0004561259897909557
qwen3-32b,g24p2_202,MNR-,0.002576108979718177
qwen3-32b,g24p2_202,RND+,0.12237980506364614
qwen3-32b,g24p2_202,RND-,0.07452029602460773
qwen3-32b,g24p2_202,STR+,0.0005975477288656351
qwen3-32b,g24p2_202,STR-,0.0020233200855690474
qwen3-32b,g24p2_202,Y0,0.04018845561842671
qwen3-32b,g24p2_203,ADM+,99.9999949110004
qwen3-32b,g24p2_203,ADM-,0.00011669216581474391
qwen3-32b,g24p2_203,CF+,50.66602484204029
qwen3-32b,g24p2_203,CF-,67.75137501641257
qwen3-32b,g24p2_203,EXC+,44.44646191105203
qwen3-32b,g24p2_203,EXC-,99.99857856791029
qwen3-32b,g24p2_203,MNR+,55.28126951896531
qwen3-32b,g24p2_203,MNR-,28.66348794867694
qwen3-32b,g24p2_203,RND+,53.91775067515508
qwen3-32b,g24p2_203,RND-,75.30937436816512
qwen3-32b,g24p2_203,STR+,45.038525178493444
qwen3-32b,g24p2_203,STR-,77.61688405040218
qwen3-32b,g24p2_203,Y0,45.74811266716023
qwen3-32b,g24p2_204,ADM+,99.9920283638686
qwen3-32b,g24p2_204,ADM-,33.5146203646987
qwen3-32b,g24p2_204,CF+,44.79354104985421
qwen3-32b,g24p2_204,CF-,82.41903235730591
qwen3-32b,g24p2_204,EXC+,44.8129702720498
qwen3-32b,g24p2_204,EXC-,81.97362613720375
qwen3-32b,g24p2_204,MNR+,44.50836175031469
qwen3-32b,g24p2_204,MNR-,77.95546924154878
qwen3-32b,g24p2_204,RND+,55.54977931810286
qwen3-32b,g24p2_204,RND-,73.54297927966387
qwen3-32b,g24p2_204,STR+,41.33567962346413
qwen3-32b,g24p2_204,STR-,80.1634205976361
qwen3-32b,g24p2_204,Y0,37.460463166313815
qwen3-32b,g24p2_207,ADM+,74.17164336475867
qwen3-32b,g24p2_207,ADM-,42.042288175293784
qwen3-32b,g24p2_207,CF+,21.991078457751772
qwen3-32b,g24p2_207,CF-,22.440129804105396
qwen3-32b,g24p2_207,EXC+,33.057817580244105
qwen3-32b,g24p2_207,EXC-,22.381024397322605
qwen3-32b,g24p2_207,MNR+,18.663798453673802
qwen3-32b,g24p2_207,MNR-,22.425978070246604
qwen3-32b,g24p2_207,RND+,22.1171000526711
qwen3-32b,g24p2_207,RND-,25.198491900811938
qwen3-32b,g24p2_207,STR+,18.68497417284873
qwen3-32b,g24p2_207,STR-,22.123077720990008
qwen3-32b,g24p2_207,Y0,25.058196729697883
qwen3-32b,g24p2_208,ADM+,99.99999877184688
qwen3-32b,g24p2_208,ADM-,0.0007641045128276769
qwen3-32b,g24p2_208,CF+,44.473547377033306
qwen3-32b,g24p2_208,CF-,44.48893991082534
qwen3-32b,g24p2_208,EXC+,44.439404026658686
qwen3-32b,g24p2_208,EXC-,44.437105478255305
qwen3-32b,g24p2_208,MNR+,44.449262858604094
qwen3-32b,g24p2_208,MNR-,44.44318132514982
qwen3-32b,g24p2_208,RND+,44.450303565991916
qwen3-32b,g24p2_208,RND-,44.85588905520606
qwen3-32b,g24p2_208,STR+,43.118292048713414
qwen3-32b,g24p2_208,STR-,45.841603992211205
qwen3-32b,g24p2_208,Y0,58.74263546644998
qwen3-32b,g24p2_211,ADM+,99.96592956400754
qwen3-32b,g24p2_211,ADM-,0.028287700997204443
qwen3-32b,g24p2_211,CF+,53.07998754882312
qwen3-32b,g24p2_211,CF-,43.74832740852955
qwen3-32b,g24p2_211,EXC+,0.0045329401176302025
qwen3-32b,g24p2_211,EXC-,15.900842598771748
qwen3-32b,g24p2_211,MNR+,43.39784564626781
qwen3-32b,g24p2_211,MNR-,0.054076111701606214
qwen3-32b,g24p2_211,RND+,44.55626346770689
qwen3-32b,g24p2_211,RND-,44.44480121992514
qwen3-32b,g24p2_211,STR+,44.38810737668519
qwen3-32b,g24p2_211,STR-,44.383255010199235
qwen3-32b,g24p2_211,Y0,0.005479465984394203
qwen3-32b,g24p2_213,ADM+,99.99086185180909
qwen3-32b,g24p2_213,ADM-,93.19860309111395
qwen3-32b,g24p2_213,CF+,44.53553184190966
qwen3-32b,g24p2_213,CF-,43.84293890685661
qwen3-32b,g24p2_213,EXC+,44.399784908308824
qwen3-32b,g24p2_213,EXC-,44.41810528368
qwen3-32b,g24p2_213,MNR+,44.41767550971324
qwen3-32b,g24p2_213,MNR-,44.39893301719064
qwen3-32b,g24p2_213,RND+,44.4048248626809
qwen3-32b,g24p2_213,RND-,44.446487731444876
qwen3-32b,g24p2_213,STR+,44.1623629986995
qwen3-32b,g24p2_213,STR-,13.965401518073518
qwen3-32b,g24p2_213,Y0,11.52417514239592
qwen3-32b,g24p2_214,ADM+,99.99999479110402
qwen3-32b,g24p2_214,ADM-,99.99581053954073
qwen3-32b,g24p2_214,CF+,1.339682966489395
qwen3-32b,g24p2_214,CF-,14.021443402746252
qwen3-32b,g24p2_214,EXC+,55.137841867956396
qwen3-32b,g24p2_214,EXC-,0.2898420902030171
qwen3-32b,g24p2_214,MNR+,15.283069620664897
qwen3-32b,g24p2_214,MNR-,0.4227450186175706
qwen3-32b,g24p2_214,RND+,19.415408671203107
qwen3-32b,g24p2_214,RND-,36.77014973706689
qwen3-32b,g24p2_214,STR+,41.27444016722898
qwen3-32b,g24p2_214,STR-,0.04609984555651749
qwen3-32b,g24p2_214,Y0,0.15699940002316948
qwen3-32b,g24p2_215,ADM+,99.99862751800377
qwen3-32b,g24p2_215,ADM-,33.625957382502015
qwen3-32b,g24p2_215,CF+,44.47147818031388
qwen3-32b,g24p2_215,CF-,15.108929448445918
qwen3-32b,g24p2_215,EXC+,43.059247743082715
qwen3-32b,g24p2_215,EXC-,26.039590484867272
qwen3-32b,g24p2_215,MNR+,44.44646324715
qwen3-32b,g24p2_215,MNR-,44.44530020799287
qwen3-32b,g24p2_215,RND+,44.451479842020426
qwen3-32b,g24p2_215,RND-,11.0246971059871
qwen3-32b,g24p2_215,STR+,44.44380643456022
qwen3-32b,g24p2_215,STR-,44.44632556094322
qwen3-32b,g24p2_215,Y0,44.630477080760734
qwen3-32b,g24p2_216,ADM+,99.9999559900126
qwen3-32b,g24p2_216,ADM-,33.85894685418529
qwen3-32b,g24p2_216,CF+,44.46056220408621
qwen3-32b,g24p2_216,CF-,31.272102263878953
qwen3-32b,g24p2_216,EXC+,52.535046432257055
qwen3-32b,g24p2_216,EXC-,44.33002992830284
qwen3-32b,g24p2_216,MNR+,73.46962687027289
qwen3-32b,g24p2_216,MNR-,44.50492535522288
qwen3-32b,g24p2_216,RND+,74.22474646921248
qwen3-32b,g24p2_216,RND-,44.52293877739956
qwen3-32b,g24p2_216,STR+,79.11688017947253
qwen3-32b,g24p2_216,STR-,76.57469582486017
qwen3-32b,g24p2_216,Y0,86.92346119715057
qwen3-32b,g24p2_217,ADM+,99.99999803163695
qwen3-32b,g24p2_217,ADM-,88.93749158828513
qwen3-32b,g24p2_217,CF+,99.96212145132046
qwen3-32b,g24p2_217,CF-,44.897340145784106
qwen3-32b,g24p2_217,EXC+,44.04756581559905
qwen3-32b,g24p2_217,EXC-,73.7478651322367
qwen3-32b,g24p2_217,MNR+,99.70950727001987
qwen3-32b,g24p2_217,MNR-,88.33967510972401
qwen3-32b,g24p2_217,RND+,99.99769877593695
qwen3-32b,g24p2_217,RND-,80.67961375033791
qwen3-32b,g24p2_217,STR+,99.99898189096955
qwen3-32b,g24p2_217,STR-,80.95748694059229
qwen3-32b,g24p2_217,Y0,99.99998948930977
qwen3-32b,g24p2_218,ADM+,99.99999796305688
qwen3-32b,g24p2_218,ADM-,41.260587956100984
qwen3-32b,g24p2_218,CF+,44.458481581785044
qwen3-32b,g24p2_218,CF-,44.400442849543374
qwen3-32b,g24p2_218,EXC+,0.37962746787786794
qwen3-32b,g24p2_218,EXC-,2.486746260409701
qwen3-32b,g24p2_218,MNR+,44.44621815556246
qwen3-32b,g24p2_218,MNR-,41.09093884747259
qwen3-32b,g24p2_218,RND+,44.50068584158726
qwen3-32b,g24p2_218,RND-,44.44701958695847
qwen3-32b,g24p2_218,STR+,44.38398401286861
qwen3-32b,g24p2_218,STR-,51.34707951618844
qwen3-32b,g24p2_218,Y0,11.271822156546229
qwen3-32b,g24p2_219,ADM+,99.9999308091605
qwen3-32b,g24p2_219,ADM-,99.99942428633658
qwen3-32b,g24p2_219,CF+,44.49515166153371
qwen3-32b,g24p2_219,CF-,44.453212460343266
qwen3-32b,g24p2_219,EXC+,47.01403116904212
qwen3-32b,g24p2_219,EXC-,26.669719039826422
qwen3-32b,g24p2_219,MNR+,52.52872868294752
qwen3-32b,g24p2_219,MNR-,44.468336609592235
qwen3-32b,g24p2_219,RND+,44.4490091487319
qwen3-32b,g24p2_219,RND-,44.45207694349574
qwen3-32b,g24p2_219,STR+,44.4006696459148
qwen3-32b,g24p2_219,STR-,44.126821970026626
qwen3-32b,g24p2_219,Y0,44.42809118520238
qwen3-32b,g24p2_220,ADM+,99.99998270556338
qwen3-32b,g24p2_220,ADM-,5.643494938555696e-05
qwen3-32b,g24p2_220,CF+,0.040046769408814645
qwen3-32b,g24p2_220,CF-,1.758026322969514e-05
qwen3-32b,g24p2_220,EXC+,0.034299672074254925
qwen3-32b,g24p2_220,EXC-,44.369486802796104
qwen3-32b,g24p2_220,MNR+,0.013058174383348506
qwen3-32b,g24p2_220,MNR-,41.00035042496631
qwen3-32b,g24p2_220,RND+,44.38134758153448
qwen3-32b,g24p2_220,RND-,0.008203523521906127
qwen3-32b,g24p2_220,STR+,0.0040240408034673035
qwen3-32b,g24p2_220,STR-,0.0002471045311384103
qwen3-32b,g24p2_220,Y0,1.4929256878908446e-05
qwen3-32b,g24p2_223,ADM+,99.99992718563993
qwen3-32b,g24p2_223,ADM-,0.027575518054130072
qwen3-32b,g24p2_223,CF+,0.5318876244237377
qwen3-32b,g24p2_223,CF-,44.251577486672986
qwen3-32b,g24p2_223,EXC+,0.9179942974652557
qwen3-32b,g24p2_223,EXC-,0.031403553627232135
qwen3-32b,g24p2_223,MNR+,0.41969769587559547
qwen3-32b,g24p2_223,MNR-,0.010365982598557439
qwen3-32b,g24p2_223,RND+,0.8431770589744952
qwen3-32b,g24p2_223,RND-,2.0278277986983753
qwen3-32b,g24p2_223,STR+,0.021801768895304136
qwen3-32b,g24p2_223,STR-,0.009085159984690377
qwen3-32b,g24p2_223,Y0,0.1565442855503572
qwen3-32b,g24p2_224,ADM+,99.98452670678742
qwen3-32b,g24p2_224,ADM-,29.10576382730237
qwen3-32b,g24p2_224,CF+,0.12410598218634623
qwen3-32b,g24p2_224,CF-,10.494162447569778
qwen3-32b,g24p2_224,EXC+,0.843929351346184
qwen3-32b,g24p2_224,EXC-,33.889275595742866
qwen3-32b,g24p2_224,MNR+,0.200303003225197
qwen3-32b,g24p2_224,MNR-,44.485724265648386
qwen3-32b,g24p2_224,RND+,6.32492082247016
qwen3-32b,g24p2_224,RND-,21.091856642450363
qwen3-32b,g24p2_224,STR+,44.46688033079661
qwen3-32b,g24p2_224,STR-,34.3026613119609
qwen3-32b,g24p2_224,Y0,13.573956443313527
qwen3-32b,g24p2_225,ADM+,99.61009520900495
qwen3-32b,g24p2_225,ADM-,65.03521387708636
qwen3-32b,g24p2_225,CF+,99.95902141312315
qwen3-32b,g24p2_225,CF-,99.95716417803547
qwen3-32b,g24p2_225,EXC+,33.234613583653115
qwen3-32b,g24p2_225,EXC-,99.96755255114209
qwen3-32b,g24p2_225,MNR+,98.5450103209202
qwen3-32b,g24p2_225,MNR-,99.9889649442019
qwen3-32b,g24p2_225,RND+,96.29978459940698
qwen3-32b,g24p2_225,RND-,77.24129113444592
qwen3-32b,g24p2_225,STR+,99.86695740945305
qwen3-32b,g24p2_225,STR-,0.47939836682683773
qwen3-32b,g24p2_225,Y0,22.082496970988192
qwen3-32b,g24p2_227,ADM+,99.92685776601701
qwen3-32b,g24p2_227,ADM-,0.00269768291684294
qwen3-32b,g24p2_227,CF+,0.339309439531488
qwen3-32b,g24p2_227,CF-,50.71575853766996
qwen3-32b,g24p2_227,EXC+,0.002626258687443398
qwen3-32b,g24p2_227,EXC-,41.965319026048256
qwen3-32b,g24p2_227,MNR+,1.9126644508791761
qwen3-32b,g24p2_227,MNR-,99.958697880164
qwen3-32b,g24p2_227,RND+,0.27335261217223805
qwen3-32b,g24p2_227,RND-,54.49860602573042
qwen3-32b,g24p2_227,STR+,7.051972909557262
qwen3-32b,g24p2_227,STR-,0.004951831346181443
qwen3-32b,g24p2_227,Y0,0.018944696319530652
qwen3-32b,g24p2_228,ADM+,99.58480502310147
qwen3-32b,g24p2_228,ADM-,16.478521369684362
qwen3-32b,g24p2_228,CF+,17.98621030584117
qwen3-32b,g24p2_228,CF-,22.153667445709214
qwen3-32b,g24p2_228,EXC+,29.281413615009697
qwen3-32b,g24p2_228,EXC-,1.1070506395649664
qwen3-32b,g24p2_228,MNR+,16.79236018590643
qwen3-32b,g24p2_228,MNR-,39.23480199793034
qwen3-32b,g24p2_228,RND+,22.07744043420563
qwen3-32b,g24p2_228,RND-,24.213884466229118
qwen3-32b,g24p2_228,STR+,10.441913428534747
qwen3-32b,g24p2_228,STR-,12.116993000745985
qwen3-32b,g24p2_228,Y0,11.032351432770318
qwen3-32b,g24p2_230,ADM+,99.99999179962349
qwen3-32b,g24p2_230,ADM-,1.8085238378198366e-05
qwen3-32b,g24p2_230,CF+,44.5197717743282
qwen3-32b,g24p2_230,CF-,44.53878635037346
qwen3-32b,g24p2_230,EXC+,1.6361359158501019
qwen3-32b,g24p2_230,EXC-,0.07722476656751208
qwen3-32b,g24p2_230,MNR+,98.67316048623626
qwen3-32b,g24p2_230,MNR-,44.458402077144065
qwen3-32b,g24p2_230,RND+,44.49790439118261
qwen3-32b,g24p2_230,RND-,18.694994711014772
qwen3-32b,g24p2_230,STR+,14.473024286672647
qwen3-32b,g24p2_230,STR-,1.5026722954081702
qwen3-32b,g24p2_230,Y0,2.4753810931735267
qwen3-32b,g24p2_231,ADM+,99.99999523423777
qwen3-32b,g24p2_231,ADM-,6.599517411508615e-05
qwen3-32b,g24p2_231,CF+,99.9998437747762
qwen3-32b,g24p2_231,CF-,44.64399594911585
qwen3-32b,g24p2_231,EXC+,44.455552811215
qwen3-32b,g24p2_231,EXC-,9.08887551431357
qwen3-32b,g24p2_231,MNR+,99.96708684285281
qwen3-32b,g24p2_231,MNR-,0.07666686452156277
qwen3-32b,g24p2_231,RND+,44.64418285769764
qwen3-32b,g24p2_231,RND-,44.48945644257174
qwen3-32b,g24p2_231,STR+,99.99986491873784
qwen3-32b,g24p2_231,STR-,0.12257435137960562
qwen3-32b,g24p2_231,Y0,0.00024481447707110147
qwen3-32b,g24p2_232,ADM+,99.99999928548188
qwen3-32b,g24p2_232,ADM-,4.210444334084441e-06
qwen3-32b,g24p2_232,CF+,44.46510362251685
qwen3-32b,g24p2_232,CF-,44.45808463802002
qwen3-32b,g24p2_232,EXC+,44.47899680533144
qwen3-32b,g24p2_232,EXC-,1.4676339776145872e-05
qwen3-32b,g24p2_232,MNR+,44.45638104048278
qwen3-32b,g24p2_232,MNR-,3.537227156562701e-05
qwen3-32b,g24p2_232,RND+,44.566260233582796
qwen3-32b,g24p2_232,RND-,44.443572277239554
qwen3-32b,g24p2_232,STR+,44.449146810533584
qwen3-32b,g24p2_232,STR-,44.4263191327815
qwen3-32b,g24p2_232,Y0,99.99998892635223
qwen3-32b,g24p2_233,ADM+,99.99999590381222
qwen3-32b,g24p2_233,ADM-,7.608856548115821e-06
qwen3-32b,g24p2_233,CF+,99.99937071569168
qwen3-32b,g24p2_233,CF-,99.99964995441961
qwen3-32b,g24p2_233,EXC+,99.99645742193813
qwen3-32b,g24p2_233,EXC-,99.99953406387681
qwen3-32b,g24p2_233,MNR+,99.99997787948763
qwen3-32b,g24p2_233,MNR-,99.86073558256902
qwen3-32b,g24p2_233,RND+,99.98444209385144
qwen3-32b,g24p2_233,RND-,99.97990864760315
qwen3-32b,g24p2_233,STR+,99.99995561709436
qwen3-32b,g24p2_233,STR-,99.99998685301794
qwen3-32b,g24p2_233,Y0,99.98699878815127
qwen3-32b,g24p2_234,ADM+,99.99954877025787
qwen3-32b,g24p2_234,ADM-,4.602084159093199
qwen3-32b,g24p2_234,CF+,85.15193764485215
qwen3-32b,g24p2_234,CF-,10.147067375265166
qwen3-32b,g24p2_234,EXC+,44.465018205353395
qwen3-32b,g24p2_234,EXC-,44.478094534229584
qwen3-32b,g24p2_234,MNR+,31.359611140439686
qwen3-32b,g24p2_234,MNR-,6.082889740039235
qwen3-32b,g24p2_234,RND+,54.868506350327145
qwen3-32b,g24p2_234,RND-,44.37034566447035
qwen3-32b,g24p2_234,STR+,66.89331403277359
qwen3-32b,g24p2_234,STR-,9.10249612852255
qwen3-32b,g24p2_234,Y0,21.601192506096854
qwen3-32b,g24p2_235,ADM+,99.99999203191123
qwen3-32b,g24p2_235,ADM-,5.585019861317543e-06
qwen3-32b,g24p2_235,CF+,44.47950191748919
qwen3-32b,g24p2_235,CF-,44.45837934718612
qwen3-32b,g24p2_235,EXC+,55.23001123202095
qwen3-32b,g24p2_235,EXC-,0.0064714759320423105
qwen3-32b,g24p2_235,MNR+,49.97155771646001
qwen3-32b,g24p2_235,MNR-,44.44466952725904
qwen3-32b,g24p2_235,RND+,99.88427912191251
qwen3-32b,g24p2_235,RND-,11.625226865900023
qwen3-32b,g24p2_235,STR+,5.780618248944156
qwen3-32b,g24p2_235,STR-,0.1410671869000103
qwen3-32b,g24p2_235,Y0,17.380611624349072
qwen3-32b,g24p2_237,ADM+,99.99999786648556
qwen3-32b,g24p2_237,ADM-,9.743388181420277e-05
qwen3-32b,g24p2_237,CF+,93.45630133895992
qwen3-32b,g24p2_237,CF-,44.44687675470003
qwen3-32b,g24p2_237,EXC+,44.453696150688764
qwen3-32b,g24p2_237,EXC-,51.363768512335305
qwen3-32b,g24p2_237,MNR+,44.47687893430859
qwen3-32b,g24p2_237,MNR-,34.11911289313561
qwen3-32b,g24p2_237,RND+,80.79390790251914
qwen3-32b,g24p2_237,RND-,8.95631894485431
qwen3-32b,g24p2_237,STR+,44.499039002530296
qwen3-32b,g24p2_237,STR-,44.44581822860807
qwen3-32b,g24p2_237,Y0,0.00045388105126203834
qwen3-32b,g24p2_238,ADM+,99.99999151815437
qwen3-32b,g24p2_238,ADM-,6.297932006277656e-05
qwen3-32b,g24p2_238,CF+,23.2137235936129
qwen3-32b,g24p2_238,CF-,44.086711767458354
qwen3-32b,g24p2_238,EXC+,11.872990775784087
qwen3-32b,g24p2_238,EXC-,5.311571143894115e-05
qwen3-32b,g24p2_238,MNR+,46.386129419146144
qwen3-32b,g24p2_238,MNR-,0.667935660520913
qwen3-32b,g24p2_238,RND+,44.76879436677635
qwen3-32b,g24p2_238,RND-,44.438217391745326
qwen3-32b,g24p2_238,STR+,10.310077623267517
qwen3-32b,g24p2_238,STR-,11.940134703347844
qwen3-32b,g24p2_238,Y0,1.0618875271629706
qwen3-32b,g24p2_239,ADM+,99.99999862667434
qwen3-32b,g24p2_239,ADM-,9.644053004770348e-06
qwen3-32b,g24p2_239,CF+,44.85863772782275
qwen3-32b,g24p2_239,CF-,44.600334836167264
qwen3-32b,g24p2_239,EXC+,53.46918275591682
qwen3-32b,g24p2_239,EXC-,0.007742891549881466
qwen3-32b,g24p2_239,MNR+,91.07492624660374
qwen3-32b,g24p2_239,MNR-,0.0001688162973678809
qwen3-32b,g24p2_239,RND+,44.66968117839693
qwen3-32b,g24p2_239,RND-,44.45897941248223
qwen3-32b,g24p2_239,STR+,45.75328248763831
qwen3-32b,g24p2_239,STR-,44.445055094768165
qwen3-32b,g24p2_239,Y0,9.168419581491834e-05
qwen3-32b,g24p2_240,ADM+,99.99998998161448
qwen3-32b,g24p2_240,ADM-,10.313315035040143
qwen3-32b,g24p2_240,CF+,46.460419836261366
qwen3-32b,g24p2_240,CF-,46.47018103574341
qwen3-32b,g24p2_240,EXC+,47.16461794104528
qwen3-32b,g24p2_240,EXC-,44.43187741699128
qwen3-32b,g24p2_240,MNR+,44.44676215173331
qwen3-32b,g24p2_240,MNR-,56.64622779001664
qwen3-32b,g24p2_240,RND+,44.42746330557684
qwen3-32b,g24p2_240,RND-,62.55254837662538
qwen3-32b,g24p2_240,STR+,99.9977111303653
qwen3-32b,g24p2_240,STR-,52.561992342095174
qwen3-32b,g24p2_240,Y0,11.183413625446763
qwen3-32b,g24p2_242,ADM+,91.36165688758692
qwen3-32b,g24p2_242,ADM-,2.5669391104841114e-05
qwen3-32b,g24p2_242,CF+,44.45201978191475
qwen3-32b,g24p2_242,CF-,50.686156925000475
qwen3-32b,g24p2_242,EXC+,44.50173493130027
qwen3-32b,g24p2_242,EXC-,44.18971797068936
qwen3-32b,g24p2_242,MNR+,44.44632947988404
qwen3-32b,g24p2_242,MNR-,44.454420282455764
qwen3-32b,g24p2_242,RND+,44.501597646650985
qwen3-32b,g24p2_242,RND-,44.501709897930795
qwen3-32b,g24p2_242,STR+,44.33533416828351
qwen3-32b,g24p2_242,STR-,44.45388668064907
qwen3-32b,g24p2_242,Y0,0.004064220965936583
qwen3-32b,g24p2_245,ADM+,99.99999792818303
qwen3-32b,g24p2_245,ADM-,0.0001605214774582955
qwen3-32b,g24p2_245,CF+,12.475553321375543
qwen3-32b,g24p2_245,CF-,0.2931080668298662
qwen3-32b,g24p2_245,EXC+,17.249441301058084
qwen3-32b,g24p2_245,EXC-,0.0006768134568061521
qwen3-32b,g24p2_245,MNR+,44.48250758331166
qwen3-32b,g24p2_245,MNR-,0.4218488946382923
qwen3-32b,g24p2_245,RND+,99.99879470875855
qwen3-32b,g24p2_245,RND-,0.004040660970825727
qwen3-32b,g24p2_245,STR+,44.42401437220062
qwen3-32b,g24p2_245,STR-,0.002131142485824561
qwen3-32b,g24p2_245,Y0,99.99999670911328
qwen3-32b,g24p2_246,ADM+,99.9999973643865
qwen3-32b,g24p2_246,ADM-,2.7015023114275173e-06
qwen3-32b,g24p2_246,CF+,52.85376600738765
qwen3-32b,g24p2_246,CF-,39.2159885218035
qwen3-32b,g24p2_246,EXC+,98.3664056372378
qwen3-32b,g24p2_246,EXC-,0.05795899160536725
qwen3-32b,g24p2_246,MNR+,44.44601337507996
qwen3-32b,g24p2_246,MNR-,44.44632401834485
qwen3-32b,g24p2_246,RND+,44.44719815446356
qwen3-32b,g24p2_246,RND-,50.36550072474442
qwen3-32b,g24p2_246,STR+,44.367666773898364
qwen3-32b,g24p2_246,STR-,44.447578281245484
qwen3-32b,g24p2_246,Y0,0.41477859041667003
qwen3-32b,g24p2_247,ADM+,99.9999973167126
qwen3-32b,g24p2_247,ADM-,0.04809603150038799
qwen3-32b,g24p2_247,CF+,54.88948055705749
qwen3-32b,g24p2_247,CF-,3.833170896996579
qwen3-32b,g24p2_247,EXC+,44.84864786500802
qwen3-32b,g24p2_247,EXC-,44.16588017143696
qwen3-32b,g24p2_247,MNR+,99.99994447712531
qwen3-32b,g24p2_247,MNR-,0.015826267324160214
qwen3-32b,g24p2_247,RND+,45.1083416017033
qwen3-32b,g24p2_247,RND-,44.76958232340049
qwen3-32b,g24p2_247,STR+,54.4951946877441
qwen3-32b,g24p2_247,STR-,48.60055560804654
qwen3-32b,g24p2_247,Y0,99.999990797385
qwen3-32b,g24p2_248,ADM+,99.99997353810109
qwen3-32b,g24p2_248,ADM-,2.6455319826611423
qwen3-32b,g24p2_248,CF+,18.92627181593523
qwen3-32b,g24p2_248,CF-,0.06866245723407025
qwen3-32b,g24p2_248,EXC+,39.20344727142429
qwen3-32b,g24p2_248,EXC-,8.124756622675118
qwen3-32b,g24p2_248,MNR+,44.44214187581205
qwen3-32b,g24p2_248,MNR-,44.44474882326112
qwen3-32b,g24p2_248,RND+,44.44053880805274
qwen3-32b,g24p2_248,RND-,7.853948980588636
qwen3-32b,g24p2_248,STR+,44.445381500184745
qwen3-32b,g24p2_248,STR-,44.28875612241231
qwen3-32b,g24p2_248,Y0,20.924349184588735
qwen3-32b,g24p2_250,ADM+,99.99998963837662
qwen3-32b,g24p2_250,ADM-,7.639469644071212e-05
qwen3-32b,g24p2_250,CF+,45.10867416636569
qwen3-32b,g24p2_250,CF-,45.28588591209193
qwen3-32b,g24p2_250,EXC+,40.05389462033081
qwen3-32b,g24p2_250,EXC-,35.542781348925296
qwen3-32b,g24p2_250,MNR+,44.67236037267152
qwen3-32b,g24p2_250,MNR-,44.522946900649195
qwen3-32b,g24p2_250,RND+,44.5913210780299
qwen3-32b,g24p2_250,RND-,44.515542723039424
qwen3-32b,g24p2_250,STR+,45.697750653631985
qwen3-32b,g24p2_250,STR-,44.44669878702763
qwen3-32b,g24p2_250,Y0,99.99997936323842
qwen3-32b,g24p2_252,ADM+,99.99999787711056
qwen3-32b,g24p2_252,ADM-,2.1238641278561254e-05
qwen3-32b,g24p2_252,CF+,55.02990657118675
qwen3-32b,g24p2_252,CF-,6.64887372693577
qwen3-32b,g24p2_252,EXC+,44.48237579463001
qwen3-32b,g24p2_252,EXC-,0.0008464746165239404
qwen3-32b,g24p2_252,MNR+,44.44616070023624
qwen3-32b,g24p2_252,MNR-,44.44587101414463
qwen3-32b,g24p2_252,RND+,55.49887394544091
qwen3-32b,g24p2_252,RND-,46.91668876407607
qwen3-32b,g24p2_252,STR+,44.42536035216667
qwen3-32b,g24p2_252,STR-,44.44436298006591
qwen3-32b,g24p2_252,Y0,99.99999523205105
qwen3-32b,g24p2_254,ADM+,88.71139089885158
qwen3-32b,g24p2_254,ADM-,92.22255126241444
qwen3-32b,g24p2_254,CF+,44.50907053737146
qwen3-32b,g24p2_254,CF-,23.63202910347835
qwen3-32b,g24p2_254,EXC+,44.45751891165605
qwen3-32b,g24p2_254,EXC-,46.98134895506238
qwen3-32b,g24p2_254,MNR+,44.51615913176866
qwen3-32b,g24p2_254,MNR-,44.456400930335036
qwen3-32b,g24p2_254,RND+,48.008718177169214
qwen3-32b,g24p2_254,RND-,44.563239064867204
qwen3-32b,g24p2_254,STR+,39.57530666891723
qwen3-32b,g24p2_254,STR-,32.96000200669915
qwen3-32b,g24p2_254,Y0,10.907759354599483
qwen3-32b,g24p2_255,ADM+,99.99999869440356
qwen3-32b,g24p2_255,ADM-,2.1195492904403314e-06
qwen3-32b,g24p2_255,CF+,44.44652596653729
qwen3-32b,g24p2_255,CF-,0.001787793784204039
qwen3-32b,g24p2_255,EXC+,41.78506813400227
qwen3-32b,g24p2_255,EXC-,9.873612617575668e-06
qwen3-32b,g24p2_255,MNR+,99.99986263940545
qwen3-32b,g24p2_255,MNR-,8.609771443719474e-06
qwen3-32b,g24p2_255,RND+,34.12531411321621
qwen3-32b,g24p2_255,RND-,11.936681742513091
qwen3-32b,g24p2_255,STR+,44.44713735164902
qwen3-32b,g24p2_255,STR-,44.445560303075055
qwen3-32b,g24p2_255,Y0,99.99998492684905
qwen3-32b,g24p2_258,ADM+,99.99999023508984
qwen3-32b,g24p2_258,ADM-,0.0005293576689662135
qwen3-32b,g24p2_258,CF+,55.16214473691604
qwen3-32b,g24p2_258,CF-,44.478119839038804
qwen3-32b,g24p2_258,EXC+,44.39518731967546
qwen3-32b,g24p2_258,EXC-,99.98496281362443
qwen3-32b,g24p2_258,MNR+,45.76710529744893
qwen3-32b,g24p2_258,MNR-,99.99464660517359
qwen3-32b,g24p2_258,RND+,55.514229493068
qwen3-32b,g24p2_258,RND-,55.93134376312372
qwen3-32b,g24p2_258,STR+,55.030850136363384
qwen3-32b,g24p2_258,STR-,78.05824051309315
qwen3-32b,g24p2_258,Y0,78.56981258056408
qwen3-32b,g24p2_259,ADM+,99.99999796790658
qwen3-32b,g24p2_259,ADM-,0.0021094253264659184
qwen3-32b,g24p2_259,CF+,44.59700059083064
qwen3-32b,g24p2_259,CF-,41.77453394621406
qwen3-32b,g24p2_259,EXC+,99.8399601348088
qwen3-32b,g24p2_259,EXC-,9.99053751757111
qwen3-32b,g24p2_259,MNR+,44.444250669165534
qwen3-32b,g24p2_259,MNR-,43.07270490621702
qwen3-32b,g24p2_259,RND+,44.40778960787855
qwen3-32b,g24p2_259,RND-,44.316434293825665
qwen3-32b,g24p2_259,STR+,42.540121880811135
qwen3-32b,g24p2_259,STR-,44.29913586137585
qwen3-32b,g24p2_259,Y0,11.306801351065912
qwen3-32b,g24p2_260,ADM+,99.99987062064409
qwen3-32b,g24p2_260,ADM-,0.12869256011741478
qwen3-32b,g24p2_260,CF+,44.46344963883969
qwen3-32b,g24p2_260,CF-,44.44795110463877
qwen3-32b,g24p2_260,EXC+,2.5762452691868454
qwen3-32b,g24p2_260,EXC-,44.25014447399839
qwen3-32b,g24p2_260,MNR+,24.789655604485436
qwen3-32b,g24p2_260,MNR-,44.45711407026704
qwen3-32b,g24p2_260,RND+,44.343351421640364
qwen3-32b,g24p2_260,RND-,44.44746103312858
qwen3-32b,g24p2_260,STR+,44.40776470552971
qwen3-32b,g24p2_260,STR-,44.44626246925602
qwen3-32b,g24p2_260,Y0,62.45870564785597
qwen3-32b,g24p2_261,ADM+,99.99999949926165
qwen3-32b,g24p2_261,ADM-,0.0038388621390194164
qwen3-32b,g24p2_261,CF+,44.961137378206246
qwen3-32b,g24p2_261,CF-,44.37641259619072
qwen3-32b,g24p2_261,EXC+,91.31666685335102
qwen3-32b,g24p2_261,EXC-,44.42947803051313
qwen3-32b,g24p2_261,MNR+,44.53834676305641
qwen3-32b,g24p2_261,MNR-,21.10993624118717
qwen3-32b,g24p2_261,RND+,45.09066228755518
qwen3-32b,g24p2_261,RND-,44.47915294270994
qwen3-32b,g24p2_261,STR+,52.55557717498297
qwen3-32b,g24p2_261,STR-,43.13232580615837
qwen3-32b,g24p2_261,Y0,78.81027391175753
