model,p3_claim,cond,value
gemma3-12b,g24p2_000,base,66.6842271626776
gemma3-12b,g24p2_000,prior_only,77.70380149595876
gemma3-12b,g24p2_000,withheld_cf,55.426983410348875
gemma3-12b,g24p2_000,withheld_only,55.545270971441965
gemma3-12b,g24p2_000,withheld_strong,55.86876249763699
gemma3-12b,g24p2_001,base,0.027490664053526567
gemma3-12b,g24p2_001,prior_only,0.07451918606515671
gemma3-12b,g24p2_001,withheld_cf,55.5462583003867
gemma3-12b,g24p2_001,withheld_only,55.54542546696089
gemma3-12b,g24p2_001,withheld_strong,2.8949173933603997e-05
gemma3-12b,g24p2_002,base,33.36568715901417
gemma3-12b,g24p2_002,prior_only,33.3293515068378
gemma3-12b,g24p2_002,withheld_cf,53.750419105450774
gemma3-12b,g24p2_002,withheld_only,55.41312364171743
gemma3-12b,g24p2_002,withheld_strong,44.94768928120467
gemma3-12b,g24p2_003,base,66.57233663536766
gemma3-12b,g24p2_003,prior_only,66.66617690826548
gemma3-12b,g24p2_003,withheld_cf,55.53592732114642
gemma3-12b,g24p2_003,withheld_only,55.52596819460095
gemma3-12b,g24p2_003,withheld_strong,55.52753002990406
gemma3-12b,g24p2_004,base,66.67543317670868
gemma3-12b,g24p2_004,prior_only,66.67299815657258
gemma3-12b,g24p2_004,withheld_cf,55.557956283904986
gemma3-12b,g24p2_004,withheld_only,55.3008490698571
gemma3-12b,g24p2_004,withheld_strong,66.62618127743535
gemma3-12b,g24p2_005,base,24.248259822585915
gemma3-12b,g24p2_005,prior_only,33.31884748335574
gemma3-12b,g24p2_005,withheld_cf,38.89098599404494
gemma3-12b,g24p2_005,withheld_only,0.0031062536362524724
gemma3-12b,g24p2_005,withheld_strong,33.25099179848579
gemma3-12b,g24p2_006,base,66.71179160607475
gemma3-12b,g24p2_006,prior_only,66.67605364918417
gemma3-12b,g24p2_006,withheld_cf,55.51597444118218
gemma3-12b,g24p2_006,withheld_only,40.633576432215065
gemma3-12b,g24p2_006,withheld_strong,55.3462682247939
gemma3-12b,g24p2_010,base,22.103151573098906
gemma3-12b,g24p2_010,prior_only,44.62680463561421
gemma3-12b,g24p2_010,withheld_cf,55.54971706650119
gemma3-12b,g24p2_010,withheld_only,55.540736426114606
gemma3-12b,g24p2_010,withheld_strong,55.14834567046686
gemma3-12b,g24p2_011,base,88.96324021637056
gemma3-12b,g24p2_011,prior_only,88.98419122721245
gemma3-12b,g24p2_011,withheld_cf,67.32965409918671
gemma3-12b,g24p2_011,withheld_only,55.54980166146376
gemma3-12b,g24p2_011,withheld_strong,89.30361501565953
gemma3-12b,g24p2_012,base,0.0005320752454073583
gemma3-12b,g24p2_012,prior_only,1.0594509560822063
gemma3-12b,g24p2_012,withheld_cf,21.809497299218005
gemma3-12b,g24p2_012,withheld_only,0.05036948194696605
gemma3-12b,g24p2_012,withheld_strong,13.559804675917851
gemma3-12b,g24p2_014,base,99.99952836756344
gemma3-12b,g24p2_014,prior_only,88.88613120942583
gemma3-12b,g24p2_014,withheld_cf,57.19434610492984
gemma3-12b,g24p2_014,withheld_only,55.549058271442654
gemma3-12b,g24p2_014,withheld_strong,88.73269003585023
gemma3-12b,g24p2_015,base,0.029613304349304623
gemma3-12b,g24p2_015,prior_only,66.92024940619999
gemma3-12b,g24p2_015,withheld_cf,55.61062627992339
gemma3-12b,g24p2_015,withheld_only,55.55015802708471
gemma3-12b,g24p2_015,withheld_strong,55.47111192748212
gemma3-12b,g24p2_016,base,76.93491611983032
gemma3-12b,g24p2_016,prior_only,77.79424744823223
gemma3-12b,g24p2_016,withheld_cf,66.6090146217787
gemma3-12b,g24p2_016,withheld_only,55.53172334026382
gemma3-12b,g24p2_016,withheld_strong,77.93395512056324
gemma3-12b,g24p2_017,base,88.8801361847887
gemma3-12b,g24p2_017,prior_only,88.87619964221923
gemma3-12b,g24p2_017,withheld_cf,55.238163049441376
gemma3-12b,g24p2_017,withheld_only,55.54313092163938
gemma3-12b,g24p2_017,withheld_strong,55.34076827862497
gemma3-12b,g24p2_018,base,99.99972412862313
gemma3-12b,g24p2_018,prior_only,99.90469411860205
gemma3-12b,g24p2_018,withheld_cf,74.78969953631135
gemma3-12b,g24p2_018,withheld_only,55.549405925692525
gemma3-12b,g24p2_018,withheld_strong,99.99803509447226
gemma3-12b,g24p2_019,base,51.21003078772528
gemma3-12b,g24p2_019,prior_only,52.68725930547506
gemma3-12b,g24p2_019,withheld_cf,43.06508059257448
gemma3-12b,g24p2_019,withheld_only,55.519839758237836
gemma3-12b,g24p2_019,withheld_strong,27.821839254781892
gemma3-12b,g24p2_020,base,99.99890940355439
gemma3-12b,g24p2_020,prior_only,88.68908624848615
gemma3-12b,g24p2_020,withheld_cf,55.509172811558905
gemma3-12b,g24p2_020,withheld_only,55.54061135099561
gemma3-12b,g24p2_020,withheld_strong,88.92379300462066
gemma3-12b,g24p2_021,base,54.53095642419663
gemma3-12b,g24p2_021,prior_only,77.70761527198574
gemma3-12b,g24p2_021,withheld_cf,55.51006520386819
gemma3-12b,g24p2_021,withheld_only,55.51695815402092
gemma3-12b,g24p2_021,withheld_strong,55.45970876394748
gemma3-12b,g24p2_023,base,95.1352870258603
gemma3-12b,g24p2_023,prior_only,89.9483265833433
gemma3-12b,g24p2_023,withheld_cf,77.74794974812
gemma3-12b,g24p2_023,withheld_only,55.55084792855539
gemma3-12b,g24p2_023,withheld_strong,88.98404937247419
gemma3-12b,g24p2_024,base,66.65716824657642
gemma3-12b,g24p2_024,prior_only,66.6360826715606
gemma3-12b,g24p2_024,withheld_cf,55.53492961042702
gemma3-12b,g24p2_024,withheld_only,55.53804972625164
gemma3-12b,g24p2_024,withheld_strong,64.19282699768308
gemma3-12b,g24p2_026,base,68.69162465318979
gemma3-12b,g24p2_026,prior_only,70.23133523256787
gemma3-12b,g24p2_026,withheld_cf,51.06650193825265
gemma3-12b,g24p2_026,withheld_only,55.54276885261151
gemma3-12b,g24p2_026,withheld_strong,55.53781420541594
gemma3-12b,g24p2_027,base,99.98695420056998
gemma3-12b,g24p2_027,prior_only,88.96325135702367
gemma3-12b,g24p2_027,withheld_cf,88.83106834170471
gemma3-12b,g24p2_027,withheld_only,55.54514730923018
gemma3-12b,g24p2_027,withheld_strong,89.08872618581536
gemma3-12b,g24p2_028,base,39.85349605336898
gemma3-12b,g24p2_028,prior_only,11.100377054248293
gemma3-12b,g24p2_028,withheld_cf,33.98507209475102
gemma3-12b,g24p2_028,withheld_only,55.50562624906071
gemma3-12b,g24p2_028,withheld_strong,55.51227579869501
gemma3-12b,g24p2_029,base,99.96464051935868
gemma3-12b,g24p2_029,prior_only,88.8841517482183
gemma3-12b,g24p2_029,withheld_cf,55.48801292114568
gemma3-12b,g24p2_029,withheld_only,55.545540076145784
gemma3-12b,g24p2_029,withheld_strong,88.88586425165448
gemma3-12b,g24p2_033,base,55.54075535248951
gemma3-12b,g24p2_033,prior_only,23.271642878224416
gemma3-12b,g24p2_033,withheld_cf,55.53301151709328
gemma3-12b,g24p2_033,withheld_only,55.54639507357962
gemma3-12b,g24p2_033,withheld_strong,55.53797806455563
gemma3-12b,g24p2_034,base,66.68979304552906
gemma3-12b,g24p2_034,prior_only,74.21315065394361
gemma3-12b,g24p2_034,withheld_cf,55.13111101590396
gemma3-12b,g24p2_034,withheld_only,0.022347340409671314
gemma3-12b,g24p2_034,withheld_strong,66.66294632349695
gemma3-12b,g24p2_035,base,0.007979643088501527
gemma3-12b,g24p2_035,prior_only,0.0020008484298410863
gemma3-12b,g24p2_035,withheld_cf,11.057893896323117
gemma3-12b,g24p2_035,withheld_only,43.577740385256774
gemma3-12b,g24p2_035,withheld_strong,0.0020018771219092006
gemma3-12b,g24p2_036,base,88.88959258046046
gemma3-12b,g24p2_036,prior_only,88.8891229018389
gemma3-12b,g24p2_036,withheld_cf,88.81458218788757
gemma3-12b,g24p2_036,withheld_only,55.547583117716016
gemma3-12b,g24p2_036,withheld_strong,87.82945328470863
gemma3-12b,g24p2_037,base,22.125971359122925
gemma3-12b,g24p2_037,prior_only,0.01912299524507158
gemma3-12b,g24p2_037,withheld_cf,55.1896749753154
gemma3-12b,g24p2_037,withheld_only,0.0007528521826145856
gemma3-12b,g24p2_037,withheld_strong,55.5184792570933
gemma3-12b,g24p2_038,base,55.547531465663596
gemma3-12b,g24p2_038,prior_only,77.77005274586357
gemma3-12b,g24p2_038,withheld_cf,55.39094326902578
gemma3-12b,g24p2_038,withheld_only,0.6300771223609883
gemma3-12b,g24p2_038,withheld_strong,55.54046972042091
gemma3-12b,g24p2_039,base,55.54002231173116
gemma3-12b,g24p2_039,prior_only,11.541068181603052
gemma3-12b,g24p2_039,withheld_cf,55.540264045851245
gemma3-12b,g24p2_039,withheld_only,55.53749520702203
gemma3-12b,g24p2_039,withheld_strong,55.527548411250244
gemma3-12b,g24p2_040,base,99.97245929800238
gemma3-12b,g24p2_040,prior_only,99.99965427521111
gemma3-12b,g24p2_040,withheld_cf,55.550390898802945
gemma3-12b,g24p2_040,withheld_only,55.54552930727209
gemma3-12b,g24p2_040,withheld_strong,99.98461305251054
gemma3-12b,g24p2_041,base,99.99603910694397
gemma3-12b,g24p2_041,prior_only,11.09816974174932
gemma3-12b,g24p2_041,withheld_cf,55.52954984170935
gemma3-12b,g24p2_041,withheld_only,55.54653153518291
gemma3-12b,g24p2_041,withheld_strong,99.92503349672728
gemma3-12b,g24p2_043,base,88.76689029621792
gemma3-12b,g24p2_043,prior_only,99.3322373987508
gemma3-12b,g24p2_043,withheld_cf,55.42578505113168
gemma3-12b,g24p2_043,withheld_only,55.534129834874314
gemma3-12b,g24p2_043,withheld_strong,55.52598209607549
gemma3-12b,g24p2_044,base,88.88919017312382
gemma3-12b,g24p2_044,prior_only,88.88894800204987
gemma3-12b,g24p2_044,withheld_cf,66.69086578460485
gemma3-12b,g24p2_044,withheld_only,55.54905141645918
gemma3-12b,g24p2_044,withheld_strong,88.87765024486725
gemma3-12b,g24p2_046,base,36.4246328665335
gemma3-12b,g24p2_046,prior_only,44.38820028938279
gemma3-12b,g24p2_046,withheld_cf,54.86618248591177
gemma3-12b,g24p2_046,withheld_only,0.006680449591302594
gemma3-12b,g24p2_046,withheld_strong,55.433489211190434
gemma3-12b,g24p2_047,base,88.934034945737
gemma3-12b,g24p2_047,prior_only,88.89898647596223
gemma3-12b,g24p2_047,withheld_cf,62.471420484016875
gemma3-12b,g24p2_047,withheld_only,55.548980284375105
gemma3-12b,g24p2_047,withheld_strong,55.53036923079919
gemma3-12b,g24p2_048,base,0.0002721178408965234
gemma3-12b,g24p2_048,prior_only,2.5302421406264467e-05
gemma3-12b,g24p2_048,withheld_cf,55.55158979978901
gemma3-12b,g24p2_048,withheld_only,55.54315011733637
gemma3-12b,g24p2_048,withheld_strong,0.000309160764014596
gemma3-12b,g24p2_049,base,66.64875594542329
gemma3-12b,g24p2_049,prior_only,32.80863428723732
gemma3-12b,g24p2_049,withheld_cf,46.414259196488636
gemma3-12b,g24p2_049,withheld_only,0.007565484925192719
gemma3-12b,g24p2_049,withheld_strong,57.179994719556895
gemma3-12b,g24p2_051,base,99.9724311832895
gemma3-12b,g24p2_051,prior_only,99.15710254789423
gemma3-12b,g24p2_051,withheld_cf,58.54393416233001
gemma3-12b,g24p2_051,withheld_only,55.54942953185615
gemma3-12b,g24p2_051,withheld_strong,99.98692062281172
gemma3-12b,g24p2_053,base,61.10749161343189
gemma3-12b,g24p2_053,prior_only,77.25112640576401
gemma3-12b,g24p2_053,withheld_cf,55.520372292274445
gemma3-12b,g24p2_053,withheld_only,55.53293704495373
gemma3-12b,g24p2_053,withheld_strong,55.53604495160175
gemma3-12b,g24p2_054,base,78.10313013448484
gemma3-12b,g24p2_054,prior_only,88.87592835936182
gemma3-12b,g24p2_054,withheld_cf,54.74819454135171
gemma3-12b,g24p2_054,withheld_only,55.510904718405044
gemma3-12b,g24p2_054,withheld_strong,55.5268996221759
gemma3-12b,g24p2_055,base,99.99807625312252
gemma3-12b,g24p2_055,prior_only,99.999877201214
gemma3-12b,g24p2_055,withheld_cf,55.552559739476344
gemma3-12b,g24p2_055,withheld_only,55.532719454288376
gemma3-12b,g24p2_055,withheld_strong,99.99926170249392
gemma3-12b,g24p2_057,base,98.94055627666768
gemma3-12b,g24p2_057,prior_only,88.88622964900658
gemma3-12b,g24p2_057,withheld_cf,55.22468366593293
gemma3-12b,g24p2_057,withheld_only,55.480880772853915
gemma3-12b,g24p2_057,withheld_strong,55.4967966609229
gemma3-12b,g24p2_058,base,74.21307763882604
gemma3-12b,g24p2_058,prior_only,53.530695385538735
gemma3-12b,g24p2_058,withheld_cf,55.35788411343222
gemma3-12b,g24p2_058,withheld_only,0.31699717377351777
gemma3-12b,g24p2_058,withheld_strong,55.53798521979336
gemma3-12b,g24p2_059,base,62.463202913379455
gemma3-12b,g24p2_059,prior_only,66.68071739536705
gemma3-12b,g24p2_059,withheld_cf,49.406727213616556
gemma3-12b,g24p2_059,withheld_only,0.5561327671137563
gemma3-12b,g24p2_059,withheld_strong,55.29902077999986
gemma3-12b,g24p2_060,base,77.11134763172345
gemma3-12b,g24p2_060,prior_only,99.92562587249186
gemma3-12b,g24p2_060,withheld_cf,57.57764160245202
gemma3-12b,g24p2_060,withheld_only,55.5517845529623
gemma3-12b,g24p2_060,withheld_strong,55.54872359277928
gemma3-12b,g24p2_062,base,99.98674665137612
gemma3-12b,g24p2_062,prior_only,88.96325109477772
gemma3-12b,g24p2_062,withheld_cf,66.6839648277591
gemma3-12b,g24p2_062,withheld_only,55.54587820586117
gemma3-12b,g24p2_062,withheld_strong,99.98969638821825
gemma3-12b,g24p2_064,base,99.97229771238857
gemma3-12b,g24p2_064,prior_only,99.95767966623526
gemma3-12b,g24p2_064,withheld_cf,56.39322354732727
gemma3-12b,g24p2_064,withheld_only,55.54084301978021
gemma3-12b,g24p2_064,withheld_strong,63.68350903202755
gemma3-12b,g24p2_065,base,82.64247920272167
gemma3-12b,g24p2_065,prior_only,88.84370111939272
gemma3-12b,g24p2_065,withheld_cf,79.80465754929095
gemma3-12b,g24p2_065,withheld_only,55.545752726452655
gemma3-12b,g24p2_065,withheld_strong,88.88060038986507
gemma3-12b,g24p2_066,base,65.99870719153631
gemma3-12b,g24p2_066,prior_only,65.82362072107553
gemma3-12b,g24p2_066,withheld_cf,55.524660277217365
gemma3-12b,g24p2_066,withheld_only,55.54818288734627
gemma3-12b,g24p2_066,withheld_strong,55.424175926328175
gemma3-12b,g24p2_067,base,0.0004570625456784478
gemma3-12b,g24p2_067,prior_only,21.69541350197563
gemma3-12b,g24p2_067,withheld_cf,55.54472793844016
gemma3-12b,g24p2_067,withheld_only,55.53188186921848
gemma3-12b,g24p2_067,withheld_strong,55.50964686668163
gemma3-12b,g24p2_068,base,5.337320799923996
gemma3-12b,g24p2_068,prior_only,0.00031292590849108843
gemma3-12b,g24p2_068,withheld_cf,10.96497010829734
gemma3-12b,g24p2_068,withheld_only,0.01578920140132832
gemma3-12b,g24p2_068,withheld_strong,3.571690339657687
gemma3-12b,g24p2_069,base,0.00011405816843304943
gemma3-12b,g24p2_069,prior_only,23.274970712916723
gemma3-12b,g24p2_069,withheld_cf,55.54280452000181
gemma3-12b,g24p2_069,withheld_only,55.53676665023334
gemma3-12b,g24p2_069,withheld_strong,55.540071643777694
gemma3-12b,g24p2_070,base,99.99935517948913
gemma3-12b,g24p2_070,prior_only,99.99773355462676
gemma3-12b,g24p2_070,withheld_cf,88.88798044457145
gemma3-12b,g24p2_070,withheld_only,55.54588721005109
gemma3-12b,g24p2_070,withheld_strong,99.99879202019869
gemma3-12b,g24p2_071,base,67.99089891468223
gemma3-12b,g24p2_071,prior_only,77.25093454380881
gemma3-12b,g24p2_071,withheld_cf,55.528997191354364
gemma3-12b,g24p2_071,withheld_only,55.53789567283509
gemma3-12b,g24p2_071,withheld_strong,63.100132618223675
gemma3-12b,g24p2_072,base,77.83555065467375
gemma3-12b,g24p2_072,prior_only,77.79053425010888
gemma3-12b,g24p2_072,withheld_cf,55.54395442026717
gemma3-12b,g24p2_072,withheld_only,55.544792772304774
gemma3-12b,g24p2_072,withheld_strong,55.52246787306291
gemma3-12b,g24p2_073,base,0.0005861187200270818
gemma3-12b,g24p2_073,prior_only,0.005661581097348086
gemma3-12b,g24p2_073,withheld_cf,65.02515168946721
gemma3-12b,g24p2_073,withheld_only,55.5451499501772
gemma3-12b,g24p2_073,withheld_strong,0.0003984873451550304
gemma3-12b,g24p2_074,base,55.41634419805703
gemma3-12b,g24p2_074,prior_only,37.225831809529964
gemma3-12b,g24p2_074,withheld_cf,55.400324621415564
gemma3-12b,g24p2_074,withheld_only,55.53664034913682
gemma3-12b,g24p2_074,withheld_strong,55.52573320711813
gemma3-12b,g24p2_075,base,88.8919669748679
gemma3-12b,g24p2_075,prior_only,88.88537277138616
gemma3-12b,g24p2_075,withheld_cf,55.96031075474799
gemma3-12b,g24p2_075,withheld_only,55.54370850398297
gemma3-12b,g24p2_075,withheld_strong,66.63614389130834
gemma3-12b,g24p2_076,base,77.80302410242012
gemma3-12b,g24p2_076,prior_only,68.31184067562674
gemma3-12b,g24p2_076,withheld_cf,55.549453355931036
gemma3-12b,g24p2_076,withheld_only,55.54451727582463
gemma3-12b,g24p2_076,withheld_strong,77.70498799644271
gemma3-12b,g24p2_077,base,66.66666676555448
gemma3-12b,g24p2_077,prior_only,66.78871611274872
gemma3-12b,g24p2_077,withheld_cf,55.56425615820709
gemma3-12b,g24p2_077,withheld_only,55.532595543056416
gemma3-12b,g24p2_077,withheld_strong,61.79883310801337
gemma3-12b,g24p2_079,base,88.89674535794208
gemma3-12b,g24p2_079,prior_only,88.89359439753758
gemma3-12b,g24p2_079,withheld_cf,55.61379293996627
gemma3-12b,g24p2_079,withheld_only,55.54709231339639
gemma3-12b,g24p2_079,withheld_strong,52.202600725909065
gemma3-12b,g24p2_081,base,94.44443934289103
gemma3-12b,g24p2_081,prior_only,66.81819281739658
gemma3-12b,g24p2_081,withheld_cf,55.546144325003965
gemma3-12b,g24p2_081,withheld_only,55.5254385536826
gemma3-12b,g24p2_081,withheld_strong,55.48048776543768
gemma3-12b,g24p2_082,base,64.63694851031153
gemma3-12b,g24p2_082,prior_only,66.60885275887193
gemma3-12b,g24p2_082,withheld_cf,54.21563002983313
gemma3-12b,g24p2_082,withheld_only,33.932515240977
gemma3-12b,g24p2_082,withheld_strong,55.52662832102409
gemma3-12b,g24p2_083,base,55.550596490932236
gemma3-12b,g24p2_083,prior_only,99.99857978536689
gemma3-12b,g24p2_083,withheld_cf,55.51990427943772
gemma3-12b,g24p2_083,withheld_only,55.54082644559114
gemma3-12b,g24p2_083,withheld_strong,55.50962531500559
gemma3-12b,g24p2_084,base,0.41959392793779804
gemma3-12b,g24p2_084,prior_only,78.83697835786921
gemma3-12b,g24p2_084,withheld_cf,59.74336656663112
gemma3-12b,g24p2_084,withheld_only,53.52736554287375
gemma3-12b,g24p2_084,withheld_strong,99.99457779252613
gemma3-12b,g24p2_085,base,55.539420414518304
gemma3-12b,g24p2_085,prior_only,76.93496114343795
gemma3-12b,g24p2_085,withheld_cf,52.86468771784651
gemma3-12b,g24p2_085,withheld_only,55.534672117905394
gemma3-12b,g24p2_085,withheld_strong,55.527130331390175
gemma3-12b,g24p2_087,base,88.8791115760119
gemma3-12b,g24p2_087,prior_only,77.76583870712017
gemma3-12b,g24p2_087,withheld_cf,77.89699439519087
gemma3-12b,g24p2_087,withheld_only,55.54980102599822
gemma3-12b,g24p2_087,withheld_strong,83.33315676996129
gemma3-12b,g24p2_088,base,55.3975803641762
gemma3-12b,g24p2_088,prior_only,98.93739955280424
gemma3-12b,g24p2_088,withheld_cf,55.527625518880456
gemma3-12b,g24p2_088,withheld_only,55.52271373069715
gemma3-12b,g24p2_088,withheld_strong,55.538000189298856
gemma3-12b,g24p2_089,base,77.72377121268924
gemma3-12b,g24p2_089,prior_only,58.043047104209826
gemma3-12b,g24p2_089,withheld_cf,47.899312225098605
gemma3-12b,g24p2_089,withheld_only,55.52984659569754
gemma3-12b,g24p2_089,withheld_strong,43.540846106288626
gemma3-12b,g24p2_091,base,99.92559000974869
gemma3-12b,g24p2_091,prior_only,89.30363060174483
gemma3-12b,g24p2_091,withheld_cf,54.49414917186348
gemma3-12b,g24p2_091,withheld_only,55.51837931035176
gemma3-12b,g24p2_091,withheld_strong,90.53384101197075
gemma3-12b,g24p2_092,base,0.03280604288662933
gemma3-12b,g24p2_092,prior_only,0.541705607484958
gemma3-12b,g24p2_092,withheld_cf,20.898144756759038
gemma3-12b,g24p2_092,withheld_only,55.51351894808246
gemma3-12b,g24p2_092,withheld_strong,20.196659912738305
gemma3-12b,g24p2_093,base,90.21330434923094
gemma3-12b,g24p2_093,prior_only,88.89160288482793
gemma3-12b,g24p2_093,withheld_cf,55.442612141665585
gemma3-12b,g24p2_093,withheld_only,55.54300743396946
gemma3-12b,g24p2_093,withheld_strong,20.21259408977805
gemma3-12b,g24p2_094,base,99.99488466367694
gemma3-12b,g24p2_094,prior_only,93.08376456625831
gemma3-12b,g24p2_094,withheld_cf,66.00414830090725
gemma3-12b,g24p2_094,withheld_only,55.55192850135797
gemma3-12b,g24p2_094,withheld_strong,99.9418514382963
gemma3-12b,g24p2_096,base,77.75041637404611
gemma3-12b,g24p2_096,prior_only,77.77674950263774
gemma3-12b,g24p2_096,withheld_cf,55.5567644267919
gemma3-12b,g24p2_096,withheld_only,55.53955598902286
gemma3-12b,g24p2_096,withheld_strong,77.80103256403112
gemma3-12b,g24p2_098,base,55.53918490697335
gemma3-12b,g24p2_098,prior_only,88.89064233658733
gemma3-12b,g24p2_098,withheld_cf,55.549791857194094
gemma3-12b,g24p2_098,withheld_only,55.53234171247986
gemma3-12b,g24p2_098,withheld_strong,55.50978198990816
gemma3-12b,g24p2_099,base,0.0012105230808122354
gemma3-12b,g24p2_099,prior_only,0.0032886841213202347
gemma3-12b,g24p2_099,withheld_cf,2.4745035730116225
gemma3-12b,g24p2_099,withheld_only,0.022604365810690037
gemma3-12b,g24p2_099,withheld_strong,0.002903145503984004
gemma3-12b,g24p2_101,base,0.001221361786277526
gemma3-12b,g24p2_101,prior_only,0.00899116329387517
gemma3-12b,g24p2_101,withheld_cf,53.476079724749155
gemma3-12b,g24p2_101,withheld_only,55.53209830708108
gemma3-12b,g24p2_101,withheld_strong,0.0017744349897704302
gemma3-12b,g24p2_102,base,22.070640740612234
gemma3-12b,g24p2_102,prior_only,5.235567250870294
gemma3-12b,g24p2_102,withheld_cf,55.325938612533044
gemma3-12b,g24p2_102,withheld_only,0.001660958858947046
gemma3-12b,g24p2_102,withheld_strong,55.53552257783818
gemma3-12b,g24p2_103,base,55.481391767353415
gemma3-12b,g24p2_103,prior_only,56.867324802126056
gemma3-12b,g24p2_103,withheld_cf,55.39995705879563
gemma3-12b,g24p2_103,withheld_only,55.53797226936251
gemma3-12b,g24p2_103,withheld_strong,55.51862211713835
gemma3-12b,g24p2_104,base,66.70392809206754
gemma3-12b,g24p2_104,prior_only,66.51047843169003
gemma3-12b,g24p2_104,withheld_cf,49.83779000797229
gemma3-12b,g24p2_104,withheld_only,2.071449577842828
gemma3-12b,g24p2_104,withheld_strong,44.93109573212156
gemma3-12b,g24p2_105,base,55.70957607784921
gemma3-12b,g24p2_105,prior_only,66.57181491373765
gemma3-12b,g24p2_105,withheld_cf,55.528494666523024
gemma3-12b,g24p2_105,withheld_only,55.543990982724694
gemma3-12b,g24p2_105,withheld_strong,55.52780078966667
gemma3-12b,g24p2_107,base,66.41196921086906
gemma3-12b,g24p2_107,prior_only,32.91873807532937
gemma3-12b,g24p2_107,withheld_cf,45.3492533185889
gemma3-12b,g24p2_107,withheld_only,34.41876676324903
gemma3-12b,g24p2_107,withheld_strong,54.84282327575714
gemma3-12b,g24p2_108,base,88.87223727763279
gemma3-12b,g24p2_108,prior_only,88.22125924622713
gemma3-12b,g24p2_108,withheld_cf,65.99866911126657
gemma3-12b,g24p2_108,withheld_only,55.54775906821052
gemma3-12b,g24p2_108,withheld_strong,78.10335392652902
gemma3-12b,g24p2_110,base,85.32420744922202
gemma3-12b,g24p2_110,prior_only,88.8866650648402
gemma3-12b,g24p2_110,withheld_cf,66.50947750873505
gemma3-12b,g24p2_110,withheld_only,55.53106270748703
gemma3-12b,g24p2_110,withheld_strong,88.8855551019481
gemma3-12b,g24p2_111,base,99.95229257461459
gemma3-12b,g24p2_111,prior_only,69.64961177464981
gemma3-12b,g24p2_111,withheld_cf,89.04487431986362
gemma3-12b,g24p2_111,withheld_only,55.53936450852991
gemma3-12b,g24p2_111,withheld_strong,99.99523778491424
gemma3-12b,g24p2_112,base,56.30346997177111
gemma3-12b,g24p2_112,prior_only,32.665775510489006
gemma3-12b,g24p2_112,withheld_cf,43.84214776734588
gemma3-12b,g24p2_112,withheld_only,55.49540586083598
gemma3-12b,g24p2_112,withheld_strong,30.81161872463111
gemma3-12b,g24p2_113,base,88.7668298381382
gemma3-12b,g24p2_113,prior_only,88.88866392614673
gemma3-12b,g24p2_113,withheld_cf,66.4675655661768
gemma3-12b,g24p2_113,withheld_only,55.55011954888419
gemma3-12b,g24p2_113,withheld_strong,88.8683090620727
gemma3-12b,g24p2_114,base,93.75306290745556
gemma3-12b,g24p2_114,prior_only,99.95416954778027
gemma3-12b,g24p2_114,withheld_cf,54.64038060410622
gemma3-12b,g24p2_114,withheld_only,55.54204028372695
gemma3-12b,g24p2_114,withheld_strong,55.509418547050096
gemma3-12b,g24p2_115,base,7.676295238524264e-06
gemma3-12b,g24p2_115,prior_only,5.405830577691063e-05
gemma3-12b,g24p2_115,withheld_cf,55.45898484987772
gemma3-12b,g24p2_115,withheld_only,0.0015902942352967002
gemma3-12b,g24p2_115,withheld_strong,54.88089262623987
gemma3-12b,g24p2_116,base,0.0005791982567652791
gemma3-12b,g24p2_116,prior_only,0.667696900519091
gemma3-12b,g24p2_116,withheld_cf,55.547344422725025
gemma3-12b,g24p2_116,withheld_only,55.545690706006546
gemma3-12b,g24p2_116,withheld_strong,0.0005142389144086323
gemma3-12b,g24p2_117,base,56.87272084233062
gemma3-12b,g24p2_117,prior_only,66.13907070973788
gemma3-12b,g24p2_117,withheld_cf,50.42351647979296
gemma3-12b,g24p2_117,withheld_only,52.295443731169826
gemma3-12b,g24p2_117,withheld_strong,55.53377337145586
gemma3-12b,g24p2_120,base,88.84371725879505
gemma3-12b,g24p2_120,prior_only,88.6890758696183
gemma3-12b,g24p2_120,withheld_cf,55.026910654917266
gemma3-12b,g24p2_120,withheld_only,55.47813512613198
gemma3-12b,g24p2_120,withheld_strong,66.86399066858831
gemma3-12b,g24p2_121,base,88.89062050800445
gemma3-12b,g24p2_121,prior_only,88.88882922709263
gemma3-12b,g24p2_121,withheld_cf,77.68320265605814
gemma3-12b,g24p2_121,withheld_only,76.72017852298545
gemma3-12b,g24p2_121,withheld_strong,77.78851257309397
gemma3-12b,g24p2_122,base,77.52276143239766
gemma3-12b,g24p2_122,prior_only,77.85164146930977
gemma3-12b,g24p2_122,withheld_cf,53.46208765162029
gemma3-12b,g24p2_122,withheld_only,20.419065195139627
gemma3-12b,g24p2_122,withheld_strong,22.370581299089107
gemma3-12b,g24p2_123,base,55.09148987250363
gemma3-12b,g24p2_123,prior_only,44.35020203245138
gemma3-12b,g24p2_123,withheld_cf,55.34466930419533
gemma3-12b,g24p2_123,withheld_only,55.511986050607746
gemma3-12b,g24p2_123,withheld_strong,55.49709135996748
gemma3-12b,g24p2_125,base,34.64198699339086
gemma3-12b,g24p2_125,prior_only,66.62247942730474
gemma3-12b,g24p2_125,withheld_cf,55.42754814337811
gemma3-12b,g24p2_125,withheld_only,3.3431957192399473
gemma3-12b,g24p2_125,withheld_strong,55.17724546666035
gemma3-12b,g24p2_126,base,77.11035309597361
gemma3-12b,g24p2_126,prior_only,66.71150055688051
gemma3-12b,g24p2_126,withheld_cf,55.30869342021899
gemma3-12b,g24p2_126,withheld_only,53.688989422186395
gemma3-12b,g24p2_126,withheld_strong,54.592917497309074
gemma3-12b,g24p2_128,base,95.80509213094231
gemma3-12b,g24p2_128,prior_only,99.80013987041934
gemma3-12b,g24p2_128,withheld_cf,55.5405454044155
gemma3-12b,g24p2_128,withheld_only,55.53846124392501
gemma3-12b,g24p2_128,withheld_strong,55.523861151396694
gemma3-12b,g24p2_129,base,46.77307979820782
gemma3-12b,g24p2_129,prior_only,66.59334666993924
gemma3-12b,g24p2_129,withheld_cf,55.4752903896386
gemma3-12b,g24p2_129,withheld_only,55.52559695044049
gemma3-12b,g24p2_129,withheld_strong,55.540750399256574
gemma3-12b,g24p2_130,base,55.50830123388917
gemma3-12b,g24p2_130,prior_only,26.411318594507716
gemma3-12b,g24p2_130,withheld_cf,55.4562239660712
gemma3-12b,g24p2_130,withheld_only,55.36598409017324
gemma3-12b,g24p2_130,withheld_strong,55.495899817240385
gemma3-12b,g24p2_131,base,41.85009465136598
gemma3-12b,g24p2_131,prior_only,66.6120201619681
gemma3-12b,g24p2_131,withheld_cf,54.51647806216271
gemma3-12b,g24p2_131,withheld_only,0.019392424943743717
gemma3-12b,g24p2_131,withheld_strong,55.47614792251338
gemma3-12b,g24p2_132,base,0.003740764662459683
gemma3-12b,g24p2_132,prior_only,0.15628072384285488
gemma3-12b,g24p2_132,withheld_cf,55.471744244136396
gemma3-12b,g24p2_132,withheld_only,55.51739926677128
gemma3-12b,g24p2_132,withheld_strong,55.516675607907246
gemma3-12b,g24p2_133,base,88.93410416475263
gemma3-12b,g24p2_133,prior_only,88.89672698600523
gemma3-12b,g24p2_133,withheld_cf,88.89072144752043
gemma3-12b,g24p2_133,withheld_only,55.53590992017311
gemma3-12b,g24p2_133,withheld_strong,88.47416235043535
gemma3-12b,g24p2_134,base,99.99811705587523
gemma3-12b,g24p2_134,prior_only,99.99958302223418
gemma3-12b,g24p2_134,withheld_cf,77.83289237873942
gemma3-12b,g24p2_134,withheld_only,55.548743396225646
gemma3-12b,g24p2_134,withheld_strong,88.90529745313772
gemma3-12b,g24p2_135,base,0.0005796825889856234
gemma3-12b,g24p2_135,prior_only,0.00012821615226781208
gemma3-12b,g24p2_135,withheld_cf,0.0029566462118213324
gemma3-12b,g24p2_135,withheld_only,55.53526499034448
gemma3-12b,g24p2_135,withheld_strong,0.0020280726578861255
gemma3-12b,g24p2_136,base,55.552440532615904
gemma3-12b,g24p2_136,prior_only,69.6549131574015
gemma3-12b,g24p2_136,withheld_cf,55.49976282389401
gemma3-12b,g24p2_136,withheld_only,55.52641869620961
gemma3-12b,g24p2_136,withheld_strong,55.53302874434664
gemma3-12b,g24p2_137,base,10.786486810396749
gemma3-12b,g24p2_137,prior_only,42.82575194020794
gemma3-12b,g24p2_137,withheld_cf,22.164491582063636
gemma3-12b,g24p2_137,withheld_only,55.531855365342736
gemma3-12b,g24p2_137,withheld_strong,55.4583300236718
gemma3-12b,g24p2_138,base,77.83484931238048
gemma3-12b,g24p2_138,prior_only,66.69388421116342
gemma3-12b,g24p2_138,withheld_cf,55.43556197350704
gemma3-12b,g24p2_138,withheld_only,55.5353071078711
gemma3-12b,g24p2_138,withheld_strong,66.81885043443154
gemma3-12b,g24p2_140,base,55.54540531571994
gemma3-12b,g24p2_140,prior_only,66.72290179404546
gemma3-12b,g24p2_140,withheld_cf,55.30869075542213
gemma3-12b,g24p2_140,withheld_only,55.51523988712095
gemma3-12b,g24p2_140,withheld_strong,55.479703651979726
gemma3-12b,g24p2_141,base,66.64969000810424
gemma3-12b,g24p2_141,prior_only,77.11076916794225
gemma3-12b,g24p2_141,withheld_cf,55.48848163362806
gemma3-12b,g24p2_141,withheld_only,55.53038120337258
gemma3-12b,g24p2_141,withheld_strong,55.50734744587165
gemma3-12b,g24p2_142,base,66.69966052312526
gemma3-12b,g24p2_142,prior_only,66.66857312034308
gemma3-12b,g24p2_142,withheld_cf,55.52357281039835
gemma3-12b,g24p2_142,withheld_only,55.54101451164822
gemma3-12b,g24p2_142,withheld_strong,55.54152488809612
gemma3-12b,g24p2_143,base,56.79155243346926
gemma3-12b,g24p2_143,prior_only,66.70931983085411
gemma3-12b,g24p2_143,withheld_cf,55.48916102138777
gemma3-12b,g24p2_143,withheld_only,55.5316871476567
gemma3-12b,g24p2_143,withheld_strong,54.14192756686751
gemma3-12b,g24p2_144,base,77.76784217666075
gemma3-12b,g24p2_144,prior_only,66.66380245253919
gemma3-12b,g24p2_144,withheld_cf,55.554255590647095
gemma3-12b,g24p2_144,withheld_only,55.5142886574116
gemma3-12b,g24p2_144,withheld_strong,65.02567989003032
gemma3-12b,g24p2_145,base,88.83094016266438
gemma3-12b,g24p2_145,prior_only,88.87594072376257
gemma3-12b,g24p2_145,withheld_cf,66.92117318245596
gemma3-12b,g24p2_145,withheld_only,55.54090040216658
gemma3-12b,g24p2_145,withheld_strong,88.88034644639023
gemma3-12b,g24p2_146,base,41.98170290202419
gemma3-12b,g24p2_146,prior_only,43.61449162754118
gemma3-12b,g24p2_146,withheld_cf,55.0932745731487
gemma3-12b,g24p2_146,withheld_only,0.16616602102625888
gemma3-12b,g24p2_146,withheld_strong,38.22709949330648
gemma3-12b,g24p2_147,base,92.45356409238772
gemma3-12b,g24p2_147,prior_only,89.73172862290059
gemma3-12b,g24p2_147,withheld_cf,55.52109065177529
gemma3-12b,g24p2_147,withheld_only,55.54105282885718
gemma3-12b,g24p2_147,withheld_strong,88.89850647583911
gemma3-12b,g24p2_148,base,11.631422151236517
gemma3-12b,g24p2_148,prior_only,10.051815818325878
gemma3-12b,g24p2_148,withheld_cf,11.168875036034612
gemma3-12b,g24p2_148,withheld_only,0.0038452438375760354
gemma3-12b,g24p2_148,withheld_strong,14.653706757217757
gemma3-12b,g24p2_149,base,0.0054604477719091965
gemma3-12b,g24p2_149,prior_only,11.138497122816004
gemma3-12b,g24p2_149,withheld_cf,22.210926964401967
gemma3-12b,g24p2_149,withheld_only,55.52468674700099
gemma3-12b,g24p2_149,withheld_strong,22.281916835769735
gemma3-12b,g24p2_150,base,55.52865413169698
gemma3-12b,g24p2_150,prior_only,44.37183623154873
gemma3-12b,g24p2_150,withheld_cf,55.123791575678446
gemma3-12b,g24p2_150,withheld_only,55.512747097402
gemma3-12b,g24p2_150,withheld_strong,55.54449019294149
gemma3-12b,g24p2_153,base,91.87676045077525
gemma3-12b,g24p2_153,prior_only,88.76706566080529
gemma3-12b,g24p2_153,withheld_cf,77.25187592178737
gemma3-12b,g24p2_153,withheld_only,79.42106347065845
gemma3-12b,g24p2_153,withheld_strong,79.42194692787956
gemma3-12b,g24p2_154,base,55.58635488781326
gemma3-12b,g24p2_154,prior_only,11.10845487092482
gemma3-12b,g24p2_154,withheld_cf,55.538319611824356
gemma3-12b,g24p2_154,withheld_only,55.53730541397753
gemma3-12b,g24p2_154,withheld_strong,55.509452455533015
gemma3-12b,g24p2_156,base,99.99708112278357
gemma3-12b,g24p2_156,prior_only,99.97252483137464
gemma3-12b,g24p2_156,withheld_cf,88.89932071762608
gemma3-12b,g24p2_156,withheld_only,55.54868355569494
gemma3-12b,g24p2_156,withheld_strong,97.97295202807982
gemma3-12b,g24p2_158,base,22.19438412796215
gemma3-12b,g24p2_158,prior_only,33.3296484244656
gemma3-12b,g24p2_158,withheld_cf,53.73704831728631
gemma3-12b,g24p2_158,withheld_only,55.53828930843179
gemma3-12b,g24p2_158,withheld_strong,55.39772572033017
gemma3-12b,g24p2_159,base,76.13304644601408
gemma3-12b,g24p2_159,prior_only,88.888213704029
gemma3-12b,g24p2_159,withheld_cf,55.45429335420288
gemma3-12b,g24p2_159,withheld_only,55.53100833089193
gemma3-12b,g24p2_159,withheld_strong,55.54205327535006
gemma3-12b,g24p2_160,base,97.97300317541038
gemma3-12b,g24p2_160,prior_only,97.97303906115434
gemma3-12b,g24p2_160,withheld_cf,77.77777774700948
gemma3-12b,g24p2_160,withheld_only,55.54946601568603
gemma3-12b,g24p2_160,withheld_strong,97.01148648240859
gemma3-12b,g24p2_161,base,0.00621678997526624
gemma3-12b,g24p2_161,prior_only,7.547011242139941
gemma3-12b,g24p2_161,withheld_cf,12.435546603477553
gemma3-12b,g24p2_161,withheld_only,55.546692426217646
gemma3-12b,g24p2_161,withheld_strong,9.493026154907017
gemma3-12b,g24p2_163,base,87.56444262195505
gemma3-12b,g24p2_163,prior_only,22.16432082302791
gemma3-12b,g24p2_163,withheld_cf,55.965122469674014
gemma3-12b,g24p2_163,withheld_only,55.550117588371506
gemma3-12b,g24p2_163,withheld_strong,21.87923410517145
gemma3-12b,g24p2_164,base,98.67552267000876
gemma3-12b,g24p2_164,prior_only,88.89891201917276
gemma3-12b,g24p2_164,withheld_cf,55.50619038473162
gemma3-12b,g24p2_164,withheld_only,55.540160057069606
gemma3-12b,g24p2_164,withheld_strong,55.54675929150969
gemma3-12b,g24p2_165,base,55.54453996071635
gemma3-12b,g24p2_165,prior_only,88.90148950294753
gemma3-12b,g24p2_165,withheld_cf,55.52389684870529
gemma3-12b,g24p2_165,withheld_only,55.53968554936584
gemma3-12b,g24p2_165,withheld_strong,55.541468310486465
gemma3-12b,g24p2_167,base,77.72132379009517
gemma3-12b,g24p2_167,prior_only,66.68802204737773
gemma3-12b,g24p2_167,withheld_cf,53.707459534615715
gemma3-12b,g24p2_167,withheld_only,55.53427291145713
gemma3-12b,g24p2_167,withheld_strong,52.88655670883017
gemma3-12b,g24p2_169,base,99.99906009218138
gemma3-12b,g24p2_169,prior_only,88.04602359040825
gemma3-12b,g24p2_169,withheld_cf,42.432094410576575
gemma3-12b,g24p2_169,withheld_only,55.529039832847666
gemma3-12b,g24p2_169,withheld_strong,99.99756262080211
gemma3-12b,g24p2_170,base,22.2064883095877
gemma3-12b,g24p2_170,prior_only,54.539327825017594
gemma3-12b,g24p2_170,withheld_cf,55.049390148503164
gemma3-12b,g24p2_170,withheld_only,1.0063234326188233
gemma3-12b,g24p2_170,withheld_strong,55.50858445559341
gemma3-12b,g24p2_171,base,80.25212622433475
gemma3-12b,g24p2_171,prior_only,66.66294761829687
gemma3-12b,g24p2_171,withheld_cf,55.584198035472305
gemma3-12b,g24p2_171,withheld_only,16.406383239390006
gemma3-12b,g24p2_171,withheld_strong,60.41710215803187
gemma3-12b,g24p2_172,base,99.95327884393544
gemma3-12b,g24p2_172,prior_only,88.8900741825542
gemma3-12b,g24p2_172,withheld_cf,55.5373117495801
gemma3-12b,g24p2_172,withheld_only,40.05360535061229
gemma3-12b,g24p2_172,withheld_strong,55.496914912970226
gemma3-12b,g24p2_174,base,77.77777752974562
gemma3-12b,g24p2_174,prior_only,88.88912460415133
gemma3-12b,g24p2_174,withheld_cf,55.510512895275575
gemma3-12b,g24p2_174,withheld_only,55.539240434521
gemma3-12b,g24p2_174,withheld_strong,66.64870822814547
gemma3-12b,g24p2_175,base,99.74469311207311
gemma3-12b,g24p2_175,prior_only,88.91636063373585
gemma3-12b,g24p2_175,withheld_cf,88.87613147013727
gemma3-12b,g24p2_175,withheld_only,55.544252875423666
gemma3-12b,g24p2_175,withheld_strong,89.0887303142162
gemma3-12b,g24p2_176,base,89.30362881582644
gemma3-12b,g24p2_176,prior_only,99.99935386636209
gemma3-12b,g24p2_176,withheld_cf,66.6380615136055
gemma3-12b,g24p2_176,withheld_only,55.551734123583664
gemma3-12b,g24p2_176,withheld_strong,67.32974161501193
gemma3-12b,g24p2_177,base,90.2133555613341
gemma3-12b,g24p2_177,prior_only,89.08873194977082
gemma3-12b,g24p2_177,withheld_cf,77.7564264735722
gemma3-12b,g24p2_177,withheld_only,55.550149083544994
gemma3-12b,g24p2_177,withheld_strong,92.45343249275065
gemma3-12b,g24p2_178,base,99.99836011793285
gemma3-12b,g24p2_178,prior_only,66.70147294487681
gemma3-12b,g24p2_178,withheld_cf,55.505234690788065
gemma3-12b,g24p2_178,withheld_only,5.491205278410882
gemma3-12b,g24p2_178,withheld_strong,99.99770281786101
gemma3-12b,g24p2_179,base,55.524140245940565
gemma3-12b,g24p2_179,prior_only,55.57188255924396
gemma3-12b,g24p2_179,withheld_cf,55.127151077771074
gemma3-12b,g24p2_179,withheld_only,55.531933242318814
gemma3-12b,g24p2_179,withheld_strong,55.519761540866234
gemma3-12b,g24p2_180,base,6.916770534177243
gemma3-12b,g24p2_180,prior_only,87.26463759519328
gemma3-12b,g24p2_180,withheld_cf,55.543590038499424
gemma3-12b,g24p2_180,withheld_only,55.53918925795511
gemma3-12b,g24p2_180,withheld_strong,88.88546030640326
gemma3-12b,g24p2_181,base,0.0025638694243926047
gemma3-12b,g24p2_181,prior_only,0.0069613131499263355
gemma3-12b,g24p2_181,withheld_cf,7.546519306617902
gemma3-12b,g24p2_181,withheld_only,0.13897969535681415
gemma3-12b,g24p2_181,withheld_strong,0.0005764003199770991
gemma3-12b,g24p2_184,base,0.2553087353634012
gemma3-12b,g24p2_184,prior_only,10.954849336142138
gemma3-12b,g24p2_184,withheld_cf,2.0269560792377885
gemma3-12b,g24p2_184,withheld_only,11.037221398726867
gemma3-12b,g24p2_184,withheld_strong,10.2682528266009
gemma3-12b,g24p2_185,base,55.173733996183586
gemma3-12b,g24p2_185,prior_only,0.02143337210239811
gemma3-12b,g24p2_185,withheld_cf,55.54226469745014
gemma3-12b,g24p2_185,withheld_only,55.53694691514295
gemma3-12b,g24p2_185,withheld_strong,55.50966128585121
gemma3-12b,g24p2_186,base,22.14875459070289
gemma3-12b,g24p2_186,prior_only,22.21292420111498
gemma3-12b,g24p2_186,withheld_cf,47.420756464636355
gemma3-12b,g24p2_186,withheld_only,55.52966712527661
gemma3-12b,g24p2_186,withheld_strong,55.50816640324462
gemma3-12b,g24p2_187,base,33.82048692272364
gemma3-12b,g24p2_187,prior_only,46.084103520497436
gemma3-12b,g24p2_187,withheld_cf,55.546143998219435
gemma3-12b,g24p2_187,withheld_only,55.319898768351464
gemma3-12b,g24p2_187,withheld_strong,55.530265167903565
gemma3-12b,g24p2_189,base,89.04514927170038
gemma3-12b,g24p2_189,prior_only,88.89346236697547
gemma3-12b,g24p2_189,withheld_cf,66.74059025637784
gemma3-12b,g24p2_189,withheld_only,55.547650334013014
gemma3-12b,g24p2_189,withheld_strong,88.73301695801791
gemma3-12b,g24p2_190,base,88.88130799354438
gemma3-12b,g24p2_190,prior_only,77.79222891421722
gemma3-12b,g24p2_190,withheld_cf,55.499652389941545
gemma3-12b,g24p2_190,withheld_only,55.53349211386855
gemma3-12b,g24p2_190,withheld_strong,77.73665625957811
gemma3-12b,g24p2_191,base,48.749330283507874
gemma3-12b,g24p2_191,prior_only,21.175467253737295
gemma3-12b,g24p2_191,withheld_cf,55.51904671222154
gemma3-12b,g24p2_191,withheld_only,55.54397872857178
gemma3-12b,g24p2_191,withheld_strong,55.510082801461174
gemma3-12b,g24p2_192,base,99.67428241307209
gemma3-12b,g24p2_192,prior_only,77.78146031246338
gemma3-12b,g24p2_192,withheld_cf,55.20901707062231
gemma3-12b,g24p2_192,withheld_only,55.543142474385846
gemma3-12b,g24p2_192,withheld_strong,99.96461518814208
gemma3-12b,g24p2_193,base,77.11015527557691
gemma3-12b,g24p2_193,prior_only,77.8050659900815
gemma3-12b,g24p2_193,withheld_cf,54.55263729826405
gemma3-12b,g24p2_193,withheld_only,10.721974190268215
gemma3-12b,g24p2_193,withheld_strong,66.65887687045574
gemma3-12b,g24p2_194,base,11.078761368021581
gemma3-12b,g24p2_194,prior_only,11.036823509896442
gemma3-12b,g24p2_194,withheld_cf,54.34769620749356
gemma3-12b,g24p2_194,withheld_only,0.0024566730157106155
gemma3-12b,g24p2_194,withheld_strong,5.04397687926593
gemma3-12b,g24p2_196,base,37.73681177065819
gemma3-12b,g24p2_196,prior_only,0.1113968030375682
gemma3-12b,g24p2_196,withheld_cf,55.5103801527297
gemma3-12b,g24p2_196,withheld_only,55.542957080466444
gemma3-12b,g24p2_196,withheld_strong,55.507570456967464
gemma3-12b,g24p2_198,base,66.5901544427545
gemma3-12b,g24p2_198,prior_only,21.803345822129707
gemma3-12b,g24p2_198,withheld_cf,55.52714067920521
gemma3-12b,g24p2_198,withheld_only,55.54622205881614
gemma3-12b,g24p2_198,withheld_strong,0.10607148673916435
gemma3-12b,g24p2_200,base,64.19243352764204
gemma3-12b,g24p2_200,prior_only,66.4112715958781
gemma3-12b,g24p2_200,withheld_cf,52.61622828234201
gemma3-12b,g24p2_200,withheld_only,55.48357471286547
gemma3-12b,g24p2_200,withheld_strong,46.59609461833918
gemma3-12b,g24p2_201,base,0.03526835627223378
gemma3-12b,g24p2_201,prior_only,0.027478269370079182
gemma3-12b,g24p2_201,withheld_cf,17.858761692547095
gemma3-12b,g24p2_201,withheld_only,0.0018573128769008107
gemma3-12b,g24p2_201,withheld_strong,0.6350796090382078
gemma3-12b,g24p2_202,base,0.0009429277521098822
gemma3-12b,g24p2_202,prior_only,0.0005049307578407628
gemma3-12b,g24p2_202,withheld_cf,0.6676464406620797
gemma3-12b,g24p2_202,withheld_only,0.00030727762049668453
gemma3-12b,g24p2_202,withheld_strong,0.0013734490936941372
gemma3-12b,g24p2_203,base,66.65654431029593
gemma3-12b,g24p2_203,prior_only,67.19358178142187
gemma3-12b,g24p2_203,withheld_cf,55.0023298609874
gemma3-12b,g24p2_203,withheld_only,55.497630282976836
gemma3-12b,g24p2_203,withheld_strong,55.52673432231485
gemma3-12b,g24p2_204,base,66.66269991866268
gemma3-12b,g24p2_204,prior_only,66.66666209421369
gemma3-12b,g24p2_204,withheld_cf,55.527589148258386
gemma3-12b,g24p2_204,withheld_only,0.11354299488821629
gemma3-12b,g24p2_204,withheld_strong,54.97612489448531
gemma3-12b,g24p2_207,base,33.36632890593277
gemma3-12b,g24p2_207,prior_only,33.42799627071415
gemma3-12b,g24p2_207,withheld_cf,33.38761601818706
gemma3-12b,g24p2_207,withheld_only,46.34820887689761
gemma3-12b,g24p2_207,withheld_strong,33.65617368260553
gemma3-12b,g24p2_208,base,92.07690085088888
gemma3-12b,g24p2_208,prior_only,59.74526848400569
gemma3-12b,g24p2_208,withheld_cf,55.47967314830389
gemma3-12b,g24p2_208,withheld_only,55.5128939044629
gemma3-12b,g24p2_208,withheld_strong,55.441267704671205
gemma3-12b,g24p2_211,base,55.49633594561844
gemma3-12b,g24p2_211,prior_only,1.3460098789846615
gemma3-12b,g24p2_211,withheld_cf,54.42269374714344
gemma3-12b,g24p2_211,withheld_only,0.004993459863618788
gemma3-12b,g24p2_211,withheld_strong,55.50333997230262
gemma3-12b,g24p2_213,base,55.78972479995728
gemma3-12b,g24p2_213,prior_only,59.05370124306267
gemma3-12b,g24p2_213,withheld_cf,55.38433230326271
gemma3-12b,g24p2_213,withheld_only,55.47489398394171
gemma3-12b,g24p2_213,withheld_strong,55.431978018496174
gemma3-12b,g24p2_214,base,10.865925544342096
gemma3-12b,g24p2_214,prior_only,11.436413534983737
gemma3-12b,g24p2_214,withheld_cf,55.39307458561271
gemma3-12b,g24p2_214,withheld_only,0.003826144754910003
gemma3-12b,g24p2_214,withheld_strong,55.15564644936305
gemma3-12b,g24p2_215,base,56.07841353487445
gemma3-12b,g24p2_215,prior_only,56.21949985075744
gemma3-12b,g24p2_215,withheld_cf,55.37229054968962
gemma3-12b,g24p2_215,withheld_only,55.54380038885108
gemma3-12b,g24p2_215,withheld_strong,55.46353866444184
gemma3-12b,g24p2_216,base,84.69399220440935
gemma3-12b,g24p2_216,prior_only,88.79359225830531
gemma3-12b,g24p2_216,withheld_cf,66.1400860043346
gemma3-12b,g24p2_216,withheld_only,55.529747798587636
gemma3-12b,g24p2_216,withheld_strong,77.76783911009979
gemma3-12b,g24p2_217,base,91.36333437191318
gemma3-12b,g24p2_217,prior_only,88.88920764013665
gemma3-12b,g24p2_217,withheld_cf,66.66007841007823
gemma3-12b,g24p2_217,withheld_only,55.5495650220001
gemma3-12b,g24p2_217,withheld_strong,95.13526509948298
gemma3-12b,g24p2_218,base,55.526938833749
gemma3-12b,g24p2_218,prior_only,66.4115868731643
gemma3-12b,g24p2_218,withheld_cf,55.446890846246156
gemma3-12b,g24p2_218,withheld_only,55.54584683128595
gemma3-12b,g24p2_218,withheld_strong,55.51099784329143
gemma3-12b,g24p2_219,base,55.55249488405496
gemma3-12b,g24p2_219,prior_only,63.10009694646869
gemma3-12b,g24p2_219,withheld_cf,55.527840655101436
gemma3-12b,g24p2_219,withheld_only,55.54280075463213
gemma3-12b,g24p2_219,withheld_strong,55.544179201314506
gemma3-12b,g24p2_220,base,88.89139775900216
gemma3-12b,g24p2_220,prior_only,14.096839825889784
gemma3-12b,g24p2_220,withheld_cf,55.54990691809074
gemma3-12b,g24p2_220,withheld_only,55.544841218364446
gemma3-12b,g24p2_220,withheld_strong,0.003329941806896257
gemma3-12b,g24p2_223,base,0.01012748179858199
gemma3-12b,g24p2_223,prior_only,0.027486252293451557
gemma3-12b,g24p2_223,withheld_cf,0.07438342949202187
gemma3-12b,g24p2_223,withheld_only,0.003110731335226909
gemma3-12b,g24p2_223,withheld_strong,55.1026905408067
gemma3-12b,g24p2_224,base,68.30913742728367
gemma3-12b,g24p2_224,prior_only,77.76677717868473
gemma3-12b,g24p2_224,withheld_cf,55.59188662709512
gemma3-12b,g24p2_224,withheld_only,66.42048334600162
gemma3-12b,g24p2_224,withheld_strong,88.22128670788805
gemma3-12b,g24p2_225,base,72.91179394628846
gemma3-12b,g24p2_225,prior_only,66.57650893866597
gemma3-12b,g24p2_225,withheld_cf,55.30831533118566
gemma3-12b,g24p2_225,withheld_only,55.48462402860372
gemma3-12b,g24p2_225,withheld_strong,77.77490029646043
gemma3-12b,g24p2_227,base,88.92410413769177
gemma3-12b,g24p2_227,prior_only,88.93410976142258
gemma3-12b,g24p2_227,withheld_cf,56.60926019519916
gemma3-12b,g24p2_227,withheld_only,55.5486489208736
gemma3-12b,g24p2_227,withheld_strong,55.54215569320713
gemma3-12b,g24p2_228,base,66.51022004893527
gemma3-12b,g24p2_228,prior_only,59.73212901929485
gemma3-12b,g24p2_228,withheld_cf,55.534421571695496
gemma3-12b,g24p2_228,withheld_only,0.006432478110541471
gemma3-12b,g24p2_228,withheld_strong,46.606578774024506
gemma3-12b,g24p2_230,base,66.56849705107828
gemma3-12b,g24p2_230,prior_only,82.64166079873695
gemma3-12b,g24p2_230,withheld_cf,38.373878112419604
gemma3-12b,g24p2_230,withheld_only,55.53074278395384
gemma3-12b,g24p2_230,withheld_strong,87.56444137453809
gemma3-12b,g24p2_231,base,89.55636482462761
gemma3-12b,g24p2_231,prior_only,88.73306682476492
gemma3-12b,g24p2_231,withheld_cf,59.11816042398795
gemma3-12b,g24p2_231,withheld_only,55.54736687109979
gemma3-12b,g24p2_231,withheld_strong,55.51721850196926
gemma3-12b,g24p2_232,base,3.2663681179472985e-05
gemma3-12b,g24p2_232,prior_only,0.00018709400012193795
gemma3-12b,g24p2_232,withheld_cf,55.53560640002469
gemma3-12b,g24p2_232,withheld_only,55.52195223727548
gemma3-12b,g24p2_232,withheld_strong,55.49694429142308
gemma3-12b,g24p2_233,base,88.69686205230458
gemma3-12b,g24p2_233,prior_only,88.89128629793694
gemma3-12b,g24p2_233,withheld_cf,55.49707546689144
gemma3-12b,g24p2_233,withheld_only,55.53166774375907
gemma3-12b,g24p2_233,withheld_strong,99.67429918416417
gemma3-12b,g24p2_234,base,66.6402750306505
gemma3-12b,g24p2_234,prior_only,77.77623986426374
gemma3-12b,g24p2_234,withheld_cf,55.52765226299276
gemma3-12b,g24p2_234,withheld_only,55.537608458220994
gemma3-12b,g24p2_234,withheld_strong,77.75727092039726
gemma3-12b,g24p2_235,base,55.51092027372856
gemma3-12b,g24p2_235,prior_only,1.0594651964764257
gemma3-12b,g24p2_235,withheld_cf,55.552452196547144
gemma3-12b,g24p2_235,withheld_only,55.54683393785271
gemma3-12b,g24p2_235,withheld_strong,55.52771239079485
gemma3-12b,g24p2_237,base,55.67666834954151
gemma3-12b,g24p2_237,prior_only,66.76061720810915
gemma3-12b,g24p2_237,withheld_cf,55.51669491390723
gemma3-12b,g24p2_237,withheld_only,55.544952937328866
gemma3-12b,g24p2_237,withheld_strong,55.478913890261666
gemma3-12b,g24p2_238,base,0.00021538212923778946
gemma3-12b,g24p2_238,prior_only,18.653043845599655
gemma3-12b,g24p2_238,withheld_cf,55.09184790587024
gemma3-12b,g24p2_238,withheld_only,55.521768538323514
gemma3-12b,g24p2_238,withheld_strong,55.53698832636167
gemma3-12b,g24p2_239,base,0.03526096908969489
gemma3-12b,g24p2_239,prior_only,22.225084641723456
gemma3-12b,g24p2_239,withheld_cf,55.50310303228446
gemma3-12b,g24p2_239,withheld_only,55.53733181989556
gemma3-12b,g24p2_239,withheld_strong,55.48072146836426
gemma3-12b,g24p2_240,base,55.413476395485624
gemma3-12b,g24p2_240,prior_only,22.212490868393804
gemma3-12b,g24p2_240,withheld_cf,55.05562812592325
gemma3-12b,g24p2_240,withheld_only,55.33843106590351
gemma3-12b,g24p2_240,withheld_strong,55.61621897943572
gemma3-12b,g24p2_242,base,55.550804101163955
gemma3-12b,g24p2_242,prior_only,77.78851355182023
gemma3-12b,g24p2_242,withheld_cf,55.53619999170011
gemma3-12b,g24p2_242,withheld_only,55.53505085684637
gemma3-12b,g24p2_242,withheld_strong,55.52668477995738
gemma3-12b,g24p2_245,base,0.002301368357348531
gemma3-12b,g24p2_245,prior_only,11.257268841143492
gemma3-12b,g24p2_245,withheld_cf,55.540607453845816
gemma3-12b,g24p2_245,withheld_only,55.536683910425864
gemma3-12b,g24p2_245,withheld_strong,0.0015863242629688547
gemma3-12b,g24p2_246,base,55.44438745555818
gemma3-12b,g24p2_246,prior_only,0.03135727566550526
gemma3-12b,g24p2_246,withheld_cf,55.55106998325562
gemma3-12b,g24p2_246,withheld_only,55.53867183565916
gemma3-12b,g24p2_246,withheld_strong,55.53365875288337
gemma3-12b,g24p2_247,base,88.90847021672569
gemma3-12b,g24p2_247,prior_only,88.88981716901893
gemma3-12b,g24p2_247,withheld_cf,55.551293753936264
gemma3-12b,g24p2_247,withheld_only,55.54219664610667
gemma3-12b,g24p2_247,withheld_strong,55.894905806933096
gemma3-12b,g24p2_248,base,37.73745441549178
gemma3-12b,g24p2_248,prior_only,65.60511783503574
gemma3-12b,g24p2_248,withheld_cf,54.68270453317379
gemma3-12b,g24p2_248,withheld_only,0.05249888611522143
gemma3-12b,g24p2_248,withheld_strong,55.501306752418934
gemma3-12b,g24p2_250,base,88.89492956387521
gemma3-12b,g24p2_250,prior_only,72.22225847118717
gemma3-12b,g24p2_250,withheld_cf,55.54471906103333
gemma3-12b,g24p2_250,withheld_only,55.52593875233639
gemma3-12b,g24p2_250,withheld_strong,55.53365200395435
gemma3-12b,g24p2_252,base,55.54982647115789
gemma3-12b,g24p2_252,prior_only,55.94288760458434
gemma3-12b,g24p2_252,withheld_cf,55.5198328298494
gemma3-12b,g24p2_252,withheld_only,55.51560442206256
gemma3-12b,g24p2_252,withheld_strong,55.459438522919534
gemma3-12b,g24p2_254,base,57.19751830030274
gemma3-12b,g24p2_254,prior_only,66.41106521818955
gemma3-12b,g24p2_254,withheld_cf,55.520759165972855
gemma3-12b,g24p2_254,withheld_only,55.543887438635686
gemma3-12b,g24p2_254,withheld_strong,55.545068733228604
gemma3-12b,g24p2_255,base,0.0005075024908525997
gemma3-12b,g24p2_255,prior_only,75.3036033854575
gemma3-12b,g24p2_255,withheld_cf,55.56301163226477
gemma3-12b,g24p2_255,withheld_only,55.53161008028971
gemma3-12b,g24p2_255,withheld_strong,80.76490311323886
gemma3-12b,g24p2_258,base,15.445182264987134
gemma3-12b,g24p2_258,prior_only,25.205495694631384
gemma3-12b,g24p2_258,withheld_cf,55.431731080319025
gemma3-12b,g24p2_258,withheld_only,55.54523946597127
gemma3-12b,g24p2_258,withheld_strong,55.53880636314355
gemma3-12b,g24p2_259,base,55.34458346051053
gemma3-12b,g24p2_259,prior_only,0.05503121105991202
gemma3-12b,g24p2_259,withheld_cf,55.5081904686087
gemma3-12b,g24p2_259,withheld_only,55.48728655049754
gemma3-12b,g24p2_259,withheld_strong,55.479252934672274
gemma3-12b,g24p2_260,base,55.52220365840641
gemma3-12b,g24p2_260,prior_only,66.25188309492545
gemma3-12b,g24p2_260,withheld_cf,55.45937238874737
gemma3-12b,g24p2_260,withheld_only,55.54329776855357
gemma3-12b,g24p2_260,withheld_strong,55.526008478238026
gemma3-12b,g24p2_261,base,77.75087460426056
gemma3-12b,g24p2_261,prior_only,77.25092091413708
gemma3-12b,g24p2_261,withheld_cf,55.52234252503881
gemma3-12b,g24p2_261,withheld_only,55.53465311549584
gemma3-12b,g24p2_261,withheld_strong,55.538519309875305
llama31-8b,g24p2_000,base,41.21006318364719
llama31-8b,g24p2_000,prior_only,0.1662413911060178
llama31-8b,g24p2_000,withheld_cf,0.04628719047649997
llama31-8b,g24p2_000,withheld_only,34.1915316700881
llama31-8b,g24p2_000,withheld_strong,35.958809367926214
llama31-8b,g24p2_001,base,0.3389654992136874
llama31-8b,g24p2_001,prior_only,0.4587996207467538
llama31-8b,g24p2_001,withheld_cf,44.45599520520308
llama31-8b,g24p2_001,withheld_only,50.64790982059429
llama31-8b,g24p2_001,withheld_strong,54.03889420408197
llama31-8b,g24p2_002,base,30.57024586739041
llama31-8b,g24p2_002,prior_only,22.101796115433913
llama31-8b,g24p2_002,withheld_cf,39.23973711171531
llama31-8b,g24p2_002,withheld_only,8.1735748572925
llama31-8b,g24p2_002,withheld_strong,28.325238383662224
llama31-8b,g24p2_003,base,64.88966924393907
llama31-8b,g24p2_003,prior_only,87.89380734820622
llama31-8b,g24p2_003,withheld_cf,64.84626871034885
llama31-8b,g24p2_003,withheld_only,53.245872940141325
llama31-8b,g24p2_003,withheld_strong,57.84596863721405
llama31-8b,g24p2_004,base,57.23291671610369
llama31-8b,g24p2_004,prior_only,79.52235477941015
llama31-8b,g24p2_004,withheld_cf,55.64194334863231
llama31-8b,g24p2_004,withheld_only,50.87153240177055
llama31-8b,g24p2_004,withheld_strong,57.500807905528774
llama31-8b,g24p2_005,base,18.891041521235138
llama31-8b,g24p2_005,prior_only,19.79856582309789
llama31-8b,g24p2_005,withheld_cf,44.447850417171274
llama31-8b,g24p2_005,withheld_only,0.16130231119009722
llama31-8b,g24p2_005,withheld_strong,13.767996854600337
llama31-8b,g24p2_006,base,87.09795799243834
llama31-8b,g24p2_006,prior_only,74.55179522131043
llama31-8b,g24p2_006,withheld_cf,44.44582731443705
llama31-8b,g24p2_006,withheld_only,49.04851549158118
llama31-8b,g24p2_006,withheld_strong,53.30441195355306
llama31-8b,g24p2_010,base,9.24166875732086
llama31-8b,g24p2_010,prior_only,48.72925822669997
llama31-8b,g24p2_010,withheld_cf,52.044184207881266
llama31-8b,g24p2_010,withheld_only,52.55484373209391
llama31-8b,g24p2_010,withheld_strong,38.9416991251978
llama31-8b,g24p2_011,base,97.25992362654073
llama31-8b,g24p2_011,prior_only,87.9520546685576
llama31-8b,g24p2_011,withheld_cf,70.33624290815904
llama31-8b,g24p2_011,withheld_only,98.06325973243428
llama31-8b,g24p2_011,withheld_strong,48.09953304711509
llama31-8b,g24p2_012,base,9.323149179260017
llama31-8b,g24p2_012,prior_only,4.157878078128231
llama31-8b,g24p2_012,withheld_cf,0.051122724190318804
llama31-8b,g24p2_012,withheld_only,0.13736293846100855
llama31-8b,g24p2_012,withheld_strong,47.21490131769232
llama31-8b,g24p2_014,base,88.88910191568432
llama31-8b,g24p2_014,prior_only,87.3377403785564
llama31-8b,g24p2_014,withheld_cf,88.88467078846128
llama31-8b,g24p2_014,withheld_only,23.77699362875309
llama31-8b,g24p2_014,withheld_strong,42.33034220752203
llama31-8b,g24p2_015,base,91.52318145445554
llama31-8b,g24p2_015,prior_only,91.16430325325011
llama31-8b,g24p2_015,withheld_cf,86.37502328207322
llama31-8b,g24p2_015,withheld_only,96.73749849256086
llama31-8b,g24p2_015,withheld_strong,97.83734630735309
llama31-8b,g24p2_016,base,83.65174791203387
llama31-8b,g24p2_016,prior_only,65.5665762049712
llama31-8b,g24p2_016,withheld_cf,44.45343392689685
llama31-8b,g24p2_016,withheld_only,39.08896442236047
llama31-8b,g24p2_016,withheld_strong,53.74806998369264
llama31-8b,g24p2_017,base,99.3245507716383
llama31-8b,g24p2_017,prior_only,91.11668648984374
llama31-8b,g24p2_017,withheld_cf,44.45583476873428
llama31-8b,g24p2_017,withheld_only,97.89570803874466
llama31-8b,g24p2_017,withheld_strong,57.92193333388391
llama31-8b,g24p2_018,base,99.52704525304189
llama31-8b,g24p2_018,prior_only,99.65187027242516
llama31-8b,g24p2_018,withheld_cf,90.0766118247622
llama31-8b,g24p2_018,withheld_only,60.20533511639673
llama31-8b,g24p2_018,withheld_strong,95.18739871738146
llama31-8b,g24p2_019,base,4.132458643747061
llama31-8b,g24p2_019,prior_only,2.2850000901098477
llama31-8b,g24p2_019,withheld_cf,55.54862121498285
llama31-8b,g24p2_019,withheld_only,35.00867006052323
llama31-8b,g24p2_019,withheld_strong,47.290729753985566
llama31-8b,g24p2_020,base,0.5070277529504618
llama31-8b,g24p2_020,prior_only,5.111172658723355
llama31-8b,g24p2_020,withheld_cf,0.7650162404503796
llama31-8b,g24p2_020,withheld_only,0.39163457635258453
llama31-8b,g24p2_020,withheld_strong,3.8723638543826695
llama31-8b,g24p2_021,base,21.521275615687472
llama31-8b,g24p2_021,prior_only,26.960020759112794
llama31-8b,g24p2_021,withheld_cf,55.55088500893807
llama31-8b,g24p2_021,withheld_only,21.710119634348754
llama31-8b,g24p2_021,withheld_strong,49.63724805684612
llama31-8b,g24p2_023,base,97.51998656841346
llama31-8b,g24p2_023,prior_only,93.01747586011349
llama31-8b,g24p2_023,withheld_cf,60.454945136884845
llama31-8b,g24p2_023,withheld_only,96.03919715770775
llama31-8b,g24p2_023,withheld_strong,98.7112613369512
llama31-8b,g24p2_024,base,47.56266301561042
llama31-8b,g24p2_024,prior_only,32.66161791110351
llama31-8b,g24p2_024,withheld_cf,0.112166599009163
llama31-8b,g24p2_024,withheld_only,0.2592270972221775
llama31-8b,g24p2_024,withheld_strong,54.93249935512179
llama31-8b,g24p2_026,base,96.78078832910683
llama31-8b,g24p2_026,prior_only,40.42909267352867
llama31-8b,g24p2_026,withheld_cf,88.88555329127479
llama31-8b,g24p2_026,withheld_only,65.25701036405367
llama31-8b,g24p2_026,withheld_strong,54.90497487480886
llama31-8b,g24p2_027,base,99.14449502975184
llama31-8b,g24p2_027,prior_only,97.44368713297932
llama31-8b,g24p2_027,withheld_cf,88.8894535506103
llama31-8b,g24p2_027,withheld_only,97.40694151439295
llama31-8b,g24p2_027,withheld_strong,30.902990804504743
llama31-8b,g24p2_028,base,48.589425189116156
llama31-8b,g24p2_028,prior_only,18.633098256258847
llama31-8b,g24p2_028,withheld_cf,0.08862390636340786
llama31-8b,g24p2_028,withheld_only,52.45996325887175
llama31-8b,g24p2_028,withheld_strong,56.53542857698861
llama31-8b,g24p2_029,base,51.668947595301944
llama31-8b,g24p2_029,prior_only,81.70893816820482
llama31-8b,g24p2_029,withheld_cf,66.91927132445002
llama31-8b,g24p2_029,withheld_only,47.348999381359896
llama31-8b,g24p2_029,withheld_strong,52.77321490876888
llama31-8b,g24p2_033,base,24.808952619563712
llama31-8b,g24p2_033,prior_only,97.47561954836566
llama31-8b,g24p2_033,withheld_cf,44.45031955159258
llama31-8b,g24p2_033,withheld_only,46.24246787232251
llama31-8b,g24p2_033,withheld_strong,44.63209582443735
llama31-8b,g24p2_034,base,65.93946279997749
llama31-8b,g24p2_034,prior_only,78.63047743644009
llama31-8b,g24p2_034,withheld_cf,48.21623022807475
llama31-8b,g24p2_034,withheld_only,50.19495937883942
llama31-8b,g24p2_034,withheld_strong,25.448293678523086
llama31-8b,g24p2_035,base,2.981500861163614
llama31-8b,g24p2_035,prior_only,20.10754333377187
llama31-8b,g24p2_035,withheld_cf,22.240442479614252
llama31-8b,g24p2_035,withheld_only,4.524583777281091
llama31-8b,g24p2_035,withheld_strong,99.29108811688863
llama31-8b,g24p2_036,base,90.47424598482736
llama31-8b,g24p2_036,prior_only,88.61075227355063
llama31-8b,g24p2_036,withheld_cf,88.88776965326416
llama31-8b,g24p2_036,withheld_only,50.63614615414157
llama31-8b,g24p2_036,withheld_strong,91.54828874913092
llama31-8b,g24p2_037,base,0.8907841272909924
llama31-8b,g24p2_037,prior_only,0.5606135846716311
llama31-8b,g24p2_037,withheld_cf,10.769922206586774
llama31-8b,g24p2_037,withheld_only,0.6404723130683918
llama31-8b,g24p2_037,withheld_strong,11.363775095368716
llama31-8b,g24p2_038,base,68.33867700564389
llama31-8b,g24p2_038,prior_only,31.25648668068156
llama31-8b,g24p2_038,withheld_cf,52.93716293016456
llama31-8b,g24p2_038,withheld_only,53.95115470090526
llama31-8b,g24p2_038,withheld_strong,53.576710147385874
llama31-8b,g24p2_039,base,48.12429820108314
llama31-8b,g24p2_039,prior_only,23.603128475513454
llama31-8b,g24p2_039,withheld_cf,35.54099928691446
llama31-8b,g24p2_039,withheld_only,36.9085919230401
llama31-8b,g24p2_039,withheld_strong,12.780108596706036
llama31-8b,g24p2_040,base,99.9594729060136
llama31-8b,g24p2_040,prior_only,99.73695207258817
llama31-8b,g24p2_040,withheld_cf,98.32916928014352
llama31-8b,g24p2_040,withheld_only,55.555639542433866
llama31-8b,g24p2_040,withheld_strong,99.06159201112723
llama31-8b,g24p2_041,base,3.3371197322459665
llama31-8b,g24p2_041,prior_only,1.0815597151921035
llama31-8b,g24p2_041,withheld_cf,87.53216645991387
llama31-8b,g24p2_041,withheld_only,48.28502699657607
llama31-8b,g24p2_041,withheld_strong,99.96199493792574
llama31-8b,g24p2_043,base,99.9118672764349
llama31-8b,g24p2_043,prior_only,96.57837894934222
llama31-8b,g24p2_043,withheld_cf,55.55058942237608
llama31-8b,g24p2_043,withheld_only,26.454965570035554
llama31-8b,g24p2_043,withheld_strong,13.892663313532843
llama31-8b,g24p2_044,base,94.71233345378758
llama31-8b,g24p2_044,prior_only,21.257477234931965
llama31-8b,g24p2_044,withheld_cf,54.82073904874863
llama31-8b,g24p2_044,withheld_only,54.90939400012408
llama31-8b,g24p2_044,withheld_strong,55.529188954062626
llama31-8b,g24p2_046,base,23.76345082097311
llama31-8b,g24p2_046,prior_only,15.145039374076013
llama31-8b,g24p2_046,withheld_cf,44.44926596754424
llama31-8b,g24p2_046,withheld_only,36.62455614267786
llama31-8b,g24p2_046,withheld_strong,42.79600784462412
llama31-8b,g24p2_047,base,91.71650326910807
llama31-8b,g24p2_047,prior_only,41.286698821183755
llama31-8b,g24p2_047,withheld_cf,88.88503909289865
llama31-8b,g24p2_047,withheld_only,58.83188223249446
llama31-8b,g24p2_047,withheld_strong,97.58513374151954
llama31-8b,g24p2_048,base,0.6443930490469089
llama31-8b,g24p2_048,prior_only,17.82180883401188
llama31-8b,g24p2_048,withheld_cf,55.54891291458121
llama31-8b,g24p2_048,withheld_only,22.7879130020646
llama31-8b,g24p2_048,withheld_strong,46.495121469749506
llama31-8b,g24p2_049,base,96.2881808380978
llama31-8b,g24p2_049,prior_only,27.728424654174635
llama31-8b,g24p2_049,withheld_cf,88.88714780650713
llama31-8b,g24p2_049,withheld_only,66.66818935880978
llama31-8b,g24p2_049,withheld_strong,74.1658244599931
llama31-8b,g24p2_051,base,3.0058994006475452
llama31-8b,g24p2_051,prior_only,2.9965947171773073
llama31-8b,g24p2_051,withheld_cf,0.18721639276194288
llama31-8b,g24p2_051,withheld_only,39.96805987275483
llama31-8b,g24p2_051,withheld_strong,7.006216842697099
llama31-8b,g24p2_053,base,82.26507629400997
llama31-8b,g24p2_053,prior_only,36.84516910318249
llama31-8b,g24p2_053,withheld_cf,57.93206332330726
llama31-8b,g24p2_053,withheld_only,52.05560653470494
llama31-8b,g24p2_053,withheld_strong,50.301771077313
llama31-8b,g24p2_054,base,8.738036651633236
llama31-8b,g24p2_054,prior_only,9.825460505550224
llama31-8b,g24p2_054,withheld_cf,55.55221254134013
llama31-8b,g24p2_054,withheld_only,34.982133201377856
llama31-8b,g24p2_054,withheld_strong,49.551708617504936
llama31-8b,g24p2_055,base,98.65191606312311
llama31-8b,g24p2_055,prior_only,90.9643581218599
llama31-8b,g24p2_055,withheld_cf,93.9348042284823
llama31-8b,g24p2_055,withheld_only,96.89486041748575
llama31-8b,g24p2_055,withheld_strong,71.82013913470455
llama31-8b,g24p2_057,base,48.84720077643173
llama31-8b,g24p2_057,prior_only,8.803379034690519
llama31-8b,g24p2_057,withheld_cf,55.5522794656251
llama31-8b,g24p2_057,withheld_only,15.265689286663648
llama31-8b,g24p2_057,withheld_strong,51.274442398841536
llama31-8b,g24p2_058,base,43.77303724323611
llama31-8b,g24p2_058,prior_only,29.444892968617435
llama31-8b,g24p2_058,withheld_cf,44.44767925110219
llama31-8b,g24p2_058,withheld_only,30.477798444594466
llama31-8b,g24p2_058,withheld_strong,50.76417214936425
llama31-8b,g24p2_059,base,41.83808030186561
llama31-8b,g24p2_059,prior_only,7.664950988393236
llama31-8b,g24p2_059,withheld_cf,55.55475425755142
llama31-8b,g24p2_059,withheld_only,1.9531921810013182
llama31-8b,g24p2_059,withheld_strong,51.443364194262486
llama31-8b,g24p2_060,base,91.73731278243535
llama31-8b,g24p2_060,prior_only,88.88832691188252
llama31-8b,g24p2_060,withheld_cf,55.553995154840976
llama31-8b,g24p2_060,withheld_only,69.83739402793921
llama31-8b,g24p2_060,withheld_strong,94.32091295269248
llama31-8b,g24p2_062,base,1.3063240593276428
llama31-8b,g24p2_062,prior_only,35.222615866559735
llama31-8b,g24p2_062,withheld_cf,22.252579654827553
llama31-8b,g24p2_062,withheld_only,24.784597360901028
llama31-8b,g24p2_062,withheld_strong,16.39272386840316
llama31-8b,g24p2_064,base,51.37949509248572
llama31-8b,g24p2_064,prior_only,36.70390471976669
llama31-8b,g24p2_064,withheld_cf,90.71751264479286
llama31-8b,g24p2_064,withheld_only,16.535379531009653
llama31-8b,g24p2_064,withheld_strong,81.17442023412337
llama31-8b,g24p2_065,base,90.41865021994315
llama31-8b,g24p2_065,prior_only,88.04487531663383
llama31-8b,g24p2_065,withheld_cf,88.61614917253439
llama31-8b,g24p2_065,withheld_only,43.50283518641709
llama31-8b,g24p2_065,withheld_strong,89.02878242511883
llama31-8b,g24p2_066,base,28.17031543024643
llama31-8b,g24p2_066,prior_only,45.14757007468744
llama31-8b,g24p2_066,withheld_cf,49.10386436724926
llama31-8b,g24p2_066,withheld_only,43.98210393557494
llama31-8b,g24p2_066,withheld_strong,36.384810040084595
llama31-8b,g24p2_067,base,21.176079904286397
llama31-8b,g24p2_067,prior_only,13.834995630017564
llama31-8b,g24p2_067,withheld_cf,0.6939557339712984
llama31-8b,g24p2_067,withheld_only,18.294106515917445
llama31-8b,g24p2_067,withheld_strong,11.906604538037092
llama31-8b,g24p2_068,base,3.9673229498495255
llama31-8b,g24p2_068,prior_only,0.8050475332198594
llama31-8b,g24p2_068,withheld_cf,3.941213498625492
llama31-8b,g24p2_068,withheld_only,0.142964331583548
llama31-8b,g24p2_068,withheld_strong,0.1930417529490277
llama31-8b,g24p2_069,base,94.30598115346245
llama31-8b,g24p2_069,prior_only,88.8885349274497
llama31-8b,g24p2_069,withheld_cf,55.55470398380224
llama31-8b,g24p2_069,withheld_only,66.80918450025278
llama31-8b,g24p2_069,withheld_strong,88.1211742463792
llama31-8b,g24p2_070,base,99.89057747088512
llama31-8b,g24p2_070,prior_only,99.30528145660156
llama31-8b,g24p2_070,withheld_cf,99.9905543906614
llama31-8b,g24p2_070,withheld_only,86.52996806633456
llama31-8b,g24p2_070,withheld_strong,99.22691178134582
llama31-8b,g24p2_071,base,61.36203920639869
llama31-8b,g24p2_071,prior_only,85.68101374664418
llama31-8b,g24p2_071,withheld_cf,58.35058759392179
llama31-8b,g24p2_071,withheld_only,50.84019747437996
llama31-8b,g24p2_071,withheld_strong,53.20397436755145
llama31-8b,g24p2_072,base,90.81154682881156
llama31-8b,g24p2_072,prior_only,47.10306864793909
llama31-8b,g24p2_072,withheld_cf,55.55556220875971
llama31-8b,g24p2_072,withheld_only,51.50797084244074
llama31-8b,g24p2_072,withheld_strong,53.146646280189785
llama31-8b,g24p2_073,base,0.31645526271847013
llama31-8b,g24p2_073,prior_only,0.590593436828138
llama31-8b,g24p2_073,withheld_cf,1.0073432569219372
llama31-8b,g24p2_073,withheld_only,11.102771547922314
llama31-8b,g24p2_073,withheld_strong,1.7380762652625297
llama31-8b,g24p2_074,base,47.54094358153098
llama31-8b,g24p2_074,prior_only,46.22286377996337
llama31-8b,g24p2_074,withheld_cf,44.44756296398306
llama31-8b,g24p2_074,withheld_only,54.13691657962564
llama31-8b,g24p2_074,withheld_strong,54.07518000175551
llama31-8b,g24p2_075,base,90.81602415637188
llama31-8b,g24p2_075,prior_only,89.61650864891578
llama31-8b,g24p2_075,withheld_cf,55.620952928180884
llama31-8b,g24p2_075,withheld_only,69.31409462990615
llama31-8b,g24p2_075,withheld_strong,26.611300813007205
llama31-8b,g24p2_076,base,78.48641060080791
llama31-8b,g24p2_076,prior_only,49.62105456781342
llama31-8b,g24p2_076,withheld_cf,91.07896359585556
llama31-8b,g24p2_076,withheld_only,66.09548538764619
llama31-8b,g24p2_076,withheld_strong,95.71588586984154
llama31-8b,g24p2_077,base,4.580761342871855
llama31-8b,g24p2_077,prior_only,48.50020294162571
llama31-8b,g24p2_077,withheld_cf,44.45096597257361
llama31-8b,g24p2_077,withheld_only,49.27757561159256
llama31-8b,g24p2_077,withheld_strong,88.05373299162756
llama31-8b,g24p2_079,base,97.87862040179154
llama31-8b,g24p2_079,prior_only,99.37227767179905
llama31-8b,g24p2_079,withheld_cf,55.55269353865083
llama31-8b,g24p2_079,withheld_only,93.14300807246472
llama31-8b,g24p2_079,withheld_strong,97.23241491022037
llama31-8b,g24p2_081,base,95.05684641407476
llama31-8b,g24p2_081,prior_only,33.29638765321006
llama31-8b,g24p2_081,withheld_cf,55.554648616031415
llama31-8b,g24p2_081,withheld_only,47.678259949557884
llama31-8b,g24p2_081,withheld_strong,53.91791109221064
llama31-8b,g24p2_082,base,48.17105284169715
llama31-8b,g24p2_082,prior_only,14.485750534172727
llama31-8b,g24p2_082,withheld_cf,44.449513460149255
llama31-8b,g24p2_082,withheld_only,0.34068261356925844
llama31-8b,g24p2_082,withheld_strong,40.754347116597394
llama31-8b,g24p2_083,base,52.4841009972224
llama31-8b,g24p2_083,prior_only,43.68786686243706
llama31-8b,g24p2_083,withheld_cf,48.76436981605923
llama31-8b,g24p2_083,withheld_only,48.067100724870244
llama31-8b,g24p2_083,withheld_strong,55.55434102628857
llama31-8b,g24p2_084,base,65.8532883951944
llama31-8b,g24p2_084,prior_only,91.28653737004659
llama31-8b,g24p2_084,withheld_cf,86.12584163584172
llama31-8b,g24p2_084,withheld_only,39.43572702359455
llama31-8b,g24p2_084,withheld_strong,26.050395370368122
llama31-8b,g24p2_085,base,44.47062188989403
llama31-8b,g24p2_085,prior_only,83.12714873833643
llama31-8b,g24p2_085,withheld_cf,55.55504828319447
llama31-8b,g24p2_085,withheld_only,43.52084539388041
llama31-8b,g24p2_085,withheld_strong,44.259679921666496
llama31-8b,g24p2_087,base,95.10257340960412
llama31-8b,g24p2_087,prior_only,1.3674730695147617
llama31-8b,g24p2_087,withheld_cf,44.45330460221274
llama31-8b,g24p2_087,withheld_only,52.55030695232971
llama31-8b,g24p2_087,withheld_strong,99.94874436793212
llama31-8b,g24p2_088,base,91.5470708319022
llama31-8b,g24p2_088,prior_only,8.986150354426755
llama31-8b,g24p2_088,withheld_cf,55.55309862815127
llama31-8b,g24p2_088,withheld_only,52.80510461259291
llama31-8b,g24p2_088,withheld_strong,28.2568011938773
llama31-8b,g24p2_089,base,85.05496417629723
llama31-8b,g24p2_089,prior_only,13.37887692959068
llama31-8b,g24p2_089,withheld_cf,17.29402081773254
llama31-8b,g24p2_089,withheld_only,52.55257225405511
llama31-8b,g24p2_089,withheld_strong,19.293225042555747
llama31-8b,g24p2_091,base,88.88079213714683
llama31-8b,g24p2_091,prior_only,92.59689942771621
llama31-8b,g24p2_091,withheld_cf,0.048773067398207665
llama31-8b,g24p2_091,withheld_only,23.01071570569006
llama31-8b,g24p2_091,withheld_strong,24.50688271766292
llama31-8b,g24p2_092,base,14.416086738218759
llama31-8b,g24p2_092,prior_only,36.92159621950484
llama31-8b,g24p2_092,withheld_cf,6.415679881836356
llama31-8b,g24p2_092,withheld_only,17.80864462516101
llama31-8b,g24p2_092,withheld_strong,10.588805069331265
llama31-8b,g24p2_093,base,2.5390404049914
llama31-8b,g24p2_093,prior_only,3.1718424675438035
llama31-8b,g24p2_093,withheld_cf,48.9262158437119
llama31-8b,g24p2_093,withheld_only,27.07865106475785
llama31-8b,g24p2_093,withheld_strong,52.172564982475585
llama31-8b,g24p2_094,base,89.29211645053385
llama31-8b,g24p2_094,prior_only,88.90259521150557
llama31-8b,g24p2_094,withheld_cf,86.58739546304669
llama31-8b,g24p2_094,withheld_only,91.16292579620388
llama31-8b,g24p2_094,withheld_strong,94.66239330522609
llama31-8b,g24p2_096,base,78.60988632313722
llama31-8b,g24p2_096,prior_only,48.64799161022159
llama31-8b,g24p2_096,withheld_cf,44.449617103294244
llama31-8b,g24p2_096,withheld_only,47.42725634222464
llama31-8b,g24p2_096,withheld_strong,81.73315101035521
llama31-8b,g24p2_098,base,17.863710452808032
llama31-8b,g24p2_098,prior_only,13.31696396940278
llama31-8b,g24p2_098,withheld_cf,55.55105743709164
llama31-8b,g24p2_098,withheld_only,38.400345892807216
llama31-8b,g24p2_098,withheld_strong,18.196844795745978
llama31-8b,g24p2_099,base,0.35264883820520765
llama31-8b,g24p2_099,prior_only,0.2460529145763554
llama31-8b,g24p2_099,withheld_cf,11.001089709609325
llama31-8b,g24p2_099,withheld_only,4.959144698722343
llama31-8b,g24p2_099,withheld_strong,10.049596458571967
llama31-8b,g24p2_101,base,99.03355408311789
llama31-8b,g24p2_101,prior_only,9.330211034121605
llama31-8b,g24p2_101,withheld_cf,0.10574501757770426
llama31-8b,g24p2_101,withheld_only,26.339763466254787
llama31-8b,g24p2_101,withheld_strong,45.52850088312613
llama31-8b,g24p2_102,base,25.48469527687271
llama31-8b,g24p2_102,prior_only,4.225718610679349
llama31-8b,g24p2_102,withheld_cf,10.71078429504671
llama31-8b,g24p2_102,withheld_only,42.22418292259116
llama31-8b,g24p2_102,withheld_strong,44.494047079346004
llama31-8b,g24p2_103,base,4.908796800492995
llama31-8b,g24p2_103,prior_only,59.02477474687623
llama31-8b,g24p2_103,withheld_cf,53.4065887207076
llama31-8b,g24p2_103,withheld_only,49.50712085684464
llama31-8b,g24p2_103,withheld_strong,55.552893778355774
llama31-8b,g24p2_104,base,90.21049431477245
llama31-8b,g24p2_104,prior_only,0.23138996172164294
llama31-8b,g24p2_104,withheld_cf,85.4874425690302
llama31-8b,g24p2_104,withheld_only,41.16191891318917
llama31-8b,g24p2_104,withheld_strong,91.81483291182528
llama31-8b,g24p2_105,base,73.91113421189777
llama31-8b,g24p2_105,prior_only,51.12332507451168
llama31-8b,g24p2_105,withheld_cf,44.450848638743345
llama31-8b,g24p2_105,withheld_only,55.555402127523365
llama31-8b,g24p2_105,withheld_strong,53.58085041349716
llama31-8b,g24p2_107,base,73.76783799421408
llama31-8b,g24p2_107,prior_only,72.47295437963427
llama31-8b,g24p2_107,withheld_cf,53.508959496043595
llama31-8b,g24p2_107,withheld_only,58.019729843111996
llama31-8b,g24p2_107,withheld_strong,88.19443967118701
llama31-8b,g24p2_108,base,88.96947376536939
llama31-8b,g24p2_108,prior_only,62.438942649444
llama31-8b,g24p2_108,withheld_cf,66.66647300843184
llama31-8b,g24p2_108,withheld_only,48.31474802541817
llama31-8b,g24p2_108,withheld_strong,87.63038669472492
llama31-8b,g24p2_110,base,86.452209346693
llama31-8b,g24p2_110,prior_only,88.44404446787605
llama31-8b,g24p2_110,withheld_cf,75.84933273982492
llama31-8b,g24p2_110,withheld_only,92.99632483249918
llama31-8b,g24p2_110,withheld_strong,93.8861096254005
llama31-8b,g24p2_111,base,20.222940701336956
llama31-8b,g24p2_111,prior_only,93.35339102696204
llama31-8b,g24p2_111,withheld_cf,16.336770349735893
llama31-8b,g24p2_111,withheld_only,55.55389668694724
llama31-8b,g24p2_111,withheld_strong,90.89811146702851
llama31-8b,g24p2_112,base,60.19679354229993
llama31-8b,g24p2_112,prior_only,64.71684777284364
llama31-8b,g24p2_112,withheld_cf,44.4527106323975
llama31-8b,g24p2_112,withheld_only,47.27260792419649
llama31-8b,g24p2_112,withheld_strong,55.55424247873728
llama31-8b,g24p2_113,base,97.94827523110956
llama31-8b,g24p2_113,prior_only,91.19778379115135
llama31-8b,g24p2_113,withheld_cf,54.27521997570166
llama31-8b,g24p2_113,withheld_only,91.99572044132226
llama31-8b,g24p2_113,withheld_strong,94.60378041818811
llama31-8b,g24p2_114,base,97.9595088158926
llama31-8b,g24p2_114,prior_only,7.064877169683623
llama31-8b,g24p2_114,withheld_cf,55.554388500106654
llama31-8b,g24p2_114,withheld_only,19.002689024297137
llama31-8b,g24p2_114,withheld_strong,53.40877997993997
llama31-8b,g24p2_115,base,89.10469245641528
llama31-8b,g24p2_115,prior_only,84.18220511300996
llama31-8b,g24p2_115,withheld_cf,21.467639899757014
llama31-8b,g24p2_115,withheld_only,30.585214908350608
llama31-8b,g24p2_115,withheld_strong,13.525444895933132
llama31-8b,g24p2_116,base,98.19539970667424
llama31-8b,g24p2_116,prior_only,98.48721452546141
llama31-8b,g24p2_116,withheld_cf,97.06947551823387
llama31-8b,g24p2_116,withheld_only,29.62932640786371
llama31-8b,g24p2_116,withheld_strong,95.25962380967786
llama31-8b,g24p2_117,base,45.78289134615449
llama31-8b,g24p2_117,prior_only,47.862587353775666
llama31-8b,g24p2_117,withheld_cf,60.533090227996276
llama31-8b,g24p2_117,withheld_only,42.438121357657316
llama31-8b,g24p2_117,withheld_strong,45.34429509510821
llama31-8b,g24p2_120,base,88.51188517307673
llama31-8b,g24p2_120,prior_only,88.74608804897068
llama31-8b,g24p2_120,withheld_cf,14.362156223614157
llama31-8b,g24p2_120,withheld_only,32.32201922103329
llama31-8b,g24p2_120,withheld_strong,0.8697394727662829
llama31-8b,g24p2_121,base,70.8118595550647
llama31-8b,g24p2_121,prior_only,73.23554263995347
llama31-8b,g24p2_121,withheld_cf,85.52278331308685
llama31-8b,g24p2_121,withheld_only,44.44629943062537
llama31-8b,g24p2_121,withheld_strong,82.45699470440755
llama31-8b,g24p2_122,base,8.845275003374347
llama31-8b,g24p2_122,prior_only,28.073862870525634
llama31-8b,g24p2_122,withheld_cf,13.763117555220834
llama31-8b,g24p2_122,withheld_only,2.1839795963097135
llama31-8b,g24p2_122,withheld_strong,36.389432319036715
llama31-8b,g24p2_123,base,88.30776400751967
llama31-8b,g24p2_123,prior_only,70.45370158643671
llama31-8b,g24p2_123,withheld_cf,44.446262153207414
llama31-8b,g24p2_123,withheld_only,44.312881333584635
llama31-8b,g24p2_123,withheld_strong,25.138831206731254
llama31-8b,g24p2_125,base,86.44753314444067
llama31-8b,g24p2_125,prior_only,46.72212462497972
llama31-8b,g24p2_125,withheld_cf,49.50258609765689
llama31-8b,g24p2_125,withheld_only,52.67610928171874
llama31-8b,g24p2_125,withheld_strong,62.2171858089379
llama31-8b,g24p2_126,base,88.82232723639125
llama31-8b,g24p2_126,prior_only,53.47235021458613
llama31-8b,g24p2_126,withheld_cf,53.487935857379924
llama31-8b,g24p2_126,withheld_only,51.160310796672526
llama31-8b,g24p2_126,withheld_strong,88.4579251189597
llama31-8b,g24p2_128,base,98.92663505678829
llama31-8b,g24p2_128,prior_only,94.25745070473107
llama31-8b,g24p2_128,withheld_cf,95.47467779547681
llama31-8b,g24p2_128,withheld_only,86.3527668150904
llama31-8b,g24p2_128,withheld_strong,51.12243952347601
llama31-8b,g24p2_129,base,89.06118407998912
llama31-8b,g24p2_129,prior_only,47.52362182150868
llama31-8b,g24p2_129,withheld_cf,44.44661966650612
llama31-8b,g24p2_129,withheld_only,52.72466434234734
llama31-8b,g24p2_129,withheld_strong,53.66700061583973
llama31-8b,g24p2_130,base,51.10685356769793
llama31-8b,g24p2_130,prior_only,41.03203154107579
llama31-8b,g24p2_130,withheld_cf,53.58018827168647
llama31-8b,g24p2_130,withheld_only,54.04675849514268
llama31-8b,g24p2_130,withheld_strong,22.167249994462555
llama31-8b,g24p2_131,base,32.07225860743408
llama31-8b,g24p2_131,prior_only,38.25815010828524
llama31-8b,g24p2_131,withheld_cf,0.36372981735958193
llama31-8b,g24p2_131,withheld_only,25.455361129554966
llama31-8b,g24p2_131,withheld_strong,55.54844547161361
llama31-8b,g24p2_132,base,0.08508811060458103
llama31-8b,g24p2_132,prior_only,0.23089323296017147
llama31-8b,g24p2_132,withheld_cf,13.08451103183273
llama31-8b,g24p2_132,withheld_only,33.58339936287615
llama31-8b,g24p2_132,withheld_strong,1.774914758577211
llama31-8b,g24p2_133,base,94.40464813552065
llama31-8b,g24p2_133,prior_only,94.00286036266353
llama31-8b,g24p2_133,withheld_cf,88.88938260202181
llama31-8b,g24p2_133,withheld_only,45.339699221954085
llama31-8b,g24p2_133,withheld_strong,85.45792899155543
llama31-8b,g24p2_134,base,94.77102047891505
llama31-8b,g24p2_134,prior_only,93.21584934566914
llama31-8b,g24p2_134,withheld_cf,91.19688061448247
llama31-8b,g24p2_134,withheld_only,93.71057351972044
llama31-8b,g24p2_134,withheld_strong,94.29345466097776
llama31-8b,g24p2_135,base,1.684943359199186
llama31-8b,g24p2_135,prior_only,1.3000386384248088
llama31-8b,g24p2_135,withheld_cf,0.8010890333711216
llama31-8b,g24p2_135,withheld_only,7.554295803055971
llama31-8b,g24p2_135,withheld_strong,1.4108025051830115
llama31-8b,g24p2_136,base,56.35781592301909
llama31-8b,g24p2_136,prior_only,43.24165607288845
llama31-8b,g24p2_136,withheld_cf,55.55294777722001
llama31-8b,g24p2_136,withheld_only,51.54243205888104
llama31-8b,g24p2_136,withheld_strong,16.470101116788655
llama31-8b,g24p2_137,base,6.072870896351213
llama31-8b,g24p2_137,prior_only,5.724070260385375
llama31-8b,g24p2_137,withheld_cf,0.0669225166281763
llama31-8b,g24p2_137,withheld_only,50.46454017742347
llama31-8b,g24p2_137,withheld_strong,52.51036143359557
llama31-8b,g24p2_138,base,99.97367606150283
llama31-8b,g24p2_138,prior_only,76.55559970505414
llama31-8b,g24p2_138,withheld_cf,44.449212081455855
llama31-8b,g24p2_138,withheld_only,73.61432280885124
llama31-8b,g24p2_138,withheld_strong,54.540967843773274
llama31-8b,g24p2_140,base,26.71219827389196
llama31-8b,g24p2_140,prior_only,1.3247646388043544
llama31-8b,g24p2_140,withheld_cf,0.11506573087644657
llama31-8b,g24p2_140,withheld_only,39.6634469765752
llama31-8b,g24p2_140,withheld_strong,8.481127365842209
llama31-8b,g24p2_141,base,5.42528839811553
llama31-8b,g24p2_141,prior_only,10.30810181092385
llama31-8b,g24p2_141,withheld_cf,32.73319230102238
llama31-8b,g24p2_141,withheld_only,3.4538151606815775
llama31-8b,g24p2_141,withheld_strong,13.81182589511984
llama31-8b,g24p2_142,base,64.62769900167558
llama31-8b,g24p2_142,prior_only,87.25199632325386
llama31-8b,g24p2_142,withheld_cf,44.44559130512879
llama31-8b,g24p2_142,withheld_only,81.94962217945006
llama31-8b,g24p2_142,withheld_strong,41.65382558280767
llama31-8b,g24p2_143,base,83.75308045306161
llama31-8b,g24p2_143,prior_only,94.61208192929962
llama31-8b,g24p2_143,withheld_cf,79.28098600013894
llama31-8b,g24p2_143,withheld_only,22.58342918511611
llama31-8b,g24p2_143,withheld_strong,86.1400668983204
llama31-8b,g24p2_144,base,92.83305093341674
llama31-8b,g24p2_144,prior_only,88.6101428702756
llama31-8b,g24p2_144,withheld_cf,86.33887364735158
llama31-8b,g24p2_144,withheld_only,75.49436489080584
llama31-8b,g24p2_144,withheld_strong,55.55469294017694
llama31-8b,g24p2_145,base,88.0020450962988
llama31-8b,g24p2_145,prior_only,66.6288715258533
llama31-8b,g24p2_145,withheld_cf,55.55172094750443
llama31-8b,g24p2_145,withheld_only,51.42247887041252
llama31-8b,g24p2_145,withheld_strong,49.54573813468576
llama31-8b,g24p2_146,base,13.826599804794839
llama31-8b,g24p2_146,prior_only,3.6164823674990307
llama31-8b,g24p2_146,withheld_cf,35.87561302399193
llama31-8b,g24p2_146,withheld_only,0.03729749160775703
llama31-8b,g24p2_146,withheld_strong,49.54045507555569
llama31-8b,g24p2_147,base,90.49690358855186
llama31-8b,g24p2_147,prior_only,14.056544165876053
llama31-8b,g24p2_147,withheld_cf,1.043283505199705
llama31-8b,g24p2_147,withheld_only,35.423950258697374
llama31-8b,g24p2_147,withheld_strong,48.09747190779788
llama31-8b,g24p2_148,base,69.43359078471302
llama31-8b,g24p2_148,prior_only,17.004066784702704
llama31-8b,g24p2_148,withheld_cf,18.98078049220343
llama31-8b,g24p2_148,withheld_only,17.936890283191715
llama31-8b,g24p2_148,withheld_strong,18.071141339669506
llama31-8b,g24p2_149,base,0.7672090589556806
llama31-8b,g24p2_149,prior_only,0.7067877305175193
llama31-8b,g24p2_149,withheld_cf,55.55041775976982
llama31-8b,g24p2_149,withheld_only,24.836328544647426
llama31-8b,g24p2_149,withheld_strong,39.403012261610236
llama31-8b,g24p2_150,base,47.014800409011116
llama31-8b,g24p2_150,prior_only,47.2386313342713
llama31-8b,g24p2_150,withheld_cf,44.44952567488047
llama31-8b,g24p2_150,withheld_only,53.166704393505775
llama31-8b,g24p2_150,withheld_strong,38.0000849566138
llama31-8b,g24p2_153,base,97.04180983425151
llama31-8b,g24p2_153,prior_only,82.67135333356569
llama31-8b,g24p2_153,withheld_cf,87.8913916252418
llama31-8b,g24p2_153,withheld_only,89.8119798206412
llama31-8b,g24p2_153,withheld_strong,88.60868992554398
llama31-8b,g24p2_154,base,95.75251134394797
llama31-8b,g24p2_154,prior_only,86.70602819421597
llama31-8b,g24p2_154,withheld_cf,56.495118723527845
llama31-8b,g24p2_154,withheld_only,59.840160913817876
llama31-8b,g24p2_154,withheld_strong,55.55609680551359
llama31-8b,g24p2_156,base,99.87705903249108
llama31-8b,g24p2_156,prior_only,98.1566090706481
llama31-8b,g24p2_156,withheld_cf,93.90097412957859
llama31-8b,g24p2_156,withheld_only,97.07551962625845
llama31-8b,g24p2_156,withheld_strong,72.31687329206083
llama31-8b,g24p2_158,base,8.072417949583
llama31-8b,g24p2_158,prior_only,75.00250629373755
llama31-8b,g24p2_158,withheld_cf,44.44944164987689
llama31-8b,g24p2_158,withheld_only,0.20713083827186296
llama31-8b,g24p2_158,withheld_strong,44.14569512411333
llama31-8b,g24p2_159,base,87.3456170669936
llama31-8b,g24p2_159,prior_only,96.66557215934048
llama31-8b,g24p2_159,withheld_cf,70.54750952135322
llama31-8b,g24p2_159,withheld_only,75.56190522790361
llama31-8b,g24p2_159,withheld_strong,98.74585731907601
llama31-8b,g24p2_160,base,36.92731318544342
llama31-8b,g24p2_160,prior_only,22.69078683840546
llama31-8b,g24p2_160,withheld_cf,37.47683738084297
llama31-8b,g24p2_160,withheld_only,35.06055429245532
llama31-8b,g24p2_160,withheld_strong,12.484472013646204
llama31-8b,g24p2_161,base,10.106070125515535
llama31-8b,g24p2_161,prior_only,1.8442503496257414
llama31-8b,g24p2_161,withheld_cf,55.5506524430724
llama31-8b,g24p2_161,withheld_only,11.614958546500326
llama31-8b,g24p2_161,withheld_strong,80.87242914200147
llama31-8b,g24p2_163,base,15.364157231189173
llama31-8b,g24p2_163,prior_only,4.0281924330343095
llama31-8b,g24p2_163,withheld_cf,82.05962776888131
llama31-8b,g24p2_163,withheld_only,34.49373170810689
llama31-8b,g24p2_163,withheld_strong,86.16421282685864
llama31-8b,g24p2_164,base,99.7419416968367
llama31-8b,g24p2_164,prior_only,95.7706239958091
llama31-8b,g24p2_164,withheld_cf,89.89872944449264
llama31-8b,g24p2_164,withheld_only,96.44707408918555
llama31-8b,g24p2_164,withheld_strong,95.74266974728803
llama31-8b,g24p2_165,base,17.23227049566395
llama31-8b,g24p2_165,prior_only,0.7043288291855854
llama31-8b,g24p2_165,withheld_cf,0.13925721501978203
llama31-8b,g24p2_165,withheld_only,34.13803567490716
llama31-8b,g24p2_165,withheld_strong,53.86222000875546
llama31-8b,g24p2_167,base,91.8563037588346
llama31-8b,g24p2_167,prior_only,86.74195511505374
llama31-8b,g24p2_167,withheld_cf,74.67009957740487
llama31-8b,g24p2_167,withheld_only,13.677719453483876
llama31-8b,g24p2_167,withheld_strong,80.56829296762106
llama31-8b,g24p2_169,base,98.22795308798648
llama31-8b,g24p2_169,prior_only,91.65679375358519
llama31-8b,g24p2_169,withheld_cf,0.3018931633428209
llama31-8b,g24p2_169,withheld_only,49.50217720573683
llama31-8b,g24p2_169,withheld_strong,72.52119645039856
llama31-8b,g24p2_170,base,5.999144263166129
llama31-8b,g24p2_170,prior_only,2.58751350019158
llama31-8b,g24p2_170,withheld_cf,12.423421459268422
llama31-8b,g24p2_170,withheld_only,35.20364748402155
llama31-8b,g24p2_170,withheld_strong,50.116449351633754
llama31-8b,g24p2_171,base,31.607342455930638
llama31-8b,g24p2_171,prior_only,66.46448847515629
llama31-8b,g24p2_171,withheld_cf,44.45466959144808
llama31-8b,g24p2_171,withheld_only,55.551901991250126
llama31-8b,g24p2_171,withheld_strong,20.237214988159973
llama31-8b,g24p2_172,base,0.31056946461179313
llama31-8b,g24p2_172,prior_only,4.512754554920393
llama31-8b,g24p2_172,withheld_cf,95.91096078581391
llama31-8b,g24p2_172,withheld_only,52.4718232029944
llama31-8b,g24p2_172,withheld_strong,9.885820700831934
llama31-8b,g24p2_174,base,65.66449693673374
llama31-8b,g24p2_174,prior_only,88.0764399668199
llama31-8b,g24p2_174,withheld_cf,59.48488893956968
llama31-8b,g24p2_174,withheld_only,69.66324451774202
llama31-8b,g24p2_174,withheld_strong,62.11730551407225
llama31-8b,g24p2_175,base,38.659060982510944
llama31-8b,g24p2_175,prior_only,95.62501571977104
llama31-8b,g24p2_175,withheld_cf,53.59384730159236
llama31-8b,g24p2_175,withheld_only,73.09628363681809
llama31-8b,g24p2_175,withheld_strong,97.49449305108158
llama31-8b,g24p2_176,base,99.70914670780331
llama31-8b,g24p2_176,prior_only,94.26446223384268
llama31-8b,g24p2_176,withheld_cf,88.88854216718113
llama31-8b,g24p2_176,withheld_only,97.64835019067355
llama31-8b,g24p2_176,withheld_strong,91.98780084502181
llama31-8b,g24p2_177,base,91.80681751995456
llama31-8b,g24p2_177,prior_only,98.79115079096816
llama31-8b,g24p2_177,withheld_cf,88.88505155220415
llama31-8b,g24p2_177,withheld_only,53.4984253138425
llama31-8b,g24p2_177,withheld_strong,97.47028818761707
llama31-8b,g24p2_178,base,89.2046225539504
llama31-8b,g24p2_178,prior_only,89.00940682800814
llama31-8b,g24p2_178,withheld_cf,49.94386276363473
llama31-8b,g24p2_178,withheld_only,96.61164096873846
llama31-8b,g24p2_178,withheld_strong,34.83445179926754
llama31-8b,g24p2_179,base,46.936278233243605
llama31-8b,g24p2_179,prior_only,57.84964449335199
llama31-8b,g24p2_179,withheld_cf,44.44779277947363
llama31-8b,g24p2_179,withheld_only,52.72066223693689
llama31-8b,g24p2_179,withheld_strong,33.55120265883414
llama31-8b,g24p2_180,base,90.5688242468881
llama31-8b,g24p2_180,prior_only,19.539815802710294
llama31-8b,g24p2_180,withheld_cf,94.36673160442167
llama31-8b,g24p2_180,withheld_only,48.95186870979
llama31-8b,g24p2_180,withheld_strong,99.33951314352183
llama31-8b,g24p2_181,base,0.06899577835568878
llama31-8b,g24p2_181,prior_only,0.6441010161781708
llama31-8b,g24p2_181,withheld_cf,1.9535170934465522
llama31-8b,g24p2_181,withheld_only,17.06335564559339
llama31-8b,g24p2_181,withheld_strong,0.1685798934803423
llama31-8b,g24p2_184,base,61.718488704848454
llama31-8b,g24p2_184,prior_only,12.71492425280945
llama31-8b,g24p2_184,withheld_cf,13.408308382088684
llama31-8b,g24p2_184,withheld_only,9.629126041407764
llama31-8b,g24p2_184,withheld_strong,36.250786294110384
llama31-8b,g24p2_185,base,0.8031562001237935
llama31-8b,g24p2_185,prior_only,1.0277349504554651
llama31-8b,g24p2_185,withheld_cf,55.55227600314359
llama31-8b,g24p2_185,withheld_only,40.065937618014594
llama31-8b,g24p2_185,withheld_strong,48.21007648351966
llama31-8b,g24p2_186,base,17.24937075184665
llama31-8b,g24p2_186,prior_only,15.163805148088528
llama31-8b,g24p2_186,withheld_cf,0.024086248345516117
llama31-8b,g24p2_186,withheld_only,0.09596334344679844
llama31-8b,g24p2_186,withheld_strong,48.02880304695178
llama31-8b,g24p2_187,base,54.806793316834906
llama31-8b,g24p2_187,prior_only,62.11356814130032
llama31-8b,g24p2_187,withheld_cf,45.2206222354361
llama31-8b,g24p2_187,withheld_only,53.28514778669441
llama31-8b,g24p2_187,withheld_strong,52.80157639675771
llama31-8b,g24p2_189,base,91.30171520376987
llama31-8b,g24p2_189,prior_only,90.18546749044368
llama31-8b,g24p2_189,withheld_cf,88.88854315822786
llama31-8b,g24p2_189,withheld_only,89.9642373661123
llama31-8b,g24p2_189,withheld_strong,89.06432513155124
llama31-8b,g24p2_190,base,88.29828852056282
llama31-8b,g24p2_190,prior_only,4.635443293968405
llama31-8b,g24p2_190,withheld_cf,55.55463900715483
llama31-8b,g24p2_190,withheld_only,5.227249306312464
llama31-8b,g24p2_190,withheld_strong,87.09560896430705
llama31-8b,g24p2_191,base,37.18278690115841
llama31-8b,g24p2_191,prior_only,10.29312135958598
llama31-8b,g24p2_191,withheld_cf,44.452438162646764
llama31-8b,g24p2_191,withheld_only,45.45771411132704
llama31-8b,g24p2_191,withheld_strong,20.03532470607666
llama31-8b,g24p2_192,base,10.934499551716067
llama31-8b,g24p2_192,prior_only,0.29797124431850974
llama31-8b,g24p2_192,withheld_cf,22.222824560489077
llama31-8b,g24p2_192,withheld_only,25.29560430112572
llama31-8b,g24p2_192,withheld_strong,12.89286717064288
llama31-8b,g24p2_193,base,44.277335599892005
llama31-8b,g24p2_193,prior_only,41.207104069970484
llama31-8b,g24p2_193,withheld_cf,22.22705852660686
llama31-8b,g24p2_193,withheld_only,36.79481867646158
llama31-8b,g24p2_193,withheld_strong,26.531481957357713
llama31-8b,g24p2_194,base,17.66301894652253
llama31-8b,g24p2_194,prior_only,31.1021176300559
llama31-8b,g24p2_194,withheld_cf,55.55113288311167
llama31-8b,g24p2_194,withheld_only,55.554609430934015
llama31-8b,g24p2_194,withheld_strong,39.07913278774298
llama31-8b,g24p2_196,base,30.261229135431254
llama31-8b,g24p2_196,prior_only,30.115715388678503
llama31-8b,g24p2_196,withheld_cf,55.55483198813113
llama31-8b,g24p2_196,withheld_only,44.14856168419086
llama31-8b,g24p2_196,withheld_strong,92.49993552018356
llama31-8b,g24p2_198,base,88.68490150352443
llama31-8b,g24p2_198,prior_only,70.99600068232527
llama31-8b,g24p2_198,withheld_cf,44.45314164048005
llama31-8b,g24p2_198,withheld_only,11.581182663214829
llama31-8b,g24p2_198,withheld_strong,48.23792692213869
llama31-8b,g24p2_200,base,88.33179035349427
llama31-8b,g24p2_200,prior_only,87.61028275559894
llama31-8b,g24p2_200,withheld_cf,16.011974742874305
llama31-8b,g24p2_200,withheld_only,19.941259224287684
llama31-8b,g24p2_200,withheld_strong,90.47247837928325
llama31-8b,g24p2_201,base,11.27900468473849
llama31-8b,g24p2_201,prior_only,1.9113762276478146
llama31-8b,g24p2_201,withheld_cf,0.04105301927291005
llama31-8b,g24p2_201,withheld_only,0.4585747011438883
llama31-8b,g24p2_201,withheld_strong,10.312675734566731
llama31-8b,g24p2_202,base,0.2128007294903282
llama31-8b,g24p2_202,prior_only,0.5630708328664215
llama31-8b,g24p2_202,withheld_cf,0.8838271404359381
llama31-8b,g24p2_202,withheld_only,0.13632291757191545
llama31-8b,g24p2_202,withheld_strong,0.1256621597591434
llama31-8b,g24p2_203,base,70.52980755695964
llama31-8b,g24p2_203,prior_only,48.333253330089505
llama31-8b,g24p2_203,withheld_cf,44.47247339699115
llama31-8b,g24p2_203,withheld_only,55.55314220746712
llama31-8b,g24p2_203,withheld_strong,50.7808322763299
llama31-8b,g24p2_204,base,63.75844314735659
llama31-8b,g24p2_204,prior_only,72.02583671050867
llama31-8b,g24p2_204,withheld_cf,52.060236003921794
llama31-8b,g24p2_204,withheld_only,67.5673645014987
llama31-8b,g24p2_204,withheld_strong,85.54395300242021
llama31-8b,g24p2_207,base,59.19825211815547
llama31-8b,g24p2_207,prior_only,51.86116026552484
llama31-8b,g24p2_207,withheld_cf,26.780948644347863
llama31-8b,g24p2_207,withheld_only,25.26513766392047
llama31-8b,g24p2_207,withheld_strong,15.116764814031102
llama31-8b,g24p2_208,base,55.98883175005436
llama31-8b,g24p2_208,prior_only,67.97512374754372
llama31-8b,g24p2_208,withheld_cf,80.7313563170963
llama31-8b,g24p2_208,withheld_only,41.01456988000725
llama31-8b,g24p2_208,withheld_strong,54.539085412996315
llama31-8b,g24p2_211,base,6.039221451278972
llama31-8b,g24p2_211,prior_only,3.6259952330760834
llama31-8b,g24p2_211,withheld_cf,7.594393228100815
llama31-8b,g24p2_211,withheld_only,26.133108693556448
llama31-8b,g24p2_211,withheld_strong,51.71668066578681
llama31-8b,g24p2_213,base,96.39240162018382
llama31-8b,g24p2_213,prior_only,19.89688900855164
llama31-8b,g24p2_213,withheld_cf,37.544469916290915
llama31-8b,g24p2_213,withheld_only,50.63259523876059
llama31-8b,g24p2_213,withheld_strong,43.19830637616749
llama31-8b,g24p2_214,base,44.45126333348319
llama31-8b,g24p2_214,prior_only,80.13775577612914
llama31-8b,g24p2_214,withheld_cf,82.61149358217749
llama31-8b,g24p2_214,withheld_only,18.457610277129945
llama31-8b,g24p2_214,withheld_strong,88.2984129920576
llama31-8b,g24p2_215,base,47.05771469728803
llama31-8b,g24p2_215,prior_only,66.88677933907974
llama31-8b,g24p2_215,withheld_cf,65.74061938079643
llama31-8b,g24p2_215,withheld_only,44.31427379495392
llama31-8b,g24p2_215,withheld_strong,52.858585423256905
llama31-8b,g24p2_216,base,88.56304663129126
llama31-8b,g24p2_216,prior_only,84.15217726527769
llama31-8b,g24p2_216,withheld_cf,73.36891089656591
llama31-8b,g24p2_216,withheld_only,46.668160675127325
llama31-8b,g24p2_216,withheld_strong,88.88859207586461
llama31-8b,g24p2_217,base,97.96764753531863
llama31-8b,g24p2_217,prior_only,94.75903507661222
llama31-8b,g24p2_217,withheld_cf,88.88868179248041
llama31-8b,g24p2_217,withheld_only,53.66180116375838
llama31-8b,g24p2_217,withheld_strong,89.76189150723042
llama31-8b,g24p2_218,base,84.60884191787278
llama31-8b,g24p2_218,prior_only,50.769793607663786
llama31-8b,g24p2_218,withheld_cf,53.44996606157744
llama31-8b,g24p2_218,withheld_only,54.52278775396258
llama31-8b,g24p2_218,withheld_strong,54.53493684130436
llama31-8b,g24p2_219,base,88.31541666819128
llama31-8b,g24p2_219,prior_only,47.72134235287074
llama31-8b,g24p2_219,withheld_cf,44.44967946435769
llama31-8b,g24p2_219,withheld_only,54.6121809522256
llama31-8b,g24p2_219,withheld_strong,45.504807573921546
llama31-8b,g24p2_220,base,0.5000584681049305
llama31-8b,g24p2_220,prior_only,0.35160793146866404
llama31-8b,g24p2_220,withheld_cf,43.26789616488551
llama31-8b,g24p2_220,withheld_only,0.24603759026270813
llama31-8b,g24p2_220,withheld_strong,50.03178355446857
llama31-8b,g24p2_223,base,1.0744887984453249
llama31-8b,g24p2_223,prior_only,1.8479030155451879
llama31-8b,g24p2_223,withheld_cf,0.5013929862336056
llama31-8b,g24p2_223,withheld_only,19.503322431467183
llama31-8b,g24p2_223,withheld_strong,5.173283492771625
llama31-8b,g24p2_224,base,94.77340662631619
llama31-8b,g24p2_224,prior_only,87.05801073970109
llama31-8b,g24p2_224,withheld_cf,52.748087046161
llama31-8b,g24p2_224,withheld_only,55.555705155391145
llama31-8b,g24p2_224,withheld_strong,91.6785739551887
llama31-8b,g24p2_225,base,16.273263421082405
llama31-8b,g24p2_225,prior_only,58.97308768164857
llama31-8b,g24p2_225,withheld_cf,9.087336567419166
llama31-8b,g24p2_225,withheld_only,11.956757483068973
llama31-8b,g24p2_225,withheld_strong,90.69559980389297
llama31-8b,g24p2_227,base,7.092551167721085
llama31-8b,g24p2_227,prior_only,61.38293044180328
llama31-8b,g24p2_227,withheld_cf,11.109882355710845
llama31-8b,g24p2_227,withheld_only,4.396744903715466
llama31-8b,g24p2_227,withheld_strong,17.218698075489158
llama31-8b,g24p2_228,base,33.80350429970915
llama31-8b,g24p2_228,prior_only,18.37716526652678
llama31-8b,g24p2_228,withheld_cf,51.111937966123584
llama31-8b,g24p2_228,withheld_only,38.11099300334163
llama31-8b,g24p2_228,withheld_strong,34.11100158476093
llama31-8b,g24p2_230,base,99.97887124255622
llama31-8b,g24p2_230,prior_only,4.79622007702521
llama31-8b,g24p2_230,withheld_cf,88.88504845953229
llama31-8b,g24p2_230,withheld_only,55.55418528858372
llama31-8b,g24p2_230,withheld_strong,99.97089726747225
llama31-8b,g24p2_231,base,1.8181316880348934
llama31-8b,g24p2_231,prior_only,15.663685673123654
llama31-8b,g24p2_231,withheld_cf,44.45569708654571
llama31-8b,g24p2_231,withheld_only,44.78714327827306
llama31-8b,g24p2_231,withheld_strong,22.047311477989343
llama31-8b,g24p2_232,base,97.98660338319885
llama31-8b,g24p2_232,prior_only,72.01009998679474
llama31-8b,g24p2_232,withheld_cf,55.55193370320004
llama31-8b,g24p2_232,withheld_only,45.72755557323729
llama31-8b,g24p2_232,withheld_strong,52.238487695460904
llama31-8b,g24p2_233,base,99.22113548283654
llama31-8b,g24p2_233,prior_only,12.78127374894627
llama31-8b,g24p2_233,withheld_cf,0.09015234505026254
llama31-8b,g24p2_233,withheld_only,25.979698708433105
llama31-8b,g24p2_233,withheld_strong,33.431661448971724
llama31-8b,g24p2_234,base,78.90669805533065
llama31-8b,g24p2_234,prior_only,56.21362861931174
llama31-8b,g24p2_234,withheld_cf,53.554604260148075
llama31-8b,g24p2_234,withheld_only,49.024194048649605
llama31-8b,g24p2_234,withheld_strong,55.72036945507018
llama31-8b,g24p2_235,base,92.40091491005032
llama31-8b,g24p2_235,prior_only,89.088814513924
llama31-8b,g24p2_235,withheld_cf,44.457378510352285
llama31-8b,g24p2_235,withheld_only,51.46605858375819
llama31-8b,g24p2_235,withheld_strong,34.4957800184287
llama31-8b,g24p2_237,base,61.854421809890795
llama31-8b,g24p2_237,prior_only,59.48387626453398
llama31-8b,g24p2_237,withheld_cf,55.5550626044918
llama31-8b,g24p2_237,withheld_only,52.27069833634488
llama31-8b,g24p2_237,withheld_strong,52.98934266672727
llama31-8b,g24p2_238,base,49.7246032369552
llama31-8b,g24p2_238,prior_only,47.98269097377696
llama31-8b,g24p2_238,withheld_cf,41.813454493228804
llama31-8b,g24p2_238,withheld_only,26.034866074335454
llama31-8b,g24p2_238,withheld_strong,48.17711428884465
llama31-8b,g24p2_239,base,1.365833204793152
llama31-8b,g24p2_239,prior_only,1.972320070920623
llama31-8b,g24p2_239,withheld_cf,55.55135866270575
llama31-8b,g24p2_239,withheld_only,0.08653183219186221
llama31-8b,g24p2_239,withheld_strong,26.247779698034503
llama31-8b,g24p2_240,base,14.062219042539407
llama31-8b,g24p2_240,prior_only,10.616989547459706
llama31-8b,g24p2_240,withheld_cf,44.446009543821866
llama31-8b,g24p2_240,withheld_only,29.918546804841508
llama31-8b,g24p2_240,withheld_strong,28.976737733710113
llama31-8b,g24p2_242,base,59.16588792351167
llama31-8b,g24p2_242,prior_only,49.15103986809462
llama31-8b,g24p2_242,withheld_cf,54.623873329648355
llama31-8b,g24p2_242,withheld_only,54.54542162442513
llama31-8b,g24p2_242,withheld_strong,55.552179227809006
llama31-8b,g24p2_245,base,99.83398072728603
llama31-8b,g24p2_245,prior_only,95.17864083220603
llama31-8b,g24p2_245,withheld_cf,55.54512019920248
llama31-8b,g24p2_245,withheld_only,16.93130573693483
llama31-8b,g24p2_245,withheld_strong,3.9234912515853497
llama31-8b,g24p2_246,base,8.473479081121434
llama31-8b,g24p2_246,prior_only,28.48991993753647
llama31-8b,g24p2_246,withheld_cf,55.551309750647825
llama31-8b,g24p2_246,withheld_only,24.063314129978927
llama31-8b,g24p2_246,withheld_strong,51.30715889220782
llama31-8b,g24p2_247,base,95.7853558175546
llama31-8b,g24p2_247,prior_only,90.22093479603913
llama31-8b,g24p2_247,withheld_cf,88.88884234588747
llama31-8b,g24p2_247,withheld_only,74.98655433412907
llama31-8b,g24p2_247,withheld_strong,93.32555484178248
llama31-8b,g24p2_248,base,27.201424727416693
llama31-8b,g24p2_248,prior_only,33.0452331083463
llama31-8b,g24p2_248,withheld_cf,44.447328874100585
llama31-8b,g24p2_248,withheld_only,40.74734561650402
llama31-8b,g24p2_248,withheld_strong,52.47161686694507
llama31-8b,g24p2_250,base,83.42567491340914
llama31-8b,g24p2_250,prior_only,88.3893211516517
llama31-8b,g24p2_250,withheld_cf,88.84889782389216
llama31-8b,g24p2_250,withheld_only,90.07024230751743
llama31-8b,g24p2_250,withheld_strong,88.39230065610829
llama31-8b,g24p2_252,base,0.33856400351798394
llama31-8b,g24p2_252,prior_only,30.982384398673073
llama31-8b,g24p2_252,withheld_cf,55.55113678840283
llama31-8b,g24p2_252,withheld_only,33.85639531682498
llama31-8b,g24p2_252,withheld_strong,51.749792397680416
llama31-8b,g24p2_254,base,55.63467903226764
llama31-8b,g24p2_254,prior_only,36.7977604746603
llama31-8b,g24p2_254,withheld_cf,44.449336224990944
llama31-8b,g24p2_254,withheld_only,46.330654168967975
llama31-8b,g24p2_254,withheld_strong,31.01206702720661
llama31-8b,g24p2_255,base,0.3287667028714889
llama31-8b,g24p2_255,prior_only,2.0512699849762375
llama31-8b,g24p2_255,withheld_cf,0.11121091416700699
llama31-8b,g24p2_255,withheld_only,44.10586158593591
llama31-8b,g24p2_255,withheld_strong,44.474053664381515
llama31-8b,g24p2_258,base,91.62201970846802
llama31-8b,g24p2_258,prior_only,87.93098889565864
llama31-8b,g24p2_258,withheld_cf,89.15127396235474
llama31-8b,g24p2_258,withheld_only,41.27144975622819
llama31-8b,g24p2_258,withheld_strong,55.55323953464423
llama31-8b,g24p2_259,base,38.57647499020566
llama31-8b,g24p2_259,prior_only,35.870220601706436
llama31-8b,g24p2_259,withheld_cf,44.446628813733746
llama31-8b,g24p2_259,withheld_only,40.72797475657331
llama31-8b,g24p2_259,withheld_strong,27.157201950335956
llama31-8b,g24p2_260,base,39.62551903033516
llama31-8b,g24p2_260,prior_only,4.429037140437527
llama31-8b,g24p2_260,withheld_cf,39.059111452692385
llama31-8b,g24p2_260,withheld_only,0.10358603277556318
llama31-8b,g24p2_260,withheld_strong,52.14851982842353
llama31-8b,g24p2_261,base,92.57334906905872
llama31-8b,g24p2_261,prior_only,52.1852433298862
llama31-8b,g24p2_261,withheld_cf,82.3854948057305
llama31-8b,g24p2_261,withheld_only,58.95278131480961
llama31-8b,g24p2_261,withheld_strong,90.82985637160522
mistral-small-24b,g24p2_000,base,22.243132960815185
mistral-small-24b,g24p2_000,prior_only,38.752353593686685
mistral-small-24b,g24p2_000,withheld_cf,35.82426929838217
mistral-small-24b,g24p2_000,withheld_only,7.048823615578453
mistral-small-24b,g24p2_000,withheld_strong,33.264871819499895
mistral-small-24b,g24p2_001,base,0.0686835632045385
mistral-small-24b,g24p2_001,prior_only,5.122789476220425
mistral-small-24b,g24p2_001,withheld_cf,3.926831660075696
mistral-small-24b,g24p2_001,withheld_only,25.47598063377767
mistral-small-24b,g24p2_001,withheld_strong,0.04670200699895449
mistral-small-24b,g24p2_002,base,87.09186797440049
mistral-small-24b,g24p2_002,prior_only,81.16350063713537
mistral-small-24b,g24p2_002,withheld_cf,29.34642680122474
mistral-small-24b,g24p2_002,withheld_only,17.55245541013217
mistral-small-24b,g24p2_002,withheld_strong,86.58463259152796
mistral-small-24b,g24p2_003,base,71.23572319328878
mistral-small-24b,g24p2_003,prior_only,72.65268964141633
mistral-small-24b,g24p2_003,withheld_cf,46.76247102595201
mistral-small-24b,g24p2_003,withheld_only,9.917384708069578
mistral-small-24b,g24p2_003,withheld_strong,32.771881156290604
mistral-small-24b,g24p2_004,base,51.75428540996407
mistral-small-24b,g24p2_004,prior_only,55.71156946671092
mistral-small-24b,g24p2_004,withheld_cf,40.559921449675784
mistral-small-24b,g24p2_004,withheld_only,2.6542970213844455
mistral-small-24b,g24p2_004,withheld_strong,20.323360152940943
mistral-small-24b,g24p2_005,base,12.14145239671192
mistral-small-24b,g24p2_005,prior_only,17.63639452743722
mistral-small-24b,g24p2_005,withheld_cf,18.77246974356249
mistral-small-24b,g24p2_005,withheld_only,8.07202408565454
mistral-small-24b,g24p2_005,withheld_strong,13.828141651981253
mistral-small-24b,g24p2_006,base,83.67052871657695
mistral-small-24b,g24p2_006,prior_only,83.6690817778483
mistral-small-24b,g24p2_006,withheld_cf,39.17428217499058
mistral-small-24b,g24p2_006,withheld_only,5.165118051812745
mistral-small-24b,g24p2_006,withheld_strong,19.844098587721724
mistral-small-24b,g24p2_010,base,13.7694350679219
mistral-small-24b,g24p2_010,prior_only,43.961755126581544
mistral-small-24b,g24p2_010,withheld_cf,17.297967539022157
mistral-small-24b,g24p2_010,withheld_only,31.86902214797386
mistral-small-24b,g24p2_010,withheld_strong,0.2522166292662578
mistral-small-24b,g24p2_011,base,99.66306195139127
mistral-small-24b,g24p2_011,prior_only,83.10463938042662
mistral-small-24b,g24p2_011,withheld_cf,80.10480688739426
mistral-small-24b,g24p2_011,withheld_only,18.479415856067746
mistral-small-24b,g24p2_011,withheld_strong,97.08803683397456
mistral-small-24b,g24p2_012,base,56.2273987114783
mistral-small-24b,g24p2_012,prior_only,14.920229947290267
mistral-small-24b,g24p2_012,withheld_cf,8.734194290829107
mistral-small-24b,g24p2_012,withheld_only,11.510501937562061
mistral-small-24b,g24p2_012,withheld_strong,37.35672462051753
mistral-small-24b,g24p2_014,base,81.4530742102749
mistral-small-24b,g24p2_014,prior_only,57.520561729647426
mistral-small-24b,g24p2_014,withheld_cf,53.54002254579474
mistral-small-24b,g24p2_014,withheld_only,12.72009816083404
mistral-small-24b,g24p2_014,withheld_strong,9.947123208310543
mistral-small-24b,g24p2_015,base,45.859795295495836
mistral-small-24b,g24p2_015,prior_only,17.630351461737938
mistral-small-24b,g24p2_015,withheld_cf,76.60265940834985
mistral-small-24b,g24p2_015,withheld_only,21.106845497298195
mistral-small-24b,g24p2_015,withheld_strong,42.50117570379365
mistral-small-24b,g24p2_016,base,62.13321550074657
mistral-small-24b,g24p2_016,prior_only,55.01005801756284
mistral-small-24b,g24p2_016,withheld_cf,63.017923597577415
mistral-small-24b,g24p2_016,withheld_only,14.209950028362657
mistral-small-24b,g24p2_016,withheld_strong,52.74280622819067
mistral-small-24b,g24p2_017,base,99.90979237943992
mistral-small-24b,g24p2_017,prior_only,82.06069326689895
mistral-small-24b,g24p2_017,withheld_cf,99.81537043774256
mistral-small-24b,g24p2_017,withheld_only,18.995100949671496
mistral-small-24b,g24p2_017,withheld_strong,99.90293705240546
mistral-small-24b,g24p2_018,base,99.13955836421559
mistral-small-24b,g24p2_018,prior_only,98.70829710385048
mistral-small-24b,g24p2_018,withheld_cf,97.2957696521528
mistral-small-24b,g24p2_018,withheld_only,79.11192012250739
mistral-small-24b,g24p2_018,withheld_strong,98.75707400372292
mistral-small-24b,g24p2_019,base,36.2745837871532
mistral-small-24b,g24p2_019,prior_only,8.32019009589056
mistral-small-24b,g24p2_019,withheld_cf,90.67394689423942
mistral-small-24b,g24p2_019,withheld_only,4.4309441892601535
mistral-small-24b,g24p2_019,withheld_strong,30.3808023692043
mistral-small-24b,g24p2_020,base,0.3350258551773968
mistral-small-24b,g24p2_020,prior_only,7.073191702694105
mistral-small-24b,g24p2_020,withheld_cf,58.670705648237345
mistral-small-24b,g24p2_020,withheld_only,20.224341182231015
mistral-small-24b,g24p2_020,withheld_strong,5.877721286131415
mistral-small-24b,g24p2_021,base,99.77158551145543
mistral-small-24b,g24p2_021,prior_only,77.19628542615418
mistral-small-24b,g24p2_021,withheld_cf,77.5583927656826
mistral-small-24b,g24p2_021,withheld_only,23.553555389732633
mistral-small-24b,g24p2_021,withheld_strong,0.11269247720104787
mistral-small-24b,g24p2_023,base,99.49533267098433
mistral-small-24b,g24p2_023,prior_only,96.33195299165537
mistral-small-24b,g24p2_023,withheld_cf,90.33030392092714
mistral-small-24b,g24p2_023,withheld_only,34.65280587601234
mistral-small-24b,g24p2_023,withheld_strong,99.52276379095537
mistral-small-24b,g24p2_024,base,39.39887685505133
mistral-small-24b,g24p2_024,prior_only,70.528684501364
mistral-small-24b,g24p2_024,withheld_cf,55.27260462663215
mistral-small-24b,g24p2_024,withheld_only,7.210586413095957
mistral-small-24b,g24p2_024,withheld_strong,19.632470344000698
mistral-small-24b,g24p2_026,base,15.030830889764157
mistral-small-24b,g24p2_026,prior_only,96.88790138549867
mistral-small-24b,g24p2_026,withheld_cf,69.9328282128371
mistral-small-24b,g24p2_026,withheld_only,18.63149974749997
mistral-small-24b,g24p2_026,withheld_strong,72.87366737412026
mistral-small-24b,g24p2_027,base,99.75118035046299
mistral-small-24b,g24p2_027,prior_only,99.69124569368549
mistral-small-24b,g24p2_027,withheld_cf,99.14363031063817
mistral-small-24b,g24p2_027,withheld_only,19.089942612703005
mistral-small-24b,g24p2_027,withheld_strong,99.37544963380566
mistral-small-24b,g24p2_028,base,1.3378159817500417
mistral-small-24b,g24p2_028,prior_only,54.72932220564835
mistral-small-24b,g24p2_028,withheld_cf,16.395974163127512
mistral-small-24b,g24p2_028,withheld_only,20.298223507909903
mistral-small-24b,g24p2_028,withheld_strong,0.8269747533335717
mistral-small-24b,g24p2_029,base,47.56793599658707
mistral-small-24b,g24p2_029,prior_only,67.50666693008044
mistral-small-24b,g24p2_029,withheld_cf,62.73617992217329
mistral-small-24b,g24p2_029,withheld_only,25.322624605859314
mistral-small-24b,g24p2_029,withheld_strong,4.591388173397882
mistral-small-24b,g24p2_033,base,9.3944500020856
mistral-small-24b,g24p2_033,prior_only,10.327989749720524
mistral-small-24b,g24p2_033,withheld_cf,10.092376694888884
mistral-small-24b,g24p2_033,withheld_only,20.067586736556464
mistral-small-24b,g24p2_033,withheld_strong,0.23908879021619914
mistral-small-24b,g24p2_034,base,77.24394174138112
mistral-small-24b,g24p2_034,prior_only,76.94150771793805
mistral-small-24b,g24p2_034,withheld_cf,76.85164109143639
mistral-small-24b,g24p2_034,withheld_only,24.660758291909207
mistral-small-24b,g24p2_034,withheld_strong,17.485374185977125
mistral-small-24b,g24p2_035,base,9.780988826700424
mistral-small-24b,g24p2_035,prior_only,10.608929996995938
mistral-small-24b,g24p2_035,withheld_cf,6.020765498374151
mistral-small-24b,g24p2_035,withheld_only,20.36199111391206
mistral-small-24b,g24p2_035,withheld_strong,3.9280528479217756
mistral-small-24b,g24p2_036,base,98.5719477753459
mistral-small-24b,g24p2_036,prior_only,96.51209460355305
mistral-small-24b,g24p2_036,withheld_cf,97.14627352821987
mistral-small-24b,g24p2_036,withheld_only,96.89621726296983
mistral-small-24b,g24p2_036,withheld_strong,96.36063200055432
mistral-small-24b,g24p2_037,base,18.83581520583204
mistral-small-24b,g24p2_037,prior_only,2.5931924812770655
mistral-small-24b,g24p2_037,withheld_cf,38.4735707622331
mistral-small-24b,g24p2_037,withheld_only,7.229394483991756
mistral-small-24b,g24p2_037,withheld_strong,21.007952343954116
mistral-small-24b,g24p2_038,base,69.27152759491187
mistral-small-24b,g24p2_038,prior_only,79.53324209571075
mistral-small-24b,g24p2_038,withheld_cf,77.10526135413616
mistral-small-24b,g24p2_038,withheld_only,10.70967817528949
mistral-small-24b,g24p2_038,withheld_strong,19.01230526943535
mistral-small-24b,g24p2_039,base,0.9916590896602736
mistral-small-24b,g24p2_039,prior_only,0.3331035457275417
mistral-small-24b,g24p2_039,withheld_cf,11.20563696566565
mistral-small-24b,g24p2_039,withheld_only,19.43627223154873
mistral-small-24b,g24p2_039,withheld_strong,53.402600678830325
mistral-small-24b,g24p2_040,base,99.84205453020799
mistral-small-24b,g24p2_040,prior_only,99.74757340319233
mistral-small-24b,g24p2_040,withheld_cf,96.81552275917221
mistral-small-24b,g24p2_040,withheld_only,73.97559564134836
mistral-small-24b,g24p2_040,withheld_strong,99.67722123676762
mistral-small-24b,g24p2_041,base,0.5914039890428091
mistral-small-24b,g24p2_041,prior_only,96.75415013764115
mistral-small-24b,g24p2_041,withheld_cf,22.319811212136845
mistral-small-24b,g24p2_041,withheld_only,18.284466637773487
mistral-small-24b,g24p2_041,withheld_strong,0.14259320223346156
mistral-small-24b,g24p2_043,base,99.75625311715447
mistral-small-24b,g24p2_043,prior_only,99.86730078812417
mistral-small-24b,g24p2_043,withheld_cf,90.17633656919759
mistral-small-24b,g24p2_043,withheld_only,23.46084226021152
mistral-small-24b,g24p2_043,withheld_strong,96.22256232821823
mistral-small-24b,g24p2_044,base,2.057499448213911
mistral-small-24b,g24p2_044,prior_only,4.441540146559978
mistral-small-24b,g24p2_044,withheld_cf,10.206230813122732
mistral-small-24b,g24p2_044,withheld_only,25.25838654141622
mistral-small-24b,g24p2_044,withheld_strong,0.6138472460436359
mistral-small-24b,g24p2_046,base,10.406553706202253
mistral-small-24b,g24p2_046,prior_only,6.0665369008012
mistral-small-24b,g24p2_046,withheld_cf,3.334700565272475
mistral-small-24b,g24p2_046,withheld_only,23.21727970711281
mistral-small-24b,g24p2_046,withheld_strong,10.790696439755125
mistral-small-24b,g24p2_047,base,8.2794980522108
mistral-small-24b,g24p2_047,prior_only,74.18110726811459
mistral-small-24b,g24p2_047,withheld_cf,73.52545394629311
mistral-small-24b,g24p2_047,withheld_only,18.026242564204292
mistral-small-24b,g24p2_047,withheld_strong,7.775316796687674
mistral-small-24b,g24p2_048,base,0.4463059272477776
mistral-small-24b,g24p2_048,prior_only,80.02301581282626
mistral-small-24b,g24p2_048,withheld_cf,11.343492159592468
mistral-small-24b,g24p2_048,withheld_only,24.860055085752773
mistral-small-24b,g24p2_048,withheld_strong,49.84945445096311
mistral-small-24b,g24p2_049,base,85.63045047272037
mistral-small-24b,g24p2_049,prior_only,76.745066766417
mistral-small-24b,g24p2_049,withheld_cf,71.60634318078716
mistral-small-24b,g24p2_049,withheld_only,24.714844923955997
mistral-small-24b,g24p2_049,withheld_strong,14.65126770351968
mistral-small-24b,g24p2_051,base,93.07591695898209
mistral-small-24b,g24p2_051,prior_only,98.7845565056574
mistral-small-24b,g24p2_051,withheld_cf,96.19266248590165
mistral-small-24b,g24p2_051,withheld_only,33.397041128875365
mistral-small-24b,g24p2_051,withheld_strong,91.8105568192592
mistral-small-24b,g24p2_053,base,45.007482514699284
mistral-small-24b,g24p2_053,prior_only,56.695683517183426
mistral-small-24b,g24p2_053,withheld_cf,28.178599768523597
mistral-small-24b,g24p2_053,withheld_only,4.923399926132131
mistral-small-24b,g24p2_053,withheld_strong,15.564044226077439
mistral-small-24b,g24p2_054,base,8.711473624377746
mistral-small-24b,g24p2_054,prior_only,12.322625394616987
mistral-small-24b,g24p2_054,withheld_cf,45.30930551927371
mistral-small-24b,g24p2_054,withheld_only,16.862203412974264
mistral-small-24b,g24p2_054,withheld_strong,48.27775001693083
mistral-small-24b,g24p2_055,base,99.87356824003726
mistral-small-24b,g24p2_055,prior_only,99.87586167589382
mistral-small-24b,g24p2_055,withheld_cf,98.49862071560233
mistral-small-24b,g24p2_055,withheld_only,25.32978170480127
mistral-small-24b,g24p2_055,withheld_strong,99.91706165266646
mistral-small-24b,g24p2_057,base,5.7452885208800915
mistral-small-24b,g24p2_057,prior_only,8.528369334686047
mistral-small-24b,g24p2_057,withheld_cf,11.840964911496854
mistral-small-24b,g24p2_057,withheld_only,10.94858015971156
mistral-small-24b,g24p2_057,withheld_strong,8.154942087787447
mistral-small-24b,g24p2_058,base,1.8196606487634044
mistral-small-24b,g24p2_058,prior_only,3.9257122083311486
mistral-small-24b,g24p2_058,withheld_cf,10.801828868383563
mistral-small-24b,g24p2_058,withheld_only,15.663780914485578
mistral-small-24b,g24p2_058,withheld_strong,6.842875239349279
mistral-small-24b,g24p2_059,base,77.28039512134416
mistral-small-24b,g24p2_059,prior_only,42.83687568784917
mistral-small-24b,g24p2_059,withheld_cf,30.532467616868434
mistral-small-24b,g24p2_059,withheld_only,6.8726970885304794
mistral-small-24b,g24p2_059,withheld_strong,32.09784190318592
mistral-small-24b,g24p2_060,base,0.5933001558843382
mistral-small-24b,g24p2_060,prior_only,1.298623397442246
mistral-small-24b,g24p2_060,withheld_cf,8.72384386376357
mistral-small-24b,g24p2_060,withheld_only,16.658563022827824
mistral-small-24b,g24p2_060,withheld_strong,0.26995814017551606
mistral-small-24b,g24p2_062,base,99.68477274512911
mistral-small-24b,g24p2_062,prior_only,9.261156254981804
mistral-small-24b,g24p2_062,withheld_cf,99.59700383852196
mistral-small-24b,g24p2_062,withheld_only,84.41835920927343
mistral-small-24b,g24p2_062,withheld_strong,99.75171189355201
mistral-small-24b,g24p2_064,base,3.4214684182375277
mistral-small-24b,g24p2_064,prior_only,64.23066165392373
mistral-small-24b,g24p2_064,withheld_cf,53.30327830374524
mistral-small-24b,g24p2_064,withheld_only,18.801858742810854
mistral-small-24b,g24p2_064,withheld_strong,28.50096251975182
mistral-small-24b,g24p2_065,base,84.2037921719795
mistral-small-24b,g24p2_065,prior_only,84.50499361243745
mistral-small-24b,g24p2_065,withheld_cf,83.0049206895281
mistral-small-24b,g24p2_065,withheld_only,31.065894125279343
mistral-small-24b,g24p2_065,withheld_strong,84.13767090851186
mistral-small-24b,g24p2_066,base,99.45011037102302
mistral-small-24b,g24p2_066,prior_only,42.00962171974247
mistral-small-24b,g24p2_066,withheld_cf,42.424379870598365
mistral-small-24b,g24p2_066,withheld_only,7.791009872144065
mistral-small-24b,g24p2_066,withheld_strong,24.020565686553653
mistral-small-24b,g24p2_067,base,0.27237217624006416
mistral-small-24b,g24p2_067,prior_only,1.5654762915822222
mistral-small-24b,g24p2_067,withheld_cf,1.562170755960354
mistral-small-24b,g24p2_067,withheld_only,26.926191774336505
mistral-small-24b,g24p2_067,withheld_strong,0.2075017119743897
mistral-small-24b,g24p2_068,base,6.413854939464889
mistral-small-24b,g24p2_068,prior_only,5.3175127460804426
mistral-small-24b,g24p2_068,withheld_cf,5.260660359447282
mistral-small-24b,g24p2_068,withheld_only,2.465747512113461
mistral-small-24b,g24p2_068,withheld_strong,4.605117510523581
mistral-small-24b,g24p2_069,base,81.14024310358009
mistral-small-24b,g24p2_069,prior_only,2.741999500748089
mistral-small-24b,g24p2_069,withheld_cf,4.11896493835053
mistral-small-24b,g24p2_069,withheld_only,36.08856641248742
mistral-small-24b,g24p2_069,withheld_strong,2.0442090325689386
mistral-small-24b,g24p2_070,base,99.86939035894709
mistral-small-24b,g24p2_070,prior_only,99.79887536102119
mistral-small-24b,g24p2_070,withheld_cf,99.79556073810608
mistral-small-24b,g24p2_070,withheld_only,99.452458281
mistral-small-24b,g24p2_070,withheld_strong,99.82947640555275
mistral-small-24b,g24p2_071,base,59.39850104033451
mistral-small-24b,g24p2_071,prior_only,73.93081074526673
mistral-small-24b,g24p2_071,withheld_cf,32.946589805660174
mistral-small-24b,g24p2_071,withheld_only,6.7088607326579295
mistral-small-24b,g24p2_071,withheld_strong,17.374394903979432
mistral-small-24b,g24p2_072,base,30.047366832329057
mistral-small-24b,g24p2_072,prior_only,60.20440029287118
mistral-small-24b,g24p2_072,withheld_cf,38.08069426158619
mistral-small-24b,g24p2_072,withheld_only,5.823690276851084
mistral-small-24b,g24p2_072,withheld_strong,32.21902935669362
mistral-small-24b,g24p2_073,base,0.0683213859407688
mistral-small-24b,g24p2_073,prior_only,0.150426750377184
mistral-small-24b,g24p2_073,withheld_cf,0.1083253346807434
mistral-small-24b,g24p2_073,withheld_only,0.04884751439909413
mistral-small-24b,g24p2_073,withheld_strong,0.07090587948760267
mistral-small-24b,g24p2_074,base,47.66617693134654
mistral-small-24b,g24p2_074,prior_only,36.16761029535438
mistral-small-24b,g24p2_074,withheld_cf,40.599372953868944
mistral-small-24b,g24p2_074,withheld_only,16.85138090552164
mistral-small-24b,g24p2_074,withheld_strong,33.59348433184066
mistral-small-24b,g24p2_075,base,99.81741040503933
mistral-small-24b,g24p2_075,prior_only,91.27245618003238
mistral-small-24b,g24p2_075,withheld_cf,78.26752357960974
mistral-small-24b,g24p2_075,withheld_only,7.812633144747142
mistral-small-24b,g24p2_075,withheld_strong,99.75525912312949
mistral-small-24b,g24p2_076,base,52.247611027346245
mistral-small-24b,g24p2_076,prior_only,91.16492916013408
mistral-small-24b,g24p2_076,withheld_cf,35.6160104309665
mistral-small-24b,g24p2_076,withheld_only,22.670086885892434
mistral-small-24b,g24p2_076,withheld_strong,99.8535148669967
mistral-small-24b,g24p2_077,base,71.72321777476374
mistral-small-24b,g24p2_077,prior_only,45.90783123559469
mistral-small-24b,g24p2_077,withheld_cf,27.304656454985206
mistral-small-24b,g24p2_077,withheld_only,20.60031742848143
mistral-small-24b,g24p2_077,withheld_strong,0.7646879340688747
mistral-small-24b,g24p2_079,base,99.68915422409852
mistral-small-24b,g24p2_079,prior_only,99.67498290195103
mistral-small-24b,g24p2_079,withheld_cf,99.75694610499184
mistral-small-24b,g24p2_079,withheld_only,7.302970888696174
mistral-small-24b,g24p2_079,withheld_strong,99.72105936157375
mistral-small-24b,g24p2_081,base,10.685500845496827
mistral-small-24b,g24p2_081,prior_only,18.168225212705128
mistral-small-24b,g24p2_081,withheld_cf,13.473934112387434
mistral-small-24b,g24p2_081,withheld_only,15.350227044116615
mistral-small-24b,g24p2_081,withheld_strong,0.5234860305839144
mistral-small-24b,g24p2_082,base,75.0559244763307
mistral-small-24b,g24p2_082,prior_only,65.49760277313143
mistral-small-24b,g24p2_082,withheld_cf,38.62327733348091
mistral-small-24b,g24p2_082,withheld_only,14.970144178890624
mistral-small-24b,g24p2_082,withheld_strong,11.195033546947068
mistral-small-24b,g24p2_083,base,0.142994183772739
mistral-small-24b,g24p2_083,prior_only,0.4833310969714711
mistral-small-24b,g24p2_083,withheld_cf,3.440529900478084
mistral-small-24b,g24p2_083,withheld_only,28.057027992443366
mistral-small-24b,g24p2_083,withheld_strong,0.3705119841547211
mistral-small-24b,g24p2_084,base,50.78600809653855
mistral-small-24b,g24p2_084,prior_only,59.40977884268797
mistral-small-24b,g24p2_084,withheld_cf,4.580094291935122
mistral-small-24b,g24p2_084,withheld_only,58.62098917630648
mistral-small-24b,g24p2_084,withheld_strong,99.71150110518101
mistral-small-24b,g24p2_085,base,5.616720563439896
mistral-small-24b,g24p2_085,prior_only,34.44249219322708
mistral-small-24b,g24p2_085,withheld_cf,40.364586604452384
mistral-small-24b,g24p2_085,withheld_only,7.88026458113735
mistral-small-24b,g24p2_085,withheld_strong,28.148958491828818
mistral-small-24b,g24p2_087,base,57.31950034168014
mistral-small-24b,g24p2_087,prior_only,0.4631482198748816
mistral-small-24b,g24p2_087,withheld_cf,45.612162852640864
mistral-small-24b,g24p2_087,withheld_only,12.81300918709835
mistral-small-24b,g24p2_087,withheld_strong,8.732730024784734
mistral-small-24b,g24p2_088,base,30.801482046438107
mistral-small-24b,g24p2_088,prior_only,0.052784756382658726
mistral-small-24b,g24p2_088,withheld_cf,15.830561486726648
mistral-small-24b,g24p2_088,withheld_only,22.413754814441397
mistral-small-24b,g24p2_088,withheld_strong,36.283170779366
mistral-small-24b,g24p2_089,base,2.4670289444682427
mistral-small-24b,g24p2_089,prior_only,6.584305159266596
mistral-small-24b,g24p2_089,withheld_cf,13.56212307581661
mistral-small-24b,g24p2_089,withheld_only,9.555401814794136
mistral-small-24b,g24p2_089,withheld_strong,3.345383511428067
mistral-small-24b,g24p2_091,base,98.22495923372688
mistral-small-24b,g24p2_091,prior_only,94.86091268465137
mistral-small-24b,g24p2_091,withheld_cf,64.30495501018015
mistral-small-24b,g24p2_091,withheld_only,11.943556207327793
mistral-small-24b,g24p2_091,withheld_strong,67.23483593498037
mistral-small-24b,g24p2_092,base,70.21963168174808
mistral-small-24b,g24p2_092,prior_only,12.758504996686378
mistral-small-24b,g24p2_092,withheld_cf,9.378029303758519
mistral-small-24b,g24p2_092,withheld_only,23.740706208377826
mistral-small-24b,g24p2_092,withheld_strong,72.7889610537351
mistral-small-24b,g24p2_093,base,29.898573512969943
mistral-small-24b,g24p2_093,prior_only,66.61807848270925
mistral-small-24b,g24p2_093,withheld_cf,10.01628248167789
mistral-small-24b,g24p2_093,withheld_only,26.487176231982467
mistral-small-24b,g24p2_093,withheld_strong,26.382932255955453
mistral-small-24b,g24p2_094,base,99.72321102276868
mistral-small-24b,g24p2_094,prior_only,92.84840435543771
mistral-small-24b,g24p2_094,withheld_cf,89.89152590697995
mistral-small-24b,g24p2_094,withheld_only,68.29623156246323
mistral-small-24b,g24p2_094,withheld_strong,96.76964310959595
mistral-small-24b,g24p2_096,base,87.57737784320551
mistral-small-24b,g24p2_096,prior_only,33.09571700891761
mistral-small-24b,g24p2_096,withheld_cf,81.83443903053865
mistral-small-24b,g24p2_096,withheld_only,13.138280892868767
mistral-small-24b,g24p2_096,withheld_strong,24.33703892614456
mistral-small-24b,g24p2_098,base,0.2377211332383084
mistral-small-24b,g24p2_098,prior_only,0.33791659487246095
mistral-small-24b,g24p2_098,withheld_cf,0.8148840177943747
mistral-small-24b,g24p2_098,withheld_only,31.34247527210543
mistral-small-24b,g24p2_098,withheld_strong,1.1645615402900207
mistral-small-24b,g24p2_099,base,0.1632272258529968
mistral-small-24b,g24p2_099,prior_only,0.5682150225832067
mistral-small-24b,g24p2_099,withheld_cf,0.02823331182089274
mistral-small-24b,g24p2_099,withheld_only,5.990431485873916
mistral-small-24b,g24p2_099,withheld_strong,0.027042579551730162
mistral-small-24b,g24p2_101,base,99.78188853208074
mistral-small-24b,g24p2_101,prior_only,96.74585889877409
mistral-small-24b,g24p2_101,withheld_cf,92.22592995106852
mistral-small-24b,g24p2_101,withheld_only,23.17491236985922
mistral-small-24b,g24p2_101,withheld_strong,98.67340825287398
mistral-small-24b,g24p2_102,base,0.5909734886116748
mistral-small-24b,g24p2_102,prior_only,3.9946620866837574
mistral-small-24b,g24p2_102,withheld_cf,3.8501117363323396
mistral-small-24b,g24p2_102,withheld_only,12.259686728748338
mistral-small-24b,g24p2_102,withheld_strong,3.790244178037513
mistral-small-24b,g24p2_103,base,21.66550541980346
mistral-small-24b,g24p2_103,prior_only,49.137655040717306
mistral-small-24b,g24p2_103,withheld_cf,42.24265923393849
mistral-small-24b,g24p2_103,withheld_only,6.559371166781877
mistral-small-24b,g24p2_103,withheld_strong,4.0131912466933874
mistral-small-24b,g24p2_104,base,13.96097170189752
mistral-small-24b,g24p2_104,prior_only,14.76211879556753
mistral-small-24b,g24p2_104,withheld_cf,10.170495044230925
mistral-small-24b,g24p2_104,withheld_only,11.853298806279234
mistral-small-24b,g24p2_104,withheld_strong,8.139997806595686
mistral-small-24b,g24p2_105,base,55.9635869373184
mistral-small-24b,g24p2_105,prior_only,52.28080661894364
mistral-small-24b,g24p2_105,withheld_cf,51.2820619022495
mistral-small-24b,g24p2_105,withheld_only,6.582858867000998
mistral-small-24b,g24p2_105,withheld_strong,36.837141530235996
mistral-small-24b,g24p2_107,base,32.22737386884441
mistral-small-24b,g24p2_107,prior_only,26.06676750991054
mistral-small-24b,g24p2_107,withheld_cf,35.58157985720438
mistral-small-24b,g24p2_107,withheld_only,7.645632118262373
mistral-small-24b,g24p2_107,withheld_strong,21.77485800071314
mistral-small-24b,g24p2_108,base,57.89884786238823
mistral-small-24b,g24p2_108,prior_only,58.30147216823165
mistral-small-24b,g24p2_108,withheld_cf,84.29418773061593
mistral-small-24b,g24p2_108,withheld_only,19.635945656771863
mistral-small-24b,g24p2_108,withheld_strong,51.203514840144116
mistral-small-24b,g24p2_110,base,85.71985393656084
mistral-small-24b,g24p2_110,prior_only,88.3945139988326
mistral-small-24b,g24p2_110,withheld_cf,87.81475829768209
mistral-small-24b,g24p2_110,withheld_only,21.641604585460833
mistral-small-24b,g24p2_110,withheld_strong,87.70750046233962
mistral-small-24b,g24p2_111,base,1.7982498764079031
mistral-small-24b,g24p2_111,prior_only,0.4525040592929902
mistral-small-24b,g24p2_111,withheld_cf,0.1666430764160678
mistral-small-24b,g24p2_111,withheld_only,0.32610947806623247
mistral-small-24b,g24p2_111,withheld_strong,0.23501479717022752
mistral-small-24b,g24p2_112,base,1.4576093051518515
mistral-small-24b,g24p2_112,prior_only,6.931758555999249
mistral-small-24b,g24p2_112,withheld_cf,10.783037171487022
mistral-small-24b,g24p2_112,withheld_only,28.55330698201274
mistral-small-24b,g24p2_112,withheld_strong,2.420684191930947
mistral-small-24b,g24p2_113,base,77.85189853264443
mistral-small-24b,g24p2_113,prior_only,97.82523554582741
mistral-small-24b,g24p2_113,withheld_cf,80.32546617246125
mistral-small-24b,g24p2_113,withheld_only,83.99891841792959
mistral-small-24b,g24p2_113,withheld_strong,17.692731341745613
mistral-small-24b,g24p2_114,base,93.1097098417984
mistral-small-24b,g24p2_114,prior_only,26.897123232836808
mistral-small-24b,g24p2_114,withheld_cf,31.56672633489991
mistral-small-24b,g24p2_114,withheld_only,18.391388176764487
mistral-small-24b,g24p2_114,withheld_strong,99.7481842507241
mistral-small-24b,g24p2_115,base,1.4082809957012175
mistral-small-24b,g24p2_115,prior_only,8.055499929934458
mistral-small-24b,g24p2_115,withheld_cf,16.009219297734344
mistral-small-24b,g24p2_115,withheld_only,12.901805629168463
mistral-small-24b,g24p2_115,withheld_strong,3.6703602748928983
mistral-small-24b,g24p2_116,base,0.25337972491043526
mistral-small-24b,g24p2_116,prior_only,0.08401972385492613
mistral-small-24b,g24p2_116,withheld_cf,0.06993688425965579
mistral-small-24b,g24p2_116,withheld_only,26.611407789948533
mistral-small-24b,g24p2_116,withheld_strong,0.09925179279301759
mistral-small-24b,g24p2_117,base,61.67036288694174
mistral-small-24b,g24p2_117,prior_only,56.90424730265373
mistral-small-24b,g24p2_117,withheld_cf,60.02582867566688
mistral-small-24b,g24p2_117,withheld_only,12.375513547781669
mistral-small-24b,g24p2_117,withheld_strong,19.580608206578056
mistral-small-24b,g24p2_120,base,93.91780994929917
mistral-small-24b,g24p2_120,prior_only,82.61974138566069
mistral-small-24b,g24p2_120,withheld_cf,78.48302167620439
mistral-small-24b,g24p2_120,withheld_only,26.584923641063913
mistral-small-24b,g24p2_120,withheld_strong,54.02379351552939
mistral-small-24b,g24p2_121,base,77.31439494765105
mistral-small-24b,g24p2_121,prior_only,79.0060976794413
mistral-small-24b,g24p2_121,withheld_cf,60.76366509901854
mistral-small-24b,g24p2_121,withheld_only,4.138754371557553
mistral-small-24b,g24p2_121,withheld_strong,65.33029266746036
mistral-small-24b,g24p2_122,base,98.39973777215874
mistral-small-24b,g24p2_122,prior_only,99.16737506547673
mistral-small-24b,g24p2_122,withheld_cf,96.84083623338365
mistral-small-24b,g24p2_122,withheld_only,20.30792730349853
mistral-small-24b,g24p2_122,withheld_strong,98.66808893891213
mistral-small-24b,g24p2_123,base,59.93627521889053
mistral-small-24b,g24p2_123,prior_only,54.28595142771612
mistral-small-24b,g24p2_123,withheld_cf,60.13903626009955
mistral-small-24b,g24p2_123,withheld_only,11.247109561948742
mistral-small-24b,g24p2_123,withheld_strong,61.20993032414023
mistral-small-24b,g24p2_125,base,3.4484735807368385
mistral-small-24b,g24p2_125,prior_only,41.21333301224508
mistral-small-24b,g24p2_125,withheld_cf,39.4170021628437
mistral-small-24b,g24p2_125,withheld_only,7.880487957973063
mistral-small-24b,g24p2_125,withheld_strong,12.050108904170154
mistral-small-24b,g24p2_126,base,63.702371544427024
mistral-small-24b,g24p2_126,prior_only,62.842612020351304
mistral-small-24b,g24p2_126,withheld_cf,61.62788593826489
mistral-small-24b,g24p2_126,withheld_only,24.54809617177809
mistral-small-24b,g24p2_126,withheld_strong,38.99235965763353
mistral-small-24b,g24p2_128,base,99.84250231253638
mistral-small-24b,g24p2_128,prior_only,99.45181525730679
mistral-small-24b,g24p2_128,withheld_cf,92.55697379291641
mistral-small-24b,g24p2_128,withheld_only,23.779010278538394
mistral-small-24b,g24p2_128,withheld_strong,99.14209647008293
mistral-small-24b,g24p2_129,base,19.270418491203177
mistral-small-24b,g24p2_129,prior_only,13.999887144007001
mistral-small-24b,g24p2_129,withheld_cf,33.30229428701725
mistral-small-24b,g24p2_129,withheld_only,7.479021678771463
mistral-small-24b,g24p2_129,withheld_strong,9.816756850059292
mistral-small-24b,g24p2_130,base,55.55540793285034
mistral-small-24b,g24p2_130,prior_only,27.95043375728456
mistral-small-24b,g24p2_130,withheld_cf,43.45606741931966
mistral-small-24b,g24p2_130,withheld_only,10.269593416474596
mistral-small-24b,g24p2_130,withheld_strong,26.680797183788933
mistral-small-24b,g24p2_131,base,45.96332996330679
mistral-small-24b,g24p2_131,prior_only,20.12451001271692
mistral-small-24b,g24p2_131,withheld_cf,39.17131358439945
mistral-small-24b,g24p2_131,withheld_only,18.581376473050927
mistral-small-24b,g24p2_131,withheld_strong,4.8279083632266175
mistral-small-24b,g24p2_132,base,0.1843486988217892
mistral-small-24b,g24p2_132,prior_only,0.06146625835496625
mistral-small-24b,g24p2_132,withheld_cf,0.03268061195563182
mistral-small-24b,g24p2_132,withheld_only,13.585066911906145
mistral-small-24b,g24p2_132,withheld_strong,0.0352181856790538
mistral-small-24b,g24p2_133,base,99.89643016190755
mistral-small-24b,g24p2_133,prior_only,99.71038654212917
mistral-small-24b,g24p2_133,withheld_cf,99.81262587606608
mistral-small-24b,g24p2_133,withheld_only,75.73932377076616
mistral-small-24b,g24p2_133,withheld_strong,99.81333104783566
mistral-small-24b,g24p2_134,base,99.42775798970075
mistral-small-24b,g24p2_134,prior_only,99.16408205047225
mistral-small-24b,g24p2_134,withheld_cf,93.13165892637221
mistral-small-24b,g24p2_134,withheld_only,98.69767803906694
mistral-small-24b,g24p2_134,withheld_strong,98.82497224807622
mistral-small-24b,g24p2_135,base,0.05211729407935661
mistral-small-24b,g24p2_135,prior_only,0.037005196913104964
mistral-small-24b,g24p2_135,withheld_cf,0.03771563331149867
mistral-small-24b,g24p2_135,withheld_only,10.359528351958705
mistral-small-24b,g24p2_135,withheld_strong,0.04539551355567072
mistral-small-24b,g24p2_136,base,24.947650506741706
mistral-small-24b,g24p2_136,prior_only,36.21147198870321
mistral-small-24b,g24p2_136,withheld_cf,42.557924638631825
mistral-small-24b,g24p2_136,withheld_only,15.099212894044946
mistral-small-24b,g24p2_136,withheld_strong,37.66516694709452
mistral-small-24b,g24p2_137,base,11.018751689774891
mistral-small-24b,g24p2_137,prior_only,11.569778386954765
mistral-small-24b,g24p2_137,withheld_cf,14.748469501886566
mistral-small-24b,g24p2_137,withheld_only,21.497781389960174
mistral-small-24b,g24p2_137,withheld_strong,15.265152036728514
mistral-small-24b,g24p2_138,base,40.01908033148663
mistral-small-24b,g24p2_138,prior_only,83.89340490268887
mistral-small-24b,g24p2_138,withheld_cf,64.69869243750202
mistral-small-24b,g24p2_138,withheld_only,9.728436474992655
mistral-small-24b,g24p2_138,withheld_strong,76.40322293865489
mistral-small-24b,g24p2_140,base,2.901555996907961
mistral-small-24b,g24p2_140,prior_only,10.533482017519791
mistral-small-24b,g24p2_140,withheld_cf,34.32319474520365
mistral-small-24b,g24p2_140,withheld_only,12.724188208924822
mistral-small-24b,g24p2_140,withheld_strong,27.357388698831947
mistral-small-24b,g24p2_141,base,19.93176995683746
mistral-small-24b,g24p2_141,prior_only,11.487283740694927
mistral-small-24b,g24p2_141,withheld_cf,29.545379174219754
mistral-small-24b,g24p2_141,withheld_only,12.276797598346427
mistral-small-24b,g24p2_141,withheld_strong,9.574113819093256
mistral-small-24b,g24p2_142,base,22.94282463756346
mistral-small-24b,g24p2_142,prior_only,74.58975922076769
mistral-small-24b,g24p2_142,withheld_cf,75.063107738636
mistral-small-24b,g24p2_142,withheld_only,12.460380939253469
mistral-small-24b,g24p2_142,withheld_strong,75.59067648185105
mistral-small-24b,g24p2_143,base,29.50000263882002
mistral-small-24b,g24p2_143,prior_only,68.895737031902
mistral-small-24b,g24p2_143,withheld_cf,28.778113761738794
mistral-small-24b,g24p2_143,withheld_only,12.774992814344014
mistral-small-24b,g24p2_143,withheld_strong,7.681388519600713
mistral-small-24b,g24p2_144,base,17.50907175356623
mistral-small-24b,g24p2_144,prior_only,79.04678531484765
mistral-small-24b,g24p2_144,withheld_cf,48.05121094352961
mistral-small-24b,g24p2_144,withheld_only,11.72331521941313
mistral-small-24b,g24p2_144,withheld_strong,9.62760526569952
mistral-small-24b,g24p2_145,base,5.174346724568691
mistral-small-24b,g24p2_145,prior_only,11.990039829292233
mistral-small-24b,g24p2_145,withheld_cf,49.673654216280596
mistral-small-24b,g24p2_145,withheld_only,19.195406509335147
mistral-small-24b,g24p2_145,withheld_strong,5.53737729691578
mistral-small-24b,g24p2_146,base,9.557714796434105
mistral-small-24b,g24p2_146,prior_only,11.343359797007103
mistral-small-24b,g24p2_146,withheld_cf,30.823806245265605
mistral-small-24b,g24p2_146,withheld_only,12.113356356777926
mistral-small-24b,g24p2_146,withheld_strong,36.30622281773799
mistral-small-24b,g24p2_147,base,99.56892665319707
mistral-small-24b,g24p2_147,prior_only,99.38904036700023
mistral-small-24b,g24p2_147,withheld_cf,18.795730290750985
mistral-small-24b,g24p2_147,withheld_only,16.294440225977453
mistral-small-24b,g24p2_147,withheld_strong,67.89630296370547
mistral-small-24b,g24p2_148,base,1.4439789043918851
mistral-small-24b,g24p2_148,prior_only,2.952267473489876
mistral-small-24b,g24p2_148,withheld_cf,13.305192215028548
mistral-small-24b,g24p2_148,withheld_only,16.208132115663812
mistral-small-24b,g24p2_148,withheld_strong,0.902511966407718
mistral-small-24b,g24p2_149,base,0.6030317417701263
mistral-small-24b,g24p2_149,prior_only,12.645764182639365
mistral-small-24b,g24p2_149,withheld_cf,11.588172916851768
mistral-small-24b,g24p2_149,withheld_only,23.15538762262777
mistral-small-24b,g24p2_149,withheld_strong,2.292872384112613
mistral-small-24b,g24p2_150,base,26.32567554478246
mistral-small-24b,g24p2_150,prior_only,43.5822411228118
mistral-small-24b,g24p2_150,withheld_cf,16.89546524569704
mistral-small-24b,g24p2_150,withheld_only,29.20954339241449
mistral-small-24b,g24p2_150,withheld_strong,5.705365143539506
mistral-small-24b,g24p2_153,base,72.87323245769257
mistral-small-24b,g24p2_153,prior_only,98.66859042851016
mistral-small-24b,g24p2_153,withheld_cf,98.99092119123111
mistral-small-24b,g24p2_153,withheld_only,97.38248660580258
mistral-small-24b,g24p2_153,withheld_strong,99.66162380702224
mistral-small-24b,g24p2_154,base,0.1275405676724803
mistral-small-24b,g24p2_154,prior_only,0.1408686825869906
mistral-small-24b,g24p2_154,withheld_cf,42.28260960908282
mistral-small-24b,g24p2_154,withheld_only,21.0504073355955
mistral-small-24b,g24p2_154,withheld_strong,0.15955771691880052
mistral-small-24b,g24p2_156,base,99.53700879184531
mistral-small-24b,g24p2_156,prior_only,98.85448621574297
mistral-small-24b,g24p2_156,withheld_cf,99.14395714689046
mistral-small-24b,g24p2_156,withheld_only,23.494404774473693
mistral-small-24b,g24p2_156,withheld_strong,99.70619585980377
mistral-small-24b,g24p2_158,base,21.807506796170532
mistral-small-24b,g24p2_158,prior_only,14.109554076416073
mistral-small-24b,g24p2_158,withheld_cf,10.545128871433526
mistral-small-24b,g24p2_158,withheld_only,10.836448832475195
mistral-small-24b,g24p2_158,withheld_strong,7.243348602413601
mistral-small-24b,g24p2_159,base,1.1867267520450282
mistral-small-24b,g24p2_159,prior_only,0.900836432325289
mistral-small-24b,g24p2_159,withheld_cf,9.921151174182166
mistral-small-24b,g24p2_159,withheld_only,42.5946288172853
mistral-small-24b,g24p2_159,withheld_strong,14.997285445801566
mistral-small-24b,g24p2_160,base,61.22206610095174
mistral-small-24b,g24p2_160,prior_only,19.951503726221333
mistral-small-24b,g24p2_160,withheld_cf,30.210363488499784
mistral-small-24b,g24p2_160,withheld_only,15.402837759989772
mistral-small-24b,g24p2_160,withheld_strong,13.632784675808132
mistral-small-24b,g24p2_161,base,0.5376636643141003
mistral-small-24b,g24p2_161,prior_only,1.4157969189416801
mistral-small-24b,g24p2_161,withheld_cf,4.383071885559511
mistral-small-24b,g24p2_161,withheld_only,21.698681843936264
mistral-small-24b,g24p2_161,withheld_strong,0.14325954305358743
mistral-small-24b,g24p2_163,base,0.7889880142741853
mistral-small-24b,g24p2_163,prior_only,2.131505012443737
mistral-small-24b,g24p2_163,withheld_cf,7.261949591805884
mistral-small-24b,g24p2_163,withheld_only,13.044726138776488
mistral-small-24b,g24p2_163,withheld_strong,7.5101128765838165
mistral-small-24b,g24p2_164,base,99.70989919884182
mistral-small-24b,g24p2_164,prior_only,91.7611167525099
mistral-small-24b,g24p2_164,withheld_cf,97.3115333384211
mistral-small-24b,g24p2_164,withheld_only,14.924343454330106
mistral-small-24b,g24p2_164,withheld_strong,98.95625309222521
mistral-small-24b,g24p2_165,base,17.79835115808993
mistral-small-24b,g24p2_165,prior_only,6.784861624405284
mistral-small-24b,g24p2_165,withheld_cf,43.59123733777435
mistral-small-24b,g24p2_165,withheld_only,4.278050486340427
mistral-small-24b,g24p2_165,withheld_strong,35.67505889310985
mistral-small-24b,g24p2_167,base,65.81828357703368
mistral-small-24b,g24p2_167,prior_only,72.12715850525821
mistral-small-24b,g24p2_167,withheld_cf,40.18453283398254
mistral-small-24b,g24p2_167,withheld_only,10.443821800890909
mistral-small-24b,g24p2_167,withheld_strong,39.86307628190064
mistral-small-24b,g24p2_169,base,97.8115944296473
mistral-small-24b,g24p2_169,prior_only,98.7876314527538
mistral-small-24b,g24p2_169,withheld_cf,98.5265931270719
mistral-small-24b,g24p2_169,withheld_only,27.971636695490034
mistral-small-24b,g24p2_169,withheld_strong,99.49808649554963
mistral-small-24b,g24p2_170,base,95.87727471762369
mistral-small-24b,g24p2_170,prior_only,81.57777726341943
mistral-small-24b,g24p2_170,withheld_cf,59.975643487443186
mistral-small-24b,g24p2_170,withheld_only,13.736071918113199
mistral-small-24b,g24p2_170,withheld_strong,48.16106526078554
mistral-small-24b,g24p2_171,base,19.916411331394297
mistral-small-24b,g24p2_171,prior_only,20.365288568749545
mistral-small-24b,g24p2_171,withheld_cf,73.82174315673132
mistral-small-24b,g24p2_171,withheld_only,7.404685782177588
mistral-small-24b,g24p2_171,withheld_strong,34.14623788401813
mistral-small-24b,g24p2_172,base,99.37091196627189
mistral-small-24b,g24p2_172,prior_only,99.05120450195533
mistral-small-24b,g24p2_172,withheld_cf,89.13239720139521
mistral-small-24b,g24p2_172,withheld_only,6.444260114089737
mistral-small-24b,g24p2_172,withheld_strong,99.07503190842836
mistral-small-24b,g24p2_174,base,74.56711414341949
mistral-small-24b,g24p2_174,prior_only,86.46273769631608
mistral-small-24b,g24p2_174,withheld_cf,84.89324602200122
mistral-small-24b,g24p2_174,withheld_only,85.48943265308598
mistral-small-24b,g24p2_174,withheld_strong,76.3371860217483
mistral-small-24b,g24p2_175,base,63.87160560329845
mistral-small-24b,g24p2_175,prior_only,72.17153782757241
mistral-small-24b,g24p2_175,withheld_cf,0.8693441207777811
mistral-small-24b,g24p2_175,withheld_only,17.978259543456275
mistral-small-24b,g24p2_175,withheld_strong,96.00363338228932
mistral-small-24b,g24p2_176,base,99.7357774959443
mistral-small-24b,g24p2_176,prior_only,1.2495153837666053
mistral-small-24b,g24p2_176,withheld_cf,98.68237318732994
mistral-small-24b,g24p2_176,withheld_only,77.57913595223656
mistral-small-24b,g24p2_176,withheld_strong,6.308744958103496
mistral-small-24b,g24p2_177,base,99.50757491701148
mistral-small-24b,g24p2_177,prior_only,99.48699888859693
mistral-small-24b,g24p2_177,withheld_cf,91.82151335422296
mistral-small-24b,g24p2_177,withheld_only,24.049025825018745
mistral-small-24b,g24p2_177,withheld_strong,99.22671907894762
mistral-small-24b,g24p2_178,base,15.34670838349358
mistral-small-24b,g24p2_178,prior_only,16.022765079651236
mistral-small-24b,g24p2_178,withheld_cf,0.34663176263729417
mistral-small-24b,g24p2_178,withheld_only,14.407532445710624
mistral-small-24b,g24p2_178,withheld_strong,0.3023359579657406
mistral-small-24b,g24p2_179,base,7.101894095650248
mistral-small-24b,g24p2_179,prior_only,11.804219688330791
mistral-small-24b,g24p2_179,withheld_cf,25.331036403517793
mistral-small-24b,g24p2_179,withheld_only,5.274412912770412
mistral-small-24b,g24p2_179,withheld_strong,12.15880166158328
mistral-small-24b,g24p2_180,base,0.6583088580917795
mistral-small-24b,g24p2_180,prior_only,98.31242311078088
mistral-small-24b,g24p2_180,withheld_cf,3.9994805943066334
mistral-small-24b,g24p2_180,withheld_only,24.914569194679814
mistral-small-24b,g24p2_180,withheld_strong,1.0841584903389831
mistral-small-24b,g24p2_181,base,0.21478391360160115
mistral-small-24b,g24p2_181,prior_only,0.33666001751446434
mistral-small-24b,g24p2_181,withheld_cf,0.15075499073526233
mistral-small-24b,g24p2_181,withheld_only,13.154436247691605
mistral-small-24b,g24p2_181,withheld_strong,0.03461700558231389
mistral-small-24b,g24p2_184,base,4.047696443221473
mistral-small-24b,g24p2_184,prior_only,4.394313397050909
mistral-small-24b,g24p2_184,withheld_cf,2.2981617648286052
mistral-small-24b,g24p2_184,withheld_only,20.831206120295594
mistral-small-24b,g24p2_184,withheld_strong,0.03963340683301499
mistral-small-24b,g24p2_185,base,0.1426896203637601
mistral-small-24b,g24p2_185,prior_only,0.36940573055774406
mistral-small-24b,g24p2_185,withheld_cf,79.75580376136219
mistral-small-24b,g24p2_185,withheld_only,22.062767517068774
mistral-small-24b,g24p2_185,withheld_strong,0.07692229188547911
mistral-small-24b,g24p2_186,base,4.089695502309417
mistral-small-24b,g24p2_186,prior_only,11.244044785863984
mistral-small-24b,g24p2_186,withheld_cf,12.958519568575502
mistral-small-24b,g24p2_186,withheld_only,7.962052206479132
mistral-small-24b,g24p2_186,withheld_strong,1.5001728432442503
mistral-small-24b,g24p2_187,base,19.316210787347433
mistral-small-24b,g24p2_187,prior_only,18.74309064788643
mistral-small-24b,g24p2_187,withheld_cf,33.15886687103937
mistral-small-24b,g24p2_187,withheld_only,6.201860453647955
mistral-small-24b,g24p2_187,withheld_strong,29.406401205234058
mistral-small-24b,g24p2_189,base,80.28420293349551
mistral-small-24b,g24p2_189,prior_only,73.14278827882713
mistral-small-24b,g24p2_189,withheld_cf,87.47937901661011
mistral-small-24b,g24p2_189,withheld_only,81.64162084730222
mistral-small-24b,g24p2_189,withheld_strong,96.00492066615435
mistral-small-24b,g24p2_190,base,7.87776482894859
mistral-small-24b,g24p2_190,prior_only,8.497834135830582
mistral-small-24b,g24p2_190,withheld_cf,53.516765612180016
mistral-small-24b,g24p2_190,withheld_only,19.68633965206687
mistral-small-24b,g24p2_190,withheld_strong,6.229388206604899
mistral-small-24b,g24p2_191,base,30.445360365421532
mistral-small-24b,g24p2_191,prior_only,35.86487403189531
mistral-small-24b,g24p2_191,withheld_cf,36.378244783034226
mistral-small-24b,g24p2_191,withheld_only,21.626076016580516
mistral-small-24b,g24p2_191,withheld_strong,38.631101662948225
mistral-small-24b,g24p2_192,base,5.392933255615084
mistral-small-24b,g24p2_192,prior_only,22.271670362504423
mistral-small-24b,g24p2_192,withheld_cf,20.58714752618566
mistral-small-24b,g24p2_192,withheld_only,12.704772072315194
mistral-small-24b,g24p2_192,withheld_strong,12.288853475477177
mistral-small-24b,g24p2_193,base,77.25617601495065
mistral-small-24b,g24p2_193,prior_only,82.88561001996426
mistral-small-24b,g24p2_193,withheld_cf,75.44797010152956
mistral-small-24b,g24p2_193,withheld_only,61.308930384581444
mistral-small-24b,g24p2_193,withheld_strong,85.95087374870272
mistral-small-24b,g24p2_194,base,9.970148360220595
mistral-small-24b,g24p2_194,prior_only,8.045623887374695
mistral-small-24b,g24p2_194,withheld_cf,15.288636887386694
mistral-small-24b,g24p2_194,withheld_only,20.384773468770202
mistral-small-24b,g24p2_194,withheld_strong,24.771065709492607
mistral-small-24b,g24p2_196,base,27.075713607260504
mistral-small-24b,g24p2_196,prior_only,15.131329940773453
mistral-small-24b,g24p2_196,withheld_cf,40.76661629230394
mistral-small-24b,g24p2_196,withheld_only,11.171290732728476
mistral-small-24b,g24p2_196,withheld_strong,27.94693825265206
mistral-small-24b,g24p2_198,base,0.08374943779992308
mistral-small-24b,g24p2_198,prior_only,3.6845326766245674
mistral-small-24b,g24p2_198,withheld_cf,3.883988702950129
mistral-small-24b,g24p2_198,withheld_only,22.82998504494965
mistral-small-24b,g24p2_198,withheld_strong,13.369763320070085
mistral-small-24b,g24p2_200,base,69.32557082753745
mistral-small-24b,g24p2_200,prior_only,34.96761679201677
mistral-small-24b,g24p2_200,withheld_cf,55.83513019917428
mistral-small-24b,g24p2_200,withheld_only,18.779135713810724
mistral-small-24b,g24p2_200,withheld_strong,29.03524203524153
mistral-small-24b,g24p2_201,base,0.34022865828404936
mistral-small-24b,g24p2_201,prior_only,0.5441527775411933
mistral-small-24b,g24p2_201,withheld_cf,2.1070763081295656
mistral-small-24b,g24p2_201,withheld_only,12.867565645007746
mistral-small-24b,g24p2_201,withheld_strong,0.20107366515068098
mistral-small-24b,g24p2_202,base,0.5051963046085325
mistral-small-24b,g24p2_202,prior_only,6.2975348598070156
mistral-small-24b,g24p2_202,withheld_cf,4.480649421552863
mistral-small-24b,g24p2_202,withheld_only,1.536871301969351
mistral-small-24b,g24p2_202,withheld_strong,3.890321917668765
mistral-small-24b,g24p2_203,base,10.954460497027158
mistral-small-24b,g24p2_203,prior_only,23.512272263043986
mistral-small-24b,g24p2_203,withheld_cf,5.998200789254413
mistral-small-24b,g24p2_203,withheld_only,26.192411835096994
mistral-small-24b,g24p2_203,withheld_strong,2.7564828488112503
mistral-small-24b,g24p2_204,base,79.5655822787466
mistral-small-24b,g24p2_204,prior_only,81.91831720146432
mistral-small-24b,g24p2_204,withheld_cf,80.33795203070638
mistral-small-24b,g24p2_204,withheld_only,56.40021848465851
mistral-small-24b,g24p2_204,withheld_strong,80.69975787342108
mistral-small-24b,g24p2_207,base,29.778137106935148
mistral-small-24b,g24p2_207,prior_only,41.260448947550486
mistral-small-24b,g24p2_207,withheld_cf,38.92006360293149
mistral-small-24b,g24p2_207,withheld_only,24.6651030457366
mistral-small-24b,g24p2_207,withheld_strong,40.494208103112236
mistral-small-24b,g24p2_208,base,7.2910478910785805
mistral-small-24b,g24p2_208,prior_only,21.617491353739904
mistral-small-24b,g24p2_208,withheld_cf,57.07534269229455
mistral-small-24b,g24p2_208,withheld_only,6.461716792751991
mistral-small-24b,g24p2_208,withheld_strong,17.577955833994697
mistral-small-24b,g24p2_211,base,13.312477878366643
mistral-small-24b,g24p2_211,prior_only,4.792702806729079
mistral-small-24b,g24p2_211,withheld_cf,48.63136528067561
mistral-small-24b,g24p2_211,withheld_only,11.47419164600384
mistral-small-24b,g24p2_211,withheld_strong,11.821498922050052
mistral-small-24b,g24p2_213,base,31.01182615090528
mistral-small-24b,g24p2_213,prior_only,57.57563083411295
mistral-small-24b,g24p2_213,withheld_cf,21.27136396061472
mistral-small-24b,g24p2_213,withheld_only,14.216013310003264
mistral-small-24b,g24p2_213,withheld_strong,14.571234097381339
mistral-small-24b,g24p2_214,base,5.331157299610311
mistral-small-24b,g24p2_214,prior_only,0.3591164427990797
mistral-small-24b,g24p2_214,withheld_cf,0.02904826202965849
mistral-small-24b,g24p2_214,withheld_only,14.493896308360007
mistral-small-24b,g24p2_214,withheld_strong,0.1480252609748672
mistral-small-24b,g24p2_215,base,58.98806547320383
mistral-small-24b,g24p2_215,prior_only,61.49865056502878
mistral-small-24b,g24p2_215,withheld_cf,41.489691002066024
mistral-small-24b,g24p2_215,withheld_only,13.15536438738439
mistral-small-24b,g24p2_215,withheld_strong,38.20814792303381
mistral-small-24b,g24p2_216,base,90.51765695586735
mistral-small-24b,g24p2_216,prior_only,89.29991060512567
mistral-small-24b,g24p2_216,withheld_cf,90.8092418674001
mistral-small-24b,g24p2_216,withheld_only,12.031068497714935
mistral-small-24b,g24p2_216,withheld_strong,89.19053647833783
mistral-small-24b,g24p2_217,base,78.36425715086378
mistral-small-24b,g24p2_217,prior_only,93.62171864089177
mistral-small-24b,g24p2_217,withheld_cf,85.05293774719992
mistral-small-24b,g24p2_217,withheld_only,87.80276786824334
mistral-small-24b,g24p2_217,withheld_strong,95.41846184719562
mistral-small-24b,g24p2_218,base,14.96591324419893
mistral-small-24b,g24p2_218,prior_only,21.451036131701663
mistral-small-24b,g24p2_218,withheld_cf,42.92848797760086
mistral-small-24b,g24p2_218,withheld_only,23.175813852824618
mistral-small-24b,g24p2_218,withheld_strong,34.886431960955285
mistral-small-24b,g24p2_219,base,36.80103686740126
mistral-small-24b,g24p2_219,prior_only,35.15857009833236
mistral-small-24b,g24p2_219,withheld_cf,43.196895158549786
mistral-small-24b,g24p2_219,withheld_only,26.86879180871749
mistral-small-24b,g24p2_219,withheld_strong,42.39295425532796
mistral-small-24b,g24p2_220,base,6.201212897181894
mistral-small-24b,g24p2_220,prior_only,3.1308555767955633
mistral-small-24b,g24p2_220,withheld_cf,0.0392177282746214
mistral-small-24b,g24p2_220,withheld_only,23.780823812828494
mistral-small-24b,g24p2_220,withheld_strong,2.5112772894522073
mistral-small-24b,g24p2_223,base,0.25125306592782143
mistral-small-24b,g24p2_223,prior_only,0.512464477691522
mistral-small-24b,g24p2_223,withheld_cf,7.678187782498551
mistral-small-24b,g24p2_223,withheld_only,12.619450150979755
mistral-small-24b,g24p2_223,withheld_strong,4.865426189532283
mistral-small-24b,g24p2_224,base,22.90661503896075
mistral-small-24b,g24p2_224,prior_only,13.56839398347322
mistral-small-24b,g24p2_224,withheld_cf,49.31135406624562
mistral-small-24b,g24p2_224,withheld_only,12.800567927563035
mistral-small-24b,g24p2_224,withheld_strong,48.19629116662512
mistral-small-24b,g24p2_225,base,4.868263643654515
mistral-small-24b,g24p2_225,prior_only,9.53421599522928
mistral-small-24b,g24p2_225,withheld_cf,24.17155513174822
mistral-small-24b,g24p2_225,withheld_only,6.769695020905532
mistral-small-24b,g24p2_225,withheld_strong,23.500833974463106
mistral-small-24b,g24p2_227,base,4.8541034441958395
mistral-small-24b,g24p2_227,prior_only,1.1753227904213253
mistral-small-24b,g24p2_227,withheld_cf,6.6055686803050335
mistral-small-24b,g24p2_227,withheld_only,15.481718423879405
mistral-small-24b,g24p2_227,withheld_strong,4.28801043569067
mistral-small-24b,g24p2_228,base,31.552694940776057
mistral-small-24b,g24p2_228,prior_only,67.11773468068544
mistral-small-24b,g24p2_228,withheld_cf,58.367437182483144
mistral-small-24b,g24p2_228,withheld_only,14.17047028986729
mistral-small-24b,g24p2_228,withheld_strong,30.78785346347651
mistral-small-24b,g24p2_230,base,0.15592171122857726
mistral-small-24b,g24p2_230,prior_only,5.038362043616697
mistral-small-24b,g24p2_230,withheld_cf,3.0271063834913554
mistral-small-24b,g24p2_230,withheld_only,11.998431697704866
mistral-small-24b,g24p2_230,withheld_strong,0.09358480332301915
mistral-small-24b,g24p2_231,base,0.5170319404999018
mistral-small-24b,g24p2_231,prior_only,98.6441500112272
mistral-small-24b,g24p2_231,withheld_cf,9.970593483184961
mistral-small-24b,g24p2_231,withheld_only,23.595435268519495
mistral-small-24b,g24p2_231,withheld_strong,99.60374442007249
mistral-small-24b,g24p2_232,base,31.868918595841492
mistral-small-24b,g24p2_232,prior_only,44.06891155768554
mistral-small-24b,g24p2_232,withheld_cf,39.2185351836038
mistral-small-24b,g24p2_232,withheld_only,34.48820783653926
mistral-small-24b,g24p2_232,withheld_strong,36.15328575167673
mistral-small-24b,g24p2_233,base,99.6075311908881
mistral-small-24b,g24p2_233,prior_only,99.60496497096506
mistral-small-24b,g24p2_233,withheld_cf,15.696253109588419
mistral-small-24b,g24p2_233,withheld_only,23.818010372600273
mistral-small-24b,g24p2_233,withheld_strong,29.589799888291022
mistral-small-24b,g24p2_234,base,25.47084040616949
mistral-small-24b,g24p2_234,prior_only,43.52987395381438
mistral-small-24b,g24p2_234,withheld_cf,35.82491467104631
mistral-small-24b,g24p2_234,withheld_only,22.002044619307867
mistral-small-24b,g24p2_234,withheld_strong,41.35618286192883
mistral-small-24b,g24p2_235,base,0.08969168174049251
mistral-small-24b,g24p2_235,prior_only,30.97260691771665
mistral-small-24b,g24p2_235,withheld_cf,43.7201266188768
mistral-small-24b,g24p2_235,withheld_only,16.68053246697289
mistral-small-24b,g24p2_235,withheld_strong,82.20097818673543
mistral-small-24b,g24p2_237,base,5.981565475314981
mistral-small-24b,g24p2_237,prior_only,10.329496625783753
mistral-small-24b,g24p2_237,withheld_cf,2.6074757663710746
mistral-small-24b,g24p2_237,withheld_only,16.29955677116913
mistral-small-24b,g24p2_237,withheld_strong,4.696436781355782
mistral-small-24b,g24p2_238,base,2.11050130145765
mistral-small-24b,g24p2_238,prior_only,1.7843661735777043
mistral-small-24b,g24p2_238,withheld_cf,16.06991179739358
mistral-small-24b,g24p2_238,withheld_only,12.96242375967938
mistral-small-24b,g24p2_238,withheld_strong,5.081696668921037
mistral-small-24b,g24p2_239,base,0.0856427761595637
mistral-small-24b,g24p2_239,prior_only,13.746619990779458
mistral-small-24b,g24p2_239,withheld_cf,13.066574709234715
mistral-small-24b,g24p2_239,withheld_only,23.75568253463726
mistral-small-24b,g24p2_239,withheld_strong,0.04702028174414545
mistral-small-24b,g24p2_240,base,19.222137147684464
mistral-small-24b,g24p2_240,prior_only,32.53320660243907
mistral-small-24b,g24p2_240,withheld_cf,31.25432039583514
mistral-small-24b,g24p2_240,withheld_only,20.339199072070645
mistral-small-24b,g24p2_240,withheld_strong,97.6212094961633
mistral-small-24b,g24p2_242,base,46.66398464543935
mistral-small-24b,g24p2_242,prior_only,40.57738447176012
mistral-small-24b,g24p2_242,withheld_cf,34.473204771917246
mistral-small-24b,g24p2_242,withheld_only,29.32216735375659
mistral-small-24b,g24p2_242,withheld_strong,40.17948096742785
mistral-small-24b,g24p2_245,base,99.91852394225926
mistral-small-24b,g24p2_245,prior_only,86.42002787171532
mistral-small-24b,g24p2_245,withheld_cf,90.83347574773956
mistral-small-24b,g24p2_245,withheld_only,20.040131954789487
mistral-small-24b,g24p2_245,withheld_strong,79.88285140968514
mistral-small-24b,g24p2_246,base,92.07780414135571
mistral-small-24b,g24p2_246,prior_only,0.3837896782229548
mistral-small-24b,g24p2_246,withheld_cf,96.91809912875284
mistral-small-24b,g24p2_246,withheld_only,19.716528223538628
mistral-small-24b,g24p2_246,withheld_strong,0.2478379546099938
mistral-small-24b,g24p2_247,base,85.73132183595537
mistral-small-24b,g24p2_247,prior_only,93.87245382393796
mistral-small-24b,g24p2_247,withheld_cf,84.48693213342793
mistral-small-24b,g24p2_247,withheld_only,12.75226561097153
mistral-small-24b,g24p2_247,withheld_strong,83.29544577850031
mistral-small-24b,g24p2_248,base,12.321061933393787
mistral-small-24b,g24p2_248,prior_only,21.207489136564604
mistral-small-24b,g24p2_248,withheld_cf,38.83699327854357
mistral-small-24b,g24p2_248,withheld_only,4.368689497596026
mistral-small-24b,g24p2_248,withheld_strong,23.665698585199134
mistral-small-24b,g24p2_250,base,28.746930909369027
mistral-small-24b,g24p2_250,prior_only,20.94584580054776
mistral-small-24b,g24p2_250,withheld_cf,30.532697508297833
mistral-small-24b,g24p2_250,withheld_only,18.711585672995625
mistral-small-24b,g24p2_250,withheld_strong,39.99278117514699
mistral-small-24b,g24p2_252,base,0.4717552973711832
mistral-small-24b,g24p2_252,prior_only,0.4968667858262807
mistral-small-24b,g24p2_252,withheld_cf,91.41982926265588
mistral-small-24b,g24p2_252,withheld_only,16.258420372971653
mistral-small-24b,g24p2_252,withheld_strong,99.5300324144389
mistral-small-24b,g24p2_254,base,41.57860906065551
mistral-small-24b,g24p2_254,prior_only,77.77200076236568
mistral-small-24b,g24p2_254,withheld_cf,50.53679053168633
mistral-small-24b,g24p2_254,withheld_only,16.522486233771527
mistral-small-24b,g24p2_254,withheld_strong,26.851182621817262
mistral-small-24b,g24p2_255,base,0.240503257990534
mistral-small-24b,g24p2_255,prior_only,77.01163860731272
mistral-small-24b,g24p2_255,withheld_cf,0.1709829472854543
mistral-small-24b,g24p2_255,withheld_only,27.400557577722942
mistral-small-24b,g24p2_255,withheld_strong,0.09796309217415244
mistral-small-24b,g24p2_258,base,70.88657347140932
mistral-small-24b,g24p2_258,prior_only,68.05336240964051
mistral-small-24b,g24p2_258,withheld_cf,51.90897752916886
mistral-small-24b,g24p2_258,withheld_only,18.92294024411438
mistral-small-24b,g24p2_258,withheld_strong,64.57432270998999
mistral-small-24b,g24p2_259,base,9.5608214208432
mistral-small-24b,g24p2_259,prior_only,10.942752689312638
mistral-small-24b,g24p2_259,withheld_cf,42.088281582135565
mistral-small-24b,g24p2_259,withheld_only,18.820864260344223
mistral-small-24b,g24p2_259,withheld_strong,13.912187538138816
mistral-small-24b,g24p2_260,base,52.09473860495561
mistral-small-24b,g24p2_260,prior_only,18.59664048898793
mistral-small-24b,g24p2_260,withheld_cf,39.04454240227306
mistral-small-24b,g24p2_260,withheld_only,15.901252565957504
mistral-small-24b,g24p2_260,withheld_strong,19.86774360632669
mistral-small-24b,g24p2_261,base,14.763705855254804
mistral-small-24b,g24p2_261,prior_only,63.473201001029516
mistral-small-24b,g24p2_261,withheld_cf,38.060888332882584
mistral-small-24b,g24p2_261,withheld_only,9.98040776596661
mistral-small-24b,g24p2_261,withheld_strong,21.299007239836758
qwen3-8b,g24p2_000,base,99.99999660107774
qwen3-8b,g24p2_000,prior_only,99.99993173027786
qwen3-8b,g24p2_000,withheld_cf,99.99949557802893
qwen3-8b,g24p2_000,withheld_only,84.694055821084
qwen3-8b,g24p2_000,withheld_strong,99.99999999343669
qwen3-8b,g24p2_001,base,99.99999993754417
qwen3-8b,g24p2_001,prior_only,99.99999999688856
qwen3-8b,g24p2_001,withheld_cf,99.99999999967065
qwen3-8b,g24p2_001,withheld_only,99.99999999853081
qwen3-8b,g24p2_001,withheld_strong,99.99999999987936
qwen3-8b,g24p2_002,base,99.97859179549111
qwen3-8b,g24p2_002,prior_only,99.99862894783604
qwen3-8b,g24p2_002,withheld_cf,80.25212097270816
qwen3-8b,g24p2_002,withheld_only,85.32422656444862
qwen3-8b,g24p2_002,withheld_strong,99.87792281349314
qwen3-8b,g24p2_003,base,66.54594625495227
qwen3-8b,g24p2_003,prior_only,75.30322490033922
qwen3-8b,g24p2_003,withheld_cf,33.07775590498029
qwen3-8b,g24p2_003,withheld_only,33.455652896378496
qwen3-8b,g24p2_003,withheld_strong,20.76225500487196
qwen3-8b,g24p2_004,base,73.58267616095208
qwen3-8b,g24p2_004,prior_only,0.0007171363041439616
qwen3-8b,g24p2_004,withheld_cf,66.54481673143509
qwen3-8b,g24p2_004,withheld_only,39.205730697774925
qwen3-8b,g24p2_004,withheld_strong,55.521841605601935
qwen3-8b,g24p2_005,base,0.21625969083351937
qwen3-8b,g24p2_005,prior_only,63.673956927183085
qwen3-8b,g24p2_005,withheld_cf,32.99048164894794
qwen3-8b,g24p2_005,withheld_only,32.243682684009926
qwen3-8b,g24p2_005,withheld_strong,29.377315221245315
qwen3-8b,g24p2_006,base,66.8970313655072
qwen3-8b,g24p2_006,prior_only,56.17808199151035
qwen3-8b,g24p2_006,withheld_cf,49.99939038885313
qwen3-8b,g24p2_006,withheld_only,66.62167443030717
qwen3-8b,g24p2_006,withheld_strong,33.489387989820585
qwen3-8b,g24p2_010,base,77.85774768116792
qwen3-8b,g24p2_010,prior_only,99.99999733913688
qwen3-8b,g24p2_010,withheld_cf,48.28197954563995
qwen3-8b,g24p2_010,withheld_only,33.38333867153167
qwen3-8b,g24p2_010,withheld_strong,56.864379923359415
qwen3-8b,g24p2_011,base,4.959561115889192e-05
qwen3-8b,g24p2_011,prior_only,41.00462867482092
qwen3-8b,g24p2_011,withheld_cf,99.99999998917438
qwen3-8b,g24p2_011,withheld_only,0.05059720800593555
qwen3-8b,g24p2_011,withheld_strong,99.99999998917954
qwen3-8b,g24p2_012,base,99.99999999689582
qwen3-8b,g24p2_012,prior_only,99.9999999998451
qwen3-8b,g24p2_012,withheld_cf,67.7243596387878
qwen3-8b,g24p2_012,withheld_only,0.007460493510857321
qwen3-8b,g24p2_012,withheld_strong,19.27344782527069
qwen3-8b,g24p2_014,base,88.88908227766122
qwen3-8b,g24p2_014,prior_only,76.45271529036373
qwen3-8b,g24p2_014,withheld_cf,79.80392369816855
qwen3-8b,g24p2_014,withheld_only,55.13744457340854
qwen3-8b,g24p2_014,withheld_strong,99.99999999689959
qwen3-8b,g24p2_015,base,99.99976171890557
qwen3-8b,g24p2_015,prior_only,99.99960714978619
qwen3-8b,g24p2_015,withheld_cf,88.86141532096451
qwen3-8b,g24p2_015,withheld_only,92.45356975966742
qwen3-8b,g24p2_015,withheld_strong,99.99999999957987
qwen3-8b,g24p2_016,base,55.39968179318183
qwen3-8b,g24p2_016,prior_only,55.563917909586365
qwen3-8b,g24p2_016,withheld_cf,44.48174781391954
qwen3-8b,g24p2_016,withheld_only,33.32608095943877
qwen3-8b,g24p2_016,withheld_strong,44.38896229451032
qwen3-8b,g24p2_017,base,99.99999999995548
qwen3-8b,g24p2_017,prior_only,99.99999839443547
qwen3-8b,g24p2_017,withheld_cf,74.21293973899498
qwen3-8b,g24p2_017,withheld_only,0.0027806816657480493
qwen3-8b,g24p2_017,withheld_strong,99.99999902594767
qwen3-8b,g24p2_018,base,99.99999999999221
qwen3-8b,g24p2_018,prior_only,99.99999999999858
qwen3-8b,g24p2_018,withheld_cf,99.99999999967048
qwen3-8b,g24p2_018,withheld_only,99.99999999999822
qwen3-8b,g24p2_018,withheld_strong,99.99999999999916
qwen3-8b,g24p2_019,base,66.6766242243184
qwen3-8b,g24p2_019,prior_only,1.4210675062353695e-08
qwen3-8b,g24p2_019,withheld_cf,55.1618415089872
qwen3-8b,g24p2_019,withheld_only,1.1076836649841275e-08
qwen3-8b,g24p2_019,withheld_strong,33.362692193855345
qwen3-8b,g24p2_020,base,0.031182410333192
qwen3-8b,g24p2_020,prior_only,99.99999999885661
qwen3-8b,g24p2_020,withheld_cf,1.2852574696418231e-05
qwen3-8b,g24p2_020,withheld_only,1.7155302099049197e-07
qwen3-8b,g24p2_020,withheld_strong,1.4798216538327821e-06
qwen3-8b,g24p2_021,base,1.326861113594172e-08
qwen3-8b,g24p2_021,prior_only,2.707501698050148e-10
qwen3-8b,g24p2_021,withheld_cf,44.53210246090639
qwen3-8b,g24p2_021,withheld_only,0.027556491975878106
qwen3-8b,g24p2_021,withheld_strong,52.75805714442326
qwen3-8b,g24p2_023,base,99.99999999994246
qwen3-8b,g24p2_023,prior_only,99.99999999979975
qwen3-8b,g24p2_023,withheld_cf,99.99999998214365
qwen3-8b,g24p2_023,withheld_only,99.99999999998995
qwen3-8b,g24p2_023,withheld_strong,99.99999999999625
qwen3-8b,g24p2_024,base,35.80690019708973
qwen3-8b,g24p2_024,prior_only,32.56334417669512
qwen3-8b,g24p2_024,withheld_cf,33.4286567838106
qwen3-8b,g24p2_024,withheld_only,0.2239951564909921
qwen3-8b,g24p2_024,withheld_strong,32.974663677158105
qwen3-8b,g24p2_026,base,99.99999874955517
qwen3-8b,g24p2_026,prior_only,89.08849749731128
qwen3-8b,g24p2_026,withheld_cf,32.40600041723923
qwen3-8b,g24p2_026,withheld_only,40.900998807814496
qwen3-8b,g24p2_026,withheld_strong,99.94199826118098
qwen3-8b,g24p2_027,base,99.99999999998715
qwen3-8b,g24p2_027,prior_only,99.99999999999629
qwen3-8b,g24p2_027,withheld_cf,99.99999999990625
qwen3-8b,g24p2_027,withheld_only,99.99999999999532
qwen3-8b,g24p2_027,withheld_strong,99.99999999999632
qwen3-8b,g24p2_028,base,29.34796858373364
qwen3-8b,g24p2_028,prior_only,92.91121578380665
qwen3-8b,g24p2_028,withheld_cf,43.924653775734285
qwen3-8b,g24p2_028,withheld_only,0.9778773235804644
qwen3-8b,g24p2_028,withheld_strong,33.209028896086444
qwen3-8b,g24p2_029,base,52.042576935700254
qwen3-8b,g24p2_029,prior_only,66.69901623905699
qwen3-8b,g24p2_029,withheld_cf,72.22208980588977
qwen3-8b,g24p2_029,withheld_only,5.534419957319623e-06
qwen3-8b,g24p2_029,withheld_strong,91.87709692300649
qwen3-8b,g24p2_033,base,0.08404198074574024
qwen3-8b,g24p2_033,prior_only,99.99999999601806
qwen3-8b,g24p2_033,withheld_cf,0.36889407189464224
qwen3-8b,g24p2_033,withheld_only,4.061663897122115
qwen3-8b,g24p2_033,withheld_strong,24.71335489248384
qwen3-8b,g24p2_034,base,67.04618038684346
qwen3-8b,g24p2_034,prior_only,53.56839796912309
qwen3-8b,g24p2_034,withheld_cf,65.61392468737836
qwen3-8b,g24p2_034,withheld_only,70.23100863260717
qwen3-8b,g24p2_034,withheld_strong,87.5643639976913
qwen3-8b,g24p2_035,base,99.99999999930756
qwen3-8b,g24p2_035,prior_only,99.99999999946061
qwen3-8b,g24p2_035,withheld_cf,26.012438024009395
qwen3-8b,g24p2_035,withheld_only,53.118349020069545
qwen3-8b,g24p2_035,withheld_strong,31.98577270069989
qwen3-8b,g24p2_036,base,99.99999999853034
qwen3-8b,g24p2_036,prior_only,99.99999999997604
qwen3-8b,g24p2_036,withheld_cf,99.99999999987887
qwen3-8b,g24p2_036,withheld_only,99.99999999998244
qwen3-8b,g24p2_036,withheld_strong,99.99999999997746
qwen3-8b,g24p2_037,base,0.9774214565823272
qwen3-8b,g24p2_037,prior_only,3.133542007945232e-09
qwen3-8b,g24p2_037,withheld_cf,0.038988984885510204
qwen3-8b,g24p2_037,withheld_only,1.855432972163055e-06
qwen3-8b,g24p2_037,withheld_strong,36.2180967197262
qwen3-8b,g24p2_038,base,66.67257033980954
qwen3-8b,g24p2_038,prior_only,65.34303405618658
qwen3-8b,g24p2_038,withheld_cf,20.33901235656524
qwen3-8b,g24p2_038,withheld_only,40.470599034866694
qwen3-8b,g24p2_038,withheld_strong,6.867596800794171
qwen3-8b,g24p2_039,base,3.962046724966028e-08
qwen3-8b,g24p2_039,prior_only,9.061348061360974e-05
qwen3-8b,g24p2_039,withheld_cf,0.00017127983568634194
qwen3-8b,g24p2_039,withheld_only,0.05023045751030555
qwen3-8b,g24p2_039,withheld_strong,0.0005032251521194595
qwen3-8b,g24p2_040,base,99.99999999999382
qwen3-8b,g24p2_040,prior_only,99.9999999999994
qwen3-8b,g24p2_040,withheld_cf,99.99999999990624
qwen3-8b,g24p2_040,withheld_only,99.99998476704575
qwen3-8b,g24p2_040,withheld_strong,99.99999999689776
qwen3-8b,g24p2_041,base,99.99998476332175
qwen3-8b,g24p2_041,prior_only,99.99976170081531
qwen3-8b,g24p2_041,withheld_cf,4.280561520388837e-06
qwen3-8b,g24p2_041,withheld_only,2.599438658102389e-09
qwen3-8b,g24p2_041,withheld_strong,99.99949523600141
qwen3-8b,g24p2_043,base,99.99999999999203
qwen3-8b,g24p2_043,prior_only,99.99999999999179
qwen3-8b,g24p2_043,withheld_cf,99.99999978271101
qwen3-8b,g24p2_043,withheld_only,0.10868958115520741
qwen3-8b,g24p2_043,withheld_strong,99.9999999999962
qwen3-8b,g24p2_044,base,99.99998044023354
qwen3-8b,g24p2_044,prior_only,99.99862894246552
qwen3-8b,g24p2_044,withheld_cf,79.10612577975323
qwen3-8b,g24p2_044,withheld_only,48.41820612971348
qwen3-8b,g24p2_044,withheld_strong,97.52554627063688
qwen3-8b,g24p2_046,base,1.0963566010517363
qwen3-8b,g24p2_046,prior_only,7.254774884412302e-06
qwen3-8b,g24p2_046,withheld_cf,0.4771318784012595
qwen3-8b,g24p2_046,withheld_only,2.5064324632721303e-09
qwen3-8b,g24p2_046,withheld_strong,1.3358960629524873e-07
qwen3-8b,g24p2_047,base,0.012882930420376413
qwen3-8b,g24p2_047,prior_only,1.6173044186162412e-05
qwen3-8b,g24p2_047,withheld_cf,99.9999999999654
qwen3-8b,g24p2_047,withheld_only,16.426807511273594
qwen3-8b,g24p2_047,withheld_strong,99.99999999999532
qwen3-8b,g24p2_048,base,1.3314161367514817e-07
qwen3-8b,g24p2_048,prior_only,0.48268186090171356
qwen3-8b,g24p2_048,withheld_cf,8.987619894698203e-09
qwen3-8b,g24p2_048,withheld_only,6.945069709490085e-09
qwen3-8b,g24p2_048,withheld_strong,8.176872421945542e-08
qwen3-8b,g24p2_049,base,88.83153365237095
qwen3-8b,g24p2_049,prior_only,99.15713132229526
qwen3-8b,g24p2_049,withheld_cf,63.8896746684481
qwen3-8b,g24p2_049,withheld_only,77.80485848062877
qwen3-8b,g24p2_049,withheld_strong,88.89503082430456
qwen3-8b,g24p2_051,base,99.9999999200106
qwen3-8b,g24p2_051,prior_only,99.99999996222067
qwen3-8b,g24p2_051,withheld_cf,94.44274894674362
qwen3-8b,g24p2_051,withheld_only,0.22008438718934267
qwen3-8b,g24p2_051,withheld_strong,97.9726956629675
qwen3-8b,g24p2_053,base,77.74542736931376
qwen3-8b,g24p2_053,prior_only,48.60718485727361
qwen3-8b,g24p2_053,withheld_cf,12.498462236011221
qwen3-8b,g24p2_053,withheld_only,0.06871269020599587
qwen3-8b,g24p2_053,withheld_strong,1.8682856312968832
qwen3-8b,g24p2_054,base,2.591030370729786e-10
qwen3-8b,g24p2_054,prior_only,0.007031219130485772
qwen3-8b,g24p2_054,withheld_cf,33.111641155702806
qwen3-8b,g24p2_054,withheld_only,0.0015455550148857106
qwen3-8b,g24p2_054,withheld_strong,39.49954810936294
qwen3-8b,g24p2_055,base,99.99999563538732
qwen3-8b,g24p2_055,prior_only,99.99999999998725
qwen3-8b,g24p2_055,withheld_cf,99.99999999996533
qwen3-8b,g24p2_055,withheld_only,99.99999999999719
qwen3-8b,g24p2_055,withheld_strong,99.99999999911087
qwen3-8b,g24p2_057,base,0.001755377667620956
qwen3-8b,g24p2_057,prior_only,5.0789248335463675e-05
qwen3-8b,g24p2_057,withheld_cf,26.657489935218862
qwen3-8b,g24p2_057,withheld_only,0.44591546626099965
qwen3-8b,g24p2_057,withheld_strong,0.27962127327589026
qwen3-8b,g24p2_058,base,4.12056204138198e-09
qwen3-8b,g24p2_058,prior_only,22.019252829800436
qwen3-8b,g24p2_058,withheld_cf,2.3307866709807717e-08
qwen3-8b,g24p2_058,withheld_only,1.4040476135606472e-08
qwen3-8b,g24p2_058,withheld_strong,33.34611597578137
qwen3-8b,g24p2_059,base,88.91633735431117
qwen3-8b,g24p2_059,prior_only,77.71636782627485
qwen3-8b,g24p2_059,withheld_cf,33.27551620672215
qwen3-8b,g24p2_059,withheld_only,32.79480430317513
qwen3-8b,g24p2_059,withheld_strong,28.443919202050484
qwen3-8b,g24p2_060,base,99.99999999998369
qwen3-8b,g24p2_060,prior_only,99.9999999999731
qwen3-8b,g24p2_060,withheld_cf,99.99999999853232
qwen3-8b,g24p2_060,withheld_only,99.99999998610582
qwen3-8b,g24p2_060,withheld_strong,99.99999999999007
qwen3-8b,g24p2_062,base,9.490654018653304e-08
qwen3-8b,g24p2_062,prior_only,6.025260371778274e-08
qwen3-8b,g24p2_062,withheld_cf,1.3631644253778708e-10
qwen3-8b,g24p2_062,withheld_only,1.0078134375741323e-10
qwen3-8b,g24p2_062,withheld_strong,8.164585015146052e-11
qwen3-8b,g24p2_064,base,99.99999999811729
qwen3-8b,g24p2_064,prior_only,31.731110114731354
qwen3-8b,g24p2_064,withheld_cf,54.79425321480437
qwen3-8b,g24p2_064,withheld_only,63.72033197767175
qwen3-8b,g24p2_064,withheld_strong,90.97066588419781
qwen3-8b,g24p2_065,base,92.45356955127176
qwen3-8b,g24p2_065,prior_only,99.9986289480138
qwen3-8b,g24p2_065,withheld_cf,99.99999978270993
qwen3-8b,g24p2_065,withheld_only,99.99999999488936
qwen3-8b,g24p2_065,withheld_strong,99.99999999601984
qwen3-8b,g24p2_066,base,41.48888425827421
qwen3-8b,g24p2_066,prior_only,10.721188706655344
qwen3-8b,g24p2_066,withheld_cf,33.15983445066129
qwen3-8b,g24p2_066,withheld_only,0.5996608785557562
qwen3-8b,g24p2_066,withheld_strong,49.308965218014436
qwen3-8b,g24p2_067,base,99.99999964173081
qwen3-8b,g24p2_067,prior_only,99.9999995399911
qwen3-8b,g24p2_067,withheld_cf,99.99999993773095
qwen3-8b,g24p2_067,withheld_only,77.72202984697532
qwen3-8b,g24p2_067,withheld_strong,99.99999660108367
qwen3-8b,g24p2_068,base,1.1891319888901895e-05
qwen3-8b,g24p2_068,prior_only,8.480650538575724e-09
qwen3-8b,g24p2_068,withheld_cf,4.3746174033358e-06
qwen3-8b,g24p2_068,withheld_only,1.6973948962351692e-07
qwen3-8b,g24p2_068,withheld_strong,3.409216146195581e-06
qwen3-8b,g24p2_069,base,55.421782962006645
qwen3-8b,g24p2_069,prior_only,58.02106305357826
qwen3-8b,g24p2_069,withheld_cf,99.87763846088446
qwen3-8b,g24p2_069,withheld_only,65.82396120628545
qwen3-8b,g24p2_069,withheld_strong,99.67430852323561
qwen3-8b,g24p2_070,base,99.99999999998983
qwen3-8b,g24p2_070,prior_only,99.99999999999908
qwen3-8b,g24p2_070,withheld_cf,99.99999999999802
qwen3-8b,g24p2_070,withheld_only,99.99999999999845
qwen3-8b,g24p2_070,withheld_strong,99.99999999999959
qwen3-8b,g24p2_071,base,75.30318209248134
qwen3-8b,g24p2_071,prior_only,77.72988460345302
qwen3-8b,g24p2_071,withheld_cf,33.443227160282525
qwen3-8b,g24p2_071,withheld_only,35.21509060930592
qwen3-8b,g24p2_071,withheld_strong,40.53238671487977
qwen3-8b,g24p2_072,base,18.416550801472603
qwen3-8b,g24p2_072,prior_only,16.72009186505641
qwen3-8b,g24p2_072,withheld_cf,33.78600212148796
qwen3-8b,g24p2_072,withheld_only,14.596963507327407
qwen3-8b,g24p2_072,withheld_strong,30.01904831190727
qwen3-8b,g24p2_073,base,2.1062612905217396e-10
qwen3-8b,g24p2_073,prior_only,2.655355630869735e-10
qwen3-8b,g24p2_073,withheld_cf,5.557766466102224e-10
qwen3-8b,g24p2_073,withheld_only,3.5974452047973384e-11
qwen3-8b,g24p2_073,withheld_strong,7.750900686684215e-11
qwen3-8b,g24p2_074,base,30.77888943927529
qwen3-8b,g24p2_074,prior_only,31.581102805209596
qwen3-8b,g24p2_074,withheld_cf,44.44523409373837
qwen3-8b,g24p2_074,withheld_only,0.28674743683649623
qwen3-8b,g24p2_074,withheld_strong,43.42977650498536
qwen3-8b,g24p2_075,base,99.33042195290199
qwen3-8b,g24p2_075,prior_only,99.99999983066269
qwen3-8b,g24p2_075,withheld_cf,0.003447873558581784
qwen3-8b,g24p2_075,withheld_only,24.750649986626502
qwen3-8b,g24p2_075,withheld_strong,0.2872174917732297
qwen3-8b,g24p2_076,base,99.99999999758171
qwen3-8b,g24p2_076,prior_only,99.99999999148886
qwen3-8b,g24p2_076,withheld_cf,99.99998044011267
qwen3-8b,g24p2_076,withheld_only,2.4649566393246034
qwen3-8b,g24p2_076,withheld_strong,1.85210749883198e-08
qwen3-8b,g24p2_077,base,65.02119807176051
qwen3-8b,g24p2_077,prior_only,77.69651138692646
qwen3-8b,g24p2_077,withheld_cf,48.467134745868385
qwen3-8b,g24p2_077,withheld_only,0.005488218256036568
qwen3-8b,g24p2_077,withheld_strong,37.40702419190859
qwen3-8b,g24p2_079,base,1.5507081850453928e-09
qwen3-8b,g24p2_079,prior_only,5.384984196865027e-09
qwen3-8b,g24p2_079,withheld_cf,8.967477968088171e-09
qwen3-8b,g24p2_079,withheld_only,1.137666908520433
qwen3-8b,g24p2_079,withheld_strong,1.265968966356818e-09
qwen3-8b,g24p2_081,base,31.14898897749705
qwen3-8b,g24p2_081,prior_only,32.07408524571081
qwen3-8b,g24p2_081,withheld_cf,32.59185088805637
qwen3-8b,g24p2_081,withheld_only,0.011191524808585838
qwen3-8b,g24p2_081,withheld_strong,46.92890287447413
qwen3-8b,g24p2_082,base,55.462460713679505
qwen3-8b,g24p2_082,prior_only,36.85551974591988
qwen3-8b,g24p2_082,withheld_cf,3.1805246383614185
qwen3-8b,g24p2_082,withheld_only,0.4689387398435947
qwen3-8b,g24p2_082,withheld_strong,33.45286587232954
qwen3-8b,g24p2_083,base,99.99999997709372
qwen3-8b,g24p2_083,prior_only,0.006875294400327467
qwen3-8b,g24p2_083,withheld_cf,3.1839602224170176
qwen3-8b,g24p2_083,withheld_only,1.6075986411971985e-07
qwen3-8b,g24p2_083,withheld_strong,40.35130599046193
qwen3-8b,g24p2_084,base,99.99999839422286
qwen3-8b,g24p2_084,prior_only,99.99999997057638
qwen3-8b,g24p2_084,withheld_cf,99.99960694698531
qwen3-8b,g24p2_084,withheld_only,99.99999999343329
qwen3-8b,g24p2_084,withheld_strong,99.99934702091754
qwen3-8b,g24p2_085,base,4.994173684384287e-08
qwen3-8b,g24p2_085,prior_only,0.00011579899384366933
qwen3-8b,g24p2_085,withheld_cf,44.446051249979085
qwen3-8b,g24p2_085,withheld_only,4.784616910207347e-07
qwen3-8b,g24p2_085,withheld_strong,40.626433585173054
qwen3-8b,g24p2_087,base,2.1606509430415173e-10
qwen3-8b,g24p2_087,prior_only,97.06877340117201
qwen3-8b,g24p2_087,withheld_cf,18.10728641607409
qwen3-8b,g24p2_087,withheld_only,33.62004746930748
qwen3-8b,g24p2_087,withheld_strong,75.24574268397475
qwen3-8b,g24p2_088,base,54.302658478450525
qwen3-8b,g24p2_088,prior_only,42.415951625269464
qwen3-8b,g24p2_088,withheld_cf,26.282818915864663
qwen3-8b,g24p2_088,withheld_only,7.5223019815213314
qwen3-8b,g24p2_088,withheld_strong,44.467056543164325
qwen3-8b,g24p2_089,base,3.026934071257165e-08
qwen3-8b,g24p2_089,prior_only,6.885129891323346e-09
qwen3-8b,g24p2_089,withheld_cf,0.04775581555719357
qwen3-8b,g24p2_089,withheld_only,7.272004679608163e-06
qwen3-8b,g24p2_089,withheld_strong,34.563853997555185
qwen3-8b,g24p2_091,base,55.46009389684879
qwen3-8b,g24p2_091,prior_only,42.40900529666686
qwen3-8b,g24p2_091,withheld_cf,65.94320130245553
qwen3-8b,g24p2_091,withheld_only,39.87143800554944
qwen3-8b,g24p2_091,withheld_strong,56.43310477571615
qwen3-8b,g24p2_092,base,8.236756907217864e-08
qwen3-8b,g24p2_092,prior_only,3.4987193013733155e-06
qwen3-8b,g24p2_092,withheld_cf,5.095115195139759e-08
qwen3-8b,g24p2_092,withheld_only,3.4772699795604603e-06
qwen3-8b,g24p2_092,withheld_strong,4.774652161128151e-07
qwen3-8b,g24p2_093,base,99.99999874942208
qwen3-8b,g24p2_093,prior_only,75.56433296882449
qwen3-8b,g24p2_093,withheld_cf,99.9999999860919
qwen3-8b,g24p2_093,withheld_only,99.94199844506794
qwen3-8b,g24p2_093,withheld_strong,6.379701042559303e-10
qwen3-8b,g24p2_094,base,99.99999999992667
qwen3-8b,g24p2_094,prior_only,99.99999999984378
qwen3-8b,g24p2_094,withheld_cf,99.99999999885502
qwen3-8b,g24p2_094,withheld_only,99.99999999957987
qwen3-8b,g24p2_094,withheld_strong,99.99999999994235
qwen3-8b,g24p2_096,base,56.06586583857783
qwen3-8b,g24p2_096,prior_only,55.50544327859387
qwen3-8b,g24p2_096,withheld_cf,65.99890700246885
qwen3-8b,g24p2_096,withheld_only,0.05585941416453059
qwen3-8b,g24p2_096,withheld_strong,19.60863865145615
qwen3-8b,g24p2_098,base,6.899080391923493e-09
qwen3-8b,g24p2_098,prior_only,0.00014838653493097262
qwen3-8b,g24p2_098,withheld_cf,99.9961700294279
qwen3-8b,g24p2_098,withheld_only,5.501611295561898e-09
qwen3-8b,g24p2_098,withheld_strong,99.99988730487365
qwen3-8b,g24p2_099,base,3.692332936196433e-11
qwen3-8b,g24p2_099,prior_only,1.6987539524634068e-11
qwen3-8b,g24p2_099,withheld_cf,6.228355888454893e-11
qwen3-8b,g24p2_099,withheld_only,1.7617835511192585e-11
qwen3-8b,g24p2_099,withheld_strong,3.8344859877180644e-11
qwen3-8b,g24p2_101,base,6.782502147187592e-08
qwen3-8b,g24p2_101,prior_only,2.0231189389686743e-09
qwen3-8b,g24p2_101,withheld_cf,1.0332184379483474e-10
qwen3-8b,g24p2_101,withheld_only,2.0733316120972082e-10
qwen3-8b,g24p2_101,withheld_strong,8.188943607879844e-11
qwen3-8b,g24p2_102,base,1.8429004843745785e-05
qwen3-8b,g24p2_102,prior_only,1.6041723662665172e-10
qwen3-8b,g24p2_102,withheld_cf,6.270790194151944e-07
qwen3-8b,g24p2_102,withheld_only,0.01842786814411855
qwen3-8b,g24p2_102,withheld_strong,6.808963815920804e-08
qwen3-8b,g24p2_103,base,33.378493427165914
qwen3-8b,g24p2_103,prior_only,63.678090635815664
qwen3-8b,g24p2_103,withheld_cf,43.362333619824945
qwen3-8b,g24p2_103,withheld_only,0.08263344884465758
qwen3-8b,g24p2_103,withheld_strong,44.19503617896689
qwen3-8b,g24p2_104,base,0.024151600112676183
qwen3-8b,g24p2_104,prior_only,34.08222870339941
qwen3-8b,g24p2_104,withheld_cf,0.7779682832420326
qwen3-8b,g24p2_104,withheld_only,32.85703726886149
qwen3-8b,g24p2_104,withheld_strong,31.28050336611531
qwen3-8b,g24p2_105,base,55.5827908772984
qwen3-8b,g24p2_105,prior_only,54.712690307621926
qwen3-8b,g24p2_105,withheld_cf,55.433518626020174
qwen3-8b,g24p2_105,withheld_only,54.230590607051425
qwen3-8b,g24p2_105,withheld_strong,4.6184793149928085
qwen3-8b,g24p2_107,base,57.56997250492509
qwen3-8b,g24p2_107,prior_only,75.75068448474678
qwen3-8b,g24p2_107,withheld_cf,34.72171771931519
qwen3-8b,g24p2_107,withheld_only,33.31161992987607
qwen3-8b,g24p2_107,withheld_strong,42.49519705733195
qwen3-8b,g24p2_108,base,55.597053150516025
qwen3-8b,g24p2_108,prior_only,66.66854822395258
qwen3-8b,g24p2_108,withheld_cf,8.001744750815588
qwen3-8b,g24p2_108,withheld_only,0.10787923935620974
qwen3-8b,g24p2_108,withheld_strong,46.90165524826599
qwen3-8b,g24p2_110,base,99.99999999343781
qwen3-8b,g24p2_110,prior_only,99.9999999200632
qwen3-8b,g24p2_110,withheld_cf,99.99999735291402
qwen3-8b,g24p2_110,withheld_only,99.99999280449262
qwen3-8b,g24p2_110,withheld_strong,99.99999999974519
qwen3-8b,g24p2_111,base,4.6470212274214685e-11
qwen3-8b,g24p2_111,prior_only,6.046302369726156e-11
qwen3-8b,g24p2_111,withheld_cf,1.338588474614866e-10
qwen3-8b,g24p2_111,withheld_only,7.657304869929017e-11
qwen3-8b,g24p2_111,withheld_strong,1.676521746294048e-10
qwen3-8b,g24p2_112,base,3.6415344236246554
qwen3-8b,g24p2_112,prior_only,0.5655323645338677
qwen3-8b,g24p2_112,withheld_cf,23.549312015572234
qwen3-8b,g24p2_112,withheld_only,4.610964699497796
qwen3-8b,g24p2_112,withheld_strong,33.30343251090738
qwen3-8b,g24p2_113,base,99.99999999999716
qwen3-8b,g24p2_113,prior_only,99.99999999967305
qwen3-8b,g24p2_113,withheld_cf,22.67057812553329
qwen3-8b,g24p2_113,withheld_only,31.942085907803257
qwen3-8b,g24p2_113,withheld_strong,99.99999999999962
qwen3-8b,g24p2_114,base,99.99999999980012
qwen3-8b,g24p2_114,prior_only,99.99999999945226
qwen3-8b,g24p2_114,withheld_cf,99.99999993773442
qwen3-8b,g24p2_114,withheld_only,99.99999999999515
qwen3-8b,g24p2_114,withheld_strong,99.99999999999613
qwen3-8b,g24p2_115,base,2.334054180151704
qwen3-8b,g24p2_115,prior_only,8.360488136071113e-07
qwen3-8b,g24p2_115,withheld_cf,0.000221826857080102
qwen3-8b,g24p2_115,withheld_only,33.407216879483514
qwen3-8b,g24p2_115,withheld_strong,3.183675392828201
qwen3-8b,g24p2_116,base,7.7886117561591e-07
qwen3-8b,g24p2_116,prior_only,2.1028569803195891e-10
qwen3-8b,g24p2_116,withheld_cf,4.892202366179402e-10
qwen3-8b,g24p2_116,withheld_only,0.0008017121583010057
qwen3-8b,g24p2_116,withheld_strong,2.815152798301269e-09
qwen3-8b,g24p2_117,base,43.855700287603746
qwen3-8b,g24p2_117,prior_only,44.1762352382221
qwen3-8b,g24p2_117,withheld_cf,36.207743983981416
qwen3-8b,g24p2_117,withheld_only,2.531072630662584
qwen3-8b,g24p2_117,withheld_strong,33.14782997459769
qwen3-8b,g24p2_120,base,99.99999793833551
qwen3-8b,g24p2_120,prior_only,99.99991234109937
qwen3-8b,g24p2_120,withheld_cf,86.87428843554657
qwen3-8b,g24p2_120,withheld_only,0.0010491112753617084
qwen3-8b,g24p2_120,withheld_strong,99.99969404414242
qwen3-8b,g24p2_121,base,88.9841691528448
qwen3-8b,g24p2_121,prior_only,91.36333170216488
qwen3-8b,g24p2_121,withheld_cf,88.73552735865456
qwen3-8b,g24p2_121,withheld_only,78.1924663344399
qwen3-8b,g24p2_121,withheld_strong,99.8437373276231
qwen3-8b,g24p2_122,base,0.0946690517280045
qwen3-8b,g24p2_122,prior_only,6.277645294146324e-08
qwen3-8b,g24p2_122,withheld_cf,5.3328356239413384e-05
qwen3-8b,g24p2_122,withheld_only,1.5292041511074548e-05
qwen3-8b,g24p2_122,withheld_strong,0.0017909737594208894
qwen3-8b,g24p2_123,base,3.798709987336493
qwen3-8b,g24p2_123,prior_only,45.44636542386985
qwen3-8b,g24p2_123,withheld_cf,43.60379520623762
qwen3-8b,g24p2_123,withheld_only,33.374762104811296
qwen3-8b,g24p2_123,withheld_strong,44.311023971563024
qwen3-8b,g24p2_125,base,0.9991450012412089
qwen3-8b,g24p2_125,prior_only,0.1098600974784633
qwen3-8b,g24p2_125,withheld_cf,33.33804454051716
qwen3-8b,g24p2_125,withheld_only,33.26901301307947
qwen3-8b,g24p2_125,withheld_strong,33.322186558083686
qwen3-8b,g24p2_126,base,8.776901416619303
qwen3-8b,g24p2_126,prior_only,2.1083624546370645e-06
qwen3-8b,g24p2_126,withheld_cf,32.71183551072194
qwen3-8b,g24p2_126,withheld_only,1.5423378995836455e-09
qwen3-8b,g24p2_126,withheld_strong,23.18279179853561
qwen3-8b,g24p2_128,base,99.99999999980093
qwen3-8b,g24p2_128,prior_only,99.99999999997266
qwen3-8b,g24p2_128,withheld_cf,99.99999992006282
qwen3-8b,g24p2_128,withheld_only,99.99999999999812
qwen3-8b,g24p2_128,withheld_strong,99.99999999999797
qwen3-8b,g24p2_129,base,66.98622020654973
qwen3-8b,g24p2_129,prior_only,2.3338423040210783
qwen3-8b,g24p2_129,withheld_cf,99.99999999486914
qwen3-8b,g24p2_129,withheld_only,2.96446087219878e-07
qwen3-8b,g24p2_129,withheld_strong,66.51089435986901
qwen3-8b,g24p2_130,base,99.9999999995797
qwen3-8b,g24p2_130,prior_only,12.77517589025728
qwen3-8b,g24p2_130,withheld_cf,31.184786837752842
qwen3-8b,g24p2_130,withheld_only,0.9784690617439011
qwen3-8b,g24p2_130,withheld_strong,34.79859882561462
qwen3-8b,g24p2_131,base,1.1874880354096492e-09
qwen3-8b,g24p2_131,prior_only,0.00796819163313433
qwen3-8b,g24p2_131,withheld_cf,0.6980993205980792
qwen3-8b,g24p2_131,withheld_only,1.9144851770469157e-09
qwen3-8b,g24p2_131,withheld_strong,0.2970769248097953
qwen3-8b,g24p2_132,base,1.1346049297960496e-08
qwen3-8b,g24p2_132,prior_only,2.5355642305123456e-09
qwen3-8b,g24p2_132,withheld_cf,0.3415115624299775
qwen3-8b,g24p2_132,withheld_only,36.69299967678498
qwen3-8b,g24p2_132,withheld_strong,99.97859150354046
qwen3-8b,g24p2_133,base,99.99999999853273
qwen3-8b,g24p2_133,prior_only,99.999999999943
qwen3-8b,g24p2_133,withheld_cf,0.0027559954020134887
qwen3-8b,g24p2_133,withheld_only,2.298746215115923e-05
qwen3-8b,g24p2_133,withheld_strong,0.0002902392624840242
qwen3-8b,g24p2_134,base,99.99999999998369
qwen3-8b,g24p2_134,prior_only,99.99999999980062
qwen3-8b,g24p2_134,withheld_cf,99.99999999999632
qwen3-8b,g24p2_134,withheld_only,99.99999999980157
qwen3-8b,g24p2_134,withheld_strong,99.99999999999397
qwen3-8b,g24p2_135,base,1.6456067492425562e-10
qwen3-8b,g24p2_135,prior_only,2.015542543869827e-08
qwen3-8b,g24p2_135,withheld_cf,99.99999790891725
qwen3-8b,g24p2_135,withheld_only,0.04251943408614455
qwen3-8b,g24p2_135,withheld_strong,2.0329615469434144
qwen3-8b,g24p2_136,base,52.565984075367425
qwen3-8b,g24p2_136,prior_only,36.9176937279831
qwen3-8b,g24p2_136,withheld_cf,42.93134394193518
qwen3-8b,g24p2_136,withheld_only,18.740213602051526
qwen3-8b,g24p2_136,withheld_strong,44.42791584636409
qwen3-8b,g24p2_137,base,66.26743722460802
qwen3-8b,g24p2_137,prior_only,48.55747122651122
qwen3-8b,g24p2_137,withheld_cf,6.53088907920607
qwen3-8b,g24p2_137,withheld_only,0.29084915695261565
qwen3-8b,g24p2_137,withheld_strong,13.076603695848352
qwen3-8b,g24p2_138,base,77.5857957402348
qwen3-8b,g24p2_138,prior_only,82.63864334315915
qwen3-8b,g24p2_138,withheld_cf,6.021975182218946e-10
qwen3-8b,g24p2_138,withheld_only,99.87792039026361
qwen3-8b,g24p2_138,withheld_strong,67.98941954811488
qwen3-8b,g24p2_140,base,0.0003929730706963047
qwen3-8b,g24p2_140,prior_only,3.452636625982469e-10
qwen3-8b,g24p2_140,withheld_cf,18.800680819692428
qwen3-8b,g24p2_140,withheld_only,0.03041854936768152
qwen3-8b,g24p2_140,withheld_strong,25.91310169097918
qwen3-8b,g24p2_141,base,1.8728163348481577e-08
qwen3-8b,g24p2_141,prior_only,1.5605573282186921e-09
qwen3-8b,g24p2_141,withheld_cf,2.7366122601549675e-10
qwen3-8b,g24p2_141,withheld_only,1.636250565572451e-10
qwen3-8b,g24p2_141,withheld_strong,1.65457925720717e-10
qwen3-8b,g24p2_142,base,99.99935231853992
qwen3-8b,g24p2_142,prior_only,99.9999992415971
qwen3-8b,g24p2_142,withheld_cf,77.77092402740801
qwen3-8b,g24p2_142,withheld_only,77.76561429302154
qwen3-8b,g24p2_142,withheld_strong,77.97757194177737
qwen3-8b,g24p2_143,base,99.99999999911114
qwen3-8b,g24p2_143,prior_only,98.6746875195925
qwen3-8b,g24p2_143,withheld_cf,26.932107494754742
qwen3-8b,g24p2_143,withheld_only,99.99999972093039
qwen3-8b,g24p2_143,withheld_strong,99.99999996223389
qwen3-8b,g24p2_144,base,77.58575049209412
qwen3-8b,g24p2_144,prior_only,92.45022639909988
qwen3-8b,g24p2_144,withheld_cf,68.30879730691512
qwen3-8b,g24p2_144,withheld_only,0.2585588389120245
qwen3-8b,g24p2_144,withheld_strong,47.99517452945421
qwen3-8b,g24p2_145,base,66.74437273275352
qwen3-8b,g24p2_145,prior_only,56.59877929500979
qwen3-8b,g24p2_145,withheld_cf,77.84599998559953
qwen3-8b,g24p2_145,withheld_only,3.2198712395067983
qwen3-8b,g24p2_145,withheld_strong,98.94056091236735
qwen3-8b,g24p2_146,base,99.9725256929811
qwen3-8b,g24p2_146,prior_only,33.22753154923618
qwen3-8b,g24p2_146,withheld_cf,37.54868899263568
qwen3-8b,g24p2_146,withheld_only,33.714086011707224
qwen3-8b,g24p2_146,withheld_strong,55.33685780387535
qwen3-8b,g24p2_147,base,99.99999902616173
qwen3-8b,g24p2_147,prior_only,0.6982871480619486
qwen3-8b,g24p2_147,withheld_cf,8.018099450375263e-06
qwen3-8b,g24p2_147,withheld_only,33.34904685117922
qwen3-8b,g24p2_147,withheld_strong,99.99999995151347
qwen3-8b,g24p2_148,base,99.99999999689463
qwen3-8b,g24p2_148,prior_only,8.297264658381329e-08
qwen3-8b,g24p2_148,withheld_cf,99.99999999958024
qwen3-8b,g24p2_148,withheld_only,99.99999999997901
qwen3-8b,g24p2_148,withheld_strong,1.731687482771921e-06
qwen3-8b,g24p2_149,base,22.65564643255667
qwen3-8b,g24p2_149,prior_only,22.74393018395962
qwen3-8b,g24p2_149,withheld_cf,3.1801001296720983
qwen3-8b,g24p2_149,withheld_only,0.0004398608086394108
qwen3-8b,g24p2_149,withheld_strong,34.64077744908954
qwen3-8b,g24p2_150,base,30.86831112510495
qwen3-8b,g24p2_150,prior_only,22.23957243745414
qwen3-8b,g24p2_150,withheld_cf,33.66244098647719
qwen3-8b,g24p2_150,withheld_only,22.292860777417623
qwen3-8b,g24p2_150,withheld_strong,33.37642120550347
qwen3-8b,g24p2_153,base,99.99999999853208
qwen3-8b,g24p2_153,prior_only,99.99916307234452
qwen3-8b,g24p2_153,withheld_cf,99.9999965962339
qwen3-8b,g24p2_153,withheld_only,74.20205115150071
qwen3-8b,g24p2_153,withheld_strong,99.9999762269128
qwen3-8b,g24p2_154,base,2.873368701345635e-07
qwen3-8b,g24p2_154,prior_only,3.2321489169857547e-09
qwen3-8b,g24p2_154,withheld_cf,33.18916712318782
qwen3-8b,g24p2_154,withheld_only,10.743067717907188
qwen3-8b,g24p2_154,withheld_strong,42.0929775401095
qwen3-8b,g24p2_156,base,99.99999999999916
qwen3-8b,g24p2_156,prior_only,99.99999999999619
qwen3-8b,g24p2_156,withheld_cf,99.9999999995794
qwen3-8b,g24p2_156,withheld_only,99.99999999911131
qwen3-8b,g24p2_156,withheld_strong,99.99999999999713
qwen3-8b,g24p2_158,base,99.99999660107125
qwen3-8b,g24p2_158,prior_only,77.78857104960633
qwen3-8b,g24p2_158,withheld_cf,66.53979665634108
qwen3-8b,g24p2_158,withheld_only,22.63325456217834
qwen3-8b,g24p2_158,withheld_strong,4.126333059073592
qwen3-8b,g24p2_159,base,0.0007317364374185871
qwen3-8b,g24p2_159,prior_only,0.0001534623241829803
qwen3-8b,g24p2_159,withheld_cf,77.36501403660041
qwen3-8b,g24p2_159,withheld_only,4.3677595648770174e-10
qwen3-8b,g24p2_159,withheld_strong,74.78877652869983
qwen3-8b,g24p2_160,base,99.99999953991635
qwen3-8b,g24p2_160,prior_only,77.84559765823666
qwen3-8b,g24p2_160,withheld_cf,99.99999999811833
qwen3-8b,g24p2_160,withheld_only,99.99999997708849
qwen3-8b,g24p2_160,withheld_strong,99.99999999999824
qwen3-8b,g24p2_161,base,8.00191885037527e-09
qwen3-8b,g24p2_161,prior_only,2.3338772663286886e-08
qwen3-8b,g24p2_161,withheld_cf,98.68498858788618
qwen3-8b,g24p2_161,withheld_only,2.44266152067703e-10
qwen3-8b,g24p2_161,withheld_strong,98.93665191759871
qwen3-8b,g24p2_163,base,99.99912332841359
qwen3-8b,g24p2_163,prior_only,79.38581545175141
qwen3-8b,g24p2_163,withheld_cf,99.99893175947285
qwen3-8b,g24p2_163,withheld_only,1.1768413771136672
qwen3-8b,g24p2_163,withheld_strong,99.99998476535201
qwen3-8b,g24p2_164,base,99.99999999999712
qwen3-8b,g24p2_164,prior_only,99.99999999999909
qwen3-8b,g24p2_164,withheld_cf,99.99999999997296
qwen3-8b,g24p2_164,withheld_only,99.99999999930729
qwen3-8b,g24p2_164,withheld_strong,99.9999999999873
qwen3-8b,g24p2_165,base,4.324301564439476e-10
qwen3-8b,g24p2_165,prior_only,4.6288254422377164e-11
qwen3-8b,g24p2_165,withheld_cf,2.1609155600738236e-05
qwen3-8b,g24p2_165,withheld_only,0.1057623393143874
qwen3-8b,g24p2_165,withheld_strong,44.28971186365132
qwen3-8b,g24p2_167,base,55.0887658445805
qwen3-8b,g24p2_167,prior_only,50.12190050716834
qwen3-8b,g24p2_167,withheld_cf,42.966441088435054
qwen3-8b,g24p2_167,withheld_only,52.49571550865207
qwen3-8b,g24p2_167,withheld_strong,78.78407153399351
qwen3-8b,g24p2_169,base,99.99999999946056
qwen3-8b,g24p2_169,prior_only,99.99976171765823
qwen3-8b,g24p2_169,withheld_cf,2.6658047742819447e-09
qwen3-8b,g24p2_169,withheld_only,99.99976171772427
qwen3-8b,g24p2_169,withheld_strong,5.832991673356046e-10
qwen3-8b,g24p2_170,base,0.20252532588871086
qwen3-8b,g24p2_170,prior_only,6.266244232568569e-08
qwen3-8b,g24p2_170,withheld_cf,1.5822827010654787
qwen3-8b,g24p2_170,withheld_only,0.08350197483727528
qwen3-8b,g24p2_170,withheld_strong,36.3201071017271
qwen3-8b,g24p2_171,base,99.99999995151042
qwen3-8b,g24p2_171,prior_only,77.8997423437746
qwen3-8b,g24p2_171,withheld_cf,52.92946883420952
qwen3-8b,g24p2_171,withheld_only,0.029457136290695723
qwen3-8b,g24p2_171,withheld_strong,55.332721344074486
qwen3-8b,g24p2_172,base,1.7731908650475385e-05
qwen3-8b,g24p2_172,prior_only,99.99999986693102
qwen3-8b,g24p2_172,withheld_cf,99.99999438913375
qwen3-8b,g24p2_172,withheld_only,0.04028416387112808
qwen3-8b,g24p2_172,withheld_strong,3.4428637574968675e-09
qwen3-8b,g24p2_174,base,90.91580798826124
qwen3-8b,g24p2_174,prior_only,89.73152048329172
qwen3-8b,g24p2_174,withheld_cf,22.74869966414661
qwen3-8b,g24p2_174,withheld_only,25.29773991258808
qwen3-8b,g24p2_174,withheld_strong,66.68328773482702
qwen3-8b,g24p2_175,base,99.99999989732653
qwen3-8b,g24p2_175,prior_only,99.99999997058427
qwen3-8b,g24p2_175,withheld_cf,99.99999924154416
qwen3-8b,g24p2_175,withheld_only,99.99999999601897
qwen3-8b,g24p2_175,withheld_strong,99.99999998215924
qwen3-8b,g24p2_176,base,99.99999999999969
qwen3-8b,g24p2_176,prior_only,99.99999999999945
qwen3-8b,g24p2_176,withheld_cf,99.99999999999864
qwen3-8b,g24p2_176,withheld_only,99.99999999999011
qwen3-8b,g24p2_176,withheld_strong,99.9999999999995
qwen3-8b,g24p2_177,base,66.67440709411503
qwen3-8b,g24p2_177,prior_only,66.6741579553951
qwen3-8b,g24p2_177,withheld_cf,68.69355463976886
qwen3-8b,g24p2_177,withheld_only,66.66675283743461
qwen3-8b,g24p2_177,withheld_strong,66.67964171202564
qwen3-8b,g24p2_178,base,99.99949555774327
qwen3-8b,g24p2_178,prior_only,99.99960714248434
qwen3-8b,g24p2_178,withheld_cf,99.99999660068428
qwen3-8b,g24p2_178,withheld_only,77.11014609487182
qwen3-8b,g24p2_178,withheld_strong,99.99862891297182
qwen3-8b,g24p2_179,base,73.58270689111367
qwen3-8b,g24p2_179,prior_only,66.19686715545213
qwen3-8b,g24p2_179,withheld_cf,56.37711339213035
qwen3-8b,g24p2_179,withheld_only,0.13767304682838322
qwen3-8b,g24p2_179,withheld_strong,99.99996775069081
qwen3-8b,g24p2_180,base,99.99999999967265
qwen3-8b,g24p2_180,prior_only,99.99999999957993
qwen3-8b,g24p2_180,withheld_cf,2.482593909871151e-08
qwen3-8b,g24p2_180,withheld_only,90.91582023321268
qwen3-8b,g24p2_180,withheld_strong,99.999999919891
qwen3-8b,g24p2_181,base,2.664063473228103e-06
qwen3-8b,g24p2_181,prior_only,1.260785855709368e-06
qwen3-8b,g24p2_181,withheld_cf,0.006249071504674272
qwen3-8b,g24p2_181,withheld_only,9.818472816070494e-07
qwen3-8b,g24p2_181,withheld_strong,0.0017844359359383713
qwen3-8b,g24p2_184,base,40.86273743363446
qwen3-8b,g24p2_184,prior_only,2.5677151846512274e-05
qwen3-8b,g24p2_184,withheld_cf,0.00018613929885594494
qwen3-8b,g24p2_184,withheld_only,6.921500097870564
qwen3-8b,g24p2_184,withheld_strong,9.451226570761913e-06
qwen3-8b,g24p2_185,base,44.44696115320804
qwen3-8b,g24p2_185,prior_only,44.643216547425524
qwen3-8b,g24p2_185,withheld_cf,6.679280406705686
qwen3-8b,g24p2_185,withheld_only,0.0009575295366452009
qwen3-8b,g24p2_185,withheld_strong,44.457406126298814
qwen3-8b,g24p2_186,base,0.4154857957677922
qwen3-8b,g24p2_186,prior_only,0.2560633990990074
qwen3-8b,g24p2_186,withheld_cf,9.666396338815318
qwen3-8b,g24p2_186,withheld_only,0.09547852864413486
qwen3-8b,g24p2_186,withheld_strong,0.0022655986965549432
qwen3-8b,g24p2_187,base,45.691227753708205
qwen3-8b,g24p2_187,prior_only,2.223009766568216e-07
qwen3-8b,g24p2_187,withheld_cf,19.82177762094588
qwen3-8b,g24p2_187,withheld_only,4.586593519892388e-05
qwen3-8b,g24p2_187,withheld_strong,44.47846946432498
qwen3-8b,g24p2_189,base,99.9999999999046
qwen3-8b,g24p2_189,prior_only,99.9999999999539
qwen3-8b,g24p2_189,withheld_cf,99.99999999758468
qwen3-8b,g24p2_189,withheld_only,2.2156518499769957
qwen3-8b,g24p2_189,withheld_strong,99.99999999984537
qwen3-8b,g24p2_190,base,99.99999999930748
qwen3-8b,g24p2_190,prior_only,99.99999999885887
qwen3-8b,g24p2_190,withheld_cf,66.67442677490895
qwen3-8b,g24p2_190,withheld_only,41.60164235074748
qwen3-8b,g24p2_190,withheld_strong,33.22163335386378
qwen3-8b,g24p2_191,base,1.1514767590102089e-08
qwen3-8b,g24p2_191,prior_only,97.13156853291441
qwen3-8b,g24p2_191,withheld_cf,33.30595828134637
qwen3-8b,g24p2_191,withheld_only,14.599863112990628
qwen3-8b,g24p2_191,withheld_strong,32.87186293477495
qwen3-8b,g24p2_192,base,4.9008433829549235e-08
qwen3-8b,g24p2_192,prior_only,3.361852356746563
qwen3-8b,g24p2_192,withheld_cf,0.22518398220611413
qwen3-8b,g24p2_192,withheld_only,35.05426961591753
qwen3-8b,g24p2_192,withheld_strong,20.61991046454697
qwen3-8b,g24p2_193,base,99.99521603190642
qwen3-8b,g24p2_193,prior_only,99.99988744455577
qwen3-8b,g24p2_193,withheld_cf,93.75359395693762
qwen3-8b,g24p2_193,withheld_only,99.94199860178459
qwen3-8b,g24p2_193,withheld_strong,99.87792286765219
qwen3-8b,g24p2_194,base,35.91671366951423
qwen3-8b,g24p2_194,prior_only,6.714765064467836e-06
qwen3-8b,g24p2_194,withheld_cf,0.28605302600472604
qwen3-8b,g24p2_194,withheld_only,25.059548241824015
qwen3-8b,g24p2_194,withheld_strong,28.403208548787347
qwen3-8b,g24p2_196,base,7.002016943183972e-09
qwen3-8b,g24p2_196,prior_only,7.59430697591914e-05
qwen3-8b,g24p2_196,withheld_cf,34.96394943481129
qwen3-8b,g24p2_196,withheld_only,1.251802505073789e-08
qwen3-8b,g24p2_196,withheld_strong,10.702390008787795
qwen3-8b,g24p2_198,base,3.4669736030608813e-10
qwen3-8b,g24p2_198,prior_only,5.100816874949628e-08
qwen3-8b,g24p2_198,withheld_cf,1.1290678657723421e-08
qwen3-8b,g24p2_198,withheld_only,13.761288139242163
qwen3-8b,g24p2_198,withheld_strong,4.4825824465836535e-09
qwen3-8b,g24p2_200,base,3.6743331222389113
qwen3-8b,g24p2_200,prior_only,36.25280284201296
qwen3-8b,g24p2_200,withheld_cf,50.61988567443839
qwen3-8b,g24p2_200,withheld_only,33.09835414427618
qwen3-8b,g24p2_200,withheld_strong,41.08878314895024
qwen3-8b,g24p2_201,base,9.543412529526702e-10
qwen3-8b,g24p2_201,prior_only,4.747886609756163e-11
qwen3-8b,g24p2_201,withheld_cf,3.431645697305306e-10
qwen3-8b,g24p2_201,withheld_only,9.656687864582955e-11
qwen3-8b,g24p2_201,withheld_strong,1.2666598040676727e-10
qwen3-8b,g24p2_202,base,4.32425334136637e-10
qwen3-8b,g24p2_202,prior_only,5.967134518648259e-11
qwen3-8b,g24p2_202,withheld_cf,2.604745757761548e-10
qwen3-8b,g24p2_202,withheld_only,5.855063645367783e-11
qwen3-8b,g24p2_202,withheld_strong,9.739599108680197e-11
qwen3-8b,g24p2_203,base,77.62151819698528
qwen3-8b,g24p2_203,prior_only,70.23060951517233
qwen3-8b,g24p2_203,withheld_cf,33.868731298106944
qwen3-8b,g24p2_203,withheld_only,77.76772317801566
qwen3-8b,g24p2_203,withheld_strong,87.82945405949171
qwen3-8b,g24p2_204,base,88.88411790807376
qwen3-8b,g24p2_204,prior_only,47.19403678676394
qwen3-8b,g24p2_204,withheld_cf,88.8888887917442
qwen3-8b,g24p2_204,withheld_only,88.91596962766863
qwen3-8b,g24p2_204,withheld_strong,89.01057323216678
qwen3-8b,g24p2_207,base,66.65313840964625
qwen3-8b,g24p2_207,prior_only,66.73488799456524
qwen3-8b,g24p2_207,withheld_cf,55.46859312548722
qwen3-8b,g24p2_207,withheld_only,66.54563379772236
qwen3-8b,g24p2_207,withheld_strong,66.65880165991537
qwen3-8b,g24p2_208,base,56.10134913951778
qwen3-8b,g24p2_208,prior_only,65.4107376434709
qwen3-8b,g24p2_208,withheld_cf,77.7791353578985
qwen3-8b,g24p2_208,withheld_only,39.785350353732184
qwen3-8b,g24p2_208,withheld_strong,53.07273868670007
qwen3-8b,g24p2_211,base,0.001204975619662621
qwen3-8b,g24p2_211,prior_only,5.22728631860233e-09
qwen3-8b,g24p2_211,withheld_cf,9.216063383297021
qwen3-8b,g24p2_211,withheld_only,0.008714812761153982
qwen3-8b,g24p2_211,withheld_strong,0.005284664309852732
qwen3-8b,g24p2_213,base,0.011136441177292525
qwen3-8b,g24p2_213,prior_only,0.00011511064695681648
qwen3-8b,g24p2_213,withheld_cf,33.30717645486012
qwen3-8b,g24p2_213,withheld_only,0.4696068841003973
qwen3-8b,g24p2_213,withheld_strong,31.849664192146893
qwen3-8b,g24p2_214,base,99.99999660021892
qwen3-8b,g24p2_214,prior_only,9.018474761703524e-05
qwen3-8b,g24p2_214,withheld_cf,54.24138453273261
qwen3-8b,g24p2_214,withheld_only,38.24499563679129
qwen3-8b,g24p2_214,withheld_strong,7.5863820390385825
qwen3-8b,g24p2_215,base,55.600386469080604
qwen3-8b,g24p2_215,prior_only,55.302378716521225
qwen3-8b,g24p2_215,withheld_cf,45.919035248537874
qwen3-8b,g24p2_215,withheld_only,2.004629447060106
qwen3-8b,g24p2_215,withheld_strong,45.38290479134304
qwen3-8b,g24p2_216,base,88.9869843754667
qwen3-8b,g24p2_216,prior_only,99.80015300139308
qwen3-8b,g24p2_216,withheld_cf,66.68889411047321
qwen3-8b,g24p2_216,withheld_only,37.16849823619688
qwen3-8b,g24p2_216,withheld_strong,40.55313399427875
qwen3-8b,g24p2_217,base,99.99999999998727
qwen3-8b,g24p2_217,prior_only,99.99999999998708
qwen3-8b,g24p2_217,withheld_cf,2.5846796515699358e-05
qwen3-8b,g24p2_217,withheld_only,99.99999999999528
qwen3-8b,g24p2_217,withheld_strong,99.99999999999396
qwen3-8b,g24p2_218,base,3.28116614865562e-05
qwen3-8b,g24p2_218,prior_only,3.268690241708014e-05
qwen3-8b,g24p2_218,withheld_cf,0.004117485697547095
qwen3-8b,g24p2_218,withheld_only,0.03043798011218534
qwen3-8b,g24p2_218,withheld_strong,3.6120944075467424e-07
qwen3-8b,g24p2_219,base,31.68400187354615
qwen3-8b,g24p2_219,prior_only,0.0022995526776376386
qwen3-8b,g24p2_219,withheld_cf,44.44402095545922
qwen3-8b,g24p2_219,withheld_only,0.5997780802632895
qwen3-8b,g24p2_219,withheld_strong,41.93064858424359
qwen3-8b,g24p2_220,base,9.850222768203603e-11
qwen3-8b,g24p2_220,prior_only,2.8326859754644473e-11
qwen3-8b,g24p2_220,withheld_cf,1.302947467815003e-10
qwen3-8b,g24p2_220,withheld_only,1.4986892664578771e-09
qwen3-8b,g24p2_220,withheld_strong,0.9773523527666804
qwen3-8b,g24p2_223,base,32.608186231472565
qwen3-8b,g24p2_223,prior_only,1.3375904774511562
qwen3-8b,g24p2_223,withheld_cf,32.03532165559634
qwen3-8b,g24p2_223,withheld_only,3.406937882088647e-06
qwen3-8b,g24p2_223,withheld_strong,33.15017353252271
qwen3-8b,g24p2_224,base,79.1018867043437
qwen3-8b,g24p2_224,prior_only,99.99960714978269
qwen3-8b,g24p2_224,withheld_cf,98.35501242637947
qwen3-8b,g24p2_224,withheld_only,54.357980577258594
qwen3-8b,g24p2_224,withheld_strong,99.99999076061104
qwen3-8b,g24p2_225,base,99.99999999885877
qwen3-8b,g24p2_225,prior_only,99.99999999853387
qwen3-8b,g24p2_225,withheld_cf,84.08421446378856
qwen3-8b,g24p2_225,withheld_only,37.968919412830175
qwen3-8b,g24p2_225,withheld_strong,99.99999999957947
qwen3-8b,g24p2_227,base,99.99999999999824
qwen3-8b,g24p2_227,prior_only,99.99999999999524
qwen3-8b,g24p2_227,withheld_cf,99.99999999999392
qwen3-8b,g24p2_227,withheld_only,95.13529359806343
qwen3-8b,g24p2_227,withheld_strong,99.99999999811978
qwen3-8b,g24p2_228,base,89.55637436557976
qwen3-8b,g24p2_228,prior_only,38.89023162608676
qwen3-8b,g24p2_228,withheld_cf,52.99057081874695
qwen3-8b,g24p2_228,withheld_only,38.944471555262986
qwen3-8b,g24p2_228,withheld_strong,33.33275985594036
qwen3-8b,g24p2_230,base,99.99999999998715
qwen3-8b,g24p2_230,prior_only,99.9999999999897
qwen3-8b,g24p2_230,withheld_cf,4.193106200121083e-09
qwen3-8b,g24p2_230,withheld_only,1.3035278572030722e-06
qwen3-8b,g24p2_230,withheld_strong,4.6374456210969695e-10
qwen3-8b,g24p2_231,base,99.97856803303776
qwen3-8b,g24p2_231,prior_only,87.17036174240125
qwen3-8b,g24p2_231,withheld_cf,83.70330676015743
qwen3-8b,g24p2_231,withheld_only,99.99969397160861
qwen3-8b,g24p2_231,withheld_strong,98.66244497475165
qwen3-8b,g24p2_232,base,2.8507468575640215e-11
qwen3-8b,g24p2_232,prior_only,2.7823817712495345
qwen3-8b,g24p2_232,withheld_cf,0.0002623475673907026
qwen3-8b,g24p2_232,withheld_only,0.00459177731057881
qwen3-8b,g24p2_232,withheld_strong,44.449388084328476
qwen3-8b,g24p2_233,base,99.99999999997864
qwen3-8b,g24p2_233,prior_only,99.99999999997864
qwen3-8b,g24p2_233,withheld_cf,99.99999999980079
qwen3-8b,g24p2_233,withheld_only,99.99999999997895
qwen3-8b,g24p2_233,withheld_strong,99.99999999984546
qwen3-8b,g24p2_234,base,51.99060563964955
qwen3-8b,g24p2_234,prior_only,55.43429576133304
qwen3-8b,g24p2_234,withheld_cf,54.8881576460576
qwen3-8b,g24p2_234,withheld_only,42.49540770272054
qwen3-8b,g24p2_234,withheld_strong,64.19215244563219
qwen3-8b,g24p2_235,base,1.2589320940348298e-05
qwen3-8b,g24p2_235,prior_only,1.3304877270214298e-06
qwen3-8b,g24p2_235,withheld_cf,27.088512310403097
qwen3-8b,g24p2_235,withheld_only,77.52264924957251
qwen3-8b,g24p2_235,withheld_strong,97.52553761858061
qwen3-8b,g24p2_237,base,33.658004709818776
qwen3-8b,g24p2_237,prior_only,29.738400035490265
qwen3-8b,g24p2_237,withheld_cf,1.5473398899714037
qwen3-8b,g24p2_237,withheld_only,0.006882047356996117
qwen3-8b,g24p2_237,withheld_strong,33.862080119241504
qwen3-8b,g24p2_238,base,88.63500632031577
qwen3-8b,g24p2_238,prior_only,35.73406138251471
qwen3-8b,g24p2_238,withheld_cf,99.99999999343575
qwen3-8b,g24p2_238,withheld_only,0.005346327893587816
qwen3-8b,g24p2_238,withheld_strong,99.9999999999655
qwen3-8b,g24p2_239,base,99.99999999992689
qwen3-8b,g24p2_239,prior_only,99.99999999689926
qwen3-8b,g24p2_239,withheld_cf,99.99999999999915
qwen3-8b,g24p2_239,withheld_only,1.2874192235820887
qwen3-8b,g24p2_239,withheld_strong,99.99999999994579
qwen3-8b,g24p2_240,base,0.0017913927498454361
qwen3-8b,g24p2_240,prior_only,5.08786437266459e-08
qwen3-8b,g24p2_240,withheld_cf,0.059283411873066134
qwen3-8b,g24p2_240,withheld_only,32.95816217972875
qwen3-8b,g24p2_240,withheld_strong,1.8362965822821903e-08
qwen3-8b,g24p2_242,base,77.77777526698469
qwen3-8b,g24p2_242,prior_only,77.36315877412072
qwen3-8b,g24p2_242,withheld_cf,44.96764744571934
qwen3-8b,g24p2_242,withheld_only,24.574587650422856
qwen3-8b,g24p2_242,withheld_strong,44.5554851510974
qwen3-8b,g24p2_245,base,3.388936054575401e-10
qwen3-8b,g24p2_245,prior_only,4.4915478307177464e-10
qwen3-8b,g24p2_245,withheld_cf,5.4288789173002745e-09
qwen3-8b,g24p2_245,withheld_only,3.2803553670063853e-09
qwen3-8b,g24p2_245,withheld_strong,2.79876903700243e-10
qwen3-8b,g24p2_246,base,99.99999999885661
qwen3-8b,g24p2_246,prior_only,77.11193803983241
qwen3-8b,g24p2_246,withheld_cf,45.0699865326101
qwen3-8b,g24p2_246,withheld_only,1.628553680939656
qwen3-8b,g24p2_246,withheld_strong,1.9879126272497766e-09
qwen3-8b,g24p2_247,base,48.36027710548938
qwen3-8b,g24p2_247,prior_only,1.099659081514292
qwen3-8b,g24p2_247,withheld_cf,77.76956646056914
qwen3-8b,g24p2_247,withheld_only,67.69115026204702
qwen3-8b,g24p2_247,withheld_strong,33.23328142717663
qwen3-8b,g24p2_248,base,2.312419807551434e-11
qwen3-8b,g24p2_248,prior_only,0.00019728665969767807
qwen3-8b,g24p2_248,withheld_cf,33.338094829179475
qwen3-8b,g24p2_248,withheld_only,1.381517966863892e-09
qwen3-8b,g24p2_248,withheld_strong,33.69515001040452
qwen3-8b,g24p2_250,base,7.82500990393729e-08
qwen3-8b,g24p2_250,prior_only,1.7466268853873075e-05
qwen3-8b,g24p2_250,withheld_cf,0.003101118112263432
qwen3-8b,g24p2_250,withheld_only,0.5060522967896719
qwen3-8b,g24p2_250,withheld_strong,44.43129876917834
qwen3-8b,g24p2_252,base,99.99999999601846
qwen3-8b,g24p2_252,prior_only,99.9997617215925
qwen3-8b,g24p2_252,withheld_cf,99.98332003779582
qwen3-8b,g24p2_252,withheld_only,0.007015967906448182
qwen3-8b,g24p2_252,withheld_strong,4.332162660321968
qwen3-8b,g24p2_254,base,33.58581670927104
qwen3-8b,g24p2_254,prior_only,32.014769943398676
qwen3-8b,g24p2_254,withheld_cf,55.957320371528745
qwen3-8b,g24p2_254,withheld_only,33.37849218811674
qwen3-8b,g24p2_254,withheld_strong,2.0179033214409747
qwen3-8b,g24p2_255,base,2.502173378683806e-09
qwen3-8b,g24p2_255,prior_only,0.0005073229428148579
qwen3-8b,g24p2_255,withheld_cf,2.403330547585697e-05
qwen3-8b,g24p2_255,withheld_only,99.99999999810312
qwen3-8b,g24p2_255,withheld_strong,6.127070191262785e-10
qwen3-8b,g24p2_258,base,88.96324204756121
qwen3-8b,g24p2_258,prior_only,88.91635528440584
qwen3-8b,g24p2_258,withheld_cf,99.9998874444381
qwen3-8b,g24p2_258,withheld_only,66.90528333791836
qwen3-8b,g24p2_258,withheld_strong,99.99999793844997
qwen3-8b,g24p2_259,base,61.801838689651355
qwen3-8b,g24p2_259,prior_only,3.5190038151527885
qwen3-8b,g24p2_259,withheld_cf,38.94456599230284
qwen3-8b,g24p2_259,withheld_only,2.539593775994808
qwen3-8b,g24p2_259,withheld_strong,44.58392032770851
qwen3-8b,g24p2_260,base,54.88765153796497
qwen3-8b,g24p2_260,prior_only,33.273308397850236
qwen3-8b,g24p2_260,withheld_cf,6.247088806423213e-06
qwen3-8b,g24p2_260,withheld_only,1.2593779610168319e-09
qwen3-8b,g24p2_260,withheld_strong,2.581166543642315
qwen3-8b,g24p2_261,base,59.10913562869894
qwen3-8b,g24p2_261,prior_only,77.82163022770797
qwen3-8b,g24p2_261,withheld_cf,34.20395784975778
qwen3-8b,g24p2_261,withheld_only,33.25532070085433
qwen3-8b,g24p2_261,withheld_strong,45.21281024008083
qwen35-9b,g24p2_000,base,99.2202150673317
qwen35-9b,g24p2_000,prior_only,98.84845449324354
qwen35-9b,g24p2_000,withheld_cf,99.17027241932755
qwen35-9b,g24p2_000,withheld_only,38.66986514883943
qwen35-9b,g24p2_000,withheld_strong,99.04983589798523
qwen35-9b,g24p2_001,base,0.9809133445217818
qwen35-9b,g24p2_001,prior_only,2.2817095869005097
qwen35-9b,g24p2_001,withheld_cf,3.7680489946073217
qwen35-9b,g24p2_001,withheld_only,2.8150089641093166
qwen35-9b,g24p2_001,withheld_strong,2.5261263270834897
qwen35-9b,g24p2_002,base,94.05114756294272
qwen35-9b,g24p2_002,prior_only,94.20660714248028
qwen35-9b,g24p2_002,withheld_cf,94.72632275483654
qwen35-9b,g24p2_002,withheld_only,95.23072891687103
qwen35-9b,g24p2_002,withheld_strong,96.9189509439448
qwen35-9b,g24p2_003,base,95.24703874832636
qwen35-9b,g24p2_003,prior_only,95.69630240215878
qwen35-9b,g24p2_003,withheld_cf,15.79987972316345
qwen35-9b,g24p2_003,withheld_only,22.779037134519086
qwen35-9b,g24p2_003,withheld_strong,43.47395314832906
qwen35-9b,g24p2_004,base,92.27154825179274
qwen35-9b,g24p2_004,prior_only,89.83667254943299
qwen35-9b,g24p2_004,withheld_cf,36.48138196293333
qwen35-9b,g24p2_004,withheld_only,8.550959525181062
qwen35-9b,g24p2_004,withheld_strong,36.71818090112942
qwen35-9b,g24p2_005,base,2.258031553975071
qwen35-9b,g24p2_005,prior_only,5.374280234084413
qwen35-9b,g24p2_005,withheld_cf,3.5408982860053984
qwen35-9b,g24p2_005,withheld_only,10.384618417959594
qwen35-9b,g24p2_005,withheld_strong,7.061853203543878
qwen35-9b,g24p2_006,base,10.316168301343673
qwen35-9b,g24p2_006,prior_only,1.2842656639380492
qwen35-9b,g24p2_006,withheld_cf,51.947944956208836
qwen35-9b,g24p2_006,withheld_only,95.40357929128169
qwen35-9b,g24p2_006,withheld_strong,30.8596492487194
qwen35-9b,g24p2_010,base,36.45415174913659
qwen35-9b,g24p2_010,prior_only,9.018987136641247
qwen35-9b,g24p2_010,withheld_cf,4.402369634358898
qwen35-9b,g24p2_010,withheld_only,8.025990254371688
qwen35-9b,g24p2_010,withheld_strong,5.8261285698937
qwen35-9b,g24p2_011,base,85.379634274021
qwen35-9b,g24p2_011,prior_only,86.37863792013961
qwen35-9b,g24p2_011,withheld_cf,99.49684851999122
qwen35-9b,g24p2_011,withheld_only,98.53569397416612
qwen35-9b,g24p2_011,withheld_strong,99.50919446197628
qwen35-9b,g24p2_012,base,95.00663985555877
qwen35-9b,g24p2_012,prior_only,96.23703106215105
qwen35-9b,g24p2_012,withheld_cf,7.640770816230106
qwen35-9b,g24p2_012,withheld_only,95.64071948989815
qwen35-9b,g24p2_012,withheld_strong,97.08842461739145
qwen35-9b,g24p2_014,base,98.29560281148107
qwen35-9b,g24p2_014,prior_only,20.821562719502065
qwen35-9b,g24p2_014,withheld_cf,50.506648979542575
qwen35-9b,g24p2_014,withheld_only,97.68171755188058
qwen35-9b,g24p2_014,withheld_strong,97.39723318613012
qwen35-9b,g24p2_015,base,99.47239656207739
qwen35-9b,g24p2_015,prior_only,99.6796867853472
qwen35-9b,g24p2_015,withheld_cf,98.48761930378578
qwen35-9b,g24p2_015,withheld_only,99.26127588975565
qwen35-9b,g24p2_015,withheld_strong,98.95869817693266
qwen35-9b,g24p2_016,base,54.70723505420373
qwen35-9b,g24p2_016,prior_only,56.84590461779924
qwen35-9b,g24p2_016,withheld_cf,84.6666348747595
qwen35-9b,g24p2_016,withheld_only,86.68280946176418
qwen35-9b,g24p2_016,withheld_strong,91.34904449880156
qwen35-9b,g24p2_017,base,99.82319656692033
qwen35-9b,g24p2_017,prior_only,99.84674651940429
qwen35-9b,g24p2_017,withheld_cf,99.82173022791
qwen35-9b,g24p2_017,withheld_only,99.67052515314073
qwen35-9b,g24p2_017,withheld_strong,99.90350018756733
qwen35-9b,g24p2_018,base,99.46911056652465
qwen35-9b,g24p2_018,prior_only,99.38990391445941
qwen35-9b,g24p2_018,withheld_cf,99.66198715078929
qwen35-9b,g24p2_018,withheld_only,99.14961144708724
qwen35-9b,g24p2_018,withheld_strong,99.79192177434238
qwen35-9b,g24p2_019,base,0.4658424837482395
qwen35-9b,g24p2_019,prior_only,1.0981719820417166
qwen35-9b,g24p2_019,withheld_cf,0.9513363037369911
qwen35-9b,g24p2_019,withheld_only,0.8091370795277694
qwen35-9b,g24p2_019,withheld_strong,0.045469637797818374
qwen35-9b,g24p2_020,base,99.56394010452011
qwen35-9b,g24p2_020,prior_only,99.54333785619322
qwen35-9b,g24p2_020,withheld_cf,99.47831988698724
qwen35-9b,g24p2_020,withheld_only,99.20087127849892
qwen35-9b,g24p2_020,withheld_strong,99.68570872001119
qwen35-9b,g24p2_021,base,98.98491972272365
qwen35-9b,g24p2_021,prior_only,98.65417423803325
qwen35-9b,g24p2_021,withheld_cf,92.04418677301075
qwen35-9b,g24p2_021,withheld_only,31.014395342269058
qwen35-9b,g24p2_021,withheld_strong,99.46153798978764
qwen35-9b,g24p2_023,base,99.3635379362182
qwen35-9b,g24p2_023,prior_only,99.59361483201704
qwen35-9b,g24p2_023,withheld_cf,98.8579858848253
qwen35-9b,g24p2_023,withheld_only,99.08942231472356
qwen35-9b,g24p2_023,withheld_strong,99.29609520769094
qwen35-9b,g24p2_024,base,92.9370141099411
qwen35-9b,g24p2_024,prior_only,94.67220419431786
qwen35-9b,g24p2_024,withheld_cf,86.81962031713937
qwen35-9b,g24p2_024,withheld_only,16.37092776019975
qwen35-9b,g24p2_024,withheld_strong,34.998882110107814
qwen35-9b,g24p2_026,base,16.882522029758125
qwen35-9b,g24p2_026,prior_only,21.293060555705868
qwen35-9b,g24p2_026,withheld_cf,96.83388499439195
qwen35-9b,g24p2_026,withheld_only,31.28133270556554
qwen35-9b,g24p2_026,withheld_strong,80.93424073747191
qwen35-9b,g24p2_027,base,99.74069865954617
qwen35-9b,g24p2_027,prior_only,99.36174693414544
qwen35-9b,g24p2_027,withheld_cf,99.31764996118149
qwen35-9b,g24p2_027,withheld_only,99.42944633985945
qwen35-9b,g24p2_027,withheld_strong,99.5534293086591
qwen35-9b,g24p2_028,base,6.452359352748286
qwen35-9b,g24p2_028,prior_only,4.446526862103261
qwen35-9b,g24p2_028,withheld_cf,20.654971910478757
qwen35-9b,g24p2_028,withheld_only,97.5670344663408
qwen35-9b,g24p2_028,withheld_strong,99.04772965503349
qwen35-9b,g24p2_029,base,98.36251449175936
qwen35-9b,g24p2_029,prior_only,98.59797800640703
qwen35-9b,g24p2_029,withheld_cf,98.34477016750972
qwen35-9b,g24p2_029,withheld_only,97.31535428013362
qwen35-9b,g24p2_029,withheld_strong,98.78540811483546
qwen35-9b,g24p2_033,base,4.104185964806312
qwen35-9b,g24p2_033,prior_only,26.451414216413085
qwen35-9b,g24p2_033,withheld_cf,98.89979997190123
qwen35-9b,g24p2_033,withheld_only,6.22361327675157
qwen35-9b,g24p2_033,withheld_strong,20.614119119340813
qwen35-9b,g24p2_034,base,1.2228625982749854
qwen35-9b,g24p2_034,prior_only,27.0092257306151
qwen35-9b,g24p2_034,withheld_cf,87.03238265641784
qwen35-9b,g24p2_034,withheld_only,9.457910171662657
qwen35-9b,g24p2_034,withheld_strong,1.55499578872934
qwen35-9b,g24p2_035,base,3.3010789095779454
qwen35-9b,g24p2_035,prior_only,2.407378154340888
qwen35-9b,g24p2_035,withheld_cf,98.24831882139897
qwen35-9b,g24p2_035,withheld_only,1.4497894173680135
qwen35-9b,g24p2_035,withheld_strong,99.35761173175761
qwen35-9b,g24p2_036,base,99.8378338690719
qwen35-9b,g24p2_036,prior_only,99.84355126205139
qwen35-9b,g24p2_036,withheld_cf,99.74702615933705
qwen35-9b,g24p2_036,withheld_only,99.43242905348579
qwen35-9b,g24p2_036,withheld_strong,99.8106663506052
qwen35-9b,g24p2_037,base,0.012448661762293598
qwen35-9b,g24p2_037,prior_only,0.00570448180308018
qwen35-9b,g24p2_037,withheld_cf,0.059840254121435975
qwen35-9b,g24p2_037,withheld_only,0.09464275075193626
qwen35-9b,g24p2_037,withheld_strong,0.9306783630138766
qwen35-9b,g24p2_038,base,6.824805744632567
qwen35-9b,g24p2_038,prior_only,26.400107809811672
qwen35-9b,g24p2_038,withheld_cf,51.345609249788026
qwen35-9b,g24p2_038,withheld_only,6.8135860528266665
qwen35-9b,g24p2_038,withheld_strong,38.33827657386763
qwen35-9b,g24p2_039,base,99.3206154196378
qwen35-9b,g24p2_039,prior_only,98.65904495135216
qwen35-9b,g24p2_039,withheld_cf,98.95798081614731
qwen35-9b,g24p2_039,withheld_only,34.25928167314793
qwen35-9b,g24p2_039,withheld_strong,18.794176347414457
qwen35-9b,g24p2_040,base,99.74211157000971
qwen35-9b,g24p2_040,prior_only,99.70331770842955
qwen35-9b,g24p2_040,withheld_cf,99.5054378076841
qwen35-9b,g24p2_040,withheld_only,99.11178485010873
qwen35-9b,g24p2_040,withheld_strong,99.93109331004943
qwen35-9b,g24p2_041,base,5.312918259434485
qwen35-9b,g24p2_041,prior_only,4.473217764810479
qwen35-9b,g24p2_041,withheld_cf,4.642345018869805
qwen35-9b,g24p2_041,withheld_only,6.933965254336258
qwen35-9b,g24p2_041,withheld_strong,8.27252426910223
qwen35-9b,g24p2_043,base,99.23135225971332
qwen35-9b,g24p2_043,prior_only,99.31366335215303
qwen35-9b,g24p2_043,withheld_cf,99.48862909841314
qwen35-9b,g24p2_043,withheld_only,97.84890535931419
qwen35-9b,g24p2_043,withheld_strong,99.42378470618323
qwen35-9b,g24p2_044,base,2.7216673356779175
qwen35-9b,g24p2_044,prior_only,13.587871923857868
qwen35-9b,g24p2_044,withheld_cf,98.54030512165987
qwen35-9b,g24p2_044,withheld_only,97.28622403768365
qwen35-9b,g24p2_044,withheld_strong,35.6725943152802
qwen35-9b,g24p2_046,base,0.026457598189890727
qwen35-9b,g24p2_046,prior_only,0.45714378219398966
qwen35-9b,g24p2_046,withheld_cf,0.0029378835067645844
qwen35-9b,g24p2_046,withheld_only,1.6937167049429336
qwen35-9b,g24p2_046,withheld_strong,0.1792339333697251
qwen35-9b,g24p2_047,base,99.79264223887861
qwen35-9b,g24p2_047,prior_only,99.75145667646328
qwen35-9b,g24p2_047,withheld_cf,99.64764203062863
qwen35-9b,g24p2_047,withheld_only,99.35664485559647
qwen35-9b,g24p2_047,withheld_strong,99.03338488741457
qwen35-9b,g24p2_048,base,3.294917497205374
qwen35-9b,g24p2_048,prior_only,8.498114625200541
qwen35-9b,g24p2_048,withheld_cf,37.28603656985519
qwen35-9b,g24p2_048,withheld_only,5.351039364874778
qwen35-9b,g24p2_048,withheld_strong,32.73552310023333
qwen35-9b,g24p2_049,base,97.27179585050855
qwen35-9b,g24p2_049,prior_only,98.41226498426967
qwen35-9b,g24p2_049,withheld_cf,97.53172021436846
qwen35-9b,g24p2_049,withheld_only,96.88107104736723
qwen35-9b,g24p2_049,withheld_strong,98.66965035970946
qwen35-9b,g24p2_051,base,95.75254337162431
qwen35-9b,g24p2_051,prior_only,96.98014649713701
qwen35-9b,g24p2_051,withheld_cf,98.34508171172946
qwen35-9b,g24p2_051,withheld_only,96.0377511521769
qwen35-9b,g24p2_051,withheld_strong,97.83537852328887
qwen35-9b,g24p2_053,base,32.81363338223624
qwen35-9b,g24p2_053,prior_only,17.3131460739547
qwen35-9b,g24p2_053,withheld_cf,42.351434637653114
qwen35-9b,g24p2_053,withheld_only,18.84135314928467
qwen35-9b,g24p2_053,withheld_strong,31.937338484178117
qwen35-9b,g24p2_054,base,2.7212871586709135
qwen35-9b,g24p2_054,prior_only,1.6379900106330787
qwen35-9b,g24p2_054,withheld_cf,43.744123837156025
qwen35-9b,g24p2_054,withheld_only,28.14757077946306
qwen35-9b,g24p2_054,withheld_strong,36.16858701900644
qwen35-9b,g24p2_055,base,1.5103929913422698
qwen35-9b,g24p2_055,prior_only,1.7721506281271833
qwen35-9b,g24p2_055,withheld_cf,99.02115676850008
qwen35-9b,g24p2_055,withheld_only,97.92343017592792
qwen35-9b,g24p2_055,withheld_strong,99.50151399710386
qwen35-9b,g24p2_057,base,0.19524690073528608
qwen35-9b,g24p2_057,prior_only,0.34716349452429046
qwen35-9b,g24p2_057,withheld_cf,99.47986547297658
qwen35-9b,g24p2_057,withheld_only,5.734671191875457
qwen35-9b,g24p2_057,withheld_strong,99.51882343801283
qwen35-9b,g24p2_058,base,9.124114136661674
qwen35-9b,g24p2_058,prior_only,1.2545367511101901
qwen35-9b,g24p2_058,withheld_cf,0.47448012907866144
qwen35-9b,g24p2_058,withheld_only,35.33403714972208
qwen35-9b,g24p2_058,withheld_strong,0.3491538377229839
qwen35-9b,g24p2_059,base,20.618605751621274
qwen35-9b,g24p2_059,prior_only,95.65032688056118
qwen35-9b,g24p2_059,withheld_cf,91.89571771378817
qwen35-9b,g24p2_059,withheld_only,89.8437423306914
qwen35-9b,g24p2_059,withheld_strong,20.546522604371834
qwen35-9b,g24p2_060,base,98.00960599273425
qwen35-9b,g24p2_060,prior_only,97.81832160788053
qwen35-9b,g24p2_060,withheld_cf,98.33986897001655
qwen35-9b,g24p2_060,withheld_only,96.25385569216657
qwen35-9b,g24p2_060,withheld_strong,98.8823669849464
qwen35-9b,g24p2_062,base,99.82228226035838
qwen35-9b,g24p2_062,prior_only,8.950486293188876
qwen35-9b,g24p2_062,withheld_cf,7.221963969591416
qwen35-9b,g24p2_062,withheld_only,12.496458664860022
qwen35-9b,g24p2_062,withheld_strong,99.3898777711728
qwen35-9b,g24p2_064,base,98.10141614580266
qwen35-9b,g24p2_064,prior_only,93.39930941131404
qwen35-9b,g24p2_064,withheld_cf,98.97937759538087
qwen35-9b,g24p2_064,withheld_only,95.28227341360792
qwen35-9b,g24p2_064,withheld_strong,98.221300233969
qwen35-9b,g24p2_065,base,98.96020954081558
qwen35-9b,g24p2_065,prior_only,94.17535587500879
qwen35-9b,g24p2_065,withheld_cf,97.58490192870138
qwen35-9b,g24p2_065,withheld_only,93.5623969934613
qwen35-9b,g24p2_065,withheld_strong,97.3136042389696
qwen35-9b,g24p2_066,base,15.38709737930592
qwen35-9b,g24p2_066,prior_only,23.210138609018596
qwen35-9b,g24p2_066,withheld_cf,38.58759288679337
qwen35-9b,g24p2_066,withheld_only,22.619082866475193
qwen35-9b,g24p2_066,withheld_strong,30.724457999609836
qwen35-9b,g24p2_067,base,1.1617961381868993
qwen35-9b,g24p2_067,prior_only,0.008031312435737074
qwen35-9b,g24p2_067,withheld_cf,0.683031571903721
qwen35-9b,g24p2_067,withheld_only,1.780432214575941
qwen35-9b,g24p2_067,withheld_strong,0.8482955409844364
qwen35-9b,g24p2_068,base,0.2906295845834956
qwen35-9b,g24p2_068,prior_only,0.2947767010942099
qwen35-9b,g24p2_068,withheld_cf,0.3741871787673169
qwen35-9b,g24p2_068,withheld_only,0.26805586073935367
qwen35-9b,g24p2_068,withheld_strong,0.5069473735768624
qwen35-9b,g24p2_069,base,7.944696001401411
qwen35-9b,g24p2_069,prior_only,36.03463016874953
qwen35-9b,g24p2_069,withheld_cf,99.27338052588216
qwen35-9b,g24p2_069,withheld_only,12.136669022896816
qwen35-9b,g24p2_069,withheld_strong,98.91913285586912
qwen35-9b,g24p2_070,base,99.90940350525555
qwen35-9b,g24p2_070,prior_only,99.93169674384168
qwen35-9b,g24p2_070,withheld_cf,99.82938422228749
qwen35-9b,g24p2_070,withheld_only,99.48258219044293
qwen35-9b,g24p2_070,withheld_strong,99.77107650791811
qwen35-9b,g24p2_071,base,78.14577282449198
qwen35-9b,g24p2_071,prior_only,82.86176845417079
qwen35-9b,g24p2_071,withheld_cf,38.40900605224121
qwen35-9b,g24p2_071,withheld_only,25.55639432479319
qwen35-9b,g24p2_071,withheld_strong,83.04662587349324
qwen35-9b,g24p2_072,base,5.757565458949101
qwen35-9b,g24p2_072,prior_only,5.609366489961226
qwen35-9b,g24p2_072,withheld_cf,37.51867878278942
qwen35-9b,g24p2_072,withheld_only,15.079126642310118
qwen35-9b,g24p2_072,withheld_strong,20.377315309848736
qwen35-9b,g24p2_073,base,0.04592550280423359
qwen35-9b,g24p2_073,prior_only,0.05461342981210449
qwen35-9b,g24p2_073,withheld_cf,0.09445238111024894
qwen35-9b,g24p2_073,withheld_only,0.13564467870176647
qwen35-9b,g24p2_073,withheld_strong,0.07712878924955201
qwen35-9b,g24p2_074,base,11.210133240449018
qwen35-9b,g24p2_074,prior_only,18.844739929619745
qwen35-9b,g24p2_074,withheld_cf,42.36955637593541
qwen35-9b,g24p2_074,withheld_only,22.126067959199816
qwen35-9b,g24p2_074,withheld_strong,27.482767433333205
qwen35-9b,g24p2_075,base,99.49722012797953
qwen35-9b,g24p2_075,prior_only,99.48151033837951
qwen35-9b,g24p2_075,withheld_cf,99.59354705781718
qwen35-9b,g24p2_075,withheld_only,99.08075864563939
qwen35-9b,g24p2_075,withheld_strong,99.3165786147078
qwen35-9b,g24p2_076,base,95.29804564758528
qwen35-9b,g24p2_076,prior_only,1.634132972618597
qwen35-9b,g24p2_076,withheld_cf,67.2712673845042
qwen35-9b,g24p2_076,withheld_only,33.91973073416617
qwen35-9b,g24p2_076,withheld_strong,97.19097918747735
qwen35-9b,g24p2_077,base,8.340494858982062
qwen35-9b,g24p2_077,prior_only,17.952577008548744
qwen35-9b,g24p2_077,withheld_cf,10.805117548954648
qwen35-9b,g24p2_077,withheld_only,19.115357266034792
qwen35-9b,g24p2_077,withheld_strong,5.756353471636627
qwen35-9b,g24p2_079,base,27.069487155300703
qwen35-9b,g24p2_079,prior_only,7.141585237224685
qwen35-9b,g24p2_079,withheld_cf,8.82561226465888
qwen35-9b,g24p2_079,withheld_only,11.305359513978454
qwen35-9b,g24p2_079,withheld_strong,12.64667097428923
qwen35-9b,g24p2_081,base,19.205686235751706
qwen35-9b,g24p2_081,prior_only,21.219525895209564
qwen35-9b,g24p2_081,withheld_cf,20.852721747323088
qwen35-9b,g24p2_081,withheld_only,19.831332083083495
qwen35-9b,g24p2_081,withheld_strong,29.559312996894885
qwen35-9b,g24p2_082,base,0.6643890193692324
qwen35-9b,g24p2_082,prior_only,2.0388275888825684
qwen35-9b,g24p2_082,withheld_cf,2.2455873039817273
qwen35-9b,g24p2_082,withheld_only,28.224227561221443
qwen35-9b,g24p2_082,withheld_strong,41.85176926288343
qwen35-9b,g24p2_083,base,0.6736694973204731
qwen35-9b,g24p2_083,prior_only,1.6983522865194287
qwen35-9b,g24p2_083,withheld_cf,50.61198447447716
qwen35-9b,g24p2_083,withheld_only,29.77557032072206
qwen35-9b,g24p2_083,withheld_strong,98.6348458499121
qwen35-9b,g24p2_084,base,40.9127940531828
qwen35-9b,g24p2_084,prior_only,98.33420775082472
qwen35-9b,g24p2_084,withheld_cf,16.18183268266011
qwen35-9b,g24p2_084,withheld_only,9.701231709817769
qwen35-9b,g24p2_084,withheld_strong,99.03579817399651
qwen35-9b,g24p2_085,base,2.7324671585048903
qwen35-9b,g24p2_085,prior_only,98.63336838918292
qwen35-9b,g24p2_085,withheld_cf,94.7164549205267
qwen35-9b,g24p2_085,withheld_only,26.12217942131687
qwen35-9b,g24p2_085,withheld_strong,25.80954766252528
qwen35-9b,g24p2_087,base,4.649718448593264
qwen35-9b,g24p2_087,prior_only,4.937297419767813
qwen35-9b,g24p2_087,withheld_cf,1.891095855263102
qwen35-9b,g24p2_087,withheld_only,3.3429729048970334
qwen35-9b,g24p2_087,withheld_strong,33.53826757208747
qwen35-9b,g24p2_088,base,1.0362652335196931
qwen35-9b,g24p2_088,prior_only,7.040703248729894
qwen35-9b,g24p2_088,withheld_cf,33.04541754755317
qwen35-9b,g24p2_088,withheld_only,28.162151384606705
qwen35-9b,g24p2_088,withheld_strong,39.628359768729624
qwen35-9b,g24p2_089,base,3.345637712458171
qwen35-9b,g24p2_089,prior_only,6.945950600802415
qwen35-9b,g24p2_089,withheld_cf,3.669903194267943
qwen35-9b,g24p2_089,withheld_only,6.943546265739059
qwen35-9b,g24p2_089,withheld_strong,1.684794204951143
qwen35-9b,g24p2_091,base,4.673578770846578
qwen35-9b,g24p2_091,prior_only,7.184258813704381
qwen35-9b,g24p2_091,withheld_cf,3.763112931325324
qwen35-9b,g24p2_091,withheld_only,6.127465837521351
qwen35-9b,g24p2_091,withheld_strong,6.45414393849467
qwen35-9b,g24p2_092,base,15.766406042771482
qwen35-9b,g24p2_092,prior_only,9.400265498964949
qwen35-9b,g24p2_092,withheld_cf,13.293750499441066
qwen35-9b,g24p2_092,withheld_only,16.23688144310229
qwen35-9b,g24p2_092,withheld_strong,20.01922240448286
qwen35-9b,g24p2_093,base,22.954351814252156
qwen35-9b,g24p2_093,prior_only,14.464708556571761
qwen35-9b,g24p2_093,withheld_cf,17.387008602317145
qwen35-9b,g24p2_093,withheld_only,28.107644252572555
qwen35-9b,g24p2_093,withheld_strong,29.51036297535889
qwen35-9b,g24p2_094,base,99.21431363195532
qwen35-9b,g24p2_094,prior_only,99.78159076575598
qwen35-9b,g24p2_094,withheld_cf,99.63086376234939
qwen35-9b,g24p2_094,withheld_only,99.17713793742206
qwen35-9b,g24p2_094,withheld_strong,99.66312987608859
qwen35-9b,g24p2_096,base,21.293589764994017
qwen35-9b,g24p2_096,prior_only,21.26783940278073
qwen35-9b,g24p2_096,withheld_cf,4.945602869999044
qwen35-9b,g24p2_096,withheld_only,7.7059182134725965
qwen35-9b,g24p2_096,withheld_strong,7.224502231946949
qwen35-9b,g24p2_098,base,97.93179844781315
qwen35-9b,g24p2_098,prior_only,98.1513876603488
qwen35-9b,g24p2_098,withheld_cf,97.6916092117579
qwen35-9b,g24p2_098,withheld_only,36.67505640569303
qwen35-9b,g24p2_098,withheld_strong,98.24442303985285
qwen35-9b,g24p2_099,base,0.001531913497629432
qwen35-9b,g24p2_099,prior_only,0.0017365898272975427
qwen35-9b,g24p2_099,withheld_cf,0.21171211010010038
qwen35-9b,g24p2_099,withheld_only,0.0020237152095805176
qwen35-9b,g24p2_099,withheld_strong,0.006269882951572268
qwen35-9b,g24p2_101,base,99.0519257558264
qwen35-9b,g24p2_101,prior_only,99.32482138281773
qwen35-9b,g24p2_101,withheld_cf,99.96558750094466
qwen35-9b,g24p2_101,withheld_only,98.60414453422362
qwen35-9b,g24p2_101,withheld_strong,98.93588410209209
qwen35-9b,g24p2_102,base,0.02952425485110173
qwen35-9b,g24p2_102,prior_only,0.6081825251668911
qwen35-9b,g24p2_102,withheld_cf,34.66620930516286
qwen35-9b,g24p2_102,withheld_only,23.07309108679415
qwen35-9b,g24p2_102,withheld_strong,2.2432399409415336
qwen35-9b,g24p2_103,base,23.72478238091403
qwen35-9b,g24p2_103,prior_only,16.579738460038122
qwen35-9b,g24p2_103,withheld_cf,21.459500273723833
qwen35-9b,g24p2_103,withheld_only,22.46232916603822
qwen35-9b,g24p2_103,withheld_strong,8.179478314768248
qwen35-9b,g24p2_104,base,1.7082954220460311
qwen35-9b,g24p2_104,prior_only,0.8890733967148832
qwen35-9b,g24p2_104,withheld_cf,3.480311383581217
qwen35-9b,g24p2_104,withheld_only,3.9898081660988414
qwen35-9b,g24p2_104,withheld_strong,2.6552674674115675
qwen35-9b,g24p2_105,base,65.31131822660515
qwen35-9b,g24p2_105,prior_only,66.74101604947697
qwen35-9b,g24p2_105,withheld_cf,88.80305445973795
qwen35-9b,g24p2_105,withheld_only,35.78141971442745
qwen35-9b,g24p2_105,withheld_strong,38.64582716824381
qwen35-9b,g24p2_107,base,91.08983948206452
qwen35-9b,g24p2_107,prior_only,73.88680367137724
qwen35-9b,g24p2_107,withheld_cf,53.138643094118954
qwen35-9b,g24p2_107,withheld_only,7.678218758092448
qwen35-9b,g24p2_107,withheld_strong,28.77017425131946
qwen35-9b,g24p2_108,base,93.4205316594781
qwen35-9b,g24p2_108,prior_only,77.65760804490117
qwen35-9b,g24p2_108,withheld_cf,71.1418946765733
qwen35-9b,g24p2_108,withheld_only,81.73554431618894
qwen35-9b,g24p2_108,withheld_strong,71.8886734817829
qwen35-9b,g24p2_110,base,99.84331011944354
qwen35-9b,g24p2_110,prior_only,99.76968951487055
qwen35-9b,g24p2_110,withheld_cf,99.13776551878088
qwen35-9b,g24p2_110,withheld_only,98.7600914072429
qwen35-9b,g24p2_110,withheld_strong,99.41223091370928
qwen35-9b,g24p2_111,base,1.1855066273856336
qwen35-9b,g24p2_111,prior_only,2.2076539710253824
qwen35-9b,g24p2_111,withheld_cf,6.6478212247356865
qwen35-9b,g24p2_111,withheld_only,1.8464983220968074
qwen35-9b,g24p2_111,withheld_strong,3.198981220938046
qwen35-9b,g24p2_112,base,2.7744367888708705
qwen35-9b,g24p2_112,prior_only,97.65224423015178
qwen35-9b,g24p2_112,withheld_cf,20.32236298917301
qwen35-9b,g24p2_112,withheld_only,5.029862788270304
qwen35-9b,g24p2_112,withheld_strong,2.9313866338962855
qwen35-9b,g24p2_113,base,15.317267352508026
qwen35-9b,g24p2_113,prior_only,99.83391261905173
qwen35-9b,g24p2_113,withheld_cf,99.38223556426375
qwen35-9b,g24p2_113,withheld_only,98.82664903091539
qwen35-9b,g24p2_113,withheld_strong,99.33446187287686
qwen35-9b,g24p2_114,base,99.07959055805456
qwen35-9b,g24p2_114,prior_only,98.82198953790369
qwen35-9b,g24p2_114,withheld_cf,99.02526420197367
qwen35-9b,g24p2_114,withheld_only,7.79382139422716
qwen35-9b,g24p2_114,withheld_strong,99.30668473149149
qwen35-9b,g24p2_115,base,4.765569199456606
qwen35-9b,g24p2_115,prior_only,6.183666274247688
qwen35-9b,g24p2_115,withheld_cf,0.017737247443962382
qwen35-9b,g24p2_115,withheld_only,0.01939460409526042
qwen35-9b,g24p2_115,withheld_strong,0.030945888731668467
qwen35-9b,g24p2_116,base,15.67479219743184
qwen35-9b,g24p2_116,prior_only,16.551098337150904
qwen35-9b,g24p2_116,withheld_cf,3.249802820960888
qwen35-9b,g24p2_116,withheld_only,2.4817066714605645
qwen35-9b,g24p2_116,withheld_strong,19.06477164105262
qwen35-9b,g24p2_117,base,32.35714744377787
qwen35-9b,g24p2_117,prior_only,23.180005329754852
qwen35-9b,g24p2_117,withheld_cf,38.75520677329398
qwen35-9b,g24p2_117,withheld_only,9.603821012209611
qwen35-9b,g24p2_117,withheld_strong,37.30646943631015
qwen35-9b,g24p2_120,base,98.46058617080945
qwen35-9b,g24p2_120,prior_only,98.5995590165652
qwen35-9b,g24p2_120,withheld_cf,98.54806741058162
qwen35-9b,g24p2_120,withheld_only,97.78668424226693
qwen35-9b,g24p2_120,withheld_strong,98.91007446657892
qwen35-9b,g24p2_121,base,85.4610491305471
qwen35-9b,g24p2_121,prior_only,86.54304703976379
qwen35-9b,g24p2_121,withheld_cf,92.93412317834212
qwen35-9b,g24p2_121,withheld_only,86.7903290255187
qwen35-9b,g24p2_121,withheld_strong,94.8380962500614
qwen35-9b,g24p2_122,base,98.69851755475025
qwen35-9b,g24p2_122,prior_only,95.17760245287337
qwen35-9b,g24p2_122,withheld_cf,94.08153905346548
qwen35-9b,g24p2_122,withheld_only,97.99875590639635
qwen35-9b,g24p2_122,withheld_strong,7.765619369137358
qwen35-9b,g24p2_123,base,20.125677300334427
qwen35-9b,g24p2_123,prior_only,19.514848359912342
qwen35-9b,g24p2_123,withheld_cf,52.77511412182765
qwen35-9b,g24p2_123,withheld_only,25.537953504274423
qwen35-9b,g24p2_123,withheld_strong,39.83749393155167
qwen35-9b,g24p2_125,base,6.8244602762865
qwen35-9b,g24p2_125,prior_only,11.479501143043608
qwen35-9b,g24p2_125,withheld_cf,23.313867772125914
qwen35-9b,g24p2_125,withheld_only,6.92627987398324
qwen35-9b,g24p2_125,withheld_strong,19.58678535410466
qwen35-9b,g24p2_126,base,13.60490178136081
qwen35-9b,g24p2_126,prior_only,15.973674478633761
qwen35-9b,g24p2_126,withheld_cf,8.439500477700271
qwen35-9b,g24p2_126,withheld_only,7.3438581217257415
qwen35-9b,g24p2_126,withheld_strong,9.370620837018896
qwen35-9b,g24p2_128,base,99.62544180111747
qwen35-9b,g24p2_128,prior_only,99.4868274429983
qwen35-9b,g24p2_128,withheld_cf,98.78962081083587
qwen35-9b,g24p2_128,withheld_only,97.10483410272163
qwen35-9b,g24p2_128,withheld_strong,99.27043113725738
qwen35-9b,g24p2_129,base,6.916903877554436
qwen35-9b,g24p2_129,prior_only,98.7399700520553
qwen35-9b,g24p2_129,withheld_cf,99.26715609120976
qwen35-9b,g24p2_129,withheld_only,30.652126706712775
qwen35-9b,g24p2_129,withheld_strong,99.3785560119124
qwen35-9b,g24p2_130,base,14.175768299169368
qwen35-9b,g24p2_130,prior_only,6.356657401846949
qwen35-9b,g24p2_130,withheld_cf,7.110940769377644
qwen35-9b,g24p2_130,withheld_only,15.666262049033419
qwen35-9b,g24p2_130,withheld_strong,98.65596773331166
qwen35-9b,g24p2_131,base,99.57589777124849
qwen35-9b,g24p2_131,prior_only,99.31473859855399
qwen35-9b,g24p2_131,withheld_cf,97.85537323695819
qwen35-9b,g24p2_131,withheld_only,98.54509319274325
qwen35-9b,g24p2_131,withheld_strong,98.8846470193315
qwen35-9b,g24p2_132,base,1.3872310506090861
qwen35-9b,g24p2_132,prior_only,2.23228503693473
qwen35-9b,g24p2_132,withheld_cf,1.1420090022112477
qwen35-9b,g24p2_132,withheld_only,97.95118538285871
qwen35-9b,g24p2_132,withheld_strong,99.03070059233994
qwen35-9b,g24p2_133,base,99.85549332808277
qwen35-9b,g24p2_133,prior_only,99.79850539261619
qwen35-9b,g24p2_133,withheld_cf,99.01071603961508
qwen35-9b,g24p2_133,withheld_only,98.91609169647853
qwen35-9b,g24p2_133,withheld_strong,99.75258477263532
qwen35-9b,g24p2_134,base,99.16732410882864
qwen35-9b,g24p2_134,prior_only,99.60590179558697
qwen35-9b,g24p2_134,withheld_cf,99.69661758076086
qwen35-9b,g24p2_134,withheld_only,98.25273247277272
qwen35-9b,g24p2_134,withheld_strong,99.57410713683956
qwen35-9b,g24p2_135,base,0.5823227716149568
qwen35-9b,g24p2_135,prior_only,1.3107936988634732
qwen35-9b,g24p2_135,withheld_cf,2.778626882698156
qwen35-9b,g24p2_135,withheld_only,3.295171494287956
qwen35-9b,g24p2_135,withheld_strong,1.8944537704241928
qwen35-9b,g24p2_136,base,19.819684413164108
qwen35-9b,g24p2_136,prior_only,90.37887906485162
qwen35-9b,g24p2_136,withheld_cf,41.81871927553047
qwen35-9b,g24p2_136,withheld_only,27.68130961930892
qwen35-9b,g24p2_136,withheld_strong,40.144596543613865
qwen35-9b,g24p2_137,base,0.23057720193309525
qwen35-9b,g24p2_137,prior_only,0.8609778430078723
qwen35-9b,g24p2_137,withheld_cf,0.70114084902438
qwen35-9b,g24p2_137,withheld_only,0.6432986987654801
qwen35-9b,g24p2_137,withheld_strong,1.749210882732379
qwen35-9b,g24p2_138,base,97.97990975793718
qwen35-9b,g24p2_138,prior_only,99.2135284846086
qwen35-9b,g24p2_138,withheld_cf,99.35081186234831
qwen35-9b,g24p2_138,withheld_only,96.50307745092894
qwen35-9b,g24p2_138,withheld_strong,1.469903351826839
qwen35-9b,g24p2_140,base,0.07411986012328599
qwen35-9b,g24p2_140,prior_only,2.9362914639724518
qwen35-9b,g24p2_140,withheld_cf,34.5666682245039
qwen35-9b,g24p2_140,withheld_only,23.17768309776646
qwen35-9b,g24p2_140,withheld_strong,0.4488299313879036
qwen35-9b,g24p2_141,base,1.4430970282323312
qwen35-9b,g24p2_141,prior_only,1.7053491162277492
qwen35-9b,g24p2_141,withheld_cf,5.427335718398691
qwen35-9b,g24p2_141,withheld_only,1.442342930453253
qwen35-9b,g24p2_141,withheld_strong,0.9954933589654704
qwen35-9b,g24p2_142,base,0.057636222843025435
qwen35-9b,g24p2_142,prior_only,94.74960412340322
qwen35-9b,g24p2_142,withheld_cf,39.86916556783459
qwen35-9b,g24p2_142,withheld_only,23.497685933756276
qwen35-9b,g24p2_142,withheld_strong,4.630589823595375
qwen35-9b,g24p2_143,base,0.35103506138833745
qwen35-9b,g24p2_143,prior_only,1.9482927312152922
qwen35-9b,g24p2_143,withheld_cf,5.221333045956761
qwen35-9b,g24p2_143,withheld_only,2.028799188528664
qwen35-9b,g24p2_143,withheld_strong,5.531663498201708
qwen35-9b,g24p2_144,base,91.05124220747149
qwen35-9b,g24p2_144,prior_only,16.49114473077496
qwen35-9b,g24p2_144,withheld_cf,99.18926569064637
qwen35-9b,g24p2_144,withheld_only,17.756357136871745
qwen35-9b,g24p2_144,withheld_strong,30.16020914551913
qwen35-9b,g24p2_145,base,2.81107078515494
qwen35-9b,g24p2_145,prior_only,93.2907097150696
qwen35-9b,g24p2_145,withheld_cf,93.84057551959994
qwen35-9b,g24p2_145,withheld_only,43.37582510864658
qwen35-9b,g24p2_145,withheld_strong,96.9345563855702
qwen35-9b,g24p2_146,base,10.23543354273189
qwen35-9b,g24p2_146,prior_only,5.634075167398966
qwen35-9b,g24p2_146,withheld_cf,98.4862803448355
qwen35-9b,g24p2_146,withheld_only,1.1656965294475479
qwen35-9b,g24p2_146,withheld_strong,12.669070701356905
qwen35-9b,g24p2_147,base,98.93288893046683
qwen35-9b,g24p2_147,prior_only,97.62499204297522
qwen35-9b,g24p2_147,withheld_cf,96.56770856150948
qwen35-9b,g24p2_147,withheld_only,98.44906798921687
qwen35-9b,g24p2_147,withheld_strong,98.89277642770335
qwen35-9b,g24p2_148,base,11.299673707813064
qwen35-9b,g24p2_148,prior_only,99.39707728576624
qwen35-9b,g24p2_148,withheld_cf,96.32912997266364
qwen35-9b,g24p2_148,withheld_only,1.8490860891206111
qwen35-9b,g24p2_148,withheld_strong,97.14999547398806
qwen35-9b,g24p2_149,base,9.386807031934836
qwen35-9b,g24p2_149,prior_only,8.308575776284648
qwen35-9b,g24p2_149,withheld_cf,9.524104805726118
qwen35-9b,g24p2_149,withheld_only,8.813640974735947
qwen35-9b,g24p2_149,withheld_strong,11.068523207914517
qwen35-9b,g24p2_150,base,5.730581245457881
qwen35-9b,g24p2_150,prior_only,0.0036664158745080295
qwen35-9b,g24p2_150,withheld_cf,19.82976132214312
qwen35-9b,g24p2_150,withheld_only,27.100204045471905
qwen35-9b,g24p2_150,withheld_strong,0.8699535142098818
qwen35-9b,g24p2_153,base,28.60092175659377
qwen35-9b,g24p2_153,prior_only,22.293006427108484
qwen35-9b,g24p2_153,withheld_cf,1.7358074860428532
qwen35-9b,g24p2_153,withheld_only,47.07179818502446
qwen35-9b,g24p2_153,withheld_strong,3.609962762098679
qwen35-9b,g24p2_154,base,97.65199256533953
qwen35-9b,g24p2_154,prior_only,5.2700244514113805
qwen35-9b,g24p2_154,withheld_cf,98.65474105886875
qwen35-9b,g24p2_154,withheld_only,96.74203891343733
qwen35-9b,g24p2_154,withheld_strong,98.38502796004323
qwen35-9b,g24p2_156,base,99.58256137131917
qwen35-9b,g24p2_156,prior_only,99.45442638322419
qwen35-9b,g24p2_156,withheld_cf,99.2621994396681
qwen35-9b,g24p2_156,withheld_only,98.66252392025086
qwen35-9b,g24p2_156,withheld_strong,99.41468422977532
qwen35-9b,g24p2_158,base,0.3700579236321834
qwen35-9b,g24p2_158,prior_only,1.9491497626250736
qwen35-9b,g24p2_158,withheld_cf,1.547477051032274
qwen35-9b,g24p2_158,withheld_only,3.0316560809728914
qwen35-9b,g24p2_158,withheld_strong,2.6041866136215974
qwen35-9b,g24p2_159,base,34.540717610253324
qwen35-9b,g24p2_159,prior_only,23.771029951127215
qwen35-9b,g24p2_159,withheld_cf,99.20709784114923
qwen35-9b,g24p2_159,withheld_only,41.50141930500999
qwen35-9b,g24p2_159,withheld_strong,99.25405716840277
qwen35-9b,g24p2_160,base,97.68691924291187
qwen35-9b,g24p2_160,prior_only,98.0052567595666
qwen35-9b,g24p2_160,withheld_cf,99.24261537891795
qwen35-9b,g24p2_160,withheld_only,96.91534770078448
qwen35-9b,g24p2_160,withheld_strong,99.43589091307103
qwen35-9b,g24p2_161,base,3.9947451263346263
qwen35-9b,g24p2_161,prior_only,10.960445849584111
qwen35-9b,g24p2_161,withheld_cf,10.146495950155726
qwen35-9b,g24p2_161,withheld_only,6.505316525271506
qwen35-9b,g24p2_161,withheld_strong,7.1542310371512166
qwen35-9b,g24p2_163,base,14.116716883505328
qwen35-9b,g24p2_163,prior_only,95.96885144459571
qwen35-9b,g24p2_163,withheld_cf,96.02412872135403
qwen35-9b,g24p2_163,withheld_only,13.569255828708908
qwen35-9b,g24p2_163,withheld_strong,97.62650861117699
qwen35-9b,g24p2_164,base,13.362896633848658
qwen35-9b,g24p2_164,prior_only,16.32428217834304
qwen35-9b,g24p2_164,withheld_cf,12.111382704993026
qwen35-9b,g24p2_164,withheld_only,13.605201981213066
qwen35-9b,g24p2_164,withheld_strong,14.270869480917494
qwen35-9b,g24p2_165,base,4.455108746116813
qwen35-9b,g24p2_165,prior_only,0.38434828854511477
qwen35-9b,g24p2_165,withheld_cf,16.380808120576965
qwen35-9b,g24p2_165,withheld_only,15.012565358406018
qwen35-9b,g24p2_165,withheld_strong,43.06975621635545
qwen35-9b,g24p2_167,base,27.80806148801499
qwen35-9b,g24p2_167,prior_only,29.617607244154115
qwen35-9b,g24p2_167,withheld_cf,11.522814721409851
qwen35-9b,g24p2_167,withheld_only,22.770727324921253
qwen35-9b,g24p2_167,withheld_strong,37.771113474985384
qwen35-9b,g24p2_169,base,0.6205673916570736
qwen35-9b,g24p2_169,prior_only,97.39119140446135
qwen35-9b,g24p2_169,withheld_cf,97.196007537362
qwen35-9b,g24p2_169,withheld_only,96.96661549437933
qwen35-9b,g24p2_169,withheld_strong,1.393676114288205
qwen35-9b,g24p2_170,base,0.6635823439799027
qwen35-9b,g24p2_170,prior_only,2.247286038242942
qwen35-9b,g24p2_170,withheld_cf,1.0460854943125288
qwen35-9b,g24p2_170,withheld_only,14.87796594030948
qwen35-9b,g24p2_170,withheld_strong,6.011890929033048
qwen35-9b,g24p2_171,base,1.3097445979324953
qwen35-9b,g24p2_171,prior_only,99.09946668753159
qwen35-9b,g24p2_171,withheld_cf,97.16819111597249
qwen35-9b,g24p2_171,withheld_only,0.34204233342018014
qwen35-9b,g24p2_171,withheld_strong,97.89933119417128
qwen35-9b,g24p2_172,base,17.016867687277326
qwen35-9b,g24p2_172,prior_only,3.3830744296668134
qwen35-9b,g24p2_172,withheld_cf,97.8108172335357
qwen35-9b,g24p2_172,withheld_only,92.7764678269005
qwen35-9b,g24p2_172,withheld_strong,97.44546019868599
qwen35-9b,g24p2_174,base,20.914855098266177
qwen35-9b,g24p2_174,prior_only,27.497334448632234
qwen35-9b,g24p2_174,withheld_cf,12.885541247233537
qwen35-9b,g24p2_174,withheld_only,96.48974138825956
qwen35-9b,g24p2_174,withheld_strong,20.383360623042698
qwen35-9b,g24p2_175,base,98.28044392006697
qwen35-9b,g24p2_175,prior_only,99.19493054628542
qwen35-9b,g24p2_175,withheld_cf,98.58450847263838
qwen35-9b,g24p2_175,withheld_only,97.02474722345211
qwen35-9b,g24p2_175,withheld_strong,99.64193527112458
qwen35-9b,g24p2_176,base,99.90388892811768
qwen35-9b,g24p2_176,prior_only,99.90434472817928
qwen35-9b,g24p2_176,withheld_cf,99.88251531024916
qwen35-9b,g24p2_176,withheld_only,99.66378028478178
qwen35-9b,g24p2_176,withheld_strong,99.79624098738721
qwen35-9b,g24p2_177,base,97.60700977069133
qwen35-9b,g24p2_177,prior_only,98.74084439841437
qwen35-9b,g24p2_177,withheld_cf,99.29376836259793
qwen35-9b,g24p2_177,withheld_only,98.75902153567878
qwen35-9b,g24p2_177,withheld_strong,99.42310173763914
qwen35-9b,g24p2_178,base,3.2148547429288876
qwen35-9b,g24p2_178,prior_only,98.90945618444867
qwen35-9b,g24p2_178,withheld_cf,2.861567507920734
qwen35-9b,g24p2_178,withheld_only,5.212272842881257
qwen35-9b,g24p2_178,withheld_strong,98.91506048788084
qwen35-9b,g24p2_179,base,16.977200768155438
qwen35-9b,g24p2_179,prior_only,17.650099105724568
qwen35-9b,g24p2_179,withheld_cf,45.850271053924565
qwen35-9b,g24p2_179,withheld_only,23.22031714303112
qwen35-9b,g24p2_179,withheld_strong,39.929528181634055
qwen35-9b,g24p2_180,base,9.779284491971492
qwen35-9b,g24p2_180,prior_only,98.34822760365154
qwen35-9b,g24p2_180,withheld_cf,97.41882586642846
qwen35-9b,g24p2_180,withheld_only,94.84344998033865
qwen35-9b,g24p2_180,withheld_strong,98.5471657872381
qwen35-9b,g24p2_181,base,0.6616513139873713
qwen35-9b,g24p2_181,prior_only,3.5125545610471374
qwen35-9b,g24p2_181,withheld_cf,0.6348745948152177
qwen35-9b,g24p2_181,withheld_only,1.9180372035863635
qwen35-9b,g24p2_181,withheld_strong,0.896687940913212
qwen35-9b,g24p2_184,base,0.26663667538603286
qwen35-9b,g24p2_184,prior_only,0.2759112367481493
qwen35-9b,g24p2_184,withheld_cf,2.5487971835788445
qwen35-9b,g24p2_184,withheld_only,0.02435847483652365
qwen35-9b,g24p2_184,withheld_strong,5.001881540237071
qwen35-9b,g24p2_185,base,99.1169412748384
qwen35-9b,g24p2_185,prior_only,99.98804726754555
qwen35-9b,g24p2_185,withheld_cf,46.87656997536145
qwen35-9b,g24p2_185,withheld_only,36.1715961389648
qwen35-9b,g24p2_185,withheld_strong,40.819411735434
qwen35-9b,g24p2_186,base,97.8728587523597
qwen35-9b,g24p2_186,prior_only,97.21467517069156
qwen35-9b,g24p2_186,withheld_cf,94.71830981105603
qwen35-9b,g24p2_186,withheld_only,95.79786283344521
qwen35-9b,g24p2_186,withheld_strong,98.39956982284005
qwen35-9b,g24p2_187,base,14.915341590016531
qwen35-9b,g24p2_187,prior_only,17.860448312897965
qwen35-9b,g24p2_187,withheld_cf,42.47250437061211
qwen35-9b,g24p2_187,withheld_only,15.135011223792013
qwen35-9b,g24p2_187,withheld_strong,41.25330214993951
qwen35-9b,g24p2_189,base,98.35215191652921
qwen35-9b,g24p2_189,prior_only,97.77766685949548
qwen35-9b,g24p2_189,withheld_cf,97.0624243817875
qwen35-9b,g24p2_189,withheld_only,96.74032499303927
qwen35-9b,g24p2_189,withheld_strong,97.90139928972063
qwen35-9b,g24p2_190,base,4.013591007591879
qwen35-9b,g24p2_190,prior_only,97.20714807635555
qwen35-9b,g24p2_190,withheld_cf,96.0146113753766
qwen35-9b,g24p2_190,withheld_only,97.40615234869392
qwen35-9b,g24p2_190,withheld_strong,96.84239140787327
qwen35-9b,g24p2_191,base,8.121186819409226
qwen35-9b,g24p2_191,prior_only,8.832911109487863
qwen35-9b,g24p2_191,withheld_cf,16.606705088059677
qwen35-9b,g24p2_191,withheld_only,34.50139913169588
qwen35-9b,g24p2_191,withheld_strong,9.41661889296002
qwen35-9b,g24p2_192,base,0.8715317709097629
qwen35-9b,g24p2_192,prior_only,97.64116993886573
qwen35-9b,g24p2_192,withheld_cf,96.94161803407749
qwen35-9b,g24p2_192,withheld_only,43.06582607788128
qwen35-9b,g24p2_192,withheld_strong,40.14232151496771
qwen35-9b,g24p2_193,base,98.58189127273053
qwen35-9b,g24p2_193,prior_only,97.87173378876773
qwen35-9b,g24p2_193,withheld_cf,96.50581650743878
qwen35-9b,g24p2_193,withheld_only,97.22586362773173
qwen35-9b,g24p2_193,withheld_strong,96.80882113279154
qwen35-9b,g24p2_194,base,21.16694728452561
qwen35-9b,g24p2_194,prior_only,22.530263670279247
qwen35-9b,g24p2_194,withheld_cf,2.057075278522754
qwen35-9b,g24p2_194,withheld_only,12.313190230263062
qwen35-9b,g24p2_194,withheld_strong,1.830127028630066
qwen35-9b,g24p2_196,base,1.677306474476787
qwen35-9b,g24p2_196,prior_only,0.5496854394188164
qwen35-9b,g24p2_196,withheld_cf,35.4358521959153
qwen35-9b,g24p2_196,withheld_only,25.283207732938806
qwen35-9b,g24p2_196,withheld_strong,0.35150076868500324
qwen35-9b,g24p2_198,base,2.290749854690383
qwen35-9b,g24p2_198,prior_only,4.765933677318277
qwen35-9b,g24p2_198,withheld_cf,4.155028399288058
qwen35-9b,g24p2_198,withheld_only,3.6948233853859835
qwen35-9b,g24p2_198,withheld_strong,3.838425565343837
qwen35-9b,g24p2_200,base,97.78059672896364
qwen35-9b,g24p2_200,prior_only,78.18263794700204
qwen35-9b,g24p2_200,withheld_cf,97.74918201074227
qwen35-9b,g24p2_200,withheld_only,17.67618287860882
qwen35-9b,g24p2_200,withheld_strong,13.570189651957017
qwen35-9b,g24p2_201,base,0.12155433315567883
qwen35-9b,g24p2_201,prior_only,0.1948061535056596
qwen35-9b,g24p2_201,withheld_cf,0.4246715326153556
qwen35-9b,g24p2_201,withheld_only,0.17233899958813229
qwen35-9b,g24p2_201,withheld_strong,0.6566637361357502
qwen35-9b,g24p2_202,base,0.121352970551005
qwen35-9b,g24p2_202,prior_only,0.07604535773903431
qwen35-9b,g24p2_202,withheld_cf,0.011718823080465268
qwen35-9b,g24p2_202,withheld_only,7.938788594737158
qwen35-9b,g24p2_202,withheld_strong,0.9569124591476655
qwen35-9b,g24p2_203,base,56.13854918313169
qwen35-9b,g24p2_203,prior_only,56.205477786513
qwen35-9b,g24p2_203,withheld_cf,55.02221488050725
qwen35-9b,g24p2_203,withheld_only,28.48466284290639
qwen35-9b,g24p2_203,withheld_strong,42.27402375705657
qwen35-9b,g24p2_204,base,99.41266740245997
qwen35-9b,g24p2_204,prior_only,99.16266751289942
qwen35-9b,g24p2_204,withheld_cf,98.92617354354891
qwen35-9b,g24p2_204,withheld_only,98.79019172532644
qwen35-9b,g24p2_204,withheld_strong,99.50858689358874
qwen35-9b,g24p2_207,base,43.02169283464607
qwen35-9b,g24p2_207,prior_only,49.49401092302887
qwen35-9b,g24p2_207,withheld_cf,41.85071219539489
qwen35-9b,g24p2_207,withheld_only,50.66513485971928
qwen35-9b,g24p2_207,withheld_strong,61.25743184856143
qwen35-9b,g24p2_208,base,20.86868685088704
qwen35-9b,g24p2_208,prior_only,23.019057116734114
qwen35-9b,g24p2_208,withheld_cf,34.25148458243271
qwen35-9b,g24p2_208,withheld_only,98.3066094009198
qwen35-9b,g24p2_208,withheld_strong,99.36803253776424
qwen35-9b,g24p2_211,base,1.2827652132755492
qwen35-9b,g24p2_211,prior_only,0.0953657088721082
qwen35-9b,g24p2_211,withheld_cf,0.4114442472857221
qwen35-9b,g24p2_211,withheld_only,0.061219099183838596
qwen35-9b,g24p2_211,withheld_strong,0.15623914204569384
qwen35-9b,g24p2_213,base,0.7646943225039144
qwen35-9b,g24p2_213,prior_only,93.80544280741154
qwen35-9b,g24p2_213,withheld_cf,35.414967273657105
qwen35-9b,g24p2_213,withheld_only,26.33030093827644
qwen35-9b,g24p2_213,withheld_strong,1.8375593978964835
qwen35-9b,g24p2_214,base,0.1695071888829688
qwen35-9b,g24p2_214,prior_only,0.1658751534420887
qwen35-9b,g24p2_214,withheld_cf,1.4629209028775167
qwen35-9b,g24p2_214,withheld_only,0.258478082709081
qwen35-9b,g24p2_214,withheld_strong,0.9581475321169894
qwen35-9b,g24p2_215,base,40.26607399041612
qwen35-9b,g24p2_215,prior_only,28.246386079578464
qwen35-9b,g24p2_215,withheld_cf,23.692311904871538
qwen35-9b,g24p2_215,withheld_only,29.68233277071406
qwen35-9b,g24p2_215,withheld_strong,43.553702313829824
qwen35-9b,g24p2_216,base,87.22953500161118
qwen35-9b,g24p2_216,prior_only,87.58136414971092
qwen35-9b,g24p2_216,withheld_cf,86.0384352752118
qwen35-9b,g24p2_216,withheld_only,96.07875550217555
qwen35-9b,g24p2_216,withheld_strong,96.55375319092109
qwen35-9b,g24p2_217,base,95.55674685035056
qwen35-9b,g24p2_217,prior_only,80.69131769009425
qwen35-9b,g24p2_217,withheld_cf,34.58996070321289
qwen35-9b,g24p2_217,withheld_only,98.16220582738809
qwen35-9b,g24p2_217,withheld_strong,98.81239708213462
qwen35-9b,g24p2_218,base,4.640874897274422
qwen35-9b,g24p2_218,prior_only,18.87970793436982
qwen35-9b,g24p2_218,withheld_cf,26.17653238023437
qwen35-9b,g24p2_218,withheld_only,21.80629406812728
qwen35-9b,g24p2_218,withheld_strong,6.646240056751818
qwen35-9b,g24p2_219,base,5.215371155165229
qwen35-9b,g24p2_219,prior_only,90.93900022650774
qwen35-9b,g24p2_219,withheld_cf,44.14195601587581
qwen35-9b,g24p2_219,withheld_only,23.384687873455942
qwen35-9b,g24p2_219,withheld_strong,13.50110847047877
qwen35-9b,g24p2_220,base,0.0828993199931091
qwen35-9b,g24p2_220,prior_only,0.1224644309023391
qwen35-9b,g24p2_220,withheld_cf,0.19814789166132457
qwen35-9b,g24p2_220,withheld_only,0.15017309310100577
qwen35-9b,g24p2_220,withheld_strong,0.5109746726598531
qwen35-9b,g24p2_223,base,0.17459303541057536
qwen35-9b,g24p2_223,prior_only,3.8572937954182915
qwen35-9b,g24p2_223,withheld_cf,3.6972820400494086
qwen35-9b,g24p2_223,withheld_only,24.85483754149911
qwen35-9b,g24p2_223,withheld_strong,0.5617683770284289
qwen35-9b,g24p2_224,base,0.030556936650983538
qwen35-9b,g24p2_224,prior_only,0.0019367263667983549
qwen35-9b,g24p2_224,withheld_cf,5.144924007694105
qwen35-9b,g24p2_224,withheld_only,1.5300894739555084
qwen35-9b,g24p2_224,withheld_strong,1.8293460348696868
qwen35-9b,g24p2_225,base,99.32430479047693
qwen35-9b,g24p2_225,prior_only,97.98461074523567
qwen35-9b,g24p2_225,withheld_cf,0.8966563313026453
qwen35-9b,g24p2_225,withheld_only,0.7283999358834139
qwen35-9b,g24p2_225,withheld_strong,2.1625775995902874
qwen35-9b,g24p2_227,base,15.319921666838518
qwen35-9b,g24p2_227,prior_only,99.29746950681775
qwen35-9b,g24p2_227,withheld_cf,7.653942308700779
qwen35-9b,g24p2_227,withheld_only,98.29440342994363
qwen35-9b,g24p2_227,withheld_strong,99.38967229649847
qwen35-9b,g24p2_228,base,93.34374632580818
qwen35-9b,g24p2_228,prior_only,92.78935006153067
qwen35-9b,g24p2_228,withheld_cf,1.4688784010590727
qwen35-9b,g24p2_228,withheld_only,97.28974670373901
qwen35-9b,g24p2_228,withheld_strong,98.33627848200638
qwen35-9b,g24p2_230,base,0.13799575893966884
qwen35-9b,g24p2_230,prior_only,0.2799433842500102
qwen35-9b,g24p2_230,withheld_cf,94.88897465892215
qwen35-9b,g24p2_230,withheld_only,98.06076543804865
qwen35-9b,g24p2_230,withheld_strong,94.0560090874668
qwen35-9b,g24p2_231,base,98.33276280635437
qwen35-9b,g24p2_231,prior_only,96.95456581154582
qwen35-9b,g24p2_231,withheld_cf,96.2436345384487
qwen35-9b,g24p2_231,withheld_only,97.04835030761834
qwen35-9b,g24p2_231,withheld_strong,99.32080378786974
qwen35-9b,g24p2_232,base,29.712823296557744
qwen35-9b,g24p2_232,prior_only,4.808826254156191
qwen35-9b,g24p2_232,withheld_cf,46.65550455780684
qwen35-9b,g24p2_232,withheld_only,35.247407029963945
qwen35-9b,g24p2_232,withheld_strong,37.663027353405795
qwen35-9b,g24p2_233,base,98.7127081208274
qwen35-9b,g24p2_233,prior_only,99.62685874033451
qwen35-9b,g24p2_233,withheld_cf,99.73684065016369
qwen35-9b,g24p2_233,withheld_only,98.72403648800518
qwen35-9b,g24p2_233,withheld_strong,99.71730584141507
qwen35-9b,g24p2_234,base,44.04427662980558
qwen35-9b,g24p2_234,prior_only,40.12908602472825
qwen35-9b,g24p2_234,withheld_cf,53.04952097242939
qwen35-9b,g24p2_234,withheld_only,27.00220806759929
qwen35-9b,g24p2_234,withheld_strong,6.961838200892949
qwen35-9b,g24p2_235,base,97.45911736174823
qwen35-9b,g24p2_235,prior_only,94.25123872687453
qwen35-9b,g24p2_235,withheld_cf,3.7976998271087195
qwen35-9b,g24p2_235,withheld_only,96.89263317132787
qwen35-9b,g24p2_235,withheld_strong,97.98266356820002
qwen35-9b,g24p2_237,base,27.150889724501205
qwen35-9b,g24p2_237,prior_only,98.83540448392009
qwen35-9b,g24p2_237,withheld_cf,45.78948115637718
qwen35-9b,g24p2_237,withheld_only,30.0340645491163
qwen35-9b,g24p2_237,withheld_strong,43.21027227639273
qwen35-9b,g24p2_238,base,83.53961073600298
qwen35-9b,g24p2_238,prior_only,73.74174896905308
qwen35-9b,g24p2_238,withheld_cf,97.80697721391947
qwen35-9b,g24p2_238,withheld_only,78.14798678975723
qwen35-9b,g24p2_238,withheld_strong,96.41137502028768
qwen35-9b,g24p2_239,base,5.965797525770176
qwen35-9b,g24p2_239,prior_only,98.67399109293805
qwen35-9b,g24p2_239,withheld_cf,4.504783325392309
qwen35-9b,g24p2_239,withheld_only,6.6106093046230265
qwen35-9b,g24p2_239,withheld_strong,6.162375497459299
qwen35-9b,g24p2_240,base,0.8694056474166946
qwen35-9b,g24p2_240,prior_only,2.4826036212973053
qwen35-9b,g24p2_240,withheld_cf,0.8984997162592089
qwen35-9b,g24p2_240,withheld_only,3.545194594615512
qwen35-9b,g24p2_240,withheld_strong,3.0904159835993243
qwen35-9b,g24p2_242,base,94.01030425290773
qwen35-9b,g24p2_242,prior_only,93.07456340115976
qwen35-9b,g24p2_242,withheld_cf,48.69998148172582
qwen35-9b,g24p2_242,withheld_only,41.30341691087923
qwen35-9b,g24p2_242,withheld_strong,44.65214882080838
qwen35-9b,g24p2_245,base,98.72844943703096
qwen35-9b,g24p2_245,prior_only,99.0951585097247
qwen35-9b,g24p2_245,withheld_cf,98.73168096045555
qwen35-9b,g24p2_245,withheld_only,98.4942295601589
qwen35-9b,g24p2_245,withheld_strong,98.78418921610682
qwen35-9b,g24p2_246,base,1.72442165355188
qwen35-9b,g24p2_246,prior_only,7.351442186464821
qwen35-9b,g24p2_246,withheld_cf,44.11240213289177
qwen35-9b,g24p2_246,withheld_only,34.530446193220186
qwen35-9b,g24p2_246,withheld_strong,32.39371612806823
qwen35-9b,g24p2_247,base,99.48680740275934
qwen35-9b,g24p2_247,prior_only,99.29592809047296
qwen35-9b,g24p2_247,withheld_cf,98.55608498496625
qwen35-9b,g24p2_247,withheld_only,98.71744444025735
qwen35-9b,g24p2_247,withheld_strong,99.47305444357971
qwen35-9b,g24p2_248,base,2.3039012740178624
qwen35-9b,g24p2_248,prior_only,6.020391204334374
qwen35-9b,g24p2_248,withheld_cf,49.21263407096171
qwen35-9b,g24p2_248,withheld_only,29.30296696635602
qwen35-9b,g24p2_248,withheld_strong,21.875029137580277
qwen35-9b,g24p2_250,base,2.9670403592720374
qwen35-9b,g24p2_250,prior_only,21.9971247794648
qwen35-9b,g24p2_250,withheld_cf,0.06459867616011485
qwen35-9b,g24p2_250,withheld_only,16.202976275109286
qwen35-9b,g24p2_250,withheld_strong,36.00069111920931
qwen35-9b,g24p2_252,base,20.475941910337514
qwen35-9b,g24p2_252,prior_only,23.817370684222723
qwen35-9b,g24p2_252,withheld_cf,25.015225267304128
qwen35-9b,g24p2_252,withheld_only,32.36382434291976
qwen35-9b,g24p2_252,withheld_strong,43.89411709156644
qwen35-9b,g24p2_254,base,81.67279573181096
qwen35-9b,g24p2_254,prior_only,85.49640468456863
qwen35-9b,g24p2_254,withheld_cf,42.71467488513476
qwen35-9b,g24p2_254,withheld_only,37.97445652344142
qwen35-9b,g24p2_254,withheld_strong,50.18687877357473
qwen35-9b,g24p2_255,base,99.52438350716284
qwen35-9b,g24p2_255,prior_only,99.51193412594506
qwen35-9b,g24p2_255,withheld_cf,98.72693677284441
qwen35-9b,g24p2_255,withheld_only,98.92309952885365
qwen35-9b,g24p2_255,withheld_strong,98.85083725757823
qwen35-9b,g24p2_258,base,4.41065942511538
qwen35-9b,g24p2_258,prior_only,97.52361365301823
qwen35-9b,g24p2_258,withheld_cf,98.0310609989998
qwen35-9b,g24p2_258,withheld_only,27.066772853666624
qwen35-9b,g24p2_258,withheld_strong,7.158321435990053
qwen35-9b,g24p2_259,base,0.4252654606315413
qwen35-9b,g24p2_259,prior_only,4.807470358675515
qwen35-9b,g24p2_259,withheld_cf,38.88049467758131
qwen35-9b,g24p2_259,withheld_only,25.80552410649587
qwen35-9b,g24p2_259,withheld_strong,42.314063419099256
qwen35-9b,g24p2_260,base,2.894032269072977
qwen35-9b,g24p2_260,prior_only,0.023794403065935738
qwen35-9b,g24p2_260,withheld_cf,47.19990112223552
qwen35-9b,g24p2_260,withheld_only,27.056159782714822
qwen35-9b,g24p2_260,withheld_strong,33.21943630041174
qwen35-9b,g24p2_261,base,11.300547135944038
qwen35-9b,g24p2_261,prior_only,33.48610547179889
qwen35-9b,g24p2_261,withheld_cf,7.805140388106829
qwen35-9b,g24p2_261,withheld_only,25.868779565770282
qwen35-9b,g24p2_261,withheld_strong,39.9178293174639
