model,item_id,kind,direction,value
gemma3-12b,g24a_fever_100683,admit_post,-1,0.04535979300046118
gemma3-12b,g24a_fever_100683,admit_pre,-1,0.2553301894288184
gemma3-12b,g24a_fever_100683,base,-1,0.0003623875235649274
gemma3-12b,g24a_fever_100683,exclude_post,-1,0.0012523090908395417
gemma3-12b,g24a_fever_100683,exclude_pre,-1,0.0621367100690592
gemma3-12b,g24a_fever_100684,admit_post,1,99.99930583092325
gemma3-12b,g24a_fever_100684,admit_pre,1,99.99624604122661
gemma3-12b,g24a_fever_100684,base,1,99.999874958463
gemma3-12b,g24a_fever_100684,exclude_post,1,77.81335251529596
gemma3-12b,g24a_fever_100684,exclude_pre,1,88.83241015806456
gemma3-12b,g24a_fever_100832,admit_post,1,99.99987945522207
gemma3-12b,g24a_fever_100832,admit_pre,1,99.9997152708126
gemma3-12b,g24a_fever_100832,base,1,99.99928463197273
gemma3-12b,g24a_fever_100832,exclude_post,1,56.54377778822854
gemma3-12b,g24a_fever_100832,exclude_pre,1,55.51258673653092
gemma3-12b,g24a_fever_101027,admit_post,1,99.74469206738848
gemma3-12b,g24a_fever_101027,admit_pre,1,99.99973033173794
gemma3-12b,g24a_fever_101027,base,1,99.99822618725491
gemma3-12b,g24a_fever_101027,exclude_post,1,97.47535443163247
gemma3-12b,g24a_fever_101027,exclude_pre,1,99.98617594155259
gemma3-12b,g24a_fever_101062,admit_post,-1,3.0428428753062156e-06
gemma3-12b,g24a_fever_101062,admit_pre,-1,1.227076070736514e-05
gemma3-12b,g24a_fever_101062,base,-1,5.8364686788728505e-06
gemma3-12b,g24a_fever_101062,exclude_post,-1,9.014764287594879e-06
gemma3-12b,g24a_fever_101062,exclude_pre,-1,0.00010259553881904489
gemma3-12b,g24a_fever_101322,admit_post,-1,0.003730610666649155
gemma3-12b,g24a_fever_101322,admit_pre,-1,0.0009429237975906751
gemma3-12b,g24a_fever_101322,base,-1,0.021412901214700478
gemma3-12b,g24a_fever_101322,exclude_post,-1,0.010138035701407025
gemma3-12b,g24a_fever_101322,exclude_pre,-1,0.024280503090849368
gemma3-12b,g24a_fever_102352,admit_post,1,99.99985921823624
gemma3-12b,g24a_fever_102352,admit_pre,1,99.99981990440448
gemma3-12b,g24a_fever_102352,base,1,99.99883468253331
gemma3-12b,g24a_fever_102352,exclude_post,1,99.7445556012171
gemma3-12b,g24a_fever_102352,exclude_pre,1,99.98841985013632
gemma3-12b,g24a_fever_102913,admit_post,-1,1.3530263628396498e-05
gemma3-12b,g24a_fever_102913,admit_pre,-1,3.6770980893271855e-05
gemma3-12b,g24a_fever_102913,base,-1,5.6573248177472895e-06
gemma3-12b,g24a_fever_102913,exclude_post,-1,2.3907948104107873e-06
gemma3-12b,g24a_fever_102913,exclude_pre,-1,5.01650611067596e-06
gemma3-12b,g24a_fever_10379,admit_post,-1,1.982307944587137
gemma3-12b,g24a_fever_10379,admit_pre,-1,0.0007005222928327994
gemma3-12b,g24a_fever_10379,base,-1,0.05640675085627031
gemma3-12b,g24a_fever_10379,exclude_post,-1,55.555625243762194
gemma3-12b,g24a_fever_10379,exclude_pre,-1,85.8794868431778
gemma3-12b,g24a_fever_104221,admit_post,1,99.99986089266912
gemma3-12b,g24a_fever_104221,admit_pre,1,99.9995618552885
gemma3-12b,g24a_fever_104221,base,1,99.99831125359731
gemma3-12b,g24a_fever_104221,exclude_post,1,99.58495884670656
gemma3-12b,g24a_fever_104221,exclude_pre,1,99.99963535214077
gemma3-12b,g24a_fever_10451,admit_post,1,99.67430612851585
gemma3-12b,g24a_fever_10451,admit_pre,1,99.97858741962828
gemma3-12b,g24a_fever_10451,base,1,99.99626958007731
gemma3-12b,g24a_fever_10451,exclude_post,1,66.47257224259488
gemma3-12b,g24a_fever_10451,exclude_pre,1,88.56560801063436
gemma3-12b,g24a_fever_105526,admit_post,-1,1.8763215171357245e-06
gemma3-12b,g24a_fever_105526,admit_pre,-1,8.29702693578074e-06
gemma3-12b,g24a_fever_105526,base,-1,22.250808628321277
gemma3-12b,g24a_fever_105526,exclude_post,-1,1.3817456533357937e-05
gemma3-12b,g24a_fever_105526,exclude_pre,-1,0.8613854655375183
gemma3-12b,g24a_fever_105813,admit_post,-1,21.58518525693004
gemma3-12b,g24a_fever_105813,admit_pre,-1,78.10093098846686
gemma3-12b,g24a_fever_105813,base,-1,88.91632098786054
gemma3-12b,g24a_fever_105813,exclude_post,-1,54.76307796496886
gemma3-12b,g24a_fever_105813,exclude_pre,-1,55.65001771657995
gemma3-12b,g24a_fever_105835,admit_post,1,96.43531749407455
gemma3-12b,g24a_fever_105835,admit_pre,1,98.67552202420963
gemma3-12b,g24a_fever_105835,base,1,0.0033669860904556393
gemma3-12b,g24a_fever_105835,exclude_post,1,55.490039600944804
gemma3-12b,g24a_fever_105835,exclude_pre,1,55.49552401254448
gemma3-12b,g24a_fever_106404,admit_post,1,88.88278314360244
gemma3-12b,g24a_fever_106404,admit_pre,1,88.882806657465
gemma3-12b,g24a_fever_106404,base,1,44.374879156828754
gemma3-12b,g24a_fever_106404,exclude_post,1,63.062675098415234
gemma3-12b,g24a_fever_106404,exclude_pre,1,66.63650876402127
gemma3-12b,g24a_fever_107503,admit_post,-1,9.966792040703686e-05
gemma3-12b,g24a_fever_107503,admit_pre,-1,0.002569752174373274
gemma3-12b,g24a_fever_107503,base,-1,11.122738531370613
gemma3-12b,g24a_fever_107503,exclude_post,-1,0.005427371776324258
gemma3-12b,g24a_fever_107503,exclude_pre,-1,0.02141850145780503
gemma3-12b,g24a_fever_107654,admit_post,-1,0.0012105280059262018
gemma3-12b,g24a_fever_107654,admit_pre,-1,1.7387582261606495e-05
gemma3-12b,g24a_fever_107654,base,-1,0.00018641531263920673
gemma3-12b,g24a_fever_107654,exclude_post,-1,1.0004798743601424
gemma3-12b,g24a_fever_107654,exclude_pre,-1,2.5669349615153243e-06
gemma3-12b,g24a_fever_108107,admit_post,-1,0.25530894469546406
gemma3-12b,g24a_fever_108107,admit_pre,-1,0.0009435728872013338
gemma3-12b,g24a_fever_108107,base,-1,10.44356919172779
gemma3-12b,g24a_fever_108107,exclude_post,-1,0.5270146831363725
gemma3-12b,g24a_fever_108107,exclude_pre,-1,55.510044756029544
gemma3-12b,g24a_fever_108772,admit_post,1,99.99979140059084
gemma3-12b,g24a_fever_108772,admit_pre,1,99.99982620500681
gemma3-12b,g24a_fever_108772,base,1,99.99683943813822
gemma3-12b,g24a_fever_108772,exclude_post,1,42.893047198728524
gemma3-12b,g24a_fever_108772,exclude_pre,1,99.97695029790312
gemma3-12b,g24a_fever_108894,admit_post,-1,61.58916015255881
gemma3-12b,g24a_fever_108894,admit_pre,-1,0.01197293624450659
gemma3-12b,g24a_fever_108894,base,-1,21.91847419838577
gemma3-12b,g24a_fever_108894,exclude_post,-1,55.523401344691344
gemma3-12b,g24a_fever_108894,exclude_pre,-1,55.54462080133068
gemma3-12b,g24a_fever_109293,admit_post,-1,5.017001273983452e-06
gemma3-12b,g24a_fever_109293,admit_pre,-1,9.374100663749413e-06
gemma3-12b,g24a_fever_109293,base,-1,1.191477676586601e-05
gemma3-12b,g24a_fever_109293,exclude_post,-1,5.244694062855901e-06
gemma3-12b,g24a_fever_109293,exclude_pre,-1,2.5906574451415234e-05
gemma3-12b,g24a_fever_10947,admit_post,1,99.99384716727347
gemma3-12b,g24a_fever_10947,admit_pre,1,99.99883664767637
gemma3-12b,g24a_fever_10947,base,1,99.47293555415959
gemma3-12b,g24a_fever_10947,exclude_post,1,53.51022200117518
gemma3-12b,g24a_fever_10947,exclude_pre,1,55.40700059644184
gemma3-12b,g24a_fever_109582,admit_post,-1,0.001554179543210397
gemma3-12b,g24a_fever_109582,admit_pre,-1,6.041549721499531e-05
gemma3-12b,g24a_fever_109582,base,-1,1.9573963292054153e-05
gemma3-12b,g24a_fever_109582,exclude_post,-1,0.04911785734599498
gemma3-12b,g24a_fever_109582,exclude_pre,-1,0.004691261152854988
gemma3-12b,g24a_fever_109744,admit_post,-1,0.012997129974761261
gemma3-12b,g24a_fever_109744,admit_pre,-1,0.05801056674829213
gemma3-12b,g24a_fever_109744,base,-1,79.8043986613644
gemma3-12b,g24a_fever_109744,exclude_post,-1,55.52894775993465
gemma3-12b,g24a_fever_109744,exclude_pre,-1,55.5365932862926
gemma3-12b,g24a_fever_110538,admit_post,-1,26.41327580808205
gemma3-12b,g24a_fever_110538,admit_pre,-1,66.88878446215719
gemma3-12b,g24a_fever_110538,base,-1,88.94688136014798
gemma3-12b,g24a_fever_110538,exclude_post,-1,19.750923650060756
gemma3-12b,g24a_fever_110538,exclude_pre,-1,55.53690954126669
gemma3-12b,g24a_fever_111069,admit_post,1,99.99982086307315
gemma3-12b,g24a_fever_111069,admit_pre,1,99.99966219754027
gemma3-12b,g24a_fever_111069,base,1,55.46866544343642
gemma3-12b,g24a_fever_111069,exclude_post,1,55.53823680685098
gemma3-12b,g24a_fever_111069,exclude_pre,1,99.98725819586008
gemma3-12b,g24a_fever_112471,admit_post,1,99.97252382506716
gemma3-12b,g24a_fever_112471,admit_pre,1,99.99210874076715
gemma3-12b,g24a_fever_112471,base,1,88.89007950596503
gemma3-12b,g24a_fever_112471,exclude_post,1,55.54575216565613
gemma3-12b,g24a_fever_112471,exclude_pre,1,40.806176970296704
gemma3-12b,g24a_fever_112650,admit_post,-1,0.027479682019855303
gemma3-12b,g24a_fever_112650,admit_pre,-1,0.004235857690100476
gemma3-12b,g24a_fever_112650,base,-1,0.0015588381700069132
gemma3-12b,g24a_fever_112650,exclude_post,-1,0.010344499261178943
gemma3-12b,g24a_fever_112650,exclude_pre,-1,3.565257548560392
gemma3-12b,g24a_fever_112934,admit_post,1,89.41584038547074
gemma3-12b,g24a_fever_112934,admit_pre,1,99.94199625437358
gemma3-12b,g24a_fever_112934,base,1,88.86749623459546
gemma3-12b,g24a_fever_112934,exclude_post,1,88.0468499081924
gemma3-12b,g24a_fever_112934,exclude_pre,1,88.28667966111392
gemma3-12b,g24a_fever_114387,admit_post,1,99.99989788292494
gemma3-12b,g24a_fever_114387,admit_pre,1,99.99996770195169
gemma3-12b,g24a_fever_114387,base,1,99.99708102689118
gemma3-12b,g24a_fever_114387,exclude_post,1,99.4988847095033
gemma3-12b,g24a_fever_114387,exclude_pre,1,84.7000845487181
gemma3-12b,g24a_fever_11478,admit_post,1,99.99978451138696
gemma3-12b,g24a_fever_11478,admit_pre,1,99.99670842045572
gemma3-12b,g24a_fever_11478,base,1,88.91024380844306
gemma3-12b,g24a_fever_11478,exclude_post,1,55.50697814685
gemma3-12b,g24a_fever_11478,exclude_pre,1,97.46826628421832
gemma3-12b,g24a_fever_114900,admit_post,1,88.93409038789906
gemma3-12b,g24a_fever_114900,admit_pre,1,98.94055720361592
gemma3-12b,g24a_fever_114900,base,1,88.88943770901591
gemma3-12b,g24a_fever_114900,exclude_post,1,73.07596714825607
gemma3-12b,g24a_fever_114900,exclude_pre,1,88.68992862692137
gemma3-12b,g24a_fever_114974,admit_post,1,99.98987064214721
gemma3-12b,g24a_fever_114974,admit_pre,1,99.96474394827908
gemma3-12b,g24a_fever_114974,base,1,88.88385736622376
gemma3-12b,g24a_fever_114974,exclude_post,1,99.9925128208484
gemma3-12b,g24a_fever_114974,exclude_pre,1,99.79936595116762
gemma3-12b,g24a_fever_115028,admit_post,-1,0.045225281601708724
gemma3-12b,g24a_fever_115028,admit_pre,-1,0.0008334600237845073
gemma3-12b,g24a_fever_115028,base,-1,0.0009456427548305602
gemma3-12b,g24a_fever_115028,exclude_post,-1,1.1961823899538898e-05
gemma3-12b,g24a_fever_115028,exclude_pre,-1,0.0010713898938015086
gemma3-12b,g24a_fever_115773,admit_post,-1,4.985887850459664e-06
gemma3-12b,g24a_fever_115773,admit_pre,-1,6.421449780821092e-06
gemma3-12b,g24a_fever_115773,base,-1,3.457608701902564e-06
gemma3-12b,g24a_fever_115773,exclude_post,-1,2.4748229273416675e-06
gemma3-12b,g24a_fever_115773,exclude_pre,-1,1.752251899927076e-05
gemma3-12b,g24a_fever_115940,admit_post,1,99.99209257464355
gemma3-12b,g24a_fever_115940,admit_pre,1,99.99967215646792
gemma3-12b,g24a_fever_115940,base,1,92.45356737364922
gemma3-12b,g24a_fever_115940,exclude_post,1,36.033589327464114
gemma3-12b,g24a_fever_115940,exclude_pre,1,55.53586709369596
gemma3-12b,g24a_fever_115989,admit_post,-1,8.835339559151972e-05
gemma3-12b,g24a_fever_115989,admit_pre,-1,4.420787057637677e-06
gemma3-12b,g24a_fever_115989,base,-1,0.00031342300552414463
gemma3-12b,g24a_fever_115989,exclude_post,-1,6.900074143421227e-05
gemma3-12b,g24a_fever_115989,exclude_pre,-1,2.727318046610825e-06
gemma3-12b,g24a_fever_116715,admit_post,1,0.07440382419205545
gemma3-12b,g24a_fever_116715,admit_pre,1,0.0025828509933875097
gemma3-12b,g24a_fever_116715,base,1,11.201638798348776
gemma3-12b,g24a_fever_116715,exclude_post,1,0.0022662308293364365
gemma3-12b,g24a_fever_116715,exclude_pre,1,0.019835695482658906
gemma3-12b,g24a_fever_117380,admit_post,1,99.99991629557694
gemma3-12b,g24a_fever_117380,admit_pre,1,99.99990055159145
gemma3-12b,g24a_fever_117380,base,1,99.33237026639135
gemma3-12b,g24a_fever_117380,exclude_post,1,55.47741874664678
gemma3-12b,g24a_fever_117380,exclude_pre,1,79.09764349849611
gemma3-12b,g24a_fever_118442,admit_post,-1,54.9418369866236
gemma3-12b,g24a_fever_118442,admit_pre,-1,51.509757940110454
gemma3-12b,g24a_fever_118442,base,-1,0.0006630477017274285
gemma3-12b,g24a_fever_118442,exclude_post,-1,55.54388191615856
gemma3-12b,g24a_fever_118442,exclude_pre,-1,75.89638404081131
gemma3-12b,g24a_fever_118708,admit_post,1,99.99963797529357
gemma3-12b,g24a_fever_118708,admit_pre,1,99.99987632344826
gemma3-12b,g24a_fever_118708,base,1,0.04123273143677413
gemma3-12b,g24a_fever_118708,exclude_post,1,99.99848764769325
gemma3-12b,g24a_fever_118708,exclude_pre,1,55.50755667794461
gemma3-12b,g24a_fever_118842,admit_post,-1,88.98418500940402
gemma3-12b,g24a_fever_118842,admit_pre,-1,88.9054240580382
gemma3-12b,g24a_fever_118842,base,-1,44.49473989162212
gemma3-12b,g24a_fever_118842,exclude_post,-1,40.61457496786239
gemma3-12b,g24a_fever_118842,exclude_pre,-1,55.26283246776456
gemma3-12b,g24a_fever_119630,admit_post,1,99.99990280735997
gemma3-12b,g24a_fever_119630,admit_pre,1,99.99987940727046
gemma3-12b,g24a_fever_119630,base,1,99.87792172422198
gemma3-12b,g24a_fever_119630,exclude_post,1,99.96176276455452
gemma3-12b,g24a_fever_119630,exclude_pre,1,84.3830180167159
gemma3-12b,g24a_fever_120704,admit_post,-1,2.2378756293735142e-05
gemma3-12b,g24a_fever_120704,admit_pre,-1,1.9718773663161574e-05
gemma3-12b,g24a_fever_120704,base,-1,0.00012777011259072345
gemma3-12b,g24a_fever_120704,exclude_post,-1,6.665383241708899e-06
gemma3-12b,g24a_fever_120704,exclude_pre,-1,3.2796592291063935e-05
gemma3-12b,g24a_fever_121238,admit_post,-1,20.895162724039192
gemma3-12b,g24a_fever_121238,admit_pre,-1,23.246027465354512
gemma3-12b,g24a_fever_121238,base,-1,77.77436508933138
gemma3-12b,g24a_fever_121238,exclude_post,-1,55.777761372788326
gemma3-12b,g24a_fever_121238,exclude_pre,-1,55.60957789169841
gemma3-12b,g24a_fever_121283,admit_post,-1,5.04115479744512e-06
gemma3-12b,g24a_fever_121283,admit_pre,-1,3.4782905723331333e-06
gemma3-12b,g24a_fever_121283,base,-1,66.67748735288745
gemma3-12b,g24a_fever_121283,exclude_post,-1,2.900582169027273e-05
gemma3-12b,g24a_fever_121283,exclude_pre,-1,0.12244518976024674
gemma3-12b,g24a_fever_122006,admit_post,1,88.86774877495657
gemma3-12b,g24a_fever_122006,admit_pre,1,88.79372482727518
gemma3-12b,g24a_fever_122006,base,1,78.19250853439227
gemma3-12b,g24a_fever_122006,exclude_post,1,68.67768625200615
gemma3-12b,g24a_fever_122006,exclude_pre,1,55.56433746698932
gemma3-12b,g24a_fever_12204,admit_post,1,95.13528619828054
gemma3-12b,g24a_fever_12204,admit_pre,1,90.21336461585389
gemma3-12b,g24a_fever_12204,base,1,81.34453814521085
gemma3-12b,g24a_fever_12204,exclude_post,1,55.32739759065975
gemma3-12b,g24a_fever_12204,exclude_pre,1,55.52639085138918
gemma3-12b,g24a_fever_122343,admit_post,-1,1.7286244816713272e-05
gemma3-12b,g24a_fever_122343,admit_pre,-1,3.4325335024582604e-06
gemma3-12b,g24a_fever_122343,base,-1,5.336507278868189e-05
gemma3-12b,g24a_fever_122343,exclude_post,-1,1.6812759985400943e-06
gemma3-12b,g24a_fever_122343,exclude_pre,-1,2.0059368990886977e-05
gemma3-12b,g24a_fever_122650,admit_post,1,99.80011881872399
gemma3-12b,g24a_fever_122650,admit_pre,1,93.08377638701882
gemma3-12b,g24a_fever_122650,base,1,59.1172939374217
gemma3-12b,g24a_fever_122650,exclude_post,1,55.541005165454244
gemma3-12b,g24a_fever_122650,exclude_pre,1,88.90538271181404
gemma3-12b,g24a_fever_122744,admit_post,-1,5.5556641256066435
gemma3-12b,g24a_fever_122744,admit_pre,-1,0.0003507268906956811
gemma3-12b,g24a_fever_122744,base,-1,77.25424761986875
gemma3-12b,g24a_fever_122744,exclude_post,-1,55.549324528263654
gemma3-12b,g24a_fever_122744,exclude_pre,-1,55.57326177508995
gemma3-12b,g24a_fever_122977,admit_post,1,98.67551446517865
gemma3-12b,g24a_fever_122977,admit_pre,1,99.58524946541884
gemma3-12b,g24a_fever_122977,base,1,88.89167821329465
gemma3-12b,g24a_fever_122977,exclude_post,1,97.86096873613667
gemma3-12b,g24a_fever_122977,exclude_pre,1,55.539615581453866
gemma3-12b,g24a_fever_123364,admit_post,1,99.97858690125497
gemma3-12b,g24a_fever_123364,admit_pre,1,89.01089761186311
gemma3-12b,g24a_fever_123364,base,1,93.08373580509618
gemma3-12b,g24a_fever_123364,exclude_post,1,78.27316331874142
gemma3-12b,g24a_fever_123364,exclude_pre,1,87.56458532715392
gemma3-12b,g24a_fever_123833,admit_post,-1,0.0025626498793085515
gemma3-12b,g24a_fever_123833,admit_pre,-1,0.003290624576463735
gemma3-12b,g24a_fever_123833,base,-1,8.123157052079055
gemma3-12b,g24a_fever_123833,exclude_post,-1,0.00027286351624705783
gemma3-12b,g24a_fever_123833,exclude_pre,-1,0.008939968462136823
gemma3-12b,g24a_fever_124021,admit_post,1,99.99970306442562
gemma3-12b,g24a_fever_124021,admit_pre,1,99.99978086721822
gemma3-12b,g24a_fever_124021,base,1,99.99737370209131
gemma3-12b,g24a_fever_124021,exclude_post,1,99.67424866590773
gemma3-12b,g24a_fever_124021,exclude_pre,1,99.876150857107
gemma3-12b,g24a_fever_126799,admit_post,-1,50.964798193134065
gemma3-12b,g24a_fever_126799,admit_pre,-1,54.12358972859119
gemma3-12b,g24a_fever_126799,base,-1,9.97566123099911e-05
gemma3-12b,g24a_fever_126799,exclude_post,-1,44.9698782163372
gemma3-12b,g24a_fever_126799,exclude_pre,-1,44.759438257596294
gemma3-12b,g24a_fever_12843,admit_post,1,88.91024379133665
gemma3-12b,g24a_fever_12843,admit_pre,1,88.89896473058322
gemma3-12b,g24a_fever_12843,base,1,88.8827881628751
gemma3-12b,g24a_fever_12843,exclude_post,1,55.475102772153676
gemma3-12b,g24a_fever_12843,exclude_pre,1,66.72592693397365
gemma3-12b,g24a_fever_128454,admit_post,-1,0.0005087849652483089
gemma3-12b,g24a_fever_128454,admit_pre,-1,0.0002732384193565256
gemma3-12b,g24a_fever_128454,base,-1,0.001578096753323665
gemma3-12b,g24a_fever_128454,exclude_post,-1,0.0002136983081866453
gemma3-12b,g24a_fever_128454,exclude_pre,-1,0.00013196471235709355
gemma3-12b,g24a_fever_128807,admit_post,1,99.99842427929718
gemma3-12b,g24a_fever_128807,admit_pre,1,99.99991134715424
gemma3-12b,g24a_fever_128807,base,1,90.53100673355569
gemma3-12b,g24a_fever_128807,exclude_post,1,99.98980831554626
gemma3-12b,g24a_fever_128807,exclude_pre,1,99.99603239997687
gemma3-12b,g24a_fever_129420,admit_post,1,99.9995862363873
gemma3-12b,g24a_fever_129420,admit_pre,1,99.99969376588444
gemma3-12b,g24a_fever_129420,base,1,99.9953924736255
gemma3-12b,g24a_fever_129420,exclude_post,1,99.98903193868865
gemma3-12b,g24a_fever_129420,exclude_pre,1,99.9969355021872
gemma3-12b,g24a_fever_129517,admit_post,-1,0.326356270879161
gemma3-12b,g24a_fever_129517,admit_pre,-1,0.004321087725519626
gemma3-12b,g24a_fever_129517,base,-1,22.17264346872372
gemma3-12b,g24a_fever_129517,exclude_post,-1,55.17296833573531
gemma3-12b,g24a_fever_129517,exclude_pre,-1,55.29654090479434
gemma3-12b,g24a_fever_130204,admit_post,-1,0.00290545116339168
gemma3-12b,g24a_fever_130204,admit_pre,-1,8.210435706164923e-06
gemma3-12b,g24a_fever_130204,base,-1,66.71115281476828
gemma3-12b,g24a_fever_130204,exclude_post,-1,0.1773659479449138
gemma3-12b,g24a_fever_130204,exclude_pre,-1,55.50412975739429
gemma3-12b,g24a_fever_130978,admit_post,-1,43.9750202381451
gemma3-12b,g24a_fever_130978,admit_pre,-1,0.1245960566300618
gemma3-12b,g24a_fever_130978,base,-1,42.60983082245773
gemma3-12b,g24a_fever_130978,exclude_post,-1,50.021669022673706
gemma3-12b,g24a_fever_130978,exclude_pre,-1,0.004434161538760293
gemma3-12b,g24a_fever_131250,admit_post,-1,1.9791900044623792e-05
gemma3-12b,g24a_fever_131250,admit_pre,-1,2.2580622155765306e-05
gemma3-12b,g24a_fever_131250,base,-1,0.021029490695701765
gemma3-12b,g24a_fever_131250,exclude_post,-1,1.4386625500767236e-05
gemma3-12b,g24a_fever_131250,exclude_pre,-1,4.795710664565193e-05
gemma3-12b,g24a_fever_13212,admit_post,-1,9.468981754318218
gemma3-12b,g24a_fever_13212,admit_pre,-1,0.0033259061530134886
gemma3-12b,g24a_fever_13212,base,-1,0.12285793777397694
gemma3-12b,g24a_fever_13212,exclude_post,-1,55.48129277149325
gemma3-12b,g24a_fever_13212,exclude_pre,-1,0.0009649960483687212
gemma3-12b,g24a_fever_132619,admit_post,1,99.99918178543071
gemma3-12b,g24a_fever_132619,admit_pre,1,98.94055977741729
gemma3-12b,g24a_fever_132619,base,1,88.90185818750089
gemma3-12b,g24a_fever_132619,exclude_post,1,88.85302326331484
gemma3-12b,g24a_fever_132619,exclude_pre,1,88.88831833685173
gemma3-12b,g24a_fever_133233,admit_post,1,99.99521081860637
gemma3-12b,g24a_fever_133233,admit_pre,1,99.99981648718295
gemma3-12b,g24a_fever_133233,base,1,89.01072639985053
gemma3-12b,g24a_fever_133233,exclude_post,1,55.47172175347962
gemma3-12b,g24a_fever_133233,exclude_pre,1,55.447505600180314
gemma3-12b,g24a_fever_133512,admit_post,-1,0.001068353745687833
gemma3-12b,g24a_fever_133512,admit_pre,-1,2.2286145002133842e-05
gemma3-12b,g24a_fever_133512,base,-1,0.0005796745585137544
gemma3-12b,g24a_fever_133512,exclude_post,-1,0.0032989992807551027
gemma3-12b,g24a_fever_133512,exclude_pre,-1,6.513883030372229e-06
gemma3-12b,g24a_fever_134344,admit_post,1,99.9998517450435
gemma3-12b,g24a_fever_134344,admit_pre,1,99.99974339860272
gemma3-12b,g24a_fever_134344,base,1,99.99985681081395
gemma3-12b,g24a_fever_134344,exclude_post,1,99.9873269999733
gemma3-12b,g24a_fever_134344,exclude_pre,1,85.91117694840247
gemma3-12b,g24a_fever_134908,admit_post,-1,99.9046696244547
gemma3-12b,g24a_fever_134908,admit_pre,-1,99.99388827354966
gemma3-12b,g24a_fever_134908,base,-1,0.00021554337171794934
gemma3-12b,g24a_fever_134908,exclude_post,-1,0.001925505365575624
gemma3-12b,g24a_fever_134908,exclude_pre,-1,0.0033958356202779365
gemma3-12b,g24a_fever_135572,admit_post,-1,5.665084094761706e-06
gemma3-12b,g24a_fever_135572,admit_pre,-1,6.457891600211099e-06
gemma3-12b,g24a_fever_135572,base,-1,0.0013756228955712948
gemma3-12b,g24a_fever_135572,exclude_post,-1,4.002817588073064e-06
gemma3-12b,g24a_fever_135572,exclude_pre,-1,6.500352442495665e-06
gemma3-12b,g24a_fever_136578,admit_post,-1,0.013064805187670999
gemma3-12b,g24a_fever_136578,admit_pre,-1,0.00039770599950414805
gemma3-12b,g24a_fever_136578,base,-1,11.076011296730375
gemma3-12b,g24a_fever_136578,exclude_post,-1,0.00012144317306341643
gemma3-12b,g24a_fever_136578,exclude_pre,-1,0.23815823309371562
gemma3-12b,g24a_fever_136853,admit_post,-1,3.0488434599347747e-06
gemma3-12b,g24a_fever_136853,admit_pre,-1,5.047848631023119e-06
gemma3-12b,g24a_fever_136853,base,-1,6.0395242661694355e-05
gemma3-12b,g24a_fever_136853,exclude_post,-1,0.00018925878076466357
gemma3-12b,g24a_fever_136853,exclude_pre,-1,9.987975382648777e-05
gemma3-12b,g24a_fever_137173,admit_post,-1,0.000271406500240887
gemma3-12b,g24a_fever_137173,admit_pre,-1,0.00021140631899602906
gemma3-12b,g24a_fever_137173,base,-1,88.47415113022456
gemma3-12b,g24a_fever_137173,exclude_post,-1,1.3264843510859414
gemma3-12b,g24a_fever_137173,exclude_pre,-1,0.011528248211078899
gemma3-12b,g24a_fever_137210,admit_post,-1,0.005427787135164112
gemma3-12b,g24a_fever_137210,admit_pre,-1,0.0001880959604531943
gemma3-12b,g24a_fever_137210,base,-1,10.584168768167073
gemma3-12b,g24a_fever_137210,exclude_post,-1,0.008991992350464202
gemma3-12b,g24a_fever_137210,exclude_pre,-1,0.0017801396371545514
gemma3-12b,g24a_fever_137706,admit_post,1,99.58521569239126
gemma3-12b,g24a_fever_137706,admit_pre,1,99.99892641577065
gemma3-12b,g24a_fever_137706,base,1,88.81557734941666
gemma3-12b,g24a_fever_137706,exclude_post,1,91.33694463970028
gemma3-12b,g24a_fever_137706,exclude_pre,1,89.20818731087088
gemma3-12b,g24a_fever_13829,admit_post,1,88.9102679046542
gemma3-12b,g24a_fever_13829,admit_pre,1,89.30361141360737
gemma3-12b,g24a_fever_13829,base,1,88.89258843035444
gemma3-12b,g24a_fever_13829,exclude_post,1,84.69268981775976
gemma3-12b,g24a_fever_13829,exclude_pre,1,81.97186105737939
gemma3-12b,g24a_fever_138865,admit_post,-1,0.006201090600505856
gemma3-12b,g24a_fever_138865,admit_pre,-1,0.007970086460129915
gemma3-12b,g24a_fever_138865,base,-1,10.268386242073591
gemma3-12b,g24a_fever_138865,exclude_post,-1,0.00045439999664937693
gemma3-12b,g24a_fever_138865,exclude_pre,-1,0.006995980893516815
gemma3-12b,g24a_fever_141159,admit_post,-1,6.076196008282022e-05
gemma3-12b,g24a_fever_141159,admit_pre,-1,0.00011396702145697773
gemma3-12b,g24a_fever_141159,base,-1,7.839837338030075e-05
gemma3-12b,g24a_fever_141159,exclude_post,-1,0.027098484753450017
gemma3-12b,g24a_fever_141159,exclude_pre,-1,0.00018891081057052125
gemma3-12b,g24a_fever_141268,admit_post,1,99.99954933887476
gemma3-12b,g24a_fever_141268,admit_pre,1,99.99385090380403
gemma3-12b,g24a_fever_141268,base,1,88.98415277293473
gemma3-12b,g24a_fever_141268,exclude_post,1,55.540484722962745
gemma3-12b,g24a_fever_141268,exclude_pre,1,55.59041588301321
gemma3-12b,g24a_fever_1423,admit_post,1,88.87037511250627
gemma3-12b,g24a_fever_1423,admit_pre,1,88.90545602486746
gemma3-12b,g24a_fever_1423,base,1,22.40910119476217
gemma3-12b,g24a_fever_1423,exclude_post,1,87.88596852600566
gemma3-12b,g24a_fever_1423,exclude_pre,1,88.22139953804913
gemma3-12b,g24a_fever_142854,admit_post,1,99.99901681934297
gemma3-12b,g24a_fever_142854,admit_pre,1,99.99514149472095
gemma3-12b,g24a_fever_142854,base,1,93.75322282366108
gemma3-12b,g24a_fever_142854,exclude_post,1,96.43526359280605
gemma3-12b,g24a_fever_142854,exclude_pre,1,99.98479199141435
gemma3-12b,g24a_fever_143011,admit_post,-1,60.00557141903543
gemma3-12b,g24a_fever_143011,admit_pre,-1,57.26328275466842
gemma3-12b,g24a_fever_143011,base,-1,55.552909995353865
gemma3-12b,g24a_fever_143011,exclude_post,-1,0.4218183946064415
gemma3-12b,g24a_fever_143011,exclude_pre,-1,55.43787433530794
gemma3-12b,g24a_fever_14388,admit_post,1,83.3342277753362
gemma3-12b,g24a_fever_14388,admit_pre,1,88.88888637155594
gemma3-12b,g24a_fever_14388,base,1,74.78954086922036
gemma3-12b,g24a_fever_14388,exclude_post,1,66.34373271426722
gemma3-12b,g24a_fever_14388,exclude_pre,1,55.969545878876424
gemma3-12b,g24a_fever_144725,admit_post,-1,0.0026578627303271395
gemma3-12b,g24a_fever_144725,admit_pre,-1,0.001087525040483457
gemma3-12b,g24a_fever_144725,base,-1,31.68855459393904
gemma3-12b,g24a_fever_144725,exclude_post,-1,0.3306057309027969
gemma3-12b,g24a_fever_144725,exclude_pre,-1,55.5388609702456
gemma3-12b,g24a_fever_146361,admit_post,1,99.9970794599389
gemma3-12b,g24a_fever_146361,admit_pre,1,99.99909370236303
gemma3-12b,g24a_fever_146361,base,1,95.80504439067596
gemma3-12b,g24a_fever_146361,exclude_post,1,99.99541650992806
gemma3-12b,g24a_fever_146361,exclude_pre,1,99.99348084415765
gemma3-12b,g24a_fever_146639,admit_post,1,99.99384438657711
gemma3-12b,g24a_fever_146639,admit_pre,1,99.99978540066846
gemma3-12b,g24a_fever_146639,base,1,99.99921438155489
gemma3-12b,g24a_fever_146639,exclude_post,1,46.17204678057222
gemma3-12b,g24a_fever_146639,exclude_pre,1,55.554657568733475
gemma3-12b,g24a_fever_147158,admit_post,1,99.9996405920408
gemma3-12b,g24a_fever_147158,admit_pre,1,99.99987695313962
gemma3-12b,g24a_fever_147158,base,1,98.94056064086789
gemma3-12b,g24a_fever_147158,exclude_post,1,98.67546380361567
gemma3-12b,g24a_fever_147158,exclude_pre,1,99.47303534466366
gemma3-12b,g24a_fever_147530,admit_post,-1,2.4744699043016976
gemma3-12b,g24a_fever_147530,admit_pre,-1,10.78544480878651
gemma3-12b,g24a_fever_147530,base,-1,0.010168165653121605
gemma3-12b,g24a_fever_147530,exclude_post,-1,11.023694102286807
gemma3-12b,g24a_fever_147530,exclude_pre,-1,9.786760663496615
gemma3-12b,g24a_fever_148149,admit_post,-1,3.88654725550766e-06
gemma3-12b,g24a_fever_148149,admit_pre,-1,5.670600967033992e-06
gemma3-12b,g24a_fever_148149,base,-1,2.7580661756479714e-06
gemma3-12b,g24a_fever_148149,exclude_post,-1,2.6932970835835644e-06
gemma3-12b,g24a_fever_148149,exclude_pre,-1,1.3764657547149434e-05
gemma3-12b,g24a_fever_148244,admit_post,1,99.99969186023708
gemma3-12b,g24a_fever_148244,admit_pre,1,99.99938764670358
gemma3-12b,g24a_fever_148244,base,1,99.9985417761551
gemma3-12b,g24a_fever_148244,exclude_post,1,99.91512202956659
gemma3-12b,g24a_fever_148244,exclude_pre,1,55.50227981119481
gemma3-12b,g24a_fever_148309,admit_post,-1,0.00016748288319319145
gemma3-12b,g24a_fever_148309,admit_pre,-1,0.0005807967019548569
gemma3-12b,g24a_fever_148309,base,-1,0.42015477155966857
gemma3-12b,g24a_fever_148309,exclude_post,-1,0.0007576060073356451
gemma3-12b,g24a_fever_148309,exclude_pre,-1,4.5286279992840436e-05
gemma3-12b,g24a_fever_148599,admit_post,1,88.90179568067099
gemma3-12b,g24a_fever_148599,admit_pre,1,89.08872383464349
gemma3-12b,g24a_fever_148599,base,1,88.76681419963647
gemma3-12b,g24a_fever_148599,exclude_post,1,55.46646867729391
gemma3-12b,g24a_fever_148599,exclude_pre,1,66.13820764807281
gemma3-12b,g24a_fever_148610,admit_post,-1,89.21427035133897
gemma3-12b,g24a_fever_148610,admit_pre,-1,0.013484540732824703
gemma3-12b,g24a_fever_148610,base,-1,88.89141224527211
gemma3-12b,g24a_fever_148610,exclude_post,-1,33.054063613678856
gemma3-12b,g24a_fever_148610,exclude_pre,-1,18.647012068173602
gemma3-12b,g24a_fever_149436,admit_post,-1,7.270763608065432e-06
gemma3-12b,g24a_fever_149436,admit_pre,-1,7.296542202322345e-06
gemma3-12b,g24a_fever_149436,base,-1,1.7470183794963834e-05
gemma3-12b,g24a_fever_149436,exclude_post,-1,3.5632516713598365e-06
gemma3-12b,g24a_fever_149436,exclude_pre,-1,3.1377200635469225e-06
gemma3-12b,g24a_fever_150192,admit_post,-1,0.00259034004716703
gemma3-12b,g24a_fever_150192,admit_pre,-1,0.0037460386963108264
gemma3-12b,g24a_fever_150192,base,-1,88.89612603269342
gemma3-12b,g24a_fever_150192,exclude_post,-1,78.2193062045175
gemma3-12b,g24a_fever_150192,exclude_pre,-1,80.52184037476127
gemma3-12b,g24a_fever_151483,admit_post,1,89.30332580677906
gemma3-12b,g24a_fever_151483,admit_pre,1,91.87705412579292
gemma3-12b,g24a_fever_151483,base,1,88.47477500104684
gemma3-12b,g24a_fever_151483,exclude_post,1,55.52449887026851
gemma3-12b,g24a_fever_151483,exclude_pre,1,55.55043775115392
gemma3-12b,g24a_fever_152133,admit_post,-1,66.51384672723663
gemma3-12b,g24a_fever_152133,admit_pre,-1,77.6237184260775
gemma3-12b,g24a_fever_152133,base,-1,44.31911967799434
gemma3-12b,g24a_fever_152133,exclude_post,-1,55.51087060181882
gemma3-12b,g24a_fever_152133,exclude_pre,-1,55.50574918684751
gemma3-12b,g24a_fever_152422,admit_post,-1,0.00025306854649876075
gemma3-12b,g24a_fever_152422,admit_pre,-1,0.00022199884820408103
gemma3-12b,g24a_fever_152422,base,-1,0.002628122630632658
gemma3-12b,g24a_fever_152422,exclude_post,-1,2.9903561420507834
gemma3-12b,g24a_fever_152422,exclude_pre,-1,61.09853887282241
gemma3-12b,g24a_fever_152680,admit_post,-1,0.0010681928962055281
gemma3-12b,g24a_fever_152680,admit_pre,-1,1.0527486040126548e-05
gemma3-12b,g24a_fever_152680,base,-1,0.00024079590996647183
gemma3-12b,g24a_fever_152680,exclude_post,-1,0.00031213071559204757
gemma3-12b,g24a_fever_152680,exclude_pre,-1,0.0004498276156688589
gemma3-12b,g24a_fever_153543,admit_post,1,98.67551445241514
gemma3-12b,g24a_fever_153543,admit_pre,1,98.94055443912049
gemma3-12b,g24a_fever_153543,base,1,99.99961956196604
gemma3-12b,g24a_fever_153543,exclude_post,1,78.35063842353772
gemma3-12b,g24a_fever_153543,exclude_pre,1,89.20445553467704
gemma3-12b,g24a_fever_153914,admit_post,-1,0.006287317509302616
gemma3-12b,g24a_fever_153914,admit_pre,-1,0.00296171790130987
gemma3-12b,g24a_fever_153914,base,-1,0.058697993174425395
gemma3-12b,g24a_fever_153914,exclude_post,-1,0.0004555213723784887
gemma3-12b,g24a_fever_153914,exclude_pre,-1,0.002038507856905526
gemma3-12b,g24a_fever_154608,admit_post,-1,0.00010015992689821863
gemma3-12b,g24a_fever_154608,admit_pre,-1,4.205766730641047e-05
gemma3-12b,g24a_fever_154608,base,-1,0.05803184227707595
gemma3-12b,g24a_fever_154608,exclude_post,-1,0.006173843841605709
gemma3-12b,g24a_fever_154608,exclude_pre,-1,1.779698883899219
gemma3-12b,g24a_fever_154919,admit_post,-1,3.678898130750578e-05
gemma3-12b,g24a_fever_154919,admit_pre,-1,2.8789729252351602e-05
gemma3-12b,g24a_fever_154919,base,-1,47.73834934366533
gemma3-12b,g24a_fever_154919,exclude_post,-1,1.7607994839640713e-05
gemma3-12b,g24a_fever_154919,exclude_pre,-1,0.016715134153661264
gemma3-12b,g24a_fever_155484,admit_post,1,99.99520056930744
gemma3-12b,g24a_fever_155484,admit_pre,1,99.9869943515539
gemma3-12b,g24a_fever_155484,base,1,99.98945202005346
gemma3-12b,g24a_fever_155484,exclude_post,1,55.52474988304474
gemma3-12b,g24a_fever_155484,exclude_pre,1,89.94823967519041
gemma3-12b,g24a_fever_155725,admit_post,1,99.99923801531803
gemma3-12b,g24a_fever_155725,admit_pre,1,99.99993918424595
gemma3-12b,g24a_fever_155725,base,1,78.62026857197489
gemma3-12b,g24a_fever_155725,exclude_post,1,86.51214019436257
gemma3-12b,g24a_fever_155725,exclude_pre,1,55.54358517462245
gemma3-12b,g24a_fever_155911,admit_post,1,99.74469116241657
gemma3-12b,g24a_fever_155911,admit_pre,1,99.92563160525673
gemma3-12b,g24a_fever_155911,base,1,66.82262679059305
gemma3-12b,g24a_fever_155911,exclude_post,1,55.56900935256396
gemma3-12b,g24a_fever_155911,exclude_pre,1,55.40973020605661
gemma3-12b,g24a_fever_156128,admit_post,1,99.99963787682071
gemma3-12b,g24a_fever_156128,admit_pre,1,99.99992883293174
gemma3-12b,g24a_fever_156128,base,1,99.9256344163277
gemma3-12b,g24a_fever_156128,exclude_post,1,99.97987907807811
gemma3-12b,g24a_fever_156128,exclude_pre,1,99.99059289048915
gemma3-12b,g24a_fever_1577,admit_post,1,99.97245932620447
gemma3-12b,g24a_fever_1577,admit_pre,1,99.97248537794015
gemma3-12b,g24a_fever_1577,base,1,99.97841416719388
gemma3-12b,g24a_fever_1577,exclude_post,1,99.9957542696772
gemma3-12b,g24a_fever_1577,exclude_pre,1,99.99288975668634
gemma3-12b,g24a_fever_15834,admit_post,1,99.99974344570106
gemma3-12b,g24a_fever_15834,admit_pre,1,99.99823784476877
gemma3-12b,g24a_fever_15834,base,1,55.548074498495666
gemma3-12b,g24a_fever_15834,exclude_post,1,51.37546446838032
gemma3-12b,g24a_fever_15834,exclude_pre,1,99.9730000145839
gemma3-12b,g24a_fever_158425,admit_post,-1,0.0005753343154985521
gemma3-12b,g24a_fever_158425,admit_pre,-1,0.00083547129576177
gemma3-12b,g24a_fever_158425,base,-1,55.549183413950495
gemma3-12b,g24a_fever_158425,exclude_post,-1,0.0029337524807951493
gemma3-12b,g24a_fever_158425,exclude_pre,-1,0.006173136402632184
gemma3-12b,g24a_fever_159570,admit_post,-1,99.99102233850266
gemma3-12b,g24a_fever_159570,admit_pre,-1,99.87789163275646
gemma3-12b,g24a_fever_159570,base,-1,55.55046196502806
gemma3-12b,g24a_fever_159570,exclude_post,-1,55.45280719048367
gemma3-12b,g24a_fever_159570,exclude_pre,-1,84.02244094823897
gemma3-12b,g24a_fever_160060,admit_post,1,93.75357635042579
gemma3-12b,g24a_fever_160060,admit_pre,1,89.55649611489403
gemma3-12b,g24a_fever_160060,base,1,88.893604426863
gemma3-12b,g24a_fever_160060,exclude_post,1,54.5540915287501
gemma3-12b,g24a_fever_160060,exclude_pre,1,91.84424731128097
gemma3-12b,g24a_fever_16070,admit_post,-1,3.6722988116187565e-05
gemma3-12b,g24a_fever_16070,admit_pre,-1,6.0890216006871564e-05
gemma3-12b,g24a_fever_16070,base,-1,1.732840836162949e-05
gemma3-12b,g24a_fever_16070,exclude_post,-1,1.7610804090793023e-05
gemma3-12b,g24a_fever_16070,exclude_pre,-1,3.692743314698073e-05
gemma3-12b,g24a_fever_160814,admit_post,1,99.99958503297613
gemma3-12b,g24a_fever_160814,admit_pre,1,99.99988283874087
gemma3-12b,g24a_fever_160814,base,1,99.99937876428491
gemma3-12b,g24a_fever_160814,exclude_post,1,99.99414968143873
gemma3-12b,g24a_fever_160814,exclude_pre,1,99.99885258392958
gemma3-12b,g24a_fever_160927,admit_post,-1,4.186568294894935e-05
gemma3-12b,g24a_fever_160927,admit_pre,-1,1.0652361825162929e-05
gemma3-12b,g24a_fever_160927,base,-1,1.3607307347459258e-05
gemma3-12b,g24a_fever_160927,exclude_post,-1,4.609572131818858e-06
gemma3-12b,g24a_fever_160927,exclude_pre,-1,7.814841401011307e-05
gemma3-12b,g24a_fever_161047,admit_post,-1,0.04528868572060844
gemma3-12b,g24a_fever_161047,admit_pre,-1,0.00045632087588900235
gemma3-12b,g24a_fever_161047,base,-1,55.55379824581753
gemma3-12b,g24a_fever_161047,exclude_post,-1,0.8610256066735706
gemma3-12b,g24a_fever_161047,exclude_pre,-1,55.53667814176731
gemma3-12b,g24a_fever_162835,admit_post,1,99.99980377830973
gemma3-12b,g24a_fever_162835,admit_pre,1,99.99989972335425
gemma3-12b,g24a_fever_162835,base,1,99.999674938005
gemma3-12b,g24a_fever_162835,exclude_post,1,90.01745552415065
gemma3-12b,g24a_fever_162835,exclude_pre,1,91.16946579253529
gemma3-12b,g24a_fever_162881,admit_post,1,89.41581462417071
gemma3-12b,g24a_fever_162881,admit_pre,1,88.90553211930863
gemma3-12b,g24a_fever_162881,base,1,88.36193540950195
gemma3-12b,g24a_fever_162881,exclude_post,1,77.77003174746568
gemma3-12b,g24a_fever_162881,exclude_pre,1,77.4158776727188
gemma3-12b,g24a_fever_165870,admit_post,-1,0.004870589135604487
gemma3-12b,g24a_fever_165870,admit_pre,-1,0.0013908020092925346
gemma3-12b,g24a_fever_165870,base,-1,77.7902323027426
gemma3-12b,g24a_fever_165870,exclude_post,-1,11.11131821758613
gemma3-12b,g24a_fever_165870,exclude_pre,-1,0.011695861296976959
gemma3-12b,g24a_fever_165901,admit_post,-1,2.5278392282187166e-05
gemma3-12b,g24a_fever_165901,admit_pre,-1,2.5397875857865846e-05
gemma3-12b,g24a_fever_165901,base,-1,0.0025629896877750694
gemma3-12b,g24a_fever_165901,exclude_post,-1,0.00010037035803378578
gemma3-12b,g24a_fever_165901,exclude_pre,-1,0.0002445399801657424
gemma3-12b,g24a_fever_165904,admit_post,1,99.99947076281755
gemma3-12b,g24a_fever_165904,admit_pre,1,99.98331852925976
gemma3-12b,g24a_fever_165904,base,1,88.93410931454349
gemma3-12b,g24a_fever_165904,exclude_post,1,69.58047398862134
gemma3-12b,g24a_fever_165904,exclude_pre,1,99.98938349504984
gemma3-12b,g24a_fever_168064,admit_post,1,99.99680527660001
gemma3-12b,g24a_fever_168064,admit_pre,1,99.99505423382978
gemma3-12b,g24a_fever_168064,base,1,99.99981368166279
gemma3-12b,g24a_fever_168064,exclude_post,1,99.99794788013327
gemma3-12b,g24a_fever_168064,exclude_pre,1,99.99440106082051
gemma3-12b,g24a_fever_168073,admit_post,1,99.99988877114339
gemma3-12b,g24a_fever_168073,admit_pre,1,99.99989567326486
gemma3-12b,g24a_fever_168073,base,1,99.47304533493582
gemma3-12b,g24a_fever_168073,exclude_post,1,99.99805520926468
gemma3-12b,g24a_fever_168073,exclude_pre,1,99.96272897826825
gemma3-12b,g24a_fever_169985,admit_post,-1,0.00024010853737924462
gemma3-12b,g24a_fever_169985,admit_pre,-1,0.0006550460698680591
gemma3-12b,g24a_fever_169985,base,-1,0.0018184865109058162
gemma3-12b,g24a_fever_169985,exclude_post,-1,0.00024225636202521248
gemma3-12b,g24a_fever_169985,exclude_pre,-1,0.00024117541439368912
gemma3-12b,g24a_fever_172309,admit_post,1,99.99913972023226
gemma3-12b,g24a_fever_172309,admit_pre,1,99.99985699520235
gemma3-12b,g24a_fever_172309,base,1,97.97299619259567
gemma3-12b,g24a_fever_172309,exclude_post,1,56.85197872976905
gemma3-12b,g24a_fever_172309,exclude_pre,1,55.502860320583565
gemma3-12b,g24a_fever_172766,admit_post,-1,2.52666788070742e-05
gemma3-12b,g24a_fever_172766,admit_pre,-1,0.001782873846821215
gemma3-12b,g24a_fever_172766,base,-1,88.88942777457198
gemma3-12b,g24a_fever_172766,exclude_post,-1,46.26159737785727
gemma3-12b,g24a_fever_172766,exclude_pre,-1,48.53708990406021
gemma3-12b,g24a_fever_172768,admit_post,1,89.4158373695306
gemma3-12b,g24a_fever_172768,admit_pre,1,99.99933054265787
gemma3-12b,g24a_fever_172768,base,1,84.02417791297961
gemma3-12b,g24a_fever_172768,exclude_post,1,61.5322739625697
gemma3-12b,g24a_fever_172768,exclude_pre,1,67.54021291833608
gemma3-12b,g24a_fever_174028,admit_post,-1,1.3612340022630475e-05
gemma3-12b,g24a_fever_174028,admit_pre,-1,6.122649126400616e-05
gemma3-12b,g24a_fever_174028,base,-1,88.89340247584839
gemma3-12b,g24a_fever_174028,exclude_post,-1,0.01915697259459428
gemma3-12b,g24a_fever_174028,exclude_pre,-1,0.0005088700383099195
gemma3-12b,g24a_fever_174034,admit_post,1,99.99933740805658
gemma3-12b,g24a_fever_174034,admit_pre,1,99.99990332332624
gemma3-12b,g24a_fever_174034,base,1,89.08873378775286
gemma3-12b,g24a_fever_174034,exclude_post,1,99.99394229204437
gemma3-12b,g24a_fever_174034,exclude_pre,1,99.87676104516893
gemma3-12b,g24a_fever_17410,admit_post,1,99.80013709893018
gemma3-12b,g24a_fever_17410,admit_pre,1,99.92562517232578
gemma3-12b,g24a_fever_17410,base,1,88.8844102895218
gemma3-12b,g24a_fever_17410,exclude_post,1,78.0419201853588
gemma3-12b,g24a_fever_17410,exclude_pre,1,85.88019110859499
gemma3-12b,g24a_fever_175462,admit_post,-1,4.474797830582565e-06
gemma3-12b,g24a_fever_175462,admit_pre,-1,2.8616734098019103e-06
gemma3-12b,g24a_fever_175462,base,-1,0.001560802409501635
gemma3-12b,g24a_fever_175462,exclude_post,-1,4.054014877632387e-06
gemma3-12b,g24a_fever_175462,exclude_pre,-1,0.00017109699666864337
gemma3-12b,g24a_fever_175879,admit_post,1,99.99382543723226
gemma3-12b,g24a_fever_175879,admit_pre,1,99.99928627787516
gemma3-12b,g24a_fever_175879,base,1,5.414248829410577e-05
gemma3-12b,g24a_fever_175879,exclude_post,1,55.51558862454985
gemma3-12b,g24a_fever_175879,exclude_pre,1,99.940823081333
gemma3-12b,g24a_fever_177858,admit_post,1,89.30361214766529
gemma3-12b,g24a_fever_177858,admit_pre,1,93.08377895297726
gemma3-12b,g24a_fever_177858,base,1,3.3009603761598e-05
gemma3-12b,g24a_fever_177858,exclude_post,1,17.071813753000598
gemma3-12b,g24a_fever_177858,exclude_pre,1,89.0094059325727
gemma3-12b,g24a_fever_178167,admit_post,1,99.99627327356808
gemma3-12b,g24a_fever_178167,admit_pre,1,99.99627319645609
gemma3-12b,g24a_fever_178167,base,1,99.99950863535929
gemma3-12b,g24a_fever_178167,exclude_post,1,54.77413035007012
gemma3-12b,g24a_fever_178167,exclude_pre,1,53.935188356679646
gemma3-12b,g24a_fever_179816,admit_post,-1,0.0003386676249295947
gemma3-12b,g24a_fever_179816,admit_pre,-1,0.00018015898760425153
gemma3-12b,g24a_fever_179816,base,-1,0.00012776866649153506
gemma3-12b,g24a_fever_179816,exclude_post,-1,0.0030841144657233486
gemma3-12b,g24a_fever_179816,exclude_pre,-1,0.003777794586517291
gemma3-12b,g24a_fever_179819,admit_post,1,99.99986552922672
gemma3-12b,g24a_fever_179819,admit_pre,1,99.99968690328294
gemma3-12b,g24a_fever_179819,base,1,99.58525493658429
gemma3-12b,g24a_fever_179819,exclude_post,1,31.821081237873077
gemma3-12b,g24a_fever_179819,exclude_pre,1,97.90483894679119
gemma3-12b,g24a_fever_179834,admit_post,1,99.9998125358731
gemma3-12b,g24a_fever_179834,admit_pre,1,99.99971536083399
gemma3-12b,g24a_fever_179834,base,1,99.98329859393453
gemma3-12b,g24a_fever_179834,exclude_post,1,45.451110904199396
gemma3-12b,g24a_fever_179834,exclude_pre,1,95.88964992064753
gemma3-12b,g24a_fever_180691,admit_post,1,99.99990614669065
gemma3-12b,g24a_fever_180691,admit_pre,1,99.99989618122677
gemma3-12b,g24a_fever_180691,base,1,99.99890134438066
gemma3-12b,g24a_fever_180691,exclude_post,1,99.87463121288516
gemma3-12b,g24a_fever_180691,exclude_pre,1,99.30818328329127
gemma3-12b,g24a_fever_180702,admit_post,-1,0.0017989856436225768
gemma3-12b,g24a_fever_180702,admit_pre,-1,0.0023230977614739326
gemma3-12b,g24a_fever_180702,base,-1,55.553083489124106
gemma3-12b,g24a_fever_180702,exclude_post,-1,2.0745364844929627e-05
gemma3-12b,g24a_fever_180702,exclude_pre,-1,56.327153171170714
gemma3-12b,g24a_fever_18333,admit_post,1,88.8622444259656
gemma3-12b,g24a_fever_18333,admit_pre,1,88.8883884255337
gemma3-12b,g24a_fever_18333,base,1,77.79020321501876
gemma3-12b,g24a_fever_18333,exclude_post,1,55.46361228473777
gemma3-12b,g24a_fever_18333,exclude_pre,1,77.52400441956223
gemma3-12b,g24a_fever_183452,admit_post,-1,0.0037290565583776017
gemma3-12b,g24a_fever_183452,admit_pre,-1,4.170586255588497e-05
gemma3-12b,g24a_fever_183452,base,-1,1.1928331331861773e-05
gemma3-12b,g24a_fever_183452,exclude_post,-1,3.0735782227893666e-06
gemma3-12b,g24a_fever_183452,exclude_pre,-1,0.000649607154139339
gemma3-12b,g24a_fever_184054,admit_post,-1,0.0010724283982695385
gemma3-12b,g24a_fever_184054,admit_pre,-1,0.007951972987550363
gemma3-12b,g24a_fever_184054,base,-1,0.2617178547814847
gemma3-12b,g24a_fever_184054,exclude_post,-1,0.009138606595732436
gemma3-12b,g24a_fever_184054,exclude_pre,-1,0.051590636578140635
gemma3-12b,g24a_fever_184066,admit_post,1,99.99989760745937
gemma3-12b,g24a_fever_184066,admit_pre,1,99.99969144753676
gemma3-12b,g24a_fever_184066,base,1,88.93387421968832
gemma3-12b,g24a_fever_184066,exclude_post,1,55.67287343313207
gemma3-12b,g24a_fever_184066,exclude_pre,1,88.08579510189458
gemma3-12b,g24a_fever_184294,admit_post,-1,4.387270873968915e-06
gemma3-12b,g24a_fever_184294,admit_pre,-1,1.059165297430582e-05
gemma3-12b,g24a_fever_184294,base,-1,0.027474935146756106
gemma3-12b,g24a_fever_184294,exclude_post,-1,2.7009400921403665e-06
gemma3-12b,g24a_fever_184294,exclude_pre,-1,5.034862345518799e-06
gemma3-12b,g24a_fever_184303,admit_post,-1,1.1915654609447576e-05
gemma3-12b,g24a_fever_184303,admit_pre,-1,2.2303598046400986e-05
gemma3-12b,g24a_fever_184303,base,-1,34.164222033395646
gemma3-12b,g24a_fever_184303,exclude_post,-1,0.00021680416989168402
gemma3-12b,g24a_fever_184303,exclude_pre,-1,0.11103942476506093
gemma3-12b,g24a_fever_184432,admit_post,-1,0.25558386267269045
gemma3-12b,g24a_fever_184432,admit_pre,-1,4.198220421846448
gemma3-12b,g24a_fever_184432,base,-1,89.08864678141744
gemma3-12b,g24a_fever_184432,exclude_post,-1,1.6485419684053317
gemma3-12b,g24a_fever_184432,exclude_pre,-1,55.53904633838177
gemma3-12b,g24a_fever_185177,admit_post,1,99.95472780580766
gemma3-12b,g24a_fever_185177,admit_pre,1,99.74466477491923
gemma3-12b,g24a_fever_185177,base,1,99.9418984932641
gemma3-12b,g24a_fever_185177,exclude_post,1,89.06121794834326
gemma3-12b,g24a_fever_185177,exclude_pre,1,92.44545783716484
gemma3-12b,g24a_fever_187119,admit_post,-1,1.969191801484296e-05
gemma3-12b,g24a_fever_187119,admit_pre,-1,3.2624348532045446e-05
gemma3-12b,g24a_fever_187119,base,-1,0.02426613048571811
gemma3-12b,g24a_fever_187119,exclude_post,-1,0.0012241838606784404
gemma3-12b,g24a_fever_187119,exclude_pre,-1,1.994091731939319e-05
gemma3-12b,g24a_fever_187323,admit_post,1,99.99982388595234
gemma3-12b,g24a_fever_187323,admit_pre,1,99.99965122564703
gemma3-12b,g24a_fever_187323,base,1,99.99976534410168
gemma3-12b,g24a_fever_187323,exclude_post,1,22.95379356703223
gemma3-12b,g24a_fever_187323,exclude_pre,1,55.51222504451269
gemma3-12b,g24a_fever_189710,admit_post,1,88.92408766159288
gemma3-12b,g24a_fever_189710,admit_pre,1,99.98987049803166
gemma3-12b,g24a_fever_189710,base,1,89.04515110912462
gemma3-12b,g24a_fever_189710,exclude_post,1,55.57171609709846
gemma3-12b,g24a_fever_189710,exclude_pre,1,88.47515853756504
gemma3-12b,g24a_fever_190090,admit_post,1,99.99971655060091
gemma3-12b,g24a_fever_190090,admit_pre,1,99.99975421805559
gemma3-12b,g24a_fever_190090,base,1,99.67392190658782
gemma3-12b,g24a_fever_190090,exclude_post,1,55.327532122657146
gemma3-12b,g24a_fever_190090,exclude_pre,1,99.91529468654272
gemma3-12b,g24a_fever_191263,admit_post,1,99.94199824774017
gemma3-12b,g24a_fever_191263,admit_pre,1,99.94199595418185
gemma3-12b,g24a_fever_191263,base,1,92.45356920147151
gemma3-12b,g24a_fever_191263,exclude_post,1,99.43184717967189
gemma3-12b,g24a_fever_191263,exclude_pre,1,78.12303746741757
gemma3-12b,g24a_fever_19204,admit_post,1,99.99925227768887
gemma3-12b,g24a_fever_19204,admit_pre,1,99.99991827341282
gemma3-12b,g24a_fever_19204,base,1,66.67543388196674
gemma3-12b,g24a_fever_19204,exclude_post,1,50.25484089301611
gemma3-12b,g24a_fever_19204,exclude_pre,1,78.83018065572867
gemma3-12b,g24a_fever_193458,admit_post,1,97.52554928405382
gemma3-12b,g24a_fever_193458,admit_pre,1,95.80509722700333
gemma3-12b,g24a_fever_193458,base,1,88.90186335578206
gemma3-12b,g24a_fever_193458,exclude_post,1,88.04668382714233
gemma3-12b,g24a_fever_193458,exclude_pre,1,55.548148129406876
gemma3-12b,g24a_fever_194486,admit_post,1,97.97304655421395
gemma3-12b,g24a_fever_194486,admit_pre,1,96.43531623651455
gemma3-12b,g24a_fever_194486,base,1,99.99822948965806
gemma3-12b,g24a_fever_194486,exclude_post,1,63.81831282642166
gemma3-12b,g24a_fever_194486,exclude_pre,1,88.94684855470808
gemma3-12b,g24a_fever_1947,admit_post,1,99.9995553024301
gemma3-12b,g24a_fever_1947,admit_pre,1,99.99985558663974
gemma3-12b,g24a_fever_1947,base,1,99.99870227535274
gemma3-12b,g24a_fever_1947,exclude_post,1,99.99592699683652
gemma3-12b,g24a_fever_1947,exclude_pre,1,99.9966487735783
gemma3-12b,g24a_fever_195208,admit_post,1,99.99206773033069
gemma3-12b,g24a_fever_195208,admit_pre,1,99.99916999522367
gemma3-12b,g24a_fever_195208,base,1,88.89229567614024
gemma3-12b,g24a_fever_195208,exclude_post,1,99.90453590397397
gemma3-12b,g24a_fever_195208,exclude_pre,1,99.97451841575585
gemma3-12b,g24a_fever_195370,admit_post,-1,0.004227549841358994
gemma3-12b,g24a_fever_195370,admit_pre,-1,1.7392698499996852e-05
gemma3-12b,g24a_fever_195370,base,-1,55.55148551282828
gemma3-12b,g24a_fever_195370,exclude_post,-1,0.007895552645231885
gemma3-12b,g24a_fever_195370,exclude_pre,-1,55.54446073274434
gemma3-12b,g24a_fever_195912,admit_post,-1,2.243921376528311e-05
gemma3-12b,g24a_fever_195912,admit_pre,-1,2.886490132438332e-05
gemma3-12b,g24a_fever_195912,base,-1,0.01668882134775344
gemma3-12b,g24a_fever_195912,exclude_post,-1,55.26242635980233
gemma3-12b,g24a_fever_195912,exclude_pre,-1,0.00428343563600206
gemma3-12b,g24a_fever_198067,admit_post,-1,0.0012104468970834574
gemma3-12b,g24a_fever_198067,admit_pre,-1,2.2303560730282972e-05
gemma3-12b,g24a_fever_198067,base,-1,9.466182818766054
gemma3-12b,g24a_fever_198067,exclude_post,-1,0.00121143728370279
gemma3-12b,g24a_fever_198067,exclude_pre,-1,5.050075830120636e-06
gemma3-12b,g24a_fever_199265,admit_post,-1,2.5223793255147074e-05
gemma3-12b,g24a_fever_199265,admit_pre,-1,0.0001648307230804148
gemma3-12b,g24a_fever_199265,base,-1,0.3257141794825415
gemma3-12b,g24a_fever_199265,exclude_post,-1,0.0013751495701115222
gemma3-12b,g24a_fever_199265,exclude_pre,-1,0.0017638312234188656
gemma3-12b,g24a_fever_200293,admit_post,1,89.14418661255047
gemma3-12b,g24a_fever_200293,admit_pre,1,88.9241187142315
gemma3-12b,g24a_fever_200293,base,1,88.88913716865837
gemma3-12b,g24a_fever_200293,exclude_post,1,88.8715327515778
gemma3-12b,g24a_fever_200293,exclude_pre,1,78.03252278076945
gemma3-12b,g24a_fever_201603,admit_post,1,99.99822205575121
gemma3-12b,g24a_fever_201603,admit_pre,1,99.99996756514956
gemma3-12b,g24a_fever_201603,base,1,88.89893416936017
gemma3-12b,g24a_fever_201603,exclude_post,1,99.67260418088888
gemma3-12b,g24a_fever_201603,exclude_pre,1,99.5837634999503
gemma3-12b,g24a_fever_201748,admit_post,-1,35.795896107126346
gemma3-12b,g24a_fever_201748,admit_pre,-1,63.811130945893865
gemma3-12b,g24a_fever_201748,base,-1,88.2211128022174
gemma3-12b,g24a_fever_201748,exclude_post,-1,55.492598682791744
gemma3-12b,g24a_fever_201748,exclude_pre,-1,55.5297753151389
gemma3-12b,g24a_fever_201793,admit_post,1,99.99709154519279
gemma3-12b,g24a_fever_201793,admit_pre,1,99.99974433578703
gemma3-12b,g24a_fever_201793,base,1,99.96468214274722
gemma3-12b,g24a_fever_201793,exclude_post,1,55.55231368697106
gemma3-12b,g24a_fever_201793,exclude_pre,1,55.520548241046285
gemma3-12b,g24a_fever_202032,admit_post,-1,0.010126045510426344
gemma3-12b,g24a_fever_202032,admit_pre,-1,0.011474019488375793
gemma3-12b,g24a_fever_202032,base,-1,0.1562642199473454
gemma3-12b,g24a_fever_202032,exclude_post,-1,0.001672016131510144
gemma3-12b,g24a_fever_202032,exclude_pre,-1,9.786639210146808
gemma3-12b,g24a_fever_202789,admit_post,-1,18.60820110370096
gemma3-12b,g24a_fever_202789,admit_pre,-1,20.896104391124354
gemma3-12b,g24a_fever_202789,base,-1,88.98418649912236
gemma3-12b,g24a_fever_202789,exclude_post,-1,0.8588370352816114
gemma3-12b,g24a_fever_202789,exclude_pre,-1,55.542312194414244
gemma3-12b,g24a_fever_20291,admit_post,1,99.99902113157327
gemma3-12b,g24a_fever_20291,admit_pre,1,99.99988951724428
gemma3-12b,g24a_fever_20291,base,1,99.84370612041151
gemma3-12b,g24a_fever_20291,exclude_post,1,88.08291161171317
gemma3-12b,g24a_fever_20291,exclude_pre,1,99.99845569724701
gemma3-12b,g24a_fever_202928,admit_post,-1,2.2522013848806093e-05
gemma3-12b,g24a_fever_202928,admit_pre,-1,0.0006602564838747354
gemma3-12b,g24a_fever_202928,base,-1,55.581777569899494
gemma3-12b,g24a_fever_202928,exclude_post,-1,0.011628120371430852
gemma3-12b,g24a_fever_202928,exclude_pre,-1,8.617728822657654e-06
gemma3-12b,g24a_fever_203053,admit_post,1,99.99982310431
gemma3-12b,g24a_fever_203053,admit_pre,1,99.9999102434082
gemma3-12b,g24a_fever_203053,base,1,99.9938181964246
gemma3-12b,g24a_fever_203053,exclude_post,1,82.66060232449755
gemma3-12b,g24a_fever_203053,exclude_pre,1,99.99843360438204
gemma3-12b,g24a_fever_204355,admit_post,-1,0.00014515875346306312
gemma3-12b,g24a_fever_204355,admit_pre,-1,0.0037412627568146816
gemma3-12b,g24a_fever_204355,base,-1,88.88745898942615
gemma3-12b,g24a_fever_204355,exclude_post,-1,0.8225900629312045
gemma3-12b,g24a_fever_204355,exclude_pre,-1,0.0042682682754138996
gemma3-12b,g24a_fever_204643,admit_post,-1,0.00011568130018355464
gemma3-12b,g24a_fever_204643,admit_pre,-1,0.00013215339980369314
gemma3-12b,g24a_fever_204643,base,-1,0.6180806435779906
gemma3-12b,g24a_fever_204643,exclude_post,-1,0.0017785520372845054
gemma3-12b,g24a_fever_204643,exclude_pre,-1,3.742712338589527e-05
gemma3-12b,g24a_fever_204981,admit_post,1,99.99891018335876
gemma3-12b,g24a_fever_204981,admit_pre,1,99.99952722155562
gemma3-12b,g24a_fever_204981,base,1,89.41583817595352
gemma3-12b,g24a_fever_204981,exclude_post,1,75.94636503121006
gemma3-12b,g24a_fever_204981,exclude_pre,1,99.88795499017915
gemma3-12b,g24a_fever_205063,admit_post,1,99.99948375692053
gemma3-12b,g24a_fever_205063,admit_pre,1,99.99862086280811
gemma3-12b,g24a_fever_205063,base,1,88.91636020635752
gemma3-12b,g24a_fever_205063,exclude_post,1,99.99797981644676
gemma3-12b,g24a_fever_205063,exclude_pre,1,98.94018484396955
gemma3-12b,g24a_fever_206730,admit_post,-1,2.1568787663445907e-06
gemma3-12b,g24a_fever_206730,admit_pre,-1,2.2511695488326274e-05
gemma3-12b,g24a_fever_206730,base,-1,4.3873003914206706e-07
gemma3-12b,g24a_fever_206730,exclude_post,-1,1.5303048042476954e-05
gemma3-12b,g24a_fever_206730,exclude_pre,-1,2.869478764687739e-05
gemma3-12b,g24a_fever_207528,admit_post,1,99.9970805070024
gemma3-12b,g24a_fever_207528,admit_pre,1,99.47304474870742
gemma3-12b,g24a_fever_207528,base,1,88.94688072999546
gemma3-12b,g24a_fever_207528,exclude_post,1,99.67419354535788
gemma3-12b,g24a_fever_207528,exclude_pre,1,92.45057244561752
gemma3-12b,g24a_fever_207669,admit_post,1,89.04514502045079
gemma3-12b,g24a_fever_207669,admit_pre,1,89.55651747199283
gemma3-12b,g24a_fever_207669,base,1,97.97304954154617
gemma3-12b,g24a_fever_207669,exclude_post,1,67.1594592859082
gemma3-12b,g24a_fever_207669,exclude_pre,1,55.53427798930531
gemma3-12b,g24a_fever_208159,admit_post,1,99.99985473528012
gemma3-12b,g24a_fever_208159,admit_pre,1,99.99990174479944
gemma3-12b,g24a_fever_208159,base,1,99.97857274636509
gemma3-12b,g24a_fever_208159,exclude_post,1,55.56464704953226
gemma3-12b,g24a_fever_208159,exclude_pre,1,99.0475942126861
gemma3-12b,g24a_fever_209086,admit_post,1,99.99976243744828
gemma3-12b,g24a_fever_209086,admit_pre,1,99.99962085084387
gemma3-12b,g24a_fever_209086,base,1,99.99951313381673
gemma3-12b,g24a_fever_209086,exclude_post,1,2.746243176769823e-05
gemma3-12b,g24a_fever_209086,exclude_pre,1,55.566327637210605
gemma3-12b,g24a_fever_209863,admit_post,-1,4.1757207344701426e-05
gemma3-12b,g24a_fever_209863,admit_pre,-1,7.777791840053791e-05
gemma3-12b,g24a_fever_209863,base,-1,0.002650488290503688
gemma3-12b,g24a_fever_209863,exclude_post,-1,8.918899919555301e-05
gemma3-12b,g24a_fever_209863,exclude_pre,-1,55.51406864421434
gemma3-12b,g24a_fever_212767,admit_post,1,99.96474237166485
gemma3-12b,g24a_fever_212767,admit_pre,1,99.9986042963899
gemma3-12b,g24a_fever_212767,base,1,89.01096580468204
gemma3-12b,g24a_fever_212767,exclude_post,1,1.0525392681286567
gemma3-12b,g24a_fever_212767,exclude_pre,1,48.10856514145798
gemma3-12b,g24a_fever_21345,admit_post,1,88.89196714805882
gemma3-12b,g24a_fever_21345,admit_pre,1,99.99872443570467
gemma3-12b,g24a_fever_21345,base,1,88.91027153818065
gemma3-12b,g24a_fever_21345,exclude_post,1,77.29702123213346
gemma3-12b,g24a_fever_21345,exclude_pre,1,58.722225629539416
gemma3-12b,g24a_fever_21494,admit_post,1,99.99850853155115
gemma3-12b,g24a_fever_21494,admit_pre,1,99.99960733453464
gemma3-12b,g24a_fever_21494,base,1,99.99725785180755
gemma3-12b,g24a_fever_21494,exclude_post,1,99.99911011568591
gemma3-12b,g24a_fever_21494,exclude_pre,1,99.99924599686595
gemma3-12b,g24a_fever_2150,admit_post,1,99.99520978392177
gemma3-12b,g24a_fever_2150,admit_pre,1,99.9998412947123
gemma3-12b,g24a_fever_2150,base,1,99.9724311146404
gemma3-12b,g24a_fever_2150,exclude_post,1,96.4236786465926
gemma3-12b,g24a_fever_2150,exclude_pre,1,55.548035493809266
gemma3-12b,g24a_fever_215224,admit_post,-1,0.19987312241140398
gemma3-12b,g24a_fever_215224,admit_pre,-1,0.0007444485066318504
gemma3-12b,g24a_fever_215224,base,-1,36.91863689522085
gemma3-12b,g24a_fever_215224,exclude_post,-1,0.09567455134208831
gemma3-12b,g24a_fever_215224,exclude_pre,-1,0.0007408649608662131
gemma3-12b,g24a_fever_216585,admit_post,1,99.84372870778309
gemma3-12b,g24a_fever_216585,admit_pre,1,99.74468712030787
gemma3-12b,g24a_fever_216585,base,1,88.88965064646673
gemma3-12b,g24a_fever_216585,exclude_post,1,55.53048315878318
gemma3-12b,g24a_fever_216585,exclude_pre,1,88.57601356072009
gemma3-12b,g24a_fever_216595,admit_post,1,66.73405165512874
gemma3-12b,g24a_fever_216595,admit_pre,1,88.38272790562213
gemma3-12b,g24a_fever_216595,base,1,11.498422102179758
gemma3-12b,g24a_fever_216595,exclude_post,1,7.262206441200856
gemma3-12b,g24a_fever_216595,exclude_pre,1,0.0012915459366125885
gemma3-12b,g24a_fever_218104,admit_post,1,99.99661439954977
gemma3-12b,g24a_fever_218104,admit_pre,1,99.98327492872662
gemma3-12b,g24a_fever_218104,base,1,95.80501883400946
gemma3-12b,g24a_fever_218104,exclude_post,1,99.15175502053391
gemma3-12b,g24a_fever_218104,exclude_pre,1,88.9236919054751
gemma3-12b,g24a_fever_218111,admit_post,-1,8.2044308698317e-06
gemma3-12b,g24a_fever_218111,admit_pre,-1,1.055106956934712e-05
gemma3-12b,g24a_fever_218111,base,-1,0.0012226711520961638
gemma3-12b,g24a_fever_218111,exclude_post,-1,1.5592381273595204e-05
gemma3-12b,g24a_fever_218111,exclude_pre,-1,0.0022833540476968187
gemma3-12b,g24a_fever_219688,admit_post,-1,1.0607325274313173e-05
gemma3-12b,g24a_fever_219688,admit_pre,-1,1.98691287195965e-05
gemma3-12b,g24a_fever_219688,base,-1,5.7542182206641165e-06
gemma3-12b,g24a_fever_219688,exclude_post,-1,5.41568128073364e-05
gemma3-12b,g24a_fever_219688,exclude_pre,-1,8.909823628007446e-05
gemma3-12b,g24a_fever_21986,admit_post,-1,2.3876203072751975e-06
gemma3-12b,g24a_fever_21986,admit_pre,-1,2.7136012239239436e-06
gemma3-12b,g24a_fever_21986,base,-1,0.00012775466689730547
gemma3-12b,g24a_fever_21986,exclude_post,-1,4.523607323060203e-06
gemma3-12b,g24a_fever_21986,exclude_pre,-1,0.00015398151645881146
gemma3-12b,g24a_fever_220461,admit_post,1,89.55651402876927
gemma3-12b,g24a_fever_220461,admit_pre,1,99.94198780898712
gemma3-12b,g24a_fever_220461,base,1,89.41584145404774
gemma3-12b,g24a_fever_220461,exclude_post,1,57.32102176857685
gemma3-12b,g24a_fever_220461,exclude_pre,1,77.6996165182733
gemma3-12b,g24a_fever_22096,admit_post,1,99.99950824168849
gemma3-12b,g24a_fever_22096,admit_pre,1,99.99972585539263
gemma3-12b,g24a_fever_22096,base,1,89.73175545168955
gemma3-12b,g24a_fever_22096,exclude_post,1,55.88741573336283
gemma3-12b,g24a_fever_22096,exclude_pre,1,96.92791422752947
gemma3-12b,g24a_fever_222170,admit_post,1,99.99990791360375
gemma3-12b,g24a_fever_222170,admit_pre,1,99.9989273629652
gemma3-12b,g24a_fever_222170,base,1,55.54375319672728
gemma3-12b,g24a_fever_222170,exclude_post,1,55.417375574555166
gemma3-12b,g24a_fever_222170,exclude_pre,1,55.54176619879464
gemma3-12b,g24a_fever_222174,admit_post,-1,1.0594617879509967
gemma3-12b,g24a_fever_222174,admit_pre,-1,3.564735091514432
gemma3-12b,g24a_fever_222174,base,-1,55.53804233397088
gemma3-12b,g24a_fever_222174,exclude_post,-1,55.4828076888402
gemma3-12b,g24a_fever_222174,exclude_pre,-1,48.62792933051158
gemma3-12b,g24a_fever_222721,admit_post,1,88.89250227555466
gemma3-12b,g24a_fever_222721,admit_pre,1,88.91028359138964
gemma3-12b,g24a_fever_222721,base,1,88.86144767657731
gemma3-12b,g24a_fever_222721,exclude_post,1,55.524769932212536
gemma3-12b,g24a_fever_222721,exclude_pre,1,78.02741526978201
gemma3-12b,g24a_fever_222730,admit_post,1,99.15712856314092
gemma3-12b,g24a_fever_222730,admit_pre,1,99.99626295152443
gemma3-12b,g24a_fever_222730,base,1,99.15711859953969
gemma3-12b,g24a_fever_222730,exclude_post,1,66.66669560216216
gemma3-12b,g24a_fever_222730,exclude_pre,1,99.98289397193591
gemma3-12b,g24a_fever_223491,admit_post,-1,0.1562770167913938
gemma3-12b,g24a_fever_223491,admit_pre,-1,11.0759060997865
gemma3-12b,g24a_fever_223491,base,-1,32.28411583104721
gemma3-12b,g24a_fever_223491,exclude_post,-1,44.79099229080902
gemma3-12b,g24a_fever_223491,exclude_pre,-1,55.46135794440723
gemma3-12b,g24a_fever_225802,admit_post,1,99.99978424272724
gemma3-12b,g24a_fever_225802,admit_pre,1,99.99949708156231
gemma3-12b,g24a_fever_225802,base,1,88.90555497551836
gemma3-12b,g24a_fever_225802,exclude_post,1,99.98752337090792
gemma3-12b,g24a_fever_225802,exclude_pre,1,99.82286207326086
gemma3-12b,g24a_fever_227083,admit_post,1,99.99977639024605
gemma3-12b,g24a_fever_227083,admit_pre,1,99.99977421492923
gemma3-12b,g24a_fever_227083,base,1,98.67551160780143
gemma3-12b,g24a_fever_227083,exclude_post,1,99.99908394253677
gemma3-12b,g24a_fever_227083,exclude_pre,1,55.48722729023851
gemma3-12b,g24a_fever_227095,admit_post,-1,0.039957845919898496
gemma3-12b,g24a_fever_227095,admit_pre,-1,0.00011398428725939525
gemma3-12b,g24a_fever_227095,base,-1,30.377557660468636
gemma3-12b,g24a_fever_227095,exclude_post,-1,3.570151961928431
gemma3-12b,g24a_fever_227095,exclude_pre,-1,73.98329139306354
gemma3-12b,g24a_fever_227129,admit_post,1,99.99968463765785
gemma3-12b,g24a_fever_227129,admit_pre,1,99.9997640759405
gemma3-12b,g24a_fever_227129,base,1,99.99408574907704
gemma3-12b,g24a_fever_227129,exclude_post,1,99.33046839980484
gemma3-12b,g24a_fever_227129,exclude_pre,1,99.99786047775778
gemma3-12b,g24a_fever_22805,admit_post,1,99.99974471188847
gemma3-12b,g24a_fever_22805,admit_pre,1,99.99994286482766
gemma3-12b,g24a_fever_22805,base,1,99.99820283424233
gemma3-12b,g24a_fever_22805,exclude_post,1,53.92390351623614
gemma3-12b,g24a_fever_22805,exclude_pre,1,99.99910462476733
gemma3-12b,g24a_fever_228063,admit_post,1,99.99977782124654
gemma3-12b,g24a_fever_228063,admit_pre,1,99.99925561924167
gemma3-12b,g24a_fever_228063,base,1,55.55293380630914
gemma3-12b,g24a_fever_228063,exclude_post,1,55.26859888439937
gemma3-12b,g24a_fever_228063,exclude_pre,1,99.98662625952699
gemma3-12b,g24a_fever_23861,admit_post,-1,0.2254330120419472
gemma3-12b,g24a_fever_23861,admit_pre,-1,2.053309483531521
gemma3-12b,g24a_fever_23861,base,-1,55.72015067619081
gemma3-12b,g24a_fever_23861,exclude_post,-1,12.382812064331814
gemma3-12b,g24a_fever_23861,exclude_pre,-1,27.910105128685114
gemma3-12b,g24a_fever_24264,admit_post,1,88.84391888753566
gemma3-12b,g24a_fever_24264,admit_pre,1,88.91460071232598
gemma3-12b,g24a_fever_24264,base,1,88.89900096013723
gemma3-12b,g24a_fever_24264,exclude_post,1,88.75534865622724
gemma3-12b,g24a_fever_24264,exclude_pre,1,89.14192799386907
gemma3-12b,g24a_fever_25705,admit_post,1,89.1441848485678
gemma3-12b,g24a_fever_25705,admit_pre,1,89.04514413844618
gemma3-12b,g24a_fever_25705,base,1,43.505638607446095
gemma3-12b,g24a_fever_25705,exclude_post,1,55.55212626261835
gemma3-12b,g24a_fever_25705,exclude_pre,1,73.58782805988322
gemma3-12b,g24a_fever_25906,admit_post,-1,0.000127744917745006
gemma3-12b,g24a_fever_25906,admit_pre,-1,1.0610996088513652e-05
gemma3-12b,g24a_fever_25906,base,-1,1.53142651769623e-05
gemma3-12b,g24a_fever_25906,exclude_post,-1,8.801560941445183e-05
gemma3-12b,g24a_fever_25906,exclude_pre,-1,0.0007357186855759604
gemma3-12b,g24a_fever_2616,admit_post,1,88.92412129810408
gemma3-12b,g24a_fever_2616,admit_pre,1,93.08377606244208
gemma3-12b,g24a_fever_2616,base,1,88.88914361133729
gemma3-12b,g24a_fever_2616,exclude_post,1,55.489979883643905
gemma3-12b,g24a_fever_2616,exclude_pre,1,81.97248294049213
gemma3-12b,g24a_fever_26224,admit_post,1,99.99626427302992
gemma3-12b,g24a_fever_26224,admit_pre,1,99.99520103776175
gemma3-12b,g24a_fever_26224,base,1,88.91635808650388
gemma3-12b,g24a_fever_26224,exclude_post,1,3.56774662997582
gemma3-12b,g24a_fever_26224,exclude_pre,1,60.506473874034214
gemma3-12b,g24a_fever_27269,admit_post,-1,0.09550204883427425
gemma3-12b,g24a_fever_27269,admit_pre,-1,0.000355282029668619
gemma3-12b,g24a_fever_27269,base,-1,77.89669731131795
gemma3-12b,g24a_fever_27269,exclude_post,-1,10.783854824490435
gemma3-12b,g24a_fever_27269,exclude_pre,-1,1.0628818874956247
gemma3-12b,g24a_fever_27294,admit_post,-1,0.0002739931228530701
gemma3-12b,g24a_fever_27294,admit_pre,-1,0.007012525992728359
gemma3-12b,g24a_fever_27294,base,-1,15.30300109402499
gemma3-12b,g24a_fever_27294,exclude_post,-1,4.218723515704763
gemma3-12b,g24a_fever_27294,exclude_pre,-1,0.4148131570864943
gemma3-12b,g24a_fever_27455,admit_post,-1,11.065999955860514
gemma3-12b,g24a_fever_27455,admit_pre,-1,0.021439375029361423
gemma3-12b,g24a_fever_27455,base,-1,26.41690364152543
gemma3-12b,g24a_fever_27455,exclude_post,-1,11.943988440863029
gemma3-12b,g24a_fever_27455,exclude_pre,-1,55.41828309660391
gemma3-12b,g24a_fever_28525,admit_post,-1,0.8428775762634753
gemma3-12b,g24a_fever_28525,admit_pre,-1,8.122896515069055
gemma3-12b,g24a_fever_28525,base,-1,0.8428876490918424
gemma3-12b,g24a_fever_28525,exclude_post,-1,11.019023540190412
gemma3-12b,g24a_fever_28525,exclude_pre,-1,11.130771938126374
gemma3-12b,g24a_fever_28754,admit_post,-1,12.98706478809941
gemma3-12b,g24a_fever_28754,admit_pre,-1,14.624413889834873
gemma3-12b,g24a_fever_28754,base,-1,55.554991267603015
gemma3-12b,g24a_fever_28754,exclude_post,-1,55.541356339546695
gemma3-12b,g24a_fever_28754,exclude_pre,-1,55.55632661360715
gemma3-12b,g24a_fever_28867,admit_post,-1,6.054722179627379e-05
gemma3-12b,g24a_fever_28867,admit_pre,-1,0.0015687865606425343
gemma3-12b,g24a_fever_28867,base,-1,13.586900738575538
gemma3-12b,g24a_fever_28867,exclude_post,-1,0.06151487959081554
gemma3-12b,g24a_fever_28867,exclude_pre,-1,7.114225136159113e-05
gemma3-12b,g24a_fever_29092,admit_post,-1,0.0019955215732848424
gemma3-12b,g24a_fever_29092,admit_pre,-1,2.8603840252558975e-05
gemma3-12b,g24a_fever_29092,base,-1,21.896453293092932
gemma3-12b,g24a_fever_29092,exclude_post,-1,0.027488433901452794
gemma3-12b,g24a_fever_29092,exclude_pre,-1,0.014729718693200881
gemma3-12b,g24a_fever_29142,admit_post,1,89.04508308052728
gemma3-12b,g24a_fever_29142,admit_pre,1,95.80505597224177
gemma3-12b,g24a_fever_29142,base,1,77.70353931289499
gemma3-12b,g24a_fever_29142,exclude_post,1,67.17376313896847
gemma3-12b,g24a_fever_29142,exclude_pre,1,77.61928805752812
gemma3-12b,g24a_fever_29550,admit_post,1,99.99210999614817
gemma3-12b,g24a_fever_29550,admit_pre,1,99.98700297332715
gemma3-12b,g24a_fever_29550,base,1,88.94688716858506
gemma3-12b,g24a_fever_29550,exclude_post,1,94.44437911437203
gemma3-12b,g24a_fever_29550,exclude_pre,1,99.15709880964522
gemma3-12b,g24a_fever_29556,admit_post,1,99.9997178908381
gemma3-12b,g24a_fever_29556,admit_pre,1,99.99982975087629
gemma3-12b,g24a_fever_29556,base,1,99.99868017697936
gemma3-12b,g24a_fever_29556,exclude_post,1,99.9638843690972
gemma3-12b,g24a_fever_29556,exclude_pre,1,99.99724395393109
gemma3-12b,g24a_fever_29861,admit_post,1,99.9998739212049
gemma3-12b,g24a_fever_29861,admit_pre,1,99.99992971512906
gemma3-12b,g24a_fever_29861,base,1,99.99968235898629
gemma3-12b,g24a_fever_29861,exclude_post,1,50.258944883531505
gemma3-12b,g24a_fever_29861,exclude_pre,1,55.548764999522405
gemma3-12b,g24a_fever_30014,admit_post,-1,2.2346434438626037e-05
gemma3-12b,g24a_fever_30014,admit_pre,-1,4.179767165476164e-05
gemma3-12b,g24a_fever_30014,base,-1,89.01057254237497
gemma3-12b,g24a_fever_30014,exclude_post,-1,55.537428521074496
gemma3-12b,g24a_fever_30014,exclude_pre,-1,7.050175864523881e-05
gemma3-12b,g24a_fever_31192,admit_post,1,99.99968311216576
gemma3-12b,g24a_fever_31192,admit_pre,1,99.99963517732817
gemma3-12b,g24a_fever_31192,base,1,99.99949124240695
gemma3-12b,g24a_fever_31192,exclude_post,1,99.99767454293446
gemma3-12b,g24a_fever_31192,exclude_pre,1,99.99798246655358
gemma3-12b,g24a_fever_31581,admit_post,-1,0.00016455335420918036
gemma3-12b,g24a_fever_31581,admit_pre,-1,1.987609222446654e-05
gemma3-12b,g24a_fever_31581,base,-1,1.1935985828704794e-05
gemma3-12b,g24a_fever_31581,exclude_post,-1,0.00018755347395036363
gemma3-12b,g24a_fever_31581,exclude_pre,-1,0.00034956677021108463
gemma3-12b,g24a_fever_33055,admit_post,-1,11.310130051459371
gemma3-12b,g24a_fever_33055,admit_pre,-1,16.666255598859724
gemma3-12b,g24a_fever_33055,base,-1,25.78732836127754
gemma3-12b,g24a_fever_33055,exclude_post,-1,11.162991641105366
gemma3-12b,g24a_fever_33055,exclude_pre,-1,11.16854622899998
gemma3-12b,g24a_fever_33196,admit_post,1,99.58523852936924
gemma3-12b,g24a_fever_33196,admit_pre,1,99.58523200688619
gemma3-12b,g24a_fever_33196,base,1,97.97298075122414
gemma3-12b,g24a_fever_33196,exclude_post,1,55.49606568252979
gemma3-12b,g24a_fever_33196,exclude_pre,1,55.520771527783
gemma3-12b,g24a_fever_35030,admit_post,1,99.92563005702557
gemma3-12b,g24a_fever_35030,admit_pre,1,99.99953211140708
gemma3-12b,g24a_fever_35030,base,1,55.54229064831069
gemma3-12b,g24a_fever_35030,exclude_post,1,52.74390149719839
gemma3-12b,g24a_fever_35030,exclude_pre,1,69.12982471636657
gemma3-12b,g24a_fever_3518,admit_post,-1,0.04522741805382926
gemma3-12b,g24a_fever_3518,admit_pre,-1,0.02748365631718541
gemma3-12b,g24a_fever_3518,base,-1,0.005435362181284964
gemma3-12b,g24a_fever_3518,exclude_post,-1,55.460647429059456
gemma3-12b,g24a_fever_3518,exclude_pre,-1,0.007234114370435639
gemma3-12b,g24a_fever_35881,admit_post,1,99.22466100914127
gemma3-12b,g24a_fever_35881,admit_pre,1,89.72630766702552
gemma3-12b,g24a_fever_35881,base,1,99.58522272592523
gemma3-12b,g24a_fever_35881,exclude_post,1,0.9061897071616379
gemma3-12b,g24a_fever_35881,exclude_pre,1,55.47921012584297
gemma3-12b,g24a_fever_36886,admit_post,-1,0.004339098846965777
gemma3-12b,g24a_fever_36886,admit_pre,-1,99.99940153522614
gemma3-12b,g24a_fever_36886,base,-1,91.8770999064034
gemma3-12b,g24a_fever_36886,exclude_post,-1,0.0009808555365426836
gemma3-12b,g24a_fever_36886,exclude_pre,-1,0.001233120775010576
gemma3-12b,g24a_fever_37067,admit_post,1,99.9986134910701
gemma3-12b,g24a_fever_37067,admit_pre,1,99.99798037293021
gemma3-12b,g24a_fever_37067,base,1,0.009415797069915523
gemma3-12b,g24a_fever_37067,exclude_post,1,99.97214145939007
gemma3-12b,g24a_fever_37067,exclude_pre,1,1.9871364085476177
gemma3-12b,g24a_fever_38029,admit_post,1,99.87791793866498
gemma3-12b,g24a_fever_38029,admit_pre,1,99.99209727744545
gemma3-12b,g24a_fever_38029,base,1,99.84284947654923
gemma3-12b,g24a_fever_38029,exclude_post,1,55.58208527632805
gemma3-12b,g24a_fever_38029,exclude_pre,1,90.53279776301854
gemma3-12b,g24a_fever_39612,admit_post,1,88.4741684081895
gemma3-12b,g24a_fever_39612,admit_pre,1,88.88485181354808
gemma3-12b,g24a_fever_39612,base,1,88.83089217074799
gemma3-12b,g24a_fever_39612,exclude_post,1,66.92056334911301
gemma3-12b,g24a_fever_39612,exclude_pre,1,77.57968146323053
gemma3-12b,g24a_fever_40528,admit_post,-1,5.063578136945374e-06
gemma3-12b,g24a_fever_40528,admit_pre,-1,2.248792713723266e-05
gemma3-12b,g24a_fever_40528,base,-1,0.00027155666491343047
gemma3-12b,g24a_fever_40528,exclude_post,-1,1.6002228771322632e-05
gemma3-12b,g24a_fever_40528,exclude_pre,-1,0.5277271340913843
gemma3-12b,g24a_fever_41810,admit_post,-1,12.748154303759385
gemma3-12b,g24a_fever_41810,admit_pre,-1,0.0012704530687543962
gemma3-12b,g24a_fever_41810,base,-1,0.00035647772956037664
gemma3-12b,g24a_fever_41810,exclude_post,-1,1.0819114621191501
gemma3-12b,g24a_fever_41810,exclude_pre,-1,0.8083839917898148
gemma3-12b,g24a_fever_4280,admit_post,-1,0.05800512917815695
gemma3-12b,g24a_fever_4280,admit_pre,-1,0.00039550956877616565
gemma3-12b,g24a_fever_4280,base,-1,0.045237415071182924
gemma3-12b,g24a_fever_4280,exclude_post,-1,0.039975991932246685
gemma3-12b,g24a_fever_4280,exclude_pre,-1,0.051242838904344674
gemma3-12b,g24a_fever_43458,admit_post,1,99.99989774798074
gemma3-12b,g24a_fever_43458,admit_pre,1,99.99984673390585
gemma3-12b,g24a_fever_43458,base,1,99.9961510904689
gemma3-12b,g24a_fever_43458,exclude_post,1,55.447781293985706
gemma3-12b,g24a_fever_43458,exclude_pre,1,99.96000852520034
gemma3-12b,g24a_fever_44156,admit_post,-1,7.23532346346992e-06
gemma3-12b,g24a_fever_44156,admit_pre,-1,1.0549125025730588e-05
gemma3-12b,g24a_fever_44156,base,-1,0.027478273505357715
gemma3-12b,g24a_fever_44156,exclude_post,-1,0.002917109838804709
gemma3-12b,g24a_fever_44156,exclude_pre,-1,0.027484943773497875
gemma3-12b,g24a_fever_45143,admit_post,1,99.96473017475303
gemma3-12b,g24a_fever_45143,admit_pre,1,99.99967475726892
gemma3-12b,g24a_fever_45143,base,1,94.438517689912
gemma3-12b,g24a_fever_45143,exclude_post,1,88.41926713236633
gemma3-12b,g24a_fever_45143,exclude_pre,1,87.71715747260275
gemma3-12b,g24a_fever_45205,admit_post,-1,1.737655743400825e-05
gemma3-12b,g24a_fever_45205,admit_pre,-1,3.6887971597951685e-05
gemma3-12b,g24a_fever_45205,base,-1,55.59173773700137
gemma3-12b,g24a_fever_45205,exclude_post,-1,0.12240092733051701
gemma3-12b,g24a_fever_45205,exclude_pre,-1,0.041076778514647465
gemma3-12b,g24a_fever_4536,admit_post,1,99.99971799022036
gemma3-12b,g24a_fever_4536,admit_pre,1,99.99822730744759
gemma3-12b,g24a_fever_4536,base,1,89.08873470585478
gemma3-12b,g24a_fever_4536,exclude_post,1,55.53344975786456
gemma3-12b,g24a_fever_4536,exclude_pre,1,99.9196381774219
gemma3-12b,g24a_fever_46483,admit_post,1,95.13528279957046
gemma3-12b,g24a_fever_46483,admit_pre,1,88.98418606180866
gemma3-12b,g24a_fever_46483,base,1,45.0917326242876
gemma3-12b,g24a_fever_46483,exclude_post,1,58.83888447181884
gemma3-12b,g24a_fever_46483,exclude_pre,1,55.260945314876295
gemma3-12b,g24a_fever_47267,admit_post,-1,0.016680848729233647
gemma3-12b,g24a_fever_47267,admit_pre,-1,0.027476096829888413
gemma3-12b,g24a_fever_47267,base,-1,0.0037274610388510704
gemma3-12b,g24a_fever_47267,exclude_post,-1,0.003292115363164075
gemma3-12b,g24a_fever_47267,exclude_pre,-1,11.633297598679874
gemma3-12b,g24a_fever_47322,admit_post,-1,11.525031122576372
gemma3-12b,g24a_fever_47322,admit_pre,-1,22.177714560822814
gemma3-12b,g24a_fever_47322,base,-1,18.656662062826122
gemma3-12b,g24a_fever_47322,exclude_post,-1,55.37571175650659
gemma3-12b,g24a_fever_47322,exclude_pre,-1,39.596315695450976
gemma3-12b,g24a_fever_4746,admit_post,1,99.99988077074293
gemma3-12b,g24a_fever_4746,admit_pre,1,99.99992961888223
gemma3-12b,g24a_fever_4746,base,1,99.99951144533838
gemma3-12b,g24a_fever_4746,exclude_post,1,96.84405920940141
gemma3-12b,g24a_fever_4746,exclude_pre,1,97.8269390480017
gemma3-12b,g24a_fever_48142,admit_post,1,99.99970918783463
gemma3-12b,g24a_fever_48142,admit_pre,1,99.99992295348346
gemma3-12b,g24a_fever_48142,base,1,99.98326865991274
gemma3-12b,g24a_fever_48142,exclude_post,1,99.99646277212348
gemma3-12b,g24a_fever_48142,exclude_pre,1,99.99878029958603
gemma3-12b,g24a_fever_4824,admit_post,-1,3.022237544933118e-06
gemma3-12b,g24a_fever_4824,admit_pre,-1,5.659902845553689e-06
gemma3-12b,g24a_fever_4824,base,-1,5.025820174716728e-06
gemma3-12b,g24a_fever_4824,exclude_post,-1,2.319700908341242e-05
gemma3-12b,g24a_fever_4824,exclude_pre,-1,8.820400900353334e-05
gemma3-12b,g24a_fever_48377,admit_post,-1,1.3532269063228923e-05
gemma3-12b,g24a_fever_48377,admit_pre,-1,2.2271919203386744e-05
gemma3-12b,g24a_fever_48377,base,-1,0.00030706388730269215
gemma3-12b,g24a_fever_48377,exclude_post,-1,1.5389606929923814e-05
gemma3-12b,g24a_fever_48377,exclude_pre,-1,0.0015771213728393819
gemma3-12b,g24a_fever_48404,admit_post,-1,0.008938491412486838
gemma3-12b,g24a_fever_48404,admit_pre,-1,0.00024059427597623588
gemma3-12b,g24a_fever_48404,base,-1,6.916220242198657
gemma3-12b,g24a_fever_48404,exclude_post,-1,0.19033712086193916
gemma3-12b,g24a_fever_48404,exclude_pre,-1,2.0269642000560384
gemma3-12b,g24a_fever_48658,admit_post,1,65.94223553547563
gemma3-12b,g24a_fever_48658,admit_pre,1,44.89502152233523
gemma3-12b,g24a_fever_48658,base,1,21.37982775902545
gemma3-12b,g24a_fever_48658,exclude_post,1,55.3388074894887
gemma3-12b,g24a_fever_48658,exclude_pre,1,47.983729141229304
gemma3-12b,g24a_fever_50406,admit_post,1,99.99964852881833
gemma3-12b,g24a_fever_50406,admit_pre,1,99.999666340664
gemma3-12b,g24a_fever_50406,base,1,99.99883453099478
gemma3-12b,g24a_fever_50406,exclude_post,1,99.99871115733647
gemma3-12b,g24a_fever_50406,exclude_pre,1,99.99948080431044
gemma3-12b,g24a_fever_51154,admit_post,1,81.34245789110543
gemma3-12b,g24a_fever_51154,admit_pre,1,88.87235077614916
gemma3-12b,g24a_fever_51154,base,1,67.72610179227696
gemma3-12b,g24a_fever_51154,exclude_post,1,55.5356809263555
gemma3-12b,g24a_fever_51154,exclude_pre,1,55.54590197422993
gemma3-12b,g24a_fever_51825,admit_post,1,99.99956082098542
gemma3-12b,g24a_fever_51825,admit_pre,1,99.99992818183607
gemma3-12b,g24a_fever_51825,base,1,99.99488424130045
gemma3-12b,g24a_fever_51825,exclude_post,1,99.90338393438395
gemma3-12b,g24a_fever_51825,exclude_pre,1,99.99828755383916
gemma3-12b,g24a_fever_51961,admit_post,-1,3.235942639847669e-05
gemma3-12b,g24a_fever_51961,admit_pre,-1,0.00018747875848007208
gemma3-12b,g24a_fever_51961,base,-1,0.010129911284385283
gemma3-12b,g24a_fever_51961,exclude_post,-1,0.0005751500793286819
gemma3-12b,g24a_fever_51961,exclude_pre,-1,0.0012179606104279273
gemma3-12b,g24a_fever_52582,admit_post,-1,32.27290366198608
gemma3-12b,g24a_fever_52582,admit_pre,-1,30.32933780955232
gemma3-12b,g24a_fever_52582,base,-1,33.48915919796619
gemma3-12b,g24a_fever_52582,exclude_post,-1,55.328805238628114
gemma3-12b,g24a_fever_52582,exclude_pre,-1,50.59092909092096
gemma3-12b,g24a_fever_53020,admit_post,1,99.99948382775244
gemma3-12b,g24a_fever_53020,admit_pre,1,99.99709282781951
gemma3-12b,g24a_fever_53020,base,1,88.88566690514588
gemma3-12b,g24a_fever_53020,exclude_post,1,55.54419544530302
gemma3-12b,g24a_fever_53020,exclude_pre,1,55.170766153908374
gemma3-12b,g24a_fever_53266,admit_post,-1,99.99519395311302
gemma3-12b,g24a_fever_53266,admit_pre,-1,0.015367198839500369
gemma3-12b,g24a_fever_53266,base,-1,88.9631090847404
gemma3-12b,g24a_fever_53266,exclude_post,-1,27.795606264929845
gemma3-12b,g24a_fever_53266,exclude_pre,-1,89.40284588017569
gemma3-12b,g24a_fever_53733,admit_post,1,67.33415025020507
gemma3-12b,g24a_fever_53733,admit_pre,1,88.81495922385245
gemma3-12b,g24a_fever_53733,base,1,64.18782358465205
gemma3-12b,g24a_fever_53733,exclude_post,1,51.92712816456529
gemma3-12b,g24a_fever_53733,exclude_pre,1,55.995143338565725
gemma3-12b,g24a_fever_53792,admit_post,1,99.92562599541861
gemma3-12b,g24a_fever_53792,admit_pre,1,99.99852054322504
gemma3-12b,g24a_fever_53792,base,1,99.99889700092116
gemma3-12b,g24a_fever_53792,exclude_post,1,84.60118532532806
gemma3-12b,g24a_fever_53792,exclude_pre,1,99.71566633073564
gemma3-12b,g24a_fever_53832,admit_post,1,99.90469037029533
gemma3-12b,g24a_fever_53832,admit_pre,1,99.6743058339455
gemma3-12b,g24a_fever_53832,base,1,88.90188103142613
gemma3-12b,g24a_fever_53832,exclude_post,1,99.99725633029712
gemma3-12b,g24a_fever_53832,exclude_pre,1,55.50383336183081
gemma3-12b,g24a_fever_5420,admit_post,1,90.21329761954422
gemma3-12b,g24a_fever_5420,admit_pre,1,89.04509783183714
gemma3-12b,g24a_fever_5420,base,1,88.8888881065403
gemma3-12b,g24a_fever_5420,exclude_post,1,4.735151894428029
gemma3-12b,g24a_fever_5420,exclude_pre,1,55.54504362867377
gemma3-12b,g24a_fever_54679,admit_post,1,99.99624120647874
gemma3-12b,g24a_fever_54679,admit_pre,1,99.99952266357975
gemma3-12b,g24a_fever_54679,base,1,99.90467572953952
gemma3-12b,g24a_fever_54679,exclude_post,1,99.96385186716421
gemma3-12b,g24a_fever_54679,exclude_pre,1,99.66312045263591
gemma3-12b,g24a_fever_55468,admit_post,1,85.3249789115385
gemma3-12b,g24a_fever_55468,admit_pre,1,78.30386962212283
gemma3-12b,g24a_fever_55468,base,1,77.45214704697452
gemma3-12b,g24a_fever_55468,exclude_post,1,49.478070092223795
gemma3-12b,g24a_fever_55468,exclude_pre,1,55.526134997683236
gemma3-12b,g24a_fever_5560,admit_post,1,99.99891045185716
gemma3-12b,g24a_fever_5560,admit_pre,1,99.9647424873025
gemma3-12b,g24a_fever_5560,base,1,99.15712969767368
gemma3-12b,g24a_fever_5560,exclude_post,1,90.21331223488608
gemma3-12b,g24a_fever_5560,exclude_pre,1,95.1338979220319
gemma3-12b,g24a_fever_5574,admit_post,1,99.99986881883544
gemma3-12b,g24a_fever_5574,admit_pre,1,99.99988739071847
gemma3-12b,g24a_fever_5574,base,1,99.99922658040174
gemma3-12b,g24a_fever_5574,exclude_post,1,55.448014152927236
gemma3-12b,g24a_fever_5574,exclude_pre,1,55.54122784639699
gemma3-12b,g24a_fever_56051,admit_post,-1,0.07437767449427445
gemma3-12b,g24a_fever_56051,admit_pre,-1,0.0013759276988170458
gemma3-12b,g24a_fever_56051,base,-1,0.15679216289741818
gemma3-12b,g24a_fever_56051,exclude_post,-1,0.00156564317426769
gemma3-12b,g24a_fever_56051,exclude_pre,-1,0.004808268292747538
gemma3-12b,g24a_fever_56182,admit_post,1,99.99990307143045
gemma3-12b,g24a_fever_56182,admit_pre,1,99.99999486557486
gemma3-12b,g24a_fever_56182,base,1,95.13520610646285
gemma3-12b,g24a_fever_56182,exclude_post,1,99.96688743471218
gemma3-12b,g24a_fever_56182,exclude_pre,1,99.99438000799958
gemma3-12b,g24a_fever_57842,admit_post,1,99.99934136362211
gemma3-12b,g24a_fever_57842,admit_pre,1,99.84373709262644
gemma3-12b,g24a_fever_57842,base,1,88.8880065676908
gemma3-12b,g24a_fever_57842,exclude_post,1,55.328821224982136
gemma3-12b,g24a_fever_57842,exclude_pre,1,77.77002197375731
gemma3-12b,g24a_fever_57941,admit_post,-1,1.737111063206298e-05
gemma3-12b,g24a_fever_57941,admit_pre,-1,4.7252816214640995e-05
gemma3-12b,g24a_fever_57941,base,-1,88.91635720453877
gemma3-12b,g24a_fever_57941,exclude_post,-1,1.219631529351193e-05
gemma3-12b,g24a_fever_57941,exclude_pre,-1,2.009344238664338e-05
gemma3-12b,g24a_fever_58175,admit_post,1,88.98417209356806
gemma3-12b,g24a_fever_58175,admit_pre,1,88.91624983425673
gemma3-12b,g24a_fever_58175,base,1,77.7758132898943
gemma3-12b,g24a_fever_58175,exclude_post,1,55.54576551387127
gemma3-12b,g24a_fever_58175,exclude_pre,1,55.53935345336395
gemma3-12b,g24a_fever_58896,admit_post,1,99.99992532946638
gemma3-12b,g24a_fever_58896,admit_pre,1,99.99904022134928
gemma3-12b,g24a_fever_58896,base,1,99.99861581678744
gemma3-12b,g24a_fever_58896,exclude_post,1,51.38434285547541
gemma3-12b,g24a_fever_58896,exclude_pre,1,44.25941393553986
gemma3-12b,g24a_fever_59603,admit_post,-1,9.788862761322735
gemma3-12b,g24a_fever_59603,admit_pre,-1,10.445236351535275
gemma3-12b,g24a_fever_59603,base,-1,58.501776446070025
gemma3-12b,g24a_fever_59603,exclude_post,-1,6.293436410851345
gemma3-12b,g24a_fever_59603,exclude_pre,-1,55.466061921798065
gemma3-12b,g24a_fever_59966,admit_post,-1,1.5612374308144517e-05
gemma3-12b,g24a_fever_59966,admit_pre,-1,2.3059646231525046e-05
gemma3-12b,g24a_fever_59966,base,-1,0.000146822634609269
gemma3-12b,g24a_fever_59966,exclude_post,-1,55.760778806358445
gemma3-12b,g24a_fever_59966,exclude_pre,-1,77.8850660877815
gemma3-12b,g24a_fever_61695,admit_post,-1,0.0007297253006798124
gemma3-12b,g24a_fever_61695,admit_pre,-1,0.0018147631502078388
gemma3-12b,g24a_fever_61695,base,-1,99.99917110558094
gemma3-12b,g24a_fever_61695,exclude_post,-1,99.95989598135651
gemma3-12b,g24a_fever_61695,exclude_pre,-1,99.95985172645518
gemma3-12b,g24a_fever_62053,admit_post,1,99.99822244800424
gemma3-12b,g24a_fever_62053,admit_pre,1,99.99210281501608
gemma3-12b,g24a_fever_62053,base,1,89.55651353754003
gemma3-12b,g24a_fever_62053,exclude_post,1,97.97283748272088
gemma3-12b,g24a_fever_62053,exclude_pre,1,89.55648892145186
gemma3-12b,g24a_fever_62355,admit_post,-1,0.002015123584040027
gemma3-12b,g24a_fever_62355,admit_pre,-1,0.0022814186244410023
gemma3-12b,g24a_fever_62355,base,-1,88.89011531692353
gemma3-12b,g24a_fever_62355,exclude_post,-1,88.31597054395083
gemma3-12b,g24a_fever_62355,exclude_pre,-1,0.0020171300619648467
gemma3-12b,g24a_fever_631,admit_post,-1,2.868794685638865e-05
gemma3-12b,g24a_fever_631,admit_pre,-1,1.5449447191125524e-05
gemma3-12b,g24a_fever_631,base,-1,11.773986884387035
gemma3-12b,g24a_fever_631,exclude_post,-1,9.814493278531682e-06
gemma3-12b,g24a_fever_631,exclude_pre,-1,8.37561942295297e-06
gemma3-12b,g24a_fever_63521,admit_post,1,88.8950123273938
gemma3-12b,g24a_fever_63521,admit_pre,1,88.90533017381189
gemma3-12b,g24a_fever_63521,base,1,99.99950597712721
gemma3-12b,g24a_fever_63521,exclude_post,1,99.72624742968584
gemma3-12b,g24a_fever_63521,exclude_pre,1,82.914755596581
gemma3-12b,g24a_fever_64561,admit_post,-1,3.250328370487887e-05
gemma3-12b,g24a_fever_64561,admit_pre,-1,2.2366710799640398e-05
gemma3-12b,g24a_fever_64561,base,-1,0.0022882040029308893
gemma3-12b,g24a_fever_64561,exclude_post,-1,1.3745112204738342e-05
gemma3-12b,g24a_fever_64561,exclude_pre,-1,2.247883878838285e-05
gemma3-12b,g24a_fever_65497,admit_post,1,99.74469121299886
gemma3-12b,g24a_fever_65497,admit_pre,1,99.74469415002106
gemma3-12b,g24a_fever_65497,base,1,66.65876959918923
gemma3-12b,g24a_fever_65497,exclude_post,1,99.5552684362276
gemma3-12b,g24a_fever_65497,exclude_pre,1,55.515154472687584
gemma3-12b,g24a_fever_66046,admit_post,1,97.9730387966738
gemma3-12b,g24a_fever_66046,admit_pre,1,90.21297083591892
gemma3-12b,g24a_fever_66046,base,1,89.94831885332063
gemma3-12b,g24a_fever_66046,exclude_post,1,72.78087749990092
gemma3-12b,g24a_fever_66046,exclude_pre,1,88.16633830998737
gemma3-12b,g24a_fever_66059,admit_post,1,99.99520032269838
gemma3-12b,g24a_fever_66059,admit_pre,1,99.99955548530903
gemma3-12b,g24a_fever_66059,base,1,88.89899436852933
gemma3-12b,g24a_fever_66059,exclude_post,1,97.52402297676143
gemma3-12b,g24a_fever_66059,exclude_pre,1,92.4512573265461
gemma3-12b,g24a_fever_67876,admit_post,-1,6.877105527337683e-05
gemma3-12b,g24a_fever_67876,admit_pre,-1,0.00021113094695779405
gemma3-12b,g24a_fever_67876,base,-1,93.75358586470425
gemma3-12b,g24a_fever_67876,exclude_post,-1,55.508832129666374
gemma3-12b,g24a_fever_67876,exclude_pre,-1,55.54009593984732
gemma3-12b,g24a_fever_68929,admit_post,-1,0.0002209727565210002
gemma3-12b,g24a_fever_68929,admit_pre,-1,0.00017096422722209705
gemma3-12b,g24a_fever_68929,base,-1,1.3517520056228585e-06
gemma3-12b,g24a_fever_68929,exclude_post,-1,1.1173372551966334e-05
gemma3-12b,g24a_fever_68929,exclude_pre,-1,2.3471982310616935e-05
gemma3-12b,g24a_fever_69030,admit_post,1,99.95477615513491
gemma3-12b,g24a_fever_69030,admit_pre,1,99.99862571196292
gemma3-12b,g24a_fever_69030,base,1,88.89500226240595
gemma3-12b,g24a_fever_69030,exclude_post,1,24.852727079400623
gemma3-12b,g24a_fever_69030,exclude_pre,1,66.62549087948645
gemma3-12b,g24a_fever_69798,admit_post,-1,33.40293430180136
gemma3-12b,g24a_fever_69798,admit_pre,-1,0.00045061748741472143
gemma3-12b,g24a_fever_69798,base,-1,1.5651078247109472e-05
gemma3-12b,g24a_fever_69798,exclude_post,-1,0.0003572084360139551
gemma3-12b,g24a_fever_69798,exclude_pre,-1,0.0012366465219624603
gemma3-12b,g24a_fever_70604,admit_post,1,99.95475979522124
gemma3-12b,g24a_fever_70604,admit_pre,1,99.9256292163622
gemma3-12b,g24a_fever_70604,base,1,99.9978267734925
gemma3-12b,g24a_fever_70604,exclude_post,1,99.95093859152482
gemma3-12b,g24a_fever_70604,exclude_pre,1,83.76697673388347
gemma3-12b,g24a_fever_73113,admit_post,-1,4.405005075390753e-06
gemma3-12b,g24a_fever_73113,admit_pre,-1,8.26659641732483e-06
gemma3-12b,g24a_fever_73113,base,-1,11.053415791998724
gemma3-12b,g24a_fever_73113,exclude_post,-1,0.006980979219028766
gemma3-12b,g24a_fever_73113,exclude_pre,-1,0.0010834042514598957
gemma3-12b,g24a_fever_73372,admit_post,1,99.99520605300638
gemma3-12b,g24a_fever_73372,admit_pre,1,99.98696911526665
gemma3-12b,g24a_fever_73372,base,1,99.99936538406183
gemma3-12b,g24a_fever_73372,exclude_post,1,78.92159063957796
gemma3-12b,g24a_fever_73372,exclude_pre,1,55.538591551363915
gemma3-12b,g24a_fever_74188,admit_post,-1,0.3256965642730906
gemma3-12b,g24a_fever_74188,admit_pre,-1,4.864720734541376
gemma3-12b,g24a_fever_74188,base,-1,11.106974937371245
gemma3-12b,g24a_fever_74188,exclude_post,-1,0.255384872280289
gemma3-12b,g24a_fever_74188,exclude_pre,-1,11.232461118930068
gemma3-12b,g24a_fever_7419,admit_post,1,99.99723357630893
gemma3-12b,g24a_fever_7419,admit_pre,1,99.99663548007841
gemma3-12b,g24a_fever_7419,base,1,99.99988467356542
gemma3-12b,g24a_fever_7419,exclude_post,1,98.43833204173012
gemma3-12b,g24a_fever_7419,exclude_pre,1,99.99824078425219
gemma3-12b,g24a_fever_74645,admit_post,-1,0.03154377530241281
gemma3-12b,g24a_fever_74645,admit_pre,-1,0.0755062494568077
gemma3-12b,g24a_fever_74645,base,-1,0.0025640870129650575
gemma3-12b,g24a_fever_74645,exclude_post,-1,0.002586143660046117
gemma3-12b,g24a_fever_74645,exclude_pre,-1,0.00024358304085380833
gemma3-12b,g24a_fever_74961,admit_post,1,99.99520355909414
gemma3-12b,g24a_fever_74961,admit_pre,1,99.99963503562371
gemma3-12b,g24a_fever_74961,base,1,91.36333140978061
gemma3-12b,g24a_fever_74961,exclude_post,1,99.95903758027923
gemma3-12b,g24a_fever_74961,exclude_pre,1,90.47668668212252
gemma3-12b,g24a_fever_75393,admit_post,-1,36.30557920766935
gemma3-12b,g24a_fever_75393,admit_pre,-1,11.104986938443563
gemma3-12b,g24a_fever_75393,base,-1,58.474574261415924
gemma3-12b,g24a_fever_75393,exclude_post,-1,54.784609256005204
gemma3-12b,g24a_fever_75393,exclude_pre,-1,46.926314317479445
gemma3-12b,g24a_fever_75621,admit_post,-1,1.3573597180365905e-05
gemma3-12b,g24a_fever_75621,admit_pre,-1,4.175276644145148e-05
gemma3-12b,g24a_fever_75621,base,-1,0.00013099675627890157
gemma3-12b,g24a_fever_75621,exclude_post,-1,0.000321860363784733
gemma3-12b,g24a_fever_75621,exclude_pre,-1,0.00019176125749595664
gemma3-12b,g24a_fever_75922,admit_post,1,21.5548040283919
gemma3-12b,g24a_fever_75922,admit_pre,1,33.99537013359338
gemma3-12b,g24a_fever_75922,base,1,66.992328040559
gemma3-12b,g24a_fever_75922,exclude_post,1,55.58080377761403
gemma3-12b,g24a_fever_75922,exclude_pre,1,66.68239988298814
gemma3-12b,g24a_fever_76097,admit_post,-1,2.547948391258875e-05
gemma3-12b,g24a_fever_76097,admit_pre,-1,4.197151978777445e-05
gemma3-12b,g24a_fever_76097,base,-1,99.99419165198294
gemma3-12b,g24a_fever_76097,exclude_post,-1,0.0008505617850851733
gemma3-12b,g24a_fever_76097,exclude_pre,-1,99.95978011242977
gemma3-12b,g24a_fever_77834,admit_post,1,99.99978261080271
gemma3-12b,g24a_fever_77834,admit_pre,1,99.99985777225447
gemma3-12b,g24a_fever_77834,base,1,94.44444396449201
gemma3-12b,g24a_fever_77834,exclude_post,1,99.99042586871717
gemma3-12b,g24a_fever_77834,exclude_pre,1,99.99271576964586
gemma3-12b,g24a_fever_78683,admit_post,1,99.99980009042375
gemma3-12b,g24a_fever_78683,admit_pre,1,99.99990655051437
gemma3-12b,g24a_fever_78683,base,1,0.008283140972791769
gemma3-12b,g24a_fever_78683,exclude_post,1,99.99634914555863
gemma3-12b,g24a_fever_78683,exclude_pre,1,1.1020301661617735
gemma3-12b,g24a_fever_79437,admit_post,1,99.92563363048738
gemma3-12b,g24a_fever_79437,admit_pre,1,99.99904425510526
gemma3-12b,g24a_fever_79437,base,1,77.65791488480835
gemma3-12b,g24a_fever_79437,exclude_post,1,89.94798299871519
gemma3-12b,g24a_fever_79437,exclude_pre,1,66.37049018517871
gemma3-12b,g24a_fever_80075,admit_post,1,88.93407111936601
gemma3-12b,g24a_fever_80075,admit_pre,1,99.87785632457111
gemma3-12b,g24a_fever_80075,base,1,99.99847247821577
gemma3-12b,g24a_fever_80075,exclude_post,1,99.99274768512346
gemma3-12b,g24a_fever_80075,exclude_pre,1,98.67321746478017
gemma3-12b,g24a_fever_81029,admit_post,1,99.99981528444476
gemma3-12b,g24a_fever_81029,admit_pre,1,99.99981423960013
gemma3-12b,g24a_fever_81029,base,1,11.512882981072728
gemma3-12b,g24a_fever_81029,exclude_post,1,99.99918848794451
gemma3-12b,g24a_fever_81029,exclude_pre,1,99.99873882628935
gemma3-12b,g24a_fever_81046,admit_post,1,88.92413590427418
gemma3-12b,g24a_fever_81046,admit_pre,1,89.1441913657952
gemma3-12b,g24a_fever_81046,base,1,88.94688464331743
gemma3-12b,g24a_fever_81046,exclude_post,1,77.8378603311801
gemma3-12b,g24a_fever_81046,exclude_pre,1,82.6412233654053
gemma3-12b,g24a_fever_82602,admit_post,-1,2.8656592847798568e-05
gemma3-12b,g24a_fever_82602,admit_pre,-1,3.684985200097645e-05
gemma3-12b,g24a_fever_82602,base,-1,1.9749354934775794e-05
gemma3-12b,g24a_fever_82602,exclude_post,-1,2.329303710879348e-05
gemma3-12b,g24a_fever_82602,exclude_pre,-1,0.00035318164251083175
gemma3-12b,g24a_fever_83880,admit_post,-1,4.761161963866371e-05
gemma3-12b,g24a_fever_83880,admit_pre,-1,7.887517141481849e-05
gemma3-12b,g24a_fever_83880,base,-1,99.99872619384031
gemma3-12b,g24a_fever_83880,exclude_post,-1,10.592926800498745
gemma3-12b,g24a_fever_83880,exclude_pre,-1,0.00012994779388728902
gemma3-12b,g24a_fever_84274,admit_post,-1,1.966085488188956e-05
gemma3-12b,g24a_fever_84274,admit_pre,-1,2.5347902359935064e-05
gemma3-12b,g24a_fever_84274,base,-1,0.0017613593533212224
gemma3-12b,g24a_fever_84274,exclude_post,-1,0.0008334779013005279
gemma3-12b,g24a_fever_84274,exclude_pre,-1,0.0010890218630463298
gemma3-12b,g24a_fever_84775,admit_post,-1,0.006144286860393607
gemma3-12b,g24a_fever_84775,admit_pre,-1,0.00021122124596701484
gemma3-12b,g24a_fever_84775,base,-1,2.91174737230227e-05
gemma3-12b,g24a_fever_84775,exclude_post,-1,1.2121044893408159e-05
gemma3-12b,g24a_fever_84775,exclude_pre,-1,55.40332392352016
gemma3-12b,g24a_fever_84970,admit_post,1,99.99980913025063
gemma3-12b,g24a_fever_84970,admit_pre,1,99.99991822998153
gemma3-12b,g24a_fever_84970,base,1,99.99961073745173
gemma3-12b,g24a_fever_84970,exclude_post,1,55.50367171930561
gemma3-12b,g24a_fever_84970,exclude_pre,1,55.43734157496054
gemma3-12b,g24a_fever_88150,admit_post,1,99.99990310165268
gemma3-12b,g24a_fever_88150,admit_pre,1,99.9998152363153
gemma3-12b,g24a_fever_88150,base,1,99.99960134235354
gemma3-12b,g24a_fever_88150,exclude_post,1,99.74049619905604
gemma3-12b,g24a_fever_88150,exclude_pre,1,99.99494277532472
gemma3-12b,g24a_fever_88251,admit_post,-1,0.013004891335453057
gemma3-12b,g24a_fever_88251,admit_pre,-1,0.09531384315665642
gemma3-12b,g24a_fever_88251,base,-1,2.4744624508036046
gemma3-12b,g24a_fever_88251,exclude_post,-1,0.0399660145445483
gemma3-12b,g24a_fever_88251,exclude_pre,-1,0.027483094708923753
gemma3-12b,g24a_fever_89213,admit_post,-1,89.08871445084363
gemma3-12b,g24a_fever_89213,admit_pre,-1,89.04514205705955
gemma3-12b,g24a_fever_89213,base,-1,66.98953313797033
gemma3-12b,g24a_fever_89213,exclude_post,-1,55.541128334675314
gemma3-12b,g24a_fever_89213,exclude_pre,-1,60.165265212827194
gemma3-12b,g24a_fever_89681,admit_post,-1,4.736579622517937e-05
gemma3-12b,g24a_fever_89681,admit_pre,-1,3.053704087725293e-05
gemma3-12b,g24a_fever_89681,base,-1,11.076305426078877
gemma3-12b,g24a_fever_89681,exclude_post,-1,55.54086419312936
gemma3-12b,g24a_fever_89681,exclude_pre,-1,0.006756210737774346
gemma3-12b,g24a_fever_89771,admit_post,1,90.9158312942404
gemma3-12b,g24a_fever_89771,admit_pre,1,98.67551940542657
gemma3-12b,g24a_fever_89771,base,1,63.68067664853613
gemma3-12b,g24a_fever_89771,exclude_post,1,55.54224929138866
gemma3-12b,g24a_fever_89771,exclude_pre,1,55.72658234579596
gemma3-12b,g24a_fever_90446,admit_post,-1,0.0001126283490810661
gemma3-12b,g24a_fever_90446,admit_pre,-1,7.914117949415293e-05
gemma3-12b,g24a_fever_90446,base,-1,9.996756711933721e-05
gemma3-12b,g24a_fever_90446,exclude_post,-1,0.00013224064572916225
gemma3-12b,g24a_fever_90446,exclude_pre,-1,6.127281086650889e-05
gemma3-12b,g24a_fever_91599,admit_post,1,99.99989406248807
gemma3-12b,g24a_fever_91599,admit_pre,1,99.99955241157184
gemma3-12b,g24a_fever_91599,base,1,99.99965769906972
gemma3-12b,g24a_fever_91599,exclude_post,1,99.99160765014334
gemma3-12b,g24a_fever_91599,exclude_pre,1,99.99728289516241
gemma3-12b,g24a_fever_91767,admit_post,-1,4.175610283712836e-05
gemma3-12b,g24a_fever_91767,admit_pre,-1,0.00011378088261667201
gemma3-12b,g24a_fever_91767,base,-1,0.0012109035247500144
gemma3-12b,g24a_fever_91767,exclude_post,-1,2.984657113718683e-05
gemma3-12b,g24a_fever_91767,exclude_pre,-1,6.947500400365103e-05
gemma3-12b,g24a_fever_91973,admit_post,-1,6.97050444284893e-05
gemma3-12b,g24a_fever_91973,admit_pre,-1,6.106756376036272e-05
gemma3-12b,g24a_fever_91973,base,-1,1.3531322387861249e-05
gemma3-12b,g24a_fever_91973,exclude_post,-1,3.1420939721074e-06
gemma3-12b,g24a_fever_91973,exclude_pre,-1,9.52417069234106e-06
gemma3-12b,g24a_fever_92374,admit_post,1,99.99944889745225
gemma3-12b,g24a_fever_92374,admit_pre,1,99.99991519420455
gemma3-12b,g24a_fever_92374,base,1,91.87712429815609
gemma3-12b,g24a_fever_92374,exclude_post,1,99.99408851886491
gemma3-12b,g24a_fever_92374,exclude_pre,1,99.99777296441583
gemma3-12b,g24a_fever_92430,admit_post,-1,3.0161303311870975e-06
gemma3-12b,g24a_fever_92430,admit_pre,-1,6.3805252794113785e-06
gemma3-12b,g24a_fever_92430,base,-1,9.32225341089018e-06
gemma3-12b,g24a_fever_92430,exclude_post,-1,5.730148710922361e-06
gemma3-12b,g24a_fever_92430,exclude_pre,-1,1.2031947345354658e-05
gemma3-12b,g24a_fever_93018,admit_post,-1,11.054481655630369
gemma3-12b,g24a_fever_93018,admit_pre,-1,0.0015624915419946766
gemma3-12b,g24a_fever_93018,base,-1,54.85481162028366
gemma3-12b,g24a_fever_93018,exclude_post,-1,1.061279966067754
gemma3-12b,g24a_fever_93018,exclude_pre,-1,0.0079439827933655
gemma3-12b,g24a_fever_93646,admit_post,-1,88.87589141671937
gemma3-12b,g24a_fever_93646,admit_pre,-1,88.93403105086696
gemma3-12b,g24a_fever_93646,base,-1,89.11950874771617
gemma3-12b,g24a_fever_93646,exclude_post,-1,54.23389012028126
gemma3-12b,g24a_fever_93646,exclude_pre,-1,2.3445168353792907
gemma3-12b,g24a_fever_93855,admit_post,-1,88.04775260493963
gemma3-12b,g24a_fever_93855,admit_pre,-1,17.788433126691256
gemma3-12b,g24a_fever_93855,base,-1,35.334106351408785
gemma3-12b,g24a_fever_93855,exclude_post,-1,55.53122080010539
gemma3-12b,g24a_fever_93855,exclude_pre,-1,55.388520407734646
gemma3-12b,g24a_fever_94500,admit_post,1,99.97848297414946
gemma3-12b,g24a_fever_94500,admit_pre,1,99.74468540552894
gemma3-12b,g24a_fever_94500,base,1,88.88301656538742
gemma3-12b,g24a_fever_94500,exclude_post,1,88.93020345512477
gemma3-12b,g24a_fever_94500,exclude_pre,1,88.89494342598965
gemma3-12b,g24a_fever_94918,admit_post,-1,6.384276856041312e-06
gemma3-12b,g24a_fever_94918,admit_pre,-1,8.268586666042533e-06
gemma3-12b,g24a_fever_94918,base,-1,6.402846048629102e-06
gemma3-12b,g24a_fever_94918,exclude_post,-1,7.413339057547188e-06
gemma3-12b,g24a_fever_94918,exclude_pre,-1,7.316748936867411e-06
gemma3-12b,g24a_fever_95056,admit_post,1,77.77841527660158
gemma3-12b,g24a_fever_95056,admit_pre,1,77.78588046888126
gemma3-12b,g24a_fever_95056,base,1,48.74881314326195
gemma3-12b,g24a_fever_95056,exclude_post,1,42.42504278811277
gemma3-12b,g24a_fever_95056,exclude_pre,1,43.95279202850035
gemma3-12b,g24a_fever_9532,admit_post,1,99.97252483321992
gemma3-12b,g24a_fever_9532,admit_pre,1,99.99626066280992
gemma3-12b,g24a_fever_9532,base,1,99.96454551503516
gemma3-12b,g24a_fever_9532,exclude_post,1,99.98489211654304
gemma3-12b,g24a_fever_9532,exclude_pre,1,55.547010477784816
gemma3-12b,g24a_fever_9533,admit_post,1,99.98700331220519
gemma3-12b,g24a_fever_9533,admit_pre,1,99.99521421783714
gemma3-12b,g24a_fever_9533,base,1,90.91580801802394
gemma3-12b,g24a_fever_9533,exclude_post,1,98.93950516079575
gemma3-12b,g24a_fever_9533,exclude_pre,1,56.248943326244984
gemma3-12b,g24a_fever_95518,admit_post,-1,0.005422554169382067
gemma3-12b,g24a_fever_95518,admit_pre,-1,6.931338221311883e-05
gemma3-12b,g24a_fever_95518,base,-1,0.0017704866317653813
gemma3-12b,g24a_fever_95518,exclude_post,-1,55.328830740904884
gemma3-12b,g24a_fever_95518,exclude_pre,-1,55.54086272743766
gemma3-12b,g24a_fever_96576,admit_post,1,99.99975871501
gemma3-12b,g24a_fever_96576,admit_pre,1,99.99521064772848
gemma3-12b,g24a_fever_96576,base,1,99.99937298555523
gemma3-12b,g24a_fever_96576,exclude_post,1,99.99438992077647
gemma3-12b,g24a_fever_96576,exclude_pre,1,55.547602104719395
gemma3-12b,g24a_fever_9762,admit_post,1,99.99925964172937
gemma3-12b,g24a_fever_9762,admit_pre,1,99.99844125508619
gemma3-12b,g24a_fever_9762,base,1,82.64247900659657
gemma3-12b,g24a_fever_9762,exclude_post,1,55.85561733526097
gemma3-12b,g24a_fever_9762,exclude_pre,1,98.93764187493916
gemma3-12b,g24a_fever_97886,admit_post,-1,1.5272293593962573e-05
gemma3-12b,g24a_fever_97886,admit_pre,-1,3.679363662908243e-05
gemma3-12b,g24a_fever_97886,base,-1,4.773861716764669e-07
gemma3-12b,g24a_fever_97886,exclude_post,-1,1.8725650569245381e-06
gemma3-12b,g24a_fever_97886,exclude_pre,-1,1.6573270849073146e-06
gemma3-12b,g24a_fever_98810,admit_post,1,99.33236843131164
gemma3-12b,g24a_fever_98810,admit_pre,1,93.08366899076896
gemma3-12b,g24a_fever_98810,base,1,77.97436031797916
gemma3-12b,g24a_fever_98810,exclude_post,1,88.89966410809649
gemma3-12b,g24a_fever_98810,exclude_pre,1,88.95710429228092
gemma3-12b,g24a_fever_99060,admit_post,-1,0.001371475861358866
gemma3-12b,g24a_fever_99060,admit_pre,-1,1.535424857247798e-05
gemma3-12b,g24a_fever_99060,base,-1,0.00023849615114852226
gemma3-12b,g24a_fever_99060,exclude_post,-1,4.815036515775969e-05
gemma3-12b,g24a_fever_99060,exclude_pre,-1,0.1091324888597799
gemma3-12b,g24a_scifact_1015,admit_post,1,77.62163611567911
gemma3-12b,g24a_scifact_1015,admit_pre,1,77.7328983662758
gemma3-12b,g24a_scifact_1015,base,1,66.72436117646457
gemma3-12b,g24a_scifact_1015,exclude_post,1,55.498209902322564
gemma3-12b,g24a_scifact_1015,exclude_pre,1,77.78905703000993
gemma3-12b,g24a_scifact_1018,admit_post,1,87.56442179665116
gemma3-12b,g24a_scifact_1018,admit_pre,1,88.88778021548256
gemma3-12b,g24a_scifact_1018,base,1,55.37563201400263
gemma3-12b,g24a_scifact_1018,exclude_post,1,66.69933511916986
gemma3-12b,g24a_scifact_1018,exclude_pre,1,66.70218856490298
gemma3-12b,g24a_scifact_1042,admit_post,-1,67.19318870239118
gemma3-12b,g24a_scifact_1042,admit_pre,-1,77.6568970484503
gemma3-12b,g24a_scifact_1042,base,-1,55.555555358697966
gemma3-12b,g24a_scifact_1042,exclude_post,-1,22.248088606992866
gemma3-12b,g24a_scifact_1042,exclude_pre,-1,55.517246826762445
gemma3-12b,g24a_scifact_1043,admit_post,1,88.47415274993338
gemma3-12b,g24a_scifact_1043,admit_pre,1,88.8436781513661
gemma3-12b,g24a_scifact_1043,base,1,66.66379102294687
gemma3-12b,g24a_scifact_1043,exclude_post,1,61.663416950944416
gemma3-12b,g24a_scifact_1043,exclude_pre,1,77.64330069003228
gemma3-12b,g24a_scifact_1044,admit_post,1,85.32420973583973
gemma3-12b,g24a_scifact_1044,admit_pre,1,84.02417999783786
gemma3-12b,g24a_scifact_1044,base,1,32.66569150375626
gemma3-12b,g24a_scifact_1044,exclude_post,1,0.26137836684563376
gemma3-12b,g24a_scifact_1044,exclude_pre,1,77.76438401207442
gemma3-12b,g24a_scifact_1050,admit_post,-1,11.107928921009083
gemma3-12b,g24a_scifact_1050,admit_pre,-1,11.104251961005106
gemma3-12b,g24a_scifact_1050,base,-1,11.084285362053278
gemma3-12b,g24a_scifact_1050,exclude_post,-1,7.547392328598789
gemma3-12b,g24a_scifact_1050,exclude_pre,-1,9.78756515909604
gemma3-12b,g24a_scifact_1062,admit_post,1,78.30455846411525
gemma3-12b,g24a_scifact_1062,admit_pre,1,87.82962341764127
gemma3-12b,g24a_scifact_1062,base,1,53.53118476622316
gemma3-12b,g24a_scifact_1062,exclude_post,1,47.29272575404617
gemma3-12b,g24a_scifact_1062,exclude_pre,1,55.347291370285255
gemma3-12b,g24a_scifact_1069,admit_post,1,88.89499857849344
gemma3-12b,g24a_scifact_1069,admit_pre,1,88.92413529601272
gemma3-12b,g24a_scifact_1069,base,1,64.19087497379168
gemma3-12b,g24a_scifact_1069,exclude_post,1,77.96786179052043
gemma3-12b,g24a_scifact_1069,exclude_pre,1,88.88850093782648
gemma3-12b,g24a_scifact_1086,admit_post,1,88.88537274181135
gemma3-12b,g24a_scifact_1086,admit_pre,1,88.88951138951404
gemma3-12b,g24a_scifact_1086,base,1,66.59257439429338
gemma3-12b,g24a_scifact_1086,exclude_post,1,48.928129584363006
gemma3-12b,g24a_scifact_1086,exclude_pre,1,77.82011569266592
gemma3-12b,g24a_scifact_1087,admit_post,-1,1.0594548799155799
gemma3-12b,g24a_scifact_1087,admit_pre,-1,11.075929105871081
gemma3-12b,g24a_scifact_1087,base,-1,55.7978744390959
gemma3-12b,g24a_scifact_1087,exclude_post,-1,0.04528122403280955
gemma3-12b,g24a_scifact_1087,exclude_pre,-1,0.76925320261692
gemma3-12b,g24a_scifact_1088,admit_post,-1,88.8801346428412
gemma3-12b,g24a_scifact_1088,admit_pre,-1,88.89479238310254
gemma3-12b,g24a_scifact_1088,base,-1,77.81294256497684
gemma3-12b,g24a_scifact_1088,exclude_post,-1,66.58260919315022
gemma3-12b,g24a_scifact_1088,exclude_pre,-1,78.83647277311938
gemma3-12b,g24a_scifact_1101,admit_post,-1,11.066280504638181
gemma3-12b,g24a_scifact_1101,admit_pre,-1,10.976261813694101
gemma3-12b,g24a_scifact_1101,base,-1,61.79653539715938
gemma3-12b,g24a_scifact_1101,exclude_post,-1,11.063425603007412
gemma3-12b,g24a_scifact_1101,exclude_pre,-1,59.77086240461821
gemma3-12b,g24a_scifact_1102,admit_post,1,88.88295668266333
gemma3-12b,g24a_scifact_1102,admit_pre,1,88.88493549117477
gemma3-12b,g24a_scifact_1102,base,1,55.344891006582785
gemma3-12b,g24a_scifact_1102,exclude_post,1,88.85446248336736
gemma3-12b,g24a_scifact_1102,exclude_pre,1,78.43300721530086
gemma3-12b,g24a_scifact_1107,admit_post,1,66.66531247649769
gemma3-12b,g24a_scifact_1107,admit_pre,1,66.86602290449919
gemma3-12b,g24a_scifact_1107,base,1,79.42275462890326
gemma3-12b,g24a_scifact_1107,exclude_post,1,55.913381157612484
gemma3-12b,g24a_scifact_1107,exclude_pre,1,77.76921801385527
gemma3-12b,g24a_scifact_1110,admit_post,-1,19.233480326511753
gemma3-12b,g24a_scifact_1110,admit_pre,-1,19.746804192546996
gemma3-12b,g24a_scifact_1110,base,-1,11.098326980370656
gemma3-12b,g24a_scifact_1110,exclude_post,-1,22.355029404494882
gemma3-12b,g24a_scifact_1110,exclude_pre,-1,19.748203749015836
gemma3-12b,g24a_scifact_1121,admit_post,1,88.88736660231011
gemma3-12b,g24a_scifact_1121,admit_pre,1,88.89098534329287
gemma3-12b,g24a_scifact_1121,base,1,77.79060923863824
gemma3-12b,g24a_scifact_1121,exclude_post,1,55.458663361587604
gemma3-12b,g24a_scifact_1121,exclude_pre,1,77.69834375231558
gemma3-12b,g24a_scifact_1127,admit_post,1,88.73367583663476
gemma3-12b,g24a_scifact_1127,admit_pre,1,88.895011973483
gemma3-12b,g24a_scifact_1127,base,1,88.88607436698747
gemma3-12b,g24a_scifact_1127,exclude_post,1,54.94274366120537
gemma3-12b,g24a_scifact_1127,exclude_pre,1,77.67235455984327
gemma3-12b,g24a_scifact_1128,admit_post,1,66.65950107698873
gemma3-12b,g24a_scifact_1128,admit_pre,1,78.30459680709065
gemma3-12b,g24a_scifact_1128,base,1,88.36194207733534
gemma3-12b,g24a_scifact_1128,exclude_post,1,54.734162944030466
gemma3-12b,g24a_scifact_1128,exclude_pre,1,66.3541332763546
gemma3-12b,g24a_scifact_1130,admit_post,-1,0.002564777687691944
gemma3-12b,g24a_scifact_1130,admit_pre,-1,0.0002161727173467927
gemma3-12b,g24a_scifact_1130,base,-1,66.6645172071038
gemma3-12b,g24a_scifact_1130,exclude_post,-1,0.003301968957915182
gemma3-12b,g24a_scifact_1130,exclude_pre,-1,56.27804170329586
gemma3-12b,g24a_scifact_1132,admit_post,1,77.82125499887474
gemma3-12b,g24a_scifact_1132,admit_pre,1,88.87236999947498
gemma3-12b,g24a_scifact_1132,base,1,77.57807227994905
gemma3-12b,g24a_scifact_1132,exclude_post,1,37.75236552476625
gemma3-12b,g24a_scifact_1132,exclude_pre,1,66.57834006050642
gemma3-12b,g24a_scifact_114,admit_post,1,78.10316928410276
gemma3-12b,g24a_scifact_114,admit_pre,1,88.87881149955052
gemma3-12b,g24a_scifact_114,base,1,88.88800662170937
gemma3-12b,g24a_scifact_114,exclude_post,1,55.53376830137685
gemma3-12b,g24a_scifact_114,exclude_pre,1,66.85050237496452
gemma3-12b,g24a_scifact_1146,admit_post,1,21.379860165523056
gemma3-12b,g24a_scifact_1146,admit_pre,1,66.58369590452966
gemma3-12b,g24a_scifact_1146,base,1,50.688326302035165
gemma3-12b,g24a_scifact_1146,exclude_post,1,55.530008900281196
gemma3-12b,g24a_scifact_1146,exclude_pre,1,66.61905807746928
gemma3-12b,g24a_scifact_1148,admit_post,1,77.97528179264076
gemma3-12b,g24a_scifact_1148,admit_pre,1,77.81974218238372
gemma3-12b,g24a_scifact_1148,base,1,66.64644158494576
gemma3-12b,g24a_scifact_1148,exclude_post,1,55.537615251450916
gemma3-12b,g24a_scifact_1148,exclude_pre,1,65.33874230113658
gemma3-12b,g24a_scifact_115,admit_post,-1,21.695494081348556
gemma3-12b,g24a_scifact_115,admit_pre,-1,17.355622561885596
gemma3-12b,g24a_scifact_115,base,-1,9.466143085827017
gemma3-12b,g24a_scifact_115,exclude_post,-1,54.87066925323651
gemma3-12b,g24a_scifact_115,exclude_pre,-1,8.637968865594077
gemma3-12b,g24a_scifact_116,admit_post,1,84.02412956693655
gemma3-12b,g24a_scifact_116,admit_pre,1,77.52263281749029
gemma3-12b,g24a_scifact_116,base,1,88.89260864514878
gemma3-12b,g24a_scifact_116,exclude_post,1,66.83165164701387
gemma3-12b,g24a_scifact_116,exclude_pre,1,84.0241512789976
gemma3-12b,g24a_scifact_1162,admit_post,1,88.7942213625829
gemma3-12b,g24a_scifact_1162,admit_pre,1,88.9341062921805
gemma3-12b,g24a_scifact_1162,base,1,55.555555449868585
gemma3-12b,g24a_scifact_1162,exclude_post,1,55.2889727449526
gemma3-12b,g24a_scifact_1162,exclude_pre,1,55.51415250972855
gemma3-12b,g24a_scifact_1163,admit_post,1,67.50924609286352
gemma3-12b,g24a_scifact_1163,admit_pre,1,66.73966433280934
gemma3-12b,g24a_scifact_1163,base,1,55.783331246718994
gemma3-12b,g24a_scifact_1163,exclude_post,1,55.47907174130887
gemma3-12b,g24a_scifact_1163,exclude_pre,1,56.739479501597685
gemma3-12b,g24a_scifact_1176,admit_post,1,88.89491824798841
gemma3-12b,g24a_scifact_1176,admit_pre,1,89.55651402219578
gemma3-12b,g24a_scifact_1176,base,1,78.83721339103407
gemma3-12b,g24a_scifact_1176,exclude_post,1,55.43350047003719
gemma3-12b,g24a_scifact_1176,exclude_pre,1,68.6641085570515
gemma3-12b,g24a_scifact_1177,admit_post,1,87.56448141661673
gemma3-12b,g24a_scifact_1177,admit_pre,1,88.89164643098906
gemma3-12b,g24a_scifact_1177,base,1,55.75120370128397
gemma3-12b,g24a_scifact_1177,exclude_post,1,54.93406910475678
gemma3-12b,g24a_scifact_1177,exclude_pre,1,88.57577879352814
gemma3-12b,g24a_scifact_118,admit_post,1,87.24395332272321
gemma3-12b,g24a_scifact_118,admit_pre,1,88.89463787792221
gemma3-12b,g24a_scifact_118,base,1,77.78028742475936
gemma3-12b,g24a_scifact_118,exclude_post,1,54.52687102433558
gemma3-12b,g24a_scifact_118,exclude_pre,1,43.04751840620991
gemma3-12b,g24a_scifact_1180,admit_post,1,88.84843789329469
gemma3-12b,g24a_scifact_1180,admit_pre,1,88.91020931944756
gemma3-12b,g24a_scifact_1180,base,1,55.53266632459061
gemma3-12b,g24a_scifact_1180,exclude_post,1,55.48917553015293
gemma3-12b,g24a_scifact_1180,exclude_pre,1,55.52576054037252
gemma3-12b,g24a_scifact_1182,admit_post,1,88.86145145893853
gemma3-12b,g24a_scifact_1182,admit_pre,1,88.88865922303017
gemma3-12b,g24a_scifact_1182,base,1,88.89138963225224
gemma3-12b,g24a_scifact_1182,exclude_post,1,59.13756879539983
gemma3-12b,g24a_scifact_1182,exclude_pre,1,88.2214389331248
gemma3-12b,g24a_scifact_1187,admit_post,1,88.86798319835658
gemma3-12b,g24a_scifact_1187,admit_pre,1,88.68967726628739
gemma3-12b,g24a_scifact_1187,base,1,88.885240104626
gemma3-12b,g24a_scifact_1187,exclude_post,1,78.8331404807463
gemma3-12b,g24a_scifact_1187,exclude_pre,1,77.75673791382002
gemma3-12b,g24a_scifact_1202,admit_post,1,81.97268595839301
gemma3-12b,g24a_scifact_1202,admit_pre,1,88.88123998898033
gemma3-12b,g24a_scifact_1202,base,1,66.65946587181642
gemma3-12b,g24a_scifact_1202,exclude_post,1,55.35858581262261
gemma3-12b,g24a_scifact_1202,exclude_pre,1,48.880752120172005
gemma3-12b,g24a_scifact_1220,admit_post,1,88.8891898047674
gemma3-12b,g24a_scifact_1220,admit_pre,1,88.91632102876177
gemma3-12b,g24a_scifact_1220,base,1,77.57794965793705
gemma3-12b,g24a_scifact_1220,exclude_post,1,77.71329557276182
gemma3-12b,g24a_scifact_1220,exclude_pre,1,89.04359215332641
gemma3-12b,g24a_scifact_1223,admit_post,-1,77.78149500621068
gemma3-12b,g24a_scifact_1223,admit_pre,-1,77.73328700712645
gemma3-12b,g24a_scifact_1223,base,-1,66.76195715127456
gemma3-12b,g24a_scifact_1223,exclude_post,-1,55.53289311514666
gemma3-12b,g24a_scifact_1223,exclude_pre,-1,55.625131642693745
gemma3-12b,g24a_scifact_1229,admit_post,1,77.8040498285894
gemma3-12b,g24a_scifact_1229,admit_pre,1,88.76689351157484
gemma3-12b,g24a_scifact_1229,base,1,66.60965031655394
gemma3-12b,g24a_scifact_1229,exclude_post,1,50.24055998051064
gemma3-12b,g24a_scifact_1229,exclude_pre,1,77.78775548326563
gemma3-12b,g24a_scifact_1237,admit_post,-1,19.745916701996936
gemma3-12b,g24a_scifact_1237,admit_pre,-1,12.753306710313586
gemma3-12b,g24a_scifact_1237,base,-1,56.18803779223705
gemma3-12b,g24a_scifact_1237,exclude_post,-1,51.90890742583833
gemma3-12b,g24a_scifact_1237,exclude_pre,-1,52.821342175737605
gemma3-12b,g24a_scifact_1238,admit_post,1,88.8856666986333
gemma3-12b,g24a_scifact_1238,admit_pre,1,88.63361821698452
gemma3-12b,g24a_scifact_1238,base,1,88.88412999745479
gemma3-12b,g24a_scifact_1238,exclude_post,1,55.39951940404938
gemma3-12b,g24a_scifact_1238,exclude_pre,1,77.87154535977659
gemma3-12b,g24a_scifact_1239,admit_post,-1,20.89789988927095
gemma3-12b,g24a_scifact_1239,admit_pre,-1,2.4884631136585993
gemma3-12b,g24a_scifact_1239,base,-1,23.280841963249475
gemma3-12b,g24a_scifact_1239,exclude_post,-1,0.26888540894496266
gemma3-12b,g24a_scifact_1239,exclude_pre,-1,55.53528685109659
gemma3-12b,g24a_scifact_1241,admit_post,1,88.88849870254006
gemma3-12b,g24a_scifact_1241,admit_pre,1,88.90183019671235
gemma3-12b,g24a_scifact_1241,base,1,88.90556049881954
gemma3-12b,g24a_scifact_1241,exclude_post,1,77.72988258737087
gemma3-12b,g24a_scifact_1241,exclude_pre,1,88.74656509948005
gemma3-12b,g24a_scifact_1246,admit_post,-1,11.129621302192072
gemma3-12b,g24a_scifact_1246,admit_pre,-1,11.117511476732094
gemma3-12b,g24a_scifact_1246,base,-1,22.221018551114508
gemma3-12b,g24a_scifact_1246,exclude_post,-1,11.03427272820738
gemma3-12b,g24a_scifact_1246,exclude_pre,-1,20.575521250974095
gemma3-12b,g24a_scifact_1248,admit_post,1,88.8869223626082
gemma3-12b,g24a_scifact_1248,admit_pre,1,88.88381366134041
gemma3-12b,g24a_scifact_1248,base,1,77.7201669649284
gemma3-12b,g24a_scifact_1248,exclude_post,1,55.353269558656635
gemma3-12b,g24a_scifact_1248,exclude_pre,1,85.90167549431693
gemma3-12b,g24a_scifact_1249,admit_post,-1,13.122147534877897
gemma3-12b,g24a_scifact_1249,admit_pre,-1,14.66440289922714
gemma3-12b,g24a_scifact_1249,base,-1,77.36312428745688
gemma3-12b,g24a_scifact_1249,exclude_post,-1,10.783825986796472
gemma3-12b,g24a_scifact_1249,exclude_pre,-1,55.54861469871099
gemma3-12b,g24a_scifact_1254,admit_post,1,88.79366898607212
gemma3-12b,g24a_scifact_1254,admit_pre,1,88.88888872129714
gemma3-12b,g24a_scifact_1254,base,1,81.97268486325294
gemma3-12b,g24a_scifact_1254,exclude_post,1,55.37731989900915
gemma3-12b,g24a_scifact_1254,exclude_pre,1,78.18761373576845
gemma3-12b,g24a_scifact_1258,admit_post,1,77.2509835390286
gemma3-12b,g24a_scifact_1258,admit_pre,1,58.02729618610432
gemma3-12b,g24a_scifact_1258,base,1,66.46536269018435
gemma3-12b,g24a_scifact_1258,exclude_post,1,55.52536987211019
gemma3-12b,g24a_scifact_1258,exclude_pre,1,60.40106990058674
gemma3-12b,g24a_scifact_1259,admit_post,1,88.89107174541165
gemma3-12b,g24a_scifact_1259,admit_pre,1,88.88918976538986
gemma3-12b,g24a_scifact_1259,base,1,67.72609275588874
gemma3-12b,g24a_scifact_1259,exclude_post,1,80.24633589461283
gemma3-12b,g24a_scifact_1259,exclude_pre,1,88.88735675844318
gemma3-12b,g24a_scifact_1260,admit_post,-1,11.184976383056842
gemma3-12b,g24a_scifact_1260,admit_pre,-1,11.110222166359824
gemma3-12b,g24a_scifact_1260,base,-1,32.27404154725858
gemma3-12b,g24a_scifact_1260,exclude_post,-1,11.136250337378316
gemma3-12b,g24a_scifact_1260,exclude_pre,-1,9.466526610640512
gemma3-12b,g24a_scifact_1261,admit_post,-1,88.88805925957541
gemma3-12b,g24a_scifact_1261,admit_pre,-1,88.88975200948963
gemma3-12b,g24a_scifact_1261,base,-1,66.62170651662662
gemma3-12b,g24a_scifact_1261,exclude_post,-1,87.24405067337311
gemma3-12b,g24a_scifact_1261,exclude_pre,-1,88.86972002346447
gemma3-12b,g24a_scifact_1262,admit_post,1,88.22137685032449
gemma3-12b,g24a_scifact_1262,admit_pre,1,88.83375928686809
gemma3-12b,g24a_scifact_1262,base,1,78.10345248357339
gemma3-12b,g24a_scifact_1262,exclude_post,1,55.50727358354293
gemma3-12b,g24a_scifact_1262,exclude_pre,1,69.09431628607959
gemma3-12b,g24a_scifact_1263,admit_post,1,88.89084310344398
gemma3-12b,g24a_scifact_1263,admit_pre,1,88.89251560965614
gemma3-12b,g24a_scifact_1263,base,1,88.88707947100391
gemma3-12b,g24a_scifact_1263,exclude_post,1,10.386152708604707
gemma3-12b,g24a_scifact_1263,exclude_pre,1,88.57079940234149
gemma3-12b,g24a_scifact_1271,admit_post,1,88.88982910487685
gemma3-12b,g24a_scifact_1271,admit_pre,1,88.89673753385867
gemma3-12b,g24a_scifact_1271,base,1,66.67371908362087
gemma3-12b,g24a_scifact_1271,exclude_post,1,55.444509998109496
gemma3-12b,g24a_scifact_1271,exclude_pre,1,76.45392313000796
gemma3-12b,g24a_scifact_1273,admit_post,1,77.83506129183239
gemma3-12b,g24a_scifact_1273,admit_pre,1,88.91025562514056
gemma3-12b,g24a_scifact_1273,base,1,55.555555436531456
gemma3-12b,g24a_scifact_1273,exclude_post,1,66.78065597234492
gemma3-12b,g24a_scifact_1273,exclude_pre,1,66.67512829175057
gemma3-12b,g24a_scifact_1274,admit_post,1,88.8536875210577
gemma3-12b,g24a_scifact_1274,admit_pre,1,88.22126995999737
gemma3-12b,g24a_scifact_1274,base,1,66.67674589043466
gemma3-12b,g24a_scifact_1274,exclude_post,1,54.88473229163403
gemma3-12b,g24a_scifact_1274,exclude_pre,1,67.07686676618398
gemma3-12b,g24a_scifact_1303,admit_post,-1,11.20536739785833
gemma3-12b,g24a_scifact_1303,admit_pre,-1,21.972694813679706
gemma3-12b,g24a_scifact_1303,base,-1,55.54494973884583
gemma3-12b,g24a_scifact_1303,exclude_post,-1,0.10801694610185802
gemma3-12b,g24a_scifact_1303,exclude_pre,-1,55.51559128147472
gemma3-12b,g24a_scifact_1305,admit_post,1,89.01095410590632
gemma3-12b,g24a_scifact_1305,admit_pre,1,88.79373745631109
gemma3-12b,g24a_scifact_1305,base,1,55.450159664401575
gemma3-12b,g24a_scifact_1305,exclude_post,1,81.34072468116128
gemma3-12b,g24a_scifact_1305,exclude_pre,1,72.22494311360148
gemma3-12b,g24a_scifact_1311,admit_post,1,88.22132268780058
gemma3-12b,g24a_scifact_1311,admit_pre,1,88.63371534497156
gemma3-12b,g24a_scifact_1311,base,1,77.76781866777715
gemma3-12b,g24a_scifact_1311,exclude_post,1,84.69379500410622
gemma3-12b,g24a_scifact_1311,exclude_pre,1,77.68940690729772
gemma3-12b,g24a_scifact_1319,admit_post,1,88.36222054422895
gemma3-12b,g24a_scifact_1319,admit_pre,1,88.88958114390451
gemma3-12b,g24a_scifact_1319,base,1,66.51052894961637
gemma3-12b,g24a_scifact_1319,exclude_post,1,55.377003726217566
gemma3-12b,g24a_scifact_1319,exclude_pre,1,55.43836526808744
gemma3-12b,g24a_scifact_1320,admit_post,-1,11.098141726786947
gemma3-12b,g24a_scifact_1320,admit_pre,-1,11.107623979479529
gemma3-12b,g24a_scifact_1320,base,-1,35.36145678184098
gemma3-12b,g24a_scifact_1320,exclude_post,-1,11.102904267097935
gemma3-12b,g24a_scifact_1320,exclude_pre,-1,11.10903619836297
gemma3-12b,g24a_scifact_1322,admit_post,1,84.69403537607685
gemma3-12b,g24a_scifact_1322,admit_pre,1,88.88381318753486
gemma3-12b,g24a_scifact_1322,base,1,66.66559287272395
gemma3-12b,g24a_scifact_1322,exclude_post,1,55.416327343448636
gemma3-12b,g24a_scifact_1322,exclude_pre,1,55.510791085183705
gemma3-12b,g24a_scifact_1328,admit_post,1,88.88819589813937
gemma3-12b,g24a_scifact_1328,admit_pre,1,88.89877325715283
gemma3-12b,g24a_scifact_1328,base,1,72.91305259544308
gemma3-12b,g24a_scifact_1328,exclude_post,1,55.22726692472148
gemma3-12b,g24a_scifact_1328,exclude_pre,1,77.80826794043655
gemma3-12b,g24a_scifact_1333,admit_post,1,80.25222373570475
gemma3-12b,g24a_scifact_1333,admit_pre,1,88.63581791922188
gemma3-12b,g24a_scifact_1333,base,1,66.60926308645229
gemma3-12b,g24a_scifact_1333,exclude_post,1,27.939663946129922
gemma3-12b,g24a_scifact_1333,exclude_pre,1,84.69389286397994
gemma3-12b,g24a_scifact_1339,admit_post,-1,11.065944213594356
gemma3-12b,g24a_scifact_1339,admit_pre,-1,11.083725552023456
gemma3-12b,g24a_scifact_1339,base,-1,33.37465532150233
gemma3-12b,g24a_scifact_1339,exclude_post,-1,10.051799652417335
gemma3-12b,g24a_scifact_1339,exclude_pre,-1,0.12210784242648758
gemma3-12b,g24a_scifact_1340,admit_post,1,89.04511480258564
gemma3-12b,g24a_scifact_1340,admit_pre,1,97.01175275907616
gemma3-12b,g24a_scifact_1340,base,1,88.88725598272457
gemma3-12b,g24a_scifact_1340,exclude_post,1,55.13153314113282
gemma3-12b,g24a_scifact_1340,exclude_pre,1,66.31301770672563
gemma3-12b,g24a_scifact_1341,admit_post,1,88.91635526829668
gemma3-12b,g24a_scifact_1341,admit_pre,1,89.30362944574382
gemma3-12b,g24a_scifact_1341,base,1,85.32421000660109
gemma3-12b,g24a_scifact_1341,exclude_post,1,52.21392187281285
gemma3-12b,g24a_scifact_1341,exclude_pre,1,88.88994334293768
gemma3-12b,g24a_scifact_1346,admit_post,1,88.88420368926204
gemma3-12b,g24a_scifact_1346,admit_pre,1,88.88724065197039
gemma3-12b,g24a_scifact_1346,base,1,88.88760544990726
gemma3-12b,g24a_scifact_1346,exclude_post,1,53.76290159670792
gemma3-12b,g24a_scifact_1346,exclude_pre,1,78.3022745016018
gemma3-12b,g24a_scifact_1351,admit_post,-1,77.83379667609137
gemma3-12b,g24a_scifact_1351,admit_pre,-1,77.87021080222257
gemma3-12b,g24a_scifact_1351,base,-1,66.70118595165329
gemma3-12b,g24a_scifact_1351,exclude_post,-1,4.9302939258167555
gemma3-12b,g24a_scifact_1351,exclude_pre,-1,76.22922071281116
gemma3-12b,g24a_scifact_1366,admit_post,1,77.87251908702063
gemma3-12b,g24a_scifact_1366,admit_pre,1,88.04605243517132
gemma3-12b,g24a_scifact_1366,base,1,55.44889505722992
gemma3-12b,g24a_scifact_1366,exclude_post,1,49.9305769606646
gemma3-12b,g24a_scifact_1366,exclude_pre,1,66.65772309143044
gemma3-12b,g24a_scifact_1371,admit_post,1,88.73266257522907
gemma3-12b,g24a_scifact_1371,admit_pre,1,88.88280680975227
gemma3-12b,g24a_scifact_1371,base,1,88.22128044684297
gemma3-12b,g24a_scifact_1371,exclude_post,1,56.57009735264058
gemma3-12b,g24a_scifact_1371,exclude_pre,1,77.78827966820351
gemma3-12b,g24a_scifact_1376,admit_post,-1,78.10244991397113
gemma3-12b,g24a_scifact_1376,admit_pre,-1,77.81880065963789
gemma3-12b,g24a_scifact_1376,base,-1,54.50225466807321
gemma3-12b,g24a_scifact_1376,exclude_post,-1,11.116464894601753
gemma3-12b,g24a_scifact_1376,exclude_pre,-1,53.97774990148722
gemma3-12b,g24a_scifact_1381,admit_post,1,77.77728257995538
gemma3-12b,g24a_scifact_1381,admit_pre,1,66.66885643563889
gemma3-12b,g24a_scifact_1381,base,1,55.55555544503739
gemma3-12b,g24a_scifact_1381,exclude_post,1,48.18870182628647
gemma3-12b,g24a_scifact_1381,exclude_pre,1,55.34311206396777
gemma3-12b,g24a_scifact_1392,admit_post,1,88.89484519854685
gemma3-12b,g24a_scifact_1392,admit_pre,1,88.89211027103775
gemma3-12b,g24a_scifact_1392,base,1,55.54727779572133
gemma3-12b,g24a_scifact_1392,exclude_post,1,66.24776696996902
gemma3-12b,g24a_scifact_1392,exclude_pre,1,37.55552339882409
gemma3-12b,g24a_scifact_142,admit_post,-1,11.307603932971976
gemma3-12b,g24a_scifact_142,admit_pre,-1,11.10748590075718
gemma3-12b,g24a_scifact_142,base,-1,55.27142964415935
gemma3-12b,g24a_scifact_142,exclude_post,-1,7.727122046526683
gemma3-12b,g24a_scifact_142,exclude_pre,-1,13.105763385316825
gemma3-12b,g24a_scifact_143,admit_post,1,88.36196623747725
gemma3-12b,g24a_scifact_143,admit_pre,1,85.32428986398435
gemma3-12b,g24a_scifact_143,base,1,55.555555357473665
gemma3-12b,g24a_scifact_143,exclude_post,1,63.62392377060563
gemma3-12b,g24a_scifact_143,exclude_pre,1,77.6872305305588
gemma3-12b,g24a_scifact_148,admit_post,1,81.97259852830535
gemma3-12b,g24a_scifact_148,admit_pre,1,77.87275255256999
gemma3-12b,g24a_scifact_148,base,1,87.56441254577413
gemma3-12b,g24a_scifact_148,exclude_post,1,55.510892678107716
gemma3-12b,g24a_scifact_148,exclude_pre,1,79.80459643219257
gemma3-12b,g24a_scifact_155,admit_post,1,79.80368819607088
gemma3-12b,g24a_scifact_155,admit_pre,1,65.31152382702047
gemma3-12b,g24a_scifact_155,base,1,55.555555441198926
gemma3-12b,g24a_scifact_155,exclude_post,1,54.21824944516179
gemma3-12b,g24a_scifact_155,exclude_pre,1,55.53709635599685
gemma3-12b,g24a_scifact_156,admit_post,-1,78.44524341428429
gemma3-12b,g24a_scifact_156,admit_pre,-1,81.34240521078128
gemma3-12b,g24a_scifact_156,base,-1,55.55555540602755
gemma3-12b,g24a_scifact_156,exclude_post,-1,55.405246629925664
gemma3-12b,g24a_scifact_156,exclude_pre,-1,49.5286427981904
gemma3-12b,g24a_scifact_157,admit_post,1,88.88599334289376
gemma3-12b,g24a_scifact_157,admit_pre,1,88.88777559707398
gemma3-12b,g24a_scifact_157,base,1,55.55555526306397
gemma3-12b,g24a_scifact_157,exclude_post,1,54.92366461903951
gemma3-12b,g24a_scifact_157,exclude_pre,1,88.88886086682967
gemma3-12b,g24a_scifact_197,admit_post,1,77.78970213094976
gemma3-12b,g24a_scifact_197,admit_pre,1,74.78979897305422
gemma3-12b,g24a_scifact_197,base,1,99.99969195514298
gemma3-12b,g24a_scifact_197,exclude_post,1,58.2513165216499
gemma3-12b,g24a_scifact_197,exclude_pre,1,77.75061185922827
gemma3-12b,g24a_scifact_212,admit_post,-1,87.56441867483191
gemma3-12b,g24a_scifact_212,admit_pre,-1,77.79308855872935
gemma3-12b,g24a_scifact_212,base,-1,55.54993232249291
gemma3-12b,g24a_scifact_212,exclude_post,-1,48.384278833490356
gemma3-12b,g24a_scifact_212,exclude_pre,-1,11.050190361221404
gemma3-12b,g24a_scifact_218,admit_post,1,88.89299819855063
gemma3-12b,g24a_scifact_218,admit_pre,1,88.89173068578714
gemma3-12b,g24a_scifact_218,base,1,55.55555536431042
gemma3-12b,g24a_scifact_218,exclude_post,1,88.88919146526797
gemma3-12b,g24a_scifact_218,exclude_pre,1,87.56446116958051
gemma3-12b,g24a_scifact_219,admit_post,-1,88.89087897638025
gemma3-12b,g24a_scifact_219,admit_pre,-1,88.8891434286738
gemma3-12b,g24a_scifact_219,base,-1,55.55555539017038
gemma3-12b,g24a_scifact_219,exclude_post,-1,88.87887668457965
gemma3-12b,g24a_scifact_219,exclude_pre,-1,88.88663305526362
gemma3-12b,g24a_scifact_22,admit_post,1,88.90551541074196
gemma3-12b,g24a_scifact_22,admit_pre,1,88.9101975680536
gemma3-12b,g24a_scifact_22,base,1,77.81276223484775
gemma3-12b,g24a_scifact_22,exclude_post,1,88.88207053669512
gemma3-12b,g24a_scifact_22,exclude_pre,1,78.30412601010359
gemma3-12b,g24a_scifact_223,admit_post,1,84.02430370102685
gemma3-12b,g24a_scifact_223,admit_pre,1,88.83098511580903
gemma3-12b,g24a_scifact_223,base,1,66.54475930894041
gemma3-12b,g24a_scifact_223,exclude_post,1,62.396561571658104
gemma3-12b,g24a_scifact_223,exclude_pre,1,66.80773675300847
gemma3-12b,g24a_scifact_227,admit_post,1,95.80510201187785
gemma3-12b,g24a_scifact_227,admit_pre,1,99.98330969990492
gemma3-12b,g24a_scifact_227,base,1,88.88766230940858
gemma3-12b,g24a_scifact_227,exclude_post,1,66.66522113861916
gemma3-12b,g24a_scifact_227,exclude_pre,1,78.28955628637628
gemma3-12b,g24a_scifact_228,admit_post,1,88.87591921191856
gemma3-12b,g24a_scifact_228,admit_pre,1,88.85364815802433
gemma3-12b,g24a_scifact_228,base,1,44.330262791245886
gemma3-12b,g24a_scifact_228,exclude_post,1,77.7111986912229
gemma3-12b,g24a_scifact_228,exclude_pre,1,0.002621066074258868
gemma3-12b,g24a_scifact_239,admit_post,1,88.88415787963926
gemma3-12b,g24a_scifact_239,admit_pre,1,88.84368658106828
gemma3-12b,g24a_scifact_239,base,1,77.81296960175882
gemma3-12b,g24a_scifact_239,exclude_post,1,55.423028028086875
gemma3-12b,g24a_scifact_239,exclude_pre,1,65.00335355062835
gemma3-12b,g24a_scifact_243,admit_post,1,77.79824941672037
gemma3-12b,g24a_scifact_243,admit_pre,1,88.5632673625182
gemma3-12b,g24a_scifact_243,base,1,77.80513960872621
gemma3-12b,g24a_scifact_243,exclude_post,1,67.08226614936774
gemma3-12b,g24a_scifact_243,exclude_pre,1,77.82792769286097
gemma3-12b,g24a_scifact_256,admit_post,1,81.9726504523181
gemma3-12b,g24a_scifact_256,admit_pre,1,88.84378855637523
gemma3-12b,g24a_scifact_256,base,1,70.86156093853737
gemma3-12b,g24a_scifact_256,exclude_post,1,55.45966396349647
gemma3-12b,g24a_scifact_256,exclude_pre,1,52.21283567270094
gemma3-12b,g24a_scifact_280,admit_post,1,77.78415226038814
gemma3-12b,g24a_scifact_280,admit_pre,1,77.78591013040759
gemma3-12b,g24a_scifact_280,base,1,66.82286166826789
gemma3-12b,g24a_scifact_280,exclude_post,1,54.54697378878622
gemma3-12b,g24a_scifact_280,exclude_pre,1,75.31779537870305
gemma3-12b,g24a_scifact_283,admit_post,-1,3.5647285397494506
gemma3-12b,g24a_scifact_283,admit_pre,-1,0.6676384710178399
gemma3-12b,g24a_scifact_283,base,-1,8.122936466162425
gemma3-12b,g24a_scifact_283,exclude_post,-1,55.398460214081325
gemma3-12b,g24a_scifact_283,exclude_pre,-1,11.848743505290619
gemma3-12b,g24a_scifact_290,admit_post,-1,4.864710476982704
gemma3-12b,g24a_scifact_290,admit_pre,-1,11.065955655817834
gemma3-12b,g24a_scifact_290,base,-1,44.1190771805434
gemma3-12b,g24a_scifact_290,exclude_post,-1,11.12559486949282
gemma3-12b,g24a_scifact_290,exclude_pre,-1,20.193259456657852
gemma3-12b,g24a_scifact_292,admit_post,1,88.8882501261069
gemma3-12b,g24a_scifact_292,admit_pre,1,88.8887776427153
gemma3-12b,g24a_scifact_292,base,1,70.86157518022368
gemma3-12b,g24a_scifact_292,exclude_post,1,79.80423193898193
gemma3-12b,g24a_scifact_292,exclude_pre,1,85.32411477675666
gemma3-12b,g24a_scifact_295,admit_post,1,88.88287325962477
gemma3-12b,g24a_scifact_295,admit_pre,1,88.88888864913623
gemma3-12b,g24a_scifact_295,base,1,77.79907656130536
gemma3-12b,g24a_scifact_295,exclude_post,1,67.33066900981385
gemma3-12b,g24a_scifact_295,exclude_pre,1,77.68783533988704
gemma3-12b,g24a_scifact_3,admit_post,1,76.93502804830034
gemma3-12b,g24a_scifact_3,admit_pre,1,76.93524371897516
gemma3-12b,g24a_scifact_3,base,1,77.81298888775241
gemma3-12b,g24a_scifact_3,exclude_post,1,44.171139019480876
gemma3-12b,g24a_scifact_3,exclude_pre,1,37.50484087870016
gemma3-12b,g24a_scifact_30,admit_post,1,88.89673747298916
gemma3-12b,g24a_scifact_30,admit_pre,1,88.8900215105981
gemma3-12b,g24a_scifact_30,base,1,77.77499397022787
gemma3-12b,g24a_scifact_30,exclude_post,1,88.86600186558975
gemma3-12b,g24a_scifact_30,exclude_pre,1,88.88434212142069
gemma3-12b,g24a_scifact_308,admit_post,-1,88.88991490264172
gemma3-12b,g24a_scifact_308,admit_pre,-1,88.89169162569917
gemma3-12b,g24a_scifact_308,base,-1,66.70054441488078
gemma3-12b,g24a_scifact_308,exclude_post,-1,53.92237852670479
gemma3-12b,g24a_scifact_308,exclude_pre,-1,55.54753662485318
gemma3-12b,g24a_scifact_330,admit_post,-1,10.785452014434883
gemma3-12b,g24a_scifact_330,admit_pre,-1,10.584193504759304
gemma3-12b,g24a_scifact_330,base,-1,55.53454612474472
gemma3-12b,g24a_scifact_330,exclude_post,-1,10.051784419438308
gemma3-12b,g24a_scifact_330,exclude_pre,-1,11.104716417087474
gemma3-12b,g24a_scifact_335,admit_post,1,77.77165291627584
gemma3-12b,g24a_scifact_335,admit_pre,1,88.73265400944052
gemma3-12b,g24a_scifact_335,base,1,66.34166574864341
gemma3-12b,g24a_scifact_335,exclude_post,1,55.573276641003744
gemma3-12b,g24a_scifact_335,exclude_pre,1,60.41001888465465
gemma3-12b,g24a_scifact_34,admit_post,1,89.0450981421713
gemma3-12b,g24a_scifact_34,admit_pre,1,88.87037014934926
gemma3-12b,g24a_scifact_34,base,1,88.92413166596651
gemma3-12b,g24a_scifact_34,exclude_post,1,10.456440032995916
gemma3-12b,g24a_scifact_34,exclude_pre,1,76.940216476117
gemma3-12b,g24a_scifact_386,admit_post,1,88.89124373848779
gemma3-12b,g24a_scifact_386,admit_pre,1,88.890722913474
gemma3-12b,g24a_scifact_386,base,1,77.7855359911749
gemma3-12b,g24a_scifact_386,exclude_post,1,77.78324219220725
gemma3-12b,g24a_scifact_386,exclude_pre,1,77.96998163141444
gemma3-12b,g24a_scifact_394,admit_post,1,88.88888861835184
gemma3-12b,g24a_scifact_394,admit_pre,1,88.87603835707394
gemma3-12b,g24a_scifact_394,base,1,88.88727295787778
gemma3-12b,g24a_scifact_394,exclude_post,1,54.93374873283819
gemma3-12b,g24a_scifact_394,exclude_pre,1,54.23050111154549
gemma3-12b,g24a_scifact_426,admit_post,1,88.92547133658294
gemma3-12b,g24a_scifact_426,admit_pre,1,88.80686606727869
gemma3-12b,g24a_scifact_426,base,1,58.01897693562694
gemma3-12b,g24a_scifact_426,exclude_post,1,40.70310961896384
gemma3-12b,g24a_scifact_426,exclude_pre,1,55.51651265464657
gemma3-12b,g24a_scifact_428,admit_post,1,88.90016828478821
gemma3-12b,g24a_scifact_428,admit_pre,1,88.76780152720652
gemma3-12b,g24a_scifact_428,base,1,84.69400367087339
gemma3-12b,g24a_scifact_428,exclude_post,1,87.83058908549928
gemma3-12b,g24a_scifact_428,exclude_pre,1,55.58857064968824
gemma3-12b,g24a_scifact_436,admit_post,1,88.87926917355905
gemma3-12b,g24a_scifact_436,admit_pre,1,88.89670577738632
gemma3-12b,g24a_scifact_436,base,1,55.55555535389589
gemma3-12b,g24a_scifact_436,exclude_post,1,45.40934064124857
gemma3-12b,g24a_scifact_436,exclude_pre,1,48.91917524078009
gemma3-12b,g24a_scifact_441,admit_post,1,88.36253973182743
gemma3-12b,g24a_scifact_441,admit_pre,1,87.82957050283431
gemma3-12b,g24a_scifact_441,base,1,77.78269671736871
gemma3-12b,g24a_scifact_441,exclude_post,1,55.44523686307176
gemma3-12b,g24a_scifact_441,exclude_pre,1,55.78846840928914
gemma3-12b,g24a_scifact_444,admit_post,1,78.10301953475921
gemma3-12b,g24a_scifact_444,admit_pre,1,88.87603835875251
gemma3-12b,g24a_scifact_444,base,1,55.555555459554725
gemma3-12b,g24a_scifact_444,exclude_post,1,55.31392766029509
gemma3-12b,g24a_scifact_444,exclude_pre,1,77.79590162145344
gemma3-12b,g24a_scifact_455,admit_post,1,77.77951002125123
gemma3-12b,g24a_scifact_455,admit_pre,1,78.03261098832962
gemma3-12b,g24a_scifact_455,base,1,66.67951640558694
gemma3-12b,g24a_scifact_455,exclude_post,1,43.1517470059698
gemma3-12b,g24a_scifact_455,exclude_pre,1,69.14221431271292
gemma3-12b,g24a_scifact_46,admit_post,1,88.89062413393742
gemma3-12b,g24a_scifact_46,admit_pre,1,88.88911369128425
gemma3-12b,g24a_scifact_46,base,1,36.32263977435519
gemma3-12b,g24a_scifact_46,exclude_post,1,0.02305791520082523
gemma3-12b,g24a_scifact_46,exclude_pre,1,34.368632240208775
gemma3-12b,g24a_scifact_461,admit_post,1,88.89030236141464
gemma3-12b,g24a_scifact_461,admit_pre,1,88.89656363861779
gemma3-12b,g24a_scifact_461,base,1,66.61077012489122
gemma3-12b,g24a_scifact_461,exclude_post,1,88.86185632252443
gemma3-12b,g24a_scifact_461,exclude_pre,1,55.10346985932605
gemma3-12b,g24a_scifact_469,admit_post,1,77.78483365882003
gemma3-12b,g24a_scifact_469,admit_pre,1,78.03300082914048
gemma3-12b,g24a_scifact_469,base,1,66.68227580999053
gemma3-12b,g24a_scifact_469,exclude_post,1,54.91919580481624
gemma3-12b,g24a_scifact_469,exclude_pre,1,66.6619402072195
gemma3-12b,g24a_scifact_470,admit_post,1,99.99627105853955
gemma3-12b,g24a_scifact_470,admit_pre,1,99.9966973650023
gemma3-12b,g24a_scifact_470,base,1,99.99385725115005
gemma3-12b,g24a_scifact_470,exclude_post,1,69.35458037803717
gemma3-12b,g24a_scifact_470,exclude_pre,1,99.1548589495008
gemma3-12b,g24a_scifact_475,admit_post,1,78.44432584803322
gemma3-12b,g24a_scifact_475,admit_pre,1,77.82688972856825
gemma3-12b,g24a_scifact_475,base,1,99.99916289789445
gemma3-12b,g24a_scifact_475,exclude_post,1,77.72227368741477
gemma3-12b,g24a_scifact_475,exclude_pre,1,87.8294108115098
gemma3-12b,g24a_scifact_483,admit_post,1,77.57815814628209
gemma3-12b,g24a_scifact_483,admit_pre,1,77.76964917320565
gemma3-12b,g24a_scifact_483,base,1,66.6710525748245
gemma3-12b,g24a_scifact_483,exclude_post,1,55.843564448332856
gemma3-12b,g24a_scifact_483,exclude_pre,1,67.50913435728945
gemma3-12b,g24a_scifact_513,admit_post,-1,0.23658451996528773
gemma3-12b,g24a_scifact_513,admit_pre,-1,43.78979009551894
gemma3-12b,g24a_scifact_513,base,-1,1.324530676947002
gemma3-12b,g24a_scifact_513,exclude_post,-1,55.272720213786236
gemma3-12b,g24a_scifact_513,exclude_pre,-1,21.910604268369223
gemma3-12b,g24a_scifact_515,admit_post,1,88.88839241407399
gemma3-12b,g24a_scifact_515,admit_pre,1,88.7326508100466
gemma3-12b,g24a_scifact_515,base,1,77.77747795950174
gemma3-12b,g24a_scifact_515,exclude_post,1,53.47696632175081
gemma3-12b,g24a_scifact_515,exclude_pre,1,77.9309009226656
gemma3-12b,g24a_scifact_516,admit_post,-1,11.053254722958703
gemma3-12b,g24a_scifact_516,admit_pre,-1,11.076596548590214
gemma3-12b,g24a_scifact_516,base,-1,33.32558426310677
gemma3-12b,g24a_scifact_516,exclude_post,-1,10.068223228961273
gemma3-12b,g24a_scifact_516,exclude_pre,-1,10.078922964045423
gemma3-12b,g24a_scifact_523,admit_post,-1,11.434586658291671
gemma3-12b,g24a_scifact_523,admit_pre,-1,11.106524279441318
gemma3-12b,g24a_scifact_523,base,-1,66.63223506601224
gemma3-12b,g24a_scifact_523,exclude_post,-1,15.972216289612724
gemma3-12b,g24a_scifact_523,exclude_pre,-1,55.50558305000575
gemma3-12b,g24a_scifact_524,admit_post,1,77.76572451042402
gemma3-12b,g24a_scifact_524,admit_pre,1,77.78495431747628
gemma3-12b,g24a_scifact_524,base,1,55.57154430534127
gemma3-12b,g24a_scifact_524,exclude_post,1,53.73424586754698
gemma3-12b,g24a_scifact_524,exclude_pre,1,45.08530806231826
gemma3-12b,g24a_scifact_548,admit_post,1,88.79359574939073
gemma3-12b,g24a_scifact_548,admit_pre,1,88.88872643700603
gemma3-12b,g24a_scifact_548,base,1,76.45331629509614
gemma3-12b,g24a_scifact_548,exclude_post,1,55.48168470926576
gemma3-12b,g24a_scifact_548,exclude_pre,1,66.71165231172274
gemma3-12b,g24a_scifact_553,admit_post,-1,0.199859676499375
gemma3-12b,g24a_scifact_553,admit_pre,-1,0.06569524689155783
gemma3-12b,g24a_scifact_553,base,-1,66.71105859756204
gemma3-12b,g24a_scifact_553,exclude_post,-1,55.53837221667041
gemma3-12b,g24a_scifact_553,exclude_pre,-1,55.45983189890738
gemma3-12b,g24a_scifact_570,admit_post,1,88.88566680348681
gemma3-12b,g24a_scifact_570,admit_pre,1,88.89882596506887
gemma3-12b,g24a_scifact_570,base,1,77.78296022109953
gemma3-12b,g24a_scifact_570,exclude_post,1,55.5060575324743
gemma3-12b,g24a_scifact_570,exclude_pre,1,88.47472344170276
gemma3-12b,g24a_scifact_571,admit_post,-1,88.87232108334717
gemma3-12b,g24a_scifact_571,admit_pre,-1,88.89250237880677
gemma3-12b,g24a_scifact_571,base,-1,77.75041590963912
gemma3-12b,g24a_scifact_571,exclude_post,-1,67.72578438713863
gemma3-12b,g24a_scifact_571,exclude_pre,-1,83.3327441000314
gemma3-12b,g24a_scifact_578,admit_post,-1,88.88882163657861
gemma3-12b,g24a_scifact_578,admit_pre,-1,88.88923049242338
gemma3-12b,g24a_scifact_578,base,-1,56.87253332176743
gemma3-12b,g24a_scifact_578,exclude_post,-1,88.73325579312886
gemma3-12b,g24a_scifact_578,exclude_pre,-1,65.24361475203722
gemma3-12b,g24a_scifact_598,admit_post,-1,22.132809950078908
gemma3-12b,g24a_scifact_598,admit_pre,-1,22.023293141076202
gemma3-12b,g24a_scifact_598,base,-1,21.55447248663361
gemma3-12b,g24a_scifact_598,exclude_post,-1,16.42469637813666
gemma3-12b,g24a_scifact_598,exclude_pre,-1,22.159085408630446
gemma3-12b,g24a_scifact_603,admit_post,1,77.76572427395185
gemma3-12b,g24a_scifact_603,admit_pre,1,77.9337011144041
gemma3-12b,g24a_scifact_603,base,1,65.01782621983358
gemma3-12b,g24a_scifact_603,exclude_post,1,65.82289071110448
gemma3-12b,g24a_scifact_603,exclude_pre,1,57.12761994672063
gemma3-12b,g24a_scifact_625,admit_post,1,88.89242932510962
gemma3-12b,g24a_scifact_625,admit_pre,1,88.89667473645092
gemma3-12b,g24a_scifact_625,base,1,77.93403589323098
gemma3-12b,g24a_scifact_625,exclude_post,1,54.94387046226006
gemma3-12b,g24a_scifact_625,exclude_pre,1,77.80458569550109
gemma3-12b,g24a_scifact_632,admit_post,-1,88.88922210547047
gemma3-12b,g24a_scifact_632,admit_pre,-1,88.88907137993351
gemma3-12b,g24a_scifact_632,base,-1,65.60398057103896
gemma3-12b,g24a_scifact_632,exclude_post,-1,88.88532579665815
gemma3-12b,g24a_scifact_632,exclude_pre,-1,13.128790864536219
gemma3-12b,g24a_scifact_633,admit_post,-1,85.3242079393306
gemma3-12b,g24a_scifact_633,admit_pre,-1,82.64244978507003
gemma3-12b,g24a_scifact_633,base,-1,61.794698492742754
gemma3-12b,g24a_scifact_633,exclude_post,-1,20.896184144752812
gemma3-12b,g24a_scifact_633,exclude_pre,-1,11.12559896579949
gemma3-12b,g24a_scifact_640,admit_post,1,88.88202749046609
gemma3-12b,g24a_scifact_640,admit_pre,1,88.8839010149972
gemma3-12b,g24a_scifact_640,base,1,99.99819403970673
gemma3-12b,g24a_scifact_640,exclude_post,1,94.29209900153029
gemma3-12b,g24a_scifact_640,exclude_pre,1,88.98417690681717
gemma3-12b,g24a_scifact_653,admit_post,1,78.30434053503377
gemma3-12b,g24a_scifact_653,admit_pre,1,78.62049264266692
gemma3-12b,g24a_scifact_653,base,1,66.68768222327935
gemma3-12b,g24a_scifact_653,exclude_post,1,66.61709628421436
gemma3-12b,g24a_scifact_653,exclude_pre,1,66.69487874706346
gemma3-12b,g24a_scifact_67,admit_post,1,88.89237661878536
gemma3-12b,g24a_scifact_67,admit_pre,1,88.91571453448279
gemma3-12b,g24a_scifact_67,base,1,55.57932082406566
gemma3-12b,g24a_scifact_67,exclude_post,1,54.758333072788474
gemma3-12b,g24a_scifact_67,exclude_pre,1,0.08785900417469034
gemma3-12b,g24a_scifact_709,admit_post,1,66.66666055830967
gemma3-12b,g24a_scifact_709,admit_pre,1,65.33999127357447
gemma3-12b,g24a_scifact_709,base,1,55.55555547250888
gemma3-12b,g24a_scifact_709,exclude_post,1,55.49139695243862
gemma3-12b,g24a_scifact_709,exclude_pre,1,64.63428942116596
gemma3-12b,g24a_scifact_721,admit_post,1,88.7938131173015
gemma3-12b,g24a_scifact_721,admit_pre,1,88.86854324155672
gemma3-12b,g24a_scifact_721,base,1,66.67766095579891
gemma3-12b,g24a_scifact_721,exclude_post,1,56.16213557837971
gemma3-12b,g24a_scifact_721,exclude_pre,1,55.51318697368026
gemma3-12b,g24a_scifact_734,admit_post,1,77.36332967838472
gemma3-12b,g24a_scifact_734,admit_pre,1,55.89645154536706
gemma3-12b,g24a_scifact_734,base,1,67.19356618764611
gemma3-12b,g24a_scifact_734,exclude_post,1,41.253479911468794
gemma3-12b,g24a_scifact_734,exclude_pre,1,55.539814134599276
gemma3-12b,g24a_scifact_744,admit_post,1,88.0487498507864
gemma3-12b,g24a_scifact_744,admit_pre,1,88.84099387455566
gemma3-12b,g24a_scifact_744,base,1,77.89981756150053
gemma3-12b,g24a_scifact_744,exclude_post,1,54.75628260730542
gemma3-12b,g24a_scifact_744,exclude_pre,1,64.05525208365783
gemma3-12b,g24a_scifact_749,admit_post,1,88.8728535515829
gemma3-12b,g24a_scifact_749,admit_pre,1,88.89668628019379
gemma3-12b,g24a_scifact_749,base,1,99.58524971480324
gemma3-12b,g24a_scifact_749,exclude_post,1,56.48246322058991
gemma3-12b,g24a_scifact_749,exclude_pre,1,89.04431435963136
gemma3-12b,g24a_scifact_752,admit_post,1,77.80490657044606
gemma3-12b,g24a_scifact_752,admit_pre,1,88.84370550537518
gemma3-12b,g24a_scifact_752,base,1,55.80477984598071
gemma3-12b,g24a_scifact_752,exclude_post,1,55.530362437986994
gemma3-12b,g24a_scifact_752,exclude_pre,1,55.46796459576145
gemma3-12b,g24a_scifact_756,admit_post,1,99.96473873405927
gemma3-12b,g24a_scifact_756,admit_pre,1,99.94199570862438
gemma3-12b,g24a_scifact_756,base,1,88.92414069874087
gemma3-12b,g24a_scifact_756,exclude_post,1,99.26216121135268
gemma3-12b,g24a_scifact_756,exclude_pre,1,99.87781503211426
gemma3-12b,g24a_scifact_764,admit_post,-1,65.33937855203573
gemma3-12b,g24a_scifact_764,admit_pre,-1,56.60718580748224
gemma3-12b,g24a_scifact_764,base,-1,76.45330180407242
gemma3-12b,g24a_scifact_764,exclude_post,-1,42.80051454728101
gemma3-12b,g24a_scifact_764,exclude_pre,-1,45.50242397485235
gemma3-12b,g24a_scifact_784,admit_post,1,77.80452720132155
gemma3-12b,g24a_scifact_784,admit_pre,1,77.85097128064152
gemma3-12b,g24a_scifact_784,base,1,77.77228327534539
gemma3-12b,g24a_scifact_784,exclude_post,1,55.6661523148688
gemma3-12b,g24a_scifact_784,exclude_pre,1,77.80269233806892
gemma3-12b,g24a_scifact_789,admit_post,1,88.9163021117283
gemma3-12b,g24a_scifact_789,admit_pre,1,88.94670444125937
gemma3-12b,g24a_scifact_789,base,1,99.99912851803744
gemma3-12b,g24a_scifact_789,exclude_post,1,89.55475853092474
gemma3-12b,g24a_scifact_789,exclude_pre,1,89.3032373284917
gemma3-12b,g24a_scifact_790,admit_post,-1,11.684446202352074
gemma3-12b,g24a_scifact_790,admit_pre,-1,0.002278028105144435
gemma3-12b,g24a_scifact_790,base,-1,0.4148042505805655
gemma3-12b,g24a_scifact_790,exclude_post,-1,55.459099696427806
gemma3-12b,g24a_scifact_790,exclude_pre,-1,16.59086522592381
gemma3-12b,g24a_scifact_792,admit_post,1,88.89664652985708
gemma3-12b,g24a_scifact_792,admit_pre,1,88.89498393453363
gemma3-12b,g24a_scifact_792,base,1,88.88760541967778
gemma3-12b,g24a_scifact_792,exclude_post,1,55.45407136146791
gemma3-12b,g24a_scifact_792,exclude_pre,1,77.79719435599365
gemma3-12b,g24a_scifact_793,admit_post,-1,0.19984962457027136
gemma3-12b,g24a_scifact_793,admit_pre,-1,0.00034847331426265314
gemma3-12b,g24a_scifact_793,base,-1,11.098145055374623
gemma3-12b,g24a_scifact_793,exclude_post,-1,0.00024017824695309463
gemma3-12b,g24a_scifact_793,exclude_pre,-1,55.53172079571033
gemma3-12b,g24a_scifact_795,admit_post,1,88.56335712106453
gemma3-12b,g24a_scifact_795,admit_pre,1,88.68965993267072
gemma3-12b,g24a_scifact_795,base,1,88.88888875847812
gemma3-12b,g24a_scifact_795,exclude_post,1,55.57277746265523
gemma3-12b,g24a_scifact_795,exclude_pre,1,70.033042885306
gemma3-12b,g24a_scifact_797,admit_post,1,89.04513796978853
gemma3-12b,g24a_scifact_797,admit_pre,1,98.94055940907855
gemma3-12b,g24a_scifact_797,base,1,99.97252457069297
gemma3-12b,g24a_scifact_797,exclude_post,1,67.04631993892048
gemma3-12b,g24a_scifact_797,exclude_pre,1,88.76757971748856
gemma3-12b,g24a_scifact_798,admit_post,-1,11.10894335654583
gemma3-12b,g24a_scifact_798,admit_pre,-1,11.205981277419465
gemma3-12b,g24a_scifact_798,base,-1,22.20227601661997
gemma3-12b,g24a_scifact_798,exclude_post,-1,11.117682903893952
gemma3-12b,g24a_scifact_798,exclude_pre,-1,54.497624378465225
gemma3-12b,g24a_scifact_804,admit_post,1,77.522545183151
gemma3-12b,g24a_scifact_804,admit_pre,1,66.78810587444224
gemma3-12b,g24a_scifact_804,base,1,55.555555189305196
gemma3-12b,g24a_scifact_804,exclude_post,1,55.49132635262572
gemma3-12b,g24a_scifact_804,exclude_pre,1,74.21434418989472
gemma3-12b,g24a_scifact_811,admit_post,-1,10.955154837638734
gemma3-12b,g24a_scifact_811,admit_pre,-1,9.084340720899622
gemma3-12b,g24a_scifact_811,base,-1,56.86904778622295
gemma3-12b,g24a_scifact_811,exclude_post,-1,0.044581546678000454
gemma3-12b,g24a_scifact_811,exclude_pre,-1,55.55790187208385
gemma3-12b,g24a_scifact_837,admit_post,1,88.89037914649066
gemma3-12b,g24a_scifact_837,admit_pre,1,88.89160532196436
gemma3-12b,g24a_scifact_837,base,1,66.65589786118088
gemma3-12b,g24a_scifact_837,exclude_post,1,55.47969143959458
gemma3-12b,g24a_scifact_837,exclude_pre,1,70.85941651186675
gemma3-12b,g24a_scifact_839,admit_post,1,88.88903204890553
gemma3-12b,g24a_scifact_839,admit_pre,1,88.88942399045757
gemma3-12b,g24a_scifact_839,base,1,77.7803336062211
gemma3-12b,g24a_scifact_839,exclude_post,1,88.86152502102077
gemma3-12b,g24a_scifact_839,exclude_pre,1,78.83647290764615
gemma3-12b,g24a_scifact_860,admit_post,1,12.157844383254549
gemma3-12b,g24a_scifact_860,admit_pre,1,11.135686747772064
gemma3-12b,g24a_scifact_860,base,1,45.35930862158559
gemma3-12b,g24a_scifact_860,exclude_post,1,12.015719189404306
gemma3-12b,g24a_scifact_860,exclude_pre,1,60.542993722079814
gemma3-12b,g24a_scifact_88,admit_post,1,88.90542411879592
gemma3-12b,g24a_scifact_88,admit_pre,1,88.91634029950825
gemma3-12b,g24a_scifact_88,base,1,77.110169025405
gemma3-12b,g24a_scifact_88,exclude_post,1,54.76041072787355
gemma3-12b,g24a_scifact_88,exclude_pre,1,57.50066083693295
gemma3-12b,g24a_scifact_904,admit_post,1,88.89850674296342
gemma3-12b,g24a_scifact_904,admit_pre,1,89.0109337364252
gemma3-12b,g24a_scifact_904,base,1,56.612528335853526
gemma3-12b,g24a_scifact_904,exclude_post,1,55.508681723802724
gemma3-12b,g24a_scifact_904,exclude_pre,1,77.88698169489192
gemma3-12b,g24a_scifact_917,admit_post,1,88.88431489826553
gemma3-12b,g24a_scifact_917,admit_pre,1,88.89363142569461
gemma3-12b,g24a_scifact_917,base,1,57.184298459725454
gemma3-12b,g24a_scifact_917,exclude_post,1,78.83705152583542
gemma3-12b,g24a_scifact_917,exclude_pre,1,88.89035363553349
gemma3-12b,g24a_scifact_919,admit_post,1,88.87340782364001
gemma3-12b,g24a_scifact_919,admit_pre,1,88.88754096626589
gemma3-12b,g24a_scifact_919,base,1,83.33333769586334
gemma3-12b,g24a_scifact_919,exclude_post,1,53.925300191759725
gemma3-12b,g24a_scifact_919,exclude_pre,1,77.79514597254014
gemma3-12b,g24a_scifact_921,admit_post,1,67.50947169119199
gemma3-12b,g24a_scifact_921,admit_pre,1,66.64369147137673
gemma3-12b,g24a_scifact_921,base,1,75.7508308911794
gemma3-12b,g24a_scifact_921,exclude_post,1,44.367595586172364
gemma3-12b,g24a_scifact_921,exclude_pre,1,66.62793346594583
gemma3-12b,g24a_scifact_926,admit_post,1,77.87294140469392
gemma3-12b,g24a_scifact_926,admit_pre,1,88.83092153262938
gemma3-12b,g24a_scifact_926,base,1,66.6685820484669
gemma3-12b,g24a_scifact_926,exclude_post,1,53.88943507970404
gemma3-12b,g24a_scifact_926,exclude_pre,1,43.252629189053366
gemma3-12b,g24a_scifact_927,admit_post,-1,61.10265617732206
gemma3-12b,g24a_scifact_927,admit_pre,-1,69.65486140605793
gemma3-12b,g24a_scifact_927,base,-1,33.313676132187126
gemma3-12b,g24a_scifact_927,exclude_post,-1,22.18244191015293
gemma3-12b,g24a_scifact_927,exclude_pre,-1,55.346616400926735
gemma3-12b,g24a_scifact_935,admit_post,1,77.79381653094775
gemma3-12b,g24a_scifact_935,admit_pre,1,88.87230759906504
gemma3-12b,g24a_scifact_935,base,1,53.795040644995595
gemma3-12b,g24a_scifact_935,exclude_post,1,55.485534151352375
gemma3-12b,g24a_scifact_935,exclude_pre,1,55.54354772641696
gemma3-12b,g24a_scifact_965,admit_post,1,78.10339374068954
gemma3-12b,g24a_scifact_965,admit_pre,1,84.69399476161236
gemma3-12b,g24a_scifact_965,base,1,88.68904278264216
gemma3-12b,g24a_scifact_965,exclude_post,1,55.38069580281594
gemma3-12b,g24a_scifact_965,exclude_pre,1,77.76333361761415
gemma3-12b,g24a_scifact_967,admit_post,1,88.89222190566068
gemma3-12b,g24a_scifact_967,admit_pre,1,88.89653566525354
gemma3-12b,g24a_scifact_967,base,1,55.52061063930322
gemma3-12b,g24a_scifact_967,exclude_post,1,43.21154575048089
gemma3-12b,g24a_scifact_967,exclude_pre,1,55.066560602123154
gemma3-12b,g24a_scifact_98,admit_post,-1,78.0326451774012
gemma3-12b,g24a_scifact_98,admit_pre,-1,66.66123429081868
gemma3-12b,g24a_scifact_98,base,-1,66.41106911681615
gemma3-12b,g24a_scifact_98,exclude_post,-1,65.80865079890053
gemma3-12b,g24a_scifact_98,exclude_pre,-1,66.51154678872514
gemma3-12b,g24a_scifact_984,admit_post,1,77.80354739218706
gemma3-12b,g24a_scifact_984,admit_pre,1,88.88249069108343
gemma3-12b,g24a_scifact_984,base,1,55.656099386959816
gemma3-12b,g24a_scifact_984,exclude_post,1,66.66074745721954
gemma3-12b,g24a_scifact_984,exclude_pre,1,56.7401769297181
gemma3-12b,g24a_scifact_985,admit_post,1,66.67015934291317
gemma3-12b,g24a_scifact_985,admit_pre,1,76.45350319764617
gemma3-12b,g24a_scifact_985,base,1,55.87511930396183
gemma3-12b,g24a_scifact_985,exclude_post,1,44.443697088179974
gemma3-12b,g24a_scifact_985,exclude_pre,1,63.08126394449779
llama31-8b,g24a_fever_100683,admit_post,-1,8.153565222164845
llama31-8b,g24a_fever_100683,admit_pre,-1,20.537127814641067
llama31-8b,g24a_fever_100683,base,-1,4.305800151162199
llama31-8b,g24a_fever_100683,exclude_post,-1,3.996982438719338
llama31-8b,g24a_fever_100683,exclude_pre,-1,9.309595996934059
llama31-8b,g24a_fever_100684,admit_post,1,95.79734518693675
llama31-8b,g24a_fever_100684,admit_pre,1,98.80499972543342
llama31-8b,g24a_fever_100684,base,1,99.95407925118366
llama31-8b,g24a_fever_100684,exclude_post,1,51.72428912071554
llama31-8b,g24a_fever_100684,exclude_pre,1,98.13823668914301
llama31-8b,g24a_fever_100832,admit_post,1,95.79892749952147
llama31-8b,g24a_fever_100832,admit_pre,1,99.98035088192336
llama31-8b,g24a_fever_100832,base,1,99.74230559539107
llama31-8b,g24a_fever_100832,exclude_post,1,50.52733372726504
llama31-8b,g24a_fever_100832,exclude_pre,1,89.04401984525683
llama31-8b,g24a_fever_101027,admit_post,1,93.07421994147772
llama31-8b,g24a_fever_101027,admit_pre,1,95.42600867892071
llama31-8b,g24a_fever_101027,base,1,96.67256356200389
llama31-8b,g24a_fever_101027,exclude_post,1,57.27804535217908
llama31-8b,g24a_fever_101027,exclude_pre,1,99.12872793043874
llama31-8b,g24a_fever_101062,admit_post,-1,1.967976286159465
llama31-8b,g24a_fever_101062,admit_pre,-1,1.3176593233553477
llama31-8b,g24a_fever_101062,base,-1,0.23929664152416205
llama31-8b,g24a_fever_101062,exclude_post,-1,1.3643999805350153
llama31-8b,g24a_fever_101062,exclude_pre,-1,0.1971217535029421
llama31-8b,g24a_fever_101322,admit_post,-1,4.4765884305364985
llama31-8b,g24a_fever_101322,admit_pre,-1,7.48076164453527
llama31-8b,g24a_fever_101322,base,-1,0.3446358620944921
llama31-8b,g24a_fever_101322,exclude_post,-1,22.27119448015497
llama31-8b,g24a_fever_101322,exclude_pre,-1,0.24307749919307836
llama31-8b,g24a_fever_102352,admit_post,1,98.66536137111412
llama31-8b,g24a_fever_102352,admit_pre,1,98.50126001414401
llama31-8b,g24a_fever_102352,base,1,99.90370757215928
llama31-8b,g24a_fever_102352,exclude_post,1,90.24707843430701
llama31-8b,g24a_fever_102352,exclude_pre,1,92.8788220001955
llama31-8b,g24a_fever_102913,admit_post,-1,0.33932355009181575
llama31-8b,g24a_fever_102913,admit_pre,-1,0.38262295371186833
llama31-8b,g24a_fever_102913,base,-1,0.027147261990837314
llama31-8b,g24a_fever_102913,exclude_post,-1,14.86085347790196
llama31-8b,g24a_fever_102913,exclude_pre,-1,0.2633823809461245
llama31-8b,g24a_fever_10379,admit_post,-1,95.10901490636375
llama31-8b,g24a_fever_10379,admit_pre,-1,93.11502920796752
llama31-8b,g24a_fever_10379,base,-1,79.00832047503948
llama31-8b,g24a_fever_10379,exclude_post,-1,53.616426639011316
llama31-8b,g24a_fever_10379,exclude_pre,-1,63.65275074431142
llama31-8b,g24a_fever_104221,admit_post,1,96.0904255780784
llama31-8b,g24a_fever_104221,admit_pre,1,97.7248055164374
llama31-8b,g24a_fever_104221,base,1,97.7417338867164
llama31-8b,g24a_fever_104221,exclude_post,1,52.820045213053646
llama31-8b,g24a_fever_104221,exclude_pre,1,96.2156359950975
llama31-8b,g24a_fever_10451,admit_post,1,99.9807564627618
llama31-8b,g24a_fever_10451,admit_pre,1,93.38959552331171
llama31-8b,g24a_fever_10451,base,1,96.72617017047753
llama31-8b,g24a_fever_10451,exclude_post,1,63.87720672773365
llama31-8b,g24a_fever_10451,exclude_pre,1,92.85253680325815
llama31-8b,g24a_fever_105526,admit_post,-1,8.922832288653069
llama31-8b,g24a_fever_105526,admit_pre,-1,7.865958224885383
llama31-8b,g24a_fever_105526,base,-1,3.216058213974927
llama31-8b,g24a_fever_105526,exclude_post,-1,20.72032950839074
llama31-8b,g24a_fever_105526,exclude_pre,-1,99.3568617605113
llama31-8b,g24a_fever_105813,admit_post,-1,2.225011687097549
llama31-8b,g24a_fever_105813,admit_pre,-1,2.2273361471159694
llama31-8b,g24a_fever_105813,base,-1,99.99280042380633
llama31-8b,g24a_fever_105813,exclude_post,-1,55.66039150607847
llama31-8b,g24a_fever_105813,exclude_pre,-1,38.08158443205783
llama31-8b,g24a_fever_105835,admit_post,1,97.7483211045651
llama31-8b,g24a_fever_105835,admit_pre,1,96.12018418260749
llama31-8b,g24a_fever_105835,base,1,40.25019426414287
llama31-8b,g24a_fever_105835,exclude_post,1,34.840623583247584
llama31-8b,g24a_fever_105835,exclude_pre,1,32.82174096867992
llama31-8b,g24a_fever_106404,admit_post,1,96.09996057664942
llama31-8b,g24a_fever_106404,admit_pre,1,92.92349112432652
llama31-8b,g24a_fever_106404,base,1,86.87494420876565
llama31-8b,g24a_fever_106404,exclude_post,1,60.384448222447354
llama31-8b,g24a_fever_106404,exclude_pre,1,60.64822555207248
llama31-8b,g24a_fever_107503,admit_post,-1,31.452208954883847
llama31-8b,g24a_fever_107503,admit_pre,-1,17.61729460552492
llama31-8b,g24a_fever_107503,base,-1,44.275422461950676
llama31-8b,g24a_fever_107503,exclude_post,-1,44.41971587572545
llama31-8b,g24a_fever_107503,exclude_pre,-1,15.317758164627659
llama31-8b,g24a_fever_107654,admit_post,-1,4.5638609486917865
llama31-8b,g24a_fever_107654,admit_pre,-1,7.292504803299313
llama31-8b,g24a_fever_107654,base,-1,0.027743479599687197
llama31-8b,g24a_fever_107654,exclude_post,-1,28.888161438083234
llama31-8b,g24a_fever_107654,exclude_pre,-1,47.481029527166285
llama31-8b,g24a_fever_108107,admit_post,-1,24.206796044723905
llama31-8b,g24a_fever_108107,admit_pre,-1,58.34055166218392
llama31-8b,g24a_fever_108107,base,-1,13.468412070310348
llama31-8b,g24a_fever_108107,exclude_post,-1,22.035214448587276
llama31-8b,g24a_fever_108107,exclude_pre,-1,2.0497648941798317
llama31-8b,g24a_fever_108772,admit_post,1,99.1502552709231
llama31-8b,g24a_fever_108772,admit_pre,1,96.11615426386314
llama31-8b,g24a_fever_108772,base,1,86.26846676349152
llama31-8b,g24a_fever_108772,exclude_post,1,38.87900591956627
llama31-8b,g24a_fever_108772,exclude_pre,1,85.21694521300914
llama31-8b,g24a_fever_108894,admit_post,-1,12.308538389924387
llama31-8b,g24a_fever_108894,admit_pre,-1,15.073119919645823
llama31-8b,g24a_fever_108894,base,-1,22.19397365322055
llama31-8b,g24a_fever_108894,exclude_post,-1,41.771792821013314
llama31-8b,g24a_fever_108894,exclude_pre,-1,43.90578786269754
llama31-8b,g24a_fever_109293,admit_post,-1,4.128090845829073
llama31-8b,g24a_fever_109293,admit_pre,-1,4.63493893512156
llama31-8b,g24a_fever_109293,base,-1,0.2826182541088238
llama31-8b,g24a_fever_109293,exclude_post,-1,1.8134769210240174
llama31-8b,g24a_fever_109293,exclude_pre,-1,3.498749680708925
llama31-8b,g24a_fever_10947,admit_post,1,96.41855641159317
llama31-8b,g24a_fever_10947,admit_pre,1,96.08826211872548
llama31-8b,g24a_fever_10947,base,1,5.601291124339649
llama31-8b,g24a_fever_10947,exclude_post,1,52.69680759192617
llama31-8b,g24a_fever_10947,exclude_pre,1,47.171014406925515
llama31-8b,g24a_fever_109582,admit_post,-1,4.578233134988644
llama31-8b,g24a_fever_109582,admit_pre,-1,95.53658239568357
llama31-8b,g24a_fever_109582,base,-1,0.18554271208753947
llama31-8b,g24a_fever_109582,exclude_post,-1,1.0749130253920323
llama31-8b,g24a_fever_109582,exclude_pre,-1,1.996293839046691
llama31-8b,g24a_fever_109744,admit_post,-1,19.02069468581324
llama31-8b,g24a_fever_109744,admit_pre,-1,70.63529032184417
llama31-8b,g24a_fever_109744,base,-1,90.47702453276992
llama31-8b,g24a_fever_109744,exclude_post,-1,75.59603185710324
llama31-8b,g24a_fever_109744,exclude_pre,-1,50.512008735387376
llama31-8b,g24a_fever_110538,admit_post,-1,10.89278795304691
llama31-8b,g24a_fever_110538,admit_pre,-1,16.701554673087195
llama31-8b,g24a_fever_110538,base,-1,70.14051629594023
llama31-8b,g24a_fever_110538,exclude_post,-1,40.0427848305016
llama31-8b,g24a_fever_110538,exclude_pre,-1,38.731556424659324
llama31-8b,g24a_fever_111069,admit_post,1,7.846505949755218
llama31-8b,g24a_fever_111069,admit_pre,1,0.17112416858349094
llama31-8b,g24a_fever_111069,base,1,46.073459364941655
llama31-8b,g24a_fever_111069,exclude_post,1,3.632463959023548
llama31-8b,g24a_fever_111069,exclude_pre,1,0.39121176456534146
llama31-8b,g24a_fever_112471,admit_post,1,98.79473619952836
llama31-8b,g24a_fever_112471,admit_pre,1,95.11100369909926
llama31-8b,g24a_fever_112471,base,1,85.16385034827827
llama31-8b,g24a_fever_112471,exclude_post,1,54.561901973157525
llama31-8b,g24a_fever_112471,exclude_pre,1,95.58548536050347
llama31-8b,g24a_fever_112650,admit_post,-1,26.44850675367413
llama31-8b,g24a_fever_112650,admit_pre,-1,9.088547645291559
llama31-8b,g24a_fever_112650,base,-1,0.7964996907004248
llama31-8b,g24a_fever_112650,exclude_post,-1,28.650257422509917
llama31-8b,g24a_fever_112650,exclude_pre,-1,88.83431782089599
llama31-8b,g24a_fever_112934,admit_post,1,96.70761580459636
llama31-8b,g24a_fever_112934,admit_pre,1,93.72041262218227
llama31-8b,g24a_fever_112934,base,1,95.78327380434683
llama31-8b,g24a_fever_112934,exclude_post,1,48.585506921877794
llama31-8b,g24a_fever_112934,exclude_pre,1,93.67731045543296
llama31-8b,g24a_fever_114387,admit_post,1,95.12903678194083
llama31-8b,g24a_fever_114387,admit_pre,1,96.12197855028377
llama31-8b,g24a_fever_114387,base,1,99.70937076502692
llama31-8b,g24a_fever_114387,exclude_post,1,77.50393122814525
llama31-8b,g24a_fever_114387,exclude_pre,1,98.08740132938784
llama31-8b,g24a_fever_11478,admit_post,1,99.15503205894908
llama31-8b,g24a_fever_11478,admit_pre,1,98.66571347313442
llama31-8b,g24a_fever_11478,base,1,99.95785402367613
llama31-8b,g24a_fever_11478,exclude_post,1,46.37860248833936
llama31-8b,g24a_fever_11478,exclude_pre,1,98.40806371655755
llama31-8b,g24a_fever_114900,admit_post,1,99.98498168477374
llama31-8b,g24a_fever_114900,admit_pre,1,93.40817683994887
llama31-8b,g24a_fever_114900,base,1,92.1303614315033
llama31-8b,g24a_fever_114900,exclude_post,1,87.29172441743471
llama31-8b,g24a_fever_114900,exclude_pre,1,92.13777723255596
llama31-8b,g24a_fever_114974,admit_post,1,97.49296803255206
llama31-8b,g24a_fever_114974,admit_pre,1,97.74882174268387
llama31-8b,g24a_fever_114974,base,1,88.75178947984963
llama31-8b,g24a_fever_114974,exclude_post,1,55.554880202892804
llama31-8b,g24a_fever_114974,exclude_pre,1,94.68157211497297
llama31-8b,g24a_fever_115028,admit_post,-1,10.99592776310268
llama31-8b,g24a_fever_115028,admit_pre,-1,3.758207284123877
llama31-8b,g24a_fever_115028,base,-1,3.4598514896672814
llama31-8b,g24a_fever_115028,exclude_post,-1,47.41466767612155
llama31-8b,g24a_fever_115028,exclude_pre,-1,4.111242540220525
llama31-8b,g24a_fever_115773,admit_post,-1,1.1797001856781033
llama31-8b,g24a_fever_115773,admit_pre,-1,1.226365569727587
llama31-8b,g24a_fever_115773,base,-1,0.03194959910891332
llama31-8b,g24a_fever_115773,exclude_post,-1,1.129791449542388
llama31-8b,g24a_fever_115773,exclude_pre,-1,3.968865487396668
llama31-8b,g24a_fever_115940,admit_post,1,93.37674269516391
llama31-8b,g24a_fever_115940,admit_pre,1,93.69328807419745
llama31-8b,g24a_fever_115940,base,1,24.36171468147431
llama31-8b,g24a_fever_115940,exclude_post,1,52.553195089705085
llama31-8b,g24a_fever_115940,exclude_pre,1,94.71656400629831
llama31-8b,g24a_fever_115989,admit_post,-1,1.204377864515661
llama31-8b,g24a_fever_115989,admit_pre,-1,2.3933691512075943
llama31-8b,g24a_fever_115989,base,-1,15.720387634434859
llama31-8b,g24a_fever_115989,exclude_post,-1,4.994044395567877
llama31-8b,g24a_fever_115989,exclude_pre,-1,2.5936611691170492
llama31-8b,g24a_fever_116715,admit_post,1,95.70126622829183
llama31-8b,g24a_fever_116715,admit_pre,1,91.10175980687487
llama31-8b,g24a_fever_116715,base,1,1.479858695438387
llama31-8b,g24a_fever_116715,exclude_post,1,50.0746269635134
llama31-8b,g24a_fever_116715,exclude_pre,1,52.82323928776303
llama31-8b,g24a_fever_117380,admit_post,1,97.26654853746481
llama31-8b,g24a_fever_117380,admit_pre,1,98.81064172420845
llama31-8b,g24a_fever_117380,base,1,98.51569768151278
llama31-8b,g24a_fever_117380,exclude_post,1,55.56602591321814
llama31-8b,g24a_fever_117380,exclude_pre,1,97.65424533618675
llama31-8b,g24a_fever_118442,admit_post,-1,22.12155269757362
llama31-8b,g24a_fever_118442,admit_pre,-1,29.085712183492547
llama31-8b,g24a_fever_118442,base,-1,0.9528996088058101
llama31-8b,g24a_fever_118442,exclude_post,-1,44.6227632603015
llama31-8b,g24a_fever_118442,exclude_pre,-1,0.03776182224362417
llama31-8b,g24a_fever_118708,admit_post,1,99.24175207602093
llama31-8b,g24a_fever_118708,admit_pre,1,97.2540640341379
llama31-8b,g24a_fever_118708,base,1,5.0766129835146145
llama31-8b,g24a_fever_118708,exclude_post,1,89.44957982255448
llama31-8b,g24a_fever_118708,exclude_pre,1,96.30798096977631
llama31-8b,g24a_fever_118842,admit_post,-1,98.46248782894583
llama31-8b,g24a_fever_118842,admit_pre,-1,86.9633795250256
llama31-8b,g24a_fever_118842,base,-1,13.610906429596024
llama31-8b,g24a_fever_118842,exclude_post,-1,62.39924775649503
llama31-8b,g24a_fever_118842,exclude_pre,-1,4.9109646603849155
llama31-8b,g24a_fever_119630,admit_post,1,97.96730501602337
llama31-8b,g24a_fever_119630,admit_pre,1,99.04640546034818
llama31-8b,g24a_fever_119630,base,1,99.61937355999854
llama31-8b,g24a_fever_119630,exclude_post,1,45.806926280408014
llama31-8b,g24a_fever_119630,exclude_pre,1,99.30970714927463
llama31-8b,g24a_fever_120704,admit_post,-1,3.8711783956423926
llama31-8b,g24a_fever_120704,admit_pre,-1,4.616692999739375
llama31-8b,g24a_fever_120704,base,-1,0.07658747829458522
llama31-8b,g24a_fever_120704,exclude_post,-1,0.9142457317408166
llama31-8b,g24a_fever_120704,exclude_pre,-1,0.23583534162346276
llama31-8b,g24a_fever_121238,admit_post,-1,12.676316895911963
llama31-8b,g24a_fever_121238,admit_pre,-1,13.707199251377677
llama31-8b,g24a_fever_121238,base,-1,88.76022374148755
llama31-8b,g24a_fever_121238,exclude_post,-1,46.87248988865296
llama31-8b,g24a_fever_121238,exclude_pre,-1,64.74982989143888
llama31-8b,g24a_fever_121283,admit_post,-1,0.7264626579126254
llama31-8b,g24a_fever_121283,admit_pre,-1,3.828138109464531
llama31-8b,g24a_fever_121283,base,-1,11.26206377911691
llama31-8b,g24a_fever_121283,exclude_post,-1,2.035736163654696
llama31-8b,g24a_fever_121283,exclude_pre,-1,0.6978816818898993
llama31-8b,g24a_fever_122006,admit_post,1,88.73392737862851
llama31-8b,g24a_fever_122006,admit_pre,1,89.19067324349103
llama31-8b,g24a_fever_122006,base,1,90.02077673133994
llama31-8b,g24a_fever_122006,exclude_post,1,44.047024146270395
llama31-8b,g24a_fever_122006,exclude_pre,1,54.41108306808637
llama31-8b,g24a_fever_12204,admit_post,1,98.92325539968792
llama31-8b,g24a_fever_12204,admit_pre,1,96.07350695561634
llama31-8b,g24a_fever_12204,base,1,92.16189531106698
llama31-8b,g24a_fever_12204,exclude_post,1,52.78707616857318
llama31-8b,g24a_fever_12204,exclude_pre,1,94.98763778449863
llama31-8b,g24a_fever_122343,admit_post,-1,1.613284544536515
llama31-8b,g24a_fever_122343,admit_pre,-1,1.7490555682891022
llama31-8b,g24a_fever_122343,base,-1,0.26697538841979546
llama31-8b,g24a_fever_122343,exclude_post,-1,5.676673192013938
llama31-8b,g24a_fever_122343,exclude_pre,-1,2.3871622660043252
llama31-8b,g24a_fever_122650,admit_post,1,92.4322597935356
llama31-8b,g24a_fever_122650,admit_pre,1,92.42984137934366
llama31-8b,g24a_fever_122650,base,1,88.39525747811813
llama31-8b,g24a_fever_122650,exclude_post,1,54.079369721249044
llama31-8b,g24a_fever_122650,exclude_pre,1,88.88542304324409
llama31-8b,g24a_fever_122744,admit_post,-1,13.443090826263829
llama31-8b,g24a_fever_122744,admit_pre,-1,20.987057473957556
llama31-8b,g24a_fever_122744,base,-1,94.6152056175886
llama31-8b,g24a_fever_122744,exclude_post,-1,43.80638491371815
llama31-8b,g24a_fever_122744,exclude_pre,-1,96.3605719179318
llama31-8b,g24a_fever_122977,admit_post,1,94.4266424578866
llama31-8b,g24a_fever_122977,admit_pre,1,93.0411882868436
llama31-8b,g24a_fever_122977,base,1,98.33677537535357
llama31-8b,g24a_fever_122977,exclude_post,1,70.22780948612711
llama31-8b,g24a_fever_122977,exclude_pre,1,98.80398718209167
llama31-8b,g24a_fever_123364,admit_post,1,96.10299399260754
llama31-8b,g24a_fever_123364,admit_pre,1,95.45457616022053
llama31-8b,g24a_fever_123364,base,1,98.15372930167203
llama31-8b,g24a_fever_123364,exclude_post,1,53.42938292036192
llama31-8b,g24a_fever_123364,exclude_pre,1,93.29530497059993
llama31-8b,g24a_fever_123833,admit_post,-1,6.176458153485417
llama31-8b,g24a_fever_123833,admit_pre,-1,4.8263609432174865
llama31-8b,g24a_fever_123833,base,-1,1.447273966577275
llama31-8b,g24a_fever_123833,exclude_post,-1,0.34644715925538905
llama31-8b,g24a_fever_123833,exclude_pre,-1,8.788595422803944
llama31-8b,g24a_fever_124021,admit_post,1,98.65444590553288
llama31-8b,g24a_fever_124021,admit_pre,1,98.32625697951592
llama31-8b,g24a_fever_124021,base,1,95.41918970485145
llama31-8b,g24a_fever_124021,exclude_post,1,95.54074842428082
llama31-8b,g24a_fever_124021,exclude_pre,1,99.3967315509455
llama31-8b,g24a_fever_126799,admit_post,-1,11.416179438150708
llama31-8b,g24a_fever_126799,admit_pre,-1,16.714984486158105
llama31-8b,g24a_fever_126799,base,-1,0.4491708239554399
llama31-8b,g24a_fever_126799,exclude_post,-1,0.5486050323020474
llama31-8b,g24a_fever_126799,exclude_pre,-1,5.054761980018076
llama31-8b,g24a_fever_12843,admit_post,1,95.11667252510335
llama31-8b,g24a_fever_12843,admit_pre,1,91.82461385919137
llama31-8b,g24a_fever_12843,base,1,22.964822976287344
llama31-8b,g24a_fever_12843,exclude_post,1,55.55416372422291
llama31-8b,g24a_fever_12843,exclude_pre,1,36.68676774037064
llama31-8b,g24a_fever_128454,admit_post,-1,65.02161789239116
llama31-8b,g24a_fever_128454,admit_pre,-1,95.99182057908128
llama31-8b,g24a_fever_128454,base,-1,1.9960882326832052
llama31-8b,g24a_fever_128454,exclude_post,-1,11.904965130475595
llama31-8b,g24a_fever_128454,exclude_pre,-1,3.4538689617734084
llama31-8b,g24a_fever_128807,admit_post,1,96.89519629050581
llama31-8b,g24a_fever_128807,admit_pre,1,97.67582697437177
llama31-8b,g24a_fever_128807,base,1,33.417379429350156
llama31-8b,g24a_fever_128807,exclude_post,1,46.92728717063605
llama31-8b,g24a_fever_128807,exclude_pre,1,96.57882224776738
llama31-8b,g24a_fever_129420,admit_post,1,94.08507780997445
llama31-8b,g24a_fever_129420,admit_pre,1,94.759377761508
llama31-8b,g24a_fever_129420,base,1,99.87554839260333
llama31-8b,g24a_fever_129420,exclude_post,1,54.35614705650693
llama31-8b,g24a_fever_129420,exclude_pre,1,94.73630805549814
llama31-8b,g24a_fever_129517,admit_post,-1,1.6985869215638632
llama31-8b,g24a_fever_129517,admit_pre,-1,3.7510937283942596
llama31-8b,g24a_fever_129517,base,-1,2.979581225811552
llama31-8b,g24a_fever_129517,exclude_post,-1,32.99071861264403
llama31-8b,g24a_fever_129517,exclude_pre,-1,45.46698665097088
llama31-8b,g24a_fever_130204,admit_post,-1,0.14095880046924325
llama31-8b,g24a_fever_130204,admit_pre,-1,9.785141785639413
llama31-8b,g24a_fever_130204,base,-1,10.362602939776089
llama31-8b,g24a_fever_130204,exclude_post,-1,17.749387456913084
llama31-8b,g24a_fever_130204,exclude_pre,-1,5.189887629268503
llama31-8b,g24a_fever_130978,admit_post,-1,95.06345527466438
llama31-8b,g24a_fever_130978,admit_pre,-1,91.42016201984829
llama31-8b,g24a_fever_130978,base,-1,91.44541773246482
llama31-8b,g24a_fever_130978,exclude_post,-1,54.73911348243095
llama31-8b,g24a_fever_130978,exclude_pre,-1,10.950281690340411
llama31-8b,g24a_fever_131250,admit_post,-1,4.704312704199701
llama31-8b,g24a_fever_131250,admit_pre,-1,6.169117137524822
llama31-8b,g24a_fever_131250,base,-1,1.5077688957673008
llama31-8b,g24a_fever_131250,exclude_post,-1,45.74930804631386
llama31-8b,g24a_fever_131250,exclude_pre,-1,4.2503025218518955
llama31-8b,g24a_fever_13212,admit_post,-1,7.260260155573757
llama31-8b,g24a_fever_13212,admit_pre,-1,4.188852184727451
llama31-8b,g24a_fever_13212,base,-1,0.08833887603983835
llama31-8b,g24a_fever_13212,exclude_post,-1,7.4748773688034715
llama31-8b,g24a_fever_13212,exclude_pre,-1,0.25801242167109134
llama31-8b,g24a_fever_132619,admit_post,1,93.73419508160525
llama31-8b,g24a_fever_132619,admit_pre,1,92.12985250738564
llama31-8b,g24a_fever_132619,base,1,92.90525540849863
llama31-8b,g24a_fever_132619,exclude_post,1,50.7542589794398
llama31-8b,g24a_fever_132619,exclude_pre,1,68.30509040854538
llama31-8b,g24a_fever_133233,admit_post,1,98.7972140463579
llama31-8b,g24a_fever_133233,admit_pre,1,96.1022914683454
llama31-8b,g24a_fever_133233,base,1,97.15284375494153
llama31-8b,g24a_fever_133233,exclude_post,1,92.20945000704131
llama31-8b,g24a_fever_133233,exclude_pre,1,93.36229947038795
llama31-8b,g24a_fever_133512,admit_post,-1,4.491438918018293
llama31-8b,g24a_fever_133512,admit_pre,-1,4.195395264902414
llama31-8b,g24a_fever_133512,base,-1,1.48060105919265
llama31-8b,g24a_fever_133512,exclude_post,-1,4.264062876751883
llama31-8b,g24a_fever_133512,exclude_pre,-1,1.019583681885223
llama31-8b,g24a_fever_134344,admit_post,1,97.96707100947016
llama31-8b,g24a_fever_134344,admit_pre,1,96.71714214068669
llama31-8b,g24a_fever_134344,base,1,99.90307569286314
llama31-8b,g24a_fever_134344,exclude_post,1,95.18530453387956
llama31-8b,g24a_fever_134344,exclude_pre,1,99.68539315305829
llama31-8b,g24a_fever_134908,admit_post,-1,98.47991108663781
llama31-8b,g24a_fever_134908,admit_pre,-1,94.04323255192855
llama31-8b,g24a_fever_134908,base,-1,92.08317977701616
llama31-8b,g24a_fever_134908,exclude_post,-1,95.95666451850508
llama31-8b,g24a_fever_134908,exclude_pre,-1,96.10918189589182
llama31-8b,g24a_fever_135572,admit_post,-1,2.4779842957658245
llama31-8b,g24a_fever_135572,admit_pre,-1,1.7448047342727468
llama31-8b,g24a_fever_135572,base,-1,1.3790947301009218
llama31-8b,g24a_fever_135572,exclude_post,-1,4.361910640508419
llama31-8b,g24a_fever_135572,exclude_pre,-1,0.9420648405192819
llama31-8b,g24a_fever_136578,admit_post,-1,9.007597822215697
llama31-8b,g24a_fever_136578,admit_pre,-1,8.81242680156087
llama31-8b,g24a_fever_136578,base,-1,3.463578226755022
llama31-8b,g24a_fever_136578,exclude_post,-1,47.423400070186204
llama31-8b,g24a_fever_136578,exclude_pre,-1,6.150125566336997
llama31-8b,g24a_fever_136853,admit_post,-1,1.167899562717295
llama31-8b,g24a_fever_136853,admit_pre,-1,0.9079310275482969
llama31-8b,g24a_fever_136853,base,-1,0.5912801545997172
llama31-8b,g24a_fever_136853,exclude_post,-1,13.43084063562491
llama31-8b,g24a_fever_136853,exclude_pre,-1,98.55368054023624
llama31-8b,g24a_fever_137173,admit_post,-1,6.086200574244501
llama31-8b,g24a_fever_137173,admit_pre,-1,4.673908517936102
llama31-8b,g24a_fever_137173,base,-1,46.102671511495416
llama31-8b,g24a_fever_137173,exclude_post,-1,32.486396426154855
llama31-8b,g24a_fever_137173,exclude_pre,-1,2.8729237846102342
llama31-8b,g24a_fever_137210,admit_post,-1,91.25796872479488
llama31-8b,g24a_fever_137210,admit_pre,-1,1.1984307745600242
llama31-8b,g24a_fever_137210,base,-1,51.37545353476174
llama31-8b,g24a_fever_137210,exclude_post,-1,22.24327411201126
llama31-8b,g24a_fever_137210,exclude_pre,-1,62.72698595521381
llama31-8b,g24a_fever_137706,admit_post,1,96.08770355929482
llama31-8b,g24a_fever_137706,admit_pre,1,93.69339996078992
llama31-8b,g24a_fever_137706,base,1,96.51741615403648
llama31-8b,g24a_fever_137706,exclude_post,1,51.71559489781555
llama31-8b,g24a_fever_137706,exclude_pre,1,88.79076717334996
llama31-8b,g24a_fever_13829,admit_post,1,8.535559329809926
llama31-8b,g24a_fever_13829,admit_pre,1,11.781527133531377
llama31-8b,g24a_fever_13829,base,1,3.619359779792004
llama31-8b,g24a_fever_13829,exclude_post,1,21.021903863370017
llama31-8b,g24a_fever_13829,exclude_pre,1,20.913801451038033
llama31-8b,g24a_fever_138865,admit_post,-1,3.755239162559699
llama31-8b,g24a_fever_138865,admit_pre,-1,1.100993820421668
llama31-8b,g24a_fever_138865,base,-1,9.1517764520813
llama31-8b,g24a_fever_138865,exclude_post,-1,44.80398880914875
llama31-8b,g24a_fever_138865,exclude_pre,-1,0.9795937960308808
llama31-8b,g24a_fever_141159,admit_post,-1,1.6639319792610747
llama31-8b,g24a_fever_141159,admit_pre,-1,98.15016174236469
llama31-8b,g24a_fever_141159,base,-1,2.0349194733359024
llama31-8b,g24a_fever_141159,exclude_post,-1,3.013225202604669
llama31-8b,g24a_fever_141159,exclude_pre,-1,91.57909466925136
llama31-8b,g24a_fever_141268,admit_post,1,99.99080481105528
llama31-8b,g24a_fever_141268,admit_pre,1,97.26744686457879
llama31-8b,g24a_fever_141268,base,1,97.24297993790704
llama31-8b,g24a_fever_141268,exclude_post,1,54.06097550357861
llama31-8b,g24a_fever_141268,exclude_pre,1,99.02341901872582
llama31-8b,g24a_fever_1423,admit_post,1,96.01713928299978
llama31-8b,g24a_fever_1423,admit_pre,1,95.4011266286595
llama31-8b,g24a_fever_1423,base,1,82.70438200661957
llama31-8b,g24a_fever_1423,exclude_post,1,58.43015096825533
llama31-8b,g24a_fever_1423,exclude_pre,1,96.4996426248728
llama31-8b,g24a_fever_142854,admit_post,1,98.79709095738154
llama31-8b,g24a_fever_142854,admit_pre,1,95.69515418286889
llama31-8b,g24a_fever_142854,base,1,57.68473320529589
llama31-8b,g24a_fever_142854,exclude_post,1,93.52792639815965
llama31-8b,g24a_fever_142854,exclude_pre,1,98.98547643971148
llama31-8b,g24a_fever_143011,admit_post,-1,94.55431056266177
llama31-8b,g24a_fever_143011,admit_pre,-1,8.542263539435696
llama31-8b,g24a_fever_143011,base,-1,27.737520678893773
llama31-8b,g24a_fever_143011,exclude_post,-1,52.12460130009258
llama31-8b,g24a_fever_143011,exclude_pre,-1,3.7514993065401208
llama31-8b,g24a_fever_14388,admit_post,1,96.6000858259675
llama31-8b,g24a_fever_14388,admit_pre,1,92.16655851111355
llama31-8b,g24a_fever_14388,base,1,86.71227778884534
llama31-8b,g24a_fever_14388,exclude_post,1,49.5702874160381
llama31-8b,g24a_fever_14388,exclude_pre,1,88.88872736298316
llama31-8b,g24a_fever_144725,admit_post,-1,1.7413417083233584
llama31-8b,g24a_fever_144725,admit_pre,-1,0.8003338809779255
llama31-8b,g24a_fever_144725,base,-1,35.82971649814431
llama31-8b,g24a_fever_144725,exclude_post,-1,33.938305754415296
llama31-8b,g24a_fever_144725,exclude_pre,-1,4.901617997235996
llama31-8b,g24a_fever_146361,admit_post,1,98.66186968583993
llama31-8b,g24a_fever_146361,admit_pre,1,93.70199568716497
llama31-8b,g24a_fever_146361,base,1,88.99075061283601
llama31-8b,g24a_fever_146361,exclude_post,1,40.995494277948275
llama31-8b,g24a_fever_146361,exclude_pre,1,99.70338827737584
llama31-8b,g24a_fever_146639,admit_post,1,95.77371762663624
llama31-8b,g24a_fever_146639,admit_pre,1,97.95198575114142
llama31-8b,g24a_fever_146639,base,1,99.45252743045461
llama31-8b,g24a_fever_146639,exclude_post,1,54.235096370233734
llama31-8b,g24a_fever_146639,exclude_pre,1,90.4842258528819
llama31-8b,g24a_fever_147158,admit_post,1,99.32578426853713
llama31-8b,g24a_fever_147158,admit_pre,1,98.3470469673601
llama31-8b,g24a_fever_147158,base,1,98.5158346748578
llama31-8b,g24a_fever_147158,exclude_post,1,85.83824632895454
llama31-8b,g24a_fever_147158,exclude_pre,1,98.49879468689748
llama31-8b,g24a_fever_147530,admit_post,-1,19.549687461436164
llama31-8b,g24a_fever_147530,admit_pre,-1,33.22626546136329
llama31-8b,g24a_fever_147530,base,-1,4.511909381578405
llama31-8b,g24a_fever_147530,exclude_post,-1,50.319413120481585
llama31-8b,g24a_fever_147530,exclude_pre,-1,20.989318969660026
llama31-8b,g24a_fever_148149,admit_post,-1,1.1548413705140135
llama31-8b,g24a_fever_148149,admit_pre,-1,1.5261281701472706
llama31-8b,g24a_fever_148149,base,-1,3.3670955062820216
llama31-8b,g24a_fever_148149,exclude_post,-1,1.3279693176476652
llama31-8b,g24a_fever_148149,exclude_pre,-1,0.6002505669730023
llama31-8b,g24a_fever_148244,admit_post,1,99.46693758355032
llama31-8b,g24a_fever_148244,admit_pre,1,95.79219493827196
llama31-8b,g24a_fever_148244,base,1,94.70487907622898
llama31-8b,g24a_fever_148244,exclude_post,1,33.2353386396536
llama31-8b,g24a_fever_148244,exclude_pre,1,85.87024604012659
llama31-8b,g24a_fever_148309,admit_post,-1,11.186796187625099
llama31-8b,g24a_fever_148309,admit_pre,-1,9.3486946555893
llama31-8b,g24a_fever_148309,base,-1,3.043661982722801
llama31-8b,g24a_fever_148309,exclude_post,-1,45.71834242250142
llama31-8b,g24a_fever_148309,exclude_pre,-1,2.6089883788601465
llama31-8b,g24a_fever_148599,admit_post,1,91.09574807930532
llama31-8b,g24a_fever_148599,admit_pre,1,91.6389448201267
llama31-8b,g24a_fever_148599,base,1,90.0645969685116
llama31-8b,g24a_fever_148599,exclude_post,1,37.66059540498331
llama31-8b,g24a_fever_148599,exclude_pre,1,88.84255314594257
llama31-8b,g24a_fever_148610,admit_post,-1,5.86882234688485
llama31-8b,g24a_fever_148610,admit_pre,-1,6.072369513246238
llama31-8b,g24a_fever_148610,base,-1,66.59398477606197
llama31-8b,g24a_fever_148610,exclude_post,-1,6.226375142200423
llama31-8b,g24a_fever_148610,exclude_pre,-1,8.33988260194627
llama31-8b,g24a_fever_149436,admit_post,-1,3.1522811330000255
llama31-8b,g24a_fever_149436,admit_pre,-1,4.155757624498227
llama31-8b,g24a_fever_149436,base,-1,0.10340055383008949
llama31-8b,g24a_fever_149436,exclude_post,-1,0.5178467423176467
llama31-8b,g24a_fever_149436,exclude_pre,-1,0.46709107892730617
llama31-8b,g24a_fever_150192,admit_post,-1,22.316633527405013
llama31-8b,g24a_fever_150192,admit_pre,-1,18.829390725283023
llama31-8b,g24a_fever_150192,base,-1,98.46171131817516
llama31-8b,g24a_fever_150192,exclude_post,-1,38.42227702016271
llama31-8b,g24a_fever_150192,exclude_pre,-1,30.256819761960408
llama31-8b,g24a_fever_151483,admit_post,1,91.47967885364021
llama31-8b,g24a_fever_151483,admit_pre,1,88.7959681321824
llama31-8b,g24a_fever_151483,base,1,90.0831180061134
llama31-8b,g24a_fever_151483,exclude_post,1,53.71270790871335
llama31-8b,g24a_fever_151483,exclude_pre,1,91.69258866664192
llama31-8b,g24a_fever_152133,admit_post,-1,9.342028765866374
llama31-8b,g24a_fever_152133,admit_pre,-1,10.764136367679058
llama31-8b,g24a_fever_152133,base,-1,7.553702407148949
llama31-8b,g24a_fever_152133,exclude_post,-1,3.523793895385006
llama31-8b,g24a_fever_152133,exclude_pre,-1,2.1629404822040375
llama31-8b,g24a_fever_152422,admit_post,-1,99.03950928374252
llama31-8b,g24a_fever_152422,admit_pre,-1,2.254754083761575
llama31-8b,g24a_fever_152422,base,-1,1.8814713294122916
llama31-8b,g24a_fever_152422,exclude_post,-1,96.54572891116555
llama31-8b,g24a_fever_152422,exclude_pre,-1,1.5320106249378662
llama31-8b,g24a_fever_152680,admit_post,-1,1.7132605976881772
llama31-8b,g24a_fever_152680,admit_pre,-1,3.409923571309567
llama31-8b,g24a_fever_152680,base,-1,0.6246264405135384
llama31-8b,g24a_fever_152680,exclude_post,-1,0.19052388267352946
llama31-8b,g24a_fever_152680,exclude_pre,-1,24.12407455416015
llama31-8b,g24a_fever_153543,admit_post,1,90.5138493462459
llama31-8b,g24a_fever_153543,admit_pre,1,91.10637700722363
llama31-8b,g24a_fever_153543,base,1,97.96375318159411
llama31-8b,g24a_fever_153543,exclude_post,1,51.865872914333806
llama31-8b,g24a_fever_153543,exclude_pre,1,88.6215560198311
llama31-8b,g24a_fever_153914,admit_post,-1,95.76330172926441
llama31-8b,g24a_fever_153914,admit_pre,-1,93.36496829939678
llama31-8b,g24a_fever_153914,base,-1,6.8754293109628035
llama31-8b,g24a_fever_153914,exclude_post,-1,50.708642465502834
llama31-8b,g24a_fever_153914,exclude_pre,-1,54.312338068826676
llama31-8b,g24a_fever_154608,admit_post,-1,0.9516247998809477
llama31-8b,g24a_fever_154608,admit_pre,-1,2.545217913446441
llama31-8b,g24a_fever_154608,base,-1,0.15798428532825376
llama31-8b,g24a_fever_154608,exclude_post,-1,10.053612670872381
llama31-8b,g24a_fever_154608,exclude_pre,-1,5.077309822001805
llama31-8b,g24a_fever_154919,admit_post,-1,4.969581477099104
llama31-8b,g24a_fever_154919,admit_pre,-1,14.647475020318726
llama31-8b,g24a_fever_154919,base,-1,42.98960452745421
llama31-8b,g24a_fever_154919,exclude_post,-1,46.74186359646767
llama31-8b,g24a_fever_154919,exclude_pre,-1,6.938192331677402
llama31-8b,g24a_fever_155484,admit_post,1,98.16090397601239
llama31-8b,g24a_fever_155484,admit_pre,1,98.80780462499139
llama31-8b,g24a_fever_155484,base,1,97.74986505032682
llama31-8b,g24a_fever_155484,exclude_post,1,48.6988630166815
llama31-8b,g24a_fever_155484,exclude_pre,1,94.05963609472053
llama31-8b,g24a_fever_155725,admit_post,1,97.71629432138278
llama31-8b,g24a_fever_155725,admit_pre,1,97.9367586717645
llama31-8b,g24a_fever_155725,base,1,83.20405464957247
llama31-8b,g24a_fever_155725,exclude_post,1,62.4729323365941
llama31-8b,g24a_fever_155725,exclude_pre,1,93.6256236206162
llama31-8b,g24a_fever_155911,admit_post,1,94.75088007278485
llama31-8b,g24a_fever_155911,admit_pre,1,92.4039753955691
llama31-8b,g24a_fever_155911,base,1,69.52309315776847
llama31-8b,g24a_fever_155911,exclude_post,1,53.430999550335756
llama31-8b,g24a_fever_155911,exclude_pre,1,93.85310268730815
llama31-8b,g24a_fever_156128,admit_post,1,92.74430101551202
llama31-8b,g24a_fever_156128,admit_pre,1,97.50451503175219
llama31-8b,g24a_fever_156128,base,1,89.61627055831215
llama31-8b,g24a_fever_156128,exclude_post,1,78.30298708458403
llama31-8b,g24a_fever_156128,exclude_pre,1,91.84273375386138
llama31-8b,g24a_fever_1577,admit_post,1,95.69571307667114
llama31-8b,g24a_fever_1577,admit_pre,1,92.7444515105293
llama31-8b,g24a_fever_1577,base,1,97.26469743207686
llama31-8b,g24a_fever_1577,exclude_post,1,50.24610862055303
llama31-8b,g24a_fever_1577,exclude_pre,1,95.98368752808602
llama31-8b,g24a_fever_15834,admit_post,1,99.14317765301973
llama31-8b,g24a_fever_15834,admit_pre,1,98.79320233672253
llama31-8b,g24a_fever_15834,base,1,33.62909143537008
llama31-8b,g24a_fever_15834,exclude_post,1,32.741332277568205
llama31-8b,g24a_fever_15834,exclude_pre,1,83.90907315038308
llama31-8b,g24a_fever_158425,admit_post,-1,1.6295022409668285
llama31-8b,g24a_fever_158425,admit_pre,-1,1.446759802682689
llama31-8b,g24a_fever_158425,base,-1,15.112938939762026
llama31-8b,g24a_fever_158425,exclude_post,-1,38.051056940575414
llama31-8b,g24a_fever_158425,exclude_pre,-1,3.052413322772553
llama31-8b,g24a_fever_159570,admit_post,-1,99.11737987279263
llama31-8b,g24a_fever_159570,admit_pre,-1,99.31290038381846
llama31-8b,g24a_fever_159570,base,-1,2.403156945578531
llama31-8b,g24a_fever_159570,exclude_post,-1,41.54048761953811
llama31-8b,g24a_fever_159570,exclude_pre,-1,5.507381705950788
llama31-8b,g24a_fever_160060,admit_post,1,88.88932887676603
llama31-8b,g24a_fever_160060,admit_pre,1,94.77982247475553
llama31-8b,g24a_fever_160060,base,1,91.5104161489902
llama31-8b,g24a_fever_160060,exclude_post,1,51.705204217844056
llama31-8b,g24a_fever_160060,exclude_pre,1,88.8890985327149
llama31-8b,g24a_fever_16070,admit_post,-1,1.8607566396984438
llama31-8b,g24a_fever_16070,admit_pre,-1,1.5060937130496308
llama31-8b,g24a_fever_16070,base,-1,0.030581948492270767
llama31-8b,g24a_fever_16070,exclude_post,-1,19.09294342195137
llama31-8b,g24a_fever_16070,exclude_pre,-1,3.8420897604990123
llama31-8b,g24a_fever_160814,admit_post,1,95.46660345104017
llama31-8b,g24a_fever_160814,admit_pre,1,98.51026452212184
llama31-8b,g24a_fever_160814,base,1,98.81020445769167
llama31-8b,g24a_fever_160814,exclude_post,1,39.426173560587785
llama31-8b,g24a_fever_160814,exclude_pre,1,98.48107028776036
llama31-8b,g24a_fever_160927,admit_post,-1,0.9377062609377556
llama31-8b,g24a_fever_160927,admit_pre,-1,0.1941730970163308
llama31-8b,g24a_fever_160927,base,-1,0.05266696447434746
llama31-8b,g24a_fever_160927,exclude_post,-1,0.14113213454075757
llama31-8b,g24a_fever_160927,exclude_pre,-1,0.3839271240268084
llama31-8b,g24a_fever_161047,admit_post,-1,6.829221610534868
llama31-8b,g24a_fever_161047,admit_pre,-1,10.337396672863548
llama31-8b,g24a_fever_161047,base,-1,34.97069856233743
llama31-8b,g24a_fever_161047,exclude_post,-1,50.60467448182465
llama31-8b,g24a_fever_161047,exclude_pre,-1,30.519985210793923
llama31-8b,g24a_fever_162835,admit_post,1,99.77227466646183
llama31-8b,g24a_fever_162835,admit_pre,1,95.80218002145597
llama31-8b,g24a_fever_162835,base,1,99.85838035946229
llama31-8b,g24a_fever_162835,exclude_post,1,47.61906706472278
llama31-8b,g24a_fever_162835,exclude_pre,1,98.40781497305103
llama31-8b,g24a_fever_162881,admit_post,1,88.8897516424991
llama31-8b,g24a_fever_162881,admit_pre,1,88.88905950866754
llama31-8b,g24a_fever_162881,base,1,89.15433979652961
llama31-8b,g24a_fever_162881,exclude_post,1,81.11224369458483
llama31-8b,g24a_fever_162881,exclude_pre,1,65.41703055983893
llama31-8b,g24a_fever_165870,admit_post,-1,37.05019969078699
llama31-8b,g24a_fever_165870,admit_pre,-1,65.69746604729983
llama31-8b,g24a_fever_165870,base,-1,76.8794769892523
llama31-8b,g24a_fever_165870,exclude_post,-1,98.31315120699215
llama31-8b,g24a_fever_165870,exclude_pre,-1,34.25691493785164
llama31-8b,g24a_fever_165901,admit_post,-1,3.3676161381577603
llama31-8b,g24a_fever_165901,admit_pre,-1,0.7544720616328279
llama31-8b,g24a_fever_165901,base,-1,0.17172234437488354
llama31-8b,g24a_fever_165901,exclude_post,-1,2.2541393196215216
llama31-8b,g24a_fever_165901,exclude_pre,-1,0.3623530551447992
llama31-8b,g24a_fever_165904,admit_post,1,94.43492989662701
llama31-8b,g24a_fever_165904,admit_pre,1,98.16082883403391
llama31-8b,g24a_fever_165904,base,1,99.04781919057193
llama31-8b,g24a_fever_165904,exclude_post,1,96.53462462332055
llama31-8b,g24a_fever_165904,exclude_pre,1,95.06587474530517
llama31-8b,g24a_fever_168064,admit_post,1,95.79653061337588
llama31-8b,g24a_fever_168064,admit_pre,1,92.05014789703627
llama31-8b,g24a_fever_168064,base,1,98.49677605877675
llama31-8b,g24a_fever_168064,exclude_post,1,97.51611965269228
llama31-8b,g24a_fever_168064,exclude_pre,1,99.73684609888612
llama31-8b,g24a_fever_168073,admit_post,1,97.00711754904256
llama31-8b,g24a_fever_168073,admit_pre,1,99.40310150866853
llama31-8b,g24a_fever_168073,base,1,89.2720967010294
llama31-8b,g24a_fever_168073,exclude_post,1,37.4514560103347
llama31-8b,g24a_fever_168073,exclude_pre,1,96.9202496088664
llama31-8b,g24a_fever_169985,admit_post,-1,98.49103373812855
llama31-8b,g24a_fever_169985,admit_pre,-1,95.42809695616995
llama31-8b,g24a_fever_169985,base,-1,35.55160776949609
llama31-8b,g24a_fever_169985,exclude_post,-1,0.17710754741958087
llama31-8b,g24a_fever_169985,exclude_pre,-1,99.18471668209196
llama31-8b,g24a_fever_172309,admit_post,1,98.8094271968731
llama31-8b,g24a_fever_172309,admit_pre,1,96.12222766072728
llama31-8b,g24a_fever_172309,base,1,97.00303988471782
llama31-8b,g24a_fever_172309,exclude_post,1,16.003793640823506
llama31-8b,g24a_fever_172309,exclude_pre,1,93.1135472455467
llama31-8b,g24a_fever_172766,admit_post,-1,13.339926956095848
llama31-8b,g24a_fever_172766,admit_pre,-1,1.9448561273309148
llama31-8b,g24a_fever_172766,base,-1,5.059161340055708
llama31-8b,g24a_fever_172766,exclude_post,-1,11.725378476805812
llama31-8b,g24a_fever_172766,exclude_pre,-1,11.725948524254587
llama31-8b,g24a_fever_172768,admit_post,1,97.95889011328819
llama31-8b,g24a_fever_172768,admit_pre,1,98.15719197843349
llama31-8b,g24a_fever_172768,base,1,98.14670188792147
llama31-8b,g24a_fever_172768,exclude_post,1,95.93947152639325
llama31-8b,g24a_fever_172768,exclude_pre,1,96.9267362747226
llama31-8b,g24a_fever_174028,admit_post,-1,2.412916110896375
llama31-8b,g24a_fever_174028,admit_pre,-1,6.360275198133178
llama31-8b,g24a_fever_174028,base,-1,1.5059254412302583
llama31-8b,g24a_fever_174028,exclude_post,-1,52.58455367880754
llama31-8b,g24a_fever_174028,exclude_pre,-1,5.679856818079455
llama31-8b,g24a_fever_174034,admit_post,1,98.15220520200336
llama31-8b,g24a_fever_174034,admit_pre,1,97.95639282709155
llama31-8b,g24a_fever_174034,base,1,90.71139753073213
llama31-8b,g24a_fever_174034,exclude_post,1,59.791101240904624
llama31-8b,g24a_fever_174034,exclude_pre,1,90.32569468993128
llama31-8b,g24a_fever_17410,admit_post,1,90.32991634193264
llama31-8b,g24a_fever_17410,admit_pre,1,91.01026932545143
llama31-8b,g24a_fever_17410,base,1,94.02894454074345
llama31-8b,g24a_fever_17410,exclude_post,1,54.3416927772549
llama31-8b,g24a_fever_17410,exclude_pre,1,61.248499895405516
llama31-8b,g24a_fever_175462,admit_post,-1,0.4681183589223189
llama31-8b,g24a_fever_175462,admit_pre,-1,0.39674705624534556
llama31-8b,g24a_fever_175462,base,-1,0.5122644312269367
llama31-8b,g24a_fever_175462,exclude_post,-1,46.54803577135786
llama31-8b,g24a_fever_175462,exclude_pre,-1,0.09560332350821082
llama31-8b,g24a_fever_175879,admit_post,1,96.98126986479062
llama31-8b,g24a_fever_175879,admit_pre,1,94.69317274813866
llama31-8b,g24a_fever_175879,base,1,1.527362256323579
llama31-8b,g24a_fever_175879,exclude_post,1,99.05420539575586
llama31-8b,g24a_fever_175879,exclude_pre,1,97.72751367478037
llama31-8b,g24a_fever_177858,admit_post,1,99.44708078634183
llama31-8b,g24a_fever_177858,admit_pre,1,98.9047664614591
llama31-8b,g24a_fever_177858,base,1,99.42694817918216
llama31-8b,g24a_fever_177858,exclude_post,1,50.1194384388019
llama31-8b,g24a_fever_177858,exclude_pre,1,98.60280984033881
llama31-8b,g24a_fever_178167,admit_post,1,97.27185252187344
llama31-8b,g24a_fever_178167,admit_pre,1,91.948177051377
llama31-8b,g24a_fever_178167,base,1,19.439585768537707
llama31-8b,g24a_fever_178167,exclude_post,1,25.797987016375753
llama31-8b,g24a_fever_178167,exclude_pre,1,16.5457380836259
llama31-8b,g24a_fever_179816,admit_post,-1,4.801490771837206
llama31-8b,g24a_fever_179816,admit_pre,-1,0.6095067783519996
llama31-8b,g24a_fever_179816,base,-1,0.6839281108376016
llama31-8b,g24a_fever_179816,exclude_post,-1,0.13558961745371653
llama31-8b,g24a_fever_179816,exclude_pre,-1,0.17293180863939772
llama31-8b,g24a_fever_179819,admit_post,1,99.15260300650962
llama31-8b,g24a_fever_179819,admit_pre,1,99.05111449234622
llama31-8b,g24a_fever_179819,base,1,99.77225410680818
llama31-8b,g24a_fever_179819,exclude_post,1,91.73234670469307
llama31-8b,g24a_fever_179819,exclude_pre,1,71.10053098197805
llama31-8b,g24a_fever_179834,admit_post,1,98.15527703652293
llama31-8b,g24a_fever_179834,admit_pre,1,92.7464115301164
llama31-8b,g24a_fever_179834,base,1,95.76759474588539
llama31-8b,g24a_fever_179834,exclude_post,1,90.81979342699618
llama31-8b,g24a_fever_179834,exclude_pre,1,99.97060746338353
llama31-8b,g24a_fever_180691,admit_post,1,95.79704926050623
llama31-8b,g24a_fever_180691,admit_pre,1,98.9343977081876
llama31-8b,g24a_fever_180691,base,1,99.90436458101883
llama31-8b,g24a_fever_180691,exclude_post,1,42.168806933116166
llama31-8b,g24a_fever_180691,exclude_pre,1,98.92235111348181
llama31-8b,g24a_fever_180702,admit_post,-1,7.810917289900143
llama31-8b,g24a_fever_180702,admit_pre,-1,5.038971025666265
llama31-8b,g24a_fever_180702,base,-1,88.8889179058229
llama31-8b,g24a_fever_180702,exclude_post,-1,41.47903537405373
llama31-8b,g24a_fever_180702,exclude_pre,-1,0.26642463051928716
llama31-8b,g24a_fever_18333,admit_post,1,93.25620485592364
llama31-8b,g24a_fever_18333,admit_pre,1,93.2152556518976
llama31-8b,g24a_fever_18333,base,1,90.51670572703539
llama31-8b,g24a_fever_18333,exclude_post,1,53.06748763507173
llama31-8b,g24a_fever_18333,exclude_pre,1,55.10669358945859
llama31-8b,g24a_fever_183452,admit_post,-1,0.6132514240688202
llama31-8b,g24a_fever_183452,admit_pre,-1,0.31223217152499605
llama31-8b,g24a_fever_183452,base,-1,0.04620290228748248
llama31-8b,g24a_fever_183452,exclude_post,-1,0.0901885270955052
llama31-8b,g24a_fever_183452,exclude_pre,-1,0.4323257245245481
llama31-8b,g24a_fever_184054,admit_post,-1,9.28545123274679
llama31-8b,g24a_fever_184054,admit_pre,-1,7.3125376953057675
llama31-8b,g24a_fever_184054,base,-1,0.8612905568067212
llama31-8b,g24a_fever_184054,exclude_post,-1,29.046101806055592
llama31-8b,g24a_fever_184054,exclude_pre,-1,7.124826821626966
llama31-8b,g24a_fever_184066,admit_post,1,97.51846191449506
llama31-8b,g24a_fever_184066,admit_pre,1,98.16704971393868
llama31-8b,g24a_fever_184066,base,1,99.9895436710201
llama31-8b,g24a_fever_184066,exclude_post,1,47.17720862436684
llama31-8b,g24a_fever_184066,exclude_pre,1,96.91418437020793
llama31-8b,g24a_fever_184294,admit_post,-1,1.3806508074376938
llama31-8b,g24a_fever_184294,admit_pre,-1,0.5405566518953422
llama31-8b,g24a_fever_184294,base,-1,0.14907563636974375
llama31-8b,g24a_fever_184294,exclude_post,-1,0.039666052957772896
llama31-8b,g24a_fever_184294,exclude_pre,-1,0.36713464449142147
llama31-8b,g24a_fever_184303,admit_post,-1,1.522431631187558
llama31-8b,g24a_fever_184303,admit_pre,-1,1.4615341951638785
llama31-8b,g24a_fever_184303,base,-1,0.050289832634753055
llama31-8b,g24a_fever_184303,exclude_post,-1,0.05036363898382238
llama31-8b,g24a_fever_184303,exclude_pre,-1,3.4343972028801204
llama31-8b,g24a_fever_184432,admit_post,-1,3.7560188350528554
llama31-8b,g24a_fever_184432,admit_pre,-1,3.4723698356997335
llama31-8b,g24a_fever_184432,base,-1,99.58006262757877
llama31-8b,g24a_fever_184432,exclude_post,-1,42.3191286102146
llama31-8b,g24a_fever_184432,exclude_pre,-1,99.68726882940375
llama31-8b,g24a_fever_185177,admit_post,1,93.2737679983332
llama31-8b,g24a_fever_185177,admit_pre,1,92.91441303359697
llama31-8b,g24a_fever_185177,base,1,87.95062138917945
llama31-8b,g24a_fever_185177,exclude_post,1,95.23946354656772
llama31-8b,g24a_fever_185177,exclude_pre,1,52.08829534650198
llama31-8b,g24a_fever_187119,admit_post,-1,0.5604995052695358
llama31-8b,g24a_fever_187119,admit_pre,-1,0.8793028918755392
llama31-8b,g24a_fever_187119,base,-1,0.15277629990702393
llama31-8b,g24a_fever_187119,exclude_post,-1,0.5055427456405828
llama31-8b,g24a_fever_187119,exclude_pre,-1,0.24050624372794513
llama31-8b,g24a_fever_187323,admit_post,1,98.47985483001077
llama31-8b,g24a_fever_187323,admit_pre,1,99.30676643495312
llama31-8b,g24a_fever_187323,base,1,99.88727496059653
llama31-8b,g24a_fever_187323,exclude_post,1,49.44887485809872
llama31-8b,g24a_fever_187323,exclude_pre,1,99.80703473230048
llama31-8b,g24a_fever_189710,admit_post,1,96.71020562460693
llama31-8b,g24a_fever_189710,admit_pre,1,98.805338621411
llama31-8b,g24a_fever_189710,base,1,98.67451571796369
llama31-8b,g24a_fever_189710,exclude_post,1,85.59437142327766
llama31-8b,g24a_fever_189710,exclude_pre,1,92.45007307298252
llama31-8b,g24a_fever_190090,admit_post,1,96.87102564731208
llama31-8b,g24a_fever_190090,admit_pre,1,97.87136733989088
llama31-8b,g24a_fever_190090,base,1,70.03632551788735
llama31-8b,g24a_fever_190090,exclude_post,1,83.69094673998804
llama31-8b,g24a_fever_190090,exclude_pre,1,93.23037695777626
llama31-8b,g24a_fever_191263,admit_post,1,95.99994310277746
llama31-8b,g24a_fever_191263,admit_pre,1,94.290176052954
llama31-8b,g24a_fever_191263,base,1,80.57298083646107
llama31-8b,g24a_fever_191263,exclude_post,1,51.61648189719098
llama31-8b,g24a_fever_191263,exclude_pre,1,54.130824479443234
llama31-8b,g24a_fever_19204,admit_post,1,98.6558476612194
llama31-8b,g24a_fever_19204,admit_pre,1,94.77479297738957
llama31-8b,g24a_fever_19204,base,1,88.22967117606353
llama31-8b,g24a_fever_19204,exclude_post,1,38.350600587991096
llama31-8b,g24a_fever_19204,exclude_pre,1,90.8920667514818
llama31-8b,g24a_fever_193458,admit_post,1,98.51566763179244
llama31-8b,g24a_fever_193458,admit_pre,1,95.12661397701936
llama31-8b,g24a_fever_193458,base,1,99.14248760080946
llama31-8b,g24a_fever_193458,exclude_post,1,93.95466322330057
llama31-8b,g24a_fever_193458,exclude_pre,1,94.07520692152755
llama31-8b,g24a_fever_194486,admit_post,1,96.72593591731606
llama31-8b,g24a_fever_194486,admit_pre,1,92.75318172950757
llama31-8b,g24a_fever_194486,base,1,99.94073120393853
llama31-8b,g24a_fever_194486,exclude_post,1,86.48461374678585
llama31-8b,g24a_fever_194486,exclude_pre,1,98.78109919203749
llama31-8b,g24a_fever_1947,admit_post,1,97.969431178729
llama31-8b,g24a_fever_1947,admit_pre,1,97.75157930175135
llama31-8b,g24a_fever_1947,base,1,99.76849386965634
llama31-8b,g24a_fever_1947,exclude_post,1,96.74333665956877
llama31-8b,g24a_fever_1947,exclude_pre,1,99.49600115825493
llama31-8b,g24a_fever_195208,admit_post,1,97.61313092643461
llama31-8b,g24a_fever_195208,admit_pre,1,97.43136569442991
llama31-8b,g24a_fever_195208,base,1,92.93118909661459
llama31-8b,g24a_fever_195208,exclude_post,1,87.41420719904812
llama31-8b,g24a_fever_195208,exclude_pre,1,96.47658302320707
llama31-8b,g24a_fever_195370,admit_post,-1,3.4066624870749336
llama31-8b,g24a_fever_195370,admit_pre,-1,1.2455875305462039
llama31-8b,g24a_fever_195370,base,-1,14.749574216598713
llama31-8b,g24a_fever_195370,exclude_post,-1,30.38344311131029
llama31-8b,g24a_fever_195370,exclude_pre,-1,0.3144627104429032
llama31-8b,g24a_fever_195912,admit_post,-1,2.2030928865548836
llama31-8b,g24a_fever_195912,admit_pre,-1,2.9024295305015473
llama31-8b,g24a_fever_195912,base,-1,1.6120569452877385
llama31-8b,g24a_fever_195912,exclude_post,-1,29.558810371768214
llama31-8b,g24a_fever_195912,exclude_pre,-1,4.723498974404693
llama31-8b,g24a_fever_198067,admit_post,-1,6.501525799720052
llama31-8b,g24a_fever_198067,admit_pre,-1,9.686722513641328
llama31-8b,g24a_fever_198067,base,-1,5.316284431846824
llama31-8b,g24a_fever_198067,exclude_post,-1,10.012914604385102
llama31-8b,g24a_fever_198067,exclude_pre,-1,5.620546511373989
llama31-8b,g24a_fever_199265,admit_post,-1,2.645636587958724
llama31-8b,g24a_fever_199265,admit_pre,-1,0.38231013138107545
llama31-8b,g24a_fever_199265,base,-1,0.2752264732313916
llama31-8b,g24a_fever_199265,exclude_post,-1,1.8680733820730007
llama31-8b,g24a_fever_199265,exclude_pre,-1,0.6632829877350507
llama31-8b,g24a_fever_200293,admit_post,1,27.079358437759513
llama31-8b,g24a_fever_200293,admit_pre,1,27.13543929976516
llama31-8b,g24a_fever_200293,base,1,88.98652154141958
llama31-8b,g24a_fever_200293,exclude_post,1,26.16569958728911
llama31-8b,g24a_fever_200293,exclude_pre,1,30.168418337769765
llama31-8b,g24a_fever_201603,admit_post,1,96.09728096136185
llama31-8b,g24a_fever_201603,admit_pre,1,96.34500599868608
llama31-8b,g24a_fever_201603,base,1,46.74737244677775
llama31-8b,g24a_fever_201603,exclude_post,1,89.8521462696167
llama31-8b,g24a_fever_201603,exclude_pre,1,97.00892378936216
llama31-8b,g24a_fever_201748,admit_post,-1,88.88674146159558
llama31-8b,g24a_fever_201748,admit_pre,-1,16.556159127711553
llama31-8b,g24a_fever_201748,base,-1,87.9976010665232
llama31-8b,g24a_fever_201748,exclude_post,-1,44.081280326965995
llama31-8b,g24a_fever_201748,exclude_pre,-1,33.90096291710482
llama31-8b,g24a_fever_201793,admit_post,1,99.98485293789821
llama31-8b,g24a_fever_201793,admit_pre,1,99.97822893706439
llama31-8b,g24a_fever_201793,base,1,99.92437647993232
llama31-8b,g24a_fever_201793,exclude_post,1,3.7722553443300972
llama31-8b,g24a_fever_201793,exclude_pre,1,97.09103714905922
llama31-8b,g24a_fever_202032,admit_post,-1,1.851242006101155
llama31-8b,g24a_fever_202032,admit_pre,-1,2.311606301404388
llama31-8b,g24a_fever_202032,base,-1,11.158235806117204
llama31-8b,g24a_fever_202032,exclude_post,-1,21.100954354686206
llama31-8b,g24a_fever_202032,exclude_pre,-1,1.432582525494688
llama31-8b,g24a_fever_202789,admit_post,-1,12.375390622151766
llama31-8b,g24a_fever_202789,admit_pre,-1,4.230351884553901
llama31-8b,g24a_fever_202789,base,-1,2.7963904792056904
llama31-8b,g24a_fever_202789,exclude_post,-1,36.51782330609499
llama31-8b,g24a_fever_202789,exclude_pre,-1,5.041657172633082
llama31-8b,g24a_fever_20291,admit_post,1,99.70820313221905
llama31-8b,g24a_fever_20291,admit_pre,1,99.98301424582803
llama31-8b,g24a_fever_20291,base,1,99.82067249527002
llama31-8b,g24a_fever_20291,exclude_post,1,99.93720699716648
llama31-8b,g24a_fever_20291,exclude_pre,1,66.14091854528226
llama31-8b,g24a_fever_202928,admit_post,-1,2.7630931228405817
llama31-8b,g24a_fever_202928,admit_pre,-1,1.5526962394393187
llama31-8b,g24a_fever_202928,base,-1,37.349533892475314
llama31-8b,g24a_fever_202928,exclude_post,-1,38.367970205294824
llama31-8b,g24a_fever_202928,exclude_pre,-1,1.9781348007103716
llama31-8b,g24a_fever_203053,admit_post,1,94.08661467312491
llama31-8b,g24a_fever_203053,admit_pre,1,97.73291210825067
llama31-8b,g24a_fever_203053,base,1,99.77189873457615
llama31-8b,g24a_fever_203053,exclude_post,1,48.30612916682318
llama31-8b,g24a_fever_203053,exclude_pre,1,96.03292863989736
llama31-8b,g24a_fever_204355,admit_post,-1,10.794856466788314
llama31-8b,g24a_fever_204355,admit_pre,-1,11.590838789085515
llama31-8b,g24a_fever_204355,base,-1,91.16916655391718
llama31-8b,g24a_fever_204355,exclude_post,-1,55.25744559502017
llama31-8b,g24a_fever_204355,exclude_pre,-1,69.38139649792794
llama31-8b,g24a_fever_204643,admit_post,-1,98.14342330764478
llama31-8b,g24a_fever_204643,admit_pre,-1,4.258687609973583
llama31-8b,g24a_fever_204643,base,-1,35.31841941174982
llama31-8b,g24a_fever_204643,exclude_post,-1,51.650262226709536
llama31-8b,g24a_fever_204643,exclude_pre,-1,3.4547217524278757
llama31-8b,g24a_fever_204981,admit_post,1,93.39167170760388
llama31-8b,g24a_fever_204981,admit_pre,1,94.78306694582993
llama31-8b,g24a_fever_204981,base,1,97.25520356262851
llama31-8b,g24a_fever_204981,exclude_post,1,46.650339677493186
llama31-8b,g24a_fever_204981,exclude_pre,1,96.00027661868202
llama31-8b,g24a_fever_205063,admit_post,1,98.14400771622725
llama31-8b,g24a_fever_205063,admit_pre,1,96.06825679904311
llama31-8b,g24a_fever_205063,base,1,92.80027400570644
llama31-8b,g24a_fever_205063,exclude_post,1,0.5502936266033246
llama31-8b,g24a_fever_205063,exclude_pre,1,97.33253266329591
llama31-8b,g24a_fever_206730,admit_post,-1,1.63044665362237
llama31-8b,g24a_fever_206730,admit_pre,-1,1.6959918636468483
llama31-8b,g24a_fever_206730,base,-1,0.013005579658698082
llama31-8b,g24a_fever_206730,exclude_post,-1,0.48208560499402586
llama31-8b,g24a_fever_206730,exclude_pre,-1,0.504368631010625
llama31-8b,g24a_fever_207528,admit_post,1,97.95665906522953
llama31-8b,g24a_fever_207528,admit_pre,1,94.08299280766732
llama31-8b,g24a_fever_207528,base,1,96.10139078620303
llama31-8b,g24a_fever_207528,exclude_post,1,69.69101420780395
llama31-8b,g24a_fever_207528,exclude_pre,1,97.89863823260772
llama31-8b,g24a_fever_207669,admit_post,1,94.73591210078914
llama31-8b,g24a_fever_207669,admit_pre,1,93.07552046690051
llama31-8b,g24a_fever_207669,base,1,91.23087496725329
llama31-8b,g24a_fever_207669,exclude_post,1,47.3273344240775
llama31-8b,g24a_fever_207669,exclude_pre,1,24.39065246428366
llama31-8b,g24a_fever_208159,admit_post,1,99.58295584762443
llama31-8b,g24a_fever_208159,admit_pre,1,99.62840253243832
llama31-8b,g24a_fever_208159,base,1,99.94064035086065
llama31-8b,g24a_fever_208159,exclude_post,1,54.75054336914822
llama31-8b,g24a_fever_208159,exclude_pre,1,99.22669723846798
llama31-8b,g24a_fever_209086,admit_post,1,6.058879971646287
llama31-8b,g24a_fever_209086,admit_pre,1,4.399626229447089
llama31-8b,g24a_fever_209086,base,1,98.6256322081669
llama31-8b,g24a_fever_209086,exclude_post,1,98.97422885405223
llama31-8b,g24a_fever_209086,exclude_pre,1,2.256973205323644
llama31-8b,g24a_fever_209863,admit_post,-1,8.266849348159237
llama31-8b,g24a_fever_209863,admit_pre,-1,11.128398030290219
llama31-8b,g24a_fever_209863,base,-1,95.65512099298584
llama31-8b,g24a_fever_209863,exclude_post,-1,8.727853098064076
llama31-8b,g24a_fever_209863,exclude_pre,-1,11.787882956913244
llama31-8b,g24a_fever_212767,admit_post,1,97.24696797489054
llama31-8b,g24a_fever_212767,admit_pre,1,97.95908867270471
llama31-8b,g24a_fever_212767,base,1,84.28429153908124
llama31-8b,g24a_fever_212767,exclude_post,1,49.86301940965565
llama31-8b,g24a_fever_212767,exclude_pre,1,91.97318154550818
llama31-8b,g24a_fever_21345,admit_post,1,94.0318104155127
llama31-8b,g24a_fever_21345,admit_pre,1,92.69634598357962
llama31-8b,g24a_fever_21345,base,1,0.8711871503419419
llama31-8b,g24a_fever_21345,exclude_post,1,48.28775031124766
llama31-8b,g24a_fever_21345,exclude_pre,1,23.66236626104208
llama31-8b,g24a_fever_21494,admit_post,1,97.26821441847432
llama31-8b,g24a_fever_21494,admit_pre,1,98.5153255309646
llama31-8b,g24a_fever_21494,base,1,76.06060602650638
llama31-8b,g24a_fever_21494,exclude_post,1,51.736242420066816
llama31-8b,g24a_fever_21494,exclude_pre,1,99.55674096577336
llama31-8b,g24a_fever_2150,admit_post,1,98.51396721696653
llama31-8b,g24a_fever_2150,admit_pre,1,97.73735120323036
llama31-8b,g24a_fever_2150,base,1,88.88867746119226
llama31-8b,g24a_fever_2150,exclude_post,1,91.60420636908563
llama31-8b,g24a_fever_2150,exclude_pre,1,97.30309566357819
llama31-8b,g24a_fever_215224,admit_post,-1,3.7017305112721175
llama31-8b,g24a_fever_215224,admit_pre,-1,11.540371620377996
llama31-8b,g24a_fever_215224,base,-1,3.464453293828347
llama31-8b,g24a_fever_215224,exclude_post,-1,15.735346667815394
llama31-8b,g24a_fever_215224,exclude_pre,-1,4.465434389007541
llama31-8b,g24a_fever_216585,admit_post,1,91.82345767479076
llama31-8b,g24a_fever_216585,admit_pre,1,95.10410386812799
llama31-8b,g24a_fever_216585,base,1,98.34507502327472
llama31-8b,g24a_fever_216585,exclude_post,1,26.001042720878857
llama31-8b,g24a_fever_216585,exclude_pre,1,96.03401208882028
llama31-8b,g24a_fever_216595,admit_post,1,87.66654564431015
llama31-8b,g24a_fever_216595,admit_pre,1,90.98066206971436
llama31-8b,g24a_fever_216595,base,1,0.7217868791985979
llama31-8b,g24a_fever_216595,exclude_post,1,9.39961045523446
llama31-8b,g24a_fever_216595,exclude_pre,1,90.02510490927725
llama31-8b,g24a_fever_218104,admit_post,1,98.67217535194217
llama31-8b,g24a_fever_218104,admit_pre,1,99.38475396175001
llama31-8b,g24a_fever_218104,base,1,99.46513947130039
llama31-8b,g24a_fever_218104,exclude_post,1,44.583579295466805
llama31-8b,g24a_fever_218104,exclude_pre,1,91.33462506400582
llama31-8b,g24a_fever_218111,admit_post,-1,1.8919559430564443
llama31-8b,g24a_fever_218111,admit_pre,-1,3.6763542703447922
llama31-8b,g24a_fever_218111,base,-1,2.124389992593878
llama31-8b,g24a_fever_218111,exclude_post,-1,41.49543973099982
llama31-8b,g24a_fever_218111,exclude_pre,-1,10.61895580714061
llama31-8b,g24a_fever_219688,admit_post,-1,0.7579333877006377
llama31-8b,g24a_fever_219688,admit_pre,-1,1.0648401072587204
llama31-8b,g24a_fever_219688,base,-1,0.0574946159006223
llama31-8b,g24a_fever_219688,exclude_post,-1,0.40935461062757106
llama31-8b,g24a_fever_219688,exclude_pre,-1,1.288408155369504
llama31-8b,g24a_fever_21986,admit_post,-1,2.393275993214524
llama31-8b,g24a_fever_21986,admit_pre,-1,1.7077670838723453
llama31-8b,g24a_fever_21986,base,-1,0.4215481235707183
llama31-8b,g24a_fever_21986,exclude_post,-1,0.9116241817253881
llama31-8b,g24a_fever_21986,exclude_pre,-1,0.34682257483117196
llama31-8b,g24a_fever_220461,admit_post,1,95.10090424871038
llama31-8b,g24a_fever_220461,admit_pre,1,94.40167280397057
llama31-8b,g24a_fever_220461,base,1,99.67107412259782
llama31-8b,g24a_fever_220461,exclude_post,1,48.04318463119905
llama31-8b,g24a_fever_220461,exclude_pre,1,98.59361560115421
llama31-8b,g24a_fever_22096,admit_post,1,99.04595373119463
llama31-8b,g24a_fever_22096,admit_pre,1,98.51490860214453
llama31-8b,g24a_fever_22096,base,1,95.10925790824973
llama31-8b,g24a_fever_22096,exclude_post,1,53.648977386895346
llama31-8b,g24a_fever_22096,exclude_pre,1,87.4414201024029
llama31-8b,g24a_fever_222170,admit_post,1,96.42746652280077
llama31-8b,g24a_fever_222170,admit_pre,1,94.42883152486986
llama31-8b,g24a_fever_222170,base,1,54.91415809341084
llama31-8b,g24a_fever_222170,exclude_post,1,53.40177284458638
llama31-8b,g24a_fever_222170,exclude_pre,1,77.0546539825357
llama31-8b,g24a_fever_222174,admit_post,-1,17.99611148666706
llama31-8b,g24a_fever_222174,admit_pre,-1,18.915160414326166
llama31-8b,g24a_fever_222174,base,-1,43.15930785408895
llama31-8b,g24a_fever_222174,exclude_post,-1,8.616725103035673
llama31-8b,g24a_fever_222174,exclude_pre,-1,39.22135963980733
llama31-8b,g24a_fever_222721,admit_post,1,96.42078855409825
llama31-8b,g24a_fever_222721,admit_pre,1,95.12078958213016
llama31-8b,g24a_fever_222721,base,1,98.48263241952309
llama31-8b,g24a_fever_222721,exclude_post,1,53.422126986790765
llama31-8b,g24a_fever_222721,exclude_pre,1,91.093854028906
llama31-8b,g24a_fever_222730,admit_post,1,96.1140381687944
llama31-8b,g24a_fever_222730,admit_pre,1,94.07651498383458
llama31-8b,g24a_fever_222730,base,1,99.77196010233236
llama31-8b,g24a_fever_222730,exclude_post,1,48.09694380530368
llama31-8b,g24a_fever_222730,exclude_pre,1,68.5923250881212
llama31-8b,g24a_fever_223491,admit_post,-1,10.967550096348624
llama31-8b,g24a_fever_223491,admit_pre,-1,11.582292111771688
llama31-8b,g24a_fever_223491,base,-1,52.070087991175484
llama31-8b,g24a_fever_223491,exclude_post,-1,39.54646488647946
llama31-8b,g24a_fever_223491,exclude_pre,-1,53.60167937811322
llama31-8b,g24a_fever_225802,admit_post,1,99.1542257225934
llama31-8b,g24a_fever_225802,admit_pre,1,96.71842238448535
llama31-8b,g24a_fever_225802,base,1,99.22773401119375
llama31-8b,g24a_fever_225802,exclude_post,1,92.3614520624131
llama31-8b,g24a_fever_225802,exclude_pre,1,97.74200185497335
llama31-8b,g24a_fever_227083,admit_post,1,98.66796491769196
llama31-8b,g24a_fever_227083,admit_pre,1,98.66887657949137
llama31-8b,g24a_fever_227083,base,1,98.92783497238413
llama31-8b,g24a_fever_227083,exclude_post,1,96.59426573093714
llama31-8b,g24a_fever_227083,exclude_pre,1,61.23072064887586
llama31-8b,g24a_fever_227095,admit_post,-1,0.7475200245637423
llama31-8b,g24a_fever_227095,admit_pre,-1,15.1085968121058
llama31-8b,g24a_fever_227095,base,-1,34.03298404619554
llama31-8b,g24a_fever_227095,exclude_post,-1,35.49118868632677
llama31-8b,g24a_fever_227095,exclude_pre,-1,51.23970713923671
llama31-8b,g24a_fever_227129,admit_post,1,93.40751314434846
llama31-8b,g24a_fever_227129,admit_pre,1,95.10647483732073
llama31-8b,g24a_fever_227129,base,1,99.9720259620569
llama31-8b,g24a_fever_227129,exclude_post,1,94.61812287360962
llama31-8b,g24a_fever_227129,exclude_pre,1,99.09025435142513
llama31-8b,g24a_fever_22805,admit_post,1,98.34311182491923
llama31-8b,g24a_fever_22805,admit_pre,1,96.42743558003778
llama31-8b,g24a_fever_22805,base,1,99.90304273213165
llama31-8b,g24a_fever_22805,exclude_post,1,53.433530354368585
llama31-8b,g24a_fever_22805,exclude_pre,1,51.221062507205
llama31-8b,g24a_fever_228063,admit_post,1,98.50406491385407
llama31-8b,g24a_fever_228063,admit_pre,1,99.04460653479015
llama31-8b,g24a_fever_228063,base,1,94.7321696901629
llama31-8b,g24a_fever_228063,exclude_post,1,51.728450223893326
llama31-8b,g24a_fever_228063,exclude_pre,1,98.37750536472801
llama31-8b,g24a_fever_23861,admit_post,-1,75.47747707945229
llama31-8b,g24a_fever_23861,admit_pre,-1,50.373711593055226
llama31-8b,g24a_fever_23861,base,-1,10.467907047133359
llama31-8b,g24a_fever_23861,exclude_post,-1,1.1133486642738855
llama31-8b,g24a_fever_23861,exclude_pre,-1,33.3199292073527
llama31-8b,g24a_fever_24264,admit_post,1,87.0309188048041
llama31-8b,g24a_fever_24264,admit_pre,1,87.09009169624895
llama31-8b,g24a_fever_24264,base,1,96.38548472567192
llama31-8b,g24a_fever_24264,exclude_post,1,95.57765460269641
llama31-8b,g24a_fever_24264,exclude_pre,1,87.7883568284728
llama31-8b,g24a_fever_25705,admit_post,1,96.41985103545792
llama31-8b,g24a_fever_25705,admit_pre,1,89.542559816113
llama31-8b,g24a_fever_25705,base,1,48.20133470720302
llama31-8b,g24a_fever_25705,exclude_post,1,52.86892650793526
llama31-8b,g24a_fever_25705,exclude_pre,1,53.96699380259517
llama31-8b,g24a_fever_25906,admit_post,-1,0.627619535886041
llama31-8b,g24a_fever_25906,admit_pre,-1,0.8809517593504038
llama31-8b,g24a_fever_25906,base,-1,0.026285999431270954
llama31-8b,g24a_fever_25906,exclude_post,-1,0.25253143221165186
llama31-8b,g24a_fever_25906,exclude_pre,-1,0.5858542439452078
llama31-8b,g24a_fever_2616,admit_post,1,94.41618149109597
llama31-8b,g24a_fever_2616,admit_pre,1,97.2575510278258
llama31-8b,g24a_fever_2616,base,1,89.81644630166609
llama31-8b,g24a_fever_2616,exclude_post,1,55.55576975263447
llama31-8b,g24a_fever_2616,exclude_pre,1,92.9271671889393
llama31-8b,g24a_fever_26224,admit_post,1,98.33449654774424
llama31-8b,g24a_fever_26224,admit_pre,1,96.99214452155096
llama31-8b,g24a_fever_26224,base,1,97.19323265191059
llama31-8b,g24a_fever_26224,exclude_post,1,54.5742415501866
llama31-8b,g24a_fever_26224,exclude_pre,1,56.02243683234829
llama31-8b,g24a_fever_27269,admit_post,-1,13.41693820984707
llama31-8b,g24a_fever_27269,admit_pre,-1,0.5244093481347435
llama31-8b,g24a_fever_27269,base,-1,92.49112698818267
llama31-8b,g24a_fever_27269,exclude_post,-1,47.111131212813376
llama31-8b,g24a_fever_27269,exclude_pre,-1,58.523668658101
llama31-8b,g24a_fever_27294,admit_post,-1,6.061719659981476
llama31-8b,g24a_fever_27294,admit_pre,-1,5.024349360734547
llama31-8b,g24a_fever_27294,base,-1,1.081088493389181
llama31-8b,g24a_fever_27294,exclude_post,-1,1.4668323203246851
llama31-8b,g24a_fever_27294,exclude_pre,-1,1.17101552453539
llama31-8b,g24a_fever_27455,admit_post,-1,67.93755708929821
llama31-8b,g24a_fever_27455,admit_pre,-1,21.09731466253368
llama31-8b,g24a_fever_27455,base,-1,83.84201208228339
llama31-8b,g24a_fever_27455,exclude_post,-1,47.886053741129984
llama31-8b,g24a_fever_27455,exclude_pre,-1,0.0874992607761133
llama31-8b,g24a_fever_28525,admit_post,-1,18.850003892746372
llama31-8b,g24a_fever_28525,admit_pre,-1,87.41799444235158
llama31-8b,g24a_fever_28525,base,-1,6.682114654475962
llama31-8b,g24a_fever_28525,exclude_post,-1,3.237846006089322
llama31-8b,g24a_fever_28525,exclude_pre,-1,59.219262153464584
llama31-8b,g24a_fever_28754,admit_post,-1,5.749520219442066
llama31-8b,g24a_fever_28754,admit_pre,-1,11.627745260814518
llama31-8b,g24a_fever_28754,base,-1,62.56379235287338
llama31-8b,g24a_fever_28754,exclude_post,-1,46.675021553423726
llama31-8b,g24a_fever_28754,exclude_pre,-1,45.48185856793123
llama31-8b,g24a_fever_28867,admit_post,-1,4.449253272861912
llama31-8b,g24a_fever_28867,admit_pre,-1,2.258304176026337
llama31-8b,g24a_fever_28867,base,-1,66.77508566393041
llama31-8b,g24a_fever_28867,exclude_post,-1,95.03675894931433
llama31-8b,g24a_fever_28867,exclude_pre,-1,8.037600012783809
llama31-8b,g24a_fever_29092,admit_post,-1,3.3867518788496445
llama31-8b,g24a_fever_29092,admit_pre,-1,4.528929916690742
llama31-8b,g24a_fever_29092,base,-1,1.923993309795697
llama31-8b,g24a_fever_29092,exclude_post,-1,0.056594938928643077
llama31-8b,g24a_fever_29092,exclude_pre,-1,1.3098244486950028
llama31-8b,g24a_fever_29142,admit_post,1,96.70236480906205
llama31-8b,g24a_fever_29142,admit_pre,1,96.07604165903157
llama31-8b,g24a_fever_29142,base,1,88.33395965414653
llama31-8b,g24a_fever_29142,exclude_post,1,56.469713431883015
llama31-8b,g24a_fever_29142,exclude_pre,1,96.61312332237175
llama31-8b,g24a_fever_29550,admit_post,1,99.14134690077881
llama31-8b,g24a_fever_29550,admit_pre,1,99.03749836552667
llama31-8b,g24a_fever_29550,base,1,97.9471405407587
llama31-8b,g24a_fever_29550,exclude_post,1,97.76917633111351
llama31-8b,g24a_fever_29550,exclude_pre,1,92.58857967714964
llama31-8b,g24a_fever_29556,admit_post,1,95.79961564762799
llama31-8b,g24a_fever_29556,admit_pre,1,94.78081692215494
llama31-8b,g24a_fever_29556,base,1,99.93397606055237
llama31-8b,g24a_fever_29556,exclude_post,1,49.786929985422056
llama31-8b,g24a_fever_29556,exclude_pre,1,97.70135064629524
llama31-8b,g24a_fever_29861,admit_post,1,96.12174518145294
llama31-8b,g24a_fever_29861,admit_pre,1,97.75227022508533
llama31-8b,g24a_fever_29861,base,1,99.67239312679702
llama31-8b,g24a_fever_29861,exclude_post,1,47.71197778868732
llama31-8b,g24a_fever_29861,exclude_pre,1,66.35453969054016
llama31-8b,g24a_fever_30014,admit_post,-1,5.5956765514750835
llama31-8b,g24a_fever_30014,admit_pre,-1,1.0338532668209064
llama31-8b,g24a_fever_30014,base,-1,52.97978570583619
llama31-8b,g24a_fever_30014,exclude_post,-1,38.286223074630335
llama31-8b,g24a_fever_30014,exclude_pre,-1,1.0602998101340966
llama31-8b,g24a_fever_31192,admit_post,1,92.73905424201268
llama31-8b,g24a_fever_31192,admit_pre,1,90.51159344271191
llama31-8b,g24a_fever_31192,base,1,99.69834616413216
llama31-8b,g24a_fever_31192,exclude_post,1,99.40590520615437
llama31-8b,g24a_fever_31192,exclude_pre,1,89.63782231593518
llama31-8b,g24a_fever_31581,admit_post,-1,1.3965370016418972
llama31-8b,g24a_fever_31581,admit_pre,-1,41.54831069828876
llama31-8b,g24a_fever_31581,base,-1,0.5974163873274851
llama31-8b,g24a_fever_31581,exclude_post,-1,29.64007593833663
llama31-8b,g24a_fever_31581,exclude_pre,-1,1.2425288159781323
llama31-8b,g24a_fever_33055,admit_post,-1,89.62873343937996
llama31-8b,g24a_fever_33055,admit_pre,-1,90.41511569848468
llama31-8b,g24a_fever_33055,base,-1,33.775270209519995
llama31-8b,g24a_fever_33055,exclude_post,-1,53.23238527246075
llama31-8b,g24a_fever_33055,exclude_pre,-1,44.57829904359804
llama31-8b,g24a_fever_33196,admit_post,1,95.77514657162529
llama31-8b,g24a_fever_33196,admit_pre,1,96.36412397622695
llama31-8b,g24a_fever_33196,base,1,97.92867731534604
llama31-8b,g24a_fever_33196,exclude_post,1,48.82754837131782
llama31-8b,g24a_fever_33196,exclude_pre,1,54.92622177912373
llama31-8b,g24a_fever_35030,admit_post,1,92.42957871311468
llama31-8b,g24a_fever_35030,admit_pre,1,90.0246065970893
llama31-8b,g24a_fever_35030,base,1,64.89747724077364
llama31-8b,g24a_fever_35030,exclude_post,1,51.22262667369434
llama31-8b,g24a_fever_35030,exclude_pre,1,61.8257124599737
llama31-8b,g24a_fever_3518,admit_post,-1,11.390857297445766
llama31-8b,g24a_fever_3518,admit_pre,-1,6.672370255374067
llama31-8b,g24a_fever_3518,base,-1,26.087771346881702
llama31-8b,g24a_fever_3518,exclude_post,-1,46.61748747375137
llama31-8b,g24a_fever_3518,exclude_pre,-1,21.786669082944933
llama31-8b,g24a_fever_35881,admit_post,1,99.98237791119121
llama31-8b,g24a_fever_35881,admit_pre,1,99.96990282744702
llama31-8b,g24a_fever_35881,base,1,84.57500501047787
llama31-8b,g24a_fever_35881,exclude_post,1,51.22801414271349
llama31-8b,g24a_fever_35881,exclude_pre,1,36.08244831906737
llama31-8b,g24a_fever_36886,admit_post,-1,8.62510179569273
llama31-8b,g24a_fever_36886,admit_pre,-1,0.7017138785063278
llama31-8b,g24a_fever_36886,base,-1,2.0874207154554205
llama31-8b,g24a_fever_36886,exclude_post,-1,42.41349129495836
llama31-8b,g24a_fever_36886,exclude_pre,-1,0.9796106841142522
llama31-8b,g24a_fever_37067,admit_post,1,97.2706472234256
llama31-8b,g24a_fever_37067,admit_pre,1,99.46055619658493
llama31-8b,g24a_fever_37067,base,1,23.207425244224098
llama31-8b,g24a_fever_37067,exclude_post,1,90.39024072577512
llama31-8b,g24a_fever_37067,exclude_pre,1,96.25019178564725
llama31-8b,g24a_fever_38029,admit_post,1,92.18995856909982
llama31-8b,g24a_fever_38029,admit_pre,1,94.17590191144266
llama31-8b,g24a_fever_38029,base,1,97.23705907497218
llama31-8b,g24a_fever_38029,exclude_post,1,52.14260487970679
llama31-8b,g24a_fever_38029,exclude_pre,1,91.39427737119708
llama31-8b,g24a_fever_39612,admit_post,1,88.18489505868068
llama31-8b,g24a_fever_39612,admit_pre,1,88.43268633264226
llama31-8b,g24a_fever_39612,base,1,86.546126863047
llama31-8b,g24a_fever_39612,exclude_post,1,55.554031858461194
llama31-8b,g24a_fever_39612,exclude_pre,1,88.01515248171313
llama31-8b,g24a_fever_40528,admit_post,-1,2.9317136435707196
llama31-8b,g24a_fever_40528,admit_pre,-1,4.806031659611838
llama31-8b,g24a_fever_40528,base,-1,0.7273749136422215
llama31-8b,g24a_fever_40528,exclude_post,-1,7.338199979829351
llama31-8b,g24a_fever_40528,exclude_pre,-1,0.23818553757983615
llama31-8b,g24a_fever_41810,admit_post,-1,7.169429006522675
llama31-8b,g24a_fever_41810,admit_pre,-1,23.126263756695312
llama31-8b,g24a_fever_41810,base,-1,5.156581764780435
llama31-8b,g24a_fever_41810,exclude_post,-1,47.01411464047386
llama31-8b,g24a_fever_41810,exclude_pre,-1,6.075331757425072
llama31-8b,g24a_fever_4280,admit_post,-1,41.24520472958431
llama31-8b,g24a_fever_4280,admit_pre,-1,6.146978457179683
llama31-8b,g24a_fever_4280,base,-1,4.849268470420506
llama31-8b,g24a_fever_4280,exclude_post,-1,12.04134538972897
llama31-8b,g24a_fever_4280,exclude_pre,-1,4.069284448825794
llama31-8b,g24a_fever_43458,admit_post,1,96.4291246382731
llama31-8b,g24a_fever_43458,admit_pre,1,98.51462809772778
llama31-8b,g24a_fever_43458,base,1,99.85910725641939
llama31-8b,g24a_fever_43458,exclude_post,1,32.576973086943205
llama31-8b,g24a_fever_43458,exclude_pre,1,54.66761094383243
llama31-8b,g24a_fever_44156,admit_post,-1,4.976247717270559
llama31-8b,g24a_fever_44156,admit_pre,-1,1.7428178255778972
llama31-8b,g24a_fever_44156,base,-1,0.21621034355190355
llama31-8b,g24a_fever_44156,exclude_post,-1,0.18152474672823835
llama31-8b,g24a_fever_44156,exclude_pre,-1,2.412227432042765
llama31-8b,g24a_fever_45143,admit_post,1,98.93264335391413
llama31-8b,g24a_fever_45143,admit_pre,1,93.40307308674352
llama31-8b,g24a_fever_45143,base,1,89.60001669752755
llama31-8b,g24a_fever_45143,exclude_post,1,83.76304744235283
llama31-8b,g24a_fever_45143,exclude_pre,1,94.17004646620916
llama31-8b,g24a_fever_45205,admit_post,-1,6.980916470183301
llama31-8b,g24a_fever_45205,admit_pre,-1,6.908308608356525
llama31-8b,g24a_fever_45205,base,-1,9.829872657619545
llama31-8b,g24a_fever_45205,exclude_post,-1,36.81484497745152
llama31-8b,g24a_fever_45205,exclude_pre,-1,2.329155613573304
llama31-8b,g24a_fever_4536,admit_post,1,99.04760645174892
llama31-8b,g24a_fever_4536,admit_pre,1,99.94763627306367
llama31-8b,g24a_fever_4536,base,1,88.88816048928237
llama31-8b,g24a_fever_4536,exclude_post,1,92.4179456586399
llama31-8b,g24a_fever_4536,exclude_pre,1,44.449614159509395
llama31-8b,g24a_fever_46483,admit_post,1,95.44609101582925
llama31-8b,g24a_fever_46483,admit_pre,1,90.05017727945042
llama31-8b,g24a_fever_46483,base,1,94.41361526731124
llama31-8b,g24a_fever_46483,exclude_post,1,48.27992208245328
llama31-8b,g24a_fever_46483,exclude_pre,1,30.56038408118002
llama31-8b,g24a_fever_47267,admit_post,-1,3.4629667536461035
llama31-8b,g24a_fever_47267,admit_pre,-1,3.967057291665657
llama31-8b,g24a_fever_47267,base,-1,0.24448717127189626
llama31-8b,g24a_fever_47267,exclude_post,-1,10.522537688579217
llama31-8b,g24a_fever_47267,exclude_pre,-1,0.5489456133769082
llama31-8b,g24a_fever_47322,admit_post,-1,27.042502983816863
llama31-8b,g24a_fever_47322,admit_pre,-1,27.48012247767045
llama31-8b,g24a_fever_47322,base,-1,34.44404088075197
llama31-8b,g24a_fever_47322,exclude_post,-1,37.76757684911434
llama31-8b,g24a_fever_47322,exclude_pre,-1,32.88547054128502
llama31-8b,g24a_fever_4746,admit_post,1,96.12100300723235
llama31-8b,g24a_fever_4746,admit_pre,1,98.34473833861135
llama31-8b,g24a_fever_4746,base,1,99.74380853353719
llama31-8b,g24a_fever_4746,exclude_post,1,93.27056692316523
llama31-8b,g24a_fever_4746,exclude_pre,1,98.9110970773757
llama31-8b,g24a_fever_48142,admit_post,1,99.61367683201391
llama31-8b,g24a_fever_48142,admit_pre,1,0.09920765779544957
llama31-8b,g24a_fever_48142,base,1,99.76361007726888
llama31-8b,g24a_fever_48142,exclude_post,1,64.30082238488363
llama31-8b,g24a_fever_48142,exclude_pre,1,92.65818247429094
llama31-8b,g24a_fever_4824,admit_post,-1,0.7177058870421733
llama31-8b,g24a_fever_4824,admit_pre,-1,0.6588439027747364
llama31-8b,g24a_fever_4824,base,-1,0.03852308187389205
llama31-8b,g24a_fever_4824,exclude_post,-1,0.38955653046353445
llama31-8b,g24a_fever_4824,exclude_pre,-1,0.2831838878458235
llama31-8b,g24a_fever_48377,admit_post,-1,0.5366795954981878
llama31-8b,g24a_fever_48377,admit_pre,-1,12.34201592140598
llama31-8b,g24a_fever_48377,base,-1,0.8876088529329411
llama31-8b,g24a_fever_48377,exclude_post,-1,1.7871853075506943
llama31-8b,g24a_fever_48377,exclude_pre,-1,7.296606253617349
llama31-8b,g24a_fever_48404,admit_post,-1,1.9012442693889646
llama31-8b,g24a_fever_48404,admit_pre,-1,0.896620542488799
llama31-8b,g24a_fever_48404,base,-1,0.20382020933642053
llama31-8b,g24a_fever_48404,exclude_post,-1,0.012024406611784987
llama31-8b,g24a_fever_48404,exclude_pre,-1,0.9585317168012213
llama31-8b,g24a_fever_48658,admit_post,1,23.609714855564906
llama31-8b,g24a_fever_48658,admit_pre,1,19.20578804870322
llama31-8b,g24a_fever_48658,base,1,0.08069122438429636
llama31-8b,g24a_fever_48658,exclude_post,1,1.0584765745884377
llama31-8b,g24a_fever_48658,exclude_pre,1,7.1897396876484345
llama31-8b,g24a_fever_50406,admit_post,1,92.66379773650402
llama31-8b,g24a_fever_50406,admit_pre,1,8.157027655886939
llama31-8b,g24a_fever_50406,base,1,1.4561990913508123
llama31-8b,g24a_fever_50406,exclude_post,1,45.25533524960433
llama31-8b,g24a_fever_50406,exclude_pre,1,38.35191050411886
llama31-8b,g24a_fever_51154,admit_post,1,88.76256389470889
llama31-8b,g24a_fever_51154,admit_pre,1,81.3604604197042
llama31-8b,g24a_fever_51154,base,1,79.32950226848048
llama31-8b,g24a_fever_51154,exclude_post,1,52.935438048929626
llama31-8b,g24a_fever_51154,exclude_pre,1,83.69787933861952
llama31-8b,g24a_fever_51825,admit_post,1,97.95259125096237
llama31-8b,g24a_fever_51825,admit_pre,1,95.11924050292048
llama31-8b,g24a_fever_51825,base,1,91.77895182139952
llama31-8b,g24a_fever_51825,exclude_post,1,87.21644193605583
llama31-8b,g24a_fever_51825,exclude_pre,1,94.99684802420092
llama31-8b,g24a_fever_51961,admit_post,-1,3.2253036424947883
llama31-8b,g24a_fever_51961,admit_pre,-1,2.050257878317049
llama31-8b,g24a_fever_51961,base,-1,0.22478524641580966
llama31-8b,g24a_fever_51961,exclude_post,-1,2.7688311099653586
llama31-8b,g24a_fever_51961,exclude_pre,-1,2.0628200281431925
llama31-8b,g24a_fever_52582,admit_post,-1,58.39715004432124
llama31-8b,g24a_fever_52582,admit_pre,-1,35.361330440660986
llama31-8b,g24a_fever_52582,base,-1,51.65999709936201
llama31-8b,g24a_fever_52582,exclude_post,-1,45.8360400193385
llama31-8b,g24a_fever_52582,exclude_pre,-1,56.15689556562907
llama31-8b,g24a_fever_53020,admit_post,1,97.9574179708882
llama31-8b,g24a_fever_53020,admit_pre,1,96.98260044322748
llama31-8b,g24a_fever_53020,base,1,96.58921235628313
llama31-8b,g24a_fever_53020,exclude_post,1,51.9290508281263
llama31-8b,g24a_fever_53020,exclude_pre,1,55.07136711691038
llama31-8b,g24a_fever_53266,admit_post,-1,98.13529904490969
llama31-8b,g24a_fever_53266,admit_pre,-1,11.42389229819887
llama31-8b,g24a_fever_53266,base,-1,99.61230701529911
llama31-8b,g24a_fever_53266,exclude_post,-1,46.800559838191354
llama31-8b,g24a_fever_53266,exclude_pre,-1,2.9222345542024275
llama31-8b,g24a_fever_53733,admit_post,1,90.38230991757831
llama31-8b,g24a_fever_53733,admit_pre,1,91.71116986608014
llama31-8b,g24a_fever_53733,base,1,74.31341552495286
llama31-8b,g24a_fever_53733,exclude_post,1,52.34081235578828
llama31-8b,g24a_fever_53733,exclude_pre,1,48.51969511986776
llama31-8b,g24a_fever_53792,admit_post,1,97.94760725903981
llama31-8b,g24a_fever_53792,admit_pre,1,98.65930354279527
llama31-8b,g24a_fever_53792,base,1,99.63079492886158
llama31-8b,g24a_fever_53792,exclude_post,1,97.7458137090418
llama31-8b,g24a_fever_53792,exclude_pre,1,99.72003791223568
llama31-8b,g24a_fever_53832,admit_post,1,99.04030370985271
llama31-8b,g24a_fever_53832,admit_pre,1,95.79240696437031
llama31-8b,g24a_fever_53832,base,1,98.51483273262772
llama31-8b,g24a_fever_53832,exclude_post,1,86.38802556388028
llama31-8b,g24a_fever_53832,exclude_pre,1,98.2088858315891
llama31-8b,g24a_fever_5420,admit_post,1,95.08392836088395
llama31-8b,g24a_fever_5420,admit_pre,1,96.94842742170542
llama31-8b,g24a_fever_5420,base,1,99.76567258782899
llama31-8b,g24a_fever_5420,exclude_post,1,51.34790976480261
llama31-8b,g24a_fever_5420,exclude_pre,1,91.13701887160943
llama31-8b,g24a_fever_54679,admit_post,1,97.26304841506345
llama31-8b,g24a_fever_54679,admit_pre,1,94.09386615216505
llama31-8b,g24a_fever_54679,base,1,81.08899608401649
llama31-8b,g24a_fever_54679,exclude_post,1,94.97695401121554
llama31-8b,g24a_fever_54679,exclude_pre,1,90.33245897203612
llama31-8b,g24a_fever_55468,admit_post,1,90.51524520550487
llama31-8b,g24a_fever_55468,admit_pre,1,90.43054393340303
llama31-8b,g24a_fever_55468,base,1,79.19434351526894
llama31-8b,g24a_fever_55468,exclude_post,1,0.9365389178759478
llama31-8b,g24a_fever_55468,exclude_pre,1,69.4435861827647
llama31-8b,g24a_fever_5560,admit_post,1,96.1090920238929
llama31-8b,g24a_fever_5560,admit_pre,1,92.31151888105066
llama31-8b,g24a_fever_5560,base,1,67.49860233444724
llama31-8b,g24a_fever_5560,exclude_post,1,30.646595365149224
llama31-8b,g24a_fever_5560,exclude_pre,1,91.71557235697287
llama31-8b,g24a_fever_5574,admit_post,1,93.06526029339811
llama31-8b,g24a_fever_5574,admit_pre,1,99.98475863454951
llama31-8b,g24a_fever_5574,base,1,99.8889556752224
llama31-8b,g24a_fever_5574,exclude_post,1,40.98902123166904
llama31-8b,g24a_fever_5574,exclude_pre,1,94.31123503681366
llama31-8b,g24a_fever_56051,admit_post,-1,20.668862551169063
llama31-8b,g24a_fever_56051,admit_pre,-1,14.380982002346201
llama31-8b,g24a_fever_56051,base,-1,10.027892843965141
llama31-8b,g24a_fever_56051,exclude_post,-1,11.870763605608712
llama31-8b,g24a_fever_56051,exclude_pre,-1,17.500811523868308
llama31-8b,g24a_fever_56182,admit_post,1,97.75207064333557
llama31-8b,g24a_fever_56182,admit_pre,1,99.0490214990141
llama31-8b,g24a_fever_56182,base,1,99.68427374231324
llama31-8b,g24a_fever_56182,exclude_post,1,44.60294127687749
llama31-8b,g24a_fever_56182,exclude_pre,1,98.65810677841262
llama31-8b,g24a_fever_57842,admit_post,1,95.792116591376
llama31-8b,g24a_fever_57842,admit_pre,1,94.06998872679934
llama31-8b,g24a_fever_57842,base,1,81.66788054856596
llama31-8b,g24a_fever_57842,exclude_post,1,28.666622245999342
llama31-8b,g24a_fever_57842,exclude_pre,1,91.86272174793072
llama31-8b,g24a_fever_57941,admit_post,-1,2.143469569591792
llama31-8b,g24a_fever_57941,admit_pre,-1,1.6808856868018085
llama31-8b,g24a_fever_57941,base,-1,0.08389715264830312
llama31-8b,g24a_fever_57941,exclude_post,-1,39.44066701128867
llama31-8b,g24a_fever_57941,exclude_pre,-1,17.03352414557228
llama31-8b,g24a_fever_58175,admit_post,1,91.66658755345829
llama31-8b,g24a_fever_58175,admit_pre,1,99.29838722994702
llama31-8b,g24a_fever_58175,base,1,99.67235312221081
llama31-8b,g24a_fever_58175,exclude_post,1,53.49621241186193
llama31-8b,g24a_fever_58175,exclude_pre,1,91.06567464485472
llama31-8b,g24a_fever_58896,admit_post,1,98.92762429274049
llama31-8b,g24a_fever_58896,admit_pre,1,92.72438098265008
llama31-8b,g24a_fever_58896,base,1,99.90268368452055
llama31-8b,g24a_fever_58896,exclude_post,1,50.60890957821191
llama31-8b,g24a_fever_58896,exclude_pre,1,96.07187014045398
llama31-8b,g24a_fever_59603,admit_post,-1,27.474058528112035
llama31-8b,g24a_fever_59603,admit_pre,-1,24.793721424609274
llama31-8b,g24a_fever_59603,base,-1,37.09708897376104
llama31-8b,g24a_fever_59603,exclude_post,-1,13.679396019193314
llama31-8b,g24a_fever_59603,exclude_pre,-1,29.435378840597952
llama31-8b,g24a_fever_59966,admit_post,-1,0.11330637648564329
llama31-8b,g24a_fever_59966,admit_pre,-1,6.107177586851128
llama31-8b,g24a_fever_59966,base,-1,84.8275041215174
llama31-8b,g24a_fever_59966,exclude_post,-1,28.823886421903165
llama31-8b,g24a_fever_59966,exclude_pre,-1,5.854993217075118
llama31-8b,g24a_fever_61695,admit_post,-1,9.318729210965476
llama31-8b,g24a_fever_61695,admit_pre,-1,10.062294510374906
llama31-8b,g24a_fever_61695,base,-1,99.42428109499356
llama31-8b,g24a_fever_61695,exclude_post,-1,96.47109044175888
llama31-8b,g24a_fever_61695,exclude_pre,-1,21.172513630535217
llama31-8b,g24a_fever_62053,admit_post,1,98.92605400580561
llama31-8b,g24a_fever_62053,admit_pre,1,98.33865868831481
llama31-8b,g24a_fever_62053,base,1,94.74220631827475
llama31-8b,g24a_fever_62053,exclude_post,1,96.67231041536286
llama31-8b,g24a_fever_62053,exclude_pre,1,97.72087526316899
llama31-8b,g24a_fever_62355,admit_post,-1,16.464761082623248
llama31-8b,g24a_fever_62355,admit_pre,-1,2.94751211375285
llama31-8b,g24a_fever_62355,base,-1,11.834575271833174
llama31-8b,g24a_fever_62355,exclude_post,-1,6.913599069929407
llama31-8b,g24a_fever_62355,exclude_pre,-1,12.721026162996319
llama31-8b,g24a_fever_631,admit_post,-1,8.380954066787023
llama31-8b,g24a_fever_631,admit_pre,-1,2.943908289710843
llama31-8b,g24a_fever_631,base,-1,0.40754843103852023
llama31-8b,g24a_fever_631,exclude_post,-1,2.9158617684173955
llama31-8b,g24a_fever_631,exclude_pre,-1,24.77272229388245
llama31-8b,g24a_fever_63521,admit_post,1,97.7406786221148
llama31-8b,g24a_fever_63521,admit_pre,1,92.07202795808902
llama31-8b,g24a_fever_63521,base,1,99.03674442415742
llama31-8b,g24a_fever_63521,exclude_post,1,48.009115678900976
llama31-8b,g24a_fever_63521,exclude_pre,1,51.312412347716545
llama31-8b,g24a_fever_64561,admit_post,-1,8.94837912658784
llama31-8b,g24a_fever_64561,admit_pre,-1,7.256731796328272
llama31-8b,g24a_fever_64561,base,-1,33.506599103533375
llama31-8b,g24a_fever_64561,exclude_post,-1,39.55747156858527
llama31-8b,g24a_fever_64561,exclude_pre,-1,2.4052528273904894
llama31-8b,g24a_fever_65497,admit_post,1,98.6480053086363
llama31-8b,g24a_fever_65497,admit_pre,1,98.78578698480233
llama31-8b,g24a_fever_65497,base,1,21.891212645528597
llama31-8b,g24a_fever_65497,exclude_post,1,95.2714015191608
llama31-8b,g24a_fever_65497,exclude_pre,1,97.01179676822689
llama31-8b,g24a_fever_66046,admit_post,1,96.08184632042922
llama31-8b,g24a_fever_66046,admit_pre,1,86.96800163908298
llama31-8b,g24a_fever_66046,base,1,90.01833791440015
llama31-8b,g24a_fever_66046,exclude_post,1,69.00162094273071
llama31-8b,g24a_fever_66046,exclude_pre,1,84.8254881251572
llama31-8b,g24a_fever_66059,admit_post,1,99.04547729272021
llama31-8b,g24a_fever_66059,admit_pre,1,98.50747524286723
llama31-8b,g24a_fever_66059,base,1,22.421462571567563
llama31-8b,g24a_fever_66059,exclude_post,1,87.64008975237132
llama31-8b,g24a_fever_66059,exclude_pre,1,94.2952851645714
llama31-8b,g24a_fever_67876,admit_post,-1,6.630412380880234
llama31-8b,g24a_fever_67876,admit_pre,-1,5.945702083687826
llama31-8b,g24a_fever_67876,base,-1,0.33945380301214084
llama31-8b,g24a_fever_67876,exclude_post,-1,46.70336007251448
llama31-8b,g24a_fever_67876,exclude_pre,-1,5.070503376306417
llama31-8b,g24a_fever_68929,admit_post,-1,97.4605137265263
llama31-8b,g24a_fever_68929,admit_pre,-1,95.226747985549
llama31-8b,g24a_fever_68929,base,-1,32.282622402904195
llama31-8b,g24a_fever_68929,exclude_post,-1,50.15248335546401
llama31-8b,g24a_fever_68929,exclude_pre,-1,99.89955752165939
llama31-8b,g24a_fever_69030,admit_post,1,93.74654650250856
llama31-8b,g24a_fever_69030,admit_pre,1,96.69602623240247
llama31-8b,g24a_fever_69030,base,1,99.97054558679471
llama31-8b,g24a_fever_69030,exclude_post,1,92.88910931900693
llama31-8b,g24a_fever_69030,exclude_pre,1,94.73581567111461
llama31-8b,g24a_fever_69798,admit_post,-1,22.85712673288837
llama31-8b,g24a_fever_69798,admit_pre,-1,90.86445132092241
llama31-8b,g24a_fever_69798,base,-1,0.6524271975868368
llama31-8b,g24a_fever_69798,exclude_post,-1,16.752294380907752
llama31-8b,g24a_fever_69798,exclude_pre,-1,13.874122266913137
llama31-8b,g24a_fever_70604,admit_post,1,95.79711729820181
llama31-8b,g24a_fever_70604,admit_pre,1,94.08863836587342
llama31-8b,g24a_fever_70604,base,1,96.89182812302467
llama31-8b,g24a_fever_70604,exclude_post,1,49.590584484418976
llama31-8b,g24a_fever_70604,exclude_pre,1,41.85994913232905
llama31-8b,g24a_fever_73113,admit_post,-1,2.7850902016150894
llama31-8b,g24a_fever_73113,admit_pre,-1,1.080059702866031
llama31-8b,g24a_fever_73113,base,-1,3.6625194432932755
llama31-8b,g24a_fever_73113,exclude_post,-1,0.19049987332478704
llama31-8b,g24a_fever_73113,exclude_pre,-1,0.8215607092472968
llama31-8b,g24a_fever_73372,admit_post,1,97.4845315398118
llama31-8b,g24a_fever_73372,admit_pre,1,95.93130813341953
llama31-8b,g24a_fever_73372,base,1,99.39380588118239
llama31-8b,g24a_fever_73372,exclude_post,1,27.599954765968537
llama31-8b,g24a_fever_73372,exclude_pre,1,97.76200573008589
llama31-8b,g24a_fever_74188,admit_post,-1,26.38703867952323
llama31-8b,g24a_fever_74188,admit_pre,-1,37.69857793107071
llama31-8b,g24a_fever_74188,base,-1,1.5988673916953724
llama31-8b,g24a_fever_74188,exclude_post,-1,27.06128306228766
llama31-8b,g24a_fever_74188,exclude_pre,-1,30.61892513408011
llama31-8b,g24a_fever_7419,admit_post,1,97.49713057634114
llama31-8b,g24a_fever_7419,admit_pre,1,92.98711867283691
llama31-8b,g24a_fever_7419,base,1,99.9241617858724
llama31-8b,g24a_fever_7419,exclude_post,1,76.96398735683843
llama31-8b,g24a_fever_7419,exclude_pre,1,87.1689840381008
llama31-8b,g24a_fever_74645,admit_post,-1,1.9104417651102577
llama31-8b,g24a_fever_74645,admit_pre,-1,0.7086198104144219
llama31-8b,g24a_fever_74645,base,-1,2.0628130904513373
llama31-8b,g24a_fever_74645,exclude_post,-1,2.952392981221111
llama31-8b,g24a_fever_74645,exclude_pre,-1,1.9129703385243952
llama31-8b,g24a_fever_74961,admit_post,1,99.99366302999073
llama31-8b,g24a_fever_74961,admit_pre,1,97.94628348076186
llama31-8b,g24a_fever_74961,base,1,98.92951441712474
llama31-8b,g24a_fever_74961,exclude_post,1,49.62702496635481
llama31-8b,g24a_fever_74961,exclude_pre,1,94.8590265787641
llama31-8b,g24a_fever_75393,admit_post,-1,3.444358623078889
llama31-8b,g24a_fever_75393,admit_pre,-1,2.4301886817918477
llama31-8b,g24a_fever_75393,base,-1,13.183647508490726
llama31-8b,g24a_fever_75393,exclude_post,-1,24.558082727123015
llama31-8b,g24a_fever_75393,exclude_pre,-1,2.0554832396637375
llama31-8b,g24a_fever_75621,admit_post,-1,1.4601333842989654
llama31-8b,g24a_fever_75621,admit_pre,-1,0.24817742662140838
llama31-8b,g24a_fever_75621,base,-1,0.0730137800589764
llama31-8b,g24a_fever_75621,exclude_post,-1,1.9272677113054533
llama31-8b,g24a_fever_75621,exclude_pre,-1,0.1362347445658011
llama31-8b,g24a_fever_75922,admit_post,1,22.81962077126197
llama31-8b,g24a_fever_75922,admit_pre,1,45.39523559382942
llama31-8b,g24a_fever_75922,base,1,49.834971607419455
llama31-8b,g24a_fever_75922,exclude_post,1,22.56755884726429
llama31-8b,g24a_fever_75922,exclude_pre,1,48.90009043639626
llama31-8b,g24a_fever_76097,admit_post,-1,98.53046835028665
llama31-8b,g24a_fever_76097,admit_pre,-1,97.14186770728917
llama31-8b,g24a_fever_76097,base,-1,1.8283051843512597
llama31-8b,g24a_fever_76097,exclude_post,-1,38.83596072982918
llama31-8b,g24a_fever_76097,exclude_pre,-1,33.17743978853835
llama31-8b,g24a_fever_77834,admit_post,1,99.15294313958282
llama31-8b,g24a_fever_77834,admit_pre,1,98.92308895706647
llama31-8b,g24a_fever_77834,base,1,44.85411101961696
llama31-8b,g24a_fever_77834,exclude_post,1,99.67287568312096
llama31-8b,g24a_fever_77834,exclude_pre,1,98.29496084207237
llama31-8b,g24a_fever_78683,admit_post,1,98.49179488769262
llama31-8b,g24a_fever_78683,admit_pre,1,98.9143893089546
llama31-8b,g24a_fever_78683,base,1,24.844923681154015
llama31-8b,g24a_fever_78683,exclude_post,1,47.28755483658926
llama31-8b,g24a_fever_78683,exclude_pre,1,97.4357399016804
llama31-8b,g24a_fever_79437,admit_post,1,96.10496040788392
llama31-8b,g24a_fever_79437,admit_pre,1,97.26755374218702
llama31-8b,g24a_fever_79437,base,1,67.2423893022114
llama31-8b,g24a_fever_79437,exclude_post,1,12.007225663111958
llama31-8b,g24a_fever_79437,exclude_pre,1,48.95110683306773
llama31-8b,g24a_fever_80075,admit_post,1,91.56883352493062
llama31-8b,g24a_fever_80075,admit_pre,1,94.79843742492318
llama31-8b,g24a_fever_80075,base,1,4.863763759838925
llama31-8b,g24a_fever_80075,exclude_post,1,2.6651038492735712
llama31-8b,g24a_fever_80075,exclude_pre,1,66.21856361338322
llama31-8b,g24a_fever_81029,admit_post,1,98.32684730058484
llama31-8b,g24a_fever_81029,admit_pre,1,97.24382257331858
llama31-8b,g24a_fever_81029,base,1,19.330871695375595
llama31-8b,g24a_fever_81029,exclude_post,1,10.918353875319843
llama31-8b,g24a_fever_81029,exclude_pre,1,96.59393865183894
llama31-8b,g24a_fever_81046,admit_post,1,88.88964258501731
llama31-8b,g24a_fever_81046,admit_pre,1,92.15193774740008
llama31-8b,g24a_fever_81046,base,1,96.41772173883913
llama31-8b,g24a_fever_81046,exclude_post,1,53.648546064005416
llama31-8b,g24a_fever_81046,exclude_pre,1,92.00668691896804
llama31-8b,g24a_fever_82602,admit_post,-1,1.0098907955511869
llama31-8b,g24a_fever_82602,admit_pre,-1,1.3962861539453086
llama31-8b,g24a_fever_82602,base,-1,2.2048101133202085
llama31-8b,g24a_fever_82602,exclude_post,-1,0.5902296331907574
llama31-8b,g24a_fever_82602,exclude_pre,-1,2.2246231948293858
llama31-8b,g24a_fever_83880,admit_post,-1,12.599552404092337
llama31-8b,g24a_fever_83880,admit_pre,-1,8.71118333668388
llama31-8b,g24a_fever_83880,base,-1,18.02006935036735
llama31-8b,g24a_fever_83880,exclude_post,-1,38.265662194489735
llama31-8b,g24a_fever_83880,exclude_pre,-1,17.970687573092828
llama31-8b,g24a_fever_84274,admit_post,-1,2.636414082542352
llama31-8b,g24a_fever_84274,admit_pre,-1,0.6634943771993937
llama31-8b,g24a_fever_84274,base,-1,0.12833895324108713
llama31-8b,g24a_fever_84274,exclude_post,-1,0.08468826638525265
llama31-8b,g24a_fever_84274,exclude_pre,-1,0.7631940789695538
llama31-8b,g24a_fever_84775,admit_post,-1,5.253771778962442
llama31-8b,g24a_fever_84775,admit_pre,-1,2.096187411403497
llama31-8b,g24a_fever_84775,base,-1,0.25320019454971227
llama31-8b,g24a_fever_84775,exclude_post,-1,1.474841593774838
llama31-8b,g24a_fever_84775,exclude_pre,-1,89.92285728653945
llama31-8b,g24a_fever_84970,admit_post,1,97.75293698297084
llama31-8b,g24a_fever_84970,admit_pre,1,99.52764033608952
llama31-8b,g24a_fever_84970,base,1,99.81915118652692
llama31-8b,g24a_fever_84970,exclude_post,1,92.16946795836844
llama31-8b,g24a_fever_84970,exclude_pre,1,98.47523767152099
llama31-8b,g24a_fever_88150,admit_post,1,97.74759577318702
llama31-8b,g24a_fever_88150,admit_pre,1,98.92023500414057
llama31-8b,g24a_fever_88150,base,1,99.96411615119908
llama31-8b,g24a_fever_88150,exclude_post,1,99.31959130649314
llama31-8b,g24a_fever_88150,exclude_pre,1,98.42126080720003
llama31-8b,g24a_fever_88251,admit_post,-1,95.46320611932869
llama31-8b,g24a_fever_88251,admit_pre,-1,94.42665678259415
llama31-8b,g24a_fever_88251,base,-1,3.822183303019621
llama31-8b,g24a_fever_88251,exclude_post,-1,6.266527114693172
llama31-8b,g24a_fever_88251,exclude_pre,-1,45.45010046510823
llama31-8b,g24a_fever_89213,admit_post,-1,8.787119389874611
llama31-8b,g24a_fever_89213,admit_pre,-1,88.2710808589688
llama31-8b,g24a_fever_89213,base,-1,68.2735183293139
llama31-8b,g24a_fever_89213,exclude_post,-1,56.47465032373313
llama31-8b,g24a_fever_89213,exclude_pre,-1,84.8327427650259
llama31-8b,g24a_fever_89681,admit_post,-1,98.10213442862285
llama31-8b,g24a_fever_89681,admit_pre,-1,97.96874744639314
llama31-8b,g24a_fever_89681,base,-1,1.890246864970708
llama31-8b,g24a_fever_89681,exclude_post,-1,48.70393802191584
llama31-8b,g24a_fever_89681,exclude_pre,-1,4.4650779461090675
llama31-8b,g24a_fever_89771,admit_post,1,96.9775465084284
llama31-8b,g24a_fever_89771,admit_pre,1,92.43116673962682
llama31-8b,g24a_fever_89771,base,1,90.37773832888985
llama31-8b,g24a_fever_89771,exclude_post,1,30.688894417341373
llama31-8b,g24a_fever_89771,exclude_pre,1,87.44099704112244
llama31-8b,g24a_fever_90446,admit_post,-1,3.9135995750482744
llama31-8b,g24a_fever_90446,admit_pre,-1,20.48338310916181
llama31-8b,g24a_fever_90446,base,-1,0.6981168767357825
llama31-8b,g24a_fever_90446,exclude_post,-1,1.5803774794977086
llama31-8b,g24a_fever_90446,exclude_pre,-1,66.19925067698804
llama31-8b,g24a_fever_91599,admit_post,1,99.77230266202258
llama31-8b,g24a_fever_91599,admit_pre,1,99.46257422815893
llama31-8b,g24a_fever_91599,base,1,99.9743817072184
llama31-8b,g24a_fever_91599,exclude_post,1,52.517457938228596
llama31-8b,g24a_fever_91599,exclude_pre,1,99.57501336457672
llama31-8b,g24a_fever_91767,admit_post,-1,9.79533410120737
llama31-8b,g24a_fever_91767,admit_pre,-1,6.0233249588174225
llama31-8b,g24a_fever_91767,base,-1,0.5149993193577065
llama31-8b,g24a_fever_91767,exclude_post,-1,7.632744913774123
llama31-8b,g24a_fever_91767,exclude_pre,-1,0.5697589879186098
llama31-8b,g24a_fever_91973,admit_post,-1,8.381073045194839
llama31-8b,g24a_fever_91973,admit_pre,-1,2.0094016385775433
llama31-8b,g24a_fever_91973,base,-1,0.13694707625289754
llama31-8b,g24a_fever_91973,exclude_post,-1,0.17444216290562606
llama31-8b,g24a_fever_91973,exclude_pre,-1,1.9131735222391317
llama31-8b,g24a_fever_92374,admit_post,1,98.05112609734648
llama31-8b,g24a_fever_92374,admit_pre,1,97.72729470090772
llama31-8b,g24a_fever_92374,base,1,96.685524178801
llama31-8b,g24a_fever_92374,exclude_post,1,99.9249366943007
llama31-8b,g24a_fever_92374,exclude_pre,1,94.67281655906282
llama31-8b,g24a_fever_92430,admit_post,-1,3.8323960687135212
llama31-8b,g24a_fever_92430,admit_pre,-1,1.1286512746990938
llama31-8b,g24a_fever_92430,base,-1,0.049386161361080545
llama31-8b,g24a_fever_92430,exclude_post,-1,3.4010883026416354
llama31-8b,g24a_fever_92430,exclude_pre,-1,0.6675525505790726
llama31-8b,g24a_fever_93018,admit_post,-1,93.54579953322816
llama31-8b,g24a_fever_93018,admit_pre,-1,18.333751514157214
llama31-8b,g24a_fever_93018,base,-1,55.6076375109657
llama31-8b,g24a_fever_93018,exclude_post,-1,6.908632212970067
llama31-8b,g24a_fever_93018,exclude_pre,-1,3.5911524825025753
llama31-8b,g24a_fever_93646,admit_post,-1,6.574017471604512
llama31-8b,g24a_fever_93646,admit_pre,-1,96.71787829608212
llama31-8b,g24a_fever_93646,base,-1,70.90309634865876
llama31-8b,g24a_fever_93646,exclude_post,-1,46.20678810562972
llama31-8b,g24a_fever_93646,exclude_pre,-1,99.2010990151281
llama31-8b,g24a_fever_93855,admit_post,-1,9.716324924184839
llama31-8b,g24a_fever_93855,admit_pre,-1,94.41282191352204
llama31-8b,g24a_fever_93855,base,-1,10.970512431180268
llama31-8b,g24a_fever_93855,exclude_post,-1,10.40497108857467
llama31-8b,g24a_fever_93855,exclude_pre,-1,94.7168602360311
llama31-8b,g24a_fever_94500,admit_post,1,93.95418405322683
llama31-8b,g24a_fever_94500,admit_pre,1,13.105369115680928
llama31-8b,g24a_fever_94500,base,1,24.750976302929267
llama31-8b,g24a_fever_94500,exclude_post,1,36.09317698060666
llama31-8b,g24a_fever_94500,exclude_pre,1,89.22597294177798
llama31-8b,g24a_fever_94918,admit_post,-1,0.9390994920702102
llama31-8b,g24a_fever_94918,admit_pre,-1,0.7465466360286901
llama31-8b,g24a_fever_94918,base,-1,0.09867860383334366
llama31-8b,g24a_fever_94918,exclude_post,-1,0.5556062674899219
llama31-8b,g24a_fever_94918,exclude_pre,-1,4.773803023201311
llama31-8b,g24a_fever_95056,admit_post,1,89.475379640203
llama31-8b,g24a_fever_95056,admit_pre,1,89.23994702958763
llama31-8b,g24a_fever_95056,base,1,88.97614877200802
llama31-8b,g24a_fever_95056,exclude_post,1,53.471807783349405
llama31-8b,g24a_fever_95056,exclude_pre,1,58.835737401554006
llama31-8b,g24a_fever_9532,admit_post,1,95.11156532254603
llama31-8b,g24a_fever_9532,admit_pre,1,88.88890927442131
llama31-8b,g24a_fever_9532,base,1,61.102877524739355
llama31-8b,g24a_fever_9532,exclude_post,1,80.04016727103418
llama31-8b,g24a_fever_9532,exclude_pre,1,76.4274783888803
llama31-8b,g24a_fever_9533,admit_post,1,99.98286432392456
llama31-8b,g24a_fever_9533,admit_pre,1,88.88895757104683
llama31-8b,g24a_fever_9533,base,1,99.98075888089944
llama31-8b,g24a_fever_9533,exclude_post,1,88.21058722738184
llama31-8b,g24a_fever_9533,exclude_pre,1,71.60765045610452
llama31-8b,g24a_fever_95518,admit_post,-1,10.944418624685134
llama31-8b,g24a_fever_95518,admit_pre,-1,4.117214249580888
llama31-8b,g24a_fever_95518,base,-1,5.0314110761998485
llama31-8b,g24a_fever_95518,exclude_post,-1,55.54675554786856
llama31-8b,g24a_fever_95518,exclude_pre,-1,0.2178635772354485
llama31-8b,g24a_fever_96576,admit_post,1,96.10405497899316
llama31-8b,g24a_fever_96576,admit_pre,1,95.96395028374984
llama31-8b,g24a_fever_96576,base,1,15.13906419355536
llama31-8b,g24a_fever_96576,exclude_post,1,94.0617385292663
llama31-8b,g24a_fever_96576,exclude_pre,1,99.79904483317976
llama31-8b,g24a_fever_9762,admit_post,1,93.40290211389791
llama31-8b,g24a_fever_9762,admit_pre,1,97.96229963138494
llama31-8b,g24a_fever_9762,base,1,93.69405157306257
llama31-8b,g24a_fever_9762,exclude_post,1,88.84291406868651
llama31-8b,g24a_fever_9762,exclude_pre,1,97.6773037460854
llama31-8b,g24a_fever_97886,admit_post,-1,0.03779547739272536
llama31-8b,g24a_fever_97886,admit_pre,-1,0.04261681198119964
llama31-8b,g24a_fever_97886,base,-1,0.15119219478849902
llama31-8b,g24a_fever_97886,exclude_post,-1,0.0687442695843683
llama31-8b,g24a_fever_97886,exclude_pre,-1,0.026949615950673838
llama31-8b,g24a_fever_98810,admit_post,1,96.34915430822278
llama31-8b,g24a_fever_98810,admit_pre,1,88.21126457066215
llama31-8b,g24a_fever_98810,base,1,55.59160734347547
llama31-8b,g24a_fever_98810,exclude_post,1,56.548262093616955
llama31-8b,g24a_fever_98810,exclude_pre,1,96.73291347228837
llama31-8b,g24a_fever_99060,admit_post,-1,9.749764247285135
llama31-8b,g24a_fever_99060,admit_pre,-1,6.404347226026849
llama31-8b,g24a_fever_99060,base,-1,3.2676996621796004
llama31-8b,g24a_fever_99060,exclude_post,-1,55.52554054356212
llama31-8b,g24a_fever_99060,exclude_pre,-1,2.445727114417557
llama31-8b,g24a_scifact_1015,admit_post,1,92.1309650564779
llama31-8b,g24a_scifact_1015,admit_pre,1,89.23759976183712
llama31-8b,g24a_scifact_1015,base,1,59.41738325787638
llama31-8b,g24a_scifact_1015,exclude_post,1,55.55300511789151
llama31-8b,g24a_scifact_1015,exclude_pre,1,77.45366052500782
llama31-8b,g24a_scifact_1018,admit_post,1,96.71507265788199
llama31-8b,g24a_scifact_1018,admit_pre,1,89.15582083567124
llama31-8b,g24a_scifact_1018,base,1,55.873578045934146
llama31-8b,g24a_scifact_1018,exclude_post,1,0.8307880944311651
llama31-8b,g24a_scifact_1018,exclude_pre,1,89.37160357029907
llama31-8b,g24a_scifact_1042,admit_post,-1,90.4404949713383
llama31-8b,g24a_scifact_1042,admit_pre,-1,88.44697466313282
llama31-8b,g24a_scifact_1042,base,-1,88.03680804442057
llama31-8b,g24a_scifact_1042,exclude_post,-1,12.235682258108122
llama31-8b,g24a_scifact_1042,exclude_pre,-1,48.77781663100908
llama31-8b,g24a_scifact_1043,admit_post,1,91.11815944710132
llama31-8b,g24a_scifact_1043,admit_pre,1,89.27799194107303
llama31-8b,g24a_scifact_1043,base,1,51.94984769602004
llama31-8b,g24a_scifact_1043,exclude_post,1,49.24013834889195
llama31-8b,g24a_scifact_1043,exclude_pre,1,88.88862992467908
llama31-8b,g24a_scifact_1044,admit_post,1,92.75219078801503
llama31-8b,g24a_scifact_1044,admit_pre,1,88.88874250324268
llama31-8b,g24a_scifact_1044,base,1,29.14084431936213
llama31-8b,g24a_scifact_1044,exclude_post,1,22.664057735500226
llama31-8b,g24a_scifact_1044,exclude_pre,1,87.0813022223886
llama31-8b,g24a_scifact_1050,admit_post,-1,89.63510451383087
llama31-8b,g24a_scifact_1050,admit_pre,-1,89.81239931150077
llama31-8b,g24a_scifact_1050,base,-1,88.72648810863505
llama31-8b,g24a_scifact_1050,exclude_post,-1,48.30616248039692
llama31-8b,g24a_scifact_1050,exclude_pre,-1,4.528396101458526
llama31-8b,g24a_scifact_1062,admit_post,1,91.59744175007933
llama31-8b,g24a_scifact_1062,admit_pre,1,89.36237572428846
llama31-8b,g24a_scifact_1062,base,1,57.282791812654196
llama31-8b,g24a_scifact_1062,exclude_post,1,55.55139965201373
llama31-8b,g24a_scifact_1062,exclude_pre,1,46.301136158322464
llama31-8b,g24a_scifact_1069,admit_post,1,90.2070335000367
llama31-8b,g24a_scifact_1069,admit_pre,1,91.60312196143603
llama31-8b,g24a_scifact_1069,base,1,50.39458789403881
llama31-8b,g24a_scifact_1069,exclude_post,1,0.15721300041444158
llama31-8b,g24a_scifact_1069,exclude_pre,1,90.30258455492003
llama31-8b,g24a_scifact_1086,admit_post,1,91.86574240058137
llama31-8b,g24a_scifact_1086,admit_pre,1,91.34124978353097
llama31-8b,g24a_scifact_1086,base,1,67.97539246276878
llama31-8b,g24a_scifact_1086,exclude_post,1,43.36586637000582
llama31-8b,g24a_scifact_1086,exclude_pre,1,93.0679300407623
llama31-8b,g24a_scifact_1087,admit_post,-1,4.750944095777088
llama31-8b,g24a_scifact_1087,admit_pre,-1,3.434082499280365
llama31-8b,g24a_scifact_1087,base,-1,14.672662583255889
llama31-8b,g24a_scifact_1087,exclude_post,-1,39.887235133624756
llama31-8b,g24a_scifact_1087,exclude_pre,-1,3.978397639506576
llama31-8b,g24a_scifact_1088,admit_post,-1,94.09303253173022
llama31-8b,g24a_scifact_1088,admit_pre,-1,91.59051965981008
llama31-8b,g24a_scifact_1088,base,-1,89.06079451481784
llama31-8b,g24a_scifact_1088,exclude_post,-1,48.446551648742656
llama31-8b,g24a_scifact_1088,exclude_pre,-1,54.464224889533554
llama31-8b,g24a_scifact_1101,admit_post,-1,20.472282381749658
llama31-8b,g24a_scifact_1101,admit_pre,-1,16.676697618693467
llama31-8b,g24a_scifact_1101,base,-1,78.12205351476138
llama31-8b,g24a_scifact_1101,exclude_post,-1,58.543625436004355
llama31-8b,g24a_scifact_1101,exclude_pre,-1,21.836881441949654
llama31-8b,g24a_scifact_1102,admit_post,1,90.29705242544043
llama31-8b,g24a_scifact_1102,admit_pre,1,89.30804716325781
llama31-8b,g24a_scifact_1102,base,1,86.88143711838362
llama31-8b,g24a_scifact_1102,exclude_post,1,1.1646018322458984
llama31-8b,g24a_scifact_1102,exclude_pre,1,87.60550714843727
llama31-8b,g24a_scifact_1107,admit_post,1,89.54142412270681
llama31-8b,g24a_scifact_1107,admit_pre,1,86.1560518467212
llama31-8b,g24a_scifact_1107,base,1,53.7036144962078
llama31-8b,g24a_scifact_1107,exclude_post,1,47.99481783876373
llama31-8b,g24a_scifact_1107,exclude_pre,1,76.37056711714645
llama31-8b,g24a_scifact_1110,admit_post,-1,19.86256111331926
llama31-8b,g24a_scifact_1110,admit_pre,-1,10.363259104871272
llama31-8b,g24a_scifact_1110,base,-1,52.013912306189525
llama31-8b,g24a_scifact_1110,exclude_post,-1,51.808366290560826
llama31-8b,g24a_scifact_1110,exclude_pre,-1,9.31078530220257
llama31-8b,g24a_scifact_1121,admit_post,1,97.74962730980381
llama31-8b,g24a_scifact_1121,admit_pre,1,89.81678891453558
llama31-8b,g24a_scifact_1121,base,1,89.25713745429121
llama31-8b,g24a_scifact_1121,exclude_post,1,55.55185725814702
llama31-8b,g24a_scifact_1121,exclude_pre,1,91.15399667241732
llama31-8b,g24a_scifact_1127,admit_post,1,88.64722296184063
llama31-8b,g24a_scifact_1127,admit_pre,1,84.87380594405266
llama31-8b,g24a_scifact_1127,base,1,88.5110231036279
llama31-8b,g24a_scifact_1127,exclude_post,1,47.24333185430733
llama31-8b,g24a_scifact_1127,exclude_pre,1,84.85844601553238
llama31-8b,g24a_scifact_1128,admit_post,1,91.4956095550761
llama31-8b,g24a_scifact_1128,admit_pre,1,89.54854383412933
llama31-8b,g24a_scifact_1128,base,1,88.78295467028941
llama31-8b,g24a_scifact_1128,exclude_post,1,65.43530544072493
llama31-8b,g24a_scifact_1128,exclude_pre,1,87.77556645845281
llama31-8b,g24a_scifact_1130,admit_post,-1,11.311154019081664
llama31-8b,g24a_scifact_1130,admit_pre,-1,4.793546671930361
llama31-8b,g24a_scifact_1130,base,-1,64.24962335600136
llama31-8b,g24a_scifact_1130,exclude_post,-1,97.50334502012112
llama31-8b,g24a_scifact_1130,exclude_pre,-1,28.241482654835842
llama31-8b,g24a_scifact_1132,admit_post,1,91.79154096055363
llama31-8b,g24a_scifact_1132,admit_pre,1,91.1946259708261
llama31-8b,g24a_scifact_1132,base,1,90.88430453323642
llama31-8b,g24a_scifact_1132,exclude_post,1,85.45093250105418
llama31-8b,g24a_scifact_1132,exclude_pre,1,89.5037027884856
llama31-8b,g24a_scifact_114,admit_post,1,87.56582932098978
llama31-8b,g24a_scifact_114,admit_pre,1,86.89289337576317
llama31-8b,g24a_scifact_114,base,1,92.41765728565386
llama31-8b,g24a_scifact_114,exclude_post,1,50.46315651871581
llama31-8b,g24a_scifact_114,exclude_pre,1,63.48780964632298
llama31-8b,g24a_scifact_1146,admit_post,1,80.51746058369235
llama31-8b,g24a_scifact_1146,admit_pre,1,87.62586905027035
llama31-8b,g24a_scifact_1146,base,1,43.02089705915205
llama31-8b,g24a_scifact_1146,exclude_post,1,85.31042466204126
llama31-8b,g24a_scifact_1146,exclude_pre,1,85.22802852130613
llama31-8b,g24a_scifact_1148,admit_post,1,87.6001240376832
llama31-8b,g24a_scifact_1148,admit_pre,1,63.02508278104334
llama31-8b,g24a_scifact_1148,base,1,87.69342462447598
llama31-8b,g24a_scifact_1148,exclude_post,1,77.23976664971374
llama31-8b,g24a_scifact_1148,exclude_pre,1,80.65422097731283
llama31-8b,g24a_scifact_115,admit_post,-1,85.70412822998499
llama31-8b,g24a_scifact_115,admit_pre,-1,84.62137810697327
llama31-8b,g24a_scifact_115,base,-1,2.9374138970716
llama31-8b,g24a_scifact_115,exclude_post,-1,18.531978457224426
llama31-8b,g24a_scifact_115,exclude_pre,-1,18.69419970206231
llama31-8b,g24a_scifact_116,admit_post,1,88.87872368808277
llama31-8b,g24a_scifact_116,admit_pre,1,69.41902989345716
llama31-8b,g24a_scifact_116,base,1,92.34986204951768
llama31-8b,g24a_scifact_116,exclude_post,1,86.38934234340284
llama31-8b,g24a_scifact_116,exclude_pre,1,87.88115268363246
llama31-8b,g24a_scifact_1162,admit_post,1,98.8055044966515
llama31-8b,g24a_scifact_1162,admit_pre,1,96.11767735384848
llama31-8b,g24a_scifact_1162,base,1,93.72287528708526
llama31-8b,g24a_scifact_1162,exclude_post,1,51.38696430580212
llama31-8b,g24a_scifact_1162,exclude_pre,1,89.30852725206765
llama31-8b,g24a_scifact_1163,admit_post,1,88.51733730512004
llama31-8b,g24a_scifact_1163,admit_pre,1,87.18771576946179
llama31-8b,g24a_scifact_1163,base,1,73.57588981339082
llama31-8b,g24a_scifact_1163,exclude_post,1,55.55124016837794
llama31-8b,g24a_scifact_1163,exclude_pre,1,63.387899991708665
llama31-8b,g24a_scifact_1176,admit_post,1,99.98301067431419
llama31-8b,g24a_scifact_1176,admit_pre,1,99.97814805666695
llama31-8b,g24a_scifact_1176,base,1,92.14135364300415
llama31-8b,g24a_scifact_1176,exclude_post,1,89.59791035906771
llama31-8b,g24a_scifact_1176,exclude_pre,1,93.58981847708895
llama31-8b,g24a_scifact_1177,admit_post,1,88.88930195266131
llama31-8b,g24a_scifact_1177,admit_pre,1,90.90228076634484
llama31-8b,g24a_scifact_1177,base,1,66.08426061342348
llama31-8b,g24a_scifact_1177,exclude_post,1,87.24729024223907
llama31-8b,g24a_scifact_1177,exclude_pre,1,90.8698952722443
llama31-8b,g24a_scifact_118,admit_post,1,93.39970574365906
llama31-8b,g24a_scifact_118,admit_pre,1,93.32471928584252
llama31-8b,g24a_scifact_118,base,1,87.02783036392537
llama31-8b,g24a_scifact_118,exclude_post,1,45.469488231887915
llama31-8b,g24a_scifact_118,exclude_pre,1,89.10329508716325
llama31-8b,g24a_scifact_1180,admit_post,1,88.88924229835818
llama31-8b,g24a_scifact_1180,admit_pre,1,95.10888997716401
llama31-8b,g24a_scifact_1180,base,1,90.4874405106403
llama31-8b,g24a_scifact_1180,exclude_post,1,45.332553717853635
llama31-8b,g24a_scifact_1180,exclude_pre,1,87.97590455782893
llama31-8b,g24a_scifact_1182,admit_post,1,88.88911548114841
llama31-8b,g24a_scifact_1182,admit_pre,1,89.27768785237589
llama31-8b,g24a_scifact_1182,base,1,98.67303349761886
llama31-8b,g24a_scifact_1182,exclude_post,1,52.90073823124596
llama31-8b,g24a_scifact_1182,exclude_pre,1,73.70607223990072
llama31-8b,g24a_scifact_1187,admit_post,1,90.4909894263461
llama31-8b,g24a_scifact_1187,admit_pre,1,88.82112245259775
llama31-8b,g24a_scifact_1187,base,1,89.68380436902896
llama31-8b,g24a_scifact_1187,exclude_post,1,57.13471617439355
llama31-8b,g24a_scifact_1187,exclude_pre,1,74.56425885397472
llama31-8b,g24a_scifact_1202,admit_post,1,92.42715970790127
llama31-8b,g24a_scifact_1202,admit_pre,1,90.61662526287994
llama31-8b,g24a_scifact_1202,base,1,88.50353263107792
llama31-8b,g24a_scifact_1202,exclude_post,1,55.55215029648136
llama31-8b,g24a_scifact_1202,exclude_pre,1,71.60281684440127
llama31-8b,g24a_scifact_1220,admit_post,1,94.77211812009692
llama31-8b,g24a_scifact_1220,admit_pre,1,90.27235424681632
llama31-8b,g24a_scifact_1220,base,1,88.65968784659543
llama31-8b,g24a_scifact_1220,exclude_post,1,54.91570180663215
llama31-8b,g24a_scifact_1220,exclude_pre,1,89.43778427203625
llama31-8b,g24a_scifact_1223,admit_post,-1,82.04376096764551
llama31-8b,g24a_scifact_1223,admit_pre,-1,81.5553877510205
llama31-8b,g24a_scifact_1223,base,-1,76.35891184172998
llama31-8b,g24a_scifact_1223,exclude_post,-1,50.16956883524037
llama31-8b,g24a_scifact_1223,exclude_pre,-1,46.70597967528411
llama31-8b,g24a_scifact_1229,admit_post,1,89.58329464123253
llama31-8b,g24a_scifact_1229,admit_pre,1,88.31159496266544
llama31-8b,g24a_scifact_1229,base,1,70.60367621567994
llama31-8b,g24a_scifact_1229,exclude_post,1,84.53037285377616
llama31-8b,g24a_scifact_1229,exclude_pre,1,84.15606794603535
llama31-8b,g24a_scifact_1237,admit_post,-1,86.57936137813431
llama31-8b,g24a_scifact_1237,admit_pre,-1,11.968152590649877
llama31-8b,g24a_scifact_1237,base,-1,87.8153745778042
llama31-8b,g24a_scifact_1237,exclude_post,-1,48.1183637413155
llama31-8b,g24a_scifact_1237,exclude_pre,-1,76.95540543496091
llama31-8b,g24a_scifact_1238,admit_post,1,89.06146568705289
llama31-8b,g24a_scifact_1238,admit_pre,1,88.80284445271981
llama31-8b,g24a_scifact_1238,base,1,88.96937914274896
llama31-8b,g24a_scifact_1238,exclude_post,1,69.2675471586149
llama31-8b,g24a_scifact_1238,exclude_pre,1,88.51471739497464
llama31-8b,g24a_scifact_1239,admit_post,-1,11.665526844471927
llama31-8b,g24a_scifact_1239,admit_pre,-1,17.468962726377285
llama31-8b,g24a_scifact_1239,base,-1,14.171648340321177
llama31-8b,g24a_scifact_1239,exclude_post,-1,36.57635829279565
llama31-8b,g24a_scifact_1239,exclude_pre,-1,5.52746447063642
llama31-8b,g24a_scifact_1241,admit_post,1,93.74069055354916
llama31-8b,g24a_scifact_1241,admit_pre,1,91.59913897458739
llama31-8b,g24a_scifact_1241,base,1,98.33591498017537
llama31-8b,g24a_scifact_1241,exclude_post,1,53.12017201937172
llama31-8b,g24a_scifact_1241,exclude_pre,1,89.81248333418618
llama31-8b,g24a_scifact_1246,admit_post,-1,18.643002840691494
llama31-8b,g24a_scifact_1246,admit_pre,-1,14.282921123221504
llama31-8b,g24a_scifact_1246,base,-1,73.76309071498291
llama31-8b,g24a_scifact_1246,exclude_post,-1,17.425955656039626
llama31-8b,g24a_scifact_1246,exclude_pre,-1,5.692619203395029
llama31-8b,g24a_scifact_1248,admit_post,1,91.03012672581349
llama31-8b,g24a_scifact_1248,admit_pre,1,90.4069337995868
llama31-8b,g24a_scifact_1248,base,1,82.0133230863434
llama31-8b,g24a_scifact_1248,exclude_post,1,36.673991086532496
llama31-8b,g24a_scifact_1248,exclude_pre,1,90.05928424569194
llama31-8b,g24a_scifact_1249,admit_post,-1,9.263603943580874
llama31-8b,g24a_scifact_1249,admit_pre,-1,8.473852556026213
llama31-8b,g24a_scifact_1249,base,-1,17.761369836115332
llama31-8b,g24a_scifact_1249,exclude_post,-1,0.8356577011103297
llama31-8b,g24a_scifact_1249,exclude_pre,-1,7.663642917136027
llama31-8b,g24a_scifact_1254,admit_post,1,90.6283783639494
llama31-8b,g24a_scifact_1254,admit_pre,1,89.31197222928508
llama31-8b,g24a_scifact_1254,base,1,89.42188268611726
llama31-8b,g24a_scifact_1254,exclude_post,1,47.40189964362625
llama31-8b,g24a_scifact_1254,exclude_pre,1,90.13385416877905
llama31-8b,g24a_scifact_1258,admit_post,1,88.79848402876186
llama31-8b,g24a_scifact_1258,admit_pre,1,67.40428297461477
llama31-8b,g24a_scifact_1258,base,1,89.4564033188027
llama31-8b,g24a_scifact_1258,exclude_post,1,94.77347600564194
llama31-8b,g24a_scifact_1258,exclude_pre,1,88.08435538914644
llama31-8b,g24a_scifact_1259,admit_post,1,89.18627417631735
llama31-8b,g24a_scifact_1259,admit_pre,1,89.02007325847336
llama31-8b,g24a_scifact_1259,base,1,78.23045344713253
llama31-8b,g24a_scifact_1259,exclude_post,1,30.85514821970809
llama31-8b,g24a_scifact_1259,exclude_pre,1,88.44260083148843
llama31-8b,g24a_scifact_1260,admit_post,-1,16.785861395978056
llama31-8b,g24a_scifact_1260,admit_pre,-1,31.78758361151983
llama31-8b,g24a_scifact_1260,base,-1,26.65716825772286
llama31-8b,g24a_scifact_1260,exclude_post,-1,10.228533516490875
llama31-8b,g24a_scifact_1260,exclude_pre,-1,13.948622584980082
llama31-8b,g24a_scifact_1261,admit_post,-1,94.41861712643555
llama31-8b,g24a_scifact_1261,admit_pre,-1,90.07844879273117
llama31-8b,g24a_scifact_1261,base,-1,60.62566501768065
llama31-8b,g24a_scifact_1261,exclude_post,-1,53.189942868637964
llama31-8b,g24a_scifact_1261,exclude_pre,-1,89.4139429929259
llama31-8b,g24a_scifact_1262,admit_post,1,90.72818589857098
llama31-8b,g24a_scifact_1262,admit_pre,1,91.36849671726846
llama31-8b,g24a_scifact_1262,base,1,65.844157484744
llama31-8b,g24a_scifact_1262,exclude_post,1,67.22589322641889
llama31-8b,g24a_scifact_1262,exclude_pre,1,92.07611099367594
llama31-8b,g24a_scifact_1263,admit_post,1,93.061032990138
llama31-8b,g24a_scifact_1263,admit_pre,1,89.77876305591947
llama31-8b,g24a_scifact_1263,base,1,94.76664217145554
llama31-8b,g24a_scifact_1263,exclude_post,1,52.47608857007709
llama31-8b,g24a_scifact_1263,exclude_pre,1,90.04395783744911
llama31-8b,g24a_scifact_1271,admit_post,1,93.41055860058779
llama31-8b,g24a_scifact_1271,admit_pre,1,89.93786272713967
llama31-8b,g24a_scifact_1271,base,1,88.96046400390519
llama31-8b,g24a_scifact_1271,exclude_post,1,52.220783071535976
llama31-8b,g24a_scifact_1271,exclude_pre,1,89.90470086885858
llama31-8b,g24a_scifact_1273,admit_post,1,88.88928171754317
llama31-8b,g24a_scifact_1273,admit_pre,1,88.88892383377934
llama31-8b,g24a_scifact_1273,base,1,87.3982993354429
llama31-8b,g24a_scifact_1273,exclude_post,1,51.95773771747305
llama31-8b,g24a_scifact_1273,exclude_pre,1,0.7999076559588679
llama31-8b,g24a_scifact_1274,admit_post,1,90.88732623022682
llama31-8b,g24a_scifact_1274,admit_pre,1,94.77961727191666
llama31-8b,g24a_scifact_1274,base,1,90.45324978301318
llama31-8b,g24a_scifact_1274,exclude_post,1,55.55161636516632
llama31-8b,g24a_scifact_1274,exclude_pre,1,90.15261856011153
llama31-8b,g24a_scifact_1303,admit_post,-1,27.044842493245227
llama31-8b,g24a_scifact_1303,admit_pre,-1,28.364229312438017
llama31-8b,g24a_scifact_1303,base,-1,97.82758228568517
llama31-8b,g24a_scifact_1303,exclude_post,-1,46.57065388385476
llama31-8b,g24a_scifact_1303,exclude_pre,-1,19.957149196165076
llama31-8b,g24a_scifact_1305,admit_post,1,90.64921317291412
llama31-8b,g24a_scifact_1305,admit_pre,1,89.15063963503329
llama31-8b,g24a_scifact_1305,base,1,82.48379248228738
llama31-8b,g24a_scifact_1305,exclude_post,1,57.609917845095524
llama31-8b,g24a_scifact_1305,exclude_pre,1,66.71116161641136
llama31-8b,g24a_scifact_1311,admit_post,1,95.46395047343341
llama31-8b,g24a_scifact_1311,admit_pre,1,90.85539024995153
llama31-8b,g24a_scifact_1311,base,1,89.59212865650193
llama31-8b,g24a_scifact_1311,exclude_post,1,49.63076619083935
llama31-8b,g24a_scifact_1311,exclude_pre,1,92.32344628035584
llama31-8b,g24a_scifact_1319,admit_post,1,90.90087061058469
llama31-8b,g24a_scifact_1319,admit_pre,1,90.19472892885352
llama31-8b,g24a_scifact_1319,base,1,94.35818447428126
llama31-8b,g24a_scifact_1319,exclude_post,1,49.90998609548493
llama31-8b,g24a_scifact_1319,exclude_pre,1,89.82897046631709
llama31-8b,g24a_scifact_1320,admit_post,-1,15.32370792224581
llama31-8b,g24a_scifact_1320,admit_pre,-1,19.33066842162036
llama31-8b,g24a_scifact_1320,base,-1,31.84388813834615
llama31-8b,g24a_scifact_1320,exclude_post,-1,55.22887110085052
llama31-8b,g24a_scifact_1320,exclude_pre,-1,27.4681423760015
llama31-8b,g24a_scifact_1322,admit_post,1,90.33794797769427
llama31-8b,g24a_scifact_1322,admit_pre,1,90.36320728741292
llama31-8b,g24a_scifact_1322,base,1,84.9335794568743
llama31-8b,g24a_scifact_1322,exclude_post,1,50.294350139429724
llama31-8b,g24a_scifact_1322,exclude_pre,1,52.78958630594819
llama31-8b,g24a_scifact_1328,admit_post,1,95.10462232801322
llama31-8b,g24a_scifact_1328,admit_pre,1,89.52339339274766
llama31-8b,g24a_scifact_1328,base,1,88.745518885556
llama31-8b,g24a_scifact_1328,exclude_post,1,51.84404618473346
llama31-8b,g24a_scifact_1328,exclude_pre,1,88.75349490247287
llama31-8b,g24a_scifact_1333,admit_post,1,88.88886429701135
llama31-8b,g24a_scifact_1333,admit_pre,1,90.1048072903397
llama31-8b,g24a_scifact_1333,base,1,75.84816278518724
llama31-8b,g24a_scifact_1333,exclude_post,1,1.2406547996953199
llama31-8b,g24a_scifact_1333,exclude_pre,1,89.06920341149947
llama31-8b,g24a_scifact_1339,admit_post,-1,93.74216026763301
llama31-8b,g24a_scifact_1339,admit_pre,-1,6.959009166101767
llama31-8b,g24a_scifact_1339,base,-1,41.093863012638955
llama31-8b,g24a_scifact_1339,exclude_post,-1,38.23478216135378
llama31-8b,g24a_scifact_1339,exclude_pre,-1,1.8669796578310747
llama31-8b,g24a_scifact_1340,admit_post,1,90.06264195143366
llama31-8b,g24a_scifact_1340,admit_pre,1,91.3463759593146
llama31-8b,g24a_scifact_1340,base,1,89.11516223496834
llama31-8b,g24a_scifact_1340,exclude_post,1,43.828920899263714
llama31-8b,g24a_scifact_1340,exclude_pre,1,89.12066878854783
llama31-8b,g24a_scifact_1341,admit_post,1,92.76064612585249
llama31-8b,g24a_scifact_1341,admit_pre,1,92.75696280295091
llama31-8b,g24a_scifact_1341,base,1,89.2347385187989
llama31-8b,g24a_scifact_1341,exclude_post,1,49.41414475530146
llama31-8b,g24a_scifact_1341,exclude_pre,1,91.32581766855432
llama31-8b,g24a_scifact_1346,admit_post,1,89.69385353349377
llama31-8b,g24a_scifact_1346,admit_pre,1,88.89837590170521
llama31-8b,g24a_scifact_1346,base,1,90.77785514675602
llama31-8b,g24a_scifact_1346,exclude_post,1,46.162058897448865
llama31-8b,g24a_scifact_1346,exclude_pre,1,61.550716785721164
llama31-8b,g24a_scifact_1351,admit_post,-1,88.60246382136161
llama31-8b,g24a_scifact_1351,admit_pre,-1,89.57088743317303
llama31-8b,g24a_scifact_1351,base,-1,92.56285561676256
llama31-8b,g24a_scifact_1351,exclude_post,-1,88.98177372118005
llama31-8b,g24a_scifact_1351,exclude_pre,-1,88.80515269138589
llama31-8b,g24a_scifact_1366,admit_post,1,90.8904242772566
llama31-8b,g24a_scifact_1366,admit_pre,1,89.51930852107947
llama31-8b,g24a_scifact_1366,base,1,47.225362089742994
llama31-8b,g24a_scifact_1366,exclude_post,1,34.61208238534214
llama31-8b,g24a_scifact_1366,exclude_pre,1,89.39733019109778
llama31-8b,g24a_scifact_1371,admit_post,1,89.22721118856761
llama31-8b,g24a_scifact_1371,admit_pre,1,88.6168376228854
llama31-8b,g24a_scifact_1371,base,1,89.24985897969964
llama31-8b,g24a_scifact_1371,exclude_post,1,48.87783477838035
llama31-8b,g24a_scifact_1371,exclude_pre,1,88.38187138573066
llama31-8b,g24a_scifact_1376,admit_post,-1,61.82351024577349
llama31-8b,g24a_scifact_1376,admit_pre,-1,89.78987128383329
llama31-8b,g24a_scifact_1376,base,-1,69.12200510516502
llama31-8b,g24a_scifact_1376,exclude_post,-1,83.82563232584239
llama31-8b,g24a_scifact_1376,exclude_pre,-1,17.070288355713227
llama31-8b,g24a_scifact_1381,admit_post,1,91.86258315371181
llama31-8b,g24a_scifact_1381,admit_pre,1,89.34665422344978
llama31-8b,g24a_scifact_1381,base,1,67.86379393440839
llama31-8b,g24a_scifact_1381,exclude_post,1,34.597155871749344
llama31-8b,g24a_scifact_1381,exclude_pre,1,60.80436703440412
llama31-8b,g24a_scifact_1392,admit_post,1,89.66125487066827
llama31-8b,g24a_scifact_1392,admit_pre,1,88.43384128892448
llama31-8b,g24a_scifact_1392,base,1,37.36892058079776
llama31-8b,g24a_scifact_1392,exclude_post,1,1.7790510160465165
llama31-8b,g24a_scifact_1392,exclude_pre,1,74.05600130031024
llama31-8b,g24a_scifact_142,admit_post,-1,18.49356111280738
llama31-8b,g24a_scifact_142,admit_pre,-1,15.70616115916617
llama31-8b,g24a_scifact_142,base,-1,36.46786715707047
llama31-8b,g24a_scifact_142,exclude_post,-1,40.32447054148836
llama31-8b,g24a_scifact_142,exclude_pre,-1,10.29246943140218
llama31-8b,g24a_scifact_143,admit_post,1,89.48793814584572
llama31-8b,g24a_scifact_143,admit_pre,1,89.29846686761631
llama31-8b,g24a_scifact_143,base,1,46.44107654103683
llama31-8b,g24a_scifact_143,exclude_post,1,39.484514774490904
llama31-8b,g24a_scifact_143,exclude_pre,1,69.92250109060697
llama31-8b,g24a_scifact_148,admit_post,1,89.46868719017644
llama31-8b,g24a_scifact_148,admit_pre,1,88.88674235164306
llama31-8b,g24a_scifact_148,base,1,90.86186387753388
llama31-8b,g24a_scifact_148,exclude_post,1,51.23993882342904
llama31-8b,g24a_scifact_148,exclude_pre,1,66.94680515645082
llama31-8b,g24a_scifact_155,admit_post,1,91.34842853175766
llama31-8b,g24a_scifact_155,admit_pre,1,90.70663501174212
llama31-8b,g24a_scifact_155,base,1,85.86626917837927
llama31-8b,g24a_scifact_155,exclude_post,1,52.36718221300277
llama31-8b,g24a_scifact_155,exclude_pre,1,48.14653105422158
llama31-8b,g24a_scifact_156,admit_post,-1,94.01111008240159
llama31-8b,g24a_scifact_156,admit_pre,-1,38.30774320657555
llama31-8b,g24a_scifact_156,base,-1,38.409830423275864
llama31-8b,g24a_scifact_156,exclude_post,-1,44.32468992989657
llama31-8b,g24a_scifact_156,exclude_pre,-1,49.0182143147586
llama31-8b,g24a_scifact_157,admit_post,1,91.09455327097211
llama31-8b,g24a_scifact_157,admit_pre,1,92.4375272204282
llama31-8b,g24a_scifact_157,base,1,90.59793316059908
llama31-8b,g24a_scifact_157,exclude_post,1,52.641225826498925
llama31-8b,g24a_scifact_157,exclude_pre,1,89.8404731589727
llama31-8b,g24a_scifact_197,admit_post,1,93.27407053741314
llama31-8b,g24a_scifact_197,admit_pre,1,89.78153762951388
llama31-8b,g24a_scifact_197,base,1,98.65449633485225
llama31-8b,g24a_scifact_197,exclude_post,1,95.37392807486833
llama31-8b,g24a_scifact_197,exclude_pre,1,71.71094350594367
llama31-8b,g24a_scifact_212,admit_post,-1,90.17049699234984
llama31-8b,g24a_scifact_212,admit_pre,-1,81.91544139347427
llama31-8b,g24a_scifact_212,base,-1,43.423884676127074
llama31-8b,g24a_scifact_212,exclude_post,-1,20.90053828258415
llama31-8b,g24a_scifact_212,exclude_pre,-1,3.3262315564503044
llama31-8b,g24a_scifact_218,admit_post,1,93.40452308469669
llama31-8b,g24a_scifact_218,admit_pre,1,88.78613426466079
llama31-8b,g24a_scifact_218,base,1,30.995232813282442
llama31-8b,g24a_scifact_218,exclude_post,1,87.74283710469291
llama31-8b,g24a_scifact_218,exclude_pre,1,53.065498388273575
llama31-8b,g24a_scifact_219,admit_post,-1,92.13711934235988
llama31-8b,g24a_scifact_219,admit_pre,-1,89.57231131177318
llama31-8b,g24a_scifact_219,base,-1,34.967274427959445
llama31-8b,g24a_scifact_219,exclude_post,-1,80.2657230986898
llama31-8b,g24a_scifact_219,exclude_pre,-1,35.90102326467842
llama31-8b,g24a_scifact_22,admit_post,1,89.22114182824784
llama31-8b,g24a_scifact_22,admit_pre,1,88.23116810161578
llama31-8b,g24a_scifact_22,base,1,69.79946296980506
llama31-8b,g24a_scifact_22,exclude_post,1,85.08850073168162
llama31-8b,g24a_scifact_22,exclude_pre,1,85.78673160796232
llama31-8b,g24a_scifact_223,admit_post,1,93.4068301490219
llama31-8b,g24a_scifact_223,admit_pre,1,89.26493447054825
llama31-8b,g24a_scifact_223,base,1,88.07461190298139
llama31-8b,g24a_scifact_223,exclude_post,1,49.21269099542262
llama31-8b,g24a_scifact_223,exclude_pre,1,88.98874374708095
llama31-8b,g24a_scifact_227,admit_post,1,93.0541347420177
llama31-8b,g24a_scifact_227,admit_pre,1,95.0156988909286
llama31-8b,g24a_scifact_227,base,1,91.07726324352012
llama31-8b,g24a_scifact_227,exclude_post,1,58.1829952802431
llama31-8b,g24a_scifact_227,exclude_pre,1,77.77431828537556
llama31-8b,g24a_scifact_228,admit_post,1,92.44519601319001
llama31-8b,g24a_scifact_228,admit_pre,1,90.90083859391012
llama31-8b,g24a_scifact_228,base,1,46.586878774874016
llama31-8b,g24a_scifact_228,exclude_post,1,50.58342527068354
llama31-8b,g24a_scifact_228,exclude_pre,1,89.79318187027361
llama31-8b,g24a_scifact_239,admit_post,1,89.14346975884771
llama31-8b,g24a_scifact_239,admit_pre,1,89.15936608212581
llama31-8b,g24a_scifact_239,base,1,71.87824466825596
llama31-8b,g24a_scifact_239,exclude_post,1,44.41684452994051
llama31-8b,g24a_scifact_239,exclude_pre,1,88.50486248105834
llama31-8b,g24a_scifact_243,admit_post,1,89.13114918404231
llama31-8b,g24a_scifact_243,admit_pre,1,88.37038789733035
llama31-8b,g24a_scifact_243,base,1,88.80052212210528
llama31-8b,g24a_scifact_243,exclude_post,1,57.79919458815016
llama31-8b,g24a_scifact_243,exclude_pre,1,74.10988936003353
llama31-8b,g24a_scifact_256,admit_post,1,92.70940329254022
llama31-8b,g24a_scifact_256,admit_pre,1,88.81658562651108
llama31-8b,g24a_scifact_256,base,1,88.50641584070405
llama31-8b,g24a_scifact_256,exclude_post,1,85.84679701780415
llama31-8b,g24a_scifact_256,exclude_pre,1,82.94847691877857
llama31-8b,g24a_scifact_280,admit_post,1,89.82090139471472
llama31-8b,g24a_scifact_280,admit_pre,1,88.92491197943417
llama31-8b,g24a_scifact_280,base,1,84.06759280202179
llama31-8b,g24a_scifact_280,exclude_post,1,88.72252446844844
llama31-8b,g24a_scifact_280,exclude_pre,1,86.73205321272482
llama31-8b,g24a_scifact_283,admit_post,-1,8.765946128614946
llama31-8b,g24a_scifact_283,admit_pre,-1,9.386464340309233
llama31-8b,g24a_scifact_283,base,-1,0.7505478740777778
llama31-8b,g24a_scifact_283,exclude_post,-1,45.44958888125027
llama31-8b,g24a_scifact_283,exclude_pre,-1,2.551915719038852
llama31-8b,g24a_scifact_290,admit_post,-1,15.388702391764317
llama31-8b,g24a_scifact_290,admit_pre,-1,13.92634912585069
llama31-8b,g24a_scifact_290,base,-1,29.581420923552418
llama31-8b,g24a_scifact_290,exclude_post,-1,42.87039722441189
llama31-8b,g24a_scifact_290,exclude_pre,-1,24.86684261899831
llama31-8b,g24a_scifact_292,admit_post,1,88.78447681547634
llama31-8b,g24a_scifact_292,admit_pre,1,89.13105435094263
llama31-8b,g24a_scifact_292,base,1,72.07141357002277
llama31-8b,g24a_scifact_292,exclude_post,1,87.24384963870642
llama31-8b,g24a_scifact_292,exclude_pre,1,89.10139766651415
llama31-8b,g24a_scifact_295,admit_post,1,89.9331424035508
llama31-8b,g24a_scifact_295,admit_pre,1,91.60066118460303
llama31-8b,g24a_scifact_295,base,1,88.52000209618122
llama31-8b,g24a_scifact_295,exclude_post,1,72.84310653513006
llama31-8b,g24a_scifact_295,exclude_pre,1,90.35203805981057
llama31-8b,g24a_scifact_3,admit_post,1,43.71602006895616
llama31-8b,g24a_scifact_3,admit_pre,1,27.016085218052908
llama31-8b,g24a_scifact_3,base,1,69.69473181476718
llama31-8b,g24a_scifact_3,exclude_post,1,88.44056335282252
llama31-8b,g24a_scifact_3,exclude_pre,1,26.094164825782173
llama31-8b,g24a_scifact_30,admit_post,1,89.00976254875471
llama31-8b,g24a_scifact_30,admit_pre,1,89.38306887438856
llama31-8b,g24a_scifact_30,base,1,90.4287455396705
llama31-8b,g24a_scifact_30,exclude_post,1,42.097138992044364
llama31-8b,g24a_scifact_30,exclude_pre,1,89.32142963802576
llama31-8b,g24a_scifact_308,admit_post,-1,92.13451080673362
llama31-8b,g24a_scifact_308,admit_pre,-1,89.09612725510956
llama31-8b,g24a_scifact_308,base,-1,89.30392226911734
llama31-8b,g24a_scifact_308,exclude_post,-1,49.13085416135763
llama31-8b,g24a_scifact_308,exclude_pre,-1,87.6018038287304
llama31-8b,g24a_scifact_330,admit_post,-1,12.964414815275251
llama31-8b,g24a_scifact_330,admit_pre,-1,17.724918534535615
llama31-8b,g24a_scifact_330,base,-1,53.74537319218167
llama31-8b,g24a_scifact_330,exclude_post,-1,23.547281366441474
llama31-8b,g24a_scifact_330,exclude_pre,-1,64.42792019426264
llama31-8b,g24a_scifact_335,admit_post,1,92.43016392619471
llama31-8b,g24a_scifact_335,admit_pre,1,88.64544681071376
llama31-8b,g24a_scifact_335,base,1,88.88758670473455
llama31-8b,g24a_scifact_335,exclude_post,1,49.74128297741124
llama31-8b,g24a_scifact_335,exclude_pre,1,47.546800644640555
llama31-8b,g24a_scifact_34,admit_post,1,92.66475922939892
llama31-8b,g24a_scifact_34,admit_pre,1,90.18984151810945
llama31-8b,g24a_scifact_34,base,1,92.9777379047203
llama31-8b,g24a_scifact_34,exclude_post,1,71.89105569818528
llama31-8b,g24a_scifact_34,exclude_pre,1,41.74936308708143
llama31-8b,g24a_scifact_386,admit_post,1,90.85312537831098
llama31-8b,g24a_scifact_386,admit_pre,1,93.63883053857433
llama31-8b,g24a_scifact_386,base,1,85.8339394358298
llama31-8b,g24a_scifact_386,exclude_post,1,34.67772671144109
llama31-8b,g24a_scifact_386,exclude_pre,1,63.35799913634682
llama31-8b,g24a_scifact_394,admit_post,1,90.7993290521632
llama31-8b,g24a_scifact_394,admit_pre,1,90.62654775874272
llama31-8b,g24a_scifact_394,base,1,89.35998426707144
llama31-8b,g24a_scifact_394,exclude_post,1,27.100924399383317
llama31-8b,g24a_scifact_394,exclude_pre,1,74.78996187588713
llama31-8b,g24a_scifact_426,admit_post,1,96.66455044854231
llama31-8b,g24a_scifact_426,admit_pre,1,93.74192314152519
llama31-8b,g24a_scifact_426,base,1,86.06082170050144
llama31-8b,g24a_scifact_426,exclude_post,1,50.810253117367786
llama31-8b,g24a_scifact_426,exclude_pre,1,89.3824749611995
llama31-8b,g24a_scifact_428,admit_post,1,88.88910965901124
llama31-8b,g24a_scifact_428,admit_pre,1,90.33790663984614
llama31-8b,g24a_scifact_428,base,1,94.41149036918799
llama31-8b,g24a_scifact_428,exclude_post,1,52.18215166980496
llama31-8b,g24a_scifact_428,exclude_pre,1,89.37488882992395
llama31-8b,g24a_scifact_436,admit_post,1,94.43401712251364
llama31-8b,g24a_scifact_436,admit_pre,1,94.08526600271652
llama31-8b,g24a_scifact_436,base,1,65.76924049376531
llama31-8b,g24a_scifact_436,exclude_post,1,55.55234413355877
llama31-8b,g24a_scifact_436,exclude_pre,1,89.5779987175208
llama31-8b,g24a_scifact_441,admit_post,1,88.88874328210582
llama31-8b,g24a_scifact_441,admit_pre,1,89.19515091582471
llama31-8b,g24a_scifact_441,base,1,66.4133660507713
llama31-8b,g24a_scifact_441,exclude_post,1,47.91901641336374
llama31-8b,g24a_scifact_441,exclude_pre,1,49.2863933862511
llama31-8b,g24a_scifact_444,admit_post,1,94.07373001063587
llama31-8b,g24a_scifact_444,admit_pre,1,90.13316699605954
llama31-8b,g24a_scifact_444,base,1,70.59016371300362
llama31-8b,g24a_scifact_444,exclude_post,1,48.795420810830734
llama31-8b,g24a_scifact_444,exclude_pre,1,88.45574360387792
llama31-8b,g24a_scifact_455,admit_post,1,88.64592343082671
llama31-8b,g24a_scifact_455,admit_pre,1,88.59333030999859
llama31-8b,g24a_scifact_455,base,1,89.24110823385314
llama31-8b,g24a_scifact_455,exclude_post,1,44.20650370959933
llama31-8b,g24a_scifact_455,exclude_pre,1,50.02263258048714
llama31-8b,g24a_scifact_46,admit_post,1,89.811761021014
llama31-8b,g24a_scifact_46,admit_pre,1,89.70912319754915
llama31-8b,g24a_scifact_46,base,1,37.67648578939872
llama31-8b,g24a_scifact_46,exclude_post,1,3.7743056499210987
llama31-8b,g24a_scifact_46,exclude_pre,1,89.08470021588124
llama31-8b,g24a_scifact_461,admit_post,1,90.15917653975032
llama31-8b,g24a_scifact_461,admit_pre,1,88.74677646515345
llama31-8b,g24a_scifact_461,base,1,68.39440319157724
llama31-8b,g24a_scifact_461,exclude_post,1,50.63272512778158
llama31-8b,g24a_scifact_461,exclude_pre,1,81.74589675152443
llama31-8b,g24a_scifact_469,admit_post,1,93.0585872951003
llama31-8b,g24a_scifact_469,admit_pre,1,91.59524355362613
llama31-8b,g24a_scifact_469,base,1,83.65534038645393
llama31-8b,g24a_scifact_469,exclude_post,1,50.05422348956797
llama31-8b,g24a_scifact_469,exclude_pre,1,88.6594314773574
llama31-8b,g24a_scifact_470,admit_post,1,92.41657967724666
llama31-8b,g24a_scifact_470,admit_pre,1,99.62718775193711
llama31-8b,g24a_scifact_470,base,1,98.34843232758732
llama31-8b,g24a_scifact_470,exclude_post,1,92.97520681195708
llama31-8b,g24a_scifact_470,exclude_pre,1,97.99266324714162
llama31-8b,g24a_scifact_475,admit_post,1,88.88895554834379
llama31-8b,g24a_scifact_475,admit_pre,1,88.76442901079983
llama31-8b,g24a_scifact_475,base,1,98.80999280596572
llama31-8b,g24a_scifact_475,exclude_post,1,82.37495599154246
llama31-8b,g24a_scifact_475,exclude_pre,1,89.82059950398289
llama31-8b,g24a_scifact_483,admit_post,1,90.24620689309033
llama31-8b,g24a_scifact_483,admit_pre,1,88.32883227416187
llama31-8b,g24a_scifact_483,base,1,89.01453752058859
llama31-8b,g24a_scifact_483,exclude_post,1,49.961423746241195
llama31-8b,g24a_scifact_483,exclude_pre,1,88.18285182974286
llama31-8b,g24a_scifact_513,admit_post,-1,3.527678015939161
llama31-8b,g24a_scifact_513,admit_pre,-1,26.633978087478955
llama31-8b,g24a_scifact_513,base,-1,3.6063484010844453
llama31-8b,g24a_scifact_513,exclude_post,-1,9.251394512844925
llama31-8b,g24a_scifact_513,exclude_pre,-1,27.88370012296913
llama31-8b,g24a_scifact_515,admit_post,1,88.9514978203038
llama31-8b,g24a_scifact_515,admit_pre,1,89.29335586268687
llama31-8b,g24a_scifact_515,base,1,88.39611452069265
llama31-8b,g24a_scifact_515,exclude_post,1,61.50070332767968
llama31-8b,g24a_scifact_515,exclude_pre,1,88.53022349080732
llama31-8b,g24a_scifact_516,admit_post,-1,43.83418572479473
llama31-8b,g24a_scifact_516,admit_pre,-1,9.35226151122044
llama31-8b,g24a_scifact_516,base,-1,6.796910249670526
llama31-8b,g24a_scifact_516,exclude_post,-1,1.242004969266
llama31-8b,g24a_scifact_516,exclude_pre,-1,45.31914758614166
llama31-8b,g24a_scifact_523,admit_post,-1,88.33331213132928
llama31-8b,g24a_scifact_523,admit_pre,-1,8.013032737639806
llama31-8b,g24a_scifact_523,base,-1,49.716686608749434
llama31-8b,g24a_scifact_523,exclude_post,-1,50.33990171216272
llama31-8b,g24a_scifact_523,exclude_pre,-1,15.047843373010465
llama31-8b,g24a_scifact_524,admit_post,1,89.62230318382416
llama31-8b,g24a_scifact_524,admit_pre,1,53.60984731604536
llama31-8b,g24a_scifact_524,base,1,39.702994950986344
llama31-8b,g24a_scifact_524,exclude_post,1,82.56998805010667
llama31-8b,g24a_scifact_524,exclude_pre,1,86.46532119368014
llama31-8b,g24a_scifact_548,admit_post,1,89.91708182627171
llama31-8b,g24a_scifact_548,admit_pre,1,88.15565052328492
llama31-8b,g24a_scifact_548,base,1,72.76114257074411
llama31-8b,g24a_scifact_548,exclude_post,1,84.86919208375204
llama31-8b,g24a_scifact_548,exclude_pre,1,36.6381090138125
llama31-8b,g24a_scifact_553,admit_post,-1,11.20323226899174
llama31-8b,g24a_scifact_553,admit_pre,-1,6.662480797026237
llama31-8b,g24a_scifact_553,base,-1,88.867757417944
llama31-8b,g24a_scifact_553,exclude_post,-1,35.83326086315472
llama31-8b,g24a_scifact_553,exclude_pre,-1,6.734902313987906
llama31-8b,g24a_scifact_570,admit_post,1,90.90549718926462
llama31-8b,g24a_scifact_570,admit_pre,1,91.28544231977227
llama31-8b,g24a_scifact_570,base,1,88.61586827606588
llama31-8b,g24a_scifact_570,exclude_post,1,47.35671522149799
llama31-8b,g24a_scifact_570,exclude_pre,1,89.61272877853098
llama31-8b,g24a_scifact_571,admit_post,-1,90.70169557255474
llama31-8b,g24a_scifact_571,admit_pre,-1,90.59796869640003
llama31-8b,g24a_scifact_571,base,-1,73.05610975556876
llama31-8b,g24a_scifact_571,exclude_post,-1,51.19261090510642
llama31-8b,g24a_scifact_571,exclude_pre,-1,88.71337575162805
llama31-8b,g24a_scifact_578,admit_post,-1,93.74679355539038
llama31-8b,g24a_scifact_578,admit_pre,-1,89.857237265322
llama31-8b,g24a_scifact_578,base,-1,60.420822827576934
llama31-8b,g24a_scifact_578,exclude_post,-1,88.13447960600611
llama31-8b,g24a_scifact_578,exclude_pre,-1,89.25885003325993
llama31-8b,g24a_scifact_598,admit_post,-1,19.69945796304731
llama31-8b,g24a_scifact_598,admit_pre,-1,22.66902902251875
llama31-8b,g24a_scifact_598,base,-1,19.2553380209435
llama31-8b,g24a_scifact_598,exclude_post,-1,72.8202847245405
llama31-8b,g24a_scifact_598,exclude_pre,-1,13.981590170019706
llama31-8b,g24a_scifact_603,admit_post,1,89.12692020586337
llama31-8b,g24a_scifact_603,admit_pre,1,86.3834897833892
llama31-8b,g24a_scifact_603,base,1,22.200026075577792
llama31-8b,g24a_scifact_603,exclude_post,1,59.10445007175182
llama31-8b,g24a_scifact_603,exclude_pre,1,69.44768152868028
llama31-8b,g24a_scifact_625,admit_post,1,89.92309812133459
llama31-8b,g24a_scifact_625,admit_pre,1,89.70606888648526
llama31-8b,g24a_scifact_625,base,1,76.38765923882805
llama31-8b,g24a_scifact_625,exclude_post,1,48.89186421855352
llama31-8b,g24a_scifact_625,exclude_pre,1,80.14284040202499
llama31-8b,g24a_scifact_632,admit_post,-1,91.60506101691928
llama31-8b,g24a_scifact_632,admit_pre,-1,91.86934290966718
llama31-8b,g24a_scifact_632,base,-1,51.44125551397098
llama31-8b,g24a_scifact_632,exclude_post,-1,69.97532638404493
llama31-8b,g24a_scifact_632,exclude_pre,-1,92.14347792852135
llama31-8b,g24a_scifact_633,admit_post,-1,93.40329660050415
llama31-8b,g24a_scifact_633,admit_pre,-1,91.31118410615994
llama31-8b,g24a_scifact_633,base,-1,59.045490550306326
llama31-8b,g24a_scifact_633,exclude_post,-1,48.13689846400687
llama31-8b,g24a_scifact_633,exclude_pre,-1,5.747673276371042
llama31-8b,g24a_scifact_640,admit_post,1,87.92128591017261
llama31-8b,g24a_scifact_640,admit_pre,1,88.70098924299059
llama31-8b,g24a_scifact_640,base,1,91.81607892678859
llama31-8b,g24a_scifact_640,exclude_post,1,94.93898374916495
llama31-8b,g24a_scifact_640,exclude_pre,1,88.3638280471393
llama31-8b,g24a_scifact_653,admit_post,1,90.89134787329283
llama31-8b,g24a_scifact_653,admit_pre,1,90.6475186040101
llama31-8b,g24a_scifact_653,base,1,86.42926386783826
llama31-8b,g24a_scifact_653,exclude_post,1,48.51568645580185
llama31-8b,g24a_scifact_653,exclude_pre,1,77.50391174510425
llama31-8b,g24a_scifact_67,admit_post,1,95.8005394209016
llama31-8b,g24a_scifact_67,admit_pre,1,92.43942444216746
llama31-8b,g24a_scifact_67,base,1,36.81170388395421
llama31-8b,g24a_scifact_67,exclude_post,1,55.55069732065685
llama31-8b,g24a_scifact_67,exclude_pre,1,88.88847797424124
llama31-8b,g24a_scifact_709,admit_post,1,57.08601963622144
llama31-8b,g24a_scifact_709,admit_pre,1,59.502603864104266
llama31-8b,g24a_scifact_709,base,1,64.65382597792133
llama31-8b,g24a_scifact_709,exclude_post,1,60.85876186208121
llama31-8b,g24a_scifact_709,exclude_pre,1,63.63494292625411
llama31-8b,g24a_scifact_721,admit_post,1,88.22173581517296
llama31-8b,g24a_scifact_721,admit_pre,1,88.9643441387702
llama31-8b,g24a_scifact_721,base,1,63.88384218690593
llama31-8b,g24a_scifact_721,exclude_post,1,54.17734022504093
llama31-8b,g24a_scifact_721,exclude_pre,1,76.07475266631114
llama31-8b,g24a_scifact_734,admit_post,1,89.97320776496491
llama31-8b,g24a_scifact_734,admit_pre,1,71.99829517619888
llama31-8b,g24a_scifact_734,base,1,88.0769222610908
llama31-8b,g24a_scifact_734,exclude_post,1,85.53652343191149
llama31-8b,g24a_scifact_734,exclude_pre,1,87.9564469134021
llama31-8b,g24a_scifact_744,admit_post,1,88.88910524432603
llama31-8b,g24a_scifact_744,admit_pre,1,88.88905571731307
llama31-8b,g24a_scifact_744,base,1,86.87045670640383
llama31-8b,g24a_scifact_744,exclude_post,1,44.35907112460631
llama31-8b,g24a_scifact_744,exclude_pre,1,42.848607845541466
llama31-8b,g24a_scifact_749,admit_post,1,91.11772980247356
llama31-8b,g24a_scifact_749,admit_pre,1,90.2644077318788
llama31-8b,g24a_scifact_749,base,1,97.52044225728922
llama31-8b,g24a_scifact_749,exclude_post,1,80.31624615593276
llama31-8b,g24a_scifact_749,exclude_pre,1,81.35143661951882
llama31-8b,g24a_scifact_752,admit_post,1,90.8547502703039
llama31-8b,g24a_scifact_752,admit_pre,1,90.19212485568954
llama31-8b,g24a_scifact_752,base,1,63.83738116597268
llama31-8b,g24a_scifact_752,exclude_post,1,44.38006709450505
llama31-8b,g24a_scifact_752,exclude_pre,1,45.43118200856766
llama31-8b,g24a_scifact_756,admit_post,1,93.07451788921846
llama31-8b,g24a_scifact_756,admit_pre,1,89.89262901675936
llama31-8b,g24a_scifact_756,base,1,97.26376934871895
llama31-8b,g24a_scifact_756,exclude_post,1,94.37399054292467
llama31-8b,g24a_scifact_756,exclude_pre,1,94.07676827105713
llama31-8b,g24a_scifact_764,admit_post,-1,77.06112177698529
llama31-8b,g24a_scifact_764,admit_pre,-1,74.06132724714267
llama31-8b,g24a_scifact_764,base,-1,48.90844241473955
llama31-8b,g24a_scifact_764,exclude_post,-1,40.16534100841975
llama31-8b,g24a_scifact_764,exclude_pre,-1,49.07796042013387
llama31-8b,g24a_scifact_784,admit_post,1,91.11220254101767
llama31-8b,g24a_scifact_784,admit_pre,1,88.98159992420602
llama31-8b,g24a_scifact_784,base,1,89.15463905945465
llama31-8b,g24a_scifact_784,exclude_post,1,52.94790661343002
llama31-8b,g24a_scifact_784,exclude_pre,1,88.61682349586519
llama31-8b,g24a_scifact_789,admit_post,1,94.05760712158973
llama31-8b,g24a_scifact_789,admit_pre,1,92.69544120352136
llama31-8b,g24a_scifact_789,base,1,99.03685602477591
llama31-8b,g24a_scifact_789,exclude_post,1,88.88678717175634
llama31-8b,g24a_scifact_789,exclude_pre,1,93.15972861212254
llama31-8b,g24a_scifact_790,admit_post,-1,90.14254678443383
llama31-8b,g24a_scifact_790,admit_pre,-1,89.88203550564351
llama31-8b,g24a_scifact_790,base,-1,74.51742746596443
llama31-8b,g24a_scifact_790,exclude_post,-1,51.455440234381015
llama31-8b,g24a_scifact_790,exclude_pre,-1,89.43976489627366
llama31-8b,g24a_scifact_792,admit_post,1,95.4564651439444
llama31-8b,g24a_scifact_792,admit_pre,1,88.92829917780745
llama31-8b,g24a_scifact_792,base,1,89.20016934754871
llama31-8b,g24a_scifact_792,exclude_post,1,50.49790250255695
llama31-8b,g24a_scifact_792,exclude_pre,1,88.0424384475528
llama31-8b,g24a_scifact_793,admit_post,-1,0.41095250666848915
llama31-8b,g24a_scifact_793,admit_pre,-1,11.699177074088361
llama31-8b,g24a_scifact_793,base,-1,0.7458998147548431
llama31-8b,g24a_scifact_793,exclude_post,-1,40.13228604017524
llama31-8b,g24a_scifact_793,exclude_pre,-1,74.8756540748355
llama31-8b,g24a_scifact_795,admit_post,1,88.88918591633238
llama31-8b,g24a_scifact_795,admit_pre,1,90.18488011383609
llama31-8b,g24a_scifact_795,base,1,82.69566017108764
llama31-8b,g24a_scifact_795,exclude_post,1,83.71889181968464
llama31-8b,g24a_scifact_795,exclude_pre,1,52.93510599718511
llama31-8b,g24a_scifact_797,admit_post,1,93.0741895093037
llama31-8b,g24a_scifact_797,admit_pre,1,88.89077586528134
llama31-8b,g24a_scifact_797,base,1,97.7489021659672
llama31-8b,g24a_scifact_797,exclude_post,1,52.77894325451397
llama31-8b,g24a_scifact_797,exclude_pre,1,48.75592834606868
llama31-8b,g24a_scifact_798,admit_post,-1,27.937318908529036
llama31-8b,g24a_scifact_798,admit_pre,-1,21.613623033380566
llama31-8b,g24a_scifact_798,base,-1,11.665772376730814
llama31-8b,g24a_scifact_798,exclude_post,-1,45.060416654164676
llama31-8b,g24a_scifact_798,exclude_pre,-1,12.464397754779538
llama31-8b,g24a_scifact_804,admit_post,1,88.88875787809782
llama31-8b,g24a_scifact_804,admit_pre,1,88.88878170003426
llama31-8b,g24a_scifact_804,base,1,89.25523496042267
llama31-8b,g24a_scifact_804,exclude_post,1,16.53929904605244
llama31-8b,g24a_scifact_804,exclude_pre,1,51.44837577665895
llama31-8b,g24a_scifact_811,admit_post,-1,89.46694393458212
llama31-8b,g24a_scifact_811,admit_pre,-1,88.76816631292003
llama31-8b,g24a_scifact_811,base,-1,89.11485323713941
llama31-8b,g24a_scifact_811,exclude_post,-1,87.92732868270042
llama31-8b,g24a_scifact_811,exclude_pre,-1,78.09412747818138
llama31-8b,g24a_scifact_837,admit_post,1,95.10394277871666
llama31-8b,g24a_scifact_837,admit_pre,1,89.94266761414629
llama31-8b,g24a_scifact_837,base,1,51.256718250700445
llama31-8b,g24a_scifact_837,exclude_post,1,12.48992501086641
llama31-8b,g24a_scifact_837,exclude_pre,1,55.55609273764223
llama31-8b,g24a_scifact_839,admit_post,1,97.5206013063517
llama31-8b,g24a_scifact_839,admit_pre,1,92.42721240838766
llama31-8b,g24a_scifact_839,base,1,90.28809063782927
llama31-8b,g24a_scifact_839,exclude_post,1,59.83619008554097
llama31-8b,g24a_scifact_839,exclude_pre,1,88.93920076400424
llama31-8b,g24a_scifact_860,admit_post,1,15.95850731689228
llama31-8b,g24a_scifact_860,admit_pre,1,13.9775462438514
llama31-8b,g24a_scifact_860,base,1,35.75599463865411
llama31-8b,g24a_scifact_860,exclude_post,1,72.22817732270859
llama31-8b,g24a_scifact_860,exclude_pre,1,23.144488037063855
llama31-8b,g24a_scifact_88,admit_post,1,91.34635796327575
llama31-8b,g24a_scifact_88,admit_pre,1,91.59305607553016
llama31-8b,g24a_scifact_88,base,1,84.26674115088606
llama31-8b,g24a_scifact_88,exclude_post,1,51.82888321363008
llama31-8b,g24a_scifact_88,exclude_pre,1,89.29535056010141
llama31-8b,g24a_scifact_904,admit_post,1,98.15751347136512
llama31-8b,g24a_scifact_904,admit_pre,1,93.06360386890991
llama31-8b,g24a_scifact_904,base,1,89.6760046234938
llama31-8b,g24a_scifact_904,exclude_post,1,49.15231581680496
llama31-8b,g24a_scifact_904,exclude_pre,1,85.2082582748814
llama31-8b,g24a_scifact_917,admit_post,1,96.71747271390775
llama31-8b,g24a_scifact_917,admit_pre,1,94.41525920709756
llama31-8b,g24a_scifact_917,base,1,37.8257258168826
llama31-8b,g24a_scifact_917,exclude_post,1,55.550120499471284
llama31-8b,g24a_scifact_917,exclude_pre,1,89.33645596488553
llama31-8b,g24a_scifact_919,admit_post,1,89.89292872150675
llama31-8b,g24a_scifact_919,admit_pre,1,88.26203452414524
llama31-8b,g24a_scifact_919,base,1,89.21813193775598
llama31-8b,g24a_scifact_919,exclude_post,1,12.525433742086962
llama31-8b,g24a_scifact_919,exclude_pre,1,55.70849278460585
llama31-8b,g24a_scifact_921,admit_post,1,58.16807639910496
llama31-8b,g24a_scifact_921,admit_pre,1,59.24976576228666
llama31-8b,g24a_scifact_921,base,1,58.28016339703403
llama31-8b,g24a_scifact_921,exclude_post,1,48.34991401680004
llama31-8b,g24a_scifact_921,exclude_pre,1,48.03583746640686
llama31-8b,g24a_scifact_926,admit_post,1,88.40482798472095
llama31-8b,g24a_scifact_926,admit_pre,1,89.02535721442806
llama31-8b,g24a_scifact_926,base,1,62.40210203757729
llama31-8b,g24a_scifact_926,exclude_post,1,48.94631883054936
llama31-8b,g24a_scifact_926,exclude_pre,1,47.555550270539854
llama31-8b,g24a_scifact_927,admit_post,-1,89.08232060891564
llama31-8b,g24a_scifact_927,admit_pre,-1,87.80983849760312
llama31-8b,g24a_scifact_927,base,-1,54.73712664747423
llama31-8b,g24a_scifact_927,exclude_post,-1,46.6576914668043
llama31-8b,g24a_scifact_927,exclude_pre,-1,78.43564036648877
llama31-8b,g24a_scifact_935,admit_post,1,95.7744148570199
llama31-8b,g24a_scifact_935,admit_pre,1,88.29340375552071
llama31-8b,g24a_scifact_935,base,1,35.22597280756485
llama31-8b,g24a_scifact_935,exclude_post,1,49.103738563551616
llama31-8b,g24a_scifact_935,exclude_pre,1,51.71281860464156
llama31-8b,g24a_scifact_965,admit_post,1,88.78323187532477
llama31-8b,g24a_scifact_965,admit_pre,1,89.31059516351283
llama31-8b,g24a_scifact_965,base,1,89.92262959249311
llama31-8b,g24a_scifact_965,exclude_post,1,51.40794550052412
llama31-8b,g24a_scifact_965,exclude_pre,1,89.0111393208918
llama31-8b,g24a_scifact_967,admit_post,1,91.86723004231133
llama31-8b,g24a_scifact_967,admit_pre,1,90.89641806311225
llama31-8b,g24a_scifact_967,base,1,89.56659219288963
llama31-8b,g24a_scifact_967,exclude_post,1,53.13828351951034
llama31-8b,g24a_scifact_967,exclude_pre,1,89.48354873103477
llama31-8b,g24a_scifact_98,admit_post,-1,92.60016390056786
llama31-8b,g24a_scifact_98,admit_pre,-1,88.11688844271254
llama31-8b,g24a_scifact_98,base,-1,38.135694294825
llama31-8b,g24a_scifact_98,exclude_post,-1,85.22127690255894
llama31-8b,g24a_scifact_98,exclude_pre,-1,66.07463739918536
llama31-8b,g24a_scifact_984,admit_post,1,89.9212509765303
llama31-8b,g24a_scifact_984,admit_pre,1,89.75202665124732
llama31-8b,g24a_scifact_984,base,1,32.29115579206383
llama31-8b,g24a_scifact_984,exclude_post,1,0.8454899043118281
llama31-8b,g24a_scifact_984,exclude_pre,1,43.229691953474585
llama31-8b,g24a_scifact_985,admit_post,1,89.33098530791295
llama31-8b,g24a_scifact_985,admit_pre,1,88.83437212785894
llama31-8b,g24a_scifact_985,base,1,56.24622743060368
llama31-8b,g24a_scifact_985,exclude_post,1,55.55018207125989
llama31-8b,g24a_scifact_985,exclude_pre,1,51.53348411420208
mistral-small-24b,g24a_fever_100683,admit_post,-1,10.79675229994098
mistral-small-24b,g24a_fever_100683,admit_pre,-1,5.8621114903075755
mistral-small-24b,g24a_fever_100683,base,-1,4.404541872914767
mistral-small-24b,g24a_fever_100683,exclude_post,-1,2.2162749806466193
mistral-small-24b,g24a_fever_100683,exclude_pre,-1,8.733609638954807
mistral-small-24b,g24a_fever_100684,admit_post,1,99.65314559671634
mistral-small-24b,g24a_fever_100684,admit_pre,1,99.57543959987314
mistral-small-24b,g24a_fever_100684,base,1,99.76638499751971
mistral-small-24b,g24a_fever_100684,exclude_post,1,85.04762477693232
mistral-small-24b,g24a_fever_100684,exclude_pre,1,98.44224665483165
mistral-small-24b,g24a_fever_100832,admit_post,1,99.9675979033078
mistral-small-24b,g24a_fever_100832,admit_pre,1,99.96657129856345
mistral-small-24b,g24a_fever_100832,base,1,99.87996312020387
mistral-small-24b,g24a_fever_100832,exclude_post,1,24.49030059859764
mistral-small-24b,g24a_fever_100832,exclude_pre,1,96.13401616768569
mistral-small-24b,g24a_fever_101027,admit_post,1,99.91369396693239
mistral-small-24b,g24a_fever_101027,admit_pre,1,99.82469701947845
mistral-small-24b,g24a_fever_101027,base,1,99.67341720474205
mistral-small-24b,g24a_fever_101027,exclude_post,1,32.81196755363468
mistral-small-24b,g24a_fever_101027,exclude_pre,1,83.23369595705466
mistral-small-24b,g24a_fever_101062,admit_post,-1,0.05321344022245662
mistral-small-24b,g24a_fever_101062,admit_pre,-1,0.16101540357612873
mistral-small-24b,g24a_fever_101062,base,-1,0.03955518670968627
mistral-small-24b,g24a_fever_101062,exclude_post,-1,0.07938966636052414
mistral-small-24b,g24a_fever_101062,exclude_pre,-1,0.04685981278990759
mistral-small-24b,g24a_fever_101322,admit_post,-1,0.02759167915417264
mistral-small-24b,g24a_fever_101322,admit_pre,-1,0.028681943725649688
mistral-small-24b,g24a_fever_101322,base,-1,5.458043820913715
mistral-small-24b,g24a_fever_101322,exclude_post,-1,3.0156951595251207
mistral-small-24b,g24a_fever_101322,exclude_pre,-1,0.7398013188603471
mistral-small-24b,g24a_fever_102352,admit_post,1,99.68542587979009
mistral-small-24b,g24a_fever_102352,admit_pre,1,99.93730356330482
mistral-small-24b,g24a_fever_102352,base,1,99.87886328804954
mistral-small-24b,g24a_fever_102352,exclude_post,1,37.488958539011975
mistral-small-24b,g24a_fever_102352,exclude_pre,1,99.49013562915546
mistral-small-24b,g24a_fever_102913,admit_post,-1,0.029896765744572593
mistral-small-24b,g24a_fever_102913,admit_pre,-1,0.03963905014472844
mistral-small-24b,g24a_fever_102913,base,-1,0.058243940683482404
mistral-small-24b,g24a_fever_102913,exclude_post,-1,0.02247201522703438
mistral-small-24b,g24a_fever_102913,exclude_pre,-1,0.07162871901530533
mistral-small-24b,g24a_fever_10379,admit_post,-1,4.289075145436485
mistral-small-24b,g24a_fever_10379,admit_pre,-1,6.988228530873877
mistral-small-24b,g24a_fever_10379,base,-1,92.22686676963177
mistral-small-24b,g24a_fever_10379,exclude_post,-1,4.2588061821561425
mistral-small-24b,g24a_fever_10379,exclude_pre,-1,37.69363829624242
mistral-small-24b,g24a_fever_104221,admit_post,1,99.91739604932783
mistral-small-24b,g24a_fever_104221,admit_pre,1,99.89203029919878
mistral-small-24b,g24a_fever_104221,base,1,99.86492803846158
mistral-small-24b,g24a_fever_104221,exclude_post,1,63.36414815152783
mistral-small-24b,g24a_fever_104221,exclude_pre,1,50.57592346169824
mistral-small-24b,g24a_fever_10451,admit_post,1,70.38979466316839
mistral-small-24b,g24a_fever_10451,admit_pre,1,91.3154061641157
mistral-small-24b,g24a_fever_10451,base,1,99.57426463940313
mistral-small-24b,g24a_fever_10451,exclude_post,1,10.228013164901292
mistral-small-24b,g24a_fever_10451,exclude_pre,1,73.52487826717305
mistral-small-24b,g24a_fever_105526,admit_post,-1,0.540211286878148
mistral-small-24b,g24a_fever_105526,admit_pre,-1,0.7764822009699849
mistral-small-24b,g24a_fever_105526,base,-1,2.3758857888781364
mistral-small-24b,g24a_fever_105526,exclude_post,-1,5.846417483449156
mistral-small-24b,g24a_fever_105526,exclude_pre,-1,0.4294953721122564
mistral-small-24b,g24a_fever_105813,admit_post,-1,7.434426397773748
mistral-small-24b,g24a_fever_105813,admit_pre,-1,8.95785529170942
mistral-small-24b,g24a_fever_105813,base,-1,21.529102660629178
mistral-small-24b,g24a_fever_105813,exclude_post,-1,13.560419574694965
mistral-small-24b,g24a_fever_105813,exclude_pre,-1,9.581790468349176
mistral-small-24b,g24a_fever_105835,admit_post,1,99.83081779815991
mistral-small-24b,g24a_fever_105835,admit_pre,1,99.56984550619406
mistral-small-24b,g24a_fever_105835,base,1,1.0512776830540898
mistral-small-24b,g24a_fever_105835,exclude_post,1,15.29702287596954
mistral-small-24b,g24a_fever_105835,exclude_pre,1,20.525411630284772
mistral-small-24b,g24a_fever_106404,admit_post,1,99.2568415734876
mistral-small-24b,g24a_fever_106404,admit_pre,1,98.6841576333567
mistral-small-24b,g24a_fever_106404,base,1,59.698613280389445
mistral-small-24b,g24a_fever_106404,exclude_post,1,10.629882049973583
mistral-small-24b,g24a_fever_106404,exclude_pre,1,12.788098636587987
mistral-small-24b,g24a_fever_107503,admit_post,-1,0.12409093305631685
mistral-small-24b,g24a_fever_107503,admit_pre,-1,0.16262473059263102
mistral-small-24b,g24a_fever_107503,base,-1,2.051815041186645
mistral-small-24b,g24a_fever_107503,exclude_post,-1,0.038605327726320006
mistral-small-24b,g24a_fever_107503,exclude_pre,-1,0.2517064169541264
mistral-small-24b,g24a_fever_107654,admit_post,-1,0.052879065498756365
mistral-small-24b,g24a_fever_107654,admit_pre,-1,5.483147489756895
mistral-small-24b,g24a_fever_107654,base,-1,0.4132719651642873
mistral-small-24b,g24a_fever_107654,exclude_post,-1,1.893759465610261
mistral-small-24b,g24a_fever_107654,exclude_pre,-1,8.015208225543256
mistral-small-24b,g24a_fever_108107,admit_post,-1,0.8316383811749127
mistral-small-24b,g24a_fever_108107,admit_pre,-1,7.379346437994567
mistral-small-24b,g24a_fever_108107,base,-1,6.970362704509718
mistral-small-24b,g24a_fever_108107,exclude_post,-1,29.584347588047326
mistral-small-24b,g24a_fever_108107,exclude_pre,-1,42.68443228917397
mistral-small-24b,g24a_fever_108772,admit_post,1,99.95487964214107
mistral-small-24b,g24a_fever_108772,admit_pre,1,99.8893539069866
mistral-small-24b,g24a_fever_108772,base,1,13.346684635691958
mistral-small-24b,g24a_fever_108772,exclude_post,1,29.53108808179555
mistral-small-24b,g24a_fever_108772,exclude_pre,1,43.97578074527624
mistral-small-24b,g24a_fever_108894,admit_post,-1,0.4936639308155122
mistral-small-24b,g24a_fever_108894,admit_pre,-1,0.28842333077438487
mistral-small-24b,g24a_fever_108894,base,-1,0.5070572660231272
mistral-small-24b,g24a_fever_108894,exclude_post,-1,23.4961709336957
mistral-small-24b,g24a_fever_108894,exclude_pre,-1,40.21842191782159
mistral-small-24b,g24a_fever_109293,admit_post,-1,0.1474249576687707
mistral-small-24b,g24a_fever_109293,admit_pre,-1,0.19468533995836432
mistral-small-24b,g24a_fever_109293,base,-1,0.1878538951791785
mistral-small-24b,g24a_fever_109293,exclude_post,-1,26.864641801911013
mistral-small-24b,g24a_fever_109293,exclude_pre,-1,15.89515493895098
mistral-small-24b,g24a_fever_10947,admit_post,1,98.24864147165998
mistral-small-24b,g24a_fever_10947,admit_pre,1,97.3907408023046
mistral-small-24b,g24a_fever_10947,base,1,99.69871774141492
mistral-small-24b,g24a_fever_10947,exclude_post,1,21.387514264238007
mistral-small-24b,g24a_fever_10947,exclude_pre,1,23.374846076911265
mistral-small-24b,g24a_fever_109582,admit_post,-1,0.05969060693977216
mistral-small-24b,g24a_fever_109582,admit_pre,-1,0.1485181625445821
mistral-small-24b,g24a_fever_109582,base,-1,0.08529065857671707
mistral-small-24b,g24a_fever_109582,exclude_post,-1,0.04272243587176665
mistral-small-24b,g24a_fever_109582,exclude_pre,-1,0.40696300967771193
mistral-small-24b,g24a_fever_109744,admit_post,-1,8.059771389478476
mistral-small-24b,g24a_fever_109744,admit_pre,-1,6.052467132861203
mistral-small-24b,g24a_fever_109744,base,-1,0.46349462996947327
mistral-small-24b,g24a_fever_109744,exclude_post,-1,45.027008780705415
mistral-small-24b,g24a_fever_109744,exclude_pre,-1,41.675994513677935
mistral-small-24b,g24a_fever_110538,admit_post,-1,9.59939359213243
mistral-small-24b,g24a_fever_110538,admit_pre,-1,7.865706831997386
mistral-small-24b,g24a_fever_110538,base,-1,82.32845715419751
mistral-small-24b,g24a_fever_110538,exclude_post,-1,21.347316999518828
mistral-small-24b,g24a_fever_110538,exclude_pre,-1,3.03666886167075
mistral-small-24b,g24a_fever_111069,admit_post,1,98.37325416436482
mistral-small-24b,g24a_fever_111069,admit_pre,1,98.50509725374435
mistral-small-24b,g24a_fever_111069,base,1,21.200755090874846
mistral-small-24b,g24a_fever_111069,exclude_post,1,22.914400627680365
mistral-small-24b,g24a_fever_111069,exclude_pre,1,6.953673269903785
mistral-small-24b,g24a_fever_112471,admit_post,1,99.86068235599507
mistral-small-24b,g24a_fever_112471,admit_pre,1,99.74947740308772
mistral-small-24b,g24a_fever_112471,base,1,99.74308253558118
mistral-small-24b,g24a_fever_112471,exclude_post,1,18.47427455569483
mistral-small-24b,g24a_fever_112471,exclude_pre,1,20.002812491908063
mistral-small-24b,g24a_fever_112650,admit_post,-1,0.21144585419687242
mistral-small-24b,g24a_fever_112650,admit_pre,-1,0.293472642943468
mistral-small-24b,g24a_fever_112650,base,-1,85.94827937001907
mistral-small-24b,g24a_fever_112650,exclude_post,-1,0.12914127816907642
mistral-small-24b,g24a_fever_112650,exclude_pre,-1,0.5692585332733614
mistral-small-24b,g24a_fever_112934,admit_post,1,98.97587523189263
mistral-small-24b,g24a_fever_112934,admit_pre,1,98.2753388380045
mistral-small-24b,g24a_fever_112934,base,1,81.8153449945504
mistral-small-24b,g24a_fever_112934,exclude_post,1,28.674891895719913
mistral-small-24b,g24a_fever_112934,exclude_pre,1,82.93112519015756
mistral-small-24b,g24a_fever_114387,admit_post,1,99.94792536508078
mistral-small-24b,g24a_fever_114387,admit_pre,1,99.9131225754013
mistral-small-24b,g24a_fever_114387,base,1,99.86781415329239
mistral-small-24b,g24a_fever_114387,exclude_post,1,19.25635939968727
mistral-small-24b,g24a_fever_114387,exclude_pre,1,73.56294947636772
mistral-small-24b,g24a_fever_11478,admit_post,1,99.83582292477092
mistral-small-24b,g24a_fever_11478,admit_pre,1,99.93068980895984
mistral-small-24b,g24a_fever_11478,base,1,99.64420025674339
mistral-small-24b,g24a_fever_11478,exclude_post,1,15.782362086804804
mistral-small-24b,g24a_fever_11478,exclude_pre,1,17.74289689609134
mistral-small-24b,g24a_fever_114900,admit_post,1,99.86769746484835
mistral-small-24b,g24a_fever_114900,admit_pre,1,99.69768201908384
mistral-small-24b,g24a_fever_114900,base,1,98.82891771123872
mistral-small-24b,g24a_fever_114900,exclude_post,1,76.9370919438791
mistral-small-24b,g24a_fever_114900,exclude_pre,1,97.62830744469179
mistral-small-24b,g24a_fever_114974,admit_post,1,99.25368144867872
mistral-small-24b,g24a_fever_114974,admit_pre,1,99.87838038034708
mistral-small-24b,g24a_fever_114974,base,1,98.62211119586958
mistral-small-24b,g24a_fever_114974,exclude_post,1,15.911339774630164
mistral-small-24b,g24a_fever_114974,exclude_pre,1,24.761498987680433
mistral-small-24b,g24a_fever_115028,admit_post,-1,0.053706210313588784
mistral-small-24b,g24a_fever_115028,admit_pre,-1,0.04514281128009378
mistral-small-24b,g24a_fever_115028,base,-1,0.13468856751357397
mistral-small-24b,g24a_fever_115028,exclude_post,-1,8.557790696971617
mistral-small-24b,g24a_fever_115028,exclude_pre,-1,0.04136952404021951
mistral-small-24b,g24a_fever_115773,admit_post,-1,0.035742309151298605
mistral-small-24b,g24a_fever_115773,admit_pre,-1,0.03997252662427231
mistral-small-24b,g24a_fever_115773,base,-1,0.08330005645530522
mistral-small-24b,g24a_fever_115773,exclude_post,-1,0.02481960565488384
mistral-small-24b,g24a_fever_115773,exclude_pre,-1,0.03872547119467827
mistral-small-24b,g24a_fever_115940,admit_post,1,99.68459763530761
mistral-small-24b,g24a_fever_115940,admit_pre,1,99.61149648689359
mistral-small-24b,g24a_fever_115940,base,1,99.5568548890978
mistral-small-24b,g24a_fever_115940,exclude_post,1,28.75010727277369
mistral-small-24b,g24a_fever_115940,exclude_pre,1,17.207405909046795
mistral-small-24b,g24a_fever_115989,admit_post,-1,0.03307777732420043
mistral-small-24b,g24a_fever_115989,admit_pre,-1,0.09540170066815447
mistral-small-24b,g24a_fever_115989,base,-1,0.47302867510138324
mistral-small-24b,g24a_fever_115989,exclude_post,-1,5.830287445941488
mistral-small-24b,g24a_fever_115989,exclude_pre,-1,0.052758566108548455
mistral-small-24b,g24a_fever_116715,admit_post,1,3.052634281666319
mistral-small-24b,g24a_fever_116715,admit_pre,1,5.574963659467618
mistral-small-24b,g24a_fever_116715,base,1,2.2597366614967918
mistral-small-24b,g24a_fever_116715,exclude_post,1,3.117766386951824
mistral-small-24b,g24a_fever_116715,exclude_pre,1,1.358355627456067
mistral-small-24b,g24a_fever_117380,admit_post,1,99.67609945311459
mistral-small-24b,g24a_fever_117380,admit_pre,1,99.62700932849539
mistral-small-24b,g24a_fever_117380,base,1,99.80381118470994
mistral-small-24b,g24a_fever_117380,exclude_post,1,18.720353683905874
mistral-small-24b,g24a_fever_117380,exclude_pre,1,98.69985690095986
mistral-small-24b,g24a_fever_118442,admit_post,-1,6.385287436804265
mistral-small-24b,g24a_fever_118442,admit_pre,-1,9.099211055748667
mistral-small-24b,g24a_fever_118442,base,-1,0.08393843629830224
mistral-small-24b,g24a_fever_118442,exclude_post,-1,1.5437743550256515
mistral-small-24b,g24a_fever_118442,exclude_pre,-1,35.74843858951275
mistral-small-24b,g24a_fever_118708,admit_post,1,99.64446499904942
mistral-small-24b,g24a_fever_118708,admit_pre,1,99.56728588465076
mistral-small-24b,g24a_fever_118708,base,1,99.70288135366593
mistral-small-24b,g24a_fever_118708,exclude_post,1,22.84952829693513
mistral-small-24b,g24a_fever_118708,exclude_pre,1,0.11680172536769101
mistral-small-24b,g24a_fever_118842,admit_post,-1,85.81083461159147
mistral-small-24b,g24a_fever_118842,admit_pre,-1,9.024725067561945
mistral-small-24b,g24a_fever_118842,base,-1,1.9279767319546086
mistral-small-24b,g24a_fever_118842,exclude_post,-1,6.887071407392757
mistral-small-24b,g24a_fever_118842,exclude_pre,-1,13.962163314759076
mistral-small-24b,g24a_fever_119630,admit_post,1,99.81427288835572
mistral-small-24b,g24a_fever_119630,admit_pre,1,99.77505111983186
mistral-small-24b,g24a_fever_119630,base,1,99.85596782819854
mistral-small-24b,g24a_fever_119630,exclude_post,1,99.00382212394624
mistral-small-24b,g24a_fever_119630,exclude_pre,1,96.28750670147627
mistral-small-24b,g24a_fever_120704,admit_post,-1,0.053207735430349345
mistral-small-24b,g24a_fever_120704,admit_pre,-1,0.07213187676948968
mistral-small-24b,g24a_fever_120704,base,-1,0.15145232888386215
mistral-small-24b,g24a_fever_120704,exclude_post,-1,0.19600097325443563
mistral-small-24b,g24a_fever_120704,exclude_pre,-1,0.1883536287124098
mistral-small-24b,g24a_fever_121238,admit_post,-1,8.654319581104907
mistral-small-24b,g24a_fever_121238,admit_pre,-1,11.137242267008903
mistral-small-24b,g24a_fever_121238,base,-1,40.91099143260635
mistral-small-24b,g24a_fever_121238,exclude_post,-1,28.506252834897364
mistral-small-24b,g24a_fever_121238,exclude_pre,-1,33.60224101667485
mistral-small-24b,g24a_fever_121283,admit_post,-1,0.02699527802788945
mistral-small-24b,g24a_fever_121283,admit_pre,-1,0.035949468226211055
mistral-small-24b,g24a_fever_121283,base,-1,0.03384899267194761
mistral-small-24b,g24a_fever_121283,exclude_post,-1,0.060530168360223006
mistral-small-24b,g24a_fever_121283,exclude_pre,-1,0.04615109706090556
mistral-small-24b,g24a_fever_122006,admit_post,1,89.91504012453646
mistral-small-24b,g24a_fever_122006,admit_pre,1,85.52539277224595
mistral-small-24b,g24a_fever_122006,base,1,74.17636963967422
mistral-small-24b,g24a_fever_122006,exclude_post,1,32.34497401307308
mistral-small-24b,g24a_fever_122006,exclude_pre,1,79.43646091079826
mistral-small-24b,g24a_fever_12204,admit_post,1,99.02266030008583
mistral-small-24b,g24a_fever_12204,admit_pre,1,99.88730005099701
mistral-small-24b,g24a_fever_12204,base,1,99.8190175957553
mistral-small-24b,g24a_fever_12204,exclude_post,1,22.541381358472083
mistral-small-24b,g24a_fever_12204,exclude_pre,1,91.4666983939376
mistral-small-24b,g24a_fever_122343,admit_post,-1,0.02443937655490847
mistral-small-24b,g24a_fever_122343,admit_pre,-1,0.07785878244207835
mistral-small-24b,g24a_fever_122343,base,-1,0.12656257163533563
mistral-small-24b,g24a_fever_122343,exclude_post,-1,0.07319007558932476
mistral-small-24b,g24a_fever_122343,exclude_pre,-1,0.3278916161692213
mistral-small-24b,g24a_fever_122650,admit_post,1,42.923381757283735
mistral-small-24b,g24a_fever_122650,admit_pre,1,78.18549794978713
mistral-small-24b,g24a_fever_122650,base,1,71.38572359900196
mistral-small-24b,g24a_fever_122650,exclude_post,1,31.401276363056624
mistral-small-24b,g24a_fever_122650,exclude_pre,1,65.98543016985802
mistral-small-24b,g24a_fever_122744,admit_post,-1,0.11358073269248489
mistral-small-24b,g24a_fever_122744,admit_pre,-1,0.15514668965086678
mistral-small-24b,g24a_fever_122744,base,-1,12.353343799581737
mistral-small-24b,g24a_fever_122744,exclude_post,-1,0.23417990907422415
mistral-small-24b,g24a_fever_122744,exclude_pre,-1,7.654621714981159
mistral-small-24b,g24a_fever_122977,admit_post,1,99.17203456048725
mistral-small-24b,g24a_fever_122977,admit_pre,1,99.2615118381834
mistral-small-24b,g24a_fever_122977,base,1,99.75038271819167
mistral-small-24b,g24a_fever_122977,exclude_post,1,14.809331450656348
mistral-small-24b,g24a_fever_122977,exclude_pre,1,50.19765420395944
mistral-small-24b,g24a_fever_123364,admit_post,1,98.39652969568347
mistral-small-24b,g24a_fever_123364,admit_pre,1,99.81905552545435
mistral-small-24b,g24a_fever_123364,base,1,99.67105034989623
mistral-small-24b,g24a_fever_123364,exclude_post,1,58.98866163022951
mistral-small-24b,g24a_fever_123364,exclude_pre,1,53.88207204539818
mistral-small-24b,g24a_fever_123833,admit_post,-1,1.3780738464465978
mistral-small-24b,g24a_fever_123833,admit_pre,-1,2.656823602164954
mistral-small-24b,g24a_fever_123833,base,-1,0.275888047988564
mistral-small-24b,g24a_fever_123833,exclude_post,-1,0.16942537231762778
mistral-small-24b,g24a_fever_123833,exclude_pre,-1,30.000019472493776
mistral-small-24b,g24a_fever_124021,admit_post,1,99.92154041347709
mistral-small-24b,g24a_fever_124021,admit_pre,1,99.90915809361928
mistral-small-24b,g24a_fever_124021,base,1,99.92161433438937
mistral-small-24b,g24a_fever_124021,exclude_post,1,98.25659091339467
mistral-small-24b,g24a_fever_124021,exclude_pre,1,99.64884841730067
mistral-small-24b,g24a_fever_126799,admit_post,-1,2.3014283306935486
mistral-small-24b,g24a_fever_126799,admit_pre,-1,2.747599723061452
mistral-small-24b,g24a_fever_126799,base,-1,0.8851720124444371
mistral-small-24b,g24a_fever_126799,exclude_post,-1,7.345510868848267
mistral-small-24b,g24a_fever_126799,exclude_pre,-1,0.5065549495926428
mistral-small-24b,g24a_fever_12843,admit_post,1,99.76738462184574
mistral-small-24b,g24a_fever_12843,admit_pre,1,99.76851169369863
mistral-small-24b,g24a_fever_12843,base,1,91.4910273727093
mistral-small-24b,g24a_fever_12843,exclude_post,1,17.60853158056078
mistral-small-24b,g24a_fever_12843,exclude_pre,1,64.92370574837344
mistral-small-24b,g24a_fever_128454,admit_post,-1,7.077050732657535
mistral-small-24b,g24a_fever_128454,admit_pre,-1,5.260401421431129
mistral-small-24b,g24a_fever_128454,base,-1,6.231892847693622
mistral-small-24b,g24a_fever_128454,exclude_post,-1,2.505601624598734
mistral-small-24b,g24a_fever_128454,exclude_pre,-1,1.9994822737900744
mistral-small-24b,g24a_fever_128807,admit_post,1,99.95880626303699
mistral-small-24b,g24a_fever_128807,admit_pre,1,99.93487853983626
mistral-small-24b,g24a_fever_128807,base,1,90.21016472914481
mistral-small-24b,g24a_fever_128807,exclude_post,1,79.85817463376051
mistral-small-24b,g24a_fever_128807,exclude_pre,1,99.94256040469935
mistral-small-24b,g24a_fever_129420,admit_post,1,99.29161973617349
mistral-small-24b,g24a_fever_129420,admit_pre,1,99.18939008163724
mistral-small-24b,g24a_fever_129420,base,1,99.3189480941358
mistral-small-24b,g24a_fever_129420,exclude_post,1,96.91570619954136
mistral-small-24b,g24a_fever_129420,exclude_pre,1,97.16400269320292
mistral-small-24b,g24a_fever_129517,admit_post,-1,0.05635675827721329
mistral-small-24b,g24a_fever_129517,admit_pre,-1,7.290435331275755
mistral-small-24b,g24a_fever_129517,base,-1,0.47103074745165596
mistral-small-24b,g24a_fever_129517,exclude_post,-1,23.224286350562576
mistral-small-24b,g24a_fever_129517,exclude_pre,-1,9.71072828295419
mistral-small-24b,g24a_fever_130204,admit_post,-1,0.23923703300214352
mistral-small-24b,g24a_fever_130204,admit_pre,-1,0.3815943580637585
mistral-small-24b,g24a_fever_130204,base,-1,10.853616281496773
mistral-small-24b,g24a_fever_130204,exclude_post,-1,27.55116717395299
mistral-small-24b,g24a_fever_130204,exclude_pre,-1,10.195856114631773
mistral-small-24b,g24a_fever_130978,admit_post,-1,2.7989060280841964
mistral-small-24b,g24a_fever_130978,admit_pre,-1,8.063020106265347
mistral-small-24b,g24a_fever_130978,base,-1,17.242473275976355
mistral-small-24b,g24a_fever_130978,exclude_post,-1,5.877532153299873
mistral-small-24b,g24a_fever_130978,exclude_pre,-1,2.9186968956981243
mistral-small-24b,g24a_fever_131250,admit_post,-1,0.3792678750770462
mistral-small-24b,g24a_fever_131250,admit_pre,-1,0.4808392986698941
mistral-small-24b,g24a_fever_131250,base,-1,0.26641080665903183
mistral-small-24b,g24a_fever_131250,exclude_post,-1,37.36230186135846
mistral-small-24b,g24a_fever_131250,exclude_pre,-1,4.355943367362833
mistral-small-24b,g24a_fever_13212,admit_post,-1,0.03856443266128617
mistral-small-24b,g24a_fever_13212,admit_pre,-1,0.04733684983735423
mistral-small-24b,g24a_fever_13212,base,-1,0.25123393780954534
mistral-small-24b,g24a_fever_13212,exclude_post,-1,0.13307209844156145
mistral-small-24b,g24a_fever_13212,exclude_pre,-1,0.05313427969382038
mistral-small-24b,g24a_fever_132619,admit_post,1,94.52539666771109
mistral-small-24b,g24a_fever_132619,admit_pre,1,98.94658126366056
mistral-small-24b,g24a_fever_132619,base,1,98.28078431338642
mistral-small-24b,g24a_fever_132619,exclude_post,1,20.276266457515696
mistral-small-24b,g24a_fever_132619,exclude_pre,1,93.68630202308057
mistral-small-24b,g24a_fever_133233,admit_post,1,99.40263176001643
mistral-small-24b,g24a_fever_133233,admit_pre,1,99.64306715221346
mistral-small-24b,g24a_fever_133233,base,1,99.87258161946137
mistral-small-24b,g24a_fever_133233,exclude_post,1,26.371023468452165
mistral-small-24b,g24a_fever_133233,exclude_pre,1,61.11991466884787
mistral-small-24b,g24a_fever_133512,admit_post,-1,0.24310438257525982
mistral-small-24b,g24a_fever_133512,admit_pre,-1,0.04747664242967357
mistral-small-24b,g24a_fever_133512,base,-1,0.050327085738449975
mistral-small-24b,g24a_fever_133512,exclude_post,-1,1.9464773241708135
mistral-small-24b,g24a_fever_133512,exclude_pre,-1,1.9983872778760323
mistral-small-24b,g24a_fever_134344,admit_post,1,99.9624413730281
mistral-small-24b,g24a_fever_134344,admit_pre,1,99.96370567856862
mistral-small-24b,g24a_fever_134344,base,1,99.89910499889712
mistral-small-24b,g24a_fever_134344,exclude_post,1,25.863651315763658
mistral-small-24b,g24a_fever_134344,exclude_pre,1,99.91508389384096
mistral-small-24b,g24a_fever_134908,admit_post,-1,0.14902839190490116
mistral-small-24b,g24a_fever_134908,admit_pre,-1,0.08849051562867578
mistral-small-24b,g24a_fever_134908,base,-1,5.1103019535535985
mistral-small-24b,g24a_fever_134908,exclude_post,-1,0.06645074673867873
mistral-small-24b,g24a_fever_134908,exclude_pre,-1,0.5070842280930182
mistral-small-24b,g24a_fever_135572,admit_post,-1,0.08988580694745517
mistral-small-24b,g24a_fever_135572,admit_pre,-1,0.08370311489397458
mistral-small-24b,g24a_fever_135572,base,-1,0.4739912274569256
mistral-small-24b,g24a_fever_135572,exclude_post,-1,8.574542197660806
mistral-small-24b,g24a_fever_135572,exclude_pre,-1,9.860615409600062
mistral-small-24b,g24a_fever_136578,admit_post,-1,10.833227864418996
mistral-small-24b,g24a_fever_136578,admit_pre,-1,9.811448295519376
mistral-small-24b,g24a_fever_136578,base,-1,0.9951650074964634
mistral-small-24b,g24a_fever_136578,exclude_post,-1,0.4117853469960902
mistral-small-24b,g24a_fever_136578,exclude_pre,-1,6.8188660353943344
mistral-small-24b,g24a_fever_136853,admit_post,-1,0.09790889311770888
mistral-small-24b,g24a_fever_136853,admit_pre,-1,0.348120719522128
mistral-small-24b,g24a_fever_136853,base,-1,0.06059974900313579
mistral-small-24b,g24a_fever_136853,exclude_post,-1,0.11596939980179137
mistral-small-24b,g24a_fever_136853,exclude_pre,-1,0.25044792000076255
mistral-small-24b,g24a_fever_137173,admit_post,-1,7.24886866210307
mistral-small-24b,g24a_fever_137173,admit_pre,-1,0.05798954233033041
mistral-small-24b,g24a_fever_137173,base,-1,11.844484212146064
mistral-small-24b,g24a_fever_137173,exclude_post,-1,24.2450335503228
mistral-small-24b,g24a_fever_137173,exclude_pre,-1,35.6609314629398
mistral-small-24b,g24a_fever_137210,admit_post,-1,0.4719246950331601
mistral-small-24b,g24a_fever_137210,admit_pre,-1,0.33634589135838133
mistral-small-24b,g24a_fever_137210,base,-1,8.215033794147686
mistral-small-24b,g24a_fever_137210,exclude_post,-1,3.6943608837071054
mistral-small-24b,g24a_fever_137210,exclude_pre,-1,7.974078802684171
mistral-small-24b,g24a_fever_137706,admit_post,1,78.29214422624325
mistral-small-24b,g24a_fever_137706,admit_pre,1,77.53453520285295
mistral-small-24b,g24a_fever_137706,base,1,99.5724501103976
mistral-small-24b,g24a_fever_137706,exclude_post,1,83.65984595751472
mistral-small-24b,g24a_fever_137706,exclude_pre,1,82.14186986506411
mistral-small-24b,g24a_fever_13829,admit_post,1,92.58509094385178
mistral-small-24b,g24a_fever_13829,admit_pre,1,92.48870841271321
mistral-small-24b,g24a_fever_13829,base,1,98.60596687643718
mistral-small-24b,g24a_fever_13829,exclude_post,1,28.453867408250737
mistral-small-24b,g24a_fever_13829,exclude_pre,1,38.59039990150642
mistral-small-24b,g24a_fever_138865,admit_post,-1,0.061038819193939414
mistral-small-24b,g24a_fever_138865,admit_pre,-1,0.0733433318575058
mistral-small-24b,g24a_fever_138865,base,-1,0.7714155113357619
mistral-small-24b,g24a_fever_138865,exclude_post,-1,0.24871681880670662
mistral-small-24b,g24a_fever_138865,exclude_pre,-1,30.25083303217935
mistral-small-24b,g24a_fever_141159,admit_post,-1,7.27168886829664
mistral-small-24b,g24a_fever_141159,admit_pre,-1,0.062276280402342184
mistral-small-24b,g24a_fever_141159,base,-1,1.6112599490097466
mistral-small-24b,g24a_fever_141159,exclude_post,-1,1.975873296115006
mistral-small-24b,g24a_fever_141159,exclude_pre,-1,3.6002345657947674
mistral-small-24b,g24a_fever_141268,admit_post,1,99.89905544583283
mistral-small-24b,g24a_fever_141268,admit_pre,1,99.85820570293708
mistral-small-24b,g24a_fever_141268,base,1,96.80469380396725
mistral-small-24b,g24a_fever_141268,exclude_post,1,29.024390442891406
mistral-small-24b,g24a_fever_141268,exclude_pre,1,69.87132062046781
mistral-small-24b,g24a_fever_1423,admit_post,1,99.9252836329025
mistral-small-24b,g24a_fever_1423,admit_pre,1,99.9067489038876
mistral-small-24b,g24a_fever_1423,base,1,32.10882554187227
mistral-small-24b,g24a_fever_1423,exclude_post,1,14.621131375669453
mistral-small-24b,g24a_fever_1423,exclude_pre,1,26.617792873190865
mistral-small-24b,g24a_fever_142854,admit_post,1,99.91458270790187
mistral-small-24b,g24a_fever_142854,admit_pre,1,99.76529808366125
mistral-small-24b,g24a_fever_142854,base,1,10.901079051879655
mistral-small-24b,g24a_fever_142854,exclude_post,1,27.17464993908149
mistral-small-24b,g24a_fever_142854,exclude_pre,1,18.991162600617717
mistral-small-24b,g24a_fever_143011,admit_post,-1,7.669927574871797
mistral-small-24b,g24a_fever_143011,admit_pre,-1,9.201339619496643
mistral-small-24b,g24a_fever_143011,base,-1,99.34990656128059
mistral-small-24b,g24a_fever_143011,exclude_post,-1,13.58307003390109
mistral-small-24b,g24a_fever_143011,exclude_pre,-1,0.9082947148399404
mistral-small-24b,g24a_fever_14388,admit_post,1,94.99242022803531
mistral-small-24b,g24a_fever_14388,admit_pre,1,99.52467577602754
mistral-small-24b,g24a_fever_14388,base,1,89.1508748857869
mistral-small-24b,g24a_fever_14388,exclude_post,1,34.385258319572316
mistral-small-24b,g24a_fever_14388,exclude_pre,1,86.01741791582444
mistral-small-24b,g24a_fever_144725,admit_post,-1,0.07471646069196491
mistral-small-24b,g24a_fever_144725,admit_pre,-1,0.08962217786164167
mistral-small-24b,g24a_fever_144725,base,-1,2.656243392604447
mistral-small-24b,g24a_fever_144725,exclude_post,-1,17.770415310586493
mistral-small-24b,g24a_fever_144725,exclude_pre,-1,18.301519837708952
mistral-small-24b,g24a_fever_146361,admit_post,1,98.7248102594777
mistral-small-24b,g24a_fever_146361,admit_pre,1,98.5541756354479
mistral-small-24b,g24a_fever_146361,base,1,99.6737161398664
mistral-small-24b,g24a_fever_146361,exclude_post,1,25.62567395544771
mistral-small-24b,g24a_fever_146361,exclude_pre,1,25.195000706929406
mistral-small-24b,g24a_fever_146639,admit_post,1,99.1395266332558
mistral-small-24b,g24a_fever_146639,admit_pre,1,98.80081537774052
mistral-small-24b,g24a_fever_146639,base,1,99.79081857312796
mistral-small-24b,g24a_fever_146639,exclude_post,1,36.46035771024101
mistral-small-24b,g24a_fever_146639,exclude_pre,1,31.612710872745748
mistral-small-24b,g24a_fever_147158,admit_post,1,99.08810232243542
mistral-small-24b,g24a_fever_147158,admit_pre,1,99.86833708377452
mistral-small-24b,g24a_fever_147158,base,1,99.7494414948682
mistral-small-24b,g24a_fever_147158,exclude_post,1,34.792522753368395
mistral-small-24b,g24a_fever_147158,exclude_pre,1,83.27140038042874
mistral-small-24b,g24a_fever_147530,admit_post,-1,3.217368727105888
mistral-small-24b,g24a_fever_147530,admit_pre,-1,6.322548652746662
mistral-small-24b,g24a_fever_147530,base,-1,0.23568768541625518
mistral-small-24b,g24a_fever_147530,exclude_post,-1,0.21150435698085354
mistral-small-24b,g24a_fever_147530,exclude_pre,-1,0.2733883664410579
mistral-small-24b,g24a_fever_148149,admit_post,-1,0.047535906438864184
mistral-small-24b,g24a_fever_148149,admit_pre,-1,0.05628420526955575
mistral-small-24b,g24a_fever_148149,base,-1,1.0882074820907321
mistral-small-24b,g24a_fever_148149,exclude_post,-1,0.04949313655339441
mistral-small-24b,g24a_fever_148149,exclude_pre,-1,0.0852087421968784
mistral-small-24b,g24a_fever_148244,admit_post,1,99.95210522861012
mistral-small-24b,g24a_fever_148244,admit_pre,1,99.96456652974952
mistral-small-24b,g24a_fever_148244,base,1,99.83140528343773
mistral-small-24b,g24a_fever_148244,exclude_post,1,96.3940626085491
mistral-small-24b,g24a_fever_148244,exclude_pre,1,25.676217779397227
mistral-small-24b,g24a_fever_148309,admit_post,-1,0.8731493432490809
mistral-small-24b,g24a_fever_148309,admit_pre,-1,0.47618886355639223
mistral-small-24b,g24a_fever_148309,base,-1,0.3605298835235897
mistral-small-24b,g24a_fever_148309,exclude_post,-1,0.10597541694517128
mistral-small-24b,g24a_fever_148309,exclude_pre,-1,0.42148498318692385
mistral-small-24b,g24a_fever_148599,admit_post,1,94.63701024994451
mistral-small-24b,g24a_fever_148599,admit_pre,1,94.29663439044351
mistral-small-24b,g24a_fever_148599,base,1,95.91094353077602
mistral-small-24b,g24a_fever_148599,exclude_post,1,8.053665388294947
mistral-small-24b,g24a_fever_148599,exclude_pre,1,78.33537818748943
mistral-small-24b,g24a_fever_148610,admit_post,-1,0.05201102635965899
mistral-small-24b,g24a_fever_148610,admit_pre,-1,0.04383511464428855
mistral-small-24b,g24a_fever_148610,base,-1,0.5751524919008694
mistral-small-24b,g24a_fever_148610,exclude_post,-1,8.271377852770279
mistral-small-24b,g24a_fever_148610,exclude_pre,-1,8.625913790444718
mistral-small-24b,g24a_fever_149436,admit_post,-1,0.03996161777145474
mistral-small-24b,g24a_fever_149436,admit_pre,-1,0.05427327365116937
mistral-small-24b,g24a_fever_149436,base,-1,0.23024164444907347
mistral-small-24b,g24a_fever_149436,exclude_post,-1,2.096726220098029
mistral-small-24b,g24a_fever_149436,exclude_pre,-1,0.044144428483033606
mistral-small-24b,g24a_fever_150192,admit_post,-1,0.25280369840291095
mistral-small-24b,g24a_fever_150192,admit_pre,-1,0.5013937346506854
mistral-small-24b,g24a_fever_150192,base,-1,0.6592042379057206
mistral-small-24b,g24a_fever_150192,exclude_post,-1,37.234560821407634
mistral-small-24b,g24a_fever_150192,exclude_pre,-1,40.352038204441534
mistral-small-24b,g24a_fever_151483,admit_post,1,87.65619850283008
mistral-small-24b,g24a_fever_151483,admit_pre,1,97.82353312128566
mistral-small-24b,g24a_fever_151483,base,1,98.4354077226915
mistral-small-24b,g24a_fever_151483,exclude_post,1,24.066926695279587
mistral-small-24b,g24a_fever_151483,exclude_pre,1,46.74274834472662
mistral-small-24b,g24a_fever_152133,admit_post,-1,5.727138665635199
mistral-small-24b,g24a_fever_152133,admit_pre,-1,5.969513058270568
mistral-small-24b,g24a_fever_152133,base,-1,86.06496707253912
mistral-small-24b,g24a_fever_152133,exclude_post,-1,5.991638150893134
mistral-small-24b,g24a_fever_152133,exclude_pre,-1,41.399172275372756
mistral-small-24b,g24a_fever_152422,admit_post,-1,0.20384055767018955
mistral-small-24b,g24a_fever_152422,admit_pre,-1,0.39325526306126557
mistral-small-24b,g24a_fever_152422,base,-1,0.4278437104809583
mistral-small-24b,g24a_fever_152422,exclude_post,-1,0.260851084675046
mistral-small-24b,g24a_fever_152422,exclude_pre,-1,34.29529315924375
mistral-small-24b,g24a_fever_152680,admit_post,-1,2.1543749599978947
mistral-small-24b,g24a_fever_152680,admit_pre,-1,2.9644370372680924
mistral-small-24b,g24a_fever_152680,base,-1,0.5525696482706234
mistral-small-24b,g24a_fever_152680,exclude_post,-1,28.633902889966382
mistral-small-24b,g24a_fever_152680,exclude_pre,-1,48.06401553297786
mistral-small-24b,g24a_fever_153543,admit_post,1,97.43457553601154
mistral-small-24b,g24a_fever_153543,admit_pre,1,96.00214014041083
mistral-small-24b,g24a_fever_153543,base,1,99.81178976350621
mistral-small-24b,g24a_fever_153543,exclude_post,1,21.44362220952637
mistral-small-24b,g24a_fever_153543,exclude_pre,1,97.98385342331633
mistral-small-24b,g24a_fever_153914,admit_post,-1,0.11118328495584079
mistral-small-24b,g24a_fever_153914,admit_pre,-1,0.14370897898793653
mistral-small-24b,g24a_fever_153914,base,-1,0.30393921624579473
mistral-small-24b,g24a_fever_153914,exclude_post,-1,7.4821055810157056
mistral-small-24b,g24a_fever_153914,exclude_pre,-1,0.14561702665085574
mistral-small-24b,g24a_fever_154608,admit_post,-1,0.050021883618046076
mistral-small-24b,g24a_fever_154608,admit_pre,-1,0.05274271845500692
mistral-small-24b,g24a_fever_154608,base,-1,0.0560484158891958
mistral-small-24b,g24a_fever_154608,exclude_post,-1,21.35564312682732
mistral-small-24b,g24a_fever_154608,exclude_pre,-1,0.16275786487485566
mistral-small-24b,g24a_fever_154919,admit_post,-1,4.300075055192769
mistral-small-24b,g24a_fever_154919,admit_pre,-1,0.27024048202583023
mistral-small-24b,g24a_fever_154919,base,-1,4.318068322071093
mistral-small-24b,g24a_fever_154919,exclude_post,-1,22.48166969087959
mistral-small-24b,g24a_fever_154919,exclude_pre,-1,1.9729392620517041
mistral-small-24b,g24a_fever_155484,admit_post,1,99.76001098903208
mistral-small-24b,g24a_fever_155484,admit_pre,1,99.6930119529239
mistral-small-24b,g24a_fever_155484,base,1,99.2878502732122
mistral-small-24b,g24a_fever_155484,exclude_post,1,10.316153642968418
mistral-small-24b,g24a_fever_155484,exclude_pre,1,18.87236146739739
mistral-small-24b,g24a_fever_155725,admit_post,1,99.87957537252096
mistral-small-24b,g24a_fever_155725,admit_pre,1,99.89626092848931
mistral-small-24b,g24a_fever_155725,base,1,96.8567233055533
mistral-small-24b,g24a_fever_155725,exclude_post,1,30.22236104025379
mistral-small-24b,g24a_fever_155725,exclude_pre,1,25.331792258624628
mistral-small-24b,g24a_fever_155911,admit_post,1,99.83951940716724
mistral-small-24b,g24a_fever_155911,admit_pre,1,99.81486256877336
mistral-small-24b,g24a_fever_155911,base,1,78.6102119072909
mistral-small-24b,g24a_fever_155911,exclude_post,1,36.09715911728346
mistral-small-24b,g24a_fever_155911,exclude_pre,1,33.80244675635002
mistral-small-24b,g24a_fever_156128,admit_post,1,99.38563915303607
mistral-small-24b,g24a_fever_156128,admit_pre,1,99.89147911115727
mistral-small-24b,g24a_fever_156128,base,1,99.53273417146609
mistral-small-24b,g24a_fever_156128,exclude_post,1,25.112558975078795
mistral-small-24b,g24a_fever_156128,exclude_pre,1,99.03576065166882
mistral-small-24b,g24a_fever_1577,admit_post,1,99.10431437671603
mistral-small-24b,g24a_fever_1577,admit_pre,1,99.35230904472117
mistral-small-24b,g24a_fever_1577,base,1,99.6549361786721
mistral-small-24b,g24a_fever_1577,exclude_post,1,47.07127565419626
mistral-small-24b,g24a_fever_1577,exclude_pre,1,84.38622063802174
mistral-small-24b,g24a_fever_15834,admit_post,1,99.90614503182684
mistral-small-24b,g24a_fever_15834,admit_pre,1,99.85385006068313
mistral-small-24b,g24a_fever_15834,base,1,21.916310361218674
mistral-small-24b,g24a_fever_15834,exclude_post,1,24.190035485194993
mistral-small-24b,g24a_fever_15834,exclude_pre,1,46.106921932847676
mistral-small-24b,g24a_fever_158425,admit_post,-1,5.942689649771746
mistral-small-24b,g24a_fever_158425,admit_pre,-1,5.243319779193389
mistral-small-24b,g24a_fever_158425,base,-1,10.093626678945432
mistral-small-24b,g24a_fever_158425,exclude_post,-1,4.354270628332956
mistral-small-24b,g24a_fever_158425,exclude_pre,-1,7.739003989387537
mistral-small-24b,g24a_fever_159570,admit_post,-1,7.549952013938644
mistral-small-24b,g24a_fever_159570,admit_pre,-1,0.09189937095246044
mistral-small-24b,g24a_fever_159570,base,-1,0.04376496943408977
mistral-small-24b,g24a_fever_159570,exclude_post,-1,3.1336364944130985
mistral-small-24b,g24a_fever_159570,exclude_pre,-1,3.7207120801740836
mistral-small-24b,g24a_fever_160060,admit_post,1,97.99171468879518
mistral-small-24b,g24a_fever_160060,admit_pre,1,97.76772499295973
mistral-small-24b,g24a_fever_160060,base,1,96.59278042340578
mistral-small-24b,g24a_fever_160060,exclude_post,1,18.680571779368783
mistral-small-24b,g24a_fever_160060,exclude_pre,1,58.37158146108628
mistral-small-24b,g24a_fever_16070,admit_post,-1,0.05256623619074366
mistral-small-24b,g24a_fever_16070,admit_pre,-1,0.08583372940198573
mistral-small-24b,g24a_fever_16070,base,-1,0.5376203285698273
mistral-small-24b,g24a_fever_16070,exclude_post,-1,0.12491572700721171
mistral-small-24b,g24a_fever_16070,exclude_pre,-1,3.175246674510864
mistral-small-24b,g24a_fever_160814,admit_post,1,99.92952742528172
mistral-small-24b,g24a_fever_160814,admit_pre,1,99.91211828918667
mistral-small-24b,g24a_fever_160814,base,1,99.81937746132817
mistral-small-24b,g24a_fever_160814,exclude_post,1,25.985089681296422
mistral-small-24b,g24a_fever_160814,exclude_pre,1,99.88673058575542
mistral-small-24b,g24a_fever_160927,admit_post,-1,4.886592207599049
mistral-small-24b,g24a_fever_160927,admit_pre,-1,0.061720634085381545
mistral-small-24b,g24a_fever_160927,base,-1,1.362562718773927
mistral-small-24b,g24a_fever_160927,exclude_post,-1,4.7198051607580265
mistral-small-24b,g24a_fever_160927,exclude_pre,-1,6.273488176932882
mistral-small-24b,g24a_fever_161047,admit_post,-1,7.252674329105399
mistral-small-24b,g24a_fever_161047,admit_pre,-1,5.882690398721033
mistral-small-24b,g24a_fever_161047,base,-1,0.642554500021685
mistral-small-24b,g24a_fever_161047,exclude_post,-1,7.5798725944067815
mistral-small-24b,g24a_fever_161047,exclude_pre,-1,22.686361220132014
mistral-small-24b,g24a_fever_162835,admit_post,1,99.97446858852487
mistral-small-24b,g24a_fever_162835,admit_pre,1,99.96878838276899
mistral-small-24b,g24a_fever_162835,base,1,99.90821683020746
mistral-small-24b,g24a_fever_162835,exclude_post,1,32.52954163540879
mistral-small-24b,g24a_fever_162835,exclude_pre,1,44.396691750112474
mistral-small-24b,g24a_fever_162881,admit_post,1,91.10188143239957
mistral-small-24b,g24a_fever_162881,admit_pre,1,90.33748645606995
mistral-small-24b,g24a_fever_162881,base,1,88.86883123327192
mistral-small-24b,g24a_fever_162881,exclude_post,1,6.234046580015938
mistral-small-24b,g24a_fever_162881,exclude_pre,1,76.38359300951932
mistral-small-24b,g24a_fever_165870,admit_post,-1,0.08802857727853675
mistral-small-24b,g24a_fever_165870,admit_pre,-1,0.10266506041445815
mistral-small-24b,g24a_fever_165870,base,-1,30.221945736974405
mistral-small-24b,g24a_fever_165870,exclude_post,-1,32.110558076351
mistral-small-24b,g24a_fever_165870,exclude_pre,-1,92.19615398807404
mistral-small-24b,g24a_fever_165901,admit_post,-1,0.052917200992596204
mistral-small-24b,g24a_fever_165901,admit_pre,-1,0.05607884567420328
mistral-small-24b,g24a_fever_165901,base,-1,0.48070450425996675
mistral-small-24b,g24a_fever_165901,exclude_post,-1,10.847124156734544
mistral-small-24b,g24a_fever_165901,exclude_pre,-1,10.898327084405377
mistral-small-24b,g24a_fever_165904,admit_post,1,99.34232407634515
mistral-small-24b,g24a_fever_165904,admit_pre,1,98.98410521497493
mistral-small-24b,g24a_fever_165904,base,1,93.77436260864653
mistral-small-24b,g24a_fever_165904,exclude_post,1,21.367943179136617
mistral-small-24b,g24a_fever_165904,exclude_pre,1,59.670590533815385
mistral-small-24b,g24a_fever_168064,admit_post,1,91.38833081896716
mistral-small-24b,g24a_fever_168064,admit_pre,1,92.25518264979073
mistral-small-24b,g24a_fever_168064,base,1,99.83278858797487
mistral-small-24b,g24a_fever_168064,exclude_post,1,36.151867713269866
mistral-small-24b,g24a_fever_168064,exclude_pre,1,98.23562088925026
mistral-small-24b,g24a_fever_168073,admit_post,1,99.56020838840772
mistral-small-24b,g24a_fever_168073,admit_pre,1,99.63291424542078
mistral-small-24b,g24a_fever_168073,base,1,99.1102625244893
mistral-small-24b,g24a_fever_168073,exclude_post,1,13.781836886286941
mistral-small-24b,g24a_fever_168073,exclude_pre,1,80.14441747241779
mistral-small-24b,g24a_fever_169985,admit_post,-1,0.06303871835160246
mistral-small-24b,g24a_fever_169985,admit_pre,-1,0.05990223268553252
mistral-small-24b,g24a_fever_169985,base,-1,0.49377272416012347
mistral-small-24b,g24a_fever_169985,exclude_post,-1,1.5236563819325035
mistral-small-24b,g24a_fever_169985,exclude_pre,-1,5.202772262693619
mistral-small-24b,g24a_fever_172309,admit_post,1,99.96699647563156
mistral-small-24b,g24a_fever_172309,admit_pre,1,99.92377235246421
mistral-small-24b,g24a_fever_172309,base,1,99.84473766226594
mistral-small-24b,g24a_fever_172309,exclude_post,1,24.383616429925535
mistral-small-24b,g24a_fever_172309,exclude_pre,1,87.3468497622527
mistral-small-24b,g24a_fever_172766,admit_post,-1,0.06060948099773501
mistral-small-24b,g24a_fever_172766,admit_pre,-1,0.06771232472477291
mistral-small-24b,g24a_fever_172766,base,-1,3.9635925431823242
mistral-small-24b,g24a_fever_172766,exclude_post,-1,2.538207509959717
mistral-small-24b,g24a_fever_172766,exclude_pre,-1,5.254769127258842
mistral-small-24b,g24a_fever_172768,admit_post,1,99.80784313490223
mistral-small-24b,g24a_fever_172768,admit_pre,1,99.88389369233052
mistral-small-24b,g24a_fever_172768,base,1,99.71489589175144
mistral-small-24b,g24a_fever_172768,exclude_post,1,35.82378312720232
mistral-small-24b,g24a_fever_172768,exclude_pre,1,59.668394876308575
mistral-small-24b,g24a_fever_174028,admit_post,-1,0.06724986549685866
mistral-small-24b,g24a_fever_174028,admit_pre,-1,0.07124404661317078
mistral-small-24b,g24a_fever_174028,base,-1,0.20344249516979712
mistral-small-24b,g24a_fever_174028,exclude_post,-1,33.66876838727971
mistral-small-24b,g24a_fever_174028,exclude_pre,-1,21.29277112765873
mistral-small-24b,g24a_fever_174034,admit_post,1,99.94214199820327
mistral-small-24b,g24a_fever_174034,admit_pre,1,99.64211093603801
mistral-small-24b,g24a_fever_174034,base,1,86.60618903011691
mistral-small-24b,g24a_fever_174034,exclude_post,1,19.056662183316842
mistral-small-24b,g24a_fever_174034,exclude_pre,1,13.059640961533448
mistral-small-24b,g24a_fever_17410,admit_post,1,97.17530431694907
mistral-small-24b,g24a_fever_17410,admit_pre,1,96.6885078868315
mistral-small-24b,g24a_fever_17410,base,1,85.38255986485652
mistral-small-24b,g24a_fever_17410,exclude_post,1,79.01285461243391
mistral-small-24b,g24a_fever_17410,exclude_pre,1,35.30523153598314
mistral-small-24b,g24a_fever_175462,admit_post,-1,0.04448093728826893
mistral-small-24b,g24a_fever_175462,admit_pre,-1,0.05042291111381611
mistral-small-24b,g24a_fever_175462,base,-1,0.17964596575086386
mistral-small-24b,g24a_fever_175462,exclude_post,-1,5.266656889843332
mistral-small-24b,g24a_fever_175462,exclude_pre,-1,0.04508539895522742
mistral-small-24b,g24a_fever_175879,admit_post,1,99.89003704458821
mistral-small-24b,g24a_fever_175879,admit_pre,1,99.5871890380329
mistral-small-24b,g24a_fever_175879,base,1,99.71702254286305
mistral-small-24b,g24a_fever_175879,exclude_post,1,38.42436030565212
mistral-small-24b,g24a_fever_175879,exclude_pre,1,43.33643564996853
mistral-small-24b,g24a_fever_177858,admit_post,1,99.89167547251988
mistral-small-24b,g24a_fever_177858,admit_pre,1,99.01055219461728
mistral-small-24b,g24a_fever_177858,base,1,22.96306291053823
mistral-small-24b,g24a_fever_177858,exclude_post,1,32.70422825582444
mistral-small-24b,g24a_fever_177858,exclude_pre,1,50.83639717999395
mistral-small-24b,g24a_fever_178167,admit_post,1,99.90474863587552
mistral-small-24b,g24a_fever_178167,admit_pre,1,99.43101603211919
mistral-small-24b,g24a_fever_178167,base,1,99.81965842522308
mistral-small-24b,g24a_fever_178167,exclude_post,1,99.58259620380832
mistral-small-24b,g24a_fever_178167,exclude_pre,1,97.57973836824462
mistral-small-24b,g24a_fever_179816,admit_post,-1,0.1368702050775344
mistral-small-24b,g24a_fever_179816,admit_pre,-1,0.07924300663751133
mistral-small-24b,g24a_fever_179816,base,-1,0.08151463051885494
mistral-small-24b,g24a_fever_179816,exclude_post,-1,4.765665841829913
mistral-small-24b,g24a_fever_179816,exclude_pre,-1,0.5880889538555628
mistral-small-24b,g24a_fever_179819,admit_post,1,99.79143282954665
mistral-small-24b,g24a_fever_179819,admit_pre,1,99.9292710569845
mistral-small-24b,g24a_fever_179819,base,1,99.37720319995591
mistral-small-24b,g24a_fever_179819,exclude_post,1,9.896521797233897
mistral-small-24b,g24a_fever_179819,exclude_pre,1,99.12018583169929
mistral-small-24b,g24a_fever_179834,admit_post,1,99.82638403392242
mistral-small-24b,g24a_fever_179834,admit_pre,1,99.79782445395283
mistral-small-24b,g24a_fever_179834,base,1,99.81204530061656
mistral-small-24b,g24a_fever_179834,exclude_post,1,30.04054244934109
mistral-small-24b,g24a_fever_179834,exclude_pre,1,25.36240409028491
mistral-small-24b,g24a_fever_180691,admit_post,1,99.97042862553457
mistral-small-24b,g24a_fever_180691,admit_pre,1,99.82593705815695
mistral-small-24b,g24a_fever_180691,base,1,99.81812135433557
mistral-small-24b,g24a_fever_180691,exclude_post,1,32.022921674733645
mistral-small-24b,g24a_fever_180691,exclude_pre,1,99.50421270337868
mistral-small-24b,g24a_fever_180702,admit_post,-1,0.06532449833267591
mistral-small-24b,g24a_fever_180702,admit_pre,-1,5.76604375251245
mistral-small-24b,g24a_fever_180702,base,-1,0.4348889560297612
mistral-small-24b,g24a_fever_180702,exclude_post,-1,28.373842254266926
mistral-small-24b,g24a_fever_180702,exclude_pre,-1,28.06262750685928
mistral-small-24b,g24a_fever_18333,admit_post,1,97.11430944820596
mistral-small-24b,g24a_fever_18333,admit_pre,1,93.04240405389992
mistral-small-24b,g24a_fever_18333,base,1,83.61998861681312
mistral-small-24b,g24a_fever_18333,exclude_post,1,41.429965176109945
mistral-small-24b,g24a_fever_18333,exclude_pre,1,46.35263007087697
mistral-small-24b,g24a_fever_183452,admit_post,-1,0.0774629799565189
mistral-small-24b,g24a_fever_183452,admit_pre,-1,0.13543782089668224
mistral-small-24b,g24a_fever_183452,base,-1,0.13890550056795814
mistral-small-24b,g24a_fever_183452,exclude_post,-1,0.03170106274389364
mistral-small-24b,g24a_fever_183452,exclude_pre,-1,2.629543061284043
mistral-small-24b,g24a_fever_184054,admit_post,-1,0.14555420246085135
mistral-small-24b,g24a_fever_184054,admit_pre,-1,0.24871022591237793
mistral-small-24b,g24a_fever_184054,base,-1,1.4684504624173684
mistral-small-24b,g24a_fever_184054,exclude_post,-1,31.162682947989083
mistral-small-24b,g24a_fever_184054,exclude_pre,-1,23.607928580662385
mistral-small-24b,g24a_fever_184066,admit_post,1,99.84071881121844
mistral-small-24b,g24a_fever_184066,admit_pre,1,99.71204761558207
mistral-small-24b,g24a_fever_184066,base,1,99.03227925653357
mistral-small-24b,g24a_fever_184066,exclude_post,1,4.4820684841481135
mistral-small-24b,g24a_fever_184066,exclude_pre,1,38.2926779503453
mistral-small-24b,g24a_fever_184294,admit_post,-1,0.0435164097155981
mistral-small-24b,g24a_fever_184294,admit_pre,-1,0.07368877245225207
mistral-small-24b,g24a_fever_184294,base,-1,0.1592713133224385
mistral-small-24b,g24a_fever_184294,exclude_post,-1,1.1567526960665582
mistral-small-24b,g24a_fever_184294,exclude_pre,-1,0.07520216872742741
mistral-small-24b,g24a_fever_184303,admit_post,-1,4.980148964296448
mistral-small-24b,g24a_fever_184303,admit_pre,-1,0.05801368793703628
mistral-small-24b,g24a_fever_184303,base,-1,0.8159102459255296
mistral-small-24b,g24a_fever_184303,exclude_post,-1,1.847865332919096
mistral-small-24b,g24a_fever_184303,exclude_pre,-1,0.8241874626685546
mistral-small-24b,g24a_fever_184432,admit_post,-1,0.060251113216131046
mistral-small-24b,g24a_fever_184432,admit_pre,-1,0.0730406519717994
mistral-small-24b,g24a_fever_184432,base,-1,1.2559685402764194
mistral-small-24b,g24a_fever_184432,exclude_post,-1,19.749698044848905
mistral-small-24b,g24a_fever_184432,exclude_pre,-1,43.68809414715657
mistral-small-24b,g24a_fever_185177,admit_post,1,95.37312934162726
mistral-small-24b,g24a_fever_185177,admit_pre,1,97.77373945205166
mistral-small-24b,g24a_fever_185177,base,1,89.77205897938367
mistral-small-24b,g24a_fever_185177,exclude_post,1,25.32926032063649
mistral-small-24b,g24a_fever_185177,exclude_pre,1,92.67005434996756
mistral-small-24b,g24a_fever_187119,admit_post,-1,0.07142273580124414
mistral-small-24b,g24a_fever_187119,admit_pre,-1,0.07184975939728183
mistral-small-24b,g24a_fever_187119,base,-1,0.19900915991207638
mistral-small-24b,g24a_fever_187119,exclude_post,-1,6.1135377463407545
mistral-small-24b,g24a_fever_187119,exclude_pre,-1,20.14984556558939
mistral-small-24b,g24a_fever_187323,admit_post,1,99.61813610957948
mistral-small-24b,g24a_fever_187323,admit_pre,1,99.52885293163455
mistral-small-24b,g24a_fever_187323,base,1,99.93097257096287
mistral-small-24b,g24a_fever_187323,exclude_post,1,9.381898763571435
mistral-small-24b,g24a_fever_187323,exclude_pre,1,94.88948474234274
mistral-small-24b,g24a_fever_189710,admit_post,1,98.27302907929499
mistral-small-24b,g24a_fever_189710,admit_pre,1,98.6012247259194
mistral-small-24b,g24a_fever_189710,base,1,95.34930990006801
mistral-small-24b,g24a_fever_189710,exclude_post,1,94.3577391594126
mistral-small-24b,g24a_fever_189710,exclude_pre,1,96.36845302044352
mistral-small-24b,g24a_fever_190090,admit_post,1,99.06530395647249
mistral-small-24b,g24a_fever_190090,admit_pre,1,99.70615640595224
mistral-small-24b,g24a_fever_190090,base,1,99.65850486316445
mistral-small-24b,g24a_fever_190090,exclude_post,1,6.43710159860761
mistral-small-24b,g24a_fever_190090,exclude_pre,1,15.92199291441721
mistral-small-24b,g24a_fever_191263,admit_post,1,99.86418499219182
mistral-small-24b,g24a_fever_191263,admit_pre,1,98.73205549886676
mistral-small-24b,g24a_fever_191263,base,1,6.661566670914445
mistral-small-24b,g24a_fever_191263,exclude_post,1,29.871643057674255
mistral-small-24b,g24a_fever_191263,exclude_pre,1,82.66932425754393
mistral-small-24b,g24a_fever_19204,admit_post,1,98.44701456357689
mistral-small-24b,g24a_fever_19204,admit_pre,1,97.20827498553787
mistral-small-24b,g24a_fever_19204,base,1,94.85275980421574
mistral-small-24b,g24a_fever_19204,exclude_post,1,15.670018053750377
mistral-small-24b,g24a_fever_19204,exclude_pre,1,27.445999427611753
mistral-small-24b,g24a_fever_193458,admit_post,1,99.8983849608907
mistral-small-24b,g24a_fever_193458,admit_pre,1,98.08851764492846
mistral-small-24b,g24a_fever_193458,base,1,99.57365940945739
mistral-small-24b,g24a_fever_193458,exclude_post,1,90.78781527344196
mistral-small-24b,g24a_fever_193458,exclude_pre,1,95.52598578548
mistral-small-24b,g24a_fever_194486,admit_post,1,99.46930483801688
mistral-small-24b,g24a_fever_194486,admit_pre,1,99.71957538138402
mistral-small-24b,g24a_fever_194486,base,1,99.80846652053224
mistral-small-24b,g24a_fever_194486,exclude_post,1,95.1428477037214
mistral-small-24b,g24a_fever_194486,exclude_pre,1,99.1444014036979
mistral-small-24b,g24a_fever_1947,admit_post,1,99.95624076792551
mistral-small-24b,g24a_fever_1947,admit_pre,1,99.95239799426854
mistral-small-24b,g24a_fever_1947,base,1,99.85479572202921
mistral-small-24b,g24a_fever_1947,exclude_post,1,31.19546364721917
mistral-small-24b,g24a_fever_1947,exclude_pre,1,74.42368962989732
mistral-small-24b,g24a_fever_195208,admit_post,1,99.9539164976002
mistral-small-24b,g24a_fever_195208,admit_pre,1,99.89492068948691
mistral-small-24b,g24a_fever_195208,base,1,98.85054632591158
mistral-small-24b,g24a_fever_195208,exclude_post,1,22.740540933806674
mistral-small-24b,g24a_fever_195208,exclude_pre,1,21.231317915257602
mistral-small-24b,g24a_fever_195370,admit_post,-1,0.04379788609022915
mistral-small-24b,g24a_fever_195370,admit_pre,-1,0.04622836327929129
mistral-small-24b,g24a_fever_195370,base,-1,1.1543803908696755
mistral-small-24b,g24a_fever_195370,exclude_post,-1,15.183589357947588
mistral-small-24b,g24a_fever_195370,exclude_pre,-1,16.124390222199583
mistral-small-24b,g24a_fever_195912,admit_post,-1,0.05994972678325593
mistral-small-24b,g24a_fever_195912,admit_pre,-1,0.05469892120179344
mistral-small-24b,g24a_fever_195912,base,-1,0.07357290887876435
mistral-small-24b,g24a_fever_195912,exclude_post,-1,23.297182021782916
mistral-small-24b,g24a_fever_195912,exclude_pre,-1,30.63833771329261
mistral-small-24b,g24a_fever_198067,admit_post,-1,0.06595132192651433
mistral-small-24b,g24a_fever_198067,admit_pre,-1,0.0669338789583853
mistral-small-24b,g24a_fever_198067,base,-1,1.3120822196382125
mistral-small-24b,g24a_fever_198067,exclude_post,-1,5.021076647350194
mistral-small-24b,g24a_fever_198067,exclude_pre,-1,5.351012606430297
mistral-small-24b,g24a_fever_199265,admit_post,-1,6.236233220598162
mistral-small-24b,g24a_fever_199265,admit_pre,-1,0.07764635155712772
mistral-small-24b,g24a_fever_199265,base,-1,0.11176782839243463
mistral-small-24b,g24a_fever_199265,exclude_post,-1,0.18024802354102654
mistral-small-24b,g24a_fever_199265,exclude_pre,-1,0.059721159985865545
mistral-small-24b,g24a_fever_200293,admit_post,1,99.80941612149793
mistral-small-24b,g24a_fever_200293,admit_pre,1,99.72590841186079
mistral-small-24b,g24a_fever_200293,base,1,95.38566461398847
mistral-small-24b,g24a_fever_200293,exclude_post,1,32.453675952053324
mistral-small-24b,g24a_fever_200293,exclude_pre,1,37.77706982424493
mistral-small-24b,g24a_fever_201603,admit_post,1,99.95220396527421
mistral-small-24b,g24a_fever_201603,admit_pre,1,99.94716876111902
mistral-small-24b,g24a_fever_201603,base,1,78.31052193613398
mistral-small-24b,g24a_fever_201603,exclude_post,1,69.58241235211912
mistral-small-24b,g24a_fever_201603,exclude_pre,1,88.0077697570743
mistral-small-24b,g24a_fever_201748,admit_post,-1,77.33302181223682
mistral-small-24b,g24a_fever_201748,admit_pre,-1,12.649365364934555
mistral-small-24b,g24a_fever_201748,base,-1,13.22113331355325
mistral-small-24b,g24a_fever_201748,exclude_post,-1,21.87598608073083
mistral-small-24b,g24a_fever_201748,exclude_pre,-1,0.2521040433541564
mistral-small-24b,g24a_fever_201793,admit_post,1,99.76455130621487
mistral-small-24b,g24a_fever_201793,admit_pre,1,99.49871118761277
mistral-small-24b,g24a_fever_201793,base,1,99.85564733555704
mistral-small-24b,g24a_fever_201793,exclude_post,1,86.98231419705834
mistral-small-24b,g24a_fever_201793,exclude_pre,1,85.67739243501403
mistral-small-24b,g24a_fever_202032,admit_post,-1,5.104443408664823
mistral-small-24b,g24a_fever_202032,admit_pre,-1,1.97417567206422
mistral-small-24b,g24a_fever_202032,base,-1,0.18836802362798288
mistral-small-24b,g24a_fever_202032,exclude_post,-1,0.7957372194556586
mistral-small-24b,g24a_fever_202032,exclude_pre,-1,1.5988116833951198
mistral-small-24b,g24a_fever_202789,admit_post,-1,15.616921387277094
mistral-small-24b,g24a_fever_202789,admit_pre,-1,12.62112071582628
mistral-small-24b,g24a_fever_202789,base,-1,0.8091247242701057
mistral-small-24b,g24a_fever_202789,exclude_post,-1,14.360676163788547
mistral-small-24b,g24a_fever_202789,exclude_pre,-1,16.054502557613787
mistral-small-24b,g24a_fever_20291,admit_post,1,99.77350064817168
mistral-small-24b,g24a_fever_20291,admit_pre,1,99.69472686238201
mistral-small-24b,g24a_fever_20291,base,1,99.63616021844653
mistral-small-24b,g24a_fever_20291,exclude_post,1,21.315307477827446
mistral-small-24b,g24a_fever_20291,exclude_pre,1,63.98497845414253
mistral-small-24b,g24a_fever_202928,admit_post,-1,7.644364793449561
mistral-small-24b,g24a_fever_202928,admit_pre,-1,2.824237008342951
mistral-small-24b,g24a_fever_202928,base,-1,0.27400647060385247
mistral-small-24b,g24a_fever_202928,exclude_post,-1,0.515785367097451
mistral-small-24b,g24a_fever_202928,exclude_pre,-1,0.03939083575078856
mistral-small-24b,g24a_fever_203053,admit_post,1,99.88019055542978
mistral-small-24b,g24a_fever_203053,admit_pre,1,99.94515203083506
mistral-small-24b,g24a_fever_203053,base,1,99.32027149110743
mistral-small-24b,g24a_fever_203053,exclude_post,1,31.22139380572986
mistral-small-24b,g24a_fever_203053,exclude_pre,1,96.1775450931509
mistral-small-24b,g24a_fever_204355,admit_post,-1,1.874553347923663
mistral-small-24b,g24a_fever_204355,admit_pre,-1,2.0025321813486645
mistral-small-24b,g24a_fever_204355,base,-1,42.26497664461844
mistral-small-24b,g24a_fever_204355,exclude_post,-1,14.618610067095902
mistral-small-24b,g24a_fever_204355,exclude_pre,-1,4.88488288572265
mistral-small-24b,g24a_fever_204643,admit_post,-1,0.06082074682059605
mistral-small-24b,g24a_fever_204643,admit_pre,-1,0.0738736789420256
mistral-small-24b,g24a_fever_204643,base,-1,10.34186679460939
mistral-small-24b,g24a_fever_204643,exclude_post,-1,0.6781158208696972
mistral-small-24b,g24a_fever_204643,exclude_pre,-1,0.938295420560735
mistral-small-24b,g24a_fever_204981,admit_post,1,99.84362177695235
mistral-small-24b,g24a_fever_204981,admit_pre,1,99.81319380256892
mistral-small-24b,g24a_fever_204981,base,1,99.60828272929382
mistral-small-24b,g24a_fever_204981,exclude_post,1,34.733079992498716
mistral-small-24b,g24a_fever_204981,exclude_pre,1,82.24707184630135
mistral-small-24b,g24a_fever_205063,admit_post,1,99.9341689182109
mistral-small-24b,g24a_fever_205063,admit_pre,1,99.91759903605183
mistral-small-24b,g24a_fever_205063,base,1,95.29967882931909
mistral-small-24b,g24a_fever_205063,exclude_post,1,21.366499038095075
mistral-small-24b,g24a_fever_205063,exclude_pre,1,99.33316758495376
mistral-small-24b,g24a_fever_206730,admit_post,-1,0.03895467021442054
mistral-small-24b,g24a_fever_206730,admit_pre,-1,0.043335390581920055
mistral-small-24b,g24a_fever_206730,base,-1,0.06426978180032378
mistral-small-24b,g24a_fever_206730,exclude_post,-1,0.04380531723242231
mistral-small-24b,g24a_fever_206730,exclude_pre,-1,0.045869552777296256
mistral-small-24b,g24a_fever_207528,admit_post,1,99.54405688664956
mistral-small-24b,g24a_fever_207528,admit_pre,1,99.84106398145867
mistral-small-24b,g24a_fever_207528,base,1,99.80486429400734
mistral-small-24b,g24a_fever_207528,exclude_post,1,96.91332491223497
mistral-small-24b,g24a_fever_207528,exclude_pre,1,97.32719424910144
mistral-small-24b,g24a_fever_207669,admit_post,1,99.62960769711415
mistral-small-24b,g24a_fever_207669,admit_pre,1,98.61550188520697
mistral-small-24b,g24a_fever_207669,base,1,99.86544938781475
mistral-small-24b,g24a_fever_207669,exclude_post,1,40.66351035568442
mistral-small-24b,g24a_fever_207669,exclude_pre,1,17.87756001014464
mistral-small-24b,g24a_fever_208159,admit_post,1,99.95771148015861
mistral-small-24b,g24a_fever_208159,admit_pre,1,99.94713129134267
mistral-small-24b,g24a_fever_208159,base,1,99.87958794859995
mistral-small-24b,g24a_fever_208159,exclude_post,1,26.578632120837177
mistral-small-24b,g24a_fever_208159,exclude_pre,1,90.81299599229656
mistral-small-24b,g24a_fever_209086,admit_post,1,99.92703741490374
mistral-small-24b,g24a_fever_209086,admit_pre,1,99.90203382700477
mistral-small-24b,g24a_fever_209086,base,1,99.80729078570413
mistral-small-24b,g24a_fever_209086,exclude_post,1,29.062068077874226
mistral-small-24b,g24a_fever_209086,exclude_pre,1,85.47575788118553
mistral-small-24b,g24a_fever_209863,admit_post,-1,0.3611610421273073
mistral-small-24b,g24a_fever_209863,admit_pre,-1,0.11139419645347094
mistral-small-24b,g24a_fever_209863,base,-1,0.45150707364898335
mistral-small-24b,g24a_fever_209863,exclude_post,-1,86.53297517417448
mistral-small-24b,g24a_fever_209863,exclude_pre,-1,43.53457686879585
mistral-small-24b,g24a_fever_212767,admit_post,1,99.93669711793797
mistral-small-24b,g24a_fever_212767,admit_pre,1,99.89067512153844
mistral-small-24b,g24a_fever_212767,base,1,98.82891553156861
mistral-small-24b,g24a_fever_212767,exclude_post,1,15.385757497265239
mistral-small-24b,g24a_fever_212767,exclude_pre,1,96.298327097082
mistral-small-24b,g24a_fever_21345,admit_post,1,99.26270432591328
mistral-small-24b,g24a_fever_21345,admit_pre,1,98.98322713420549
mistral-small-24b,g24a_fever_21345,base,1,0.2840459943441752
mistral-small-24b,g24a_fever_21345,exclude_post,1,0.1234898563001295
mistral-small-24b,g24a_fever_21345,exclude_pre,1,5.7695986201084475
mistral-small-24b,g24a_fever_21494,admit_post,1,99.9536892184301
mistral-small-24b,g24a_fever_21494,admit_pre,1,99.04384607288176
mistral-small-24b,g24a_fever_21494,base,1,99.83319995982451
mistral-small-24b,g24a_fever_21494,exclude_post,1,18.090106845822035
mistral-small-24b,g24a_fever_21494,exclude_pre,1,86.93699539532227
mistral-small-24b,g24a_fever_2150,admit_post,1,99.95437035010686
mistral-small-24b,g24a_fever_2150,admit_pre,1,99.84878674744105
mistral-small-24b,g24a_fever_2150,base,1,99.75093582285147
mistral-small-24b,g24a_fever_2150,exclude_post,1,25.82643580552544
mistral-small-24b,g24a_fever_2150,exclude_pre,1,49.23911237540862
mistral-small-24b,g24a_fever_215224,admit_post,-1,0.047026526592756274
mistral-small-24b,g24a_fever_215224,admit_pre,-1,0.04796732792975387
mistral-small-24b,g24a_fever_215224,base,-1,11.839184985609915
mistral-small-24b,g24a_fever_215224,exclude_post,-1,3.349297328800071
mistral-small-24b,g24a_fever_215224,exclude_pre,-1,7.151132890536707
mistral-small-24b,g24a_fever_216585,admit_post,1,99.82130308072027
mistral-small-24b,g24a_fever_216585,admit_pre,1,99.92860557777016
mistral-small-24b,g24a_fever_216585,base,1,98.05462035308058
mistral-small-24b,g24a_fever_216585,exclude_post,1,76.19915280382014
mistral-small-24b,g24a_fever_216585,exclude_pre,1,53.3009225486007
mistral-small-24b,g24a_fever_216595,admit_post,1,6.1977339268399225
mistral-small-24b,g24a_fever_216595,admit_pre,1,7.6657248585178825
mistral-small-24b,g24a_fever_216595,base,1,0.3189331167106958
mistral-small-24b,g24a_fever_216595,exclude_post,1,2.346908912152765
mistral-small-24b,g24a_fever_216595,exclude_pre,1,5.420101274269511
mistral-small-24b,g24a_fever_218104,admit_post,1,99.85943590410696
mistral-small-24b,g24a_fever_218104,admit_pre,1,99.7522058123638
mistral-small-24b,g24a_fever_218104,base,1,99.86431980290939
mistral-small-24b,g24a_fever_218104,exclude_post,1,86.10289457227655
mistral-small-24b,g24a_fever_218104,exclude_pre,1,99.50699092511933
mistral-small-24b,g24a_fever_218111,admit_post,-1,0.06458380978373267
mistral-small-24b,g24a_fever_218111,admit_pre,-1,0.06626150233226442
mistral-small-24b,g24a_fever_218111,base,-1,0.10149627335161215
mistral-small-24b,g24a_fever_218111,exclude_post,-1,25.602965458126803
mistral-small-24b,g24a_fever_218111,exclude_pre,-1,7.638031950026871
mistral-small-24b,g24a_fever_219688,admit_post,-1,0.02938778144034696
mistral-small-24b,g24a_fever_219688,admit_pre,-1,0.03828557614833123
mistral-small-24b,g24a_fever_219688,base,-1,0.07678554695762203
mistral-small-24b,g24a_fever_219688,exclude_post,-1,0.042827435437896876
mistral-small-24b,g24a_fever_219688,exclude_pre,-1,0.037922458586871745
mistral-small-24b,g24a_fever_21986,admit_post,-1,0.04712951091827669
mistral-small-24b,g24a_fever_21986,admit_pre,-1,0.17133554449010652
mistral-small-24b,g24a_fever_21986,base,-1,0.05252384711982641
mistral-small-24b,g24a_fever_21986,exclude_post,-1,0.03462921701892507
mistral-small-24b,g24a_fever_21986,exclude_pre,-1,0.09649266976968204
mistral-small-24b,g24a_fever_220461,admit_post,1,99.34391320049168
mistral-small-24b,g24a_fever_220461,admit_pre,1,99.41269510369237
mistral-small-24b,g24a_fever_220461,base,1,99.82104934030575
mistral-small-24b,g24a_fever_220461,exclude_post,1,88.38104213780616
mistral-small-24b,g24a_fever_220461,exclude_pre,1,32.408914929038964
mistral-small-24b,g24a_fever_22096,admit_post,1,99.69038343192278
mistral-small-24b,g24a_fever_22096,admit_pre,1,99.81112389501567
mistral-small-24b,g24a_fever_22096,base,1,99.65303520821209
mistral-small-24b,g24a_fever_22096,exclude_post,1,99.72615817485278
mistral-small-24b,g24a_fever_22096,exclude_pre,1,99.60299075594997
mistral-small-24b,g24a_fever_222170,admit_post,1,99.88498936024173
mistral-small-24b,g24a_fever_222170,admit_pre,1,99.85149579123184
mistral-small-24b,g24a_fever_222170,base,1,20.92613146856168
mistral-small-24b,g24a_fever_222170,exclude_post,1,4.363966249088183
mistral-small-24b,g24a_fever_222170,exclude_pre,1,24.106067070539247
mistral-small-24b,g24a_fever_222174,admit_post,-1,8.902857525860128
mistral-small-24b,g24a_fever_222174,admit_pre,-1,1.4728566815333106
mistral-small-24b,g24a_fever_222174,base,-1,22.174114241512125
mistral-small-24b,g24a_fever_222174,exclude_post,-1,33.62457384395451
mistral-small-24b,g24a_fever_222174,exclude_pre,-1,31.407658611257457
mistral-small-24b,g24a_fever_222721,admit_post,1,97.36584673664446
mistral-small-24b,g24a_fever_222721,admit_pre,1,96.22145958646563
mistral-small-24b,g24a_fever_222721,base,1,99.15734911265707
mistral-small-24b,g24a_fever_222721,exclude_post,1,33.51230724157014
mistral-small-24b,g24a_fever_222721,exclude_pre,1,50.65151849239263
mistral-small-24b,g24a_fever_222730,admit_post,1,99.48990958518505
mistral-small-24b,g24a_fever_222730,admit_pre,1,99.50706683279347
mistral-small-24b,g24a_fever_222730,base,1,99.70935053603287
mistral-small-24b,g24a_fever_222730,exclude_post,1,96.52325740302192
mistral-small-24b,g24a_fever_222730,exclude_pre,1,97.29170726715353
mistral-small-24b,g24a_fever_223491,admit_post,-1,6.390932206452664
mistral-small-24b,g24a_fever_223491,admit_pre,-1,9.478901562658478
mistral-small-24b,g24a_fever_223491,base,-1,5.529754680693361
mistral-small-24b,g24a_fever_223491,exclude_post,-1,10.317313420800323
mistral-small-24b,g24a_fever_223491,exclude_pre,-1,10.358452184874853
mistral-small-24b,g24a_fever_225802,admit_post,1,99.60731603114274
mistral-small-24b,g24a_fever_225802,admit_pre,1,99.90765207583598
mistral-small-24b,g24a_fever_225802,base,1,99.48804303459158
mistral-small-24b,g24a_fever_225802,exclude_post,1,23.29018235572447
mistral-small-24b,g24a_fever_225802,exclude_pre,1,85.7611736233697
mistral-small-24b,g24a_fever_227083,admit_post,1,99.92957715100523
mistral-small-24b,g24a_fever_227083,admit_pre,1,99.91936185260934
mistral-small-24b,g24a_fever_227083,base,1,99.85195784887836
mistral-small-24b,g24a_fever_227083,exclude_post,1,14.911024860154889
mistral-small-24b,g24a_fever_227083,exclude_pre,1,18.410094894588312
mistral-small-24b,g24a_fever_227095,admit_post,-1,1.2654848967749097
mistral-small-24b,g24a_fever_227095,admit_pre,-1,4.23815261443854
mistral-small-24b,g24a_fever_227095,base,-1,5.047788637739953
mistral-small-24b,g24a_fever_227095,exclude_post,-1,34.52805201683829
mistral-small-24b,g24a_fever_227095,exclude_pre,-1,43.65629284058272
mistral-small-24b,g24a_fever_227129,admit_post,1,99.81645445523995
mistral-small-24b,g24a_fever_227129,admit_pre,1,99.79797355691936
mistral-small-24b,g24a_fever_227129,base,1,99.91018838516668
mistral-small-24b,g24a_fever_227129,exclude_post,1,39.42222816992202
mistral-small-24b,g24a_fever_227129,exclude_pre,1,90.28322613922141
mistral-small-24b,g24a_fever_22805,admit_post,1,99.9678248989455
mistral-small-24b,g24a_fever_22805,admit_pre,1,99.91026233115798
mistral-small-24b,g24a_fever_22805,base,1,99.88823046674312
mistral-small-24b,g24a_fever_22805,exclude_post,1,99.81724128413956
mistral-small-24b,g24a_fever_22805,exclude_pre,1,97.03001082159497
mistral-small-24b,g24a_fever_228063,admit_post,1,99.9525450159068
mistral-small-24b,g24a_fever_228063,admit_pre,1,99.7260362033241
mistral-small-24b,g24a_fever_228063,base,1,0.05282477451558858
mistral-small-24b,g24a_fever_228063,exclude_post,1,25.93819394026822
mistral-small-24b,g24a_fever_228063,exclude_pre,1,99.25002609340332
mistral-small-24b,g24a_fever_23861,admit_post,-1,0.5275226519534727
mistral-small-24b,g24a_fever_23861,admit_pre,-1,7.202765411892831
mistral-small-24b,g24a_fever_23861,base,-1,0.501014756060103
mistral-small-24b,g24a_fever_23861,exclude_post,-1,0.2878797733030576
mistral-small-24b,g24a_fever_23861,exclude_pre,-1,0.5749927737031286
mistral-small-24b,g24a_fever_24264,admit_post,1,95.99287345567011
mistral-small-24b,g24a_fever_24264,admit_pre,1,93.54084996233684
mistral-small-24b,g24a_fever_24264,base,1,99.17058703639151
mistral-small-24b,g24a_fever_24264,exclude_post,1,99.20132434787931
mistral-small-24b,g24a_fever_24264,exclude_pre,1,99.31617918670383
mistral-small-24b,g24a_fever_25705,admit_post,1,98.44037568045857
mistral-small-24b,g24a_fever_25705,admit_pre,1,97.67027474467153
mistral-small-24b,g24a_fever_25705,base,1,70.59133493932552
mistral-small-24b,g24a_fever_25705,exclude_post,1,44.16383243921385
mistral-small-24b,g24a_fever_25705,exclude_pre,1,29.876632053344352
mistral-small-24b,g24a_fever_25906,admit_post,-1,0.034655249727130265
mistral-small-24b,g24a_fever_25906,admit_pre,-1,0.053376316551658004
mistral-small-24b,g24a_fever_25906,base,-1,0.04963286205682213
mistral-small-24b,g24a_fever_25906,exclude_post,-1,0.07272075343769152
mistral-small-24b,g24a_fever_25906,exclude_pre,-1,0.04109939818414466
mistral-small-24b,g24a_fever_2616,admit_post,1,93.54153142985152
mistral-small-24b,g24a_fever_2616,admit_pre,1,99.21789354835218
mistral-small-24b,g24a_fever_2616,base,1,98.81240373907312
mistral-small-24b,g24a_fever_2616,exclude_post,1,18.80386819994605
mistral-small-24b,g24a_fever_2616,exclude_pre,1,48.61857696156387
mistral-small-24b,g24a_fever_26224,admit_post,1,99.67726743899756
mistral-small-24b,g24a_fever_26224,admit_pre,1,99.9194449200342
mistral-small-24b,g24a_fever_26224,base,1,98.66299299029322
mistral-small-24b,g24a_fever_26224,exclude_post,1,11.333590495877452
mistral-small-24b,g24a_fever_26224,exclude_pre,1,84.49562989957234
mistral-small-24b,g24a_fever_27269,admit_post,-1,0.0704548060089899
mistral-small-24b,g24a_fever_27269,admit_pre,-1,0.07324970693380713
mistral-small-24b,g24a_fever_27269,base,-1,6.645951522124869
mistral-small-24b,g24a_fever_27269,exclude_post,-1,0.027073352504429674
mistral-small-24b,g24a_fever_27269,exclude_pre,-1,0.02755975085984314
mistral-small-24b,g24a_fever_27294,admit_post,-1,0.4186286129436447
mistral-small-24b,g24a_fever_27294,admit_pre,-1,0.7748149447883068
mistral-small-24b,g24a_fever_27294,base,-1,0.06807388687234887
mistral-small-24b,g24a_fever_27294,exclude_post,-1,0.375229161994285
mistral-small-24b,g24a_fever_27294,exclude_pre,-1,4.503370286071874
mistral-small-24b,g24a_fever_27455,admit_post,-1,0.13540782117747713
mistral-small-24b,g24a_fever_27455,admit_pre,-1,0.5258395056785454
mistral-small-24b,g24a_fever_27455,base,-1,10.193905216081598
mistral-small-24b,g24a_fever_27455,exclude_post,-1,39.08777609867106
mistral-small-24b,g24a_fever_27455,exclude_pre,-1,10.720002609418884
mistral-small-24b,g24a_fever_28525,admit_post,-1,5.621227767122455
mistral-small-24b,g24a_fever_28525,admit_pre,-1,8.466128698912948
mistral-small-24b,g24a_fever_28525,base,-1,0.10620094095622344
mistral-small-24b,g24a_fever_28525,exclude_post,-1,0.37702519070398766
mistral-small-24b,g24a_fever_28525,exclude_pre,-1,0.39558166585035265
mistral-small-24b,g24a_fever_28754,admit_post,-1,0.043663726770398176
mistral-small-24b,g24a_fever_28754,admit_pre,-1,4.823535589336073
mistral-small-24b,g24a_fever_28754,base,-1,9.996432586595624
mistral-small-24b,g24a_fever_28754,exclude_post,-1,7.693339186978808
mistral-small-24b,g24a_fever_28754,exclude_pre,-1,28.98734354624283
mistral-small-24b,g24a_fever_28867,admit_post,-1,0.10483504640255996
mistral-small-24b,g24a_fever_28867,admit_pre,-1,0.14000816651712988
mistral-small-24b,g24a_fever_28867,base,-1,7.158944409201648
mistral-small-24b,g24a_fever_28867,exclude_post,-1,45.98143523323231
mistral-small-24b,g24a_fever_28867,exclude_pre,-1,31.91414009931672
mistral-small-24b,g24a_fever_29092,admit_post,-1,3.665414442109617
mistral-small-24b,g24a_fever_29092,admit_pre,-1,4.325672661137343
mistral-small-24b,g24a_fever_29092,base,-1,11.908521372343627
mistral-small-24b,g24a_fever_29092,exclude_post,-1,0.4563455058137033
mistral-small-24b,g24a_fever_29092,exclude_pre,-1,0.21489218375164687
mistral-small-24b,g24a_fever_29142,admit_post,1,99.56266701575802
mistral-small-24b,g24a_fever_29142,admit_pre,1,99.55868491575082
mistral-small-24b,g24a_fever_29142,base,1,22.836342858479927
mistral-small-24b,g24a_fever_29142,exclude_post,1,4.892323547876563
mistral-small-24b,g24a_fever_29142,exclude_pre,1,24.983140944215865
mistral-small-24b,g24a_fever_29550,admit_post,1,99.94921519808076
mistral-small-24b,g24a_fever_29550,admit_pre,1,99.76404531984169
mistral-small-24b,g24a_fever_29550,base,1,99.52700276912748
mistral-small-24b,g24a_fever_29550,exclude_post,1,87.09726282018045
mistral-small-24b,g24a_fever_29550,exclude_pre,1,97.20976599157072
mistral-small-24b,g24a_fever_29556,admit_post,1,99.68969942600901
mistral-small-24b,g24a_fever_29556,admit_pre,1,99.8935875225452
mistral-small-24b,g24a_fever_29556,base,1,99.81801109672456
mistral-small-24b,g24a_fever_29556,exclude_post,1,25.946237531504238
mistral-small-24b,g24a_fever_29556,exclude_pre,1,85.1052236233483
mistral-small-24b,g24a_fever_29861,admit_post,1,99.72721114300026
mistral-small-24b,g24a_fever_29861,admit_pre,1,99.62608346920784
mistral-small-24b,g24a_fever_29861,base,1,99.86158348959188
mistral-small-24b,g24a_fever_29861,exclude_post,1,19.466551266663444
mistral-small-24b,g24a_fever_29861,exclude_pre,1,39.6419053285658
mistral-small-24b,g24a_fever_30014,admit_post,-1,0.049699235282339924
mistral-small-24b,g24a_fever_30014,admit_pre,-1,0.18881475270642611
mistral-small-24b,g24a_fever_30014,base,-1,5.768529069333149
mistral-small-24b,g24a_fever_30014,exclude_post,-1,24.470880415050125
mistral-small-24b,g24a_fever_30014,exclude_pre,-1,36.98846547231955
mistral-small-24b,g24a_fever_31192,admit_post,1,99.9668978395396
mistral-small-24b,g24a_fever_31192,admit_pre,1,99.96820143071713
mistral-small-24b,g24a_fever_31192,base,1,99.91288573033535
mistral-small-24b,g24a_fever_31192,exclude_post,1,94.62505261749884
mistral-small-24b,g24a_fever_31192,exclude_pre,1,93.31739821762613
mistral-small-24b,g24a_fever_31581,admit_post,-1,0.0975141821877776
mistral-small-24b,g24a_fever_31581,admit_pre,-1,0.08174738272166285
mistral-small-24b,g24a_fever_31581,base,-1,0.2515911610478609
mistral-small-24b,g24a_fever_31581,exclude_post,-1,0.07471228282510782
mistral-small-24b,g24a_fever_31581,exclude_pre,-1,3.394880554879063
mistral-small-24b,g24a_fever_33055,admit_post,-1,8.44246666237305
mistral-small-24b,g24a_fever_33055,admit_pre,-1,9.087523732690205
mistral-small-24b,g24a_fever_33055,base,-1,8.854998235073793
mistral-small-24b,g24a_fever_33055,exclude_post,-1,6.300609247405732
mistral-small-24b,g24a_fever_33055,exclude_pre,-1,5.508195456558285
mistral-small-24b,g24a_fever_33196,admit_post,1,99.50887296330806
mistral-small-24b,g24a_fever_33196,admit_pre,1,99.65142348641704
mistral-small-24b,g24a_fever_33196,base,1,99.77400866390519
mistral-small-24b,g24a_fever_33196,exclude_post,1,16.207967014558704
mistral-small-24b,g24a_fever_33196,exclude_pre,1,89.57194903541671
mistral-small-24b,g24a_fever_35030,admit_post,1,96.51358445594305
mistral-small-24b,g24a_fever_35030,admit_pre,1,96.42202566505262
mistral-small-24b,g24a_fever_35030,base,1,14.80335961231834
mistral-small-24b,g24a_fever_35030,exclude_post,1,23.04569352790855
mistral-small-24b,g24a_fever_35030,exclude_pre,1,4.914093701095376
mistral-small-24b,g24a_fever_3518,admit_post,-1,5.276213311654988
mistral-small-24b,g24a_fever_3518,admit_pre,-1,5.488134912396212
mistral-small-24b,g24a_fever_3518,base,-1,6.678489074066669
mistral-small-24b,g24a_fever_3518,exclude_post,-1,36.60297208748569
mistral-small-24b,g24a_fever_3518,exclude_pre,-1,1.5665777903339844
mistral-small-24b,g24a_fever_35881,admit_post,1,98.43750682506074
mistral-small-24b,g24a_fever_35881,admit_pre,1,99.95793313284354
mistral-small-24b,g24a_fever_35881,base,1,99.26643597002588
mistral-small-24b,g24a_fever_35881,exclude_post,1,5.190009254330016
mistral-small-24b,g24a_fever_35881,exclude_pre,1,39.203830223351915
mistral-small-24b,g24a_fever_36886,admit_post,-1,0.05212503986237609
mistral-small-24b,g24a_fever_36886,admit_pre,-1,0.05874154615476849
mistral-small-24b,g24a_fever_36886,base,-1,1.1444445712955058
mistral-small-24b,g24a_fever_36886,exclude_post,-1,27.799354955680908
mistral-small-24b,g24a_fever_36886,exclude_pre,-1,0.0511380097793276
mistral-small-24b,g24a_fever_37067,admit_post,1,99.68033579030867
mistral-small-24b,g24a_fever_37067,admit_pre,1,99.70928870235167
mistral-small-24b,g24a_fever_37067,base,1,99.6897826713865
mistral-small-24b,g24a_fever_37067,exclude_post,1,18.711190785137468
mistral-small-24b,g24a_fever_37067,exclude_pre,1,14.260279567637172
mistral-small-24b,g24a_fever_38029,admit_post,1,99.89713970137686
mistral-small-24b,g24a_fever_38029,admit_pre,1,99.88486790449423
mistral-small-24b,g24a_fever_38029,base,1,99.59856599595554
mistral-small-24b,g24a_fever_38029,exclude_post,1,58.29139719450066
mistral-small-24b,g24a_fever_38029,exclude_pre,1,58.01313849566745
mistral-small-24b,g24a_fever_39612,admit_post,1,92.7626089955088
mistral-small-24b,g24a_fever_39612,admit_pre,1,93.9138352482126
mistral-small-24b,g24a_fever_39612,base,1,88.0522655558662
mistral-small-24b,g24a_fever_39612,exclude_post,1,31.156215396961823
mistral-small-24b,g24a_fever_39612,exclude_pre,1,56.296386281508916
mistral-small-24b,g24a_fever_40528,admit_post,-1,0.14944966994864212
mistral-small-24b,g24a_fever_40528,admit_pre,-1,0.16333608671188096
mistral-small-24b,g24a_fever_40528,base,-1,0.7137958459131464
mistral-small-24b,g24a_fever_40528,exclude_post,-1,0.1071381035543772
mistral-small-24b,g24a_fever_40528,exclude_pre,-1,13.616895038127119
mistral-small-24b,g24a_fever_41810,admit_post,-1,0.04794861616478602
mistral-small-24b,g24a_fever_41810,admit_pre,-1,0.049968237229310014
mistral-small-24b,g24a_fever_41810,base,-1,0.21962584994697096
mistral-small-24b,g24a_fever_41810,exclude_post,-1,0.03828314217952514
mistral-small-24b,g24a_fever_41810,exclude_pre,-1,0.043753967425606145
mistral-small-24b,g24a_fever_4280,admit_post,-1,1.884045634344042
mistral-small-24b,g24a_fever_4280,admit_pre,-1,3.009943962767923
mistral-small-24b,g24a_fever_4280,base,-1,2.07586518163222
mistral-small-24b,g24a_fever_4280,exclude_post,-1,42.27949193849068
mistral-small-24b,g24a_fever_4280,exclude_pre,-1,44.84980164237945
mistral-small-24b,g24a_fever_43458,admit_post,1,99.96904690667384
mistral-small-24b,g24a_fever_43458,admit_pre,1,99.83429202711795
mistral-small-24b,g24a_fever_43458,base,1,99.8598057043333
mistral-small-24b,g24a_fever_43458,exclude_post,1,25.463776629595202
mistral-small-24b,g24a_fever_43458,exclude_pre,1,0.587436168405801
mistral-small-24b,g24a_fever_44156,admit_post,-1,0.07277639054381854
mistral-small-24b,g24a_fever_44156,admit_pre,-1,0.09026628997868283
mistral-small-24b,g24a_fever_44156,base,-1,0.8836099195535181
mistral-small-24b,g24a_fever_44156,exclude_post,-1,0.6320556967847666
mistral-small-24b,g24a_fever_44156,exclude_pre,-1,2.21784497168444
mistral-small-24b,g24a_fever_45143,admit_post,1,99.56493925898914
mistral-small-24b,g24a_fever_45143,admit_pre,1,99.84177676819405
mistral-small-24b,g24a_fever_45143,base,1,77.24267968150941
mistral-small-24b,g24a_fever_45143,exclude_post,1,33.43525958902811
mistral-small-24b,g24a_fever_45143,exclude_pre,1,35.28061089448766
mistral-small-24b,g24a_fever_45205,admit_post,-1,0.05784402337003461
mistral-small-24b,g24a_fever_45205,admit_pre,-1,0.07907058031222615
mistral-small-24b,g24a_fever_45205,base,-1,35.05946384130172
mistral-small-24b,g24a_fever_45205,exclude_post,-1,34.13619236921032
mistral-small-24b,g24a_fever_45205,exclude_pre,-1,32.49137978646056
mistral-small-24b,g24a_fever_4536,admit_post,1,99.94241749752943
mistral-small-24b,g24a_fever_4536,admit_pre,1,99.60403953880014
mistral-small-24b,g24a_fever_4536,base,1,99.38973505017817
mistral-small-24b,g24a_fever_4536,exclude_post,1,22.47825294673564
mistral-small-24b,g24a_fever_4536,exclude_pre,1,40.78379215374023
mistral-small-24b,g24a_fever_46483,admit_post,1,99.87174966707957
mistral-small-24b,g24a_fever_46483,admit_pre,1,99.27636417003966
mistral-small-24b,g24a_fever_46483,base,1,24.69416513806917
mistral-small-24b,g24a_fever_46483,exclude_post,1,29.03138430433608
mistral-small-24b,g24a_fever_46483,exclude_pre,1,21.856945137648623
mistral-small-24b,g24a_fever_47267,admit_post,-1,10.509047488479291
mistral-small-24b,g24a_fever_47267,admit_pre,-1,9.275962580927237
mistral-small-24b,g24a_fever_47267,base,-1,3.9035187775744924
mistral-small-24b,g24a_fever_47267,exclude_post,-1,27.953106681048737
mistral-small-24b,g24a_fever_47267,exclude_pre,-1,2.5075821099770974
mistral-small-24b,g24a_fever_47322,admit_post,-1,10.362738976456505
mistral-small-24b,g24a_fever_47322,admit_pre,-1,9.41280017353656
mistral-small-24b,g24a_fever_47322,base,-1,1.3523198533166925
mistral-small-24b,g24a_fever_47322,exclude_post,-1,17.30700219863762
mistral-small-24b,g24a_fever_47322,exclude_pre,-1,5.6102679518886935
mistral-small-24b,g24a_fever_4746,admit_post,1,99.96410975291485
mistral-small-24b,g24a_fever_4746,admit_pre,1,99.82692116825983
mistral-small-24b,g24a_fever_4746,base,1,99.76811910485785
mistral-small-24b,g24a_fever_4746,exclude_post,1,16.893113627760165
mistral-small-24b,g24a_fever_4746,exclude_pre,1,20.123663333869622
mistral-small-24b,g24a_fever_48142,admit_post,1,99.7746731187706
mistral-small-24b,g24a_fever_48142,admit_pre,1,99.9435268085161
mistral-small-24b,g24a_fever_48142,base,1,99.86991838210602
mistral-small-24b,g24a_fever_48142,exclude_post,1,84.43068315464093
mistral-small-24b,g24a_fever_48142,exclude_pre,1,99.2974539358412
mistral-small-24b,g24a_fever_4824,admit_post,-1,0.028544867985267824
mistral-small-24b,g24a_fever_4824,admit_pre,-1,0.03685290107632802
mistral-small-24b,g24a_fever_4824,base,-1,0.15762394663229665
mistral-small-24b,g24a_fever_4824,exclude_post,-1,0.02338335143336834
mistral-small-24b,g24a_fever_4824,exclude_pre,-1,0.03177012356064868
mistral-small-24b,g24a_fever_48377,admit_post,-1,5.823681004791533
mistral-small-24b,g24a_fever_48377,admit_pre,-1,4.286450672659741
mistral-small-24b,g24a_fever_48377,base,-1,0.06282238958327588
mistral-small-24b,g24a_fever_48377,exclude_post,-1,4.639926700506799
mistral-small-24b,g24a_fever_48377,exclude_pre,-1,4.626740164948598
mistral-small-24b,g24a_fever_48404,admit_post,-1,5.948062919701357
mistral-small-24b,g24a_fever_48404,admit_pre,-1,0.07374258886836173
mistral-small-24b,g24a_fever_48404,base,-1,0.06915582092302248
mistral-small-24b,g24a_fever_48404,exclude_post,-1,5.414319070852942
mistral-small-24b,g24a_fever_48404,exclude_pre,-1,0.24308013119578498
mistral-small-24b,g24a_fever_48658,admit_post,1,84.00180693279621
mistral-small-24b,g24a_fever_48658,admit_pre,1,90.00560976266941
mistral-small-24b,g24a_fever_48658,base,1,16.98490775934524
mistral-small-24b,g24a_fever_48658,exclude_post,1,10.17779707401785
mistral-small-24b,g24a_fever_48658,exclude_pre,1,65.15208746494756
mistral-small-24b,g24a_fever_50406,admit_post,1,99.96058411060183
mistral-small-24b,g24a_fever_50406,admit_pre,1,99.95514965038639
mistral-small-24b,g24a_fever_50406,base,1,99.82992477022285
mistral-small-24b,g24a_fever_50406,exclude_post,1,41.86515529993184
mistral-small-24b,g24a_fever_50406,exclude_pre,1,99.6699324103203
mistral-small-24b,g24a_fever_51154,admit_post,1,94.2606941678787
mistral-small-24b,g24a_fever_51154,admit_pre,1,94.93162117656547
mistral-small-24b,g24a_fever_51154,base,1,84.03015092334176
mistral-small-24b,g24a_fever_51154,exclude_post,1,38.24816296359472
mistral-small-24b,g24a_fever_51154,exclude_pre,1,42.51091525840444
mistral-small-24b,g24a_fever_51825,admit_post,1,99.86972802431373
mistral-small-24b,g24a_fever_51825,admit_pre,1,99.94917359898064
mistral-small-24b,g24a_fever_51825,base,1,99.54534848929885
mistral-small-24b,g24a_fever_51825,exclude_post,1,40.06097086736344
mistral-small-24b,g24a_fever_51825,exclude_pre,1,91.48621612207381
mistral-small-24b,g24a_fever_51961,admit_post,-1,0.09852783545636891
mistral-small-24b,g24a_fever_51961,admit_pre,-1,0.15398554046447102
mistral-small-24b,g24a_fever_51961,base,-1,0.12779173659369458
mistral-small-24b,g24a_fever_51961,exclude_post,-1,0.2678590906028312
mistral-small-24b,g24a_fever_51961,exclude_pre,-1,51.330268227223186
mistral-small-24b,g24a_fever_52582,admit_post,-1,2.8291808002484333
mistral-small-24b,g24a_fever_52582,admit_pre,-1,3.454971779932054
mistral-small-24b,g24a_fever_52582,base,-1,14.16093438966419
mistral-small-24b,g24a_fever_52582,exclude_post,-1,3.329520060578914
mistral-small-24b,g24a_fever_52582,exclude_pre,-1,13.306199530353872
mistral-small-24b,g24a_fever_53020,admit_post,1,99.45979869035818
mistral-small-24b,g24a_fever_53020,admit_pre,1,99.89542600137126
mistral-small-24b,g24a_fever_53020,base,1,93.99920462447459
mistral-small-24b,g24a_fever_53020,exclude_post,1,4.714051209169458
mistral-small-24b,g24a_fever_53020,exclude_pre,1,27.537393008625948
mistral-small-24b,g24a_fever_53266,admit_post,-1,99.47430440229482
mistral-small-24b,g24a_fever_53266,admit_pre,-1,0.4995865032053215
mistral-small-24b,g24a_fever_53266,base,-1,99.62283422080141
mistral-small-24b,g24a_fever_53266,exclude_post,-1,19.307326816249855
mistral-small-24b,g24a_fever_53266,exclude_pre,-1,47.88717855456979
mistral-small-24b,g24a_fever_53733,admit_post,1,61.96302611113538
mistral-small-24b,g24a_fever_53733,admit_pre,1,5.1646061277232596
mistral-small-24b,g24a_fever_53733,base,1,84.70976532208454
mistral-small-24b,g24a_fever_53733,exclude_post,1,13.08165714622115
mistral-small-24b,g24a_fever_53733,exclude_pre,1,72.04325582984792
mistral-small-24b,g24a_fever_53792,admit_post,1,99.68210887408111
mistral-small-24b,g24a_fever_53792,admit_pre,1,99.73539928369885
mistral-small-24b,g24a_fever_53792,base,1,99.90592070252521
mistral-small-24b,g24a_fever_53792,exclude_post,1,21.281772355761944
mistral-small-24b,g24a_fever_53792,exclude_pre,1,15.601279323751953
mistral-small-24b,g24a_fever_53832,admit_post,1,99.61844551385019
mistral-small-24b,g24a_fever_53832,admit_pre,1,99.47540587551666
mistral-small-24b,g24a_fever_53832,base,1,99.08363155288026
mistral-small-24b,g24a_fever_53832,exclude_post,1,16.131468170793426
mistral-small-24b,g24a_fever_53832,exclude_pre,1,87.61531558093617
mistral-small-24b,g24a_fever_5420,admit_post,1,96.15278461540885
mistral-small-24b,g24a_fever_5420,admit_pre,1,99.8846751148175
mistral-small-24b,g24a_fever_5420,base,1,95.12974490619767
mistral-small-24b,g24a_fever_5420,exclude_post,1,33.28362605552453
mistral-small-24b,g24a_fever_5420,exclude_pre,1,22.578439731010818
mistral-small-24b,g24a_fever_54679,admit_post,1,99.94145801081771
mistral-small-24b,g24a_fever_54679,admit_pre,1,99.92721924896715
mistral-small-24b,g24a_fever_54679,base,1,99.77776479586099
mistral-small-24b,g24a_fever_54679,exclude_post,1,39.093856367776844
mistral-small-24b,g24a_fever_54679,exclude_pre,1,99.2766285533937
mistral-small-24b,g24a_fever_55468,admit_post,1,93.25147843484274
mistral-small-24b,g24a_fever_55468,admit_pre,1,96.14722464316668
mistral-small-24b,g24a_fever_55468,base,1,83.81270240967085
mistral-small-24b,g24a_fever_55468,exclude_post,1,20.58468442546712
mistral-small-24b,g24a_fever_55468,exclude_pre,1,18.95964606255889
mistral-small-24b,g24a_fever_5560,admit_post,1,96.00657042516013
mistral-small-24b,g24a_fever_5560,admit_pre,1,95.33965596718707
mistral-small-24b,g24a_fever_5560,base,1,98.56836209731823
mistral-small-24b,g24a_fever_5560,exclude_post,1,20.24231103688048
mistral-small-24b,g24a_fever_5560,exclude_pre,1,79.05293808842508
mistral-small-24b,g24a_fever_5574,admit_post,1,99.81194177077221
mistral-small-24b,g24a_fever_5574,admit_pre,1,99.84209203918084
mistral-small-24b,g24a_fever_5574,base,1,99.82363517051505
mistral-small-24b,g24a_fever_5574,exclude_post,1,22.329701582327647
mistral-small-24b,g24a_fever_5574,exclude_pre,1,90.44811517076913
mistral-small-24b,g24a_fever_56051,admit_post,-1,0.06692111991772946
mistral-small-24b,g24a_fever_56051,admit_pre,-1,0.0938676210253977
mistral-small-24b,g24a_fever_56051,base,-1,1.6146837240864702
mistral-small-24b,g24a_fever_56051,exclude_post,-1,1.7485241564963578
mistral-small-24b,g24a_fever_56051,exclude_pre,-1,8.599564962494686
mistral-small-24b,g24a_fever_56182,admit_post,1,99.95456663407032
mistral-small-24b,g24a_fever_56182,admit_pre,1,99.94208196604532
mistral-small-24b,g24a_fever_56182,base,1,96.28352458169384
mistral-small-24b,g24a_fever_56182,exclude_post,1,27.813893066499244
mistral-small-24b,g24a_fever_56182,exclude_pre,1,12.645520232681381
mistral-small-24b,g24a_fever_57842,admit_post,1,99.88429660862629
mistral-small-24b,g24a_fever_57842,admit_pre,1,99.77766021471572
mistral-small-24b,g24a_fever_57842,base,1,95.97133790368548
mistral-small-24b,g24a_fever_57842,exclude_post,1,33.07814997055817
mistral-small-24b,g24a_fever_57842,exclude_pre,1,16.758675941051784
mistral-small-24b,g24a_fever_57941,admit_post,-1,0.049395678626011956
mistral-small-24b,g24a_fever_57941,admit_pre,-1,0.1135321748252159
mistral-small-24b,g24a_fever_57941,base,-1,5.383476750608545
mistral-small-24b,g24a_fever_57941,exclude_post,-1,29.241625950298857
mistral-small-24b,g24a_fever_57941,exclude_pre,-1,36.703807554238736
mistral-small-24b,g24a_fever_58175,admit_post,1,99.84603145298401
mistral-small-24b,g24a_fever_58175,admit_pre,1,99.79625006814189
mistral-small-24b,g24a_fever_58175,base,1,98.73181867190054
mistral-small-24b,g24a_fever_58175,exclude_post,1,20.774906791931222
mistral-small-24b,g24a_fever_58175,exclude_pre,1,96.14330973800074
mistral-small-24b,g24a_fever_58896,admit_post,1,99.96220456451604
mistral-small-24b,g24a_fever_58896,admit_pre,1,99.9559176507497
mistral-small-24b,g24a_fever_58896,base,1,99.88563339208407
mistral-small-24b,g24a_fever_58896,exclude_post,1,10.446986141829978
mistral-small-24b,g24a_fever_58896,exclude_pre,1,14.81127429304693
mistral-small-24b,g24a_fever_59603,admit_post,-1,13.225929752728357
mistral-small-24b,g24a_fever_59603,admit_pre,-1,12.519177734977625
mistral-small-24b,g24a_fever_59603,base,-1,12.848508293780277
mistral-small-24b,g24a_fever_59603,exclude_post,-1,44.4802091865478
mistral-small-24b,g24a_fever_59603,exclude_pre,-1,27.176743016130168
mistral-small-24b,g24a_fever_59966,admit_post,-1,0.08186489563444162
mistral-small-24b,g24a_fever_59966,admit_pre,-1,0.10006592429411426
mistral-small-24b,g24a_fever_59966,base,-1,0.10553812915966591
mistral-small-24b,g24a_fever_59966,exclude_post,-1,33.62024507123991
mistral-small-24b,g24a_fever_59966,exclude_pre,-1,2.9111139406313384
mistral-small-24b,g24a_fever_61695,admit_post,-1,1.0087895403971838
mistral-small-24b,g24a_fever_61695,admit_pre,-1,0.8834837364319925
mistral-small-24b,g24a_fever_61695,base,-1,87.80769871360705
mistral-small-24b,g24a_fever_61695,exclude_post,-1,42.0498937726573
mistral-small-24b,g24a_fever_61695,exclude_pre,-1,99.43386178554141
mistral-small-24b,g24a_fever_62053,admit_post,1,82.98927875879002
mistral-small-24b,g24a_fever_62053,admit_pre,1,99.80535376794143
mistral-small-24b,g24a_fever_62053,base,1,98.4032926266546
mistral-small-24b,g24a_fever_62053,exclude_post,1,25.02368924534126
mistral-small-24b,g24a_fever_62053,exclude_pre,1,96.82697575236344
mistral-small-24b,g24a_fever_62355,admit_post,-1,0.556059362650154
mistral-small-24b,g24a_fever_62355,admit_pre,-1,4.248071369791653
mistral-small-24b,g24a_fever_62355,base,-1,0.15507423633967346
mistral-small-24b,g24a_fever_62355,exclude_post,-1,45.089228775542125
mistral-small-24b,g24a_fever_62355,exclude_pre,-1,30.03476447148126
mistral-small-24b,g24a_fever_631,admit_post,-1,0.05837827395559239
mistral-small-24b,g24a_fever_631,admit_pre,-1,0.06379618960019127
mistral-small-24b,g24a_fever_631,base,-1,0.8788322195625864
mistral-small-24b,g24a_fever_631,exclude_post,-1,0.8747368531687977
mistral-small-24b,g24a_fever_631,exclude_pre,-1,0.04276037535955163
mistral-small-24b,g24a_fever_63521,admit_post,1,80.29374312842755
mistral-small-24b,g24a_fever_63521,admit_pre,1,91.08910185519404
mistral-small-24b,g24a_fever_63521,base,1,99.6741597100699
mistral-small-24b,g24a_fever_63521,exclude_post,1,63.64908241200289
mistral-small-24b,g24a_fever_63521,exclude_pre,1,47.3855719707652
mistral-small-24b,g24a_fever_64561,admit_post,-1,0.073629073376658
mistral-small-24b,g24a_fever_64561,admit_pre,-1,0.13176755940319504
mistral-small-24b,g24a_fever_64561,base,-1,0.20957944245666837
mistral-small-24b,g24a_fever_64561,exclude_post,-1,31.802563492800843
mistral-small-24b,g24a_fever_64561,exclude_pre,-1,0.0859144207011709
mistral-small-24b,g24a_fever_65497,admit_post,1,99.17554442101151
mistral-small-24b,g24a_fever_65497,admit_pre,1,98.91569607647999
mistral-small-24b,g24a_fever_65497,base,1,90.43520945803354
mistral-small-24b,g24a_fever_65497,exclude_post,1,54.53337436866826
mistral-small-24b,g24a_fever_65497,exclude_pre,1,26.504572085612185
mistral-small-24b,g24a_fever_66046,admit_post,1,60.3582385699432
mistral-small-24b,g24a_fever_66046,admit_pre,1,99.84617202876655
mistral-small-24b,g24a_fever_66046,base,1,10.682904146707209
mistral-small-24b,g24a_fever_66046,exclude_post,1,25.04575967639265
mistral-small-24b,g24a_fever_66046,exclude_pre,1,29.26843778914686
mistral-small-24b,g24a_fever_66059,admit_post,1,98.73696052189247
mistral-small-24b,g24a_fever_66059,admit_pre,1,99.88484631118958
mistral-small-24b,g24a_fever_66059,base,1,98.70519743983216
mistral-small-24b,g24a_fever_66059,exclude_post,1,29.22235793188009
mistral-small-24b,g24a_fever_66059,exclude_pre,1,37.80065551999649
mistral-small-24b,g24a_fever_67876,admit_post,-1,0.31072130984178165
mistral-small-24b,g24a_fever_67876,admit_pre,-1,0.39027120412186883
mistral-small-24b,g24a_fever_67876,base,-1,1.349090808569632
mistral-small-24b,g24a_fever_67876,exclude_post,-1,39.93711664656986
mistral-small-24b,g24a_fever_67876,exclude_pre,-1,40.041471045501396
mistral-small-24b,g24a_fever_68929,admit_post,-1,0.061918542611637
mistral-small-24b,g24a_fever_68929,admit_pre,-1,0.07479588632527505
mistral-small-24b,g24a_fever_68929,base,-1,0.17870802689640314
mistral-small-24b,g24a_fever_68929,exclude_post,-1,0.03801780288970685
mistral-small-24b,g24a_fever_68929,exclude_pre,-1,0.053071479086977236
mistral-small-24b,g24a_fever_69030,admit_post,1,98.99768734491224
mistral-small-24b,g24a_fever_69030,admit_pre,1,8.242382887929372
mistral-small-24b,g24a_fever_69030,base,1,97.93817459907282
mistral-small-24b,g24a_fever_69030,exclude_post,1,19.269454578206254
mistral-small-24b,g24a_fever_69030,exclude_pre,1,86.1814986519926
mistral-small-24b,g24a_fever_69798,admit_post,-1,0.08913964596605525
mistral-small-24b,g24a_fever_69798,admit_pre,-1,0.5039954797561292
mistral-small-24b,g24a_fever_69798,base,-1,0.06653238012627427
mistral-small-24b,g24a_fever_69798,exclude_post,-1,0.06969083528057905
mistral-small-24b,g24a_fever_69798,exclude_pre,-1,0.09156555530000526
mistral-small-24b,g24a_fever_70604,admit_post,1,98.95400460495114
mistral-small-24b,g24a_fever_70604,admit_pre,1,98.75219995771073
mistral-small-24b,g24a_fever_70604,base,1,99.66085771399048
mistral-small-24b,g24a_fever_70604,exclude_post,1,34.86574339655516
mistral-small-24b,g24a_fever_70604,exclude_pre,1,84.69935661266274
mistral-small-24b,g24a_fever_73113,admit_post,-1,0.05798174576666637
mistral-small-24b,g24a_fever_73113,admit_pre,-1,0.06791430454062367
mistral-small-24b,g24a_fever_73113,base,-1,0.17656018994882253
mistral-small-24b,g24a_fever_73113,exclude_post,-1,5.182223089852883
mistral-small-24b,g24a_fever_73113,exclude_pre,-1,2.0361188865792266
mistral-small-24b,g24a_fever_73372,admit_post,1,99.84217876618658
mistral-small-24b,g24a_fever_73372,admit_pre,1,99.57262473256142
mistral-small-24b,g24a_fever_73372,base,1,99.86925862066693
mistral-small-24b,g24a_fever_73372,exclude_post,1,99.58164491253973
mistral-small-24b,g24a_fever_73372,exclude_pre,1,87.87019821399609
mistral-small-24b,g24a_fever_74188,admit_post,-1,5.65200944967249
mistral-small-24b,g24a_fever_74188,admit_pre,-1,6.78679389951062
mistral-small-24b,g24a_fever_74188,base,-1,0.24224923959373268
mistral-small-24b,g24a_fever_74188,exclude_post,-1,15.591437041100098
mistral-small-24b,g24a_fever_74188,exclude_pre,-1,8.145105263917753
mistral-small-24b,g24a_fever_7419,admit_post,1,97.14835350827182
mistral-small-24b,g24a_fever_7419,admit_pre,1,96.89882222908884
mistral-small-24b,g24a_fever_7419,base,1,99.90384987920257
mistral-small-24b,g24a_fever_7419,exclude_post,1,99.72204243006257
mistral-small-24b,g24a_fever_7419,exclude_pre,1,99.76727672692479
mistral-small-24b,g24a_fever_74645,admit_post,-1,5.239202178323516
mistral-small-24b,g24a_fever_74645,admit_pre,-1,5.158865744413679
mistral-small-24b,g24a_fever_74645,base,-1,0.7893896944965115
mistral-small-24b,g24a_fever_74645,exclude_post,-1,0.221043268823018
mistral-small-24b,g24a_fever_74645,exclude_pre,-1,0.460459245487139
mistral-small-24b,g24a_fever_74961,admit_post,1,98.97280556847471
mistral-small-24b,g24a_fever_74961,admit_pre,1,98.08458357456514
mistral-small-24b,g24a_fever_74961,base,1,96.84917318277891
mistral-small-24b,g24a_fever_74961,exclude_post,1,22.045874804370513
mistral-small-24b,g24a_fever_74961,exclude_pre,1,74.96179051782613
mistral-small-24b,g24a_fever_75393,admit_post,-1,5.449202037775107
mistral-small-24b,g24a_fever_75393,admit_pre,-1,5.209792383810527
mistral-small-24b,g24a_fever_75393,base,-1,9.17515812987808
mistral-small-24b,g24a_fever_75393,exclude_post,-1,3.29885297367485
mistral-small-24b,g24a_fever_75393,exclude_pre,-1,17.56747037354788
mistral-small-24b,g24a_fever_75621,admit_post,-1,0.03544895475696596
mistral-small-24b,g24a_fever_75621,admit_pre,-1,0.03949461256565323
mistral-small-24b,g24a_fever_75621,base,-1,0.2118238534445867
mistral-small-24b,g24a_fever_75621,exclude_post,-1,0.023339289678203628
mistral-small-24b,g24a_fever_75621,exclude_pre,-1,0.037445446909124
mistral-small-24b,g24a_fever_75922,admit_post,1,19.54658902733418
mistral-small-24b,g24a_fever_75922,admit_pre,1,14.293578535718773
mistral-small-24b,g24a_fever_75922,base,1,32.95194761742292
mistral-small-24b,g24a_fever_75922,exclude_post,1,43.00197454107843
mistral-small-24b,g24a_fever_75922,exclude_pre,1,37.831460712462494
mistral-small-24b,g24a_fever_76097,admit_post,-1,0.10276886192014925
mistral-small-24b,g24a_fever_76097,admit_pre,-1,0.21947951775831454
mistral-small-24b,g24a_fever_76097,base,-1,1.1378602989554523
mistral-small-24b,g24a_fever_76097,exclude_post,-1,38.21138938008748
mistral-small-24b,g24a_fever_76097,exclude_pre,-1,89.43794264086624
mistral-small-24b,g24a_fever_77834,admit_post,1,99.39817522343895
mistral-small-24b,g24a_fever_77834,admit_pre,1,99.7928390639633
mistral-small-24b,g24a_fever_77834,base,1,99.77437667588188
mistral-small-24b,g24a_fever_77834,exclude_post,1,17.634784989654325
mistral-small-24b,g24a_fever_77834,exclude_pre,1,87.33374033481424
mistral-small-24b,g24a_fever_78683,admit_post,1,99.9352739996691
mistral-small-24b,g24a_fever_78683,admit_pre,1,99.93041234076107
mistral-small-24b,g24a_fever_78683,base,1,11.935433007075483
mistral-small-24b,g24a_fever_78683,exclude_post,1,7.502691121269728
mistral-small-24b,g24a_fever_78683,exclude_pre,1,26.460181546524826
mistral-small-24b,g24a_fever_79437,admit_post,1,99.22750955258931
mistral-small-24b,g24a_fever_79437,admit_pre,1,99.59437854689683
mistral-small-24b,g24a_fever_79437,base,1,56.42498823600545
mistral-small-24b,g24a_fever_79437,exclude_post,1,17.0360634223345
mistral-small-24b,g24a_fever_79437,exclude_pre,1,31.200618323460926
mistral-small-24b,g24a_fever_80075,admit_post,1,98.586901302073
mistral-small-24b,g24a_fever_80075,admit_pre,1,98.57055108442505
mistral-small-24b,g24a_fever_80075,base,1,99.86759235189548
mistral-small-24b,g24a_fever_80075,exclude_post,1,98.94369255123061
mistral-small-24b,g24a_fever_80075,exclude_pre,1,98.72417036188554
mistral-small-24b,g24a_fever_81029,admit_post,1,99.95078759121792
mistral-small-24b,g24a_fever_81029,admit_pre,1,99.93576702076398
mistral-small-24b,g24a_fever_81029,base,1,1.2405750556982054
mistral-small-24b,g24a_fever_81029,exclude_post,1,12.282523941875256
mistral-small-24b,g24a_fever_81029,exclude_pre,1,37.203432465139095
mistral-small-24b,g24a_fever_81046,admit_post,1,98.87187406476262
mistral-small-24b,g24a_fever_81046,admit_pre,1,99.74838818531337
mistral-small-24b,g24a_fever_81046,base,1,95.9615662244006
mistral-small-24b,g24a_fever_81046,exclude_post,1,27.16431452232032
mistral-small-24b,g24a_fever_81046,exclude_pre,1,23.016438691710306
mistral-small-24b,g24a_fever_82602,admit_post,-1,0.039005263344644055
mistral-small-24b,g24a_fever_82602,admit_pre,-1,0.04830132739518266
mistral-small-24b,g24a_fever_82602,base,-1,0.3762581556909099
mistral-small-24b,g24a_fever_82602,exclude_post,-1,2.36078418304845
mistral-small-24b,g24a_fever_82602,exclude_pre,-1,1.4001642055970462
mistral-small-24b,g24a_fever_83880,admit_post,-1,0.4796878417457457
mistral-small-24b,g24a_fever_83880,admit_pre,-1,0.3611552310516253
mistral-small-24b,g24a_fever_83880,base,-1,1.579151084124194
mistral-small-24b,g24a_fever_83880,exclude_post,-1,29.093832459678804
mistral-small-24b,g24a_fever_83880,exclude_pre,-1,0.6054030260166288
mistral-small-24b,g24a_fever_84274,admit_post,-1,0.03571196258029699
mistral-small-24b,g24a_fever_84274,admit_pre,-1,0.08146749955866558
mistral-small-24b,g24a_fever_84274,base,-1,3.25009157994137
mistral-small-24b,g24a_fever_84274,exclude_post,-1,0.23514936594672767
mistral-small-24b,g24a_fever_84274,exclude_pre,-1,0.26859176870534435
mistral-small-24b,g24a_fever_84775,admit_post,-1,0.05616583377343984
mistral-small-24b,g24a_fever_84775,admit_pre,-1,0.05053776100621777
mistral-small-24b,g24a_fever_84775,base,-1,0.051635929343014274
mistral-small-24b,g24a_fever_84775,exclude_post,-1,0.09446172830202784
mistral-small-24b,g24a_fever_84775,exclude_pre,-1,0.10841557840256845
mistral-small-24b,g24a_fever_84970,admit_post,1,99.87208285324091
mistral-small-24b,g24a_fever_84970,admit_pre,1,99.86326191429617
mistral-small-24b,g24a_fever_84970,base,1,28.68037823451472
mistral-small-24b,g24a_fever_84970,exclude_post,1,17.358258178330274
mistral-small-24b,g24a_fever_84970,exclude_pre,1,45.2474644565728
mistral-small-24b,g24a_fever_88150,admit_post,1,99.94061817966201
mistral-small-24b,g24a_fever_88150,admit_pre,1,99.95873764463799
mistral-small-24b,g24a_fever_88150,base,1,99.88446222212026
mistral-small-24b,g24a_fever_88150,exclude_post,1,94.00421702499418
mistral-small-24b,g24a_fever_88150,exclude_pre,1,99.56041974966776
mistral-small-24b,g24a_fever_88251,admit_post,-1,5.674002438421789
mistral-small-24b,g24a_fever_88251,admit_pre,-1,9.557345453015959
mistral-small-24b,g24a_fever_88251,base,-1,0.3330651054225798
mistral-small-24b,g24a_fever_88251,exclude_post,-1,39.55349339711797
mistral-small-24b,g24a_fever_88251,exclude_pre,-1,13.4119892472214
mistral-small-24b,g24a_fever_89213,admit_post,-1,9.273991463537097
mistral-small-24b,g24a_fever_89213,admit_pre,-1,10.568992699381711
mistral-small-24b,g24a_fever_89213,base,-1,44.68892488971363
mistral-small-24b,g24a_fever_89213,exclude_post,-1,24.39655266320275
mistral-small-24b,g24a_fever_89213,exclude_pre,-1,49.17387739421792
mistral-small-24b,g24a_fever_89681,admit_post,-1,0.3364414471229585
mistral-small-24b,g24a_fever_89681,admit_pre,-1,0.42641454198440365
mistral-small-24b,g24a_fever_89681,base,-1,0.12263643996308432
mistral-small-24b,g24a_fever_89681,exclude_post,-1,0.17743743105049972
mistral-small-24b,g24a_fever_89681,exclude_pre,-1,0.22750218056699875
mistral-small-24b,g24a_fever_89771,admit_post,1,99.12782710158393
mistral-small-24b,g24a_fever_89771,admit_pre,1,99.03019100669697
mistral-small-24b,g24a_fever_89771,base,1,37.540935282972114
mistral-small-24b,g24a_fever_89771,exclude_post,1,14.541553198720512
mistral-small-24b,g24a_fever_89771,exclude_pre,1,38.04936115791483
mistral-small-24b,g24a_fever_90446,admit_post,-1,0.08202443205735249
mistral-small-24b,g24a_fever_90446,admit_pre,-1,0.07805400150464901
mistral-small-24b,g24a_fever_90446,base,-1,0.2229821536805391
mistral-small-24b,g24a_fever_90446,exclude_post,-1,0.1492880392142647
mistral-small-24b,g24a_fever_90446,exclude_pre,-1,4.264045252979695
mistral-small-24b,g24a_fever_91599,admit_post,1,99.9675237576593
mistral-small-24b,g24a_fever_91599,admit_pre,1,99.9689726015942
mistral-small-24b,g24a_fever_91599,base,1,99.8952927895094
mistral-small-24b,g24a_fever_91599,exclude_post,1,81.52244045422088
mistral-small-24b,g24a_fever_91599,exclude_pre,1,99.86644919178265
mistral-small-24b,g24a_fever_91767,admit_post,-1,0.6873958241250177
mistral-small-24b,g24a_fever_91767,admit_pre,-1,2.0587825256225325
mistral-small-24b,g24a_fever_91767,base,-1,1.2445066483736962
mistral-small-24b,g24a_fever_91767,exclude_post,-1,0.516229436880568
mistral-small-24b,g24a_fever_91767,exclude_pre,-1,26.455512079628946
mistral-small-24b,g24a_fever_91973,admit_post,-1,0.06984966070364731
mistral-small-24b,g24a_fever_91973,admit_pre,-1,0.13578793865838237
mistral-small-24b,g24a_fever_91973,base,-1,0.13706549401108992
mistral-small-24b,g24a_fever_91973,exclude_post,-1,2.729830040140286
mistral-small-24b,g24a_fever_91973,exclude_pre,-1,2.236909931215672
mistral-small-24b,g24a_fever_92374,admit_post,1,98.85297258898453
mistral-small-24b,g24a_fever_92374,admit_pre,1,91.72914354679176
mistral-small-24b,g24a_fever_92374,base,1,99.50742308800787
mistral-small-24b,g24a_fever_92374,exclude_post,1,24.716643830964426
mistral-small-24b,g24a_fever_92374,exclude_pre,1,32.21985880498576
mistral-small-24b,g24a_fever_92430,admit_post,-1,0.048830167398744254
mistral-small-24b,g24a_fever_92430,admit_pre,-1,0.07125501217192302
mistral-small-24b,g24a_fever_92430,base,-1,0.0458004487878269
mistral-small-24b,g24a_fever_92430,exclude_post,-1,0.03287498876069637
mistral-small-24b,g24a_fever_92430,exclude_pre,-1,1.0971740857833938
mistral-small-24b,g24a_fever_93018,admit_post,-1,0.06447891838017611
mistral-small-24b,g24a_fever_93018,admit_pre,-1,0.4001100393820321
mistral-small-24b,g24a_fever_93018,base,-1,0.4094124078238324
mistral-small-24b,g24a_fever_93018,exclude_post,-1,9.418818348291046
mistral-small-24b,g24a_fever_93018,exclude_pre,-1,0.09432300063609417
mistral-small-24b,g24a_fever_93646,admit_post,-1,0.17641160151816052
mistral-small-24b,g24a_fever_93646,admit_pre,-1,0.2564225970777026
mistral-small-24b,g24a_fever_93646,base,-1,3.4942049394065493
mistral-small-24b,g24a_fever_93646,exclude_post,-1,21.504758903614484
mistral-small-24b,g24a_fever_93646,exclude_pre,-1,0.16273321350535602
mistral-small-24b,g24a_fever_93855,admit_post,-1,96.89538625231744
mistral-small-24b,g24a_fever_93855,admit_pre,-1,96.89389603075927
mistral-small-24b,g24a_fever_93855,base,-1,99.67655457367385
mistral-small-24b,g24a_fever_93855,exclude_post,-1,27.747607564221838
mistral-small-24b,g24a_fever_93855,exclude_pre,-1,27.056409786580684
mistral-small-24b,g24a_fever_94500,admit_post,1,99.77321256035317
mistral-small-24b,g24a_fever_94500,admit_pre,1,99.89813099275298
mistral-small-24b,g24a_fever_94500,base,1,12.296153726513767
mistral-small-24b,g24a_fever_94500,exclude_post,1,24.98139280735277
mistral-small-24b,g24a_fever_94500,exclude_pre,1,85.09501559266428
mistral-small-24b,g24a_fever_94918,admit_post,-1,0.044318703539018546
mistral-small-24b,g24a_fever_94918,admit_pre,-1,0.050250529866416885
mistral-small-24b,g24a_fever_94918,base,-1,0.13331316497951773
mistral-small-24b,g24a_fever_94918,exclude_post,-1,0.04525471509222492
mistral-small-24b,g24a_fever_94918,exclude_pre,-1,0.07191160869598479
mistral-small-24b,g24a_fever_95056,admit_post,1,89.30709161708026
mistral-small-24b,g24a_fever_95056,admit_pre,1,89.6687947565847
mistral-small-24b,g24a_fever_95056,base,1,89.0791188946157
mistral-small-24b,g24a_fever_95056,exclude_post,1,28.568003985329206
mistral-small-24b,g24a_fever_95056,exclude_pre,1,29.156892814032442
mistral-small-24b,g24a_fever_9532,admit_post,1,99.76501151763259
mistral-small-24b,g24a_fever_9532,admit_pre,1,99.92551775375176
mistral-small-24b,g24a_fever_9532,base,1,99.82816115195112
mistral-small-24b,g24a_fever_9532,exclude_post,1,23.65273794269816
mistral-small-24b,g24a_fever_9532,exclude_pre,1,76.98006292682655
mistral-small-24b,g24a_fever_9533,admit_post,1,99.91356017446422
mistral-small-24b,g24a_fever_9533,admit_pre,1,98.98740772233447
mistral-small-24b,g24a_fever_9533,base,1,99.67615813441137
mistral-small-24b,g24a_fever_9533,exclude_post,1,27.46584806507347
mistral-small-24b,g24a_fever_9533,exclude_pre,1,47.88514426232499
mistral-small-24b,g24a_fever_95518,admit_post,-1,0.5405578368261446
mistral-small-24b,g24a_fever_95518,admit_pre,-1,0.8844236292564804
mistral-small-24b,g24a_fever_95518,base,-1,2.214081654570803
mistral-small-24b,g24a_fever_95518,exclude_post,-1,42.534308912777874
mistral-small-24b,g24a_fever_95518,exclude_pre,-1,21.202302809759512
mistral-small-24b,g24a_fever_96576,admit_post,1,99.84120635290644
mistral-small-24b,g24a_fever_96576,admit_pre,1,99.66756116351223
mistral-small-24b,g24a_fever_96576,base,1,99.31706342606236
mistral-small-24b,g24a_fever_96576,exclude_post,1,24.621572483546906
mistral-small-24b,g24a_fever_96576,exclude_pre,1,27.3860092596991
mistral-small-24b,g24a_fever_9762,admit_post,1,99.9230247785088
mistral-small-24b,g24a_fever_9762,admit_pre,1,99.58139992047138
mistral-small-24b,g24a_fever_9762,base,1,98.95157520565257
mistral-small-24b,g24a_fever_9762,exclude_post,1,93.80634478699044
mistral-small-24b,g24a_fever_9762,exclude_pre,1,88.15553453816841
mistral-small-24b,g24a_fever_97886,admit_post,-1,0.07228483962302262
mistral-small-24b,g24a_fever_97886,admit_pre,-1,0.036993507988499624
mistral-small-24b,g24a_fever_97886,base,-1,0.051063528108419194
mistral-small-24b,g24a_fever_97886,exclude_post,-1,0.023784880030903923
mistral-small-24b,g24a_fever_97886,exclude_pre,-1,0.0948582596183437
mistral-small-24b,g24a_fever_98810,admit_post,1,99.26580410436202
mistral-small-24b,g24a_fever_98810,admit_pre,1,42.262053959950464
mistral-small-24b,g24a_fever_98810,base,1,62.5712431535698
mistral-small-24b,g24a_fever_98810,exclude_post,1,24.531693952275166
mistral-small-24b,g24a_fever_98810,exclude_pre,1,6.495215986435511
mistral-small-24b,g24a_fever_99060,admit_post,-1,0.21222832371083966
mistral-small-24b,g24a_fever_99060,admit_pre,-1,0.24118479756658115
mistral-small-24b,g24a_fever_99060,base,-1,0.15622657009623434
mistral-small-24b,g24a_fever_99060,exclude_post,-1,32.3214027817647
mistral-small-24b,g24a_fever_99060,exclude_pre,-1,6.386766288195926
mistral-small-24b,g24a_scifact_1015,admit_post,1,89.14951050375853
mistral-small-24b,g24a_scifact_1015,admit_pre,1,93.5157000752802
mistral-small-24b,g24a_scifact_1015,base,1,87.48675907475669
mistral-small-24b,g24a_scifact_1015,exclude_post,1,6.548718567691022
mistral-small-24b,g24a_scifact_1015,exclude_pre,1,26.184923365860705
mistral-small-24b,g24a_scifact_1018,admit_post,1,89.19080069307225
mistral-small-24b,g24a_scifact_1018,admit_pre,1,87.99566677967198
mistral-small-24b,g24a_scifact_1018,base,1,53.061687553671554
mistral-small-24b,g24a_scifact_1018,exclude_post,1,33.61534900931618
mistral-small-24b,g24a_scifact_1018,exclude_pre,1,28.737856683650445
mistral-small-24b,g24a_scifact_1042,admit_post,-1,79.99029432974355
mistral-small-24b,g24a_scifact_1042,admit_pre,-1,17.728135952558553
mistral-small-24b,g24a_scifact_1042,base,-1,58.98705486831034
mistral-small-24b,g24a_scifact_1042,exclude_post,-1,23.22561047526255
mistral-small-24b,g24a_scifact_1042,exclude_pre,-1,23.71117850902695
mistral-small-24b,g24a_scifact_1043,admit_post,1,93.7907556791503
mistral-small-24b,g24a_scifact_1043,admit_pre,1,91.06661698005644
mistral-small-24b,g24a_scifact_1043,base,1,55.528802241789
mistral-small-24b,g24a_scifact_1043,exclude_post,1,23.59379751896887
mistral-small-24b,g24a_scifact_1043,exclude_pre,1,4.425017950863893
mistral-small-24b,g24a_scifact_1044,admit_post,1,90.72287475667972
mistral-small-24b,g24a_scifact_1044,admit_pre,1,86.74545590306391
mistral-small-24b,g24a_scifact_1044,base,1,39.13783858536705
mistral-small-24b,g24a_scifact_1044,exclude_post,1,15.961545283114898
mistral-small-24b,g24a_scifact_1044,exclude_pre,1,4.162249263160744
mistral-small-24b,g24a_scifact_1050,admit_post,-1,0.21508922662496324
mistral-small-24b,g24a_scifact_1050,admit_pre,-1,0.1668863169371285
mistral-small-24b,g24a_scifact_1050,base,-1,8.062459013253081
mistral-small-24b,g24a_scifact_1050,exclude_post,-1,0.04445074353241699
mistral-small-24b,g24a_scifact_1050,exclude_pre,-1,20.322625939163796
mistral-small-24b,g24a_scifact_1062,admit_post,1,90.21950541523971
mistral-small-24b,g24a_scifact_1062,admit_pre,1,88.20917872470008
mistral-small-24b,g24a_scifact_1062,base,1,69.4758658398984
mistral-small-24b,g24a_scifact_1062,exclude_post,1,14.009756580635546
mistral-small-24b,g24a_scifact_1062,exclude_pre,1,10.442011550451532
mistral-small-24b,g24a_scifact_1069,admit_post,1,90.54632191346757
mistral-small-24b,g24a_scifact_1069,admit_pre,1,89.09464665137656
mistral-small-24b,g24a_scifact_1069,base,1,58.649892744057674
mistral-small-24b,g24a_scifact_1069,exclude_post,1,22.789253676264234
mistral-small-24b,g24a_scifact_1069,exclude_pre,1,2.6091838530494593
mistral-small-24b,g24a_scifact_1086,admit_post,1,92.56804804527357
mistral-small-24b,g24a_scifact_1086,admit_pre,1,90.60390713685199
mistral-small-24b,g24a_scifact_1086,base,1,89.05325487602425
mistral-small-24b,g24a_scifact_1086,exclude_post,1,19.79125352441947
mistral-small-24b,g24a_scifact_1086,exclude_pre,1,7.027200356278131
mistral-small-24b,g24a_scifact_1087,admit_post,-1,7.746819418579237
mistral-small-24b,g24a_scifact_1087,admit_pre,-1,7.494607701419933
mistral-small-24b,g24a_scifact_1087,base,-1,9.244911749916291
mistral-small-24b,g24a_scifact_1087,exclude_post,-1,14.42425083427429
mistral-small-24b,g24a_scifact_1087,exclude_pre,-1,1.1282862812446863
mistral-small-24b,g24a_scifact_1088,admit_post,-1,90.51771761560354
mistral-small-24b,g24a_scifact_1088,admit_pre,-1,89.77128289533431
mistral-small-24b,g24a_scifact_1088,base,-1,16.755421769028942
mistral-small-24b,g24a_scifact_1088,exclude_post,-1,27.763940202138834
mistral-small-24b,g24a_scifact_1088,exclude_pre,-1,10.529466022586071
mistral-small-24b,g24a_scifact_1101,admit_post,-1,98.2227077669823
mistral-small-24b,g24a_scifact_1101,admit_pre,-1,89.13043645833224
mistral-small-24b,g24a_scifact_1101,base,-1,63.537560322109506
mistral-small-24b,g24a_scifact_1101,exclude_post,-1,21.82809718168309
mistral-small-24b,g24a_scifact_1101,exclude_pre,-1,74.31606363669499
mistral-small-24b,g24a_scifact_1102,admit_post,1,92.21507767895848
mistral-small-24b,g24a_scifact_1102,admit_pre,1,90.7836030116515
mistral-small-24b,g24a_scifact_1102,base,1,66.00090517777252
mistral-small-24b,g24a_scifact_1102,exclude_post,1,21.385616795178745
mistral-small-24b,g24a_scifact_1102,exclude_pre,1,89.42390699400998
mistral-small-24b,g24a_scifact_1107,admit_post,1,77.732922727113
mistral-small-24b,g24a_scifact_1107,admit_pre,1,74.80213867912978
mistral-small-24b,g24a_scifact_1107,base,1,88.73009646205713
mistral-small-24b,g24a_scifact_1107,exclude_post,1,25.32164980839867
mistral-small-24b,g24a_scifact_1107,exclude_pre,1,34.12944093829342
mistral-small-24b,g24a_scifact_1110,admit_post,-1,78.02018402243105
mistral-small-24b,g24a_scifact_1110,admit_pre,-1,15.541017625282699
mistral-small-24b,g24a_scifact_1110,base,-1,52.12156206375769
mistral-small-24b,g24a_scifact_1110,exclude_post,-1,12.435312846932291
mistral-small-24b,g24a_scifact_1110,exclude_pre,-1,13.434089826080104
mistral-small-24b,g24a_scifact_1121,admit_post,1,97.78506061866702
mistral-small-24b,g24a_scifact_1121,admit_pre,1,91.4284601649199
mistral-small-24b,g24a_scifact_1121,base,1,76.0299087488185
mistral-small-24b,g24a_scifact_1121,exclude_post,1,17.08020335925164
mistral-small-24b,g24a_scifact_1121,exclude_pre,1,25.132049514952264
mistral-small-24b,g24a_scifact_1127,admit_post,1,89.34617668727964
mistral-small-24b,g24a_scifact_1127,admit_pre,1,84.14048873483448
mistral-small-24b,g24a_scifact_1127,base,1,89.02920308426694
mistral-small-24b,g24a_scifact_1127,exclude_post,1,37.962347821322744
mistral-small-24b,g24a_scifact_1127,exclude_pre,1,82.87328573933179
mistral-small-24b,g24a_scifact_1128,admit_post,1,77.66027357442186
mistral-small-24b,g24a_scifact_1128,admit_pre,1,77.3511263115285
mistral-small-24b,g24a_scifact_1128,base,1,75.96328119094139
mistral-small-24b,g24a_scifact_1128,exclude_post,1,19.589248523498462
mistral-small-24b,g24a_scifact_1128,exclude_pre,1,33.987148022584506
mistral-small-24b,g24a_scifact_1130,admit_post,-1,6.3801195172988265
mistral-small-24b,g24a_scifact_1130,admit_pre,-1,4.33899758590871
mistral-small-24b,g24a_scifact_1130,base,-1,12.937839168811374
mistral-small-24b,g24a_scifact_1130,exclude_post,-1,45.73845159642904
mistral-small-24b,g24a_scifact_1130,exclude_pre,-1,89.73446894362596
mistral-small-24b,g24a_scifact_1132,admit_post,1,82.54467781196031
mistral-small-24b,g24a_scifact_1132,admit_pre,1,76.60909055983662
mistral-small-24b,g24a_scifact_1132,base,1,56.24028356410485
mistral-small-24b,g24a_scifact_1132,exclude_post,1,7.659225053912944
mistral-small-24b,g24a_scifact_1132,exclude_pre,1,15.479906313390018
mistral-small-24b,g24a_scifact_114,admit_post,1,86.0680967279241
mistral-small-24b,g24a_scifact_114,admit_pre,1,80.02615046590569
mistral-small-24b,g24a_scifact_114,base,1,90.32115085242673
mistral-small-24b,g24a_scifact_114,exclude_post,1,11.16620845008984
mistral-small-24b,g24a_scifact_114,exclude_pre,1,46.712410911202774
mistral-small-24b,g24a_scifact_1146,admit_post,1,78.09876177074324
mistral-small-24b,g24a_scifact_1146,admit_pre,1,72.79843142114417
mistral-small-24b,g24a_scifact_1146,base,1,19.9972751293078
mistral-small-24b,g24a_scifact_1146,exclude_post,1,45.466438589662694
mistral-small-24b,g24a_scifact_1146,exclude_pre,1,41.66402900873584
mistral-small-24b,g24a_scifact_1148,admit_post,1,91.11834138770844
mistral-small-24b,g24a_scifact_1148,admit_pre,1,89.71351879481011
mistral-small-24b,g24a_scifact_1148,base,1,84.38092646034585
mistral-small-24b,g24a_scifact_1148,exclude_post,1,62.395769201347775
mistral-small-24b,g24a_scifact_1148,exclude_pre,1,84.32377256705325
mistral-small-24b,g24a_scifact_115,admit_post,-1,23.626702300861005
mistral-small-24b,g24a_scifact_115,admit_pre,-1,17.861567822635124
mistral-small-24b,g24a_scifact_115,base,-1,6.11613392786021
mistral-small-24b,g24a_scifact_115,exclude_post,-1,5.128708383830506
mistral-small-24b,g24a_scifact_115,exclude_pre,-1,4.1416140739432326
mistral-small-24b,g24a_scifact_116,admit_post,1,86.59208202388926
mistral-small-24b,g24a_scifact_116,admit_pre,1,83.24998308997996
mistral-small-24b,g24a_scifact_116,base,1,75.83644879623073
mistral-small-24b,g24a_scifact_116,exclude_post,1,18.267656698260684
mistral-small-24b,g24a_scifact_116,exclude_pre,1,37.90126662044962
mistral-small-24b,g24a_scifact_1162,admit_post,1,95.36431950057909
mistral-small-24b,g24a_scifact_1162,admit_pre,1,91.1028028728158
mistral-small-24b,g24a_scifact_1162,base,1,66.33135988246198
mistral-small-24b,g24a_scifact_1162,exclude_post,1,37.559349791877025
mistral-small-24b,g24a_scifact_1162,exclude_pre,1,37.40692592651778
mistral-small-24b,g24a_scifact_1163,admit_post,1,83.71767472958737
mistral-small-24b,g24a_scifact_1163,admit_pre,1,74.40829995549421
mistral-small-24b,g24a_scifact_1163,base,1,74.14955093006645
mistral-small-24b,g24a_scifact_1163,exclude_post,1,21.135994477326747
mistral-small-24b,g24a_scifact_1163,exclude_pre,1,48.6736745409066
mistral-small-24b,g24a_scifact_1176,admit_post,1,99.14148825415953
mistral-small-24b,g24a_scifact_1176,admit_pre,1,99.12761068691287
mistral-small-24b,g24a_scifact_1176,base,1,91.958958153481
mistral-small-24b,g24a_scifact_1176,exclude_post,1,17.981211649298736
mistral-small-24b,g24a_scifact_1176,exclude_pre,1,55.20022025493606
mistral-small-24b,g24a_scifact_1177,admit_post,1,98.67583842651055
mistral-small-24b,g24a_scifact_1177,admit_pre,1,94.34385214680636
mistral-small-24b,g24a_scifact_1177,base,1,75.28533664272804
mistral-small-24b,g24a_scifact_1177,exclude_post,1,15.707608703987855
mistral-small-24b,g24a_scifact_1177,exclude_pre,1,22.273327318644903
mistral-small-24b,g24a_scifact_118,admit_post,1,94.54056185138079
mistral-small-24b,g24a_scifact_118,admit_pre,1,93.50238218146289
mistral-small-24b,g24a_scifact_118,base,1,88.28216983360792
mistral-small-24b,g24a_scifact_118,exclude_post,1,16.103056958079144
mistral-small-24b,g24a_scifact_118,exclude_pre,1,83.56658693453917
mistral-small-24b,g24a_scifact_1180,admit_post,1,98.21788143594527
mistral-small-24b,g24a_scifact_1180,admit_pre,1,97.90365758070348
mistral-small-24b,g24a_scifact_1180,base,1,96.86348146020445
mistral-small-24b,g24a_scifact_1180,exclude_post,1,38.91207415701917
mistral-small-24b,g24a_scifact_1180,exclude_pre,1,83.27901010250791
mistral-small-24b,g24a_scifact_1182,admit_post,1,91.79062196116833
mistral-small-24b,g24a_scifact_1182,admit_pre,1,92.00068564566664
mistral-small-24b,g24a_scifact_1182,base,1,96.33400928103676
mistral-small-24b,g24a_scifact_1182,exclude_post,1,47.277716346473376
mistral-small-24b,g24a_scifact_1182,exclude_pre,1,51.38202686560628
mistral-small-24b,g24a_scifact_1187,admit_post,1,86.39578793560209
mistral-small-24b,g24a_scifact_1187,admit_pre,1,86.1558382561479
mistral-small-24b,g24a_scifact_1187,base,1,91.81301539731788
mistral-small-24b,g24a_scifact_1187,exclude_post,1,13.321146181089773
mistral-small-24b,g24a_scifact_1187,exclude_pre,1,85.02273792708695
mistral-small-24b,g24a_scifact_1202,admit_post,1,93.74686623446793
mistral-small-24b,g24a_scifact_1202,admit_pre,1,92.42978647031708
mistral-small-24b,g24a_scifact_1202,base,1,23.17800546848054
mistral-small-24b,g24a_scifact_1202,exclude_post,1,22.519707594452655
mistral-small-24b,g24a_scifact_1202,exclude_pre,1,20.555317122070363
mistral-small-24b,g24a_scifact_1220,admit_post,1,95.56867897795445
mistral-small-24b,g24a_scifact_1220,admit_pre,1,89.91288797451257
mistral-small-24b,g24a_scifact_1220,base,1,85.89252445935685
mistral-small-24b,g24a_scifact_1220,exclude_post,1,15.446523027597797
mistral-small-24b,g24a_scifact_1220,exclude_pre,1,49.788101767200665
mistral-small-24b,g24a_scifact_1223,admit_post,-1,78.35758935457562
mistral-small-24b,g24a_scifact_1223,admit_pre,-1,78.36280434083957
mistral-small-24b,g24a_scifact_1223,base,-1,55.852328763499685
mistral-small-24b,g24a_scifact_1223,exclude_post,-1,43.11350093040451
mistral-small-24b,g24a_scifact_1223,exclude_pre,-1,41.66796482990644
mistral-small-24b,g24a_scifact_1229,admit_post,1,87.19060496049381
mistral-small-24b,g24a_scifact_1229,admit_pre,1,83.67339756368452
mistral-small-24b,g24a_scifact_1229,base,1,75.5983593435215
mistral-small-24b,g24a_scifact_1229,exclude_post,1,41.24138522820471
mistral-small-24b,g24a_scifact_1229,exclude_pre,1,76.53870120107463
mistral-small-24b,g24a_scifact_1237,admit_post,-1,11.986590917345806
mistral-small-24b,g24a_scifact_1237,admit_pre,-1,10.33793854375391
mistral-small-24b,g24a_scifact_1237,base,-1,13.5953290344617
mistral-small-24b,g24a_scifact_1237,exclude_post,-1,2.1502635704252486
mistral-small-24b,g24a_scifact_1237,exclude_pre,-1,2.9827418109592614
mistral-small-24b,g24a_scifact_1238,admit_post,1,87.54377648138234
mistral-small-24b,g24a_scifact_1238,admit_pre,1,93.55055754124119
mistral-small-24b,g24a_scifact_1238,base,1,91.4505784036391
mistral-small-24b,g24a_scifact_1238,exclude_post,1,78.9734156513362
mistral-small-24b,g24a_scifact_1238,exclude_pre,1,80.43453640200185
mistral-small-24b,g24a_scifact_1239,admit_post,-1,10.393212983101211
mistral-small-24b,g24a_scifact_1239,admit_pre,-1,10.413145795776321
mistral-small-24b,g24a_scifact_1239,base,-1,1.6164126332082362
mistral-small-24b,g24a_scifact_1239,exclude_post,-1,0.8512225984078428
mistral-small-24b,g24a_scifact_1239,exclude_pre,-1,1.9887046475358592
mistral-small-24b,g24a_scifact_1241,admit_post,1,96.3656338640619
mistral-small-24b,g24a_scifact_1241,admit_pre,1,94.71169310857827
mistral-small-24b,g24a_scifact_1241,base,1,99.34539938910382
mistral-small-24b,g24a_scifact_1241,exclude_post,1,50.66092447913647
mistral-small-24b,g24a_scifact_1241,exclude_pre,1,61.74868443884667
mistral-small-24b,g24a_scifact_1246,admit_post,-1,2.8718611426732576
mistral-small-24b,g24a_scifact_1246,admit_pre,-1,3.158065994077735
mistral-small-24b,g24a_scifact_1246,base,-1,10.851910901624791
mistral-small-24b,g24a_scifact_1246,exclude_post,-1,18.501337365925533
mistral-small-24b,g24a_scifact_1246,exclude_pre,-1,21.316461476847063
mistral-small-24b,g24a_scifact_1248,admit_post,1,97.76147779687199
mistral-small-24b,g24a_scifact_1248,admit_pre,1,94.53014638887954
mistral-small-24b,g24a_scifact_1248,base,1,88.89936501729056
mistral-small-24b,g24a_scifact_1248,exclude_post,1,23.894903198862565
mistral-small-24b,g24a_scifact_1248,exclude_pre,1,20.658349391285732
mistral-small-24b,g24a_scifact_1249,admit_post,-1,8.928962346160544
mistral-small-24b,g24a_scifact_1249,admit_pre,-1,9.338429660671885
mistral-small-24b,g24a_scifact_1249,base,-1,12.573247725908097
mistral-small-24b,g24a_scifact_1249,exclude_post,-1,3.2850150663780195
mistral-small-24b,g24a_scifact_1249,exclude_pre,-1,1.7594565641383655
mistral-small-24b,g24a_scifact_1254,admit_post,1,95.94744947758448
mistral-small-24b,g24a_scifact_1254,admit_pre,1,90.57653134490309
mistral-small-24b,g24a_scifact_1254,base,1,87.92968517687041
mistral-small-24b,g24a_scifact_1254,exclude_post,1,37.29241383535987
mistral-small-24b,g24a_scifact_1254,exclude_pre,1,66.95721046435689
mistral-small-24b,g24a_scifact_1258,admit_post,1,80.61118259269705
mistral-small-24b,g24a_scifact_1258,admit_pre,1,40.73993363612013
mistral-small-24b,g24a_scifact_1258,base,1,33.90883575092737
mistral-small-24b,g24a_scifact_1258,exclude_post,1,37.141685185998455
mistral-small-24b,g24a_scifact_1258,exclude_pre,1,36.95085057137598
mistral-small-24b,g24a_scifact_1259,admit_post,1,92.23560370960723
mistral-small-24b,g24a_scifact_1259,admit_pre,1,89.66169588899052
mistral-small-24b,g24a_scifact_1259,base,1,87.96234098267378
mistral-small-24b,g24a_scifact_1259,exclude_post,1,18.794276689475858
mistral-small-24b,g24a_scifact_1259,exclude_pre,1,26.23266367114473
mistral-small-24b,g24a_scifact_1260,admit_post,-1,1.2912024426207092
mistral-small-24b,g24a_scifact_1260,admit_pre,-1,6.870651652596558
mistral-small-24b,g24a_scifact_1260,base,-1,5.815836450772547
mistral-small-24b,g24a_scifact_1260,exclude_post,-1,33.42960712452322
mistral-small-24b,g24a_scifact_1260,exclude_pre,-1,8.055735067111222
mistral-small-24b,g24a_scifact_1261,admit_post,-1,85.87780893232984
mistral-small-24b,g24a_scifact_1261,admit_pre,-1,87.55975764230273
mistral-small-24b,g24a_scifact_1261,base,-1,58.86557553763436
mistral-small-24b,g24a_scifact_1261,exclude_post,-1,12.085171928367185
mistral-small-24b,g24a_scifact_1261,exclude_pre,-1,38.790972461401374
mistral-small-24b,g24a_scifact_1262,admit_post,1,87.31271226654634
mistral-small-24b,g24a_scifact_1262,admit_pre,1,91.24228225855688
mistral-small-24b,g24a_scifact_1262,base,1,88.99842818587157
mistral-small-24b,g24a_scifact_1262,exclude_post,1,34.68306184746886
mistral-small-24b,g24a_scifact_1262,exclude_pre,1,33.31439294716171
mistral-small-24b,g24a_scifact_1263,admit_post,1,99.34301347001418
mistral-small-24b,g24a_scifact_1263,admit_pre,1,98.56234261859724
mistral-small-24b,g24a_scifact_1263,base,1,92.56519977954778
mistral-small-24b,g24a_scifact_1263,exclude_post,1,28.41032649645039
mistral-small-24b,g24a_scifact_1263,exclude_pre,1,84.97069172162874
mistral-small-24b,g24a_scifact_1271,admit_post,1,94.95276794646144
mistral-small-24b,g24a_scifact_1271,admit_pre,1,93.05234768724918
mistral-small-24b,g24a_scifact_1271,base,1,88.29455764586658
mistral-small-24b,g24a_scifact_1271,exclude_post,1,28.60352980242903
mistral-small-24b,g24a_scifact_1271,exclude_pre,1,72.13190170091427
mistral-small-24b,g24a_scifact_1273,admit_post,1,91.66783703070585
mistral-small-24b,g24a_scifact_1273,admit_pre,1,96.48930143832719
mistral-small-24b,g24a_scifact_1273,base,1,73.95062217913487
mistral-small-24b,g24a_scifact_1273,exclude_post,1,5.908277072108989
mistral-small-24b,g24a_scifact_1273,exclude_pre,1,61.14551238381502
mistral-small-24b,g24a_scifact_1274,admit_post,1,95.01816267193531
mistral-small-24b,g24a_scifact_1274,admit_pre,1,93.50198539762886
mistral-small-24b,g24a_scifact_1274,base,1,90.4951236439516
mistral-small-24b,g24a_scifact_1274,exclude_post,1,7.741755505168592
mistral-small-24b,g24a_scifact_1274,exclude_pre,1,20.886149105103858
mistral-small-24b,g24a_scifact_1303,admit_post,-1,9.039071926652047
mistral-small-24b,g24a_scifact_1303,admit_pre,-1,13.034882058298185
mistral-small-24b,g24a_scifact_1303,base,-1,4.970092945271696
mistral-small-24b,g24a_scifact_1303,exclude_post,-1,43.207695564707464
mistral-small-24b,g24a_scifact_1303,exclude_pre,-1,42.50499722727246
mistral-small-24b,g24a_scifact_1305,admit_post,1,95.57474023744555
mistral-small-24b,g24a_scifact_1305,admit_pre,1,97.59604742517358
mistral-small-24b,g24a_scifact_1305,base,1,87.9269045626991
mistral-small-24b,g24a_scifact_1305,exclude_post,1,16.666305209142404
mistral-small-24b,g24a_scifact_1305,exclude_pre,1,8.978266440321454
mistral-small-24b,g24a_scifact_1311,admit_post,1,93.30828685132707
mistral-small-24b,g24a_scifact_1311,admit_pre,1,90.29087773137218
mistral-small-24b,g24a_scifact_1311,base,1,82.60029268089622
mistral-small-24b,g24a_scifact_1311,exclude_post,1,56.91600471239951
mistral-small-24b,g24a_scifact_1311,exclude_pre,1,35.81056525211965
mistral-small-24b,g24a_scifact_1319,admit_post,1,91.46931629780875
mistral-small-24b,g24a_scifact_1319,admit_pre,1,89.24278382413188
mistral-small-24b,g24a_scifact_1319,base,1,87.60501893001643
mistral-small-24b,g24a_scifact_1319,exclude_post,1,18.993102071697557
mistral-small-24b,g24a_scifact_1319,exclude_pre,1,41.84030119816076
mistral-small-24b,g24a_scifact_1320,admit_post,-1,16.621091602176975
mistral-small-24b,g24a_scifact_1320,admit_pre,-1,9.622319340327582
mistral-small-24b,g24a_scifact_1320,base,-1,19.033183322429334
mistral-small-24b,g24a_scifact_1320,exclude_post,-1,42.54054139460004
mistral-small-24b,g24a_scifact_1320,exclude_pre,-1,49.305302531767346
mistral-small-24b,g24a_scifact_1322,admit_post,1,93.42424070404205
mistral-small-24b,g24a_scifact_1322,admit_pre,1,88.7227442975438
mistral-small-24b,g24a_scifact_1322,base,1,86.80068337168721
mistral-small-24b,g24a_scifact_1322,exclude_post,1,19.944009785820192
mistral-small-24b,g24a_scifact_1322,exclude_pre,1,43.30450068370723
mistral-small-24b,g24a_scifact_1328,admit_post,1,94.33316004696586
mistral-small-24b,g24a_scifact_1328,admit_pre,1,92.09427778357302
mistral-small-24b,g24a_scifact_1328,base,1,82.14477999586221
mistral-small-24b,g24a_scifact_1328,exclude_post,1,41.08565542418472
mistral-small-24b,g24a_scifact_1328,exclude_pre,1,39.714180727540665
mistral-small-24b,g24a_scifact_1333,admit_post,1,98.51250745019983
mistral-small-24b,g24a_scifact_1333,admit_pre,1,96.69899494667722
mistral-small-24b,g24a_scifact_1333,base,1,36.68736581496698
mistral-small-24b,g24a_scifact_1333,exclude_post,1,19.087224104981594
mistral-small-24b,g24a_scifact_1333,exclude_pre,1,7.334003787930026
mistral-small-24b,g24a_scifact_1339,admit_post,-1,6.305571389548534
mistral-small-24b,g24a_scifact_1339,admit_pre,-1,4.740611292499146
mistral-small-24b,g24a_scifact_1339,base,-1,14.789873029336828
mistral-small-24b,g24a_scifact_1339,exclude_post,-1,1.4868734392610234
mistral-small-24b,g24a_scifact_1339,exclude_pre,-1,27.001512256593756
mistral-small-24b,g24a_scifact_1340,admit_post,1,97.69303451896036
mistral-small-24b,g24a_scifact_1340,admit_pre,1,97.19885850462292
mistral-small-24b,g24a_scifact_1340,base,1,89.88991916732446
mistral-small-24b,g24a_scifact_1340,exclude_post,1,12.360041729934293
mistral-small-24b,g24a_scifact_1340,exclude_pre,1,27.714214972428408
mistral-small-24b,g24a_scifact_1341,admit_post,1,96.07440137717776
mistral-small-24b,g24a_scifact_1341,admit_pre,1,92.97264074849133
mistral-small-24b,g24a_scifact_1341,base,1,89.34209167650188
mistral-small-24b,g24a_scifact_1341,exclude_post,1,56.40633668506924
mistral-small-24b,g24a_scifact_1341,exclude_pre,1,83.63925797462974
mistral-small-24b,g24a_scifact_1346,admit_post,1,91.5151486046786
mistral-small-24b,g24a_scifact_1346,admit_pre,1,91.46289923004417
mistral-small-24b,g24a_scifact_1346,base,1,89.73229955406114
mistral-small-24b,g24a_scifact_1346,exclude_post,1,42.346371608946185
mistral-small-24b,g24a_scifact_1346,exclude_pre,1,84.32778322595446
mistral-small-24b,g24a_scifact_1351,admit_post,-1,77.65303405297767
mistral-small-24b,g24a_scifact_1351,admit_pre,-1,79.49537336220051
mistral-small-24b,g24a_scifact_1351,base,-1,20.947790775201472
mistral-small-24b,g24a_scifact_1351,exclude_post,-1,27.864952486318334
mistral-small-24b,g24a_scifact_1351,exclude_pre,-1,60.35488134241265
mistral-small-24b,g24a_scifact_1366,admit_post,1,95.32793135422018
mistral-small-24b,g24a_scifact_1366,admit_pre,1,89.51144373028505
mistral-small-24b,g24a_scifact_1366,base,1,75.04650663472509
mistral-small-24b,g24a_scifact_1366,exclude_post,1,16.47080583265975
mistral-small-24b,g24a_scifact_1366,exclude_pre,1,76.58698188969724
mistral-small-24b,g24a_scifact_1371,admit_post,1,88.47215998693376
mistral-small-24b,g24a_scifact_1371,admit_pre,1,89.32285604784202
mistral-small-24b,g24a_scifact_1371,base,1,92.61411371143322
mistral-small-24b,g24a_scifact_1371,exclude_post,1,41.92852570043504
mistral-small-24b,g24a_scifact_1371,exclude_pre,1,48.123476255443975
mistral-small-24b,g24a_scifact_1376,admit_post,-1,80.04614162558613
mistral-small-24b,g24a_scifact_1376,admit_pre,-1,25.62041991520555
mistral-small-24b,g24a_scifact_1376,base,-1,55.88527316270984
mistral-small-24b,g24a_scifact_1376,exclude_post,-1,38.35055809241804
mistral-small-24b,g24a_scifact_1376,exclude_pre,-1,36.88438985010136
mistral-small-24b,g24a_scifact_1381,admit_post,1,69.77419034181979
mistral-small-24b,g24a_scifact_1381,admit_pre,1,62.999042353909516
mistral-small-24b,g24a_scifact_1381,base,1,64.10902137005631
mistral-small-24b,g24a_scifact_1381,exclude_post,1,3.8399628793903187
mistral-small-24b,g24a_scifact_1381,exclude_pre,1,11.948387957936704
mistral-small-24b,g24a_scifact_1392,admit_post,1,93.93017752553993
mistral-small-24b,g24a_scifact_1392,admit_pre,1,92.50506229274924
mistral-small-24b,g24a_scifact_1392,base,1,6.363196505200065
mistral-small-24b,g24a_scifact_1392,exclude_post,1,8.360072839219566
mistral-small-24b,g24a_scifact_1392,exclude_pre,1,22.642875686817213
mistral-small-24b,g24a_scifact_142,admit_post,-1,7.890448267740145
mistral-small-24b,g24a_scifact_142,admit_pre,-1,9.743615598411838
mistral-small-24b,g24a_scifact_142,base,-1,18.679473420876096
mistral-small-24b,g24a_scifact_142,exclude_post,-1,1.2386121848901628
mistral-small-24b,g24a_scifact_142,exclude_pre,-1,6.4947071140681345
mistral-small-24b,g24a_scifact_143,admit_post,1,91.70407403961515
mistral-small-24b,g24a_scifact_143,admit_pre,1,90.9763552623646
mistral-small-24b,g24a_scifact_143,base,1,61.123414538294114
mistral-small-24b,g24a_scifact_143,exclude_post,1,8.024286398929874
mistral-small-24b,g24a_scifact_143,exclude_pre,1,28.833273276170992
mistral-small-24b,g24a_scifact_148,admit_post,1,85.84332101387679
mistral-small-24b,g24a_scifact_148,admit_pre,1,84.47582348788035
mistral-small-24b,g24a_scifact_148,base,1,89.19479266013506
mistral-small-24b,g24a_scifact_148,exclude_post,1,10.860286100370509
mistral-small-24b,g24a_scifact_148,exclude_pre,1,35.98195333572368
mistral-small-24b,g24a_scifact_155,admit_post,1,79.51597935100193
mistral-small-24b,g24a_scifact_155,admit_pre,1,82.7439800005635
mistral-small-24b,g24a_scifact_155,base,1,87.9253011660425
mistral-small-24b,g24a_scifact_155,exclude_post,1,29.520742932378248
mistral-small-24b,g24a_scifact_155,exclude_pre,1,78.249368275346
mistral-small-24b,g24a_scifact_156,admit_post,-1,4.037530119081818
mistral-small-24b,g24a_scifact_156,admit_pre,-1,4.357113869811733
mistral-small-24b,g24a_scifact_156,base,-1,11.003452885968994
mistral-small-24b,g24a_scifact_156,exclude_post,-1,3.3827221963518874
mistral-small-24b,g24a_scifact_156,exclude_pre,-1,10.822341915978537
mistral-small-24b,g24a_scifact_157,admit_post,1,92.94791689470584
mistral-small-24b,g24a_scifact_157,admit_pre,1,94.4423978701324
mistral-small-24b,g24a_scifact_157,base,1,99.86210079429557
mistral-small-24b,g24a_scifact_157,exclude_post,1,13.945019467378746
mistral-small-24b,g24a_scifact_157,exclude_pre,1,22.355076723093692
mistral-small-24b,g24a_scifact_197,admit_post,1,96.26443524445534
mistral-small-24b,g24a_scifact_197,admit_pre,1,96.86103867953584
mistral-small-24b,g24a_scifact_197,base,1,99.71582262580178
mistral-small-24b,g24a_scifact_197,exclude_post,1,20.434400218243937
mistral-small-24b,g24a_scifact_197,exclude_pre,1,16.53135115977699
mistral-small-24b,g24a_scifact_212,admit_post,-1,90.8955957915324
mistral-small-24b,g24a_scifact_212,admit_pre,-1,81.38587397179427
mistral-small-24b,g24a_scifact_212,base,-1,13.232531289565001
mistral-small-24b,g24a_scifact_212,exclude_post,-1,23.282526941069236
mistral-small-24b,g24a_scifact_212,exclude_pre,-1,13.79024054855386
mistral-small-24b,g24a_scifact_218,admit_post,1,90.35190748534596
mistral-small-24b,g24a_scifact_218,admit_pre,1,86.26129512254866
mistral-small-24b,g24a_scifact_218,base,1,40.21306293166339
mistral-small-24b,g24a_scifact_218,exclude_post,1,17.648148578028255
mistral-small-24b,g24a_scifact_218,exclude_pre,1,11.492726661785882
mistral-small-24b,g24a_scifact_219,admit_post,-1,87.24652185799752
mistral-small-24b,g24a_scifact_219,admit_pre,-1,68.76759649425178
mistral-small-24b,g24a_scifact_219,base,-1,27.268463620945326
mistral-small-24b,g24a_scifact_219,exclude_post,-1,7.3217213989054954
mistral-small-24b,g24a_scifact_219,exclude_pre,-1,5.9024299606135955
mistral-small-24b,g24a_scifact_22,admit_post,1,98.06829074759911
mistral-small-24b,g24a_scifact_22,admit_pre,1,91.18849641146487
mistral-small-24b,g24a_scifact_22,base,1,88.64017258866969
mistral-small-24b,g24a_scifact_22,exclude_post,1,17.975695063547384
mistral-small-24b,g24a_scifact_22,exclude_pre,1,82.66296148104317
mistral-small-24b,g24a_scifact_223,admit_post,1,90.62836263358527
mistral-small-24b,g24a_scifact_223,admit_pre,1,89.818665477007
mistral-small-24b,g24a_scifact_223,base,1,87.96315038683058
mistral-small-24b,g24a_scifact_223,exclude_post,1,16.40422825243853
mistral-small-24b,g24a_scifact_223,exclude_pre,1,76.05345609062903
mistral-small-24b,g24a_scifact_227,admit_post,1,96.62279517954602
mistral-small-24b,g24a_scifact_227,admit_pre,1,94.59205743386946
mistral-small-24b,g24a_scifact_227,base,1,91.68804974379157
mistral-small-24b,g24a_scifact_227,exclude_post,1,52.79586749383448
mistral-small-24b,g24a_scifact_227,exclude_pre,1,69.75685637594748
mistral-small-24b,g24a_scifact_228,admit_post,1,93.2359017112648
mistral-small-24b,g24a_scifact_228,admit_pre,1,90.24405876947843
mistral-small-24b,g24a_scifact_228,base,1,12.934281176632684
mistral-small-24b,g24a_scifact_228,exclude_post,1,10.0722553063419
mistral-small-24b,g24a_scifact_228,exclude_pre,1,43.50081416688636
mistral-small-24b,g24a_scifact_239,admit_post,1,85.4255888633223
mistral-small-24b,g24a_scifact_239,admit_pre,1,82.60835524423784
mistral-small-24b,g24a_scifact_239,base,1,86.21508966236603
mistral-small-24b,g24a_scifact_239,exclude_post,1,34.6965857328189
mistral-small-24b,g24a_scifact_239,exclude_pre,1,65.45242017489552
mistral-small-24b,g24a_scifact_243,admit_post,1,88.80897370263382
mistral-small-24b,g24a_scifact_243,admit_pre,1,89.19450308130587
mistral-small-24b,g24a_scifact_243,base,1,90.68473689412443
mistral-small-24b,g24a_scifact_243,exclude_post,1,21.48479873235618
mistral-small-24b,g24a_scifact_243,exclude_pre,1,78.69737081050818
mistral-small-24b,g24a_scifact_256,admit_post,1,87.11790151619137
mistral-small-24b,g24a_scifact_256,admit_pre,1,59.86802686319182
mistral-small-24b,g24a_scifact_256,base,1,89.15016979086593
mistral-small-24b,g24a_scifact_256,exclude_post,1,23.89317752956597
mistral-small-24b,g24a_scifact_256,exclude_pre,1,23.63949888197129
mistral-small-24b,g24a_scifact_280,admit_post,1,89.73681425697865
mistral-small-24b,g24a_scifact_280,admit_pre,1,88.93995345251352
mistral-small-24b,g24a_scifact_280,base,1,83.2306404902241
mistral-small-24b,g24a_scifact_280,exclude_post,1,41.489295148073126
mistral-small-24b,g24a_scifact_280,exclude_pre,1,14.891041112203762
mistral-small-24b,g24a_scifact_283,admit_post,-1,5.848431542850517
mistral-small-24b,g24a_scifact_283,admit_pre,-1,4.1375322817731774
mistral-small-24b,g24a_scifact_283,base,-1,11.95976741407828
mistral-small-24b,g24a_scifact_283,exclude_post,-1,27.103680893865132
mistral-small-24b,g24a_scifact_283,exclude_pre,-1,1.3762366408742472
mistral-small-24b,g24a_scifact_290,admit_post,-1,16.075109405407627
mistral-small-24b,g24a_scifact_290,admit_pre,-1,80.22983370712836
mistral-small-24b,g24a_scifact_290,base,-1,36.54557176529047
mistral-small-24b,g24a_scifact_290,exclude_post,-1,38.03952789616785
mistral-small-24b,g24a_scifact_290,exclude_pre,-1,43.4468397978173
mistral-small-24b,g24a_scifact_292,admit_post,1,87.97391327000244
mistral-small-24b,g24a_scifact_292,admit_pre,1,88.19741924386062
mistral-small-24b,g24a_scifact_292,base,1,76.34368035457787
mistral-small-24b,g24a_scifact_292,exclude_post,1,44.862679003982635
mistral-small-24b,g24a_scifact_292,exclude_pre,1,28.373233403852247
mistral-small-24b,g24a_scifact_295,admit_post,1,90.84436742603121
mistral-small-24b,g24a_scifact_295,admit_pre,1,90.84747070642486
mistral-small-24b,g24a_scifact_295,base,1,87.7357086131052
mistral-small-24b,g24a_scifact_295,exclude_post,1,9.506668204928431
mistral-small-24b,g24a_scifact_295,exclude_pre,1,33.98240325969843
mistral-small-24b,g24a_scifact_3,admit_post,1,18.11353102187416
mistral-small-24b,g24a_scifact_3,admit_pre,1,40.46668245497623
mistral-small-24b,g24a_scifact_3,base,1,75.27760061824644
mistral-small-24b,g24a_scifact_3,exclude_post,1,84.09266598227876
mistral-small-24b,g24a_scifact_3,exclude_pre,1,46.118342878612815
mistral-small-24b,g24a_scifact_30,admit_post,1,88.9943199273189
mistral-small-24b,g24a_scifact_30,admit_pre,1,91.44463282721894
mistral-small-24b,g24a_scifact_30,base,1,87.75843076668633
mistral-small-24b,g24a_scifact_30,exclude_post,1,35.29789414828526
mistral-small-24b,g24a_scifact_30,exclude_pre,1,93.778710115879
mistral-small-24b,g24a_scifact_308,admit_post,-1,86.02536630020671
mistral-small-24b,g24a_scifact_308,admit_pre,-1,88.46451565451366
mistral-small-24b,g24a_scifact_308,base,-1,74.28180794901877
mistral-small-24b,g24a_scifact_308,exclude_post,-1,1.521095399219166
mistral-small-24b,g24a_scifact_308,exclude_pre,-1,2.480334856508258
mistral-small-24b,g24a_scifact_330,admit_post,-1,5.194990517036361
mistral-small-24b,g24a_scifact_330,admit_pre,-1,47.27188869955573
mistral-small-24b,g24a_scifact_330,base,-1,34.69247866068674
mistral-small-24b,g24a_scifact_330,exclude_post,-1,41.34268046456883
mistral-small-24b,g24a_scifact_330,exclude_pre,-1,40.939291797018456
mistral-small-24b,g24a_scifact_335,admit_post,1,88.42140967231124
mistral-small-24b,g24a_scifact_335,admit_pre,1,87.45426824859248
mistral-small-24b,g24a_scifact_335,base,1,62.69394715849872
mistral-small-24b,g24a_scifact_335,exclude_post,1,5.5505425072777985
mistral-small-24b,g24a_scifact_335,exclude_pre,1,26.827485199719472
mistral-small-24b,g24a_scifact_34,admit_post,1,88.95006330101381
mistral-small-24b,g24a_scifact_34,admit_pre,1,88.94957407875596
mistral-small-24b,g24a_scifact_34,base,1,94.66335966636403
mistral-small-24b,g24a_scifact_34,exclude_post,1,25.889944982772736
mistral-small-24b,g24a_scifact_34,exclude_pre,1,87.92355163488688
mistral-small-24b,g24a_scifact_386,admit_post,1,93.0262802351561
mistral-small-24b,g24a_scifact_386,admit_pre,1,91.95434528220038
mistral-small-24b,g24a_scifact_386,base,1,85.37268578456293
mistral-small-24b,g24a_scifact_386,exclude_post,1,26.026233864189802
mistral-small-24b,g24a_scifact_386,exclude_pre,1,77.94220213993748
mistral-small-24b,g24a_scifact_394,admit_post,1,87.42120503230916
mistral-small-24b,g24a_scifact_394,admit_pre,1,83.26724818700852
mistral-small-24b,g24a_scifact_394,base,1,89.09089994894751
mistral-small-24b,g24a_scifact_394,exclude_post,1,31.428642701866824
mistral-small-24b,g24a_scifact_394,exclude_pre,1,41.574487217698525
mistral-small-24b,g24a_scifact_426,admit_post,1,99.67554187799374
mistral-small-24b,g24a_scifact_426,admit_pre,1,99.74217714623614
mistral-small-24b,g24a_scifact_426,base,1,87.57672976524508
mistral-small-24b,g24a_scifact_426,exclude_post,1,6.771905250042694
mistral-small-24b,g24a_scifact_426,exclude_pre,1,15.253387213460533
mistral-small-24b,g24a_scifact_428,admit_post,1,93.41406626958032
mistral-small-24b,g24a_scifact_428,admit_pre,1,96.20530623126791
mistral-small-24b,g24a_scifact_428,base,1,89.82787730637422
mistral-small-24b,g24a_scifact_428,exclude_post,1,17.36295899798351
mistral-small-24b,g24a_scifact_428,exclude_pre,1,19.068993094676827
mistral-small-24b,g24a_scifact_436,admit_post,1,91.28513002329213
mistral-small-24b,g24a_scifact_436,admit_pre,1,90.81890422153727
mistral-small-24b,g24a_scifact_436,base,1,70.97194333106644
mistral-small-24b,g24a_scifact_436,exclude_post,1,14.863969376952664
mistral-small-24b,g24a_scifact_436,exclude_pre,1,12.681075504169131
mistral-small-24b,g24a_scifact_441,admit_post,1,88.94380024938562
mistral-small-24b,g24a_scifact_441,admit_pre,1,85.38540971627077
mistral-small-24b,g24a_scifact_441,base,1,84.35453727475873
mistral-small-24b,g24a_scifact_441,exclude_post,1,12.308563701310208
mistral-small-24b,g24a_scifact_441,exclude_pre,1,26.69368345033084
mistral-small-24b,g24a_scifact_444,admit_post,1,88.95911278137032
mistral-small-24b,g24a_scifact_444,admit_pre,1,90.17628186039072
mistral-small-24b,g24a_scifact_444,base,1,35.156871537934165
mistral-small-24b,g24a_scifact_444,exclude_post,1,28.478505169729324
mistral-small-24b,g24a_scifact_444,exclude_pre,1,42.729517530342484
mistral-small-24b,g24a_scifact_455,admit_post,1,86.90508967275927
mistral-small-24b,g24a_scifact_455,admit_pre,1,85.81474449508906
mistral-small-24b,g24a_scifact_455,base,1,86.67724280100043
mistral-small-24b,g24a_scifact_455,exclude_post,1,18.13543963351492
mistral-small-24b,g24a_scifact_455,exclude_pre,1,44.80553002010455
mistral-small-24b,g24a_scifact_46,admit_post,1,89.88758097740218
mistral-small-24b,g24a_scifact_46,admit_pre,1,89.1010968544454
mistral-small-24b,g24a_scifact_46,base,1,69.36211926630368
mistral-small-24b,g24a_scifact_46,exclude_post,1,3.592239036892782
mistral-small-24b,g24a_scifact_46,exclude_pre,1,5.526126484639334
mistral-small-24b,g24a_scifact_461,admit_post,1,94.75691723757005
mistral-small-24b,g24a_scifact_461,admit_pre,1,93.40879261110717
mistral-small-24b,g24a_scifact_461,base,1,86.04247814159578
mistral-small-24b,g24a_scifact_461,exclude_post,1,19.926577917113963
mistral-small-24b,g24a_scifact_461,exclude_pre,1,34.54699249342009
mistral-small-24b,g24a_scifact_469,admit_post,1,88.54867017882646
mistral-small-24b,g24a_scifact_469,admit_pre,1,86.70093599764904
mistral-small-24b,g24a_scifact_469,base,1,67.84746425753406
mistral-small-24b,g24a_scifact_469,exclude_post,1,17.30702431221481
mistral-small-24b,g24a_scifact_469,exclude_pre,1,42.92553284045007
mistral-small-24b,g24a_scifact_470,admit_post,1,99.91538029833774
mistral-small-24b,g24a_scifact_470,admit_pre,1,99.96183055599253
mistral-small-24b,g24a_scifact_470,base,1,99.35352403798463
mistral-small-24b,g24a_scifact_470,exclude_post,1,98.68234789403816
mistral-small-24b,g24a_scifact_470,exclude_pre,1,98.84577267198459
mistral-small-24b,g24a_scifact_475,admit_post,1,91.08523644516539
mistral-small-24b,g24a_scifact_475,admit_pre,1,75.14116203884538
mistral-small-24b,g24a_scifact_475,base,1,99.15309600774833
mistral-small-24b,g24a_scifact_475,exclude_post,1,96.55447059002519
mistral-small-24b,g24a_scifact_475,exclude_pre,1,95.40435164708347
mistral-small-24b,g24a_scifact_483,admit_post,1,84.84881392177427
mistral-small-24b,g24a_scifact_483,admit_pre,1,84.45637992000545
mistral-small-24b,g24a_scifact_483,base,1,88.76621975484146
mistral-small-24b,g24a_scifact_483,exclude_post,1,32.51551838712478
mistral-small-24b,g24a_scifact_483,exclude_pre,1,58.80344845025699
mistral-small-24b,g24a_scifact_513,admit_post,-1,4.187234525733249
mistral-small-24b,g24a_scifact_513,admit_pre,-1,12.755245116848625
mistral-small-24b,g24a_scifact_513,base,-1,9.249569404013627
mistral-small-24b,g24a_scifact_513,exclude_post,-1,6.449851853399708
mistral-small-24b,g24a_scifact_513,exclude_pre,-1,14.011057488942178
mistral-small-24b,g24a_scifact_515,admit_post,1,87.02506455868499
mistral-small-24b,g24a_scifact_515,admit_pre,1,86.13475476624127
mistral-small-24b,g24a_scifact_515,base,1,76.75292424195345
mistral-small-24b,g24a_scifact_515,exclude_post,1,5.8848491910332354
mistral-small-24b,g24a_scifact_515,exclude_pre,1,10.578534360304282
mistral-small-24b,g24a_scifact_516,admit_post,-1,8.15881103500443
mistral-small-24b,g24a_scifact_516,admit_pre,-1,7.718187574923018
mistral-small-24b,g24a_scifact_516,base,-1,11.154709666258684
mistral-small-24b,g24a_scifact_516,exclude_post,-1,5.897752347467496
mistral-small-24b,g24a_scifact_516,exclude_pre,-1,1.893226937342011
mistral-small-24b,g24a_scifact_523,admit_post,-1,34.725453426511116
mistral-small-24b,g24a_scifact_523,admit_pre,-1,18.41222632072669
mistral-small-24b,g24a_scifact_523,base,-1,28.518055168868152
mistral-small-24b,g24a_scifact_523,exclude_post,-1,5.873646793411328
mistral-small-24b,g24a_scifact_523,exclude_pre,-1,5.080212549895543
mistral-small-24b,g24a_scifact_524,admit_post,1,68.62112637933872
mistral-small-24b,g24a_scifact_524,admit_pre,1,74.95946769623752
mistral-small-24b,g24a_scifact_524,base,1,41.896575101662435
mistral-small-24b,g24a_scifact_524,exclude_post,1,13.020124068072217
mistral-small-24b,g24a_scifact_524,exclude_pre,1,7.384493438365205
mistral-small-24b,g24a_scifact_548,admit_post,1,86.92252162620336
mistral-small-24b,g24a_scifact_548,admit_pre,1,85.34462799109815
mistral-small-24b,g24a_scifact_548,base,1,87.17611335124357
mistral-small-24b,g24a_scifact_548,exclude_post,1,19.910841818423762
mistral-small-24b,g24a_scifact_548,exclude_pre,1,72.63275764870598
mistral-small-24b,g24a_scifact_553,admit_post,-1,7.226581795010669
mistral-small-24b,g24a_scifact_553,admit_pre,-1,0.5108098772359954
mistral-small-24b,g24a_scifact_553,base,-1,10.581616062180903
mistral-small-24b,g24a_scifact_553,exclude_post,-1,29.935201943862733
mistral-small-24b,g24a_scifact_553,exclude_pre,-1,24.060028690282607
mistral-small-24b,g24a_scifact_570,admit_post,1,90.2851782590426
mistral-small-24b,g24a_scifact_570,admit_pre,1,89.92608286205395
mistral-small-24b,g24a_scifact_570,base,1,88.17013384853125
mistral-small-24b,g24a_scifact_570,exclude_post,1,18.48486945447505
mistral-small-24b,g24a_scifact_570,exclude_pre,1,77.26659648731943
mistral-small-24b,g24a_scifact_571,admit_post,-1,89.82541875227213
mistral-small-24b,g24a_scifact_571,admit_pre,-1,89.22093024062484
mistral-small-24b,g24a_scifact_571,base,-1,48.16502885184251
mistral-small-24b,g24a_scifact_571,exclude_post,-1,18.8051378480491
mistral-small-24b,g24a_scifact_571,exclude_pre,-1,22.80160585832867
mistral-small-24b,g24a_scifact_578,admit_post,-1,92.8667362647837
mistral-small-24b,g24a_scifact_578,admit_pre,-1,92.20855253844005
mistral-small-24b,g24a_scifact_578,base,-1,61.70058248405743
mistral-small-24b,g24a_scifact_578,exclude_post,-1,5.706764094333993
mistral-small-24b,g24a_scifact_578,exclude_pre,-1,10.862321085715381
mistral-small-24b,g24a_scifact_598,admit_post,-1,10.723674328579136
mistral-small-24b,g24a_scifact_598,admit_pre,-1,8.465295033355163
mistral-small-24b,g24a_scifact_598,base,-1,79.00093502626527
mistral-small-24b,g24a_scifact_598,exclude_post,-1,6.364885776022854
mistral-small-24b,g24a_scifact_598,exclude_pre,-1,6.06729190759909
mistral-small-24b,g24a_scifact_603,admit_post,1,85.14460939600154
mistral-small-24b,g24a_scifact_603,admit_pre,1,87.23612833598305
mistral-small-24b,g24a_scifact_603,base,1,78.09099701643812
mistral-small-24b,g24a_scifact_603,exclude_post,1,29.193427033124458
mistral-small-24b,g24a_scifact_603,exclude_pre,1,4.760697311400091
mistral-small-24b,g24a_scifact_625,admit_post,1,98.076166609056
mistral-small-24b,g24a_scifact_625,admit_pre,1,97.95680845580253
mistral-small-24b,g24a_scifact_625,base,1,79.17032644096848
mistral-small-24b,g24a_scifact_625,exclude_post,1,8.919057545314892
mistral-small-24b,g24a_scifact_625,exclude_pre,1,39.85214087910495
mistral-small-24b,g24a_scifact_632,admit_post,-1,89.80020064709613
mistral-small-24b,g24a_scifact_632,admit_pre,-1,89.22654474816522
mistral-small-24b,g24a_scifact_632,base,-1,32.5774958417762
mistral-small-24b,g24a_scifact_632,exclude_post,-1,16.054530337243477
mistral-small-24b,g24a_scifact_632,exclude_pre,-1,8.651647142839769
mistral-small-24b,g24a_scifact_633,admit_post,-1,82.64906818030077
mistral-small-24b,g24a_scifact_633,admit_pre,-1,83.74417995379366
mistral-small-24b,g24a_scifact_633,base,-1,19.36254377360654
mistral-small-24b,g24a_scifact_633,exclude_post,-1,23.63501413591323
mistral-small-24b,g24a_scifact_633,exclude_pre,-1,23.835573208690903
mistral-small-24b,g24a_scifact_640,admit_post,1,96.32300234069031
mistral-small-24b,g24a_scifact_640,admit_pre,1,98.06922993233103
mistral-small-24b,g24a_scifact_640,base,1,98.96490609227827
mistral-small-24b,g24a_scifact_640,exclude_post,1,99.40246383322985
mistral-small-24b,g24a_scifact_640,exclude_pre,1,99.74957835496936
mistral-small-24b,g24a_scifact_653,admit_post,1,85.81151240019793
mistral-small-24b,g24a_scifact_653,admit_pre,1,86.9640697741301
mistral-small-24b,g24a_scifact_653,base,1,80.6883322043978
mistral-small-24b,g24a_scifact_653,exclude_post,1,24.93192942905949
mistral-small-24b,g24a_scifact_653,exclude_pre,1,24.871685780376
mistral-small-24b,g24a_scifact_67,admit_post,1,98.24514799841053
mistral-small-24b,g24a_scifact_67,admit_pre,1,92.92909444287335
mistral-small-24b,g24a_scifact_67,base,1,20.32263749665621
mistral-small-24b,g24a_scifact_67,exclude_post,1,11.034915005366175
mistral-small-24b,g24a_scifact_67,exclude_pre,1,2.162096607536928
mistral-small-24b,g24a_scifact_709,admit_post,1,75.15569104577669
mistral-small-24b,g24a_scifact_709,admit_pre,1,72.6133673709052
mistral-small-24b,g24a_scifact_709,base,1,66.66176456394697
mistral-small-24b,g24a_scifact_709,exclude_post,1,9.875713342193253
mistral-small-24b,g24a_scifact_709,exclude_pre,1,17.491576192265864
mistral-small-24b,g24a_scifact_721,admit_post,1,97.15419763484465
mistral-small-24b,g24a_scifact_721,admit_pre,1,96.47403901174852
mistral-small-24b,g24a_scifact_721,base,1,66.80333999868787
mistral-small-24b,g24a_scifact_721,exclude_post,1,13.836056951430109
mistral-small-24b,g24a_scifact_721,exclude_pre,1,66.11551983897206
mistral-small-24b,g24a_scifact_734,admit_post,1,80.64316045918659
mistral-small-24b,g24a_scifact_734,admit_pre,1,76.68187892292941
mistral-small-24b,g24a_scifact_734,base,1,73.61546888721342
mistral-small-24b,g24a_scifact_734,exclude_post,1,32.64567861830597
mistral-small-24b,g24a_scifact_734,exclude_pre,1,21.93711618285556
mistral-small-24b,g24a_scifact_744,admit_post,1,95.99335109094184
mistral-small-24b,g24a_scifact_744,admit_pre,1,95.09041695391385
mistral-small-24b,g24a_scifact_744,base,1,88.28357466249602
mistral-small-24b,g24a_scifact_744,exclude_post,1,47.006635690291915
mistral-small-24b,g24a_scifact_744,exclude_pre,1,59.441010541759134
mistral-small-24b,g24a_scifact_749,admit_post,1,89.69972241952273
mistral-small-24b,g24a_scifact_749,admit_pre,1,99.29691736062497
mistral-small-24b,g24a_scifact_749,base,1,95.99226192219436
mistral-small-24b,g24a_scifact_749,exclude_post,1,87.84657529141738
mistral-small-24b,g24a_scifact_749,exclude_pre,1,89.76214701165384
mistral-small-24b,g24a_scifact_752,admit_post,1,88.59954956599063
mistral-small-24b,g24a_scifact_752,admit_pre,1,86.66223954699655
mistral-small-24b,g24a_scifact_752,base,1,45.900074806392404
mistral-small-24b,g24a_scifact_752,exclude_post,1,14.697032413633488
mistral-small-24b,g24a_scifact_752,exclude_pre,1,18.206669304499236
mistral-small-24b,g24a_scifact_756,admit_post,1,98.37653633038936
mistral-small-24b,g24a_scifact_756,admit_pre,1,98.52984861298287
mistral-small-24b,g24a_scifact_756,base,1,99.15569725849913
mistral-small-24b,g24a_scifact_756,exclude_post,1,75.49666829928532
mistral-small-24b,g24a_scifact_756,exclude_pre,1,93.50655369149052
mistral-small-24b,g24a_scifact_764,admit_post,-1,42.059666912539626
mistral-small-24b,g24a_scifact_764,admit_pre,-1,53.450492633549665
mistral-small-24b,g24a_scifact_764,base,-1,52.35788929307831
mistral-small-24b,g24a_scifact_764,exclude_post,-1,29.65234943688122
mistral-small-24b,g24a_scifact_764,exclude_pre,-1,4.708327502283597
mistral-small-24b,g24a_scifact_784,admit_post,1,88.48583737670282
mistral-small-24b,g24a_scifact_784,admit_pre,1,87.74976958158202
mistral-small-24b,g24a_scifact_784,base,1,88.26489532161496
mistral-small-24b,g24a_scifact_784,exclude_post,1,3.6776253654636872
mistral-small-24b,g24a_scifact_784,exclude_pre,1,46.91582414206483
mistral-small-24b,g24a_scifact_789,admit_post,1,83.29290937679372
mistral-small-24b,g24a_scifact_789,admit_pre,1,89.95867937330063
mistral-small-24b,g24a_scifact_789,base,1,99.7940254664833
mistral-small-24b,g24a_scifact_789,exclude_post,1,35.401077228757494
mistral-small-24b,g24a_scifact_789,exclude_pre,1,96.6949464168836
mistral-small-24b,g24a_scifact_790,admit_post,-1,1.6257246982394267
mistral-small-24b,g24a_scifact_790,admit_pre,-1,1.174302253219627
mistral-small-24b,g24a_scifact_790,base,-1,0.735573392862262
mistral-small-24b,g24a_scifact_790,exclude_post,-1,0.3920415832502302
mistral-small-24b,g24a_scifact_790,exclude_pre,-1,0.8249958291804789
mistral-small-24b,g24a_scifact_792,admit_post,1,89.93969401083501
mistral-small-24b,g24a_scifact_792,admit_pre,1,89.28491774034865
mistral-small-24b,g24a_scifact_792,base,1,88.77404728219496
mistral-small-24b,g24a_scifact_792,exclude_post,1,65.73576794925293
mistral-small-24b,g24a_scifact_792,exclude_pre,1,75.88041197805492
mistral-small-24b,g24a_scifact_793,admit_post,-1,0.06947046991273119
mistral-small-24b,g24a_scifact_793,admit_pre,-1,0.08308479107640498
mistral-small-24b,g24a_scifact_793,base,-1,0.11147094493552341
mistral-small-24b,g24a_scifact_793,exclude_post,-1,0.34552722127281105
mistral-small-24b,g24a_scifact_793,exclude_pre,-1,0.8994152414189804
mistral-small-24b,g24a_scifact_795,admit_post,1,93.4034261104747
mistral-small-24b,g24a_scifact_795,admit_pre,1,95.9435866714643
mistral-small-24b,g24a_scifact_795,base,1,93.94579731616946
mistral-small-24b,g24a_scifact_795,exclude_post,1,93.94975546379072
mistral-small-24b,g24a_scifact_795,exclude_pre,1,97.83998748945176
mistral-small-24b,g24a_scifact_797,admit_post,1,98.71930222778855
mistral-small-24b,g24a_scifact_797,admit_pre,1,95.70909438096525
mistral-small-24b,g24a_scifact_797,base,1,99.68227249596546
mistral-small-24b,g24a_scifact_797,exclude_post,1,26.109529014444277
mistral-small-24b,g24a_scifact_797,exclude_pre,1,95.75463638205183
mistral-small-24b,g24a_scifact_798,admit_post,-1,11.55675421498917
mistral-small-24b,g24a_scifact_798,admit_pre,-1,8.086172377011682
mistral-small-24b,g24a_scifact_798,base,-1,4.754159095731444
mistral-small-24b,g24a_scifact_798,exclude_post,-1,14.11233465023135
mistral-small-24b,g24a_scifact_798,exclude_pre,-1,7.673600802512875
mistral-small-24b,g24a_scifact_804,admit_post,1,88.25045638491686
mistral-small-24b,g24a_scifact_804,admit_pre,1,84.60554757598302
mistral-small-24b,g24a_scifact_804,base,1,82.03726383136237
mistral-small-24b,g24a_scifact_804,exclude_post,1,12.56544709070128
mistral-small-24b,g24a_scifact_804,exclude_pre,1,38.54696704782349
mistral-small-24b,g24a_scifact_811,admit_post,-1,3.5824187408157635
mistral-small-24b,g24a_scifact_811,admit_pre,-1,0.7886299407974715
mistral-small-24b,g24a_scifact_811,base,-1,13.859620110500005
mistral-small-24b,g24a_scifact_811,exclude_post,-1,6.396820442219019
mistral-small-24b,g24a_scifact_811,exclude_pre,-1,7.128858244822065
mistral-small-24b,g24a_scifact_837,admit_post,1,90.48626076352357
mistral-small-24b,g24a_scifact_837,admit_pre,1,87.20467636973699
mistral-small-24b,g24a_scifact_837,base,1,63.92699475091466
mistral-small-24b,g24a_scifact_837,exclude_post,1,10.576163097919663
mistral-small-24b,g24a_scifact_837,exclude_pre,1,66.66316636096923
mistral-small-24b,g24a_scifact_839,admit_post,1,94.76589640134432
mistral-small-24b,g24a_scifact_839,admit_pre,1,93.79996434244467
mistral-small-24b,g24a_scifact_839,base,1,89.56764939537818
mistral-small-24b,g24a_scifact_839,exclude_post,1,39.24039846346016
mistral-small-24b,g24a_scifact_839,exclude_pre,1,39.60816520217193
mistral-small-24b,g24a_scifact_860,admit_post,1,61.8949559191701
mistral-small-24b,g24a_scifact_860,admit_pre,1,78.12416319394784
mistral-small-24b,g24a_scifact_860,base,1,13.563312600550013
mistral-small-24b,g24a_scifact_860,exclude_post,1,40.00171200567642
mistral-small-24b,g24a_scifact_860,exclude_pre,1,30.598100697369773
mistral-small-24b,g24a_scifact_88,admit_post,1,92.28527191605721
mistral-small-24b,g24a_scifact_88,admit_pre,1,96.16314282652337
mistral-small-24b,g24a_scifact_88,base,1,77.9087972858285
mistral-small-24b,g24a_scifact_88,exclude_post,1,22.141913894666853
mistral-small-24b,g24a_scifact_88,exclude_pre,1,41.861849285954946
mistral-small-24b,g24a_scifact_904,admit_post,1,97.33433576557285
mistral-small-24b,g24a_scifact_904,admit_pre,1,98.17044915000227
mistral-small-24b,g24a_scifact_904,base,1,66.20566347733131
mistral-small-24b,g24a_scifact_904,exclude_post,1,28.18837769446133
mistral-small-24b,g24a_scifact_904,exclude_pre,1,18.32308840898473
mistral-small-24b,g24a_scifact_917,admit_post,1,93.33739778661283
mistral-small-24b,g24a_scifact_917,admit_pre,1,92.15115399637881
mistral-small-24b,g24a_scifact_917,base,1,14.132250247795426
mistral-small-24b,g24a_scifact_917,exclude_post,1,13.27252228765279
mistral-small-24b,g24a_scifact_917,exclude_pre,1,2.4592133615001512
mistral-small-24b,g24a_scifact_919,admit_post,1,98.97305388705085
mistral-small-24b,g24a_scifact_919,admit_pre,1,98.6589341100074
mistral-small-24b,g24a_scifact_919,base,1,84.37167244473
mistral-small-24b,g24a_scifact_919,exclude_post,1,13.647755476748817
mistral-small-24b,g24a_scifact_919,exclude_pre,1,35.618562501278205
mistral-small-24b,g24a_scifact_921,admit_post,1,72.5942111124907
mistral-small-24b,g24a_scifact_921,admit_pre,1,69.53088709202548
mistral-small-24b,g24a_scifact_921,base,1,77.46555748487319
mistral-small-24b,g24a_scifact_921,exclude_post,1,18.811859815457414
mistral-small-24b,g24a_scifact_921,exclude_pre,1,20.836469665770647
mistral-small-24b,g24a_scifact_926,admit_post,1,40.230769535085116
mistral-small-24b,g24a_scifact_926,admit_pre,1,65.8273666112846
mistral-small-24b,g24a_scifact_926,base,1,77.94819633164713
mistral-small-24b,g24a_scifact_926,exclude_post,1,6.038000013191068
mistral-small-24b,g24a_scifact_926,exclude_pre,1,26.385317823500586
mistral-small-24b,g24a_scifact_927,admit_post,-1,45.31675670555686
mistral-small-24b,g24a_scifact_927,admit_pre,-1,44.20835375781774
mistral-small-24b,g24a_scifact_927,base,-1,17.908595811133534
mistral-small-24b,g24a_scifact_927,exclude_post,-1,17.299129803690885
mistral-small-24b,g24a_scifact_927,exclude_pre,-1,32.39498175462158
mistral-small-24b,g24a_scifact_935,admit_post,1,88.01863611857479
mistral-small-24b,g24a_scifact_935,admit_pre,1,87.2769839718475
mistral-small-24b,g24a_scifact_935,base,1,35.593606794884934
mistral-small-24b,g24a_scifact_935,exclude_post,1,10.05303257343732
mistral-small-24b,g24a_scifact_935,exclude_pre,1,22.389678610498116
mistral-small-24b,g24a_scifact_965,admit_post,1,88.08934823646632
mistral-small-24b,g24a_scifact_965,admit_pre,1,87.94664298577344
mistral-small-24b,g24a_scifact_965,base,1,88.80724392278302
mistral-small-24b,g24a_scifact_965,exclude_post,1,27.869938612409047
mistral-small-24b,g24a_scifact_965,exclude_pre,1,15.5347139421533
mistral-small-24b,g24a_scifact_967,admit_post,1,91.87380690624637
mistral-small-24b,g24a_scifact_967,admit_pre,1,91.97862804928855
mistral-small-24b,g24a_scifact_967,base,1,88.34189474028473
mistral-small-24b,g24a_scifact_967,exclude_post,1,15.58455295025651
mistral-small-24b,g24a_scifact_967,exclude_pre,1,25.303842392847926
mistral-small-24b,g24a_scifact_98,admit_post,-1,80.0946059093465
mistral-small-24b,g24a_scifact_98,admit_pre,-1,70.89081188420538
mistral-small-24b,g24a_scifact_98,base,-1,21.39509895322999
mistral-small-24b,g24a_scifact_98,exclude_post,-1,3.777973017690672
mistral-small-24b,g24a_scifact_98,exclude_pre,-1,10.062692179408991
mistral-small-24b,g24a_scifact_984,admit_post,1,89.72137623571878
mistral-small-24b,g24a_scifact_984,admit_pre,1,93.66610266468857
mistral-small-24b,g24a_scifact_984,base,1,82.8677095468687
mistral-small-24b,g24a_scifact_984,exclude_post,1,14.999732829202019
mistral-small-24b,g24a_scifact_984,exclude_pre,1,43.49437293972132
mistral-small-24b,g24a_scifact_985,admit_post,1,77.43355479030214
mistral-small-24b,g24a_scifact_985,admit_pre,1,77.37503889660553
mistral-small-24b,g24a_scifact_985,base,1,84.01384915523208
mistral-small-24b,g24a_scifact_985,exclude_post,1,27.575210109261
mistral-small-24b,g24a_scifact_985,exclude_pre,1,30.339686314738255
qwen3-32b,g24a_fever_100683,admit_post,-1,9.484956111120268e-06
qwen3-32b,g24a_fever_100683,admit_pre,-1,5.208158800238614e-05
qwen3-32b,g24a_fever_100683,base,-1,6.994803602292884e-05
qwen3-32b,g24a_fever_100683,exclude_post,-1,2.11972381660592e-05
qwen3-32b,g24a_fever_100683,exclude_pre,-1,9.102986724456725
qwen3-32b,g24a_fever_100684,admit_post,1,99.99999537148612
qwen3-32b,g24a_fever_100684,admit_pre,1,99.99999520294587
qwen3-32b,g24a_fever_100684,base,1,99.99999052292223
qwen3-32b,g24a_fever_100684,exclude_post,1,99.99920712363468
qwen3-32b,g24a_fever_100684,exclude_pre,1,99.99972148884386
qwen3-32b,g24a_fever_100832,admit_post,1,99.99999623852275
qwen3-32b,g24a_fever_100832,admit_pre,1,99.99999813322421
qwen3-32b,g24a_fever_100832,base,1,99.99999323477226
qwen3-32b,g24a_fever_100832,exclude_post,1,43.51341370061234
qwen3-32b,g24a_fever_100832,exclude_pre,1,99.99903945871877
qwen3-32b,g24a_fever_101027,admit_post,1,88.71206741993078
qwen3-32b,g24a_fever_101027,admit_pre,1,97.00294312204313
qwen3-32b,g24a_fever_101027,base,1,81.33290013261404
qwen3-32b,g24a_fever_101027,exclude_post,1,99.98479020698932
qwen3-32b,g24a_fever_101027,exclude_pre,1,99.99708724454428
qwen3-32b,g24a_fever_101062,admit_post,-1,1.528352446233484e-05
qwen3-32b,g24a_fever_101062,admit_pre,-1,1.2080877604148901e-05
qwen3-32b,g24a_fever_101062,base,-1,2.0195892180469713e-05
qwen3-32b,g24a_fever_101062,exclude_post,-1,8.293816341414496e-06
qwen3-32b,g24a_fever_101062,exclude_pre,-1,6.34394947134018e-06
qwen3-32b,g24a_fever_101322,admit_post,-1,1.7753672999469784e-06
qwen3-32b,g24a_fever_101322,admit_pre,-1,5.0374972746784875e-06
qwen3-32b,g24a_fever_101322,base,-1,0.001070852525846597
qwen3-32b,g24a_fever_101322,exclude_post,-1,6.3304168953770054e-06
qwen3-32b,g24a_fever_101322,exclude_pre,-1,6.84883994912397e-06
qwen3-32b,g24a_fever_102352,admit_post,1,99.99999896174342
qwen3-32b,g24a_fever_102352,admit_pre,1,99.99999370592879
qwen3-32b,g24a_fever_102352,base,1,99.99999619931656
qwen3-32b,g24a_fever_102352,exclude_post,1,99.99913887610262
qwen3-32b,g24a_fever_102352,exclude_pre,1,99.99966135716883
qwen3-32b,g24a_fever_102913,admit_post,-1,2.2662647691835082e-05
qwen3-32b,g24a_fever_102913,admit_pre,-1,1.617966509924868e-05
qwen3-32b,g24a_fever_102913,base,-1,2.7102118463265387e-05
qwen3-32b,g24a_fever_102913,exclude_post,-1,1.4622417606733296e-05
qwen3-32b,g24a_fever_102913,exclude_pre,-1,5.132616582098648e-06
qwen3-32b,g24a_fever_10379,admit_post,-1,99.99933199866172
qwen3-32b,g24a_fever_10379,admit_pre,-1,99.99448547639653
qwen3-32b,g24a_fever_10379,base,-1,99.74308174895117
qwen3-32b,g24a_fever_10379,exclude_post,-1,44.81474503604758
qwen3-32b,g24a_fever_10379,exclude_pre,-1,99.92189375595832
qwen3-32b,g24a_fever_104221,admit_post,1,99.99999745548088
qwen3-32b,g24a_fever_104221,admit_pre,1,99.99999802949907
qwen3-32b,g24a_fever_104221,base,1,99.99999523075387
qwen3-32b,g24a_fever_104221,exclude_post,1,52.011638881648786
qwen3-32b,g24a_fever_104221,exclude_pre,1,99.99990477087552
qwen3-32b,g24a_fever_10451,admit_post,1,99.96394667420248
qwen3-32b,g24a_fever_10451,admit_pre,1,99.96850202951538
qwen3-32b,g24a_fever_10451,base,1,12.150944470195402
qwen3-32b,g24a_fever_10451,exclude_post,1,13.35166409521233
qwen3-32b,g24a_fever_10451,exclude_pre,1,96.20408335346973
qwen3-32b,g24a_fever_105526,admit_post,-1,0.0001377015985570181
qwen3-32b,g24a_fever_105526,admit_pre,-1,0.00011777333995220217
qwen3-32b,g24a_fever_105526,base,-1,0.0033255653973292784
qwen3-32b,g24a_fever_105526,exclude_post,-1,0.015557208358301643
qwen3-32b,g24a_fever_105526,exclude_pre,-1,0.00042878053667556426
qwen3-32b,g24a_fever_105813,admit_post,-1,0.00026022006789267485
qwen3-32b,g24a_fever_105813,admit_pre,-1,0.0023918097269193406
qwen3-32b,g24a_fever_105813,base,-1,99.99985443430604
qwen3-32b,g24a_fever_105813,exclude_post,-1,44.4456293656664
qwen3-32b,g24a_fever_105813,exclude_pre,-1,0.0012225142671650486
qwen3-32b,g24a_fever_105835,admit_post,1,99.999998610723
qwen3-32b,g24a_fever_105835,admit_pre,1,99.99999869084272
qwen3-32b,g24a_fever_105835,base,1,99.99998424490789
qwen3-32b,g24a_fever_105835,exclude_post,1,99.99535485770367
qwen3-32b,g24a_fever_105835,exclude_pre,1,0.10306860907380709
qwen3-32b,g24a_fever_106404,admit_post,1,99.99997691839474
qwen3-32b,g24a_fever_106404,admit_pre,1,99.99997668614394
qwen3-32b,g24a_fever_106404,base,1,77.99530272188768
qwen3-32b,g24a_fever_106404,exclude_post,1,17.022348896432007
qwen3-32b,g24a_fever_106404,exclude_pre,1,99.88960840245676
qwen3-32b,g24a_fever_107503,admit_post,-1,9.27539022251506e-05
qwen3-32b,g24a_fever_107503,admit_pre,-1,0.0002456678651570454
qwen3-32b,g24a_fever_107503,base,-1,4.007922872616426e-05
qwen3-32b,g24a_fever_107503,exclude_post,-1,0.00013069958976815563
qwen3-32b,g24a_fever_107503,exclude_pre,-1,0.00010663409652420006
qwen3-32b,g24a_fever_107654,admit_post,-1,0.0003332694414223778
qwen3-32b,g24a_fever_107654,admit_pre,-1,1.5487589858149462e-05
qwen3-32b,g24a_fever_107654,base,-1,0.00032937499958099145
qwen3-32b,g24a_fever_107654,exclude_post,-1,0.0008595537930225084
qwen3-32b,g24a_fever_107654,exclude_pre,-1,0.00017909361055318937
qwen3-32b,g24a_fever_108107,admit_post,-1,4.3090012820235456e-05
qwen3-32b,g24a_fever_108107,admit_pre,-1,1.2257624242839694e-05
qwen3-32b,g24a_fever_108107,base,-1,0.000464750498666066
qwen3-32b,g24a_fever_108107,exclude_post,-1,0.0002719600467794223
qwen3-32b,g24a_fever_108107,exclude_pre,-1,0.00020074845080115435
qwen3-32b,g24a_fever_108772,admit_post,1,99.9999923825106
qwen3-32b,g24a_fever_108772,admit_pre,1,99.99999726419765
qwen3-32b,g24a_fever_108772,base,1,4.621737149809943
qwen3-32b,g24a_fever_108772,exclude_post,1,35.12265290701955
qwen3-32b,g24a_fever_108772,exclude_pre,1,99.99975904855098
qwen3-32b,g24a_fever_108894,admit_post,-1,4.900791211691067e-05
qwen3-32b,g24a_fever_108894,admit_pre,-1,0.0008295404438933523
qwen3-32b,g24a_fever_108894,base,-1,0.008266959259305302
qwen3-32b,g24a_fever_108894,exclude_post,-1,0.0003421574820578131
qwen3-32b,g24a_fever_108894,exclude_pre,-1,0.0002758593175132345
qwen3-32b,g24a_fever_109293,admit_post,-1,1.4551415139398488e-05
qwen3-32b,g24a_fever_109293,admit_pre,-1,0.0001402570647281808
qwen3-32b,g24a_fever_109293,base,-1,7.40456652066705e-05
qwen3-32b,g24a_fever_109293,exclude_post,-1,0.0735690501602838
qwen3-32b,g24a_fever_109293,exclude_pre,-1,0.0002447494981924619
qwen3-32b,g24a_fever_10947,admit_post,1,99.99999753797513
qwen3-32b,g24a_fever_10947,admit_pre,1,99.99999720089268
qwen3-32b,g24a_fever_10947,base,1,99.99706679189374
qwen3-32b,g24a_fever_10947,exclude_post,1,0.026437507073094033
qwen3-32b,g24a_fever_10947,exclude_pre,1,99.9999839874566
qwen3-32b,g24a_fever_109582,admit_post,-1,4.530971780494235e-06
qwen3-32b,g24a_fever_109582,admit_pre,-1,1.3386169846624248e-05
qwen3-32b,g24a_fever_109582,base,-1,1.829287236566867e-05
qwen3-32b,g24a_fever_109582,exclude_post,-1,6.064685091966828e-05
qwen3-32b,g24a_fever_109582,exclude_pre,-1,7.99440847166254e-06
qwen3-32b,g24a_fever_109744,admit_post,-1,1.165748506012726e-05
qwen3-32b,g24a_fever_109744,admit_pre,-1,0.006160158582268975
qwen3-32b,g24a_fever_109744,base,-1,0.0059721163170805185
qwen3-32b,g24a_fever_109744,exclude_post,-1,44.44759200259797
qwen3-32b,g24a_fever_109744,exclude_pre,-1,54.13165905772477
qwen3-32b,g24a_fever_110538,admit_post,-1,0.007099246921233872
qwen3-32b,g24a_fever_110538,admit_pre,-1,0.010293310675590382
qwen3-32b,g24a_fever_110538,base,-1,32.849750905000434
qwen3-32b,g24a_fever_110538,exclude_post,-1,44.47654283492684
qwen3-32b,g24a_fever_110538,exclude_pre,-1,0.0014014243275077302
qwen3-32b,g24a_fever_111069,admit_post,1,99.99941865871749
qwen3-32b,g24a_fever_111069,admit_pre,1,99.9999966212101
qwen3-32b,g24a_fever_111069,base,1,1.7379921023176323
qwen3-32b,g24a_fever_111069,exclude_post,1,44.41512055503014
qwen3-32b,g24a_fever_111069,exclude_pre,1,0.04189807259526387
qwen3-32b,g24a_fever_112471,admit_post,1,99.9999990824182
qwen3-32b,g24a_fever_112471,admit_pre,1,99.99999747756118
qwen3-32b,g24a_fever_112471,base,1,77.59601178666789
qwen3-32b,g24a_fever_112471,exclude_post,1,1.7787448334687268
qwen3-32b,g24a_fever_112471,exclude_pre,1,99.98763039663582
qwen3-32b,g24a_fever_112650,admit_post,-1,0.0007841865546692311
qwen3-32b,g24a_fever_112650,admit_pre,-1,0.004890159174124584
qwen3-32b,g24a_fever_112650,base,-1,0.0001321039030781182
qwen3-32b,g24a_fever_112650,exclude_post,-1,0.008363041853301471
qwen3-32b,g24a_fever_112650,exclude_pre,-1,96.89698579298368
qwen3-32b,g24a_fever_112934,admit_post,1,99.99999672913584
qwen3-32b,g24a_fever_112934,admit_pre,1,99.99994451897604
qwen3-32b,g24a_fever_112934,base,1,78.77191551408679
qwen3-32b,g24a_fever_112934,exclude_post,1,44.5691119235635
qwen3-32b,g24a_fever_112934,exclude_pre,1,99.9281794106272
qwen3-32b,g24a_fever_114387,admit_post,1,99.99999822718598
qwen3-32b,g24a_fever_114387,admit_pre,1,99.99999879991942
qwen3-32b,g24a_fever_114387,base,1,99.99999119619335
qwen3-32b,g24a_fever_114387,exclude_post,1,99.96823502833762
qwen3-32b,g24a_fever_114387,exclude_pre,1,99.9957624561624
qwen3-32b,g24a_fever_11478,admit_post,1,99.99999614817465
qwen3-32b,g24a_fever_11478,admit_pre,1,99.9999983191604
qwen3-32b,g24a_fever_11478,base,1,99.99999641333363
qwen3-32b,g24a_fever_11478,exclude_post,1,99.98687768950901
qwen3-32b,g24a_fever_11478,exclude_pre,1,99.98924513816843
qwen3-32b,g24a_fever_114900,admit_post,1,99.99999639930951
qwen3-32b,g24a_fever_114900,admit_pre,1,99.99995727468891
qwen3-32b,g24a_fever_114900,base,1,99.7440213511665
qwen3-32b,g24a_fever_114900,exclude_post,1,51.191902901045694
qwen3-32b,g24a_fever_114900,exclude_pre,1,99.96301860335504
qwen3-32b,g24a_fever_114974,admit_post,1,99.99999676219342
qwen3-32b,g24a_fever_114974,admit_pre,1,99.99999684420483
qwen3-32b,g24a_fever_114974,base,1,99.99573768352187
qwen3-32b,g24a_fever_114974,exclude_post,1,5.834296547933835
qwen3-32b,g24a_fever_114974,exclude_pre,1,99.99957606720935
qwen3-32b,g24a_fever_115028,admit_post,-1,1.6024561492913818e-05
qwen3-32b,g24a_fever_115028,admit_pre,-1,9.248929569032306e-06
qwen3-32b,g24a_fever_115028,base,-1,1.6180573073071342e-05
qwen3-32b,g24a_fever_115028,exclude_post,-1,45.093737289446246
qwen3-32b,g24a_fever_115028,exclude_pre,-1,4.701493234259913e-05
qwen3-32b,g24a_fever_115773,admit_post,-1,1.503761942896819e-05
qwen3-32b,g24a_fever_115773,admit_pre,-1,3.479753519132672e-06
qwen3-32b,g24a_fever_115773,base,-1,1.1022010913892291e-05
qwen3-32b,g24a_fever_115773,exclude_post,-1,0.00010124773608832345
qwen3-32b,g24a_fever_115773,exclude_pre,-1,3.170388872564224e-06
qwen3-32b,g24a_fever_115940,admit_post,1,99.99999489767919
qwen3-32b,g24a_fever_115940,admit_pre,1,99.99999763380606
qwen3-32b,g24a_fever_115940,base,1,99.99999479927332
qwen3-32b,g24a_fever_115940,exclude_post,1,44.76927818493868
qwen3-32b,g24a_fever_115940,exclude_pre,1,99.99998798661376
qwen3-32b,g24a_fever_115989,admit_post,-1,0.00014984914666801386
qwen3-32b,g24a_fever_115989,admit_pre,-1,7.607596521082025e-05
qwen3-32b,g24a_fever_115989,base,-1,1.775398640341386e-05
qwen3-32b,g24a_fever_115989,exclude_post,-1,0.41551394536592295
qwen3-32b,g24a_fever_115989,exclude_pre,-1,8.547889899279176e-05
qwen3-32b,g24a_fever_116715,admit_post,1,99.99998379134996
qwen3-32b,g24a_fever_116715,admit_pre,1,99.99996689053425
qwen3-32b,g24a_fever_116715,base,1,5.568152757957328
qwen3-32b,g24a_fever_116715,exclude_post,1,8.404914360834441
qwen3-32b,g24a_fever_116715,exclude_pre,1,99.92441387328046
qwen3-32b,g24a_fever_117380,admit_post,1,99.99998722191143
qwen3-32b,g24a_fever_117380,admit_pre,1,99.99999865253196
qwen3-32b,g24a_fever_117380,base,1,99.9999973945146
qwen3-32b,g24a_fever_117380,exclude_post,1,99.9995778026359
qwen3-32b,g24a_fever_117380,exclude_pre,1,1.9030156696725424
qwen3-32b,g24a_fever_118442,admit_post,-1,2.2885008930900218e-05
qwen3-32b,g24a_fever_118442,admit_pre,-1,0.0003643623001175878
qwen3-32b,g24a_fever_118442,base,-1,2.4735002837153065e-05
qwen3-32b,g24a_fever_118442,exclude_post,-1,2.6269077720248376e-06
qwen3-32b,g24a_fever_118442,exclude_pre,-1,1.0421633613422115e-05
qwen3-32b,g24a_fever_118708,admit_post,1,99.99988559249958
qwen3-32b,g24a_fever_118708,admit_pre,1,99.99964471254347
qwen3-32b,g24a_fever_118708,base,1,99.99993971588847
qwen3-32b,g24a_fever_118708,exclude_post,1,2.457011270808083
qwen3-32b,g24a_fever_118708,exclude_pre,1,99.94789872433724
qwen3-32b,g24a_fever_118842,admit_post,-1,99.99995617044195
qwen3-32b,g24a_fever_118842,admit_pre,-1,84.00700605004943
qwen3-32b,g24a_fever_118842,base,-1,23.129207671830066
qwen3-32b,g24a_fever_118842,exclude_post,-1,16.283321078644786
qwen3-32b,g24a_fever_118842,exclude_pre,-1,32.146281773221986
qwen3-32b,g24a_fever_119630,admit_post,1,99.99999306401251
qwen3-32b,g24a_fever_119630,admit_pre,1,99.99999892647041
qwen3-32b,g24a_fever_119630,base,1,99.99995839532158
qwen3-32b,g24a_fever_119630,exclude_post,1,99.99542902527668
qwen3-32b,g24a_fever_119630,exclude_pre,1,99.99974316136175
qwen3-32b,g24a_fever_120704,admit_post,-1,2.986299779517723e-06
qwen3-32b,g24a_fever_120704,admit_pre,-1,4.7129521295699896e-06
qwen3-32b,g24a_fever_120704,base,-1,0.00013427353969986254
qwen3-32b,g24a_fever_120704,exclude_post,-1,2.9158774624822112e-05
qwen3-32b,g24a_fever_120704,exclude_pre,-1,6.502489834665163e-06
qwen3-32b,g24a_fever_121238,admit_post,-1,7.613627108662423
qwen3-32b,g24a_fever_121238,admit_pre,-1,4.209906771680772
qwen3-32b,g24a_fever_121238,base,-1,64.62015680207703
qwen3-32b,g24a_fever_121238,exclude_post,-1,55.54364808732409
qwen3-32b,g24a_fever_121238,exclude_pre,-1,44.441807893609976
qwen3-32b,g24a_fever_121283,admit_post,-1,0.00020365085747820583
qwen3-32b,g24a_fever_121283,admit_pre,-1,1.9851252892323033e-05
qwen3-32b,g24a_fever_121283,base,-1,2.542385880870926e-05
qwen3-32b,g24a_fever_121283,exclude_post,-1,0.32589195351750266
qwen3-32b,g24a_fever_121283,exclude_pre,-1,3.317768417828916e-05
qwen3-32b,g24a_fever_122006,admit_post,1,99.9997604015486
qwen3-32b,g24a_fever_122006,admit_pre,1,99.99987054703351
qwen3-32b,g24a_fever_122006,base,1,94.42833022137184
qwen3-32b,g24a_fever_122006,exclude_post,1,52.53459004851058
qwen3-32b,g24a_fever_122006,exclude_pre,1,99.97209636469482
qwen3-32b,g24a_fever_12204,admit_post,1,99.99049935520185
qwen3-32b,g24a_fever_12204,admit_pre,1,99.99992634068397
qwen3-32b,g24a_fever_12204,base,1,99.99998185276712
qwen3-32b,g24a_fever_12204,exclude_post,1,44.44311041908706
qwen3-32b,g24a_fever_12204,exclude_pre,1,99.98957436876482
qwen3-32b,g24a_fever_122343,admit_post,-1,4.7847853409357504e-06
qwen3-32b,g24a_fever_122343,admit_pre,-1,8.048815178632704e-06
qwen3-32b,g24a_fever_122343,base,-1,0.002911956737019216
qwen3-32b,g24a_fever_122343,exclude_post,-1,0.00012035494178328491
qwen3-32b,g24a_fever_122343,exclude_pre,-1,1.2923186922953724e-05
qwen3-32b,g24a_fever_122650,admit_post,1,99.99667023752842
qwen3-32b,g24a_fever_122650,admit_pre,1,99.99969125201225
qwen3-32b,g24a_fever_122650,base,1,89.23925197925182
qwen3-32b,g24a_fever_122650,exclude_post,1,44.444315853784474
qwen3-32b,g24a_fever_122650,exclude_pre,1,74.70810446549788
qwen3-32b,g24a_fever_122744,admit_post,-1,5.73096737039427e-06
qwen3-32b,g24a_fever_122744,admit_pre,-1,0.0001307956151821191
qwen3-32b,g24a_fever_122744,base,-1,0.0001971909741884385
qwen3-32b,g24a_fever_122744,exclude_post,-1,99.53879530265394
qwen3-32b,g24a_fever_122744,exclude_pre,-1,0.0017409898805302978
qwen3-32b,g24a_fever_122977,admit_post,1,99.99999549072403
qwen3-32b,g24a_fever_122977,admit_pre,1,99.99999848170906
qwen3-32b,g24a_fever_122977,base,1,99.99995746695441
qwen3-32b,g24a_fever_122977,exclude_post,1,44.444608501649384
qwen3-32b,g24a_fever_122977,exclude_pre,1,99.99997534016707
qwen3-32b,g24a_fever_123364,admit_post,1,99.99999827250215
qwen3-32b,g24a_fever_123364,admit_pre,1,99.99999834527574
qwen3-32b,g24a_fever_123364,base,1,99.99670532591888
qwen3-32b,g24a_fever_123364,exclude_post,1,99.99576423771376
qwen3-32b,g24a_fever_123364,exclude_pre,1,99.99080042526356
qwen3-32b,g24a_fever_123833,admit_post,-1,0.00035555552702278015
qwen3-32b,g24a_fever_123833,admit_pre,-1,1.6152074372532035e-05
qwen3-32b,g24a_fever_123833,base,-1,4.864949199476872
qwen3-32b,g24a_fever_123833,exclude_post,-1,13.201212582117801
qwen3-32b,g24a_fever_123833,exclude_pre,-1,0.001219351489881191
qwen3-32b,g24a_fever_124021,admit_post,1,99.99999709348634
qwen3-32b,g24a_fever_124021,admit_pre,1,99.99999684015091
qwen3-32b,g24a_fever_124021,base,1,99.99385109182997
qwen3-32b,g24a_fever_124021,exclude_post,1,99.98186801092527
qwen3-32b,g24a_fever_124021,exclude_pre,1,99.99766626448256
qwen3-32b,g24a_fever_126799,admit_post,-1,33.600000481947745
qwen3-32b,g24a_fever_126799,admit_pre,-1,20.43086017490717
qwen3-32b,g24a_fever_126799,base,-1,10.460185394203869
qwen3-32b,g24a_fever_126799,exclude_post,-1,10.086718318387149
qwen3-32b,g24a_fever_126799,exclude_pre,-1,32.24906596789863
qwen3-32b,g24a_fever_12843,admit_post,1,99.99981029027049
qwen3-32b,g24a_fever_12843,admit_pre,1,99.9995486833837
qwen3-32b,g24a_fever_12843,base,1,91.21405918437911
qwen3-32b,g24a_fever_12843,exclude_post,1,65.30988086559523
qwen3-32b,g24a_fever_12843,exclude_pre,1,44.78968036845063
qwen3-32b,g24a_fever_128454,admit_post,-1,0.058705994265814763
qwen3-32b,g24a_fever_128454,admit_pre,-1,0.011503562606599214
qwen3-32b,g24a_fever_128454,base,-1,2.497607810831587
qwen3-32b,g24a_fever_128454,exclude_post,-1,0.0025748088434704845
qwen3-32b,g24a_fever_128454,exclude_pre,-1,0.007002556066086994
qwen3-32b,g24a_fever_128807,admit_post,1,99.99999472227677
qwen3-32b,g24a_fever_128807,admit_pre,1,99.99999649741659
qwen3-32b,g24a_fever_128807,base,1,81.97062805113991
qwen3-32b,g24a_fever_128807,exclude_post,1,98.62920963136487
qwen3-32b,g24a_fever_128807,exclude_pre,1,99.99997474549207
qwen3-32b,g24a_fever_129420,admit_post,1,99.9999984622605
qwen3-32b,g24a_fever_129420,admit_pre,1,99.99999792453968
qwen3-32b,g24a_fever_129420,base,1,99.9998337267738
qwen3-32b,g24a_fever_129420,exclude_post,1,99.99414855473154
qwen3-32b,g24a_fever_129420,exclude_pre,1,99.99999283001428
qwen3-32b,g24a_fever_129517,admit_post,-1,0.00013181827893036732
qwen3-32b,g24a_fever_129517,admit_pre,-1,0.00018864830393195114
qwen3-32b,g24a_fever_129517,base,-1,0.844362928014243
qwen3-32b,g24a_fever_129517,exclude_post,-1,0.5061681973428803
qwen3-32b,g24a_fever_129517,exclude_pre,-1,0.0003521262622078533
qwen3-32b,g24a_fever_130204,admit_post,-1,3.319649019149737e-05
qwen3-32b,g24a_fever_130204,admit_pre,-1,0.00019028311500347215
qwen3-32b,g24a_fever_130204,base,-1,11.172550084446636
qwen3-32b,g24a_fever_130204,exclude_post,-1,0.005458498933799882
qwen3-32b,g24a_fever_130204,exclude_pre,-1,0.002002969428247364
qwen3-32b,g24a_fever_130978,admit_post,-1,11.292044004221127
qwen3-32b,g24a_fever_130978,admit_pre,-1,0.16021596640384714
qwen3-32b,g24a_fever_130978,base,-1,10.315690211700078
qwen3-32b,g24a_fever_130978,exclude_post,-1,3.1538477092111807
qwen3-32b,g24a_fever_130978,exclude_pre,-1,0.12792848128959056
qwen3-32b,g24a_fever_131250,admit_post,-1,1.287085015563015e-05
qwen3-32b,g24a_fever_131250,admit_pre,-1,1.8532527772773077e-05
qwen3-32b,g24a_fever_131250,base,-1,1.425579129339912e-05
qwen3-32b,g24a_fever_131250,exclude_post,-1,3.6242798030378456e-05
qwen3-32b,g24a_fever_131250,exclude_pre,-1,2.9113069185602557e-05
qwen3-32b,g24a_fever_13212,admit_post,-1,9.657001006269442e-07
qwen3-32b,g24a_fever_13212,admit_pre,-1,1.2516324174777367e-06
qwen3-32b,g24a_fever_13212,base,-1,1.0388203629857545e-05
qwen3-32b,g24a_fever_13212,exclude_post,-1,1.1088708884083333e-05
qwen3-32b,g24a_fever_13212,exclude_pre,-1,9.895237048063801e-06
qwen3-32b,g24a_fever_132619,admit_post,1,99.99993027762355
qwen3-32b,g24a_fever_132619,admit_pre,1,99.99996697562695
qwen3-32b,g24a_fever_132619,base,1,99.99105903391666
qwen3-32b,g24a_fever_132619,exclude_post,1,44.470823021744316
qwen3-32b,g24a_fever_132619,exclude_pre,1,99.90390696139578
qwen3-32b,g24a_fever_133233,admit_post,1,99.99999581827967
qwen3-32b,g24a_fever_133233,admit_pre,1,99.99999614949003
qwen3-32b,g24a_fever_133233,base,1,99.99998347784339
qwen3-32b,g24a_fever_133233,exclude_post,1,50.851851380993175
qwen3-32b,g24a_fever_133233,exclude_pre,1,99.98963163488602
qwen3-32b,g24a_fever_133512,admit_post,-1,2.9006974042780843e-05
qwen3-32b,g24a_fever_133512,admit_pre,-1,3.955098076394587e-05
qwen3-32b,g24a_fever_133512,base,-1,3.576278982053304
qwen3-32b,g24a_fever_133512,exclude_post,-1,2.698920381104171
qwen3-32b,g24a_fever_133512,exclude_pre,-1,6.53704870609663e-05
qwen3-32b,g24a_fever_134344,admit_post,1,99.99999729289485
qwen3-32b,g24a_fever_134344,admit_pre,1,99.99999906148724
qwen3-32b,g24a_fever_134344,base,1,99.9999889179191
qwen3-32b,g24a_fever_134344,exclude_post,1,99.99233897958725
qwen3-32b,g24a_fever_134344,exclude_pre,1,99.99992491410097
qwen3-32b,g24a_fever_134908,admit_post,-1,0.002657040432495966
qwen3-32b,g24a_fever_134908,admit_pre,-1,99.99074472445231
qwen3-32b,g24a_fever_134908,base,-1,99.99999623547347
qwen3-32b,g24a_fever_134908,exclude_post,-1,2.110722109642181e-05
qwen3-32b,g24a_fever_134908,exclude_pre,-1,0.0002031306094508132
qwen3-32b,g24a_fever_135572,admit_post,-1,2.7037971620752132e-05
qwen3-32b,g24a_fever_135572,admit_pre,-1,3.862430261438233e-05
qwen3-32b,g24a_fever_135572,base,-1,0.00011088227820296056
qwen3-32b,g24a_fever_135572,exclude_post,-1,0.031167893524867447
qwen3-32b,g24a_fever_135572,exclude_pre,-1,0.0001142907590314185
qwen3-32b,g24a_fever_136578,admit_post,-1,0.00021234750400589474
qwen3-32b,g24a_fever_136578,admit_pre,-1,0.0004406699612734831
qwen3-32b,g24a_fever_136578,base,-1,0.003143800975647751
qwen3-32b,g24a_fever_136578,exclude_post,-1,0.6677638357981213
qwen3-32b,g24a_fever_136578,exclude_pre,-1,0.00030178559918618325
qwen3-32b,g24a_fever_136853,admit_post,-1,7.702265620064934e-05
qwen3-32b,g24a_fever_136853,admit_pre,-1,0.0033678104951157164
qwen3-32b,g24a_fever_136853,base,-1,3.027826616996419e-05
qwen3-32b,g24a_fever_136853,exclude_post,-1,6.313606252366877e-06
qwen3-32b,g24a_fever_136853,exclude_pre,-1,0.0001816489081840963
qwen3-32b,g24a_fever_137173,admit_post,-1,1.582276262237146e-05
qwen3-32b,g24a_fever_137173,admit_pre,-1,1.2207072019318393e-05
qwen3-32b,g24a_fever_137173,base,-1,11.385591184086714
qwen3-32b,g24a_fever_137173,exclude_post,-1,0.0006229656524522252
qwen3-32b,g24a_fever_137173,exclude_pre,-1,5.5988871939778206e-05
qwen3-32b,g24a_fever_137210,admit_post,-1,4.149094149865254e-05
qwen3-32b,g24a_fever_137210,admit_pre,-1,5.0882885884064705e-06
qwen3-32b,g24a_fever_137210,base,-1,0.0015607948507673757
qwen3-32b,g24a_fever_137210,exclude_post,-1,0.0004615210182652683
qwen3-32b,g24a_fever_137210,exclude_pre,-1,0.0012539734958370284
qwen3-32b,g24a_fever_137706,admit_post,1,99.99968557040421
qwen3-32b,g24a_fever_137706,admit_pre,1,99.99994340905774
qwen3-32b,g24a_fever_137706,base,1,32.88485401057705
qwen3-32b,g24a_fever_137706,exclude_post,1,99.99497622787842
qwen3-32b,g24a_fever_137706,exclude_pre,1,66.26679718946232
qwen3-32b,g24a_fever_13829,admit_post,1,0.00012523930581725452
qwen3-32b,g24a_fever_13829,admit_pre,1,0.012817419561598353
qwen3-32b,g24a_fever_13829,base,1,99.77282232722268
qwen3-32b,g24a_fever_13829,exclude_post,1,44.4745162057858
qwen3-32b,g24a_fever_13829,exclude_pre,1,13.867907656064103
qwen3-32b,g24a_fever_138865,admit_post,-1,1.5097284883800552e-05
qwen3-32b,g24a_fever_138865,admit_pre,-1,3.521851485837439e-05
qwen3-32b,g24a_fever_138865,base,-1,0.00013476615116038274
qwen3-32b,g24a_fever_138865,exclude_post,-1,6.138988395732267e-05
qwen3-32b,g24a_fever_138865,exclude_pre,-1,3.6604807109746195e-05
qwen3-32b,g24a_fever_141159,admit_post,-1,0.00010685365450203066
qwen3-32b,g24a_fever_141159,admit_pre,-1,1.8162647598889743e-05
qwen3-32b,g24a_fever_141159,base,-1,7.448072193685895e-05
qwen3-32b,g24a_fever_141159,exclude_post,-1,0.00019260317697345598
qwen3-32b,g24a_fever_141159,exclude_pre,-1,6.59330548211064e-05
qwen3-32b,g24a_fever_141268,admit_post,1,99.99999523202729
qwen3-32b,g24a_fever_141268,admit_pre,1,99.9999987028049
qwen3-32b,g24a_fever_141268,base,1,99.99993478238527
qwen3-32b,g24a_fever_141268,exclude_post,1,99.99868211899737
qwen3-32b,g24a_fever_141268,exclude_pre,1,99.99958153403036
qwen3-32b,g24a_fever_1423,admit_post,1,99.99874900759404
qwen3-32b,g24a_fever_1423,admit_pre,1,99.9997513559951
qwen3-32b,g24a_fever_1423,base,1,55.04109826680119
qwen3-32b,g24a_fever_1423,exclude_post,1,43.99760306680475
qwen3-32b,g24a_fever_1423,exclude_pre,1,99.99966825847918
qwen3-32b,g24a_fever_142854,admit_post,1,99.99997671873423
qwen3-32b,g24a_fever_142854,admit_pre,1,99.9999917639466
qwen3-32b,g24a_fever_142854,base,1,0.005429369589761587
qwen3-32b,g24a_fever_142854,exclude_post,1,44.47149605671239
qwen3-32b,g24a_fever_142854,exclude_pre,1,99.99994973560385
qwen3-32b,g24a_fever_143011,admit_post,-1,0.48348059775052643
qwen3-32b,g24a_fever_143011,admit_pre,-1,0.6686824843065415
qwen3-32b,g24a_fever_143011,base,-1,11.632332664815653
qwen3-32b,g24a_fever_143011,exclude_post,-1,52.545015876210776
qwen3-32b,g24a_fever_143011,exclude_pre,-1,21.13650702110059
qwen3-32b,g24a_fever_14388,admit_post,1,99.74423375757979
qwen3-32b,g24a_fever_14388,admit_pre,1,99.97563871659655
qwen3-32b,g24a_fever_14388,base,1,99.79902799049847
qwen3-32b,g24a_fever_14388,exclude_post,1,27.508087839884407
qwen3-32b,g24a_fever_14388,exclude_pre,1,45.61685165802722
qwen3-32b,g24a_fever_144725,admit_post,-1,0.0001502419013343288
qwen3-32b,g24a_fever_144725,admit_pre,-1,0.0003122710518299769
qwen3-32b,g24a_fever_144725,base,-1,11.936247415571533
qwen3-32b,g24a_fever_144725,exclude_post,-1,44.199976804941734
qwen3-32b,g24a_fever_144725,exclude_pre,-1,0.0010785195001674368
qwen3-32b,g24a_fever_146361,admit_post,1,99.99999854734588
qwen3-32b,g24a_fever_146361,admit_pre,1,99.99999716496283
qwen3-32b,g24a_fever_146361,base,1,99.98851273030088
qwen3-32b,g24a_fever_146361,exclude_post,1,44.465265356440206
qwen3-32b,g24a_fever_146361,exclude_pre,1,99.89394875972845
qwen3-32b,g24a_fever_146639,admit_post,1,99.99999733209631
qwen3-32b,g24a_fever_146639,admit_pre,1,99.99999673999211
qwen3-32b,g24a_fever_146639,base,1,0.005451219226662195
qwen3-32b,g24a_fever_146639,exclude_post,1,44.40302349324892
qwen3-32b,g24a_fever_146639,exclude_pre,1,99.99966773142884
qwen3-32b,g24a_fever_147158,admit_post,1,99.99999872845741
qwen3-32b,g24a_fever_147158,admit_pre,1,99.99999877420743
qwen3-32b,g24a_fever_147158,base,1,99.97857167260337
qwen3-32b,g24a_fever_147158,exclude_post,1,99.95846962054105
qwen3-32b,g24a_fever_147158,exclude_pre,1,99.99995464671241
qwen3-32b,g24a_fever_147530,admit_post,-1,0.0002526180301162409
qwen3-32b,g24a_fever_147530,admit_pre,-1,0.0010372352131432132
qwen3-32b,g24a_fever_147530,base,-1,5.6685763931650675e-05
qwen3-32b,g24a_fever_147530,exclude_post,-1,0.0002848522018200645
qwen3-32b,g24a_fever_147530,exclude_pre,-1,2.3353645924937972e-05
qwen3-32b,g24a_fever_148149,admit_post,-1,2.140972100967389e-05
qwen3-32b,g24a_fever_148149,admit_pre,-1,1.312738831288672e-05
qwen3-32b,g24a_fever_148149,base,-1,0.00697180372110745
qwen3-32b,g24a_fever_148149,exclude_post,-1,0.0001637275925796392
qwen3-32b,g24a_fever_148149,exclude_pre,-1,4.4462181131571285e-05
qwen3-32b,g24a_fever_148244,admit_post,1,99.99743181685115
qwen3-32b,g24a_fever_148244,admit_pre,1,99.99999147536498
qwen3-32b,g24a_fever_148244,base,1,99.99974769290534
qwen3-32b,g24a_fever_148244,exclude_post,1,99.79562848536929
qwen3-32b,g24a_fever_148244,exclude_pre,1,17.751206748896713
qwen3-32b,g24a_fever_148309,admit_post,-1,6.203726489676016e-05
qwen3-32b,g24a_fever_148309,admit_pre,-1,3.772661563313118e-05
qwen3-32b,g24a_fever_148309,base,-1,5.58710699730971e-06
qwen3-32b,g24a_fever_148309,exclude_post,-1,0.07464142035529009
qwen3-32b,g24a_fever_148309,exclude_pre,-1,6.187025466380891e-05
qwen3-32b,g24a_fever_148599,admit_post,1,99.999920076012
qwen3-32b,g24a_fever_148599,admit_pre,1,99.96003984457246
qwen3-32b,g24a_fever_148599,base,1,91.81599657434555
qwen3-32b,g24a_fever_148599,exclude_post,1,99.97818821613515
qwen3-32b,g24a_fever_148599,exclude_pre,1,1.341858308420007
qwen3-32b,g24a_fever_148610,admit_post,-1,98.51790173660883
qwen3-32b,g24a_fever_148610,admit_pre,-1,5.433152298901117
qwen3-32b,g24a_fever_148610,base,-1,10.60840960797812
qwen3-32b,g24a_fever_148610,exclude_post,-1,99.99695343776858
qwen3-32b,g24a_fever_148610,exclude_pre,-1,2.0078170262539663
qwen3-32b,g24a_fever_149436,admit_post,-1,1.6607359874237278e-05
qwen3-32b,g24a_fever_149436,admit_pre,-1,4.7105350640549186e-05
qwen3-32b,g24a_fever_149436,base,-1,0.014817896458488836
qwen3-32b,g24a_fever_149436,exclude_post,-1,0.00039735733085998056
qwen3-32b,g24a_fever_149436,exclude_pre,-1,3.1410477308291516e-05
qwen3-32b,g24a_fever_150192,admit_post,-1,0.004117888711266915
qwen3-32b,g24a_fever_150192,admit_pre,-1,0.0010803189396151758
qwen3-32b,g24a_fever_150192,base,-1,11.397647036259022
qwen3-32b,g24a_fever_150192,exclude_post,-1,81.65527593815658
qwen3-32b,g24a_fever_150192,exclude_pre,-1,0.0010052223585384921
qwen3-32b,g24a_fever_151483,admit_post,1,99.97247549306036
qwen3-32b,g24a_fever_151483,admit_pre,1,99.99978694190567
qwen3-32b,g24a_fever_151483,base,1,99.99457422316495
qwen3-32b,g24a_fever_151483,exclude_post,1,53.522956399278804
qwen3-32b,g24a_fever_151483,exclude_pre,1,72.08420047918719
qwen3-32b,g24a_fever_152133,admit_post,-1,1.841417701874341e-05
qwen3-32b,g24a_fever_152133,admit_pre,-1,0.6682045752008663
qwen3-32b,g24a_fever_152133,base,-1,3.5690023923615803
qwen3-32b,g24a_fever_152133,exclude_post,-1,0.014784968304497794
qwen3-32b,g24a_fever_152133,exclude_pre,-1,0.0015883906450994386
qwen3-32b,g24a_fever_152422,admit_post,-1,4.217359769284152e-05
qwen3-32b,g24a_fever_152422,admit_pre,-1,1.5682781780965055e-05
qwen3-32b,g24a_fever_152422,base,-1,0.0003340278864685672
qwen3-32b,g24a_fever_152422,exclude_post,-1,41.23216859855295
qwen3-32b,g24a_fever_152422,exclude_pre,-1,0.0012911889215928593
qwen3-32b,g24a_fever_152680,admit_post,-1,3.274389119622683e-05
qwen3-32b,g24a_fever_152680,admit_pre,-1,2.988890628790104e-05
qwen3-32b,g24a_fever_152680,base,-1,4.9572924850879425e-05
qwen3-32b,g24a_fever_152680,exclude_post,-1,0.000873376515851052
qwen3-32b,g24a_fever_152680,exclude_pre,-1,4.169088747552406e-05
qwen3-32b,g24a_fever_153543,admit_post,1,99.99992069790537
qwen3-32b,g24a_fever_153543,admit_pre,1,99.9999954035082
qwen3-32b,g24a_fever_153543,base,1,99.9999770998358
qwen3-32b,g24a_fever_153543,exclude_post,1,99.94151474576263
qwen3-32b,g24a_fever_153543,exclude_pre,1,99.99773298242364
qwen3-32b,g24a_fever_153914,admit_post,-1,1.6589042486334194e-05
qwen3-32b,g24a_fever_153914,admit_pre,-1,1.6439123812670558e-05
qwen3-32b,g24a_fever_153914,base,-1,0.05057493516958745
qwen3-32b,g24a_fever_153914,exclude_post,-1,2.4648861259842563e-05
qwen3-32b,g24a_fever_153914,exclude_pre,-1,0.00015246472614575534
qwen3-32b,g24a_fever_154608,admit_post,-1,6.905873098447492e-05
qwen3-32b,g24a_fever_154608,admit_pre,-1,0.00027565083575644827
qwen3-32b,g24a_fever_154608,base,-1,7.026336975257723e-05
qwen3-32b,g24a_fever_154608,exclude_post,-1,0.09534545790490782
qwen3-32b,g24a_fever_154608,exclude_pre,-1,6.504962815215526e-05
qwen3-32b,g24a_fever_154919,admit_post,-1,4.308634801468204e-06
qwen3-32b,g24a_fever_154919,admit_pre,-1,4.672552753295794e-06
qwen3-32b,g24a_fever_154919,base,-1,2.3938335692548517e-05
qwen3-32b,g24a_fever_154919,exclude_post,-1,5.992194846869884e-06
qwen3-32b,g24a_fever_154919,exclude_pre,-1,1.106239855210167e-05
qwen3-32b,g24a_fever_155484,admit_post,1,99.99999126854401
qwen3-32b,g24a_fever_155484,admit_pre,1,99.99999299217824
qwen3-32b,g24a_fever_155484,base,1,99.9999364909441
qwen3-32b,g24a_fever_155484,exclude_post,1,99.96882052918855
qwen3-32b,g24a_fever_155484,exclude_pre,1,99.99967045689972
qwen3-32b,g24a_fever_155725,admit_post,1,99.99999897233674
qwen3-32b,g24a_fever_155725,admit_pre,1,99.99999705870788
qwen3-32b,g24a_fever_155725,base,1,99.99771279196698
qwen3-32b,g24a_fever_155725,exclude_post,1,99.99243955329122
qwen3-32b,g24a_fever_155725,exclude_pre,1,99.99993873442162
qwen3-32b,g24a_fever_155911,admit_post,1,99.99999773479091
qwen3-32b,g24a_fever_155911,admit_pre,1,99.99999631486197
qwen3-32b,g24a_fever_155911,base,1,77.68114032876308
qwen3-32b,g24a_fever_155911,exclude_post,1,44.431568354731084
qwen3-32b,g24a_fever_155911,exclude_pre,1,9.192238716370941
qwen3-32b,g24a_fever_156128,admit_post,1,99.99999901804296
qwen3-32b,g24a_fever_156128,admit_pre,1,99.99999856423362
qwen3-32b,g24a_fever_156128,base,1,99.9976951384917
qwen3-32b,g24a_fever_156128,exclude_post,1,99.93823457847458
qwen3-32b,g24a_fever_156128,exclude_pre,1,99.98362729599619
qwen3-32b,g24a_fever_1577,admit_post,1,99.99998984807621
qwen3-32b,g24a_fever_1577,admit_pre,1,99.9967072207942
qwen3-32b,g24a_fever_1577,base,1,99.99997849446208
qwen3-32b,g24a_fever_1577,exclude_post,1,99.17507217068763
qwen3-32b,g24a_fever_1577,exclude_pre,1,99.87480898548286
qwen3-32b,g24a_fever_15834,admit_post,1,99.99999710938833
qwen3-32b,g24a_fever_15834,admit_pre,1,99.99995663689816
qwen3-32b,g24a_fever_15834,base,1,99.99997092769674
qwen3-32b,g24a_fever_15834,exclude_post,1,44.46809310740813
qwen3-32b,g24a_fever_15834,exclude_pre,1,99.99849634116534
qwen3-32b,g24a_fever_158425,admit_post,-1,9.989485984978148e-05
qwen3-32b,g24a_fever_158425,admit_pre,-1,5.3897762227178106e-05
qwen3-32b,g24a_fever_158425,base,-1,0.0017691837607496633
qwen3-32b,g24a_fever_158425,exclude_post,-1,0.002954611708553473
qwen3-32b,g24a_fever_158425,exclude_pre,-1,3.158567388778474e-05
qwen3-32b,g24a_fever_159570,admit_post,-1,5.970735633046133e-05
qwen3-32b,g24a_fever_159570,admit_pre,-1,0.6677971042120282
qwen3-32b,g24a_fever_159570,base,-1,0.0014442398505591797
qwen3-32b,g24a_fever_159570,exclude_post,-1,44.225191421606
qwen3-32b,g24a_fever_159570,exclude_pre,-1,29.35166029489702
qwen3-32b,g24a_fever_160060,admit_post,1,99.99999648567963
qwen3-32b,g24a_fever_160060,admit_pre,1,99.99999659164818
qwen3-32b,g24a_fever_160060,base,1,23.163579872540677
qwen3-32b,g24a_fever_160060,exclude_post,1,54.67635987308253
qwen3-32b,g24a_fever_160060,exclude_pre,1,98.19427416073839
qwen3-32b,g24a_fever_16070,admit_post,-1,4.044713610360763e-05
qwen3-32b,g24a_fever_16070,admit_pre,-1,6.44404451481232e-05
qwen3-32b,g24a_fever_16070,base,-1,0.0010881875643656807
qwen3-32b,g24a_fever_16070,exclude_post,-1,0.00031653701988114153
qwen3-32b,g24a_fever_16070,exclude_pre,-1,8.135357879967327e-05
qwen3-32b,g24a_fever_160814,admit_post,1,99.99999760564464
qwen3-32b,g24a_fever_160814,admit_pre,1,99.99999931676992
qwen3-32b,g24a_fever_160814,base,1,99.9999934820059
qwen3-32b,g24a_fever_160814,exclude_post,1,38.347543339897946
qwen3-32b,g24a_fever_160814,exclude_pre,1,99.99991457503387
qwen3-32b,g24a_fever_160927,admit_post,-1,0.0008413858713320096
qwen3-32b,g24a_fever_160927,admit_pre,-1,0.004270309782102203
qwen3-32b,g24a_fever_160927,base,-1,0.0020360243611255244
qwen3-32b,g24a_fever_160927,exclude_post,-1,5.8517539999103215e-05
qwen3-32b,g24a_fever_160927,exclude_pre,-1,7.948458011080807e-06
qwen3-32b,g24a_fever_161047,admit_post,-1,0.00011934436796189922
qwen3-32b,g24a_fever_161047,admit_pre,-1,0.00019707847710078623
qwen3-32b,g24a_fever_161047,base,-1,99.9999978093984
qwen3-32b,g24a_fever_161047,exclude_post,-1,31.133705573690772
qwen3-32b,g24a_fever_161047,exclude_pre,-1,8.769577830114251
qwen3-32b,g24a_fever_162835,admit_post,1,99.9999982099573
qwen3-32b,g24a_fever_162835,admit_pre,1,99.99999874797538
qwen3-32b,g24a_fever_162835,base,1,99.99997689846094
qwen3-32b,g24a_fever_162835,exclude_post,1,99.99995913019228
qwen3-32b,g24a_fever_162835,exclude_pre,1,99.99997603827515
qwen3-32b,g24a_fever_162881,admit_post,1,99.99669795861286
qwen3-32b,g24a_fever_162881,admit_pre,1,99.93429728627024
qwen3-32b,g24a_fever_162881,base,1,91.3558293239388
qwen3-32b,g24a_fever_162881,exclude_post,1,91.30062144297584
qwen3-32b,g24a_fever_162881,exclude_pre,1,70.57444232048023
qwen3-32b,g24a_fever_165870,admit_post,-1,5.470536184983004e-05
qwen3-32b,g24a_fever_165870,admit_pre,-1,0.00011380912363662567
qwen3-32b,g24a_fever_165870,base,-1,42.26205545718931
qwen3-32b,g24a_fever_165870,exclude_post,-1,0.010353743219127806
qwen3-32b,g24a_fever_165870,exclude_pre,-1,0.00027819823407958255
qwen3-32b,g24a_fever_165901,admit_post,-1,1.2782755776847603e-05
qwen3-32b,g24a_fever_165901,admit_pre,-1,1.109679127199981e-05
qwen3-32b,g24a_fever_165901,base,-1,5.930184603382648e-05
qwen3-32b,g24a_fever_165901,exclude_post,-1,44.44511419510515
qwen3-32b,g24a_fever_165901,exclude_pre,-1,2.0926942143053876e-05
qwen3-32b,g24a_fever_165904,admit_post,1,99.99999031496094
qwen3-32b,g24a_fever_165904,admit_pre,1,99.99999572476625
qwen3-32b,g24a_fever_165904,base,1,99.99708277993264
qwen3-32b,g24a_fever_165904,exclude_post,1,99.99728816724819
qwen3-32b,g24a_fever_165904,exclude_pre,1,99.99587001940603
qwen3-32b,g24a_fever_168064,admit_post,1,84.91624206323829
qwen3-32b,g24a_fever_168064,admit_pre,1,94.27243299552585
qwen3-32b,g24a_fever_168064,base,1,99.99998764982575
qwen3-32b,g24a_fever_168064,exclude_post,1,99.99999312381745
qwen3-32b,g24a_fever_168064,exclude_pre,1,99.99878412684276
qwen3-32b,g24a_fever_168073,admit_post,1,99.99999830829039
qwen3-32b,g24a_fever_168073,admit_pre,1,99.99999495038944
qwen3-32b,g24a_fever_168073,base,1,99.99999654521508
qwen3-32b,g24a_fever_168073,exclude_post,1,45.298046394108695
qwen3-32b,g24a_fever_168073,exclude_pre,1,99.99993746033311
qwen3-32b,g24a_fever_169985,admit_post,-1,0.01679231410530389
qwen3-32b,g24a_fever_169985,admit_pre,-1,0.02152136993560519
qwen3-32b,g24a_fever_169985,base,-1,1.6657732482698082
qwen3-32b,g24a_fever_169985,exclude_post,-1,0.010179019543631915
qwen3-32b,g24a_fever_169985,exclude_pre,-1,0.016868719759692778
qwen3-32b,g24a_fever_172309,admit_post,1,99.99999778771048
qwen3-32b,g24a_fever_172309,admit_pre,1,99.99999845150808
qwen3-32b,g24a_fever_172309,base,1,99.9999958125673
qwen3-32b,g24a_fever_172309,exclude_post,1,99.99958015936501
qwen3-32b,g24a_fever_172309,exclude_pre,1,99.99967661430512
qwen3-32b,g24a_fever_172766,admit_post,-1,0.0001944750057613838
qwen3-32b,g24a_fever_172766,admit_pre,-1,0.00016924970933693083
qwen3-32b,g24a_fever_172766,base,-1,72.9823006909993
qwen3-32b,g24a_fever_172766,exclude_post,-1,0.0006762648008127054
qwen3-32b,g24a_fever_172766,exclude_pre,-1,7.547218201538123e-05
qwen3-32b,g24a_fever_172768,admit_post,1,99.9999984614339
qwen3-32b,g24a_fever_172768,admit_pre,1,99.9999937430072
qwen3-32b,g24a_fever_172768,base,1,46.381095357495646
qwen3-32b,g24a_fever_172768,exclude_post,1,43.12231939078283
qwen3-32b,g24a_fever_172768,exclude_pre,1,99.99984905851382
qwen3-32b,g24a_fever_174028,admit_post,-1,5.110413598702648e-05
qwen3-32b,g24a_fever_174028,admit_pre,-1,0.00016793783442635603
qwen3-32b,g24a_fever_174028,base,-1,0.02347365326500546
qwen3-32b,g24a_fever_174028,exclude_post,-1,26.862022924364606
qwen3-32b,g24a_fever_174028,exclude_pre,-1,0.00036689542974613766
qwen3-32b,g24a_fever_174034,admit_post,1,99.99999743832171
qwen3-32b,g24a_fever_174034,admit_pre,1,99.99999700571824
qwen3-32b,g24a_fever_174034,base,1,99.99999686735406
qwen3-32b,g24a_fever_174034,exclude_post,1,44.85290732159119
qwen3-32b,g24a_fever_174034,exclude_pre,1,99.99996996818649
qwen3-32b,g24a_fever_17410,admit_post,1,99.99999534326588
qwen3-32b,g24a_fever_17410,admit_pre,1,99.99999800092742
qwen3-32b,g24a_fever_17410,base,1,39.46691429926657
qwen3-32b,g24a_fever_17410,exclude_post,1,20.895808460219758
qwen3-32b,g24a_fever_17410,exclude_pre,1,55.433553816459465
qwen3-32b,g24a_fever_175462,admit_post,-1,9.13898820317197e-06
qwen3-32b,g24a_fever_175462,admit_pre,-1,4.6157280037460325e-06
qwen3-32b,g24a_fever_175462,base,-1,2.1178547231156947e-05
qwen3-32b,g24a_fever_175462,exclude_post,-1,5.780625148086113e-06
qwen3-32b,g24a_fever_175462,exclude_pre,-1,3.4516934588044184e-06
qwen3-32b,g24a_fever_175879,admit_post,1,99.99999566659045
qwen3-32b,g24a_fever_175879,admit_pre,1,99.99999906404517
qwen3-32b,g24a_fever_175879,base,1,99.99995983857681
qwen3-32b,g24a_fever_175879,exclude_post,1,99.99997044967179
qwen3-32b,g24a_fever_175879,exclude_pre,1,22.020628118375416
qwen3-32b,g24a_fever_177858,admit_post,1,99.99999796785438
qwen3-32b,g24a_fever_177858,admit_pre,1,99.99989913468127
qwen3-32b,g24a_fever_177858,base,1,53.02383871098056
qwen3-32b,g24a_fever_177858,exclude_post,1,94.85505986471081
qwen3-32b,g24a_fever_177858,exclude_pre,1,66.65802627611387
qwen3-32b,g24a_fever_178167,admit_post,1,99.99999237761634
qwen3-32b,g24a_fever_178167,admit_pre,1,99.99981406370901
qwen3-32b,g24a_fever_178167,base,1,99.70587584225369
qwen3-32b,g24a_fever_178167,exclude_post,1,46.68758781568517
qwen3-32b,g24a_fever_178167,exclude_pre,1,99.9910190763686
qwen3-32b,g24a_fever_179816,admit_post,-1,0.26100887423199814
qwen3-32b,g24a_fever_179816,admit_pre,-1,20.02697679334789
qwen3-32b,g24a_fever_179816,base,-1,0.0037465507243877147
qwen3-32b,g24a_fever_179816,exclude_post,-1,30.319190411967888
qwen3-32b,g24a_fever_179816,exclude_pre,-1,12.576829757084345
qwen3-32b,g24a_fever_179819,admit_post,1,99.99999862854992
qwen3-32b,g24a_fever_179819,admit_pre,1,99.99999886519352
qwen3-32b,g24a_fever_179819,base,1,99.99996520577923
qwen3-32b,g24a_fever_179819,exclude_post,1,99.99997523785481
qwen3-32b,g24a_fever_179819,exclude_pre,1,99.9999407887393
qwen3-32b,g24a_fever_179834,admit_post,1,99.99999787384981
qwen3-32b,g24a_fever_179834,admit_pre,1,99.9999978819613
qwen3-32b,g24a_fever_179834,base,1,99.99997584658104
qwen3-32b,g24a_fever_179834,exclude_post,1,44.532900639299534
qwen3-32b,g24a_fever_179834,exclude_pre,1,99.98810954314696
qwen3-32b,g24a_fever_180691,admit_post,1,99.99999912701212
qwen3-32b,g24a_fever_180691,admit_pre,1,99.99999878746381
qwen3-32b,g24a_fever_180691,base,1,99.99999113109487
qwen3-32b,g24a_fever_180691,exclude_post,1,99.99949382534923
qwen3-32b,g24a_fever_180691,exclude_pre,1,99.9997537794426
qwen3-32b,g24a_fever_180702,admit_post,-1,5.007828619580206e-05
qwen3-32b,g24a_fever_180702,admit_pre,-1,2.054307171083845e-05
qwen3-32b,g24a_fever_180702,base,-1,11.33462878060576
qwen3-32b,g24a_fever_180702,exclude_post,-1,5.427759038347495e-05
qwen3-32b,g24a_fever_180702,exclude_pre,-1,4.562161118424974e-05
qwen3-32b,g24a_fever_18333,admit_post,1,99.99935020168874
qwen3-32b,g24a_fever_18333,admit_pre,1,99.99988622188269
qwen3-32b,g24a_fever_18333,base,1,99.97248050078348
qwen3-32b,g24a_fever_18333,exclude_post,1,44.469830758648314
qwen3-32b,g24a_fever_18333,exclude_pre,1,7.0739523764930645
qwen3-32b,g24a_fever_183452,admit_post,-1,9.654156025063305e-06
qwen3-32b,g24a_fever_183452,admit_pre,-1,8.04598273791602e-05
qwen3-32b,g24a_fever_183452,base,-1,3.644326690069386e-05
qwen3-32b,g24a_fever_183452,exclude_post,-1,0.0007825258834370157
qwen3-32b,g24a_fever_183452,exclude_pre,-1,7.806829827527825e-06
qwen3-32b,g24a_fever_184054,admit_post,-1,5.3467305893619294e-05
qwen3-32b,g24a_fever_184054,admit_pre,-1,8.25788030782535e-05
qwen3-32b,g24a_fever_184054,base,-1,1.6536344287145361
qwen3-32b,g24a_fever_184054,exclude_post,-1,7.613785532073796
qwen3-32b,g24a_fever_184054,exclude_pre,-1,0.0002619459053844653
qwen3-32b,g24a_fever_184066,admit_post,1,99.99999900230337
qwen3-32b,g24a_fever_184066,admit_pre,1,99.9999987400365
qwen3-32b,g24a_fever_184066,base,1,99.99999414689557
qwen3-32b,g24a_fever_184066,exclude_post,1,99.99974487009858
qwen3-32b,g24a_fever_184066,exclude_pre,1,99.99835812635898
qwen3-32b,g24a_fever_184294,admit_post,-1,2.994233967054958e-05
qwen3-32b,g24a_fever_184294,admit_pre,-1,5.089543051070952e-05
qwen3-32b,g24a_fever_184294,base,-1,0.0001175293453110188
qwen3-32b,g24a_fever_184294,exclude_post,-1,0.0012327077458510261
qwen3-32b,g24a_fever_184294,exclude_pre,-1,2.3464656407458354e-05
qwen3-32b,g24a_fever_184303,admit_post,-1,0.0001555153007104214
qwen3-32b,g24a_fever_184303,admit_pre,-1,0.000517985096674164
qwen3-32b,g24a_fever_184303,base,-1,0.011526579601453762
qwen3-32b,g24a_fever_184303,exclude_post,-1,0.009025034277933351
qwen3-32b,g24a_fever_184303,exclude_pre,-1,0.0001498719311560498
qwen3-32b,g24a_fever_184432,admit_post,-1,0.0008530722831750366
qwen3-32b,g24a_fever_184432,admit_pre,-1,0.0010857727862956263
qwen3-32b,g24a_fever_184432,base,-1,99.99998492196295
qwen3-32b,g24a_fever_184432,exclude_post,-1,44.35600000235608
qwen3-32b,g24a_fever_184432,exclude_pre,-1,0.0014026494339305987
qwen3-32b,g24a_fever_185177,admit_post,1,99.99975446866915
qwen3-32b,g24a_fever_185177,admit_pre,1,99.9987668038746
qwen3-32b,g24a_fever_185177,base,1,99.9898536999463
qwen3-32b,g24a_fever_185177,exclude_post,1,3.2363365251885896
qwen3-32b,g24a_fever_185177,exclude_pre,1,99.8868861874416
qwen3-32b,g24a_fever_187119,admit_post,-1,1.0701175649665359e-06
qwen3-32b,g24a_fever_187119,admit_pre,-1,6.164961532912678e-06
qwen3-32b,g24a_fever_187119,base,-1,7.6012749558448225e-06
qwen3-32b,g24a_fever_187119,exclude_post,-1,4.2557499108105905e-05
qwen3-32b,g24a_fever_187119,exclude_pre,-1,3.717928192628346e-06
qwen3-32b,g24a_fever_187323,admit_post,1,99.99999666718041
qwen3-32b,g24a_fever_187323,admit_pre,1,99.9999962608444
qwen3-32b,g24a_fever_187323,base,1,99.99998708704366
qwen3-32b,g24a_fever_187323,exclude_post,1,99.99998461063997
qwen3-32b,g24a_fever_187323,exclude_pre,1,99.99997835692929
qwen3-32b,g24a_fever_189710,admit_post,1,99.9999982139706
qwen3-32b,g24a_fever_189710,admit_pre,1,99.99999884197425
qwen3-32b,g24a_fever_189710,base,1,99.99988635333453
qwen3-32b,g24a_fever_189710,exclude_post,1,99.99904932909668
qwen3-32b,g24a_fever_189710,exclude_pre,1,99.99975123580792
qwen3-32b,g24a_fever_190090,admit_post,1,99.9999872797166
qwen3-32b,g24a_fever_190090,admit_pre,1,99.99991447080659
qwen3-32b,g24a_fever_190090,base,1,99.99999406226682
qwen3-32b,g24a_fever_190090,exclude_post,1,99.66040664553718
qwen3-32b,g24a_fever_190090,exclude_pre,1,54.291812787265854
qwen3-32b,g24a_fever_191263,admit_post,1,99.99999369652339
qwen3-32b,g24a_fever_191263,admit_pre,1,99.99993077042501
qwen3-32b,g24a_fever_191263,base,1,54.93617465093403
qwen3-32b,g24a_fever_191263,exclude_post,1,0.10201952223804142
qwen3-32b,g24a_fever_191263,exclude_pre,1,99.64272855682786
qwen3-32b,g24a_fever_19204,admit_post,1,99.99999732836211
qwen3-32b,g24a_fever_19204,admit_pre,1,99.99999741841397
qwen3-32b,g24a_fever_19204,base,1,11.113648500678424
qwen3-32b,g24a_fever_19204,exclude_post,1,99.97568318294854
qwen3-32b,g24a_fever_19204,exclude_pre,1,99.9994737511153
qwen3-32b,g24a_fever_193458,admit_post,1,99.9999967641792
qwen3-32b,g24a_fever_193458,admit_pre,1,99.99969375006107
qwen3-32b,g24a_fever_193458,base,1,99.99980782068587
qwen3-32b,g24a_fever_193458,exclude_post,1,99.98830576701698
qwen3-32b,g24a_fever_193458,exclude_pre,1,99.99401333802044
qwen3-32b,g24a_fever_194486,admit_post,1,99.99987071037111
qwen3-32b,g24a_fever_194486,admit_pre,1,99.99965225966935
qwen3-32b,g24a_fever_194486,base,1,99.99994223939731
qwen3-32b,g24a_fever_194486,exclude_post,1,99.99104749164684
qwen3-32b,g24a_fever_194486,exclude_pre,1,99.99971747126284
qwen3-32b,g24a_fever_1947,admit_post,1,99.99999928385847
qwen3-32b,g24a_fever_1947,admit_pre,1,99.9999986191714
qwen3-32b,g24a_fever_1947,base,1,99.99998839639598
qwen3-32b,g24a_fever_1947,exclude_post,1,99.99914100930363
qwen3-32b,g24a_fever_1947,exclude_pre,1,99.9999475515307
qwen3-32b,g24a_fever_195208,admit_post,1,99.9999968990475
qwen3-32b,g24a_fever_195208,admit_pre,1,99.99999509964704
qwen3-32b,g24a_fever_195208,base,1,99.99999167267097
qwen3-32b,g24a_fever_195208,exclude_post,1,44.45722774009084
qwen3-32b,g24a_fever_195208,exclude_pre,1,99.99957222052682
qwen3-32b,g24a_fever_195370,admit_post,-1,6.61658176573592e-05
qwen3-32b,g24a_fever_195370,admit_pre,-1,0.00014743986403849624
qwen3-32b,g24a_fever_195370,base,-1,12.650585186170604
qwen3-32b,g24a_fever_195370,exclude_post,-1,44.55339125178932
qwen3-32b,g24a_fever_195370,exclude_pre,-1,0.0002171857423559087
qwen3-32b,g24a_fever_195912,admit_post,-1,3.266069730804971e-05
qwen3-32b,g24a_fever_195912,admit_pre,-1,1.54487243524512e-05
qwen3-32b,g24a_fever_195912,base,-1,2.882476139431308e-05
qwen3-32b,g24a_fever_195912,exclude_post,-1,0.0005850668127130533
qwen3-32b,g24a_fever_195912,exclude_pre,-1,2.1750853320272404e-05
qwen3-32b,g24a_fever_198067,admit_post,-1,8.366425059307616e-05
qwen3-32b,g24a_fever_198067,admit_pre,-1,4.758420808211168e-05
qwen3-32b,g24a_fever_198067,base,-1,1.6452713054891561
qwen3-32b,g24a_fever_198067,exclude_post,-1,0.0001320212058802064
qwen3-32b,g24a_fever_198067,exclude_pre,-1,3.068356245963927e-05
qwen3-32b,g24a_fever_199265,admit_post,-1,8.189376731056445e-05
qwen3-32b,g24a_fever_199265,admit_pre,-1,0.00012761272439218096
qwen3-32b,g24a_fever_199265,base,-1,0.00016344972936399758
qwen3-32b,g24a_fever_199265,exclude_post,-1,0.016495273674651072
qwen3-32b,g24a_fever_199265,exclude_pre,-1,0.00026507918181591116
qwen3-32b,g24a_fever_200293,admit_post,1,99.99980204164828
qwen3-32b,g24a_fever_200293,admit_pre,1,99.99932268154879
qwen3-32b,g24a_fever_200293,base,1,37.50757709224912
qwen3-32b,g24a_fever_200293,exclude_post,1,40.25142361674448
qwen3-32b,g24a_fever_200293,exclude_pre,1,99.89044494670057
qwen3-32b,g24a_fever_201603,admit_post,1,99.99999371382609
qwen3-32b,g24a_fever_201603,admit_pre,1,99.99999336831054
qwen3-32b,g24a_fever_201603,base,1,76.72549014865223
qwen3-32b,g24a_fever_201603,exclude_post,1,1.4227096301931228
qwen3-32b,g24a_fever_201603,exclude_pre,1,99.99994364938487
qwen3-32b,g24a_fever_201748,admit_post,-1,16.89138317730463
qwen3-32b,g24a_fever_201748,admit_pre,-1,17.314067807907865
qwen3-32b,g24a_fever_201748,base,-1,77.93151151853125
qwen3-32b,g24a_fever_201748,exclude_post,-1,15.89057248564434
qwen3-32b,g24a_fever_201748,exclude_pre,-1,74.09453520211848
qwen3-32b,g24a_fever_201793,admit_post,1,99.99999726120183
qwen3-32b,g24a_fever_201793,admit_pre,1,99.9999965112659
qwen3-32b,g24a_fever_201793,base,1,99.99999695304687
qwen3-32b,g24a_fever_201793,exclude_post,1,45.25217563951932
qwen3-32b,g24a_fever_201793,exclude_pre,1,99.99997466319411
qwen3-32b,g24a_fever_202032,admit_post,-1,0.00018425947877990533
qwen3-32b,g24a_fever_202032,admit_pre,-1,0.0015829288838045338
qwen3-32b,g24a_fever_202032,base,-1,3.535380063430511e-05
qwen3-32b,g24a_fever_202032,exclude_post,-1,3.160165818988875e-05
qwen3-32b,g24a_fever_202032,exclude_pre,-1,9.278464394443937e-05
qwen3-32b,g24a_fever_202789,admit_post,-1,0.5421073999438103
qwen3-32b,g24a_fever_202789,admit_pre,-1,1.7536386015380545
qwen3-32b,g24a_fever_202789,base,-1,11.264713441195541
qwen3-32b,g24a_fever_202789,exclude_post,-1,1.3249950996241184
qwen3-32b,g24a_fever_202789,exclude_pre,-1,0.0029153559008758523
qwen3-32b,g24a_fever_20291,admit_post,1,99.99999676482356
qwen3-32b,g24a_fever_20291,admit_pre,1,99.99999716681884
qwen3-32b,g24a_fever_20291,base,1,99.99999574848935
qwen3-32b,g24a_fever_20291,exclude_post,1,46.39064925021584
qwen3-32b,g24a_fever_20291,exclude_pre,1,99.99995008787626
qwen3-32b,g24a_fever_202928,admit_post,-1,0.0009909459539790175
qwen3-32b,g24a_fever_202928,admit_pre,-1,0.0010948040187318939
qwen3-32b,g24a_fever_202928,base,-1,10.995548012173527
qwen3-32b,g24a_fever_202928,exclude_post,-1,14.102027500550154
qwen3-32b,g24a_fever_202928,exclude_pre,-1,0.0004134768743185813
qwen3-32b,g24a_fever_203053,admit_post,1,99.9999988777421
qwen3-32b,g24a_fever_203053,admit_pre,1,99.99999871743164
qwen3-32b,g24a_fever_203053,base,1,99.99999175451204
qwen3-32b,g24a_fever_203053,exclude_post,1,99.99206766898638
qwen3-32b,g24a_fever_203053,exclude_pre,1,99.99967283596042
qwen3-32b,g24a_fever_204355,admit_post,-1,2.257098217261908e-06
qwen3-32b,g24a_fever_204355,admit_pre,-1,3.085330260919334e-06
qwen3-32b,g24a_fever_204355,base,-1,27.128753602911324
qwen3-32b,g24a_fever_204355,exclude_post,-1,43.356256903020494
qwen3-32b,g24a_fever_204355,exclude_pre,-1,0.05064141229810632
qwen3-32b,g24a_fever_204643,admit_post,-1,0.0009065842935126357
qwen3-32b,g24a_fever_204643,admit_pre,-1,0.0006038809104708302
qwen3-32b,g24a_fever_204643,base,-1,8.656844500818202
qwen3-32b,g24a_fever_204643,exclude_post,-1,0.26016082540144897
qwen3-32b,g24a_fever_204643,exclude_pre,-1,0.000299236675782383
qwen3-32b,g24a_fever_204981,admit_post,1,99.99999783958536
qwen3-32b,g24a_fever_204981,admit_pre,1,99.99999859815492
qwen3-32b,g24a_fever_204981,base,1,99.99999349907414
qwen3-32b,g24a_fever_204981,exclude_post,1,99.99773097301009
qwen3-32b,g24a_fever_204981,exclude_pre,1,99.99202656855957
qwen3-32b,g24a_fever_205063,admit_post,1,99.99999772967554
qwen3-32b,g24a_fever_205063,admit_pre,1,99.99999837813321
qwen3-32b,g24a_fever_205063,base,1,22.614597411829642
qwen3-32b,g24a_fever_205063,exclude_post,1,47.61495177098007
qwen3-32b,g24a_fever_205063,exclude_pre,1,99.92991117725957
qwen3-32b,g24a_fever_206730,admit_post,-1,8.360197851644313e-06
qwen3-32b,g24a_fever_206730,admit_pre,-1,2.1163200664031128e-05
qwen3-32b,g24a_fever_206730,base,-1,0.00011724369958555418
qwen3-32b,g24a_fever_206730,exclude_post,-1,5.321261844539786e-06
qwen3-32b,g24a_fever_206730,exclude_pre,-1,5.065979399564279e-06
qwen3-32b,g24a_fever_207528,admit_post,1,99.99999736643392
qwen3-32b,g24a_fever_207528,admit_pre,1,99.99999926866725
qwen3-32b,g24a_fever_207528,base,1,99.9999872404512
qwen3-32b,g24a_fever_207528,exclude_post,1,99.99975722852554
qwen3-32b,g24a_fever_207528,exclude_pre,1,99.9997460827728
qwen3-32b,g24a_fever_207669,admit_post,1,99.99996407948905
qwen3-32b,g24a_fever_207669,admit_pre,1,99.99997297567626
qwen3-32b,g24a_fever_207669,base,1,99.9999703221417
qwen3-32b,g24a_fever_207669,exclude_post,1,99.99943315315126
qwen3-32b,g24a_fever_207669,exclude_pre,1,38.07947512485091
qwen3-32b,g24a_fever_208159,admit_post,1,99.9999986595243
qwen3-32b,g24a_fever_208159,admit_pre,1,99.99999850179444
qwen3-32b,g24a_fever_208159,base,1,99.99999770636151
qwen3-32b,g24a_fever_208159,exclude_post,1,44.45372552042928
qwen3-32b,g24a_fever_208159,exclude_pre,1,99.99713753089081
qwen3-32b,g24a_fever_209086,admit_post,1,99.99999790042499
qwen3-32b,g24a_fever_209086,admit_pre,1,99.99999864621657
qwen3-32b,g24a_fever_209086,base,1,99.99998468307608
qwen3-32b,g24a_fever_209086,exclude_post,1,41.56847295424194
qwen3-32b,g24a_fever_209086,exclude_pre,1,99.99995062782112
qwen3-32b,g24a_fever_209863,admit_post,-1,2.914177589460292e-05
qwen3-32b,g24a_fever_209863,admit_pre,-1,4.287162283322307e-05
qwen3-32b,g24a_fever_209863,base,-1,2.7226249115475156e-05
qwen3-32b,g24a_fever_209863,exclude_post,-1,44.4468100055955
qwen3-32b,g24a_fever_209863,exclude_pre,-1,0.00013024501735768741
qwen3-32b,g24a_fever_212767,admit_post,1,99.99999925519177
qwen3-32b,g24a_fever_212767,admit_pre,1,99.99999302683973
qwen3-32b,g24a_fever_212767,base,1,9.16277281849062
qwen3-32b,g24a_fever_212767,exclude_post,1,56.140140419068
qwen3-32b,g24a_fever_212767,exclude_pre,1,99.99944751998629
qwen3-32b,g24a_fever_21345,admit_post,1,99.99998520758349
qwen3-32b,g24a_fever_21345,admit_pre,1,99.99998120073573
qwen3-32b,g24a_fever_21345,base,1,0.000517263446069621
qwen3-32b,g24a_fever_21345,exclude_post,1,0.08291181349601062
qwen3-32b,g24a_fever_21345,exclude_pre,1,0.3383212550916273
qwen3-32b,g24a_fever_21494,admit_post,1,99.9999923864668
qwen3-32b,g24a_fever_21494,admit_pre,1,99.99999682734749
qwen3-32b,g24a_fever_21494,base,1,99.99995588606356
qwen3-32b,g24a_fever_21494,exclude_post,1,73.78904206024409
qwen3-32b,g24a_fever_21494,exclude_pre,1,99.9997313204178
qwen3-32b,g24a_fever_2150,admit_post,1,99.99999285312937
qwen3-32b,g24a_fever_2150,admit_pre,1,99.99999837617669
qwen3-32b,g24a_fever_2150,base,1,99.99999739207057
qwen3-32b,g24a_fever_2150,exclude_post,1,44.640987209298665
qwen3-32b,g24a_fever_2150,exclude_pre,1,99.99992988331603
qwen3-32b,g24a_fever_215224,admit_post,-1,0.00040055265577446987
qwen3-32b,g24a_fever_215224,admit_pre,-1,0.0006591529635419355
qwen3-32b,g24a_fever_215224,base,-1,0.016741741306958918
qwen3-32b,g24a_fever_215224,exclude_post,-1,0.058072034164064604
qwen3-32b,g24a_fever_215224,exclude_pre,-1,0.0008539188386730322
qwen3-32b,g24a_fever_216585,admit_post,1,99.99999831661927
qwen3-32b,g24a_fever_216585,admit_pre,1,99.99999699672951
qwen3-32b,g24a_fever_216585,base,1,99.99972861100804
qwen3-32b,g24a_fever_216585,exclude_post,1,44.56184890977343
qwen3-32b,g24a_fever_216585,exclude_pre,1,99.9999593340354
qwen3-32b,g24a_fever_216595,admit_post,1,99.99998177551618
qwen3-32b,g24a_fever_216595,admit_pre,1,99.99996702097876
qwen3-32b,g24a_fever_216595,base,1,0.0017762158187192626
qwen3-32b,g24a_fever_216595,exclude_post,1,0.011456678576867198
qwen3-32b,g24a_fever_216595,exclude_pre,1,36.08959842286534
qwen3-32b,g24a_fever_218104,admit_post,1,99.99999477979223
qwen3-32b,g24a_fever_218104,admit_pre,1,99.99999399869482
qwen3-32b,g24a_fever_218104,base,1,99.99995998643813
qwen3-32b,g24a_fever_218104,exclude_post,1,75.36232239175226
qwen3-32b,g24a_fever_218104,exclude_pre,1,99.99998050155712
qwen3-32b,g24a_fever_218111,admit_post,-1,2.1862939766325483e-05
qwen3-32b,g24a_fever_218111,admit_pre,-1,1.9728306576779898e-05
qwen3-32b,g24a_fever_218111,base,-1,1.4198273283213491e-05
qwen3-32b,g24a_fever_218111,exclude_post,-1,3.378783628096558
qwen3-32b,g24a_fever_218111,exclude_pre,-1,4.0118570639013856e-05
qwen3-32b,g24a_fever_219688,admit_post,-1,6.105332250728217e-06
qwen3-32b,g24a_fever_219688,admit_pre,-1,2.272182863138752e-05
qwen3-32b,g24a_fever_219688,base,-1,1.775366073187607e-05
qwen3-32b,g24a_fever_219688,exclude_post,-1,2.1594648667834217e-06
qwen3-32b,g24a_fever_219688,exclude_pre,-1,7.1642549998661506e-06
qwen3-32b,g24a_fever_21986,admit_post,-1,2.1887127614630183e-05
qwen3-32b,g24a_fever_21986,admit_pre,-1,1.802159139344764e-05
qwen3-32b,g24a_fever_21986,base,-1,1.5540819381236137e-05
qwen3-32b,g24a_fever_21986,exclude_post,-1,1.1284732881907528e-05
qwen3-32b,g24a_fever_21986,exclude_pre,-1,3.649236177383681e-05
qwen3-32b,g24a_fever_220461,admit_post,1,99.99997998994513
qwen3-32b,g24a_fever_220461,admit_pre,1,99.99999650579693
qwen3-32b,g24a_fever_220461,base,1,99.99999830815095
qwen3-32b,g24a_fever_220461,exclude_post,1,99.99997114708509
qwen3-32b,g24a_fever_220461,exclude_pre,1,99.99688283513987
qwen3-32b,g24a_fever_22096,admit_post,1,99.99999885832622
qwen3-32b,g24a_fever_22096,admit_pre,1,99.99999572053784
qwen3-32b,g24a_fever_22096,base,1,99.99999212205665
qwen3-32b,g24a_fever_22096,exclude_post,1,99.99500088909856
qwen3-32b,g24a_fever_22096,exclude_pre,1,99.99941540243047
qwen3-32b,g24a_fever_222170,admit_post,1,99.99999165868661
qwen3-32b,g24a_fever_222170,admit_pre,1,99.99994626233091
qwen3-32b,g24a_fever_222170,base,1,44.65956805970193
qwen3-32b,g24a_fever_222170,exclude_post,1,54.716042557172884
qwen3-32b,g24a_fever_222170,exclude_pre,1,99.97563660181704
qwen3-32b,g24a_fever_222174,admit_post,-1,2.9825562229516056e-05
qwen3-32b,g24a_fever_222174,admit_pre,-1,22.286344518159506
qwen3-32b,g24a_fever_222174,base,-1,44.429149906395374
qwen3-32b,g24a_fever_222174,exclude_post,-1,45.27303522144985
qwen3-32b,g24a_fever_222174,exclude_pre,-1,45.24176269104799
qwen3-32b,g24a_fever_222721,admit_post,1,99.99997848691174
qwen3-32b,g24a_fever_222721,admit_pre,1,99.99994578058994
qwen3-32b,g24a_fever_222721,base,1,99.98105622008092
qwen3-32b,g24a_fever_222721,exclude_post,1,85.58375258353243
qwen3-32b,g24a_fever_222721,exclude_pre,1,97.69925528720246
qwen3-32b,g24a_fever_222730,admit_post,1,99.99998104491647
qwen3-32b,g24a_fever_222730,admit_pre,1,99.9999884442688
qwen3-32b,g24a_fever_222730,base,1,99.99998947177038
qwen3-32b,g24a_fever_222730,exclude_post,1,99.99964412484464
qwen3-32b,g24a_fever_222730,exclude_pre,1,99.99978340214533
qwen3-32b,g24a_fever_223491,admit_post,-1,0.0015701490189870557
qwen3-32b,g24a_fever_223491,admit_pre,-1,0.0025814124928896023
qwen3-32b,g24a_fever_223491,base,-1,10.289594137302378
qwen3-32b,g24a_fever_223491,exclude_post,-1,38.26589094632336
qwen3-32b,g24a_fever_223491,exclude_pre,-1,0.005453743710078129
qwen3-32b,g24a_fever_225802,admit_post,1,99.99999905855681
qwen3-32b,g24a_fever_225802,admit_pre,1,99.99999956674395
qwen3-32b,g24a_fever_225802,base,1,99.99999000184987
qwen3-32b,g24a_fever_225802,exclude_post,1,44.77209955846499
qwen3-32b,g24a_fever_225802,exclude_pre,1,99.99878537691649
qwen3-32b,g24a_fever_227083,admit_post,1,99.99998484252188
qwen3-32b,g24a_fever_227083,admit_pre,1,99.99999671488015
qwen3-32b,g24a_fever_227083,base,1,99.99999891495042
qwen3-32b,g24a_fever_227083,exclude_post,1,50.33518666441935
qwen3-32b,g24a_fever_227083,exclude_pre,1,99.999993437664
qwen3-32b,g24a_fever_227095,admit_post,-1,4.128234320621477e-05
qwen3-32b,g24a_fever_227095,admit_pre,-1,0.0008433850113137988
qwen3-32b,g24a_fever_227095,base,-1,0.022808102588950822
qwen3-32b,g24a_fever_227095,exclude_post,-1,7.082738623564801
qwen3-32b,g24a_fever_227095,exclude_pre,-1,0.05855829324874215
qwen3-32b,g24a_fever_227129,admit_post,1,99.99999564053985
qwen3-32b,g24a_fever_227129,admit_pre,1,99.9999991865113
qwen3-32b,g24a_fever_227129,base,1,99.99999347813163
qwen3-32b,g24a_fever_227129,exclude_post,1,99.99698493602541
qwen3-32b,g24a_fever_227129,exclude_pre,1,99.92432920166357
qwen3-32b,g24a_fever_22805,admit_post,1,99.99999891512907
qwen3-32b,g24a_fever_22805,admit_pre,1,99.99999926790176
qwen3-32b,g24a_fever_22805,base,1,99.9999941599975
qwen3-32b,g24a_fever_22805,exclude_post,1,62.058968026594115
qwen3-32b,g24a_fever_22805,exclude_pre,1,99.99998906127557
qwen3-32b,g24a_fever_228063,admit_post,1,99.99999620518913
qwen3-32b,g24a_fever_228063,admit_pre,1,99.9999960933114
qwen3-32b,g24a_fever_228063,base,1,99.99998071814024
qwen3-32b,g24a_fever_228063,exclude_post,1,44.44657345594057
qwen3-32b,g24a_fever_228063,exclude_pre,1,42.798200823408166
qwen3-32b,g24a_fever_23861,admit_post,-1,0.6826757825668835
qwen3-32b,g24a_fever_23861,admit_pre,-1,99.99949297552979
qwen3-32b,g24a_fever_23861,base,-1,0.04559395559033117
qwen3-32b,g24a_fever_23861,exclude_post,-1,0.845347118219898
qwen3-32b,g24a_fever_23861,exclude_pre,-1,0.027687618161730897
qwen3-32b,g24a_fever_24264,admit_post,1,99.99998384934996
qwen3-32b,g24a_fever_24264,admit_pre,1,99.99998593226495
qwen3-32b,g24a_fever_24264,base,1,99.99999285001557
qwen3-32b,g24a_fever_24264,exclude_post,1,99.99955337137044
qwen3-32b,g24a_fever_24264,exclude_pre,1,99.95973894266311
qwen3-32b,g24a_fever_25705,admit_post,1,99.99996700241815
qwen3-32b,g24a_fever_25705,admit_pre,1,99.99999842251485
qwen3-32b,g24a_fever_25705,base,1,99.11824312012203
qwen3-32b,g24a_fever_25705,exclude_post,1,44.768252934434116
qwen3-32b,g24a_fever_25705,exclude_pre,1,44.82473246536003
qwen3-32b,g24a_fever_25906,admit_post,-1,1.018038420075546e-05
qwen3-32b,g24a_fever_25906,admit_pre,-1,1.3214494346384646e-05
qwen3-32b,g24a_fever_25906,base,-1,0.00045708618001117436
qwen3-32b,g24a_fever_25906,exclude_post,-1,0.0006736563413254725
qwen3-32b,g24a_fever_25906,exclude_pre,-1,4.442016157155857e-05
qwen3-32b,g24a_fever_2616,admit_post,1,99.99998178102821
qwen3-32b,g24a_fever_2616,admit_pre,1,99.99999101491385
qwen3-32b,g24a_fever_2616,base,1,19.241375255545904
qwen3-32b,g24a_fever_2616,exclude_post,1,99.9986977450205
qwen3-32b,g24a_fever_2616,exclude_pre,1,99.99904157620284
qwen3-32b,g24a_fever_26224,admit_post,1,99.99999878695499
qwen3-32b,g24a_fever_26224,admit_pre,1,99.99999844956824
qwen3-32b,g24a_fever_26224,base,1,99.99934791995322
qwen3-32b,g24a_fever_26224,exclude_post,1,44.15128784567604
qwen3-32b,g24a_fever_26224,exclude_pre,1,99.99834872221821
qwen3-32b,g24a_fever_27269,admit_post,-1,9.90936225714893e-05
qwen3-32b,g24a_fever_27269,admit_pre,-1,7.659650744341592e-05
qwen3-32b,g24a_fever_27269,base,-1,8.638349020193731
qwen3-32b,g24a_fever_27269,exclude_post,-1,0.09557557058963301
qwen3-32b,g24a_fever_27269,exclude_pre,-1,0.0005951889155067569
qwen3-32b,g24a_fever_27294,admit_post,-1,1.5792469344873012e-05
qwen3-32b,g24a_fever_27294,admit_pre,-1,7.54353854790388e-05
qwen3-32b,g24a_fever_27294,base,-1,2.1139628208495015e-05
qwen3-32b,g24a_fever_27294,exclude_post,-1,1.5956365681027225e-05
qwen3-32b,g24a_fever_27294,exclude_pre,-1,4.94793004323429e-06
qwen3-32b,g24a_fever_27455,admit_post,-1,0.00037068406272226654
qwen3-32b,g24a_fever_27455,admit_pre,-1,0.0004315629559626319
qwen3-32b,g24a_fever_27455,base,-1,0.3326250997017154
qwen3-32b,g24a_fever_27455,exclude_post,-1,44.45712371957052
qwen3-32b,g24a_fever_27455,exclude_pre,-1,0.00015896220616412734
qwen3-32b,g24a_fever_28525,admit_post,-1,0.02773267472597043
qwen3-32b,g24a_fever_28525,admit_pre,-1,0.001991449252784344
qwen3-32b,g24a_fever_28525,base,-1,0.009399542370647444
qwen3-32b,g24a_fever_28525,exclude_post,-1,0.21922856331977797
qwen3-32b,g24a_fever_28525,exclude_pre,-1,9.521046998359905e-05
qwen3-32b,g24a_fever_28754,admit_post,-1,0.0001927304551469629
qwen3-32b,g24a_fever_28754,admit_pre,-1,0.00027603911296931625
qwen3-32b,g24a_fever_28754,base,-1,99.99999246900576
qwen3-32b,g24a_fever_28754,exclude_post,-1,43.88872717562369
qwen3-32b,g24a_fever_28754,exclude_pre,-1,0.010320361127626208
qwen3-32b,g24a_fever_28867,admit_post,-1,0.00012571814073399515
qwen3-32b,g24a_fever_28867,admit_pre,-1,0.0001239184525638098
qwen3-32b,g24a_fever_28867,base,-1,0.00015345059060086941
qwen3-32b,g24a_fever_28867,exclude_post,-1,44.44747570992769
qwen3-32b,g24a_fever_28867,exclude_pre,-1,0.00015908648347631943
qwen3-32b,g24a_fever_29092,admit_post,-1,0.004791502104375071
qwen3-32b,g24a_fever_29092,admit_pre,-1,0.00040148003159340266
qwen3-32b,g24a_fever_29092,base,-1,11.296498353685084
qwen3-32b,g24a_fever_29092,exclude_post,-1,0.12232255883378237
qwen3-32b,g24a_fever_29092,exclude_pre,-1,0.3259795884636734
qwen3-32b,g24a_fever_29142,admit_post,1,99.9999990475028
qwen3-32b,g24a_fever_29142,admit_pre,1,99.99999798157617
qwen3-32b,g24a_fever_29142,base,1,77.75084952833419
qwen3-32b,g24a_fever_29142,exclude_post,1,42.76841062765743
qwen3-32b,g24a_fever_29142,exclude_pre,1,0.5787568016454078
qwen3-32b,g24a_fever_29550,admit_post,1,99.99999688241758
qwen3-32b,g24a_fever_29550,admit_pre,1,99.99997854562685
qwen3-32b,g24a_fever_29550,base,1,99.6318615596237
qwen3-32b,g24a_fever_29550,exclude_post,1,99.99992504448792
qwen3-32b,g24a_fever_29550,exclude_pre,1,99.99824386903713
qwen3-32b,g24a_fever_29556,admit_post,1,99.99999845137762
qwen3-32b,g24a_fever_29556,admit_pre,1,99.99999706161314
qwen3-32b,g24a_fever_29556,base,1,99.99999367462544
qwen3-32b,g24a_fever_29556,exclude_post,1,99.99954134725024
qwen3-32b,g24a_fever_29556,exclude_pre,1,99.99911684865336
qwen3-32b,g24a_fever_29861,admit_post,1,99.9999984340934
qwen3-32b,g24a_fever_29861,admit_pre,1,99.99999881846557
qwen3-32b,g24a_fever_29861,base,1,99.9999932708761
qwen3-32b,g24a_fever_29861,exclude_post,1,18.724539185401454
qwen3-32b,g24a_fever_29861,exclude_pre,1,99.95302358812467
qwen3-32b,g24a_fever_30014,admit_post,-1,1.2941911770211837e-05
qwen3-32b,g24a_fever_30014,admit_pre,-1,1.422895401088268e-05
qwen3-32b,g24a_fever_30014,base,-1,0.00045261108038661946
qwen3-32b,g24a_fever_30014,exclude_post,-1,15.075385136003186
qwen3-32b,g24a_fever_30014,exclude_pre,-1,0.00047272630671431624
qwen3-32b,g24a_fever_31192,admit_post,1,99.99999501602284
qwen3-32b,g24a_fever_31192,admit_pre,1,99.99999861672194
qwen3-32b,g24a_fever_31192,base,1,99.9999895448016
qwen3-32b,g24a_fever_31192,exclude_post,1,93.60619425064714
qwen3-32b,g24a_fever_31192,exclude_pre,1,99.99999747094554
qwen3-32b,g24a_fever_31581,admit_post,-1,0.0006636831741827901
qwen3-32b,g24a_fever_31581,admit_pre,-1,0.0003530307421657178
qwen3-32b,g24a_fever_31581,base,-1,0.2012994705840669
qwen3-32b,g24a_fever_31581,exclude_post,-1,0.08784050001120891
qwen3-32b,g24a_fever_31581,exclude_pre,-1,0.0007414745385887412
qwen3-32b,g24a_fever_33055,admit_post,-1,0.09533182232416226
qwen3-32b,g24a_fever_33055,admit_pre,-1,0.07492592061439908
qwen3-32b,g24a_fever_33055,base,-1,10.591122866004872
qwen3-32b,g24a_fever_33055,exclude_post,-1,98.75766840682839
qwen3-32b,g24a_fever_33055,exclude_pre,-1,5.848277303712087
qwen3-32b,g24a_fever_33196,admit_post,1,99.99998867137214
qwen3-32b,g24a_fever_33196,admit_pre,1,99.9999905837046
qwen3-32b,g24a_fever_33196,base,1,99.33083245074944
qwen3-32b,g24a_fever_33196,exclude_post,1,55.36701947357638
qwen3-32b,g24a_fever_33196,exclude_pre,1,65.74915480114166
qwen3-32b,g24a_fever_35030,admit_post,1,96.32549736808126
qwen3-32b,g24a_fever_35030,admit_pre,1,99.96886191448611
qwen3-32b,g24a_fever_35030,base,1,44.12648582993609
qwen3-32b,g24a_fever_35030,exclude_post,1,43.20471873153124
qwen3-32b,g24a_fever_35030,exclude_pre,1,89.4116713811888
qwen3-32b,g24a_fever_3518,admit_post,-1,0.0013753527632903847
qwen3-32b,g24a_fever_3518,admit_pre,-1,0.0005791662180808566
qwen3-32b,g24a_fever_3518,base,-1,0.007913109260245792
qwen3-32b,g24a_fever_3518,exclude_post,-1,0.0004672437655008336
qwen3-32b,g24a_fever_3518,exclude_pre,-1,0.527407221226978
qwen3-32b,g24a_fever_35881,admit_post,1,99.99997597439432
qwen3-32b,g24a_fever_35881,admit_pre,1,99.9999902801812
qwen3-32b,g24a_fever_35881,base,1,1.8510385751427252
qwen3-32b,g24a_fever_35881,exclude_post,1,0.4340639107854095
qwen3-32b,g24a_fever_35881,exclude_pre,1,99.99915079474223
qwen3-32b,g24a_fever_36886,admit_post,-1,99.99997902046712
qwen3-32b,g24a_fever_36886,admit_pre,-1,99.99998630009551
qwen3-32b,g24a_fever_36886,base,-1,7.962286488780754e-05
qwen3-32b,g24a_fever_36886,exclude_post,-1,41.29626314777387
qwen3-32b,g24a_fever_36886,exclude_pre,-1,99.99964210623149
qwen3-32b,g24a_fever_37067,admit_post,1,99.9999983356853
qwen3-32b,g24a_fever_37067,admit_pre,1,99.9999966495118
qwen3-32b,g24a_fever_37067,base,1,99.9999977276082
qwen3-32b,g24a_fever_37067,exclude_post,1,99.99953772635277
qwen3-32b,g24a_fever_37067,exclude_pre,1,99.99991324318344
qwen3-32b,g24a_fever_38029,admit_post,1,99.99999746237198
qwen3-32b,g24a_fever_38029,admit_pre,1,99.99999463994297
qwen3-32b,g24a_fever_38029,base,1,99.99862610162873
qwen3-32b,g24a_fever_38029,exclude_post,1,99.47254127537968
qwen3-32b,g24a_fever_38029,exclude_pre,1,99.94106111741361
qwen3-32b,g24a_fever_39612,admit_post,1,99.9757026810391
qwen3-32b,g24a_fever_39612,admit_pre,1,99.98107588313299
qwen3-32b,g24a_fever_39612,base,1,90.7643040032383
qwen3-32b,g24a_fever_39612,exclude_post,1,41.43615605696667
qwen3-32b,g24a_fever_39612,exclude_pre,1,57.23642866663931
qwen3-32b,g24a_fever_40528,admit_post,-1,1.2596960381868633e-05
qwen3-32b,g24a_fever_40528,admit_pre,-1,0.003033690433884106
qwen3-32b,g24a_fever_40528,base,-1,0.00013691176398506955
qwen3-32b,g24a_fever_40528,exclude_post,-1,0.0012846512129568019
qwen3-32b,g24a_fever_40528,exclude_pre,-1,0.0012629430800820086
qwen3-32b,g24a_fever_41810,admit_post,-1,0.0007631249625619033
qwen3-32b,g24a_fever_41810,admit_pre,-1,0.0007566818084878522
qwen3-32b,g24a_fever_41810,base,-1,0.0004491493452068735
qwen3-32b,g24a_fever_41810,exclude_post,-1,0.0006683317005772329
qwen3-32b,g24a_fever_41810,exclude_pre,-1,5.387760130688624e-05
qwen3-32b,g24a_fever_4280,admit_post,-1,0.004799232281649382
qwen3-32b,g24a_fever_4280,admit_pre,-1,0.004802340410338785
qwen3-32b,g24a_fever_4280,base,-1,0.005586131071254247
qwen3-32b,g24a_fever_4280,exclude_post,-1,0.0114921410170867
qwen3-32b,g24a_fever_4280,exclude_pre,-1,0.0031923875605946624
qwen3-32b,g24a_fever_43458,admit_post,1,99.99999541473892
qwen3-32b,g24a_fever_43458,admit_pre,1,99.99999865124701
qwen3-32b,g24a_fever_43458,base,1,99.99998959915415
qwen3-32b,g24a_fever_43458,exclude_post,1,48.266675246125565
qwen3-32b,g24a_fever_43458,exclude_pre,1,99.99965891401695
qwen3-32b,g24a_fever_44156,admit_post,-1,0.0007734527931905189
qwen3-32b,g24a_fever_44156,admit_pre,-1,0.0001339848542343895
qwen3-32b,g24a_fever_44156,base,-1,0.007050358132065083
qwen3-32b,g24a_fever_44156,exclude_post,-1,0.0008291549870494908
qwen3-32b,g24a_fever_44156,exclude_pre,-1,0.002338458897351979
qwen3-32b,g24a_fever_45143,admit_post,1,99.99998862924156
qwen3-32b,g24a_fever_45143,admit_pre,1,99.99999358733855
qwen3-32b,g24a_fever_45143,base,1,77.57669320335543
qwen3-32b,g24a_fever_45143,exclude_post,1,45.637777928455066
qwen3-32b,g24a_fever_45143,exclude_pre,1,99.87692882520702
qwen3-32b,g24a_fever_45205,admit_post,-1,0.0005929551017314096
qwen3-32b,g24a_fever_45205,admit_pre,-1,0.00010507564269623013
qwen3-32b,g24a_fever_45205,base,-1,3.574987451998412
qwen3-32b,g24a_fever_45205,exclude_post,-1,44.446379703209054
qwen3-32b,g24a_fever_45205,exclude_pre,-1,0.00025540535747721704
qwen3-32b,g24a_fever_4536,admit_post,1,99.99999730614564
qwen3-32b,g24a_fever_4536,admit_pre,1,99.9999988363404
qwen3-32b,g24a_fever_4536,base,1,99.99999623724716
qwen3-32b,g24a_fever_4536,exclude_post,1,28.953404426596975
qwen3-32b,g24a_fever_4536,exclude_pre,1,99.99968317426418
qwen3-32b,g24a_fever_46483,admit_post,1,99.99995241962587
qwen3-32b,g24a_fever_46483,admit_pre,1,99.99999546625702
qwen3-32b,g24a_fever_46483,base,1,20.312181672215733
qwen3-32b,g24a_fever_46483,exclude_post,1,44.46739042694264
qwen3-32b,g24a_fever_46483,exclude_pre,1,2.6009766391363796
qwen3-32b,g24a_fever_47267,admit_post,-1,3.5863790894761345
qwen3-32b,g24a_fever_47267,admit_pre,-1,4.883613365869755
qwen3-32b,g24a_fever_47267,base,-1,11.43131052547015
qwen3-32b,g24a_fever_47267,exclude_post,-1,14.67390275650368
qwen3-32b,g24a_fever_47267,exclude_pre,-1,8.177001276802647
qwen3-32b,g24a_fever_47322,admit_post,-1,0.0015703711103891886
qwen3-32b,g24a_fever_47322,admit_pre,-1,0.0008494721165081792
qwen3-32b,g24a_fever_47322,base,-1,18.669280349949855
qwen3-32b,g24a_fever_47322,exclude_post,-1,0.12220479204546436
qwen3-32b,g24a_fever_47322,exclude_pre,-1,0.0015744522651090454
qwen3-32b,g24a_fever_4746,admit_post,1,99.99999769806948
qwen3-32b,g24a_fever_4746,admit_pre,1,99.99999754177199
qwen3-32b,g24a_fever_4746,base,1,99.99998488039313
qwen3-32b,g24a_fever_4746,exclude_post,1,99.99300280155137
qwen3-32b,g24a_fever_4746,exclude_pre,1,99.9911804168249
qwen3-32b,g24a_fever_48142,admit_post,1,99.99969139589831
qwen3-32b,g24a_fever_48142,admit_pre,1,99.99999582656848
qwen3-32b,g24a_fever_48142,base,1,99.99998730221176
qwen3-32b,g24a_fever_48142,exclude_post,1,46.46686058818821
qwen3-32b,g24a_fever_48142,exclude_pre,1,99.99998662373946
qwen3-32b,g24a_fever_4824,admit_post,-1,1.4554057730283481e-05
qwen3-32b,g24a_fever_4824,admit_pre,-1,5.717171837288343e-06
qwen3-32b,g24a_fever_4824,base,-1,7.656688987619925e-06
qwen3-32b,g24a_fever_4824,exclude_post,-1,1.957978031312676e-05
qwen3-32b,g24a_fever_4824,exclude_pre,-1,1.1367628518246088e-05
qwen3-32b,g24a_fever_48377,admit_post,-1,0.0037322194867121885
qwen3-32b,g24a_fever_48377,admit_pre,-1,0.0012154899522370888
qwen3-32b,g24a_fever_48377,base,-1,1.9174028055931286e-05
qwen3-32b,g24a_fever_48377,exclude_post,-1,44.24339844349041
qwen3-32b,g24a_fever_48377,exclude_pre,-1,0.13467601554132078
qwen3-32b,g24a_fever_48404,admit_post,-1,5.927070556022994e-06
qwen3-32b,g24a_fever_48404,admit_pre,-1,9.845061795403298e-05
qwen3-32b,g24a_fever_48404,base,-1,0.005466738242148975
qwen3-32b,g24a_fever_48404,exclude_post,-1,0.027568433135323374
qwen3-32b,g24a_fever_48404,exclude_pre,-1,0.0017853831468020867
qwen3-32b,g24a_fever_48658,admit_post,1,37.82060677738747
qwen3-32b,g24a_fever_48658,admit_pre,1,80.85916312859251
qwen3-32b,g24a_fever_48658,base,1,13.1479126270847
qwen3-32b,g24a_fever_48658,exclude_post,1,0.26483815133833355
qwen3-32b,g24a_fever_48658,exclude_pre,1,14.097140948140046
qwen3-32b,g24a_fever_50406,admit_post,1,99.99999870112191
qwen3-32b,g24a_fever_50406,admit_pre,1,99.99999877456389
qwen3-32b,g24a_fever_50406,base,1,99.99999361178726
qwen3-32b,g24a_fever_50406,exclude_post,1,99.99990022821721
qwen3-32b,g24a_fever_50406,exclude_pre,1,44.740483219041444
qwen3-32b,g24a_fever_51154,admit_post,1,99.99706666740792
qwen3-32b,g24a_fever_51154,admit_pre,1,99.99949217459724
qwen3-32b,g24a_fever_51154,base,1,80.11961930493538
qwen3-32b,g24a_fever_51154,exclude_post,1,44.48113056612712
qwen3-32b,g24a_fever_51154,exclude_pre,1,99.96887625098205
qwen3-32b,g24a_fever_51825,admit_post,1,99.9999956023836
qwen3-32b,g24a_fever_51825,admit_pre,1,99.99999646473849
qwen3-32b,g24a_fever_51825,base,1,99.99934888087142
qwen3-32b,g24a_fever_51825,exclude_post,1,99.98312403774646
qwen3-32b,g24a_fever_51825,exclude_pre,1,99.99984968462144
qwen3-32b,g24a_fever_51961,admit_post,-1,3.980146571431318e-05
qwen3-32b,g24a_fever_51961,admit_pre,-1,1.8566318931424688e-05
qwen3-32b,g24a_fever_51961,base,-1,0.00012433440631850684
qwen3-32b,g24a_fever_51961,exclude_post,-1,44.43371843611196
qwen3-32b,g24a_fever_51961,exclude_pre,-1,5.1735579340304407e-05
qwen3-32b,g24a_fever_52582,admit_post,-1,11.033408244859805
qwen3-32b,g24a_fever_52582,admit_pre,-1,6.483212373742559
qwen3-32b,g24a_fever_52582,base,-1,19.39788927257574
qwen3-32b,g24a_fever_52582,exclude_post,-1,18.04120936080551
qwen3-32b,g24a_fever_52582,exclude_pre,-1,23.839227590839762
qwen3-32b,g24a_fever_53020,admit_post,1,99.99942601242572
qwen3-32b,g24a_fever_53020,admit_pre,1,99.99999335151277
qwen3-32b,g24a_fever_53020,base,1,12.168857566809342
qwen3-32b,g24a_fever_53020,exclude_post,1,7.431899827968301
qwen3-32b,g24a_fever_53020,exclude_pre,1,44.51290676364
qwen3-32b,g24a_fever_53266,admit_post,-1,99.99974533700214
qwen3-32b,g24a_fever_53266,admit_pre,-1,99.99999603192568
qwen3-32b,g24a_fever_53266,base,-1,99.9999950372303
qwen3-32b,g24a_fever_53266,exclude_post,-1,40.37768281872078
qwen3-32b,g24a_fever_53266,exclude_pre,-1,0.0006832453295833801
qwen3-32b,g24a_fever_53733,admit_post,1,49.664486028812036
qwen3-32b,g24a_fever_53733,admit_pre,1,97.69012987759578
qwen3-32b,g24a_fever_53733,base,1,87.92335911868734
qwen3-32b,g24a_fever_53733,exclude_post,1,42.9870674924871
qwen3-32b,g24a_fever_53733,exclude_pre,1,55.684865329817946
qwen3-32b,g24a_fever_53792,admit_post,1,99.99999815182802
qwen3-32b,g24a_fever_53792,admit_pre,1,99.99999834976911
qwen3-32b,g24a_fever_53792,base,1,99.99999075156535
qwen3-32b,g24a_fever_53792,exclude_post,1,99.99996849292273
qwen3-32b,g24a_fever_53792,exclude_pre,1,0.25649989649804006
qwen3-32b,g24a_fever_53832,admit_post,1,99.99999690680846
qwen3-32b,g24a_fever_53832,admit_pre,1,99.99999876609021
qwen3-32b,g24a_fever_53832,base,1,99.99987104978474
qwen3-32b,g24a_fever_53832,exclude_post,1,99.9593628371595
qwen3-32b,g24a_fever_53832,exclude_pre,1,99.94119906430518
qwen3-32b,g24a_fever_5420,admit_post,1,99.999991882458
qwen3-32b,g24a_fever_5420,admit_pre,1,99.99985462579669
qwen3-32b,g24a_fever_5420,base,1,99.94840679095185
qwen3-32b,g24a_fever_5420,exclude_post,1,46.90153199836616
qwen3-32b,g24a_fever_5420,exclude_pre,1,1.0977653026526812
qwen3-32b,g24a_fever_54679,admit_post,1,99.99999848076641
qwen3-32b,g24a_fever_54679,admit_pre,1,99.99999312927207
qwen3-32b,g24a_fever_54679,base,1,99.99999705131697
qwen3-32b,g24a_fever_54679,exclude_post,1,99.99884284045079
qwen3-32b,g24a_fever_54679,exclude_pre,1,99.99806734876128
qwen3-32b,g24a_fever_55468,admit_post,1,99.99997671086993
qwen3-32b,g24a_fever_55468,admit_pre,1,99.999997130672
qwen3-32b,g24a_fever_55468,base,1,16.709599569047956
qwen3-32b,g24a_fever_55468,exclude_post,1,0.26754410104799364
qwen3-32b,g24a_fever_55468,exclude_pre,1,74.82549530603248
qwen3-32b,g24a_fever_5560,admit_post,1,99.99999752601721
qwen3-32b,g24a_fever_5560,admit_pre,1,99.63213364312574
qwen3-32b,g24a_fever_5560,base,1,37.21855029473691
qwen3-32b,g24a_fever_5560,exclude_post,1,87.32898278761839
qwen3-32b,g24a_fever_5560,exclude_pre,1,99.9867677242047
qwen3-32b,g24a_fever_5574,admit_post,1,99.9999947126661
qwen3-32b,g24a_fever_5574,admit_pre,1,99.99999917519932
qwen3-32b,g24a_fever_5574,base,1,99.9999910280726
qwen3-32b,g24a_fever_5574,exclude_post,1,45.09977897984908
qwen3-32b,g24a_fever_5574,exclude_pre,1,99.99989604049314
qwen3-32b,g24a_fever_56051,admit_post,-1,0.03551152394935835
qwen3-32b,g24a_fever_56051,admit_pre,-1,8.16003077834229e-06
qwen3-32b,g24a_fever_56051,base,-1,11.74836453321469
qwen3-32b,g24a_fever_56051,exclude_post,-1,13.491469523750466
qwen3-32b,g24a_fever_56051,exclude_pre,-1,0.0018079207673382261
qwen3-32b,g24a_fever_56182,admit_post,1,99.99999897623505
qwen3-32b,g24a_fever_56182,admit_pre,1,99.99999689914105
qwen3-32b,g24a_fever_56182,base,1,99.99999709749937
qwen3-32b,g24a_fever_56182,exclude_post,1,44.54389862694712
qwen3-32b,g24a_fever_56182,exclude_pre,1,37.25279473726644
qwen3-32b,g24a_fever_57842,admit_post,1,99.99999608049055
qwen3-32b,g24a_fever_57842,admit_pre,1,99.99999538236904
qwen3-32b,g24a_fever_57842,base,1,90.52510949664354
qwen3-32b,g24a_fever_57842,exclude_post,1,44.421717087977555
qwen3-32b,g24a_fever_57842,exclude_pre,1,44.663949721778124
qwen3-32b,g24a_fever_57941,admit_post,-1,8.191069562465776e-06
qwen3-32b,g24a_fever_57941,admit_pre,-1,4.556966792854826e-06
qwen3-32b,g24a_fever_57941,base,-1,99.9999907870823
qwen3-32b,g24a_fever_57941,exclude_post,-1,44.4620369002672
qwen3-32b,g24a_fever_57941,exclude_pre,-1,2.5024206589453467e-05
qwen3-32b,g24a_fever_58175,admit_post,1,99.99998942083845
qwen3-32b,g24a_fever_58175,admit_pre,1,99.9999294469821
qwen3-32b,g24a_fever_58175,base,1,83.42291264114398
qwen3-32b,g24a_fever_58175,exclude_post,1,99.94865913378317
qwen3-32b,g24a_fever_58175,exclude_pre,1,99.88386911502427
qwen3-32b,g24a_fever_58896,admit_post,1,99.99999869135924
qwen3-32b,g24a_fever_58896,admit_pre,1,99.99999875254606
qwen3-32b,g24a_fever_58896,base,1,99.99999715921336
qwen3-32b,g24a_fever_58896,exclude_post,1,99.97561442201882
qwen3-32b,g24a_fever_58896,exclude_pre,1,99.99993648867971
qwen3-32b,g24a_fever_59603,admit_post,-1,19.220213244591314
qwen3-32b,g24a_fever_59603,admit_pre,-1,10.72942007908216
qwen3-32b,g24a_fever_59603,base,-1,37.566448376746095
qwen3-32b,g24a_fever_59603,exclude_post,-1,45.742937917375315
qwen3-32b,g24a_fever_59603,exclude_pre,-1,11.930568388504977
qwen3-32b,g24a_fever_59966,admit_post,-1,2.7907567924634664e-05
qwen3-32b,g24a_fever_59966,admit_pre,-1,2.5654317420894435e-05
qwen3-32b,g24a_fever_59966,base,-1,99.99988866375789
qwen3-32b,g24a_fever_59966,exclude_post,-1,0.019553527872380495
qwen3-32b,g24a_fever_59966,exclude_pre,-1,4.472917993103192e-05
qwen3-32b,g24a_fever_61695,admit_post,-1,9.547608539610762e-05
qwen3-32b,g24a_fever_61695,admit_pre,-1,0.0001929514320659241
qwen3-32b,g24a_fever_61695,base,-1,99.99454277663256
qwen3-32b,g24a_fever_61695,exclude_post,-1,99.99842234252488
qwen3-32b,g24a_fever_61695,exclude_pre,-1,99.97890265176515
qwen3-32b,g24a_fever_62053,admit_post,1,99.99989892460684
qwen3-32b,g24a_fever_62053,admit_pre,1,99.99999773338477
qwen3-32b,g24a_fever_62053,base,1,99.98526718261276
qwen3-32b,g24a_fever_62053,exclude_post,1,99.38509598508145
qwen3-32b,g24a_fever_62053,exclude_pre,1,99.99998865290759
qwen3-32b,g24a_fever_62355,admit_post,-1,0.00024527352737337165
qwen3-32b,g24a_fever_62355,admit_pre,-1,0.000492524264945502
qwen3-32b,g24a_fever_62355,base,-1,86.91739050557854
qwen3-32b,g24a_fever_62355,exclude_post,-1,0.014134615184436868
qwen3-32b,g24a_fever_62355,exclude_pre,-1,1.574044220742316e-05
qwen3-32b,g24a_fever_631,admit_post,-1,1.9798932192221746e-05
qwen3-32b,g24a_fever_631,admit_pre,-1,1.6892709719622695e-05
qwen3-32b,g24a_fever_631,base,-1,0.007899362085772953
qwen3-32b,g24a_fever_631,exclude_post,-1,42.05065452366091
qwen3-32b,g24a_fever_631,exclude_pre,-1,3.536120170516093e-05
qwen3-32b,g24a_fever_63521,admit_post,1,97.83099702579253
qwen3-32b,g24a_fever_63521,admit_pre,1,97.96269333986909
qwen3-32b,g24a_fever_63521,base,1,99.99822504546212
qwen3-32b,g24a_fever_63521,exclude_post,1,99.99888814029651
qwen3-32b,g24a_fever_63521,exclude_pre,1,98.90273831631492
qwen3-32b,g24a_fever_64561,admit_post,-1,1.4092178751020736e-05
qwen3-32b,g24a_fever_64561,admit_pre,-1,1.345145811569231e-05
qwen3-32b,g24a_fever_64561,base,-1,1.4374648352702735e-05
qwen3-32b,g24a_fever_64561,exclude_post,-1,1.492241258408192e-05
qwen3-32b,g24a_fever_64561,exclude_pre,-1,1.9140140217926523e-05
qwen3-32b,g24a_fever_65497,admit_post,1,99.99999880871252
qwen3-32b,g24a_fever_65497,admit_pre,1,99.99999857979361
qwen3-32b,g24a_fever_65497,base,1,20.207459392605134
qwen3-32b,g24a_fever_65497,exclude_post,1,99.99854700290591
qwen3-32b,g24a_fever_65497,exclude_pre,1,99.99998339626372
qwen3-32b,g24a_fever_66046,admit_post,1,99.99999799060475
qwen3-32b,g24a_fever_66046,admit_pre,1,99.99999757326746
qwen3-32b,g24a_fever_66046,base,1,0.6423548742831727
qwen3-32b,g24a_fever_66046,exclude_post,1,2.036441780080681
qwen3-32b,g24a_fever_66046,exclude_pre,1,34.31653749233382
qwen3-32b,g24a_fever_66059,admit_post,1,99.99994407326204
qwen3-32b,g24a_fever_66059,admit_pre,1,99.99998865429706
qwen3-32b,g24a_fever_66059,base,1,92.27261747980326
qwen3-32b,g24a_fever_66059,exclude_post,1,44.71141244091991
qwen3-32b,g24a_fever_66059,exclude_pre,1,99.99742960546541
qwen3-32b,g24a_fever_67876,admit_post,-1,2.6180577260094902e-05
qwen3-32b,g24a_fever_67876,admit_pre,-1,0.0007148384803294281
qwen3-32b,g24a_fever_67876,base,-1,2.0963747747191475e-05
qwen3-32b,g24a_fever_67876,exclude_post,-1,2.2431055204416435
qwen3-32b,g24a_fever_67876,exclude_pre,-1,0.0005594614480393627
qwen3-32b,g24a_fever_68929,admit_post,-1,5.0395763627104185e-05
qwen3-32b,g24a_fever_68929,admit_pre,-1,0.031266291837985266
qwen3-32b,g24a_fever_68929,base,-1,0.13845409693616684
qwen3-32b,g24a_fever_68929,exclude_post,-1,44.424030612707924
qwen3-32b,g24a_fever_68929,exclude_pre,-1,1.2171518531951617e-05
qwen3-32b,g24a_fever_69030,admit_post,1,99.99999718130194
qwen3-32b,g24a_fever_69030,admit_pre,1,99.9999966028628
qwen3-32b,g24a_fever_69030,base,1,12.704823738167114
qwen3-32b,g24a_fever_69030,exclude_post,1,29.172193752465983
qwen3-32b,g24a_fever_69030,exclude_pre,1,99.9964469819584
qwen3-32b,g24a_fever_69798,admit_post,-1,0.00010499723891483271
qwen3-32b,g24a_fever_69798,admit_pre,-1,2.3536284181073255e-05
qwen3-32b,g24a_fever_69798,base,-1,1.1531747702801487e-05
qwen3-32b,g24a_fever_69798,exclude_post,-1,5.724846957793067e-06
qwen3-32b,g24a_fever_69798,exclude_pre,-1,0.0003356943881371402
qwen3-32b,g24a_fever_70604,admit_post,1,99.99999731864301
qwen3-32b,g24a_fever_70604,admit_pre,1,99.99999071861058
qwen3-32b,g24a_fever_70604,base,1,99.99996059019506
qwen3-32b,g24a_fever_70604,exclude_post,1,46.471109128504764
qwen3-32b,g24a_fever_70604,exclude_pre,1,99.99952965406398
qwen3-32b,g24a_fever_73113,admit_post,-1,1.0392638238403495e-05
qwen3-32b,g24a_fever_73113,admit_pre,-1,1.6163696255498925e-05
qwen3-32b,g24a_fever_73113,base,-1,4.6151449111858264e-05
qwen3-32b,g24a_fever_73113,exclude_post,-1,2.434758243182548e-05
qwen3-32b,g24a_fever_73113,exclude_pre,-1,8.324470782776494e-05
qwen3-32b,g24a_fever_73372,admit_post,1,99.9999861197549
qwen3-32b,g24a_fever_73372,admit_pre,1,99.9997494557505
qwen3-32b,g24a_fever_73372,base,1,99.99999790790274
qwen3-32b,g24a_fever_73372,exclude_post,1,99.99890375885337
qwen3-32b,g24a_fever_73372,exclude_pre,1,1.9279309193268392
qwen3-32b,g24a_fever_74188,admit_post,-1,7.675656796057322e-05
qwen3-32b,g24a_fever_74188,admit_pre,-1,0.0032976306654180216
qwen3-32b,g24a_fever_74188,base,-1,1.0595944208870003
qwen3-32b,g24a_fever_74188,exclude_post,-1,0.002342849661736522
qwen3-32b,g24a_fever_74188,exclude_pre,-1,0.0007539036219559735
qwen3-32b,g24a_fever_7419,admit_post,1,99.99995115468556
qwen3-32b,g24a_fever_7419,admit_pre,1,99.99994532125636
qwen3-32b,g24a_fever_7419,base,1,99.99998998000932
qwen3-32b,g24a_fever_7419,exclude_post,1,99.9999853920765
qwen3-32b,g24a_fever_7419,exclude_pre,1,99.99998669746375
qwen3-32b,g24a_fever_74645,admit_post,-1,0.4165488805291876
qwen3-32b,g24a_fever_74645,admit_pre,-1,0.3262857286525153
qwen3-32b,g24a_fever_74645,base,-1,3.5673396319315285
qwen3-32b,g24a_fever_74645,exclude_post,-1,0.035334284196137995
qwen3-32b,g24a_fever_74645,exclude_pre,-1,0.12228195740659409
qwen3-32b,g24a_fever_74961,admit_post,1,99.99999685910714
qwen3-32b,g24a_fever_74961,admit_pre,1,99.99999555699165
qwen3-32b,g24a_fever_74961,base,1,99.99985442213861
qwen3-32b,g24a_fever_74961,exclude_post,1,27.83815420832138
qwen3-32b,g24a_fever_74961,exclude_pre,1,99.71878649312498
qwen3-32b,g24a_fever_75393,admit_post,-1,0.00012205161193860455
qwen3-32b,g24a_fever_75393,admit_pre,-1,0.00020553539258245197
qwen3-32b,g24a_fever_75393,base,-1,11.040072081294191
qwen3-32b,g24a_fever_75393,exclude_post,-1,17.41111777126285
qwen3-32b,g24a_fever_75393,exclude_pre,-1,0.00015025262876703195
qwen3-32b,g24a_fever_75621,admit_post,-1,0.0004580359055638915
qwen3-32b,g24a_fever_75621,admit_pre,-1,0.0005927739765035124
qwen3-32b,g24a_fever_75621,base,-1,0.0014009119650948369
qwen3-32b,g24a_fever_75621,exclude_post,-1,0.0005800814737969278
qwen3-32b,g24a_fever_75621,exclude_pre,-1,4.3295421594544944e-05
qwen3-32b,g24a_fever_75922,admit_post,1,36.80380300430801
qwen3-32b,g24a_fever_75922,admit_pre,1,41.46961456302714
qwen3-32b,g24a_fever_75922,base,1,56.069170567411575
qwen3-32b,g24a_fever_75922,exclude_post,1,49.43831410253919
qwen3-32b,g24a_fever_75922,exclude_pre,1,30.899257979708977
qwen3-32b,g24a_fever_76097,admit_post,-1,2.100312694676991e-05
qwen3-32b,g24a_fever_76097,admit_pre,-1,4.3231173684606675e-05
qwen3-32b,g24a_fever_76097,base,-1,7.006867602398235e-05
qwen3-32b,g24a_fever_76097,exclude_post,-1,43.203619830524445
qwen3-32b,g24a_fever_76097,exclude_pre,-1,0.0020458192209180455
qwen3-32b,g24a_fever_77834,admit_post,1,99.99999859457432
qwen3-32b,g24a_fever_77834,admit_pre,1,99.9999987671138
qwen3-32b,g24a_fever_77834,base,1,99.99999820846864
qwen3-32b,g24a_fever_77834,exclude_post,1,99.9998209385715
qwen3-32b,g24a_fever_77834,exclude_pre,1,99.99907005182101
qwen3-32b,g24a_fever_78683,admit_post,1,99.99999659075132
qwen3-32b,g24a_fever_78683,admit_pre,1,99.99999595245207
qwen3-32b,g24a_fever_78683,base,1,6.0770891263990564e-05
qwen3-32b,g24a_fever_78683,exclude_post,1,44.43750877787094
qwen3-32b,g24a_fever_78683,exclude_pre,1,0.11771602809314732
qwen3-32b,g24a_fever_79437,admit_post,1,99.9999994878341
qwen3-32b,g24a_fever_79437,admit_pre,1,99.99999956287579
qwen3-32b,g24a_fever_79437,base,1,55.48318853632715
qwen3-32b,g24a_fever_79437,exclude_post,1,43.94730513867197
qwen3-32b,g24a_fever_79437,exclude_pre,1,36.059311461140766
qwen3-32b,g24a_fever_80075,admit_post,1,99.93422661853748
qwen3-32b,g24a_fever_80075,admit_pre,1,99.99972842813243
qwen3-32b,g24a_fever_80075,base,1,99.1308104877209
qwen3-32b,g24a_fever_80075,exclude_post,1,44.24444164400901
qwen3-32b,g24a_fever_80075,exclude_pre,1,90.85556510568796
qwen3-32b,g24a_fever_81029,admit_post,1,99.99999768750436
qwen3-32b,g24a_fever_81029,admit_pre,1,99.99999755043028
qwen3-32b,g24a_fever_81029,base,1,99.99999629524743
qwen3-32b,g24a_fever_81029,exclude_post,1,43.11184073351626
qwen3-32b,g24a_fever_81029,exclude_pre,1,99.99991874339247
qwen3-32b,g24a_fever_81046,admit_post,1,99.99991170920121
qwen3-32b,g24a_fever_81046,admit_pre,1,99.99997680873152
qwen3-32b,g24a_fever_81046,base,1,99.99521469021518
qwen3-32b,g24a_fever_81046,exclude_post,1,65.66076971203736
qwen3-32b,g24a_fever_81046,exclude_pre,1,91.86882933903051
qwen3-32b,g24a_fever_82602,admit_post,-1,0.00041005321599988824
qwen3-32b,g24a_fever_82602,admit_pre,-1,0.0008429746816249298
qwen3-32b,g24a_fever_82602,base,-1,0.0012201023351149263
qwen3-32b,g24a_fever_82602,exclude_post,-1,0.00015728729855899687
qwen3-32b,g24a_fever_82602,exclude_pre,-1,0.0012398797530902657
qwen3-32b,g24a_fever_83880,admit_post,-1,0.00022376450339441594
qwen3-32b,g24a_fever_83880,admit_pre,-1,2.5097305116332516e-05
qwen3-32b,g24a_fever_83880,base,-1,0.4238631592035038
qwen3-32b,g24a_fever_83880,exclude_post,-1,44.45377126332718
qwen3-32b,g24a_fever_83880,exclude_pre,-1,0.0005584609218073387
qwen3-32b,g24a_fever_84274,admit_post,-1,2.225536559982778e-05
qwen3-32b,g24a_fever_84274,admit_pre,-1,5.1574399871333715e-05
qwen3-32b,g24a_fever_84274,base,-1,0.0003663110941951564
qwen3-32b,g24a_fever_84274,exclude_post,-1,0.03527383833031725
qwen3-32b,g24a_fever_84274,exclude_pre,-1,2.6764479267033466e-05
qwen3-32b,g24a_fever_84775,admit_post,-1,0.00036113808839253645
qwen3-32b,g24a_fever_84775,admit_pre,-1,0.0001554007830328446
qwen3-32b,g24a_fever_84775,base,-1,0.0033196603631767867
qwen3-32b,g24a_fever_84775,exclude_post,-1,0.010238150187100723
qwen3-32b,g24a_fever_84775,exclude_pre,-1,2.4767074177655512e-05
qwen3-32b,g24a_fever_84970,admit_post,1,99.99999304359899
qwen3-32b,g24a_fever_84970,admit_pre,1,99.9999987200113
qwen3-32b,g24a_fever_84970,base,1,99.99983263006058
qwen3-32b,g24a_fever_84970,exclude_post,1,99.93980927086096
qwen3-32b,g24a_fever_84970,exclude_pre,1,99.87007142763554
qwen3-32b,g24a_fever_88150,admit_post,1,99.99999929530817
qwen3-32b,g24a_fever_88150,admit_pre,1,99.99999795683061
qwen3-32b,g24a_fever_88150,base,1,99.9999808117582
qwen3-32b,g24a_fever_88150,exclude_post,1,54.23113264171691
qwen3-32b,g24a_fever_88150,exclude_pre,1,99.9999201774245
qwen3-32b,g24a_fever_88251,admit_post,-1,0.000756642535165241
qwen3-32b,g24a_fever_88251,admit_pre,-1,6.212991209544319e-05
qwen3-32b,g24a_fever_88251,base,-1,0.007004227704161171
qwen3-32b,g24a_fever_88251,exclude_post,-1,0.005131007242994146
qwen3-32b,g24a_fever_88251,exclude_pre,-1,0.008238495823058765
qwen3-32b,g24a_fever_89213,admit_post,-1,3.464198405722195e-05
qwen3-32b,g24a_fever_89213,admit_pre,-1,0.00041372834543386525
qwen3-32b,g24a_fever_89213,base,-1,0.0007382721642012436
qwen3-32b,g24a_fever_89213,exclude_post,-1,0.0002816068657388599
qwen3-32b,g24a_fever_89213,exclude_pre,-1,1.3301156723737557
qwen3-32b,g24a_fever_89681,admit_post,-1,1.6011813761310066e-05
qwen3-32b,g24a_fever_89681,admit_pre,-1,9.696740142265807e-06
qwen3-32b,g24a_fever_89681,base,-1,5.0974644648597406e-05
qwen3-32b,g24a_fever_89681,exclude_post,-1,1.8883415488531345e-05
qwen3-32b,g24a_fever_89681,exclude_pre,-1,7.44958926920505e-06
qwen3-32b,g24a_fever_89771,admit_post,1,99.9999979379189
qwen3-32b,g24a_fever_89771,admit_pre,1,99.99987049414192
qwen3-32b,g24a_fever_89771,base,1,78.17656031822156
qwen3-32b,g24a_fever_89771,exclude_post,1,51.802549110853505
qwen3-32b,g24a_fever_89771,exclude_pre,1,15.015077850400372
qwen3-32b,g24a_fever_90446,admit_post,-1,3.660833147414085e-05
qwen3-32b,g24a_fever_90446,admit_pre,-1,3.916039449488788e-06
qwen3-32b,g24a_fever_90446,base,-1,9.001080525203492e-06
qwen3-32b,g24a_fever_90446,exclude_post,-1,4.549788858562938e-06
qwen3-32b,g24a_fever_90446,exclude_pre,-1,1.0128729480188107e-05
qwen3-32b,g24a_fever_91599,admit_post,1,99.99999823223328
qwen3-32b,g24a_fever_91599,admit_pre,1,99.99999874426948
qwen3-32b,g24a_fever_91599,base,1,99.99999350573648
qwen3-32b,g24a_fever_91599,exclude_post,1,99.47124089482726
qwen3-32b,g24a_fever_91599,exclude_pre,1,99.99998858901641
qwen3-32b,g24a_fever_91767,admit_post,-1,0.00026115783230070907
qwen3-32b,g24a_fever_91767,admit_pre,-1,3.6325083054461375e-05
qwen3-32b,g24a_fever_91767,base,-1,1.3683108180988198e-05
qwen3-32b,g24a_fever_91767,exclude_post,-1,0.07341179556758012
qwen3-32b,g24a_fever_91767,exclude_pre,-1,0.0003094855924484171
qwen3-32b,g24a_fever_91973,admit_post,-1,1.1495860163522756e-05
qwen3-32b,g24a_fever_91973,admit_pre,-1,8.46460863599491e-06
qwen3-32b,g24a_fever_91973,base,-1,7.358137826805299e-05
qwen3-32b,g24a_fever_91973,exclude_post,-1,3.0134338179653416e-05
qwen3-32b,g24a_fever_91973,exclude_pre,-1,8.40097291487496e-06
qwen3-32b,g24a_fever_92374,admit_post,1,99.99998646724791
qwen3-32b,g24a_fever_92374,admit_pre,1,99.99996497181084
qwen3-32b,g24a_fever_92374,base,1,99.99994284086887
qwen3-32b,g24a_fever_92374,exclude_post,1,99.9999160785099
qwen3-32b,g24a_fever_92374,exclude_pre,1,99.99040400393953
qwen3-32b,g24a_fever_92430,admit_post,-1,1.3343706115929405e-05
qwen3-32b,g24a_fever_92430,admit_pre,-1,1.8855001288381008e-05
qwen3-32b,g24a_fever_92430,base,-1,0.0002815273262645707
qwen3-32b,g24a_fever_92430,exclude_post,-1,8.362669876107299e-05
qwen3-32b,g24a_fever_92430,exclude_pre,-1,1.2265888542569148e-05
qwen3-32b,g24a_fever_93018,admit_post,-1,0.0022764501270171756
qwen3-32b,g24a_fever_93018,admit_pre,-1,0.013030723567783684
qwen3-32b,g24a_fever_93018,base,-1,0.00010993360963931905
qwen3-32b,g24a_fever_93018,exclude_post,-1,0.06161061845257581
qwen3-32b,g24a_fever_93018,exclude_pre,-1,0.0010901569733070351
qwen3-32b,g24a_fever_93646,admit_post,-1,0.024519698928599783
qwen3-32b,g24a_fever_93646,admit_pre,-1,0.0005905507798148314
qwen3-32b,g24a_fever_93646,base,-1,0.0007471939774896214
qwen3-32b,g24a_fever_93646,exclude_post,-1,9.741370287638453e-05
qwen3-32b,g24a_fever_93646,exclude_pre,-1,0.00025658727608604526
qwen3-32b,g24a_fever_93855,admit_post,-1,2.766640392946218e-05
qwen3-32b,g24a_fever_93855,admit_pre,-1,4.028331292053624e-05
qwen3-32b,g24a_fever_93855,base,-1,0.007462199619659549
qwen3-32b,g24a_fever_93855,exclude_post,-1,3.5318471745297526e-05
qwen3-32b,g24a_fever_93855,exclude_pre,-1,2.0149258943462358e-05
qwen3-32b,g24a_fever_94500,admit_post,1,99.99973789280808
qwen3-32b,g24a_fever_94500,admit_pre,1,99.99963734251212
qwen3-32b,g24a_fever_94500,base,1,10.424226620303305
qwen3-32b,g24a_fever_94500,exclude_post,1,44.382835781919965
qwen3-32b,g24a_fever_94500,exclude_pre,1,99.9966363685717
qwen3-32b,g24a_fever_94918,admit_post,-1,2.2251737678530542e-05
qwen3-32b,g24a_fever_94918,admit_pre,-1,2.4888985109207318e-05
qwen3-32b,g24a_fever_94918,base,-1,0.000157835121027298
qwen3-32b,g24a_fever_94918,exclude_post,-1,7.587687821867182e-06
qwen3-32b,g24a_fever_94918,exclude_pre,-1,8.72891510091468e-06
qwen3-32b,g24a_fever_95056,admit_post,1,90.89498619353651
qwen3-32b,g24a_fever_95056,admit_pre,1,97.97238704965328
qwen3-32b,g24a_fever_95056,base,1,89.62438829558016
qwen3-32b,g24a_fever_95056,exclude_post,1,22.437427659733228
qwen3-32b,g24a_fever_95056,exclude_pre,1,74.78488159581427
qwen3-32b,g24a_fever_9532,admit_post,1,99.99999572597267
qwen3-32b,g24a_fever_9532,admit_pre,1,99.99999515775298
qwen3-32b,g24a_fever_9532,base,1,99.99999876282804
qwen3-32b,g24a_fever_9532,exclude_post,1,44.44206099373473
qwen3-32b,g24a_fever_9532,exclude_pre,1,44.45409098217208
qwen3-32b,g24a_fever_9533,admit_post,1,99.99999897506326
qwen3-32b,g24a_fever_9533,admit_pre,1,99.99999646017277
qwen3-32b,g24a_fever_9533,base,1,99.99999464827079
qwen3-32b,g24a_fever_9533,exclude_post,1,44.38502767199425
qwen3-32b,g24a_fever_9533,exclude_pre,1,41.07925670649037
qwen3-32b,g24a_fever_95518,admit_post,-1,0.00016105015872633835
qwen3-32b,g24a_fever_95518,admit_pre,-1,5.401278275577107e-05
qwen3-32b,g24a_fever_95518,base,-1,0.001722006029721437
qwen3-32b,g24a_fever_95518,exclude_post,-1,17.71948543976042
qwen3-32b,g24a_fever_95518,exclude_pre,-1,0.0004451320941659604
qwen3-32b,g24a_fever_96576,admit_post,1,99.99999876384095
qwen3-32b,g24a_fever_96576,admit_pre,1,99.99998927997612
qwen3-32b,g24a_fever_96576,base,1,99.99999378175042
qwen3-32b,g24a_fever_96576,exclude_post,1,44.75957514638865
qwen3-32b,g24a_fever_96576,exclude_pre,1,99.99813196614598
qwen3-32b,g24a_fever_9762,admit_post,1,99.99999233251147
qwen3-32b,g24a_fever_9762,admit_pre,1,99.99999502521264
qwen3-32b,g24a_fever_9762,base,1,99.9990521980685
qwen3-32b,g24a_fever_9762,exclude_post,1,97.92639844770727
qwen3-32b,g24a_fever_9762,exclude_pre,1,99.99862381216627
qwen3-32b,g24a_fever_97886,admit_post,-1,0.0002825121372305474
qwen3-32b,g24a_fever_97886,admit_pre,-1,0.0005848440635857426
qwen3-32b,g24a_fever_97886,base,-1,0.0009554784737182758
qwen3-32b,g24a_fever_97886,exclude_post,-1,1.2911103497592883e-06
qwen3-32b,g24a_fever_97886,exclude_pre,-1,8.846613902761915e-06
qwen3-32b,g24a_fever_98810,admit_post,1,99.99992838638157
qwen3-32b,g24a_fever_98810,admit_pre,1,71.02485488826471
qwen3-32b,g24a_fever_98810,base,1,99.99998465274598
qwen3-32b,g24a_fever_98810,exclude_post,1,44.443634276459356
qwen3-32b,g24a_fever_98810,exclude_pre,1,72.78177109943537
qwen3-32b,g24a_fever_99060,admit_post,-1,0.0003096286018435955
qwen3-32b,g24a_fever_99060,admit_pre,-1,0.005227382702337936
qwen3-32b,g24a_fever_99060,base,-1,0.0001117728585331581
qwen3-32b,g24a_fever_99060,exclude_post,-1,0.0011202223946288606
qwen3-32b,g24a_fever_99060,exclude_pre,-1,0.0031630993567267436
qwen3-32b,g24a_scifact_1015,admit_post,1,91.82321171673536
qwen3-32b,g24a_scifact_1015,admit_pre,1,90.48371104360304
qwen3-32b,g24a_scifact_1015,base,1,81.97056993196158
qwen3-32b,g24a_scifact_1015,exclude_post,1,43.82527060705914
qwen3-32b,g24a_scifact_1015,exclude_pre,1,78.90449127988613
qwen3-32b,g24a_scifact_1018,admit_post,1,90.17967706212926
qwen3-32b,g24a_scifact_1018,admit_pre,1,94.35230302662251
qwen3-32b,g24a_scifact_1018,base,1,51.995057356776336
qwen3-32b,g24a_scifact_1018,exclude_post,1,44.4430122664281
qwen3-32b,g24a_scifact_1018,exclude_pre,1,44.44160860283952
qwen3-32b,g24a_scifact_1042,admit_post,-1,88.36940777461638
qwen3-32b,g24a_scifact_1042,admit_pre,-1,81.96751246076644
qwen3-32b,g24a_scifact_1042,base,-1,81.34200784834012
qwen3-32b,g24a_scifact_1042,exclude_post,-1,44.41750947745501
qwen3-32b,g24a_scifact_1042,exclude_pre,-1,54.05636462069063
qwen3-32b,g24a_scifact_1043,admit_post,1,98.81419244775829
qwen3-32b,g24a_scifact_1043,admit_pre,1,93.75261531886983
qwen3-32b,g24a_scifact_1043,base,1,60.03386973950515
qwen3-32b,g24a_scifact_1043,exclude_post,1,44.38049580489647
qwen3-32b,g24a_scifact_1043,exclude_pre,1,67.43520995233128
qwen3-32b,g24a_scifact_1044,admit_post,1,89.5826874687234
qwen3-32b,g24a_scifact_1044,admit_pre,1,98.93327671863003
qwen3-32b,g24a_scifact_1044,base,1,53.09810668302625
qwen3-32b,g24a_scifact_1044,exclude_post,1,44.37002048476054
qwen3-32b,g24a_scifact_1044,exclude_pre,1,58.93954060530771
qwen3-32b,g24a_scifact_1050,admit_post,-1,0.0003946413019714212
qwen3-32b,g24a_scifact_1050,admit_pre,-1,0.0037304000139815174
qwen3-32b,g24a_scifact_1050,base,-1,1.325001339962622
qwen3-32b,g24a_scifact_1050,exclude_post,-1,2.713618583197677
qwen3-32b,g24a_scifact_1050,exclude_pre,-1,0.006969713550017798
qwen3-32b,g24a_scifact_1062,admit_post,1,99.97570812292332
qwen3-32b,g24a_scifact_1062,admit_pre,1,99.74447740698903
qwen3-32b,g24a_scifact_1062,base,1,75.29957779589616
qwen3-32b,g24a_scifact_1062,exclude_post,1,34.42502651377059
qwen3-32b,g24a_scifact_1062,exclude_pre,1,99.21883727749353
qwen3-32b,g24a_scifact_1069,admit_post,1,99.9157983724615
qwen3-32b,g24a_scifact_1069,admit_pre,1,99.63232321349807
qwen3-32b,g24a_scifact_1069,base,1,34.92707626617187
qwen3-32b,g24a_scifact_1069,exclude_post,1,10.478149929307145
qwen3-32b,g24a_scifact_1069,exclude_pre,1,99.40612489704621
qwen3-32b,g24a_scifact_1086,admit_post,1,99.15703611176723
qwen3-32b,g24a_scifact_1086,admit_pre,1,98.93871738461176
qwen3-32b,g24a_scifact_1086,base,1,58.99634859514658
qwen3-32b,g24a_scifact_1086,exclude_post,1,38.881374820885874
qwen3-32b,g24a_scifact_1086,exclude_pre,1,81.6967840556348
qwen3-32b,g24a_scifact_1087,admit_post,-1,0.00012043703739519076
qwen3-32b,g24a_scifact_1087,admit_pre,-1,0.04523881049733029
qwen3-32b,g24a_scifact_1087,base,-1,9.789912636175103
qwen3-32b,g24a_scifact_1087,exclude_post,-1,10.056429961976109
qwen3-32b,g24a_scifact_1087,exclude_pre,-1,0.0452471377578111
qwen3-32b,g24a_scifact_1088,admit_post,-1,95.78342220863324
qwen3-32b,g24a_scifact_1088,admit_pre,-1,99.79962466576873
qwen3-32b,g24a_scifact_1088,base,-1,10.464950001076891
qwen3-32b,g24a_scifact_1088,exclude_post,-1,44.41579753363745
qwen3-32b,g24a_scifact_1088,exclude_pre,-1,10.522613508205232
qwen3-32b,g24a_scifact_1101,admit_post,-1,97.94821363370657
qwen3-32b,g24a_scifact_1101,admit_pre,-1,93.59047578049557
qwen3-32b,g24a_scifact_1101,base,-1,66.28331046265883
qwen3-32b,g24a_scifact_1101,exclude_post,-1,44.36414448529238
qwen3-32b,g24a_scifact_1101,exclude_pre,-1,77.67423777515306
qwen3-32b,g24a_scifact_1102,admit_post,1,99.95457755609934
qwen3-32b,g24a_scifact_1102,admit_pre,1,99.91467147827433
qwen3-32b,g24a_scifact_1102,base,1,57.40999416739382
qwen3-32b,g24a_scifact_1102,exclude_post,1,44.44053239273818
qwen3-32b,g24a_scifact_1102,exclude_pre,1,62.97757994577905
qwen3-32b,g24a_scifact_1107,admit_post,1,99.97568291560057
qwen3-32b,g24a_scifact_1107,admit_pre,1,99.87750825666495
qwen3-32b,g24a_scifact_1107,base,1,95.13158258443592
qwen3-32b,g24a_scifact_1107,exclude_post,1,44.551796107353226
qwen3-32b,g24a_scifact_1107,exclude_pre,1,88.10308611342174
qwen3-32b,g24a_scifact_1110,admit_post,-1,2.4870963161052604
qwen3-32b,g24a_scifact_1110,admit_pre,-1,0.003932673921149701
qwen3-32b,g24a_scifact_1110,base,-1,6.246879685033147
qwen3-32b,g24a_scifact_1110,exclude_post,-1,0.03528292348599937
qwen3-32b,g24a_scifact_1110,exclude_pre,-1,0.15856236432552853
qwen3-32b,g24a_scifact_1121,admit_post,1,99.99992200259605
qwen3-32b,g24a_scifact_1121,admit_pre,1,99.89190518810972
qwen3-32b,g24a_scifact_1121,base,1,88.67464557068331
qwen3-32b,g24a_scifact_1121,exclude_post,1,44.439044578829936
qwen3-32b,g24a_scifact_1121,exclude_pre,1,98.56578826835138
qwen3-32b,g24a_scifact_1127,admit_post,1,99.9868649976027
qwen3-32b,g24a_scifact_1127,admit_pre,1,99.99383630627489
qwen3-32b,g24a_scifact_1127,base,1,99.98986888036295
qwen3-32b,g24a_scifact_1127,exclude_post,1,99.94151844368247
qwen3-32b,g24a_scifact_1127,exclude_pre,1,89.7336960372559
qwen3-32b,g24a_scifact_1128,admit_post,1,88.86208355325519
qwen3-32b,g24a_scifact_1128,admit_pre,1,67.21046124403763
qwen3-32b,g24a_scifact_1128,base,1,89.41358631156479
qwen3-32b,g24a_scifact_1128,exclude_post,1,44.533602529347064
qwen3-32b,g24a_scifact_1128,exclude_pre,1,55.50449288684595
qwen3-32b,g24a_scifact_1130,admit_post,-1,0.004792240169749823
qwen3-32b,g24a_scifact_1130,admit_pre,-1,0.007892241786946426
qwen3-32b,g24a_scifact_1130,base,-1,11.11114749886871
qwen3-32b,g24a_scifact_1130,exclude_post,-1,44.43502162402852
qwen3-32b,g24a_scifact_1130,exclude_pre,-1,0.010135459713243825
qwen3-32b,g24a_scifact_1132,admit_post,1,95.72974105606339
qwen3-32b,g24a_scifact_1132,admit_pre,1,67.4948655354999
qwen3-32b,g24a_scifact_1132,base,1,93.75092783228813
qwen3-32b,g24a_scifact_1132,exclude_post,1,46.21346510236728
qwen3-32b,g24a_scifact_1132,exclude_pre,1,61.69904193243219
qwen3-32b,g24a_scifact_114,admit_post,1,94.41794586790223
qwen3-32b,g24a_scifact_114,admit_pre,1,89.10938362910616
qwen3-32b,g24a_scifact_114,base,1,89.25844330739625
qwen3-32b,g24a_scifact_114,exclude_post,1,73.5719093155976
qwen3-32b,g24a_scifact_114,exclude_pre,1,57.4080886229389
qwen3-32b,g24a_scifact_1146,admit_post,1,77.36116437736707
qwen3-32b,g24a_scifact_1146,admit_pre,1,76.78013111048256
qwen3-32b,g24a_scifact_1146,base,1,45.11077110175691
qwen3-32b,g24a_scifact_1146,exclude_post,1,44.44677026819726
qwen3-32b,g24a_scifact_1146,exclude_pre,1,76.22291734136522
qwen3-32b,g24a_scifact_1148,admit_post,1,99.99273024372103
qwen3-32b,g24a_scifact_1148,admit_pre,1,97.81161823420169
qwen3-32b,g24a_scifact_1148,base,1,76.93642432715225
qwen3-32b,g24a_scifact_1148,exclude_post,1,43.78821907970328
qwen3-32b,g24a_scifact_1148,exclude_pre,1,79.34381649981033
qwen3-32b,g24a_scifact_115,admit_post,-1,12.157822491820761
qwen3-32b,g24a_scifact_115,admit_pre,-1,11.05813936779034
qwen3-32b,g24a_scifact_115,base,-1,9.094109897298656
qwen3-32b,g24a_scifact_115,exclude_post,-1,11.773606322297196
qwen3-32b,g24a_scifact_115,exclude_pre,-1,11.418447252316078
qwen3-32b,g24a_scifact_116,admit_post,1,89.92790295412364
qwen3-32b,g24a_scifact_116,admit_pre,1,91.17246466370358
qwen3-32b,g24a_scifact_116,base,1,78.07232912113048
qwen3-32b,g24a_scifact_116,exclude_post,1,44.971220622679525
qwen3-32b,g24a_scifact_116,exclude_pre,1,86.71938001633514
qwen3-32b,g24a_scifact_1162,admit_post,1,99.58403051384914
qwen3-32b,g24a_scifact_1162,admit_pre,1,99.86177781438181
qwen3-32b,g24a_scifact_1162,base,1,67.56823155078797
qwen3-32b,g24a_scifact_1162,exclude_post,1,8.640223826662076
qwen3-32b,g24a_scifact_1162,exclude_pre,1,0.01552909175568233
qwen3-32b,g24a_scifact_1163,admit_post,1,53.579899859802765
qwen3-32b,g24a_scifact_1163,admit_pre,1,53.16837878643188
qwen3-32b,g24a_scifact_1163,base,1,39.195492114057885
qwen3-32b,g24a_scifact_1163,exclude_post,1,33.372362978250166
qwen3-32b,g24a_scifact_1163,exclude_pre,1,19.759114709447264
qwen3-32b,g24a_scifact_1176,admit_post,1,99.99916187795706
qwen3-32b,g24a_scifact_1176,admit_pre,1,99.99823150878834
qwen3-32b,g24a_scifact_1176,base,1,78.44119797170892
qwen3-32b,g24a_scifact_1176,exclude_post,1,45.02890443077824
qwen3-32b,g24a_scifact_1176,exclude_pre,1,94.41037612882847
qwen3-32b,g24a_scifact_1177,admit_post,1,99.90467081370332
qwen3-32b,g24a_scifact_1177,admit_pre,1,99.9974329485555
qwen3-32b,g24a_scifact_1177,base,1,49.1548884657509
qwen3-32b,g24a_scifact_1177,exclude_post,1,4.088785567202201
qwen3-32b,g24a_scifact_1177,exclude_pre,1,99.94477873503553
qwen3-32b,g24a_scifact_118,admit_post,1,99.99987203649019
qwen3-32b,g24a_scifact_118,admit_pre,1,99.9998867694304
qwen3-32b,g24a_scifact_118,base,1,99.24914347809506
qwen3-32b,g24a_scifact_118,exclude_post,1,43.68265990692848
qwen3-32b,g24a_scifact_118,exclude_pre,1,99.9982128405924
qwen3-32b,g24a_scifact_1180,admit_post,1,55.16586921837427
qwen3-32b,g24a_scifact_1180,admit_pre,1,99.9593738750838
qwen3-32b,g24a_scifact_1180,base,1,97.96676277595502
qwen3-32b,g24a_scifact_1180,exclude_post,1,44.26746223736686
qwen3-32b,g24a_scifact_1180,exclude_pre,1,62.179455738616916
qwen3-32b,g24a_scifact_1182,admit_post,1,99.67409254813501
qwen3-32b,g24a_scifact_1182,admit_pre,1,95.1344654657268
qwen3-32b,g24a_scifact_1182,base,1,99.99995131408815
qwen3-32b,g24a_scifact_1182,exclude_post,1,99.82319890882256
qwen3-32b,g24a_scifact_1182,exclude_pre,1,75.808985422179
qwen3-32b,g24a_scifact_1187,admit_post,1,99.95455005043465
qwen3-32b,g24a_scifact_1187,admit_pre,1,99.77265397743288
qwen3-32b,g24a_scifact_1187,base,1,99.96879106164798
qwen3-32b,g24a_scifact_1187,exclude_post,1,76.03457675017302
qwen3-32b,g24a_scifact_1187,exclude_pre,1,75.719750611145
qwen3-32b,g24a_scifact_1202,admit_post,1,95.62513279212622
qwen3-32b,g24a_scifact_1202,admit_pre,1,92.27299071830411
qwen3-32b,g24a_scifact_1202,base,1,10.784318091742742
qwen3-32b,g24a_scifact_1202,exclude_post,1,44.30943074750325
qwen3-32b,g24a_scifact_1202,exclude_pre,1,53.18354302578759
qwen3-32b,g24a_scifact_1220,admit_post,1,99.99209991502802
qwen3-32b,g24a_scifact_1220,admit_pre,1,99.9832989429579
qwen3-32b,g24a_scifact_1220,base,1,90.49933843711753
qwen3-32b,g24a_scifact_1220,exclude_post,1,43.4774531553737
qwen3-32b,g24a_scifact_1220,exclude_pre,1,99.58190898772392
qwen3-32b,g24a_scifact_1223,admit_post,-1,82.06108529775318
qwen3-32b,g24a_scifact_1223,admit_pre,-1,78.10972627081497
qwen3-32b,g24a_scifact_1223,base,-1,50.21105856092033
qwen3-32b,g24a_scifact_1223,exclude_post,-1,44.44702590550614
qwen3-32b,g24a_scifact_1223,exclude_pre,-1,44.850527938710904
qwen3-32b,g24a_scifact_1229,admit_post,1,85.4612540764043
qwen3-32b,g24a_scifact_1229,admit_pre,1,81.97809511223191
qwen3-32b,g24a_scifact_1229,base,1,66.14839926955511
qwen3-32b,g24a_scifact_1229,exclude_post,1,44.44569486735619
qwen3-32b,g24a_scifact_1229,exclude_pre,1,76.28991640845544
qwen3-32b,g24a_scifact_1237,admit_post,-1,0.07454680186679866
qwen3-32b,g24a_scifact_1237,admit_pre,-1,0.15655655335249968
qwen3-32b,g24a_scifact_1237,base,-1,11.201106008592175
qwen3-32b,g24a_scifact_1237,exclude_post,-1,18.42412059865416
qwen3-32b,g24a_scifact_1237,exclude_pre,-1,2.1256929579639863
qwen3-32b,g24a_scifact_1238,admit_post,1,99.67395238872695
qwen3-32b,g24a_scifact_1238,admit_pre,1,97.97264738634145
qwen3-32b,g24a_scifact_1238,base,1,99.99844262454161
qwen3-32b,g24a_scifact_1238,exclude_post,1,44.41450876315727
qwen3-32b,g24a_scifact_1238,exclude_pre,1,99.66380402749247
qwen3-32b,g24a_scifact_1239,admit_post,-1,0.3264684523081775
qwen3-32b,g24a_scifact_1239,admit_pre,-1,0.20062937877755999
qwen3-32b,g24a_scifact_1239,base,-1,4.198251226800048
qwen3-32b,g24a_scifact_1239,exclude_post,-1,0.004846815622721541
qwen3-32b,g24a_scifact_1239,exclude_pre,-1,1.3837928347871968
qwen3-32b,g24a_scifact_1241,admit_post,1,99.92526338337723
qwen3-32b,g24a_scifact_1241,admit_pre,1,99.99301622647918
qwen3-32b,g24a_scifact_1241,base,1,99.99989714019932
qwen3-32b,g24a_scifact_1241,exclude_post,1,99.04934809584154
qwen3-32b,g24a_scifact_1241,exclude_pre,1,95.68029126266386
qwen3-32b,g24a_scifact_1246,admit_post,-1,0.09636385819053278
qwen3-32b,g24a_scifact_1246,admit_pre,-1,6.254641163314315
qwen3-32b,g24a_scifact_1246,base,-1,1.3335662792231242
qwen3-32b,g24a_scifact_1246,exclude_post,-1,29.7433286350024
qwen3-32b,g24a_scifact_1246,exclude_pre,-1,44.4215737200323
qwen3-32b,g24a_scifact_1248,admit_post,1,99.98692185091981
qwen3-32b,g24a_scifact_1248,admit_pre,1,91.26054697045605
qwen3-32b,g24a_scifact_1248,base,1,58.35697906030513
qwen3-32b,g24a_scifact_1248,exclude_post,1,99.93733239575276
qwen3-32b,g24a_scifact_1248,exclude_pre,1,93.41088657368805
qwen3-32b,g24a_scifact_1249,admit_post,-1,0.02756011945245028
qwen3-32b,g24a_scifact_1249,admit_pre,-1,0.01673482032784977
qwen3-32b,g24a_scifact_1249,base,-1,32.92736543778707
qwen3-32b,g24a_scifact_1249,exclude_post,-1,29.128725334990868
qwen3-32b,g24a_scifact_1249,exclude_pre,-1,5.878386272447177
qwen3-32b,g24a_scifact_1254,admit_post,1,99.99972740156363
qwen3-32b,g24a_scifact_1254,admit_pre,1,99.99905456584882
qwen3-32b,g24a_scifact_1254,base,1,93.70658468002846
qwen3-32b,g24a_scifact_1254,exclude_post,1,44.454402274598664
qwen3-32b,g24a_scifact_1254,exclude_pre,1,99.8758018106038
qwen3-32b,g24a_scifact_1258,admit_post,1,88.8806792366361
qwen3-32b,g24a_scifact_1258,admit_pre,1,87.98026028698546
qwen3-32b,g24a_scifact_1258,base,1,89.34160061182546
qwen3-32b,g24a_scifact_1258,exclude_post,1,33.662996022293314
qwen3-32b,g24a_scifact_1258,exclude_pre,1,45.8259641271454
qwen3-32b,g24a_scifact_1259,admit_post,1,99.5846769922256
qwen3-32b,g24a_scifact_1259,admit_pre,1,98.67351398221297
qwen3-32b,g24a_scifact_1259,base,1,94.44037464780075
qwen3-32b,g24a_scifact_1259,exclude_post,1,27.978336421663283
qwen3-32b,g24a_scifact_1259,exclude_pre,1,48.212875319489434
qwen3-32b,g24a_scifact_1260,admit_post,-1,0.01308880979103936
qwen3-32b,g24a_scifact_1260,admit_pre,-1,0.027693861422208404
qwen3-32b,g24a_scifact_1260,base,-1,10.615290521278467
qwen3-32b,g24a_scifact_1260,exclude_post,-1,44.51710316616303
qwen3-32b,g24a_scifact_1260,exclude_pre,-1,1.3348470203571225
qwen3-32b,g24a_scifact_1261,admit_post,-1,99.52810542523665
qwen3-32b,g24a_scifact_1261,admit_pre,-1,99.86126678431994
qwen3-32b,g24a_scifact_1261,base,-1,11.050348434860792
qwen3-32b,g24a_scifact_1261,exclude_post,-1,44.440649138341
qwen3-32b,g24a_scifact_1261,exclude_pre,-1,11.181252879937723
qwen3-32b,g24a_scifact_1262,admit_post,1,99.40628652716579
qwen3-32b,g24a_scifact_1262,admit_pre,1,99.9999921791867
qwen3-32b,g24a_scifact_1262,base,1,99.91565174133216
qwen3-32b,g24a_scifact_1262,exclude_post,1,46.38273221350695
qwen3-32b,g24a_scifact_1262,exclude_pre,1,77.0210778637429
qwen3-32b,g24a_scifact_1263,admit_post,1,99.99997349780804
qwen3-32b,g24a_scifact_1263,admit_pre,1,99.99999548839241
qwen3-32b,g24a_scifact_1263,base,1,99.99975958298442
qwen3-32b,g24a_scifact_1263,exclude_post,1,36.49277962346814
qwen3-32b,g24a_scifact_1263,exclude_pre,1,99.75323994303704
qwen3-32b,g24a_scifact_1271,admit_post,1,99.9885215534587
qwen3-32b,g24a_scifact_1271,admit_pre,1,99.79993274243103
qwen3-32b,g24a_scifact_1271,base,1,60.6584803030224
qwen3-32b,g24a_scifact_1271,exclude_post,1,44.45173013521848
qwen3-32b,g24a_scifact_1271,exclude_pre,1,99.7438287494668
qwen3-32b,g24a_scifact_1273,admit_post,1,99.99667501719858
qwen3-32b,g24a_scifact_1273,admit_pre,1,99.97554705973941
qwen3-32b,g24a_scifact_1273,base,1,66.5657859379552
qwen3-32b,g24a_scifact_1273,exclude_post,1,42.799165102115595
qwen3-32b,g24a_scifact_1273,exclude_pre,1,58.712677470123175
qwen3-32b,g24a_scifact_1274,admit_post,1,99.7999592801897
qwen3-32b,g24a_scifact_1274,admit_pre,1,99.67406391151422
qwen3-32b,g24a_scifact_1274,base,1,98.67350957942445
qwen3-32b,g24a_scifact_1274,exclude_post,1,44.44359522679776
qwen3-32b,g24a_scifact_1274,exclude_pre,1,53.28503090365185
qwen3-32b,g24a_scifact_1303,admit_post,-1,3.5750052730705573
qwen3-32b,g24a_scifact_1303,admit_pre,-1,0.537530481482192
qwen3-32b,g24a_scifact_1303,base,-1,0.013101457650375273
qwen3-32b,g24a_scifact_1303,exclude_post,-1,0.005511782792180816
qwen3-32b,g24a_scifact_1303,exclude_pre,-1,44.52135053271887
qwen3-32b,g24a_scifact_1305,admit_post,1,95.80083356055067
qwen3-32b,g24a_scifact_1305,admit_pre,1,99.99798822733297
qwen3-32b,g24a_scifact_1305,base,1,94.38842993444118
qwen3-32b,g24a_scifact_1305,exclude_post,1,44.42137051937957
qwen3-32b,g24a_scifact_1305,exclude_pre,1,38.77088393305695
qwen3-32b,g24a_scifact_1311,admit_post,1,99.96883402080229
qwen3-32b,g24a_scifact_1311,admit_pre,1,99.74441575889266
qwen3-32b,g24a_scifact_1311,base,1,88.62871282065049
qwen3-32b,g24a_scifact_1311,exclude_post,1,98.13246984157303
qwen3-32b,g24a_scifact_1311,exclude_pre,1,99.52208775341632
qwen3-32b,g24a_scifact_1319,admit_post,1,99.9153351263214
qwen3-32b,g24a_scifact_1319,admit_pre,1,99.92543741822318
qwen3-32b,g24a_scifact_1319,base,1,87.8739564390528
qwen3-32b,g24a_scifact_1319,exclude_post,1,44.43816084742398
qwen3-32b,g24a_scifact_1319,exclude_pre,1,99.06428225808332
qwen3-32b,g24a_scifact_1320,admit_post,-1,3.676851265226361
qwen3-32b,g24a_scifact_1320,admit_pre,-1,0.0016799648230044501
qwen3-32b,g24a_scifact_1320,base,-1,46.40185907950208
qwen3-32b,g24a_scifact_1320,exclude_post,-1,44.42472654109534
qwen3-32b,g24a_scifact_1320,exclude_pre,-1,47.23082512384162
qwen3-32b,g24a_scifact_1322,admit_post,1,99.74452616478483
qwen3-32b,g24a_scifact_1322,admit_pre,1,99.71150508136611
qwen3-32b,g24a_scifact_1322,base,1,87.36199534687265
qwen3-32b,g24a_scifact_1322,exclude_post,1,44.44287822762098
qwen3-32b,g24a_scifact_1322,exclude_pre,1,34.32410980481167
qwen3-32b,g24a_scifact_1328,admit_post,1,99.96877136305552
qwen3-32b,g24a_scifact_1328,admit_pre,1,99.91561065152007
qwen3-32b,g24a_scifact_1328,base,1,94.4302449942594
qwen3-32b,g24a_scifact_1328,exclude_post,1,43.98855203605791
qwen3-32b,g24a_scifact_1328,exclude_pre,1,78.44365373169802
qwen3-32b,g24a_scifact_1333,admit_post,1,99.9754561951788
qwen3-32b,g24a_scifact_1333,admit_pre,1,99.74234759517684
qwen3-32b,g24a_scifact_1333,base,1,35.34998930159819
qwen3-32b,g24a_scifact_1333,exclude_post,1,0.21206869289127825
qwen3-32b,g24a_scifact_1333,exclude_pre,1,99.9907233666888
qwen3-32b,g24a_scifact_1339,admit_post,-1,0.0022892836319436368
qwen3-32b,g24a_scifact_1339,admit_pre,-1,0.0352850787050378
qwen3-32b,g24a_scifact_1339,base,-1,0.32571379623271535
qwen3-32b,g24a_scifact_1339,exclude_post,-1,0.0020305479190202845
qwen3-32b,g24a_scifact_1339,exclude_pre,-1,0.01302192579044066
qwen3-32b,g24a_scifact_1340,admit_post,1,99.99670949337464
qwen3-32b,g24a_scifact_1340,admit_pre,1,99.99916653461669
qwen3-32b,g24a_scifact_1340,base,1,94.44274603366013
qwen3-32b,g24a_scifact_1340,exclude_post,1,37.36619886726901
qwen3-32b,g24a_scifact_1340,exclude_pre,1,99.99660077902298
qwen3-32b,g24a_scifact_1341,admit_post,1,99.9989313965379
qwen3-32b,g24a_scifact_1341,admit_pre,1,99.99106291143741
qwen3-32b,g24a_scifact_1341,base,1,93.75197904498174
qwen3-32b,g24a_scifact_1341,exclude_post,1,24.178942452996225
qwen3-32b,g24a_scifact_1341,exclude_pre,1,99.99297769000226
qwen3-32b,g24a_scifact_1346,admit_post,1,84.11503256695056
qwen3-32b,g24a_scifact_1346,admit_pre,1,70.75681667923611
qwen3-32b,g24a_scifact_1346,base,1,97.5233979503924
qwen3-32b,g24a_scifact_1346,exclude_post,1,44.71891357176277
qwen3-32b,g24a_scifact_1346,exclude_pre,1,73.53729753774122
qwen3-32b,g24a_scifact_1351,admit_post,-1,77.38185801413714
qwen3-32b,g24a_scifact_1351,admit_pre,-1,80.8617986407303
qwen3-32b,g24a_scifact_1351,base,-1,11.906610035308336
qwen3-32b,g24a_scifact_1351,exclude_post,-1,33.01232429065482
qwen3-32b,g24a_scifact_1351,exclude_pre,-1,46.16314981625682
qwen3-32b,g24a_scifact_1366,admit_post,1,98.33900618055615
qwen3-32b,g24a_scifact_1366,admit_pre,1,95.79196178695838
qwen3-32b,g24a_scifact_1366,base,1,34.29634445228356
qwen3-32b,g24a_scifact_1366,exclude_post,1,0.25342425187049106
qwen3-32b,g24a_scifact_1366,exclude_pre,1,81.78747474994836
qwen3-32b,g24a_scifact_1371,admit_post,1,98.67221210643585
qwen3-32b,g24a_scifact_1371,admit_pre,1,95.79019889229856
qwen3-32b,g24a_scifact_1371,base,1,99.94876888202192
qwen3-32b,g24a_scifact_1371,exclude_post,1,60.59480813877269
qwen3-32b,g24a_scifact_1371,exclude_pre,1,87.32388334766185
qwen3-32b,g24a_scifact_1376,admit_post,-1,0.09704797658257204
qwen3-32b,g24a_scifact_1376,admit_pre,-1,0.1245476952325808
qwen3-32b,g24a_scifact_1376,base,-1,43.503974821943906
qwen3-32b,g24a_scifact_1376,exclude_post,-1,0.0036376384552190724
qwen3-32b,g24a_scifact_1376,exclude_pre,-1,84.22352262091204
qwen3-32b,g24a_scifact_1381,admit_post,1,66.90360691606574
qwen3-32b,g24a_scifact_1381,admit_pre,1,57.816859527772394
qwen3-32b,g24a_scifact_1381,base,1,77.66014888558404
qwen3-32b,g24a_scifact_1381,exclude_post,1,41.47324503008776
qwen3-32b,g24a_scifact_1381,exclude_pre,1,33.161130502905024
qwen3-32b,g24a_scifact_1392,admit_post,1,99.99992027947226
qwen3-32b,g24a_scifact_1392,admit_pre,1,99.99972410426672
qwen3-32b,g24a_scifact_1392,base,1,23.860921310078165
qwen3-32b,g24a_scifact_1392,exclude_post,1,44.02626397652039
qwen3-32b,g24a_scifact_1392,exclude_pre,1,55.90778881924989
qwen3-32b,g24a_scifact_142,admit_post,-1,0.0005312928556356145
qwen3-32b,g24a_scifact_142,admit_pre,-1,7.563104408300569e-05
qwen3-32b,g24a_scifact_142,base,-1,10.962751915237973
qwen3-32b,g24a_scifact_142,exclude_post,-1,0.04741052332941585
qwen3-32b,g24a_scifact_142,exclude_pre,-1,0.00047395265955030134
qwen3-32b,g24a_scifact_143,admit_post,1,99.67226051915924
qwen3-32b,g24a_scifact_143,admit_pre,1,99.89184145478131
qwen3-32b,g24a_scifact_143,base,1,31.73185663730645
qwen3-32b,g24a_scifact_143,exclude_post,1,0.5581469690892525
qwen3-32b,g24a_scifact_143,exclude_pre,1,0.15443756005327935
qwen3-32b,g24a_scifact_148,admit_post,1,99.97816765387562
qwen3-32b,g24a_scifact_148,admit_pre,1,89.68080607495509
qwen3-32b,g24a_scifact_148,base,1,99.94197140627247
qwen3-32b,g24a_scifact_148,exclude_post,1,46.059246466281245
qwen3-32b,g24a_scifact_148,exclude_pre,1,88.68504014228171
qwen3-32b,g24a_scifact_155,admit_post,1,99.47078825311809
qwen3-32b,g24a_scifact_155,admit_pre,1,96.40760988062578
qwen3-32b,g24a_scifact_155,base,1,89.53186217511863
qwen3-32b,g24a_scifact_155,exclude_post,1,37.51957774668236
qwen3-32b,g24a_scifact_155,exclude_pre,1,96.23158112359702
qwen3-32b,g24a_scifact_156,admit_post,-1,5.6284558891242025
qwen3-32b,g24a_scifact_156,admit_pre,-1,6.315533068401073
qwen3-32b,g24a_scifact_156,base,-1,0.528232573806545
qwen3-32b,g24a_scifact_156,exclude_post,-1,0.07454224451276757
qwen3-32b,g24a_scifact_156,exclude_pre,-1,3.0738469832775253
qwen3-32b,g24a_scifact_157,admit_post,1,99.94876599948951
qwen3-32b,g24a_scifact_157,admit_pre,1,97.97273593890685
qwen3-32b,g24a_scifact_157,base,1,99.99996329138067
qwen3-32b,g24a_scifact_157,exclude_post,1,0.4704123155133304
qwen3-32b,g24a_scifact_157,exclude_pre,1,62.09653012606392
qwen3-32b,g24a_scifact_197,admit_post,1,99.99983048466902
qwen3-32b,g24a_scifact_197,admit_pre,1,99.77372163856981
qwen3-32b,g24a_scifact_197,base,1,99.9999870449373
qwen3-32b,g24a_scifact_197,exclude_post,1,99.9998104054759
qwen3-32b,g24a_scifact_197,exclude_pre,1,99.99876648997946
qwen3-32b,g24a_scifact_212,admit_post,-1,0.15734990832288342
qwen3-32b,g24a_scifact_212,admit_pre,-1,0.15811490633636527
qwen3-32b,g24a_scifact_212,base,-1,10.29565737018017
qwen3-32b,g24a_scifact_212,exclude_post,-1,0.32788259861769936
qwen3-32b,g24a_scifact_212,exclude_pre,-1,80.55965033025981
qwen3-32b,g24a_scifact_218,admit_post,1,99.47183864074243
qwen3-32b,g24a_scifact_218,admit_pre,1,93.03390900625851
qwen3-32b,g24a_scifact_218,base,1,32.67423364675095
qwen3-32b,g24a_scifact_218,exclude_post,1,0.6901652490044483
qwen3-32b,g24a_scifact_218,exclude_pre,1,65.71196142711227
qwen3-32b,g24a_scifact_219,admit_post,-1,91.6902736958582
qwen3-32b,g24a_scifact_219,admit_pre,-1,99.58265323609906
qwen3-32b,g24a_scifact_219,base,-1,53.95764819207638
qwen3-32b,g24a_scifact_219,exclude_post,-1,5.416374080423021
qwen3-32b,g24a_scifact_219,exclude_pre,-1,24.55913450247145
qwen3-32b,g24a_scifact_22,admit_post,1,99.99457643987338
qwen3-32b,g24a_scifact_22,admit_pre,1,99.98109939213265
qwen3-32b,g24a_scifact_22,base,1,87.95604506610687
qwen3-32b,g24a_scifact_22,exclude_post,1,44.41769236907834
qwen3-32b,g24a_scifact_22,exclude_pre,1,43.80296982970183
qwen3-32b,g24a_scifact_223,admit_post,1,99.97232669456976
qwen3-32b,g24a_scifact_223,admit_pre,1,99.1543639048925
qwen3-32b,g24a_scifact_223,base,1,89.55562901645315
qwen3-32b,g24a_scifact_223,exclude_post,1,44.44554590607606
qwen3-32b,g24a_scifact_223,exclude_pre,1,86.5401577471178
qwen3-32b,g24a_scifact_227,admit_post,1,99.99993934835689
qwen3-32b,g24a_scifact_227,admit_pre,1,99.99844438552203
qwen3-32b,g24a_scifact_227,base,1,99.9992644883467
qwen3-32b,g24a_scifact_227,exclude_post,1,70.53544535994918
qwen3-32b,g24a_scifact_227,exclude_pre,1,80.528329530729
qwen3-32b,g24a_scifact_228,admit_post,1,99.97573432698498
qwen3-32b,g24a_scifact_228,admit_pre,1,99.77398063840646
qwen3-32b,g24a_scifact_228,base,1,22.302410047713604
qwen3-32b,g24a_scifact_228,exclude_post,1,99.80233814955358
qwen3-32b,g24a_scifact_228,exclude_pre,1,99.93209021743742
qwen3-32b,g24a_scifact_239,admit_post,1,88.8341750497174
qwen3-32b,g24a_scifact_239,admit_pre,1,92.44554828972846
qwen3-32b,g24a_scifact_239,base,1,96.42829597675508
qwen3-32b,g24a_scifact_239,exclude_post,1,44.12459507324863
qwen3-32b,g24a_scifact_239,exclude_pre,1,72.07388287744097
qwen3-32b,g24a_scifact_243,admit_post,1,99.79916707309226
qwen3-32b,g24a_scifact_243,admit_pre,1,98.33902622667573
qwen3-32b,g24a_scifact_243,base,1,99.32985326092886
qwen3-32b,g24a_scifact_243,exclude_post,1,44.44494719426967
qwen3-32b,g24a_scifact_243,exclude_pre,1,83.99927824522818
qwen3-32b,g24a_scifact_256,admit_post,1,87.24561984265158
qwen3-32b,g24a_scifact_256,admit_pre,1,55.609462270516545
qwen3-32b,g24a_scifact_256,base,1,99.96884186536613
qwen3-32b,g24a_scifact_256,exclude_post,1,50.58306930505947
qwen3-32b,g24a_scifact_256,exclude_pre,1,42.42380974394574
qwen3-32b,g24a_scifact_280,admit_post,1,78.70748858507915
qwen3-32b,g24a_scifact_280,admit_pre,1,88.47904407397955
qwen3-32b,g24a_scifact_280,base,1,72.17259028919057
qwen3-32b,g24a_scifact_280,exclude_post,1,44.40425519651471
qwen3-32b,g24a_scifact_280,exclude_pre,1,53.47564281997662
qwen3-32b,g24a_scifact_283,admit_post,-1,0.0007522679935388293
qwen3-32b,g24a_scifact_283,admit_pre,-1,0.0009563264185390562
qwen3-32b,g24a_scifact_283,base,-1,1.059736148513755
qwen3-32b,g24a_scifact_283,exclude_post,-1,6.821036922641857
qwen3-32b,g24a_scifact_283,exclude_pre,-1,0.32581091573020354
qwen3-32b,g24a_scifact_290,admit_post,-1,3.565669063248178
qwen3-32b,g24a_scifact_290,admit_pre,-1,7.549432143932567
qwen3-32b,g24a_scifact_290,base,-1,33.43127163516777
qwen3-32b,g24a_scifact_290,exclude_post,-1,2.766536062005768
qwen3-32b,g24a_scifact_290,exclude_pre,-1,4.8673189857490975
qwen3-32b,g24a_scifact_292,admit_post,1,99.95465577946885
qwen3-32b,g24a_scifact_292,admit_pre,1,99.86154823902636
qwen3-32b,g24a_scifact_292,base,1,63.673840297883466
qwen3-32b,g24a_scifact_292,exclude_post,1,44.45337467933064
qwen3-32b,g24a_scifact_292,exclude_pre,1,86.33064849680038
qwen3-32b,g24a_scifact_295,admit_post,1,99.87772569991549
qwen3-32b,g24a_scifact_295,admit_pre,1,99.24797953851527
qwen3-32b,g24a_scifact_295,base,1,97.0100222246309
qwen3-32b,g24a_scifact_295,exclude_post,1,44.45106801213264
qwen3-32b,g24a_scifact_295,exclude_pre,1,96.00892216195125
qwen3-32b,g24a_scifact_3,admit_post,1,39.167508976051316
qwen3-32b,g24a_scifact_3,admit_pre,1,76.17892714180306
qwen3-32b,g24a_scifact_3,base,1,39.217061666284586
qwen3-32b,g24a_scifact_3,exclude_post,1,44.9843740377113
qwen3-32b,g24a_scifact_3,exclude_pre,1,46.280255584874574
qwen3-32b,g24a_scifact_30,admit_post,1,99.8436028930314
qwen3-32b,g24a_scifact_30,admit_pre,1,97.0100226639269
qwen3-32b,g24a_scifact_30,base,1,79.7941030643099
qwen3-32b,g24a_scifact_30,exclude_post,1,0.18616671099545326
qwen3-32b,g24a_scifact_30,exclude_pre,1,42.63451791752855
qwen3-32b,g24a_scifact_308,admit_post,-1,98.66396462829675
qwen3-32b,g24a_scifact_308,admit_pre,-1,99.97559152608477
qwen3-32b,g24a_scifact_308,base,-1,11.292611265307263
qwen3-32b,g24a_scifact_308,exclude_post,-1,44.28760948623681
qwen3-32b,g24a_scifact_308,exclude_pre,-1,79.09574644135029
qwen3-32b,g24a_scifact_330,admit_post,-1,6.9869333542427405
qwen3-32b,g24a_scifact_330,admit_pre,-1,22.522904838093563
qwen3-32b,g24a_scifact_330,base,-1,74.63041622022129
qwen3-32b,g24a_scifact_330,exclude_post,-1,68.56789932318175
qwen3-32b,g24a_scifact_330,exclude_pre,-1,0.35564051809267055
qwen3-32b,g24a_scifact_335,admit_post,1,95.7463630770712
qwen3-32b,g24a_scifact_335,admit_pre,1,94.40080971023932
qwen3-32b,g24a_scifact_335,base,1,53.55325250148982
qwen3-32b,g24a_scifact_335,exclude_post,1,44.45421911777058
qwen3-32b,g24a_scifact_335,exclude_pre,1,61.75145899591054
qwen3-32b,g24a_scifact_34,admit_post,1,99.98520297267986
qwen3-32b,g24a_scifact_34,admit_pre,1,99.91548114528615
qwen3-32b,g24a_scifact_34,base,1,99.99964765393408
qwen3-32b,g24a_scifact_34,exclude_post,1,99.97248149484565
qwen3-32b,g24a_scifact_34,exclude_pre,1,97.44495866317682
qwen3-32b,g24a_scifact_386,admit_post,1,99.99942790208267
qwen3-32b,g24a_scifact_386,admit_pre,1,99.99905701486134
qwen3-32b,g24a_scifact_386,base,1,88.96900555706925
qwen3-32b,g24a_scifact_386,exclude_post,1,0.03713056245804085
qwen3-32b,g24a_scifact_386,exclude_pre,1,83.3400125550732
qwen3-32b,g24a_scifact_394,admit_post,1,90.51289266377404
qwen3-32b,g24a_scifact_394,admit_pre,1,92.96456643076273
qwen3-32b,g24a_scifact_394,base,1,98.35460345528175
qwen3-32b,g24a_scifact_394,exclude_post,1,44.44475591607311
qwen3-32b,g24a_scifact_394,exclude_pre,1,83.28321655828951
qwen3-32b,g24a_scifact_426,admit_post,1,99.99106021750396
qwen3-32b,g24a_scifact_426,admit_pre,1,99.93429759146824
qwen3-32b,g24a_scifact_426,base,1,99.98986788588057
qwen3-32b,g24a_scifact_426,exclude_post,1,44.44883602046312
qwen3-32b,g24a_scifact_426,exclude_pre,1,99.9978742748686
qwen3-32b,g24a_scifact_428,admit_post,1,99.9999934667413
qwen3-32b,g24a_scifact_428,admit_pre,1,99.99997364669356
qwen3-32b,g24a_scifact_428,base,1,99.71139147131876
qwen3-32b,g24a_scifact_428,exclude_post,1,14.04762154698424
qwen3-32b,g24a_scifact_428,exclude_pre,1,99.80013964577041
qwen3-32b,g24a_scifact_436,admit_post,1,96.41850884860726
qwen3-32b,g24a_scifact_436,admit_pre,1,99.0517269765094
qwen3-32b,g24a_scifact_436,base,1,37.577110194689006
qwen3-32b,g24a_scifact_436,exclude_post,1,44.12108326394506
qwen3-32b,g24a_scifact_436,exclude_pre,1,49.234994757308165
qwen3-32b,g24a_scifact_441,admit_post,1,98.91514764630443
qwen3-32b,g24a_scifact_441,admit_pre,1,98.29187986838878
qwen3-32b,g24a_scifact_441,base,1,88.81497911048756
qwen3-32b,g24a_scifact_441,exclude_post,1,44.42512054093743
qwen3-32b,g24a_scifact_441,exclude_pre,1,86.90025521187216
qwen3-32b,g24a_scifact_444,admit_post,1,99.67271417407943
qwen3-32b,g24a_scifact_444,admit_pre,1,95.7773085251934
qwen3-32b,g24a_scifact_444,base,1,32.6820163329984
qwen3-32b,g24a_scifact_444,exclude_post,1,44.395229273644894
qwen3-32b,g24a_scifact_444,exclude_pre,1,40.933702945503036
qwen3-32b,g24a_scifact_455,admit_post,1,88.11542448711157
qwen3-32b,g24a_scifact_455,admit_pre,1,87.76076785157184
qwen3-32b,g24a_scifact_455,base,1,90.89511467418919
qwen3-32b,g24a_scifact_455,exclude_post,1,44.44577963333235
qwen3-32b,g24a_scifact_455,exclude_pre,1,84.03070712027599
qwen3-32b,g24a_scifact_46,admit_post,1,98.81445801528056
qwen3-32b,g24a_scifact_46,admit_pre,1,98.9404271317385
qwen3-32b,g24a_scifact_46,base,1,31.158463160230326
qwen3-32b,g24a_scifact_46,exclude_post,1,0.015337688850612517
qwen3-32b,g24a_scifact_46,exclude_pre,1,44.21223809017048
qwen3-32b,g24a_scifact_461,admit_post,1,99.99934924556561
qwen3-32b,g24a_scifact_461,admit_pre,1,99.98699928801415
qwen3-32b,g24a_scifact_461,base,1,89.72887084947426
qwen3-32b,g24a_scifact_461,exclude_post,1,10.29275902644681
qwen3-32b,g24a_scifact_461,exclude_pre,1,99.91519746105335
qwen3-32b,g24a_scifact_469,admit_post,1,91.27251681917593
qwen3-32b,g24a_scifact_469,admit_pre,1,80.2448215147726
qwen3-32b,g24a_scifact_469,base,1,57.75408067635088
qwen3-32b,g24a_scifact_469,exclude_post,1,44.45676117879752
qwen3-32b,g24a_scifact_469,exclude_pre,1,46.03828614093803
qwen3-32b,g24a_scifact_470,admit_post,1,99.99999646350996
qwen3-32b,g24a_scifact_470,admit_pre,1,99.99999551707451
qwen3-32b,g24a_scifact_470,base,1,99.99997638466799
qwen3-32b,g24a_scifact_470,exclude_post,1,99.8762272022592
qwen3-32b,g24a_scifact_470,exclude_pre,1,99.99909048396597
qwen3-32b,g24a_scifact_475,admit_post,1,99.87780382392401
qwen3-32b,g24a_scifact_475,admit_pre,1,99.98985295438615
qwen3-32b,g24a_scifact_475,base,1,99.99999225005325
qwen3-32b,g24a_scifact_475,exclude_post,1,99.99996267813022
qwen3-32b,g24a_scifact_475,exclude_pre,1,99.99905359661005
qwen3-32b,g24a_scifact_483,admit_post,1,88.30004039095033
qwen3-32b,g24a_scifact_483,admit_pre,1,85.35674130401202
qwen3-32b,g24a_scifact_483,base,1,77.54328226163369
qwen3-32b,g24a_scifact_483,exclude_post,1,44.46809472971334
qwen3-32b,g24a_scifact_483,exclude_pre,1,76.5224624101658
qwen3-32b,g24a_scifact_513,admit_post,-1,0.013084716927709024
qwen3-32b,g24a_scifact_513,admit_pre,-1,0.326426982948216
qwen3-32b,g24a_scifact_513,base,-1,0.008965113926961659
qwen3-32b,g24a_scifact_513,exclude_post,-1,0.006163407492458643
qwen3-32b,g24a_scifact_513,exclude_pre,-1,0.01306183729178037
qwen3-32b,g24a_scifact_515,admit_post,1,89.63684754429586
qwen3-32b,g24a_scifact_515,admit_pre,1,88.77684799450246
qwen3-32b,g24a_scifact_515,base,1,65.328981435756
qwen3-32b,g24a_scifact_515,exclude_post,1,44.23876207194436
qwen3-32b,g24a_scifact_515,exclude_pre,1,56.74608043714587
qwen3-32b,g24a_scifact_516,admit_post,-1,0.002279832293521328
qwen3-32b,g24a_scifact_516,admit_pre,-1,0.002936845768082948
qwen3-32b,g24a_scifact_516,base,-1,10.052512743119955
qwen3-32b,g24a_scifact_516,exclude_post,-1,1.2949329801815928
qwen3-32b,g24a_scifact_516,exclude_pre,-1,0.07442064671254937
qwen3-32b,g24a_scifact_523,admit_post,-1,73.45582842192078
qwen3-32b,g24a_scifact_523,admit_pre,-1,45.15812924728497
qwen3-32b,g24a_scifact_523,base,-1,15.308119865717995
qwen3-32b,g24a_scifact_523,exclude_post,-1,44.179804922141756
qwen3-32b,g24a_scifact_523,exclude_pre,-1,13.552130689854238
qwen3-32b,g24a_scifact_524,admit_post,1,66.8544615996197
qwen3-32b,g24a_scifact_524,admit_pre,1,59.43325149959909
qwen3-32b,g24a_scifact_524,base,1,77.50360187787662
qwen3-32b,g24a_scifact_524,exclude_post,1,44.42216093809783
qwen3-32b,g24a_scifact_524,exclude_pre,1,44.00969520889852
qwen3-32b,g24a_scifact_548,admit_post,1,93.07263093972097
qwen3-32b,g24a_scifact_548,admit_pre,1,90.6865410734812
qwen3-32b,g24a_scifact_548,base,1,89.39918728369891
qwen3-32b,g24a_scifact_548,exclude_post,1,44.299920206859404
qwen3-32b,g24a_scifact_548,exclude_pre,1,89.08616266992695
qwen3-32b,g24a_scifact_553,admit_post,-1,0.0008727351626698917
qwen3-32b,g24a_scifact_553,admit_pre,-1,0.021462159399863213
qwen3-32b,g24a_scifact_553,base,-1,11.282220988039006
qwen3-32b,g24a_scifact_553,exclude_post,-1,44.73774147616595
qwen3-32b,g24a_scifact_553,exclude_pre,-1,0.9294722495717515
qwen3-32b,g24a_scifact_570,admit_post,1,99.90460113852028
qwen3-32b,g24a_scifact_570,admit_pre,1,98.668516327133
qwen3-32b,g24a_scifact_570,base,1,90.19883895038906
qwen3-32b,g24a_scifact_570,exclude_post,1,44.443968899302604
qwen3-32b,g24a_scifact_570,exclude_pre,1,98.32107773202902
qwen3-32b,g24a_scifact_571,admit_post,-1,99.959916001214
qwen3-32b,g24a_scifact_571,admit_pre,-1,81.90689971674553
qwen3-32b,g24a_scifact_571,base,-1,1.3259663386287848
qwen3-32b,g24a_scifact_571,exclude_post,-1,44.44559774047448
qwen3-32b,g24a_scifact_571,exclude_pre,-1,1.3257467842424346
qwen3-32b,g24a_scifact_578,admit_post,-1,99.8770403778479
qwen3-32b,g24a_scifact_578,admit_pre,-1,99.4716776211602
qwen3-32b,g24a_scifact_578,base,-1,44.3550668442228
qwen3-32b,g24a_scifact_578,exclude_post,-1,2.478070155948382
qwen3-32b,g24a_scifact_578,exclude_pre,-1,0.6795083703247218
qwen3-32b,g24a_scifact_598,admit_post,-1,0.15649283490570323
qwen3-32b,g24a_scifact_598,admit_pre,-1,0.3265689129052472
qwen3-32b,g24a_scifact_598,base,-1,0.007065875715291391
qwen3-32b,g24a_scifact_598,exclude_post,-1,10.13644499812076
qwen3-32b,g24a_scifact_598,exclude_pre,-1,0.2007524203892483
qwen3-32b,g24a_scifact_603,admit_post,1,94.9970196753428
qwen3-32b,g24a_scifact_603,admit_pre,1,87.7971524059485
qwen3-32b,g24a_scifact_603,base,1,22.265880041718432
qwen3-32b,g24a_scifact_603,exclude_post,1,44.44031194920764
qwen3-32b,g24a_scifact_603,exclude_pre,1,64.70393017547919
qwen3-32b,g24a_scifact_625,admit_post,1,99.99990713470505
qwen3-32b,g24a_scifact_625,admit_pre,1,99.99996075371074
qwen3-32b,g24a_scifact_625,base,1,77.9210167859202
qwen3-32b,g24a_scifact_625,exclude_post,1,44.83264138896531
qwen3-32b,g24a_scifact_625,exclude_pre,1,80.22565162522935
qwen3-32b,g24a_scifact_632,admit_post,-1,98.93412998168509
qwen3-32b,g24a_scifact_632,admit_pre,-1,96.42222154088928
qwen3-32b,g24a_scifact_632,base,-1,11.073403217210783
qwen3-32b,g24a_scifact_632,exclude_post,-1,44.20506949298991
qwen3-32b,g24a_scifact_632,exclude_pre,-1,4.405062526294288
qwen3-32b,g24a_scifact_633,admit_post,-1,96.96701938250122
qwen3-32b,g24a_scifact_633,admit_pre,-1,93.62631267234052
qwen3-32b,g24a_scifact_633,base,-1,44.763005231307034
qwen3-32b,g24a_scifact_633,exclude_post,-1,9.789177383447987
qwen3-32b,g24a_scifact_633,exclude_pre,-1,7.6138465807816385
qwen3-32b,g24a_scifact_640,admit_post,1,99.99993720988724
qwen3-32b,g24a_scifact_640,admit_pre,1,99.99998950538425
qwen3-32b,g24a_scifact_640,base,1,99.99905122466082
qwen3-32b,g24a_scifact_640,exclude_post,1,99.99954735614227
qwen3-32b,g24a_scifact_640,exclude_pre,1,99.99707175240086
qwen3-32b,g24a_scifact_653,admit_post,1,88.72853956480621
qwen3-32b,g24a_scifact_653,admit_pre,1,89.10025425781758
qwen3-32b,g24a_scifact_653,base,1,77.62672882958186
qwen3-32b,g24a_scifact_653,exclude_post,1,33.63113672319606
qwen3-32b,g24a_scifact_653,exclude_pre,1,70.70944812078437
qwen3-32b,g24a_scifact_67,admit_post,1,99.99949269782087
qwen3-32b,g24a_scifact_67,admit_pre,1,99.99800211670178
qwen3-32b,g24a_scifact_67,base,1,32.50852389269955
qwen3-32b,g24a_scifact_67,exclude_post,1,99.93818428976323
qwen3-32b,g24a_scifact_67,exclude_pre,1,32.215890877026624
qwen3-32b,g24a_scifact_709,admit_post,1,56.79672784596154
qwen3-32b,g24a_scifact_709,admit_pre,1,56.796847623209985
qwen3-32b,g24a_scifact_709,base,1,46.00814106106836
qwen3-32b,g24a_scifact_709,exclude_post,1,22.221691309340084
qwen3-32b,g24a_scifact_709,exclude_pre,1,51.36917218118033
qwen3-32b,g24a_scifact_721,admit_post,1,99.99669818610909
qwen3-32b,g24a_scifact_721,admit_pre,1,99.99103435758062
qwen3-32b,g24a_scifact_721,base,1,64.9782766727851
qwen3-32b,g24a_scifact_721,exclude_post,1,0.301723158469857
qwen3-32b,g24a_scifact_721,exclude_pre,1,99.99193253983971
qwen3-32b,g24a_scifact_734,admit_post,1,84.04177121920081
qwen3-32b,g24a_scifact_734,admit_pre,1,85.34965358607502
qwen3-32b,g24a_scifact_734,base,1,72.20150099686116
qwen3-32b,g24a_scifact_734,exclude_post,1,35.301462683944834
qwen3-32b,g24a_scifact_734,exclude_pre,1,36.340699557314025
qwen3-32b,g24a_scifact_744,admit_post,1,99.99992041074655
qwen3-32b,g24a_scifact_744,admit_pre,1,98.6751742167423
qwen3-32b,g24a_scifact_744,base,1,52.14548464910548
qwen3-32b,g24a_scifact_744,exclude_post,1,44.69570713410082
qwen3-32b,g24a_scifact_744,exclude_pre,1,99.44114806857539
qwen3-32b,g24a_scifact_749,admit_post,1,99.99978788062808
qwen3-32b,g24a_scifact_749,admit_pre,1,99.99972857433747
qwen3-32b,g24a_scifact_749,base,1,99.99991936701718
qwen3-32b,g24a_scifact_749,exclude_post,1,99.97168672155232
qwen3-32b,g24a_scifact_749,exclude_pre,1,99.44464862001423
qwen3-32b,g24a_scifact_752,admit_post,1,99.84286254656364
qwen3-32b,g24a_scifact_752,admit_pre,1,99.32915496601565
qwen3-32b,g24a_scifact_752,base,1,57.51070612952713
qwen3-32b,g24a_scifact_752,exclude_post,1,41.79276334107104
qwen3-32b,g24a_scifact_752,exclude_pre,1,36.36402516445432
qwen3-32b,g24a_scifact_756,admit_post,1,99.99996267545518
qwen3-32b,g24a_scifact_756,admit_pre,1,99.99991930794799
qwen3-32b,g24a_scifact_756,base,1,99.99972846766121
qwen3-32b,g24a_scifact_756,exclude_post,1,99.99997958235494
qwen3-32b,g24a_scifact_756,exclude_pre,1,99.9945606425535
qwen3-32b,g24a_scifact_764,admit_post,-1,54.97691862010649
qwen3-32b,g24a_scifact_764,admit_pre,-1,56.72511701285835
qwen3-32b,g24a_scifact_764,base,-1,45.08883720016177
qwen3-32b,g24a_scifact_764,exclude_post,-1,44.35979539974886
qwen3-32b,g24a_scifact_764,exclude_pre,-1,25.291054251098117
qwen3-32b,g24a_scifact_784,admit_post,1,91.81850670566342
qwen3-32b,g24a_scifact_784,admit_pre,1,89.2704703375212
qwen3-32b,g24a_scifact_784,base,1,90.5153553686668
qwen3-32b,g24a_scifact_784,exclude_post,1,44.50982759851597
qwen3-32b,g24a_scifact_784,exclude_pre,1,88.63831668745365
qwen3-32b,g24a_scifact_789,admit_post,1,99.97173265419212
qwen3-32b,g24a_scifact_789,admit_pre,1,99.99983113795123
qwen3-32b,g24a_scifact_789,base,1,99.99999546316913
qwen3-32b,g24a_scifact_789,exclude_post,1,99.9998808995219
qwen3-32b,g24a_scifact_789,exclude_pre,1,99.99841708487267
qwen3-32b,g24a_scifact_790,admit_post,-1,0.00125139212734875
qwen3-32b,g24a_scifact_790,admit_pre,-1,0.001841324993419245
qwen3-32b,g24a_scifact_790,base,-1,3.7281593986135686
qwen3-32b,g24a_scifact_790,exclude_post,-1,0.0004164977568608934
qwen3-32b,g24a_scifact_790,exclude_pre,-1,0.14146212328869634
qwen3-32b,g24a_scifact_792,admit_post,1,99.99997764512506
qwen3-32b,g24a_scifact_792,admit_pre,1,99.33207146193132
qwen3-32b,g24a_scifact_792,base,1,89.34438878564838
qwen3-32b,g24a_scifact_792,exclude_post,1,44.454356024249115
qwen3-32b,g24a_scifact_792,exclude_pre,1,77.35595078656804
qwen3-32b,g24a_scifact_793,admit_post,-1,1.8633417466984656e-05
qwen3-32b,g24a_scifact_793,admit_pre,-1,1.0070840870443647e-05
qwen3-32b,g24a_scifact_793,base,-1,0.000152278717424069
qwen3-32b,g24a_scifact_793,exclude_post,-1,8.766723882785644e-05
qwen3-32b,g24a_scifact_793,exclude_pre,-1,0.012788464713715475
qwen3-32b,g24a_scifact_795,admit_post,1,99.99999248332655
qwen3-32b,g24a_scifact_795,admit_pre,1,99.99709656337387
qwen3-32b,g24a_scifact_795,base,1,99.99878852249246
qwen3-32b,g24a_scifact_795,exclude_post,1,99.99942252124043
qwen3-32b,g24a_scifact_795,exclude_pre,1,99.99383167119295
qwen3-32b,g24a_scifact_797,admit_post,1,99.99995825022171
qwen3-32b,g24a_scifact_797,admit_pre,1,99.99988696139316
qwen3-32b,g24a_scifact_797,base,1,99.99998361431864
qwen3-32b,g24a_scifact_797,exclude_post,1,99.99457300235173
qwen3-32b,g24a_scifact_797,exclude_pre,1,99.94876781058751
qwen3-32b,g24a_scifact_798,admit_post,-1,0.01320740303323718
qwen3-32b,g24a_scifact_798,admit_pre,-1,0.009072496129919132
qwen3-32b,g24a_scifact_798,base,-1,0.06687791843002489
qwen3-32b,g24a_scifact_798,exclude_post,-1,0.0016013135149175414
qwen3-32b,g24a_scifact_798,exclude_pre,-1,0.002648751653934521
qwen3-32b,g24a_scifact_804,admit_post,1,89.24877890109383
qwen3-32b,g24a_scifact_804,admit_pre,1,76.45197745352795
qwen3-32b,g24a_scifact_804,base,1,69.60047564407088
qwen3-32b,g24a_scifact_804,exclude_post,1,44.44251448901447
qwen3-32b,g24a_scifact_804,exclude_pre,1,11.87263792694876
qwen3-32b,g24a_scifact_811,admit_post,-1,0.002309727408961818
qwen3-32b,g24a_scifact_811,admit_pre,-1,0.006274225941661758
qwen3-32b,g24a_scifact_811,base,-1,0.03532231038114655
qwen3-32b,g24a_scifact_811,exclude_post,-1,0.016718209376321933
qwen3-32b,g24a_scifact_811,exclude_pre,-1,0.009077890030614884
qwen3-32b,g24a_scifact_837,admit_post,1,93.01135280019076
qwen3-32b,g24a_scifact_837,admit_pre,1,86.97680219010903
qwen3-32b,g24a_scifact_837,base,1,88.57615151361387
qwen3-32b,g24a_scifact_837,exclude_post,1,44.40764687132507
qwen3-32b,g24a_scifact_837,exclude_pre,1,88.57300354578433
qwen3-32b,g24a_scifact_839,admit_post,1,99.99104428872451
qwen3-32b,g24a_scifact_839,admit_pre,1,99.8918033707128
qwen3-32b,g24a_scifact_839,base,1,89.14890107095296
qwen3-32b,g24a_scifact_839,exclude_post,1,72.8115794515825
qwen3-32b,g24a_scifact_839,exclude_pre,1,94.1618271132291
qwen3-32b,g24a_scifact_860,admit_post,1,84.52002344694078
qwen3-32b,g24a_scifact_860,admit_pre,1,80.70070521072682
qwen3-32b,g24a_scifact_860,base,1,6.249871178807673
qwen3-32b,g24a_scifact_860,exclude_post,1,43.61166962000062
qwen3-32b,g24a_scifact_860,exclude_pre,1,76.46719111168765
qwen3-32b,g24a_scifact_88,admit_post,1,99.97250250772204
qwen3-32b,g24a_scifact_88,admit_pre,1,99.98699747704775
qwen3-32b,g24a_scifact_88,base,1,79.09927182966713
qwen3-32b,g24a_scifact_88,exclude_post,1,44.45045468208926
qwen3-32b,g24a_scifact_88,exclude_pre,1,99.89950598224674
qwen3-32b,g24a_scifact_904,admit_post,1,99.99999794891538
qwen3-32b,g24a_scifact_904,admit_pre,1,99.99991726367169
qwen3-32b,g24a_scifact_904,base,1,53.622015398575826
qwen3-32b,g24a_scifact_904,exclude_post,1,44.37228699838701
qwen3-32b,g24a_scifact_904,exclude_pre,1,99.98106662431866
qwen3-32b,g24a_scifact_917,admit_post,1,99.98696037198278
qwen3-32b,g24a_scifact_917,admit_pre,1,99.58467726535883
qwen3-32b,g24a_scifact_917,base,1,24.234263520899727
qwen3-32b,g24a_scifact_917,exclude_post,1,44.31480818522466
qwen3-32b,g24a_scifact_917,exclude_pre,1,76.52097876394444
qwen3-32b,g24a_scifact_919,admit_post,1,76.20807468724439
qwen3-32b,g24a_scifact_919,admit_pre,1,92.95270012086212
qwen3-32b,g24a_scifact_919,base,1,77.53085151768589
qwen3-32b,g24a_scifact_919,exclude_post,1,44.48802280572688
qwen3-32b,g24a_scifact_919,exclude_pre,1,26.55027717839373
qwen3-32b,g24a_scifact_921,admit_post,1,74.202829563542
qwen3-32b,g24a_scifact_921,admit_pre,1,58.99587145981431
qwen3-32b,g24a_scifact_921,base,1,55.7702128603207
qwen3-32b,g24a_scifact_921,exclude_post,1,42.75834082729052
qwen3-32b,g24a_scifact_921,exclude_pre,1,53.917583650945616
qwen3-32b,g24a_scifact_926,admit_post,1,95.11867204312847
qwen3-32b,g24a_scifact_926,admit_pre,1,89.40804060359947
qwen3-32b,g24a_scifact_926,base,1,79.09886253351429
qwen3-32b,g24a_scifact_926,exclude_post,1,44.44292061915205
qwen3-32b,g24a_scifact_926,exclude_pre,1,9.91576536437973
qwen3-32b,g24a_scifact_927,admit_post,-1,65.68658424030379
qwen3-32b,g24a_scifact_927,admit_pre,-1,59.469096920744875
qwen3-32b,g24a_scifact_927,base,-1,43.78043920870553
qwen3-32b,g24a_scifact_927,exclude_post,-1,44.42666994207715
qwen3-32b,g24a_scifact_927,exclude_pre,-1,24.183390621301594
qwen3-32b,g24a_scifact_935,admit_post,1,91.71235127577933
qwen3-32b,g24a_scifact_935,admit_pre,1,95.75323791798172
qwen3-32b,g24a_scifact_935,base,1,43.21362333232957
qwen3-32b,g24a_scifact_935,exclude_post,1,44.441204739644064
qwen3-32b,g24a_scifact_935,exclude_pre,1,57.228886869646054
qwen3-32b,g24a_scifact_965,admit_post,1,95.13464902741586
qwen3-32b,g24a_scifact_965,admit_pre,1,95.12386807710024
qwen3-32b,g24a_scifact_965,base,1,97.9727355033944
qwen3-32b,g24a_scifact_965,exclude_post,1,42.83396014058181
qwen3-32b,g24a_scifact_965,exclude_pre,1,88.45682432588825
qwen3-32b,g24a_scifact_967,admit_post,1,99.99105854545294
qwen3-32b,g24a_scifact_967,admit_pre,1,99.99892997231842
qwen3-32b,g24a_scifact_967,base,1,97.51893371914497
qwen3-32b,g24a_scifact_967,exclude_post,1,44.22487600994687
qwen3-32b,g24a_scifact_967,exclude_pre,1,1.0918983835684852
qwen3-32b,g24a_scifact_98,admit_post,-1,90.6678699702635
qwen3-32b,g24a_scifact_98,admit_pre,-1,89.14210285004592
qwen3-32b,g24a_scifact_98,base,-1,12.435079601986311
qwen3-32b,g24a_scifact_98,exclude_post,-1,0.10649196978388668
qwen3-32b,g24a_scifact_98,exclude_pre,-1,77.7691667646907
qwen3-32b,g24a_scifact_984,admit_post,1,99.98845560392911
qwen3-32b,g24a_scifact_984,admit_pre,1,99.9485835102674
qwen3-32b,g24a_scifact_984,base,1,77.47690498249347
qwen3-32b,g24a_scifact_984,exclude_post,1,1.9975470964452902
qwen3-32b,g24a_scifact_984,exclude_pre,1,40.278528232445865
qwen3-32b,g24a_scifact_985,admit_post,1,88.81025040546977
qwen3-32b,g24a_scifact_985,admit_pre,1,88.81800913079275
qwen3-32b,g24a_scifact_985,base,1,77.81540239870431
qwen3-32b,g24a_scifact_985,exclude_post,1,44.42625559542814
qwen3-32b,g24a_scifact_985,exclude_pre,1,22.140845602525967
qwen3-8b,g24a_fever_100683,admit_post,-1,66.57973384164453
qwen3-8b,g24a_fever_100683,admit_pre,-1,32.50552165888797
qwen3-8b,g24a_fever_100683,base,-1,0.003863982700588586
qwen3-8b,g24a_fever_100683,exclude_post,-1,30.538886119669232
qwen3-8b,g24a_fever_100683,exclude_pre,-1,33.06895876068458
qwen3-8b,g24a_fever_100684,admit_post,1,99.99999999999001
qwen3-8b,g24a_fever_100684,admit_pre,1,99.99999999998352
qwen3-8b,g24a_fever_100684,base,1,99.99999999946051
qwen3-8b,g24a_fever_100684,exclude_post,1,99.99999999487211
qwen3-8b,g24a_fever_100684,exclude_pre,1,99.99999999999625
qwen3-8b,g24a_fever_100832,admit_post,1,99.99999999999777
qwen3-8b,g24a_fever_100832,admit_pre,1,99.99999999999712
qwen3-8b,g24a_fever_100832,base,1,99.99999999999221
qwen3-8b,g24a_fever_100832,exclude_post,1,99.99999999990565
qwen3-8b,g24a_fever_100832,exclude_pre,1,99.99999999999218
qwen3-8b,g24a_fever_101027,admit_post,1,99.99999995150105
qwen3-8b,g24a_fever_101027,admit_pre,1,99.99994683204005
qwen3-8b,g24a_fever_101027,base,1,99.99998476628902
qwen3-8b,g24a_fever_101027,exclude_post,1,89.5562133502438
qwen3-8b,g24a_fever_101027,exclude_pre,1,88.89472484696284
qwen3-8b,g24a_fever_101062,admit_post,-1,8.203552197156026e-11
qwen3-8b,g24a_fever_101062,admit_pre,-1,1.5946058417089136e-09
qwen3-8b,g24a_fever_101062,base,-1,6.312952768821086e-11
qwen3-8b,g24a_fever_101062,exclude_post,-1,5.486677459236489e-11
qwen3-8b,g24a_fever_101062,exclude_pre,-1,6.60514658355227e-10
qwen3-8b,g24a_fever_101322,admit_post,-1,2.0667058683494935e-10
qwen3-8b,g24a_fever_101322,admit_pre,-1,7.741570613331806e-11
qwen3-8b,g24a_fever_101322,base,-1,3.802476695096809e-07
qwen3-8b,g24a_fever_101322,exclude_post,-1,1.353607207074604e-11
qwen3-8b,g24a_fever_101322,exclude_pre,-1,2.8281972875189496e-11
qwen3-8b,g24a_fever_102352,admit_post,1,99.99999999999989
qwen3-8b,g24a_fever_102352,admit_pre,1,99.99999999999893
qwen3-8b,g24a_fever_102352,base,1,99.99999999998333
qwen3-8b,g24a_fever_102352,exclude_post,1,99.99999999998278
qwen3-8b,g24a_fever_102352,exclude_pre,1,99.99999999999712
qwen3-8b,g24a_fever_102913,admit_post,-1,1.1066659302196876e-11
qwen3-8b,g24a_fever_102913,admit_pre,-1,7.831317057308508e-11
qwen3-8b,g24a_fever_102913,base,-1,1.6766454898133537e-10
qwen3-8b,g24a_fever_102913,exclude_post,-1,5.218283082562786e-11
qwen3-8b,g24a_fever_102913,exclude_pre,-1,3.2269948964727243e-12
qwen3-8b,g24a_fever_10379,admit_post,-1,8.627635600520701e-11
qwen3-8b,g24a_fever_10379,admit_pre,-1,99.99988740841646
qwen3-8b,g24a_fever_10379,base,-1,4.847083593367755e-09
qwen3-8b,g24a_fever_10379,exclude_post,-1,2.2111720589747775e-09
qwen3-8b,g24a_fever_10379,exclude_pre,-1,3.368290918169833e-09
qwen3-8b,g24a_fever_104221,admit_post,1,99.99999999999959
qwen3-8b,g24a_fever_104221,admit_pre,1,99.99999999999777
qwen3-8b,g24a_fever_104221,base,1,99.99999999999768
qwen3-8b,g24a_fever_104221,exclude_post,1,99.99999999974139
qwen3-8b,g24a_fever_104221,exclude_pre,1,99.99999999999825
qwen3-8b,g24a_fever_10451,admit_post,1,99.99211359313982
qwen3-8b,g24a_fever_10451,admit_pre,1,99.67395350510962
qwen3-8b,g24a_fever_10451,base,1,79.71238497343184
qwen3-8b,g24a_fever_10451,exclude_post,1,12.286593089711111
qwen3-8b,g24a_fever_10451,exclude_pre,1,49.60579476581766
qwen3-8b,g24a_fever_105526,admit_post,-1,5.012578287854971e-11
qwen3-8b,g24a_fever_105526,admit_pre,-1,6.692871517441426e-11
qwen3-8b,g24a_fever_105526,base,-1,49.21014711023404
qwen3-8b,g24a_fever_105526,exclude_post,-1,1.69946169007253e-08
qwen3-8b,g24a_fever_105526,exclude_pre,-1,3.482558401726414e-11
qwen3-8b,g24a_fever_105813,admit_post,-1,51.10849592624477
qwen3-8b,g24a_fever_105813,admit_pre,-1,54.85971567369547
qwen3-8b,g24a_fever_105813,base,-1,99.99999999995563
qwen3-8b,g24a_fever_105813,exclude_post,-1,0.194186850086498
qwen3-8b,g24a_fever_105813,exclude_pre,-1,4.212988069202625e-08
qwen3-8b,g24a_fever_105835,admit_post,1,99.99999999984547
qwen3-8b,g24a_fever_105835,admit_pre,1,99.99999999885871
qwen3-8b,g24a_fever_105835,base,1,6.378412169054581e-08
qwen3-8b,g24a_fever_105835,exclude_post,1,7.730308228468167e-08
qwen3-8b,g24a_fever_105835,exclude_pre,1,8.820715900812749e-06
qwen3-8b,g24a_fever_106404,admit_post,1,99.99862894759696
qwen3-8b,g24a_fever_106404,admit_pre,1,99.9999999861081
qwen3-8b,g24a_fever_106404,base,1,85.32444853587403
qwen3-8b,g24a_fever_106404,exclude_post,1,0.11712367572353388
qwen3-8b,g24a_fever_106404,exclude_pre,1,99.98332012465093
qwen3-8b,g24a_fever_107503,admit_post,-1,3.557846675347932e-10
qwen3-8b,g24a_fever_107503,admit_pre,-1,1.0020617819556298e-10
qwen3-8b,g24a_fever_107503,base,-1,2.0949387300846567e-08
qwen3-8b,g24a_fever_107503,exclude_post,-1,5.103682306887258e-10
qwen3-8b,g24a_fever_107503,exclude_pre,-1,1.3353698118182065e-10
qwen3-8b,g24a_fever_107654,admit_post,-1,1.3295462941478739e-10
qwen3-8b,g24a_fever_107654,admit_pre,-1,1.6866830420206955e-10
qwen3-8b,g24a_fever_107654,base,-1,4.3820842222253605e-10
qwen3-8b,g24a_fever_107654,exclude_post,-1,1.973112370117083e-10
qwen3-8b,g24a_fever_107654,exclude_pre,-1,4.816288440742844e-11
qwen3-8b,g24a_fever_108107,admit_post,-1,6.79013072123204e-11
qwen3-8b,g24a_fever_108107,admit_pre,-1,1.7292865504508953e-10
qwen3-8b,g24a_fever_108107,base,-1,99.33193022223728
qwen3-8b,g24a_fever_108107,exclude_post,-1,1.9167435441529636e-10
qwen3-8b,g24a_fever_108107,exclude_pre,-1,1.8867520584823047e-09
qwen3-8b,g24a_fever_108772,admit_post,1,99.99999999999892
qwen3-8b,g24a_fever_108772,admit_pre,1,99.99999999999629
qwen3-8b,g24a_fever_108772,base,1,97.97301227638776
qwen3-8b,g24a_fever_108772,exclude_post,1,99.99999999998354
qwen3-8b,g24a_fever_108772,exclude_pre,1,99.99999999999208
qwen3-8b,g24a_fever_108894,admit_post,-1,2.3450557844069517e-11
qwen3-8b,g24a_fever_108894,admit_pre,-1,7.917511322627555e-10
qwen3-8b,g24a_fever_108894,base,-1,4.93316295942517e-11
qwen3-8b,g24a_fever_108894,exclude_post,-1,0.0074849413779527335
qwen3-8b,g24a_fever_108894,exclude_pre,-1,0.015843993272250143
qwen3-8b,g24a_fever_109293,admit_post,-1,1.0202792299562749e-10
qwen3-8b,g24a_fever_109293,admit_pre,-1,3.444042367281694e-10
qwen3-8b,g24a_fever_109293,base,-1,1.3405392756213068e-11
qwen3-8b,g24a_fever_109293,exclude_post,-1,6.578167555768805e-11
qwen3-8b,g24a_fever_109293,exclude_pre,-1,3.7550255069523055e-10
qwen3-8b,g24a_fever_10947,admit_post,1,99.99999999992701
qwen3-8b,g24a_fever_10947,admit_pre,1,99.99999999992697
qwen3-8b,g24a_fever_10947,base,1,0.017364233923585513
qwen3-8b,g24a_fever_10947,exclude_post,1,1.369099585459479e-07
qwen3-8b,g24a_fever_10947,exclude_pre,1,99.9999999373339
qwen3-8b,g24a_fever_109582,admit_post,-1,4.7273400549524186e-11
qwen3-8b,g24a_fever_109582,admit_pre,-1,1.626800765663806e-10
qwen3-8b,g24a_fever_109582,base,-1,1.8488950677790062e-11
qwen3-8b,g24a_fever_109582,exclude_post,-1,4.9667353994299096e-11
qwen3-8b,g24a_fever_109582,exclude_pre,-1,1.5954889625468132e-09
qwen3-8b,g24a_fever_109744,admit_post,-1,2.2711491599022342e-10
qwen3-8b,g24a_fever_109744,admit_pre,-1,5.076085785884058e-11
qwen3-8b,g24a_fever_109744,base,-1,66.66780824012055
qwen3-8b,g24a_fever_109744,exclude_post,-1,2.000292683629046e-06
qwen3-8b,g24a_fever_109744,exclude_pre,-1,2.331600523887443e-09
qwen3-8b,g24a_fever_110538,admit_post,-1,88.88410138300186
qwen3-8b,g24a_fever_110538,admit_pre,-1,88.88888783933339
qwen3-8b,g24a_fever_110538,base,-1,68.49202983441525
qwen3-8b,g24a_fever_110538,exclude_post,-1,75.35628489512357
qwen3-8b,g24a_fever_110538,exclude_pre,-1,81.21984491626951
qwen3-8b,g24a_fever_111069,admit_post,1,1.2755100847615918e-10
qwen3-8b,g24a_fever_111069,admit_pre,1,6.8377295057142165e-12
qwen3-8b,g24a_fever_111069,base,1,2.1087006307661013e-11
qwen3-8b,g24a_fever_111069,exclude_post,1,0.0003729070823359832
qwen3-8b,g24a_fever_111069,exclude_pre,1,90.46505376412011
qwen3-8b,g24a_fever_112471,admit_post,1,99.99999999997301
qwen3-8b,g24a_fever_112471,admit_pre,1,99.99999999999396
qwen3-8b,g24a_fever_112471,base,1,99.5852198482958
qwen3-8b,g24a_fever_112471,exclude_post,1,99.99999999987877
qwen3-8b,g24a_fever_112471,exclude_pre,1,99.99999902607938
qwen3-8b,g24a_fever_112650,admit_post,-1,7.271641883536164e-09
qwen3-8b,g24a_fever_112650,admit_pre,-1,2.638049158510555e-09
qwen3-8b,g24a_fever_112650,base,-1,4.369720976640431e-09
qwen3-8b,g24a_fever_112650,exclude_post,-1,9.59870317360201e-09
qwen3-8b,g24a_fever_112650,exclude_pre,-1,3.252758126677438e-08
qwen3-8b,g24a_fever_112934,admit_post,1,99.99999999998369
qwen3-8b,g24a_fever_112934,admit_pre,1,99.99999999997908
qwen3-8b,g24a_fever_112934,base,1,99.99999999690007
qwen3-8b,g24a_fever_112934,exclude_post,1,99.99999902618515
qwen3-8b,g24a_fever_112934,exclude_pre,1,99.99996774831062
qwen3-8b,g24a_fever_114387,admit_post,1,99.99999999999893
qwen3-8b,g24a_fever_114387,admit_pre,1,99.99999999999393
qwen3-8b,g24a_fever_114387,base,1,99.9999999999781
qwen3-8b,g24a_fever_114387,exclude_post,1,99.99999997707597
qwen3-8b,g24a_fever_114387,exclude_pre,1,99.99999999997898
qwen3-8b,g24a_fever_11478,admit_post,1,99.99999999999935
qwen3-8b,g24a_fever_11478,admit_pre,1,99.99999999999775
qwen3-8b,g24a_fever_11478,base,1,99.99999999997898
qwen3-8b,g24a_fever_11478,exclude_post,1,18.242564826146843
qwen3-8b,g24a_fever_11478,exclude_pre,1,99.99999999998366
qwen3-8b,g24a_fever_114900,admit_post,1,99.99999999987956
qwen3-8b,g24a_fever_114900,admit_pre,1,99.99999999974533
qwen3-8b,g24a_fever_114900,base,1,99.99999793842808
qwen3-8b,g24a_fever_114900,exclude_post,1,99.94191628870352
qwen3-8b,g24a_fever_114900,exclude_pre,1,99.99999999992698
qwen3-8b,g24a_fever_114974,admit_post,1,99.99999999994304
qwen3-8b,g24a_fever_114974,admit_pre,1,99.9999999998795
qwen3-8b,g24a_fever_114974,base,1,0.0029852047449583545
qwen3-8b,g24a_fever_114974,exclude_post,1,99.9989761745104
qwen3-8b,g24a_fever_114974,exclude_pre,1,99.9999943952895
qwen3-8b,g24a_fever_115028,admit_post,-1,0.00022841258352490005
qwen3-8b,g24a_fever_115028,admit_pre,-1,6.535852925418695e-06
qwen3-8b,g24a_fever_115028,base,-1,23.847010634819924
qwen3-8b,g24a_fever_115028,exclude_post,-1,1.9727551716515118e-08
qwen3-8b,g24a_fever_115028,exclude_pre,-1,5.067952707673237e-07
qwen3-8b,g24a_fever_115773,admit_post,-1,1.4633946222855578e-11
qwen3-8b,g24a_fever_115773,admit_pre,-1,1.770110191002472e-11
qwen3-8b,g24a_fever_115773,base,-1,7.714577321105832e-12
qwen3-8b,g24a_fever_115773,exclude_post,-1,5.291656670660967e-12
qwen3-8b,g24a_fever_115773,exclude_pre,-1,6.4715419395795474e-12
qwen3-8b,g24a_fever_115940,admit_post,1,99.99999999999825
qwen3-8b,g24a_fever_115940,admit_pre,1,99.99999999998731
qwen3-8b,g24a_fever_115940,base,1,99.99999999996547
qwen3-8b,g24a_fever_115940,exclude_post,1,99.99832506574745
qwen3-8b,g24a_fever_115940,exclude_pre,1,99.9999999999788
qwen3-8b,g24a_fever_115989,admit_post,-1,1.3241171147316835e-10
qwen3-8b,g24a_fever_115989,admit_pre,-1,4.48152462551689e-09
qwen3-8b,g24a_fever_115989,base,-1,0.0001535059013683156
qwen3-8b,g24a_fever_115989,exclude_post,-1,2.1969317675845976e-10
qwen3-8b,g24a_fever_115989,exclude_pre,-1,5.868029200527417e-10
qwen3-8b,g24a_fever_116715,admit_post,1,99.9999965981055
qwen3-8b,g24a_fever_116715,admit_pre,1,99.99999940883953
qwen3-8b,g24a_fever_116715,base,1,74.788086935835
qwen3-8b,g24a_fever_116715,exclude_post,1,12.60591845334989
qwen3-8b,g24a_fever_116715,exclude_pre,1,99.99999075277658
qwen3-8b,g24a_fever_117380,admit_post,1,99.99999999999916
qwen3-8b,g24a_fever_117380,admit_pre,1,99.99999999999635
qwen3-8b,g24a_fever_117380,base,1,99.99999999911125
qwen3-8b,g24a_fever_117380,exclude_post,1,99.9999998305113
qwen3-8b,g24a_fever_117380,exclude_pre,1,99.99999999980145
qwen3-8b,g24a_fever_118442,admit_post,-1,29.06990563982053
qwen3-8b,g24a_fever_118442,admit_pre,-1,2.5023439999736875e-06
qwen3-8b,g24a_fever_118442,base,-1,9.30065418324473e-05
qwen3-8b,g24a_fever_118442,exclude_post,-1,47.95704454561498
qwen3-8b,g24a_fever_118442,exclude_pre,-1,7.263530297308345e-09
qwen3-8b,g24a_fever_118708,admit_post,1,99.99999999999635
qwen3-8b,g24a_fever_118708,admit_pre,1,99.99999999999005
qwen3-8b,g24a_fever_118708,base,1,99.99999991994885
qwen3-8b,g24a_fever_118708,exclude_post,1,99.99038957250794
qwen3-8b,g24a_fever_118708,exclude_pre,1,99.99999999998722
qwen3-8b,g24a_fever_118842,admit_post,-1,99.99999999992701
qwen3-8b,g24a_fever_118842,admit_pre,-1,99.999999999461
qwen3-8b,g24a_fever_118842,base,-1,98.35500026017776
qwen3-8b,g24a_fever_118842,exclude_post,-1,99.99690084401516
qwen3-8b,g24a_fever_118842,exclude_pre,-1,99.99999999999224
qwen3-8b,g24a_fever_119630,admit_post,1,99.99999999999949
qwen3-8b,g24a_fever_119630,admit_pre,1,99.99999999999777
qwen3-8b,g24a_fever_119630,base,1,99.9999999999971
qwen3-8b,g24a_fever_119630,exclude_post,1,99.99999999979838
qwen3-8b,g24a_fever_119630,exclude_pre,1,99.99999999997895
qwen3-8b,g24a_fever_120704,admit_post,-1,4.478915564246063e-10
qwen3-8b,g24a_fever_120704,admit_pre,-1,5.826540558601814e-10
qwen3-8b,g24a_fever_120704,base,-1,5.802622737526644e-10
qwen3-8b,g24a_fever_120704,exclude_post,-1,4.663574590255058e-10
qwen3-8b,g24a_fever_120704,exclude_pre,-1,9.578095407022532e-10
qwen3-8b,g24a_fever_121238,admit_post,-1,5.838508649389578e-10
qwen3-8b,g24a_fever_121238,admit_pre,-1,4.68089348608533e-07
qwen3-8b,g24a_fever_121238,base,-1,58.0264670670109
qwen3-8b,g24a_fever_121238,exclude_post,-1,7.409868048526449e-07
qwen3-8b,g24a_fever_121238,exclude_pre,-1,2.3807730727934985e-07
qwen3-8b,g24a_fever_121283,admit_post,-1,7.97383167452888e-11
qwen3-8b,g24a_fever_121283,admit_pre,-1,3.77108409517211e-11
qwen3-8b,g24a_fever_121283,base,-1,33.38025411593831
qwen3-8b,g24a_fever_121283,exclude_post,-1,7.928397586188113e-11
qwen3-8b,g24a_fever_121283,exclude_pre,-1,2.7058830816097713e-10
qwen3-8b,g24a_fever_122006,admit_post,1,99.84373728314792
qwen3-8b,g24a_fever_122006,admit_pre,1,99.99709788436414
qwen3-8b,g24a_fever_122006,base,1,99.99999793843381
qwen3-8b,g24a_fever_122006,exclude_post,1,99.67430616978362
qwen3-8b,g24a_fever_122006,exclude_pre,1,99.99999660077331
qwen3-8b,g24a_fever_12204,admit_post,1,99.9999999999429
qwen3-8b,g24a_fever_12204,admit_pre,1,99.99999999885615
qwen3-8b,g24a_fever_12204,base,1,1.838571343626145e-08
qwen3-8b,g24a_fever_12204,exclude_post,1,5.919418523675269e-05
qwen3-8b,g24a_fever_12204,exclude_pre,1,99.99999999945847
qwen3-8b,g24a_fever_122343,admit_post,-1,1.7335630756987316e-10
qwen3-8b,g24a_fever_122343,admit_pre,-1,2.321164847912646e-11
qwen3-8b,g24a_fever_122343,base,-1,1.4804894005788317e-11
qwen3-8b,g24a_fever_122343,exclude_post,-1,4.826786860135924e-11
qwen3-8b,g24a_fever_122343,exclude_pre,-1,2.987282563460999e-11
qwen3-8b,g24a_fever_122650,admit_post,1,99.99999999601742
qwen3-8b,g24a_fever_122650,admit_pre,1,99.99999999999228
qwen3-8b,g24a_fever_122650,base,1,55.71117069113645
qwen3-8b,g24a_fever_122650,exclude_post,1,99.9999990811043
qwen3-8b,g24a_fever_122650,exclude_pre,1,99.99991231982052
qwen3-8b,g24a_fever_122744,admit_post,-1,98.85240356162745
qwen3-8b,g24a_fever_122744,admit_pre,-1,99.9372339884117
qwen3-8b,g24a_fever_122744,base,-1,99.99999864576995
qwen3-8b,g24a_fever_122744,exclude_post,-1,99.99999920530728
qwen3-8b,g24a_fever_122744,exclude_pre,-1,8.064969053077406e-10
qwen3-8b,g24a_fever_122977,admit_post,1,99.99999999853091
qwen3-8b,g24a_fever_122977,admit_pre,1,99.99999998211923
qwen3-8b,g24a_fever_122977,base,1,1.349225462896169e-07
qwen3-8b,g24a_fever_122977,exclude_post,1,99.99999990738146
qwen3-8b,g24a_fever_122977,exclude_pre,1,99.99999997700613
qwen3-8b,g24a_fever_123364,admit_post,1,99.99999999853418
qwen3-8b,g24a_fever_123364,admit_pre,1,99.9999999998797
qwen3-8b,g24a_fever_123364,base,1,99.99999999994313
qwen3-8b,g24a_fever_123364,exclude_post,1,99.99999999488641
qwen3-8b,g24a_fever_123364,exclude_pre,1,99.99999839415455
qwen3-8b,g24a_fever_123833,admit_post,-1,1.6475555785940674e-10
qwen3-8b,g24a_fever_123833,admit_pre,-1,2.671613808355312e-10
qwen3-8b,g24a_fever_123833,base,-1,3.4357193595669563e-09
qwen3-8b,g24a_fever_123833,exclude_post,-1,4.461168258751498e-10
qwen3-8b,g24a_fever_123833,exclude_pre,-1,3.688403460733151e-11
qwen3-8b,g24a_fever_124021,admit_post,1,99.9999999999953
qwen3-8b,g24a_fever_124021,admit_pre,1,99.99999999998364
qwen3-8b,g24a_fever_124021,base,1,99.99999999885179
qwen3-8b,g24a_fever_124021,exclude_post,1,99.999999999451
qwen3-8b,g24a_fever_124021,exclude_pre,1,99.9999999999836
qwen3-8b,g24a_fever_126799,admit_post,-1,8.061249290186289e-08
qwen3-8b,g24a_fever_126799,admit_pre,-1,8.060711130115962e-08
qwen3-8b,g24a_fever_126799,base,-1,5.326545198124509e-05
qwen3-8b,g24a_fever_126799,exclude_post,-1,9.36590304177581e-06
qwen3-8b,g24a_fever_126799,exclude_pre,-1,1.0406132300663276e-07
qwen3-8b,g24a_fever_12843,admit_post,1,99.9999999968999
qwen3-8b,g24a_fever_12843,admit_pre,1,99.99999998918048
qwen3-8b,g24a_fever_12843,base,1,99.99960715094173
qwen3-8b,g24a_fever_12843,exclude_post,1,9.577659420257866
qwen3-8b,g24a_fever_12843,exclude_pre,1,99.99999660103103
qwen3-8b,g24a_fever_128454,admit_post,-1,0.07900762481441281
qwen3-8b,g24a_fever_128454,admit_pre,-1,2.4045592064034468e-08
qwen3-8b,g24a_fever_128454,base,-1,0.0013897155633621654
qwen3-8b,g24a_fever_128454,exclude_post,-1,2.224124649263706e-06
qwen3-8b,g24a_fever_128454,exclude_pre,-1,3.962149975605221e-08
qwen3-8b,g24a_fever_128807,admit_post,1,99.99999999999892
qwen3-8b,g24a_fever_128807,admit_pre,1,99.99999999999947
qwen3-8b,g24a_fever_128807,base,1,99.99999999946006
qwen3-8b,g24a_fever_128807,exclude_post,1,99.99999999999302
qwen3-8b,g24a_fever_128807,exclude_pre,1,99.99999999999763
qwen3-8b,g24a_fever_129420,admit_post,1,99.99999999999528
qwen3-8b,g24a_fever_129420,admit_pre,1,99.99999999999777
qwen3-8b,g24a_fever_129420,base,1,99.99999999999858
qwen3-8b,g24a_fever_129420,exclude_post,1,99.99999999996523
qwen3-8b,g24a_fever_129420,exclude_pre,1,99.99999999998721
qwen3-8b,g24a_fever_129517,admit_post,-1,2.6128743563657485e-08
qwen3-8b,g24a_fever_129517,admit_pre,-1,2.2792180952281473e-06
qwen3-8b,g24a_fever_129517,base,-1,2.524374439869077e-05
qwen3-8b,g24a_fever_129517,exclude_post,-1,2.1006186231475754e-08
qwen3-8b,g24a_fever_129517,exclude_pre,-1,4.015076523296929e-08
qwen3-8b,g24a_fever_130204,admit_post,-1,8.63939318757745e-12
qwen3-8b,g24a_fever_130204,admit_pre,-1,1.1011540591954247e-11
qwen3-8b,g24a_fever_130204,base,-1,2.142786078739616e-06
qwen3-8b,g24a_fever_130204,exclude_post,-1,6.924675176456529e-11
qwen3-8b,g24a_fever_130204,exclude_pre,-1,8.51694577190509e-12
qwen3-8b,g24a_fever_130978,admit_post,-1,99.99999940931505
qwen3-8b,g24a_fever_130978,admit_pre,-1,99.076496992872
qwen3-8b,g24a_fever_130978,base,-1,78.44534033525191
qwen3-8b,g24a_fever_130978,exclude_post,-1,2.420518292179578e-06
qwen3-8b,g24a_fever_130978,exclude_pre,-1,2.1617603993394766e-06
qwen3-8b,g24a_fever_131250,admit_post,-1,1.318763560248241e-10
qwen3-8b,g24a_fever_131250,admit_pre,-1,1.2993719499117438e-10
qwen3-8b,g24a_fever_131250,base,-1,6.19269803981004e-11
qwen3-8b,g24a_fever_131250,exclude_post,-1,4.761649994584914e-10
qwen3-8b,g24a_fever_131250,exclude_pre,-1,1.0125175013830737e-10
qwen3-8b,g24a_fever_13212,admit_post,-1,1.8109351196123344e-07
qwen3-8b,g24a_fever_13212,admit_pre,-1,3.2963542582821734e-09
qwen3-8b,g24a_fever_13212,base,-1,2.8617697483629575e-11
qwen3-8b,g24a_fever_13212,exclude_post,-1,1.261028761636271e-07
qwen3-8b,g24a_fever_13212,exclude_pre,-1,2.1195584947995357e-10
qwen3-8b,g24a_fever_132619,admit_post,1,99.9999999861075
qwen3-8b,g24a_fever_132619,admit_pre,1,99.99999999967312
qwen3-8b,g24a_fever_132619,base,1,99.99999999601972
qwen3-8b,g24a_fever_132619,exclude_post,1,97.46296419222789
qwen3-8b,g24a_fever_132619,exclude_pre,1,99.99999995151252
qwen3-8b,g24a_fever_133233,admit_post,1,99.99999999999713
qwen3-8b,g24a_fever_133233,admit_pre,1,99.9999999999953
qwen3-8b,g24a_fever_133233,base,1,99.99999999992696
qwen3-8b,g24a_fever_133233,exclude_post,1,26.894143810170597
qwen3-8b,g24a_fever_133233,exclude_pre,1,99.99999999757632
qwen3-8b,g24a_fever_133512,admit_post,-1,3.3024593482035035e-09
qwen3-8b,g24a_fever_133512,admit_pre,-1,9.463868530204133e-10
qwen3-8b,g24a_fever_133512,base,-1,2.0694920786515783e-10
qwen3-8b,g24a_fever_133512,exclude_post,-1,7.359442905179409e-08
qwen3-8b,g24a_fever_133512,exclude_pre,-1,1.2170546400372052e-09
qwen3-8b,g24a_fever_134344,admit_post,1,99.99999999999825
qwen3-8b,g24a_fever_134344,admit_pre,1,99.99999999999628
qwen3-8b,g24a_fever_134344,base,1,99.99999999999527
qwen3-8b,g24a_fever_134344,exclude_post,1,99.9999999999253
qwen3-8b,g24a_fever_134344,exclude_pre,1,99.99999999998974
qwen3-8b,g24a_fever_134908,admit_post,-1,99.99999999997306
qwen3-8b,g24a_fever_134908,admit_pre,-1,99.99999999999517
qwen3-8b,g24a_fever_134908,base,-1,99.99999999984512
qwen3-8b,g24a_fever_134908,exclude_post,-1,99.99999999996488
qwen3-8b,g24a_fever_134908,exclude_pre,-1,99.99999999998323
qwen3-8b,g24a_fever_135572,admit_post,-1,2.04702426448726e-09
qwen3-8b,g24a_fever_135572,admit_pre,-1,2.02116316021113e-09
qwen3-8b,g24a_fever_135572,base,-1,1.9618645928766004e-05
qwen3-8b,g24a_fever_135572,exclude_post,-1,4.182906859469327e-09
qwen3-8b,g24a_fever_135572,exclude_pre,-1,4.6164985172298207e-10
qwen3-8b,g24a_fever_136578,admit_post,-1,1.6829137378053963e-10
qwen3-8b,g24a_fever_136578,admit_pre,-1,1.7324640801660195e-10
qwen3-8b,g24a_fever_136578,base,-1,8.926722252494945e-12
qwen3-8b,g24a_fever_136578,exclude_post,-1,3.8446049300699493e-10
qwen3-8b,g24a_fever_136578,exclude_pre,-1,1.1050158021771174e-10
qwen3-8b,g24a_fever_136853,admit_post,-1,99.99999999945541
qwen3-8b,g24a_fever_136853,admit_pre,-1,1.7409846886642368e-06
qwen3-8b,g24a_fever_136853,base,-1,3.8123422250572e-11
qwen3-8b,g24a_fever_136853,exclude_post,-1,8.080836469086302e-11
qwen3-8b,g24a_fever_136853,exclude_pre,-1,4.870355649431961e-11
qwen3-8b,g24a_fever_137173,admit_post,-1,8.969729966251005e-07
qwen3-8b,g24a_fever_137173,admit_pre,-1,1.8776932025715784e-07
qwen3-8b,g24a_fever_137173,base,-1,98.35501972576216
qwen3-8b,g24a_fever_137173,exclude_post,-1,1.0330930876842402e-07
qwen3-8b,g24a_fever_137173,exclude_pre,-1,4.530818668704198e-09
qwen3-8b,g24a_fever_137210,admit_post,-1,1.0167127379275235e-10
qwen3-8b,g24a_fever_137210,admit_pre,-1,2.838800806510427e-11
qwen3-8b,g24a_fever_137210,base,-1,3.4791256626605735e-05
qwen3-8b,g24a_fever_137210,exclude_post,-1,1.0062374979555282e-10
qwen3-8b,g24a_fever_137210,exclude_pre,-1,7.769317964019022e-11
qwen3-8b,g24a_fever_137706,admit_post,1,99.99999999999227
qwen3-8b,g24a_fever_137706,admit_pre,1,99.99999999853509
qwen3-8b,g24a_fever_137706,base,1,99.99999996223194
qwen3-8b,g24a_fever_137706,exclude_post,1,99.99999075969288
qwen3-8b,g24a_fever_137706,exclude_pre,1,99.99999997709077
qwen3-8b,g24a_fever_13829,admit_post,1,99.99981442824789
qwen3-8b,g24a_fever_13829,admit_pre,1,99.1078655095989
qwen3-8b,g24a_fever_13829,base,1,99.99999997709452
qwen3-8b,g24a_fever_13829,exclude_post,1,2.585977173828581e-10
qwen3-8b,g24a_fever_13829,exclude_pre,1,99.79067414744085
qwen3-8b,g24a_fever_138865,admit_post,-1,2.437254847494257e-07
qwen3-8b,g24a_fever_138865,admit_pre,-1,2.9876779701202524e-07
qwen3-8b,g24a_fever_138865,base,-1,1.5424633763990095e-06
qwen3-8b,g24a_fever_138865,exclude_post,-1,1.4367285323440765e-06
qwen3-8b,g24a_fever_138865,exclude_pre,-1,3.8367952329572723e-07
qwen3-8b,g24a_fever_141159,admit_post,-1,1.6786369993635685e-10
qwen3-8b,g24a_fever_141159,admit_pre,-1,2.121718037899836e-10
qwen3-8b,g24a_fever_141159,base,-1,1.618830212004928e-06
qwen3-8b,g24a_fever_141159,exclude_post,-1,8.091353817517362e-11
qwen3-8b,g24a_fever_141159,exclude_pre,-1,4.5798695632886355e-10
qwen3-8b,g24a_fever_141268,admit_post,1,99.99999999984519
qwen3-8b,g24a_fever_141268,admit_pre,1,99.99999999974537
qwen3-8b,g24a_fever_141268,base,1,99.99999999995565
qwen3-8b,g24a_fever_141268,exclude_post,1,99.99999969099714
qwen3-8b,g24a_fever_141268,exclude_pre,1,99.99999999979859
qwen3-8b,g24a_fever_1423,admit_post,1,99.99999999995539
qwen3-8b,g24a_fever_1423,admit_pre,1,99.99999999998361
qwen3-8b,g24a_fever_1423,base,1,35.77490632792917
qwen3-8b,g24a_fever_1423,exclude_post,1,77.52956723936474
qwen3-8b,g24a_fever_1423,exclude_pre,1,99.99999999987877
qwen3-8b,g24a_fever_142854,admit_post,1,99.99999999999224
qwen3-8b,g24a_fever_142854,admit_pre,1,99.99999999945652
qwen3-8b,g24a_fever_142854,base,1,99.99999999999528
qwen3-8b,g24a_fever_142854,exclude_post,1,99.98456463031191
qwen3-8b,g24a_fever_142854,exclude_pre,1,99.99999999482907
qwen3-8b,g24a_fever_143011,admit_post,-1,32.877237067944634
qwen3-8b,g24a_fever_143011,admit_pre,-1,29.398244614021817
qwen3-8b,g24a_fever_143011,base,-1,22.31676851224433
qwen3-8b,g24a_fever_143011,exclude_post,-1,0.0003931769413358504
qwen3-8b,g24a_fever_143011,exclude_pre,-1,0.7053372255345203
qwen3-8b,g24a_fever_14388,admit_post,1,99.99999924107601
qwen3-8b,g24a_fever_14388,admit_pre,1,99.99999999343086
qwen3-8b,g24a_fever_14388,base,1,99.33236916825281
qwen3-8b,g24a_fever_14388,exclude_post,1,0.01593362180322928
qwen3-8b,g24a_fever_14388,exclude_pre,1,99.99985429300519
qwen3-8b,g24a_fever_144725,admit_post,-1,1.224285123154728e-07
qwen3-8b,g24a_fever_144725,admit_pre,-1,1.2729760105773593
qwen3-8b,g24a_fever_144725,base,-1,88.88460928263143
qwen3-8b,g24a_fever_144725,exclude_post,-1,1.5478202128263026e-08
qwen3-8b,g24a_fever_144725,exclude_pre,-1,0.10287983922024162
qwen3-8b,g24a_fever_146361,admit_post,1,99.99999999999825
qwen3-8b,g24a_fever_146361,admit_pre,1,99.99999999811868
qwen3-8b,g24a_fever_146361,base,1,99.99999999957988
qwen3-8b,g24a_fever_146361,exclude_post,1,99.99832967460418
qwen3-8b,g24a_fever_146361,exclude_pre,1,99.99999999967179
qwen3-8b,g24a_fever_146639,admit_post,1,99.99999999997902
qwen3-8b,g24a_fever_146639,admit_pre,1,99.99999999997304
qwen3-8b,g24a_fever_146639,base,1,99.99999999930768
qwen3-8b,g24a_fever_146639,exclude_post,1,99.99960185302612
qwen3-8b,g24a_fever_146639,exclude_pre,1,0.4077726987342546
qwen3-8b,g24a_fever_147158,admit_post,1,99.99999999999766
qwen3-8b,g24a_fever_147158,admit_pre,1,99.9999999999993
qwen3-8b,g24a_fever_147158,base,1,99.99999999980108
qwen3-8b,g24a_fever_147158,exclude_post,1,99.99999999984404
qwen3-8b,g24a_fever_147158,exclude_pre,1,99.99999999995536
qwen3-8b,g24a_fever_147530,admit_post,-1,1.5456488968707022e-07
qwen3-8b,g24a_fever_147530,admit_pre,-1,3.6465107848014764e-09
qwen3-8b,g24a_fever_147530,base,-1,5.051299605013155e-11
qwen3-8b,g24a_fever_147530,exclude_post,-1,9.593612940996678e-09
qwen3-8b,g24a_fever_147530,exclude_pre,-1,8.09518055684939e-09
qwen3-8b,g24a_fever_148149,admit_post,-1,2.938700480703085e-11
qwen3-8b,g24a_fever_148149,admit_pre,-1,2.958673145303932e-11
qwen3-8b,g24a_fever_148149,base,-1,7.751083159146452e-11
qwen3-8b,g24a_fever_148149,exclude_post,-1,7.442538426923435e-10
qwen3-8b,g24a_fever_148149,exclude_pre,-1,3.890235243422311e-11
qwen3-8b,g24a_fever_148244,admit_post,1,99.99999999998364
qwen3-8b,g24a_fever_148244,admit_pre,1,99.99999999997277
qwen3-8b,g24a_fever_148244,base,1,3.2239533112468787e-09
qwen3-8b,g24a_fever_148244,exclude_post,1,99.94472159262752
qwen3-8b,g24a_fever_148244,exclude_pre,1,99.99999999998344
qwen3-8b,g24a_fever_148309,admit_post,-1,2.8004301888433173e-10
qwen3-8b,g24a_fever_148309,admit_pre,-1,2.75215075622079e-10
qwen3-8b,g24a_fever_148309,base,-1,8.185296278624068e-11
qwen3-8b,g24a_fever_148309,exclude_post,-1,2.1607762714753655e-10
qwen3-8b,g24a_fever_148309,exclude_pre,-1,3.5128233203421284e-10
qwen3-8b,g24a_fever_148599,admit_post,1,99.99999986820526
qwen3-8b,g24a_fever_148599,admit_pre,1,99.99999660101554
qwen3-8b,g24a_fever_148599,base,1,88.89886715267582
qwen3-8b,g24a_fever_148599,exclude_post,1,77.58161776009597
qwen3-8b,g24a_fever_148599,exclude_pre,1,99.99999953996459
qwen3-8b,g24a_fever_148610,admit_post,-1,3.1946117999204363e-07
qwen3-8b,g24a_fever_148610,admit_pre,-1,8.67920082880884e-08
qwen3-8b,g24a_fever_148610,base,-1,6.654730400293653e-09
qwen3-8b,g24a_fever_148610,exclude_post,-1,6.69669371508296e-05
qwen3-8b,g24a_fever_148610,exclude_pre,-1,5.970518057656237e-10
qwen3-8b,g24a_fever_149436,admit_post,-1,1.6751741736981051e-10
qwen3-8b,g24a_fever_149436,admit_pre,-1,9.695690830121976e-11
qwen3-8b,g24a_fever_149436,base,-1,3.778411833299887e-11
qwen3-8b,g24a_fever_149436,exclude_post,-1,1.284041124875493e-10
qwen3-8b,g24a_fever_149436,exclude_pre,-1,1.6657095254371275e-10
qwen3-8b,g24a_fever_150192,admit_post,-1,3.6213150225470615e-10
qwen3-8b,g24a_fever_150192,admit_pre,-1,7.827128387852183e-09
qwen3-8b,g24a_fever_150192,base,-1,99.99999989732393
qwen3-8b,g24a_fever_150192,exclude_post,-1,0.2585865278677031
qwen3-8b,g24a_fever_150192,exclude_pre,-1,2.8093695700943893e-09
qwen3-8b,g24a_fever_151483,admit_post,1,99.9991683700144
qwen3-8b,g24a_fever_151483,admit_pre,1,99.9999999915704
qwen3-8b,g24a_fever_151483,base,1,99.99999280419497
qwen3-8b,g24a_fever_151483,exclude_post,1,67.99101293591566
qwen3-8b,g24a_fever_151483,exclude_pre,1,99.97247631822613
qwen3-8b,g24a_fever_152133,admit_post,-1,2.1754160665164721e-10
qwen3-8b,g24a_fever_152133,admit_pre,-1,4.5167895680456015e-10
qwen3-8b,g24a_fever_152133,base,-1,20.29185112786718
qwen3-8b,g24a_fever_152133,exclude_post,-1,1.9804440385483007e-10
qwen3-8b,g24a_fever_152133,exclude_pre,-1,2.1794981529675894e-10
qwen3-8b,g24a_fever_152422,admit_post,-1,1.8833690896073344e-11
qwen3-8b,g24a_fever_152422,admit_pre,-1,1.2813579455220877e-10
qwen3-8b,g24a_fever_152422,base,-1,99.9999999999841
qwen3-8b,g24a_fever_152422,exclude_post,-1,0.31726830922605
qwen3-8b,g24a_fever_152422,exclude_pre,-1,7.451933141461415e-10
qwen3-8b,g24a_fever_152680,admit_post,-1,3.8561942652264616e-11
qwen3-8b,g24a_fever_152680,admit_pre,-1,8.143131116827698e-11
qwen3-8b,g24a_fever_152680,base,-1,1.29215031034871e-10
qwen3-8b,g24a_fever_152680,exclude_post,-1,2.9560145507066264e-11
qwen3-8b,g24a_fever_152680,exclude_pre,-1,3.883553575288636e-11
qwen3-8b,g24a_fever_153543,admit_post,1,99.99999999343714
qwen3-8b,g24a_fever_153543,admit_pre,1,99.99999999996537
qwen3-8b,g24a_fever_153543,base,1,99.999999999983
qwen3-8b,g24a_fever_153543,exclude_post,1,99.9999999981189
qwen3-8b,g24a_fever_153543,exclude_pre,1,99.99999999946068
qwen3-8b,g24a_fever_153914,admit_post,-1,1.690962760899274e-07
qwen3-8b,g24a_fever_153914,admit_pre,-1,6.9982675405854465e-09
qwen3-8b,g24a_fever_153914,base,-1,2.403344297724399e-08
qwen3-8b,g24a_fever_153914,exclude_post,-1,1.2001961263414446e-08
qwen3-8b,g24a_fever_153914,exclude_pre,-1,1.1557391844002185e-08
qwen3-8b,g24a_fever_154608,admit_post,-1,2.572469645994664e-09
qwen3-8b,g24a_fever_154608,admit_pre,-1,5.61341735922564e-10
qwen3-8b,g24a_fever_154608,base,-1,1.6724381257158877e-10
qwen3-8b,g24a_fever_154608,exclude_post,-1,3.676706210616355e-10
qwen3-8b,g24a_fever_154608,exclude_pre,-1,9.361024509284878e-10
qwen3-8b,g24a_fever_154919,admit_post,-1,4.149439537252305
qwen3-8b,g24a_fever_154919,admit_pre,-1,0.02426029237900179
qwen3-8b,g24a_fever_154919,base,-1,26.418458870175172
qwen3-8b,g24a_fever_154919,exclude_post,-1,3.5612635392778277e-09
qwen3-8b,g24a_fever_154919,exclude_pre,-1,1.24872166882204e-08
qwen3-8b,g24a_fever_155484,admit_post,1,99.99999999999962
qwen3-8b,g24a_fever_155484,admit_pre,1,99.99999999999635
qwen3-8b,g24a_fever_155484,base,1,99.99999999996811
qwen3-8b,g24a_fever_155484,exclude_post,1,99.99999999811747
qwen3-8b,g24a_fever_155484,exclude_pre,1,99.99999999999893
qwen3-8b,g24a_fever_155725,admit_post,1,99.99999999689193
qwen3-8b,g24a_fever_155725,admit_pre,1,99.99999999342816
qwen3-8b,g24a_fever_155725,base,1,93.75352355995867
qwen3-8b,g24a_fever_155725,exclude_post,1,2.298207933789095
qwen3-8b,g24a_fever_155725,exclude_pre,1,99.99999991986323
qwen3-8b,g24a_fever_155911,admit_post,1,99.99999999994301
qwen3-8b,g24a_fever_155911,admit_pre,1,99.99999999811901
qwen3-8b,g24a_fever_155911,base,1,78.03269067511701
qwen3-8b,g24a_fever_155911,exclude_post,1,6.265939224588026
qwen3-8b,g24a_fever_155911,exclude_pre,1,99.99999999987936
qwen3-8b,g24a_fever_156128,admit_post,1,99.99999999984541
qwen3-8b,g24a_fever_156128,admit_pre,1,99.99999999999777
qwen3-8b,g24a_fever_156128,base,1,99.99999999984556
qwen3-8b,g24a_fever_156128,exclude_post,1,99.99999790245117
qwen3-8b,g24a_fever_156128,exclude_pre,1,99.99999999930728
qwen3-8b,g24a_fever_1577,admit_post,1,99.99999999758244
qwen3-8b,g24a_fever_1577,admit_pre,1,99.99999999957987
qwen3-8b,g24a_fever_1577,base,1,99.99999999885534
qwen3-8b,g24a_fever_1577,exclude_post,1,99.90469205653112
qwen3-8b,g24a_fever_1577,exclude_pre,1,99.96474724302624
qwen3-8b,g24a_fever_15834,admit_post,1,99.99999999999218
qwen3-8b,g24a_fever_15834,admit_pre,1,99.99999999999396
qwen3-8b,g24a_fever_15834,base,1,99.99999999997904
qwen3-8b,g24a_fever_15834,exclude_post,1,99.58874173291773
qwen3-8b,g24a_fever_15834,exclude_pre,1,99.99999999957825
qwen3-8b,g24a_fever_158425,admit_post,-1,4.17231867557235e-09
qwen3-8b,g24a_fever_158425,admit_pre,-1,5.675690396279019e-10
qwen3-8b,g24a_fever_158425,base,-1,1.174327995003026e-09
qwen3-8b,g24a_fever_158425,exclude_post,-1,9.45562663951225e-10
qwen3-8b,g24a_fever_158425,exclude_pre,-1,2.085462711614077e-10
qwen3-8b,g24a_fever_159570,admit_post,-1,53.4781695778041
qwen3-8b,g24a_fever_159570,admit_pre,-1,99.9999999999267
qwen3-8b,g24a_fever_159570,base,-1,25.218098306154157
qwen3-8b,g24a_fever_159570,exclude_post,-1,3.3319675757456667e-06
qwen3-8b,g24a_fever_159570,exclude_pre,-1,99.9999999998453
qwen3-8b,g24a_fever_160060,admit_post,1,99.99999998610178
qwen3-8b,g24a_fever_160060,admit_pre,1,99.9999999948871
qwen3-8b,g24a_fever_160060,base,1,99.99999964175247
qwen3-8b,g24a_fever_160060,exclude_post,1,95.2574092513269
qwen3-8b,g24a_fever_160060,exclude_pre,1,3.4092872687651746e-08
qwen3-8b,g24a_fever_16070,admit_post,-1,7.206552358009102e-10
qwen3-8b,g24a_fever_16070,admit_pre,-1,9.180455432585388e-10
qwen3-8b,g24a_fever_16070,base,-1,2.0350891661227198e-10
qwen3-8b,g24a_fever_16070,exclude_post,-1,8.085916941382013e-10
qwen3-8b,g24a_fever_16070,exclude_pre,-1,3.63293720871318e-11
qwen3-8b,g24a_fever_160814,admit_post,1,99.99999999999976
qwen3-8b,g24a_fever_160814,admit_pre,1,99.99999999999916
qwen3-8b,g24a_fever_160814,base,1,99.99999999999709
qwen3-8b,g24a_fever_160814,exclude_post,1,99.9999999999962
qwen3-8b,g24a_fever_160814,exclude_pre,1,99.99999999999916
qwen3-8b,g24a_fever_160927,admit_post,-1,3.4228861098283615e-09
qwen3-8b,g24a_fever_160927,admit_pre,-1,1.2988350522590417e-09
qwen3-8b,g24a_fever_160927,base,-1,7.80929866645075e-11
qwen3-8b,g24a_fever_160927,exclude_post,-1,8.354856211206445e-12
qwen3-8b,g24a_fever_160927,exclude_pre,-1,2.7220118731223596e-10
qwen3-8b,g24a_fever_161047,admit_post,-1,65.78473575054491
qwen3-8b,g24a_fever_161047,admit_pre,-1,65.80945107651252
qwen3-8b,g24a_fever_161047,base,-1,99.99999999987934
qwen3-8b,g24a_fever_161047,exclude_post,-1,0.0002962664041249385
qwen3-8b,g24a_fever_161047,exclude_pre,-1,1.4863225779084923e-06
qwen3-8b,g24a_fever_162835,admit_post,1,99.99999999998337
qwen3-8b,g24a_fever_162835,admit_pre,1,99.99999999999807
qwen3-8b,g24a_fever_162835,base,1,99.99999999999984
qwen3-8b,g24a_fever_162835,exclude_post,1,99.99999999994151
qwen3-8b,g24a_fever_162835,exclude_pre,1,99.99999999998708
qwen3-8b,g24a_fever_162881,admit_post,1,99.99999940935274
qwen3-8b,g24a_fever_162881,admit_pre,1,99.99999940935594
qwen3-8b,g24a_fever_162881,base,1,99.99862894822583
qwen3-8b,g24a_fever_162881,exclude_post,1,99.99862894840268
qwen3-8b,g24a_fever_162881,exclude_pre,1,99.99960715260912
qwen3-8b,g24a_fever_165870,admit_post,-1,9.066020740533791e-06
qwen3-8b,g24a_fever_165870,admit_pre,-1,4.0622498229880994e-07
qwen3-8b,g24a_fever_165870,base,-1,99.99999999811072
qwen3-8b,g24a_fever_165870,exclude_post,-1,3.823103282121433e-07
qwen3-8b,g24a_fever_165870,exclude_pre,-1,6.243011817848967e-05
qwen3-8b,g24a_fever_165901,admit_post,-1,1.25654170415909e-10
qwen3-8b,g24a_fever_165901,admit_pre,-1,2.069115622354701e-10
qwen3-8b,g24a_fever_165901,base,-1,3.3519334356030566e-10
qwen3-8b,g24a_fever_165901,exclude_post,-1,1.2759333789745566e-10
qwen3-8b,g24a_fever_165901,exclude_pre,-1,2.0704086548288518e-10
qwen3-8b,g24a_fever_165904,admit_post,1,99.99999999999528
qwen3-8b,g24a_fever_165904,admit_pre,1,99.99999999999524
qwen3-8b,g24a_fever_165904,base,1,99.99999999995568
qwen3-8b,g24a_fever_165904,exclude_post,1,99.99999955894069
qwen3-8b,g24a_fever_165904,exclude_pre,1,99.99999999999007
qwen3-8b,g24a_fever_168064,admit_post,1,99.99999999957976
qwen3-8b,g24a_fever_168064,admit_pre,1,99.99999998215647
qwen3-8b,g24a_fever_168064,base,1,99.99999999997829
qwen3-8b,g24a_fever_168064,exclude_post,1,99.99999999996228
qwen3-8b,g24a_fever_168064,exclude_pre,1,99.99995829454679
qwen3-8b,g24a_fever_168073,admit_post,1,99.99999999488904
qwen3-8b,g24a_fever_168073,admit_pre,1,99.9999999994609
qwen3-8b,g24a_fever_168073,base,1,99.99999999987946
qwen3-8b,g24a_fever_168073,exclude_post,1,99.99999563545964
qwen3-8b,g24a_fever_168073,exclude_pre,1,99.99999999853576
qwen3-8b,g24a_fever_169985,admit_post,-1,99.99999964172385
qwen3-8b,g24a_fever_169985,admit_pre,-1,77.76149039284957
qwen3-8b,g24a_fever_169985,base,-1,71.1839446749879
qwen3-8b,g24a_fever_169985,exclude_post,-1,6.174330139525592e-09
qwen3-8b,g24a_fever_169985,exclude_pre,-1,66.73624409361709
qwen3-8b,g24a_fever_172309,admit_post,1,99.99999999999919
qwen3-8b,g24a_fever_172309,admit_pre,1,99.99999999999777
qwen3-8b,g24a_fever_172309,base,1,99.99999999998717
qwen3-8b,g24a_fever_172309,exclude_post,1,99.99999999999524
qwen3-8b,g24a_fever_172309,exclude_pre,1,99.9999999998012
qwen3-8b,g24a_fever_172766,admit_post,-1,6.6242704439921e-08
qwen3-8b,g24a_fever_172766,admit_pre,-1,1.534247656595637e-08
qwen3-8b,g24a_fever_172766,base,-1,1.1862314898166424e-08
qwen3-8b,g24a_fever_172766,exclude_post,-1,1.13934501580477e-08
qwen3-8b,g24a_fever_172766,exclude_pre,-1,7.257909161228163e-09
qwen3-8b,g24a_fever_172768,admit_post,1,99.99999999999005
qwen3-8b,g24a_fever_172768,admit_pre,1,99.99999999996523
qwen3-8b,g24a_fever_172768,base,1,99.99999563567448
qwen3-8b,g24a_fever_172768,exclude_post,1,99.99999878550828
qwen3-8b,g24a_fever_172768,exclude_pre,1,99.99999999997891
qwen3-8b,g24a_fever_174028,admit_post,-1,7.463282704575499e-10
qwen3-8b,g24a_fever_174028,admit_pre,-1,9.428656515346975e-10
qwen3-8b,g24a_fever_174028,base,-1,99.99999999999713
qwen3-8b,g24a_fever_174028,exclude_post,-1,3.368886115794398e-09
qwen3-8b,g24a_fever_174028,exclude_pre,-1,1.559516706714863e-09
qwen3-8b,g24a_fever_174034,admit_post,1,99.99999999999916
qwen3-8b,g24a_fever_174034,admit_pre,1,99.99999999999825
qwen3-8b,g24a_fever_174034,base,1,9.238438158823378e-09
qwen3-8b,g24a_fever_174034,exclude_post,1,0.0001121157979251951
qwen3-8b,g24a_fever_174034,exclude_pre,1,99.99999999999393
qwen3-8b,g24a_fever_17410,admit_post,1,86.87094811371398
qwen3-8b,g24a_fever_17410,admit_pre,1,97.50759614790572
qwen3-8b,g24a_fever_17410,base,1,99.3323704976474
qwen3-8b,g24a_fever_17410,exclude_post,1,75.57903302792268
qwen3-8b,g24a_fever_17410,exclude_pre,1,67.79230913311962
qwen3-8b,g24a_fever_175462,admit_post,-1,7.806425011138311e-11
qwen3-8b,g24a_fever_175462,admit_pre,-1,9.947879448020293e-11
qwen3-8b,g24a_fever_175462,base,-1,2.839386016262272e-11
qwen3-8b,g24a_fever_175462,exclude_post,-1,6.05074754621181e-11
qwen3-8b,g24a_fever_175462,exclude_pre,-1,6.120088184682742e-11
qwen3-8b,g24a_fever_175879,admit_post,1,99.99999999994299
qwen3-8b,g24a_fever_175879,admit_pre,1,99.99999999992677
qwen3-8b,g24a_fever_175879,base,1,65.33412454011669
qwen3-8b,g24a_fever_175879,exclude_post,1,0.0263829630433127
qwen3-8b,g24a_fever_175879,exclude_pre,1,2.0264962957706363
qwen3-8b,g24a_fever_177858,admit_post,1,99.99999999997304
qwen3-8b,g24a_fever_177858,admit_pre,1,99.99999999990571
qwen3-8b,g24a_fever_177858,base,1,0.022710314618255675
qwen3-8b,g24a_fever_177858,exclude_post,1,99.99999999911
qwen3-8b,g24a_fever_177858,exclude_pre,1,99.99999999984476
qwen3-8b,g24a_fever_178167,admit_post,1,99.99999999811779
qwen3-8b,g24a_fever_178167,admit_pre,1,99.99999999974473
qwen3-8b,g24a_fever_178167,base,1,99.99999999994267
qwen3-8b,g24a_fever_178167,exclude_post,1,78.31840001858782
qwen3-8b,g24a_fever_178167,exclude_pre,1,65.57259539151866
qwen3-8b,g24a_fever_179816,admit_post,-1,0.00041280229380385774
qwen3-8b,g24a_fever_179816,admit_pre,-1,89.02374370282133
qwen3-8b,g24a_fever_179816,base,-1,4.071457296428759e-09
qwen3-8b,g24a_fever_179816,exclude_post,-1,1.2121782345407304e-07
qwen3-8b,g24a_fever_179816,exclude_pre,-1,4.083331382125027e-08
qwen3-8b,g24a_fever_179819,admit_post,1,99.99999999999974
qwen3-8b,g24a_fever_179819,admit_pre,1,99.99999999999949
qwen3-8b,g24a_fever_179819,base,1,99.99999992005435
qwen3-8b,g24a_fever_179819,exclude_post,1,18.339433390585807
qwen3-8b,g24a_fever_179819,exclude_pre,1,99.99999999999933
qwen3-8b,g24a_fever_179834,admit_post,1,99.99999999999969
qwen3-8b,g24a_fever_179834,admit_pre,1,99.99999999999392
qwen3-8b,g24a_fever_179834,base,1,99.99999999996506
qwen3-8b,g24a_fever_179834,exclude_post,1,99.99999999990376
qwen3-8b,g24a_fever_179834,exclude_pre,1,99.99999999999712
qwen3-8b,g24a_fever_180691,admit_post,1,99.99999999999817
qwen3-8b,g24a_fever_180691,admit_pre,1,99.99999999999515
qwen3-8b,g24a_fever_180691,base,1,99.99999999998698
qwen3-8b,g24a_fever_180691,exclude_post,1,99.99952147193146
qwen3-8b,g24a_fever_180691,exclude_pre,1,99.9999999999963
qwen3-8b,g24a_fever_180702,admit_post,-1,2.3601248029177323e-07
qwen3-8b,g24a_fever_180702,admit_pre,-1,8.954352843742413e-06
qwen3-8b,g24a_fever_180702,base,-1,99.99999999998721
qwen3-8b,g24a_fever_180702,exclude_post,-1,6.761907240351384e-08
qwen3-8b,g24a_fever_180702,exclude_pre,-1,2.0198446714236244e-09
qwen3-8b,g24a_fever_18333,admit_post,1,99.99999964174972
qwen3-8b,g24a_fever_18333,admit_pre,1,99.9952160260986
qwen3-8b,g24a_fever_18333,base,1,91.87702247138859
qwen3-8b,g24a_fever_18333,exclude_post,1,97.797774910614
qwen3-8b,g24a_fever_18333,exclude_pre,1,99.99998813632322
qwen3-8b,g24a_fever_183452,admit_post,-1,2.571591121610756e-09
qwen3-8b,g24a_fever_183452,admit_pre,-1,7.302119910979995e-10
qwen3-8b,g24a_fever_183452,base,-1,5.070085507803493e-12
qwen3-8b,g24a_fever_183452,exclude_post,-1,1.6339392281284766e-10
qwen3-8b,g24a_fever_183452,exclude_pre,-1,2.184911314315586e-11
qwen3-8b,g24a_fever_184054,admit_post,-1,1.5598338177727513e-09
qwen3-8b,g24a_fever_184054,admit_pre,-1,4.8391382033856364e-11
qwen3-8b,g24a_fever_184054,base,-1,0.008060757458182306
qwen3-8b,g24a_fever_184054,exclude_post,-1,2.1587070212199128e-10
qwen3-8b,g24a_fever_184054,exclude_pre,-1,3.542441581222767e-10
qwen3-8b,g24a_fever_184066,admit_post,1,99.99999999999632
qwen3-8b,g24a_fever_184066,admit_pre,1,99.99999999997299
qwen3-8b,g24a_fever_184066,base,1,99.9999999999729
qwen3-8b,g24a_fever_184066,exclude_post,1,11.920297347191966
qwen3-8b,g24a_fever_184066,exclude_pre,1,99.99999862213201
qwen3-8b,g24a_fever_184294,admit_post,-1,7.570881359659521e-10
qwen3-8b,g24a_fever_184294,admit_pre,-1,4.577443846502589e-10
qwen3-8b,g24a_fever_184294,base,-1,1.1985225326285244e-09
qwen3-8b,g24a_fever_184294,exclude_post,-1,5.774734513070832e-10
qwen3-8b,g24a_fever_184294,exclude_pre,-1,4.578739742396101e-10
qwen3-8b,g24a_fever_184303,admit_post,-1,2.6752384706745385e-09
qwen3-8b,g24a_fever_184303,admit_pre,-1,1.036254237423844e-06
qwen3-8b,g24a_fever_184303,base,-1,8.680800855234111e-09
qwen3-8b,g24a_fever_184303,exclude_post,-1,2.0072296641540626e-09
qwen3-8b,g24a_fever_184303,exclude_pre,-1,1.1504088290355943e-08
qwen3-8b,g24a_fever_184432,admit_post,-1,9.173487731586713e-09
qwen3-8b,g24a_fever_184432,admit_pre,-1,1.175783396286539e-08
qwen3-8b,g24a_fever_184432,base,-1,99.999999999906
qwen3-8b,g24a_fever_184432,exclude_post,-1,4.090039034328461
qwen3-8b,g24a_fever_184432,exclude_pre,-1,2.6974245180776962e-09
qwen3-8b,g24a_fever_185177,admit_post,1,99.9999999999553
qwen3-8b,g24a_fever_185177,admit_pre,1,2.1189968784419196e-10
qwen3-8b,g24a_fever_185177,base,1,99.99999999999974
qwen3-8b,g24a_fever_185177,exclude_post,1,99.99999999852204
qwen3-8b,g24a_fever_185177,exclude_pre,1,1.6270707181996426e-10
qwen3-8b,g24a_fever_187119,admit_post,-1,4.445637987564744e-10
qwen3-8b,g24a_fever_187119,admit_pre,-1,1.1801315076548694e-09
qwen3-8b,g24a_fever_187119,base,-1,8.685442273607421e-09
qwen3-8b,g24a_fever_187119,exclude_post,-1,3.6059348466037144e-10
qwen3-8b,g24a_fever_187119,exclude_pre,-1,2.129992064383003e-10
qwen3-8b,g24a_fever_187323,admit_post,1,99.99999999998354
qwen3-8b,g24a_fever_187323,admit_pre,1,99.99999999997316
qwen3-8b,g24a_fever_187323,base,1,99.9999999999952
qwen3-8b,g24a_fever_187323,exclude_post,1,99.99999999998354
qwen3-8b,g24a_fever_187323,exclude_pre,1,99.99999999999227
qwen3-8b,g24a_fever_189710,admit_post,1,99.99999999999916
qwen3-8b,g24a_fever_189710,admit_pre,1,99.99999999999935
qwen3-8b,g24a_fever_189710,base,1,99.99999999999488
qwen3-8b,g24a_fever_189710,exclude_post,1,99.99999999754506
qwen3-8b,g24a_fever_189710,exclude_pre,1,99.99999999998361
qwen3-8b,g24a_fever_190090,admit_post,1,99.9999999999995
qwen3-8b,g24a_fever_190090,admit_pre,1,99.9999999999995
qwen3-8b,g24a_fever_190090,base,1,99.99999999999889
qwen3-8b,g24a_fever_190090,exclude_post,1,99.99999999994128
qwen3-8b,g24a_fever_190090,exclude_pre,1,99.99999999999824
qwen3-8b,g24a_fever_191263,admit_post,1,99.99999999997304
qwen3-8b,g24a_fever_191263,admit_pre,1,99.99999999998727
qwen3-8b,g24a_fever_191263,base,1,99.99999999997874
qwen3-8b,g24a_fever_191263,exclude_post,1,11.920315229132619
qwen3-8b,g24a_fever_191263,exclude_pre,1,99.99999999945811
qwen3-8b,g24a_fever_19204,admit_post,1,99.99999999992697
qwen3-8b,g24a_fever_19204,admit_pre,1,99.99999999996548
qwen3-8b,g24a_fever_19204,base,1,99.92562975987485
qwen3-8b,g24a_fever_19204,exclude_post,1,99.99999999758126
qwen3-8b,g24a_fever_19204,exclude_pre,1,99.99999999910806
qwen3-8b,g24a_fever_193458,admit_post,1,99.99999999999004
qwen3-8b,g24a_fever_193458,admit_pre,1,99.99999999997895
qwen3-8b,g24a_fever_193458,base,1,99.99999999974476
qwen3-8b,g24a_fever_193458,exclude_post,1,99.99999999488713
qwen3-8b,g24a_fever_193458,exclude_pre,1,99.99999999979585
qwen3-8b,g24a_fever_194486,admit_post,1,99.9999999999836
qwen3-8b,g24a_fever_194486,admit_pre,1,99.99999999999524
qwen3-8b,g24a_fever_194486,base,1,99.99999999987968
qwen3-8b,g24a_fever_194486,exclude_post,1,99.99999999998695
qwen3-8b,g24a_fever_194486,exclude_pre,1,99.99999999999916
qwen3-8b,g24a_fever_1947,admit_post,1,99.99999999999864
qwen3-8b,g24a_fever_1947,admit_pre,1,99.99999999999532
qwen3-8b,g24a_fever_1947,base,1,99.99999999997888
qwen3-8b,g24a_fever_1947,exclude_post,1,99.9999978660969
qwen3-8b,g24a_fever_1947,exclude_pre,1,99.99999999996547
qwen3-8b,g24a_fever_195208,admit_post,1,99.99999999990604
qwen3-8b,g24a_fever_195208,admit_pre,1,99.99999999967227
qwen3-8b,g24a_fever_195208,base,1,99.99999999998356
qwen3-8b,g24a_fever_195208,exclude_post,1,99.99999999967218
qwen3-8b,g24a_fever_195208,exclude_pre,1,99.9999999821483
qwen3-8b,g24a_fever_195370,admit_post,-1,2.0105181754488067e-09
qwen3-8b,g24a_fever_195370,admit_pre,-1,1.5434808887219488e-09
qwen3-8b,g24a_fever_195370,base,-1,99.99999998913923
qwen3-8b,g24a_fever_195370,exclude_post,-1,5.449636744306594e-08
qwen3-8b,g24a_fever_195370,exclude_pre,-1,7.428741577737008e-10
qwen3-8b,g24a_fever_195912,admit_post,-1,1.2267357460595067e-09
qwen3-8b,g24a_fever_195912,admit_pre,-1,2.022411893998187e-09
qwen3-8b,g24a_fever_195912,base,-1,3.064008265422781e-08
qwen3-8b,g24a_fever_195912,exclude_post,-1,0.03353508101393331
qwen3-8b,g24a_fever_195912,exclude_pre,-1,6.584317761449001e-11
qwen3-8b,g24a_fever_198067,admit_post,-1,7.476350298976815e-10
qwen3-8b,g24a_fever_198067,admit_pre,-1,2.0635952664249366e-09
qwen3-8b,g24a_fever_198067,base,-1,8.964877945340619e-05
qwen3-8b,g24a_fever_198067,exclude_post,-1,1.327160016606741e-07
qwen3-8b,g24a_fever_198067,exclude_pre,-1,7.538381012903056e-10
qwen3-8b,g24a_fever_199265,admit_post,-1,7.461493166205344e-09
qwen3-8b,g24a_fever_199265,admit_pre,-1,99.59290557198614
qwen3-8b,g24a_fever_199265,base,-1,1.282183036967834e-10
qwen3-8b,g24a_fever_199265,exclude_post,-1,1.623628466184849e-09
qwen3-8b,g24a_fever_199265,exclude_pre,-1,2.3755691543560953e-09
qwen3-8b,g24a_fever_200293,admit_post,1,99.99999563460622
qwen3-8b,g24a_fever_200293,admit_pre,1,99.999994395734
qwen3-8b,g24a_fever_200293,base,1,88.36197516878508
qwen3-8b,g24a_fever_200293,exclude_post,1,99.99999735239824
qwen3-8b,g24a_fever_200293,exclude_pre,1,99.99999439562161
qwen3-8b,g24a_fever_201603,admit_post,1,99.99999999811833
qwen3-8b,g24a_fever_201603,admit_pre,1,99.99999989734138
qwen3-8b,g24a_fever_201603,base,1,88.88907386944692
qwen3-8b,g24a_fever_201603,exclude_post,1,99.9982394707825
qwen3-8b,g24a_fever_201603,exclude_pre,1,99.99999983072318
qwen3-8b,g24a_fever_201748,admit_post,-1,77.82538567695954
qwen3-8b,g24a_fever_201748,admit_pre,-1,77.85493776974448
qwen3-8b,g24a_fever_201748,base,-1,65.17907995319632
qwen3-8b,g24a_fever_201748,exclude_post,-1,88.49830291974763
qwen3-8b,g24a_fever_201748,exclude_pre,-1,66.59389265353992
qwen3-8b,g24a_fever_201793,admit_post,1,99.99999999999935
qwen3-8b,g24a_fever_201793,admit_pre,1,99.99999999999935
qwen3-8b,g24a_fever_201793,base,1,99.9999999999962
qwen3-8b,g24a_fever_201793,exclude_post,1,49.999998866745614
qwen3-8b,g24a_fever_201793,exclude_pre,1,99.99999859909252
qwen3-8b,g24a_fever_202032,admit_post,-1,4.01251530094408e-08
qwen3-8b,g24a_fever_202032,admit_pre,-1,1.8699962916062972e-08
qwen3-8b,g24a_fever_202032,base,-1,3.028506949784262e-08
qwen3-8b,g24a_fever_202032,exclude_post,-1,5.5068239057509554e-08
qwen3-8b,g24a_fever_202032,exclude_pre,-1,1.457399984359937e-07
qwen3-8b,g24a_fever_202789,admit_post,-1,86.8502630724916
qwen3-8b,g24a_fever_202789,admit_pre,-1,0.034861803659119985
qwen3-8b,g24a_fever_202789,base,-1,68.23763447002025
qwen3-8b,g24a_fever_202789,exclude_post,-1,98.97819085043851
qwen3-8b,g24a_fever_202789,exclude_pre,-1,3.1225642336118946e-06
qwen3-8b,g24a_fever_20291,admit_post,1,99.99999999999893
qwen3-8b,g24a_fever_20291,admit_pre,1,99.99999999999777
qwen3-8b,g24a_fever_20291,base,1,99.99999999999372
qwen3-8b,g24a_fever_20291,exclude_post,1,99.98415626391177
qwen3-8b,g24a_fever_20291,exclude_pre,1,99.99999999997813
qwen3-8b,g24a_fever_202928,admit_post,-1,2.1905736361394832e-08
qwen3-8b,g24a_fever_202928,admit_pre,-1,5.5182511308355097e-08
qwen3-8b,g24a_fever_202928,base,-1,0.0010719426149373473
qwen3-8b,g24a_fever_202928,exclude_post,-1,1.2703663854490732e-09
qwen3-8b,g24a_fever_202928,exclude_pre,-1,2.843990872347423e-09
qwen3-8b,g24a_fever_203053,admit_post,1,99.9999999999953
qwen3-8b,g24a_fever_203053,admit_pre,1,99.99999999999892
qwen3-8b,g24a_fever_203053,base,1,99.99999999998721
qwen3-8b,g24a_fever_203053,exclude_post,1,99.99999999974442
qwen3-8b,g24a_fever_203053,exclude_pre,1,99.99999999999895
qwen3-8b,g24a_fever_204355,admit_post,-1,2.4062441276080664e-08
qwen3-8b,g24a_fever_204355,admit_pre,-1,1.4583827574921035e-08
qwen3-8b,g24a_fever_204355,base,-1,99.99999563567458
qwen3-8b,g24a_fever_204355,exclude_post,-1,7.2657358971759695e-09
qwen3-8b,g24a_fever_204355,exclude_pre,-1,1.5384954482687033e-08
qwen3-8b,g24a_fever_204643,admit_post,-1,5.6432427854440566e-09
qwen3-8b,g24a_fever_204643,admit_pre,-1,3.3550609621959763e-09
qwen3-8b,g24a_fever_204643,base,-1,5.944530970759509e-07
qwen3-8b,g24a_fever_204643,exclude_post,-1,1.767062320085359e-10
qwen3-8b,g24a_fever_204643,exclude_pre,-1,1.2147775440111814e-09
qwen3-8b,g24a_fever_204981,admit_post,1,99.99999999999773
qwen3-8b,g24a_fever_204981,admit_pre,1,99.99999999999825
qwen3-8b,g24a_fever_204981,base,1,99.99999999998914
qwen3-8b,g24a_fever_204981,exclude_post,1,99.99999999283722
qwen3-8b,g24a_fever_204981,exclude_pre,1,99.99999999999523
qwen3-8b,g24a_fever_205063,admit_post,1,99.99999999999895
qwen3-8b,g24a_fever_205063,admit_pre,1,99.9999999999938
qwen3-8b,g24a_fever_205063,base,1,99.99999999998717
qwen3-8b,g24a_fever_205063,exclude_post,1,99.99999999996503
qwen3-8b,g24a_fever_205063,exclude_pre,1,99.99999999998978
qwen3-8b,g24a_fever_206730,admit_post,-1,2.048261017465725e-10
qwen3-8b,g24a_fever_206730,admit_pre,-1,2.0804131948185926e-10
qwen3-8b,g24a_fever_206730,base,-1,1.6152923008523248e-10
qwen3-8b,g24a_fever_206730,exclude_post,-1,2.9816850183546946e-12
qwen3-8b,g24a_fever_206730,exclude_pre,-1,5.837853395294976e-10
qwen3-8b,g24a_fever_207528,admit_post,1,99.9999999999836
qwen3-8b,g24a_fever_207528,admit_pre,1,99.99999999998722
qwen3-8b,g24a_fever_207528,base,1,99.99999999997232
qwen3-8b,g24a_fever_207528,exclude_post,1,99.99999997879618
qwen3-8b,g24a_fever_207528,exclude_pre,1,99.9999999999556
qwen3-8b,g24a_fever_207669,admit_post,1,99.99999999999719
qwen3-8b,g24a_fever_207669,admit_pre,1,99.99999999999719
qwen3-8b,g24a_fever_207669,base,1,99.999999999994
qwen3-8b,g24a_fever_207669,exclude_post,1,99.99999874956615
qwen3-8b,g24a_fever_207669,exclude_pre,1,99.99999999998369
qwen3-8b,g24a_fever_208159,admit_post,1,99.99999999999949
qwen3-8b,g24a_fever_208159,admit_pre,1,99.99999999999986
qwen3-8b,g24a_fever_208159,base,1,99.99999999999228
qwen3-8b,g24a_fever_208159,exclude_post,1,99.92903281316677
qwen3-8b,g24a_fever_208159,exclude_pre,1,99.99999999999524
qwen3-8b,g24a_fever_209086,admit_post,1,99.99999999999825
qwen3-8b,g24a_fever_209086,admit_pre,1,99.99999999999224
qwen3-8b,g24a_fever_209086,base,1,99.99999999999775
qwen3-8b,g24a_fever_209086,exclude_post,1,99.99986289468106
qwen3-8b,g24a_fever_209086,exclude_pre,1,99.99999999999214
qwen3-8b,g24a_fever_209863,admit_post,-1,9.097740639648408e-11
qwen3-8b,g24a_fever_209863,admit_pre,-1,1.0885454105324141e-10
qwen3-8b,g24a_fever_209863,base,-1,1.0679550375045579e-10
qwen3-8b,g24a_fever_209863,exclude_post,-1,1.4491839731457347e-05
qwen3-8b,g24a_fever_209863,exclude_pre,-1,5.109222427908596e-11
qwen3-8b,g24a_fever_212767,admit_post,1,99.99999999999864
qwen3-8b,g24a_fever_212767,admit_pre,1,99.99999999930608
qwen3-8b,g24a_fever_212767,base,1,99.99999999984502
qwen3-8b,g24a_fever_212767,exclude_post,1,77.72994734558051
qwen3-8b,g24a_fever_212767,exclude_pre,1,99.99999999957943
qwen3-8b,g24a_fever_21345,admit_post,1,99.77190617914601
qwen3-8b,g24a_fever_21345,admit_pre,1,99.99999986788617
qwen3-8b,g24a_fever_21345,base,1,3.6244642057757466e-11
qwen3-8b,g24a_fever_21345,exclude_post,1,9.743423310968957e-09
qwen3-8b,g24a_fever_21345,exclude_pre,1,0.1791540068400453
qwen3-8b,g24a_fever_21494,admit_post,1,99.99999999910686
qwen3-8b,g24a_fever_21494,admit_pre,1,99.99985288564552
qwen3-8b,g24a_fever_21494,base,1,99.99999989434679
qwen3-8b,g24a_fever_21494,exclude_post,1,99.94407883606198
qwen3-8b,g24a_fever_21494,exclude_pre,1,99.99999993759768
qwen3-8b,g24a_fever_2150,admit_post,1,99.99999999999528
qwen3-8b,g24a_fever_2150,admit_pre,1,99.99999999995563
qwen3-8b,g24a_fever_2150,base,1,99.99999999999916
qwen3-8b,g24a_fever_2150,exclude_post,1,99.99999999990352
qwen3-8b,g24a_fever_2150,exclude_pre,1,99.99999999998715
qwen3-8b,g24a_fever_215224,admit_post,-1,1.4984412254858065e-05
qwen3-8b,g24a_fever_215224,admit_pre,-1,1.837573215896283e-06
qwen3-8b,g24a_fever_215224,base,-1,99.99999989729118
qwen3-8b,g24a_fever_215224,exclude_post,-1,8.523151086747327e-06
qwen3-8b,g24a_fever_215224,exclude_pre,-1,2.0434646669260167e-08
qwen3-8b,g24a_fever_216585,admit_post,1,99.99999999990632
qwen3-8b,g24a_fever_216585,admit_pre,1,99.99999999996548
qwen3-8b,g24a_fever_216585,base,1,99.9999999996731
qwen3-8b,g24a_fever_216585,exclude_post,1,99.99999997708241
qwen3-8b,g24a_fever_216585,exclude_pre,1,99.99999999758447
qwen3-8b,g24a_fever_216595,admit_post,1,99.99999998607528
qwen3-8b,g24a_fever_216595,admit_pre,1,99.99823807727465
qwen3-8b,g24a_fever_216595,base,1,3.7623754563752775e-11
qwen3-8b,g24a_fever_216595,exclude_post,1,2.368200172461976e-08
qwen3-8b,g24a_fever_216595,exclude_pre,1,0.05761861714257663
qwen3-8b,g24a_fever_218104,admit_post,1,99.99999999688379
qwen3-8b,g24a_fever_218104,admit_pre,1,99.99999999957855
qwen3-8b,g24a_fever_218104,base,1,9.076019249228235e-11
qwen3-8b,g24a_fever_218104,exclude_post,1,99.9999999988371
qwen3-8b,g24a_fever_218104,exclude_pre,1,99.99999999910521
qwen3-8b,g24a_fever_218111,admit_post,-1,3.523727613051956e-10
qwen3-8b,g24a_fever_218111,admit_pre,-1,1.6443284989153137e-10
qwen3-8b,g24a_fever_218111,base,-1,4.304497444629756e-09
qwen3-8b,g24a_fever_218111,exclude_post,-1,2.538796582389575e-09
qwen3-8b,g24a_fever_218111,exclude_pre,-1,2.143581552800915e-10
qwen3-8b,g24a_fever_219688,admit_post,-1,6.28456332550665e-11
qwen3-8b,g24a_fever_219688,admit_pre,-1,4.765306497728383e-11
qwen3-8b,g24a_fever_219688,base,-1,3.703880994803023e-11
qwen3-8b,g24a_fever_219688,exclude_post,-1,1.3578943052781128e-10
qwen3-8b,g24a_fever_219688,exclude_pre,-1,1.696780829124105e-10
qwen3-8b,g24a_fever_21986,admit_post,-1,1.9364850620357983e-09
qwen3-8b,g24a_fever_21986,admit_pre,-1,4.382264792062039e-10
qwen3-8b,g24a_fever_21986,base,-1,96.43531463875875
qwen3-8b,g24a_fever_21986,exclude_post,-1,5.614208387303492e-10
qwen3-8b,g24a_fever_21986,exclude_pre,-1,4.3961733072495357e-10
qwen3-8b,g24a_fever_220461,admit_post,1,99.99999999992684
qwen3-8b,g24a_fever_220461,admit_pre,1,99.99999999997904
qwen3-8b,g24a_fever_220461,base,1,99.99999999998985
qwen3-8b,g24a_fever_220461,exclude_post,1,99.99999999908908
qwen3-8b,g24a_fever_220461,exclude_pre,1,99.99999999598823
qwen3-8b,g24a_fever_22096,admit_post,1,99.99999999999989
qwen3-8b,g24a_fever_22096,admit_pre,1,99.99999999999974
qwen3-8b,g24a_fever_22096,base,1,99.99999999996523
qwen3-8b,g24a_fever_22096,exclude_post,1,99.99999999996527
qwen3-8b,g24a_fever_22096,exclude_pre,1,99.9999999999963
qwen3-8b,g24a_fever_222170,admit_post,1,99.9999999999556
qwen3-8b,g24a_fever_222170,admit_pre,1,99.99999999998364
qwen3-8b,g24a_fever_222170,base,1,55.555464195945916
qwen3-8b,g24a_fever_222170,exclude_post,1,99.95471183232976
qwen3-8b,g24a_fever_222170,exclude_pre,1,99.99999999994277
qwen3-8b,g24a_fever_222174,admit_post,-1,6.657042556209565e-10
qwen3-8b,g24a_fever_222174,admit_pre,-1,99.95842132647783
qwen3-8b,g24a_fever_222174,base,-1,46.903285396805195
qwen3-8b,g24a_fever_222174,exclude_post,-1,2.7471870459169587e-08
qwen3-8b,g24a_fever_222174,exclude_pre,-1,87.90464499087439
qwen3-8b,g24a_fever_222721,admit_post,1,99.99999999601934
qwen3-8b,g24a_fever_222721,admit_pre,1,99.99999940933115
qwen3-8b,g24a_fever_222721,base,1,99.99996775190102
qwen3-8b,g24a_fever_222721,exclude_post,1,99.99755272522712
qwen3-8b,g24a_fever_222721,exclude_pre,1,99.99998476689206
qwen3-8b,g24a_fever_222730,admit_post,1,99.99999999958033
qwen3-8b,g24a_fever_222730,admit_pre,1,99.9999999998456
qwen3-8b,g24a_fever_222730,base,1,99.99999999157403
qwen3-8b,g24a_fever_222730,exclude_post,1,99.99999992005206
qwen3-8b,g24a_fever_222730,exclude_pre,1,99.99999999910993
qwen3-8b,g24a_fever_223491,admit_post,-1,1.3413043620872962e-10
qwen3-8b,g24a_fever_223491,admit_pre,-1,5.445204615270995e-09
qwen3-8b,g24a_fever_223491,base,-1,24.458876827655246
qwen3-8b,g24a_fever_223491,exclude_post,-1,2.342065218493692e-10
qwen3-8b,g24a_fever_223491,exclude_pre,-1,1.9291685157797907e-08
qwen3-8b,g24a_fever_225802,admit_post,1,99.99999999999916
qwen3-8b,g24a_fever_225802,admit_pre,1,99.99999999999959
qwen3-8b,g24a_fever_225802,base,1,99.99999999998354
qwen3-8b,g24a_fever_225802,exclude_post,1,99.99999999998995
qwen3-8b,g24a_fever_225802,exclude_pre,1,99.99999999999005
qwen3-8b,g24a_fever_227083,admit_post,1,99.99999999999964
qwen3-8b,g24a_fever_227083,admit_pre,1,99.99999999999976
qwen3-8b,g24a_fever_227083,base,1,99.99999999999892
qwen3-8b,g24a_fever_227083,exclude_post,1,99.88304860894624
qwen3-8b,g24a_fever_227083,exclude_pre,1,99.99999999999945
qwen3-8b,g24a_fever_227095,admit_post,-1,2.2356111870139577e-10
qwen3-8b,g24a_fever_227095,admit_pre,-1,2.9671453204779797e-11
qwen3-8b,g24a_fever_227095,base,-1,86.41422580596117
qwen3-8b,g24a_fever_227095,exclude_post,-1,2.0770481352974414e-11
qwen3-8b,g24a_fever_227095,exclude_pre,-1,4.8702651843963354e-11
qwen3-8b,g24a_fever_227129,admit_post,1,99.9999999999998
qwen3-8b,g24a_fever_227129,admit_pre,1,99.99999999999628
qwen3-8b,g24a_fever_227129,base,1,99.99999999998994
qwen3-8b,g24a_fever_227129,exclude_post,1,0.012349841926149747
qwen3-8b,g24a_fever_227129,exclude_pre,1,99.99999999996481
qwen3-8b,g24a_fever_22805,admit_post,1,99.99999999999635
qwen3-8b,g24a_fever_22805,admit_pre,1,99.99999999996544
qwen3-8b,g24a_fever_22805,base,1,99.99999999997284
qwen3-8b,g24a_fever_22805,exclude_post,1,99.99999996175579
qwen3-8b,g24a_fever_22805,exclude_pre,1,99.99999999999712
qwen3-8b,g24a_fever_228063,admit_post,1,99.99999999999632
qwen3-8b,g24a_fever_228063,admit_pre,1,99.99999999974504
qwen3-8b,g24a_fever_228063,base,1,99.99999999999866
qwen3-8b,g24a_fever_228063,exclude_post,1,99.9999999999653
qwen3-8b,g24a_fever_228063,exclude_pre,1,99.99999999994287
qwen3-8b,g24a_fever_23861,admit_post,-1,1.855261241955223e-08
qwen3-8b,g24a_fever_23861,admit_pre,-1,6.677981107119218e-08
qwen3-8b,g24a_fever_23861,base,-1,0.001068987966611352
qwen3-8b,g24a_fever_23861,exclude_post,-1,3.2565478432812143e-09
qwen3-8b,g24a_fever_23861,exclude_pre,-1,1.4336891923198856e-08
qwen3-8b,g24a_fever_24264,admit_post,1,99.9999999770821
qwen3-8b,g24a_fever_24264,admit_pre,1,99.99999563559187
qwen3-8b,g24a_fever_24264,base,1,99.99999999999487
qwen3-8b,g24a_fever_24264,exclude_post,1,99.99999953996235
qwen3-8b,g24a_fever_24264,exclude_pre,1,99.99999999853189
qwen3-8b,g24a_fever_25705,admit_post,1,99.99999999758526
qwen3-8b,g24a_fever_25705,admit_pre,1,99.99949556917475
qwen3-8b,g24a_fever_25705,base,1,99.99993173111929
qwen3-8b,g24a_fever_25705,exclude_post,1,99.88919298812726
qwen3-8b,g24a_fever_25705,exclude_pre,1,99.99988741674021
qwen3-8b,g24a_fever_25906,admit_post,-1,6.032950703540131e-11
qwen3-8b,g24a_fever_25906,admit_pre,-1,2.259422585856137e-11
qwen3-8b,g24a_fever_25906,base,-1,2.028649033619917e-10
qwen3-8b,g24a_fever_25906,exclude_post,-1,7.753861413847717e-11
qwen3-8b,g24a_fever_25906,exclude_pre,-1,1.635606815904051e-10
qwen3-8b,g24a_fever_2616,admit_post,1,99.999999997585
qwen3-8b,g24a_fever_2616,admit_pre,1,99.99999735288056
qwen3-8b,g24a_fever_2616,base,1,99.99999660107294
qwen3-8b,g24a_fever_2616,exclude_post,1,99.99999999885216
qwen3-8b,g24a_fever_2616,exclude_pre,1,99.99985547609289
qwen3-8b,g24a_fever_26224,admit_post,1,99.99999999999007
qwen3-8b,g24a_fever_26224,admit_pre,1,99.99999999999396
qwen3-8b,g24a_fever_26224,base,1,99.94199854567363
qwen3-8b,g24a_fever_26224,exclude_post,1,99.99999999885287
qwen3-8b,g24a_fever_26224,exclude_pre,1,99.999999999906
qwen3-8b,g24a_fever_27269,admit_post,-1,1.502514011135412e-08
qwen3-8b,g24a_fever_27269,admit_pre,-1,6.489364294240467e-05
qwen3-8b,g24a_fever_27269,base,-1,25.2189471324398
qwen3-8b,g24a_fever_27269,exclude_post,-1,1.652412217052406e-06
qwen3-8b,g24a_fever_27269,exclude_pre,-1,5.837009528539268e-10
qwen3-8b,g24a_fever_27294,admit_post,-1,1.783795724920702e-11
qwen3-8b,g24a_fever_27294,admit_pre,-1,1.387651485239068e-11
qwen3-8b,g24a_fever_27294,base,-1,2.306588473013386e-12
qwen3-8b,g24a_fever_27294,exclude_post,-1,7.025128487019892e-12
qwen3-8b,g24a_fever_27294,exclude_pre,-1,6.494652833360217e-12
qwen3-8b,g24a_fever_27455,admit_post,-1,2.4392136770553956e-10
qwen3-8b,g24a_fever_27455,admit_pre,-1,4.523266826883513e-09
qwen3-8b,g24a_fever_27455,base,-1,35.122095922757225
qwen3-8b,g24a_fever_27455,exclude_post,-1,1.9267907900233492e-10
qwen3-8b,g24a_fever_27455,exclude_pre,-1,8.03831801843902e-09
qwen3-8b,g24a_fever_28525,admit_post,-1,2.140138597247682e-09
qwen3-8b,g24a_fever_28525,admit_pre,-1,3.355653386771606e-11
qwen3-8b,g24a_fever_28525,base,-1,1.0906612725344907e-07
qwen3-8b,g24a_fever_28525,exclude_post,-1,9.313298031141212e-10
qwen3-8b,g24a_fever_28525,exclude_pre,-1,4.91329020451792e-10
qwen3-8b,g24a_fever_28754,admit_post,-1,2.120282031816816e-08
qwen3-8b,g24a_fever_28754,admit_pre,-1,1.153114931789093e-08
qwen3-8b,g24a_fever_28754,base,-1,99.99999978270517
qwen3-8b,g24a_fever_28754,exclude_post,-1,0.03800572507174529
qwen3-8b,g24a_fever_28754,exclude_pre,-1,9.937563529993573e-09
qwen3-8b,g24a_fever_28867,admit_post,-1,2.324591358476021e-11
qwen3-8b,g24a_fever_28867,admit_pre,-1,5.752037284628243e-10
qwen3-8b,g24a_fever_28867,base,-1,99.6649005767788
qwen3-8b,g24a_fever_28867,exclude_post,-1,2.4669135471847607e-12
qwen3-8b,g24a_fever_28867,exclude_pre,-1,5.214361533758328e-12
qwen3-8b,g24a_fever_29092,admit_post,-1,8.677228242462836e-09
qwen3-8b,g24a_fever_29092,admit_pre,-1,1.1855012593802576e-09
qwen3-8b,g24a_fever_29092,base,-1,11.172246573311005
qwen3-8b,g24a_fever_29092,exclude_post,-1,7.416164967533573e-10
qwen3-8b,g24a_fever_29092,exclude_pre,-1,4.568376968632839e-10
qwen3-8b,g24a_fever_29142,admit_post,1,99.99999999957961
qwen3-8b,g24a_fever_29142,admit_pre,1,99.99999999974533
qwen3-8b,g24a_fever_29142,base,1,40.291838606765225
qwen3-8b,g24a_fever_29142,exclude_post,1,99.99999997697253
qwen3-8b,g24a_fever_29142,exclude_pre,1,99.99999999599923
qwen3-8b,g24a_fever_29550,admit_post,1,99.99999999998347
qwen3-8b,g24a_fever_29550,admit_pre,1,99.99999999853225
qwen3-8b,g24a_fever_29550,base,1,99.99999660103005
qwen3-8b,g24a_fever_29550,exclude_post,1,99.99999999928167
qwen3-8b,g24a_fever_29550,exclude_pre,1,99.99999999911057
qwen3-8b,g24a_fever_29556,admit_post,1,99.99999999999778
qwen3-8b,g24a_fever_29556,admit_pre,1,99.99999999999716
qwen3-8b,g24a_fever_29556,base,1,99.99999999999659
qwen3-8b,g24a_fever_29556,exclude_post,1,99.99999999997245
qwen3-8b,g24a_fever_29556,exclude_pre,1,99.99999999999396
qwen3-8b,g24a_fever_29861,admit_post,1,99.99999999999864
qwen3-8b,g24a_fever_29861,admit_pre,1,99.99999999999966
qwen3-8b,g24a_fever_29861,base,1,99.99999999999733
qwen3-8b,g24a_fever_29861,exclude_post,1,99.99999999999704
qwen3-8b,g24a_fever_29861,exclude_pre,1,99.99999999999812
qwen3-8b,g24a_fever_30014,admit_post,-1,7.399013633586565e-10
qwen3-8b,g24a_fever_30014,admit_pre,-1,7.293410524504293e-10
qwen3-8b,g24a_fever_30014,base,-1,99.99999999957957
qwen3-8b,g24a_fever_30014,exclude_post,-1,1.3772562112553435e-10
qwen3-8b,g24a_fever_30014,exclude_pre,-1,2.081625813715904e-09
qwen3-8b,g24a_fever_31192,admit_post,1,99.99999999998369
qwen3-8b,g24a_fever_31192,admit_pre,1,99.99999999999778
qwen3-8b,g24a_fever_31192,base,1,99.99999999999922
qwen3-8b,g24a_fever_31192,exclude_post,1,99.99999902616132
qwen3-8b,g24a_fever_31192,exclude_pre,1,99.99999999984526
qwen3-8b,g24a_fever_31581,admit_post,-1,5.611834746780007e-10
qwen3-8b,g24a_fever_31581,admit_pre,-1,1.000897974098371e-10
qwen3-8b,g24a_fever_31581,base,-1,3.553444855247992e-10
qwen3-8b,g24a_fever_31581,exclude_post,-1,1.8800742152489813e-09
qwen3-8b,g24a_fever_31581,exclude_pre,-1,1.8178657073554447e-11
qwen3-8b,g24a_fever_33055,admit_post,-1,4.0825505122844253e-07
qwen3-8b,g24a_fever_33055,admit_pre,-1,35.48951718236285
qwen3-8b,g24a_fever_33055,base,-1,63.101802601060626
qwen3-8b,g24a_fever_33055,exclude_post,-1,1.4823684200332213e-09
qwen3-8b,g24a_fever_33055,exclude_pre,-1,39.655504897859615
qwen3-8b,g24a_fever_33196,admit_post,1,99.99999999984516
qwen3-8b,g24a_fever_33196,admit_pre,1,99.99999839437605
qwen3-8b,g24a_fever_33196,base,1,99.99999998610198
qwen3-8b,g24a_fever_33196,exclude_post,1,6.71591527695511e-08
qwen3-8b,g24a_fever_33196,exclude_pre,1,99.9999999994578
qwen3-8b,g24a_fever_35030,admit_post,1,56.0235884517871
qwen3-8b,g24a_fever_35030,admit_pre,1,86.19910091283442
qwen3-8b,g24a_fever_35030,base,1,81.9726727064876
qwen3-8b,g24a_fever_35030,exclude_post,1,68.00382610102545
qwen3-8b,g24a_fever_35030,exclude_pre,1,77.32118412537818
qwen3-8b,g24a_fever_3518,admit_post,-1,1.3531667596992433e-10
qwen3-8b,g24a_fever_3518,admit_pre,-1,4.608221788397749e-10
qwen3-8b,g24a_fever_3518,base,-1,1.729450440452585e-11
qwen3-8b,g24a_fever_3518,exclude_post,-1,2.949008119613874e-08
qwen3-8b,g24a_fever_3518,exclude_pre,-1,5.225915177337854e-10
qwen3-8b,g24a_fever_35881,admit_post,1,99.9999999998448
qwen3-8b,g24a_fever_35881,admit_pre,1,99.99999999974301
qwen3-8b,g24a_fever_35881,base,1,99.99999983059864
qwen3-8b,g24a_fever_35881,exclude_post,1,0.015844458761661386
qwen3-8b,g24a_fever_35881,exclude_pre,1,99.99999997050072
qwen3-8b,g24a_fever_36886,admit_post,-1,99.99999999958007
qwen3-8b,g24a_fever_36886,admit_pre,-1,99.99999999999011
qwen3-8b,g24a_fever_36886,base,-1,99.99999999930773
qwen3-8b,g24a_fever_36886,exclude_post,-1,99.9999999705606
qwen3-8b,g24a_fever_36886,exclude_pre,-1,99.99999999998715
qwen3-8b,g24a_fever_37067,admit_post,1,99.99999999974483
qwen3-8b,g24a_fever_37067,admit_pre,1,99.99999999984533
qwen3-8b,g24a_fever_37067,base,1,4.6633425811428895e-07
qwen3-8b,g24a_fever_37067,exclude_post,1,99.99999999957939
qwen3-8b,g24a_fever_37067,exclude_pre,1,99.99999999757776
qwen3-8b,g24a_fever_38029,admit_post,1,99.99999999946051
qwen3-8b,g24a_fever_38029,admit_pre,1,99.9999999200557
qwen3-8b,g24a_fever_38029,base,1,99.99999999974547
qwen3-8b,g24a_fever_38029,exclude_post,1,99.9998953939122
qwen3-8b,g24a_fever_38029,exclude_pre,1,99.99999999758444
qwen3-8b,g24a_fever_39612,admit_post,1,88.90241168661903
qwen3-8b,g24a_fever_39612,admit_pre,1,77.72454917767794
qwen3-8b,g24a_fever_39612,base,1,77.6825123051935
qwen3-8b,g24a_fever_39612,exclude_post,1,74.19017736425711
qwen3-8b,g24a_fever_39612,exclude_pre,1,77.80349090943305
qwen3-8b,g24a_fever_40528,admit_post,-1,3.93106008275855e-11
qwen3-8b,g24a_fever_40528,admit_pre,-1,3.86470515297724e-11
qwen3-8b,g24a_fever_40528,base,-1,1.6004773843166e-11
qwen3-8b,g24a_fever_40528,exclude_post,-1,4.993994747243045e-11
qwen3-8b,g24a_fever_40528,exclude_pre,-1,4.1822090849010984e-11
qwen3-8b,g24a_fever_41810,admit_post,-1,9.664850626453487e-09
qwen3-8b,g24a_fever_41810,admit_pre,-1,99.99999999974405
qwen3-8b,g24a_fever_41810,base,-1,2.0771399136678726e-09
qwen3-8b,g24a_fever_41810,exclude_post,-1,8.617599810048504e-09
qwen3-8b,g24a_fever_41810,exclude_pre,-1,2.4104911358765455e-08
qwen3-8b,g24a_fever_4280,admit_post,-1,1.0620349021208641e-10
qwen3-8b,g24a_fever_4280,admit_pre,-1,2.8185126375055145e-10
qwen3-8b,g24a_fever_4280,base,-1,3.999151213528847e-11
qwen3-8b,g24a_fever_4280,exclude_post,-1,3.4790221196441245e-11
qwen3-8b,g24a_fever_4280,exclude_pre,-1,2.328187261933961e-11
qwen3-8b,g24a_fever_43458,admit_post,1,99.99999999999972
qwen3-8b,g24a_fever_43458,admit_pre,1,99.9999999999996
qwen3-8b,g24a_fever_43458,base,1,99.99999999999773
qwen3-8b,g24a_fever_43458,exclude_post,1,99.99999999944517
qwen3-8b,g24a_fever_43458,exclude_pre,1,99.99999999999984
qwen3-8b,g24a_fever_44156,admit_post,-1,1.2665968307433785e-10
qwen3-8b,g24a_fever_44156,admit_pre,-1,2.1211047313144382e-10
qwen3-8b,g24a_fever_44156,base,-1,1.4208055060707665e-08
qwen3-8b,g24a_fever_44156,exclude_post,-1,1.313261541435307e-10
qwen3-8b,g24a_fever_44156,exclude_pre,-1,2.788621998034133e-10
qwen3-8b,g24a_fever_45143,admit_post,1,99.99999997708859
qwen3-8b,g24a_fever_45143,admit_pre,1,99.99999986818398
qwen3-8b,g24a_fever_45143,base,1,30.335160190314923
qwen3-8b,g24a_fever_45143,exclude_post,1,0.535723573468315
qwen3-8b,g24a_fever_45143,exclude_pre,1,99.99999439505447
qwen3-8b,g24a_fever_45205,admit_post,-1,5.757941654066886e-10
qwen3-8b,g24a_fever_45205,admit_pre,-1,1.2168741969929365e-09
qwen3-8b,g24a_fever_45205,base,-1,88.25794023523324
qwen3-8b,g24a_fever_45205,exclude_post,-1,8.820095187721238e-08
qwen3-8b,g24a_fever_45205,exclude_pre,-1,2.622595844488357e-09
qwen3-8b,g24a_fever_4536,admit_post,1,99.99999999999397
qwen3-8b,g24a_fever_4536,admit_pre,1,99.99999999998357
qwen3-8b,g24a_fever_4536,base,1,99.99999999996466
qwen3-8b,g24a_fever_4536,exclude_post,1,99.99999999910467
qwen3-8b,g24a_fever_4536,exclude_pre,1,99.9999999968853
qwen3-8b,g24a_fever_46483,admit_post,1,99.99999998216062
qwen3-8b,g24a_fever_46483,admit_pre,1,99.99999940933726
qwen3-8b,g24a_fever_46483,base,1,99.9999999948894
qwen3-8b,g24a_fever_46483,exclude_post,1,98.83939072585133
qwen3-8b,g24a_fever_46483,exclude_pre,1,98.2371251788623
qwen3-8b,g24a_fever_47267,admit_post,-1,2.301935597932279
qwen3-8b,g24a_fever_47267,admit_pre,-1,4.301740518374174
qwen3-8b,g24a_fever_47267,base,-1,7.461771392568283e-06
qwen3-8b,g24a_fever_47267,exclude_post,-1,0.0010263412853421165
qwen3-8b,g24a_fever_47267,exclude_pre,-1,0.22562060983279805
qwen3-8b,g24a_fever_47322,admit_post,-1,0.00810763753823187
qwen3-8b,g24a_fever_47322,admit_pre,-1,0.21007431961115422
qwen3-8b,g24a_fever_47322,base,-1,86.78991280581874
qwen3-8b,g24a_fever_47322,exclude_post,-1,0.00016250547745515388
qwen3-8b,g24a_fever_47322,exclude_pre,-1,2.394042741950204e-07
qwen3-8b,g24a_fever_4746,admit_post,1,99.9999999999995
qwen3-8b,g24a_fever_4746,admit_pre,1,99.99999999999864
qwen3-8b,g24a_fever_4746,base,1,99.9999999999929
qwen3-8b,g24a_fever_4746,exclude_post,1,99.99999999999152
qwen3-8b,g24a_fever_4746,exclude_pre,1,99.99999999999712
qwen3-8b,g24a_fever_48142,admit_post,1,99.99999999999916
qwen3-8b,g24a_fever_48142,admit_pre,1,99.99999999999523
qwen3-8b,g24a_fever_48142,base,1,99.99999999999629
qwen3-8b,g24a_fever_48142,exclude_post,1,99.99999468189351
qwen3-8b,g24a_fever_48142,exclude_pre,1,99.99999999997902
qwen3-8b,g24a_fever_4824,admit_post,-1,8.335541883597217e-12
qwen3-8b,g24a_fever_4824,admit_pre,-1,3.046206036598711e-11
qwen3-8b,g24a_fever_4824,base,-1,6.269893470551901e-12
qwen3-8b,g24a_fever_4824,exclude_post,-1,1.4157622245487407e-11
qwen3-8b,g24a_fever_4824,exclude_pre,-1,6.4349565025434445e-12
qwen3-8b,g24a_fever_48377,admit_post,-1,1.0263295932262861e-10
qwen3-8b,g24a_fever_48377,admit_pre,-1,1.4090325134439962e-11
qwen3-8b,g24a_fever_48377,base,-1,1.0564377739702104e-11
qwen3-8b,g24a_fever_48377,exclude_post,-1,1.7341264900249064e-09
qwen3-8b,g24a_fever_48377,exclude_pre,-1,3.6863478330358043e-10
qwen3-8b,g24a_fever_48404,admit_post,-1,9.043078506536329e-10
qwen3-8b,g24a_fever_48404,admit_pre,-1,5.626315402887388e-10
qwen3-8b,g24a_fever_48404,base,-1,4.024701768441311e-11
qwen3-8b,g24a_fever_48404,exclude_post,-1,3.4351486697379935e-10
qwen3-8b,g24a_fever_48404,exclude_pre,-1,2.1136800607932183e-10
qwen3-8b,g24a_fever_48658,admit_post,1,74.33839165087123
qwen3-8b,g24a_fever_48658,admit_pre,1,80.71766660725736
qwen3-8b,g24a_fever_48658,base,1,12.057682594481529
qwen3-8b,g24a_fever_48658,exclude_post,1,0.0001343296172550894
qwen3-8b,g24a_fever_48658,exclude_pre,1,33.46994909414174
qwen3-8b,g24a_fever_50406,admit_post,1,99.99999999999777
qwen3-8b,g24a_fever_50406,admit_pre,1,99.99999999999014
qwen3-8b,g24a_fever_50406,base,1,99.99999999990625
qwen3-8b,g24a_fever_50406,exclude_post,1,99.99999999994291
qwen3-8b,g24a_fever_50406,exclude_pre,1,99.99999999999632
qwen3-8b,g24a_fever_51154,admit_post,1,80.25356164737224
qwen3-8b,g24a_fever_51154,admit_pre,1,87.87427458704929
qwen3-8b,g24a_fever_51154,base,1,55.246363119512495
qwen3-8b,g24a_fever_51154,exclude_post,1,63.100189376545146
qwen3-8b,g24a_fever_51154,exclude_pre,1,90.5121473300241
qwen3-8b,g24a_fever_51825,admit_post,1,99.99999999999396
qwen3-8b,g24a_fever_51825,admit_pre,1,99.99999999999011
qwen3-8b,g24a_fever_51825,base,1,99.9999999999872
qwen3-8b,g24a_fever_51825,exclude_post,1,99.99999996212047
qwen3-8b,g24a_fever_51825,exclude_pre,1,99.99999999995572
qwen3-8b,g24a_fever_51961,admit_post,-1,1.2761090736801227e-09
qwen3-8b,g24a_fever_51961,admit_pre,-1,5.872481331488283e-10
qwen3-8b,g24a_fever_51961,base,-1,1.3115742972832744e-10
qwen3-8b,g24a_fever_51961,exclude_post,-1,4.695398427029049e-10
qwen3-8b,g24a_fever_51961,exclude_pre,-1,2.896786308704987e-10
qwen3-8b,g24a_fever_52582,admit_post,-1,0.0013603052480983624
qwen3-8b,g24a_fever_52582,admit_pre,-1,0.4433645972581563
qwen3-8b,g24a_fever_52582,base,-1,22.308279441618748
qwen3-8b,g24a_fever_52582,exclude_post,-1,7.223497014456351e-06
qwen3-8b,g24a_fever_52582,exclude_pre,-1,0.0017841775920715197
qwen3-8b,g24a_fever_53020,admit_post,1,99.99999999990611
qwen3-8b,g24a_fever_53020,admit_pre,1,99.99999999957984
qwen3-8b,g24a_fever_53020,base,1,89.08790433903333
qwen3-8b,g24a_fever_53020,exclude_post,1,0.0013553720622283647
qwen3-8b,g24a_fever_53020,exclude_pre,1,99.99996748750189
qwen3-8b,g24a_fever_53266,admit_post,-1,99.99999999851435
qwen3-8b,g24a_fever_53266,admit_pre,-1,99.9999997158763
qwen3-8b,g24a_fever_53266,base,-1,6.28855879230775
qwen3-8b,g24a_fever_53266,exclude_post,-1,0.012924284410052604
qwen3-8b,g24a_fever_53266,exclude_pre,-1,99.9999999999835
qwen3-8b,g24a_fever_53733,admit_post,1,74.21154481229732
qwen3-8b,g24a_fever_53733,admit_pre,1,78.28808658394263
qwen3-8b,g24a_fever_53733,base,1,95.80508829305009
qwen3-8b,g24a_fever_53733,exclude_post,1,33.36533196035916
qwen3-8b,g24a_fever_53733,exclude_pre,1,66.55998294980881
qwen3-8b,g24a_fever_53792,admit_post,1,99.99999999999775
qwen3-8b,g24a_fever_53792,admit_pre,1,99.9999999999971
qwen3-8b,g24a_fever_53792,base,1,99.99999999999955
qwen3-8b,g24a_fever_53792,exclude_post,1,99.99999999999852
qwen3-8b,g24a_fever_53792,exclude_pre,1,99.99999999999515
qwen3-8b,g24a_fever_53832,admit_post,1,99.99999999980112
qwen3-8b,g24a_fever_53832,admit_pre,1,99.99999999998364
qwen3-8b,g24a_fever_53832,base,1,99.9999999981186
qwen3-8b,g24a_fever_53832,exclude_post,1,99.99999999340668
qwen3-8b,g24a_fever_53832,exclude_pre,1,99.99999998917625
qwen3-8b,g24a_fever_5420,admit_post,1,99.99999978267218
qwen3-8b,g24a_fever_5420,admit_pre,1,99.9999999994604
qwen3-8b,g24a_fever_5420,base,1,99.99988744447076
qwen3-8b,g24a_fever_5420,exclude_post,1,90.43679331529601
qwen3-8b,g24a_fever_5420,exclude_pre,1,99.99999998916589
qwen3-8b,g24a_fever_54679,admit_post,1,99.99999999999916
qwen3-8b,g24a_fever_54679,admit_pre,1,99.99999999999895
qwen3-8b,g24a_fever_54679,base,1,99.99999999997908
qwen3-8b,g24a_fever_54679,exclude_post,1,88.07970710398276
qwen3-8b,g24a_fever_54679,exclude_pre,1,99.99999999997894
qwen3-8b,g24a_fever_55468,admit_post,1,78.1017958476469
qwen3-8b,g24a_fever_55468,admit_pre,1,99.499754246017
qwen3-8b,g24a_fever_55468,base,1,55.39506939624562
qwen3-8b,g24a_fever_55468,exclude_post,1,0.0013608590810210335
qwen3-8b,g24a_fever_55468,exclude_pre,1,58.15759043825514
qwen3-8b,g24a_fever_5560,admit_post,1,99.99999999930787
qwen3-8b,g24a_fever_5560,admit_pre,1,99.99999999601644
qwen3-8b,g24a_fever_5560,base,1,99.99999998216134
qwen3-8b,g24a_fever_5560,exclude_post,1,99.9999999988579
qwen3-8b,g24a_fever_5560,exclude_pre,1,98.57592909107221
qwen3-8b,g24a_fever_5574,admit_post,1,99.99999999999986
qwen3-8b,g24a_fever_5574,admit_pre,1,99.99999999999632
qwen3-8b,g24a_fever_5574,base,1,99.99999999999824
qwen3-8b,g24a_fever_5574,exclude_post,1,3.7327541768137866
qwen3-8b,g24a_fever_5574,exclude_pre,1,99.9999999998006
qwen3-8b,g24a_fever_56051,admit_post,-1,29.77172396953857
qwen3-8b,g24a_fever_56051,admit_pre,-1,21.31336461783086
qwen3-8b,g24a_fever_56051,base,-1,49.99042007816729
qwen3-8b,g24a_fever_56051,exclude_post,-1,0.005581787736859247
qwen3-8b,g24a_fever_56051,exclude_pre,-1,23.85092350866601
qwen3-8b,g24a_fever_56182,admit_post,1,99.99999999999716
qwen3-8b,g24a_fever_56182,admit_pre,1,99.9999999999901
qwen3-8b,g24a_fever_56182,base,1,0.03421813562862558
qwen3-8b,g24a_fever_56182,exclude_post,1,99.9999999998011
qwen3-8b,g24a_fever_56182,exclude_pre,1,8.501414458029494e-12
qwen3-8b,g24a_fever_57842,admit_post,1,99.99999999999716
qwen3-8b,g24a_fever_57842,admit_pre,1,99.99999999999532
qwen3-8b,g24a_fever_57842,base,1,99.99999902619265
qwen3-8b,g24a_fever_57842,exclude_post,1,99.9998621405285
qwen3-8b,g24a_fever_57842,exclude_pre,1,99.99999999997891
qwen3-8b,g24a_fever_57941,admit_post,-1,2.1746951265885125e-10
qwen3-8b,g24a_fever_57941,admit_pre,-1,3.4996392865353125e-10
qwen3-8b,g24a_fever_57941,base,-1,99.99999999999221
qwen3-8b,g24a_fever_57941,exclude_post,-1,6.476005803490088e-05
qwen3-8b,g24a_fever_57941,exclude_pre,-1,2.1538494751177432e-10
qwen3-8b,g24a_fever_58175,admit_post,1,99.99999999984502
qwen3-8b,g24a_fever_58175,admit_pre,1,99.99999999992676
qwen3-8b,g24a_fever_58175,base,1,99.99999999974544
qwen3-8b,g24a_fever_58175,exclude_post,1,99.99999993668993
qwen3-8b,g24a_fever_58175,exclude_pre,1,99.99999999885293
qwen3-8b,g24a_fever_58896,admit_post,1,99.99999999997898
qwen3-8b,g24a_fever_58896,admit_pre,1,99.99999999980162
qwen3-8b,g24a_fever_58896,base,1,99.99999999987921
qwen3-8b,g24a_fever_58896,exclude_post,1,49.999999986170195
qwen3-8b,g24a_fever_58896,exclude_pre,1,99.99999997058907
qwen3-8b,g24a_fever_59603,admit_post,-1,44.63815034485757
qwen3-8b,g24a_fever_59603,admit_pre,-1,40.250219122513904
qwen3-8b,g24a_fever_59603,base,-1,54.49622623950478
qwen3-8b,g24a_fever_59603,exclude_post,-1,32.4798104150274
qwen3-8b,g24a_fever_59603,exclude_pre,-1,15.725222620963624
qwen3-8b,g24a_fever_59966,admit_post,-1,99.99999999999893
qwen3-8b,g24a_fever_59966,admit_pre,-1,4.455282399881966e-09
qwen3-8b,g24a_fever_59966,base,-1,99.9994955328313
qwen3-8b,g24a_fever_59966,exclude_post,-1,1.078355114368398e-08
qwen3-8b,g24a_fever_59966,exclude_pre,-1,1.690921939730768e-09
qwen3-8b,g24a_fever_61695,admit_post,-1,3.795522429600122e-11
qwen3-8b,g24a_fever_61695,admit_pre,-1,1.1892644268016023e-09
qwen3-8b,g24a_fever_61695,base,-1,99.99999999995543
qwen3-8b,g24a_fever_61695,exclude_post,-1,0.002144573365677641
qwen3-8b,g24a_fever_61695,exclude_pre,-1,22.270135055112576
qwen3-8b,g24a_fever_62053,admit_post,1,99.99999999998711
qwen3-8b,g24a_fever_62053,admit_pre,1,99.99999999998983
qwen3-8b,g24a_fever_62053,base,1,99.99627387830078
qwen3-8b,g24a_fever_62053,exclude_post,1,99.99999676708416
qwen3-8b,g24a_fever_62053,exclude_pre,1,99.9999999999725
qwen3-8b,g24a_fever_62355,admit_post,-1,1.246294094361681e-09
qwen3-8b,g24a_fever_62355,admit_pre,-1,4.51458115435956e-10
qwen3-8b,g24a_fever_62355,base,-1,2.942632921215306e-11
qwen3-8b,g24a_fever_62355,exclude_post,-1,1.35566355252781e-10
qwen3-8b,g24a_fever_62355,exclude_pre,-1,1.73589952354142e-10
qwen3-8b,g24a_fever_631,admit_post,-1,6.639951953011586e-08
qwen3-8b,g24a_fever_631,admit_pre,-1,1.5040407485486994e-07
qwen3-8b,g24a_fever_631,base,-1,47.895193472176906
qwen3-8b,g24a_fever_631,exclude_post,-1,7.476938688300956e-08
qwen3-8b,g24a_fever_631,exclude_pre,-1,2.487964162015432e-08
qwen3-8b,g24a_fever_63521,admit_post,1,99.99960715133392
qwen3-8b,g24a_fever_63521,admit_pre,1,99.99993172997168
qwen3-8b,g24a_fever_63521,base,1,99.99999999967301
qwen3-8b,g24a_fever_63521,exclude_post,1,99.99999999946114
qwen3-8b,g24a_fever_63521,exclude_pre,1,99.15712910318315
qwen3-8b,g24a_fever_64561,admit_post,-1,1.6838514546349104e-10
qwen3-8b,g24a_fever_64561,admit_pre,-1,1.0198440654556559e-10
qwen3-8b,g24a_fever_64561,base,-1,1.272870964531309e-06
qwen3-8b,g24a_fever_64561,exclude_post,-1,3.4057252232028584e-09
qwen3-8b,g24a_fever_64561,exclude_pre,-1,6.63317640717318e-08
qwen3-8b,g24a_fever_65497,admit_post,1,99.99999999984442
qwen3-8b,g24a_fever_65497,admit_pre,1,99.99999999995558
qwen3-8b,g24a_fever_65497,base,1,0.43389049787805534
qwen3-8b,g24a_fever_65497,exclude_post,1,62.245642770770004
qwen3-8b,g24a_fever_65497,exclude_pre,1,99.9999999994576
qwen3-8b,g24a_fever_66046,admit_post,1,99.67426039836559
qwen3-8b,g24a_fever_66046,admit_pre,1,94.44433598994912
qwen3-8b,g24a_fever_66046,base,1,99.99999999997291
qwen3-8b,g24a_fever_66046,exclude_post,1,99.98676751434004
qwen3-8b,g24a_fever_66046,exclude_pre,1,90.91503452682014
qwen3-8b,g24a_fever_66059,admit_post,1,99.99999999998731
qwen3-8b,g24a_fever_66059,admit_pre,1,99.99999999967174
qwen3-8b,g24a_fever_66059,base,1,99.99995859271392
qwen3-8b,g24a_fever_66059,exclude_post,1,99.99999994913122
qwen3-8b,g24a_fever_66059,exclude_pre,1,99.99999999967254
qwen3-8b,g24a_fever_67876,admit_post,-1,2.2640145645878836e-10
qwen3-8b,g24a_fever_67876,admit_pre,-1,1.2932041097618367e-10
qwen3-8b,g24a_fever_67876,base,-1,99.9999998304374
qwen3-8b,g24a_fever_67876,exclude_post,-1,1.047653477340048e-10
qwen3-8b,g24a_fever_67876,exclude_pre,-1,1.3158268820642962e-10
qwen3-8b,g24a_fever_68929,admit_post,-1,1.911276238173341e-11
qwen3-8b,g24a_fever_68929,admit_pre,-1,1.7092235157288966e-08
qwen3-8b,g24a_fever_68929,base,-1,38.992162608203294
qwen3-8b,g24a_fever_68929,exclude_post,-1,4.0470248458847585e-09
qwen3-8b,g24a_fever_68929,exclude_pre,-1,3.260130245302417e-08
qwen3-8b,g24a_fever_69030,admit_post,1,99.99999999957875
qwen3-8b,g24a_fever_69030,admit_pre,1,99.99999999984495
qwen3-8b,g24a_fever_69030,base,1,99.9999999997447
qwen3-8b,g24a_fever_69030,exclude_post,1,74.24392925261128
qwen3-8b,g24a_fever_69030,exclude_pre,1,99.99999999885485
qwen3-8b,g24a_fever_69798,admit_post,-1,9.939074917377182e-12
qwen3-8b,g24a_fever_69798,admit_pre,-1,1.1327122268668844e-11
qwen3-8b,g24a_fever_69798,base,-1,3.067740425585622e-11
qwen3-8b,g24a_fever_69798,exclude_post,-1,5.49151121604058e-12
qwen3-8b,g24a_fever_69798,exclude_pre,-1,1.0850758833275526e-11
qwen3-8b,g24a_fever_70604,admit_post,1,99.99999999998364
qwen3-8b,g24a_fever_70604,admit_pre,1,99.99999999885898
qwen3-8b,g24a_fever_70604,base,1,99.99999999601948
qwen3-8b,g24a_fever_70604,exclude_post,1,99.99999280268943
qwen3-8b,g24a_fever_70604,exclude_pre,1,99.99999940884146
qwen3-8b,g24a_fever_73113,admit_post,-1,3.4952666336249347e-10
qwen3-8b,g24a_fever_73113,admit_pre,-1,1.629913923402257e-10
qwen3-8b,g24a_fever_73113,base,-1,1.1010555498671406e-08
qwen3-8b,g24a_fever_73113,exclude_post,-1,2.855365794950073e-10
qwen3-8b,g24a_fever_73113,exclude_pre,-1,9.256379429823289e-10
qwen3-8b,g24a_fever_73372,admit_post,1,99.99999999987962
qwen3-8b,g24a_fever_73372,admit_pre,1,99.99999999998731
qwen3-8b,g24a_fever_73372,base,1,99.99999999999848
qwen3-8b,g24a_fever_73372,exclude_post,1,99.99709786373349
qwen3-8b,g24a_fever_73372,exclude_pre,1,99.99999999994299
qwen3-8b,g24a_fever_74188,admit_post,-1,6.687253202960393e-07
qwen3-8b,g24a_fever_74188,admit_pre,-1,5.485777052815576e-08
qwen3-8b,g24a_fever_74188,base,-1,1.8359287311132785e-08
qwen3-8b,g24a_fever_74188,exclude_post,-1,5.640894167336912e-09
qwen3-8b,g24a_fever_74188,exclude_pre,-1,3.514771601848676e-09
qwen3-8b,g24a_fever_7419,admit_post,1,99.99999874960264
qwen3-8b,g24a_fever_7419,admit_pre,1,99.9999999975851
qwen3-8b,g24a_fever_7419,base,1,99.99999999999974
qwen3-8b,g24a_fever_7419,exclude_post,1,99.9999999999431
qwen3-8b,g24a_fever_7419,exclude_pre,1,99.99999997709058
qwen3-8b,g24a_fever_74645,admit_post,-1,1.1939883999529919e-05
qwen3-8b,g24a_fever_74645,admit_pre,-1,7.322750719259194e-06
qwen3-8b,g24a_fever_74645,base,-1,2.4479026320431913e-09
qwen3-8b,g24a_fever_74645,exclude_post,-1,5.515437284990027e-10
qwen3-8b,g24a_fever_74645,exclude_pre,-1,9.007073798536166e-10
qwen3-8b,g24a_fever_74961,admit_post,1,99.99999999992694
qwen3-8b,g24a_fever_74961,admit_pre,1,99.99999999996548
qwen3-8b,g24a_fever_74961,base,1,99.99999999967298
qwen3-8b,g24a_fever_74961,exclude_post,1,99.9999999960139
qwen3-8b,g24a_fever_74961,exclude_pre,1,99.999999999943
qwen3-8b,g24a_fever_75393,admit_post,-1,4.822557461937481e-10
qwen3-8b,g24a_fever_75393,admit_pre,-1,5.851392312017106e-09
qwen3-8b,g24a_fever_75393,base,-1,1.3001669096353907e-05
qwen3-8b,g24a_fever_75393,exclude_post,-1,1.885473319890146e-09
qwen3-8b,g24a_fever_75393,exclude_pre,-1,6.029421806830061e-10
qwen3-8b,g24a_fever_75621,admit_post,-1,5.107442210428722e-06
qwen3-8b,g24a_fever_75621,admit_pre,-1,3.1830249630303194e-08
qwen3-8b,g24a_fever_75621,base,-1,3.2552084437404806e-09
qwen3-8b,g24a_fever_75621,exclude_post,-1,8.411246699166758e-10
qwen3-8b,g24a_fever_75621,exclude_pre,-1,1.9309197638612637e-08
qwen3-8b,g24a_fever_75922,admit_post,1,32.91861349308865
qwen3-8b,g24a_fever_75922,admit_pre,1,32.665477242856156
qwen3-8b,g24a_fever_75922,base,1,74.21308718249242
qwen3-8b,g24a_fever_75922,exclude_post,1,33.33011318806208
qwen3-8b,g24a_fever_75922,exclude_pre,1,25.18487635812136
qwen3-8b,g24a_fever_76097,admit_post,-1,8.933866175628505e-10
qwen3-8b,g24a_fever_76097,admit_pre,-1,7.591550791629049e-10
qwen3-8b,g24a_fever_76097,base,-1,4.063535741793363e-11
qwen3-8b,g24a_fever_76097,exclude_post,-1,0.04305571070410607
qwen3-8b,g24a_fever_76097,exclude_pre,-1,1.7948257576769423e-09
qwen3-8b,g24a_fever_77834,admit_post,1,99.9999999999901
qwen3-8b,g24a_fever_77834,admit_pre,1,99.99999999999532
qwen3-8b,g24a_fever_77834,base,1,1.1626317228851708e-09
qwen3-8b,g24a_fever_77834,exclude_post,1,99.99999999994294
qwen3-8b,g24a_fever_77834,exclude_pre,1,99.99999999910914
qwen3-8b,g24a_fever_78683,admit_post,1,99.99999999999976
qwen3-8b,g24a_fever_78683,admit_pre,1,99.99999999999993
qwen3-8b,g24a_fever_78683,base,1,99.99999999997296
qwen3-8b,g24a_fever_78683,exclude_post,1,99.99999999999862
qwen3-8b,g24a_fever_78683,exclude_pre,1,99.99999999999396
qwen3-8b,g24a_fever_79437,admit_post,1,99.99999999967253
qwen3-8b,g24a_fever_79437,admit_pre,1,99.99999999987944
qwen3-8b,g24a_fever_79437,base,1,99.98331928137651
qwen3-8b,g24a_fever_79437,exclude_post,1,65.0285293584888
qwen3-8b,g24a_fever_79437,exclude_pre,1,77.56828314163943
qwen3-8b,g24a_fever_80075,admit_post,1,99.99999999997318
qwen3-8b,g24a_fever_80075,admit_pre,1,99.99999999992691
qwen3-8b,g24a_fever_80075,base,1,99.9999999999962
qwen3-8b,g24a_fever_80075,exclude_post,1,99.99999999993676
qwen3-8b,g24a_fever_80075,exclude_pre,1,99.99999999930742
qwen3-8b,g24a_fever_81029,admit_post,1,99.99999999992691
qwen3-8b,g24a_fever_81029,admit_pre,1,99.99999999992684
qwen3-8b,g24a_fever_81029,base,1,2.687912484129617e-10
qwen3-8b,g24a_fever_81029,exclude_post,1,5.351264108563743e-06
qwen3-8b,g24a_fever_81029,exclude_pre,1,99.99999999997294
qwen3-8b,g24a_fever_81046,admit_post,1,99.99999999946111
qwen3-8b,g24a_fever_81046,admit_pre,1,99.99999999997311
qwen3-8b,g24a_fever_81046,base,1,99.9999999998016
qwen3-8b,g24a_fever_81046,exclude_post,1,99.99999976122633
qwen3-8b,g24a_fever_81046,exclude_pre,1,99.9999999999556
qwen3-8b,g24a_fever_82602,admit_post,-1,9.476930355700445e-10
qwen3-8b,g24a_fever_82602,admit_pre,-1,1.5253037546698157e-09
qwen3-8b,g24a_fever_82602,base,-1,99.99893203571449
qwen3-8b,g24a_fever_82602,exclude_post,-1,3.221990595855851e-09
qwen3-8b,g24a_fever_82602,exclude_pre,-1,1.9814119695812915e-09
qwen3-8b,g24a_fever_83880,admit_post,-1,7.061897922882919e-08
qwen3-8b,g24a_fever_83880,admit_pre,-1,3.442016814658206e-08
qwen3-8b,g24a_fever_83880,base,-1,1.7891402319389344e-10
qwen3-8b,g24a_fever_83880,exclude_post,-1,1.895725097574546e-08
qwen3-8b,g24a_fever_83880,exclude_pre,-1,9.557913165992664e-09
qwen3-8b,g24a_fever_84274,admit_post,-1,2.0902506842830577e-10
qwen3-8b,g24a_fever_84274,admit_pre,-1,1.712577427718224e-10
qwen3-8b,g24a_fever_84274,base,-1,6.149456378602466e-11
qwen3-8b,g24a_fever_84274,exclude_post,-1,9.991330241810215e-11
qwen3-8b,g24a_fever_84274,exclude_pre,-1,1.075981008182765e-10
qwen3-8b,g24a_fever_84775,admit_post,-1,2.6208404495810772e-09
qwen3-8b,g24a_fever_84775,admit_pre,-1,5.323590518874793e-09
qwen3-8b,g24a_fever_84775,base,-1,5.864757040568752e-10
qwen3-8b,g24a_fever_84775,exclude_post,-1,1.0482045832461962e-10
qwen3-8b,g24a_fever_84775,exclude_pre,-1,1.9759583812119516e-09
qwen3-8b,g24a_fever_84970,admit_post,1,99.99999999999984
qwen3-8b,g24a_fever_84970,admit_pre,1,99.99999999999983
qwen3-8b,g24a_fever_84970,base,1,0.07788674159473359
qwen3-8b,g24a_fever_84970,exclude_post,1,99.99898697273257
qwen3-8b,g24a_fever_84970,exclude_pre,1,99.99999999999972
qwen3-8b,g24a_fever_88150,admit_post,1,99.99999999999528
qwen3-8b,g24a_fever_88150,admit_pre,1,99.99999999999862
qwen3-8b,g24a_fever_88150,base,1,99.99999999999959
qwen3-8b,g24a_fever_88150,exclude_post,1,99.99999999995526
qwen3-8b,g24a_fever_88150,exclude_pre,1,99.99999999997898
qwen3-8b,g24a_fever_88251,admit_post,-1,1.2688399686234937e-09
qwen3-8b,g24a_fever_88251,admit_pre,-1,3.3748307229990793e-09
qwen3-8b,g24a_fever_88251,base,-1,8.228247096339101e-08
qwen3-8b,g24a_fever_88251,exclude_post,-1,6.266486405851109e-10
qwen3-8b,g24a_fever_88251,exclude_pre,-1,1.3571019529198597e-10
qwen3-8b,g24a_fever_89213,admit_post,-1,53.31144993894938
qwen3-8b,g24a_fever_89213,admit_pre,-1,0.00024939796442256074
qwen3-8b,g24a_fever_89213,base,-1,3.2224323818033198e-09
qwen3-8b,g24a_fever_89213,exclude_post,-1,0.02415098664858375
qwen3-8b,g24a_fever_89213,exclude_pre,-1,0.0004816813330004138
qwen3-8b,g24a_fever_89681,admit_post,-1,1.0356589537494731e-10
qwen3-8b,g24a_fever_89681,admit_pre,-1,1.3257451712674403e-10
qwen3-8b,g24a_fever_89681,base,-1,0.0027535794904346156
qwen3-8b,g24a_fever_89681,exclude_post,-1,5.168225217295169e-10
qwen3-8b,g24a_fever_89681,exclude_pre,-1,1.3492749266827298e-10
qwen3-8b,g24a_fever_89771,admit_post,1,99.99999999853378
qwen3-8b,g24a_fever_89771,admit_pre,1,99.99999996222586
qwen3-8b,g24a_fever_89771,base,1,45.711708303092664
qwen3-8b,g24a_fever_89771,exclude_post,1,34.2040766901634
qwen3-8b,g24a_fever_89771,exclude_pre,1,99.99999998212182
qwen3-8b,g24a_fever_90446,admit_post,-1,1.0717265826556977e-10
qwen3-8b,g24a_fever_90446,admit_pre,-1,2.935811390109418e-11
qwen3-8b,g24a_fever_90446,base,-1,8.267316561988703e-12
qwen3-8b,g24a_fever_90446,exclude_post,-1,1.448266269360975e-10
qwen3-8b,g24a_fever_90446,exclude_pre,-1,2.890354718868123e-10
qwen3-8b,g24a_fever_91599,admit_post,1,99.9999999999963
qwen3-8b,g24a_fever_91599,admit_pre,1,99.99999999999775
qwen3-8b,g24a_fever_91599,base,1,99.99999999999824
qwen3-8b,g24a_fever_91599,exclude_post,1,99.99999999979887
qwen3-8b,g24a_fever_91599,exclude_pre,1,99.999999999459
qwen3-8b,g24a_fever_91767,admit_post,-1,8.230147086442974e-11
qwen3-8b,g24a_fever_91767,admit_pre,-1,3.4773794604117004e-10
qwen3-8b,g24a_fever_91767,base,-1,1.0308860768826764e-10
qwen3-8b,g24a_fever_91767,exclude_post,-1,2.882099454241907e-10
qwen3-8b,g24a_fever_91767,exclude_pre,-1,1.7538491702376214e-10
qwen3-8b,g24a_fever_91973,admit_post,-1,3.751408117377563e-11
qwen3-8b,g24a_fever_91973,admit_pre,-1,1.0272149294439906e-10
qwen3-8b,g24a_fever_91973,base,-1,2.910427068664986e-11
qwen3-8b,g24a_fever_91973,exclude_post,-1,2.437275246731433e-11
qwen3-8b,g24a_fever_91973,exclude_pre,-1,1.311905159094069e-10
qwen3-8b,g24a_fever_92374,admit_post,1,99.99999999999007
qwen3-8b,g24a_fever_92374,admit_pre,1,99.99999999999778
qwen3-8b,g24a_fever_92374,base,1,99.99999999885902
qwen3-8b,g24a_fever_92374,exclude_post,1,99.99999999851202
qwen3-8b,g24a_fever_92374,exclude_pre,1,99.99999999990614
qwen3-8b,g24a_fever_92430,admit_post,-1,3.673352406733982e-11
qwen3-8b,g24a_fever_92430,admit_pre,-1,1.7297343970106322e-11
qwen3-8b,g24a_fever_92430,base,-1,8.157240243187257e-11
qwen3-8b,g24a_fever_92430,exclude_post,-1,1.385509906854659e-11
qwen3-8b,g24a_fever_92430,exclude_pre,-1,6.33134792989816e-12
qwen3-8b,g24a_fever_93018,admit_post,-1,3.1637684249963605e-07
qwen3-8b,g24a_fever_93018,admit_pre,-1,0.31989598418806237
qwen3-8b,g24a_fever_93018,base,-1,6.00259690526723e-10
qwen3-8b,g24a_fever_93018,exclude_post,-1,5.880507952842385e-07
qwen3-8b,g24a_fever_93018,exclude_pre,-1,6.424103649479521e-11
qwen3-8b,g24a_fever_93646,admit_post,-1,1.2499714386396766e-08
qwen3-8b,g24a_fever_93646,admit_pre,-1,4.3407293973301095e-09
qwen3-8b,g24a_fever_93646,base,-1,1.3847949977963367e-05
qwen3-8b,g24a_fever_93646,exclude_post,-1,4.303997021905395e-09
qwen3-8b,g24a_fever_93646,exclude_pre,-1,0.003897488450972833
qwen3-8b,g24a_fever_93855,admit_post,-1,99.99999989692681
qwen3-8b,g24a_fever_93855,admit_pre,-1,99.99999902301987
qwen3-8b,g24a_fever_93855,base,-1,99.71904347064236
qwen3-8b,g24a_fever_93855,exclude_post,-1,1.4222753090580157e-05
qwen3-8b,g24a_fever_93855,exclude_pre,-1,3.0575644724138273e-06
qwen3-8b,g24a_fever_94500,admit_post,1,99.99999999974494
qwen3-8b,g24a_fever_94500,admit_pre,1,99.99999999984522
qwen3-8b,g24a_fever_94500,base,1,0.14806933729953353
qwen3-8b,g24a_fever_94500,exclude_post,1,99.99999999758239
qwen3-8b,g24a_fever_94500,exclude_pre,1,99.99999999811789
qwen3-8b,g24a_fever_94918,admit_post,-1,3.881970817157126e-12
qwen3-8b,g24a_fever_94918,admit_pre,-1,2.936045894244509e-11
qwen3-8b,g24a_fever_94918,base,-1,8.211497382350074e-12
qwen3-8b,g24a_fever_94918,exclude_post,-1,1.3543014934989858e-11
qwen3-8b,g24a_fever_94918,exclude_pre,-1,1.371328071871088e-11
qwen3-8b,g24a_fever_95056,admit_post,1,99.92563491116555
qwen3-8b,g24a_fever_95056,admit_pre,1,99.99981442839224
qwen3-8b,g24a_fever_95056,base,1,89.2145731308602
qwen3-8b,g24a_fever_95056,exclude_post,1,7.066279778598926e-05
qwen3-8b,g24a_fever_95056,exclude_pre,1,62.03518159791596
qwen3-8b,g24a_fever_9532,admit_post,1,99.99999999999007
qwen3-8b,g24a_fever_9532,admit_pre,1,99.99999999997316
qwen3-8b,g24a_fever_9532,base,1,99.9999999999731
qwen3-8b,g24a_fever_9532,exclude_post,1,99.99999292462773
qwen3-8b,g24a_fever_9532,exclude_pre,1,99.99999771816935
qwen3-8b,g24a_fever_9533,admit_post,1,99.99999999998727
qwen3-8b,g24a_fever_9533,admit_pre,1,99.99999999853485
qwen3-8b,g24a_fever_9533,base,1,99.99999999995548
qwen3-8b,g24a_fever_9533,exclude_post,1,4.2046662499759096e-05
qwen3-8b,g24a_fever_9533,exclude_pre,1,99.99999998607483
qwen3-8b,g24a_fever_95518,admit_post,-1,4.838330082901343e-11
qwen3-8b,g24a_fever_95518,admit_pre,-1,3.696809756905794e-11
qwen3-8b,g24a_fever_95518,base,-1,5.882461824837974e-10
qwen3-8b,g24a_fever_95518,exclude_post,-1,2.1780342669974733e-10
qwen3-8b,g24a_fever_95518,exclude_pre,-1,1.7903027873047904e-11
qwen3-8b,g24a_fever_96576,admit_post,1,99.99999735286842
qwen3-8b,g24a_fever_96576,admit_pre,1,99.99985547263128
qwen3-8b,g24a_fever_96576,base,1,77.62278188280128
qwen3-8b,g24a_fever_96576,exclude_post,1,81.03456903966676
qwen3-8b,g24a_fever_96576,exclude_pre,1,99.99993172841428
qwen3-8b,g24a_fever_9762,admit_post,1,99.99999999999895
qwen3-8b,g24a_fever_9762,admit_pre,1,99.9999999997454
qwen3-8b,g24a_fever_9762,base,1,99.99999999343642
qwen3-8b,g24a_fever_9762,exclude_post,1,99.99999999945892
qwen3-8b,g24a_fever_9762,exclude_pre,1,99.99999999957984
qwen3-8b,g24a_fever_97886,admit_post,-1,2.822182107792876e-11
qwen3-8b,g24a_fever_97886,admit_pre,-1,1.5035694030132488e-12
qwen3-8b,g24a_fever_97886,base,-1,3.9864977116305576e-12
qwen3-8b,g24a_fever_97886,exclude_post,-1,5.032765826228075e-12
qwen3-8b,g24a_fever_97886,exclude_pre,-1,1.8549418994963234e-12
qwen3-8b,g24a_fever_98810,admit_post,1,99.99999989733573
qwen3-8b,g24a_fever_98810,admit_pre,1,99.99999075940862
qwen3-8b,g24a_fever_98810,base,1,99.99999986816736
qwen3-8b,g24a_fever_98810,exclude_post,1,56.16829944303888
qwen3-8b,g24a_fever_98810,exclude_pre,1,57.860166112825596
qwen3-8b,g24a_fever_99060,admit_post,-1,1.0628146279874744e-10
qwen3-8b,g24a_fever_99060,admit_pre,-1,1.3058231347430628e-10
qwen3-8b,g24a_fever_99060,base,-1,1.3913098994803193e-11
qwen3-8b,g24a_fever_99060,exclude_post,-1,2.760142857725531e-10
qwen3-8b,g24a_fever_99060,exclude_pre,-1,3.6712845225305354e-10
qwen3-8b,g24a_scifact_1015,admit_post,1,99.99976172089875
qwen3-8b,g24a_scifact_1015,admit_pre,1,99.67430346246032
qwen3-8b,g24a_scifact_1015,base,1,77.36303609088064
qwen3-8b,g24a_scifact_1015,exclude_post,1,86.4145929569953
qwen3-8b,g24a_scifact_1015,exclude_pre,1,89.9317959284669
qwen3-8b,g24a_scifact_1018,admit_post,1,99.99999993774485
qwen3-8b,g24a_scifact_1018,admit_pre,1,99.99999997709705
qwen3-8b,g24a_scifact_1018,base,1,66.92190253987039
qwen3-8b,g24a_scifact_1018,exclude_post,1,0.00010491406020957572
qwen3-8b,g24a_scifact_1018,exclude_pre,1,76.71834377290084
qwen3-8b,g24a_scifact_1042,admit_post,-1,87.24525692945416
qwen3-8b,g24a_scifact_1042,admit_pre,-1,89.29991104424694
qwen3-8b,g24a_scifact_1042,base,-1,74.2129696772713
qwen3-8b,g24a_scifact_1042,exclude_post,-1,45.412283337260014
qwen3-8b,g24a_scifact_1042,exclude_pre,-1,55.68433177347551
qwen3-8b,g24a_scifact_1043,admit_post,1,89.94828633489396
qwen3-8b,g24a_scifact_1043,admit_pre,1,99.58525674020694
qwen3-8b,g24a_scifact_1043,base,1,33.281474047240096
qwen3-8b,g24a_scifact_1043,exclude_post,1,2.0802111038431085e-07
qwen3-8b,g24a_scifact_1043,exclude_pre,1,77.80522635626319
qwen3-8b,g24a_scifact_1044,admit_post,1,99.99916837434634
qwen3-8b,g24a_scifact_1044,admit_pre,1,99.99996775200047
qwen3-8b,g24a_scifact_1044,base,1,66.6165599161218
qwen3-8b,g24a_scifact_1044,exclude_post,1,2.9393132215986604e-06
qwen3-8b,g24a_scifact_1044,exclude_pre,1,98.67552035914277
qwen3-8b,g24a_scifact_1050,admit_post,-1,99.99999995150966
qwen3-8b,g24a_scifact_1050,admit_pre,-1,99.99999999156518
qwen3-8b,g24a_scifact_1050,base,-1,1.1016133558193138e-08
qwen3-8b,g24a_scifact_1050,exclude_post,-1,1.816948582344142e-08
qwen3-8b,g24a_scifact_1050,exclude_pre,-1,6.45792439325138e-09
qwen3-8b,g24a_scifact_1062,admit_post,1,99.99999924155753
qwen3-8b,g24a_scifact_1062,admit_pre,1,99.99999997058788
qwen3-8b,g24a_scifact_1062,base,1,77.8129766446231
qwen3-8b,g24a_scifact_1062,exclude_post,1,8.504352749657029e-07
qwen3-8b,g24a_scifact_1062,exclude_pre,1,85.16301200046985
qwen3-8b,g24a_scifact_1069,admit_post,1,99.99999563569794
qwen3-8b,g24a_scifact_1069,admit_pre,1,99.99999997709789
qwen3-8b,g24a_scifact_1069,base,1,77.75039093387515
qwen3-8b,g24a_scifact_1069,exclude_post,1,99.99994683188572
qwen3-8b,g24a_scifact_1069,exclude_pre,1,99.99999902619273
qwen3-8b,g24a_scifact_1086,admit_post,1,99.99999964175625
qwen3-8b,g24a_scifact_1086,admit_pre,1,99.99999978271389
qwen3-8b,g24a_scifact_1086,base,1,99.99960715253516
qwen3-8b,g24a_scifact_1086,exclude_post,1,8.221252468799812e-05
qwen3-8b,g24a_scifact_1086,exclude_pre,1,99.99999660108207
qwen3-8b,g24a_scifact_1087,admit_post,-1,3.8078697548298e-10
qwen3-8b,g24a_scifact_1087,admit_pre,-1,2.859967638208892e-10
qwen3-8b,g24a_scifact_1087,base,-1,46.04514588086927
qwen3-8b,g24a_scifact_1087,exclude_post,-1,2.2678163725994427e-09
qwen3-8b,g24a_scifact_1087,exclude_pre,-1,3.065917594268647e-10
qwen3-8b,g24a_scifact_1088,admit_post,-1,99.99999972099664
qwen3-8b,g24a_scifact_1088,admit_pre,-1,99.99999972099707
qwen3-8b,g24a_scifact_1088,base,-1,22.196293040542216
qwen3-8b,g24a_scifact_1088,exclude_post,-1,0.0002447244854216717
qwen3-8b,g24a_scifact_1088,exclude_pre,-1,99.66670021050649
qwen3-8b,g24a_scifact_1101,admit_post,-1,99.99960714788573
qwen3-8b,g24a_scifact_1101,admit_pre,-1,99.99996775157872
qwen3-8b,g24a_scifact_1101,base,-1,78.837188788423
qwen3-8b,g24a_scifact_1101,exclude_post,-1,0.3737231147614465
qwen3-8b,g24a_scifact_1101,exclude_pre,-1,33.462931132564194
qwen3-8b,g24a_scifact_1102,admit_post,1,99.99999874958364
qwen3-8b,g24a_scifact_1102,admit_pre,1,99.99999280445094
qwen3-8b,g24a_scifact_1102,base,1,84.02418251065376
qwen3-8b,g24a_scifact_1102,exclude_post,1,68.29586836534908
qwen3-8b,g24a_scifact_1102,exclude_pre,1,71.50388883759922
qwen3-8b,g24a_scifact_1107,admit_post,1,99.99999964174765
qwen3-8b,g24a_scifact_1107,admit_pre,1,99.99823959509513
qwen3-8b,g24a_scifact_1107,base,1,99.94199859102356
qwen3-8b,g24a_scifact_1107,exclude_post,1,89.37507475587601
qwen3-8b,g24a_scifact_1107,exclude_pre,1,88.7242762172336
qwen3-8b,g24a_scifact_1110,admit_post,-1,6.366313594960237e-06
qwen3-8b,g24a_scifact_1110,admit_pre,-1,1.540839211277555e-07
qwen3-8b,g24a_scifact_1110,base,-1,6.328586320738135
qwen3-8b,g24a_scifact_1110,exclude_post,-1,2.4751799232756967e-07
qwen3-8b,g24a_scifact_1110,exclude_pre,-1,7.608404118132492e-06
qwen3-8b,g24a_scifact_1121,admit_post,1,99.98332019806
qwen3-8b,g24a_scifact_1121,admit_pre,1,99.98987720535011
qwen3-8b,g24a_scifact_1121,base,1,88.92413373111386
qwen3-8b,g24a_scifact_1121,exclude_post,1,28.912889687441073
qwen3-8b,g24a_scifact_1121,exclude_pre,1,88.68904836614925
qwen3-8b,g24a_scifact_1127,admit_post,1,99.99997488348622
qwen3-8b,g24a_scifact_1127,admit_pre,1,99.99999992005779
qwen3-8b,g24a_scifact_1127,base,1,99.99999563570343
qwen3-8b,g24a_scifact_1127,exclude_post,1,96.4320087369034
qwen3-8b,g24a_scifact_1127,exclude_pre,1,99.99993172957616
qwen3-8b,g24a_scifact_1128,admit_post,1,77.4520850023465
qwen3-8b,g24a_scifact_1128,admit_pre,1,99.67430810968085
qwen3-8b,g24a_scifact_1128,base,1,99.99995859284785
qwen3-8b,g24a_scifact_1128,exclude_post,1,34.214039989131216
qwen3-8b,g24a_scifact_1128,exclude_pre,1,66.70108687985316
qwen3-8b,g24a_scifact_1130,admit_post,-1,4.3548103708942645e-09
qwen3-8b,g24a_scifact_1130,admit_pre,-1,6.169307761483219e-10
qwen3-8b,g24a_scifact_1130,base,-1,59.11975203030162
qwen3-8b,g24a_scifact_1130,exclude_post,-1,2.1732350048800557e-09
qwen3-8b,g24a_scifact_1130,exclude_pre,-1,3.928845645219766e-10
qwen3-8b,g24a_scifact_1132,admit_post,1,77.76121019256671
qwen3-8b,g24a_scifact_1132,admit_pre,1,99.47304493798744
qwen3-8b,g24a_scifact_1132,base,1,72.91272911486641
qwen3-8b,g24a_scifact_1132,exclude_post,1,33.57887805389166
qwen3-8b,g24a_scifact_1132,exclude_pre,1,6.151305085141703
qwen3-8b,g24a_scifact_114,admit_post,1,88.4955237536884
qwen3-8b,g24a_scifact_114,admit_pre,1,90.52395548193044
qwen3-8b,g24a_scifact_114,base,1,99.33237036409355
qwen3-8b,g24a_scifact_114,exclude_post,1,32.7555156624218
qwen3-8b,g24a_scifact_114,exclude_pre,1,33.34261523779025
qwen3-8b,g24a_scifact_1146,admit_post,1,55.03035752822029
qwen3-8b,g24a_scifact_1146,admit_pre,1,44.69944579272823
qwen3-8b,g24a_scifact_1146,base,1,66.76732685074654
qwen3-8b,g24a_scifact_1146,exclude_post,1,0.2614958625282384
qwen3-8b,g24a_scifact_1146,exclude_pre,1,44.272061574605544
qwen3-8b,g24a_scifact_1148,admit_post,1,78.30337703818174
qwen3-8b,g24a_scifact_1148,admit_pre,1,89.31810570701931
qwen3-8b,g24a_scifact_1148,base,1,66.90056805331032
qwen3-8b,g24a_scifact_1148,exclude_post,1,55.64241173940228
qwen3-8b,g24a_scifact_1148,exclude_pre,1,56.92747614467588
qwen3-8b,g24a_scifact_115,admit_post,-1,49.302818788997925
qwen3-8b,g24a_scifact_115,admit_pre,-1,55.54476026133102
qwen3-8b,g24a_scifact_115,base,-1,13.43964766103654
qwen3-8b,g24a_scifact_115,exclude_post,-1,0.018426747566274
qwen3-8b,g24a_scifact_115,exclude_pre,-1,33.31028124061711
qwen3-8b,g24a_scifact_116,admit_post,1,89.72700089063439
qwen3-8b,g24a_scifact_116,admit_pre,1,90.21231307795391
qwen3-8b,g24a_scifact_116,base,1,99.99999999974533
qwen3-8b,g24a_scifact_116,exclude_post,1,44.447820205576846
qwen3-8b,g24a_scifact_116,exclude_pre,1,55.1489271255544
qwen3-8b,g24a_scifact_1162,admit_post,1,99.99999998918143
qwen3-8b,g24a_scifact_1162,admit_pre,1,99.99999999911182
qwen3-8b,g24a_scifact_1162,base,1,99.9999999998797
qwen3-8b,g24a_scifact_1162,exclude_post,1,32.75575997081052
qwen3-8b,g24a_scifact_1162,exclude_pre,1,99.99999964173138
qwen3-8b,g24a_scifact_1163,admit_post,1,77.97748075504337
qwen3-8b,g24a_scifact_1163,admit_pre,1,89.21232193683369
qwen3-8b,g24a_scifact_1163,base,1,89.00618254636638
qwen3-8b,g24a_scifact_1163,exclude_post,1,45.6026782197863
qwen3-8b,g24a_scifact_1163,exclude_pre,1,47.533696351924654
qwen3-8b,g24a_scifact_1176,admit_post,1,99.99385801380079
qwen3-8b,g24a_scifact_1176,admit_pre,1,99.99998044048657
qwen3-8b,g24a_scifact_1176,base,1,99.80015314415732
qwen3-8b,g24a_scifact_1176,exclude_post,1,98.4953145957481
qwen3-8b,g24a_scifact_1176,exclude_pre,1,99.99988744443822
qwen3-8b,g24a_scifact_1177,admit_post,1,99.99999940932446
qwen3-8b,g24a_scifact_1177,admit_pre,1,99.99999996224035
qwen3-8b,g24a_scifact_1177,base,1,93.0837772860386
qwen3-8b,g24a_scifact_1177,exclude_post,1,99.99994682744709
qwen3-8b,g24a_scifact_1177,exclude_pre,1,99.99999563561852
qwen3-8b,g24a_scifact_118,admit_post,1,99.99999924159226
qwen3-8b,g24a_scifact_118,admit_pre,1,99.99999978271158
qwen3-8b,g24a_scifact_118,base,1,99.97859182807504
qwen3-8b,g24a_scifact_118,exclude_post,1,99.9952160274718
qwen3-8b,g24a_scifact_118,exclude_pre,1,99.99999076074693
qwen3-8b,g24a_scifact_1180,admit_post,1,99.99999999984537
qwen3-8b,g24a_scifact_1180,admit_pre,1,99.99999999992701
qwen3-8b,g24a_scifact_1180,base,1,99.99999999990617
qwen3-8b,g24a_scifact_1180,exclude_post,1,99.9954549934124
qwen3-8b,g24a_scifact_1180,exclude_pre,1,99.99999986817629
qwen3-8b,g24a_scifact_1182,admit_post,1,99.98332018324734
qwen3-8b,g24a_scifact_1182,admit_pre,1,97.01174270693642
qwen3-8b,g24a_scifact_1182,base,1,99.99999660105244
qwen3-8b,g24a_scifact_1182,exclude_post,1,99.99521352978618
qwen3-8b,g24a_scifact_1182,exclude_pre,1,77.7940647450715
qwen3-8b,g24a_scifact_1187,admit_post,1,99.99709782654844
qwen3-8b,g24a_scifact_1187,admit_pre,1,99.99862893843127
qwen3-8b,g24a_scifact_1187,base,1,99.99999999911148
qwen3-8b,g24a_scifact_1187,exclude_post,1,77.8256548661488
qwen3-8b,g24a_scifact_1187,exclude_pre,1,77.62628053894292
qwen3-8b,g24a_scifact_1202,admit_post,1,99.99988744427552
qwen3-8b,g24a_scifact_1202,admit_pre,1,99.99999978268158
qwen3-8b,g24a_scifact_1202,base,1,78.19243391639763
qwen3-8b,g24a_scifact_1202,exclude_post,1,0.005532173719517734
qwen3-8b,g24a_scifact_1202,exclude_pre,1,78.03082242335606
qwen3-8b,g24a_scifact_1220,admit_post,1,99.99999999885958
qwen3-8b,g24a_scifact_1220,admit_pre,1,99.9999999981197
qwen3-8b,g24a_scifact_1220,base,1,99.99211477364969
qwen3-8b,g24a_scifact_1220,exclude_post,1,99.9999992415875
qwen3-8b,g24a_scifact_1220,exclude_pre,1,99.9999999377422
qwen3-8b,g24a_scifact_1223,admit_post,-1,79.10260388164191
qwen3-8b,g24a_scifact_1223,admit_pre,-1,81.34332863408441
qwen3-8b,g24a_scifact_1223,base,-1,66.73448594655082
qwen3-8b,g24a_scifact_1223,exclude_post,-1,58.11207998046992
qwen3-8b,g24a_scifact_1223,exclude_pre,-1,77.68248691190895
qwen3-8b,g24a_scifact_1229,admit_post,1,87.82953641735357
qwen3-8b,g24a_scifact_1229,admit_pre,1,88.68918629871867
qwen3-8b,g24a_scifact_1229,base,1,77.87301500500051
qwen3-8b,g24a_scifact_1229,exclude_post,1,0.1382532684785499
qwen3-8b,g24a_scifact_1229,exclude_pre,1,66.66193156541962
qwen3-8b,g24a_scifact_1237,admit_post,-1,0.008940465293165705
qwen3-8b,g24a_scifact_1237,admit_pre,-1,0.006095305431995598
qwen3-8b,g24a_scifact_1237,base,-1,65.83366296275821
qwen3-8b,g24a_scifact_1237,exclude_post,-1,8.049807821797939e-07
qwen3-8b,g24a_scifact_1237,exclude_pre,-1,3.379725306315621e-05
qwen3-8b,g24a_scifact_1238,admit_post,1,99.99999660104301
qwen3-8b,g24a_scifact_1238,admit_pre,1,99.99999793840995
qwen3-8b,g24a_scifact_1238,base,1,99.9999907607851
qwen3-8b,g24a_scifact_1238,exclude_post,1,5.1307465092241556e-05
qwen3-8b,g24a_scifact_1238,exclude_pre,1,99.99993173111848
qwen3-8b,g24a_scifact_1239,admit_post,-1,1.236863317992628
qwen3-8b,g24a_scifact_1239,admit_pre,-1,0.0021645529175144174
qwen3-8b,g24a_scifact_1239,base,-1,3.66832547298846e-07
qwen3-8b,g24a_scifact_1239,exclude_post,-1,3.3993649940801314e-07
qwen3-8b,g24a_scifact_1239,exclude_pre,-1,4.197741761502911e-07
qwen3-8b,g24a_scifact_1241,admit_post,1,99.9999966010769
qwen3-8b,g24a_scifact_1241,admit_pre,1,99.99999992006306
qwen3-8b,g24a_scifact_1241,base,1,99.99999999994304
qwen3-8b,g24a_scifact_1241,exclude_post,1,2.073048986355432e-05
qwen3-8b,g24a_scifact_1241,exclude_pre,1,99.99996775190121
qwen3-8b,g24a_scifact_1246,admit_post,-1,3.861179323410565e-06
qwen3-8b,g24a_scifact_1246,admit_pre,-1,1.44296559162147e-08
qwen3-8b,g24a_scifact_1246,base,-1,1.6425228106081162e-06
qwen3-8b,g24a_scifact_1246,exclude_post,-1,6.85921831142417e-08
qwen3-8b,g24a_scifact_1246,exclude_pre,-1,1.1315664396878348e-07
qwen3-8b,g24a_scifact_1248,admit_post,1,99.99998044051947
qwen3-8b,g24a_scifact_1248,admit_pre,1,99.99999999157411
qwen3-8b,g24a_scifact_1248,base,1,98.67552152713957
qwen3-8b,g24a_scifact_1248,exclude_post,1,0.0059679662546825085
qwen3-8b,g24a_scifact_1248,exclude_pre,1,0.0025377695135684036
qwen3-8b,g24a_scifact_1249,admit_post,-1,33.29077864464192
qwen3-8b,g24a_scifact_1249,admit_pre,-1,23.286181932865137
qwen3-8b,g24a_scifact_1249,base,-1,50.67227552298769
qwen3-8b,g24a_scifact_1249,exclude_post,-1,2.701476436748095e-05
qwen3-8b,g24a_scifact_1249,exclude_pre,-1,0.0014772733445641147
qwen3-8b,g24a_scifact_1254,admit_post,1,99.99999998918129
qwen3-8b,g24a_scifact_1254,admit_pre,1,99.99999999967315
qwen3-8b,g24a_scifact_1254,base,1,99.99916837450574
qwen3-8b,g24a_scifact_1254,exclude_post,1,0.001342039602740372
qwen3-8b,g24a_scifact_1254,exclude_pre,1,99.9999999988596
qwen3-8b,g24a_scifact_1258,admit_post,1,55.52699307791366
qwen3-8b,g24a_scifact_1258,admit_pre,1,55.40707264171098
qwen3-8b,g24a_scifact_1258,base,1,66.69411513554081
qwen3-8b,g24a_scifact_1258,exclude_post,1,54.37662703640928
qwen3-8b,g24a_scifact_1258,exclude_pre,1,51.73114893348233
qwen3-8b,g24a_scifact_1259,admit_post,1,99.99999793843845
qwen3-8b,g24a_scifact_1259,admit_pre,1,99.99999076076811
qwen3-8b,g24a_scifact_1259,base,1,96.43530549286726
qwen3-8b,g24a_scifact_1259,exclude_post,1,92.41293324118998
qwen3-8b,g24a_scifact_1259,exclude_pre,1,99.99960715206788
qwen3-8b,g24a_scifact_1260,admit_post,-1,1.2702975971634629e-08
qwen3-8b,g24a_scifact_1260,admit_pre,-1,3.847703620484e-09
qwen3-8b,g24a_scifact_1260,base,-1,6.370531558029087e-07
qwen3-8b,g24a_scifact_1260,exclude_post,-1,6.776691125034357e-10
qwen3-8b,g24a_scifact_1260,exclude_pre,-1,1.286258450679703e-08
qwen3-8b,g24a_scifact_1261,admit_post,-1,99.99999983077068
qwen3-8b,g24a_scifact_1261,admit_pre,-1,99.99999983077409
qwen3-8b,g24a_scifact_1261,base,-1,18.631190471107217
qwen3-8b,g24a_scifact_1261,exclude_post,-1,1.6926085784268083e-05
qwen3-8b,g24a_scifact_1261,exclude_pre,-1,99.99960715043947
qwen3-8b,g24a_scifact_1262,admit_post,1,99.99999997709372
qwen3-8b,g24a_scifact_1262,admit_pre,1,99.99999999957997
qwen3-8b,g24a_scifact_1262,base,1,99.9046942740399
qwen3-8b,g24a_scifact_1262,exclude_post,1,99.99817590528181
qwen3-8b,g24a_scifact_1262,exclude_pre,1,99.99999998211892
qwen3-8b,g24a_scifact_1263,admit_post,1,99.99999999930787
qwen3-8b,g24a_scifact_1263,admit_pre,1,99.99999999992697
qwen3-8b,g24a_scifact_1263,base,1,99.99999793839953
qwen3-8b,g24a_scifact_1263,exclude_post,1,66.67935520064367
qwen3-8b,g24a_scifact_1263,exclude_pre,1,99.99999999488634
qwen3-8b,g24a_scifact_1271,admit_post,1,99.99999999911162
qwen3-8b,g24a_scifact_1271,admit_pre,1,99.9999999377432
qwen3-8b,g24a_scifact_1271,base,1,70.86005378487354
qwen3-8b,g24a_scifact_1271,exclude_post,1,2.331935355155839e-06
qwen3-8b,g24a_scifact_1271,exclude_pre,1,99.99862894783593
qwen3-8b,g24a_scifact_1273,admit_post,1,99.99985547501616
qwen3-8b,g24a_scifact_1273,admit_pre,1,99.99993173051934
qwen3-8b,g24a_scifact_1273,base,1,62.470253765836596
qwen3-8b,g24a_scifact_1273,exclude_post,1,0.06436382107966646
qwen3-8b,g24a_scifact_1273,exclude_pre,1,88.87362226034806
qwen3-8b,g24a_scifact_1274,admit_post,1,97.52543285217286
qwen3-8b,g24a_scifact_1274,admit_pre,1,77.65593574502132
qwen3-8b,g24a_scifact_1274,base,1,99.99999997058677
qwen3-8b,g24a_scifact_1274,exclude_post,1,66.71105868052403
qwen3-8b,g24a_scifact_1274,exclude_pre,1,58.979756638985364
qwen3-8b,g24a_scifact_1303,admit_post,-1,4.775736157639693e-07
qwen3-8b,g24a_scifact_1303,admit_pre,-1,7.832165562520171e-07
qwen3-8b,g24a_scifact_1303,base,-1,11.980499314391276
qwen3-8b,g24a_scifact_1303,exclude_post,-1,0.00020665237086730034
qwen3-8b,g24a_scifact_1303,exclude_pre,-1,33.32328116341605
qwen3-8b,g24a_scifact_1305,admit_post,1,99.99999999946101
qwen3-8b,g24a_scifact_1305,admit_pre,1,99.99999999811843
qwen3-8b,g24a_scifact_1305,base,1,99.99994683197379
qwen3-8b,g24a_scifact_1305,exclude_post,1,99.11846760274629
qwen3-8b,g24a_scifact_1305,exclude_pre,1,99.98318385021616
qwen3-8b,g24a_scifact_1311,admit_post,1,99.99999998610669
qwen3-8b,g24a_scifact_1311,admit_pre,1,99.99999999689979
qwen3-8b,g24a_scifact_1311,base,1,99.99935231888522
qwen3-8b,g24a_scifact_1311,exclude_post,1,99.99999999885905
qwen3-8b,g24a_scifact_1311,exclude_pre,1,99.99999996223633
qwen3-8b,g24a_scifact_1319,admit_post,1,99.99998476698876
qwen3-8b,g24a_scifact_1319,admit_pre,1,99.99999997709438
qwen3-8b,g24a_scifact_1319,base,1,99.99976172253581
qwen3-8b,g24a_scifact_1319,exclude_post,1,0.0411643848789901
qwen3-8b,g24a_scifact_1319,exclude_pre,1,99.99999999885205
qwen3-8b,g24a_scifact_1320,admit_post,-1,1.600417090262945e-07
qwen3-8b,g24a_scifact_1320,admit_pre,-1,1.2487974883000875e-07
qwen3-8b,g24a_scifact_1320,base,-1,64.63976377586863
qwen3-8b,g24a_scifact_1320,exclude_post,-1,1.0892535935781833e-08
qwen3-8b,g24a_scifact_1320,exclude_pre,-1,8.868742361343552e-06
qwen3-8b,g24a_scifact_1322,admit_post,1,99.99969403994297
qwen3-8b,g24a_scifact_1322,admit_pre,1,99.9999999622259
qwen3-8b,g24a_scifact_1322,base,1,96.43531404647374
qwen3-8b,g24a_scifact_1322,exclude_post,1,5.859208614833656e-06
qwen3-8b,g24a_scifact_1322,exclude_pre,1,99.99999838960868
qwen3-8b,g24a_scifact_1328,admit_post,1,99.99999999157393
qwen3-8b,g24a_scifact_1328,admit_pre,1,99.99996775190141
qwen3-8b,g24a_scifact_1328,base,1,99.99999992006353
qwen3-8b,g24a_scifact_1328,exclude_post,1,3.4608177966712755e-08
qwen3-8b,g24a_scifact_1328,exclude_pre,1,99.99773969152024
qwen3-8b,g24a_scifact_1333,admit_post,1,99.99893219498907
qwen3-8b,g24a_scifact_1333,admit_pre,1,88.94436877994485
qwen3-8b,g24a_scifact_1333,base,1,65.99912769522638
qwen3-8b,g24a_scifact_1333,exclude_post,1,8.991905894406493e-06
qwen3-8b,g24a_scifact_1333,exclude_pre,1,77.36306181489421
qwen3-8b,g24a_scifact_1339,admit_post,-1,1.3582199414277105e-09
qwen3-8b,g24a_scifact_1339,admit_pre,-1,2.3602676067359028e-09
qwen3-8b,g24a_scifact_1339,base,-1,5.765831506542353e-06
qwen3-8b,g24a_scifact_1339,exclude_post,-1,3.8624448305126807e-10
qwen3-8b,g24a_scifact_1339,exclude_pre,-1,4.85988777953034e-10
qwen3-8b,g24a_scifact_1340,admit_post,1,99.99999999958037
qwen3-8b,g24a_scifact_1340,admit_pre,1,99.9999999997455
qwen3-8b,g24a_scifact_1340,base,1,99.9999999705934
qwen3-8b,g24a_scifact_1340,exclude_post,1,99.99999999601741
qwen3-8b,g24a_scifact_1340,exclude_pre,1,99.99999999601977
qwen3-8b,g24a_scifact_1341,admit_post,1,99.99999999690031
qwen3-8b,g24a_scifact_1341,admit_pre,1,99.99999999911182
qwen3-8b,g24a_scifact_1341,base,1,99.99988744455614
qwen3-8b,g24a_scifact_1341,exclude_post,1,4.065643405062004e-10
qwen3-8b,g24a_scifact_1341,exclude_pre,1,99.99999993774453
qwen3-8b,g24a_scifact_1346,admit_post,1,99.98987719916971
qwen3-8b,g24a_scifact_1346,admit_pre,1,99.4730454456224
qwen3-8b,g24a_scifact_1346,base,1,99.99988744441923
qwen3-8b,g24a_scifact_1346,exclude_post,1,5.392541861061908e-10
qwen3-8b,g24a_scifact_1346,exclude_pre,1,77.78739616848198
qwen3-8b,g24a_scifact_1351,admit_post,-1,90.52917827114794
qwen3-8b,g24a_scifact_1351,admit_pre,-1,89.06733357642602
qwen3-8b,g24a_scifact_1351,base,-1,77.73257871203197
qwen3-8b,g24a_scifact_1351,exclude_post,-1,65.82514684837403
qwen3-8b,g24a_scifact_1351,exclude_pre,-1,56.32424825479425
qwen3-8b,g24a_scifact_1366,admit_post,1,98.94055569376673
qwen3-8b,g24a_scifact_1366,admit_pre,1,97.52555272486228
qwen3-8b,g24a_scifact_1366,base,1,89.5564061731036
qwen3-8b,g24a_scifact_1366,exclude_post,1,58.47579243072649
qwen3-8b,g24a_scifact_1366,exclude_pre,1,88.89095937487456
qwen3-8b,g24a_scifact_1371,admit_post,1,99.98987720092788
qwen3-8b,g24a_scifact_1371,admit_pre,1,99.9986289480216
qwen3-8b,g24a_scifact_1371,base,1,99.99999998610866
qwen3-8b,g24a_scifact_1371,exclude_post,1,2.0190760106911395e-08
qwen3-8b,g24a_scifact_1371,exclude_pre,1,1.0272038068672193e-05
qwen3-8b,g24a_scifact_1376,admit_post,-1,0.012315928723225915
qwen3-8b,g24a_scifact_1376,admit_pre,-1,27.134769592029002
qwen3-8b,g24a_scifact_1376,base,-1,77.85195969942568
qwen3-8b,g24a_scifact_1376,exclude_post,-1,4.403484662849726e-06
qwen3-8b,g24a_scifact_1376,exclude_pre,-1,8.249373591467346e-06
qwen3-8b,g24a_scifact_1381,admit_post,1,99.99998044061087
qwen3-8b,g24a_scifact_1381,admit_pre,1,90.533558506391
qwen3-8b,g24a_scifact_1381,base,1,88.88886399125445
qwen3-8b,g24a_scifact_1381,exclude_post,1,53.90450895969229
qwen3-8b,g24a_scifact_1381,exclude_pre,1,67.72587157045658
qwen3-8b,g24a_scifact_1392,admit_post,1,99.99385801232513
qwen3-8b,g24a_scifact_1392,admit_pre,1,89.94224090271422
qwen3-8b,g24a_scifact_1392,base,1,24.693325516895793
qwen3-8b,g24a_scifact_1392,exclude_post,1,0.00020952013479976178
qwen3-8b,g24a_scifact_1392,exclude_pre,1,72.22204591533998
qwen3-8b,g24a_scifact_142,admit_post,-1,2.165837072042473e-08
qwen3-8b,g24a_scifact_142,admit_pre,-1,1.9238825769279356e-07
qwen3-8b,g24a_scifact_142,base,-1,55.555552607600845
qwen3-8b,g24a_scifact_142,exclude_post,-1,3.042726175434851e-09
qwen3-8b,g24a_scifact_142,exclude_pre,-1,1.1459817597180635e-08
qwen3-8b,g24a_scifact_143,admit_post,1,89.94658292186426
qwen3-8b,g24a_scifact_143,admit_pre,1,91.36322789910837
qwen3-8b,g24a_scifact_143,base,1,66.57361620711514
qwen3-8b,g24a_scifact_143,exclude_post,1,0.0013376336237663883
qwen3-8b,g24a_scifact_143,exclude_pre,1,89.08621455761113
qwen3-8b,g24a_scifact_148,admit_post,1,97.52553762140681
qwen3-8b,g24a_scifact_148,admit_pre,1,99.99996775177962
qwen3-8b,g24a_scifact_148,base,1,99.99976172263433
qwen3-8b,g24a_scifact_148,exclude_post,1,14.872327166877097
qwen3-8b,g24a_scifact_148,exclude_pre,1,93.24205362934846
qwen3-8b,g24a_scifact_155,admit_post,1,99.99981442844381
qwen3-8b,g24a_scifact_155,admit_pre,1,89.7315205977414
qwen3-8b,g24a_scifact_155,base,1,91.87711276989515
qwen3-8b,g24a_scifact_155,exclude_post,1,2.885380489492943
qwen3-8b,g24a_scifact_155,exclude_pre,1,33.346788076274095
qwen3-8b,g24a_scifact_156,admit_post,-1,0.0007601554695149186
qwen3-8b,g24a_scifact_156,admit_pre,-1,90.51291259888666
qwen3-8b,g24a_scifact_156,base,-1,23.424757466391082
qwen3-8b,g24a_scifact_156,exclude_post,-1,0.5538306536373535
qwen3-8b,g24a_scifact_156,exclude_pre,-1,21.968370174280885
qwen3-8b,g24a_scifact_157,admit_post,1,99.99999978270519
qwen3-8b,g24a_scifact_157,admit_pre,1,99.99999793841177
qwen3-8b,g24a_scifact_157,base,1,99.99999999999706
qwen3-8b,g24a_scifact_157,exclude_post,1,99.99999788341702
qwen3-8b,g24a_scifact_157,exclude_pre,1,66.69889084015546
qwen3-8b,g24a_scifact_197,admit_post,1,99.9870053656179
qwen3-8b,g24a_scifact_197,admit_pre,1,99.99999978268887
qwen3-8b,g24a_scifact_197,base,1,99.99999999974544
qwen3-8b,g24a_scifact_197,exclude_post,1,99.99996774719345
qwen3-8b,g24a_scifact_197,exclude_pre,1,69.90702547453692
qwen3-8b,g24a_scifact_212,admit_post,-1,99.90469457304428
qwen3-8b,g24a_scifact_212,admit_pre,-1,99.9977396984044
qwen3-8b,g24a_scifact_212,base,-1,0.0049668778419065945
qwen3-8b,g24a_scifact_212,exclude_post,-1,3.043428382539665e-08
qwen3-8b,g24a_scifact_212,exclude_pre,-1,99.47304573402167
qwen3-8b,g24a_scifact_218,admit_post,1,99.99211477300679
qwen3-8b,g24a_scifact_218,admit_pre,1,99.8779227488298
qwen3-8b,g24a_scifact_218,base,1,40.45729128672663
qwen3-8b,g24a_scifact_218,exclude_post,1,7.735385872139694e-08
qwen3-8b,g24a_scifact_218,exclude_pre,1,66.98863394823849
qwen3-8b,g24a_scifact_219,admit_post,-1,88.08297651126418
qwen3-8b,g24a_scifact_219,admit_pre,-1,89.32071247583787
qwen3-8b,g24a_scifact_219,base,-1,24.24744093522522
qwen3-8b,g24a_scifact_219,exclude_post,-1,0.06974309353048204
qwen3-8b,g24a_scifact_219,exclude_pre,-1,76.53801776465949
qwen3-8b,g24a_scifact_22,admit_post,1,99.99999993774347
qwen3-8b,g24a_scifact_22,admit_pre,1,99.9999804406005
qwen3-8b,g24a_scifact_22,base,1,98.35503107111751
qwen3-8b,g24a_scifact_22,exclude_post,1,99.99999964172385
qwen3-8b,g24a_scifact_22,exclude_pre,1,92.45096518373433
qwen3-8b,g24a_scifact_223,admit_post,1,99.99999983077495
qwen3-8b,g24a_scifact_223,admit_pre,1,99.99999989735721
qwen3-8b,g24a_scifact_223,base,1,94.44444323997483
qwen3-8b,g24a_scifact_223,exclude_post,1,7.361809435316323e-06
qwen3-8b,g24a_scifact_223,exclude_pre,1,99.97252614904922
qwen3-8b,g24a_scifact_227,admit_post,1,99.99999999974544
qwen3-8b,g24a_scifact_227,admit_pre,1,99.99999999990627
qwen3-8b,g24a_scifact_227,base,1,99.99999999946121
qwen3-8b,g24a_scifact_227,exclude_post,1,99.99980999280118
qwen3-8b,g24a_scifact_227,exclude_pre,1,89.01082150415715
qwen3-8b,g24a_scifact_228,admit_post,1,99.99988744455233
qwen3-8b,g24a_scifact_228,admit_pre,1,99.99999972099849
qwen3-8b,g24a_scifact_228,base,1,88.8584206931098
qwen3-8b,g24a_scifact_228,exclude_post,1,99.99996775169171
qwen3-8b,g24a_scifact_228,exclude_pre,1,99.99999972099741
qwen3-8b,g24a_scifact_239,admit_post,1,99.33237046285889
qwen3-8b,g24a_scifact_239,admit_pre,1,99.99211477381347
qwen3-8b,g24a_scifact_239,base,1,88.89794386522135
qwen3-8b,g24a_scifact_239,exclude_post,1,43.88791025534286
qwen3-8b,g24a_scifact_239,exclude_pre,1,2.587724087224759e-07
qwen3-8b,g24a_scifact_243,admit_post,1,99.99211477063174
qwen3-8b,g24a_scifact_243,admit_pre,1,99.9547762300912
qwen3-8b,g24a_scifact_243,base,1,99.99999999488962
qwen3-8b,g24a_scifact_243,exclude_post,1,78.14883071190155
qwen3-8b,g24a_scifact_243,exclude_pre,1,77.40395690777076
qwen3-8b,g24a_scifact_256,admit_post,1,74.78878301095247
qwen3-8b,g24a_scifact_256,admit_pre,1,99.47288272449723
qwen3-8b,g24a_scifact_256,base,1,99.99998044060764
qwen3-8b,g24a_scifact_256,exclude_post,1,40.437057343783586
qwen3-8b,g24a_scifact_256,exclude_pre,1,55.121043065818455
qwen3-8b,g24a_scifact_280,admit_post,1,89.08647609888175
qwen3-8b,g24a_scifact_280,admit_pre,1,88.90078472215708
qwen3-8b,g24a_scifact_280,base,1,99.84373722607621
qwen3-8b,g24a_scifact_280,exclude_post,1,77.81445278453909
qwen3-8b,g24a_scifact_280,exclude_pre,1,80.25248810877574
qwen3-8b,g24a_scifact_283,admit_post,-1,0.016515374732639063
qwen3-8b,g24a_scifact_283,admit_pre,-1,1.2385611094253978e-09
qwen3-8b,g24a_scifact_283,base,-1,1.9361251312062994e-09
qwen3-8b,g24a_scifact_283,exclude_post,-1,2.0439362860203436e-09
qwen3-8b,g24a_scifact_283,exclude_pre,-1,6.440187008692869e-10
qwen3-8b,g24a_scifact_290,admit_post,-1,2.0380948398341565
qwen3-8b,g24a_scifact_290,admit_pre,-1,1.0584876213164032
qwen3-8b,g24a_scifact_290,base,-1,66.67415901250752
qwen3-8b,g24a_scifact_290,exclude_post,-1,0.8525036889940925
qwen3-8b,g24a_scifact_290,exclude_pre,-1,16.287674840679696
qwen3-8b,g24a_scifact_292,admit_post,1,99.47304560461875
qwen3-8b,g24a_scifact_292,admit_pre,1,99.96474793035625
qwen3-8b,g24a_scifact_292,base,1,67.99100234267432
qwen3-8b,g24a_scifact_292,exclude_post,1,7.560498405711764e-06
qwen3-8b,g24a_scifact_292,exclude_pre,1,97.97302699678706
qwen3-8b,g24a_scifact_295,admit_post,1,99.9999973529106
qwen3-8b,g24a_scifact_295,admit_pre,1,99.99999998610839
qwen3-8b,g24a_scifact_295,base,1,99.99988744439723
qwen3-8b,g24a_scifact_295,exclude_post,1,0.025137711666661303
qwen3-8b,g24a_scifact_295,exclude_pre,1,99.99997488517607
qwen3-8b,g24a_scifact_3,admit_post,1,61.10183370849307
qwen3-8b,g24a_scifact_3,admit_pre,1,47.899776499161796
qwen3-8b,g24a_scifact_3,base,1,99.47304553493309
qwen3-8b,g24a_scifact_3,exclude_post,1,91.09173135930233
qwen3-8b,g24a_scifact_3,exclude_pre,1,40.330154803690604
qwen3-8b,g24a_scifact_30,admit_post,1,99.99999954000454
qwen3-8b,g24a_scifact_30,admit_pre,1,99.99999999157437
qwen3-8b,g24a_scifact_30,base,1,90.91569938581081
qwen3-8b,g24a_scifact_30,exclude_post,1,99.99993173123158
qwen3-8b,g24a_scifact_30,exclude_pre,1,99.99999839445911
qwen3-8b,g24a_scifact_308,admit_post,-1,88.8037054198561
qwen3-8b,g24a_scifact_308,admit_pre,-1,77.70342773545164
qwen3-8b,g24a_scifact_308,base,-1,22.339695816137535
qwen3-8b,g24a_scifact_308,exclude_post,-1,66.57159088931354
qwen3-8b,g24a_scifact_308,exclude_pre,-1,1.7039811072129456e-05
qwen3-8b,g24a_scifact_330,admit_post,-1,2.545521476344851e-07
qwen3-8b,g24a_scifact_330,admit_pre,-1,4.0018202708053666e-05
qwen3-8b,g24a_scifact_330,base,-1,33.37805179834605
qwen3-8b,g24a_scifact_330,exclude_post,-1,3.012662294170785e-06
qwen3-8b,g24a_scifact_330,exclude_pre,-1,0.014065444079803396
qwen3-8b,g24a_scifact_335,admit_post,1,89.30344673157084
qwen3-8b,g24a_scifact_335,admit_pre,1,89.14312576039966
qwen3-8b,g24a_scifact_335,base,1,88.887137723391
qwen3-8b,g24a_scifact_335,exclude_post,1,0.0069082083339466575
qwen3-8b,g24a_scifact_335,exclude_pre,1,75.75081446948151
qwen3-8b,g24a_scifact_34,admit_post,1,99.99999999343808
qwen3-8b,g24a_scifact_34,admit_pre,1,99.99935231868452
qwen3-8b,g24a_scifact_34,base,1,99.99999999811978
qwen3-8b,g24a_scifact_34,exclude_post,1,0.5253455465369741
qwen3-8b,g24a_scifact_34,exclude_pre,1,99.98987719690469
qwen3-8b,g24a_scifact_386,admit_post,1,99.99999995151562
qwen3-8b,g24a_scifact_386,admit_pre,1,99.99999793845251
qwen3-8b,g24a_scifact_386,base,1,99.80015315685263
qwen3-8b,g24a_scifact_386,exclude_post,1,72.2881307238923
qwen3-8b,g24a_scifact_386,exclude_pre,1,99.98332018986451
qwen3-8b,g24a_scifact_394,admit_post,1,99.98700543628516
qwen3-8b,g24a_scifact_394,admit_pre,1,99.97252636609826
qwen3-8b,g24a_scifact_394,base,1,99.99773969920972
qwen3-8b,g24a_scifact_394,exclude_post,1,4.390149603337797e-05
qwen3-8b,g24a_scifact_394,exclude_pre,1,69.65284465110398
qwen3-8b,g24a_scifact_426,admit_post,1,99.99999999992697
qwen3-8b,g24a_scifact_426,admit_pre,1,99.99999999992698
qwen3-8b,g24a_scifact_426,base,1,99.99627388370804
qwen3-8b,g24a_scifact_426,exclude_post,1,99.99999999689554
qwen3-8b,g24a_scifact_426,exclude_pre,1,99.99999999957979
qwen3-8b,g24a_scifact_428,admit_post,1,99.99999999946121
qwen3-8b,g24a_scifact_428,admit_pre,1,99.9999999996732
qwen3-8b,g24a_scifact_428,base,1,99.99981442839204
qwen3-8b,g24a_scifact_428,exclude_post,1,99.99999998609933
qwen3-8b,g24a_scifact_428,exclude_pre,1,99.99999999343783
qwen3-8b,g24a_scifact_436,admit_post,1,99.99999998917848
qwen3-8b,g24a_scifact_436,admit_pre,1,99.9999999981191
qwen3-8b,g24a_scifact_436,base,1,99.99773968925948
qwen3-8b,g24a_scifact_436,exclude_post,1,99.99999793804771
qwen3-8b,g24a_scifact_436,exclude_pre,1,99.99773968925685
qwen3-8b,g24a_scifact_441,admit_post,1,99.98332018986697
qwen3-8b,g24a_scifact_441,admit_pre,1,99.99998044060789
qwen3-8b,g24a_scifact_441,base,1,99.87792286660276
qwen3-8b,g24a_scifact_441,exclude_post,1,1.914813582473709e-06
qwen3-8b,g24a_scifact_441,exclude_pre,1,89.92710965098075
qwen3-8b,g24a_scifact_444,admit_post,1,99.9785918394065
qwen3-8b,g24a_scifact_444,admit_pre,1,99.99993173124702
qwen3-8b,g24a_scifact_444,base,1,67.1935887142552
qwen3-8b,g24a_scifact_444,exclude_post,1,40.76703957398441
qwen3-8b,g24a_scifact_444,exclude_pre,1,66.9215781014744
qwen3-8b,g24a_scifact_455,admit_post,1,90.91521311465337
qwen3-8b,g24a_scifact_455,admit_pre,1,98.94055191652183
qwen3-8b,g24a_scifact_455,base,1,99.99773969913251
qwen3-8b,g24a_scifact_455,exclude_post,1,84.0245829629485
qwen3-8b,g24a_scifact_455,exclude_pre,1,90.52614439239167
qwen3-8b,g24a_scifact_46,admit_post,1,99.99935231913341
qwen3-8b,g24a_scifact_46,admit_pre,1,99.99999793845154
qwen3-8b,g24a_scifact_46,base,1,8.322952680483082
qwen3-8b,g24a_scifact_46,exclude_post,1,1.1868539755138625e-06
qwen3-8b,g24a_scifact_46,exclude_pre,1,88.90105181234522
qwen3-8b,g24a_scifact_461,admit_post,1,99.99960715241377
qwen3-8b,g24a_scifact_461,admit_pre,1,99.99862894759667
qwen3-8b,g24a_scifact_461,base,1,99.99211477261457
qwen3-8b,g24a_scifact_461,exclude_post,1,77.97753698678375
qwen3-8b,g24a_scifact_461,exclude_pre,1,86.86192844794672
qwen3-8b,g24a_scifact_469,admit_post,1,99.99991234139222
qwen3-8b,g24a_scifact_469,admit_pre,1,99.99985547633314
qwen3-8b,g24a_scifact_469,base,1,88.87699302243925
qwen3-8b,g24a_scifact_469,exclude_post,1,8.537861430545014e-06
qwen3-8b,g24a_scifact_469,exclude_pre,1,77.45209671526662
qwen3-8b,g24a_scifact_470,admit_post,1,99.99999999999228
qwen3-8b,g24a_scifact_470,admit_pre,1,99.99999999999777
qwen3-8b,g24a_scifact_470,base,1,99.99999999998681
qwen3-8b,g24a_scifact_470,exclude_post,1,99.99999999974516
qwen3-8b,g24a_scifact_470,exclude_pre,1,99.99999999997898
qwen3-8b,g24a_scifact_475,admit_post,1,96.43410105426614
qwen3-8b,g24a_scifact_475,admit_pre,1,91.87502984866141
qwen3-8b,g24a_scifact_475,base,1,99.999999999988
qwen3-8b,g24a_scifact_475,exclude_post,1,99.9999999985352
qwen3-8b,g24a_scifact_475,exclude_pre,1,76.93963110108832
qwen3-8b,g24a_scifact_483,admit_post,1,91.3632516202361
qwen3-8b,g24a_scifact_483,admit_pre,1,92.45321758739463
qwen3-8b,g24a_scifact_483,base,1,80.25204794650917
qwen3-8b,g24a_scifact_483,exclude_post,1,76.4533003608037
qwen3-8b,g24a_scifact_483,exclude_pre,1,66.72442979122333
qwen3-8b,g24a_scifact_513,admit_post,-1,35.73969466750386
qwen3-8b,g24a_scifact_513,admit_pre,-1,36.992344392576655
qwen3-8b,g24a_scifact_513,base,-1,6.390500245251302e-07
qwen3-8b,g24a_scifact_513,exclude_post,-1,0.01056809235917494
qwen3-8b,g24a_scifact_513,exclude_pre,-1,0.002144684513608346
qwen3-8b,g24a_scifact_515,admit_post,1,99.98700543314497
qwen3-8b,g24a_scifact_515,admit_pre,1,99.99521603001953
qwen3-8b,g24a_scifact_515,base,1,88.47428972546581
qwen3-8b,g24a_scifact_515,exclude_post,1,1.7156844743058944e-08
qwen3-8b,g24a_scifact_515,exclude_pre,1,97.97304577597797
qwen3-8b,g24a_scifact_516,admit_post,-1,5.435584251936228e-06
qwen3-8b,g24a_scifact_516,admit_pre,-1,8.886363197711713e-07
qwen3-8b,g24a_scifact_516,base,-1,16.16373840895762
qwen3-8b,g24a_scifact_516,exclude_post,-1,3.8169516061629615e-07
qwen3-8b,g24a_scifact_516,exclude_pre,-1,1.2505769345677838e-07
qwen3-8b,g24a_scifact_523,admit_post,-1,65.82521769345287
qwen3-8b,g24a_scifact_523,admit_pre,-1,66.14065087136278
qwen3-8b,g24a_scifact_523,base,-1,67.98642556485794
qwen3-8b,g24a_scifact_523,exclude_post,-1,1.2449778696826355
qwen3-8b,g24a_scifact_523,exclude_pre,-1,24.678948433685736
qwen3-8b,g24a_scifact_524,admit_post,1,66.73090815343777
qwen3-8b,g24a_scifact_524,admit_pre,1,66.14028163643907
qwen3-8b,g24a_scifact_524,base,1,66.68325881080038
qwen3-8b,g24a_scifact_524,exclude_post,1,25.86815775423771
qwen3-8b,g24a_scifact_524,exclude_pre,1,55.40695635781995
qwen3-8b,g24a_scifact_548,admit_post,1,97.97303911594008
qwen3-8b,g24a_scifact_548,admit_pre,1,99.9986289475974
qwen3-8b,g24a_scifact_548,base,1,89.94832311276461
qwen3-8b,g24a_scifact_548,exclude_post,1,0.37573690853090663
qwen3-8b,g24a_scifact_548,exclude_pre,1,71.5313232994336
qwen3-8b,g24a_scifact_553,admit_post,-1,2.696844059074717e-09
qwen3-8b,g24a_scifact_553,admit_pre,-1,4.430059431926742e-09
qwen3-8b,g24a_scifact_553,base,-1,9.385181274356239e-09
qwen3-8b,g24a_scifact_553,exclude_post,-1,0.010097458323976398
qwen3-8b,g24a_scifact_553,exclude_pre,-1,9.640651196490856e-09
qwen3-8b,g24a_scifact_570,admit_post,1,99.99999989735959
qwen3-8b,g24a_scifact_570,admit_pre,1,99.97252640556503
qwen3-8b,g24a_scifact_570,base,1,99.97859183890266
qwen3-8b,g24a_scifact_570,exclude_post,1,6.075939052170623e-07
qwen3-8b,g24a_scifact_570,exclude_pre,1,99.99935231853988
qwen3-8b,g24a_scifact_571,admit_post,-1,99.99999660105965
qwen3-8b,g24a_scifact_571,admit_pre,-1,97.01175495742478
qwen3-8b,g24a_scifact_571,base,-1,69.65462121889703
qwen3-8b,g24a_scifact_571,exclude_post,-1,5.545105521638378e-07
qwen3-8b,g24a_scifact_571,exclude_pre,-1,69.65146320605203
qwen3-8b,g24a_scifact_578,admit_post,-1,99.99999999885952
qwen3-8b,g24a_scifact_578,admit_pre,-1,99.99999999343777
qwen3-8b,g24a_scifact_578,base,-1,66.82242479549474
qwen3-8b,g24a_scifact_578,exclude_post,-1,98.67552152731669
qwen3-8b,g24a_scifact_578,exclude_pre,-1,99.98332017234208
qwen3-8b,g24a_scifact_598,admit_post,-1,33.33836866616676
qwen3-8b,g24a_scifact_598,admit_pre,-1,32.6649590494896
qwen3-8b,g24a_scifact_598,base,-1,6.039410647509057e-07
qwen3-8b,g24a_scifact_598,exclude_post,-1,0.001231178258000102
qwen3-8b,g24a_scifact_598,exclude_pre,-1,0.00011085320044872983
qwen3-8b,g24a_scifact_603,admit_post,1,89.94827468959971
qwen3-8b,g24a_scifact_603,admit_pre,1,88.04640090752001
qwen3-8b,g24a_scifact_603,base,1,34.97718844980042
qwen3-8b,g24a_scifact_603,exclude_post,1,66.00024322650839
qwen3-8b,g24a_scifact_603,exclude_pre,1,66.76166620435725
qwen3-8b,g24a_scifact_625,admit_post,1,95.80501514142445
qwen3-8b,g24a_scifact_625,admit_pre,1,99.9999907604017
qwen3-8b,g24a_scifact_625,base,1,88.88845011014344
qwen3-8b,g24a_scifact_625,exclude_post,1,99.99773914128929
qwen3-8b,g24a_scifact_625,exclude_pre,1,99.99976170576869
qwen3-8b,g24a_scifact_632,admit_post,-1,99.99969404783491
qwen3-8b,g24a_scifact_632,admit_pre,-1,99.99996775207156
qwen3-8b,g24a_scifact_632,base,-1,70.6400186371612
qwen3-8b,g24a_scifact_632,exclude_post,-1,98.94051811758851
qwen3-8b,g24a_scifact_632,exclude_pre,-1,97.97302066840028
qwen3-8b,g24a_scifact_633,admit_post,-1,2.2412091507467715
qwen3-8b,g24a_scifact_633,admit_pre,-1,78.97413064227177
qwen3-8b,g24a_scifact_633,base,-1,45.76114904210245
qwen3-8b,g24a_scifact_633,exclude_post,-1,1.4237876301317406e-07
qwen3-8b,g24a_scifact_633,exclude_pre,-1,6.73070343316928e-08
qwen3-8b,g24a_scifact_640,admit_post,1,99.99999999997868
qwen3-8b,g24a_scifact_640,admit_pre,1,99.99999999995443
qwen3-8b,g24a_scifact_640,base,1,99.99999999999766
qwen3-8b,g24a_scifact_640,exclude_post,1,99.99999999999491
qwen3-8b,g24a_scifact_640,exclude_pre,1,99.99999999998923
qwen3-8b,g24a_scifact_653,admit_post,1,97.0117600179701
qwen3-8b,g24a_scifact_653,admit_pre,1,99.92563496452061
qwen3-8b,g24a_scifact_653,base,1,88.88735781436722
qwen3-8b,g24a_scifact_653,exclude_post,1,0.0006395471429339362
qwen3-8b,g24a_scifact_653,exclude_pre,1,98.35502993623861
qwen3-8b,g24a_scifact_67,admit_post,1,99.99999998917852
qwen3-8b,g24a_scifact_67,admit_pre,1,99.99999972098469
qwen3-8b,g24a_scifact_67,base,1,0.09879767387157218
qwen3-8b,g24a_scifact_67,exclude_post,1,3.060715002688835e-05
qwen3-8b,g24a_scifact_67,exclude_pre,1,99.99999793779902
qwen3-8b,g24a_scifact_709,admit_post,1,66.99205248312158
qwen3-8b,g24a_scifact_709,admit_pre,1,56.61449865123109
qwen3-8b,g24a_scifact_709,base,1,58.54371518955356
qwen3-8b,g24a_scifact_709,exclude_post,1,66.51328758208211
qwen3-8b,g24a_scifact_709,exclude_pre,1,55.649489982930405
qwen3-8b,g24a_scifact_721,admit_post,1,99.99999999758487
qwen3-8b,g24a_scifact_721,admit_pre,1,99.99935231626121
qwen3-8b,g24a_scifact_721,base,1,88.84980690963393
qwen3-8b,g24a_scifact_721,exclude_post,1,1.3497195104147634e-05
qwen3-8b,g24a_scifact_721,exclude_pre,1,99.99999924135597
qwen3-8b,g24a_scifact_734,admit_post,1,89.0087059580146
qwen3-8b,g24a_scifact_734,admit_pre,1,89.03215911793674
qwen3-8b,g24a_scifact_734,base,1,79.42273537673776
qwen3-8b,g24a_scifact_734,exclude_post,1,8.5029424589127
qwen3-8b,g24a_scifact_734,exclude_pre,1,71.52524427272427
qwen3-8b,g24a_scifact_744,admit_post,1,99.99993171449961
qwen3-8b,g24a_scifact_744,admit_pre,1,99.99985545475784
qwen3-8b,g24a_scifact_744,base,1,63.677659592912505
qwen3-8b,g24a_scifact_744,exclude_post,1,56.306929437557635
qwen3-8b,g24a_scifact_744,exclude_pre,1,82.4975251159707
qwen3-8b,g24a_scifact_749,admit_post,1,99.99999999811934
qwen3-8b,g24a_scifact_749,admit_pre,1,99.99999999885934
qwen3-8b,g24a_scifact_749,base,1,99.99999999999848
qwen3-8b,g24a_scifact_749,exclude_post,1,99.99999999998715
qwen3-8b,g24a_scifact_749,exclude_pre,1,98.78584816687743
qwen3-8b,g24a_scifact_752,admit_post,1,99.99385801232451
qwen3-8b,g24a_scifact_752,admit_pre,1,99.99627388625517
qwen3-8b,g24a_scifact_752,base,1,85.3242070978101
qwen3-8b,g24a_scifact_752,exclude_post,1,0.001400834026917546
qwen3-8b,g24a_scifact_752,exclude_pre,1,1.3123659479098597e-05
qwen3-8b,g24a_scifact_756,admit_post,1,99.99999999998725
qwen3-8b,g24a_scifact_756,admit_pre,1,99.99999999992701
qwen3-8b,g24a_scifact_756,base,1,99.99999999998715
qwen3-8b,g24a_scifact_756,exclude_post,1,99.99999999984522
qwen3-8b,g24a_scifact_756,exclude_pre,1,99.99999999930706
qwen3-8b,g24a_scifact_764,admit_post,-1,53.52663353176795
qwen3-8b,g24a_scifact_764,admit_pre,-1,56.61469163992989
qwen3-8b,g24a_scifact_764,base,-1,55.53497845595044
qwen3-8b,g24a_scifact_764,exclude_post,-1,55.4340214148745
qwen3-8b,g24a_scifact_764,exclude_pre,-1,55.464898980702394
qwen3-8b,g24a_scifact_784,admit_post,1,99.98987719691424
qwen3-8b,g24a_scifact_784,admit_pre,1,99.99995859278802
qwen3-8b,g24a_scifact_784,base,1,99.99999983077655
qwen3-8b,g24a_scifact_784,exclude_post,1,88.88276402999892
qwen3-8b,g24a_scifact_784,exclude_pre,1,99.92563443343292
qwen3-8b,g24a_scifact_789,admit_post,1,99.99999999946105
qwen3-8b,g24a_scifact_789,admit_pre,1,99.99999999974533
qwen3-8b,g24a_scifact_789,base,1,99.99999999998336
qwen3-8b,g24a_scifact_789,exclude_post,1,99.9999999999833
qwen3-8b,g24a_scifact_789,exclude_pre,1,99.99999983076246
qwen3-8b,g24a_scifact_790,admit_post,-1,8.379416364747871e-06
qwen3-8b,g24a_scifact_790,admit_pre,-1,2.5546457853509143e-07
qwen3-8b,g24a_scifact_790,base,-1,4.834010775161914e-06
qwen3-8b,g24a_scifact_790,exclude_post,-1,0.0013510957932310857
qwen3-8b,g24a_scifact_790,exclude_pre,-1,1.0338036725363392e-07
qwen3-8b,g24a_scifact_792,admit_post,1,99.9999999934374
qwen3-8b,g24a_scifact_792,admit_pre,1,99.99999439611973
qwen3-8b,g24a_scifact_792,base,1,99.99991234147332
qwen3-8b,g24a_scifact_792,exclude_post,1,2.8990608097390356e-05
qwen3-8b,g24a_scifact_792,exclude_pre,1,99.94199856864094
qwen3-8b,g24a_scifact_793,admit_post,-1,3.0719619522225644e-10
qwen3-8b,g24a_scifact_793,admit_pre,-1,2.4037511511379286e-10
qwen3-8b,g24a_scifact_793,base,-1,1.4023269849859319e-11
qwen3-8b,g24a_scifact_793,exclude_post,-1,5.277256500373729e-10
qwen3-8b,g24a_scifact_793,exclude_pre,-1,1.8338627658745976e-09
qwen3-8b,g24a_scifact_795,admit_post,1,99.99999999980179
qwen3-8b,g24a_scifact_795,admit_pre,1,99.99999999967304
qwen3-8b,g24a_scifact_795,base,1,99.99999999974547
qwen3-8b,g24a_scifact_795,exclude_post,1,99.9999999861075
qwen3-8b,g24a_scifact_795,exclude_pre,1,99.99999999958014
qwen3-8b,g24a_scifact_797,admit_post,1,99.99999999999719
qwen3-8b,g24a_scifact_797,admit_pre,1,99.99999999998369
qwen3-8b,g24a_scifact_797,base,1,99.99999999999912
qwen3-8b,g24a_scifact_797,exclude_post,1,99.99999999999214
qwen3-8b,g24a_scifact_797,exclude_pre,1,99.9999978862974
qwen3-8b,g24a_scifact_798,admit_post,-1,3.793194144512229e-06
qwen3-8b,g24a_scifact_798,admit_pre,-1,4.523204170917511e-05
qwen3-8b,g24a_scifact_798,base,-1,39.20376709204021
qwen3-8b,g24a_scifact_798,exclude_post,-1,2.652264343936558e-07
qwen3-8b,g24a_scifact_798,exclude_pre,-1,1.2703496972160427e-07
qwen3-8b,g24a_scifact_804,admit_post,1,88.88888739098952
qwen3-8b,g24a_scifact_804,admit_pre,1,89.0284743114895
qwen3-8b,g24a_scifact_804,base,1,71.53136549671842
qwen3-8b,g24a_scifact_804,exclude_post,1,1.793054353772862e-06
qwen3-8b,g24a_scifact_804,exclude_pre,1,88.27904178937794
qwen3-8b,g24a_scifact_811,admit_post,-1,1.382130536862014e-07
qwen3-8b,g24a_scifact_811,admit_pre,-1,99.99385798043082
qwen3-8b,g24a_scifact_811,base,-1,99.96474753317187
qwen3-8b,g24a_scifact_811,exclude_post,-1,5.0231133669736366e-08
qwen3-8b,g24a_scifact_811,exclude_pre,-1,5.504892820124417e-08
qwen3-8b,g24a_scifact_837,admit_post,1,99.92563497294753
qwen3-8b,g24a_scifact_837,admit_pre,1,99.99976172244104
qwen3-8b,g24a_scifact_837,base,1,52.56571586301054
qwen3-8b,g24a_scifact_837,exclude_post,1,0.01857287009775986
qwen3-8b,g24a_scifact_837,exclude_pre,1,66.62174566007616
qwen3-8b,g24a_scifact_839,admit_post,1,99.99991234139226
qwen3-8b,g24a_scifact_839,admit_pre,1,99.99999660107315
qwen3-8b,g24a_scifact_839,base,1,99.99999839445704
qwen3-8b,g24a_scifact_839,exclude_post,1,99.99981442717257
qwen3-8b,g24a_scifact_839,exclude_pre,1,99.99960715245021
qwen3-8b,g24a_scifact_860,admit_post,1,5.252087437990566e-05
qwen3-8b,g24a_scifact_860,admit_pre,1,99.90467117119113
qwen3-8b,g24a_scifact_860,base,1,9.653433981650441e-05
qwen3-8b,g24a_scifact_860,exclude_post,1,33.44643627803205
qwen3-8b,g24a_scifact_860,exclude_pre,1,3.829897051537607
qwen3-8b,g24a_scifact_88,admit_post,1,99.9999997827128
qwen3-8b,g24a_scifact_88,admit_pre,1,99.99999999974553
qwen3-8b,g24a_scifact_88,base,1,66.66627727948175
qwen3-8b,g24a_scifact_88,exclude_post,1,99.99709593782468
qwen3-8b,g24a_scifact_88,exclude_pre,1,99.99999999343612
qwen3-8b,g24a_scifact_904,admit_post,1,99.99999999911162
qwen3-8b,g24a_scifact_904,admit_pre,1,99.99999999997904
qwen3-8b,g24a_scifact_904,base,1,67.19355269065156
qwen3-8b,g24a_scifact_904,exclude_post,1,0.0833279561303961
qwen3-8b,g24a_scifact_904,exclude_pre,1,1.868165249852378e-09
qwen3-8b,g24a_scifact_917,admit_post,1,99.99999992006127
qwen3-8b,g24a_scifact_917,admit_pre,1,99.99999997709591
qwen3-8b,g24a_scifact_917,base,1,43.154492604242996
qwen3-8b,g24a_scifact_917,exclude_post,1,99.99999999758562
qwen3-8b,g24a_scifact_917,exclude_pre,1,99.99999993774227
qwen3-8b,g24a_scifact_919,admit_post,1,88.76683992068745
qwen3-8b,g24a_scifact_919,admit_pre,1,84.02409407711102
qwen3-8b,g24a_scifact_919,base,1,88.90551551776386
qwen3-8b,g24a_scifact_919,exclude_post,1,78.61779882098561
qwen3-8b,g24a_scifact_919,exclude_pre,1,66.71177783225328
qwen3-8b,g24a_scifact_921,admit_post,1,77.5226561370602
qwen3-8b,g24a_scifact_921,admit_pre,1,55.49773855104715
qwen3-8b,g24a_scifact_921,base,1,88.94687842816454
qwen3-8b,g24a_scifact_921,exclude_post,1,25.910385128397408
qwen3-8b,g24a_scifact_921,exclude_pre,1,55.356000605988875
qwen3-8b,g24a_scifact_926,admit_post,1,55.789457753349694
qwen3-8b,g24a_scifact_926,admit_pre,1,56.39812032341231
qwen3-8b,g24a_scifact_926,base,1,66.66425065746472
qwen3-8b,g24a_scifact_926,exclude_post,1,0.0032043538387485516
qwen3-8b,g24a_scifact_926,exclude_pre,1,33.23561015742296
qwen3-8b,g24a_scifact_927,admit_post,-1,83.34088899045206
qwen3-8b,g24a_scifact_927,admit_pre,-1,77.77467684057568
qwen3-8b,g24a_scifact_927,base,-1,0.0032076462479151183
qwen3-8b,g24a_scifact_927,exclude_post,-1,2.192834300417873e-06
qwen3-8b,g24a_scifact_927,exclude_pre,-1,66.71354816658841
qwen3-8b,g24a_scifact_935,admit_post,1,84.02445417134697
qwen3-8b,g24a_scifact_935,admit_pre,1,81.34253633141365
qwen3-8b,g24a_scifact_935,base,1,33.308205692052645
qwen3-8b,g24a_scifact_935,exclude_post,1,55.16668037242224
qwen3-8b,g24a_scifact_935,exclude_pre,1,66.72329680641654
qwen3-8b,g24a_scifact_965,admit_post,1,99.84373715269834
qwen3-8b,g24a_scifact_965,admit_pre,1,99.99521602854053
qwen3-8b,g24a_scifact_965,base,1,99.9999907607969
qwen3-8b,g24a_scifact_965,exclude_post,1,77.78146279478028
qwen3-8b,g24a_scifact_965,exclude_pre,1,99.9970978840579
qwen3-8b,g24a_scifact_967,admit_post,1,99.9999999981198
qwen3-8b,g24a_scifact_967,admit_pre,1,99.99999999601934
qwen3-8b,g24a_scifact_967,base,1,99.87792284399107
qwen3-8b,g24a_scifact_967,exclude_post,1,99.87792170931496
qwen3-8b,g24a_scifact_967,exclude_pre,1,99.99999995151259
qwen3-8b,g24a_scifact_98,admit_post,-1,99.95475265397857
qwen3-8b,g24a_scifact_98,admit_pre,-1,99.92561148297541
qwen3-8b,g24a_scifact_98,base,-1,2.693655046415674e-06
qwen3-8b,g24a_scifact_98,exclude_post,-1,66.86395532581442
qwen3-8b,g24a_scifact_98,exclude_pre,-1,92.94905206015689
qwen3-8b,g24a_scifact_984,admit_post,1,99.99999999157404
qwen3-8b,g24a_scifact_984,admit_pre,1,99.99999999946019
qwen3-8b,g24a_scifact_984,base,1,88.08065440851092
qwen3-8b,g24a_scifact_984,exclude_post,1,99.99852238494077
qwen3-8b,g24a_scifact_984,exclude_pre,1,1.0679481593773444e-09
qwen3-8b,g24a_scifact_985,admit_post,1,80.25821732248453
qwen3-8b,g24a_scifact_985,admit_pre,1,96.43527150974711
qwen3-8b,g24a_scifact_985,base,1,88.89304798831904
qwen3-8b,g24a_scifact_985,exclude_post,1,55.531675696856745
qwen3-8b,g24a_scifact_985,exclude_pre,1,66.67322176781713
qwen35-9b,g24a_fever_100683,admit_post,-1,1.9312957229566186
qwen35-9b,g24a_fever_100683,admit_pre,-1,0.008345792439002287
qwen35-9b,g24a_fever_100683,base,-1,1.5002978324073553
qwen35-9b,g24a_fever_100683,exclude_post,-1,2.0060239430929387
qwen35-9b,g24a_fever_100683,exclude_pre,-1,0.0072558451594602474
qwen35-9b,g24a_fever_100684,admit_post,1,99.7073846570764
qwen35-9b,g24a_fever_100684,admit_pre,1,99.91556607400527
qwen35-9b,g24a_fever_100684,base,1,99.78674997132686
qwen35-9b,g24a_fever_100684,exclude_post,1,33.17085936324569
qwen35-9b,g24a_fever_100684,exclude_pre,1,99.86608341292327
qwen35-9b,g24a_fever_100832,admit_post,1,99.66738697001007
qwen35-9b,g24a_fever_100832,admit_pre,1,99.671341344734
qwen35-9b,g24a_fever_100832,base,1,99.88040867725535
qwen35-9b,g24a_fever_100832,exclude_post,1,7.044932289457424
qwen35-9b,g24a_fever_100832,exclude_pre,1,99.5432556545968
qwen35-9b,g24a_fever_101027,admit_post,1,98.05350710798547
qwen35-9b,g24a_fever_101027,admit_pre,1,98.50959857653532
qwen35-9b,g24a_fever_101027,base,1,1.042023393072845
qwen35-9b,g24a_fever_101027,exclude_post,1,31.26564893215874
qwen35-9b,g24a_fever_101027,exclude_pre,1,98.4064987568522
qwen35-9b,g24a_fever_101062,admit_post,-1,0.004557848847968415
qwen35-9b,g24a_fever_101062,admit_pre,-1,0.0017236011023132683
qwen35-9b,g24a_fever_101062,base,-1,0.032014565140082406
qwen35-9b,g24a_fever_101062,exclude_post,-1,0.2690141929214104
qwen35-9b,g24a_fever_101062,exclude_pre,-1,0.0025661006879701973
qwen35-9b,g24a_fever_101322,admit_post,-1,0.002905491784904851
qwen35-9b,g24a_fever_101322,admit_pre,-1,0.03618560822926599
qwen35-9b,g24a_fever_101322,base,-1,0.0013092857009427041
qwen35-9b,g24a_fever_101322,exclude_post,-1,0.0019983276739213712
qwen35-9b,g24a_fever_101322,exclude_pre,-1,0.0011029343937532224
qwen35-9b,g24a_fever_102352,admit_post,1,99.6747585476971
qwen35-9b,g24a_fever_102352,admit_pre,1,99.91678074402296
qwen35-9b,g24a_fever_102352,base,1,99.86427921132332
qwen35-9b,g24a_fever_102352,exclude_post,1,97.91681195277643
qwen35-9b,g24a_fever_102352,exclude_pre,1,99.81306492060737
qwen35-9b,g24a_fever_102913,admit_post,-1,0.0952826933530131
qwen35-9b,g24a_fever_102913,admit_pre,-1,0.0012066565324001658
qwen35-9b,g24a_fever_102913,base,-1,0.0011246912016855959
qwen35-9b,g24a_fever_102913,exclude_post,-1,0.23502065304513586
qwen35-9b,g24a_fever_102913,exclude_pre,-1,0.0008127365322998728
qwen35-9b,g24a_fever_10379,admit_post,-1,3.525425371619495
qwen35-9b,g24a_fever_10379,admit_pre,-1,97.517485687293
qwen35-9b,g24a_fever_10379,base,-1,1.5585544817008927
qwen35-9b,g24a_fever_10379,exclude_post,-1,32.776546172765315
qwen35-9b,g24a_fever_10379,exclude_pre,-1,0.01627930499178335
qwen35-9b,g24a_fever_104221,admit_post,1,99.99640705991821
qwen35-9b,g24a_fever_104221,admit_pre,1,99.99727608564137
qwen35-9b,g24a_fever_104221,base,1,99.84027197271884
qwen35-9b,g24a_fever_104221,exclude_post,1,33.042598395255965
qwen35-9b,g24a_fever_104221,exclude_pre,1,99.9959734070503
qwen35-9b,g24a_fever_10451,admit_post,1,99.10614046738255
qwen35-9b,g24a_fever_10451,admit_pre,1,99.76653351091045
qwen35-9b,g24a_fever_10451,base,1,15.12130285305396
qwen35-9b,g24a_fever_10451,exclude_post,1,2.527869324227717
qwen35-9b,g24a_fever_10451,exclude_pre,1,99.35489654891126
qwen35-9b,g24a_fever_105526,admit_post,-1,0.04404765205670239
qwen35-9b,g24a_fever_105526,admit_pre,-1,0.044246351946650525
qwen35-9b,g24a_fever_105526,base,-1,1.2940084581094597
qwen35-9b,g24a_fever_105526,exclude_post,-1,46.71579997912098
qwen35-9b,g24a_fever_105526,exclude_pre,-1,8.063400899744432
qwen35-9b,g24a_fever_105813,admit_post,-1,5.50876809849419
qwen35-9b,g24a_fever_105813,admit_pre,-1,19.052807246161834
qwen35-9b,g24a_fever_105813,base,-1,99.79708919765231
qwen35-9b,g24a_fever_105813,exclude_post,-1,83.40300341023975
qwen35-9b,g24a_fever_105813,exclude_pre,-1,39.807544165418534
qwen35-9b,g24a_fever_105835,admit_post,1,99.52773665616964
qwen35-9b,g24a_fever_105835,admit_pre,1,99.22729049406927
qwen35-9b,g24a_fever_105835,base,1,5.523458197232021
qwen35-9b,g24a_fever_105835,exclude_post,1,6.0026650538540824
qwen35-9b,g24a_fever_105835,exclude_pre,1,99.21475453239765
qwen35-9b,g24a_fever_106404,admit_post,1,98.86001412213784
qwen35-9b,g24a_fever_106404,admit_pre,1,98.5783192490234
qwen35-9b,g24a_fever_106404,base,1,1.0350975990507885
qwen35-9b,g24a_fever_106404,exclude_post,1,24.62245504665504
qwen35-9b,g24a_fever_106404,exclude_pre,1,98.31761607127586
qwen35-9b,g24a_fever_107503,admit_post,-1,0.27619951548164345
qwen35-9b,g24a_fever_107503,admit_pre,-1,0.16025103120075496
qwen35-9b,g24a_fever_107503,base,-1,0.01335482434686898
qwen35-9b,g24a_fever_107503,exclude_post,-1,0.916592269212162
qwen35-9b,g24a_fever_107503,exclude_pre,-1,0.2272288083255212
qwen35-9b,g24a_fever_107654,admit_post,-1,0.011893530496383274
qwen35-9b,g24a_fever_107654,admit_pre,-1,0.007768009251798453
qwen35-9b,g24a_fever_107654,base,-1,0.008584612425520109
qwen35-9b,g24a_fever_107654,exclude_post,-1,0.025082821423894366
qwen35-9b,g24a_fever_107654,exclude_pre,-1,0.009312756517980969
qwen35-9b,g24a_fever_108107,admit_post,-1,0.0935731627906463
qwen35-9b,g24a_fever_108107,admit_pre,-1,0.046310735632127814
qwen35-9b,g24a_fever_108107,base,-1,2.660811596233389
qwen35-9b,g24a_fever_108107,exclude_post,-1,0.04866728694440026
qwen35-9b,g24a_fever_108107,exclude_pre,-1,0.16096134618522318
qwen35-9b,g24a_fever_108772,admit_post,1,99.77309404858059
qwen35-9b,g24a_fever_108772,admit_pre,1,99.91421426162391
qwen35-9b,g24a_fever_108772,base,1,99.25069528703389
qwen35-9b,g24a_fever_108772,exclude_post,1,27.841336587639248
qwen35-9b,g24a_fever_108772,exclude_pre,1,99.9935441572996
qwen35-9b,g24a_fever_108894,admit_post,-1,0.12115225451759054
qwen35-9b,g24a_fever_108894,admit_pre,-1,4.061723598190528
qwen35-9b,g24a_fever_108894,base,-1,50.18265663406666
qwen35-9b,g24a_fever_108894,exclude_post,-1,36.8283453747702
qwen35-9b,g24a_fever_108894,exclude_pre,-1,0.10696187595640536
qwen35-9b,g24a_fever_109293,admit_post,-1,0.025446181577605406
qwen35-9b,g24a_fever_109293,admit_pre,-1,0.017000235541643823
qwen35-9b,g24a_fever_109293,base,-1,0.0428027775985417
qwen35-9b,g24a_fever_109293,exclude_post,-1,0.03454711333573902
qwen35-9b,g24a_fever_109293,exclude_pre,-1,0.017581734554155556
qwen35-9b,g24a_fever_10947,admit_post,1,99.9914390027102
qwen35-9b,g24a_fever_10947,admit_pre,1,98.46511739648086
qwen35-9b,g24a_fever_10947,base,1,0.38053383135930985
qwen35-9b,g24a_fever_10947,exclude_post,1,2.450917639880471
qwen35-9b,g24a_fever_10947,exclude_pre,1,99.65306387632117
qwen35-9b,g24a_fever_109582,admit_post,-1,0.011090578064634576
qwen35-9b,g24a_fever_109582,admit_pre,-1,0.007966628764194749
qwen35-9b,g24a_fever_109582,base,-1,0.008954196100450226
qwen35-9b,g24a_fever_109582,exclude_post,-1,36.43122867525857
qwen35-9b,g24a_fever_109582,exclude_pre,-1,0.015114220967703953
qwen35-9b,g24a_fever_109744,admit_post,-1,0.09656541711371486
qwen35-9b,g24a_fever_109744,admit_pre,-1,0.04215443252385471
qwen35-9b,g24a_fever_109744,base,-1,95.09649603231175
qwen35-9b,g24a_fever_109744,exclude_post,-1,59.082710808849384
qwen35-9b,g24a_fever_109744,exclude_pre,-1,1.799085102023327
qwen35-9b,g24a_fever_110538,admit_post,-1,8.774217791937657
qwen35-9b,g24a_fever_110538,admit_pre,-1,0.02125162949683395
qwen35-9b,g24a_fever_110538,base,-1,5.923082297260726
qwen35-9b,g24a_fever_110538,exclude_post,-1,10.32480812786795
qwen35-9b,g24a_fever_110538,exclude_pre,-1,17.572879012293292
qwen35-9b,g24a_fever_111069,admit_post,1,99.95335123905284
qwen35-9b,g24a_fever_111069,admit_pre,1,98.94066261448222
qwen35-9b,g24a_fever_111069,base,1,0.167760770550068
qwen35-9b,g24a_fever_111069,exclude_post,1,98.59223405561681
qwen35-9b,g24a_fever_111069,exclude_pre,1,99.96666766981791
qwen35-9b,g24a_fever_112471,admit_post,1,98.7202662138173
qwen35-9b,g24a_fever_112471,admit_pre,1,98.53138260471455
qwen35-9b,g24a_fever_112471,base,1,94.437426813331
qwen35-9b,g24a_fever_112471,exclude_post,1,34.577630382763346
qwen35-9b,g24a_fever_112471,exclude_pre,1,98.36474695277234
qwen35-9b,g24a_fever_112650,admit_post,-1,0.03274366347676277
qwen35-9b,g24a_fever_112650,admit_pre,-1,0.016141901966133396
qwen35-9b,g24a_fever_112650,base,-1,0.012210679410167896
qwen35-9b,g24a_fever_112650,exclude_post,-1,0.2532091094836747
qwen35-9b,g24a_fever_112650,exclude_pre,-1,11.442943976751002
qwen35-9b,g24a_fever_112934,admit_post,1,98.99245571863564
qwen35-9b,g24a_fever_112934,admit_pre,1,99.44008262893824
qwen35-9b,g24a_fever_112934,base,1,99.09064142997228
qwen35-9b,g24a_fever_112934,exclude_post,1,96.84918779368654
qwen35-9b,g24a_fever_112934,exclude_pre,1,99.38357215520254
qwen35-9b,g24a_fever_114387,admit_post,1,99.86167548731322
qwen35-9b,g24a_fever_114387,admit_pre,1,99.9482602088806
qwen35-9b,g24a_fever_114387,base,1,99.84418600407749
qwen35-9b,g24a_fever_114387,exclude_post,1,98.88423918527702
qwen35-9b,g24a_fever_114387,exclude_pre,1,99.51639201696798
qwen35-9b,g24a_fever_11478,admit_post,1,99.89127212105187
qwen35-9b,g24a_fever_11478,admit_pre,1,99.95477218751388
qwen35-9b,g24a_fever_11478,base,1,99.72568169863402
qwen35-9b,g24a_fever_11478,exclude_post,1,8.069626307152035
qwen35-9b,g24a_fever_11478,exclude_pre,1,99.99606813708503
qwen35-9b,g24a_fever_114900,admit_post,1,99.22314682184934
qwen35-9b,g24a_fever_114900,admit_pre,1,99.63113750682392
qwen35-9b,g24a_fever_114900,base,1,98.95748685801888
qwen35-9b,g24a_fever_114900,exclude_post,1,97.56047789453243
qwen35-9b,g24a_fever_114900,exclude_pre,1,99.09809427991723
qwen35-9b,g24a_fever_114974,admit_post,1,99.3171704865706
qwen35-9b,g24a_fever_114974,admit_pre,1,99.67034613030994
qwen35-9b,g24a_fever_114974,base,1,99.3774498977602
qwen35-9b,g24a_fever_114974,exclude_post,1,13.495964487649568
qwen35-9b,g24a_fever_114974,exclude_pre,1,99.69828281126375
qwen35-9b,g24a_fever_115028,admit_post,-1,0.13628224757688046
qwen35-9b,g24a_fever_115028,admit_pre,-1,0.0713084242877493
qwen35-9b,g24a_fever_115028,base,-1,0.007201728956106627
qwen35-9b,g24a_fever_115028,exclude_post,-1,0.014240867579813528
qwen35-9b,g24a_fever_115028,exclude_pre,-1,0.07725297053366877
qwen35-9b,g24a_fever_115773,admit_post,-1,0.13304913582862085
qwen35-9b,g24a_fever_115773,admit_pre,-1,0.07765908903870876
qwen35-9b,g24a_fever_115773,base,-1,0.0014227220810469846
qwen35-9b,g24a_fever_115773,exclude_post,-1,0.30951716719224426
qwen35-9b,g24a_fever_115773,exclude_pre,-1,0.05822624689189488
qwen35-9b,g24a_fever_115940,admit_post,1,99.8378516471039
qwen35-9b,g24a_fever_115940,admit_pre,1,99.93797264025892
qwen35-9b,g24a_fever_115940,base,1,99.5531062155673
qwen35-9b,g24a_fever_115940,exclude_post,1,24.83760229236715
qwen35-9b,g24a_fever_115940,exclude_pre,1,99.87638990907652
qwen35-9b,g24a_fever_115989,admit_post,-1,0.4496422641679953
qwen35-9b,g24a_fever_115989,admit_pre,-1,0.29763253805004086
qwen35-9b,g24a_fever_115989,base,-1,1.042637271102886
qwen35-9b,g24a_fever_115989,exclude_post,-1,3.0619465386191953
qwen35-9b,g24a_fever_115989,exclude_pre,-1,0.26210921412547805
qwen35-9b,g24a_fever_116715,admit_post,1,98.82477441343843
qwen35-9b,g24a_fever_116715,admit_pre,1,99.99002419671007
qwen35-9b,g24a_fever_116715,base,1,0.0008066806215155611
qwen35-9b,g24a_fever_116715,exclude_post,1,5.777674824063599
qwen35-9b,g24a_fever_116715,exclude_pre,1,99.99157765524575
qwen35-9b,g24a_fever_117380,admit_post,1,99.46307473983724
qwen35-9b,g24a_fever_117380,admit_pre,1,99.86051941266217
qwen35-9b,g24a_fever_117380,base,1,99.69433029223629
qwen35-9b,g24a_fever_117380,exclude_post,1,3.1348130346970224
qwen35-9b,g24a_fever_117380,exclude_pre,1,99.76409831978636
qwen35-9b,g24a_fever_118442,admit_post,-1,11.540640956981191
qwen35-9b,g24a_fever_118442,admit_pre,-1,5.577142670242442
qwen35-9b,g24a_fever_118442,base,-1,12.924079645366
qwen35-9b,g24a_fever_118442,exclude_post,-1,15.335944720449463
qwen35-9b,g24a_fever_118442,exclude_pre,-1,11.271587686509905
qwen35-9b,g24a_fever_118708,admit_post,1,99.58736996785386
qwen35-9b,g24a_fever_118708,admit_pre,1,99.8467896737663
qwen35-9b,g24a_fever_118708,base,1,87.96932819828858
qwen35-9b,g24a_fever_118708,exclude_post,1,3.3357455267998124
qwen35-9b,g24a_fever_118708,exclude_pre,1,99.87627276602429
qwen35-9b,g24a_fever_118842,admit_post,-1,0.036925820513048005
qwen35-9b,g24a_fever_118842,admit_pre,-1,2.567406076521374
qwen35-9b,g24a_fever_118842,base,-1,5.449340537991328
qwen35-9b,g24a_fever_118842,exclude_post,-1,6.260627332027903
qwen35-9b,g24a_fever_118842,exclude_pre,-1,0.01567425933231206
qwen35-9b,g24a_fever_119630,admit_post,1,99.8741103252604
qwen35-9b,g24a_fever_119630,admit_pre,1,99.83041908493081
qwen35-9b,g24a_fever_119630,base,1,99.865795400214
qwen35-9b,g24a_fever_119630,exclude_post,1,98.59438059336138
qwen35-9b,g24a_fever_119630,exclude_pre,1,99.69412068211899
qwen35-9b,g24a_fever_120704,admit_post,-1,0.0034570463760295587
qwen35-9b,g24a_fever_120704,admit_pre,-1,0.0019235768534983978
qwen35-9b,g24a_fever_120704,base,-1,0.003183286813199541
qwen35-9b,g24a_fever_120704,exclude_post,-1,0.007058557996988892
qwen35-9b,g24a_fever_120704,exclude_pre,-1,0.0029755996532066483
qwen35-9b,g24a_fever_121238,admit_post,-1,0.012454094549308632
qwen35-9b,g24a_fever_121238,admit_pre,-1,0.005158292185991135
qwen35-9b,g24a_fever_121238,base,-1,78.80047099788166
qwen35-9b,g24a_fever_121238,exclude_post,-1,33.777012008670084
qwen35-9b,g24a_fever_121238,exclude_pre,-1,15.289741568057606
qwen35-9b,g24a_fever_121283,admit_post,-1,0.10282037531981408
qwen35-9b,g24a_fever_121283,admit_pre,-1,0.07102709370316447
qwen35-9b,g24a_fever_121283,base,-1,0.5396757938747361
qwen35-9b,g24a_fever_121283,exclude_post,-1,0.21754174789407926
qwen35-9b,g24a_fever_121283,exclude_pre,-1,0.10700888940158122
qwen35-9b,g24a_fever_122006,admit_post,1,99.10604317957977
qwen35-9b,g24a_fever_122006,admit_pre,1,99.7716873489643
qwen35-9b,g24a_fever_122006,base,1,64.08697289956667
qwen35-9b,g24a_fever_122006,exclude_post,1,8.476227517103682
qwen35-9b,g24a_fever_122006,exclude_pre,1,98.94165249811392
qwen35-9b,g24a_fever_12204,admit_post,1,98.348172759812
qwen35-9b,g24a_fever_12204,admit_pre,1,98.67706070531699
qwen35-9b,g24a_fever_12204,base,1,98.71784372537628
qwen35-9b,g24a_fever_12204,exclude_post,1,20.297930700003548
qwen35-9b,g24a_fever_12204,exclude_pre,1,98.93004783171101
qwen35-9b,g24a_fever_122343,admit_post,-1,0.0018975697904087116
qwen35-9b,g24a_fever_122343,admit_pre,-1,0.07529821838046619
qwen35-9b,g24a_fever_122343,base,-1,0.09153037909534423
qwen35-9b,g24a_fever_122343,exclude_post,-1,2.233852281016313
qwen35-9b,g24a_fever_122343,exclude_pre,-1,0.0013014468122346855
qwen35-9b,g24a_fever_122650,admit_post,1,99.4610316703608
qwen35-9b,g24a_fever_122650,admit_pre,1,99.70652708921979
qwen35-9b,g24a_fever_122650,base,1,99.43310784620542
qwen35-9b,g24a_fever_122650,exclude_post,1,20.433220854844333
qwen35-9b,g24a_fever_122650,exclude_pre,1,99.25193806198143
qwen35-9b,g24a_fever_122744,admit_post,-1,0.053441784301124326
qwen35-9b,g24a_fever_122744,admit_pre,-1,0.04662074163100996
qwen35-9b,g24a_fever_122744,base,-1,82.36774179298614
qwen35-9b,g24a_fever_122744,exclude_post,-1,68.33159784277649
qwen35-9b,g24a_fever_122744,exclude_pre,-1,0.03789131742681229
qwen35-9b,g24a_fever_122977,admit_post,1,96.3000879186771
qwen35-9b,g24a_fever_122977,admit_pre,1,96.13147298777517
qwen35-9b,g24a_fever_122977,base,1,3.158884232811262
qwen35-9b,g24a_fever_122977,exclude_post,1,1.0374450557499164
qwen35-9b,g24a_fever_122977,exclude_pre,1,98.74827410551848
qwen35-9b,g24a_fever_123364,admit_post,1,98.85195400526553
qwen35-9b,g24a_fever_123364,admit_pre,1,98.57081389903514
qwen35-9b,g24a_fever_123364,base,1,99.6663744497626
qwen35-9b,g24a_fever_123364,exclude_post,1,39.28781984574931
qwen35-9b,g24a_fever_123364,exclude_pre,1,99.4087654977661
qwen35-9b,g24a_fever_123833,admit_post,-1,0.016282548190496664
qwen35-9b,g24a_fever_123833,admit_pre,-1,0.01039697364066533
qwen35-9b,g24a_fever_123833,base,-1,0.15724585374160144
qwen35-9b,g24a_fever_123833,exclude_post,-1,4.575494345745337
qwen35-9b,g24a_fever_123833,exclude_pre,-1,0.009085877558423995
qwen35-9b,g24a_fever_124021,admit_post,1,99.99406428777814
qwen35-9b,g24a_fever_124021,admit_pre,1,99.9947660041166
qwen35-9b,g24a_fever_124021,base,1,99.9755038772719
qwen35-9b,g24a_fever_124021,exclude_post,1,99.0610520544168
qwen35-9b,g24a_fever_124021,exclude_pre,1,99.99009560206666
qwen35-9b,g24a_fever_126799,admit_post,-1,81.72699093209904
qwen35-9b,g24a_fever_126799,admit_pre,-1,44.152015695212384
qwen35-9b,g24a_fever_126799,base,-1,0.8031076748540203
qwen35-9b,g24a_fever_126799,exclude_post,-1,7.961645647665169
qwen35-9b,g24a_fever_126799,exclude_pre,-1,66.31033247471115
qwen35-9b,g24a_fever_12843,admit_post,1,97.36187241939598
qwen35-9b,g24a_fever_12843,admit_pre,1,99.22977022168219
qwen35-9b,g24a_fever_12843,base,1,98.31641153127835
qwen35-9b,g24a_fever_12843,exclude_post,1,17.28608863137994
qwen35-9b,g24a_fever_12843,exclude_pre,1,99.99203425325047
qwen35-9b,g24a_fever_128454,admit_post,-1,36.5783087921637
qwen35-9b,g24a_fever_128454,admit_pre,-1,9.72743467515952
qwen35-9b,g24a_fever_128454,base,-1,20.461975499822195
qwen35-9b,g24a_fever_128454,exclude_post,-1,4.435889507133427
qwen35-9b,g24a_fever_128454,exclude_pre,-1,33.83154121539583
qwen35-9b,g24a_fever_128807,admit_post,1,99.94107108829517
qwen35-9b,g24a_fever_128807,admit_pre,1,99.96870983334364
qwen35-9b,g24a_fever_128807,base,1,99.63083890479082
qwen35-9b,g24a_fever_128807,exclude_post,1,34.86189988613583
qwen35-9b,g24a_fever_128807,exclude_pre,1,99.99453566756077
qwen35-9b,g24a_fever_129420,admit_post,1,99.74450861944472
qwen35-9b,g24a_fever_129420,admit_pre,1,99.90446630619553
qwen35-9b,g24a_fever_129420,base,1,99.79376926168082
qwen35-9b,g24a_fever_129420,exclude_post,1,13.507152997777006
qwen35-9b,g24a_fever_129420,exclude_pre,1,99.81643844319795
qwen35-9b,g24a_fever_129517,admit_post,-1,6.271443591895211
qwen35-9b,g24a_fever_129517,admit_pre,-1,4.7698296955225175
qwen35-9b,g24a_fever_129517,base,-1,16.78663892052127
qwen35-9b,g24a_fever_129517,exclude_post,-1,22.150639287068337
qwen35-9b,g24a_fever_129517,exclude_pre,-1,27.255493956499862
qwen35-9b,g24a_fever_130204,admit_post,-1,0.06701649744729166
qwen35-9b,g24a_fever_130204,admit_pre,-1,2.380402336932304
qwen35-9b,g24a_fever_130204,base,-1,37.765030631499705
qwen35-9b,g24a_fever_130204,exclude_post,-1,0.0633732613727023
qwen35-9b,g24a_fever_130204,exclude_pre,-1,4.043581960711413
qwen35-9b,g24a_fever_130978,admit_post,-1,5.8985658200114965
qwen35-9b,g24a_fever_130978,admit_pre,-1,1.8159413683593348
qwen35-9b,g24a_fever_130978,base,-1,96.97382608308402
qwen35-9b,g24a_fever_130978,exclude_post,-1,13.894848871999546
qwen35-9b,g24a_fever_130978,exclude_pre,-1,5.329160853721405
qwen35-9b,g24a_fever_131250,admit_post,-1,0.31048517155706346
qwen35-9b,g24a_fever_131250,admit_pre,-1,0.5576964402328608
qwen35-9b,g24a_fever_131250,base,-1,0.012321718409720244
qwen35-9b,g24a_fever_131250,exclude_post,-1,3.3712203983125324
qwen35-9b,g24a_fever_131250,exclude_pre,-1,2.1848043547089837
qwen35-9b,g24a_fever_13212,admit_post,-1,0.00746870187016763
qwen35-9b,g24a_fever_13212,admit_pre,-1,0.003963764653081756
qwen35-9b,g24a_fever_13212,base,-1,1.5632566969228259
qwen35-9b,g24a_fever_13212,exclude_post,-1,1.6141752304367694
qwen35-9b,g24a_fever_13212,exclude_pre,-1,0.005059173119774411
qwen35-9b,g24a_fever_132619,admit_post,1,99.97489779405765
qwen35-9b,g24a_fever_132619,admit_pre,1,99.98771539576256
qwen35-9b,g24a_fever_132619,base,1,99.33519637412464
qwen35-9b,g24a_fever_132619,exclude_post,1,22.445376392344635
qwen35-9b,g24a_fever_132619,exclude_pre,1,99.97916981060865
qwen35-9b,g24a_fever_133233,admit_post,1,99.85870135946479
qwen35-9b,g24a_fever_133233,admit_pre,1,99.77063143869373
qwen35-9b,g24a_fever_133233,base,1,14.53575649216436
qwen35-9b,g24a_fever_133233,exclude_post,1,88.92805992690133
qwen35-9b,g24a_fever_133233,exclude_pre,1,99.71145258055007
qwen35-9b,g24a_fever_133512,admit_post,-1,0.9619555349842691
qwen35-9b,g24a_fever_133512,admit_pre,-1,0.3096427486300774
qwen35-9b,g24a_fever_133512,base,-1,6.654563515301014
qwen35-9b,g24a_fever_133512,exclude_post,-1,1.533799900568064
qwen35-9b,g24a_fever_133512,exclude_pre,-1,0.006316409846443788
qwen35-9b,g24a_fever_134344,admit_post,1,99.57655549802456
qwen35-9b,g24a_fever_134344,admit_pre,1,99.98436983530522
qwen35-9b,g24a_fever_134344,base,1,99.74720148300275
qwen35-9b,g24a_fever_134344,exclude_post,1,43.553260758543956
qwen35-9b,g24a_fever_134344,exclude_pre,1,99.95684261925025
qwen35-9b,g24a_fever_134908,admit_post,-1,2.4026714608863036
qwen35-9b,g24a_fever_134908,admit_pre,-1,0.4377395604869676
qwen35-9b,g24a_fever_134908,base,-1,0.2995795393433017
qwen35-9b,g24a_fever_134908,exclude_post,-1,1.6905670611724464
qwen35-9b,g24a_fever_134908,exclude_pre,-1,0.5170972883209504
qwen35-9b,g24a_fever_135572,admit_post,-1,0.007737877699894407
qwen35-9b,g24a_fever_135572,admit_pre,-1,0.0034025441447592467
qwen35-9b,g24a_fever_135572,base,-1,0.0029739667165583966
qwen35-9b,g24a_fever_135572,exclude_post,-1,3.0512170389644018
qwen35-9b,g24a_fever_135572,exclude_pre,-1,0.005923533306185104
qwen35-9b,g24a_fever_136578,admit_post,-1,0.0704651178605361
qwen35-9b,g24a_fever_136578,admit_pre,-1,0.05943655548702637
qwen35-9b,g24a_fever_136578,base,-1,0.052710326753917014
qwen35-9b,g24a_fever_136578,exclude_post,-1,7.466004061214022
qwen35-9b,g24a_fever_136578,exclude_pre,-1,0.11020015040290403
qwen35-9b,g24a_fever_136853,admit_post,-1,0.36364260985860564
qwen35-9b,g24a_fever_136853,admit_pre,-1,0.27741886054904014
qwen35-9b,g24a_fever_136853,base,-1,0.004906899119477549
qwen35-9b,g24a_fever_136853,exclude_post,-1,0.5808399001811032
qwen35-9b,g24a_fever_136853,exclude_pre,-1,0.29768141527380476
qwen35-9b,g24a_fever_137173,admit_post,-1,0.39138443724267374
qwen35-9b,g24a_fever_137173,admit_pre,-1,0.3598635023600023
qwen35-9b,g24a_fever_137173,base,-1,95.10982958876362
qwen35-9b,g24a_fever_137173,exclude_post,-1,0.011900049700350027
qwen35-9b,g24a_fever_137173,exclude_pre,-1,0.36308806346099176
qwen35-9b,g24a_fever_137210,admit_post,-1,0.005587852271859626
qwen35-9b,g24a_fever_137210,admit_pre,-1,0.1594359331729906
qwen35-9b,g24a_fever_137210,base,-1,6.2013418220062535
qwen35-9b,g24a_fever_137210,exclude_post,-1,8.786686710271361
qwen35-9b,g24a_fever_137210,exclude_pre,-1,0.003068106544215683
qwen35-9b,g24a_fever_137706,admit_post,1,98.76963906254954
qwen35-9b,g24a_fever_137706,admit_pre,1,99.1643943682956
qwen35-9b,g24a_fever_137706,base,1,4.025045117722556
qwen35-9b,g24a_fever_137706,exclude_post,1,93.43341598739431
qwen35-9b,g24a_fever_137706,exclude_pre,1,99.03549328533455
qwen35-9b,g24a_fever_13829,admit_post,1,98.62977293816532
qwen35-9b,g24a_fever_13829,admit_pre,1,99.00718599443849
qwen35-9b,g24a_fever_13829,base,1,99.39274356358092
qwen35-9b,g24a_fever_13829,exclude_post,1,8.43048149344205
qwen35-9b,g24a_fever_13829,exclude_pre,1,97.52768384166208
qwen35-9b,g24a_fever_138865,admit_post,-1,0.09526738373633915
qwen35-9b,g24a_fever_138865,admit_pre,-1,0.07718460005647969
qwen35-9b,g24a_fever_138865,base,-1,0.5513053473558257
qwen35-9b,g24a_fever_138865,exclude_post,-1,0.14800752207009432
qwen35-9b,g24a_fever_138865,exclude_pre,-1,0.07217421955573641
qwen35-9b,g24a_fever_141159,admit_post,-1,0.8838467502705021
qwen35-9b,g24a_fever_141159,admit_pre,-1,0.9252750479937587
qwen35-9b,g24a_fever_141159,base,-1,0.9743353370869196
qwen35-9b,g24a_fever_141159,exclude_post,-1,35.32793322246766
qwen35-9b,g24a_fever_141159,exclude_pre,-1,0.002574796383189025
qwen35-9b,g24a_fever_141268,admit_post,1,99.39434417086726
qwen35-9b,g24a_fever_141268,admit_pre,1,99.32319934875903
qwen35-9b,g24a_fever_141268,base,1,99.53331971639108
qwen35-9b,g24a_fever_141268,exclude_post,1,3.182257829778653
qwen35-9b,g24a_fever_141268,exclude_pre,1,99.89801283633047
qwen35-9b,g24a_fever_1423,admit_post,1,99.05041495695863
qwen35-9b,g24a_fever_1423,admit_pre,1,98.8091597202601
qwen35-9b,g24a_fever_1423,base,1,44.054022148830555
qwen35-9b,g24a_fever_1423,exclude_post,1,14.279385347577893
qwen35-9b,g24a_fever_1423,exclude_pre,1,99.22124245987055
qwen35-9b,g24a_fever_142854,admit_post,1,99.99452501510964
qwen35-9b,g24a_fever_142854,admit_pre,1,99.99667563048128
qwen35-9b,g24a_fever_142854,base,1,3.3484070475302268
qwen35-9b,g24a_fever_142854,exclude_post,1,10.102588958167976
qwen35-9b,g24a_fever_142854,exclude_pre,1,99.98869666166257
qwen35-9b,g24a_fever_143011,admit_post,-1,51.17588294103987
qwen35-9b,g24a_fever_143011,admit_pre,-1,51.10691512445491
qwen35-9b,g24a_fever_143011,base,-1,0.3798842841169588
qwen35-9b,g24a_fever_143011,exclude_post,-1,41.85803808183919
qwen35-9b,g24a_fever_143011,exclude_pre,-1,37.65521307203729
qwen35-9b,g24a_fever_14388,admit_post,1,98.13858475030472
qwen35-9b,g24a_fever_14388,admit_pre,1,98.5455599220379
qwen35-9b,g24a_fever_14388,base,1,99.04415256282596
qwen35-9b,g24a_fever_14388,exclude_post,1,26.369351138642916
qwen35-9b,g24a_fever_14388,exclude_pre,1,99.66680659987887
qwen35-9b,g24a_fever_144725,admit_post,-1,0.8522591024562817
qwen35-9b,g24a_fever_144725,admit_pre,-1,0.3590357172053552
qwen35-9b,g24a_fever_144725,base,-1,1.426654290251359
qwen35-9b,g24a_fever_144725,exclude_post,-1,0.8791851554647363
qwen35-9b,g24a_fever_144725,exclude_pre,-1,0.22222863180591
qwen35-9b,g24a_fever_146361,admit_post,1,99.99410587936401
qwen35-9b,g24a_fever_146361,admit_pre,1,99.99675320518213
qwen35-9b,g24a_fever_146361,base,1,99.7752564079354
qwen35-9b,g24a_fever_146361,exclude_post,1,2.2854644151032266
qwen35-9b,g24a_fever_146361,exclude_pre,1,99.99229424787538
qwen35-9b,g24a_fever_146639,admit_post,1,99.45494111443304
qwen35-9b,g24a_fever_146639,admit_pre,1,99.44075703960054
qwen35-9b,g24a_fever_146639,base,1,98.9274442897307
qwen35-9b,g24a_fever_146639,exclude_post,1,22.399942460063002
qwen35-9b,g24a_fever_146639,exclude_pre,1,99.28749687015642
qwen35-9b,g24a_fever_147158,admit_post,1,99.84114280027347
qwen35-9b,g24a_fever_147158,admit_pre,1,99.89157708110389
qwen35-9b,g24a_fever_147158,base,1,70.51581055018107
qwen35-9b,g24a_fever_147158,exclude_post,1,13.368033653607123
qwen35-9b,g24a_fever_147158,exclude_pre,1,99.84127823247815
qwen35-9b,g24a_fever_147530,admit_post,-1,0.0369598409562513
qwen35-9b,g24a_fever_147530,admit_pre,-1,0.02023600220912269
qwen35-9b,g24a_fever_147530,base,-1,0.8983471705403132
qwen35-9b,g24a_fever_147530,exclude_post,-1,0.06008091015713736
qwen35-9b,g24a_fever_147530,exclude_pre,-1,0.036850140722152744
qwen35-9b,g24a_fever_148149,admit_post,-1,0.00355382236941418
qwen35-9b,g24a_fever_148149,admit_pre,-1,0.0025719567615986264
qwen35-9b,g24a_fever_148149,base,-1,0.06375168359150156
qwen35-9b,g24a_fever_148149,exclude_post,-1,0.005829301991600828
qwen35-9b,g24a_fever_148149,exclude_pre,-1,0.007264425202218153
qwen35-9b,g24a_fever_148244,admit_post,1,99.96498324049952
qwen35-9b,g24a_fever_148244,admit_pre,1,99.9809981028649
qwen35-9b,g24a_fever_148244,base,1,99.3074111944011
qwen35-9b,g24a_fever_148244,exclude_post,1,2.348930466434844
qwen35-9b,g24a_fever_148244,exclude_pre,1,99.8360979029886
qwen35-9b,g24a_fever_148309,admit_post,-1,0.10175154568040072
qwen35-9b,g24a_fever_148309,admit_pre,-1,0.5351843933551765
qwen35-9b,g24a_fever_148309,base,-1,0.8930011973564582
qwen35-9b,g24a_fever_148309,exclude_post,-1,1.1754438757643073
qwen35-9b,g24a_fever_148309,exclude_pre,-1,0.07001144931554791
qwen35-9b,g24a_fever_148599,admit_post,1,98.80983601821218
qwen35-9b,g24a_fever_148599,admit_pre,1,98.66349804685734
qwen35-9b,g24a_fever_148599,base,1,20.80789519807987
qwen35-9b,g24a_fever_148599,exclude_post,1,4.775617474300892
qwen35-9b,g24a_fever_148599,exclude_pre,1,97.89982304956551
qwen35-9b,g24a_fever_148610,admit_post,-1,7.89213137606893
qwen35-9b,g24a_fever_148610,admit_pre,-1,0.013441949097117973
qwen35-9b,g24a_fever_148610,base,-1,86.69214055137488
qwen35-9b,g24a_fever_148610,exclude_post,-1,8.994620000277198
qwen35-9b,g24a_fever_148610,exclude_pre,-1,3.8742401495163747
qwen35-9b,g24a_fever_149436,admit_post,-1,0.003456591787353047
qwen35-9b,g24a_fever_149436,admit_pre,-1,0.002917882247844234
qwen35-9b,g24a_fever_149436,base,-1,0.38212726190475005
qwen35-9b,g24a_fever_149436,exclude_post,-1,0.7397885097800447
qwen35-9b,g24a_fever_149436,exclude_pre,-1,0.0029062391028769913
qwen35-9b,g24a_fever_150192,admit_post,-1,0.05274518194446181
qwen35-9b,g24a_fever_150192,admit_pre,-1,0.035801133583011034
qwen35-9b,g24a_fever_150192,base,-1,97.49827788302886
qwen35-9b,g24a_fever_150192,exclude_post,-1,97.7737945309826
qwen35-9b,g24a_fever_150192,exclude_pre,-1,99.67405166852375
qwen35-9b,g24a_fever_151483,admit_post,1,97.60220456974031
qwen35-9b,g24a_fever_151483,admit_pre,1,98.51108570281897
qwen35-9b,g24a_fever_151483,base,1,98.79361018493688
qwen35-9b,g24a_fever_151483,exclude_post,1,25.228484916740104
qwen35-9b,g24a_fever_151483,exclude_pre,1,51.098436550333425
qwen35-9b,g24a_fever_152133,admit_post,-1,0.008659354583838553
qwen35-9b,g24a_fever_152133,admit_pre,-1,0.00802642271076463
qwen35-9b,g24a_fever_152133,base,-1,0.0058789574179722755
qwen35-9b,g24a_fever_152133,exclude_post,-1,7.015312441359428
qwen35-9b,g24a_fever_152133,exclude_pre,-1,0.009673219854488739
qwen35-9b,g24a_fever_152422,admit_post,-1,0.05393708581384141
qwen35-9b,g24a_fever_152422,admit_pre,-1,8.773546338415157
qwen35-9b,g24a_fever_152422,base,-1,0.24410059880088186
qwen35-9b,g24a_fever_152422,exclude_post,-1,1.8849966701772713
qwen35-9b,g24a_fever_152422,exclude_pre,-1,0.07171064595974913
qwen35-9b,g24a_fever_152680,admit_post,-1,1.2380591562304093
qwen35-9b,g24a_fever_152680,admit_pre,-1,1.0789761551899784
qwen35-9b,g24a_fever_152680,base,-1,1.6386096782139719
qwen35-9b,g24a_fever_152680,exclude_post,-1,0.9426100157148838
qwen35-9b,g24a_fever_152680,exclude_pre,-1,0.006611535202400859
qwen35-9b,g24a_fever_153543,admit_post,1,99.30562159598418
qwen35-9b,g24a_fever_153543,admit_pre,1,99.5703379644725
qwen35-9b,g24a_fever_153543,base,1,99.85586107601112
qwen35-9b,g24a_fever_153543,exclude_post,1,99.99346598312404
qwen35-9b,g24a_fever_153543,exclude_pre,1,99.27138519220145
qwen35-9b,g24a_fever_153914,admit_post,-1,1.6433215968432904
qwen35-9b,g24a_fever_153914,admit_pre,-1,0.4896424768236068
qwen35-9b,g24a_fever_153914,base,-1,15.23576715650594
qwen35-9b,g24a_fever_153914,exclude_post,-1,1.8347087126150556
qwen35-9b,g24a_fever_153914,exclude_pre,-1,0.5706490265335391
qwen35-9b,g24a_fever_154608,admit_post,-1,0.004952406739814145
qwen35-9b,g24a_fever_154608,admit_pre,-1,0.00244773325076661
qwen35-9b,g24a_fever_154608,base,-1,0.5512506742107228
qwen35-9b,g24a_fever_154608,exclude_post,-1,0.0064172805160428135
qwen35-9b,g24a_fever_154608,exclude_pre,-1,0.10106317889660006
qwen35-9b,g24a_fever_154919,admit_post,-1,0.040078349749956194
qwen35-9b,g24a_fever_154919,admit_pre,-1,0.024177010669246143
qwen35-9b,g24a_fever_154919,base,-1,89.69595283520695
qwen35-9b,g24a_fever_154919,exclude_post,-1,0.05309919349605938
qwen35-9b,g24a_fever_154919,exclude_pre,-1,0.021865407789698428
qwen35-9b,g24a_fever_155484,admit_post,1,99.87941578114662
qwen35-9b,g24a_fever_155484,admit_pre,1,99.96001193471767
qwen35-9b,g24a_fever_155484,base,1,99.92472301019058
qwen35-9b,g24a_fever_155484,exclude_post,1,30.96114138373678
qwen35-9b,g24a_fever_155484,exclude_pre,1,99.88861372336424
qwen35-9b,g24a_fever_155725,admit_post,1,99.39282181190302
qwen35-9b,g24a_fever_155725,admit_pre,1,99.58164099451277
qwen35-9b,g24a_fever_155725,base,1,98.3189945217725
qwen35-9b,g24a_fever_155725,exclude_post,1,97.90717734009695
qwen35-9b,g24a_fever_155725,exclude_pre,1,99.65512661852449
qwen35-9b,g24a_fever_155911,admit_post,1,99.01347239834091
qwen35-9b,g24a_fever_155911,admit_pre,1,99.31589945563616
qwen35-9b,g24a_fever_155911,base,1,21.9305535687232
qwen35-9b,g24a_fever_155911,exclude_post,1,16.233295883354465
qwen35-9b,g24a_fever_155911,exclude_pre,1,8.514250121773959
qwen35-9b,g24a_fever_156128,admit_post,1,99.38458431552556
qwen35-9b,g24a_fever_156128,admit_pre,1,99.76626324875726
qwen35-9b,g24a_fever_156128,base,1,99.54001276198456
qwen35-9b,g24a_fever_156128,exclude_post,1,4.2195248997874515
qwen35-9b,g24a_fever_156128,exclude_pre,1,99.42204362775526
qwen35-9b,g24a_fever_1577,admit_post,1,99.99055084963682
qwen35-9b,g24a_fever_1577,admit_pre,1,99.99338306304264
qwen35-9b,g24a_fever_1577,base,1,99.99407290362484
qwen35-9b,g24a_fever_1577,exclude_post,1,96.99509436025347
qwen35-9b,g24a_fever_1577,exclude_pre,1,99.9931934303077
qwen35-9b,g24a_fever_15834,admit_post,1,99.74695753849592
qwen35-9b,g24a_fever_15834,admit_pre,1,99.81807799197797
qwen35-9b,g24a_fever_15834,base,1,97.54600537048358
qwen35-9b,g24a_fever_15834,exclude_post,1,8.744707449015102
qwen35-9b,g24a_fever_15834,exclude_pre,1,99.55971959312215
qwen35-9b,g24a_fever_158425,admit_post,-1,0.0018334937683810706
qwen35-9b,g24a_fever_158425,admit_pre,-1,0.001017665378026551
qwen35-9b,g24a_fever_158425,base,-1,0.1788773819931217
qwen35-9b,g24a_fever_158425,exclude_post,-1,0.36645466009019473
qwen35-9b,g24a_fever_158425,exclude_pre,-1,0.0014404487320710717
qwen35-9b,g24a_fever_159570,admit_post,-1,15.402808856568619
qwen35-9b,g24a_fever_159570,admit_pre,-1,21.567154761362993
qwen35-9b,g24a_fever_159570,base,-1,0.20094796569301407
qwen35-9b,g24a_fever_159570,exclude_post,-1,12.059268747514459
qwen35-9b,g24a_fever_159570,exclude_pre,-1,28.010212677311305
qwen35-9b,g24a_fever_160060,admit_post,1,99.46759463593402
qwen35-9b,g24a_fever_160060,admit_pre,1,99.58262727190353
qwen35-9b,g24a_fever_160060,base,1,99.51625294006446
qwen35-9b,g24a_fever_160060,exclude_post,1,22.184608371207304
qwen35-9b,g24a_fever_160060,exclude_pre,1,6.058112086247507
qwen35-9b,g24a_fever_16070,admit_post,-1,0.0026971832301148973
qwen35-9b,g24a_fever_16070,admit_pre,-1,0.14426669941883027
qwen35-9b,g24a_fever_16070,base,-1,0.0024119916262143656
qwen35-9b,g24a_fever_16070,exclude_post,-1,0.004934234927773379
qwen35-9b,g24a_fever_16070,exclude_pre,-1,0.0015985065134631387
qwen35-9b,g24a_fever_160814,admit_post,1,99.82544585419193
qwen35-9b,g24a_fever_160814,admit_pre,1,99.94868780516805
qwen35-9b,g24a_fever_160814,base,1,99.89989674502132
qwen35-9b,g24a_fever_160814,exclude_post,1,88.36557176772823
qwen35-9b,g24a_fever_160814,exclude_pre,1,99.895997550117
qwen35-9b,g24a_fever_160927,admit_post,-1,1.9503821073663667
qwen35-9b,g24a_fever_160927,admit_pre,-1,1.123016219553032
qwen35-9b,g24a_fever_160927,base,-1,0.5743381530736379
qwen35-9b,g24a_fever_160927,exclude_post,-1,0.005056762411567538
qwen35-9b,g24a_fever_160927,exclude_pre,-1,0.003954599892761126
qwen35-9b,g24a_fever_161047,admit_post,-1,9.482298945994833
qwen35-9b,g24a_fever_161047,admit_pre,-1,3.3401776541745165
qwen35-9b,g24a_fever_161047,base,-1,7.196606808742278
qwen35-9b,g24a_fever_161047,exclude_post,-1,37.53635256983442
qwen35-9b,g24a_fever_161047,exclude_pre,-1,24.46671167624915
qwen35-9b,g24a_fever_162835,admit_post,1,99.87849326092723
qwen35-9b,g24a_fever_162835,admit_pre,1,99.96404680218888
qwen35-9b,g24a_fever_162835,base,1,99.90839237228944
qwen35-9b,g24a_fever_162835,exclude_post,1,18.354506813856784
qwen35-9b,g24a_fever_162835,exclude_pre,1,99.82833812236872
qwen35-9b,g24a_fever_162881,admit_post,1,99.10374837709303
qwen35-9b,g24a_fever_162881,admit_pre,1,99.68415402297428
qwen35-9b,g24a_fever_162881,base,1,98.87695669488237
qwen35-9b,g24a_fever_162881,exclude_post,1,92.64919184563149
qwen35-9b,g24a_fever_162881,exclude_pre,1,98.95379901885312
qwen35-9b,g24a_fever_165870,admit_post,-1,0.9389342034708004
qwen35-9b,g24a_fever_165870,admit_pre,-1,1.143034586888364
qwen35-9b,g24a_fever_165870,base,-1,16.984507869605313
qwen35-9b,g24a_fever_165870,exclude_post,-1,5.313726568325727
qwen35-9b,g24a_fever_165870,exclude_pre,-1,0.015372759610886712
qwen35-9b,g24a_fever_165901,admit_post,-1,0.4168957837583209
qwen35-9b,g24a_fever_165901,admit_pre,-1,0.08431742826249927
qwen35-9b,g24a_fever_165901,base,-1,1.3639202073486085
qwen35-9b,g24a_fever_165901,exclude_post,-1,1.8850352193358293
qwen35-9b,g24a_fever_165901,exclude_pre,-1,0.002801889783461104
qwen35-9b,g24a_fever_165904,admit_post,1,99.46029455965703
qwen35-9b,g24a_fever_165904,admit_pre,1,99.79986089817778
qwen35-9b,g24a_fever_165904,base,1,99.4147484938116
qwen35-9b,g24a_fever_165904,exclude_post,1,5.030099253681868
qwen35-9b,g24a_fever_165904,exclude_pre,1,99.7515195805089
qwen35-9b,g24a_fever_168064,admit_post,1,99.99054772007077
qwen35-9b,g24a_fever_168064,admit_pre,1,98.55410373086913
qwen35-9b,g24a_fever_168064,base,1,99.74529079840669
qwen35-9b,g24a_fever_168064,exclude_post,1,99.42544278666014
qwen35-9b,g24a_fever_168064,exclude_pre,1,99.9537560190727
qwen35-9b,g24a_fever_168073,admit_post,1,99.31505801522059
qwen35-9b,g24a_fever_168073,admit_pre,1,99.67358798828974
qwen35-9b,g24a_fever_168073,base,1,99.28355782673245
qwen35-9b,g24a_fever_168073,exclude_post,1,3.252107135822735
qwen35-9b,g24a_fever_168073,exclude_pre,1,99.65999400585301
qwen35-9b,g24a_fever_169985,admit_post,-1,41.47536945255192
qwen35-9b,g24a_fever_169985,admit_pre,-1,14.663870544486546
qwen35-9b,g24a_fever_169985,base,-1,0.23190406997901414
qwen35-9b,g24a_fever_169985,exclude_post,-1,1.0187963560877593
qwen35-9b,g24a_fever_169985,exclude_pre,-1,3.7737293373671736
qwen35-9b,g24a_fever_172309,admit_post,1,99.89091567344414
qwen35-9b,g24a_fever_172309,admit_pre,1,99.95830676072653
qwen35-9b,g24a_fever_172309,base,1,99.85819070507327
qwen35-9b,g24a_fever_172309,exclude_post,1,22.947912721803327
qwen35-9b,g24a_fever_172309,exclude_pre,1,99.82595693751846
qwen35-9b,g24a_fever_172766,admit_post,-1,2.9734749117316412
qwen35-9b,g24a_fever_172766,admit_pre,-1,4.407770231436053
qwen35-9b,g24a_fever_172766,base,-1,28.99798938014714
qwen35-9b,g24a_fever_172766,exclude_post,-1,7.152316260576331
qwen35-9b,g24a_fever_172766,exclude_pre,-1,5.101479274953444
qwen35-9b,g24a_fever_172768,admit_post,1,99.82133750308826
qwen35-9b,g24a_fever_172768,admit_pre,1,99.91290266589755
qwen35-9b,g24a_fever_172768,base,1,99.51642696526062
qwen35-9b,g24a_fever_172768,exclude_post,1,3.842683629071327
qwen35-9b,g24a_fever_172768,exclude_pre,1,99.8392809552434
qwen35-9b,g24a_fever_174028,admit_post,-1,0.012203934832761287
qwen35-9b,g24a_fever_174028,admit_pre,-1,0.008521791403568214
qwen35-9b,g24a_fever_174028,base,-1,99.85961042504613
qwen35-9b,g24a_fever_174028,exclude_post,-1,43.96586105114036
qwen35-9b,g24a_fever_174028,exclude_pre,-1,0.009610051777518098
qwen35-9b,g24a_fever_174034,admit_post,1,99.99779083241732
qwen35-9b,g24a_fever_174034,admit_pre,1,99.98238473893188
qwen35-9b,g24a_fever_174034,base,1,99.39621138921915
qwen35-9b,g24a_fever_174034,exclude_post,1,4.589592721246557
qwen35-9b,g24a_fever_174034,exclude_pre,1,99.99714673290924
qwen35-9b,g24a_fever_17410,admit_post,1,99.19749067574382
qwen35-9b,g24a_fever_17410,admit_pre,1,99.99370771973996
qwen35-9b,g24a_fever_17410,base,1,98.79147815463837
qwen35-9b,g24a_fever_17410,exclude_post,1,15.066731560025122
qwen35-9b,g24a_fever_17410,exclude_pre,1,99.97948509415869
qwen35-9b,g24a_fever_175462,admit_post,-1,0.26450047832975515
qwen35-9b,g24a_fever_175462,admit_pre,-1,0.08033541362619406
qwen35-9b,g24a_fever_175462,base,-1,0.4012220099468222
qwen35-9b,g24a_fever_175462,exclude_post,-1,1.0175760082016108
qwen35-9b,g24a_fever_175462,exclude_pre,-1,0.14005419721889537
qwen35-9b,g24a_fever_175879,admit_post,1,99.7161181655137
qwen35-9b,g24a_fever_175879,admit_pre,1,99.933373401627
qwen35-9b,g24a_fever_175879,base,1,0.13472351833855614
qwen35-9b,g24a_fever_175879,exclude_post,1,2.120499230898428
qwen35-9b,g24a_fever_175879,exclude_pre,1,99.45466092072458
qwen35-9b,g24a_fever_177858,admit_post,1,99.99525815921167
qwen35-9b,g24a_fever_177858,admit_pre,1,99.99524837852607
qwen35-9b,g24a_fever_177858,base,1,1.246118068018921
qwen35-9b,g24a_fever_177858,exclude_post,1,99.40451763610525
qwen35-9b,g24a_fever_177858,exclude_pre,1,99.9857453234969
qwen35-9b,g24a_fever_178167,admit_post,1,97.91084225547631
qwen35-9b,g24a_fever_178167,admit_pre,1,98.66643615539667
qwen35-9b,g24a_fever_178167,base,1,98.36175079871643
qwen35-9b,g24a_fever_178167,exclude_post,1,34.33724820127768
qwen35-9b,g24a_fever_178167,exclude_pre,1,99.33383020544011
qwen35-9b,g24a_fever_179816,admit_post,-1,10.83029123250732
qwen35-9b,g24a_fever_179816,admit_pre,-1,0.23671383789214293
qwen35-9b,g24a_fever_179816,base,-1,0.06768165861163769
qwen35-9b,g24a_fever_179816,exclude_post,-1,17.586998463146834
qwen35-9b,g24a_fever_179816,exclude_pre,-1,0.004071026079002996
qwen35-9b,g24a_fever_179819,admit_post,1,99.74019910193869
qwen35-9b,g24a_fever_179819,admit_pre,1,99.93928636970278
qwen35-9b,g24a_fever_179819,base,1,99.7022330545294
qwen35-9b,g24a_fever_179819,exclude_post,1,1.4391151778080207
qwen35-9b,g24a_fever_179819,exclude_pre,1,99.90634980893017
qwen35-9b,g24a_fever_179834,admit_post,1,99.8784206628047
qwen35-9b,g24a_fever_179834,admit_pre,1,99.97552113879661
qwen35-9b,g24a_fever_179834,base,1,99.7409347778874
qwen35-9b,g24a_fever_179834,exclude_post,1,7.021754439247172
qwen35-9b,g24a_fever_179834,exclude_pre,1,99.99143552040817
qwen35-9b,g24a_fever_180691,admit_post,1,99.79899603789875
qwen35-9b,g24a_fever_180691,admit_pre,1,99.94054085512174
qwen35-9b,g24a_fever_180691,base,1,99.85674175189128
qwen35-9b,g24a_fever_180691,exclude_post,1,30.05684722173926
qwen35-9b,g24a_fever_180691,exclude_pre,1,99.83798286637386
qwen35-9b,g24a_fever_180702,admit_post,-1,10.724757324015213
qwen35-9b,g24a_fever_180702,admit_pre,-1,17.130694924765095
qwen35-9b,g24a_fever_180702,base,-1,99.12411695870017
qwen35-9b,g24a_fever_180702,exclude_post,-1,23.237122393183725
qwen35-9b,g24a_fever_180702,exclude_pre,-1,25.952016622399043
qwen35-9b,g24a_fever_18333,admit_post,1,99.29711201060292
qwen35-9b,g24a_fever_18333,admit_pre,1,98.79049452658336
qwen35-9b,g24a_fever_18333,base,1,99.0887911158372
qwen35-9b,g24a_fever_18333,exclude_post,1,17.083141641527618
qwen35-9b,g24a_fever_18333,exclude_pre,1,98.16036236548948
qwen35-9b,g24a_fever_183452,admit_post,-1,0.09070222385587282
qwen35-9b,g24a_fever_183452,admit_pre,-1,0.001478709848033475
qwen35-9b,g24a_fever_183452,base,-1,0.04002980079737561
qwen35-9b,g24a_fever_183452,exclude_post,-1,0.001382874167891947
qwen35-9b,g24a_fever_183452,exclude_pre,-1,0.001592100873477799
qwen35-9b,g24a_fever_184054,admit_post,-1,0.0335715609600214
qwen35-9b,g24a_fever_184054,admit_pre,-1,0.01936299949315298
qwen35-9b,g24a_fever_184054,base,-1,14.081075918525364
qwen35-9b,g24a_fever_184054,exclude_post,-1,0.0427738463286111
qwen35-9b,g24a_fever_184054,exclude_pre,-1,0.030651872152325912
qwen35-9b,g24a_fever_184066,admit_post,1,99.82358471796442
qwen35-9b,g24a_fever_184066,admit_pre,1,99.82443930272152
qwen35-9b,g24a_fever_184066,base,1,99.58898511425811
qwen35-9b,g24a_fever_184066,exclude_post,1,3.2855092884493104
qwen35-9b,g24a_fever_184066,exclude_pre,1,99.99460926157369
qwen35-9b,g24a_fever_184294,admit_post,-1,0.3608140900208394
qwen35-9b,g24a_fever_184294,admit_pre,-1,0.1792054731636871
qwen35-9b,g24a_fever_184294,base,-1,0.0020409871524179213
qwen35-9b,g24a_fever_184294,exclude_post,-1,1.8933240200533383
qwen35-9b,g24a_fever_184294,exclude_pre,-1,0.18696415473461378
qwen35-9b,g24a_fever_184303,admit_post,-1,0.005723052257772257
qwen35-9b,g24a_fever_184303,admit_pre,-1,0.00302689932293875
qwen35-9b,g24a_fever_184303,base,-1,0.0023677682751610833
qwen35-9b,g24a_fever_184303,exclude_post,-1,0.005261363039480712
qwen35-9b,g24a_fever_184303,exclude_pre,-1,0.0037863828137964864
qwen35-9b,g24a_fever_184432,admit_post,-1,11.820859165914543
qwen35-9b,g24a_fever_184432,admit_pre,-1,2.004657607402311
qwen35-9b,g24a_fever_184432,base,-1,25.859339606887197
qwen35-9b,g24a_fever_184432,exclude_post,-1,29.512299128148797
qwen35-9b,g24a_fever_184432,exclude_pre,-1,48.82419859362262
qwen35-9b,g24a_fever_185177,admit_post,1,99.97475885173107
qwen35-9b,g24a_fever_185177,admit_pre,1,99.15205177118577
qwen35-9b,g24a_fever_185177,base,1,99.98795715387496
qwen35-9b,g24a_fever_185177,exclude_post,1,99.6028230837432
qwen35-9b,g24a_fever_185177,exclude_pre,1,99.66652141930429
qwen35-9b,g24a_fever_187119,admit_post,-1,0.16537324514996402
qwen35-9b,g24a_fever_187119,admit_pre,-1,0.09324715462173966
qwen35-9b,g24a_fever_187119,base,-1,0.0017083675449732281
qwen35-9b,g24a_fever_187119,exclude_post,-1,0.971952257266525
qwen35-9b,g24a_fever_187119,exclude_pre,-1,0.08302452455387228
qwen35-9b,g24a_fever_187323,admit_post,1,99.1810745317971
qwen35-9b,g24a_fever_187323,admit_pre,1,99.04004806226413
qwen35-9b,g24a_fever_187323,base,1,2.0668931667101624
qwen35-9b,g24a_fever_187323,exclude_post,1,98.38310779516242
qwen35-9b,g24a_fever_187323,exclude_pre,1,98.38480380241472
qwen35-9b,g24a_fever_189710,admit_post,1,99.00654522599041
qwen35-9b,g24a_fever_189710,admit_pre,1,99.31265749629333
qwen35-9b,g24a_fever_189710,base,1,99.75488296626573
qwen35-9b,g24a_fever_189710,exclude_post,1,8.06607391619195
qwen35-9b,g24a_fever_189710,exclude_pre,1,97.38715556038971
qwen35-9b,g24a_fever_190090,admit_post,1,99.90404774653777
qwen35-9b,g24a_fever_190090,admit_pre,1,99.87001884707666
qwen35-9b,g24a_fever_190090,base,1,99.7248876107134
qwen35-9b,g24a_fever_190090,exclude_post,1,1.4000684739465958
qwen35-9b,g24a_fever_190090,exclude_pre,1,99.68961432153972
qwen35-9b,g24a_fever_191263,admit_post,1,99.62215330788018
qwen35-9b,g24a_fever_191263,admit_pre,1,99.44001684196166
qwen35-9b,g24a_fever_191263,base,1,97.59370382179951
qwen35-9b,g24a_fever_191263,exclude_post,1,30.763689004366704
qwen35-9b,g24a_fever_191263,exclude_pre,1,16.935848484086364
qwen35-9b,g24a_fever_19204,admit_post,1,98.86642762648987
qwen35-9b,g24a_fever_19204,admit_pre,1,99.10935902153851
qwen35-9b,g24a_fever_19204,base,1,98.54009478711922
qwen35-9b,g24a_fever_19204,exclude_post,1,1.5224431318059553
qwen35-9b,g24a_fever_19204,exclude_pre,1,99.98401660220848
qwen35-9b,g24a_fever_193458,admit_post,1,99.69521058767529
qwen35-9b,g24a_fever_193458,admit_pre,1,99.55516240546262
qwen35-9b,g24a_fever_193458,base,1,99.41834731677473
qwen35-9b,g24a_fever_193458,exclude_post,1,99.9893068364674
qwen35-9b,g24a_fever_193458,exclude_pre,1,99.59396291963638
qwen35-9b,g24a_fever_194486,admit_post,1,98.67991073565499
qwen35-9b,g24a_fever_194486,admit_pre,1,98.72237777695796
qwen35-9b,g24a_fever_194486,base,1,99.99162771164241
qwen35-9b,g24a_fever_194486,exclude_post,1,99.11209013917025
qwen35-9b,g24a_fever_194486,exclude_pre,1,98.83827856037632
qwen35-9b,g24a_fever_1947,admit_post,1,99.89192864770199
qwen35-9b,g24a_fever_1947,admit_pre,1,99.6743139337018
qwen35-9b,g24a_fever_1947,base,1,99.79275973381282
qwen35-9b,g24a_fever_1947,exclude_post,1,34.228229910297486
qwen35-9b,g24a_fever_1947,exclude_pre,1,99.54292330451048
qwen35-9b,g24a_fever_195208,admit_post,1,99.73720386422538
qwen35-9b,g24a_fever_195208,admit_pre,1,99.83079529308787
qwen35-9b,g24a_fever_195208,base,1,99.7199873776187
qwen35-9b,g24a_fever_195208,exclude_post,1,99.32582244725592
qwen35-9b,g24a_fever_195208,exclude_pre,1,99.74806589240266
qwen35-9b,g24a_fever_195370,admit_post,-1,0.938950005589049
qwen35-9b,g24a_fever_195370,admit_pre,-1,0.6294475305495892
qwen35-9b,g24a_fever_195370,base,-1,4.852679328689909
qwen35-9b,g24a_fever_195370,exclude_post,-1,8.865225651609414
qwen35-9b,g24a_fever_195370,exclude_pre,-1,2.7221969888197934
qwen35-9b,g24a_fever_195912,admit_post,-1,1.6122038632656672
qwen35-9b,g24a_fever_195912,admit_pre,-1,0.6715722953318398
qwen35-9b,g24a_fever_195912,base,-1,10.540343422435098
qwen35-9b,g24a_fever_195912,exclude_post,-1,12.163485387578067
qwen35-9b,g24a_fever_195912,exclude_pre,-1,0.5968955467989958
qwen35-9b,g24a_fever_198067,admit_post,-1,1.1700772048320218
qwen35-9b,g24a_fever_198067,admit_pre,-1,0.5878890336720022
qwen35-9b,g24a_fever_198067,base,-1,0.008651461854844137
qwen35-9b,g24a_fever_198067,exclude_post,-1,1.1526780308514626
qwen35-9b,g24a_fever_198067,exclude_pre,-1,0.7395800630068908
qwen35-9b,g24a_fever_199265,admit_post,-1,14.26871662174742
qwen35-9b,g24a_fever_199265,admit_pre,-1,1.7935394166652812
qwen35-9b,g24a_fever_199265,base,-1,0.3089144313726382
qwen35-9b,g24a_fever_199265,exclude_post,-1,0.02571525764465178
qwen35-9b,g24a_fever_199265,exclude_pre,-1,0.009287018259694472
qwen35-9b,g24a_fever_200293,admit_post,1,99.98626388757037
qwen35-9b,g24a_fever_200293,admit_pre,1,99.98464045562156
qwen35-9b,g24a_fever_200293,base,1,98.97244211271044
qwen35-9b,g24a_fever_200293,exclude_post,1,97.62101875591456
qwen35-9b,g24a_fever_200293,exclude_pre,1,98.90357349799964
qwen35-9b,g24a_fever_201603,admit_post,1,99.31546661218555
qwen35-9b,g24a_fever_201603,admit_pre,1,99.22323591849154
qwen35-9b,g24a_fever_201603,base,1,99.21417364401529
qwen35-9b,g24a_fever_201603,exclude_post,1,91.2621875699362
qwen35-9b,g24a_fever_201603,exclude_pre,1,99.39547146419433
qwen35-9b,g24a_fever_201748,admit_post,-1,13.68495998101925
qwen35-9b,g24a_fever_201748,admit_pre,-1,11.037449637965063
qwen35-9b,g24a_fever_201748,base,-1,13.857510728359275
qwen35-9b,g24a_fever_201748,exclude_post,-1,13.842511432584972
qwen35-9b,g24a_fever_201748,exclude_pre,-1,10.354664691092218
qwen35-9b,g24a_fever_201793,admit_post,1,99.00428606482215
qwen35-9b,g24a_fever_201793,admit_pre,1,99.73371388753337
qwen35-9b,g24a_fever_201793,base,1,99.88859072371139
qwen35-9b,g24a_fever_201793,exclude_post,1,29.809115693401864
qwen35-9b,g24a_fever_201793,exclude_pre,1,99.11853555109911
qwen35-9b,g24a_fever_202032,admit_post,-1,0.007229318664452382
qwen35-9b,g24a_fever_202032,admit_pre,-1,0.005283131539280353
qwen35-9b,g24a_fever_202032,base,-1,0.05240094838446926
qwen35-9b,g24a_fever_202032,exclude_post,-1,0.013492424173606705
qwen35-9b,g24a_fever_202032,exclude_pre,-1,0.003149170029274187
qwen35-9b,g24a_fever_202789,admit_post,-1,4.4364093414445644
qwen35-9b,g24a_fever_202789,admit_pre,-1,5.0578608139716845
qwen35-9b,g24a_fever_202789,base,-1,17.240126656602268
qwen35-9b,g24a_fever_202789,exclude_post,-1,17.73408300903209
qwen35-9b,g24a_fever_202789,exclude_pre,-1,11.00261546893315
qwen35-9b,g24a_fever_20291,admit_post,1,99.76809700137
qwen35-9b,g24a_fever_20291,admit_pre,1,99.99745623642526
qwen35-9b,g24a_fever_20291,base,1,99.32595183631287
qwen35-9b,g24a_fever_20291,exclude_post,1,33.415071183101425
qwen35-9b,g24a_fever_20291,exclude_pre,1,99.99372118039712
qwen35-9b,g24a_fever_202928,admit_post,-1,9.276618861688318
qwen35-9b,g24a_fever_202928,admit_pre,-1,5.22185370499147
qwen35-9b,g24a_fever_202928,base,-1,0.24097593028177874
qwen35-9b,g24a_fever_202928,exclude_post,-1,17.226690389791585
qwen35-9b,g24a_fever_202928,exclude_pre,-1,8.255903327354952
qwen35-9b,g24a_fever_203053,admit_post,1,99.82555960490126
qwen35-9b,g24a_fever_203053,admit_pre,1,99.94915522482327
qwen35-9b,g24a_fever_203053,base,1,99.77331812013499
qwen35-9b,g24a_fever_203053,exclude_post,1,29.613902349945477
qwen35-9b,g24a_fever_203053,exclude_pre,1,99.90730383588408
qwen35-9b,g24a_fever_204355,admit_post,-1,0.00616982571840514
qwen35-9b,g24a_fever_204355,admit_pre,-1,0.0061507775763714025
qwen35-9b,g24a_fever_204355,base,-1,1.3679030665551182
qwen35-9b,g24a_fever_204355,exclude_post,-1,0.008947865172801994
qwen35-9b,g24a_fever_204355,exclude_pre,-1,0.004386021063117005
qwen35-9b,g24a_fever_204643,admit_post,-1,1.1795436718425663
qwen35-9b,g24a_fever_204643,admit_pre,-1,8.86041246134098
qwen35-9b,g24a_fever_204643,base,-1,11.345740744886207
qwen35-9b,g24a_fever_204643,exclude_post,-1,0.011776091292825598
qwen35-9b,g24a_fever_204643,exclude_pre,-1,1.040481703708119
qwen35-9b,g24a_fever_204981,admit_post,1,99.66896846704235
qwen35-9b,g24a_fever_204981,admit_pre,1,99.86004622081933
qwen35-9b,g24a_fever_204981,base,1,99.32111508411045
qwen35-9b,g24a_fever_204981,exclude_post,1,21.260954965288455
qwen35-9b,g24a_fever_204981,exclude_pre,1,99.82085962583972
qwen35-9b,g24a_fever_205063,admit_post,1,99.85016473709868
qwen35-9b,g24a_fever_205063,admit_pre,1,99.89070501421006
qwen35-9b,g24a_fever_205063,base,1,99.46708371926692
qwen35-9b,g24a_fever_205063,exclude_post,1,5.776657425727066
qwen35-9b,g24a_fever_205063,exclude_pre,1,99.41580564876251
qwen35-9b,g24a_fever_206730,admit_post,-1,0.2609568676838314
qwen35-9b,g24a_fever_206730,admit_pre,-1,0.09119549563528918
qwen35-9b,g24a_fever_206730,base,-1,0.04395399317869043
qwen35-9b,g24a_fever_206730,exclude_post,-1,0.17418731350629282
qwen35-9b,g24a_fever_206730,exclude_pre,-1,0.0029212599824335246
qwen35-9b,g24a_fever_207528,admit_post,1,99.9938064067401
qwen35-9b,g24a_fever_207528,admit_pre,1,99.7935045801525
qwen35-9b,g24a_fever_207528,base,1,99.70245851761992
qwen35-9b,g24a_fever_207528,exclude_post,1,98.52588031648145
qwen35-9b,g24a_fever_207528,exclude_pre,1,99.99449145813865
qwen35-9b,g24a_fever_207669,admit_post,1,99.82451830024806
qwen35-9b,g24a_fever_207669,admit_pre,1,98.73353973373044
qwen35-9b,g24a_fever_207669,base,1,99.87311203289322
qwen35-9b,g24a_fever_207669,exclude_post,1,98.02734195893501
qwen35-9b,g24a_fever_207669,exclude_pre,1,99.98247474303136
qwen35-9b,g24a_fever_208159,admit_post,1,99.82423835213314
qwen35-9b,g24a_fever_208159,admit_pre,1,99.94825498225663
qwen35-9b,g24a_fever_208159,base,1,99.7108389430159
qwen35-9b,g24a_fever_208159,exclude_post,1,28.397533519007894
qwen35-9b,g24a_fever_208159,exclude_pre,1,99.87391498750895
qwen35-9b,g24a_fever_209086,admit_post,1,99.99119847456974
qwen35-9b,g24a_fever_209086,admit_pre,1,99.99312183451579
qwen35-9b,g24a_fever_209086,base,1,99.39169335253627
qwen35-9b,g24a_fever_209086,exclude_post,1,31.39746834917779
qwen35-9b,g24a_fever_209086,exclude_pre,1,99.9885412762148
qwen35-9b,g24a_fever_209863,admit_post,-1,0.09525667193820975
qwen35-9b,g24a_fever_209863,admit_pre,-1,0.08593001039962783
qwen35-9b,g24a_fever_209863,base,-1,99.38441176159643
qwen35-9b,g24a_fever_209863,exclude_post,-1,99.25958145795931
qwen35-9b,g24a_fever_209863,exclude_pre,-1,3.697613267645389
qwen35-9b,g24a_fever_212767,admit_post,1,98.98683875643172
qwen35-9b,g24a_fever_212767,admit_pre,1,99.63105064255346
qwen35-9b,g24a_fever_212767,base,1,18.578496570091477
qwen35-9b,g24a_fever_212767,exclude_post,1,29.041656423619397
qwen35-9b,g24a_fever_212767,exclude_pre,1,99.02304089833393
qwen35-9b,g24a_fever_21345,admit_post,1,99.9937762933643
qwen35-9b,g24a_fever_21345,admit_pre,1,99.99603649878668
qwen35-9b,g24a_fever_21345,base,1,99.85171465478174
qwen35-9b,g24a_fever_21345,exclude_post,1,25.398545570243343
qwen35-9b,g24a_fever_21345,exclude_pre,1,98.80108178342063
qwen35-9b,g24a_fever_21494,admit_post,1,98.97504033779637
qwen35-9b,g24a_fever_21494,admit_pre,1,99.50720615605451
qwen35-9b,g24a_fever_21494,base,1,99.31646714220727
qwen35-9b,g24a_fever_21494,exclude_post,1,42.042051969087204
qwen35-9b,g24a_fever_21494,exclude_pre,1,99.39632767426299
qwen35-9b,g24a_fever_2150,admit_post,1,99.67210623701072
qwen35-9b,g24a_fever_2150,admit_pre,1,99.88939686882051
qwen35-9b,g24a_fever_2150,base,1,99.8216373426648
qwen35-9b,g24a_fever_2150,exclude_post,1,16.181618956848812
qwen35-9b,g24a_fever_2150,exclude_pre,1,99.87509901840323
qwen35-9b,g24a_fever_215224,admit_post,-1,0.6010731915942448
qwen35-9b,g24a_fever_215224,admit_pre,-1,0.418557441454503
qwen35-9b,g24a_fever_215224,base,-1,5.731035950581404
qwen35-9b,g24a_fever_215224,exclude_post,-1,2.737128823822394
qwen35-9b,g24a_fever_215224,exclude_pre,-1,0.5251883851017622
qwen35-9b,g24a_fever_216585,admit_post,1,99.99416656694646
qwen35-9b,g24a_fever_216585,admit_pre,1,99.99630716110438
qwen35-9b,g24a_fever_216585,base,1,99.6306107297143
qwen35-9b,g24a_fever_216585,exclude_post,1,97.93285819901624
qwen35-9b,g24a_fever_216585,exclude_pre,1,99.16920057716193
qwen35-9b,g24a_fever_216595,admit_post,1,99.98890019656898
qwen35-9b,g24a_fever_216595,admit_pre,1,98.7764925558387
qwen35-9b,g24a_fever_216595,base,1,0.09156042167093185
qwen35-9b,g24a_fever_216595,exclude_post,1,0.8485867210497741
qwen35-9b,g24a_fever_216595,exclude_pre,1,99.89902815697081
qwen35-9b,g24a_fever_218104,admit_post,1,99.21062741337191
qwen35-9b,g24a_fever_218104,admit_pre,1,99.99421317304207
qwen35-9b,g24a_fever_218104,base,1,99.80972840689556
qwen35-9b,g24a_fever_218104,exclude_post,1,98.27524134114178
qwen35-9b,g24a_fever_218104,exclude_pre,1,99.99208440506321
qwen35-9b,g24a_fever_218111,admit_post,-1,0.004080907269372764
qwen35-9b,g24a_fever_218111,admit_pre,-1,0.002342706325986648
qwen35-9b,g24a_fever_218111,base,-1,1.425267996130823
qwen35-9b,g24a_fever_218111,exclude_post,-1,0.5681850868338046
qwen35-9b,g24a_fever_218111,exclude_pre,-1,0.005241788622093226
qwen35-9b,g24a_fever_219688,admit_post,-1,0.002295513780095211
qwen35-9b,g24a_fever_219688,admit_pre,-1,0.0014829729112718919
qwen35-9b,g24a_fever_219688,base,-1,0.0010600741205869
qwen35-9b,g24a_fever_219688,exclude_post,-1,0.2544542763476058
qwen35-9b,g24a_fever_219688,exclude_pre,-1,0.0018899438021181551
qwen35-9b,g24a_fever_21986,admit_post,-1,0.2539638326170422
qwen35-9b,g24a_fever_21986,admit_pre,-1,0.10791292143174944
qwen35-9b,g24a_fever_21986,base,-1,0.16666176845884695
qwen35-9b,g24a_fever_21986,exclude_post,-1,2.141745358250887
qwen35-9b,g24a_fever_21986,exclude_pre,-1,0.23305350494188326
qwen35-9b,g24a_fever_220461,admit_post,1,99.76806470258173
qwen35-9b,g24a_fever_220461,admit_pre,1,99.84416148840836
qwen35-9b,g24a_fever_220461,base,1,99.71399995127439
qwen35-9b,g24a_fever_220461,exclude_post,1,99.99186737137815
qwen35-9b,g24a_fever_220461,exclude_pre,1,99.59675378277322
qwen35-9b,g24a_fever_22096,admit_post,1,99.52854597887065
qwen35-9b,g24a_fever_22096,admit_pre,1,99.96394556595072
qwen35-9b,g24a_fever_22096,base,1,99.73016924861298
qwen35-9b,g24a_fever_22096,exclude_post,1,2.4654312620984404
qwen35-9b,g24a_fever_22096,exclude_pre,1,99.81703426712889
qwen35-9b,g24a_fever_222170,admit_post,1,98.4749187585039
qwen35-9b,g24a_fever_222170,admit_pre,1,98.81214055254938
qwen35-9b,g24a_fever_222170,base,1,28.913372152684232
qwen35-9b,g24a_fever_222170,exclude_post,1,46.312595337240204
qwen35-9b,g24a_fever_222170,exclude_pre,1,98.5880641928822
qwen35-9b,g24a_fever_222174,admit_post,-1,0.08280226609732826
qwen35-9b,g24a_fever_222174,admit_pre,-1,28.551367282897015
qwen35-9b,g24a_fever_222174,base,-1,93.09462944515815
qwen35-9b,g24a_fever_222174,exclude_post,-1,12.172267561959465
qwen35-9b,g24a_fever_222174,exclude_pre,-1,28.217293840604178
qwen35-9b,g24a_fever_222721,admit_post,1,99.22395032946879
qwen35-9b,g24a_fever_222721,admit_pre,1,99.99426306882776
qwen35-9b,g24a_fever_222721,base,1,98.71194497645104
qwen35-9b,g24a_fever_222721,exclude_post,1,16.10252705969886
qwen35-9b,g24a_fever_222721,exclude_pre,1,99.65670647546204
qwen35-9b,g24a_fever_222730,admit_post,1,99.22656613132027
qwen35-9b,g24a_fever_222730,admit_pre,1,99.74075594737738
qwen35-9b,g24a_fever_222730,base,1,99.13096598660876
qwen35-9b,g24a_fever_222730,exclude_post,1,31.160184690238808
qwen35-9b,g24a_fever_222730,exclude_pre,1,99.49793843077761
qwen35-9b,g24a_fever_223491,admit_post,-1,0.044815319047434875
qwen35-9b,g24a_fever_223491,admit_pre,-1,0.05261565612389782
qwen35-9b,g24a_fever_223491,base,-1,8.96545923654053
qwen35-9b,g24a_fever_223491,exclude_post,-1,0.0560900970203112
qwen35-9b,g24a_fever_223491,exclude_pre,-1,0.04064078081461075
qwen35-9b,g24a_fever_225802,admit_post,1,99.76985579606543
qwen35-9b,g24a_fever_225802,admit_pre,1,99.79850723703687
qwen35-9b,g24a_fever_225802,base,1,99.6324247000414
qwen35-9b,g24a_fever_225802,exclude_post,1,30.720720671659908
qwen35-9b,g24a_fever_225802,exclude_pre,1,99.7730502808933
qwen35-9b,g24a_fever_227083,admit_post,1,99.9470411230847
qwen35-9b,g24a_fever_227083,admit_pre,1,99.95832876106063
qwen35-9b,g24a_fever_227083,base,1,99.92187479976494
qwen35-9b,g24a_fever_227083,exclude_post,1,29.426769825468
qwen35-9b,g24a_fever_227083,exclude_pre,1,99.87896816508616
qwen35-9b,g24a_fever_227095,admit_post,-1,0.08471775722864038
qwen35-9b,g24a_fever_227095,admit_pre,-1,0.05273924818370918
qwen35-9b,g24a_fever_227095,base,-1,6.7870006417525905
qwen35-9b,g24a_fever_227095,exclude_post,-1,6.067846617415085
qwen35-9b,g24a_fever_227095,exclude_pre,-1,0.059482386141871325
qwen35-9b,g24a_fever_227129,admit_post,1,99.91502733527449
qwen35-9b,g24a_fever_227129,admit_pre,1,99.95987944589355
qwen35-9b,g24a_fever_227129,base,1,99.55756541430192
qwen35-9b,g24a_fever_227129,exclude_post,1,40.00437220945699
qwen35-9b,g24a_fever_227129,exclude_pre,1,99.89571440314195
qwen35-9b,g24a_fever_22805,admit_post,1,99.71029334662391
qwen35-9b,g24a_fever_22805,admit_pre,1,99.67394923085538
qwen35-9b,g24a_fever_22805,base,1,99.738472682769
qwen35-9b,g24a_fever_22805,exclude_post,1,31.970426593435302
qwen35-9b,g24a_fever_22805,exclude_pre,1,99.59044015288443
qwen35-9b,g24a_fever_228063,admit_post,1,99.58231664608962
qwen35-9b,g24a_fever_228063,admit_pre,1,99.71212060910094
qwen35-9b,g24a_fever_228063,base,1,98.91079729827307
qwen35-9b,g24a_fever_228063,exclude_post,1,2.154163741544479
qwen35-9b,g24a_fever_228063,exclude_pre,1,99.70619799349772
qwen35-9b,g24a_fever_23861,admit_post,-1,1.0440017798076768
qwen35-9b,g24a_fever_23861,admit_pre,-1,0.0025669245348008316
qwen35-9b,g24a_fever_23861,base,-1,0.06556304512831158
qwen35-9b,g24a_fever_23861,exclude_post,-1,0.005567616866492715
qwen35-9b,g24a_fever_23861,exclude_pre,-1,0.0024725517117092314
qwen35-9b,g24a_fever_24264,admit_post,1,97.83158394279566
qwen35-9b,g24a_fever_24264,admit_pre,1,98.42962981306613
qwen35-9b,g24a_fever_24264,base,1,99.745577664077
qwen35-9b,g24a_fever_24264,exclude_post,1,98.72732204960649
qwen35-9b,g24a_fever_24264,exclude_pre,1,98.83363323895865
qwen35-9b,g24a_fever_25705,admit_post,1,98.17590589201949
qwen35-9b,g24a_fever_25705,admit_pre,1,98.5578110073999
qwen35-9b,g24a_fever_25705,base,1,96.65726999147682
qwen35-9b,g24a_fever_25705,exclude_post,1,97.43535783243965
qwen35-9b,g24a_fever_25705,exclude_pre,1,99.91945342302374
qwen35-9b,g24a_fever_25906,admit_post,-1,0.04965779334864997
qwen35-9b,g24a_fever_25906,admit_pre,-1,0.043656701088229506
qwen35-9b,g24a_fever_25906,base,-1,0.021850538271707434
qwen35-9b,g24a_fever_25906,exclude_post,-1,0.5450575608897362
qwen35-9b,g24a_fever_25906,exclude_pre,-1,0.084404809450146
qwen35-9b,g24a_fever_2616,admit_post,1,98.93006372382072
qwen35-9b,g24a_fever_2616,admit_pre,1,99.99332223362859
qwen35-9b,g24a_fever_2616,base,1,99.58333338126549
qwen35-9b,g24a_fever_2616,exclude_post,1,15.222854941980522
qwen35-9b,g24a_fever_2616,exclude_pre,1,99.98866658832708
qwen35-9b,g24a_fever_26224,admit_post,1,98.99433391723963
qwen35-9b,g24a_fever_26224,admit_pre,1,99.29622495488935
qwen35-9b,g24a_fever_26224,base,1,99.90839817878769
qwen35-9b,g24a_fever_26224,exclude_post,1,21.165056377419514
qwen35-9b,g24a_fever_26224,exclude_pre,1,99.38998000338457
qwen35-9b,g24a_fever_27269,admit_post,-1,14.070414986082625
qwen35-9b,g24a_fever_27269,admit_pre,-1,1.3853953899021734
qwen35-9b,g24a_fever_27269,base,-1,98.89329255477364
qwen35-9b,g24a_fever_27269,exclude_post,-1,12.935502011243084
qwen35-9b,g24a_fever_27269,exclude_pre,-1,1.7816947881018343
qwen35-9b,g24a_fever_27294,admit_post,-1,0.02214942341157463
qwen35-9b,g24a_fever_27294,admit_pre,-1,0.021127136659674906
qwen35-9b,g24a_fever_27294,base,-1,0.021109326295837963
qwen35-9b,g24a_fever_27294,exclude_post,-1,0.02326884936192219
qwen35-9b,g24a_fever_27294,exclude_pre,-1,0.020236061908476998
qwen35-9b,g24a_fever_27455,admit_post,-1,0.7164846454326647
qwen35-9b,g24a_fever_27455,admit_pre,-1,0.5869577441435767
qwen35-9b,g24a_fever_27455,base,-1,4.974508520212907
qwen35-9b,g24a_fever_27455,exclude_post,-1,8.789928559381279
qwen35-9b,g24a_fever_27455,exclude_pre,-1,1.2938200948520475
qwen35-9b,g24a_fever_28525,admit_post,-1,0.10943167568950105
qwen35-9b,g24a_fever_28525,admit_pre,-1,0.12498261681885468
qwen35-9b,g24a_fever_28525,base,-1,0.03452293708782965
qwen35-9b,g24a_fever_28525,exclude_post,-1,19.615780831344676
qwen35-9b,g24a_fever_28525,exclude_pre,-1,0.32396698483593744
qwen35-9b,g24a_fever_28754,admit_post,-1,0.018372411021308054
qwen35-9b,g24a_fever_28754,admit_pre,-1,3.6446827219155944
qwen35-9b,g24a_fever_28754,base,-1,32.917324787983695
qwen35-9b,g24a_fever_28754,exclude_post,-1,47.101533557851816
qwen35-9b,g24a_fever_28754,exclude_pre,-1,2.742012094809689
qwen35-9b,g24a_fever_28867,admit_post,-1,0.016884417765948442
qwen35-9b,g24a_fever_28867,admit_pre,-1,0.018642611183327804
qwen35-9b,g24a_fever_28867,base,-1,12.691497366928425
qwen35-9b,g24a_fever_28867,exclude_post,-1,0.03836967985845238
qwen35-9b,g24a_fever_28867,exclude_pre,-1,0.025720839245323025
qwen35-9b,g24a_fever_29092,admit_post,-1,0.005669471660887498
qwen35-9b,g24a_fever_29092,admit_pre,-1,0.26303082745294226
qwen35-9b,g24a_fever_29092,base,-1,12.497627784666651
qwen35-9b,g24a_fever_29092,exclude_post,-1,1.2998564525125287
qwen35-9b,g24a_fever_29092,exclude_pre,-1,0.3430332208731254
qwen35-9b,g24a_fever_29142,admit_post,1,99.00372693257766
qwen35-9b,g24a_fever_29142,admit_pre,1,99.31318181457632
qwen35-9b,g24a_fever_29142,base,1,21.153578125730427
qwen35-9b,g24a_fever_29142,exclude_post,1,4.8665108724238895
qwen35-9b,g24a_fever_29142,exclude_pre,1,99.31122552288872
qwen35-9b,g24a_fever_29550,admit_post,1,99.70102834344625
qwen35-9b,g24a_fever_29550,admit_pre,1,99.81174364011649
qwen35-9b,g24a_fever_29550,base,1,99.62631091972662
qwen35-9b,g24a_fever_29550,exclude_post,1,15.682009621974462
qwen35-9b,g24a_fever_29550,exclude_pre,1,99.66525959788129
qwen35-9b,g24a_fever_29556,admit_post,1,99.84202096723617
qwen35-9b,g24a_fever_29556,admit_pre,1,99.93246970188565
qwen35-9b,g24a_fever_29556,base,1,99.90519189617713
qwen35-9b,g24a_fever_29556,exclude_post,1,98.96557651159463
qwen35-9b,g24a_fever_29556,exclude_pre,1,99.74812089993155
qwen35-9b,g24a_fever_29861,admit_post,1,99.8412388000306
qwen35-9b,g24a_fever_29861,admit_pre,1,99.9456248652383
qwen35-9b,g24a_fever_29861,base,1,99.22664322179365
qwen35-9b,g24a_fever_29861,exclude_post,1,12.970255385133333
qwen35-9b,g24a_fever_29861,exclude_pre,1,99.8346510379352
qwen35-9b,g24a_fever_30014,admit_post,-1,0.9185655470833747
qwen35-9b,g24a_fever_30014,admit_pre,-1,0.34238787245753527
qwen35-9b,g24a_fever_30014,base,-1,21.009385115044246
qwen35-9b,g24a_fever_30014,exclude_post,-1,6.776355074558288
qwen35-9b,g24a_fever_30014,exclude_pre,-1,2.2407393559494815
qwen35-9b,g24a_fever_31192,admit_post,1,99.99560596780026
qwen35-9b,g24a_fever_31192,admit_pre,1,99.99693356605925
qwen35-9b,g24a_fever_31192,base,1,99.83750344700132
qwen35-9b,g24a_fever_31192,exclude_post,1,1.7779307138783733
qwen35-9b,g24a_fever_31192,exclude_pre,1,99.99287717598779
qwen35-9b,g24a_fever_31581,admit_post,-1,0.5178571294132012
qwen35-9b,g24a_fever_31581,admit_pre,-1,0.009445274090531645
qwen35-9b,g24a_fever_31581,base,-1,0.6179162751672503
qwen35-9b,g24a_fever_31581,exclude_post,-1,2.200887627996279
qwen35-9b,g24a_fever_31581,exclude_pre,-1,0.006942790073630873
qwen35-9b,g24a_fever_33055,admit_post,-1,0.06465459684449588
qwen35-9b,g24a_fever_33055,admit_pre,-1,0.07009714350788093
qwen35-9b,g24a_fever_33055,base,-1,0.16792744309706648
qwen35-9b,g24a_fever_33055,exclude_post,-1,3.835167167420222
qwen35-9b,g24a_fever_33055,exclude_pre,-1,0.23365250806298488
qwen35-9b,g24a_fever_33196,admit_post,1,99.6503657300251
qwen35-9b,g24a_fever_33196,admit_pre,1,99.81698863560305
qwen35-9b,g24a_fever_33196,base,1,99.53176131045346
qwen35-9b,g24a_fever_33196,exclude_post,1,2.7627553185129883
qwen35-9b,g24a_fever_33196,exclude_pre,1,99.4940817614667
qwen35-9b,g24a_fever_35030,admit_post,1,99.36549195010912
qwen35-9b,g24a_fever_35030,admit_pre,1,99.9934647185891
qwen35-9b,g24a_fever_35030,base,1,96.05625021978018
qwen35-9b,g24a_fever_35030,exclude_post,1,34.71575606957104
qwen35-9b,g24a_fever_35030,exclude_pre,1,98.76175751037721
qwen35-9b,g24a_fever_3518,admit_post,-1,0.034475776229164236
qwen35-9b,g24a_fever_3518,admit_pre,-1,0.0409111391805215
qwen35-9b,g24a_fever_3518,base,-1,0.18602572957215374
qwen35-9b,g24a_fever_3518,exclude_post,-1,45.540460102833464
qwen35-9b,g24a_fever_3518,exclude_pre,-1,0.05841341843214022
qwen35-9b,g24a_fever_35881,admit_post,1,0.35798407408991945
qwen35-9b,g24a_fever_35881,admit_pre,1,99.97094668307813
qwen35-9b,g24a_fever_35881,base,1,60.122564765140055
qwen35-9b,g24a_fever_35881,exclude_post,1,0.0012689927161534792
qwen35-9b,g24a_fever_35881,exclude_pre,1,98.31504372576401
qwen35-9b,g24a_fever_36886,admit_post,-1,1.1422098865068606
qwen35-9b,g24a_fever_36886,admit_pre,-1,1.074264581469703
qwen35-9b,g24a_fever_36886,base,-1,1.3115310093799188
qwen35-9b,g24a_fever_36886,exclude_post,-1,3.416761732448195
qwen35-9b,g24a_fever_36886,exclude_pre,-1,1.5322847861456206
qwen35-9b,g24a_fever_37067,admit_post,1,99.99479559907932
qwen35-9b,g24a_fever_37067,admit_pre,1,99.99644840870684
qwen35-9b,g24a_fever_37067,base,1,99.09584684291195
qwen35-9b,g24a_fever_37067,exclude_post,1,99.97928736156163
qwen35-9b,g24a_fever_37067,exclude_pre,1,99.82831990505764
qwen35-9b,g24a_fever_38029,admit_post,1,99.7123466474221
qwen35-9b,g24a_fever_38029,admit_pre,1,99.84537345001822
qwen35-9b,g24a_fever_38029,base,1,99.7614133918542
qwen35-9b,g24a_fever_38029,exclude_post,1,2.4566678871096914
qwen35-9b,g24a_fever_38029,exclude_pre,1,99.83933858532886
qwen35-9b,g24a_fever_39612,admit_post,1,98.47133527499672
qwen35-9b,g24a_fever_39612,admit_pre,1,98.919737933339
qwen35-9b,g24a_fever_39612,base,1,68.44155664761894
qwen35-9b,g24a_fever_39612,exclude_post,1,0.00604071468658547
qwen35-9b,g24a_fever_39612,exclude_pre,1,98.92024788982104
qwen35-9b,g24a_fever_40528,admit_post,-1,0.07090415544815187
qwen35-9b,g24a_fever_40528,admit_pre,-1,0.06895262575807223
qwen35-9b,g24a_fever_40528,base,-1,0.09647310653330701
qwen35-9b,g24a_fever_40528,exclude_post,-1,28.546101074148144
qwen35-9b,g24a_fever_40528,exclude_pre,-1,0.12565805790909954
qwen35-9b,g24a_fever_41810,admit_post,-1,0.1323951483694165
qwen35-9b,g24a_fever_41810,admit_pre,-1,0.0029785498754869603
qwen35-9b,g24a_fever_41810,base,-1,0.9455152226083118
qwen35-9b,g24a_fever_41810,exclude_post,-1,0.36202367028994364
qwen35-9b,g24a_fever_41810,exclude_pre,-1,0.25618959135089836
qwen35-9b,g24a_fever_4280,admit_post,-1,0.13226883805385697
qwen35-9b,g24a_fever_4280,admit_pre,-1,0.1409801283292496
qwen35-9b,g24a_fever_4280,base,-1,0.18777870477903655
qwen35-9b,g24a_fever_4280,exclude_post,-1,6.896714603878154
qwen35-9b,g24a_fever_4280,exclude_pre,-1,0.3727379279290005
qwen35-9b,g24a_fever_43458,admit_post,1,99.90476864004467
qwen35-9b,g24a_fever_43458,admit_pre,1,99.97531365171325
qwen35-9b,g24a_fever_43458,base,1,99.82104313447823
qwen35-9b,g24a_fever_43458,exclude_post,1,25.69945709004909
qwen35-9b,g24a_fever_43458,exclude_pre,1,99.92035182508657
qwen35-9b,g24a_fever_44156,admit_post,-1,1.1967179649925526
qwen35-9b,g24a_fever_44156,admit_pre,-1,0.0024715220364047398
qwen35-9b,g24a_fever_44156,base,-1,0.033361328392805895
qwen35-9b,g24a_fever_44156,exclude_post,-1,0.6113105377483126
qwen35-9b,g24a_fever_44156,exclude_pre,-1,0.0024480738662493564
qwen35-9b,g24a_fever_45143,admit_post,1,98.13312829076327
qwen35-9b,g24a_fever_45143,admit_pre,1,98.86891943041446
qwen35-9b,g24a_fever_45143,base,1,97.26171308404051
qwen35-9b,g24a_fever_45143,exclude_post,1,97.38481304923098
qwen35-9b,g24a_fever_45143,exclude_pre,1,97.96352413225925
qwen35-9b,g24a_fever_45205,admit_post,-1,0.005965200931744039
qwen35-9b,g24a_fever_45205,admit_pre,-1,0.004183123646137306
qwen35-9b,g24a_fever_45205,base,-1,0.811857466547871
qwen35-9b,g24a_fever_45205,exclude_post,-1,38.074915650241664
qwen35-9b,g24a_fever_45205,exclude_pre,-1,0.004788213621813463
qwen35-9b,g24a_fever_4536,admit_post,1,99.62318524582741
qwen35-9b,g24a_fever_4536,admit_pre,1,99.39255269886863
qwen35-9b,g24a_fever_4536,base,1,99.77019614230065
qwen35-9b,g24a_fever_4536,exclude_post,1,6.289343779566682
qwen35-9b,g24a_fever_4536,exclude_pre,1,99.99170637422456
qwen35-9b,g24a_fever_46483,admit_post,1,99.1175216402564
qwen35-9b,g24a_fever_46483,admit_pre,1,99.99258202219075
qwen35-9b,g24a_fever_46483,base,1,32.266061017997394
qwen35-9b,g24a_fever_46483,exclude_post,1,7.329105644452174
qwen35-9b,g24a_fever_46483,exclude_pre,1,99.27269847810274
qwen35-9b,g24a_fever_47267,admit_post,-1,1.0141833873891641
qwen35-9b,g24a_fever_47267,admit_pre,-1,2.3259859614657015
qwen35-9b,g24a_fever_47267,base,-1,5.556302952999872
qwen35-9b,g24a_fever_47267,exclude_post,-1,2.2799974947655586
qwen35-9b,g24a_fever_47267,exclude_pre,-1,3.2179977454195687
qwen35-9b,g24a_fever_47322,admit_post,-1,16.610385935988305
qwen35-9b,g24a_fever_47322,admit_pre,-1,3.914255254581641
qwen35-9b,g24a_fever_47322,base,-1,8.731986876027754
qwen35-9b,g24a_fever_47322,exclude_post,-1,0.13508951782835338
qwen35-9b,g24a_fever_47322,exclude_pre,-1,0.18721538392039408
qwen35-9b,g24a_fever_4746,admit_post,1,99.86346478516147
qwen35-9b,g24a_fever_4746,admit_pre,1,99.96010542670248
qwen35-9b,g24a_fever_4746,base,1,99.9055320774039
qwen35-9b,g24a_fever_4746,exclude_post,1,8.435165588575666
qwen35-9b,g24a_fever_4746,exclude_pre,1,99.8967033766748
qwen35-9b,g24a_fever_48142,admit_post,1,99.99163204443512
qwen35-9b,g24a_fever_48142,admit_pre,1,99.99065648201221
qwen35-9b,g24a_fever_48142,base,1,99.80185153693353
qwen35-9b,g24a_fever_48142,exclude_post,1,28.85166119504119
qwen35-9b,g24a_fever_48142,exclude_pre,1,99.98764914612234
qwen35-9b,g24a_fever_4824,admit_post,-1,0.09681021261087137
qwen35-9b,g24a_fever_4824,admit_pre,-1,0.0371789732712792
qwen35-9b,g24a_fever_4824,base,-1,0.0010945387948660436
qwen35-9b,g24a_fever_4824,exclude_post,-1,0.31267936950394637
qwen35-9b,g24a_fever_4824,exclude_pre,-1,0.049715475477753894
qwen35-9b,g24a_fever_48377,admit_post,-1,1.1324298274675382
qwen35-9b,g24a_fever_48377,admit_pre,-1,0.042732154529361945
qwen35-9b,g24a_fever_48377,base,-1,0.03216688948526639
qwen35-9b,g24a_fever_48377,exclude_post,-1,0.09075831267940826
qwen35-9b,g24a_fever_48377,exclude_pre,-1,0.14014258187515116
qwen35-9b,g24a_fever_48404,admit_post,-1,0.00859499083359488
qwen35-9b,g24a_fever_48404,admit_pre,-1,0.0029832818755070887
qwen35-9b,g24a_fever_48404,base,-1,0.05319522971846512
qwen35-9b,g24a_fever_48404,exclude_post,-1,0.007770477805249666
qwen35-9b,g24a_fever_48404,exclude_pre,-1,0.005956245517457595
qwen35-9b,g24a_fever_48658,admit_post,1,96.5035305081069
qwen35-9b,g24a_fever_48658,admit_pre,1,96.38399412259261
qwen35-9b,g24a_fever_48658,base,1,93.08442580628648
qwen35-9b,g24a_fever_48658,exclude_post,1,88.27376398954797
qwen35-9b,g24a_fever_48658,exclude_pre,1,98.15028345454476
qwen35-9b,g24a_fever_50406,admit_post,1,98.9947333658228
qwen35-9b,g24a_fever_50406,admit_pre,1,99.99636544613278
qwen35-9b,g24a_fever_50406,base,1,98.92701679333656
qwen35-9b,g24a_fever_50406,exclude_post,1,12.94046016228796
qwen35-9b,g24a_fever_50406,exclude_pre,1,99.11215595667794
qwen35-9b,g24a_fever_51154,admit_post,1,98.12499952394529
qwen35-9b,g24a_fever_51154,admit_pre,1,98.8312791853171
qwen35-9b,g24a_fever_51154,base,1,79.41389602028518
qwen35-9b,g24a_fever_51154,exclude_post,1,16.881248367232047
qwen35-9b,g24a_fever_51154,exclude_pre,1,95.956369191306
qwen35-9b,g24a_fever_51825,admit_post,1,99.92093774050251
qwen35-9b,g24a_fever_51825,admit_pre,1,99.99849280490074
qwen35-9b,g24a_fever_51825,base,1,99.67719069667389
qwen35-9b,g24a_fever_51825,exclude_post,1,29.626340642964756
qwen35-9b,g24a_fever_51825,exclude_pre,1,99.82258355232456
qwen35-9b,g24a_fever_51961,admit_post,-1,0.1662207107036023
qwen35-9b,g24a_fever_51961,admit_pre,-1,0.09042021054774069
qwen35-9b,g24a_fever_51961,base,-1,0.004776612706969837
qwen35-9b,g24a_fever_51961,exclude_post,-1,1.5705973596002778
qwen35-9b,g24a_fever_51961,exclude_pre,-1,0.13726484464607686
qwen35-9b,g24a_fever_52582,admit_post,-1,2.111299281469639
qwen35-9b,g24a_fever_52582,admit_pre,-1,0.8512550632735117
qwen35-9b,g24a_fever_52582,base,-1,19.701401212811465
qwen35-9b,g24a_fever_52582,exclude_post,-1,34.86916610493259
qwen35-9b,g24a_fever_52582,exclude_pre,-1,24.954717339482613
qwen35-9b,g24a_fever_53020,admit_post,1,99.4521065319892
qwen35-9b,g24a_fever_53020,admit_pre,1,99.87591965846089
qwen35-9b,g24a_fever_53020,base,1,96.99887860504253
qwen35-9b,g24a_fever_53020,exclude_post,1,4.287339353476153
qwen35-9b,g24a_fever_53020,exclude_pre,1,99.99003996342134
qwen35-9b,g24a_fever_53266,admit_post,-1,3.1427752117893597
qwen35-9b,g24a_fever_53266,admit_pre,-1,2.0677616766165943
qwen35-9b,g24a_fever_53266,base,-1,52.65904824110058
qwen35-9b,g24a_fever_53266,exclude_post,-1,3.205868389851044
qwen35-9b,g24a_fever_53266,exclude_pre,-1,2.240486639323867
qwen35-9b,g24a_fever_53733,admit_post,1,75.93231520174677
qwen35-9b,g24a_fever_53733,admit_pre,1,78.10831100714971
qwen35-9b,g24a_fever_53733,base,1,98.36218222203651
qwen35-9b,g24a_fever_53733,exclude_post,1,74.22857276027509
qwen35-9b,g24a_fever_53733,exclude_pre,1,98.17051298746483
qwen35-9b,g24a_fever_53792,admit_post,1,99.79721445936131
qwen35-9b,g24a_fever_53792,admit_pre,1,99.94787186092717
qwen35-9b,g24a_fever_53792,base,1,99.745275558088
qwen35-9b,g24a_fever_53792,exclude_post,1,9.747778411171474
qwen35-9b,g24a_fever_53792,exclude_pre,1,99.8635753230997
qwen35-9b,g24a_fever_53832,admit_post,1,99.46909510956303
qwen35-9b,g24a_fever_53832,admit_pre,1,99.96911450247441
qwen35-9b,g24a_fever_53832,base,1,99.14242263818504
qwen35-9b,g24a_fever_53832,exclude_post,1,6.460042471066474
qwen35-9b,g24a_fever_53832,exclude_pre,1,99.95742320483164
qwen35-9b,g24a_fever_5420,admit_post,1,98.72686444896591
qwen35-9b,g24a_fever_5420,admit_pre,1,99.11436306044023
qwen35-9b,g24a_fever_5420,base,1,89.830312397994
qwen35-9b,g24a_fever_5420,exclude_post,1,4.148327277967474
qwen35-9b,g24a_fever_5420,exclude_pre,1,99.08602289115416
qwen35-9b,g24a_fever_54679,admit_post,1,99.61958091641704
qwen35-9b,g24a_fever_54679,admit_pre,1,99.85769554514644
qwen35-9b,g24a_fever_54679,base,1,99.06740136043375
qwen35-9b,g24a_fever_54679,exclude_post,1,35.47590936592355
qwen35-9b,g24a_fever_54679,exclude_pre,1,99.62300133989775
qwen35-9b,g24a_fever_55468,admit_post,1,97.84834760431482
qwen35-9b,g24a_fever_55468,admit_pre,1,99.03364362537341
qwen35-9b,g24a_fever_55468,base,1,0.6970873805499407
qwen35-9b,g24a_fever_55468,exclude_post,1,97.98004830965026
qwen35-9b,g24a_fever_55468,exclude_pre,1,99.92848445133836
qwen35-9b,g24a_fever_5560,admit_post,1,99.10641899040124
qwen35-9b,g24a_fever_5560,admit_pre,1,99.57137099238255
qwen35-9b,g24a_fever_5560,base,1,98.868071922938
qwen35-9b,g24a_fever_5560,exclude_post,1,17.716132934778013
qwen35-9b,g24a_fever_5560,exclude_pre,1,99.40695460333002
qwen35-9b,g24a_fever_5574,admit_post,1,99.84040211639062
qwen35-9b,g24a_fever_5574,admit_pre,1,99.94748855395162
qwen35-9b,g24a_fever_5574,base,1,99.77005123238553
qwen35-9b,g24a_fever_5574,exclude_post,1,30.79475396151048
qwen35-9b,g24a_fever_5574,exclude_pre,1,99.98609944710537
qwen35-9b,g24a_fever_56051,admit_post,-1,0.007327334089267074
qwen35-9b,g24a_fever_56051,admit_pre,-1,0.003926218010084442
qwen35-9b,g24a_fever_56051,base,-1,4.220679110168979
qwen35-9b,g24a_fever_56051,exclude_post,-1,2.4577590388778834
qwen35-9b,g24a_fever_56051,exclude_pre,-1,0.006053278831432424
qwen35-9b,g24a_fever_56182,admit_post,1,99.4685905501357
qwen35-9b,g24a_fever_56182,admit_pre,1,99.84643174887151
qwen35-9b,g24a_fever_56182,base,1,98.4438117354995
qwen35-9b,g24a_fever_56182,exclude_post,1,97.76972476112502
qwen35-9b,g24a_fever_56182,exclude_pre,1,99.7968685420009
qwen35-9b,g24a_fever_57842,admit_post,1,99.30238205149642
qwen35-9b,g24a_fever_57842,admit_pre,1,99.74571187338937
qwen35-9b,g24a_fever_57842,base,1,98.5389242469625
qwen35-9b,g24a_fever_57842,exclude_post,1,32.65263865238865
qwen35-9b,g24a_fever_57842,exclude_pre,1,99.25275464654341
qwen35-9b,g24a_fever_57941,admit_post,-1,0.44150221286001323
qwen35-9b,g24a_fever_57941,admit_pre,-1,0.2476770820459836
qwen35-9b,g24a_fever_57941,base,-1,1.5729887535284128
qwen35-9b,g24a_fever_57941,exclude_post,-1,4.721286309184256
qwen35-9b,g24a_fever_57941,exclude_pre,-1,0.9071639886941506
qwen35-9b,g24a_fever_58175,admit_post,1,99.4587592498397
qwen35-9b,g24a_fever_58175,admit_pre,1,99.57551273477847
qwen35-9b,g24a_fever_58175,base,1,99.72825678476747
qwen35-9b,g24a_fever_58175,exclude_post,1,99.98504790411036
qwen35-9b,g24a_fever_58175,exclude_pre,1,99.26838552688997
qwen35-9b,g24a_fever_58896,admit_post,1,99.86041868870821
qwen35-9b,g24a_fever_58896,admit_pre,1,99.87422343010118
qwen35-9b,g24a_fever_58896,base,1,98.99585880461058
qwen35-9b,g24a_fever_58896,exclude_post,1,6.1598211614677565
qwen35-9b,g24a_fever_58896,exclude_pre,1,99.74400279551816
qwen35-9b,g24a_fever_59603,admit_post,-1,12.00075935171567
qwen35-9b,g24a_fever_59603,admit_pre,-1,13.374599747339097
qwen35-9b,g24a_fever_59603,base,-1,4.2866451524474645
qwen35-9b,g24a_fever_59603,exclude_post,-1,16.39839769827289
qwen35-9b,g24a_fever_59603,exclude_pre,-1,21.248054837785286
qwen35-9b,g24a_fever_59966,admit_post,-1,0.00640806092921194
qwen35-9b,g24a_fever_59966,admit_pre,-1,3.9065371171923786
qwen35-9b,g24a_fever_59966,base,-1,6.710731797290705
qwen35-9b,g24a_fever_59966,exclude_post,-1,43.14147179405898
qwen35-9b,g24a_fever_59966,exclude_pre,-1,3.536236244560156
qwen35-9b,g24a_fever_61695,admit_post,-1,1.563873716994076
qwen35-9b,g24a_fever_61695,admit_pre,-1,1.8585983002077144
qwen35-9b,g24a_fever_61695,base,-1,0.8027689454089812
qwen35-9b,g24a_fever_61695,exclude_post,-1,98.80981499226111
qwen35-9b,g24a_fever_61695,exclude_pre,-1,98.14953614121764
qwen35-9b,g24a_fever_62053,admit_post,1,99.99324907033012
qwen35-9b,g24a_fever_62053,admit_pre,1,99.9962703657921
qwen35-9b,g24a_fever_62053,base,1,99.72088099144281
qwen35-9b,g24a_fever_62053,exclude_post,1,28.68598443339525
qwen35-9b,g24a_fever_62053,exclude_pre,1,99.99376355199547
qwen35-9b,g24a_fever_62355,admit_post,-1,0.36907127106896076
qwen35-9b,g24a_fever_62355,admit_pre,-1,0.2856830643074747
qwen35-9b,g24a_fever_62355,base,-1,3.705083086521185
qwen35-9b,g24a_fever_62355,exclude_post,-1,1.119565500467032
qwen35-9b,g24a_fever_62355,exclude_pre,-1,0.289521933993484
qwen35-9b,g24a_fever_631,admit_post,-1,4.063938290754565
qwen35-9b,g24a_fever_631,admit_pre,-1,12.166805632000692
qwen35-9b,g24a_fever_631,base,-1,1.5283136001704691
qwen35-9b,g24a_fever_631,exclude_post,-1,1.7900882245274505
qwen35-9b,g24a_fever_631,exclude_pre,-1,0.7308442654961157
qwen35-9b,g24a_fever_63521,admit_post,1,98.89049151395453
qwen35-9b,g24a_fever_63521,admit_pre,1,99.22095940281648
qwen35-9b,g24a_fever_63521,base,1,99.0732424455412
qwen35-9b,g24a_fever_63521,exclude_post,1,99.9807613974444
qwen35-9b,g24a_fever_63521,exclude_pre,1,99.98141199747954
qwen35-9b,g24a_fever_64561,admit_post,-1,0.7562376338851824
qwen35-9b,g24a_fever_64561,admit_pre,-1,0.9618088783262765
qwen35-9b,g24a_fever_64561,base,-1,3.745398793186027
qwen35-9b,g24a_fever_64561,exclude_post,-1,0.01513802096799118
qwen35-9b,g24a_fever_64561,exclude_pre,-1,0.808935036078732
qwen35-9b,g24a_fever_65497,admit_post,1,99.22841621418118
qwen35-9b,g24a_fever_65497,admit_pre,1,99.6287361202004
qwen35-9b,g24a_fever_65497,base,1,12.319289347930383
qwen35-9b,g24a_fever_65497,exclude_post,1,1.9608667796300026
qwen35-9b,g24a_fever_65497,exclude_pre,1,6.95587564710958
qwen35-9b,g24a_fever_66046,admit_post,1,16.195370657904263
qwen35-9b,g24a_fever_66046,admit_pre,1,13.311881816262076
qwen35-9b,g24a_fever_66046,base,1,99.35363926647051
qwen35-9b,g24a_fever_66046,exclude_post,1,30.244589327574708
qwen35-9b,g24a_fever_66046,exclude_pre,1,17.44108480179511
qwen35-9b,g24a_fever_66059,admit_post,1,99.39272414471759
qwen35-9b,g24a_fever_66059,admit_pre,1,99.67392895808173
qwen35-9b,g24a_fever_66059,base,1,98.9730808277496
qwen35-9b,g24a_fever_66059,exclude_post,1,10.028163680536657
qwen35-9b,g24a_fever_66059,exclude_pre,1,99.7510047084961
qwen35-9b,g24a_fever_67876,admit_post,-1,0.10947747351616527
qwen35-9b,g24a_fever_67876,admit_pre,-1,0.0948270155425373
qwen35-9b,g24a_fever_67876,base,-1,1.3532902869646464
qwen35-9b,g24a_fever_67876,exclude_post,-1,0.1395077893522717
qwen35-9b,g24a_fever_67876,exclude_pre,-1,0.18782773411045559
qwen35-9b,g24a_fever_68929,admit_post,-1,2.2249197327629915
qwen35-9b,g24a_fever_68929,admit_pre,-1,1.9500477407156853
qwen35-9b,g24a_fever_68929,base,-1,0.5513105578548054
qwen35-9b,g24a_fever_68929,exclude_post,-1,0.008533644516517499
qwen35-9b,g24a_fever_68929,exclude_pre,-1,0.010004419100161354
qwen35-9b,g24a_fever_69030,admit_post,1,98.42841956285524
qwen35-9b,g24a_fever_69030,admit_pre,1,99.13516755810642
qwen35-9b,g24a_fever_69030,base,1,21.083069789489382
qwen35-9b,g24a_fever_69030,exclude_post,1,16.474198665218854
qwen35-9b,g24a_fever_69030,exclude_pre,1,98.96908160185721
qwen35-9b,g24a_fever_69798,admit_post,-1,0.03202571036115614
qwen35-9b,g24a_fever_69798,admit_pre,-1,0.03822061666669283
qwen35-9b,g24a_fever_69798,base,-1,0.3098052244595569
qwen35-9b,g24a_fever_69798,exclude_post,-1,0.9825208795921364
qwen35-9b,g24a_fever_69798,exclude_pre,-1,0.054793972136626685
qwen35-9b,g24a_fever_70604,admit_post,1,99.00376698180749
qwen35-9b,g24a_fever_70604,admit_pre,1,99.45801570779511
qwen35-9b,g24a_fever_70604,base,1,98.9840900727101
qwen35-9b,g24a_fever_70604,exclude_post,1,94.72373265480311
qwen35-9b,g24a_fever_70604,exclude_pre,1,99.45804996960997
qwen35-9b,g24a_fever_73113,admit_post,-1,0.26026706124565246
qwen35-9b,g24a_fever_73113,admit_pre,-1,0.11528994254272378
qwen35-9b,g24a_fever_73113,base,-1,0.002482326845220828
qwen35-9b,g24a_fever_73113,exclude_post,-1,0.7047492056052282
qwen35-9b,g24a_fever_73113,exclude_pre,-1,0.18960059652568975
qwen35-9b,g24a_fever_73372,admit_post,1,99.70206680513883
qwen35-9b,g24a_fever_73372,admit_pre,1,98.97796645054419
qwen35-9b,g24a_fever_73372,base,1,99.61645814698919
qwen35-9b,g24a_fever_73372,exclude_post,1,33.9333579304359
qwen35-9b,g24a_fever_73372,exclude_pre,1,99.9841022997262
qwen35-9b,g24a_fever_74188,admit_post,-1,3.9635007202487347
qwen35-9b,g24a_fever_74188,admit_pre,-1,5.283429615330121
qwen35-9b,g24a_fever_74188,base,-1,0.10033861946670038
qwen35-9b,g24a_fever_74188,exclude_post,-1,4.2823920739253
qwen35-9b,g24a_fever_74188,exclude_pre,-1,6.21342485010645
qwen35-9b,g24a_fever_7419,admit_post,1,99.31516200159551
qwen35-9b,g24a_fever_7419,admit_pre,1,98.74294280495185
qwen35-9b,g24a_fever_7419,base,1,99.22054253790421
qwen35-9b,g24a_fever_7419,exclude_post,1,98.42634622824667
qwen35-9b,g24a_fever_7419,exclude_pre,1,99.43336295636385
qwen35-9b,g24a_fever_74645,admit_post,-1,3.9522772676383986
qwen35-9b,g24a_fever_74645,admit_pre,-1,3.367676422820558
qwen35-9b,g24a_fever_74645,base,-1,0.2703254662499217
qwen35-9b,g24a_fever_74645,exclude_post,-1,2.182129135819709
qwen35-9b,g24a_fever_74645,exclude_pre,-1,0.002008825512343713
qwen35-9b,g24a_fever_74961,admit_post,1,99.52546626639554
qwen35-9b,g24a_fever_74961,admit_pre,1,99.79774103064861
qwen35-9b,g24a_fever_74961,base,1,99.10869100251858
qwen35-9b,g24a_fever_74961,exclude_post,1,5.901701866293615
qwen35-9b,g24a_fever_74961,exclude_pre,1,99.78343292991448
qwen35-9b,g24a_fever_75393,admit_post,-1,0.016787272640385393
qwen35-9b,g24a_fever_75393,admit_pre,-1,0.40554367939731945
qwen35-9b,g24a_fever_75393,base,-1,1.473988835257592
qwen35-9b,g24a_fever_75393,exclude_post,-1,19.12834550051245
qwen35-9b,g24a_fever_75393,exclude_pre,-1,14.448664471512744
qwen35-9b,g24a_fever_75621,admit_post,-1,0.6726500837123104
qwen35-9b,g24a_fever_75621,admit_pre,-1,0.508479405905355
qwen35-9b,g24a_fever_75621,base,-1,0.6958889242231011
qwen35-9b,g24a_fever_75621,exclude_post,-1,0.5392477820783397
qwen35-9b,g24a_fever_75621,exclude_pre,-1,0.5278035300692075
qwen35-9b,g24a_fever_75922,admit_post,1,52.98225159199105
qwen35-9b,g24a_fever_75922,admit_pre,1,48.159961203951816
qwen35-9b,g24a_fever_75922,base,1,87.92576918069561
qwen35-9b,g24a_fever_75922,exclude_post,1,95.5900660626244
qwen35-9b,g24a_fever_75922,exclude_pre,1,54.11747352757301
qwen35-9b,g24a_fever_76097,admit_post,-1,0.07333646729938864
qwen35-9b,g24a_fever_76097,admit_pre,-1,0.09973325202753108
qwen35-9b,g24a_fever_76097,base,-1,2.106045065808048
qwen35-9b,g24a_fever_76097,exclude_post,-1,13.702715447490577
qwen35-9b,g24a_fever_76097,exclude_pre,-1,0.057158512317748565
qwen35-9b,g24a_fever_77834,admit_post,1,99.62713296010288
qwen35-9b,g24a_fever_77834,admit_pre,1,99.77557027236209
qwen35-9b,g24a_fever_77834,base,1,0.002563796447421512
qwen35-9b,g24a_fever_77834,exclude_post,1,3.753814174324179
qwen35-9b,g24a_fever_77834,exclude_pre,1,99.68573160436
qwen35-9b,g24a_fever_78683,admit_post,1,99.87721937479357
qwen35-9b,g24a_fever_78683,admit_pre,1,99.94029784107619
qwen35-9b,g24a_fever_78683,base,1,99.81028744564226
qwen35-9b,g24a_fever_78683,exclude_post,1,8.245412910872746
qwen35-9b,g24a_fever_78683,exclude_pre,1,99.91060333665135
qwen35-9b,g24a_fever_79437,admit_post,1,99.21555261824102
qwen35-9b,g24a_fever_79437,admit_pre,1,99.57176619215157
qwen35-9b,g24a_fever_79437,base,1,97.77838383147704
qwen35-9b,g24a_fever_79437,exclude_post,1,6.4161413432918915
qwen35-9b,g24a_fever_79437,exclude_pre,1,99.3044654780902
qwen35-9b,g24a_fever_80075,admit_post,1,98.10882040542121
qwen35-9b,g24a_fever_80075,admit_pre,1,98.96106035934211
qwen35-9b,g24a_fever_80075,base,1,99.29222823174027
qwen35-9b,g24a_fever_80075,exclude_post,1,38.85117241890353
qwen35-9b,g24a_fever_80075,exclude_pre,1,99.41002770028692
qwen35-9b,g24a_fever_81029,admit_post,1,99.89189168923583
qwen35-9b,g24a_fever_81029,admit_pre,1,99.85431553113764
qwen35-9b,g24a_fever_81029,base,1,2.7271340724256246
qwen35-9b,g24a_fever_81029,exclude_post,1,99.98687159852568
qwen35-9b,g24a_fever_81029,exclude_pre,1,99.96653487959465
qwen35-9b,g24a_fever_81046,admit_post,1,98.88166101979186
qwen35-9b,g24a_fever_81046,admit_pre,1,99.46431100498789
qwen35-9b,g24a_fever_81046,base,1,99.50356770854083
qwen35-9b,g24a_fever_81046,exclude_post,1,96.48835961427397
qwen35-9b,g24a_fever_81046,exclude_pre,1,99.98599098465598
qwen35-9b,g24a_fever_82602,admit_post,-1,0.006025753253896577
qwen35-9b,g24a_fever_82602,admit_pre,-1,0.0034500013164813037
qwen35-9b,g24a_fever_82602,base,-1,13.171310910961518
qwen35-9b,g24a_fever_82602,exclude_post,-1,39.03061988306055
qwen35-9b,g24a_fever_82602,exclude_pre,-1,0.0030334828595048203
qwen35-9b,g24a_fever_83880,admit_post,-1,0.02624458057089392
qwen35-9b,g24a_fever_83880,admit_pre,-1,0.01351486278734453
qwen35-9b,g24a_fever_83880,base,-1,0.19322878487550973
qwen35-9b,g24a_fever_83880,exclude_post,-1,0.7528788768376733
qwen35-9b,g24a_fever_83880,exclude_pre,-1,0.02445459776125569
qwen35-9b,g24a_fever_84274,admit_post,-1,0.0027170225187727534
qwen35-9b,g24a_fever_84274,admit_pre,-1,0.0019192353536889087
qwen35-9b,g24a_fever_84274,base,-1,0.423168680107563
qwen35-9b,g24a_fever_84274,exclude_post,-1,0.299539086514355
qwen35-9b,g24a_fever_84274,exclude_pre,-1,0.0017003242805505429
qwen35-9b,g24a_fever_84775,admit_post,-1,0.457402610789623
qwen35-9b,g24a_fever_84775,admit_pre,-1,0.003098952488830251
qwen35-9b,g24a_fever_84775,base,-1,0.08320382996137331
qwen35-9b,g24a_fever_84775,exclude_post,-1,1.8596398215385577
qwen35-9b,g24a_fever_84775,exclude_pre,-1,0.0035461698804686113
qwen35-9b,g24a_fever_84970,admit_post,1,99.87570293579893
qwen35-9b,g24a_fever_84970,admit_pre,1,99.97174327930723
qwen35-9b,g24a_fever_84970,base,1,99.85482209771082
qwen35-9b,g24a_fever_84970,exclude_post,1,2.775733511705325
qwen35-9b,g24a_fever_84970,exclude_pre,1,99.80663043057147
qwen35-9b,g24a_fever_88150,admit_post,1,99.99568813878545
qwen35-9b,g24a_fever_88150,admit_pre,1,99.77733174951153
qwen35-9b,g24a_fever_88150,base,1,99.85339546378813
qwen35-9b,g24a_fever_88150,exclude_post,1,97.78862504599282
qwen35-9b,g24a_fever_88150,exclude_pre,1,99.99567776270231
qwen35-9b,g24a_fever_88251,admit_post,-1,0.06860368727833913
qwen35-9b,g24a_fever_88251,admit_pre,-1,0.04515686917665397
qwen35-9b,g24a_fever_88251,base,-1,1.0166409801651253
qwen35-9b,g24a_fever_88251,exclude_post,-1,37.42376808871397
qwen35-9b,g24a_fever_88251,exclude_pre,-1,0.07839420800717731
qwen35-9b,g24a_fever_89213,admit_post,-1,96.53628994900103
qwen35-9b,g24a_fever_89213,admit_pre,-1,96.32849234568431
qwen35-9b,g24a_fever_89213,base,-1,99.41806375415973
qwen35-9b,g24a_fever_89213,exclude_post,-1,32.658872604097446
qwen35-9b,g24a_fever_89213,exclude_pre,-1,71.2859464299314
qwen35-9b,g24a_fever_89681,admit_post,-1,0.03342548709586105
qwen35-9b,g24a_fever_89681,admit_pre,-1,0.024262101800939503
qwen35-9b,g24a_fever_89681,base,-1,0.2982697557050093
qwen35-9b,g24a_fever_89681,exclude_post,-1,41.95835534888004
qwen35-9b,g24a_fever_89681,exclude_pre,-1,0.022830630618054855
qwen35-9b,g24a_fever_89771,admit_post,1,98.73717242197966
qwen35-9b,g24a_fever_89771,admit_pre,1,98.72661081246696
qwen35-9b,g24a_fever_89771,base,1,5.3964221227680085
qwen35-9b,g24a_fever_89771,exclude_post,1,36.78728796407568
qwen35-9b,g24a_fever_89771,exclude_pre,1,98.75697439296022
qwen35-9b,g24a_fever_90446,admit_post,-1,0.007504271817961315
qwen35-9b,g24a_fever_90446,admit_pre,-1,0.004318993463873104
qwen35-9b,g24a_fever_90446,base,-1,0.15590420483171127
qwen35-9b,g24a_fever_90446,exclude_post,-1,0.33742029101637977
qwen35-9b,g24a_fever_90446,exclude_pre,-1,0.0031362211572949013
qwen35-9b,g24a_fever_91599,admit_post,1,99.7092393085173
qwen35-9b,g24a_fever_91599,admit_pre,1,99.99663466307435
qwen35-9b,g24a_fever_91599,base,1,99.92659888267202
qwen35-9b,g24a_fever_91599,exclude_post,1,99.93412630971079
qwen35-9b,g24a_fever_91599,exclude_pre,1,99.99115697655812
qwen35-9b,g24a_fever_91767,admit_post,-1,0.07896399025363714
qwen35-9b,g24a_fever_91767,admit_pre,-1,0.13863599561907958
qwen35-9b,g24a_fever_91767,base,-1,1.702478482002047
qwen35-9b,g24a_fever_91767,exclude_post,-1,12.317340675598667
qwen35-9b,g24a_fever_91767,exclude_pre,-1,0.19904491873666597
qwen35-9b,g24a_fever_91973,admit_post,-1,0.01049322322419848
qwen35-9b,g24a_fever_91973,admit_pre,-1,1.090560749042326
qwen35-9b,g24a_fever_91973,base,-1,0.5081127689062557
qwen35-9b,g24a_fever_91973,exclude_post,-1,0.01506687466926999
qwen35-9b,g24a_fever_91973,exclude_pre,-1,0.006727323177757951
qwen35-9b,g24a_fever_92374,admit_post,1,99.22739205188788
qwen35-9b,g24a_fever_92374,admit_pre,1,99.62590489113623
qwen35-9b,g24a_fever_92374,base,1,99.53148419291702
qwen35-9b,g24a_fever_92374,exclude_post,1,33.53094376123266
qwen35-9b,g24a_fever_92374,exclude_pre,1,99.64204042181035
qwen35-9b,g24a_fever_92430,admit_post,-1,0.08610533076278339
qwen35-9b,g24a_fever_92430,admit_pre,-1,0.04356797912515173
qwen35-9b,g24a_fever_92430,base,-1,0.05597344231539687
qwen35-9b,g24a_fever_92430,exclude_post,-1,0.5295756712499688
qwen35-9b,g24a_fever_92430,exclude_pre,-1,0.059473953902057945
qwen35-9b,g24a_fever_93018,admit_post,-1,0.027620248433163005
qwen35-9b,g24a_fever_93018,admit_pre,-1,0.02069888548910799
qwen35-9b,g24a_fever_93018,base,-1,0.8255281457072098
qwen35-9b,g24a_fever_93018,exclude_post,-1,3.1576292708818254
qwen35-9b,g24a_fever_93018,exclude_pre,-1,0.015861312610200434
qwen35-9b,g24a_fever_93646,admit_post,-1,98.19856998360606
qwen35-9b,g24a_fever_93646,admit_pre,-1,99.26048974249346
qwen35-9b,g24a_fever_93646,base,-1,3.950765871937054
qwen35-9b,g24a_fever_93646,exclude_post,-1,2.3268269282351204
qwen35-9b,g24a_fever_93646,exclude_pre,-1,98.95247935106534
qwen35-9b,g24a_fever_93855,admit_post,-1,1.022250118232349
qwen35-9b,g24a_fever_93855,admit_pre,-1,2.382324751242889
qwen35-9b,g24a_fever_93855,base,-1,99.5471726523529
qwen35-9b,g24a_fever_93855,exclude_post,-1,2.540913082836163
qwen35-9b,g24a_fever_93855,exclude_pre,-1,1.2728401084806253
qwen35-9b,g24a_fever_94500,admit_post,1,99.98814111492206
qwen35-9b,g24a_fever_94500,admit_pre,1,99.25573898231892
qwen35-9b,g24a_fever_94500,base,1,99.11381757715397
qwen35-9b,g24a_fever_94500,exclude_post,1,31.228335463051664
qwen35-9b,g24a_fever_94500,exclude_pre,1,99.98244450407496
qwen35-9b,g24a_fever_94918,admit_post,-1,0.22681249435679682
qwen35-9b,g24a_fever_94918,admit_pre,-1,0.1235275348870807
qwen35-9b,g24a_fever_94918,base,-1,0.0034816261581773426
qwen35-9b,g24a_fever_94918,exclude_post,-1,0.011217647681179574
qwen35-9b,g24a_fever_94918,exclude_pre,-1,0.13304542666345032
qwen35-9b,g24a_fever_95056,admit_post,1,98.52368599656585
qwen35-9b,g24a_fever_95056,admit_pre,1,99.07051674926741
qwen35-9b,g24a_fever_95056,base,1,78.44322654972422
qwen35-9b,g24a_fever_95056,exclude_post,1,3.423813485030534
qwen35-9b,g24a_fever_95056,exclude_pre,1,98.58463766284908
qwen35-9b,g24a_fever_9532,admit_post,1,98.17719436547111
qwen35-9b,g24a_fever_9532,admit_pre,1,98.5693186818601
qwen35-9b,g24a_fever_9532,base,1,98.9217030996756
qwen35-9b,g24a_fever_9532,exclude_post,1,4.306248234742854
qwen35-9b,g24a_fever_9532,exclude_pre,1,99.99060346628053
qwen35-9b,g24a_fever_9533,admit_post,1,99.01034880361766
qwen35-9b,g24a_fever_9533,admit_pre,1,98.99940721050133
qwen35-9b,g24a_fever_9533,base,1,99.57065611646645
qwen35-9b,g24a_fever_9533,exclude_post,1,6.760800963961289
qwen35-9b,g24a_fever_9533,exclude_pre,1,98.82790836107773
qwen35-9b,g24a_fever_95518,admit_post,-1,0.07084405444263553
qwen35-9b,g24a_fever_95518,admit_pre,-1,0.05292827350859543
qwen35-9b,g24a_fever_95518,base,-1,0.07038988150120963
qwen35-9b,g24a_fever_95518,exclude_post,-1,0.08997089676376342
qwen35-9b,g24a_fever_95518,exclude_pre,-1,0.10942315222782478
qwen35-9b,g24a_fever_96576,admit_post,1,99.36476647189373
qwen35-9b,g24a_fever_96576,admit_pre,1,99.45445629122338
qwen35-9b,g24a_fever_96576,base,1,97.86935546579531
qwen35-9b,g24a_fever_96576,exclude_post,1,35.77318272793789
qwen35-9b,g24a_fever_96576,exclude_pre,1,99.07794494368257
qwen35-9b,g24a_fever_9762,admit_post,1,99.5228690141456
qwen35-9b,g24a_fever_9762,admit_pre,1,99.85299181519605
qwen35-9b,g24a_fever_9762,base,1,99.53986335886174
qwen35-9b,g24a_fever_9762,exclude_post,1,7.517283563410883
qwen35-9b,g24a_fever_9762,exclude_pre,1,99.76762985910322
qwen35-9b,g24a_fever_97886,admit_post,-1,0.017939749547375844
qwen35-9b,g24a_fever_97886,admit_pre,-1,0.007225808566501788
qwen35-9b,g24a_fever_97886,base,-1,0.07086047223032269
qwen35-9b,g24a_fever_97886,exclude_post,-1,0.8535212591145974
qwen35-9b,g24a_fever_97886,exclude_pre,-1,4.521613927541712
qwen35-9b,g24a_fever_98810,admit_post,1,98.70986542803331
qwen35-9b,g24a_fever_98810,admit_pre,1,60.223953938944724
qwen35-9b,g24a_fever_98810,base,1,98.92413532128282
qwen35-9b,g24a_fever_98810,exclude_post,1,18.592381275783154
qwen35-9b,g24a_fever_98810,exclude_pre,1,94.57992860890698
qwen35-9b,g24a_fever_99060,admit_post,-1,0.1032500003133281
qwen35-9b,g24a_fever_99060,admit_pre,-1,0.16025905610378346
qwen35-9b,g24a_fever_99060,base,-1,0.9717869581770291
qwen35-9b,g24a_fever_99060,exclude_post,-1,32.482490569519804
qwen35-9b,g24a_fever_99060,exclude_pre,-1,0.04722335342330822
qwen35-9b,g24a_scifact_1015,admit_post,1,99.1537766763267
qwen35-9b,g24a_scifact_1015,admit_pre,1,98.35330730475432
qwen35-9b,g24a_scifact_1015,base,1,98.5952394089569
qwen35-9b,g24a_scifact_1015,exclude_post,1,9.941051144281776
qwen35-9b,g24a_scifact_1015,exclude_pre,1,98.83906951611141
qwen35-9b,g24a_scifact_1018,admit_post,1,99.21514287787653
qwen35-9b,g24a_scifact_1018,admit_pre,1,99.47210930100569
qwen35-9b,g24a_scifact_1018,base,1,81.73318094391414
qwen35-9b,g24a_scifact_1018,exclude_post,1,18.27363674675385
qwen35-9b,g24a_scifact_1018,exclude_pre,1,98.91395645481599
qwen35-9b,g24a_scifact_1042,admit_post,-1,76.084193663245
qwen35-9b,g24a_scifact_1042,admit_pre,-1,95.997918375228
qwen35-9b,g24a_scifact_1042,base,-1,14.940519594693363
qwen35-9b,g24a_scifact_1042,exclude_post,-1,12.69297947763054
qwen35-9b,g24a_scifact_1042,exclude_pre,-1,96.6691201780349
qwen35-9b,g24a_scifact_1043,admit_post,1,99.55639344720119
qwen35-9b,g24a_scifact_1043,admit_pre,1,99.3478295777438
qwen35-9b,g24a_scifact_1043,base,1,78.72301777160217
qwen35-9b,g24a_scifact_1043,exclude_post,1,2.159222727317752
qwen35-9b,g24a_scifact_1043,exclude_pre,1,7.60905197899457
qwen35-9b,g24a_scifact_1044,admit_post,1,99.42687081595017
qwen35-9b,g24a_scifact_1044,admit_pre,1,99.49776962005893
qwen35-9b,g24a_scifact_1044,base,1,92.53200764968392
qwen35-9b,g24a_scifact_1044,exclude_post,1,6.237609437170095
qwen35-9b,g24a_scifact_1044,exclude_pre,1,99.223139393765
qwen35-9b,g24a_scifact_1050,admit_post,-1,0.07983601032721709
qwen35-9b,g24a_scifact_1050,admit_pre,-1,0.08933917217088884
qwen35-9b,g24a_scifact_1050,base,-1,5.901981794472011
qwen35-9b,g24a_scifact_1050,exclude_post,-1,5.746058615693591
qwen35-9b,g24a_scifact_1050,exclude_pre,-1,0.2542519275783296
qwen35-9b,g24a_scifact_1062,admit_post,1,98.2617216874695
qwen35-9b,g24a_scifact_1062,admit_pre,1,98.51993195372506
qwen35-9b,g24a_scifact_1062,base,1,90.89256526509928
qwen35-9b,g24a_scifact_1062,exclude_post,1,19.195563706069308
qwen35-9b,g24a_scifact_1062,exclude_pre,1,98.21491947148631
qwen35-9b,g24a_scifact_1069,admit_post,1,99.04141038345118
qwen35-9b,g24a_scifact_1069,admit_pre,1,99.52330793039
qwen35-9b,g24a_scifact_1069,base,1,86.75512915478453
qwen35-9b,g24a_scifact_1069,exclude_post,1,11.167373068611212
qwen35-9b,g24a_scifact_1069,exclude_pre,1,6.4591856494281625
qwen35-9b,g24a_scifact_1086,admit_post,1,98.77858452743615
qwen35-9b,g24a_scifact_1086,admit_pre,1,99.11944239121851
qwen35-9b,g24a_scifact_1086,base,1,90.4874850240213
qwen35-9b,g24a_scifact_1086,exclude_post,1,3.7940245093270693
qwen35-9b,g24a_scifact_1086,exclude_pre,1,98.54089677910366
qwen35-9b,g24a_scifact_1087,admit_post,-1,0.057915477242869016
qwen35-9b,g24a_scifact_1087,admit_pre,-1,0.045232051078964976
qwen35-9b,g24a_scifact_1087,base,-1,8.341452609918257
qwen35-9b,g24a_scifact_1087,exclude_post,-1,7.16469494816011
qwen35-9b,g24a_scifact_1087,exclude_pre,-1,0.03970836444997991
qwen35-9b,g24a_scifact_1088,admit_post,-1,98.93283623722738
qwen35-9b,g24a_scifact_1088,admit_pre,-1,99.25138844043789
qwen35-9b,g24a_scifact_1088,base,-1,4.988325434329235
qwen35-9b,g24a_scifact_1088,exclude_post,-1,4.185574124680356
qwen35-9b,g24a_scifact_1088,exclude_pre,-1,98.71116128065995
qwen35-9b,g24a_scifact_1101,admit_post,-1,0.021666936099328595
qwen35-9b,g24a_scifact_1101,admit_pre,-1,1.565674130457551
qwen35-9b,g24a_scifact_1101,base,-1,13.31199932975057
qwen35-9b,g24a_scifact_1101,exclude_post,-1,42.48235795501834
qwen35-9b,g24a_scifact_1101,exclude_pre,-1,0.025683490278236586
qwen35-9b,g24a_scifact_1102,admit_post,1,98.59910714401573
qwen35-9b,g24a_scifact_1102,admit_pre,1,98.85448298128645
qwen35-9b,g24a_scifact_1102,base,1,12.065287699264086
qwen35-9b,g24a_scifact_1102,exclude_post,1,5.682621654852389
qwen35-9b,g24a_scifact_1102,exclude_pre,1,98.54249418546459
qwen35-9b,g24a_scifact_1107,admit_post,1,97.07105475037116
qwen35-9b,g24a_scifact_1107,admit_pre,1,98.99282386886095
qwen35-9b,g24a_scifact_1107,base,1,51.54731531185352
qwen35-9b,g24a_scifact_1107,exclude_post,1,28.569657523240025
qwen35-9b,g24a_scifact_1107,exclude_pre,1,43.46245384674003
qwen35-9b,g24a_scifact_1110,admit_post,-1,10.285803731106245
qwen35-9b,g24a_scifact_1110,admit_pre,-1,11.128619143899167
qwen35-9b,g24a_scifact_1110,base,-1,2.1271376351788867
qwen35-9b,g24a_scifact_1110,exclude_post,-1,0.014097359709653364
qwen35-9b,g24a_scifact_1110,exclude_pre,-1,0.1224826903867264
qwen35-9b,g24a_scifact_1121,admit_post,1,97.92282163220635
qwen35-9b,g24a_scifact_1121,admit_pre,1,99.37680776627678
qwen35-9b,g24a_scifact_1121,base,1,99.28251283089519
qwen35-9b,g24a_scifact_1121,exclude_post,1,2.819966818174324
qwen35-9b,g24a_scifact_1121,exclude_pre,1,98.71355800828275
qwen35-9b,g24a_scifact_1127,admit_post,1,99.20980444344148
qwen35-9b,g24a_scifact_1127,admit_pre,1,99.57526096577705
qwen35-9b,g24a_scifact_1127,base,1,99.5204400828326
qwen35-9b,g24a_scifact_1127,exclude_post,1,15.817029058059765
qwen35-9b,g24a_scifact_1127,exclude_pre,1,99.1116608837186
qwen35-9b,g24a_scifact_1128,admit_post,1,99.29300632884309
qwen35-9b,g24a_scifact_1128,admit_pre,1,99.67145379477694
qwen35-9b,g24a_scifact_1128,base,1,98.98063969042806
qwen35-9b,g24a_scifact_1128,exclude_post,1,31.826941419665136
qwen35-9b,g24a_scifact_1128,exclude_pre,1,87.92605662876697
qwen35-9b,g24a_scifact_1130,admit_post,-1,0.008509722054989944
qwen35-9b,g24a_scifact_1130,admit_pre,-1,0.005289086436730439
qwen35-9b,g24a_scifact_1130,base,-1,17.869879102424914
qwen35-9b,g24a_scifact_1130,exclude_post,-1,0.01016825801910227
qwen35-9b,g24a_scifact_1130,exclude_pre,-1,0.01968741281053495
qwen35-9b,g24a_scifact_1132,admit_post,1,96.46217495793954
qwen35-9b,g24a_scifact_1132,admit_pre,1,86.13709035069536
qwen35-9b,g24a_scifact_1132,base,1,99.46473345184307
qwen35-9b,g24a_scifact_1132,exclude_post,1,28.867913499958824
qwen35-9b,g24a_scifact_1132,exclude_pre,1,23.80710587842755
qwen35-9b,g24a_scifact_114,admit_post,1,66.20380912604152
qwen35-9b,g24a_scifact_114,admit_pre,1,98.15261241669113
qwen35-9b,g24a_scifact_114,base,1,97.76327121929512
qwen35-9b,g24a_scifact_114,exclude_post,1,21.31723206427321
qwen35-9b,g24a_scifact_114,exclude_pre,1,38.57960315254791
qwen35-9b,g24a_scifact_1146,admit_post,1,87.23104255399986
qwen35-9b,g24a_scifact_1146,admit_pre,1,85.10567228007105
qwen35-9b,g24a_scifact_1146,base,1,82.10545906775997
qwen35-9b,g24a_scifact_1146,exclude_post,1,47.79077460110353
qwen35-9b,g24a_scifact_1146,exclude_pre,1,89.78748196613512
qwen35-9b,g24a_scifact_1148,admit_post,1,97.77513264429895
qwen35-9b,g24a_scifact_1148,admit_pre,1,98.64346205604139
qwen35-9b,g24a_scifact_1148,base,1,91.12672745751833
qwen35-9b,g24a_scifact_1148,exclude_post,1,0.47048409330190233
qwen35-9b,g24a_scifact_1148,exclude_pre,1,98.10062745135185
qwen35-9b,g24a_scifact_115,admit_post,-1,11.868994652980284
qwen35-9b,g24a_scifact_115,admit_pre,-1,14.486817302397384
qwen35-9b,g24a_scifact_115,base,-1,9.560949718138499
qwen35-9b,g24a_scifact_115,exclude_post,-1,4.514098478126487
qwen35-9b,g24a_scifact_115,exclude_pre,-1,4.317190803314426
qwen35-9b,g24a_scifact_116,admit_post,1,74.3306775761747
qwen35-9b,g24a_scifact_116,admit_pre,1,83.9367176696081
qwen35-9b,g24a_scifact_116,base,1,99.34751834049993
qwen35-9b,g24a_scifact_116,exclude_post,1,32.564556953720334
qwen35-9b,g24a_scifact_116,exclude_pre,1,19.448420544994818
qwen35-9b,g24a_scifact_1162,admit_post,1,98.99593748440348
qwen35-9b,g24a_scifact_1162,admit_pre,1,99.15649917709223
qwen35-9b,g24a_scifact_1162,base,1,98.34265580898592
qwen35-9b,g24a_scifact_1162,exclude_post,1,2.8142018511189715
qwen35-9b,g24a_scifact_1162,exclude_pre,1,98.25996620350854
qwen35-9b,g24a_scifact_1163,admit_post,1,38.91975845073551
qwen35-9b,g24a_scifact_1163,admit_pre,1,39.4128755809883
qwen35-9b,g24a_scifact_1163,base,1,97.38802119189631
qwen35-9b,g24a_scifact_1163,exclude_post,1,3.6765560785121942
qwen35-9b,g24a_scifact_1163,exclude_pre,1,58.25617437239904
qwen35-9b,g24a_scifact_1176,admit_post,1,99.34250898337498
qwen35-9b,g24a_scifact_1176,admit_pre,1,99.40491886542698
qwen35-9b,g24a_scifact_1176,base,1,99.43781622975942
qwen35-9b,g24a_scifact_1176,exclude_post,1,0.04123407278093485
qwen35-9b,g24a_scifact_1176,exclude_pre,1,99.78688655996388
qwen35-9b,g24a_scifact_1177,admit_post,1,99.98903417860468
qwen35-9b,g24a_scifact_1177,admit_pre,1,99.99635760999871
qwen35-9b,g24a_scifact_1177,base,1,99.38894488995024
qwen35-9b,g24a_scifact_1177,exclude_post,1,1.6500180210394881
qwen35-9b,g24a_scifact_1177,exclude_pre,1,99.7335509921876
qwen35-9b,g24a_scifact_118,admit_post,1,99.11201700487483
qwen35-9b,g24a_scifact_118,admit_pre,1,97.90294312393492
qwen35-9b,g24a_scifact_118,base,1,99.55514572988376
qwen35-9b,g24a_scifact_118,exclude_post,1,5.680117808151497
qwen35-9b,g24a_scifact_118,exclude_pre,1,99.5922934021425
qwen35-9b,g24a_scifact_1180,admit_post,1,99.2052295576716
qwen35-9b,g24a_scifact_1180,admit_pre,1,99.19494898453237
qwen35-9b,g24a_scifact_1180,base,1,99.62830753759259
qwen35-9b,g24a_scifact_1180,exclude_post,1,7.418157225338906
qwen35-9b,g24a_scifact_1180,exclude_pre,1,99.08750937241616
qwen35-9b,g24a_scifact_1182,admit_post,1,98.83531514679578
qwen35-9b,g24a_scifact_1182,admit_pre,1,99.16575560961088
qwen35-9b,g24a_scifact_1182,base,1,99.91170649835261
qwen35-9b,g24a_scifact_1182,exclude_post,1,11.090336493996922
qwen35-9b,g24a_scifact_1182,exclude_pre,1,96.00876870602752
qwen35-9b,g24a_scifact_1187,admit_post,1,66.3319320516757
qwen35-9b,g24a_scifact_1187,admit_pre,1,87.0598544628626
qwen35-9b,g24a_scifact_1187,base,1,99.76953257476879
qwen35-9b,g24a_scifact_1187,exclude_post,1,38.344754921362636
qwen35-9b,g24a_scifact_1187,exclude_pre,1,87.04216290652074
qwen35-9b,g24a_scifact_1202,admit_post,1,49.07995085182006
qwen35-9b,g24a_scifact_1202,admit_pre,1,37.69803764419409
qwen35-9b,g24a_scifact_1202,base,1,18.320546481558196
qwen35-9b,g24a_scifact_1202,exclude_post,1,7.699480914668273
qwen35-9b,g24a_scifact_1202,exclude_pre,1,34.180567529205035
qwen35-9b,g24a_scifact_1220,admit_post,1,99.29632763226849
qwen35-9b,g24a_scifact_1220,admit_pre,1,99.4326472539355
qwen35-9b,g24a_scifact_1220,base,1,99.09185027464258
qwen35-9b,g24a_scifact_1220,exclude_post,1,19.18646753575347
qwen35-9b,g24a_scifact_1220,exclude_pre,1,99.10547830072623
qwen35-9b,g24a_scifact_1223,admit_post,-1,31.477435110489225
qwen35-9b,g24a_scifact_1223,admit_pre,-1,44.533884081040775
qwen35-9b,g24a_scifact_1223,base,-1,28.986842482933632
qwen35-9b,g24a_scifact_1223,exclude_post,-1,44.15558486977537
qwen35-9b,g24a_scifact_1223,exclude_pre,-1,15.316815387178597
qwen35-9b,g24a_scifact_1229,admit_post,1,97.67999718977359
qwen35-9b,g24a_scifact_1229,admit_pre,1,99.23617616290854
qwen35-9b,g24a_scifact_1229,base,1,96.67658484978818
qwen35-9b,g24a_scifact_1229,exclude_post,1,7.775736517922578
qwen35-9b,g24a_scifact_1229,exclude_pre,1,97.6072391651673
qwen35-9b,g24a_scifact_1237,admit_post,-1,7.154829202832584
qwen35-9b,g24a_scifact_1237,admit_pre,-1,6.621870864122398
qwen35-9b,g24a_scifact_1237,base,-1,8.39582819327395
qwen35-9b,g24a_scifact_1237,exclude_post,-1,3.298532254505526
qwen35-9b,g24a_scifact_1237,exclude_pre,-1,6.223894699464047
qwen35-9b,g24a_scifact_1238,admit_post,1,99.15726155906039
qwen35-9b,g24a_scifact_1238,admit_pre,1,97.96813392853
qwen35-9b,g24a_scifact_1238,base,1,99.41034514300571
qwen35-9b,g24a_scifact_1238,exclude_post,1,1.3549887612929798
qwen35-9b,g24a_scifact_1238,exclude_pre,1,97.80302438161445
qwen35-9b,g24a_scifact_1239,admit_post,-1,0.7538121102548331
qwen35-9b,g24a_scifact_1239,admit_pre,-1,1.7492263551550642
qwen35-9b,g24a_scifact_1239,base,-1,4.600842265629429
qwen35-9b,g24a_scifact_1239,exclude_post,-1,0.066449722218321
qwen35-9b,g24a_scifact_1239,exclude_pre,-1,0.03844312046585671
qwen35-9b,g24a_scifact_1241,admit_post,1,99.21004843197063
qwen35-9b,g24a_scifact_1241,admit_pre,1,99.40605852405048
qwen35-9b,g24a_scifact_1241,base,1,99.85471257011491
qwen35-9b,g24a_scifact_1241,exclude_post,1,10.136143802409647
qwen35-9b,g24a_scifact_1241,exclude_pre,1,96.7012113871004
qwen35-9b,g24a_scifact_1246,admit_post,-1,11.195740982693247
qwen35-9b,g24a_scifact_1246,admit_pre,-1,10.868582893024694
qwen35-9b,g24a_scifact_1246,base,-1,0.8577962095341287
qwen35-9b,g24a_scifact_1246,exclude_post,-1,8.113481832791607
qwen35-9b,g24a_scifact_1246,exclude_pre,-1,6.413123680728606
qwen35-9b,g24a_scifact_1248,admit_post,1,98.4712651475019
qwen35-9b,g24a_scifact_1248,admit_pre,1,99.04218819480468
qwen35-9b,g24a_scifact_1248,base,1,25.405261897597697
qwen35-9b,g24a_scifact_1248,exclude_post,1,16.502893431499807
qwen35-9b,g24a_scifact_1248,exclude_pre,1,97.7798791336415
qwen35-9b,g24a_scifact_1249,admit_post,-1,0.00995949930105789
qwen35-9b,g24a_scifact_1249,admit_pre,-1,0.009759929162726838
qwen35-9b,g24a_scifact_1249,base,-1,97.6690471121935
qwen35-9b,g24a_scifact_1249,exclude_post,-1,0.015172548170925358
qwen35-9b,g24a_scifact_1249,exclude_pre,-1,0.016042219954375922
qwen35-9b,g24a_scifact_1254,admit_post,1,98.71269808454021
qwen35-9b,g24a_scifact_1254,admit_pre,1,99.37104727042009
qwen35-9b,g24a_scifact_1254,base,1,99.45358398964186
qwen35-9b,g24a_scifact_1254,exclude_post,1,23.812929274355973
qwen35-9b,g24a_scifact_1254,exclude_pre,1,98.90608965819138
qwen35-9b,g24a_scifact_1258,admit_post,1,11.596971225113034
qwen35-9b,g24a_scifact_1258,admit_pre,1,7.822627616470446
qwen35-9b,g24a_scifact_1258,base,1,2.712617754316436
qwen35-9b,g24a_scifact_1258,exclude_post,1,5.731526194533264
qwen35-9b,g24a_scifact_1258,exclude_pre,1,69.78713358074259
qwen35-9b,g24a_scifact_1259,admit_post,1,99.11496908671135
qwen35-9b,g24a_scifact_1259,admit_pre,1,99.44269974114054
qwen35-9b,g24a_scifact_1259,base,1,99.2605339763063
qwen35-9b,g24a_scifact_1259,exclude_post,1,4.031120678597523
qwen35-9b,g24a_scifact_1259,exclude_pre,1,99.09917160644065
qwen35-9b,g24a_scifact_1260,admit_post,-1,1.416721231343879
qwen35-9b,g24a_scifact_1260,admit_pre,-1,1.6086798210613273
qwen35-9b,g24a_scifact_1260,base,-1,5.81858675066755
qwen35-9b,g24a_scifact_1260,exclude_post,-1,0.06538908081094989
qwen35-9b,g24a_scifact_1260,exclude_pre,-1,0.860019315290322
qwen35-9b,g24a_scifact_1261,admit_post,-1,98.4510137393971
qwen35-9b,g24a_scifact_1261,admit_pre,-1,99.42402914297064
qwen35-9b,g24a_scifact_1261,base,-1,23.699766280797462
qwen35-9b,g24a_scifact_1261,exclude_post,-1,19.764430618200347
qwen35-9b,g24a_scifact_1261,exclude_pre,-1,98.91991114505261
qwen35-9b,g24a_scifact_1262,admit_post,1,98.9857019423671
qwen35-9b,g24a_scifact_1262,admit_pre,1,99.98676490770087
qwen35-9b,g24a_scifact_1262,base,1,99.30504378581401
qwen35-9b,g24a_scifact_1262,exclude_post,1,17.00001364856048
qwen35-9b,g24a_scifact_1262,exclude_pre,1,99.91639039286046
qwen35-9b,g24a_scifact_1263,admit_post,1,98.66436687776643
qwen35-9b,g24a_scifact_1263,admit_pre,1,98.9974743959707
qwen35-9b,g24a_scifact_1263,base,1,99.5310949438227
qwen35-9b,g24a_scifact_1263,exclude_post,1,33.28298149894047
qwen35-9b,g24a_scifact_1263,exclude_pre,1,98.41479832071683
qwen35-9b,g24a_scifact_1271,admit_post,1,99.20415860266068
qwen35-9b,g24a_scifact_1271,admit_pre,1,98.53018826846397
qwen35-9b,g24a_scifact_1271,base,1,19.377690955174486
qwen35-9b,g24a_scifact_1271,exclude_post,1,1.8709750579507518
qwen35-9b,g24a_scifact_1271,exclude_pre,1,96.20732239558704
qwen35-9b,g24a_scifact_1273,admit_post,1,99.97813382885556
qwen35-9b,g24a_scifact_1273,admit_pre,1,99.41995139772612
qwen35-9b,g24a_scifact_1273,base,1,98.75418495205268
qwen35-9b,g24a_scifact_1273,exclude_post,1,5.644774489416547
qwen35-9b,g24a_scifact_1273,exclude_pre,1,98.72955824286102
qwen35-9b,g24a_scifact_1274,admit_post,1,99.26592918932687
qwen35-9b,g24a_scifact_1274,admit_pre,1,99.36520858584481
qwen35-9b,g24a_scifact_1274,base,1,99.44969194810922
qwen35-9b,g24a_scifact_1274,exclude_post,1,17.542765585676115
qwen35-9b,g24a_scifact_1274,exclude_pre,1,98.9954381972035
qwen35-9b,g24a_scifact_1303,admit_post,-1,5.237064574542929
qwen35-9b,g24a_scifact_1303,admit_pre,-1,2.211921673546844
qwen35-9b,g24a_scifact_1303,base,-1,3.0829591336664004
qwen35-9b,g24a_scifact_1303,exclude_post,-1,38.885469733011945
qwen35-9b,g24a_scifact_1303,exclude_pre,-1,21.625123239934048
qwen35-9b,g24a_scifact_1305,admit_post,1,97.94037619182888
qwen35-9b,g24a_scifact_1305,admit_pre,1,99.97811995765821
qwen35-9b,g24a_scifact_1305,base,1,99.3588531222863
qwen35-9b,g24a_scifact_1305,exclude_post,1,21.797116476571258
qwen35-9b,g24a_scifact_1305,exclude_pre,1,98.22819395611765
qwen35-9b,g24a_scifact_1311,admit_post,1,99.49765537442929
qwen35-9b,g24a_scifact_1311,admit_pre,1,99.48036859930771
qwen35-9b,g24a_scifact_1311,base,1,94.63085782209004
qwen35-9b,g24a_scifact_1311,exclude_post,1,11.29840440474036
qwen35-9b,g24a_scifact_1311,exclude_pre,1,98.7030201519884
qwen35-9b,g24a_scifact_1319,admit_post,1,99.06043284071372
qwen35-9b,g24a_scifact_1319,admit_pre,1,99.47967081404005
qwen35-9b,g24a_scifact_1319,base,1,98.8451618000849
qwen35-9b,g24a_scifact_1319,exclude_post,1,0.2293968135968615
qwen35-9b,g24a_scifact_1319,exclude_pre,1,36.34336510626218
qwen35-9b,g24a_scifact_1320,admit_post,-1,10.061152821363816
qwen35-9b,g24a_scifact_1320,admit_pre,-1,15.077289913680687
qwen35-9b,g24a_scifact_1320,base,-1,21.106478630814827
qwen35-9b,g24a_scifact_1320,exclude_post,-1,45.75696930536254
qwen35-9b,g24a_scifact_1320,exclude_pre,-1,11.418793597485516
qwen35-9b,g24a_scifact_1322,admit_post,1,99.06307915242195
qwen35-9b,g24a_scifact_1322,admit_pre,1,99.52736491138404
qwen35-9b,g24a_scifact_1322,base,1,98.83027081747042
qwen35-9b,g24a_scifact_1322,exclude_post,1,15.87675553269494
qwen35-9b,g24a_scifact_1322,exclude_pre,1,17.92054994483998
qwen35-9b,g24a_scifact_1328,admit_post,1,98.37693678573167
qwen35-9b,g24a_scifact_1328,admit_pre,1,98.87534093254631
qwen35-9b,g24a_scifact_1328,base,1,99.8072832901451
qwen35-9b,g24a_scifact_1328,exclude_post,1,9.19658552826655
qwen35-9b,g24a_scifact_1328,exclude_pre,1,99.16988108489166
qwen35-9b,g24a_scifact_1333,admit_post,1,98.15844708765496
qwen35-9b,g24a_scifact_1333,admit_pre,1,99.11155714720343
qwen35-9b,g24a_scifact_1333,base,1,95.59187979410194
qwen35-9b,g24a_scifact_1333,exclude_post,1,1.5970940877612148
qwen35-9b,g24a_scifact_1333,exclude_pre,1,99.9641563627166
qwen35-9b,g24a_scifact_1339,admit_post,-1,0.025164553870190974
qwen35-9b,g24a_scifact_1339,admit_pre,-1,0.028112488984152806
qwen35-9b,g24a_scifact_1339,base,-1,2.9839071315830856
qwen35-9b,g24a_scifact_1339,exclude_post,-1,0.07235013311162629
qwen35-9b,g24a_scifact_1339,exclude_pre,-1,0.019947262460918165
qwen35-9b,g24a_scifact_1340,admit_post,1,98.38826971601253
qwen35-9b,g24a_scifact_1340,admit_pre,1,98.96574646275884
qwen35-9b,g24a_scifact_1340,base,1,99.46699025927865
qwen35-9b,g24a_scifact_1340,exclude_post,1,4.034575524262451
qwen35-9b,g24a_scifact_1340,exclude_pre,1,9.823569785143613
qwen35-9b,g24a_scifact_1341,admit_post,1,97.89822190041006
qwen35-9b,g24a_scifact_1341,admit_pre,1,99.2953454107133
qwen35-9b,g24a_scifact_1341,base,1,99.5815220569147
qwen35-9b,g24a_scifact_1341,exclude_post,1,3.6735521795749317
qwen35-9b,g24a_scifact_1341,exclude_pre,1,99.77655526820007
qwen35-9b,g24a_scifact_1346,admit_post,1,99.03297382363279
qwen35-9b,g24a_scifact_1346,admit_pre,1,98.4507297874515
qwen35-9b,g24a_scifact_1346,base,1,99.43001890196648
qwen35-9b,g24a_scifact_1346,exclude_post,1,5.2023246030867005
qwen35-9b,g24a_scifact_1346,exclude_pre,1,86.23596717967253
qwen35-9b,g24a_scifact_1351,admit_post,-1,12.146826634159696
qwen35-9b,g24a_scifact_1351,admit_pre,-1,98.4686214416781
qwen35-9b,g24a_scifact_1351,base,-1,5.033811789501276
qwen35-9b,g24a_scifact_1351,exclude_post,-1,43.2739744694347
qwen35-9b,g24a_scifact_1351,exclude_pre,-1,3.2116086946938287
qwen35-9b,g24a_scifact_1366,admit_post,1,98.54540529734604
qwen35-9b,g24a_scifact_1366,admit_pre,1,98.96253353390071
qwen35-9b,g24a_scifact_1366,base,1,99.53138666918737
qwen35-9b,g24a_scifact_1366,exclude_post,1,1.8533648752824898
qwen35-9b,g24a_scifact_1366,exclude_pre,1,97.77857088238746
qwen35-9b,g24a_scifact_1371,admit_post,1,99.13348523464813
qwen35-9b,g24a_scifact_1371,admit_pre,1,98.89256928999382
qwen35-9b,g24a_scifact_1371,base,1,99.70959997956699
qwen35-9b,g24a_scifact_1371,exclude_post,1,12.722362116576377
qwen35-9b,g24a_scifact_1371,exclude_pre,1,98.64709983231222
qwen35-9b,g24a_scifact_1376,admit_post,-1,6.2233127985925165
qwen35-9b,g24a_scifact_1376,admit_pre,-1,98.25860864383395
qwen35-9b,g24a_scifact_1376,base,-1,94.64707707250523
qwen35-9b,g24a_scifact_1376,exclude_post,-1,2.165564092780306
qwen35-9b,g24a_scifact_1376,exclude_pre,-1,26.659847341967232
qwen35-9b,g24a_scifact_1381,admit_post,1,98.66266879509594
qwen35-9b,g24a_scifact_1381,admit_pre,1,58.99019047038327
qwen35-9b,g24a_scifact_1381,base,1,98.98159490825896
qwen35-9b,g24a_scifact_1381,exclude_post,1,19.710172375183284
qwen35-9b,g24a_scifact_1381,exclude_pre,1,18.867514891037565
qwen35-9b,g24a_scifact_1392,admit_post,1,98.70865937127681
qwen35-9b,g24a_scifact_1392,admit_pre,1,99.57130390011326
qwen35-9b,g24a_scifact_1392,base,1,1.8702864542023256
qwen35-9b,g24a_scifact_1392,exclude_post,1,1.56647355226115
qwen35-9b,g24a_scifact_1392,exclude_pre,1,99.23894275118892
qwen35-9b,g24a_scifact_142,admit_post,-1,0.03488166372291779
qwen35-9b,g24a_scifact_142,admit_pre,-1,0.0320040238350787
qwen35-9b,g24a_scifact_142,base,-1,9.558911215387655
qwen35-9b,g24a_scifact_142,exclude_post,-1,5.353966283569217
qwen35-9b,g24a_scifact_142,exclude_pre,-1,0.07721522947143704
qwen35-9b,g24a_scifact_143,admit_post,1,98.62225159991645
qwen35-9b,g24a_scifact_143,admit_pre,1,98.80181424135164
qwen35-9b,g24a_scifact_143,base,1,6.0245412457983525
qwen35-9b,g24a_scifact_143,exclude_post,1,0.6494303037419473
qwen35-9b,g24a_scifact_143,exclude_pre,1,96.58471862324704
qwen35-9b,g24a_scifact_148,admit_post,1,95.14723627146593
qwen35-9b,g24a_scifact_148,admit_pre,1,97.38931378183366
qwen35-9b,g24a_scifact_148,base,1,99.46355145858443
qwen35-9b,g24a_scifact_148,exclude_post,1,16.77104970860627
qwen35-9b,g24a_scifact_148,exclude_pre,1,96.83817456761649
qwen35-9b,g24a_scifact_155,admit_post,1,98.59431139815275
qwen35-9b,g24a_scifact_155,admit_pre,1,99.32712845459551
qwen35-9b,g24a_scifact_155,base,1,99.40232410241947
qwen35-9b,g24a_scifact_155,exclude_post,1,29.777696092620634
qwen35-9b,g24a_scifact_155,exclude_pre,1,95.21409152278551
qwen35-9b,g24a_scifact_156,admit_post,-1,0.023800360487889166
qwen35-9b,g24a_scifact_156,admit_pre,-1,32.819763672411746
qwen35-9b,g24a_scifact_156,base,-1,8.126555085842515
qwen35-9b,g24a_scifact_156,exclude_post,-1,28.540908606474748
qwen35-9b,g24a_scifact_156,exclude_pre,-1,5.132962239264747
qwen35-9b,g24a_scifact_157,admit_post,1,99.27285458877367
qwen35-9b,g24a_scifact_157,admit_pre,1,99.90515230461509
qwen35-9b,g24a_scifact_157,base,1,99.92481923196921
qwen35-9b,g24a_scifact_157,exclude_post,1,10.459219136249168
qwen35-9b,g24a_scifact_157,exclude_pre,1,97.59889481592984
qwen35-9b,g24a_scifact_197,admit_post,1,97.90575911996518
qwen35-9b,g24a_scifact_197,admit_pre,1,98.53547352319647
qwen35-9b,g24a_scifact_197,base,1,99.67589663882382
qwen35-9b,g24a_scifact_197,exclude_post,1,0.21710031925343365
qwen35-9b,g24a_scifact_197,exclude_pre,1,99.07064030926315
qwen35-9b,g24a_scifact_212,admit_post,-1,7.339614592425436
qwen35-9b,g24a_scifact_212,admit_pre,-1,40.09658648256685
qwen35-9b,g24a_scifact_212,base,-1,91.36929905017635
qwen35-9b,g24a_scifact_212,exclude_post,-1,2.0068029008323807
qwen35-9b,g24a_scifact_212,exclude_pre,-1,0.06561865513852812
qwen35-9b,g24a_scifact_218,admit_post,1,99.19916312271013
qwen35-9b,g24a_scifact_218,admit_pre,1,98.47424520791132
qwen35-9b,g24a_scifact_218,base,1,95.34909544060767
qwen35-9b,g24a_scifact_218,exclude_post,1,3.212495478546563
qwen35-9b,g24a_scifact_218,exclude_pre,1,98.69409802393271
qwen35-9b,g24a_scifact_219,admit_post,-1,98.28660790434968
qwen35-9b,g24a_scifact_219,admit_pre,-1,97.9504430294532
qwen35-9b,g24a_scifact_219,base,-1,12.999960998359535
qwen35-9b,g24a_scifact_219,exclude_post,-1,0.06311163540125496
qwen35-9b,g24a_scifact_219,exclude_pre,-1,0.30818330498844326
qwen35-9b,g24a_scifact_22,admit_post,1,97.28725031231603
qwen35-9b,g24a_scifact_22,admit_pre,1,97.92379510045104
qwen35-9b,g24a_scifact_22,base,1,92.21179525731839
qwen35-9b,g24a_scifact_22,exclude_post,1,6.053650834322198
qwen35-9b,g24a_scifact_22,exclude_pre,1,97.78469227401737
qwen35-9b,g24a_scifact_223,admit_post,1,98.94923634909975
qwen35-9b,g24a_scifact_223,admit_pre,1,99.03136296088786
qwen35-9b,g24a_scifact_223,base,1,97.69021564273382
qwen35-9b,g24a_scifact_223,exclude_post,1,4.632370379159775
qwen35-9b,g24a_scifact_223,exclude_pre,1,98.86226733160086
qwen35-9b,g24a_scifact_227,admit_post,1,98.73040615559745
qwen35-9b,g24a_scifact_227,admit_pre,1,99.6449641392135
qwen35-9b,g24a_scifact_227,base,1,99.33951055706714
qwen35-9b,g24a_scifact_227,exclude_post,1,3.400404531663769
qwen35-9b,g24a_scifact_227,exclude_pre,1,99.16045729468743
qwen35-9b,g24a_scifact_228,admit_post,1,99.72724265555729
qwen35-9b,g24a_scifact_228,admit_pre,1,99.62925088679073
qwen35-9b,g24a_scifact_228,base,1,88.76418279986238
qwen35-9b,g24a_scifact_228,exclude_post,1,3.6796964830364565
qwen35-9b,g24a_scifact_228,exclude_pre,1,99.24159245236791
qwen35-9b,g24a_scifact_239,admit_post,1,98.92090094771072
qwen35-9b,g24a_scifact_239,admit_pre,1,99.66279143132412
qwen35-9b,g24a_scifact_239,base,1,99.64765870333352
qwen35-9b,g24a_scifact_239,exclude_post,1,14.328396904968969
qwen35-9b,g24a_scifact_239,exclude_pre,1,77.84576918436768
qwen35-9b,g24a_scifact_243,admit_post,1,98.43845965906446
qwen35-9b,g24a_scifact_243,admit_pre,1,98.9103356231325
qwen35-9b,g24a_scifact_243,base,1,99.80414338584848
qwen35-9b,g24a_scifact_243,exclude_post,1,11.262144551000826
qwen35-9b,g24a_scifact_243,exclude_pre,1,98.73866484186728
qwen35-9b,g24a_scifact_256,admit_post,1,97.91223928211002
qwen35-9b,g24a_scifact_256,admit_pre,1,97.1429235029268
qwen35-9b,g24a_scifact_256,base,1,98.97055197123105
qwen35-9b,g24a_scifact_256,exclude_post,1,40.79166617617944
qwen35-9b,g24a_scifact_256,exclude_pre,1,98.779256132563
qwen35-9b,g24a_scifact_280,admit_post,1,95.75320511514406
qwen35-9b,g24a_scifact_280,admit_pre,1,96.41871076813398
qwen35-9b,g24a_scifact_280,base,1,46.8047446732468
qwen35-9b,g24a_scifact_280,exclude_post,1,3.2126391411792485
qwen35-9b,g24a_scifact_280,exclude_pre,1,90.47281510238848
qwen35-9b,g24a_scifact_283,admit_post,-1,2.987934686064956
qwen35-9b,g24a_scifact_283,admit_pre,-1,4.140899297466783
qwen35-9b,g24a_scifact_283,base,-1,1.8693068460418887
qwen35-9b,g24a_scifact_283,exclude_post,-1,12.183724068957533
qwen35-9b,g24a_scifact_283,exclude_pre,-1,2.181251602911483
qwen35-9b,g24a_scifact_290,admit_post,-1,7.715138207033075
qwen35-9b,g24a_scifact_290,admit_pre,-1,5.091103066901316
qwen35-9b,g24a_scifact_290,base,-1,37.317691876479536
qwen35-9b,g24a_scifact_290,exclude_post,-1,39.17663630358817
qwen35-9b,g24a_scifact_290,exclude_pre,-1,4.26248569150923
qwen35-9b,g24a_scifact_292,admit_post,1,99.29463924184472
qwen35-9b,g24a_scifact_292,admit_pre,1,99.60359303707479
qwen35-9b,g24a_scifact_292,base,1,76.37435239654484
qwen35-9b,g24a_scifact_292,exclude_post,1,14.476060223026476
qwen35-9b,g24a_scifact_292,exclude_pre,1,99.1530867489162
qwen35-9b,g24a_scifact_295,admit_post,1,99.26517550176192
qwen35-9b,g24a_scifact_295,admit_pre,1,99.46328686151318
qwen35-9b,g24a_scifact_295,base,1,98.11795288344143
qwen35-9b,g24a_scifact_295,exclude_post,1,1.801200887569696
qwen35-9b,g24a_scifact_295,exclude_pre,1,11.98376009091358
qwen35-9b,g24a_scifact_3,admit_post,1,21.876877460046245
qwen35-9b,g24a_scifact_3,admit_pre,1,30.544334410970276
qwen35-9b,g24a_scifact_3,base,1,44.719321370045215
qwen35-9b,g24a_scifact_3,exclude_post,1,29.806921927222604
qwen35-9b,g24a_scifact_3,exclude_pre,1,27.71431673131205
qwen35-9b,g24a_scifact_30,admit_post,1,98.71635035287203
qwen35-9b,g24a_scifact_30,admit_pre,1,98.99280416535618
qwen35-9b,g24a_scifact_30,base,1,98.56025668516791
qwen35-9b,g24a_scifact_30,exclude_post,1,1.1844799157685886
qwen35-9b,g24a_scifact_30,exclude_pre,1,98.69737588895096
qwen35-9b,g24a_scifact_308,admit_post,-1,0.02468152371340028
qwen35-9b,g24a_scifact_308,admit_pre,-1,0.022261061612959668
qwen35-9b,g24a_scifact_308,base,-1,11.954326295891871
qwen35-9b,g24a_scifact_308,exclude_post,-1,0.019349991377370913
qwen35-9b,g24a_scifact_308,exclude_pre,-1,13.248094418338008
qwen35-9b,g24a_scifact_330,admit_post,-1,0.03190984456561329
qwen35-9b,g24a_scifact_330,admit_pre,-1,0.031369928936449194
qwen35-9b,g24a_scifact_330,base,-1,95.67490118669737
qwen35-9b,g24a_scifact_330,exclude_post,-1,0.028753490496591188
qwen35-9b,g24a_scifact_330,exclude_pre,-1,0.01790499197305473
qwen35-9b,g24a_scifact_335,admit_post,1,99.24918065675257
qwen35-9b,g24a_scifact_335,admit_pre,1,98.59386538550778
qwen35-9b,g24a_scifact_335,base,1,97.80920992204658
qwen35-9b,g24a_scifact_335,exclude_post,1,1.4012544449621303
qwen35-9b,g24a_scifact_335,exclude_pre,1,5.5357964476773684
qwen35-9b,g24a_scifact_34,admit_post,1,98.84691554479087
qwen35-9b,g24a_scifact_34,admit_pre,1,98.9015687196165
qwen35-9b,g24a_scifact_34,base,1,99.32063726486545
qwen35-9b,g24a_scifact_34,exclude_post,1,26.243266920458954
qwen35-9b,g24a_scifact_34,exclude_pre,1,99.05559603302697
qwen35-9b,g24a_scifact_386,admit_post,1,99.98798634762692
qwen35-9b,g24a_scifact_386,admit_pre,1,98.82955032188754
qwen35-9b,g24a_scifact_386,base,1,95.7124055349764
qwen35-9b,g24a_scifact_386,exclude_post,1,1.865491532164236
qwen35-9b,g24a_scifact_386,exclude_pre,1,22.234986142640842
qwen35-9b,g24a_scifact_394,admit_post,1,83.60800643965113
qwen35-9b,g24a_scifact_394,admit_pre,1,80.14917762423417
qwen35-9b,g24a_scifact_394,base,1,99.72656045707954
qwen35-9b,g24a_scifact_394,exclude_post,1,27.790578734863676
qwen35-9b,g24a_scifact_394,exclude_pre,1,84.99007134387602
qwen35-9b,g24a_scifact_426,admit_post,1,98.9199287483334
qwen35-9b,g24a_scifact_426,admit_pre,1,99.25999486133747
qwen35-9b,g24a_scifact_426,base,1,98.21363392594314
qwen35-9b,g24a_scifact_426,exclude_post,1,10.035764948736693
qwen35-9b,g24a_scifact_426,exclude_pre,1,98.78462852598072
qwen35-9b,g24a_scifact_428,admit_post,1,98.89676808376417
qwen35-9b,g24a_scifact_428,admit_pre,1,98.96258610699711
qwen35-9b,g24a_scifact_428,base,1,99.56686325917099
qwen35-9b,g24a_scifact_428,exclude_post,1,6.504275150173707
qwen35-9b,g24a_scifact_428,exclude_pre,1,97.93924970793763
qwen35-9b,g24a_scifact_436,admit_post,1,97.57735632922589
qwen35-9b,g24a_scifact_436,admit_pre,1,99.10159610960822
qwen35-9b,g24a_scifact_436,base,1,90.33956601770518
qwen35-9b,g24a_scifact_436,exclude_post,1,13.72223958517173
qwen35-9b,g24a_scifact_436,exclude_pre,1,87.37219880829085
qwen35-9b,g24a_scifact_441,admit_post,1,98.67192563219278
qwen35-9b,g24a_scifact_441,admit_pre,1,97.99400169885409
qwen35-9b,g24a_scifact_441,base,1,99.0301662993731
qwen35-9b,g24a_scifact_441,exclude_post,1,2.9662044923631097
qwen35-9b,g24a_scifact_441,exclude_pre,1,97.80381197813317
qwen35-9b,g24a_scifact_444,admit_post,1,99.02408392123773
qwen35-9b,g24a_scifact_444,admit_pre,1,99.31536797308617
qwen35-9b,g24a_scifact_444,base,1,17.879638469042888
qwen35-9b,g24a_scifact_444,exclude_post,1,3.813061781759261
qwen35-9b,g24a_scifact_444,exclude_pre,1,98.32228313945132
qwen35-9b,g24a_scifact_455,admit_post,1,99.06713003736202
qwen35-9b,g24a_scifact_455,admit_pre,1,97.12667662827747
qwen35-9b,g24a_scifact_455,base,1,94.98077261038799
qwen35-9b,g24a_scifact_455,exclude_post,1,28.488326843480124
qwen35-9b,g24a_scifact_455,exclude_pre,1,0.04027375008062986
qwen35-9b,g24a_scifact_46,admit_post,1,99.4779262107868
qwen35-9b,g24a_scifact_46,admit_pre,1,99.77386400138211
qwen35-9b,g24a_scifact_46,base,1,95.46830456396991
qwen35-9b,g24a_scifact_46,exclude_post,1,8.394981523765058
qwen35-9b,g24a_scifact_46,exclude_pre,1,99.72085133425657
qwen35-9b,g24a_scifact_461,admit_post,1,97.3356015404497
qwen35-9b,g24a_scifact_461,admit_pre,1,98.28753635720508
qwen35-9b,g24a_scifact_461,base,1,98.70623308581781
qwen35-9b,g24a_scifact_461,exclude_post,1,1.5853900743760692
qwen35-9b,g24a_scifact_461,exclude_pre,1,98.31368255531493
qwen35-9b,g24a_scifact_469,admit_post,1,99.39423307346219
qwen35-9b,g24a_scifact_469,admit_pre,1,99.40482139620852
qwen35-9b,g24a_scifact_469,base,1,97.68792267285953
qwen35-9b,g24a_scifact_469,exclude_post,1,37.02232804713446
qwen35-9b,g24a_scifact_469,exclude_pre,1,99.35298322348974
qwen35-9b,g24a_scifact_470,admit_post,1,99.39897394084036
qwen35-9b,g24a_scifact_470,admit_pre,1,99.84692626240638
qwen35-9b,g24a_scifact_470,base,1,99.47029865006942
qwen35-9b,g24a_scifact_470,exclude_post,1,3.7453112316211477
qwen35-9b,g24a_scifact_470,exclude_pre,1,99.17730530606524
qwen35-9b,g24a_scifact_475,admit_post,1,84.78666769413897
qwen35-9b,g24a_scifact_475,admit_pre,1,66.5508914724919
qwen35-9b,g24a_scifact_475,base,1,99.89259797387281
qwen35-9b,g24a_scifact_475,exclude_post,1,99.52626094712183
qwen35-9b,g24a_scifact_475,exclude_pre,1,96.13772802245464
qwen35-9b,g24a_scifact_483,admit_post,1,99.29397517935693
qwen35-9b,g24a_scifact_483,admit_pre,1,99.48321844972101
qwen35-9b,g24a_scifact_483,base,1,99.59730089790132
qwen35-9b,g24a_scifact_483,exclude_post,1,35.48632227398937
qwen35-9b,g24a_scifact_483,exclude_pre,1,99.11203646077419
qwen35-9b,g24a_scifact_513,admit_post,-1,4.008265900735683
qwen35-9b,g24a_scifact_513,admit_pre,-1,0.13691686305553452
qwen35-9b,g24a_scifact_513,base,-1,1.927758905988797
qwen35-9b,g24a_scifact_513,exclude_post,-1,10.468797081346484
qwen35-9b,g24a_scifact_513,exclude_pre,-1,0.5622695838454191
qwen35-9b,g24a_scifact_515,admit_post,1,98.68634442831917
qwen35-9b,g24a_scifact_515,admit_pre,1,98.48300126302772
qwen35-9b,g24a_scifact_515,base,1,99.37564202973026
qwen35-9b,g24a_scifact_515,exclude_post,1,10.443343476637258
qwen35-9b,g24a_scifact_515,exclude_pre,1,97.9173629666707
qwen35-9b,g24a_scifact_516,admit_post,-1,1.5885416956640213
qwen35-9b,g24a_scifact_516,admit_pre,-1,1.5308933992378528
qwen35-9b,g24a_scifact_516,base,-1,1.6813669409310512
qwen35-9b,g24a_scifact_516,exclude_post,-1,4.681282999882115
qwen35-9b,g24a_scifact_516,exclude_pre,-1,1.799032884723298
qwen35-9b,g24a_scifact_523,admit_post,-1,14.986723646188873
qwen35-9b,g24a_scifact_523,admit_pre,-1,8.833456098273567
qwen35-9b,g24a_scifact_523,base,-1,7.032256464100947
qwen35-9b,g24a_scifact_523,exclude_post,-1,32.24124450433877
qwen35-9b,g24a_scifact_523,exclude_pre,-1,7.209458496141571
qwen35-9b,g24a_scifact_524,admit_post,1,78.2877801607738
qwen35-9b,g24a_scifact_524,admit_pre,1,62.99996483343963
qwen35-9b,g24a_scifact_524,base,1,92.10459819017625
qwen35-9b,g24a_scifact_524,exclude_post,1,33.17755368419153
qwen35-9b,g24a_scifact_524,exclude_pre,1,73.71799941489536
qwen35-9b,g24a_scifact_548,admit_post,1,99.44740446042506
qwen35-9b,g24a_scifact_548,admit_pre,1,99.36789471882831
qwen35-9b,g24a_scifact_548,base,1,99.46543676364254
qwen35-9b,g24a_scifact_548,exclude_post,1,37.27337866865868
qwen35-9b,g24a_scifact_548,exclude_pre,1,99.27460914365342
qwen35-9b,g24a_scifact_553,admit_post,-1,0.020684970618442506
qwen35-9b,g24a_scifact_553,admit_pre,-1,0.006499577597442988
qwen35-9b,g24a_scifact_553,base,-1,9.130196272270002
qwen35-9b,g24a_scifact_553,exclude_post,-1,0.04758565297644672
qwen35-9b,g24a_scifact_553,exclude_pre,-1,0.006457532108779453
qwen35-9b,g24a_scifact_570,admit_post,1,98.16567594471813
qwen35-9b,g24a_scifact_570,admit_pre,1,98.72589745396539
qwen35-9b,g24a_scifact_570,base,1,99.31531459258142
qwen35-9b,g24a_scifact_570,exclude_post,1,17.703123166664582
qwen35-9b,g24a_scifact_570,exclude_pre,1,97.63259528573059
qwen35-9b,g24a_scifact_571,admit_post,-1,83.86313290475871
qwen35-9b,g24a_scifact_571,admit_pre,-1,95.3790272251084
qwen35-9b,g24a_scifact_571,base,-1,1.859788704297923
qwen35-9b,g24a_scifact_571,exclude_post,-1,0.9602412115302579
qwen35-9b,g24a_scifact_571,exclude_pre,-1,1.2244900727015624
qwen35-9b,g24a_scifact_578,admit_post,-1,97.33985801384637
qwen35-9b,g24a_scifact_578,admit_pre,-1,98.65828229090225
qwen35-9b,g24a_scifact_578,base,-1,66.56946936205922
qwen35-9b,g24a_scifact_578,exclude_post,-1,0.40081167359908054
qwen35-9b,g24a_scifact_578,exclude_pre,-1,99.94159479259257
qwen35-9b,g24a_scifact_598,admit_post,-1,10.233235922760121
qwen35-9b,g24a_scifact_598,admit_pre,-1,11.454526086013821
qwen35-9b,g24a_scifact_598,base,-1,1.6210294398190197
qwen35-9b,g24a_scifact_598,exclude_post,-1,40.574563077504905
qwen35-9b,g24a_scifact_598,exclude_pre,-1,12.183050874801301
qwen35-9b,g24a_scifact_603,admit_post,1,98.26538621096792
qwen35-9b,g24a_scifact_603,admit_pre,1,99.20693867418231
qwen35-9b,g24a_scifact_603,base,1,95.99503275738003
qwen35-9b,g24a_scifact_603,exclude_post,1,1.3061085400014234
qwen35-9b,g24a_scifact_603,exclude_pre,1,97.72735468376537
qwen35-9b,g24a_scifact_625,admit_post,1,98.9846065915886
qwen35-9b,g24a_scifact_625,admit_pre,1,99.2220251565891
qwen35-9b,g24a_scifact_625,base,1,99.35022440190207
qwen35-9b,g24a_scifact_625,exclude_post,1,4.372418989318604
qwen35-9b,g24a_scifact_625,exclude_pre,1,98.9079698179712
qwen35-9b,g24a_scifact_632,admit_post,-1,99.00670393035632
qwen35-9b,g24a_scifact_632,admit_pre,-1,99.23763553190878
qwen35-9b,g24a_scifact_632,base,-1,10.81684503011996
qwen35-9b,g24a_scifact_632,exclude_post,-1,0.9825793961261541
qwen35-9b,g24a_scifact_632,exclude_pre,-1,90.41439229815843
qwen35-9b,g24a_scifact_633,admit_post,-1,97.67592908302233
qwen35-9b,g24a_scifact_633,admit_pre,-1,98.62809735681613
qwen35-9b,g24a_scifact_633,base,-1,0.6337993796622432
qwen35-9b,g24a_scifact_633,exclude_post,-1,0.022135554841685504
qwen35-9b,g24a_scifact_633,exclude_pre,-1,0.06587170572289526
qwen35-9b,g24a_scifact_640,admit_post,1,98.11705722283736
qwen35-9b,g24a_scifact_640,admit_pre,1,98.5966758140807
qwen35-9b,g24a_scifact_640,base,1,99.54414331845784
qwen35-9b,g24a_scifact_640,exclude_post,1,60.18026618893152
qwen35-9b,g24a_scifact_640,exclude_pre,1,72.97668618252743
qwen35-9b,g24a_scifact_653,admit_post,1,98.93852454417969
qwen35-9b,g24a_scifact_653,admit_pre,1,97.09286902896248
qwen35-9b,g24a_scifact_653,base,1,96.57794017674362
qwen35-9b,g24a_scifact_653,exclude_post,1,7.063866528730641
qwen35-9b,g24a_scifact_653,exclude_pre,1,97.91394508715737
qwen35-9b,g24a_scifact_67,admit_post,1,99.58617578208404
qwen35-9b,g24a_scifact_67,admit_pre,1,99.31937186715247
qwen35-9b,g24a_scifact_67,base,1,8.874595949066613
qwen35-9b,g24a_scifact_67,exclude_post,1,6.389673618931872
qwen35-9b,g24a_scifact_67,exclude_pre,1,1.1998329978509528
qwen35-9b,g24a_scifact_709,admit_post,1,72.84542265494025
qwen35-9b,g24a_scifact_709,admit_pre,1,76.20209335419602
qwen35-9b,g24a_scifact_709,base,1,85.00901236456134
qwen35-9b,g24a_scifact_709,exclude_post,1,43.40582162467228
qwen35-9b,g24a_scifact_709,exclude_pre,1,82.99290002888114
qwen35-9b,g24a_scifact_721,admit_post,1,98.27744411326397
qwen35-9b,g24a_scifact_721,admit_pre,1,98.96183160713657
qwen35-9b,g24a_scifact_721,base,1,87.58435820113635
qwen35-9b,g24a_scifact_721,exclude_post,1,24.276130812411502
qwen35-9b,g24a_scifact_721,exclude_pre,1,13.459203516728502
qwen35-9b,g24a_scifact_734,admit_post,1,47.020118263651234
qwen35-9b,g24a_scifact_734,admit_pre,1,77.13140856640389
qwen35-9b,g24a_scifact_734,base,1,99.14856786472905
qwen35-9b,g24a_scifact_734,exclude_post,1,5.8224443827525905
qwen35-9b,g24a_scifact_734,exclude_pre,1,96.02318730979671
qwen35-9b,g24a_scifact_744,admit_post,1,99.55852118242993
qwen35-9b,g24a_scifact_744,admit_pre,1,99.43486264726995
qwen35-9b,g24a_scifact_744,base,1,98.85441651723262
qwen35-9b,g24a_scifact_744,exclude_post,1,0.014900100933890983
qwen35-9b,g24a_scifact_744,exclude_pre,1,99.95945343637715
qwen35-9b,g24a_scifact_749,admit_post,1,98.76972915875498
qwen35-9b,g24a_scifact_749,admit_pre,1,99.18910926866823
qwen35-9b,g24a_scifact_749,base,1,99.6276490242123
qwen35-9b,g24a_scifact_749,exclude_post,1,99.71604147317181
qwen35-9b,g24a_scifact_749,exclude_pre,1,99.27220879235047
qwen35-9b,g24a_scifact_752,admit_post,1,98.50268798431091
qwen35-9b,g24a_scifact_752,admit_pre,1,98.25922135984645
qwen35-9b,g24a_scifact_752,base,1,88.23931263352718
qwen35-9b,g24a_scifact_752,exclude_post,1,1.596921609731698
qwen35-9b,g24a_scifact_752,exclude_pre,1,98.6766630562025
qwen35-9b,g24a_scifact_756,admit_post,1,99.20795655375292
qwen35-9b,g24a_scifact_756,admit_pre,1,99.51339909816654
qwen35-9b,g24a_scifact_756,base,1,99.771336285019
qwen35-9b,g24a_scifact_756,exclude_post,1,97.39500935692499
qwen35-9b,g24a_scifact_756,exclude_pre,1,99.03368926783946
qwen35-9b,g24a_scifact_764,admit_post,-1,29.18769493173161
qwen35-9b,g24a_scifact_764,admit_pre,-1,27.14476700998134
qwen35-9b,g24a_scifact_764,base,-1,76.58211729584679
qwen35-9b,g24a_scifact_764,exclude_post,-1,9.580891173995816
qwen35-9b,g24a_scifact_764,exclude_pre,-1,23.752646640360478
qwen35-9b,g24a_scifact_784,admit_post,1,97.3434033058427
qwen35-9b,g24a_scifact_784,admit_pre,1,98.26188284344555
qwen35-9b,g24a_scifact_784,base,1,99.88275483049645
qwen35-9b,g24a_scifact_784,exclude_post,1,11.418818031930515
qwen35-9b,g24a_scifact_784,exclude_pre,1,97.21722868255053
qwen35-9b,g24a_scifact_789,admit_post,1,98.698658354138
qwen35-9b,g24a_scifact_789,admit_pre,1,88.98063084522579
qwen35-9b,g24a_scifact_789,base,1,99.77662903033723
qwen35-9b,g24a_scifact_789,exclude_post,1,99.97113012353475
qwen35-9b,g24a_scifact_789,exclude_pre,1,97.66427562157897
qwen35-9b,g24a_scifact_790,admit_post,-1,12.845991831370425
qwen35-9b,g24a_scifact_790,admit_pre,-1,9.370770210629745
qwen35-9b,g24a_scifact_790,base,-1,1.5513410283498925
qwen35-9b,g24a_scifact_790,exclude_post,-1,7.608645231210703
qwen35-9b,g24a_scifact_790,exclude_pre,-1,2.9591377387743947
qwen35-9b,g24a_scifact_792,admit_post,1,99.07164584490091
qwen35-9b,g24a_scifact_792,admit_pre,1,99.6610761623729
qwen35-9b,g24a_scifact_792,base,1,98.50337521334401
qwen35-9b,g24a_scifact_792,exclude_post,1,33.564269897547916
qwen35-9b,g24a_scifact_792,exclude_pre,1,98.49801340377704
qwen35-9b,g24a_scifact_793,admit_post,-1,0.01075657338572088
qwen35-9b,g24a_scifact_793,admit_pre,-1,0.007523868457477354
qwen35-9b,g24a_scifact_793,base,-1,0.021019374777019668
qwen35-9b,g24a_scifact_793,exclude_post,-1,0.026248023030053157
qwen35-9b,g24a_scifact_793,exclude_pre,-1,0.013304360435891194
qwen35-9b,g24a_scifact_795,admit_post,1,97.60464611340132
qwen35-9b,g24a_scifact_795,admit_pre,1,98.77912380212857
qwen35-9b,g24a_scifact_795,base,1,99.78235798423896
qwen35-9b,g24a_scifact_795,exclude_post,1,21.718368714906397
qwen35-9b,g24a_scifact_795,exclude_pre,1,97.85552341038539
qwen35-9b,g24a_scifact_797,admit_post,1,98.97674490354419
qwen35-9b,g24a_scifact_797,admit_pre,1,99.51379033558888
qwen35-9b,g24a_scifact_797,base,1,99.90102495669097
qwen35-9b,g24a_scifact_797,exclude_post,1,99.9884770803256
qwen35-9b,g24a_scifact_797,exclude_pre,1,99.99048351615968
qwen35-9b,g24a_scifact_798,admit_post,-1,0.07081663228740495
qwen35-9b,g24a_scifact_798,admit_pre,-1,0.06905858632530995
qwen35-9b,g24a_scifact_798,base,-1,1.886248906356904
qwen35-9b,g24a_scifact_798,exclude_post,-1,12.376815933407643
qwen35-9b,g24a_scifact_798,exclude_pre,-1,0.08887547040101529
qwen35-9b,g24a_scifact_804,admit_post,1,97.6505438329645
qwen35-9b,g24a_scifact_804,admit_pre,1,97.54436561376379
qwen35-9b,g24a_scifact_804,base,1,85.09242989889991
qwen35-9b,g24a_scifact_804,exclude_post,1,5.065733520542934
qwen35-9b,g24a_scifact_804,exclude_pre,1,7.5376701954967364
qwen35-9b,g24a_scifact_811,admit_post,-1,0.48380471979803286
qwen35-9b,g24a_scifact_811,admit_pre,-1,0.0050021441350749825
qwen35-9b,g24a_scifact_811,base,-1,0.2048774287923811
qwen35-9b,g24a_scifact_811,exclude_post,-1,30.81368365134436
qwen35-9b,g24a_scifact_811,exclude_pre,-1,0.0029009675538711785
qwen35-9b,g24a_scifact_837,admit_post,1,98.86788895612531
qwen35-9b,g24a_scifact_837,admit_pre,1,98.55564920805085
qwen35-9b,g24a_scifact_837,base,1,99.63817862889059
qwen35-9b,g24a_scifact_837,exclude_post,1,29.40836153899475
qwen35-9b,g24a_scifact_837,exclude_pre,1,96.93538422461735
qwen35-9b,g24a_scifact_839,admit_post,1,99.18635620122477
qwen35-9b,g24a_scifact_839,admit_pre,1,99.2175338871759
qwen35-9b,g24a_scifact_839,base,1,99.45760563478972
qwen35-9b,g24a_scifact_839,exclude_post,1,4.494624716374144
qwen35-9b,g24a_scifact_839,exclude_pre,1,98.86558809774561
qwen35-9b,g24a_scifact_860,admit_post,1,95.70624787435119
qwen35-9b,g24a_scifact_860,admit_pre,1,97.14821565341747
qwen35-9b,g24a_scifact_860,base,1,2.787799770296789
qwen35-9b,g24a_scifact_860,exclude_post,1,98.36738749865191
qwen35-9b,g24a_scifact_860,exclude_pre,1,99.93256842085339
qwen35-9b,g24a_scifact_88,admit_post,1,97.87311222450141
qwen35-9b,g24a_scifact_88,admit_pre,1,98.72806911242172
qwen35-9b,g24a_scifact_88,base,1,99.46292082761745
qwen35-9b,g24a_scifact_88,exclude_post,1,0.014809097308737593
qwen35-9b,g24a_scifact_88,exclude_pre,1,98.83932084763454
qwen35-9b,g24a_scifact_904,admit_post,1,97.66646494537139
qwen35-9b,g24a_scifact_904,admit_pre,1,99.58639705541333
qwen35-9b,g24a_scifact_904,base,1,95.21008836485412
qwen35-9b,g24a_scifact_904,exclude_post,1,0.527423973276643
qwen35-9b,g24a_scifact_904,exclude_pre,1,99.94134492032293
qwen35-9b,g24a_scifact_917,admit_post,1,99.08285088220131
qwen35-9b,g24a_scifact_917,admit_pre,1,99.45560771422265
qwen35-9b,g24a_scifact_917,base,1,29.484208514168945
qwen35-9b,g24a_scifact_917,exclude_post,1,17.52199826311294
qwen35-9b,g24a_scifact_917,exclude_pre,1,99.12492473710337
qwen35-9b,g24a_scifact_919,admit_post,1,98.67398255718871
qwen35-9b,g24a_scifact_919,admit_pre,1,98.1542410335618
qwen35-9b,g24a_scifact_919,base,1,99.07325824296396
qwen35-9b,g24a_scifact_919,exclude_post,1,31.538626426840487
qwen35-9b,g24a_scifact_919,exclude_pre,1,98.64885276844319
qwen35-9b,g24a_scifact_921,admit_post,1,77.83144588948011
qwen35-9b,g24a_scifact_921,admit_pre,1,63.785679143145316
qwen35-9b,g24a_scifact_921,base,1,91.6574445217139
qwen35-9b,g24a_scifact_921,exclude_post,1,21.051010542510173
qwen35-9b,g24a_scifact_921,exclude_pre,1,6.499105948518117
qwen35-9b,g24a_scifact_926,admit_post,1,19.231862842882606
qwen35-9b,g24a_scifact_926,admit_pre,1,12.677520258984414
qwen35-9b,g24a_scifact_926,base,1,80.78351512760976
qwen35-9b,g24a_scifact_926,exclude_post,1,31.85245071117269
qwen35-9b,g24a_scifact_926,exclude_pre,1,8.126781756692985
qwen35-9b,g24a_scifact_927,admit_post,-1,91.33516001546492
qwen35-9b,g24a_scifact_927,admit_pre,-1,96.8043146518123
qwen35-9b,g24a_scifact_927,base,-1,15.878124544155233
qwen35-9b,g24a_scifact_927,exclude_post,-1,41.359893836156985
qwen35-9b,g24a_scifact_927,exclude_pre,-1,72.55983985832819
qwen35-9b,g24a_scifact_935,admit_post,1,98.31435550724298
qwen35-9b,g24a_scifact_935,admit_pre,1,97.25683711941323
qwen35-9b,g24a_scifact_935,base,1,81.0394879944357
qwen35-9b,g24a_scifact_935,exclude_post,1,3.3313109698932064
qwen35-9b,g24a_scifact_935,exclude_pre,1,10.298567886525904
qwen35-9b,g24a_scifact_965,admit_post,1,98.50367587561874
qwen35-9b,g24a_scifact_965,admit_pre,1,97.73336191573786
qwen35-9b,g24a_scifact_965,base,1,99.75166603005485
qwen35-9b,g24a_scifact_965,exclude_post,1,12.35963862640758
qwen35-9b,g24a_scifact_965,exclude_pre,1,98.21437882396204
qwen35-9b,g24a_scifact_967,admit_post,1,98.78671189887103
qwen35-9b,g24a_scifact_967,admit_pre,1,99.62270595550287
qwen35-9b,g24a_scifact_967,base,1,99.56576341714857
qwen35-9b,g24a_scifact_967,exclude_post,1,7.801408603676723
qwen35-9b,g24a_scifact_967,exclude_pre,1,99.06171055852013
qwen35-9b,g24a_scifact_98,admit_post,-1,6.688272121447921
qwen35-9b,g24a_scifact_98,admit_pre,-1,0.03460766715974343
qwen35-9b,g24a_scifact_98,base,-1,8.489341652653296
qwen35-9b,g24a_scifact_98,exclude_post,-1,0.024189694567190674
qwen35-9b,g24a_scifact_98,exclude_pre,-1,0.03243106804164212
qwen35-9b,g24a_scifact_984,admit_post,1,97.55304015967508
qwen35-9b,g24a_scifact_984,admit_pre,1,98.61066385019302
qwen35-9b,g24a_scifact_984,base,1,99.55497571995174
qwen35-9b,g24a_scifact_984,exclude_post,1,33.1910955568786
qwen35-9b,g24a_scifact_984,exclude_pre,1,6.604119581168638
qwen35-9b,g24a_scifact_985,admit_post,1,72.2774992454683
qwen35-9b,g24a_scifact_985,admit_pre,1,72.09743363647218
qwen35-9b,g24a_scifact_985,base,1,99.70510027521739
qwen35-9b,g24a_scifact_985,exclude_post,1,1.9829188152551471
qwen35-9b,g24a_scifact_985,exclude_pre,1,65.79067885991032
