model,p2_id,item_id,arm,kind,value
mistral-small-24b,g24p2_000,g24p2_000_plus,plus,base,22.430139775274665
mistral-small-24b,g24p2_000,g24p2_000_plus,plus,admit_post,81.29410688605302
mistral-small-24b,g24p2_000,g24p2_000_plus,plus,exclude_post,19.969802855181218
mistral-small-24b,g24p2_000,g24p2_000_plus,plus,strong_exclude_post,52.815419102990546
mistral-small-24b,g24p2_000,g24p2_000_plus,plus,counterfactual_delete_post,39.62341875469176
mistral-small-24b,g24p2_000,g24p2_000_minus,minus,admit_post,8.919176930905866
mistral-small-24b,g24p2_000,g24p2_000_minus,minus,exclude_post,10.543632721395985
mistral-small-24b,g24p2_000,g24p2_000_minus,minus,strong_exclude_post,50.461485792969206
mistral-small-24b,g24p2_000,g24p2_000_minus,minus,counterfactual_delete_post,38.182775469405925
mistral-small-24b,g24p2_001,g24p2_001_plus,plus,base,0.06857210423285848
mistral-small-24b,g24p2_001,g24p2_001_plus,plus,admit_post,99.8812739469538
mistral-small-24b,g24p2_001,g24p2_001_plus,plus,exclude_post,65.7327884801406
mistral-small-24b,g24p2_001,g24p2_001_plus,plus,strong_exclude_post,94.28225425959806
mistral-small-24b,g24p2_001,g24p2_001_plus,plus,counterfactual_delete_post,42.71118572215276
mistral-small-24b,g24p2_001,g24p2_001_minus,minus,admit_post,0.04778348967550245
mistral-small-24b,g24p2_001,g24p2_001_minus,minus,exclude_post,29.684177304534046
mistral-small-24b,g24p2_001,g24p2_001_minus,minus,strong_exclude_post,5.946081790279931
mistral-small-24b,g24p2_001,g24p2_001_minus,minus,counterfactual_delete_post,43.50242656799682
mistral-small-24b,g24p2_002,g24p2_002_plus,plus,base,87.08479944978137
mistral-small-24b,g24p2_002,g24p2_002_plus,plus,admit_post,98.73405539479428
mistral-small-24b,g24p2_002,g24p2_002_plus,plus,exclude_post,39.43466102717477
mistral-small-24b,g24p2_002,g24p2_002_plus,plus,strong_exclude_post,56.27386928031776
mistral-small-24b,g24p2_002,g24p2_002_plus,plus,counterfactual_delete_post,50.09486543859004
mistral-small-24b,g24p2_002,g24p2_002_minus,minus,admit_post,16.38228845237963
mistral-small-24b,g24p2_002,g24p2_002_minus,minus,exclude_post,30.594308135928728
mistral-small-24b,g24p2_002,g24p2_002_minus,minus,strong_exclude_post,40.87527724272354
mistral-small-24b,g24p2_002,g24p2_002_minus,minus,counterfactual_delete_post,38.093437413004985
mistral-small-24b,g24p2_003,g24p2_003_plus,plus,base,71.0326913023713
mistral-small-24b,g24p2_003,g24p2_003_plus,plus,admit_post,99.31479052813437
mistral-small-24b,g24p2_003,g24p2_003_plus,plus,exclude_post,5.358403448716267
mistral-small-24b,g24p2_003,g24p2_003_plus,plus,strong_exclude_post,15.609529723952294
mistral-small-24b,g24p2_003,g24p2_003_plus,plus,counterfactual_delete_post,42.58714091776403
mistral-small-24b,g24p2_003,g24p2_003_minus,minus,admit_post,87.02162507123569
mistral-small-24b,g24p2_003,g24p2_003_minus,minus,exclude_post,46.48675185045257
mistral-small-24b,g24p2_003,g24p2_003_minus,minus,strong_exclude_post,31.291667971221337
mistral-small-24b,g24p2_003,g24p2_003_minus,minus,counterfactual_delete_post,43.46950251920563
mistral-small-24b,g24p2_004,g24p2_004_plus,plus,base,51.47622147324179
mistral-small-24b,g24p2_004,g24p2_004_plus,plus,admit_post,99.93115143654407
mistral-small-24b,g24p2_004,g24p2_004_plus,plus,exclude_post,8.688857561518748
mistral-small-24b,g24p2_004,g24p2_004_plus,plus,strong_exclude_post,2.325114842688029
mistral-small-24b,g24p2_004,g24p2_004_plus,plus,counterfactual_delete_post,28.175940040361596
mistral-small-24b,g24p2_004,g24p2_004_minus,minus,admit_post,89.82498559040035
mistral-small-24b,g24p2_004,g24p2_004_minus,minus,exclude_post,9.92974495107064
mistral-small-24b,g24p2_004,g24p2_004_minus,minus,strong_exclude_post,9.819044413173826
mistral-small-24b,g24p2_004,g24p2_004_minus,minus,counterfactual_delete_post,31.87435546615306
mistral-small-24b,g24p2_005,g24p2_005_plus,plus,base,12.31209973281362
mistral-small-24b,g24p2_005,g24p2_005_plus,plus,admit_post,98.22714491828266
mistral-small-24b,g24p2_005,g24p2_005_plus,plus,exclude_post,22.63425369875944
mistral-small-24b,g24p2_005,g24p2_005_plus,plus,strong_exclude_post,14.332757483291529
mistral-small-24b,g24p2_005,g24p2_005_plus,plus,counterfactual_delete_post,54.38107836282508
mistral-small-24b,g24p2_005,g24p2_005_minus,minus,admit_post,12.00804012457439
mistral-small-24b,g24p2_005,g24p2_005_minus,minus,exclude_post,27.536075338159698
mistral-small-24b,g24p2_005,g24p2_005_minus,minus,strong_exclude_post,14.393833452466993
mistral-small-24b,g24p2_005,g24p2_005_minus,minus,counterfactual_delete_post,36.055214711070704
mistral-small-24b,g24p2_006,g24p2_006_plus,plus,base,83.66982947197282
mistral-small-24b,g24p2_006,g24p2_006_plus,plus,admit_post,75.60590913467234
mistral-small-24b,g24p2_006,g24p2_006_plus,plus,exclude_post,20.927882690311634
mistral-small-24b,g24p2_006,g24p2_006_plus,plus,strong_exclude_post,41.46517539786414
mistral-small-24b,g24p2_006,g24p2_006_plus,plus,counterfactual_delete_post,49.24298586584829
mistral-small-24b,g24p2_006,g24p2_006_minus,minus,admit_post,11.351920658748345
mistral-small-24b,g24p2_006,g24p2_006_minus,minus,exclude_post,27.874714153559957
mistral-small-24b,g24p2_006,g24p2_006_minus,minus,strong_exclude_post,38.63508283785188
mistral-small-24b,g24p2_006,g24p2_006_minus,minus,counterfactual_delete_post,49.696447067716115
mistral-small-24b,g24p2_010,g24p2_010_plus,plus,base,13.62125218568983
mistral-small-24b,g24p2_010,g24p2_010_plus,plus,admit_post,12.562243097774417
mistral-small-24b,g24p2_010,g24p2_010_plus,plus,exclude_post,33.93828011248384
mistral-small-24b,g24p2_010,g24p2_010_plus,plus,strong_exclude_post,77.57299673751879
mistral-small-24b,g24p2_010,g24p2_010_plus,plus,counterfactual_delete_post,41.82088775230449
mistral-small-24b,g24p2_010,g24p2_010_minus,minus,admit_post,13.185227341971515
mistral-small-24b,g24p2_010,g24p2_010_minus,minus,exclude_post,34.78651589665262
mistral-small-24b,g24p2_010,g24p2_010_minus,minus,strong_exclude_post,37.65000744487226
mistral-small-24b,g24p2_010,g24p2_010_minus,minus,counterfactual_delete_post,34.236867907866184
mistral-small-24b,g24p2_011,g24p2_011_plus,plus,base,99.65246733894213
mistral-small-24b,g24p2_011,g24p2_011_plus,plus,admit_post,98.3087978785069
mistral-small-24b,g24p2_011,g24p2_011_plus,plus,exclude_post,40.6822215703397
mistral-small-24b,g24p2_011,g24p2_011_plus,plus,strong_exclude_post,59.4655006692732
mistral-small-24b,g24p2_011,g24p2_011_plus,plus,counterfactual_delete_post,68.88236244645037
mistral-small-24b,g24p2_011,g24p2_011_minus,minus,admit_post,5.74716905359291
mistral-small-24b,g24p2_011,g24p2_011_minus,minus,exclude_post,28.51769240696224
mistral-small-24b,g24p2_011,g24p2_011_minus,minus,strong_exclude_post,50.1858740321733
mistral-small-24b,g24p2_011,g24p2_011_minus,minus,counterfactual_delete_post,54.52855521358757
mistral-small-24b,g24p2_012,g24p2_012_plus,plus,base,56.224415706263486
mistral-small-24b,g24p2_012,g24p2_012_plus,plus,admit_post,98.84202957525837
mistral-small-24b,g24p2_012,g24p2_012_plus,plus,exclude_post,22.4515395620704
mistral-small-24b,g24p2_012,g24p2_012_plus,plus,strong_exclude_post,10.138824382901158
mistral-small-24b,g24p2_012,g24p2_012_plus,plus,counterfactual_delete_post,35.50840045047047
mistral-small-24b,g24p2_012,g24p2_012_minus,minus,admit_post,10.982234847344223
mistral-small-24b,g24p2_012,g24p2_012_minus,minus,exclude_post,3.405266613267349
mistral-small-24b,g24p2_012,g24p2_012_minus,minus,strong_exclude_post,8.957724381564802
mistral-small-24b,g24p2_012,g24p2_012_minus,minus,counterfactual_delete_post,9.287625822975809
mistral-small-24b,g24p2_014,g24p2_014_plus,plus,base,58.25215478036854
mistral-small-24b,g24p2_014,g24p2_014_plus,plus,admit_post,99.8474079432211
mistral-small-24b,g24p2_014,g24p2_014_plus,plus,exclude_post,27.797680414219137
mistral-small-24b,g24p2_014,g24p2_014_plus,plus,strong_exclude_post,14.093459198368251
mistral-small-24b,g24p2_014,g24p2_014_plus,plus,counterfactual_delete_post,24.9303784893563
mistral-small-24b,g24p2_014,g24p2_014_minus,minus,admit_post,0.03217893926429572
mistral-small-24b,g24p2_014,g24p2_014_minus,minus,exclude_post,27.76387300393883
mistral-small-24b,g24p2_014,g24p2_014_minus,minus,strong_exclude_post,45.298551327160325
mistral-small-24b,g24p2_014,g24p2_014_minus,minus,counterfactual_delete_post,32.170517646702365
mistral-small-24b,g24p2_015,g24p2_015_plus,plus,base,46.36669020680501
mistral-small-24b,g24p2_015,g24p2_015_plus,plus,admit_post,99.71008919240988
mistral-small-24b,g24p2_015,g24p2_015_plus,plus,exclude_post,21.854665607304213
mistral-small-24b,g24p2_015,g24p2_015_plus,plus,strong_exclude_post,55.405997275609366
mistral-small-24b,g24p2_015,g24p2_015_plus,plus,counterfactual_delete_post,77.00838030905108
mistral-small-24b,g24p2_015,g24p2_015_minus,minus,admit_post,18.425570143309518
mistral-small-24b,g24p2_015,g24p2_015_minus,minus,exclude_post,16.968817458303203
mistral-small-24b,g24p2_015,g24p2_015_minus,minus,strong_exclude_post,6.2839885875993975
mistral-small-24b,g24p2_015,g24p2_015_minus,minus,counterfactual_delete_post,32.383976907113286
mistral-small-24b,g24p2_016,g24p2_016_plus,plus,base,62.13641581136321
mistral-small-24b,g24p2_016,g24p2_016_plus,plus,admit_post,91.12355502237064
mistral-small-24b,g24p2_016,g24p2_016_plus,plus,exclude_post,33.56158341783072
mistral-small-24b,g24p2_016,g24p2_016_plus,plus,strong_exclude_post,27.7042155992569
mistral-small-24b,g24p2_016,g24p2_016_plus,plus,counterfactual_delete_post,33.23599790785233
mistral-small-24b,g24p2_016,g24p2_016_minus,minus,admit_post,7.031558257835372
mistral-small-24b,g24p2_016,g24p2_016_minus,minus,exclude_post,2.3236607261016946
mistral-small-24b,g24p2_016,g24p2_016_minus,minus,strong_exclude_post,34.68807279101614
mistral-small-24b,g24p2_016,g24p2_016_minus,minus,counterfactual_delete_post,46.58185277322408
mistral-small-24b,g24p2_017,g24p2_017_plus,plus,base,99.89975231057605
mistral-small-24b,g24p2_017,g24p2_017_plus,plus,admit_post,99.9297755841841
mistral-small-24b,g24p2_017,g24p2_017_plus,plus,exclude_post,10.138991128999415
mistral-small-24b,g24p2_017,g24p2_017_plus,plus,strong_exclude_post,85.98670924306532
mistral-small-24b,g24p2_017,g24p2_017_plus,plus,counterfactual_delete_post,40.36347647774229
mistral-small-24b,g24p2_017,g24p2_017_minus,minus,admit_post,8.538385325393012
mistral-small-24b,g24p2_017,g24p2_017_minus,minus,exclude_post,7.6000615273835495
mistral-small-24b,g24p2_017,g24p2_017_minus,minus,strong_exclude_post,86.06476297731531
mistral-small-24b,g24p2_017,g24p2_017_minus,minus,counterfactual_delete_post,40.487573341442456
mistral-small-24b,g24p2_018,g24p2_018_plus,plus,base,99.14335256978895
mistral-small-24b,g24p2_018,g24p2_018_plus,plus,admit_post,99.92159924732849
mistral-small-24b,g24p2_018,g24p2_018_plus,plus,exclude_post,33.299120574175916
mistral-small-24b,g24p2_018,g24p2_018_plus,plus,strong_exclude_post,54.27840461112355
mistral-small-24b,g24p2_018,g24p2_018_plus,plus,counterfactual_delete_post,26.572461338452953
mistral-small-24b,g24p2_018,g24p2_018_minus,minus,admit_post,10.939210301163968
mistral-small-24b,g24p2_018,g24p2_018_minus,minus,exclude_post,5.162427187833378
mistral-small-24b,g24p2_018,g24p2_018_minus,minus,strong_exclude_post,97.81532249182914
mistral-small-24b,g24p2_018,g24p2_018_minus,minus,counterfactual_delete_post,32.6563263354836
mistral-small-24b,g24p2_019,g24p2_019_plus,plus,base,34.09200186748402
mistral-small-24b,g24p2_019,g24p2_019_plus,plus,admit_post,93.47963924200603
mistral-small-24b,g24p2_019,g24p2_019_plus,plus,exclude_post,26.363385276841672
mistral-small-24b,g24p2_019,g24p2_019_plus,plus,strong_exclude_post,9.985836159418346
mistral-small-24b,g24p2_019,g24p2_019_plus,plus,counterfactual_delete_post,20.683579764637024
mistral-small-24b,g24p2_019,g24p2_019_minus,minus,admit_post,89.50392714330299
mistral-small-24b,g24p2_019,g24p2_019_minus,minus,exclude_post,29.23525545667838
mistral-small-24b,g24p2_019,g24p2_019_minus,minus,strong_exclude_post,18.360821872472307
mistral-small-24b,g24p2_019,g24p2_019_minus,minus,counterfactual_delete_post,36.02599706597807
mistral-small-24b,g24p2_020,g24p2_020_plus,plus,base,0.4678545549757103
mistral-small-24b,g24p2_020,g24p2_020_plus,plus,admit_post,99.60617827884764
mistral-small-24b,g24p2_020,g24p2_020_plus,plus,exclude_post,4.3973381497027475
mistral-small-24b,g24p2_020,g24p2_020_plus,plus,strong_exclude_post,20.212191676724604
mistral-small-24b,g24p2_020,g24p2_020_plus,plus,counterfactual_delete_post,36.56391022088739
mistral-small-24b,g24p2_020,g24p2_020_minus,minus,admit_post,0.056333536057358434
mistral-small-24b,g24p2_020,g24p2_020_minus,minus,exclude_post,0.8822770649348773
mistral-small-24b,g24p2_020,g24p2_020_minus,minus,strong_exclude_post,18.36618238080341
mistral-small-24b,g24p2_020,g24p2_020_minus,minus,counterfactual_delete_post,45.62505329356724
mistral-small-24b,g24p2_021,g24p2_021_plus,plus,base,99.76031541696871
mistral-small-24b,g24p2_021,g24p2_021_plus,plus,admit_post,99.95526791838046
mistral-small-24b,g24p2_021,g24p2_021_plus,plus,exclude_post,24.116329155886124
mistral-small-24b,g24p2_021,g24p2_021_plus,plus,strong_exclude_post,69.58561776396309
mistral-small-24b,g24p2_021,g24p2_021_plus,plus,counterfactual_delete_post,33.601662550305825
mistral-small-24b,g24p2_021,g24p2_021_minus,minus,admit_post,0.05724759753962272
mistral-small-24b,g24p2_021,g24p2_021_minus,minus,exclude_post,40.850956915538696
mistral-small-24b,g24p2_021,g24p2_021_minus,minus,strong_exclude_post,36.18437275366096
mistral-small-24b,g24p2_021,g24p2_021_minus,minus,counterfactual_delete_post,36.16916701738947
mistral-small-24b,g24p2_023,g24p2_023_plus,plus,base,99.4931275917149
mistral-small-24b,g24p2_023,g24p2_023_plus,plus,admit_post,99.39886687925119
mistral-small-24b,g24p2_023,g24p2_023_plus,plus,exclude_post,18.96192681381371
mistral-small-24b,g24p2_023,g24p2_023_plus,plus,strong_exclude_post,88.53937208118731
mistral-small-24b,g24p2_023,g24p2_023_plus,plus,counterfactual_delete_post,45.98599610276555
mistral-small-24b,g24p2_023,g24p2_023_minus,minus,admit_post,9.178782859844077
mistral-small-24b,g24p2_023,g24p2_023_minus,minus,exclude_post,6.484761605057873
mistral-small-24b,g24p2_023,g24p2_023_minus,minus,strong_exclude_post,85.83677097660971
mistral-small-24b,g24p2_023,g24p2_023_minus,minus,counterfactual_delete_post,84.60190285643314
mistral-small-24b,g24p2_024,g24p2_024_plus,plus,base,39.54378262034355
mistral-small-24b,g24p2_024,g24p2_024_plus,plus,admit_post,99.80773858847596
mistral-small-24b,g24p2_024,g24p2_024_plus,plus,exclude_post,30.446816299383233
mistral-small-24b,g24p2_024,g24p2_024_plus,plus,strong_exclude_post,32.70014606125214
mistral-small-24b,g24p2_024,g24p2_024_plus,plus,counterfactual_delete_post,53.81726647109045
mistral-small-24b,g24p2_024,g24p2_024_minus,minus,admit_post,95.43251917456551
mistral-small-24b,g24p2_024,g24p2_024_minus,minus,exclude_post,16.997660931261223
mistral-small-24b,g24p2_024,g24p2_024_minus,minus,strong_exclude_post,18.806589987507916
mistral-small-24b,g24p2_024,g24p2_024_minus,minus,counterfactual_delete_post,37.402391613074684
mistral-small-24b,g24p2_026,g24p2_026_plus,plus,base,14.09373589403628
mistral-small-24b,g24p2_026,g24p2_026_plus,plus,admit_post,99.88601667507271
mistral-small-24b,g24p2_026,g24p2_026_plus,plus,exclude_post,28.737194218796446
mistral-small-24b,g24p2_026,g24p2_026_plus,plus,strong_exclude_post,17.89480929893101
mistral-small-24b,g24p2_026,g24p2_026_plus,plus,counterfactual_delete_post,38.15372298089745
mistral-small-24b,g24p2_026,g24p2_026_minus,minus,admit_post,0.043593455969777914
mistral-small-24b,g24p2_026,g24p2_026_minus,minus,exclude_post,36.87881167819643
mistral-small-24b,g24p2_026,g24p2_026_minus,minus,strong_exclude_post,31.39046258004358
mistral-small-24b,g24p2_026,g24p2_026_minus,minus,counterfactual_delete_post,41.11177593952322
mistral-small-24b,g24p2_027,g24p2_027_plus,plus,base,99.75156301932496
mistral-small-24b,g24p2_027,g24p2_027_plus,plus,admit_post,99.87591716892997
mistral-small-24b,g24p2_027,g24p2_027_plus,plus,exclude_post,34.58509495482163
mistral-small-24b,g24p2_027,g24p2_027_plus,plus,strong_exclude_post,80.7057324020701
mistral-small-24b,g24p2_027,g24p2_027_plus,plus,counterfactual_delete_post,84.67055003261753
mistral-small-24b,g24p2_027,g24p2_027_minus,minus,admit_post,4.197835739630098
mistral-small-24b,g24p2_027,g24p2_027_minus,minus,exclude_post,99.26159161349275
mistral-small-24b,g24p2_027,g24p2_027_minus,minus,strong_exclude_post,99.20768680893696
mistral-small-24b,g24p2_027,g24p2_027_minus,minus,counterfactual_delete_post,71.76260100184852
mistral-small-24b,g24p2_028,g24p2_028_plus,plus,base,1.2064411626977631
mistral-small-24b,g24p2_028,g24p2_028_plus,plus,admit_post,99.904977244411
mistral-small-24b,g24p2_028,g24p2_028_plus,plus,exclude_post,9.210486509442902
mistral-small-24b,g24p2_028,g24p2_028_plus,plus,strong_exclude_post,16.022583893648765
mistral-small-24b,g24p2_028,g24p2_028_plus,plus,counterfactual_delete_post,33.2353087869004
mistral-small-24b,g24p2_028,g24p2_028_minus,minus,admit_post,8.226397733304085
mistral-small-24b,g24p2_028,g24p2_028_minus,minus,exclude_post,2.79827405124394
mistral-small-24b,g24p2_028,g24p2_028_minus,minus,strong_exclude_post,26.20808427320192
mistral-small-24b,g24p2_028,g24p2_028_minus,minus,counterfactual_delete_post,42.64002659759367
mistral-small-24b,g24p2_029,g24p2_029_plus,plus,base,45.03458900787187
mistral-small-24b,g24p2_029,g24p2_029_plus,plus,admit_post,99.94138601315434
mistral-small-24b,g24p2_029,g24p2_029_plus,plus,exclude_post,10.639618607748536
mistral-small-24b,g24p2_029,g24p2_029_plus,plus,strong_exclude_post,35.198217460931005
mistral-small-24b,g24p2_029,g24p2_029_plus,plus,counterfactual_delete_post,35.82327102453024
mistral-small-24b,g24p2_029,g24p2_029_minus,minus,admit_post,6.229164420375449
mistral-small-24b,g24p2_029,g24p2_029_minus,minus,exclude_post,6.07044765983825
mistral-small-24b,g24p2_029,g24p2_029_minus,minus,strong_exclude_post,5.2916728969674995
mistral-small-24b,g24p2_029,g24p2_029_minus,minus,counterfactual_delete_post,27.204149694133054
mistral-small-24b,g24p2_033,g24p2_033_plus,plus,base,9.394499730099406
mistral-small-24b,g24p2_033,g24p2_033_plus,plus,admit_post,93.36694494220603
mistral-small-24b,g24p2_033,g24p2_033_plus,plus,exclude_post,1.9845216389556457
mistral-small-24b,g24p2_033,g24p2_033_plus,plus,strong_exclude_post,27.79767949147744
mistral-small-24b,g24p2_033,g24p2_033_plus,plus,counterfactual_delete_post,44.19910872934058
mistral-small-24b,g24p2_033,g24p2_033_minus,minus,admit_post,14.329672162190544
mistral-small-24b,g24p2_033,g24p2_033_minus,minus,exclude_post,44.45438071100349
mistral-small-24b,g24p2_033,g24p2_033_minus,minus,strong_exclude_post,31.314199138864222
mistral-small-24b,g24p2_033,g24p2_033_minus,minus,counterfactual_delete_post,46.2778162067679
mistral-small-24b,g24p2_034,g24p2_034_plus,plus,base,79.03113869604958
mistral-small-24b,g24p2_034,g24p2_034_plus,plus,admit_post,99.74736548139174
mistral-small-24b,g24p2_034,g24p2_034_plus,plus,exclude_post,28.554044366918237
mistral-small-24b,g24p2_034,g24p2_034_plus,plus,strong_exclude_post,78.48145072202
mistral-small-24b,g24p2_034,g24p2_034_plus,plus,counterfactual_delete_post,40.558054212434875
mistral-small-24b,g24p2_034,g24p2_034_minus,minus,admit_post,28.067002922455245
mistral-small-24b,g24p2_034,g24p2_034_minus,minus,exclude_post,30.233059953345382
mistral-small-24b,g24p2_034,g24p2_034_minus,minus,strong_exclude_post,76.24373894349134
mistral-small-24b,g24p2_034,g24p2_034_minus,minus,counterfactual_delete_post,44.30290318894154
mistral-small-24b,g24p2_035,g24p2_035_plus,plus,base,8.299220141892423
mistral-small-24b,g24p2_035,g24p2_035_plus,plus,admit_post,99.20601922040322
mistral-small-24b,g24p2_035,g24p2_035_plus,plus,exclude_post,1.9152310107026689
mistral-small-24b,g24p2_035,g24p2_035_plus,plus,strong_exclude_post,2.5369753917954037
mistral-small-24b,g24p2_035,g24p2_035_plus,plus,counterfactual_delete_post,22.96674305496721
mistral-small-24b,g24p2_035,g24p2_035_minus,minus,admit_post,98.98481419015826
mistral-small-24b,g24p2_035,g24p2_035_minus,minus,exclude_post,7.0340564257140175
mistral-small-24b,g24p2_035,g24p2_035_minus,minus,strong_exclude_post,5.6675930850819825
mistral-small-24b,g24p2_035,g24p2_035_minus,minus,counterfactual_delete_post,32.94070590134935
mistral-small-24b,g24p2_036,g24p2_036_plus,plus,base,93.84823559647967
mistral-small-24b,g24p2_036,g24p2_036_plus,plus,admit_post,99.70548715142742
mistral-small-24b,g24p2_036,g24p2_036_plus,plus,exclude_post,17.71017334600256
mistral-small-24b,g24p2_036,g24p2_036_plus,plus,strong_exclude_post,86.99660513697359
mistral-small-24b,g24p2_036,g24p2_036_plus,plus,counterfactual_delete_post,90.56465128616183
mistral-small-24b,g24p2_036,g24p2_036_minus,minus,admit_post,9.221557980302647
mistral-small-24b,g24p2_036,g24p2_036_minus,minus,exclude_post,92.30344446772102
mistral-small-24b,g24p2_036,g24p2_036_minus,minus,strong_exclude_post,91.78653756897265
mistral-small-24b,g24p2_036,g24p2_036_minus,minus,counterfactual_delete_post,88.49409401236245
mistral-small-24b,g24p2_037,g24p2_037_plus,plus,base,18.836356410662418
mistral-small-24b,g24p2_037,g24p2_037_plus,plus,admit_post,98.64672444861979
mistral-small-24b,g24p2_037,g24p2_037_plus,plus,exclude_post,18.742716072940837
mistral-small-24b,g24p2_037,g24p2_037_plus,plus,strong_exclude_post,11.069829990447424
mistral-small-24b,g24p2_037,g24p2_037_plus,plus,counterfactual_delete_post,32.60771315527836
mistral-small-24b,g24p2_037,g24p2_037_minus,minus,admit_post,99.88458934272943
mistral-small-24b,g24p2_037,g24p2_037_minus,minus,exclude_post,18.153888955518255
mistral-small-24b,g24p2_037,g24p2_037_minus,minus,strong_exclude_post,19.63354074433134
mistral-small-24b,g24p2_037,g24p2_037_minus,minus,counterfactual_delete_post,32.57427885966041
mistral-small-24b,g24p2_038,g24p2_038_plus,plus,base,73.77939730437312
mistral-small-24b,g24p2_038,g24p2_038_plus,plus,admit_post,99.73082916039668
mistral-small-24b,g24p2_038,g24p2_038_plus,plus,exclude_post,16.557088010140276
mistral-small-24b,g24p2_038,g24p2_038_plus,plus,strong_exclude_post,8.852986438064436
mistral-small-24b,g24p2_038,g24p2_038_plus,plus,counterfactual_delete_post,39.81350467100331
mistral-small-24b,g24p2_038,g24p2_038_minus,minus,admit_post,95.52383778473678
mistral-small-24b,g24p2_038,g24p2_038_minus,minus,exclude_post,19.836402822154486
mistral-small-24b,g24p2_038,g24p2_038_minus,minus,strong_exclude_post,6.235497986776041
mistral-small-24b,g24p2_038,g24p2_038_minus,minus,counterfactual_delete_post,28.259605516504116
mistral-small-24b,g24p2_039,g24p2_039_plus,plus,base,0.20949171912268258
mistral-small-24b,g24p2_039,g24p2_039_plus,plus,admit_post,99.60666048298
mistral-small-24b,g24p2_039,g24p2_039_plus,plus,exclude_post,14.04169565506601
mistral-small-24b,g24p2_039,g24p2_039_plus,plus,strong_exclude_post,11.207361215991297
mistral-small-24b,g24p2_039,g24p2_039_plus,plus,counterfactual_delete_post,26.2741961618652
mistral-small-24b,g24p2_039,g24p2_039_minus,minus,admit_post,0.04720614491100734
mistral-small-24b,g24p2_039,g24p2_039_minus,minus,exclude_post,8.970284360458676
mistral-small-24b,g24p2_039,g24p2_039_minus,minus,strong_exclude_post,24.182071588305057
mistral-small-24b,g24p2_039,g24p2_039_minus,minus,counterfactual_delete_post,23.531477678120623
mistral-small-24b,g24p2_040,g24p2_040_plus,plus,base,99.82680804956355
mistral-small-24b,g24p2_040,g24p2_040_plus,plus,admit_post,86.5805042079674
mistral-small-24b,g24p2_040,g24p2_040_plus,plus,exclude_post,99.5343800261984
mistral-small-24b,g24p2_040,g24p2_040_plus,plus,strong_exclude_post,97.90233634798993
mistral-small-24b,g24p2_040,g24p2_040_plus,plus,counterfactual_delete_post,99.76853389044354
mistral-small-24b,g24p2_040,g24p2_040_minus,minus,admit_post,28.64123930946376
mistral-small-24b,g24p2_040,g24p2_040_minus,minus,exclude_post,99.78394992719335
mistral-small-24b,g24p2_040,g24p2_040_minus,minus,strong_exclude_post,35.77108233739042
mistral-small-24b,g24p2_040,g24p2_040_minus,minus,counterfactual_delete_post,95.00276097604947
mistral-small-24b,g24p2_041,g24p2_041_plus,plus,base,0.5767625499727335
mistral-small-24b,g24p2_041,g24p2_041_plus,plus,admit_post,0.1465810449827003
mistral-small-24b,g24p2_041,g24p2_041_plus,plus,exclude_post,18.913057412790963
mistral-small-24b,g24p2_041,g24p2_041_plus,plus,strong_exclude_post,77.62393863946653
mistral-small-24b,g24p2_041,g24p2_041_plus,plus,counterfactual_delete_post,45.71752633803599
mistral-small-24b,g24p2_041,g24p2_041_minus,minus,admit_post,0.06364261753198754
mistral-small-24b,g24p2_041,g24p2_041_minus,minus,exclude_post,17.638210762455312
mistral-small-24b,g24p2_041,g24p2_041_minus,minus,strong_exclude_post,17.45865620968384
mistral-small-24b,g24p2_041,g24p2_041_minus,minus,counterfactual_delete_post,73.22243667057114
mistral-small-24b,g24p2_043,g24p2_043_plus,plus,base,99.75637807394027
mistral-small-24b,g24p2_043,g24p2_043_plus,plus,admit_post,99.9711697378183
mistral-small-24b,g24p2_043,g24p2_043_plus,plus,exclude_post,43.820061093767464
mistral-small-24b,g24p2_043,g24p2_043_plus,plus,strong_exclude_post,65.88430884096572
mistral-small-24b,g24p2_043,g24p2_043_plus,plus,counterfactual_delete_post,35.48174957861102
mistral-small-24b,g24p2_043,g24p2_043_minus,minus,admit_post,0.04822097360585338
mistral-small-24b,g24p2_043,g24p2_043_minus,minus,exclude_post,24.830777637160164
mistral-small-24b,g24p2_043,g24p2_043_minus,minus,strong_exclude_post,35.925062283846756
mistral-small-24b,g24p2_043,g24p2_043_minus,minus,counterfactual_delete_post,39.58593344188456
mistral-small-24b,g24p2_044,g24p2_044_plus,plus,base,1.9000828139752817
mistral-small-24b,g24p2_044,g24p2_044_plus,plus,admit_post,99.87329565185976
mistral-small-24b,g24p2_044,g24p2_044_plus,plus,exclude_post,24.07163319868293
mistral-small-24b,g24p2_044,g24p2_044_plus,plus,strong_exclude_post,87.15457428038026
mistral-small-24b,g24p2_044,g24p2_044_plus,plus,counterfactual_delete_post,58.44485035855462
mistral-small-24b,g24p2_044,g24p2_044_minus,minus,admit_post,10.814502146803783
mistral-small-24b,g24p2_044,g24p2_044_minus,minus,exclude_post,11.514748111846052
mistral-small-24b,g24p2_044,g24p2_044_minus,minus,strong_exclude_post,44.241980084144984
mistral-small-24b,g24p2_044,g24p2_044_minus,minus,counterfactual_delete_post,43.23181820653969
mistral-small-24b,g24p2_046,g24p2_046_plus,plus,base,10.40652916450273
mistral-small-24b,g24p2_046,g24p2_046_plus,plus,admit_post,91.82675005287514
mistral-small-24b,g24p2_046,g24p2_046_plus,plus,exclude_post,11.639979847085517
mistral-small-24b,g24p2_046,g24p2_046_plus,plus,strong_exclude_post,1.864540347528428
mistral-small-24b,g24p2_046,g24p2_046_plus,plus,counterfactual_delete_post,4.59334617648614
mistral-small-24b,g24p2_046,g24p2_046_minus,minus,admit_post,1.189556703301309
mistral-small-24b,g24p2_046,g24p2_046_minus,minus,exclude_post,11.156662459628937
mistral-small-24b,g24p2_046,g24p2_046_minus,minus,strong_exclude_post,1.2421316475458333
mistral-small-24b,g24p2_046,g24p2_046_minus,minus,counterfactual_delete_post,3.3786799996717347
mistral-small-24b,g24p2_047,g24p2_047_plus,plus,base,8.279657739616589
mistral-small-24b,g24p2_047,g24p2_047_plus,plus,admit_post,99.91321129004902
mistral-small-24b,g24p2_047,g24p2_047_plus,plus,exclude_post,32.35807250387598
mistral-small-24b,g24p2_047,g24p2_047_plus,plus,strong_exclude_post,14.719718555154536
mistral-small-24b,g24p2_047,g24p2_047_plus,plus,counterfactual_delete_post,78.27531021525091
mistral-small-24b,g24p2_047,g24p2_047_minus,minus,admit_post,0.06858908435049695
mistral-small-24b,g24p2_047,g24p2_047_minus,minus,exclude_post,86.21249686055941
mistral-small-24b,g24p2_047,g24p2_047_minus,minus,strong_exclude_post,10.817066652517644
mistral-small-24b,g24p2_047,g24p2_047_minus,minus,counterfactual_delete_post,63.42745185764363
mistral-small-24b,g24p2_048,g24p2_048_plus,plus,base,0.4296201625772859
mistral-small-24b,g24p2_048,g24p2_048_plus,plus,admit_post,99.9355977542435
mistral-small-24b,g24p2_048,g24p2_048_plus,plus,exclude_post,39.704358203422224
mistral-small-24b,g24p2_048,g24p2_048_plus,plus,strong_exclude_post,29.713550361275768
mistral-small-24b,g24p2_048,g24p2_048_plus,plus,counterfactual_delete_post,34.94781400463085
mistral-small-24b,g24p2_048,g24p2_048_minus,minus,admit_post,0.08325945621906997
mistral-small-24b,g24p2_048,g24p2_048_minus,minus,exclude_post,40.90346540246098
mistral-small-24b,g24p2_048,g24p2_048_minus,minus,strong_exclude_post,26.961319102988057
mistral-small-24b,g24p2_048,g24p2_048_minus,minus,counterfactual_delete_post,46.95496023449103
mistral-small-24b,g24p2_049,g24p2_049_plus,plus,base,85.64292668197392
mistral-small-24b,g24p2_049,g24p2_049_plus,plus,admit_post,99.85728597907932
mistral-small-24b,g24p2_049,g24p2_049_plus,plus,exclude_post,16.68785700319122
mistral-small-24b,g24p2_049,g24p2_049_plus,plus,strong_exclude_post,26.825890670150454
mistral-small-24b,g24p2_049,g24p2_049_plus,plus,counterfactual_delete_post,35.36646455158892
mistral-small-24b,g24p2_049,g24p2_049_minus,minus,admit_post,0.06642535491012246
mistral-small-24b,g24p2_049,g24p2_049_minus,minus,exclude_post,87.34576182500071
mistral-small-24b,g24p2_049,g24p2_049_minus,minus,strong_exclude_post,36.60581289906295
mistral-small-24b,g24p2_049,g24p2_049_minus,minus,counterfactual_delete_post,49.12431062541998
mistral-small-24b,g24p2_051,g24p2_051_plus,plus,base,93.45236679060423
mistral-small-24b,g24p2_051,g24p2_051_plus,plus,admit_post,13.451135327189993
mistral-small-24b,g24p2_051,g24p2_051_plus,plus,exclude_post,36.92344873943863
mistral-small-24b,g24p2_051,g24p2_051_plus,plus,strong_exclude_post,46.90386321079913
mistral-small-24b,g24p2_051,g24p2_051_plus,plus,counterfactual_delete_post,48.28328727281195
mistral-small-24b,g24p2_051,g24p2_051_minus,minus,admit_post,0.053728743271478335
mistral-small-24b,g24p2_051,g24p2_051_minus,minus,exclude_post,46.81474649657634
mistral-small-24b,g24p2_051,g24p2_051_minus,minus,strong_exclude_post,47.68481336431965
mistral-small-24b,g24p2_051,g24p2_051_minus,minus,counterfactual_delete_post,44.73978107459636
mistral-small-24b,g24p2_053,g24p2_053_plus,plus,base,45.34569907374969
mistral-small-24b,g24p2_053,g24p2_053_plus,plus,admit_post,99.9410578713041
mistral-small-24b,g24p2_053,g24p2_053_plus,plus,exclude_post,27.653873796816196
mistral-small-24b,g24p2_053,g24p2_053_plus,plus,strong_exclude_post,43.72754953836053
mistral-small-24b,g24p2_053,g24p2_053_plus,plus,counterfactual_delete_post,42.32103160161383
mistral-small-24b,g24p2_053,g24p2_053_minus,minus,admit_post,13.173351336015964
mistral-small-24b,g24p2_053,g24p2_053_minus,minus,exclude_post,21.163035335675996
mistral-small-24b,g24p2_053,g24p2_053_minus,minus,strong_exclude_post,22.62568085171337
mistral-small-24b,g24p2_053,g24p2_053_minus,minus,counterfactual_delete_post,39.063392061965175
mistral-small-24b,g24p2_054,g24p2_054_plus,plus,base,9.091652332740619
mistral-small-24b,g24p2_054,g24p2_054_plus,plus,admit_post,91.58425817957269
mistral-small-24b,g24p2_054,g24p2_054_plus,plus,exclude_post,88.85910430386747
mistral-small-24b,g24p2_054,g24p2_054_plus,plus,strong_exclude_post,31.856538429317034
mistral-small-24b,g24p2_054,g24p2_054_plus,plus,counterfactual_delete_post,46.84825008113319
mistral-small-24b,g24p2_054,g24p2_054_minus,minus,admit_post,10.000605608739061
mistral-small-24b,g24p2_054,g24p2_054_minus,minus,exclude_post,88.75252615309135
mistral-small-24b,g24p2_054,g24p2_054_minus,minus,strong_exclude_post,36.41468556285756
mistral-small-24b,g24p2_054,g24p2_054_minus,minus,counterfactual_delete_post,17.22384783987565
mistral-small-24b,g24p2_055,g24p2_055_plus,plus,base,99.88014339852185
mistral-small-24b,g24p2_055,g24p2_055_plus,plus,admit_post,99.9543106410011
mistral-small-24b,g24p2_055,g24p2_055_plus,plus,exclude_post,24.701004137741926
mistral-small-24b,g24p2_055,g24p2_055_plus,plus,strong_exclude_post,81.75293198969861
mistral-small-24b,g24p2_055,g24p2_055_plus,plus,counterfactual_delete_post,35.01883430688312
mistral-small-24b,g24p2_055,g24p2_055_minus,minus,admit_post,0.09039706909427948
mistral-small-24b,g24p2_055,g24p2_055_minus,minus,exclude_post,23.8202649246078
mistral-small-24b,g24p2_055,g24p2_055_minus,minus,strong_exclude_post,80.48316040832923
mistral-small-24b,g24p2_055,g24p2_055_minus,minus,counterfactual_delete_post,36.23657491306143
mistral-small-24b,g24p2_057,g24p2_057_plus,plus,base,5.745319364029255
mistral-small-24b,g24p2_057,g24p2_057_plus,plus,admit_post,97.6801016127095
mistral-small-24b,g24p2_057,g24p2_057_plus,plus,exclude_post,11.639324429756394
mistral-small-24b,g24p2_057,g24p2_057_plus,plus,strong_exclude_post,29.162684754901793
mistral-small-24b,g24p2_057,g24p2_057_plus,plus,counterfactual_delete_post,27.184301732605253
mistral-small-24b,g24p2_057,g24p2_057_minus,minus,admit_post,1.099365700432881
mistral-small-24b,g24p2_057,g24p2_057_minus,minus,exclude_post,11.856407895212177
mistral-small-24b,g24p2_057,g24p2_057_minus,minus,strong_exclude_post,11.28088822912146
mistral-small-24b,g24p2_057,g24p2_057_minus,minus,counterfactual_delete_post,37.940897621959074
mistral-small-24b,g24p2_058,g24p2_058_plus,plus,base,1.6565173057172902
mistral-small-24b,g24p2_058,g24p2_058_plus,plus,admit_post,77.04568010545735
mistral-small-24b,g24p2_058,g24p2_058_plus,plus,exclude_post,38.66090905508741
mistral-small-24b,g24p2_058,g24p2_058_plus,plus,strong_exclude_post,15.59382340778272
mistral-small-24b,g24p2_058,g24p2_058_plus,plus,counterfactual_delete_post,40.69815626506009
mistral-small-24b,g24p2_058,g24p2_058_minus,minus,admit_post,5.823120379099602
mistral-small-24b,g24p2_058,g24p2_058_minus,minus,exclude_post,2.042959429405835
mistral-small-24b,g24p2_058,g24p2_058_minus,minus,strong_exclude_post,2.9575431308997677
mistral-small-24b,g24p2_058,g24p2_058_minus,minus,counterfactual_delete_post,36.4655766862956
mistral-small-24b,g24p2_059,g24p2_059_plus,plus,base,77.27733293229782
mistral-small-24b,g24p2_059,g24p2_059_plus,plus,admit_post,77.36141211668934
mistral-small-24b,g24p2_059,g24p2_059_plus,plus,exclude_post,21.084168635293334
mistral-small-24b,g24p2_059,g24p2_059_plus,plus,strong_exclude_post,13.378643371476578
mistral-small-24b,g24p2_059,g24p2_059_plus,plus,counterfactual_delete_post,12.806518832879046
mistral-small-24b,g24p2_059,g24p2_059_minus,minus,admit_post,44.30780161402412
mistral-small-24b,g24p2_059,g24p2_059_minus,minus,exclude_post,15.531334151725313
mistral-small-24b,g24p2_059,g24p2_059_minus,minus,strong_exclude_post,19.25178147635569
mistral-small-24b,g24p2_059,g24p2_059_minus,minus,counterfactual_delete_post,34.977908901369034
mistral-small-24b,g24p2_060,g24p2_060_plus,plus,base,0.5935421575367755
mistral-small-24b,g24p2_060,g24p2_060_plus,plus,admit_post,99.94513936949889
mistral-small-24b,g24p2_060,g24p2_060_plus,plus,exclude_post,29.298519173288305
mistral-small-24b,g24p2_060,g24p2_060_plus,plus,strong_exclude_post,52.449634075645726
mistral-small-24b,g24p2_060,g24p2_060_plus,plus,counterfactual_delete_post,40.67820580219267
mistral-small-24b,g24p2_060,g24p2_060_minus,minus,admit_post,5.002956793752986
mistral-small-24b,g24p2_060,g24p2_060_minus,minus,exclude_post,27.767496009768983
mistral-small-24b,g24p2_060,g24p2_060_minus,minus,strong_exclude_post,75.21016722480583
mistral-small-24b,g24p2_060,g24p2_060_minus,minus,counterfactual_delete_post,56.5697446249145
mistral-small-24b,g24p2_062,g24p2_062_plus,plus,base,99.68514780578052
mistral-small-24b,g24p2_062,g24p2_062_plus,plus,admit_post,99.81733937547271
mistral-small-24b,g24p2_062,g24p2_062_plus,plus,exclude_post,24.846819628246827
mistral-small-24b,g24p2_062,g24p2_062_plus,plus,strong_exclude_post,99.1053194334911
mistral-small-24b,g24p2_062,g24p2_062_plus,plus,counterfactual_delete_post,83.09220799695662
mistral-small-24b,g24p2_062,g24p2_062_minus,minus,admit_post,76.70841074612383
mistral-small-24b,g24p2_062,g24p2_062_minus,minus,exclude_post,99.74171935585177
mistral-small-24b,g24p2_062,g24p2_062_minus,minus,strong_exclude_post,99.20948147748794
mistral-small-24b,g24p2_062,g24p2_062_minus,minus,counterfactual_delete_post,98.94776823037805
mistral-small-24b,g24p2_064,g24p2_064_plus,plus,base,3.2668345821812754
mistral-small-24b,g24p2_064,g24p2_064_plus,plus,admit_post,99.6821995718367
mistral-small-24b,g24p2_064,g24p2_064_plus,plus,exclude_post,86.18390436997669
mistral-small-24b,g24p2_064,g24p2_064_plus,plus,strong_exclude_post,81.77975974549882
mistral-small-24b,g24p2_064,g24p2_064_plus,plus,counterfactual_delete_post,39.56490007875763
mistral-small-24b,g24p2_064,g24p2_064_minus,minus,admit_post,8.77409012010153
mistral-small-24b,g24p2_064,g24p2_064_minus,minus,exclude_post,2.5616988337787467
mistral-small-24b,g24p2_064,g24p2_064_minus,minus,strong_exclude_post,13.166337903466633
mistral-small-24b,g24p2_064,g24p2_064_minus,minus,counterfactual_delete_post,13.03238887305269
mistral-small-24b,g24p2_065,g24p2_065_plus,plus,base,84.23251325863355
mistral-small-24b,g24p2_065,g24p2_065_plus,plus,admit_post,98.86805494409388
mistral-small-24b,g24p2_065,g24p2_065_plus,plus,exclude_post,19.377846689367452
mistral-small-24b,g24p2_065,g24p2_065_plus,plus,strong_exclude_post,45.31981891639669
mistral-small-24b,g24p2_065,g24p2_065_plus,plus,counterfactual_delete_post,67.81648124981113
mistral-small-24b,g24p2_065,g24p2_065_minus,minus,admit_post,11.055592905563179
mistral-small-24b,g24p2_065,g24p2_065_minus,minus,exclude_post,21.242391371328253
mistral-small-24b,g24p2_065,g24p2_065_minus,minus,strong_exclude_post,49.31950062626946
mistral-small-24b,g24p2_065,g24p2_065_minus,minus,counterfactual_delete_post,46.857307685148356
mistral-small-24b,g24p2_066,g24p2_066_plus,plus,base,83.83622566525042
mistral-small-24b,g24p2_066,g24p2_066_plus,plus,admit_post,99.50671745524039
mistral-small-24b,g24p2_066,g24p2_066_plus,plus,exclude_post,41.706023737812075
mistral-small-24b,g24p2_066,g24p2_066_plus,plus,strong_exclude_post,36.27606939547313
mistral-small-24b,g24p2_066,g24p2_066_plus,plus,counterfactual_delete_post,40.94445697019432
mistral-small-24b,g24p2_066,g24p2_066_minus,minus,admit_post,93.62848542868662
mistral-small-24b,g24p2_066,g24p2_066_minus,minus,exclude_post,34.78530368792565
mistral-small-24b,g24p2_066,g24p2_066_minus,minus,strong_exclude_post,21.568903625275496
mistral-small-24b,g24p2_066,g24p2_066_minus,minus,counterfactual_delete_post,3.265388378958244
mistral-small-24b,g24p2_067,g24p2_067_plus,plus,base,0.27241122537352597
mistral-small-24b,g24p2_067,g24p2_067_plus,plus,admit_post,99.86421760864258
mistral-small-24b,g24p2_067,g24p2_067_plus,plus,exclude_post,34.53541625822439
mistral-small-24b,g24p2_067,g24p2_067_plus,plus,strong_exclude_post,22.884810059334743
mistral-small-24b,g24p2_067,g24p2_067_plus,plus,counterfactual_delete_post,21.68102602317684
mistral-small-24b,g24p2_067,g24p2_067_minus,minus,admit_post,0.044508508290982136
mistral-small-24b,g24p2_067,g24p2_067_minus,minus,exclude_post,0.696906122498602
mistral-small-24b,g24p2_067,g24p2_067_minus,minus,strong_exclude_post,25.93717762614851
mistral-small-24b,g24p2_067,g24p2_067_minus,minus,counterfactual_delete_post,29.199156752724246
mistral-small-24b,g24p2_068,g24p2_068_plus,plus,base,6.413854909893763
mistral-small-24b,g24p2_068,g24p2_068_plus,plus,admit_post,6.009589449359568
mistral-small-24b,g24p2_068,g24p2_068_plus,plus,exclude_post,0.9575022159380693
mistral-small-24b,g24p2_068,g24p2_068_plus,plus,strong_exclude_post,5.7377489290837875
mistral-small-24b,g24p2_068,g24p2_068_plus,plus,counterfactual_delete_post,1.1708697211343444
mistral-small-24b,g24p2_068,g24p2_068_minus,minus,admit_post,1.4624864853088648
mistral-small-24b,g24p2_068,g24p2_068_minus,minus,exclude_post,9.154200661840584
mistral-small-24b,g24p2_068,g24p2_068_minus,minus,strong_exclude_post,1.047025506034685
mistral-small-24b,g24p2_068,g24p2_068_minus,minus,counterfactual_delete_post,1.811404387118447
mistral-small-24b,g24p2_069,g24p2_069_plus,plus,base,81.14915077539099
mistral-small-24b,g24p2_069,g24p2_069_plus,plus,admit_post,99.89293159554748
mistral-small-24b,g24p2_069,g24p2_069_plus,plus,exclude_post,24.327347941117143
mistral-small-24b,g24p2_069,g24p2_069_plus,plus,strong_exclude_post,66.77297722076008
mistral-small-24b,g24p2_069,g24p2_069_plus,plus,counterfactual_delete_post,48.09749183900173
mistral-small-24b,g24p2_069,g24p2_069_minus,minus,admit_post,0.04421985304860493
mistral-small-24b,g24p2_069,g24p2_069_minus,minus,exclude_post,27.91840916535121
mistral-small-24b,g24p2_069,g24p2_069_minus,minus,strong_exclude_post,59.980019043891225
mistral-small-24b,g24p2_069,g24p2_069_minus,minus,counterfactual_delete_post,29.198884195474427
mistral-small-24b,g24p2_070,g24p2_070_plus,plus,base,99.89408640128602
mistral-small-24b,g24p2_070,g24p2_070_plus,plus,admit_post,99.52861708592197
mistral-small-24b,g24p2_070,g24p2_070_plus,plus,exclude_post,14.158743114615586
mistral-small-24b,g24p2_070,g24p2_070_plus,plus,strong_exclude_post,53.34420490617174
mistral-small-24b,g24p2_070,g24p2_070_plus,plus,counterfactual_delete_post,79.73083478786091
mistral-small-24b,g24p2_070,g24p2_070_minus,minus,admit_post,96.53500672281909
mistral-small-24b,g24p2_070,g24p2_070_minus,minus,exclude_post,30.27855645348358
mistral-small-24b,g24p2_070,g24p2_070_minus,minus,strong_exclude_post,99.07256513508725
mistral-small-24b,g24p2_070,g24p2_070_minus,minus,counterfactual_delete_post,66.50042402316988
mistral-small-24b,g24p2_071,g24p2_071_plus,plus,base,58.97626621784304
mistral-small-24b,g24p2_071,g24p2_071_plus,plus,admit_post,99.84310284336351
mistral-small-24b,g24p2_071,g24p2_071_plus,plus,exclude_post,26.509102416638747
mistral-small-24b,g24p2_071,g24p2_071_plus,plus,strong_exclude_post,45.558539482194504
mistral-small-24b,g24p2_071,g24p2_071_plus,plus,counterfactual_delete_post,42.61117294150566
mistral-small-24b,g24p2_071,g24p2_071_minus,minus,admit_post,89.69046055375128
mistral-small-24b,g24p2_071,g24p2_071_minus,minus,exclude_post,30.611612514497594
mistral-small-24b,g24p2_071,g24p2_071_minus,minus,strong_exclude_post,28.77820771456769
mistral-small-24b,g24p2_071,g24p2_071_minus,minus,counterfactual_delete_post,43.72638323313805
mistral-small-24b,g24p2_072,g24p2_072_plus,plus,base,15.860860346069877
mistral-small-24b,g24p2_072,g24p2_072_plus,plus,admit_post,99.93924392871645
mistral-small-24b,g24p2_072,g24p2_072_plus,plus,exclude_post,3.0485446566190455
mistral-small-24b,g24p2_072,g24p2_072_plus,plus,strong_exclude_post,13.59358393215057
mistral-small-24b,g24p2_072,g24p2_072_plus,plus,counterfactual_delete_post,33.23447214758182
mistral-small-24b,g24p2_072,g24p2_072_minus,minus,admit_post,12.14780107673965
mistral-small-24b,g24p2_072,g24p2_072_minus,minus,exclude_post,0.7804249605608512
mistral-small-24b,g24p2_072,g24p2_072_minus,minus,strong_exclude_post,3.119193245139403
mistral-small-24b,g24p2_072,g24p2_072_minus,minus,counterfactual_delete_post,11.457614764211126
mistral-small-24b,g24p2_073,g24p2_073_plus,plus,base,0.08392831170777987
mistral-small-24b,g24p2_073,g24p2_073_plus,plus,admit_post,0.06964711230299057
mistral-small-24b,g24p2_073,g24p2_073_plus,plus,exclude_post,0.08423631278181365
mistral-small-24b,g24p2_073,g24p2_073_plus,plus,strong_exclude_post,0.289486146794128
mistral-small-24b,g24p2_073,g24p2_073_plus,plus,counterfactual_delete_post,2.672808497081324
mistral-small-24b,g24p2_073,g24p2_073_minus,minus,admit_post,0.047124560193230594
mistral-small-24b,g24p2_073,g24p2_073_minus,minus,exclude_post,0.1023013029545449
mistral-small-24b,g24p2_073,g24p2_073_minus,minus,strong_exclude_post,0.15739106993500518
mistral-small-24b,g24p2_073,g24p2_073_minus,minus,counterfactual_delete_post,0.03442971338682518
mistral-small-24b,g24p2_074,g24p2_074_plus,plus,base,47.07168230782235
mistral-small-24b,g24p2_074,g24p2_074_plus,plus,admit_post,99.51019351592777
mistral-small-24b,g24p2_074,g24p2_074_plus,plus,exclude_post,20.159184854736257
mistral-small-24b,g24p2_074,g24p2_074_plus,plus,strong_exclude_post,34.43390199533346
mistral-small-24b,g24p2_074,g24p2_074_plus,plus,counterfactual_delete_post,27.67915158128683
mistral-small-24b,g24p2_074,g24p2_074_minus,minus,admit_post,47.94229598382979
mistral-small-24b,g24p2_074,g24p2_074_minus,minus,exclude_post,0.6785214152515145
mistral-small-24b,g24p2_074,g24p2_074_minus,minus,strong_exclude_post,32.12443320372101
mistral-small-24b,g24p2_074,g24p2_074_minus,minus,counterfactual_delete_post,43.58650388975428
mistral-small-24b,g24p2_075,g24p2_075_plus,plus,base,99.77259118630353
mistral-small-24b,g24p2_075,g24p2_075_plus,plus,admit_post,99.03458682569091
mistral-small-24b,g24p2_075,g24p2_075_plus,plus,exclude_post,19.118870943158683
mistral-small-24b,g24p2_075,g24p2_075_plus,plus,strong_exclude_post,27.4564483304505
mistral-small-24b,g24p2_075,g24p2_075_plus,plus,counterfactual_delete_post,60.89298540725937
mistral-small-24b,g24p2_075,g24p2_075_minus,minus,admit_post,0.1392183030637408
mistral-small-24b,g24p2_075,g24p2_075_minus,minus,exclude_post,11.881634161389835
mistral-small-24b,g24p2_075,g24p2_075_minus,minus,strong_exclude_post,25.865334744900284
mistral-small-24b,g24p2_075,g24p2_075_minus,minus,counterfactual_delete_post,71.7797073055387
mistral-small-24b,g24p2_076,g24p2_076_plus,plus,base,52.10231115081375
mistral-small-24b,g24p2_076,g24p2_076_plus,plus,admit_post,99.8737686004449
mistral-small-24b,g24p2_076,g24p2_076_plus,plus,exclude_post,34.13836111446974
mistral-small-24b,g24p2_076,g24p2_076_plus,plus,strong_exclude_post,35.91730093682561
mistral-small-24b,g24p2_076,g24p2_076_plus,plus,counterfactual_delete_post,39.12659641130781
mistral-small-24b,g24p2_076,g24p2_076_minus,minus,admit_post,0.10164639368097284
mistral-small-24b,g24p2_076,g24p2_076_minus,minus,exclude_post,35.41239491426812
mistral-small-24b,g24p2_076,g24p2_076_minus,minus,strong_exclude_post,35.42416036057901
mistral-small-24b,g24p2_076,g24p2_076_minus,minus,counterfactual_delete_post,40.226630359468935
mistral-small-24b,g24p2_077,g24p2_077_plus,plus,base,71.85791076536933
mistral-small-24b,g24p2_077,g24p2_077_plus,plus,admit_post,30.60526722453391
mistral-small-24b,g24p2_077,g24p2_077_plus,plus,exclude_post,31.52180368740481
mistral-small-24b,g24p2_077,g24p2_077_plus,plus,strong_exclude_post,36.39810146932813
mistral-small-24b,g24p2_077,g24p2_077_plus,plus,counterfactual_delete_post,39.93923999106758
mistral-small-24b,g24p2_077,g24p2_077_minus,minus,admit_post,0.4936365764892815
mistral-small-24b,g24p2_077,g24p2_077_minus,minus,exclude_post,0.05840249922594774
mistral-small-24b,g24p2_077,g24p2_077_minus,minus,strong_exclude_post,35.43043067638846
mistral-small-24b,g24p2_077,g24p2_077_minus,minus,counterfactual_delete_post,40.115659271178444
mistral-small-24b,g24p2_079,g24p2_079_plus,plus,base,99.64845921934409
mistral-small-24b,g24p2_079,g24p2_079_plus,plus,admit_post,40.52162609439094
mistral-small-24b,g24p2_079,g24p2_079_plus,plus,exclude_post,36.65388964038333
mistral-small-24b,g24p2_079,g24p2_079_plus,plus,strong_exclude_post,55.505221876002246
mistral-small-24b,g24p2_079,g24p2_079_plus,plus,counterfactual_delete_post,40.39196001036823
mistral-small-24b,g24p2_079,g24p2_079_minus,minus,admit_post,99.7696702267657
mistral-small-24b,g24p2_079,g24p2_079_minus,minus,exclude_post,23.17331643397314
mistral-small-24b,g24p2_079,g24p2_079_minus,minus,strong_exclude_post,32.72020390555319
mistral-small-24b,g24p2_079,g24p2_079_minus,minus,counterfactual_delete_post,41.70429658529252
mistral-small-24b,g24p2_081,g24p2_081_plus,plus,base,10.625823031240785
mistral-small-24b,g24p2_081,g24p2_081_plus,plus,admit_post,99.04783321532373
mistral-small-24b,g24p2_081,g24p2_081_plus,plus,exclude_post,26.3459258431553
mistral-small-24b,g24p2_081,g24p2_081_plus,plus,strong_exclude_post,27.73805324416828
mistral-small-24b,g24p2_081,g24p2_081_plus,plus,counterfactual_delete_post,35.23065236010138
mistral-small-24b,g24p2_081,g24p2_081_minus,minus,admit_post,6.117909054905382
mistral-small-24b,g24p2_081,g24p2_081_minus,minus,exclude_post,3.9581040016313356
mistral-small-24b,g24p2_081,g24p2_081_minus,minus,strong_exclude_post,17.85423108733201
mistral-small-24b,g24p2_081,g24p2_081_minus,minus,counterfactual_delete_post,30.20876922800338
mistral-small-24b,g24p2_082,g24p2_082_plus,plus,base,16.92683643575187
mistral-small-24b,g24p2_082,g24p2_082_plus,plus,admit_post,99.34478378528549
mistral-small-24b,g24p2_082,g24p2_082_plus,plus,exclude_post,27.514266116767587
mistral-small-24b,g24p2_082,g24p2_082_plus,plus,strong_exclude_post,35.145434879970196
mistral-small-24b,g24p2_082,g24p2_082_plus,plus,counterfactual_delete_post,42.524402904150115
mistral-small-24b,g24p2_082,g24p2_082_minus,minus,admit_post,56.21148757862505
mistral-small-24b,g24p2_082,g24p2_082_minus,minus,exclude_post,25.273805010864358
mistral-small-24b,g24p2_082,g24p2_082_minus,minus,strong_exclude_post,54.44671572773181
mistral-small-24b,g24p2_082,g24p2_082_minus,minus,counterfactual_delete_post,53.059955661077396
mistral-small-24b,g24p2_083,g24p2_083_plus,plus,base,0.13227452760325592
mistral-small-24b,g24p2_083,g24p2_083_plus,plus,admit_post,99.63241718921324
mistral-small-24b,g24p2_083,g24p2_083_plus,plus,exclude_post,28.51425234196805
mistral-small-24b,g24p2_083,g24p2_083_plus,plus,strong_exclude_post,31.95908954477494
mistral-small-24b,g24p2_083,g24p2_083_plus,plus,counterfactual_delete_post,33.2512048301373
mistral-small-24b,g24p2_083,g24p2_083_minus,minus,admit_post,7.239227997892335
mistral-small-24b,g24p2_083,g24p2_083_minus,minus,exclude_post,26.910021411555785
mistral-small-24b,g24p2_083,g24p2_083_minus,minus,strong_exclude_post,36.92659718731722
mistral-small-24b,g24p2_083,g24p2_083_minus,minus,counterfactual_delete_post,30.091491000469585
mistral-small-24b,g24p2_084,g24p2_084_plus,plus,base,49.92860642853549
mistral-small-24b,g24p2_084,g24p2_084_plus,plus,admit_post,99.94815987105571
mistral-small-24b,g24p2_084,g24p2_084_plus,plus,exclude_post,28.155341334104467
mistral-small-24b,g24p2_084,g24p2_084_plus,plus,strong_exclude_post,41.21881144233329
mistral-small-24b,g24p2_084,g24p2_084_plus,plus,counterfactual_delete_post,55.25460208064945
mistral-small-24b,g24p2_084,g24p2_084_minus,minus,admit_post,0.2577467097756553
mistral-small-24b,g24p2_084,g24p2_084_minus,minus,exclude_post,3.6152078751615977
mistral-small-24b,g24p2_084,g24p2_084_minus,minus,strong_exclude_post,22.032469335969346
mistral-small-24b,g24p2_084,g24p2_084_minus,minus,counterfactual_delete_post,49.67826286006622
mistral-small-24b,g24p2_085,g24p2_085_plus,plus,base,5.698633925399173
mistral-small-24b,g24p2_085,g24p2_085_plus,plus,admit_post,99.91856384400668
mistral-small-24b,g24p2_085,g24p2_085_plus,plus,exclude_post,11.8750069248346
mistral-small-24b,g24p2_085,g24p2_085_plus,plus,strong_exclude_post,27.84978489061958
mistral-small-24b,g24p2_085,g24p2_085_plus,plus,counterfactual_delete_post,35.63080043724667
mistral-small-24b,g24p2_085,g24p2_085_minus,minus,admit_post,94.6346398864508
mistral-small-24b,g24p2_085,g24p2_085_minus,minus,exclude_post,6.512748134720571
mistral-small-24b,g24p2_085,g24p2_085_minus,minus,strong_exclude_post,2.7638819041282465
mistral-small-24b,g24p2_085,g24p2_085_minus,minus,counterfactual_delete_post,34.2846164835216
mistral-small-24b,g24p2_087,g24p2_087_plus,plus,base,56.93126191101312
mistral-small-24b,g24p2_087,g24p2_087_plus,plus,admit_post,79.99041876961623
mistral-small-24b,g24p2_087,g24p2_087_plus,plus,exclude_post,88.56263266255571
mistral-small-24b,g24p2_087,g24p2_087_plus,plus,strong_exclude_post,88.41324010504906
mistral-small-24b,g24p2_087,g24p2_087_plus,plus,counterfactual_delete_post,85.4064284087466
mistral-small-24b,g24p2_087,g24p2_087_minus,minus,admit_post,0.2894301718845319
mistral-small-24b,g24p2_087,g24p2_087_minus,minus,exclude_post,46.35840377259372
mistral-small-24b,g24p2_087,g24p2_087_minus,minus,strong_exclude_post,86.20190679305502
mistral-small-24b,g24p2_087,g24p2_087_minus,minus,counterfactual_delete_post,20.832029898811882
mistral-small-24b,g24p2_088,g24p2_088_plus,plus,base,30.80148200753449
mistral-small-24b,g24p2_088,g24p2_088_plus,plus,admit_post,96.00650036949001
mistral-small-24b,g24p2_088,g24p2_088_plus,plus,exclude_post,45.01118915745338
mistral-small-24b,g24p2_088,g24p2_088_plus,plus,strong_exclude_post,28.934282182312455
mistral-small-24b,g24p2_088,g24p2_088_plus,plus,counterfactual_delete_post,44.98042172062538
mistral-small-24b,g24p2_088,g24p2_088_minus,minus,admit_post,13.314082206544269
mistral-small-24b,g24p2_088,g24p2_088_minus,minus,exclude_post,34.512543723386344
mistral-small-24b,g24p2_088,g24p2_088_minus,minus,strong_exclude_post,12.888585251839167
mistral-small-24b,g24p2_088,g24p2_088_minus,minus,counterfactual_delete_post,44.96074177754414
mistral-small-24b,g24p2_089,g24p2_089_plus,plus,base,2.3774048081153847
mistral-small-24b,g24p2_089,g24p2_089_plus,plus,admit_post,99.73940822441006
mistral-small-24b,g24p2_089,g24p2_089_plus,plus,exclude_post,17.90874605501387
mistral-small-24b,g24p2_089,g24p2_089_plus,plus,strong_exclude_post,14.031513892671866
mistral-small-24b,g24p2_089,g24p2_089_plus,plus,counterfactual_delete_post,26.424452627559063
mistral-small-24b,g24p2_089,g24p2_089_minus,minus,admit_post,17.8946481410811
mistral-small-24b,g24p2_089,g24p2_089_minus,minus,exclude_post,7.590784788365639
mistral-small-24b,g24p2_089,g24p2_089_minus,minus,strong_exclude_post,5.701987337625705
mistral-small-24b,g24p2_089,g24p2_089_minus,minus,counterfactual_delete_post,29.242253700330952
mistral-small-24b,g24p2_091,g24p2_091_plus,plus,base,98.21694598511534
mistral-small-24b,g24p2_091,g24p2_091_plus,plus,admit_post,99.57655930581193
mistral-small-24b,g24p2_091,g24p2_091_plus,plus,exclude_post,2.915411638605595
mistral-small-24b,g24p2_091,g24p2_091_plus,plus,strong_exclude_post,98.91318537951257
mistral-small-24b,g24p2_091,g24p2_091_plus,plus,counterfactual_delete_post,38.13243669707484
mistral-small-24b,g24p2_091,g24p2_091_minus,minus,admit_post,50.04247327250487
mistral-small-24b,g24p2_091,g24p2_091_minus,minus,exclude_post,4.8986298664314125
mistral-small-24b,g24p2_091,g24p2_091_minus,minus,strong_exclude_post,36.811540759689926
mistral-small-24b,g24p2_091,g24p2_091_minus,minus,counterfactual_delete_post,75.41503218480385
mistral-small-24b,g24p2_092,g24p2_092_plus,plus,base,66.63735820499868
mistral-small-24b,g24p2_092,g24p2_092_plus,plus,admit_post,99.03571952276421
mistral-small-24b,g24p2_092,g24p2_092_plus,plus,exclude_post,90.66863769244262
mistral-small-24b,g24p2_092,g24p2_092_plus,plus,strong_exclude_post,1.4669986042779262
mistral-small-24b,g24p2_092,g24p2_092_plus,plus,counterfactual_delete_post,84.69921609096393
mistral-small-24b,g24p2_092,g24p2_092_minus,minus,admit_post,0.0965142720731465
mistral-small-24b,g24p2_092,g24p2_092_minus,minus,exclude_post,1.5669239435483262
mistral-small-24b,g24p2_092,g24p2_092_minus,minus,strong_exclude_post,5.674421816281829
mistral-small-24b,g24p2_092,g24p2_092_minus,minus,counterfactual_delete_post,17.242315425225865
mistral-small-24b,g24p2_093,g24p2_093_plus,plus,base,30.157015514978234
mistral-small-24b,g24p2_093,g24p2_093_plus,plus,admit_post,0.11554038198367195
mistral-small-24b,g24p2_093,g24p2_093_plus,plus,exclude_post,16.194939169248958
mistral-small-24b,g24p2_093,g24p2_093_plus,plus,strong_exclude_post,10.212176164568689
mistral-small-24b,g24p2_093,g24p2_093_plus,plus,counterfactual_delete_post,77.99103785790152
mistral-small-24b,g24p2_093,g24p2_093_minus,minus,admit_post,0.07435529486831477
mistral-small-24b,g24p2_093,g24p2_093_minus,minus,exclude_post,0.15396450675099282
mistral-small-24b,g24p2_093,g24p2_093_minus,minus,strong_exclude_post,8.850306197364974
mistral-small-24b,g24p2_093,g24p2_093_minus,minus,counterfactual_delete_post,77.57392620059684
mistral-small-24b,g24p2_094,g24p2_094_plus,plus,base,99.68964526924454
mistral-small-24b,g24p2_094,g24p2_094_plus,plus,admit_post,99.70932185567047
mistral-small-24b,g24p2_094,g24p2_094_plus,plus,exclude_post,33.86821498510102
mistral-small-24b,g24p2_094,g24p2_094_plus,plus,strong_exclude_post,85.72147454080624
mistral-small-24b,g24p2_094,g24p2_094_plus,plus,counterfactual_delete_post,83.37163168431076
mistral-small-24b,g24p2_094,g24p2_094_minus,minus,admit_post,89.20092390752077
mistral-small-24b,g24p2_094,g24p2_094_minus,minus,exclude_post,30.800040079396368
mistral-small-24b,g24p2_094,g24p2_094_minus,minus,strong_exclude_post,85.32076543825279
mistral-small-24b,g24p2_094,g24p2_094_minus,minus,counterfactual_delete_post,76.21799684692434
mistral-small-24b,g24p2_096,g24p2_096_plus,plus,base,87.57674201503514
mistral-small-24b,g24p2_096,g24p2_096_plus,plus,admit_post,95.79683137900233
mistral-small-24b,g24p2_096,g24p2_096_plus,plus,exclude_post,75.64607704789545
mistral-small-24b,g24p2_096,g24p2_096_plus,plus,strong_exclude_post,34.001994157096746
mistral-small-24b,g24p2_096,g24p2_096_plus,plus,counterfactual_delete_post,33.460035485343184
mistral-small-24b,g24p2_096,g24p2_096_minus,minus,admit_post,14.188245764400683
mistral-small-24b,g24p2_096,g24p2_096_minus,minus,exclude_post,15.278069080589205
mistral-small-24b,g24p2_096,g24p2_096_minus,minus,strong_exclude_post,24.914105340212473
mistral-small-24b,g24p2_096,g24p2_096_minus,minus,counterfactual_delete_post,44.38298911709738
mistral-small-24b,g24p2_098,g24p2_098_plus,plus,base,0.2415882973068722
mistral-small-24b,g24p2_098,g24p2_098_plus,plus,admit_post,99.940226201106
mistral-small-24b,g24p2_098,g24p2_098_plus,plus,exclude_post,35.92044568801522
mistral-small-24b,g24p2_098,g24p2_098_plus,plus,strong_exclude_post,86.00315080448011
mistral-small-24b,g24p2_098,g24p2_098_plus,plus,counterfactual_delete_post,37.41944598267899
mistral-small-24b,g24p2_098,g24p2_098_minus,minus,admit_post,0.05954014110609554
mistral-small-24b,g24p2_098,g24p2_098_minus,minus,exclude_post,32.32159670870619
mistral-small-24b,g24p2_098,g24p2_098_minus,minus,strong_exclude_post,31.439857710158865
mistral-small-24b,g24p2_098,g24p2_098_minus,minus,counterfactual_delete_post,35.60982969366372
mistral-small-24b,g24p2_099,g24p2_099_plus,plus,base,0.18136315674541284
mistral-small-24b,g24p2_099,g24p2_099_plus,plus,admit_post,8.271818229790805
mistral-small-24b,g24p2_099,g24p2_099_plus,plus,exclude_post,0.40577535573664464
mistral-small-24b,g24p2_099,g24p2_099_plus,plus,strong_exclude_post,0.47588635442215477
mistral-small-24b,g24p2_099,g24p2_099_plus,plus,counterfactual_delete_post,0.803976169407323
mistral-small-24b,g24p2_099,g24p2_099_minus,minus,admit_post,0.02776149501139869
mistral-small-24b,g24p2_099,g24p2_099_minus,minus,exclude_post,1.1690169394640926
mistral-small-24b,g24p2_099,g24p2_099_minus,minus,strong_exclude_post,0.7174400286894789
mistral-small-24b,g24p2_099,g24p2_099_minus,minus,counterfactual_delete_post,0.41026415933168925
mistral-small-24b,g24p2_101,g24p2_101_plus,plus,base,99.78265025079023
mistral-small-24b,g24p2_101,g24p2_101_plus,plus,admit_post,99.94951479082246
mistral-small-24b,g24p2_101,g24p2_101_plus,plus,exclude_post,27.910127078732856
mistral-small-24b,g24p2_101,g24p2_101_plus,plus,strong_exclude_post,21.053338550497237
mistral-small-24b,g24p2_101,g24p2_101_plus,plus,counterfactual_delete_post,37.55350254463352
mistral-small-24b,g24p2_101,g24p2_101_minus,minus,admit_post,0.05406811214321586
mistral-small-24b,g24p2_101,g24p2_101_minus,minus,exclude_post,29.43769563884693
mistral-small-24b,g24p2_101,g24p2_101_minus,minus,strong_exclude_post,23.58816000991314
mistral-small-24b,g24p2_101,g24p2_101_minus,minus,counterfactual_delete_post,35.11778634197372
mistral-small-24b,g24p2_102,g24p2_102_plus,plus,base,0.6260543969594319
mistral-small-24b,g24p2_102,g24p2_102_plus,plus,admit_post,88.69434809289739
mistral-small-24b,g24p2_102,g24p2_102_plus,plus,exclude_post,34.10314953491214
mistral-small-24b,g24p2_102,g24p2_102_plus,plus,strong_exclude_post,10.019762655728066
mistral-small-24b,g24p2_102,g24p2_102_plus,plus,counterfactual_delete_post,11.9291125468684
mistral-small-24b,g24p2_102,g24p2_102_minus,minus,admit_post,9.42849822847817
mistral-small-24b,g24p2_102,g24p2_102_minus,minus,exclude_post,1.109023679083953
mistral-small-24b,g24p2_102,g24p2_102_minus,minus,strong_exclude_post,28.86675855192836
mistral-small-24b,g24p2_102,g24p2_102_minus,minus,counterfactual_delete_post,24.82266736270693
mistral-small-24b,g24p2_103,g24p2_103_plus,plus,base,21.674187139718796
mistral-small-24b,g24p2_103,g24p2_103_plus,plus,admit_post,94.68155812882165
mistral-small-24b,g24p2_103,g24p2_103_plus,plus,exclude_post,28.9486225500073
mistral-small-24b,g24p2_103,g24p2_103_plus,plus,strong_exclude_post,23.107900657316918
mistral-small-24b,g24p2_103,g24p2_103_plus,plus,counterfactual_delete_post,28.952697282191576
mistral-small-24b,g24p2_103,g24p2_103_minus,minus,admit_post,78.15591961324633
mistral-small-24b,g24p2_103,g24p2_103_minus,minus,exclude_post,13.608933607716303
mistral-small-24b,g24p2_103,g24p2_103_minus,minus,strong_exclude_post,30.22439481950817
mistral-small-24b,g24p2_103,g24p2_103_minus,minus,counterfactual_delete_post,43.02431796976735
mistral-small-24b,g24p2_104,g24p2_104_plus,plus,base,13.852335049680828
mistral-small-24b,g24p2_104,g24p2_104_plus,plus,admit_post,96.61892775332092
mistral-small-24b,g24p2_104,g24p2_104_plus,plus,exclude_post,11.65411484975349
mistral-small-24b,g24p2_104,g24p2_104_plus,plus,strong_exclude_post,27.84058559616273
mistral-small-24b,g24p2_104,g24p2_104_plus,plus,counterfactual_delete_post,43.428291365289425
mistral-small-24b,g24p2_104,g24p2_104_minus,minus,admit_post,4.511103201206357
mistral-small-24b,g24p2_104,g24p2_104_minus,minus,exclude_post,12.225815150021313
mistral-small-24b,g24p2_104,g24p2_104_minus,minus,strong_exclude_post,6.654305909599928
mistral-small-24b,g24p2_104,g24p2_104_minus,minus,counterfactual_delete_post,46.30951910090582
mistral-small-24b,g24p2_105,g24p2_105_plus,plus,base,55.93667215356182
mistral-small-24b,g24p2_105,g24p2_105_plus,plus,admit_post,50.11156022661967
mistral-small-24b,g24p2_105,g24p2_105_plus,plus,exclude_post,28.416567092002527
mistral-small-24b,g24p2_105,g24p2_105_plus,plus,strong_exclude_post,38.56620223310604
mistral-small-24b,g24p2_105,g24p2_105_plus,plus,counterfactual_delete_post,51.538601554199175
mistral-small-24b,g24p2_105,g24p2_105_minus,minus,admit_post,79.58980107747607
mistral-small-24b,g24p2_105,g24p2_105_minus,minus,exclude_post,31.485453145127362
mistral-small-24b,g24p2_105,g24p2_105_minus,minus,strong_exclude_post,23.67166078630549
mistral-small-24b,g24p2_105,g24p2_105_minus,minus,counterfactual_delete_post,51.016142665499714
mistral-small-24b,g24p2_107,g24p2_107_plus,plus,base,32.231688293624885
mistral-small-24b,g24p2_107,g24p2_107_plus,plus,admit_post,99.3366843130623
mistral-small-24b,g24p2_107,g24p2_107_plus,plus,exclude_post,41.491098911705286
mistral-small-24b,g24p2_107,g24p2_107_plus,plus,strong_exclude_post,34.864824558356695
mistral-small-24b,g24p2_107,g24p2_107_plus,plus,counterfactual_delete_post,48.81726073573439
mistral-small-24b,g24p2_107,g24p2_107_minus,minus,admit_post,31.73715216142197
mistral-small-24b,g24p2_107,g24p2_107_minus,minus,exclude_post,34.385460884901185
mistral-small-24b,g24p2_107,g24p2_107_minus,minus,strong_exclude_post,35.592759643582774
mistral-small-24b,g24p2_107,g24p2_107_minus,minus,counterfactual_delete_post,46.836708270612924
mistral-small-24b,g24p2_108,g24p2_108_plus,plus,base,57.89884764631903
mistral-small-24b,g24p2_108,g24p2_108_plus,plus,admit_post,90.50774906025887
mistral-small-24b,g24p2_108,g24p2_108_plus,plus,exclude_post,27.005608043012863
mistral-small-24b,g24p2_108,g24p2_108_plus,plus,strong_exclude_post,55.03981484706739
mistral-small-24b,g24p2_108,g24p2_108_plus,plus,counterfactual_delete_post,46.775086728335715
mistral-small-24b,g24p2_108,g24p2_108_minus,minus,admit_post,27.39290010045152
mistral-small-24b,g24p2_108,g24p2_108_minus,minus,exclude_post,27.939973223627643
mistral-small-24b,g24p2_108,g24p2_108_minus,minus,strong_exclude_post,27.138762686628798
mistral-small-24b,g24p2_108,g24p2_108_minus,minus,counterfactual_delete_post,40.25407541958394
mistral-small-24b,g24p2_110,g24p2_110_plus,plus,base,90.78390974662435
mistral-small-24b,g24p2_110,g24p2_110_plus,plus,admit_post,99.56695885622325
mistral-small-24b,g24p2_110,g24p2_110_plus,plus,exclude_post,32.68471500625532
mistral-small-24b,g24p2_110,g24p2_110_plus,plus,strong_exclude_post,78.32407031127438
mistral-small-24b,g24p2_110,g24p2_110_plus,plus,counterfactual_delete_post,48.38845967451346
mistral-small-24b,g24p2_110,g24p2_110_minus,minus,admit_post,13.907203089989133
mistral-small-24b,g24p2_110,g24p2_110_minus,minus,exclude_post,16.738322137589908
mistral-small-24b,g24p2_110,g24p2_110_minus,minus,strong_exclude_post,59.0728897155869
mistral-small-24b,g24p2_110,g24p2_110_minus,minus,counterfactual_delete_post,51.40139789020671
mistral-small-24b,g24p2_111,g24p2_111_plus,plus,base,1.8083580164964432
mistral-small-24b,g24p2_111,g24p2_111_plus,plus,admit_post,0.18400738112103823
mistral-small-24b,g24p2_111,g24p2_111_plus,plus,exclude_post,0.02320774954899692
mistral-small-24b,g24p2_111,g24p2_111_plus,plus,strong_exclude_post,0.08038829611007678
mistral-small-24b,g24p2_111,g24p2_111_plus,plus,counterfactual_delete_post,0.12041327280012284
mistral-small-24b,g24p2_111,g24p2_111_minus,minus,admit_post,0.13828184993302306
mistral-small-24b,g24p2_111,g24p2_111_minus,minus,exclude_post,0.2542599170250558
mistral-small-24b,g24p2_111,g24p2_111_minus,minus,strong_exclude_post,0.07311258681385074
mistral-small-24b,g24p2_111,g24p2_111_minus,minus,counterfactual_delete_post,0.07014552171737662
mistral-small-24b,g24p2_112,g24p2_112_plus,plus,base,1.46339342714168
mistral-small-24b,g24p2_112,g24p2_112_plus,plus,admit_post,98.97983029973159
mistral-small-24b,g24p2_112,g24p2_112_plus,plus,exclude_post,34.957724881877574
mistral-small-24b,g24p2_112,g24p2_112_plus,plus,strong_exclude_post,11.9143355944179
mistral-small-24b,g24p2_112,g24p2_112_plus,plus,counterfactual_delete_post,30.028694200102514
mistral-small-24b,g24p2_112,g24p2_112_minus,minus,admit_post,5.157024207436988
mistral-small-24b,g24p2_112,g24p2_112_minus,minus,exclude_post,30.947065721817378
mistral-small-24b,g24p2_112,g24p2_112_minus,minus,strong_exclude_post,11.387247610086877
mistral-small-24b,g24p2_112,g24p2_112_minus,minus,counterfactual_delete_post,40.25405141842639
mistral-small-24b,g24p2_113,g24p2_113_plus,plus,base,77.85530913889744
mistral-small-24b,g24p2_113,g24p2_113_plus,plus,admit_post,99.85861247087242
mistral-small-24b,g24p2_113,g24p2_113_plus,plus,exclude_post,28.83162362192714
mistral-small-24b,g24p2_113,g24p2_113_plus,plus,strong_exclude_post,32.53487683071191
mistral-small-24b,g24p2_113,g24p2_113_plus,plus,counterfactual_delete_post,75.94940830970455
mistral-small-24b,g24p2_113,g24p2_113_minus,minus,admit_post,27.713002505189788
mistral-small-24b,g24p2_113,g24p2_113_minus,minus,exclude_post,16.370155662880663
mistral-small-24b,g24p2_113,g24p2_113_minus,minus,strong_exclude_post,12.93296719110568
mistral-small-24b,g24p2_113,g24p2_113_minus,minus,counterfactual_delete_post,19.67650512032481
mistral-small-24b,g24p2_114,g24p2_114_plus,plus,base,92.77689232364246
mistral-small-24b,g24p2_114,g24p2_114_plus,plus,admit_post,99.91188447222663
mistral-small-24b,g24p2_114,g24p2_114_plus,plus,exclude_post,10.717774907400281
mistral-small-24b,g24p2_114,g24p2_114_plus,plus,strong_exclude_post,30.971065186330293
mistral-small-24b,g24p2_114,g24p2_114_plus,plus,counterfactual_delete_post,37.415043991215704
mistral-small-24b,g24p2_114,g24p2_114_minus,minus,admit_post,9.292350498958792
mistral-small-24b,g24p2_114,g24p2_114_minus,minus,exclude_post,7.752382800439329
mistral-small-24b,g24p2_114,g24p2_114_minus,minus,strong_exclude_post,32.83679036448738
mistral-small-24b,g24p2_114,g24p2_114_minus,minus,counterfactual_delete_post,39.05472247838415
mistral-small-24b,g24p2_115,g24p2_115_plus,plus,base,1.1508300885678502
mistral-small-24b,g24p2_115,g24p2_115_plus,plus,admit_post,98.30456055745304
mistral-small-24b,g24p2_115,g24p2_115_plus,plus,exclude_post,15.137282209160812
mistral-small-24b,g24p2_115,g24p2_115_plus,plus,strong_exclude_post,16.25602394822883
mistral-small-24b,g24p2_115,g24p2_115_plus,plus,counterfactual_delete_post,44.32131890326856
mistral-small-24b,g24p2_115,g24p2_115_minus,minus,admit_post,4.111281411076778
mistral-small-24b,g24p2_115,g24p2_115_minus,minus,exclude_post,2.243224876866261
mistral-small-24b,g24p2_115,g24p2_115_minus,minus,strong_exclude_post,14.43357827178331
mistral-small-24b,g24p2_115,g24p2_115_minus,minus,counterfactual_delete_post,43.63623063878954
mistral-small-24b,g24p2_116,g24p2_116_plus,plus,base,0.3761910091899063
mistral-small-24b,g24p2_116,g24p2_116_plus,plus,admit_post,99.92749145717518
mistral-small-24b,g24p2_116,g24p2_116_plus,plus,exclude_post,93.88500924170523
mistral-small-24b,g24p2_116,g24p2_116_plus,plus,strong_exclude_post,97.95880769240333
mistral-small-24b,g24p2_116,g24p2_116_plus,plus,counterfactual_delete_post,43.61844705523274
mistral-small-24b,g24p2_116,g24p2_116_minus,minus,admit_post,0.19417986795814884
mistral-small-24b,g24p2_116,g24p2_116_minus,minus,exclude_post,0.0629347537191559
mistral-small-24b,g24p2_116,g24p2_116_minus,minus,strong_exclude_post,0.06512105834482679
mistral-small-24b,g24p2_116,g24p2_116_minus,minus,counterfactual_delete_post,35.77009820481497
mistral-small-24b,g24p2_117,g24p2_117_plus,plus,base,60.07403541480861
mistral-small-24b,g24p2_117,g24p2_117_plus,plus,admit_post,99.91308373362159
mistral-small-24b,g24p2_117,g24p2_117_plus,plus,exclude_post,18.737682799174546
mistral-small-24b,g24p2_117,g24p2_117_plus,plus,strong_exclude_post,17.375231861409056
mistral-small-24b,g24p2_117,g24p2_117_plus,plus,counterfactual_delete_post,36.19442472033375
mistral-small-24b,g24p2_117,g24p2_117_minus,minus,admit_post,50.69823842073567
mistral-small-24b,g24p2_117,g24p2_117_minus,minus,exclude_post,21.687056015543124
mistral-small-24b,g24p2_117,g24p2_117_minus,minus,strong_exclude_post,17.349990627014083
mistral-small-24b,g24p2_117,g24p2_117_minus,minus,counterfactual_delete_post,33.84912611808494
mistral-small-24b,g24p2_120,g24p2_120_plus,plus,base,86.91533826567147
mistral-small-24b,g24p2_120,g24p2_120_plus,plus,admit_post,98.78945231012675
mistral-small-24b,g24p2_120,g24p2_120_plus,plus,exclude_post,29.246452983722065
mistral-small-24b,g24p2_120,g24p2_120_plus,plus,strong_exclude_post,21.01836341733194
mistral-small-24b,g24p2_120,g24p2_120_plus,plus,counterfactual_delete_post,61.78521453361758
mistral-small-24b,g24p2_120,g24p2_120_minus,minus,admit_post,99.57288587971591
mistral-small-24b,g24p2_120,g24p2_120_minus,minus,exclude_post,30.67217051724028
mistral-small-24b,g24p2_120,g24p2_120_minus,minus,strong_exclude_post,22.548722416182173
mistral-small-24b,g24p2_120,g24p2_120_minus,minus,counterfactual_delete_post,66.86797335832682
mistral-small-24b,g24p2_121,g24p2_121_plus,plus,base,77.315278253122
mistral-small-24b,g24p2_121,g24p2_121_plus,plus,admit_post,99.46512657118414
mistral-small-24b,g24p2_121,g24p2_121_plus,plus,exclude_post,94.52323040308582
mistral-small-24b,g24p2_121,g24p2_121_plus,plus,strong_exclude_post,25.70050579688778
mistral-small-24b,g24p2_121,g24p2_121_plus,plus,counterfactual_delete_post,54.823035344103495
mistral-small-24b,g24p2_121,g24p2_121_minus,minus,admit_post,91.3112593907544
mistral-small-24b,g24p2_121,g24p2_121_minus,minus,exclude_post,11.585230619105568
mistral-small-24b,g24p2_121,g24p2_121_minus,minus,strong_exclude_post,87.04412309738761
mistral-small-24b,g24p2_121,g24p2_121_minus,minus,counterfactual_delete_post,61.13131658820632
mistral-small-24b,g24p2_122,g24p2_122_plus,plus,base,98.56689705747903
mistral-small-24b,g24p2_122,g24p2_122_plus,plus,admit_post,99.60490296144553
mistral-small-24b,g24p2_122,g24p2_122_plus,plus,exclude_post,14.53812388797692
mistral-small-24b,g24p2_122,g24p2_122_plus,plus,strong_exclude_post,24.588706326182397
mistral-small-24b,g24p2_122,g24p2_122_plus,plus,counterfactual_delete_post,32.583868570418
mistral-small-24b,g24p2_122,g24p2_122_minus,minus,admit_post,7.5159318685178045
mistral-small-24b,g24p2_122,g24p2_122_minus,minus,exclude_post,3.598696708939803
mistral-small-24b,g24p2_122,g24p2_122_minus,minus,strong_exclude_post,27.84107168413875
mistral-small-24b,g24p2_122,g24p2_122_minus,minus,counterfactual_delete_post,36.95013125010818
mistral-small-24b,g24p2_123,g24p2_123_plus,plus,base,60.004959270298855
mistral-small-24b,g24p2_123,g24p2_123_plus,plus,admit_post,87.85068595843829
mistral-small-24b,g24p2_123,g24p2_123_plus,plus,exclude_post,29.30806899840209
mistral-small-24b,g24p2_123,g24p2_123_plus,plus,strong_exclude_post,22.49203205185502
mistral-small-24b,g24p2_123,g24p2_123_plus,plus,counterfactual_delete_post,35.41356871778438
mistral-small-24b,g24p2_123,g24p2_123_minus,minus,admit_post,77.01036164101174
mistral-small-24b,g24p2_123,g24p2_123_minus,minus,exclude_post,20.332950212208786
mistral-small-24b,g24p2_123,g24p2_123_minus,minus,strong_exclude_post,18.024050711248947
mistral-small-24b,g24p2_123,g24p2_123_minus,minus,counterfactual_delete_post,26.047688971776083
mistral-small-24b,g24p2_125,g24p2_125_plus,plus,base,3.6037867698182
mistral-small-24b,g24p2_125,g24p2_125_plus,plus,admit_post,98.93241734576377
mistral-small-24b,g24p2_125,g24p2_125_plus,plus,exclude_post,9.022620646111086
mistral-small-24b,g24p2_125,g24p2_125_plus,plus,strong_exclude_post,32.96744388726607
mistral-small-24b,g24p2_125,g24p2_125_plus,plus,counterfactual_delete_post,34.89754263661784
mistral-small-24b,g24p2_125,g24p2_125_minus,minus,admit_post,88.23056226236018
mistral-small-24b,g24p2_125,g24p2_125_minus,minus,exclude_post,21.574429096445595
mistral-small-24b,g24p2_125,g24p2_125_minus,minus,strong_exclude_post,12.745826377494929
mistral-small-24b,g24p2_125,g24p2_125_minus,minus,counterfactual_delete_post,19.871609999392845
mistral-small-24b,g24p2_126,g24p2_126_plus,plus,base,66.5490702487133
mistral-small-24b,g24p2_126,g24p2_126_plus,plus,admit_post,99.58006905445339
mistral-small-24b,g24p2_126,g24p2_126_plus,plus,exclude_post,13.974680020069231
mistral-small-24b,g24p2_126,g24p2_126_plus,plus,strong_exclude_post,63.46390849867667
mistral-small-24b,g24p2_126,g24p2_126_plus,plus,counterfactual_delete_post,41.159225389081634
mistral-small-24b,g24p2_126,g24p2_126_minus,minus,admit_post,6.729246925856307
mistral-small-24b,g24p2_126,g24p2_126_minus,minus,exclude_post,14.40139847789828
mistral-small-24b,g24p2_126,g24p2_126_minus,minus,strong_exclude_post,53.508583763308415
mistral-small-24b,g24p2_126,g24p2_126_minus,minus,counterfactual_delete_post,41.28068954054027
mistral-small-24b,g24p2_128,g24p2_128_plus,plus,base,99.84838571622153
mistral-small-24b,g24p2_128,g24p2_128_plus,plus,admit_post,99.81325825734588
mistral-small-24b,g24p2_128,g24p2_128_plus,plus,exclude_post,19.356024661973514
mistral-small-24b,g24p2_128,g24p2_128_plus,plus,strong_exclude_post,83.7783991932734
mistral-small-24b,g24p2_128,g24p2_128_plus,plus,counterfactual_delete_post,76.41595102813537
mistral-small-24b,g24p2_128,g24p2_128_minus,minus,admit_post,3.294424285271746
mistral-small-24b,g24p2_128,g24p2_128_minus,minus,exclude_post,10.08915668557757
mistral-small-24b,g24p2_128,g24p2_128_minus,minus,strong_exclude_post,93.88480077845524
mistral-small-24b,g24p2_128,g24p2_128_minus,minus,counterfactual_delete_post,88.9038913815746
mistral-small-24b,g24p2_129,g24p2_129_plus,plus,base,19.499819749220567
mistral-small-24b,g24p2_129,g24p2_129_plus,plus,admit_post,87.87588859929988
mistral-small-24b,g24p2_129,g24p2_129_plus,plus,exclude_post,15.832901312903317
mistral-small-24b,g24p2_129,g24p2_129_plus,plus,strong_exclude_post,4.9695220213855436
mistral-small-24b,g24p2_129,g24p2_129_plus,plus,counterfactual_delete_post,44.71875732529594
mistral-small-24b,g24p2_129,g24p2_129_minus,minus,admit_post,99.95673229771018
mistral-small-24b,g24p2_129,g24p2_129_minus,minus,exclude_post,11.736999415118111
mistral-small-24b,g24p2_129,g24p2_129_minus,minus,strong_exclude_post,38.54110248412863
mistral-small-24b,g24p2_129,g24p2_129_minus,minus,counterfactual_delete_post,46.61620190665016
mistral-small-24b,g24p2_130,g24p2_130_plus,plus,base,33.96755394530865
mistral-small-24b,g24p2_130,g24p2_130_plus,plus,admit_post,99.88204720929284
mistral-small-24b,g24p2_130,g24p2_130_plus,plus,exclude_post,28.18216645781658
mistral-small-24b,g24p2_130,g24p2_130_plus,plus,strong_exclude_post,37.98911323347709
mistral-small-24b,g24p2_130,g24p2_130_plus,plus,counterfactual_delete_post,44.20657462023064
mistral-small-24b,g24p2_130,g24p2_130_minus,minus,admit_post,0.07240911938229835
mistral-small-24b,g24p2_130,g24p2_130_minus,minus,exclude_post,24.13126436869812
mistral-small-24b,g24p2_130,g24p2_130_minus,minus,strong_exclude_post,26.73281863280023
mistral-small-24b,g24p2_130,g24p2_130_minus,minus,counterfactual_delete_post,30.09946751371174
mistral-small-24b,g24p2_131,g24p2_131_plus,plus,base,46.444965061501684
mistral-small-24b,g24p2_131,g24p2_131_plus,plus,admit_post,90.91499974261063
mistral-small-24b,g24p2_131,g24p2_131_plus,plus,exclude_post,13.964888796482368
mistral-small-24b,g24p2_131,g24p2_131_plus,plus,strong_exclude_post,37.15413934398511
mistral-small-24b,g24p2_131,g24p2_131_plus,plus,counterfactual_delete_post,40.38688146043794
mistral-small-24b,g24p2_131,g24p2_131_minus,minus,admit_post,91.81820557035451
mistral-small-24b,g24p2_131,g24p2_131_minus,minus,exclude_post,12.820768224775636
mistral-small-24b,g24p2_131,g24p2_131_minus,minus,strong_exclude_post,36.54529916557558
mistral-small-24b,g24p2_131,g24p2_131_minus,minus,counterfactual_delete_post,41.196119421131556
mistral-small-24b,g24p2_132,g24p2_132_plus,plus,base,0.224539079139592
mistral-small-24b,g24p2_132,g24p2_132_plus,plus,admit_post,96.6824544406236
mistral-small-24b,g24p2_132,g24p2_132_plus,plus,exclude_post,24.784204078200975
mistral-small-24b,g24p2_132,g24p2_132_plus,plus,strong_exclude_post,37.21088074144206
mistral-small-24b,g24p2_132,g24p2_132_plus,plus,counterfactual_delete_post,38.068485699491845
mistral-small-24b,g24p2_132,g24p2_132_minus,minus,admit_post,28.685084928022075
mistral-small-24b,g24p2_132,g24p2_132_minus,minus,exclude_post,2.3184969692023576
mistral-small-24b,g24p2_132,g24p2_132_minus,minus,strong_exclude_post,13.014835784714156
mistral-small-24b,g24p2_132,g24p2_132_minus,minus,counterfactual_delete_post,39.19067069804723
mistral-small-24b,g24p2_133,g24p2_133_plus,plus,base,99.9070763258829
mistral-small-24b,g24p2_133,g24p2_133_plus,plus,admit_post,99.93887991617548
mistral-small-24b,g24p2_133,g24p2_133_plus,plus,exclude_post,20.743265254555727
mistral-small-24b,g24p2_133,g24p2_133_plus,plus,strong_exclude_post,70.61490369492157
mistral-small-24b,g24p2_133,g24p2_133_plus,plus,counterfactual_delete_post,83.15653839976397
mistral-small-24b,g24p2_133,g24p2_133_minus,minus,admit_post,5.296795214554957
mistral-small-24b,g24p2_133,g24p2_133_minus,minus,exclude_post,9.751794277451218
mistral-small-24b,g24p2_133,g24p2_133_minus,minus,strong_exclude_post,89.48831096171129
mistral-small-24b,g24p2_133,g24p2_133_minus,minus,counterfactual_delete_post,33.737205429790606
mistral-small-24b,g24p2_134,g24p2_134_plus,plus,base,99.42798456649473
mistral-small-24b,g24p2_134,g24p2_134_plus,plus,admit_post,99.87152349989407
mistral-small-24b,g24p2_134,g24p2_134_plus,plus,exclude_post,99.18458797466123
mistral-small-24b,g24p2_134,g24p2_134_plus,plus,strong_exclude_post,90.81256394525197
mistral-small-24b,g24p2_134,g24p2_134_plus,plus,counterfactual_delete_post,90.38047697572641
mistral-small-24b,g24p2_134,g24p2_134_minus,minus,admit_post,94.20431391851842
mistral-small-24b,g24p2_134,g24p2_134_minus,minus,exclude_post,90.60446607511761
mistral-small-24b,g24p2_134,g24p2_134_minus,minus,strong_exclude_post,96.58624312584801
mistral-small-24b,g24p2_134,g24p2_134_minus,minus,counterfactual_delete_post,91.35299471170237
mistral-small-24b,g24p2_135,g24p2_135_plus,plus,base,0.05101551541206401
mistral-small-24b,g24p2_135,g24p2_135_plus,plus,admit_post,91.96609373814746
mistral-small-24b,g24p2_135,g24p2_135_plus,plus,exclude_post,35.445687182884626
mistral-small-24b,g24p2_135,g24p2_135_plus,plus,strong_exclude_post,0.04653877083658713
mistral-small-24b,g24p2_135,g24p2_135_plus,plus,counterfactual_delete_post,41.20224546112088
mistral-small-24b,g24p2_135,g24p2_135_minus,minus,admit_post,0.04225683783337763
mistral-small-24b,g24p2_135,g24p2_135_minus,minus,exclude_post,27.490342921578883
mistral-small-24b,g24p2_135,g24p2_135_minus,minus,strong_exclude_post,0.04981519821405697
mistral-small-24b,g24p2_135,g24p2_135_minus,minus,counterfactual_delete_post,0.07554806562295985
mistral-small-24b,g24p2_136,g24p2_136_plus,plus,base,23.47819463303666
mistral-small-24b,g24p2_136,g24p2_136_plus,plus,admit_post,95.14262061417875
mistral-small-24b,g24p2_136,g24p2_136_plus,plus,exclude_post,19.545552652472324
mistral-small-24b,g24p2_136,g24p2_136_plus,plus,strong_exclude_post,32.207554161256525
mistral-small-24b,g24p2_136,g24p2_136_plus,plus,counterfactual_delete_post,38.71342302269357
mistral-small-24b,g24p2_136,g24p2_136_minus,minus,admit_post,51.73923672438144
mistral-small-24b,g24p2_136,g24p2_136_minus,minus,exclude_post,36.72964702266339
mistral-small-24b,g24p2_136,g24p2_136_minus,minus,strong_exclude_post,30.49487251218979
mistral-small-24b,g24p2_136,g24p2_136_minus,minus,counterfactual_delete_post,36.26373748869622
mistral-small-24b,g24p2_137,g24p2_137_plus,plus,base,11.018751800957023
mistral-small-24b,g24p2_137,g24p2_137_plus,plus,admit_post,92.66381838049954
mistral-small-24b,g24p2_137,g24p2_137_plus,plus,exclude_post,12.31517398151285
mistral-small-24b,g24p2_137,g24p2_137_plus,plus,strong_exclude_post,15.383035748473382
mistral-small-24b,g24p2_137,g24p2_137_plus,plus,counterfactual_delete_post,32.890417385112976
mistral-small-24b,g24p2_137,g24p2_137_minus,minus,admit_post,0.05570297923023325
mistral-small-24b,g24p2_137,g24p2_137_minus,minus,exclude_post,11.712221856255864
mistral-small-24b,g24p2_137,g24p2_137_minus,minus,strong_exclude_post,11.297334975379098
mistral-small-24b,g24p2_137,g24p2_137_minus,minus,counterfactual_delete_post,47.19569172672075
mistral-small-24b,g24p2_138,g24p2_138_plus,plus,base,39.957324216813305
mistral-small-24b,g24p2_138,g24p2_138_plus,plus,admit_post,99.90905386546792
mistral-small-24b,g24p2_138,g24p2_138_plus,plus,exclude_post,29.73156377281076
mistral-small-24b,g24p2_138,g24p2_138_plus,plus,strong_exclude_post,13.44360033320878
mistral-small-24b,g24p2_138,g24p2_138_plus,plus,counterfactual_delete_post,39.25538282414425
mistral-small-24b,g24p2_138,g24p2_138_minus,minus,admit_post,11.445815533430302
mistral-small-24b,g24p2_138,g24p2_138_minus,minus,exclude_post,22.213996843342674
mistral-small-24b,g24p2_138,g24p2_138_minus,minus,strong_exclude_post,26.11057223907403
mistral-small-24b,g24p2_138,g24p2_138_minus,minus,counterfactual_delete_post,41.75116221326042
mistral-small-24b,g24p2_140,g24p2_140_plus,plus,base,2.910903243928524
mistral-small-24b,g24p2_140,g24p2_140_plus,plus,admit_post,99.841118930755
mistral-small-24b,g24p2_140,g24p2_140_plus,plus,exclude_post,26.94316251970956
mistral-small-24b,g24p2_140,g24p2_140_plus,plus,strong_exclude_post,35.43376779639282
mistral-small-24b,g24p2_140,g24p2_140_plus,plus,counterfactual_delete_post,41.398019528005044
mistral-small-24b,g24p2_140,g24p2_140_minus,minus,admit_post,99.79529799806272
mistral-small-24b,g24p2_140,g24p2_140_minus,minus,exclude_post,19.25329961060739
mistral-small-24b,g24p2_140,g24p2_140_minus,minus,strong_exclude_post,11.958821801536335
mistral-small-24b,g24p2_140,g24p2_140_minus,minus,counterfactual_delete_post,38.37842888397132
mistral-small-24b,g24p2_141,g24p2_141_plus,plus,base,19.9385764195842
mistral-small-24b,g24p2_141,g24p2_141_plus,plus,admit_post,91.20395446145986
mistral-small-24b,g24p2_141,g24p2_141_plus,plus,exclude_post,19.34120586725659
mistral-small-24b,g24p2_141,g24p2_141_plus,plus,strong_exclude_post,14.674961934956789
mistral-small-24b,g24p2_141,g24p2_141_plus,plus,counterfactual_delete_post,19.583895496342247
mistral-small-24b,g24p2_141,g24p2_141_minus,minus,admit_post,15.713747138546385
mistral-small-24b,g24p2_141,g24p2_141_minus,minus,exclude_post,19.909307799923774
mistral-small-24b,g24p2_141,g24p2_141_minus,minus,strong_exclude_post,8.502295603056837
mistral-small-24b,g24p2_141,g24p2_141_minus,minus,counterfactual_delete_post,46.891245147338466
mistral-small-24b,g24p2_142,g24p2_142_plus,plus,base,22.992186395507765
mistral-small-24b,g24p2_142,g24p2_142_plus,plus,admit_post,99.9287324185743
mistral-small-24b,g24p2_142,g24p2_142_plus,plus,exclude_post,12.110692000306031
mistral-small-24b,g24p2_142,g24p2_142_plus,plus,strong_exclude_post,26.604135681704708
mistral-small-24b,g24p2_142,g24p2_142_plus,plus,counterfactual_delete_post,48.29617059397134
mistral-small-24b,g24p2_142,g24p2_142_minus,minus,admit_post,0.05586463013507151
mistral-small-24b,g24p2_142,g24p2_142_minus,minus,exclude_post,27.36575102583855
mistral-small-24b,g24p2_142,g24p2_142_minus,minus,strong_exclude_post,29.414575198327984
mistral-small-24b,g24p2_142,g24p2_142_minus,minus,counterfactual_delete_post,47.91375317077557
mistral-small-24b,g24p2_143,g24p2_143_plus,plus,base,29.50000263882002
mistral-small-24b,g24p2_143,g24p2_143_plus,plus,admit_post,99.50158138687299
mistral-small-24b,g24p2_143,g24p2_143_plus,plus,exclude_post,13.995976455504888
mistral-small-24b,g24p2_143,g24p2_143_plus,plus,strong_exclude_post,24.935415637225017
mistral-small-24b,g24p2_143,g24p2_143_plus,plus,counterfactual_delete_post,47.23349587404725
mistral-small-24b,g24p2_143,g24p2_143_minus,minus,admit_post,9.947205127601803
mistral-small-24b,g24p2_143,g24p2_143_minus,minus,exclude_post,37.88664569071913
mistral-small-24b,g24p2_143,g24p2_143_minus,minus,strong_exclude_post,70.73385050003506
mistral-small-24b,g24p2_143,g24p2_143_minus,minus,counterfactual_delete_post,49.34715014656962
mistral-small-24b,g24p2_144,g24p2_144_plus,plus,base,17.45706031137018
mistral-small-24b,g24p2_144,g24p2_144_plus,plus,admit_post,99.95716674053784
mistral-small-24b,g24p2_144,g24p2_144_plus,plus,exclude_post,2.316842184077432
mistral-small-24b,g24p2_144,g24p2_144_plus,plus,strong_exclude_post,13.788188837339987
mistral-small-24b,g24p2_144,g24p2_144_plus,plus,counterfactual_delete_post,32.9872283710065
mistral-small-24b,g24p2_144,g24p2_144_minus,minus,admit_post,88.49917603610754
mistral-small-24b,g24p2_144,g24p2_144_minus,minus,exclude_post,13.086517707878663
mistral-small-24b,g24p2_144,g24p2_144_minus,minus,strong_exclude_post,13.022764514914309
mistral-small-24b,g24p2_144,g24p2_144_minus,minus,counterfactual_delete_post,40.79244007535069
mistral-small-24b,g24p2_145,g24p2_145_plus,plus,base,5.596291572540307
mistral-small-24b,g24p2_145,g24p2_145_plus,plus,admit_post,99.75953168036499
mistral-small-24b,g24p2_145,g24p2_145_plus,plus,exclude_post,29.007910707937967
mistral-small-24b,g24p2_145,g24p2_145_plus,plus,strong_exclude_post,29.232251870091414
mistral-small-24b,g24p2_145,g24p2_145_plus,plus,counterfactual_delete_post,46.12035993323373
mistral-small-24b,g24p2_145,g24p2_145_minus,minus,admit_post,6.34074334094971
mistral-small-24b,g24p2_145,g24p2_145_minus,minus,exclude_post,33.399443792457014
mistral-small-24b,g24p2_145,g24p2_145_minus,minus,strong_exclude_post,31.788496483256058
mistral-small-24b,g24p2_145,g24p2_145_minus,minus,counterfactual_delete_post,41.068389377976814
mistral-small-24b,g24p2_146,g24p2_146_plus,plus,base,9.557714894563755
mistral-small-24b,g24p2_146,g24p2_146_plus,plus,admit_post,99.86717120617061
mistral-small-24b,g24p2_146,g24p2_146_plus,plus,exclude_post,17.921818869509362
mistral-small-24b,g24p2_146,g24p2_146_plus,plus,strong_exclude_post,23.00006342837964
mistral-small-24b,g24p2_146,g24p2_146_plus,plus,counterfactual_delete_post,42.73665908754718
mistral-small-24b,g24p2_146,g24p2_146_minus,minus,admit_post,0.04955824498292603
mistral-small-24b,g24p2_146,g24p2_146_minus,minus,exclude_post,1.018203922303369
mistral-small-24b,g24p2_146,g24p2_146_minus,minus,strong_exclude_post,9.79547841581642
mistral-small-24b,g24p2_146,g24p2_146_minus,minus,counterfactual_delete_post,39.75468704821818
mistral-small-24b,g24p2_147,g24p2_147_plus,plus,base,99.57141637544476
mistral-small-24b,g24p2_147,g24p2_147_plus,plus,admit_post,99.89096517918449
mistral-small-24b,g24p2_147,g24p2_147_plus,plus,exclude_post,30.448950154539652
mistral-small-24b,g24p2_147,g24p2_147_plus,plus,strong_exclude_post,51.7097110555551
mistral-small-24b,g24p2_147,g24p2_147_plus,plus,counterfactual_delete_post,38.68862524408928
mistral-small-24b,g24p2_147,g24p2_147_minus,minus,admit_post,9.798706221785952
mistral-small-24b,g24p2_147,g24p2_147_minus,minus,exclude_post,9.39275990700821
mistral-small-24b,g24p2_147,g24p2_147_minus,minus,strong_exclude_post,55.09458353205283
mistral-small-24b,g24p2_147,g24p2_147_minus,minus,counterfactual_delete_post,41.27841953142121
mistral-small-24b,g24p2_148,g24p2_148_plus,plus,base,1.4572375831196507
mistral-small-24b,g24p2_148,g24p2_148_plus,plus,admit_post,99.87163322794144
mistral-small-24b,g24p2_148,g24p2_148_plus,plus,exclude_post,8.733890835732577
mistral-small-24b,g24p2_148,g24p2_148_plus,plus,strong_exclude_post,5.44810667867035
mistral-small-24b,g24p2_148,g24p2_148_plus,plus,counterfactual_delete_post,31.59917625260496
mistral-small-24b,g24p2_148,g24p2_148_minus,minus,admit_post,0.052991097620108694
mistral-small-24b,g24p2_148,g24p2_148_minus,minus,exclude_post,2.0394760672713863
mistral-small-24b,g24p2_148,g24p2_148_minus,minus,strong_exclude_post,3.7175200681878735
mistral-small-24b,g24p2_148,g24p2_148_minus,minus,counterfactual_delete_post,8.159600493526767
mistral-small-24b,g24p2_149,g24p2_149_plus,plus,base,0.5509539719457501
mistral-small-24b,g24p2_149,g24p2_149_plus,plus,admit_post,99.59721643538205
mistral-small-24b,g24p2_149,g24p2_149_plus,plus,exclude_post,29.815842078423486
mistral-small-24b,g24p2_149,g24p2_149_plus,plus,strong_exclude_post,20.07599062533138
mistral-small-24b,g24p2_149,g24p2_149_plus,plus,counterfactual_delete_post,46.41023329304657
mistral-small-24b,g24p2_149,g24p2_149_minus,minus,admit_post,0.029377481498764804
mistral-small-24b,g24p2_149,g24p2_149_minus,minus,exclude_post,36.24462593841498
mistral-small-24b,g24p2_149,g24p2_149_minus,minus,strong_exclude_post,27.73494026969862
mistral-small-24b,g24p2_149,g24p2_149_minus,minus,counterfactual_delete_post,46.333522079416305
mistral-small-24b,g24p2_150,g24p2_150_plus,plus,base,18.74485939335145
mistral-small-24b,g24p2_150,g24p2_150_plus,plus,admit_post,89.44878086976912
mistral-small-24b,g24p2_150,g24p2_150_plus,plus,exclude_post,3.7746895162609246
mistral-small-24b,g24p2_150,g24p2_150_plus,plus,strong_exclude_post,37.057918174181324
mistral-small-24b,g24p2_150,g24p2_150_plus,plus,counterfactual_delete_post,34.45159086056863
mistral-small-24b,g24p2_150,g24p2_150_minus,minus,admit_post,6.853701195766964
mistral-small-24b,g24p2_150,g24p2_150_minus,minus,exclude_post,12.946828219554206
mistral-small-24b,g24p2_150,g24p2_150_minus,minus,strong_exclude_post,29.482707398807104
mistral-small-24b,g24p2_150,g24p2_150_minus,minus,counterfactual_delete_post,33.11695804797567
mistral-small-24b,g24p2_153,g24p2_153_plus,plus,base,82.07771036485128
mistral-small-24b,g24p2_153,g24p2_153_plus,plus,admit_post,99.89626326608808
mistral-small-24b,g24p2_153,g24p2_153_plus,plus,exclude_post,98.85682429826178
mistral-small-24b,g24p2_153,g24p2_153_plus,plus,strong_exclude_post,99.55111172744527
mistral-small-24b,g24p2_153,g24p2_153_plus,plus,counterfactual_delete_post,99.26087324735161
mistral-small-24b,g24p2_153,g24p2_153_minus,minus,admit_post,10.141563724080328
mistral-small-24b,g24p2_153,g24p2_153_minus,minus,exclude_post,14.073028291234074
mistral-small-24b,g24p2_153,g24p2_153_minus,minus,strong_exclude_post,89.39173402787964
mistral-small-24b,g24p2_153,g24p2_153_minus,minus,counterfactual_delete_post,13.041992228774502
mistral-small-24b,g24p2_154,g24p2_154_plus,plus,base,0.12569133765352952
mistral-small-24b,g24p2_154,g24p2_154_plus,plus,admit_post,99.58675586627743
mistral-small-24b,g24p2_154,g24p2_154_plus,plus,exclude_post,49.39039213749059
mistral-small-24b,g24p2_154,g24p2_154_plus,plus,strong_exclude_post,28.78995095470734
mistral-small-24b,g24p2_154,g24p2_154_plus,plus,counterfactual_delete_post,26.50331005437954
mistral-small-24b,g24p2_154,g24p2_154_minus,minus,admit_post,0.05070499130320051
mistral-small-24b,g24p2_154,g24p2_154_minus,minus,exclude_post,32.74228568861686
mistral-small-24b,g24p2_154,g24p2_154_minus,minus,strong_exclude_post,38.83123001181164
mistral-small-24b,g24p2_154,g24p2_154_minus,minus,counterfactual_delete_post,25.54138549682562
mistral-small-24b,g24p2_156,g24p2_156_plus,plus,base,99.53374962441386
mistral-small-24b,g24p2_156,g24p2_156_plus,plus,admit_post,99.76059341374472
mistral-small-24b,g24p2_156,g24p2_156_plus,plus,exclude_post,23.44579941462844
mistral-small-24b,g24p2_156,g24p2_156_plus,plus,strong_exclude_post,97.20224356395444
mistral-small-24b,g24p2_156,g24p2_156_plus,plus,counterfactual_delete_post,78.56720807043001
mistral-small-24b,g24p2_156,g24p2_156_minus,minus,admit_post,87.77918257535413
mistral-small-24b,g24p2_156,g24p2_156_minus,minus,exclude_post,16.822847295366685
mistral-small-24b,g24p2_156,g24p2_156_minus,minus,strong_exclude_post,98.11369585149414
mistral-small-24b,g24p2_156,g24p2_156_minus,minus,counterfactual_delete_post,97.43316852484638
mistral-small-24b,g24p2_158,g24p2_158_plus,plus,base,4.5941172647463695
mistral-small-24b,g24p2_158,g24p2_158_plus,plus,admit_post,98.7115121309543
mistral-small-24b,g24p2_158,g24p2_158_plus,plus,exclude_post,18.619249733460236
mistral-small-24b,g24p2_158,g24p2_158_plus,plus,strong_exclude_post,13.110506675466137
mistral-small-24b,g24p2_158,g24p2_158_plus,plus,counterfactual_delete_post,52.01323505499634
mistral-small-24b,g24p2_158,g24p2_158_minus,minus,admit_post,8.66845875420322
mistral-small-24b,g24p2_158,g24p2_158_minus,minus,exclude_post,0.6951537085656477
mistral-small-24b,g24p2_158,g24p2_158_minus,minus,strong_exclude_post,13.997140441167494
mistral-small-24b,g24p2_158,g24p2_158_minus,minus,counterfactual_delete_post,37.97865117858324
mistral-small-24b,g24p2_159,g24p2_159_plus,plus,base,1.3206236636598778
mistral-small-24b,g24p2_159,g24p2_159_plus,plus,admit_post,99.73530651436903
mistral-small-24b,g24p2_159,g24p2_159_plus,plus,exclude_post,25.54071050052882
mistral-small-24b,g24p2_159,g24p2_159_plus,plus,strong_exclude_post,78.0961410020455
mistral-small-24b,g24p2_159,g24p2_159_plus,plus,counterfactual_delete_post,67.25780238211827
mistral-small-24b,g24p2_159,g24p2_159_minus,minus,admit_post,0.07640456860075213
mistral-small-24b,g24p2_159,g24p2_159_minus,minus,exclude_post,24.59867161639433
mistral-small-24b,g24p2_159,g24p2_159_minus,minus,strong_exclude_post,60.107542576290065
mistral-small-24b,g24p2_159,g24p2_159_minus,minus,counterfactual_delete_post,57.56803808152927
mistral-small-24b,g24p2_160,g24p2_160_plus,plus,base,56.82260711913543
mistral-small-24b,g24p2_160,g24p2_160_plus,plus,admit_post,99.84050348828393
mistral-small-24b,g24p2_160,g24p2_160_plus,plus,exclude_post,12.988308749594017
mistral-small-24b,g24p2_160,g24p2_160_plus,plus,strong_exclude_post,43.49393956960401
mistral-small-24b,g24p2_160,g24p2_160_plus,plus,counterfactual_delete_post,55.491371971191974
mistral-small-24b,g24p2_160,g24p2_160_minus,minus,admit_post,6.369962163411237
mistral-small-24b,g24p2_160,g24p2_160_minus,minus,exclude_post,4.057581385132158
mistral-small-24b,g24p2_160,g24p2_160_minus,minus,strong_exclude_post,38.936175776163395
mistral-small-24b,g24p2_160,g24p2_160_minus,minus,counterfactual_delete_post,28.988463444246513
mistral-small-24b,g24p2_161,g24p2_161_plus,plus,base,0.6500261315407128
mistral-small-24b,g24p2_161,g24p2_161_plus,plus,admit_post,11.84802520444787
mistral-small-24b,g24p2_161,g24p2_161_plus,plus,exclude_post,29.937719355271568
mistral-small-24b,g24p2_161,g24p2_161_plus,plus,strong_exclude_post,31.950614236715367
mistral-small-24b,g24p2_161,g24p2_161_plus,plus,counterfactual_delete_post,36.48100324690747
mistral-small-24b,g24p2_161,g24p2_161_minus,minus,admit_post,0.289486677724731
mistral-small-24b,g24p2_161,g24p2_161_minus,minus,exclude_post,28.959487428871302
mistral-small-24b,g24p2_161,g24p2_161_minus,minus,strong_exclude_post,35.982013306202276
mistral-small-24b,g24p2_161,g24p2_161_minus,minus,counterfactual_delete_post,32.61862475596516
mistral-small-24b,g24p2_163,g24p2_163_plus,plus,base,0.7857626696684323
mistral-small-24b,g24p2_163,g24p2_163_plus,plus,admit_post,99.90034453991355
mistral-small-24b,g24p2_163,g24p2_163_plus,plus,exclude_post,8.672107808194777
mistral-small-24b,g24p2_163,g24p2_163_plus,plus,strong_exclude_post,6.096645384473581
mistral-small-24b,g24p2_163,g24p2_163_plus,plus,counterfactual_delete_post,28.956311538640236
mistral-small-24b,g24p2_163,g24p2_163_minus,minus,admit_post,5.974648052027458
mistral-small-24b,g24p2_163,g24p2_163_minus,minus,exclude_post,6.150306118187135
mistral-small-24b,g24p2_163,g24p2_163_minus,minus,strong_exclude_post,7.745226905756125
mistral-small-24b,g24p2_163,g24p2_163_minus,minus,counterfactual_delete_post,7.235683128261662
mistral-small-24b,g24p2_164,g24p2_164_plus,plus,base,99.74126974568371
mistral-small-24b,g24p2_164,g24p2_164_plus,plus,admit_post,99.86398500719304
mistral-small-24b,g24p2_164,g24p2_164_plus,plus,exclude_post,16.531687129404887
mistral-small-24b,g24p2_164,g24p2_164_plus,plus,strong_exclude_post,79.18490229197916
mistral-small-24b,g24p2_164,g24p2_164_plus,plus,counterfactual_delete_post,37.033440891068864
mistral-small-24b,g24p2_164,g24p2_164_minus,minus,admit_post,4.259788352952014
mistral-small-24b,g24p2_164,g24p2_164_minus,minus,exclude_post,18.535774320554395
mistral-small-24b,g24p2_164,g24p2_164_minus,minus,strong_exclude_post,62.91661794883986
mistral-small-24b,g24p2_164,g24p2_164_minus,minus,counterfactual_delete_post,37.83906574810948
mistral-small-24b,g24p2_165,g24p2_165_plus,plus,base,4.606912362667689
mistral-small-24b,g24p2_165,g24p2_165_plus,plus,admit_post,98.33702454479621
mistral-small-24b,g24p2_165,g24p2_165_plus,plus,exclude_post,25.735953784918653
mistral-small-24b,g24p2_165,g24p2_165_plus,plus,strong_exclude_post,21.284523152483054
mistral-small-24b,g24p2_165,g24p2_165_plus,plus,counterfactual_delete_post,8.074962443465223
mistral-small-24b,g24p2_165,g24p2_165_minus,minus,admit_post,98.73660177005023
mistral-small-24b,g24p2_165,g24p2_165_minus,minus,exclude_post,15.46586672735391
mistral-small-24b,g24p2_165,g24p2_165_minus,minus,strong_exclude_post,22.759000765302872
mistral-small-24b,g24p2_165,g24p2_165_minus,minus,counterfactual_delete_post,45.49806786707915
mistral-small-24b,g24p2_167,g24p2_167_plus,plus,base,65.81828367801806
mistral-small-24b,g24p2_167,g24p2_167_plus,plus,admit_post,96.51386569166715
mistral-small-24b,g24p2_167,g24p2_167_plus,plus,exclude_post,7.345414610324809
mistral-small-24b,g24p2_167,g24p2_167_plus,plus,strong_exclude_post,6.721601196444248
mistral-small-24b,g24p2_167,g24p2_167_plus,plus,counterfactual_delete_post,35.37852465546348
mistral-small-24b,g24p2_167,g24p2_167_minus,minus,admit_post,84.56773176217197
mistral-small-24b,g24p2_167,g24p2_167_minus,minus,exclude_post,1.5064945065720492
mistral-small-24b,g24p2_167,g24p2_167_minus,minus,strong_exclude_post,6.345556074351234
mistral-small-24b,g24p2_167,g24p2_167_minus,minus,counterfactual_delete_post,32.85508159875043
mistral-small-24b,g24p2_169,g24p2_169_plus,plus,base,97.80182254351138
mistral-small-24b,g24p2_169,g24p2_169_plus,plus,admit_post,99.9636103108881
mistral-small-24b,g24p2_169,g24p2_169_plus,plus,exclude_post,38.56221143938607
mistral-small-24b,g24p2_169,g24p2_169_plus,plus,strong_exclude_post,86.32582278559079
mistral-small-24b,g24p2_169,g24p2_169_plus,plus,counterfactual_delete_post,33.27225282561527
mistral-small-24b,g24p2_169,g24p2_169_minus,minus,admit_post,0.05681501939374937
mistral-small-24b,g24p2_169,g24p2_169_minus,minus,exclude_post,39.72848902564384
mistral-small-24b,g24p2_169,g24p2_169_minus,minus,strong_exclude_post,6.216122528464234
mistral-small-24b,g24p2_169,g24p2_169_minus,minus,counterfactual_delete_post,47.39831537362372
mistral-small-24b,g24p2_170,g24p2_170_plus,plus,base,86.21197254284435
mistral-small-24b,g24p2_170,g24p2_170_plus,plus,admit_post,99.83685519192399
mistral-small-24b,g24p2_170,g24p2_170_plus,plus,exclude_post,32.78146099236687
mistral-small-24b,g24p2_170,g24p2_170_plus,plus,strong_exclude_post,19.936098731029094
mistral-small-24b,g24p2_170,g24p2_170_plus,plus,counterfactual_delete_post,45.7570323029398
mistral-small-24b,g24p2_170,g24p2_170_minus,minus,admit_post,99.82235487275284
mistral-small-24b,g24p2_170,g24p2_170_minus,minus,exclude_post,38.19232825963327
mistral-small-24b,g24p2_170,g24p2_170_minus,minus,strong_exclude_post,33.44587716902835
mistral-small-24b,g24p2_170,g24p2_170_minus,minus,counterfactual_delete_post,41.09149275756554
mistral-small-24b,g24p2_171,g24p2_171_plus,plus,base,19.992525810283684
mistral-small-24b,g24p2_171,g24p2_171_plus,plus,admit_post,99.85712646335924
mistral-small-24b,g24p2_171,g24p2_171_plus,plus,exclude_post,21.62475540552698
mistral-small-24b,g24p2_171,g24p2_171_plus,plus,strong_exclude_post,17.9318544884422
mistral-small-24b,g24p2_171,g24p2_171_plus,plus,counterfactual_delete_post,24.435257554610956
mistral-small-24b,g24p2_171,g24p2_171_minus,minus,admit_post,7.1005354014895765
mistral-small-24b,g24p2_171,g24p2_171_minus,minus,exclude_post,2.0169459872574795
mistral-small-24b,g24p2_171,g24p2_171_minus,minus,strong_exclude_post,36.633564366224284
mistral-small-24b,g24p2_171,g24p2_171_minus,minus,counterfactual_delete_post,32.88851592667038
mistral-small-24b,g24p2_172,g24p2_172_plus,plus,base,99.37451055883815
mistral-small-24b,g24p2_172,g24p2_172_plus,plus,admit_post,97.9435503920656
mistral-small-24b,g24p2_172,g24p2_172_plus,plus,exclude_post,29.88790251614519
mistral-small-24b,g24p2_172,g24p2_172_plus,plus,strong_exclude_post,31.932120027493834
mistral-small-24b,g24p2_172,g24p2_172_plus,plus,counterfactual_delete_post,27.66643802098595
mistral-small-24b,g24p2_172,g24p2_172_minus,minus,admit_post,0.04881953603165022
mistral-small-24b,g24p2_172,g24p2_172_minus,minus,exclude_post,45.09646233585439
mistral-small-24b,g24p2_172,g24p2_172_minus,minus,strong_exclude_post,30.14624233626762
mistral-small-24b,g24p2_172,g24p2_172_minus,minus,counterfactual_delete_post,32.70505799436189
mistral-small-24b,g24p2_174,g24p2_174_plus,plus,base,79.45083776811266
mistral-small-24b,g24p2_174,g24p2_174_plus,plus,admit_post,99.760308643304
mistral-small-24b,g24p2_174,g24p2_174_plus,plus,exclude_post,67.94113940958313
mistral-small-24b,g24p2_174,g24p2_174_plus,plus,strong_exclude_post,89.20159807133203
mistral-small-24b,g24p2_174,g24p2_174_plus,plus,counterfactual_delete_post,88.8779315234566
mistral-small-24b,g24p2_174,g24p2_174_minus,minus,admit_post,99.61771098923556
mistral-small-24b,g24p2_174,g24p2_174_minus,minus,exclude_post,23.091640441800518
mistral-small-24b,g24p2_174,g24p2_174_minus,minus,strong_exclude_post,89.20736229664948
mistral-small-24b,g24p2_174,g24p2_174_minus,minus,counterfactual_delete_post,87.16632596808734
mistral-small-24b,g24p2_175,g24p2_175_plus,plus,base,78.73074670749756
mistral-small-24b,g24p2_175,g24p2_175_plus,plus,admit_post,99.657909993994
mistral-small-24b,g24p2_175,g24p2_175_plus,plus,exclude_post,10.365190883019558
mistral-small-24b,g24p2_175,g24p2_175_plus,plus,strong_exclude_post,49.08157958437028
mistral-small-24b,g24p2_175,g24p2_175_plus,plus,counterfactual_delete_post,68.12983004766954
mistral-small-24b,g24p2_175,g24p2_175_minus,minus,admit_post,6.000716214771335
mistral-small-24b,g24p2_175,g24p2_175_minus,minus,exclude_post,0.12922666876869554
mistral-small-24b,g24p2_175,g24p2_175_minus,minus,strong_exclude_post,55.469114877536555
mistral-small-24b,g24p2_175,g24p2_175_minus,minus,counterfactual_delete_post,48.26331562357381
mistral-small-24b,g24p2_176,g24p2_176_plus,plus,base,99.73240590978337
mistral-small-24b,g24p2_176,g24p2_176_plus,plus,admit_post,99.90897039616546
mistral-small-24b,g24p2_176,g24p2_176_plus,plus,exclude_post,25.487905459545107
mistral-small-24b,g24p2_176,g24p2_176_plus,plus,strong_exclude_post,99.65529143922107
mistral-small-24b,g24p2_176,g24p2_176_plus,plus,counterfactual_delete_post,98.53914744103442
mistral-small-24b,g24p2_176,g24p2_176_minus,minus,admit_post,6.247571776446577
mistral-small-24b,g24p2_176,g24p2_176_minus,minus,exclude_post,27.439026323116984
mistral-small-24b,g24p2_176,g24p2_176_minus,minus,strong_exclude_post,95.80881342914964
mistral-small-24b,g24p2_176,g24p2_176_minus,minus,counterfactual_delete_post,8.143976938415822
mistral-small-24b,g24p2_177,g24p2_177_plus,plus,base,99.5202234780403
mistral-small-24b,g24p2_177,g24p2_177_plus,plus,admit_post,98.780807627211
mistral-small-24b,g24p2_177,g24p2_177_plus,plus,exclude_post,54.82199794980856
mistral-small-24b,g24p2_177,g24p2_177_plus,plus,strong_exclude_post,99.19590040694295
mistral-small-24b,g24p2_177,g24p2_177_plus,plus,counterfactual_delete_post,93.51560786316051
mistral-small-24b,g24p2_177,g24p2_177_minus,minus,admit_post,11.73026262682924
mistral-small-24b,g24p2_177,g24p2_177_minus,minus,exclude_post,51.3207550253459
mistral-small-24b,g24p2_177,g24p2_177_minus,minus,strong_exclude_post,85.48434150967526
mistral-small-24b,g24p2_177,g24p2_177_minus,minus,counterfactual_delete_post,59.18154524222981
mistral-small-24b,g24p2_178,g24p2_178_plus,plus,base,14.753467657833404
mistral-small-24b,g24p2_178,g24p2_178_plus,plus,admit_post,99.185218290256
mistral-small-24b,g24p2_178,g24p2_178_plus,plus,exclude_post,7.558258525453599
mistral-small-24b,g24p2_178,g24p2_178_plus,plus,strong_exclude_post,0.5066907358803525
mistral-small-24b,g24p2_178,g24p2_178_plus,plus,counterfactual_delete_post,1.1569108822546466
mistral-small-24b,g24p2_178,g24p2_178_minus,minus,admit_post,9.926955584171136
mistral-small-24b,g24p2_178,g24p2_178_minus,minus,exclude_post,19.508645362295795
mistral-small-24b,g24p2_178,g24p2_178_minus,minus,strong_exclude_post,0.729187508856829
mistral-small-24b,g24p2_178,g24p2_178_minus,minus,counterfactual_delete_post,0.8138521338089788
mistral-small-24b,g24p2_179,g24p2_179_plus,plus,base,7.504707473254742
mistral-small-24b,g24p2_179,g24p2_179_plus,plus,admit_post,99.9337772377287
mistral-small-24b,g24p2_179,g24p2_179_plus,plus,exclude_post,19.533876091596188
mistral-small-24b,g24p2_179,g24p2_179_plus,plus,strong_exclude_post,18.504830541433595
mistral-small-24b,g24p2_179,g24p2_179_plus,plus,counterfactual_delete_post,38.56365053871793
mistral-small-24b,g24p2_179,g24p2_179_minus,minus,admit_post,0.053323304180112586
mistral-small-24b,g24p2_179,g24p2_179_minus,minus,exclude_post,26.8818118716885
mistral-small-24b,g24p2_179,g24p2_179_minus,minus,strong_exclude_post,20.01816628196706
mistral-small-24b,g24p2_179,g24p2_179_minus,minus,counterfactual_delete_post,38.05228260697972
mistral-small-24b,g24p2_180,g24p2_180_plus,plus,base,0.6294980527156747
mistral-small-24b,g24p2_180,g24p2_180_plus,plus,admit_post,99.87371318799325
mistral-small-24b,g24p2_180,g24p2_180_plus,plus,exclude_post,35.82497068093043
mistral-small-24b,g24p2_180,g24p2_180_plus,plus,strong_exclude_post,46.094190921776075
mistral-small-24b,g24p2_180,g24p2_180_plus,plus,counterfactual_delete_post,60.556295517113966
mistral-small-24b,g24p2_180,g24p2_180_minus,minus,admit_post,99.92000273558716
mistral-small-24b,g24p2_180,g24p2_180_minus,minus,exclude_post,33.03107703361648
mistral-small-24b,g24p2_180,g24p2_180_minus,minus,strong_exclude_post,43.413684623805466
mistral-small-24b,g24p2_180,g24p2_180_minus,minus,counterfactual_delete_post,31.604711607665674
mistral-small-24b,g24p2_181,g24p2_181_plus,plus,base,0.24026237765512548
mistral-small-24b,g24p2_181,g24p2_181_plus,plus,admit_post,99.54536538096123
mistral-small-24b,g24p2_181,g24p2_181_plus,plus,exclude_post,0.26733925487798715
mistral-small-24b,g24p2_181,g24p2_181_plus,plus,strong_exclude_post,0.4945427529727929
mistral-small-24b,g24p2_181,g24p2_181_plus,plus,counterfactual_delete_post,5.544780427373045
mistral-small-24b,g24p2_181,g24p2_181_minus,minus,admit_post,0.052997987128978324
mistral-small-24b,g24p2_181,g24p2_181_minus,minus,exclude_post,2.7933055937878852
mistral-small-24b,g24p2_181,g24p2_181_minus,minus,strong_exclude_post,3.3223377017701115
mistral-small-24b,g24p2_181,g24p2_181_minus,minus,counterfactual_delete_post,7.7136123880664735
mistral-small-24b,g24p2_184,g24p2_184_plus,plus,base,4.047620535431095
mistral-small-24b,g24p2_184,g24p2_184_plus,plus,admit_post,99.54175454349468
mistral-small-24b,g24p2_184,g24p2_184_plus,plus,exclude_post,31.896292602631256
mistral-small-24b,g24p2_184,g24p2_184_plus,plus,strong_exclude_post,5.327020022022666
mistral-small-24b,g24p2_184,g24p2_184_plus,plus,counterfactual_delete_post,25.74499784646513
mistral-small-24b,g24p2_184,g24p2_184_minus,minus,admit_post,0.055536421995508206
mistral-small-24b,g24p2_184,g24p2_184_minus,minus,exclude_post,13.709817818940577
mistral-small-24b,g24p2_184,g24p2_184_minus,minus,strong_exclude_post,4.97122883464226
mistral-small-24b,g24p2_184,g24p2_184_minus,minus,counterfactual_delete_post,11.042747352574168
mistral-small-24b,g24p2_185,g24p2_185_plus,plus,base,0.26946199109113134
mistral-small-24b,g24p2_185,g24p2_185_plus,plus,admit_post,99.93351127789063
mistral-small-24b,g24p2_185,g24p2_185_plus,plus,exclude_post,24.112786267581562
mistral-small-24b,g24p2_185,g24p2_185_plus,plus,strong_exclude_post,85.28853282777078
mistral-small-24b,g24p2_185,g24p2_185_plus,plus,counterfactual_delete_post,31.797245695339168
mistral-small-24b,g24p2_185,g24p2_185_minus,minus,admit_post,0.06265468027379863
mistral-small-24b,g24p2_185,g24p2_185_minus,minus,exclude_post,41.79207296200157
mistral-small-24b,g24p2_185,g24p2_185_minus,minus,strong_exclude_post,37.99327965551034
mistral-small-24b,g24p2_185,g24p2_185_minus,minus,counterfactual_delete_post,47.3575771134554
mistral-small-24b,g24p2_186,g24p2_186_plus,plus,base,3.764233665009028
mistral-small-24b,g24p2_186,g24p2_186_plus,plus,admit_post,99.50507805314629
mistral-small-24b,g24p2_186,g24p2_186_plus,plus,exclude_post,4.856231310313393
mistral-small-24b,g24p2_186,g24p2_186_plus,plus,strong_exclude_post,11.14014382802704
mistral-small-24b,g24p2_186,g24p2_186_plus,plus,counterfactual_delete_post,12.041698244959552
mistral-small-24b,g24p2_186,g24p2_186_minus,minus,admit_post,5.090927990239054
mistral-small-24b,g24p2_186,g24p2_186_minus,minus,exclude_post,18.5239381818181
mistral-small-24b,g24p2_186,g24p2_186_minus,minus,strong_exclude_post,8.208771503412514
mistral-small-24b,g24p2_186,g24p2_186_minus,minus,counterfactual_delete_post,12.84487063404209
mistral-small-24b,g24p2_187,g24p2_187_plus,plus,base,26.004706927582163
mistral-small-24b,g24p2_187,g24p2_187_plus,plus,admit_post,99.93092392959949
mistral-small-24b,g24p2_187,g24p2_187_plus,plus,exclude_post,0.06383503127104734
mistral-small-24b,g24p2_187,g24p2_187_plus,plus,strong_exclude_post,12.986983998316012
mistral-small-24b,g24p2_187,g24p2_187_plus,plus,counterfactual_delete_post,27.10578326187589
mistral-small-24b,g24p2_187,g24p2_187_minus,minus,admit_post,0.1257053379615892
mistral-small-24b,g24p2_187,g24p2_187_minus,minus,exclude_post,5.338064312443789
mistral-small-24b,g24p2_187,g24p2_187_minus,minus,strong_exclude_post,2.1603945882546793
mistral-small-24b,g24p2_187,g24p2_187_minus,minus,counterfactual_delete_post,3.162966093711345
mistral-small-24b,g24p2_189,g24p2_189_plus,plus,base,76.78187627976888
mistral-small-24b,g24p2_189,g24p2_189_plus,plus,admit_post,99.90539674029577
mistral-small-24b,g24p2_189,g24p2_189_plus,plus,exclude_post,19.890247660618133
mistral-small-24b,g24p2_189,g24p2_189_plus,plus,strong_exclude_post,65.17789934546587
mistral-small-24b,g24p2_189,g24p2_189_plus,plus,counterfactual_delete_post,51.57607323341033
mistral-small-24b,g24p2_189,g24p2_189_minus,minus,admit_post,13.223502975267806
mistral-small-24b,g24p2_189,g24p2_189_minus,minus,exclude_post,25.284489632949196
mistral-small-24b,g24p2_189,g24p2_189_minus,minus,strong_exclude_post,40.04883392210872
mistral-small-24b,g24p2_189,g24p2_189_minus,minus,counterfactual_delete_post,60.8203790248975
mistral-small-24b,g24p2_190,g24p2_190_plus,plus,base,7.878939720402264
mistral-small-24b,g24p2_190,g24p2_190_plus,plus,admit_post,99.93811198117729
mistral-small-24b,g24p2_190,g24p2_190_plus,plus,exclude_post,15.546715793669598
mistral-small-24b,g24p2_190,g24p2_190_plus,plus,strong_exclude_post,21.266456314759093
mistral-small-24b,g24p2_190,g24p2_190_plus,plus,counterfactual_delete_post,38.55440487880629
mistral-small-24b,g24p2_190,g24p2_190_minus,minus,admit_post,6.8560410580490245
mistral-small-24b,g24p2_190,g24p2_190_minus,minus,exclude_post,6.481934458366249
mistral-small-24b,g24p2_190,g24p2_190_minus,minus,strong_exclude_post,24.222185662763067
mistral-small-24b,g24p2_190,g24p2_190_minus,minus,counterfactual_delete_post,39.2732104276856
mistral-small-24b,g24p2_191,g24p2_191_plus,plus,base,30.225208489234205
mistral-small-24b,g24p2_191,g24p2_191_plus,plus,admit_post,35.174521957450615
mistral-small-24b,g24p2_191,g24p2_191_plus,plus,exclude_post,47.25333725504489
mistral-small-24b,g24p2_191,g24p2_191_plus,plus,strong_exclude_post,47.8636109281519
mistral-small-24b,g24p2_191,g24p2_191_plus,plus,counterfactual_delete_post,47.91870264319572
mistral-small-24b,g24p2_191,g24p2_191_minus,minus,admit_post,0.1681947374997266
mistral-small-24b,g24p2_191,g24p2_191_minus,minus,exclude_post,37.596145786469386
mistral-small-24b,g24p2_191,g24p2_191_minus,minus,strong_exclude_post,47.28388586406985
mistral-small-24b,g24p2_191,g24p2_191_minus,minus,counterfactual_delete_post,48.1527725500659
mistral-small-24b,g24p2_192,g24p2_192_plus,plus,base,5.261130160174172
mistral-small-24b,g24p2_192,g24p2_192_plus,plus,admit_post,95.98559336845993
mistral-small-24b,g24p2_192,g24p2_192_plus,plus,exclude_post,7.030111166148203
mistral-small-24b,g24p2_192,g24p2_192_plus,plus,strong_exclude_post,52.25013455728244
mistral-small-24b,g24p2_192,g24p2_192_plus,plus,counterfactual_delete_post,35.856653142734714
mistral-small-24b,g24p2_192,g24p2_192_minus,minus,admit_post,21.19076991985361
mistral-small-24b,g24p2_192,g24p2_192_minus,minus,exclude_post,5.258139971552014
mistral-small-24b,g24p2_192,g24p2_192_minus,minus,strong_exclude_post,34.408837572568835
mistral-small-24b,g24p2_192,g24p2_192_minus,minus,counterfactual_delete_post,30.112402085735773
mistral-small-24b,g24p2_193,g24p2_193_plus,plus,base,79.98320963258108
mistral-small-24b,g24p2_193,g24p2_193_plus,plus,admit_post,93.04211974661865
mistral-small-24b,g24p2_193,g24p2_193_plus,plus,exclude_post,29.53554158104164
mistral-small-24b,g24p2_193,g24p2_193_plus,plus,strong_exclude_post,26.545682352674664
mistral-small-24b,g24p2_193,g24p2_193_plus,plus,counterfactual_delete_post,34.673193353505646
mistral-small-24b,g24p2_193,g24p2_193_minus,minus,admit_post,26.653386302006194
mistral-small-24b,g24p2_193,g24p2_193_minus,minus,exclude_post,4.448346329799212
mistral-small-24b,g24p2_193,g24p2_193_minus,minus,strong_exclude_post,48.966777408763
mistral-small-24b,g24p2_193,g24p2_193_minus,minus,counterfactual_delete_post,60.64576979078255
mistral-small-24b,g24p2_194,g24p2_194_plus,plus,base,9.773884489257556
mistral-small-24b,g24p2_194,g24p2_194_plus,plus,admit_post,99.8025578484784
mistral-small-24b,g24p2_194,g24p2_194_plus,plus,exclude_post,11.120538548412753
mistral-small-24b,g24p2_194,g24p2_194_plus,plus,strong_exclude_post,31.35539806871307
mistral-small-24b,g24p2_194,g24p2_194_plus,plus,counterfactual_delete_post,34.131387478759535
mistral-small-24b,g24p2_194,g24p2_194_minus,minus,admit_post,0.3708435269001827
mistral-small-24b,g24p2_194,g24p2_194_minus,minus,exclude_post,22.262548307179845
mistral-small-24b,g24p2_194,g24p2_194_minus,minus,strong_exclude_post,29.723270073042208
mistral-small-24b,g24p2_194,g24p2_194_minus,minus,counterfactual_delete_post,34.08122692678338
mistral-small-24b,g24p2_196,g24p2_196_plus,plus,base,27.078671931282436
mistral-small-24b,g24p2_196,g24p2_196_plus,plus,admit_post,99.91248751513882
mistral-small-24b,g24p2_196,g24p2_196_plus,plus,exclude_post,25.242976136051972
mistral-small-24b,g24p2_196,g24p2_196_plus,plus,strong_exclude_post,41.16474010693853
mistral-small-24b,g24p2_196,g24p2_196_plus,plus,counterfactual_delete_post,32.917751741924455
mistral-small-24b,g24p2_196,g24p2_196_minus,minus,admit_post,6.691610177773901
mistral-small-24b,g24p2_196,g24p2_196_minus,minus,exclude_post,22.64856198836737
mistral-small-24b,g24p2_196,g24p2_196_minus,minus,strong_exclude_post,12.511183802747244
mistral-small-24b,g24p2_196,g24p2_196_minus,minus,counterfactual_delete_post,41.7619065394402
mistral-small-24b,g24p2_198,g24p2_198_plus,plus,base,1.0228315211705334
mistral-small-24b,g24p2_198,g24p2_198_plus,plus,admit_post,99.95241988770886
mistral-small-24b,g24p2_198,g24p2_198_plus,plus,exclude_post,22.209049370135094
mistral-small-24b,g24p2_198,g24p2_198_plus,plus,strong_exclude_post,28.26559298413352
mistral-small-24b,g24p2_198,g24p2_198_plus,plus,counterfactual_delete_post,42.29189739045478
mistral-small-24b,g24p2_198,g24p2_198_minus,minus,admit_post,0.04173473355086285
mistral-small-24b,g24p2_198,g24p2_198_minus,minus,exclude_post,2.1140068350964483
mistral-small-24b,g24p2_198,g24p2_198_minus,minus,strong_exclude_post,19.63200820492321
mistral-small-24b,g24p2_198,g24p2_198_minus,minus,counterfactual_delete_post,17.695403353173525
mistral-small-24b,g24p2_200,g24p2_200_plus,plus,base,69.55406712461291
mistral-small-24b,g24p2_200,g24p2_200_plus,plus,admit_post,98.98110077152216
mistral-small-24b,g24p2_200,g24p2_200_plus,plus,exclude_post,50.86228106014484
mistral-small-24b,g24p2_200,g24p2_200_plus,plus,strong_exclude_post,34.58229570951019
mistral-small-24b,g24p2_200,g24p2_200_plus,plus,counterfactual_delete_post,42.165367591942285
mistral-small-24b,g24p2_200,g24p2_200_minus,minus,admit_post,15.314828882153153
mistral-small-24b,g24p2_200,g24p2_200_minus,minus,exclude_post,8.202719915341484
mistral-small-24b,g24p2_200,g24p2_200_minus,minus,strong_exclude_post,36.127036089576414
mistral-small-24b,g24p2_200,g24p2_200_minus,minus,counterfactual_delete_post,60.69378838244207
mistral-small-24b,g24p2_201,g24p2_201_plus,plus,base,3.0370830904207695
mistral-small-24b,g24p2_201,g24p2_201_plus,plus,admit_post,18.407544682701726
mistral-small-24b,g24p2_201,g24p2_201_plus,plus,exclude_post,0.05229422368831559
mistral-small-24b,g24p2_201,g24p2_201_plus,plus,strong_exclude_post,0.23976865562834535
mistral-small-24b,g24p2_201,g24p2_201_plus,plus,counterfactual_delete_post,1.2602085801382787
mistral-small-24b,g24p2_201,g24p2_201_minus,minus,admit_post,6.621272091409976
mistral-small-24b,g24p2_201,g24p2_201_minus,minus,exclude_post,2.634911547020126
mistral-small-24b,g24p2_201,g24p2_201_minus,minus,strong_exclude_post,0.30295577305325616
mistral-small-24b,g24p2_201,g24p2_201_minus,minus,counterfactual_delete_post,0.5543907911121579
mistral-small-24b,g24p2_202,g24p2_202_plus,plus,base,0.5052600499988301
mistral-small-24b,g24p2_202,g24p2_202_plus,plus,admit_post,8.045807139000658
mistral-small-24b,g24p2_202,g24p2_202_plus,plus,exclude_post,0.6812132703462864
mistral-small-24b,g24p2_202,g24p2_202_plus,plus,strong_exclude_post,3.355631772075645
mistral-small-24b,g24p2_202,g24p2_202_plus,plus,counterfactual_delete_post,5.81574886321562
mistral-small-24b,g24p2_202,g24p2_202_minus,minus,admit_post,5.75153315005589
mistral-small-24b,g24p2_202,g24p2_202_minus,minus,exclude_post,3.3099195433311213
mistral-small-24b,g24p2_202,g24p2_202_minus,minus,strong_exclude_post,1.2300058532865072
mistral-small-24b,g24p2_202,g24p2_202_minus,minus,counterfactual_delete_post,6.047823899994393
mistral-small-24b,g24p2_203,g24p2_203_plus,plus,base,11.227947430542578
mistral-small-24b,g24p2_203,g24p2_203_plus,plus,admit_post,96.53986552501343
mistral-small-24b,g24p2_203,g24p2_203_plus,plus,exclude_post,30.7239168748131
mistral-small-24b,g24p2_203,g24p2_203_plus,plus,strong_exclude_post,12.910584703676657
mistral-small-24b,g24p2_203,g24p2_203_plus,plus,counterfactual_delete_post,46.211176442679
mistral-small-24b,g24p2_203,g24p2_203_minus,minus,admit_post,6.926288839581238
mistral-small-24b,g24p2_203,g24p2_203_minus,minus,exclude_post,3.170507620918893
mistral-small-24b,g24p2_203,g24p2_203_minus,minus,strong_exclude_post,37.6380028932551
mistral-small-24b,g24p2_203,g24p2_203_minus,minus,counterfactual_delete_post,46.83524748397159
mistral-small-24b,g24p2_204,g24p2_204_plus,plus,base,81.36207692365672
mistral-small-24b,g24p2_204,g24p2_204_plus,plus,admit_post,91.21159755709421
mistral-small-24b,g24p2_204,g24p2_204_plus,plus,exclude_post,26.310262324891617
mistral-small-24b,g24p2_204,g24p2_204_plus,plus,strong_exclude_post,46.008762839782946
mistral-small-24b,g24p2_204,g24p2_204_plus,plus,counterfactual_delete_post,62.053402108737856
mistral-small-24b,g24p2_204,g24p2_204_minus,minus,admit_post,77.87185122584258
mistral-small-24b,g24p2_204,g24p2_204_minus,minus,exclude_post,25.343329290071225
mistral-small-24b,g24p2_204,g24p2_204_minus,minus,strong_exclude_post,73.41001595617223
mistral-small-24b,g24p2_204,g24p2_204_minus,minus,counterfactual_delete_post,61.69987357213063
mistral-small-24b,g24p2_207,g24p2_207_plus,plus,base,29.952272418261007
mistral-small-24b,g24p2_207,g24p2_207_plus,plus,admit_post,50.870580765767244
mistral-small-24b,g24p2_207,g24p2_207_plus,plus,exclude_post,8.988222493555515
mistral-small-24b,g24p2_207,g24p2_207_plus,plus,strong_exclude_post,35.42991914063284
mistral-small-24b,g24p2_207,g24p2_207_plus,plus,counterfactual_delete_post,37.271171581108405
mistral-small-24b,g24p2_207,g24p2_207_minus,minus,admit_post,14.064284311451715
mistral-small-24b,g24p2_207,g24p2_207_minus,minus,exclude_post,7.065951346587665
mistral-small-24b,g24p2_207,g24p2_207_minus,minus,strong_exclude_post,25.517382585512447
mistral-small-24b,g24p2_207,g24p2_207_minus,minus,counterfactual_delete_post,28.282331931997625
mistral-small-24b,g24p2_208,g24p2_208_plus,plus,base,8.207037724180358
mistral-small-24b,g24p2_208,g24p2_208_plus,plus,admit_post,99.44039792951972
mistral-small-24b,g24p2_208,g24p2_208_plus,plus,exclude_post,26.897609281533768
mistral-small-24b,g24p2_208,g24p2_208_plus,plus,strong_exclude_post,36.26117012635979
mistral-small-24b,g24p2_208,g24p2_208_plus,plus,counterfactual_delete_post,32.99035603292711
mistral-small-24b,g24p2_208,g24p2_208_minus,minus,admit_post,7.3185758932753755
mistral-small-24b,g24p2_208,g24p2_208_minus,minus,exclude_post,28.366866621753175
mistral-small-24b,g24p2_208,g24p2_208_minus,minus,strong_exclude_post,28.318927916719574
mistral-small-24b,g24p2_208,g24p2_208_minus,minus,counterfactual_delete_post,29.8369317256963
mistral-small-24b,g24p2_211,g24p2_211_plus,plus,base,13.40076285911876
mistral-small-24b,g24p2_211,g24p2_211_plus,plus,admit_post,99.83585286404093
mistral-small-24b,g24p2_211,g24p2_211_plus,plus,exclude_post,36.118474308933244
mistral-small-24b,g24p2_211,g24p2_211_plus,plus,strong_exclude_post,33.25950126047077
mistral-small-24b,g24p2_211,g24p2_211_plus,plus,counterfactual_delete_post,39.37816430416766
mistral-small-24b,g24p2_211,g24p2_211_minus,minus,admit_post,8.762569994448661
mistral-small-24b,g24p2_211,g24p2_211_minus,minus,exclude_post,21.294511116490852
mistral-small-24b,g24p2_211,g24p2_211_minus,minus,strong_exclude_post,3.9243875733434117
mistral-small-24b,g24p2_211,g24p2_211_minus,minus,counterfactual_delete_post,7.669409859447711
mistral-small-24b,g24p2_213,g24p2_213_plus,plus,base,30.732162551296906
mistral-small-24b,g24p2_213,g24p2_213_plus,plus,admit_post,12.64651311894771
mistral-small-24b,g24p2_213,g24p2_213_plus,plus,exclude_post,23.61782567520666
mistral-small-24b,g24p2_213,g24p2_213_plus,plus,strong_exclude_post,23.87752090583328
mistral-small-24b,g24p2_213,g24p2_213_plus,plus,counterfactual_delete_post,45.0976095109757
mistral-small-24b,g24p2_213,g24p2_213_minus,minus,admit_post,5.258647174729002
mistral-small-24b,g24p2_213,g24p2_213_minus,minus,exclude_post,14.792110643413688
mistral-small-24b,g24p2_213,g24p2_213_minus,minus,strong_exclude_post,28.290700936339867
mistral-small-24b,g24p2_213,g24p2_213_minus,minus,counterfactual_delete_post,29.373907695072685
mistral-small-24b,g24p2_214,g24p2_214_plus,plus,base,0.054157429133861415
mistral-small-24b,g24p2_214,g24p2_214_plus,plus,admit_post,99.76649823288251
mistral-small-24b,g24p2_214,g24p2_214_plus,plus,exclude_post,16.921188439915973
mistral-small-24b,g24p2_214,g24p2_214_plus,plus,strong_exclude_post,10.016279083281193
mistral-small-24b,g24p2_214,g24p2_214_plus,plus,counterfactual_delete_post,41.63056701514381
mistral-small-24b,g24p2_214,g24p2_214_minus,minus,admit_post,19.82896895301644
mistral-small-24b,g24p2_214,g24p2_214_minus,minus,exclude_post,4.722186323949217
mistral-small-24b,g24p2_214,g24p2_214_minus,minus,strong_exclude_post,6.066322864381671
mistral-small-24b,g24p2_214,g24p2_214_minus,minus,counterfactual_delete_post,6.370358457600565
mistral-small-24b,g24p2_215,g24p2_215_plus,plus,base,56.98124065990161
mistral-small-24b,g24p2_215,g24p2_215_plus,plus,admit_post,99.82351932537375
mistral-small-24b,g24p2_215,g24p2_215_plus,plus,exclude_post,18.278239773822104
mistral-small-24b,g24p2_215,g24p2_215_plus,plus,strong_exclude_post,34.83627166869836
mistral-small-24b,g24p2_215,g24p2_215_plus,plus,counterfactual_delete_post,46.40741663307976
mistral-small-24b,g24p2_215,g24p2_215_minus,minus,admit_post,7.817583278041267
mistral-small-24b,g24p2_215,g24p2_215_minus,minus,exclude_post,0.7286547231779033
mistral-small-24b,g24p2_215,g24p2_215_minus,minus,strong_exclude_post,28.23206649104888
mistral-small-24b,g24p2_215,g24p2_215_minus,minus,counterfactual_delete_post,26.931620256478645
mistral-small-24b,g24p2_216,g24p2_216_plus,plus,base,90.7127066690788
mistral-small-24b,g24p2_216,g24p2_216_plus,plus,admit_post,99.69955542831086
mistral-small-24b,g24p2_216,g24p2_216_plus,plus,exclude_post,18.083809974440314
mistral-small-24b,g24p2_216,g24p2_216_plus,plus,strong_exclude_post,27.490282788052248
mistral-small-24b,g24p2_216,g24p2_216_plus,plus,counterfactual_delete_post,87.36182345832766
mistral-small-24b,g24p2_216,g24p2_216_minus,minus,admit_post,77.4401388363571
mistral-small-24b,g24p2_216,g24p2_216_minus,minus,exclude_post,2.281064184763766
mistral-small-24b,g24p2_216,g24p2_216_minus,minus,strong_exclude_post,12.722541717205921
mistral-small-24b,g24p2_216,g24p2_216_minus,minus,counterfactual_delete_post,47.17166914305768
mistral-small-24b,g24p2_217,g24p2_217_plus,plus,base,78.35754345245368
mistral-small-24b,g24p2_217,g24p2_217_plus,plus,admit_post,98.09880168916384
mistral-small-24b,g24p2_217,g24p2_217_plus,plus,exclude_post,9.538718630760297
mistral-small-24b,g24p2_217,g24p2_217_plus,plus,strong_exclude_post,85.57566561822951
mistral-small-24b,g24p2_217,g24p2_217_plus,plus,counterfactual_delete_post,89.39464869786273
mistral-small-24b,g24p2_217,g24p2_217_minus,minus,admit_post,97.84385123750307
mistral-small-24b,g24p2_217,g24p2_217_minus,minus,exclude_post,10.529807580722348
mistral-small-24b,g24p2_217,g24p2_217_minus,minus,strong_exclude_post,86.52592551868085
mistral-small-24b,g24p2_217,g24p2_217_minus,minus,counterfactual_delete_post,79.8956540743349
mistral-small-24b,g24p2_218,g24p2_218_plus,plus,base,47.842547469063
mistral-small-24b,g24p2_218,g24p2_218_plus,plus,admit_post,93.33287261827141
mistral-small-24b,g24p2_218,g24p2_218_plus,plus,exclude_post,13.862205343913185
mistral-small-24b,g24p2_218,g24p2_218_plus,plus,strong_exclude_post,12.927430927783126
mistral-small-24b,g24p2_218,g24p2_218_plus,plus,counterfactual_delete_post,39.357424368856336
mistral-small-24b,g24p2_218,g24p2_218_minus,minus,admit_post,82.20689641155096
mistral-small-24b,g24p2_218,g24p2_218_minus,minus,exclude_post,1.432846156647243
mistral-small-24b,g24p2_218,g24p2_218_minus,minus,strong_exclude_post,34.35499089739894
mistral-small-24b,g24p2_218,g24p2_218_minus,minus,counterfactual_delete_post,27.363917523376305
mistral-small-24b,g24p2_219,g24p2_219_plus,plus,base,37.08656888705236
mistral-small-24b,g24p2_219,g24p2_219_plus,plus,admit_post,98.90660695472283
mistral-small-24b,g24p2_219,g24p2_219_plus,plus,exclude_post,26.18899391145665
mistral-small-24b,g24p2_219,g24p2_219_plus,plus,strong_exclude_post,22.168491841546036
mistral-small-24b,g24p2_219,g24p2_219_plus,plus,counterfactual_delete_post,32.00915947003066
mistral-small-24b,g24p2_219,g24p2_219_minus,minus,admit_post,5.39305415766079
mistral-small-24b,g24p2_219,g24p2_219_minus,minus,exclude_post,3.933815690240146
mistral-small-24b,g24p2_219,g24p2_219_minus,minus,strong_exclude_post,31.357837573104064
mistral-small-24b,g24p2_219,g24p2_219_minus,minus,counterfactual_delete_post,30.70398641930548
mistral-small-24b,g24p2_220,g24p2_220_plus,plus,base,6.209453239637565
mistral-small-24b,g24p2_220,g24p2_220_plus,plus,admit_post,99.1673361539769
mistral-small-24b,g24p2_220,g24p2_220_plus,plus,exclude_post,5.71508699327742
mistral-small-24b,g24p2_220,g24p2_220_plus,plus,strong_exclude_post,0.0408451984658346
mistral-small-24b,g24p2_220,g24p2_220_plus,plus,counterfactual_delete_post,4.102933497833501
mistral-small-24b,g24p2_220,g24p2_220_minus,minus,admit_post,7.2834702124179245
mistral-small-24b,g24p2_220,g24p2_220_minus,minus,exclude_post,0.03418753385907445
mistral-small-24b,g24p2_220,g24p2_220_minus,minus,strong_exclude_post,0.03506862500903839
mistral-small-24b,g24p2_220,g24p2_220_minus,minus,counterfactual_delete_post,40.224763622185755
mistral-small-24b,g24p2_223,g24p2_223_plus,plus,base,0.2507817183677397
mistral-small-24b,g24p2_223,g24p2_223_plus,plus,admit_post,99.23740953147848
mistral-small-24b,g24p2_223,g24p2_223_plus,plus,exclude_post,9.834446258629875
mistral-small-24b,g24p2_223,g24p2_223_plus,plus,strong_exclude_post,0.6077371731884008
mistral-small-24b,g24p2_223,g24p2_223_plus,plus,counterfactual_delete_post,2.2301536321851563
mistral-small-24b,g24p2_223,g24p2_223_minus,minus,admit_post,10.166972113233184
mistral-small-24b,g24p2_223,g24p2_223_minus,minus,exclude_post,2.164013496451254
mistral-small-24b,g24p2_223,g24p2_223_minus,minus,strong_exclude_post,6.556061384092097
mistral-small-24b,g24p2_223,g24p2_223_minus,minus,counterfactual_delete_post,10.849301505785682
mistral-small-24b,g24p2_224,g24p2_224_plus,plus,base,20.85115070037712
mistral-small-24b,g24p2_224,g24p2_224_plus,plus,admit_post,65.98732958039938
mistral-small-24b,g24p2_224,g24p2_224_plus,plus,exclude_post,14.0868891100031
mistral-small-24b,g24p2_224,g24p2_224_plus,plus,strong_exclude_post,13.248822966672261
mistral-small-24b,g24p2_224,g24p2_224_plus,plus,counterfactual_delete_post,27.677851960241437
mistral-small-24b,g24p2_224,g24p2_224_minus,minus,admit_post,23.629791917523942
mistral-small-24b,g24p2_224,g24p2_224_minus,minus,exclude_post,7.516861544678172
mistral-small-24b,g24p2_224,g24p2_224_minus,minus,strong_exclude_post,13.236610041932819
mistral-small-24b,g24p2_224,g24p2_224_minus,minus,counterfactual_delete_post,27.898273761076656
mistral-small-24b,g24p2_225,g24p2_225_plus,plus,base,4.953116918563511
mistral-small-24b,g24p2_225,g24p2_225_plus,plus,admit_post,93.9796016624597
mistral-small-24b,g24p2_225,g24p2_225_plus,plus,exclude_post,26.344755735473953
mistral-small-24b,g24p2_225,g24p2_225_plus,plus,strong_exclude_post,32.624277897624445
mistral-small-24b,g24p2_225,g24p2_225_plus,plus,counterfactual_delete_post,78.09743596241046
mistral-small-24b,g24p2_225,g24p2_225_minus,minus,admit_post,95.09154491901484
mistral-small-24b,g24p2_225,g24p2_225_minus,minus,exclude_post,20.943764457659434
mistral-small-24b,g24p2_225,g24p2_225_minus,minus,strong_exclude_post,18.2100329069814
mistral-small-24b,g24p2_225,g24p2_225_minus,minus,counterfactual_delete_post,78.04504126871794
mistral-small-24b,g24p2_227,g24p2_227_plus,plus,base,4.147465787314602
mistral-small-24b,g24p2_227,g24p2_227_plus,plus,admit_post,90.85257145247293
mistral-small-24b,g24p2_227,g24p2_227_plus,plus,exclude_post,8.650629027841454
mistral-small-24b,g24p2_227,g24p2_227_plus,plus,strong_exclude_post,4.708685956295222
mistral-small-24b,g24p2_227,g24p2_227_plus,plus,counterfactual_delete_post,11.534987507245704
mistral-small-24b,g24p2_227,g24p2_227_minus,minus,admit_post,0.11550241888871643
mistral-small-24b,g24p2_227,g24p2_227_minus,minus,exclude_post,28.807463475830225
mistral-small-24b,g24p2_227,g24p2_227_minus,minus,strong_exclude_post,7.532570453781231
mistral-small-24b,g24p2_227,g24p2_227_minus,minus,counterfactual_delete_post,10.86601106017311
mistral-small-24b,g24p2_228,g24p2_228_plus,plus,base,31.552695008044946
mistral-small-24b,g24p2_228,g24p2_228_plus,plus,admit_post,91.9784524749213
mistral-small-24b,g24p2_228,g24p2_228_plus,plus,exclude_post,36.13640633340082
mistral-small-24b,g24p2_228,g24p2_228_plus,plus,strong_exclude_post,41.978074726037036
mistral-small-24b,g24p2_228,g24p2_228_plus,plus,counterfactual_delete_post,44.7528356147735
mistral-small-24b,g24p2_228,g24p2_228_minus,minus,admit_post,64.37660261855963
mistral-small-24b,g24p2_228,g24p2_228_minus,minus,exclude_post,20.388516567995005
mistral-small-24b,g24p2_228,g24p2_228_minus,minus,strong_exclude_post,28.730490371911472
mistral-small-24b,g24p2_228,g24p2_228_minus,minus,counterfactual_delete_post,27.914838816193846
mistral-small-24b,g24p2_230,g24p2_230_plus,plus,base,0.14920874717325108
mistral-small-24b,g24p2_230,g24p2_230_plus,plus,admit_post,97.84120214210283
mistral-small-24b,g24p2_230,g24p2_230_plus,plus,exclude_post,21.879932513525414
mistral-small-24b,g24p2_230,g24p2_230_plus,plus,strong_exclude_post,11.790709162832576
mistral-small-24b,g24p2_230,g24p2_230_plus,plus,counterfactual_delete_post,12.803614403129163
mistral-small-24b,g24p2_230,g24p2_230_minus,minus,admit_post,5.2105882109186155
mistral-small-24b,g24p2_230,g24p2_230_minus,minus,exclude_post,8.266669409702002
mistral-small-24b,g24p2_230,g24p2_230_minus,minus,strong_exclude_post,8.223533311845136
mistral-small-24b,g24p2_230,g24p2_230_minus,minus,counterfactual_delete_post,9.054515084955703
mistral-small-24b,g24p2_231,g24p2_231_plus,plus,base,0.5691932363398987
mistral-small-24b,g24p2_231,g24p2_231_plus,plus,admit_post,98.78825821841741
mistral-small-24b,g24p2_231,g24p2_231_plus,plus,exclude_post,22.660279504160858
mistral-small-24b,g24p2_231,g24p2_231_plus,plus,strong_exclude_post,24.22755257910022
mistral-small-24b,g24p2_231,g24p2_231_plus,plus,counterfactual_delete_post,41.28199281590551
mistral-small-24b,g24p2_231,g24p2_231_minus,minus,admit_post,10.341105212463825
mistral-small-24b,g24p2_231,g24p2_231_minus,minus,exclude_post,32.36570855014052
mistral-small-24b,g24p2_231,g24p2_231_minus,minus,strong_exclude_post,27.829868053137666
mistral-small-24b,g24p2_231,g24p2_231_minus,minus,counterfactual_delete_post,43.19243571530357
mistral-small-24b,g24p2_232,g24p2_232_plus,plus,base,29.5369311798434
mistral-small-24b,g24p2_232,g24p2_232_plus,plus,admit_post,99.93629196731833
mistral-small-24b,g24p2_232,g24p2_232_plus,plus,exclude_post,35.84353912181251
mistral-small-24b,g24p2_232,g24p2_232_plus,plus,strong_exclude_post,26.197571091916
mistral-small-24b,g24p2_232,g24p2_232_plus,plus,counterfactual_delete_post,31.279386778399683
mistral-small-24b,g24p2_232,g24p2_232_minus,minus,admit_post,0.053104263818500065
mistral-small-24b,g24p2_232,g24p2_232_minus,minus,exclude_post,44.56738301490728
mistral-small-24b,g24p2_232,g24p2_232_minus,minus,strong_exclude_post,33.976706980271715
mistral-small-24b,g24p2_232,g24p2_232_minus,minus,counterfactual_delete_post,36.190212521486565
mistral-small-24b,g24p2_233,g24p2_233_plus,plus,base,99.60788664375666
mistral-small-24b,g24p2_233,g24p2_233_plus,plus,admit_post,99.82583273933648
mistral-small-24b,g24p2_233,g24p2_233_plus,plus,exclude_post,33.95385559457742
mistral-small-24b,g24p2_233,g24p2_233_plus,plus,strong_exclude_post,13.219168120674373
mistral-small-24b,g24p2_233,g24p2_233_plus,plus,counterfactual_delete_post,32.63734704008568
mistral-small-24b,g24p2_233,g24p2_233_minus,minus,admit_post,0.048007083606930075
mistral-small-24b,g24p2_233,g24p2_233_minus,minus,exclude_post,28.96156377925414
mistral-small-24b,g24p2_233,g24p2_233_minus,minus,strong_exclude_post,94.2069134713425
mistral-small-24b,g24p2_233,g24p2_233_minus,minus,counterfactual_delete_post,7.401849688766071
mistral-small-24b,g24p2_234,g24p2_234_plus,plus,base,25.492736283107085
mistral-small-24b,g24p2_234,g24p2_234_plus,plus,admit_post,95.53044326680248
mistral-small-24b,g24p2_234,g24p2_234_plus,plus,exclude_post,37.859920801013274
mistral-small-24b,g24p2_234,g24p2_234_plus,plus,strong_exclude_post,59.84885986533941
mistral-small-24b,g24p2_234,g24p2_234_plus,plus,counterfactual_delete_post,57.98011508983799
mistral-small-24b,g24p2_234,g24p2_234_minus,minus,admit_post,41.476537779783314
mistral-small-24b,g24p2_234,g24p2_234_minus,minus,exclude_post,26.873812875041725
mistral-small-24b,g24p2_234,g24p2_234_minus,minus,strong_exclude_post,46.9669107799814
mistral-small-24b,g24p2_234,g24p2_234_minus,minus,counterfactual_delete_post,37.66996708076312
mistral-small-24b,g24p2_235,g24p2_235_plus,plus,base,0.08712839142939836
mistral-small-24b,g24p2_235,g24p2_235_plus,plus,admit_post,99.26597043296894
mistral-small-24b,g24p2_235,g24p2_235_plus,plus,exclude_post,24.085811078206376
mistral-small-24b,g24p2_235,g24p2_235_plus,plus,strong_exclude_post,36.50810628223171
mistral-small-24b,g24p2_235,g24p2_235_plus,plus,counterfactual_delete_post,44.0809968809032
mistral-small-24b,g24p2_235,g24p2_235_minus,minus,admit_post,0.0585997851957846
mistral-small-24b,g24p2_235,g24p2_235_minus,minus,exclude_post,32.27407249338936
mistral-small-24b,g24p2_235,g24p2_235_minus,minus,strong_exclude_post,57.89794589990621
mistral-small-24b,g24p2_235,g24p2_235_minus,minus,counterfactual_delete_post,44.652895764681865
mistral-small-24b,g24p2_237,g24p2_237_plus,plus,base,5.981565640203947
mistral-small-24b,g24p2_237,g24p2_237_plus,plus,admit_post,99.07773062116125
mistral-small-24b,g24p2_237,g24p2_237_plus,plus,exclude_post,39.62872936302018
mistral-small-24b,g24p2_237,g24p2_237_plus,plus,strong_exclude_post,40.27385171919812
mistral-small-24b,g24p2_237,g24p2_237_plus,plus,counterfactual_delete_post,56.41550635978794
mistral-small-24b,g24p2_237,g24p2_237_minus,minus,admit_post,7.352635566676341
mistral-small-24b,g24p2_237,g24p2_237_minus,minus,exclude_post,12.371405191045298
mistral-small-24b,g24p2_237,g24p2_237_minus,minus,strong_exclude_post,6.229061881314259
mistral-small-24b,g24p2_237,g24p2_237_minus,minus,counterfactual_delete_post,78.57417185950843
mistral-small-24b,g24p2_238,g24p2_238_plus,plus,base,2.067200616733558
mistral-small-24b,g24p2_238,g24p2_238_plus,plus,admit_post,99.87854665714877
mistral-small-24b,g24p2_238,g24p2_238_plus,plus,exclude_post,28.3758182932814
mistral-small-24b,g24p2_238,g24p2_238_plus,plus,strong_exclude_post,20.91241431624212
mistral-small-24b,g24p2_238,g24p2_238_plus,plus,counterfactual_delete_post,0.4243254394875723
mistral-small-24b,g24p2_238,g24p2_238_minus,minus,admit_post,0.05100808335331833
mistral-small-24b,g24p2_238,g24p2_238_minus,minus,exclude_post,5.632108940629507
mistral-small-24b,g24p2_238,g24p2_238_minus,minus,strong_exclude_post,22.361089458363434
mistral-small-24b,g24p2_238,g24p2_238_minus,minus,counterfactual_delete_post,33.888115585376305
mistral-small-24b,g24p2_239,g24p2_239_plus,plus,base,0.08968641570158514
mistral-small-24b,g24p2_239,g24p2_239_plus,plus,admit_post,99.65387712486213
mistral-small-24b,g24p2_239,g24p2_239_plus,plus,exclude_post,26.44226393981402
mistral-small-24b,g24p2_239,g24p2_239_plus,plus,strong_exclude_post,35.021532241531325
mistral-small-24b,g24p2_239,g24p2_239_plus,plus,counterfactual_delete_post,47.784874964584965
mistral-small-24b,g24p2_239,g24p2_239_minus,minus,admit_post,0.08901630801814425
mistral-small-24b,g24p2_239,g24p2_239_minus,minus,exclude_post,23.598610024219983
mistral-small-24b,g24p2_239,g24p2_239_minus,minus,strong_exclude_post,32.55318938369955
mistral-small-24b,g24p2_239,g24p2_239_minus,minus,counterfactual_delete_post,47.44608209532693
mistral-small-24b,g24p2_240,g24p2_240_plus,plus,base,19.356321458230664
mistral-small-24b,g24p2_240,g24p2_240_plus,plus,admit_post,99.34682269748163
mistral-small-24b,g24p2_240,g24p2_240_plus,plus,exclude_post,32.28532861542767
mistral-small-24b,g24p2_240,g24p2_240_plus,plus,strong_exclude_post,58.34034677481712
mistral-small-24b,g24p2_240,g24p2_240_plus,plus,counterfactual_delete_post,47.45595988224824
mistral-small-24b,g24p2_240,g24p2_240_minus,minus,admit_post,9.148643786623502
mistral-small-24b,g24p2_240,g24p2_240_minus,minus,exclude_post,32.943572286150385
mistral-small-24b,g24p2_240,g24p2_240_minus,minus,strong_exclude_post,14.438161199323494
mistral-small-24b,g24p2_240,g24p2_240_minus,minus,counterfactual_delete_post,21.141866437498866
mistral-small-24b,g24p2_242,g24p2_242_plus,plus,base,46.687961083109485
mistral-small-24b,g24p2_242,g24p2_242_plus,plus,admit_post,95.81938123829126
mistral-small-24b,g24p2_242,g24p2_242_plus,plus,exclude_post,32.60862724380064
mistral-small-24b,g24p2_242,g24p2_242_plus,plus,strong_exclude_post,32.12730888327173
mistral-small-24b,g24p2_242,g24p2_242_plus,plus,counterfactual_delete_post,40.59975341712649
mistral-small-24b,g24p2_242,g24p2_242_minus,minus,admit_post,0.08480014586204918
mistral-small-24b,g24p2_242,g24p2_242_minus,minus,exclude_post,39.383732447656115
mistral-small-24b,g24p2_242,g24p2_242_minus,minus,strong_exclude_post,37.3868482961414
mistral-small-24b,g24p2_242,g24p2_242_minus,minus,counterfactual_delete_post,42.63467924513108
mistral-small-24b,g24p2_245,g24p2_245_plus,plus,base,99.9076921137032
mistral-small-24b,g24p2_245,g24p2_245_plus,plus,admit_post,99.85500099398838
mistral-small-24b,g24p2_245,g24p2_245_plus,plus,exclude_post,23.73310275828753
mistral-small-24b,g24p2_245,g24p2_245_plus,plus,strong_exclude_post,82.93583191177171
mistral-small-24b,g24p2_245,g24p2_245_plus,plus,counterfactual_delete_post,35.37361735943294
mistral-small-24b,g24p2_245,g24p2_245_minus,minus,admit_post,0.09500564161044583
mistral-small-24b,g24p2_245,g24p2_245_minus,minus,exclude_post,41.193085133255735
mistral-small-24b,g24p2_245,g24p2_245_minus,minus,strong_exclude_post,42.54066790288137
mistral-small-24b,g24p2_245,g24p2_245_minus,minus,counterfactual_delete_post,47.573159034134505
mistral-small-24b,g24p2_246,g24p2_246_plus,plus,base,92.07030873034586
mistral-small-24b,g24p2_246,g24p2_246_plus,plus,admit_post,99.9627053193079
mistral-small-24b,g24p2_246,g24p2_246_plus,plus,exclude_post,27.76611257007172
mistral-small-24b,g24p2_246,g24p2_246_plus,plus,strong_exclude_post,18.665508574855227
mistral-small-24b,g24p2_246,g24p2_246_plus,plus,counterfactual_delete_post,28.34485911801047
mistral-small-24b,g24p2_246,g24p2_246_minus,minus,admit_post,0.05036994060702033
mistral-small-24b,g24p2_246,g24p2_246_minus,minus,exclude_post,40.194760770614444
mistral-small-24b,g24p2_246,g24p2_246_minus,minus,strong_exclude_post,35.47981045610952
mistral-small-24b,g24p2_246,g24p2_246_minus,minus,counterfactual_delete_post,37.30696225329334
mistral-small-24b,g24p2_247,g24p2_247_plus,plus,base,89.49579292813786
mistral-small-24b,g24p2_247,g24p2_247_plus,plus,admit_post,99.94071214643704
mistral-small-24b,g24p2_247,g24p2_247_plus,plus,exclude_post,12.791760490933193
mistral-small-24b,g24p2_247,g24p2_247_plus,plus,strong_exclude_post,12.754024551013522
mistral-small-24b,g24p2_247,g24p2_247_plus,plus,counterfactual_delete_post,35.203542937790566
mistral-small-24b,g24p2_247,g24p2_247_minus,minus,admit_post,12.045997877248418
mistral-small-24b,g24p2_247,g24p2_247_minus,minus,exclude_post,5.970398336374882
mistral-small-24b,g24p2_247,g24p2_247_minus,minus,strong_exclude_post,20.28587450009493
mistral-small-24b,g24p2_247,g24p2_247_minus,minus,counterfactual_delete_post,33.26919971522685
mistral-small-24b,g24p2_248,g24p2_248_plus,plus,base,12.629430687794347
mistral-small-24b,g24p2_248,g24p2_248_plus,plus,admit_post,92.65784570407558
mistral-small-24b,g24p2_248,g24p2_248_plus,plus,exclude_post,14.426661931058979
mistral-small-24b,g24p2_248,g24p2_248_plus,plus,strong_exclude_post,19.098190013538474
mistral-small-24b,g24p2_248,g24p2_248_plus,plus,counterfactual_delete_post,36.38632442084728
mistral-small-24b,g24p2_248,g24p2_248_minus,minus,admit_post,6.012727476937094
mistral-small-24b,g24p2_248,g24p2_248_minus,minus,exclude_post,17.914828338053823
mistral-small-24b,g24p2_248,g24p2_248_minus,minus,strong_exclude_post,21.402437870376044
mistral-small-24b,g24p2_248,g24p2_248_minus,minus,counterfactual_delete_post,4.068406773703774
mistral-small-24b,g24p2_250,g24p2_250_plus,plus,base,28.752147335517236
mistral-small-24b,g24p2_250,g24p2_250_plus,plus,admit_post,91.52337682210951
mistral-small-24b,g24p2_250,g24p2_250_plus,plus,exclude_post,36.669623452255294
mistral-small-24b,g24p2_250,g24p2_250_plus,plus,strong_exclude_post,31.748590470568193
mistral-small-24b,g24p2_250,g24p2_250_plus,plus,counterfactual_delete_post,37.641450283837365
mistral-small-24b,g24p2_250,g24p2_250_minus,minus,admit_post,8.190601711637814
mistral-small-24b,g24p2_250,g24p2_250_minus,minus,exclude_post,35.92900543423286
mistral-small-24b,g24p2_250,g24p2_250_minus,minus,strong_exclude_post,33.785807481166984
mistral-small-24b,g24p2_250,g24p2_250_minus,minus,counterfactual_delete_post,35.83732446431467
mistral-small-24b,g24p2_252,g24p2_252_plus,plus,base,0.46361135049233176
mistral-small-24b,g24p2_252,g24p2_252_plus,plus,admit_post,99.87864973533988
mistral-small-24b,g24p2_252,g24p2_252_plus,plus,exclude_post,22.452096535578093
mistral-small-24b,g24p2_252,g24p2_252_plus,plus,strong_exclude_post,28.468507708724214
mistral-small-24b,g24p2_252,g24p2_252_plus,plus,counterfactual_delete_post,38.763011929973054
mistral-small-24b,g24p2_252,g24p2_252_minus,minus,admit_post,0.05469581905207403
mistral-small-24b,g24p2_252,g24p2_252_minus,minus,exclude_post,45.73987264103246
mistral-small-24b,g24p2_252,g24p2_252_minus,minus,strong_exclude_post,39.73563864551355
mistral-small-24b,g24p2_252,g24p2_252_minus,minus,counterfactual_delete_post,43.46502858330406
mistral-small-24b,g24p2_254,g24p2_254_plus,plus,base,66.66415073334316
mistral-small-24b,g24p2_254,g24p2_254_plus,plus,admit_post,87.59731652621042
mistral-small-24b,g24p2_254,g24p2_254_plus,plus,exclude_post,21.619868146028107
mistral-small-24b,g24p2_254,g24p2_254_plus,plus,strong_exclude_post,43.0323688604922
mistral-small-24b,g24p2_254,g24p2_254_plus,plus,counterfactual_delete_post,43.7610351210741
mistral-small-24b,g24p2_254,g24p2_254_minus,minus,admit_post,88.91168841626585
mistral-small-24b,g24p2_254,g24p2_254_minus,minus,exclude_post,19.119028786853935
mistral-small-24b,g24p2_254,g24p2_254_minus,minus,strong_exclude_post,35.2585725430861
mistral-small-24b,g24p2_254,g24p2_254_minus,minus,counterfactual_delete_post,42.58153559531151
mistral-small-24b,g24p2_255,g24p2_255_plus,plus,base,0.2416690121763224
mistral-small-24b,g24p2_255,g24p2_255_plus,plus,admit_post,99.96267589310153
mistral-small-24b,g24p2_255,g24p2_255_plus,plus,exclude_post,17.884995655683493
mistral-small-24b,g24p2_255,g24p2_255_plus,plus,strong_exclude_post,19.921749202549094
mistral-small-24b,g24p2_255,g24p2_255_plus,plus,counterfactual_delete_post,26.73637506080801
mistral-small-24b,g24p2_255,g24p2_255_minus,minus,admit_post,0.0854660395755688
mistral-small-24b,g24p2_255,g24p2_255_minus,minus,exclude_post,23.131328898999996
mistral-small-24b,g24p2_255,g24p2_255_minus,minus,strong_exclude_post,33.88577686486795
mistral-small-24b,g24p2_255,g24p2_255_minus,minus,counterfactual_delete_post,46.95754441615635
mistral-small-24b,g24p2_258,g24p2_258_plus,plus,base,71.14501008881294
mistral-small-24b,g24p2_258,g24p2_258_plus,plus,admit_post,99.77926445851026
mistral-small-24b,g24p2_258,g24p2_258_plus,plus,exclude_post,20.66824513955372
mistral-small-24b,g24p2_258,g24p2_258_plus,plus,strong_exclude_post,39.22678872452743
mistral-small-24b,g24p2_258,g24p2_258_plus,plus,counterfactual_delete_post,33.47566300891279
mistral-small-24b,g24p2_258,g24p2_258_minus,minus,admit_post,6.113178159958242
mistral-small-24b,g24p2_258,g24p2_258_minus,minus,exclude_post,34.89782834972796
mistral-small-24b,g24p2_258,g24p2_258_minus,minus,strong_exclude_post,50.22788104063315
mistral-small-24b,g24p2_258,g24p2_258_minus,minus,counterfactual_delete_post,40.9320522764643
mistral-small-24b,g24p2_259,g24p2_259_plus,plus,base,9.557126471681482
mistral-small-24b,g24p2_259,g24p2_259_plus,plus,admit_post,99.88256439768959
mistral-small-24b,g24p2_259,g24p2_259_plus,plus,exclude_post,2.7604240737086734
mistral-small-24b,g24p2_259,g24p2_259_plus,plus,strong_exclude_post,22.607701972607533
mistral-small-24b,g24p2_259,g24p2_259_plus,plus,counterfactual_delete_post,12.55184113187099
mistral-small-24b,g24p2_259,g24p2_259_minus,minus,admit_post,0.04181310829266172
mistral-small-24b,g24p2_259,g24p2_259_minus,minus,exclude_post,3.70625485371383
mistral-small-24b,g24p2_259,g24p2_259_minus,minus,strong_exclude_post,30.43715031291433
mistral-small-24b,g24p2_259,g24p2_259_minus,minus,counterfactual_delete_post,38.03166618936218
mistral-small-24b,g24p2_260,g24p2_260_plus,plus,base,52.371370899459166
mistral-small-24b,g24p2_260,g24p2_260_plus,plus,admit_post,99.6910782448569
mistral-small-24b,g24p2_260,g24p2_260_plus,plus,exclude_post,31.281004381085168
mistral-small-24b,g24p2_260,g24p2_260_plus,plus,strong_exclude_post,30.37019078718426
mistral-small-24b,g24p2_260,g24p2_260_plus,plus,counterfactual_delete_post,39.90498266207749
mistral-small-24b,g24p2_260,g24p2_260_minus,minus,admit_post,11.519529657648464
mistral-small-24b,g24p2_260,g24p2_260_minus,minus,exclude_post,15.879101147644725
mistral-small-24b,g24p2_260,g24p2_260_minus,minus,strong_exclude_post,12.725719155113179
mistral-small-24b,g24p2_260,g24p2_260_minus,minus,counterfactual_delete_post,18.952504504696396
mistral-small-24b,g24p2_261,g24p2_261_plus,plus,base,14.534318119141082
mistral-small-24b,g24p2_261,g24p2_261_plus,plus,admit_post,98.92072623325942
mistral-small-24b,g24p2_261,g24p2_261_plus,plus,exclude_post,30.202799134437953
mistral-small-24b,g24p2_261,g24p2_261_plus,plus,strong_exclude_post,7.471217978828771
mistral-small-24b,g24p2_261,g24p2_261_plus,plus,counterfactual_delete_post,25.33370339505335
mistral-small-24b,g24p2_261,g24p2_261_minus,minus,admit_post,9.997794352919758
mistral-small-24b,g24p2_261,g24p2_261_minus,minus,exclude_post,19.592695228164942
mistral-small-24b,g24p2_261,g24p2_261_minus,minus,strong_exclude_post,13.655614878333527
mistral-small-24b,g24p2_261,g24p2_261_minus,minus,counterfactual_delete_post,33.55607072676788
llama31-8b,g24p2_000,g24p2_000_plus,plus,base,41.21006318364719
llama31-8b,g24p2_000,g24p2_000_plus,plus,admit_post,0.08596384456269714
llama31-8b,g24p2_000,g24p2_000_plus,plus,exclude_post,41.467096592060166
llama31-8b,g24p2_000,g24p2_000_plus,plus,strong_exclude_post,3.3706366875519045
llama31-8b,g24p2_000,g24p2_000_plus,plus,counterfactual_delete_post,0.1426569725580168
llama31-8b,g24p2_000,g24p2_000_minus,minus,admit_post,4.683863258787311
llama31-8b,g24p2_000,g24p2_000_minus,minus,exclude_post,3.996008306685198
llama31-8b,g24p2_000,g24p2_000_minus,minus,strong_exclude_post,48.91451400516514
llama31-8b,g24p2_000,g24p2_000_minus,minus,counterfactual_delete_post,81.89314960377978
llama31-8b,g24p2_001,g24p2_001_plus,plus,base,0.3057322604015812
llama31-8b,g24p2_001,g24p2_001_plus,plus,admit_post,89.63550331767837
llama31-8b,g24p2_001,g24p2_001_plus,plus,exclude_post,60.28159877455823
llama31-8b,g24p2_001,g24p2_001_plus,plus,strong_exclude_post,51.30535269898095
llama31-8b,g24p2_001,g24p2_001_plus,plus,counterfactual_delete_post,83.07291834606076
llama31-8b,g24p2_001,g24p2_001_minus,minus,admit_post,7.972850603559119
llama31-8b,g24p2_001,g24p2_001_minus,minus,exclude_post,45.799304586546775
llama31-8b,g24p2_001,g24p2_001_minus,minus,strong_exclude_post,84.1831156453876
llama31-8b,g24p2_001,g24p2_001_minus,minus,counterfactual_delete_post,0.16747267883164396
llama31-8b,g24p2_002,g24p2_002_plus,plus,base,30.35533767335356
llama31-8b,g24p2_002,g24p2_002_plus,plus,admit_post,88.04360236467124
llama31-8b,g24p2_002,g24p2_002_plus,plus,exclude_post,85.3048296169035
llama31-8b,g24p2_002,g24p2_002_plus,plus,strong_exclude_post,23.35485094378587
llama31-8b,g24p2_002,g24p2_002_plus,plus,counterfactual_delete_post,55.549823982918596
llama31-8b,g24p2_002,g24p2_002_minus,minus,admit_post,4.4803520397076495
llama31-8b,g24p2_002,g24p2_002_minus,minus,exclude_post,0.02336583358947054
llama31-8b,g24p2_002,g24p2_002_minus,minus,strong_exclude_post,22.730749427140434
llama31-8b,g24p2_002,g24p2_002_minus,minus,counterfactual_delete_post,22.224377610864646
llama31-8b,g24p2_003,g24p2_003_plus,plus,base,65.69770330386638
llama31-8b,g24p2_003,g24p2_003_plus,plus,admit_post,97.71452000463287
llama31-8b,g24p2_003,g24p2_003_plus,plus,exclude_post,93.64611508490259
llama31-8b,g24p2_003,g24p2_003_plus,plus,strong_exclude_post,48.83721099999901
llama31-8b,g24p2_003,g24p2_003_plus,plus,counterfactual_delete_post,23.27561358815698
llama31-8b,g24p2_003,g24p2_003_minus,minus,admit_post,11.101609835632187
llama31-8b,g24p2_003,g24p2_003_minus,minus,exclude_post,65.49678653642565
llama31-8b,g24p2_003,g24p2_003_minus,minus,strong_exclude_post,64.48674683440447
llama31-8b,g24p2_003,g24p2_003_minus,minus,counterfactual_delete_post,84.45293509873495
llama31-8b,g24p2_004,g24p2_004_plus,plus,base,57.23953134101703
llama31-8b,g24p2_004,g24p2_004_plus,plus,admit_post,91.87198314269477
llama31-8b,g24p2_004,g24p2_004_plus,plus,exclude_post,48.95392998302534
llama31-8b,g24p2_004,g24p2_004_plus,plus,strong_exclude_post,54.1725238030956
llama31-8b,g24p2_004,g24p2_004_plus,plus,counterfactual_delete_post,85.29442491599485
llama31-8b,g24p2_004,g24p2_004_minus,minus,admit_post,90.49321523597266
llama31-8b,g24p2_004,g24p2_004_minus,minus,exclude_post,76.56381537494674
llama31-8b,g24p2_004,g24p2_004_minus,minus,strong_exclude_post,21.698137766922375
llama31-8b,g24p2_004,g24p2_004_minus,minus,counterfactual_delete_post,84.44389784357185
llama31-8b,g24p2_005,g24p2_005_plus,plus,base,19.86888727101089
llama31-8b,g24p2_005,g24p2_005_plus,plus,admit_post,94.42579881542434
llama31-8b,g24p2_005,g24p2_005_plus,plus,exclude_post,48.04492795198014
llama31-8b,g24p2_005,g24p2_005_plus,plus,strong_exclude_post,50.09855807004523
llama31-8b,g24p2_005,g24p2_005_plus,plus,counterfactual_delete_post,44.449588276837495
llama31-8b,g24p2_005,g24p2_005_minus,minus,admit_post,3.323195705604875
llama31-8b,g24p2_005,g24p2_005_minus,minus,exclude_post,42.202039648205236
llama31-8b,g24p2_005,g24p2_005_minus,minus,strong_exclude_post,45.45316400087724
llama31-8b,g24p2_005,g24p2_005_minus,minus,counterfactual_delete_post,26.27039061696809
llama31-8b,g24p2_006,g24p2_006_plus,plus,base,87.09888039268259
llama31-8b,g24p2_006,g24p2_006_plus,plus,admit_post,66.66667326828153
llama31-8b,g24p2_006,g24p2_006_plus,plus,exclude_post,56.00448532364281
llama31-8b,g24p2_006,g24p2_006_plus,plus,strong_exclude_post,65.29695988764325
llama31-8b,g24p2_006,g24p2_006_plus,plus,counterfactual_delete_post,70.4367300966627
llama31-8b,g24p2_006,g24p2_006_minus,minus,admit_post,24.5152553279474
llama31-8b,g24p2_006,g24p2_006_minus,minus,exclude_post,85.90355123291064
llama31-8b,g24p2_006,g24p2_006_minus,minus,strong_exclude_post,68.6897083258109
llama31-8b,g24p2_006,g24p2_006_minus,minus,counterfactual_delete_post,79.66341719573535
llama31-8b,g24p2_010,g24p2_010_plus,plus,base,8.500116269694027
llama31-8b,g24p2_010,g24p2_010_plus,plus,admit_post,8.86232844436362
llama31-8b,g24p2_010,g24p2_010_plus,plus,exclude_post,71.1072191156259
llama31-8b,g24p2_010,g24p2_010_plus,plus,strong_exclude_post,44.44552689342563
llama31-8b,g24p2_010,g24p2_010_plus,plus,counterfactual_delete_post,72.81317381212183
llama31-8b,g24p2_010,g24p2_010_minus,minus,admit_post,16.6677929578191
llama31-8b,g24p2_010,g24p2_010_minus,minus,exclude_post,29.05748456508907
llama31-8b,g24p2_010,g24p2_010_minus,minus,strong_exclude_post,58.81229742367533
llama31-8b,g24p2_010,g24p2_010_minus,minus,counterfactual_delete_post,73.73351544983002
llama31-8b,g24p2_011,g24p2_011_plus,plus,base,97.25992356695922
llama31-8b,g24p2_011,g24p2_011_plus,plus,admit_post,96.09615309088413
llama31-8b,g24p2_011,g24p2_011_plus,plus,exclude_post,92.80726097996825
llama31-8b,g24p2_011,g24p2_011_plus,plus,strong_exclude_post,45.47005281680845
llama31-8b,g24p2_011,g24p2_011_plus,plus,counterfactual_delete_post,86.67463761148088
llama31-8b,g24p2_011,g24p2_011_minus,minus,admit_post,15.50036773225704
llama31-8b,g24p2_011,g24p2_011_minus,minus,exclude_post,97.94483953834303
llama31-8b,g24p2_011,g24p2_011_minus,minus,strong_exclude_post,92.80651236059545
llama31-8b,g24p2_011,g24p2_011_minus,minus,counterfactual_delete_post,88.88785615205694
llama31-8b,g24p2_012,g24p2_012_plus,plus,base,9.991787530777154
llama31-8b,g24p2_012,g24p2_012_plus,plus,admit_post,97.22204354740448
llama31-8b,g24p2_012,g24p2_012_plus,plus,exclude_post,33.75388569589432
llama31-8b,g24p2_012,g24p2_012_plus,plus,strong_exclude_post,38.1654513832178
llama31-8b,g24p2_012,g24p2_012_plus,plus,counterfactual_delete_post,0.1290895848873635
llama31-8b,g24p2_012,g24p2_012_minus,minus,admit_post,0.651466857466953
llama31-8b,g24p2_012,g24p2_012_minus,minus,exclude_post,6.56941408726079
llama31-8b,g24p2_012,g24p2_012_minus,minus,strong_exclude_post,43.393551509956666
llama31-8b,g24p2_012,g24p2_012_minus,minus,counterfactual_delete_post,23.66060376758204
llama31-8b,g24p2_014,g24p2_014_plus,plus,base,88.88920383905597
llama31-8b,g24p2_014,g24p2_014_plus,plus,admit_post,99.76888318564222
llama31-8b,g24p2_014,g24p2_014_plus,plus,exclude_post,40.51472108244812
llama31-8b,g24p2_014,g24p2_014_plus,plus,strong_exclude_post,34.899603201958016
llama31-8b,g24p2_014,g24p2_014_plus,plus,counterfactual_delete_post,55.55262267013385
llama31-8b,g24p2_014,g24p2_014_minus,minus,admit_post,6.862651761532946
llama31-8b,g24p2_014,g24p2_014_minus,minus,exclude_post,9.731652738891665
llama31-8b,g24p2_014,g24p2_014_minus,minus,strong_exclude_post,12.106516993889866
llama31-8b,g24p2_014,g24p2_014_minus,minus,counterfactual_delete_post,88.8807245575203
llama31-8b,g24p2_015,g24p2_015_plus,plus,base,91.53744196585131
llama31-8b,g24p2_015,g24p2_015_plus,plus,admit_post,99.14573734142691
llama31-8b,g24p2_015,g24p2_015_plus,plus,exclude_post,96.35061124663167
llama31-8b,g24p2_015,g24p2_015_plus,plus,strong_exclude_post,44.076455995589185
llama31-8b,g24p2_015,g24p2_015_plus,plus,counterfactual_delete_post,44.44883310776616
llama31-8b,g24p2_015,g24p2_015_minus,minus,admit_post,90.33207505323088
llama31-8b,g24p2_015,g24p2_015_minus,minus,exclude_post,96.09120660946422
llama31-8b,g24p2_015,g24p2_015_minus,minus,strong_exclude_post,21.01821639318854
llama31-8b,g24p2_015,g24p2_015_minus,minus,counterfactual_delete_post,55.55244300107189
llama31-8b,g24p2_016,g24p2_016_plus,plus,base,83.64267917536858
llama31-8b,g24p2_016,g24p2_016_plus,plus,admit_post,86.20754209535048
llama31-8b,g24p2_016,g24p2_016_plus,plus,exclude_post,51.403237973734264
llama31-8b,g24p2_016,g24p2_016_plus,plus,strong_exclude_post,53.28440816660304
llama31-8b,g24p2_016,g24p2_016_plus,plus,counterfactual_delete_post,79.4035331035807
llama31-8b,g24p2_016,g24p2_016_minus,minus,admit_post,19.933131917316345
llama31-8b,g24p2_016,g24p2_016_minus,minus,exclude_post,11.861800831284064
llama31-8b,g24p2_016,g24p2_016_minus,minus,strong_exclude_post,43.17819547687796
llama31-8b,g24p2_016,g24p2_016_minus,minus,counterfactual_delete_post,73.22052349989542
llama31-8b,g24p2_017,g24p2_017_plus,plus,base,99.24175188081458
llama31-8b,g24p2_017,g24p2_017_plus,plus,admit_post,96.71259157415071
llama31-8b,g24p2_017,g24p2_017_plus,plus,exclude_post,90.48052564623947
llama31-8b,g24p2_017,g24p2_017_plus,plus,strong_exclude_post,52.82742679431732
llama31-8b,g24p2_017,g24p2_017_plus,plus,counterfactual_delete_post,44.45646991875828
llama31-8b,g24p2_017,g24p2_017_minus,minus,admit_post,3.4013076015894708
llama31-8b,g24p2_017,g24p2_017_minus,minus,exclude_post,81.91654108935516
llama31-8b,g24p2_017,g24p2_017_minus,minus,strong_exclude_post,97.47992762029021
llama31-8b,g24p2_017,g24p2_017_minus,minus,counterfactual_delete_post,44.45460760051578
llama31-8b,g24p2_018,g24p2_018_plus,plus,base,99.46641427820335
llama31-8b,g24p2_018,g24p2_018_plus,plus,admit_post,99.40147164892022
llama31-8b,g24p2_018,g24p2_018_plus,plus,exclude_post,96.30415059687303
llama31-8b,g24p2_018,g24p2_018_plus,plus,strong_exclude_post,52.19274321840076
llama31-8b,g24p2_018,g24p2_018_plus,plus,counterfactual_delete_post,52.740088619435795
llama31-8b,g24p2_018,g24p2_018_minus,minus,admit_post,97.2718384288432
llama31-8b,g24p2_018,g24p2_018_minus,minus,exclude_post,95.42271541664098
llama31-8b,g24p2_018,g24p2_018_minus,minus,strong_exclude_post,45.679523540933445
llama31-8b,g24p2_018,g24p2_018_minus,minus,counterfactual_delete_post,55.54965622125945
llama31-8b,g24p2_019,g24p2_019_plus,plus,base,4.124993567565396
llama31-8b,g24p2_019,g24p2_019_plus,plus,admit_post,34.09934549502752
llama31-8b,g24p2_019,g24p2_019_plus,plus,exclude_post,11.442325532285976
llama31-8b,g24p2_019,g24p2_019_plus,plus,strong_exclude_post,37.20343331294841
llama31-8b,g24p2_019,g24p2_019_plus,plus,counterfactual_delete_post,0.08777722730526374
llama31-8b,g24p2_019,g24p2_019_minus,minus,admit_post,15.173157228452624
llama31-8b,g24p2_019,g24p2_019_minus,minus,exclude_post,26.753998127401665
llama31-8b,g24p2_019,g24p2_019_minus,minus,strong_exclude_post,45.296038801682606
llama31-8b,g24p2_019,g24p2_019_minus,minus,counterfactual_delete_post,0.09026860547001644
llama31-8b,g24p2_020,g24p2_020_plus,plus,base,0.5126387510268298
llama31-8b,g24p2_020,g24p2_020_plus,plus,admit_post,97.72218785645852
llama31-8b,g24p2_020,g24p2_020_plus,plus,exclude_post,3.0506875349934277
llama31-8b,g24p2_020,g24p2_020_plus,plus,strong_exclude_post,3.522305303632859
llama31-8b,g24p2_020,g24p2_020_plus,plus,counterfactual_delete_post,55.54508338033679
llama31-8b,g24p2_020,g24p2_020_minus,minus,admit_post,13.033147616364737
llama31-8b,g24p2_020,g24p2_020_minus,minus,exclude_post,4.205125221428476
llama31-8b,g24p2_020,g24p2_020_minus,minus,strong_exclude_post,48.17207516068591
llama31-8b,g24p2_020,g24p2_020_minus,minus,counterfactual_delete_post,55.54757000542245
llama31-8b,g24p2_021,g24p2_021_plus,plus,base,21.482920339006597
llama31-8b,g24p2_021,g24p2_021_plus,plus,admit_post,10.820529840954405
llama31-8b,g24p2_021,g24p2_021_plus,plus,exclude_post,39.43629200049931
llama31-8b,g24p2_021,g24p2_021_plus,plus,strong_exclude_post,53.24081653609227
llama31-8b,g24p2_021,g24p2_021_plus,plus,counterfactual_delete_post,53.60836593062912
llama31-8b,g24p2_021,g24p2_021_minus,minus,admit_post,1.8704237248419058
llama31-8b,g24p2_021,g24p2_021_minus,minus,exclude_post,40.059963364095445
llama31-8b,g24p2_021,g24p2_021_minus,minus,strong_exclude_post,52.94223084088147
llama31-8b,g24p2_021,g24p2_021_minus,minus,counterfactual_delete_post,53.783219501124435
llama31-8b,g24p2_023,g24p2_023_plus,plus,base,97.75247323618325
llama31-8b,g24p2_023,g24p2_023_plus,plus,admit_post,96.69971067619439
llama31-8b,g24p2_023,g24p2_023_plus,plus,exclude_post,95.55904883715363
llama31-8b,g24p2_023,g24p2_023_plus,plus,strong_exclude_post,89.96012912211141
llama31-8b,g24p2_023,g24p2_023_plus,plus,counterfactual_delete_post,72.2390029058502
llama31-8b,g24p2_023,g24p2_023_minus,minus,admit_post,87.47545954858913
llama31-8b,g24p2_023,g24p2_023_minus,minus,exclude_post,91.246225693322
llama31-8b,g24p2_023,g24p2_023_minus,minus,strong_exclude_post,85.05514060805751
llama31-8b,g24p2_023,g24p2_023_minus,minus,counterfactual_delete_post,87.54960612259214
llama31-8b,g24p2_024,g24p2_024_plus,plus,base,47.154613725925145
llama31-8b,g24p2_024,g24p2_024_plus,plus,admit_post,96.56309990032257
llama31-8b,g24p2_024,g24p2_024_plus,plus,exclude_post,50.246790932274116
llama31-8b,g24p2_024,g24p2_024_plus,plus,strong_exclude_post,49.55816063885693
llama31-8b,g24p2_024,g24p2_024_plus,plus,counterfactual_delete_post,70.04237018822857
llama31-8b,g24p2_024,g24p2_024_minus,minus,admit_post,90.8919836233789
llama31-8b,g24p2_024,g24p2_024_minus,minus,exclude_post,50.27725468274754
llama31-8b,g24p2_024,g24p2_024_minus,minus,strong_exclude_post,57.615936385364044
llama31-8b,g24p2_024,g24p2_024_minus,minus,counterfactual_delete_post,60.73704970056431
llama31-8b,g24p2_026,g24p2_026_plus,plus,base,96.78089724517457
llama31-8b,g24p2_026,g24p2_026_plus,plus,admit_post,11.091244837956777
llama31-8b,g24p2_026,g24p2_026_plus,plus,exclude_post,90.55680560364792
llama31-8b,g24p2_026,g24p2_026_plus,plus,strong_exclude_post,27.40481535364387
llama31-8b,g24p2_026,g24p2_026_plus,plus,counterfactual_delete_post,0.08593610795458156
llama31-8b,g24p2_026,g24p2_026_minus,minus,admit_post,4.321365184918124
llama31-8b,g24p2_026,g24p2_026_minus,minus,exclude_post,78.70212270195015
llama31-8b,g24p2_026,g24p2_026_minus,minus,strong_exclude_post,68.47605705852862
llama31-8b,g24p2_026,g24p2_026_minus,minus,counterfactual_delete_post,0.07011599357987008
llama31-8b,g24p2_027,g24p2_027_plus,plus,base,99.04038054293156
llama31-8b,g24p2_027,g24p2_027_plus,plus,admit_post,98.34897801747012
llama31-8b,g24p2_027,g24p2_027_plus,plus,exclude_post,46.000473903807546
llama31-8b,g24p2_027,g24p2_027_plus,plus,strong_exclude_post,48.42854181399011
llama31-8b,g24p2_027,g24p2_027_plus,plus,counterfactual_delete_post,44.44718389659928
llama31-8b,g24p2_027,g24p2_027_minus,minus,admit_post,3.443515277757977
llama31-8b,g24p2_027,g24p2_027_minus,minus,exclude_post,43.650622062080444
llama31-8b,g24p2_027,g24p2_027_minus,minus,strong_exclude_post,94.62690587260275
llama31-8b,g24p2_027,g24p2_027_minus,minus,counterfactual_delete_post,88.88433608779593
llama31-8b,g24p2_028,g24p2_028_plus,plus,base,50.827388801955216
llama31-8b,g24p2_028,g24p2_028_plus,plus,admit_post,94.73713587047477
llama31-8b,g24p2_028,g24p2_028_plus,plus,exclude_post,90.15989970613953
llama31-8b,g24p2_028,g24p2_028_plus,plus,strong_exclude_post,91.79829994356348
llama31-8b,g24p2_028,g24p2_028_plus,plus,counterfactual_delete_post,0.0988466279485136
llama31-8b,g24p2_028,g24p2_028_minus,minus,admit_post,94.07286603480367
llama31-8b,g24p2_028,g24p2_028_minus,minus,exclude_post,88.84130095483094
llama31-8b,g24p2_028,g24p2_028_minus,minus,strong_exclude_post,94.86639612213577
llama31-8b,g24p2_028,g24p2_028_minus,minus,counterfactual_delete_post,0.05472139484808353
llama31-8b,g24p2_029,g24p2_029_plus,plus,base,51.94578477396148
llama31-8b,g24p2_029,g24p2_029_plus,plus,admit_post,97.26313349705909
llama31-8b,g24p2_029,g24p2_029_plus,plus,exclude_post,51.220844451998374
llama31-8b,g24p2_029,g24p2_029_plus,plus,strong_exclude_post,51.805682686622546
llama31-8b,g24p2_029,g24p2_029_plus,plus,counterfactual_delete_post,55.553488717972044
llama31-8b,g24p2_029,g24p2_029_minus,minus,admit_post,99.96752892206274
llama31-8b,g24p2_029,g24p2_029_minus,minus,exclude_post,52.6982683612122
llama31-8b,g24p2_029,g24p2_029_minus,minus,strong_exclude_post,48.14410658771518
llama31-8b,g24p2_029,g24p2_029_minus,minus,counterfactual_delete_post,43.2504554826462
llama31-8b,g24p2_033,g24p2_033_plus,plus,base,25.13025614626925
llama31-8b,g24p2_033,g24p2_033_plus,plus,admit_post,94.98780905852058
llama31-8b,g24p2_033,g24p2_033_plus,plus,exclude_post,76.160652649004
llama31-8b,g24p2_033,g24p2_033_plus,plus,strong_exclude_post,48.01691319316165
llama31-8b,g24p2_033,g24p2_033_plus,plus,counterfactual_delete_post,44.45476837941101
llama31-8b,g24p2_033,g24p2_033_minus,minus,admit_post,33.92880911766794
llama31-8b,g24p2_033,g24p2_033_minus,minus,exclude_post,81.66567791742366
llama31-8b,g24p2_033,g24p2_033_minus,minus,strong_exclude_post,38.045411066556035
llama31-8b,g24p2_033,g24p2_033_minus,minus,counterfactual_delete_post,87.36951951532399
llama31-8b,g24p2_034,g24p2_034_plus,plus,base,65.93942055061686
llama31-8b,g24p2_034,g24p2_034_plus,plus,admit_post,89.93873249039808
llama31-8b,g24p2_034,g24p2_034_plus,plus,exclude_post,50.26734074993951
llama31-8b,g24p2_034,g24p2_034_plus,plus,strong_exclude_post,45.55436160058812
llama31-8b,g24p2_034,g24p2_034_plus,plus,counterfactual_delete_post,44.45907686664997
llama31-8b,g24p2_034,g24p2_034_minus,minus,admit_post,89.12511095061824
llama31-8b,g24p2_034,g24p2_034_minus,minus,exclude_post,49.66138985867136
llama31-8b,g24p2_034,g24p2_034_minus,minus,strong_exclude_post,22.90039328380261
llama31-8b,g24p2_034,g24p2_034_minus,minus,counterfactual_delete_post,55.55472767979589
llama31-8b,g24p2_035,g24p2_035_plus,plus,base,2.823902340006438
llama31-8b,g24p2_035,g24p2_035_plus,plus,admit_post,22.816056908265093
llama31-8b,g24p2_035,g24p2_035_plus,plus,exclude_post,45.61311815419597
llama31-8b,g24p2_035,g24p2_035_plus,plus,strong_exclude_post,50.121130353462874
llama31-8b,g24p2_035,g24p2_035_plus,plus,counterfactual_delete_post,0.06444591756330825
llama31-8b,g24p2_035,g24p2_035_minus,minus,admit_post,93.32275843763662
llama31-8b,g24p2_035,g24p2_035_minus,minus,exclude_post,45.680003169661354
llama31-8b,g24p2_035,g24p2_035_minus,minus,strong_exclude_post,67.08653453724678
llama31-8b,g24p2_035,g24p2_035_minus,minus,counterfactual_delete_post,0.08277578018408736
llama31-8b,g24p2_036,g24p2_036_plus,plus,base,90.47141105920936
llama31-8b,g24p2_036,g24p2_036_plus,plus,admit_post,96.09213329295062
llama31-8b,g24p2_036,g24p2_036_plus,plus,exclude_post,48.49452326451389
llama31-8b,g24p2_036,g24p2_036_plus,plus,strong_exclude_post,36.13880339438579
llama31-8b,g24p2_036,g24p2_036_plus,plus,counterfactual_delete_post,48.94312339560829
llama31-8b,g24p2_036,g24p2_036_minus,minus,admit_post,11.009375659287
llama31-8b,g24p2_036,g24p2_036_minus,minus,exclude_post,72.4812551839242
llama31-8b,g24p2_036,g24p2_036_minus,minus,strong_exclude_post,88.97262986636636
llama31-8b,g24p2_036,g24p2_036_minus,minus,counterfactual_delete_post,88.88775076678422
llama31-8b,g24p2_037,g24p2_037_plus,plus,base,0.8884047575708817
llama31-8b,g24p2_037,g24p2_037_plus,plus,admit_post,96.62572360161246
llama31-8b,g24p2_037,g24p2_037_plus,plus,exclude_post,83.44332294563104
llama31-8b,g24p2_037,g24p2_037_plus,plus,strong_exclude_post,41.7475065000472
llama31-8b,g24p2_037,g24p2_037_plus,plus,counterfactual_delete_post,44.44935219458684
llama31-8b,g24p2_037,g24p2_037_minus,minus,admit_post,94.2864045471034
llama31-8b,g24p2_037,g24p2_037_minus,minus,exclude_post,52.472463486716066
llama31-8b,g24p2_037,g24p2_037_minus,minus,strong_exclude_post,50.15417206872498
llama31-8b,g24p2_037,g24p2_037_minus,minus,counterfactual_delete_post,37.134638259978075
llama31-8b,g24p2_038,g24p2_038_plus,plus,base,68.47663259204995
llama31-8b,g24p2_038,g24p2_038_plus,plus,admit_post,92.13703745987198
llama31-8b,g24p2_038,g24p2_038_plus,plus,exclude_post,64.57243724626093
llama31-8b,g24p2_038,g24p2_038_plus,plus,strong_exclude_post,47.2185766488031
llama31-8b,g24p2_038,g24p2_038_plus,plus,counterfactual_delete_post,86.17647094644161
llama31-8b,g24p2_038,g24p2_038_minus,minus,admit_post,92.11206680008928
llama31-8b,g24p2_038,g24p2_038_minus,minus,exclude_post,53.372015067617866
llama31-8b,g24p2_038,g24p2_038_minus,minus,strong_exclude_post,52.41822015199492
llama31-8b,g24p2_038,g24p2_038_minus,minus,counterfactual_delete_post,86.99630507845954
llama31-8b,g24p2_039,g24p2_039_plus,plus,base,50.51110777396749
llama31-8b,g24p2_039,g24p2_039_plus,plus,admit_post,98.65026922571884
llama31-8b,g24p2_039,g24p2_039_plus,plus,exclude_post,50.942188056078095
llama31-8b,g24p2_039,g24p2_039_plus,plus,strong_exclude_post,40.14049457182297
llama31-8b,g24p2_039,g24p2_039_plus,plus,counterfactual_delete_post,46.08685027180046
llama31-8b,g24p2_039,g24p2_039_minus,minus,admit_post,5.713276440824526
llama31-8b,g24p2_039,g24p2_039_minus,minus,exclude_post,43.62046602788204
llama31-8b,g24p2_039,g24p2_039_minus,minus,strong_exclude_post,41.227089162973755
llama31-8b,g24p2_039,g24p2_039_minus,minus,counterfactual_delete_post,0.26183049916913537
llama31-8b,g24p2_040,g24p2_040_plus,plus,base,99.95403866755728
llama31-8b,g24p2_040,g24p2_040_plus,plus,admit_post,94.1659243226006
llama31-8b,g24p2_040,g24p2_040_plus,plus,exclude_post,97.71580529225088
llama31-8b,g24p2_040,g24p2_040_plus,plus,strong_exclude_post,49.560803564932876
llama31-8b,g24p2_040,g24p2_040_plus,plus,counterfactual_delete_post,91.8632165832527
llama31-8b,g24p2_040,g24p2_040_minus,minus,admit_post,91.10462268544663
llama31-8b,g24p2_040,g24p2_040_minus,minus,exclude_post,98.95413760753762
llama31-8b,g24p2_040,g24p2_040_minus,minus,strong_exclude_post,96.66540641330583
llama31-8b,g24p2_040,g24p2_040_minus,minus,counterfactual_delete_post,98.4768060204529
llama31-8b,g24p2_041,g24p2_041_plus,plus,base,3.2447033456965357
llama31-8b,g24p2_041,g24p2_041_plus,plus,admit_post,91.24976911634825
llama31-8b,g24p2_041,g24p2_041_plus,plus,exclude_post,48.300601750191056
llama31-8b,g24p2_041,g24p2_041_plus,plus,strong_exclude_post,38.298930840989215
llama31-8b,g24p2_041,g24p2_041_plus,plus,counterfactual_delete_post,44.46808185199191
llama31-8b,g24p2_041,g24p2_041_minus,minus,admit_post,97.20305346391552
llama31-8b,g24p2_041,g24p2_041_minus,minus,exclude_post,48.32504998592171
llama31-8b,g24p2_041,g24p2_041_minus,minus,strong_exclude_post,39.69461620780579
llama31-8b,g24p2_041,g24p2_041_minus,minus,counterfactual_delete_post,44.46856093148729
llama31-8b,g24p2_043,g24p2_043_plus,plus,base,99.91196843025544
llama31-8b,g24p2_043,g24p2_043_plus,plus,admit_post,1.9671214417800305
llama31-8b,g24p2_043,g24p2_043_plus,plus,exclude_post,40.10997128442861
llama31-8b,g24p2_043,g24p2_043_plus,plus,strong_exclude_post,0.2235719395066885
llama31-8b,g24p2_043,g24p2_043_plus,plus,counterfactual_delete_post,0.28065647578388553
llama31-8b,g24p2_043,g24p2_043_minus,minus,admit_post,0.5665599318022649
llama31-8b,g24p2_043,g24p2_043_minus,minus,exclude_post,34.372082058332936
llama31-8b,g24p2_043,g24p2_043_minus,minus,strong_exclude_post,55.54930075872605
llama31-8b,g24p2_043,g24p2_043_minus,minus,counterfactual_delete_post,0.13569482508005543
llama31-8b,g24p2_044,g24p2_044_plus,plus,base,94.72036315846154
llama31-8b,g24p2_044,g24p2_044_plus,plus,admit_post,91.74360534365661
llama31-8b,g24p2_044,g24p2_044_plus,plus,exclude_post,73.48928281253902
llama31-8b,g24p2_044,g24p2_044_plus,plus,strong_exclude_post,47.79524320305399
llama31-8b,g24p2_044,g24p2_044_plus,plus,counterfactual_delete_post,44.4527963575849
llama31-8b,g24p2_044,g24p2_044_minus,minus,admit_post,8.093826375716292
llama31-8b,g24p2_044,g24p2_044_minus,minus,exclude_post,87.98395293166608
llama31-8b,g24p2_044,g24p2_044_minus,minus,strong_exclude_post,85.7607611797779
llama31-8b,g24p2_044,g24p2_044_minus,minus,counterfactual_delete_post,0.08583326197876875
llama31-8b,g24p2_046,g24p2_046_plus,plus,base,22.850972451483976
llama31-8b,g24p2_046,g24p2_046_plus,plus,admit_post,88.88890944878636
llama31-8b,g24p2_046,g24p2_046_plus,plus,exclude_post,2.1329618032596036
llama31-8b,g24p2_046,g24p2_046_plus,plus,strong_exclude_post,50.61701375597957
llama31-8b,g24p2_046,g24p2_046_plus,plus,counterfactual_delete_post,47.20503867432035
llama31-8b,g24p2_046,g24p2_046_minus,minus,admit_post,95.41697222980063
llama31-8b,g24p2_046,g24p2_046_minus,minus,exclude_post,34.34626280760556
llama31-8b,g24p2_046,g24p2_046_minus,minus,strong_exclude_post,52.04865571245249
llama31-8b,g24p2_046,g24p2_046_minus,minus,counterfactual_delete_post,47.2782900844439
llama31-8b,g24p2_047,g24p2_047_plus,plus,base,91.65167225911058
llama31-8b,g24p2_047,g24p2_047_plus,plus,admit_post,98.15179095980402
llama31-8b,g24p2_047,g24p2_047_plus,plus,exclude_post,50.9795092721497
llama31-8b,g24p2_047,g24p2_047_plus,plus,strong_exclude_post,30.96826605292233
llama31-8b,g24p2_047,g24p2_047_plus,plus,counterfactual_delete_post,44.45097789890288
llama31-8b,g24p2_047,g24p2_047_minus,minus,admit_post,44.47033436160809
llama31-8b,g24p2_047,g24p2_047_minus,minus,exclude_post,96.0312392457553
llama31-8b,g24p2_047,g24p2_047_minus,minus,strong_exclude_post,98.00055302510438
llama31-8b,g24p2_047,g24p2_047_minus,minus,counterfactual_delete_post,71.77769115757424
llama31-8b,g24p2_048,g24p2_048_plus,plus,base,0.5703611816909051
llama31-8b,g24p2_048,g24p2_048_plus,plus,admit_post,99.73197590994073
llama31-8b,g24p2_048,g24p2_048_plus,plus,exclude_post,33.01780392406643
llama31-8b,g24p2_048,g24p2_048_plus,plus,strong_exclude_post,50.04222815107781
llama31-8b,g24p2_048,g24p2_048_plus,plus,counterfactual_delete_post,55.55161407470965
llama31-8b,g24p2_048,g24p2_048_minus,minus,admit_post,7.061251995139923
llama31-8b,g24p2_048,g24p2_048_minus,minus,exclude_post,30.598325173410494
llama31-8b,g24p2_048,g24p2_048_minus,minus,strong_exclude_post,0.07448742595270372
llama31-8b,g24p2_048,g24p2_048_minus,minus,counterfactual_delete_post,55.55045081058967
llama31-8b,g24p2_049,g24p2_049_plus,plus,base,96.29053644738367
llama31-8b,g24p2_049,g24p2_049_plus,plus,admit_post,98.66964011264814
llama31-8b,g24p2_049,g24p2_049_plus,plus,exclude_post,49.076375655169336
llama31-8b,g24p2_049,g24p2_049_plus,plus,strong_exclude_post,41.83024172871904
llama31-8b,g24p2_049,g24p2_049_plus,plus,counterfactual_delete_post,53.13780227660269
llama31-8b,g24p2_049,g24p2_049_minus,minus,admit_post,1.7628731915565572
llama31-8b,g24p2_049,g24p2_049_minus,minus,exclude_post,20.653231121131256
llama31-8b,g24p2_049,g24p2_049_minus,minus,strong_exclude_post,89.09073219612264
llama31-8b,g24p2_049,g24p2_049_minus,minus,counterfactual_delete_post,88.8805487793038
llama31-8b,g24p2_051,g24p2_051_plus,plus,base,2.9294876425403285
llama31-8b,g24p2_051,g24p2_051_plus,plus,admit_post,94.0185941405368
llama31-8b,g24p2_051,g24p2_051_plus,plus,exclude_post,99.98973787362193
llama31-8b,g24p2_051,g24p2_051_plus,plus,strong_exclude_post,29.33422829452907
llama31-8b,g24p2_051,g24p2_051_plus,plus,counterfactual_delete_post,44.475644089505494
llama31-8b,g24p2_051,g24p2_051_minus,minus,admit_post,0.6544085893111329
llama31-8b,g24p2_051,g24p2_051_minus,minus,exclude_post,0.08325657582693027
llama31-8b,g24p2_051,g24p2_051_minus,minus,strong_exclude_post,9.462702386296133
llama31-8b,g24p2_051,g24p2_051_minus,minus,counterfactual_delete_post,0.07152740096112688
llama31-8b,g24p2_053,g24p2_053_plus,plus,base,87.04481351329844
llama31-8b,g24p2_053,g24p2_053_plus,plus,admit_post,97.3674764753637
llama31-8b,g24p2_053,g24p2_053_plus,plus,exclude_post,68.45700249456166
llama31-8b,g24p2_053,g24p2_053_plus,plus,strong_exclude_post,52.531493048611274
llama31-8b,g24p2_053,g24p2_053_plus,plus,counterfactual_delete_post,55.55474426635364
llama31-8b,g24p2_053,g24p2_053_minus,minus,admit_post,0.9775021795858818
llama31-8b,g24p2_053,g24p2_053_minus,minus,exclude_post,63.02161036520684
llama31-8b,g24p2_053,g24p2_053_minus,minus,strong_exclude_post,47.83102748013501
llama31-8b,g24p2_053,g24p2_053_minus,minus,counterfactual_delete_post,8.10209276813593
llama31-8b,g24p2_054,g24p2_054_plus,plus,base,8.468580305869104
llama31-8b,g24p2_054,g24p2_054_plus,plus,admit_post,17.10507306218013
llama31-8b,g24p2_054,g24p2_054_plus,plus,exclude_post,49.683473891812575
llama31-8b,g24p2_054,g24p2_054_plus,plus,strong_exclude_post,49.52392681955805
llama31-8b,g24p2_054,g24p2_054_plus,plus,counterfactual_delete_post,44.448794342694356
llama31-8b,g24p2_054,g24p2_054_minus,minus,admit_post,12.644707503279749
llama31-8b,g24p2_054,g24p2_054_minus,minus,exclude_post,46.08635274808514
llama31-8b,g24p2_054,g24p2_054_minus,minus,strong_exclude_post,51.20613463125387
llama31-8b,g24p2_054,g24p2_054_minus,minus,counterfactual_delete_post,44.448762064599784
llama31-8b,g24p2_055,g24p2_055_plus,plus,base,98.49528257461787
llama31-8b,g24p2_055,g24p2_055_plus,plus,admit_post,99.51571588138485
llama31-8b,g24p2_055,g24p2_055_plus,plus,exclude_post,47.03581810011465
llama31-8b,g24p2_055,g24p2_055_plus,plus,strong_exclude_post,35.63655870151691
llama31-8b,g24p2_055,g24p2_055_plus,plus,counterfactual_delete_post,0.386859363027822
llama31-8b,g24p2_055,g24p2_055_minus,minus,admit_post,2.9721302021872527
llama31-8b,g24p2_055,g24p2_055_minus,minus,exclude_post,46.061773769017876
llama31-8b,g24p2_055,g24p2_055_minus,minus,strong_exclude_post,50.59161772727668
llama31-8b,g24p2_055,g24p2_055_minus,minus,counterfactual_delete_post,0.3415331196654552
llama31-8b,g24p2_057,g24p2_057_plus,plus,base,48.47634755315541
llama31-8b,g24p2_057,g24p2_057_plus,plus,admit_post,93.69214376376965
llama31-8b,g24p2_057,g24p2_057_plus,plus,exclude_post,42.13563463290864
llama31-8b,g24p2_057,g24p2_057_plus,plus,strong_exclude_post,46.35181389299684
llama31-8b,g24p2_057,g24p2_057_plus,plus,counterfactual_delete_post,55.54707034034502
llama31-8b,g24p2_057,g24p2_057_minus,minus,admit_post,94.6885159128424
llama31-8b,g24p2_057,g24p2_057_minus,minus,exclude_post,46.94192485105634
llama31-8b,g24p2_057,g24p2_057_minus,minus,strong_exclude_post,48.065109046294495
llama31-8b,g24p2_057,g24p2_057_minus,minus,counterfactual_delete_post,0.05685463007353808
llama31-8b,g24p2_058,g24p2_058_plus,plus,base,44.1168099429233
llama31-8b,g24p2_058,g24p2_058_plus,plus,admit_post,53.20066035178557
llama31-8b,g24p2_058,g24p2_058_plus,plus,exclude_post,72.72458976690632
llama31-8b,g24p2_058,g24p2_058_plus,plus,strong_exclude_post,65.28346046735955
llama31-8b,g24p2_058,g24p2_058_plus,plus,counterfactual_delete_post,53.965383720819275
llama31-8b,g24p2_058,g24p2_058_minus,minus,admit_post,12.628750284427387
llama31-8b,g24p2_058,g24p2_058_minus,minus,exclude_post,22.785456248464442
llama31-8b,g24p2_058,g24p2_058_minus,minus,strong_exclude_post,84.96798728248037
llama31-8b,g24p2_058,g24p2_058_minus,minus,counterfactual_delete_post,55.55283754775493
llama31-8b,g24p2_059,g24p2_059_plus,plus,base,42.41048992098208
llama31-8b,g24p2_059,g24p2_059_plus,plus,admit_post,96.70335281746942
llama31-8b,g24p2_059,g24p2_059_plus,plus,exclude_post,53.031704617114166
llama31-8b,g24p2_059,g24p2_059_plus,plus,strong_exclude_post,41.9993441100243
llama31-8b,g24p2_059,g24p2_059_plus,plus,counterfactual_delete_post,24.622268962314187
llama31-8b,g24p2_059,g24p2_059_minus,minus,admit_post,2.7911467237404435
llama31-8b,g24p2_059,g24p2_059_minus,minus,exclude_post,40.24768909390625
llama31-8b,g24p2_059,g24p2_059_minus,minus,strong_exclude_post,33.67396310480161
llama31-8b,g24p2_059,g24p2_059_minus,minus,counterfactual_delete_post,84.98752133374758
llama31-8b,g24p2_060,g24p2_060_plus,plus,base,91.7221431588203
llama31-8b,g24p2_060,g24p2_060_plus,plus,admit_post,99.97218503799209
llama31-8b,g24p2_060,g24p2_060_plus,plus,exclude_post,51.23349706223004
llama31-8b,g24p2_060,g24p2_060_plus,plus,strong_exclude_post,29.07217484896028
llama31-8b,g24p2_060,g24p2_060_plus,plus,counterfactual_delete_post,44.4672755217392
llama31-8b,g24p2_060,g24p2_060_minus,minus,admit_post,96.4129733167288
llama31-8b,g24p2_060,g24p2_060_minus,minus,exclude_post,52.256091077790884
llama31-8b,g24p2_060,g24p2_060_minus,minus,strong_exclude_post,38.12435081507618
llama31-8b,g24p2_060,g24p2_060_minus,minus,counterfactual_delete_post,44.464318481899085
llama31-8b,g24p2_062,g24p2_062_plus,plus,base,1.3136363278350203
llama31-8b,g24p2_062,g24p2_062_plus,plus,admit_post,98.62482344913575
llama31-8b,g24p2_062,g24p2_062_plus,plus,exclude_post,19.237004171694267
llama31-8b,g24p2_062,g24p2_062_plus,plus,strong_exclude_post,95.54140430195835
llama31-8b,g24p2_062,g24p2_062_plus,plus,counterfactual_delete_post,65.48350846831269
llama31-8b,g24p2_062,g24p2_062_minus,minus,admit_post,0.14790112570226266
llama31-8b,g24p2_062,g24p2_062_minus,minus,exclude_post,99.8401820254632
llama31-8b,g24p2_062,g24p2_062_minus,minus,strong_exclude_post,72.73844592351492
llama31-8b,g24p2_062,g24p2_062_minus,minus,counterfactual_delete_post,99.02751159140927
llama31-8b,g24p2_064,g24p2_064_plus,plus,base,51.0555803604296
llama31-8b,g24p2_064,g24p2_064_plus,plus,admit_post,96.30436255384922
llama31-8b,g24p2_064,g24p2_064_plus,plus,exclude_post,94.52896930022978
llama31-8b,g24p2_064,g24p2_064_plus,plus,strong_exclude_post,99.24025024917904
llama31-8b,g24p2_064,g24p2_064_plus,plus,counterfactual_delete_post,88.86160364511603
llama31-8b,g24p2_064,g24p2_064_minus,minus,admit_post,93.93718848830581
llama31-8b,g24p2_064,g24p2_064_minus,minus,exclude_post,79.75495754024077
llama31-8b,g24p2_064,g24p2_064_minus,minus,strong_exclude_post,97.09121003046742
llama31-8b,g24p2_064,g24p2_064_minus,minus,counterfactual_delete_post,0.09346638430527238
llama31-8b,g24p2_065,g24p2_065_plus,plus,base,90.26401538372727
llama31-8b,g24p2_065,g24p2_065_plus,plus,admit_post,97.96106197304283
llama31-8b,g24p2_065,g24p2_065_plus,plus,exclude_post,51.95690968257894
llama31-8b,g24p2_065,g24p2_065_plus,plus,strong_exclude_post,83.1960307510874
llama31-8b,g24p2_065,g24p2_065_plus,plus,counterfactual_delete_post,44.45290295639024
llama31-8b,g24p2_065,g24p2_065_minus,minus,admit_post,15.083763584138032
llama31-8b,g24p2_065,g24p2_065_minus,minus,exclude_post,4.963429236496184
llama31-8b,g24p2_065,g24p2_065_minus,minus,strong_exclude_post,84.59685749520976
llama31-8b,g24p2_065,g24p2_065_minus,minus,counterfactual_delete_post,44.4466431028145
llama31-8b,g24p2_066,g24p2_066_plus,plus,base,28.264188952976433
llama31-8b,g24p2_066,g24p2_066_plus,plus,admit_post,71.79014771632713
llama31-8b,g24p2_066,g24p2_066_plus,plus,exclude_post,44.69105122653902
llama31-8b,g24p2_066,g24p2_066_plus,plus,strong_exclude_post,49.05760080330339
llama31-8b,g24p2_066,g24p2_066_plus,plus,counterfactual_delete_post,49.625540829557316
llama31-8b,g24p2_066,g24p2_066_minus,minus,admit_post,77.53629845515492
llama31-8b,g24p2_066,g24p2_066_minus,minus,exclude_post,44.718837994781325
llama31-8b,g24p2_066,g24p2_066_minus,minus,strong_exclude_post,48.29133616748216
llama31-8b,g24p2_066,g24p2_066_minus,minus,counterfactual_delete_post,49.630107956793026
llama31-8b,g24p2_067,g24p2_067_plus,plus,base,20.589863802005087
llama31-8b,g24p2_067,g24p2_067_plus,plus,admit_post,98.92591365606427
llama31-8b,g24p2_067,g24p2_067_plus,plus,exclude_post,37.13790933584148
llama31-8b,g24p2_067,g24p2_067_plus,plus,strong_exclude_post,35.288716105825216
llama31-8b,g24p2_067,g24p2_067_plus,plus,counterfactual_delete_post,0.6692547675033254
llama31-8b,g24p2_067,g24p2_067_minus,minus,admit_post,2.6341467187332106
llama31-8b,g24p2_067,g24p2_067_minus,minus,exclude_post,7.76320615669967
llama31-8b,g24p2_067,g24p2_067_minus,minus,strong_exclude_post,43.32760176148465
llama31-8b,g24p2_067,g24p2_067_minus,minus,counterfactual_delete_post,44.45932065166642
llama31-8b,g24p2_068,g24p2_068_plus,plus,base,4.140317048755861
llama31-8b,g24p2_068,g24p2_068_plus,plus,admit_post,40.51843769741636
llama31-8b,g24p2_068,g24p2_068_plus,plus,exclude_post,16.60225203540018
llama31-8b,g24p2_068,g24p2_068_plus,plus,strong_exclude_post,9.769701603752475
llama31-8b,g24p2_068,g24p2_068_plus,plus,counterfactual_delete_post,8.457758452417048
llama31-8b,g24p2_068,g24p2_068_minus,minus,admit_post,42.12694051219122
llama31-8b,g24p2_068,g24p2_068_minus,minus,exclude_post,11.763234900757643
llama31-8b,g24p2_068,g24p2_068_minus,minus,strong_exclude_post,0.3299020753786884
llama31-8b,g24p2_068,g24p2_068_minus,minus,counterfactual_delete_post,2.48106028943257
llama31-8b,g24p2_069,g24p2_069_plus,plus,base,93.62151794870096
llama31-8b,g24p2_069,g24p2_069_plus,plus,admit_post,99.14883265772613
llama31-8b,g24p2_069,g24p2_069_plus,plus,exclude_post,45.16387088303432
llama31-8b,g24p2_069,g24p2_069_plus,plus,strong_exclude_post,20.348146894382875
llama31-8b,g24p2_069,g24p2_069_plus,plus,counterfactual_delete_post,0.1227757170462325
llama31-8b,g24p2_069,g24p2_069_minus,minus,admit_post,45.5980918585599
llama31-8b,g24p2_069,g24p2_069_minus,minus,exclude_post,50.540775952182635
llama31-8b,g24p2_069,g24p2_069_minus,minus,strong_exclude_post,53.44775513536239
llama31-8b,g24p2_069,g24p2_069_minus,minus,counterfactual_delete_post,55.552625411627474
llama31-8b,g24p2_070,g24p2_070_plus,plus,base,99.89060572955647
llama31-8b,g24p2_070,g24p2_070_plus,plus,admit_post,95.79609930290297
llama31-8b,g24p2_070,g24p2_070_plus,plus,exclude_post,91.452725295817
llama31-8b,g24p2_070,g24p2_070_plus,plus,strong_exclude_post,24.06653621644155
llama31-8b,g24p2_070,g24p2_070_plus,plus,counterfactual_delete_post,55.55309456172135
llama31-8b,g24p2_070,g24p2_070_minus,minus,admit_post,98.07160701397056
llama31-8b,g24p2_070,g24p2_070_minus,minus,exclude_post,90.8557907717175
llama31-8b,g24p2_070,g24p2_070_minus,minus,strong_exclude_post,91.16363991870959
llama31-8b,g24p2_070,g24p2_070_minus,minus,counterfactual_delete_post,46.05677854299566
llama31-8b,g24p2_071,g24p2_071_plus,plus,base,60.72628477457334
llama31-8b,g24p2_071,g24p2_071_plus,plus,admit_post,89.61427949915146
llama31-8b,g24p2_071,g24p2_071_plus,plus,exclude_post,60.345215878501094
llama31-8b,g24p2_071,g24p2_071_plus,plus,strong_exclude_post,53.11379475615306
llama31-8b,g24p2_071,g24p2_071_plus,plus,counterfactual_delete_post,53.454089406260586
llama31-8b,g24p2_071,g24p2_071_minus,minus,admit_post,89.79541135452439
llama31-8b,g24p2_071,g24p2_071_minus,minus,exclude_post,53.49645483785752
llama31-8b,g24p2_071,g24p2_071_minus,minus,strong_exclude_post,82.07506555012291
llama31-8b,g24p2_071,g24p2_071_minus,minus,counterfactual_delete_post,81.775854619143
llama31-8b,g24p2_072,g24p2_072_plus,plus,base,91.00633231233653
llama31-8b,g24p2_072,g24p2_072_plus,plus,admit_post,95.76027309255079
llama31-8b,g24p2_072,g24p2_072_plus,plus,exclude_post,55.016352413158906
llama31-8b,g24p2_072,g24p2_072_plus,plus,strong_exclude_post,54.12911030663793
llama31-8b,g24p2_072,g24p2_072_plus,plus,counterfactual_delete_post,81.45420326327852
llama31-8b,g24p2_072,g24p2_072_minus,minus,admit_post,90.0540775384285
llama31-8b,g24p2_072,g24p2_072_minus,minus,exclude_post,96.76803691667749
llama31-8b,g24p2_072,g24p2_072_minus,minus,strong_exclude_post,54.45760742267814
llama31-8b,g24p2_072,g24p2_072_minus,minus,counterfactual_delete_post,65.53221022003657
llama31-8b,g24p2_073,g24p2_073_plus,plus,base,0.3212886028404119
llama31-8b,g24p2_073,g24p2_073_plus,plus,admit_post,94.29412720195407
llama31-8b,g24p2_073,g24p2_073_plus,plus,exclude_post,2.594143197187022
llama31-8b,g24p2_073,g24p2_073_plus,plus,strong_exclude_post,46.272829874159775
llama31-8b,g24p2_073,g24p2_073_plus,plus,counterfactual_delete_post,4.986051103969656
llama31-8b,g24p2_073,g24p2_073_minus,minus,admit_post,4.853817159555738
llama31-8b,g24p2_073,g24p2_073_minus,minus,exclude_post,2.410193937781486
llama31-8b,g24p2_073,g24p2_073_minus,minus,strong_exclude_post,47.1927622456312
llama31-8b,g24p2_073,g24p2_073_minus,minus,counterfactual_delete_post,18.913821013400675
llama31-8b,g24p2_074,g24p2_074_plus,plus,base,47.67295833700176
llama31-8b,g24p2_074,g24p2_074_plus,plus,admit_post,94.07542040615543
llama31-8b,g24p2_074,g24p2_074_plus,plus,exclude_post,52.08111625471444
llama31-8b,g24p2_074,g24p2_074_plus,plus,strong_exclude_post,53.8082108659394
llama31-8b,g24p2_074,g24p2_074_plus,plus,counterfactual_delete_post,44.44714906080862
llama31-8b,g24p2_074,g24p2_074_minus,minus,admit_post,84.11057878108798
llama31-8b,g24p2_074,g24p2_074_minus,minus,exclude_post,42.243114262978125
llama31-8b,g24p2_074,g24p2_074_minus,minus,strong_exclude_post,54.00459735293091
llama31-8b,g24p2_074,g24p2_074_minus,minus,counterfactual_delete_post,19.986788685266863
llama31-8b,g24p2_075,g24p2_075_plus,plus,base,90.81446848845827
llama31-8b,g24p2_075,g24p2_075_plus,plus,admit_post,93.70705323572882
llama31-8b,g24p2_075,g24p2_075_plus,plus,exclude_post,15.425863130305812
llama31-8b,g24p2_075,g24p2_075_plus,plus,strong_exclude_post,54.464334057890454
llama31-8b,g24p2_075,g24p2_075_plus,plus,counterfactual_delete_post,0.15254047189022416
llama31-8b,g24p2_075,g24p2_075_minus,minus,admit_post,92.72373393853167
llama31-8b,g24p2_075,g24p2_075_minus,minus,exclude_post,83.2255457077843
llama31-8b,g24p2_075,g24p2_075_minus,minus,strong_exclude_post,75.21009976342278
llama31-8b,g24p2_075,g24p2_075_minus,minus,counterfactual_delete_post,0.11954974394104366
llama31-8b,g24p2_076,g24p2_076_plus,plus,base,79.07884039816177
llama31-8b,g24p2_076,g24p2_076_plus,plus,admit_post,99.37842252559328
llama31-8b,g24p2_076,g24p2_076_plus,plus,exclude_post,4.15640308248113
llama31-8b,g24p2_076,g24p2_076_plus,plus,strong_exclude_post,86.52302593196028
llama31-8b,g24p2_076,g24p2_076_plus,plus,counterfactual_delete_post,86.59505642684094
llama31-8b,g24p2_076,g24p2_076_minus,minus,admit_post,93.60099441390943
llama31-8b,g24p2_076,g24p2_076_minus,minus,exclude_post,74.10548435042763
llama31-8b,g24p2_076,g24p2_076_minus,minus,strong_exclude_post,65.08816817345893
llama31-8b,g24p2_076,g24p2_076_minus,minus,counterfactual_delete_post,0.12727809897635814
llama31-8b,g24p2_077,g24p2_077_plus,plus,base,4.099102345323043
llama31-8b,g24p2_077,g24p2_077_plus,plus,admit_post,20.740573847059316
llama31-8b,g24p2_077,g24p2_077_plus,plus,exclude_post,48.77420027603102
llama31-8b,g24p2_077,g24p2_077_plus,plus,strong_exclude_post,42.625431668676384
llama31-8b,g24p2_077,g24p2_077_plus,plus,counterfactual_delete_post,0.056120965856396005
llama31-8b,g24p2_077,g24p2_077_minus,minus,admit_post,71.89029349533725
llama31-8b,g24p2_077,g24p2_077_minus,minus,exclude_post,46.83311200481243
llama31-8b,g24p2_077,g24p2_077_minus,minus,strong_exclude_post,46.7688491181305
llama31-8b,g24p2_077,g24p2_077_minus,minus,counterfactual_delete_post,22.234122901655926
llama31-8b,g24p2_079,g24p2_079_plus,plus,base,97.65739451556249
llama31-8b,g24p2_079,g24p2_079_plus,plus,admit_post,92.71033580503091
llama31-8b,g24p2_079,g24p2_079_plus,plus,exclude_post,59.56872568707152
llama31-8b,g24p2_079,g24p2_079_plus,plus,strong_exclude_post,87.06700862252106
llama31-8b,g24p2_079,g24p2_079_plus,plus,counterfactual_delete_post,55.5719406612324
llama31-8b,g24p2_079,g24p2_079_minus,minus,admit_post,98.33456556795343
llama31-8b,g24p2_079,g24p2_079_minus,minus,exclude_post,6.737017791399828
llama31-8b,g24p2_079,g24p2_079_minus,minus,strong_exclude_post,87.89096105369849
llama31-8b,g24p2_079,g24p2_079_minus,minus,counterfactual_delete_post,44.45009086765336
llama31-8b,g24p2_081,g24p2_081_plus,plus,base,95.06481595855637
llama31-8b,g24p2_081,g24p2_081_plus,plus,admit_post,96.410194719518
llama31-8b,g24p2_081,g24p2_081_plus,plus,exclude_post,56.30456060847301
llama31-8b,g24p2_081,g24p2_081_plus,plus,strong_exclude_post,52.52372929166523
llama31-8b,g24p2_081,g24p2_081_plus,plus,counterfactual_delete_post,55.55370576731477
llama31-8b,g24p2_081,g24p2_081_minus,minus,admit_post,7.358376288098593
llama31-8b,g24p2_081,g24p2_081_minus,minus,exclude_post,1.6227598811701491
llama31-8b,g24p2_081,g24p2_081_minus,minus,strong_exclude_post,1.2362646529332393
llama31-8b,g24p2_081,g24p2_081_minus,minus,counterfactual_delete_post,0.2894612345679316
llama31-8b,g24p2_082,g24p2_082_plus,plus,base,48.168615644000695
llama31-8b,g24p2_082,g24p2_082_plus,plus,admit_post,88.88911145598256
llama31-8b,g24p2_082,g24p2_082_plus,plus,exclude_post,48.85241394869446
llama31-8b,g24p2_082,g24p2_082_plus,plus,strong_exclude_post,51.03614356188769
llama31-8b,g24p2_082,g24p2_082_plus,plus,counterfactual_delete_post,44.45595750267192
llama31-8b,g24p2_082,g24p2_082_minus,minus,admit_post,91.07711024352965
llama31-8b,g24p2_082,g24p2_082_minus,minus,exclude_post,49.244183492602225
llama31-8b,g24p2_082,g24p2_082_minus,minus,strong_exclude_post,43.981428012133776
llama31-8b,g24p2_082,g24p2_082_minus,minus,counterfactual_delete_post,44.455954637989336
llama31-8b,g24p2_083,g24p2_083_plus,plus,base,52.48446044479436
llama31-8b,g24p2_083,g24p2_083_plus,plus,admit_post,92.87791931653487
llama31-8b,g24p2_083,g24p2_083_plus,plus,exclude_post,51.3208280316776
llama31-8b,g24p2_083,g24p2_083_plus,plus,strong_exclude_post,50.97557841144878
llama31-8b,g24p2_083,g24p2_083_plus,plus,counterfactual_delete_post,49.94142985462804
llama31-8b,g24p2_083,g24p2_083_minus,minus,admit_post,92.53922089680546
llama31-8b,g24p2_083,g24p2_083_minus,minus,exclude_post,51.26950338413966
llama31-8b,g24p2_083,g24p2_083_minus,minus,strong_exclude_post,45.64408177256463
llama31-8b,g24p2_083,g24p2_083_minus,minus,counterfactual_delete_post,51.07045862298611
llama31-8b,g24p2_084,g24p2_084_plus,plus,base,61.6742301626973
llama31-8b,g24p2_084,g24p2_084_plus,plus,admit_post,7.5659323807740355
llama31-8b,g24p2_084,g24p2_084_plus,plus,exclude_post,4.242136944132075
llama31-8b,g24p2_084,g24p2_084_plus,plus,strong_exclude_post,40.720745348207046
llama31-8b,g24p2_084,g24p2_084_plus,plus,counterfactual_delete_post,61.31338968377655
llama31-8b,g24p2_084,g24p2_084_minus,minus,admit_post,9.253310356459885
llama31-8b,g24p2_084,g24p2_084_minus,minus,exclude_post,7.142365255166914
llama31-8b,g24p2_084,g24p2_084_minus,minus,strong_exclude_post,45.36254597113543
llama31-8b,g24p2_084,g24p2_084_minus,minus,counterfactual_delete_post,61.597354723326085
llama31-8b,g24p2_085,g24p2_085_plus,plus,base,44.46751964044157
llama31-8b,g24p2_085,g24p2_085_plus,plus,admit_post,95.42550818268211
llama31-8b,g24p2_085,g24p2_085_plus,plus,exclude_post,88.84406049957622
llama31-8b,g24p2_085,g24p2_085_plus,plus,strong_exclude_post,86.75689446115247
llama31-8b,g24p2_085,g24p2_085_plus,plus,counterfactual_delete_post,55.55557019530863
llama31-8b,g24p2_085,g24p2_085_minus,minus,admit_post,99.95849690748302
llama31-8b,g24p2_085,g24p2_085_minus,minus,exclude_post,76.31964894782959
llama31-8b,g24p2_085,g24p2_085_minus,minus,strong_exclude_post,87.13617713961857
llama31-8b,g24p2_085,g24p2_085_minus,minus,counterfactual_delete_post,47.22794977262524
llama31-8b,g24p2_087,g24p2_087_plus,plus,base,95.46589210257065
llama31-8b,g24p2_087,g24p2_087_plus,plus,admit_post,88.8855981864177
llama31-8b,g24p2_087,g24p2_087_plus,plus,exclude_post,55.552167662427706
llama31-8b,g24p2_087,g24p2_087_plus,plus,strong_exclude_post,2.1333510949510583
llama31-8b,g24p2_087,g24p2_087_plus,plus,counterfactual_delete_post,44.447543130332264
llama31-8b,g24p2_087,g24p2_087_minus,minus,admit_post,99.95749399846471
llama31-8b,g24p2_087,g24p2_087_minus,minus,exclude_post,57.293933405012275
llama31-8b,g24p2_087,g24p2_087_minus,minus,strong_exclude_post,99.9388170841409
llama31-8b,g24p2_087,g24p2_087_minus,minus,counterfactual_delete_post,44.448348240913326
llama31-8b,g24p2_088,g24p2_088_plus,plus,base,91.60794221306917
llama31-8b,g24p2_088,g24p2_088_plus,plus,admit_post,3.606766600661489
llama31-8b,g24p2_088,g24p2_088_plus,plus,exclude_post,56.36455717708565
llama31-8b,g24p2_088,g24p2_088_plus,plus,strong_exclude_post,52.68066396394007
llama31-8b,g24p2_088,g24p2_088_plus,plus,counterfactual_delete_post,54.68304354720697
llama31-8b,g24p2_088,g24p2_088_minus,minus,admit_post,93.83936332292743
llama31-8b,g24p2_088,g24p2_088_minus,minus,exclude_post,50.39981522713062
llama31-8b,g24p2_088,g24p2_088_minus,minus,strong_exclude_post,53.95682236507639
llama31-8b,g24p2_088,g24p2_088_minus,minus,counterfactual_delete_post,54.51075464911886
llama31-8b,g24p2_089,g24p2_089_plus,plus,base,76.65366536526409
llama31-8b,g24p2_089,g24p2_089_plus,plus,admit_post,94.4304979008619
llama31-8b,g24p2_089,g24p2_089_plus,plus,exclude_post,89.02767137937546
llama31-8b,g24p2_089,g24p2_089_plus,plus,strong_exclude_post,53.026575899460255
llama31-8b,g24p2_089,g24p2_089_plus,plus,counterfactual_delete_post,0.3052886314273018
llama31-8b,g24p2_089,g24p2_089_minus,minus,admit_post,89.97167729864299
llama31-8b,g24p2_089,g24p2_089_minus,minus,exclude_post,95.46626518058778
llama31-8b,g24p2_089,g24p2_089_minus,minus,strong_exclude_post,52.75611509756309
llama31-8b,g24p2_089,g24p2_089_minus,minus,counterfactual_delete_post,0.3601927873570245
llama31-8b,g24p2_091,g24p2_091_plus,plus,base,88.88073624146755
llama31-8b,g24p2_091,g24p2_091_plus,plus,admit_post,96.42646703030292
llama31-8b,g24p2_091,g24p2_091_plus,plus,exclude_post,34.27094697025147
llama31-8b,g24p2_091,g24p2_091_plus,plus,strong_exclude_post,46.40227163545816
llama31-8b,g24p2_091,g24p2_091_plus,plus,counterfactual_delete_post,44.45235937600077
llama31-8b,g24p2_091,g24p2_091_minus,minus,admit_post,92.11422892688125
llama31-8b,g24p2_091,g24p2_091_minus,minus,exclude_post,24.297910249258923
llama31-8b,g24p2_091,g24p2_091_minus,minus,strong_exclude_post,40.87874558998247
llama31-8b,g24p2_091,g24p2_091_minus,minus,counterfactual_delete_post,0.08839810357141992
llama31-8b,g24p2_092,g24p2_092_plus,plus,base,14.61091626424082
llama31-8b,g24p2_092,g24p2_092_plus,plus,admit_post,97.23471364612125
llama31-8b,g24p2_092,g24p2_092_plus,plus,exclude_post,95.06185787961311
llama31-8b,g24p2_092,g24p2_092_plus,plus,strong_exclude_post,48.36733500367621
llama31-8b,g24p2_092,g24p2_092_plus,plus,counterfactual_delete_post,51.02246905059697
llama31-8b,g24p2_092,g24p2_092_minus,minus,admit_post,90.96462434292881
llama31-8b,g24p2_092,g24p2_092_minus,minus,exclude_post,86.58402041441917
llama31-8b,g24p2_092,g24p2_092_minus,minus,strong_exclude_post,53.212487908962785
llama31-8b,g24p2_092,g24p2_092_minus,minus,counterfactual_delete_post,56.82743996814063
llama31-8b,g24p2_093,g24p2_093_plus,plus,base,2.701083447352149
llama31-8b,g24p2_093,g24p2_093_plus,plus,admit_post,87.28931619236619
llama31-8b,g24p2_093,g24p2_093_plus,plus,exclude_post,49.86311884550013
llama31-8b,g24p2_093,g24p2_093_plus,plus,strong_exclude_post,51.554311950618676
llama31-8b,g24p2_093,g24p2_093_plus,plus,counterfactual_delete_post,55.55623126502816
llama31-8b,g24p2_093,g24p2_093_minus,minus,admit_post,87.406022695515
llama31-8b,g24p2_093,g24p2_093_minus,minus,exclude_post,83.41649627196404
llama31-8b,g24p2_093,g24p2_093_minus,minus,strong_exclude_post,43.564440698480006
llama31-8b,g24p2_093,g24p2_093_minus,minus,counterfactual_delete_post,55.557451029364884
llama31-8b,g24p2_094,g24p2_094_plus,plus,base,89.36560956896078
llama31-8b,g24p2_094,g24p2_094_plus,plus,admit_post,96.96997982468065
llama31-8b,g24p2_094,g24p2_094_plus,plus,exclude_post,79.37301718180116
llama31-8b,g24p2_094,g24p2_094_plus,plus,strong_exclude_post,51.92722115293187
llama31-8b,g24p2_094,g24p2_094_plus,plus,counterfactual_delete_post,54.079814629942675
llama31-8b,g24p2_094,g24p2_094_minus,minus,admit_post,96.05914991659797
llama31-8b,g24p2_094,g24p2_094_minus,minus,exclude_post,64.2957454783131
llama31-8b,g24p2_094,g24p2_094_minus,minus,strong_exclude_post,59.45234903100575
llama31-8b,g24p2_094,g24p2_094_minus,minus,counterfactual_delete_post,53.860692687916725
llama31-8b,g24p2_096,g24p2_096_plus,plus,base,78.60990269917664
llama31-8b,g24p2_096,g24p2_096_plus,plus,admit_post,77.04456209279219
llama31-8b,g24p2_096,g24p2_096_plus,plus,exclude_post,80.85102432231048
llama31-8b,g24p2_096,g24p2_096_plus,plus,strong_exclude_post,83.17969577999357
llama31-8b,g24p2_096,g24p2_096_plus,plus,counterfactual_delete_post,44.44790157961603
llama31-8b,g24p2_096,g24p2_096_minus,minus,admit_post,22.22787401057495
llama31-8b,g24p2_096,g24p2_096_minus,minus,exclude_post,69.86126704921757
llama31-8b,g24p2_096,g24p2_096_minus,minus,strong_exclude_post,0.09862263347949377
llama31-8b,g24p2_096,g24p2_096_minus,minus,counterfactual_delete_post,56.05713818072492
llama31-8b,g24p2_098,g24p2_098_plus,plus,base,18.19564884503258
llama31-8b,g24p2_098,g24p2_098_plus,plus,admit_post,97.32079066218017
llama31-8b,g24p2_098,g24p2_098_plus,plus,exclude_post,46.74699330033972
llama31-8b,g24p2_098,g24p2_098_plus,plus,strong_exclude_post,35.978193659413776
llama31-8b,g24p2_098,g24p2_098_plus,plus,counterfactual_delete_post,44.453056341754376
llama31-8b,g24p2_098,g24p2_098_minus,minus,admit_post,4.791476638795874
llama31-8b,g24p2_098,g24p2_098_minus,minus,exclude_post,47.61044695748808
llama31-8b,g24p2_098,g24p2_098_minus,minus,strong_exclude_post,51.84976142974514
llama31-8b,g24p2_098,g24p2_098_minus,minus,counterfactual_delete_post,44.45741224586862
llama31-8b,g24p2_099,g24p2_099_plus,plus,base,0.37520327955988647
llama31-8b,g24p2_099,g24p2_099_plus,plus,admit_post,16.85731737094856
llama31-8b,g24p2_099,g24p2_099_plus,plus,exclude_post,1.5535145148378473
llama31-8b,g24p2_099,g24p2_099_plus,plus,strong_exclude_post,0.6600931717663208
llama31-8b,g24p2_099,g24p2_099_plus,plus,counterfactual_delete_post,55.541137450391304
llama31-8b,g24p2_099,g24p2_099_minus,minus,admit_post,5.557678449601526
llama31-8b,g24p2_099,g24p2_099_minus,minus,exclude_post,0.13349986529662758
llama31-8b,g24p2_099,g24p2_099_minus,minus,strong_exclude_post,46.23359432041225
llama31-8b,g24p2_099,g24p2_099_minus,minus,counterfactual_delete_post,55.5505537945095
llama31-8b,g24p2_101,g24p2_101_plus,plus,base,98.92462820105904
llama31-8b,g24p2_101,g24p2_101_plus,plus,admit_post,94.7627672973772
llama31-8b,g24p2_101,g24p2_101_plus,plus,exclude_post,41.44196305512119
llama31-8b,g24p2_101,g24p2_101_plus,plus,strong_exclude_post,49.923052501276345
llama31-8b,g24p2_101,g24p2_101_plus,plus,counterfactual_delete_post,55.55098038621012
llama31-8b,g24p2_101,g24p2_101_minus,minus,admit_post,10.042072786295586
llama31-8b,g24p2_101,g24p2_101_minus,minus,exclude_post,37.45198046433757
llama31-8b,g24p2_101,g24p2_101_minus,minus,strong_exclude_post,50.40552371710102
llama31-8b,g24p2_101,g24p2_101_minus,minus,counterfactual_delete_post,55.54562114982089
llama31-8b,g24p2_102,g24p2_102_plus,plus,base,25.44660915324342
llama31-8b,g24p2_102,g24p2_102_plus,plus,admit_post,6.243214489908493
llama31-8b,g24p2_102,g24p2_102_plus,plus,exclude_post,43.17594893006779
llama31-8b,g24p2_102,g24p2_102_plus,plus,strong_exclude_post,50.14556121574397
llama31-8b,g24p2_102,g24p2_102_plus,plus,counterfactual_delete_post,50.53287246047183
llama31-8b,g24p2_102,g24p2_102_minus,minus,admit_post,6.505158632153336
llama31-8b,g24p2_102,g24p2_102_minus,minus,exclude_post,44.8556698797274
llama31-8b,g24p2_102,g24p2_102_minus,minus,strong_exclude_post,36.57227399520372
llama31-8b,g24p2_102,g24p2_102_minus,minus,counterfactual_delete_post,37.54291669704807
llama31-8b,g24p2_103,g24p2_103_plus,plus,base,5.036720699567706
llama31-8b,g24p2_103,g24p2_103_plus,plus,admit_post,90.34110139930615
llama31-8b,g24p2_103,g24p2_103_plus,plus,exclude_post,48.769248715557225
llama31-8b,g24p2_103,g24p2_103_plus,plus,strong_exclude_post,33.98506792853878
llama31-8b,g24p2_103,g24p2_103_plus,plus,counterfactual_delete_post,55.55454612609763
llama31-8b,g24p2_103,g24p2_103_minus,minus,admit_post,89.45408291783355
llama31-8b,g24p2_103,g24p2_103_minus,minus,exclude_post,46.39821475222118
llama31-8b,g24p2_103,g24p2_103_minus,minus,strong_exclude_post,89.2737304325614
llama31-8b,g24p2_103,g24p2_103_minus,minus,counterfactual_delete_post,55.5543888482594
llama31-8b,g24p2_104,g24p2_104_plus,plus,base,90.19004312836277
llama31-8b,g24p2_104,g24p2_104_plus,plus,admit_post,96.10106844845357
llama31-8b,g24p2_104,g24p2_104_plus,plus,exclude_post,44.5924776156338
llama31-8b,g24p2_104,g24p2_104_plus,plus,strong_exclude_post,59.1370002677985
llama31-8b,g24p2_104,g24p2_104_plus,plus,counterfactual_delete_post,20.622804424045185
llama31-8b,g24p2_104,g24p2_104_minus,minus,admit_post,7.933899660832264
llama31-8b,g24p2_104,g24p2_104_minus,minus,exclude_post,73.63323704682401
llama31-8b,g24p2_104,g24p2_104_minus,minus,strong_exclude_post,89.7918593171973
llama31-8b,g24p2_104,g24p2_104_minus,minus,counterfactual_delete_post,54.03017823115652
llama31-8b,g24p2_105,g24p2_105_plus,plus,base,74.11501156024595
llama31-8b,g24p2_105,g24p2_105_plus,plus,admit_post,82.98361655185043
llama31-8b,g24p2_105,g24p2_105_plus,plus,exclude_post,49.442274419951765
llama31-8b,g24p2_105,g24p2_105_plus,plus,strong_exclude_post,50.51027843962416
llama31-8b,g24p2_105,g24p2_105_plus,plus,counterfactual_delete_post,36.61864512138952
llama31-8b,g24p2_105,g24p2_105_minus,minus,admit_post,87.84454241040413
llama31-8b,g24p2_105,g24p2_105_minus,minus,exclude_post,53.990996781915
llama31-8b,g24p2_105,g24p2_105_minus,minus,strong_exclude_post,54.47911091025801
llama31-8b,g24p2_105,g24p2_105_minus,minus,counterfactual_delete_post,88.88655035544774
llama31-8b,g24p2_107,g24p2_107_plus,plus,base,81.5443851190565
llama31-8b,g24p2_107,g24p2_107_plus,plus,admit_post,89.2490434467007
llama31-8b,g24p2_107,g24p2_107_plus,plus,exclude_post,88.88489502282904
llama31-8b,g24p2_107,g24p2_107_plus,plus,strong_exclude_post,87.25815563694995
llama31-8b,g24p2_107,g24p2_107_plus,plus,counterfactual_delete_post,52.69959698342642
llama31-8b,g24p2_107,g24p2_107_minus,minus,admit_post,88.0263648289901
llama31-8b,g24p2_107,g24p2_107_minus,minus,exclude_post,71.80760098833318
llama31-8b,g24p2_107,g24p2_107_minus,minus,strong_exclude_post,61.3341495567021
llama31-8b,g24p2_107,g24p2_107_minus,minus,counterfactual_delete_post,55.559946628563246
llama31-8b,g24p2_108,g24p2_108_plus,plus,base,88.97078712759554
llama31-8b,g24p2_108,g24p2_108_plus,plus,admit_post,46.69956312440556
llama31-8b,g24p2_108,g24p2_108_plus,plus,exclude_post,48.53927355082137
llama31-8b,g24p2_108,g24p2_108_plus,plus,strong_exclude_post,80.36284129019982
llama31-8b,g24p2_108,g24p2_108_plus,plus,counterfactual_delete_post,88.85918384338964
llama31-8b,g24p2_108,g24p2_108_minus,minus,admit_post,25.468100338914407
llama31-8b,g24p2_108,g24p2_108_minus,minus,exclude_post,39.5272363427233
llama31-8b,g24p2_108,g24p2_108_minus,minus,strong_exclude_post,70.64108705293603
llama31-8b,g24p2_108,g24p2_108_minus,minus,counterfactual_delete_post,88.87116494924797
llama31-8b,g24p2_110,g24p2_110_plus,plus,base,86.44997688935297
llama31-8b,g24p2_110,g24p2_110_plus,plus,admit_post,97.50711011101696
llama31-8b,g24p2_110,g24p2_110_plus,plus,exclude_post,84.50271894255387
llama31-8b,g24p2_110,g24p2_110_plus,plus,strong_exclude_post,39.358260724950235
llama31-8b,g24p2_110,g24p2_110_plus,plus,counterfactual_delete_post,44.45025303277808
llama31-8b,g24p2_110,g24p2_110_minus,minus,admit_post,66.92525356770187
llama31-8b,g24p2_110,g24p2_110_minus,minus,exclude_post,81.90344971981737
llama31-8b,g24p2_110,g24p2_110_minus,minus,strong_exclude_post,85.52574972336657
llama31-8b,g24p2_110,g24p2_110_minus,minus,counterfactual_delete_post,60.071398281747925
llama31-8b,g24p2_111,g24p2_111_plus,plus,base,21.40636789374397
llama31-8b,g24p2_111,g24p2_111_plus,plus,admit_post,7.337997291706575
llama31-8b,g24p2_111,g24p2_111_plus,plus,exclude_post,51.52452443865716
llama31-8b,g24p2_111,g24p2_111_plus,plus,strong_exclude_post,40.73675733375273
llama31-8b,g24p2_111,g24p2_111_plus,plus,counterfactual_delete_post,55.548989220381635
llama31-8b,g24p2_111,g24p2_111_minus,minus,admit_post,11.219239914634361
llama31-8b,g24p2_111,g24p2_111_minus,minus,exclude_post,50.97569834108958
llama31-8b,g24p2_111,g24p2_111_minus,minus,strong_exclude_post,36.61816046598135
llama31-8b,g24p2_111,g24p2_111_minus,minus,counterfactual_delete_post,73.55611533929242
llama31-8b,g24p2_112,g24p2_112_plus,plus,base,59.69724280028002
llama31-8b,g24p2_112,g24p2_112_plus,plus,admit_post,97.50178295712627
llama31-8b,g24p2_112,g24p2_112_plus,plus,exclude_post,51.28212842126547
llama31-8b,g24p2_112,g24p2_112_plus,plus,strong_exclude_post,55.55518506987714
llama31-8b,g24p2_112,g24p2_112_plus,plus,counterfactual_delete_post,44.468207840909166
llama31-8b,g24p2_112,g24p2_112_minus,minus,admit_post,6.968928382503588
llama31-8b,g24p2_112,g24p2_112_minus,minus,exclude_post,12.068651700846019
llama31-8b,g24p2_112,g24p2_112_minus,minus,strong_exclude_post,53.10652338847074
llama31-8b,g24p2_112,g24p2_112_minus,minus,counterfactual_delete_post,55.551616654224745
llama31-8b,g24p2_113,g24p2_113_plus,plus,base,95.4676536458879
llama31-8b,g24p2_113,g24p2_113_plus,plus,admit_post,94.43167120540977
llama31-8b,g24p2_113,g24p2_113_plus,plus,exclude_post,81.48277503047947
llama31-8b,g24p2_113,g24p2_113_plus,plus,strong_exclude_post,20.954790068639596
llama31-8b,g24p2_113,g24p2_113_plus,plus,counterfactual_delete_post,65.97207610610063
llama31-8b,g24p2_113,g24p2_113_minus,minus,admit_post,21.17514444309843
llama31-8b,g24p2_113,g24p2_113_minus,minus,exclude_post,79.19797038684793
llama31-8b,g24p2_113,g24p2_113_minus,minus,strong_exclude_post,88.69930242871428
llama31-8b,g24p2_113,g24p2_113_minus,minus,counterfactual_delete_post,66.4187262140601
llama31-8b,g24p2_114,g24p2_114_plus,plus,base,97.95950514889152
llama31-8b,g24p2_114,g24p2_114_plus,plus,admit_post,94.4409354717934
llama31-8b,g24p2_114,g24p2_114_plus,plus,exclude_post,52.04862461194861
llama31-8b,g24p2_114,g24p2_114_plus,plus,strong_exclude_post,51.68177609770427
llama31-8b,g24p2_114,g24p2_114_plus,plus,counterfactual_delete_post,43.6539586983988
llama31-8b,g24p2_114,g24p2_114_minus,minus,admit_post,5.80238567087933
llama31-8b,g24p2_114,g24p2_114_minus,minus,exclude_post,97.41747087794937
llama31-8b,g24p2_114,g24p2_114_minus,minus,strong_exclude_post,45.680639856197914
llama31-8b,g24p2_114,g24p2_114_minus,minus,counterfactual_delete_post,0.7923229231005194
llama31-8b,g24p2_115,g24p2_115_plus,plus,base,89.41825784088005
llama31-8b,g24p2_115,g24p2_115_plus,plus,admit_post,96.86862878265529
llama31-8b,g24p2_115,g24p2_115_plus,plus,exclude_post,53.386903853052026
llama31-8b,g24p2_115,g24p2_115_plus,plus,strong_exclude_post,28.868511616398955
llama31-8b,g24p2_115,g24p2_115_plus,plus,counterfactual_delete_post,0.07982422642634879
llama31-8b,g24p2_115,g24p2_115_minus,minus,admit_post,95.07503321522789
llama31-8b,g24p2_115,g24p2_115_minus,minus,exclude_post,87.83630410247022
llama31-8b,g24p2_115,g24p2_115_minus,minus,strong_exclude_post,5.678187223138065
llama31-8b,g24p2_115,g24p2_115_minus,minus,counterfactual_delete_post,0.10045494374914106
llama31-8b,g24p2_116,g24p2_116_plus,plus,base,98.37485079290246
llama31-8b,g24p2_116,g24p2_116_plus,plus,admit_post,97.39304155958489
llama31-8b,g24p2_116,g24p2_116_plus,plus,exclude_post,83.09060224291954
llama31-8b,g24p2_116,g24p2_116_plus,plus,strong_exclude_post,86.82962782804974
llama31-8b,g24p2_116,g24p2_116_plus,plus,counterfactual_delete_post,0.11474466865748403
llama31-8b,g24p2_116,g24p2_116_minus,minus,admit_post,97.82524066686645
llama31-8b,g24p2_116,g24p2_116_minus,minus,exclude_post,96.24006347525875
llama31-8b,g24p2_116,g24p2_116_minus,minus,strong_exclude_post,29.557818212198683
llama31-8b,g24p2_116,g24p2_116_minus,minus,counterfactual_delete_post,54.02063200831982
llama31-8b,g24p2_117,g24p2_117_plus,plus,base,45.87565704708379
llama31-8b,g24p2_117,g24p2_117_plus,plus,admit_post,89.58257195287337
llama31-8b,g24p2_117,g24p2_117_plus,plus,exclude_post,85.50630081388373
llama31-8b,g24p2_117,g24p2_117_plus,plus,strong_exclude_post,47.326124308622894
llama31-8b,g24p2_117,g24p2_117_plus,plus,counterfactual_delete_post,53.50112241978777
llama31-8b,g24p2_117,g24p2_117_minus,minus,admit_post,88.90393962446167
llama31-8b,g24p2_117,g24p2_117_minus,minus,exclude_post,36.33138346724097
llama31-8b,g24p2_117,g24p2_117_minus,minus,strong_exclude_post,26.856947265487385
llama31-8b,g24p2_117,g24p2_117_minus,minus,counterfactual_delete_post,52.366769200027534
llama31-8b,g24p2_120,g24p2_120_plus,plus,base,88.46908062802007
llama31-8b,g24p2_120,g24p2_120_plus,plus,admit_post,90.98731320529696
llama31-8b,g24p2_120,g24p2_120_plus,plus,exclude_post,60.97718811847514
llama31-8b,g24p2_120,g24p2_120_plus,plus,strong_exclude_post,67.41482316391173
llama31-8b,g24p2_120,g24p2_120_plus,plus,counterfactual_delete_post,67.46914383920661
llama31-8b,g24p2_120,g24p2_120_minus,minus,admit_post,90.35519203064176
llama31-8b,g24p2_120,g24p2_120_minus,minus,exclude_post,60.75115350090646
llama31-8b,g24p2_120,g24p2_120_minus,minus,strong_exclude_post,24.813864081069717
llama31-8b,g24p2_120,g24p2_120_minus,minus,counterfactual_delete_post,67.1584760302206
llama31-8b,g24p2_121,g24p2_121_plus,plus,base,70.81452967201243
llama31-8b,g24p2_121,g24p2_121_plus,plus,admit_post,87.28931722201001
llama31-8b,g24p2_121,g24p2_121_plus,plus,exclude_post,77.25345423959544
llama31-8b,g24p2_121,g24p2_121_plus,plus,strong_exclude_post,73.87980368421464
llama31-8b,g24p2_121,g24p2_121_plus,plus,counterfactual_delete_post,66.66703674000254
llama31-8b,g24p2_121,g24p2_121_minus,minus,admit_post,86.91325868712377
llama31-8b,g24p2_121,g24p2_121_minus,minus,exclude_post,85.71650765824914
llama31-8b,g24p2_121,g24p2_121_minus,minus,strong_exclude_post,82.91631719327394
llama31-8b,g24p2_121,g24p2_121_minus,minus,counterfactual_delete_post,66.66790301232795
llama31-8b,g24p2_122,g24p2_122_plus,plus,base,6.556394906013231
llama31-8b,g24p2_122,g24p2_122_plus,plus,admit_post,97.92337173617076
llama31-8b,g24p2_122,g24p2_122_plus,plus,exclude_post,60.958501897969704
llama31-8b,g24p2_122,g24p2_122_plus,plus,strong_exclude_post,3.0687087985886268
llama31-8b,g24p2_122,g24p2_122_plus,plus,counterfactual_delete_post,0.11447653622430898
llama31-8b,g24p2_122,g24p2_122_minus,minus,admit_post,2.337798720268079
llama31-8b,g24p2_122,g24p2_122_minus,minus,exclude_post,18.429437865071296
llama31-8b,g24p2_122,g24p2_122_minus,minus,strong_exclude_post,3.426645479374275
llama31-8b,g24p2_122,g24p2_122_minus,minus,counterfactual_delete_post,0.06689866781611836
llama31-8b,g24p2_123,g24p2_123_plus,plus,base,88.2601105728483
llama31-8b,g24p2_123,g24p2_123_plus,plus,admit_post,89.869814645661
llama31-8b,g24p2_123,g24p2_123_plus,plus,exclude_post,47.215603116350366
llama31-8b,g24p2_123,g24p2_123_plus,plus,strong_exclude_post,56.05195666039809
llama31-8b,g24p2_123,g24p2_123_plus,plus,counterfactual_delete_post,27.58902514236142
llama31-8b,g24p2_123,g24p2_123_minus,minus,admit_post,89.53835339470265
llama31-8b,g24p2_123,g24p2_123_minus,minus,exclude_post,51.087923756788044
llama31-8b,g24p2_123,g24p2_123_minus,minus,strong_exclude_post,52.046387425008646
llama31-8b,g24p2_123,g24p2_123_minus,minus,counterfactual_delete_post,27.585293997002832
llama31-8b,g24p2_125,g24p2_125_plus,plus,base,86.15907326887611
llama31-8b,g24p2_125,g24p2_125_plus,plus,admit_post,89.80171922162482
llama31-8b,g24p2_125,g24p2_125_plus,plus,exclude_post,55.36229590609479
llama31-8b,g24p2_125,g24p2_125_plus,plus,strong_exclude_post,54.04165342779396
llama31-8b,g24p2_125,g24p2_125_plus,plus,counterfactual_delete_post,54.26610624740426
llama31-8b,g24p2_125,g24p2_125_minus,minus,admit_post,90.31737372440644
llama31-8b,g24p2_125,g24p2_125_minus,minus,exclude_post,69.22349990305813
llama31-8b,g24p2_125,g24p2_125_minus,minus,strong_exclude_post,53.4134301242491
llama31-8b,g24p2_125,g24p2_125_minus,minus,counterfactual_delete_post,54.19418318585838
llama31-8b,g24p2_126,g24p2_126_plus,plus,base,88.19820022389905
llama31-8b,g24p2_126,g24p2_126_plus,plus,admit_post,99.93274762835351
llama31-8b,g24p2_126,g24p2_126_plus,plus,exclude_post,38.47583387624442
llama31-8b,g24p2_126,g24p2_126_plus,plus,strong_exclude_post,55.557522953994436
llama31-8b,g24p2_126,g24p2_126_plus,plus,counterfactual_delete_post,18.981199361877557
llama31-8b,g24p2_126,g24p2_126_minus,minus,admit_post,95.44272203122708
llama31-8b,g24p2_126,g24p2_126_minus,minus,exclude_post,73.14455171568763
llama31-8b,g24p2_126,g24p2_126_minus,minus,strong_exclude_post,56.21857025932016
llama31-8b,g24p2_126,g24p2_126_minus,minus,counterfactual_delete_post,17.55549672922367
llama31-8b,g24p2_128,g24p2_128_plus,plus,base,98.92663505678829
llama31-8b,g24p2_128,g24p2_128_plus,plus,admit_post,98.34480793581922
llama31-8b,g24p2_128,g24p2_128_plus,plus,exclude_post,52.789065272580736
llama31-8b,g24p2_128,g24p2_128_plus,plus,strong_exclude_post,53.60778070642698
llama31-8b,g24p2_128,g24p2_128_plus,plus,counterfactual_delete_post,55.55329412601371
llama31-8b,g24p2_128,g24p2_128_minus,minus,admit_post,3.6828573640550175
llama31-8b,g24p2_128,g24p2_128_minus,minus,exclude_post,95.15437063605842
llama31-8b,g24p2_128,g24p2_128_minus,minus,strong_exclude_post,91.70770365760289
llama31-8b,g24p2_128,g24p2_128_minus,minus,counterfactual_delete_post,88.77583891524696
llama31-8b,g24p2_129,g24p2_129_plus,plus,base,89.00013893710303
llama31-8b,g24p2_129,g24p2_129_plus,plus,admit_post,75.63268353856704
llama31-8b,g24p2_129,g24p2_129_plus,plus,exclude_post,53.34889221916824
llama31-8b,g24p2_129,g24p2_129_plus,plus,strong_exclude_post,84.95014522610546
llama31-8b,g24p2_129,g24p2_129_plus,plus,counterfactual_delete_post,88.88818187350827
llama31-8b,g24p2_129,g24p2_129_minus,minus,admit_post,98.92574178254628
llama31-8b,g24p2_129,g24p2_129_minus,minus,exclude_post,49.671911791917154
llama31-8b,g24p2_129,g24p2_129_minus,minus,strong_exclude_post,52.06330799149334
llama31-8b,g24p2_129,g24p2_129_minus,minus,counterfactual_delete_post,44.45688695797776
llama31-8b,g24p2_130,g24p2_130_plus,plus,base,46.590956079264785
llama31-8b,g24p2_130,g24p2_130_plus,plus,admit_post,92.40129309234118
llama31-8b,g24p2_130,g24p2_130_plus,plus,exclude_post,51.34154574094912
llama31-8b,g24p2_130,g24p2_130_plus,plus,strong_exclude_post,52.51160050345107
llama31-8b,g24p2_130,g24p2_130_plus,plus,counterfactual_delete_post,44.461840372834686
llama31-8b,g24p2_130,g24p2_130_minus,minus,admit_post,15.684952271229767
llama31-8b,g24p2_130,g24p2_130_minus,minus,exclude_post,58.190296330048845
llama31-8b,g24p2_130,g24p2_130_minus,minus,strong_exclude_post,88.56912670277663
llama31-8b,g24p2_130,g24p2_130_minus,minus,counterfactual_delete_post,44.46002012197755
llama31-8b,g24p2_131,g24p2_131_plus,plus,base,31.99906234778732
llama31-8b,g24p2_131,g24p2_131_plus,plus,admit_post,90.14904742500875
llama31-8b,g24p2_131,g24p2_131_plus,plus,exclude_post,17.928054557141813
llama31-8b,g24p2_131,g24p2_131_plus,plus,strong_exclude_post,34.850298214797675
llama31-8b,g24p2_131,g24p2_131_plus,plus,counterfactual_delete_post,45.34225992038528
llama31-8b,g24p2_131,g24p2_131_minus,minus,admit_post,90.6835316552773
llama31-8b,g24p2_131,g24p2_131_minus,minus,exclude_post,13.143401393429942
llama31-8b,g24p2_131,g24p2_131_minus,minus,strong_exclude_post,34.851678226312764
llama31-8b,g24p2_131,g24p2_131_minus,minus,counterfactual_delete_post,44.32754698433505
llama31-8b,g24p2_132,g24p2_132_plus,plus,base,0.08467644517552894
llama31-8b,g24p2_132,g24p2_132_plus,plus,admit_post,95.40419429906306
llama31-8b,g24p2_132,g24p2_132_plus,plus,exclude_post,46.312773374722696
llama31-8b,g24p2_132,g24p2_132_plus,plus,strong_exclude_post,46.21285670472255
llama31-8b,g24p2_132,g24p2_132_plus,plus,counterfactual_delete_post,0.061674551301815726
llama31-8b,g24p2_132,g24p2_132_minus,minus,admit_post,10.776396862017048
llama31-8b,g24p2_132,g24p2_132_minus,minus,exclude_post,28.542446373677947
llama31-8b,g24p2_132,g24p2_132_minus,minus,strong_exclude_post,44.12923243360935
llama31-8b,g24p2_132,g24p2_132_minus,minus,counterfactual_delete_post,0.0458193782364534
llama31-8b,g24p2_133,g24p2_133_plus,plus,base,94.40464328016408
llama31-8b,g24p2_133,g24p2_133_plus,plus,admit_post,98.33181618254372
llama31-8b,g24p2_133,g24p2_133_plus,plus,exclude_post,85.96514168613768
llama31-8b,g24p2_133,g24p2_133_plus,plus,strong_exclude_post,92.53307861316091
llama31-8b,g24p2_133,g24p2_133_plus,plus,counterfactual_delete_post,55.55413062882573
llama31-8b,g24p2_133,g24p2_133_minus,minus,admit_post,12.476996232816509
llama31-8b,g24p2_133,g24p2_133_minus,minus,exclude_post,24.154546662204837
llama31-8b,g24p2_133,g24p2_133_minus,minus,strong_exclude_post,87.30915479923084
llama31-8b,g24p2_133,g24p2_133_minus,minus,counterfactual_delete_post,88.87956217100884
llama31-8b,g24p2_134,g24p2_134_plus,plus,base,94.08323528729119
llama31-8b,g24p2_134,g24p2_134_plus,plus,admit_post,98.79489750622335
llama31-8b,g24p2_134,g24p2_134_plus,plus,exclude_post,91.02963578831445
llama31-8b,g24p2_134,g24p2_134_plus,plus,strong_exclude_post,82.81420983372846
llama31-8b,g24p2_134,g24p2_134_plus,plus,counterfactual_delete_post,46.877359194882374
llama31-8b,g24p2_134,g24p2_134_minus,minus,admit_post,13.106281646366844
llama31-8b,g24p2_134,g24p2_134_minus,minus,exclude_post,90.52253509096212
llama31-8b,g24p2_134,g24p2_134_minus,minus,strong_exclude_post,88.80715637932684
llama31-8b,g24p2_134,g24p2_134_minus,minus,counterfactual_delete_post,88.32646894888559
llama31-8b,g24p2_135,g24p2_135_plus,plus,base,1.576288809127429
llama31-8b,g24p2_135,g24p2_135_plus,plus,admit_post,3.362466692751523
llama31-8b,g24p2_135,g24p2_135_plus,plus,exclude_post,99.40554362864115
llama31-8b,g24p2_135,g24p2_135_plus,plus,strong_exclude_post,48.28557367007032
llama31-8b,g24p2_135,g24p2_135_plus,plus,counterfactual_delete_post,87.92490255203793
llama31-8b,g24p2_135,g24p2_135_minus,minus,admit_post,0.6972845134340091
llama31-8b,g24p2_135,g24p2_135_minus,minus,exclude_post,9.712971243102244
llama31-8b,g24p2_135,g24p2_135_minus,minus,strong_exclude_post,32.24026120675458
llama31-8b,g24p2_135,g24p2_135_minus,minus,counterfactual_delete_post,83.19850646544484
llama31-8b,g24p2_136,g24p2_136_plus,plus,base,56.32537459400048
llama31-8b,g24p2_136,g24p2_136_plus,plus,admit_post,91.77958023738846
llama31-8b,g24p2_136,g24p2_136_plus,plus,exclude_post,65.84037582479333
llama31-8b,g24p2_136,g24p2_136_plus,plus,strong_exclude_post,53.25332172724652
llama31-8b,g24p2_136,g24p2_136_plus,plus,counterfactual_delete_post,80.31790164748301
llama31-8b,g24p2_136,g24p2_136_minus,minus,admit_post,80.87615316625235
llama31-8b,g24p2_136,g24p2_136_minus,minus,exclude_post,89.0890769566271
llama31-8b,g24p2_136,g24p2_136_minus,minus,strong_exclude_post,90.35470715016882
llama31-8b,g24p2_136,g24p2_136_minus,minus,counterfactual_delete_post,82.3146211166506
llama31-8b,g24p2_137,g24p2_137_plus,plus,base,6.082400159340504
llama31-8b,g24p2_137,g24p2_137_plus,plus,admit_post,97.26258995365954
llama31-8b,g24p2_137,g24p2_137_plus,plus,exclude_post,44.48037258288624
llama31-8b,g24p2_137,g24p2_137_plus,plus,strong_exclude_post,33.88323147610588
llama31-8b,g24p2_137,g24p2_137_plus,plus,counterfactual_delete_post,0.43826397255081434
llama31-8b,g24p2_137,g24p2_137_minus,minus,admit_post,6.306007607141002
llama31-8b,g24p2_137,g24p2_137_minus,minus,exclude_post,2.519861052626996
llama31-8b,g24p2_137,g24p2_137_minus,minus,strong_exclude_post,51.740914673916045
llama31-8b,g24p2_137,g24p2_137_minus,minus,counterfactual_delete_post,0.043101834280284836
llama31-8b,g24p2_138,g24p2_138_plus,plus,base,99.97378112210424
llama31-8b,g24p2_138,g24p2_138_plus,plus,admit_post,99.96791840563823
llama31-8b,g24p2_138,g24p2_138_plus,plus,exclude_post,49.432462630602025
llama31-8b,g24p2_138,g24p2_138_plus,plus,strong_exclude_post,9.71119501526689
llama31-8b,g24p2_138,g24p2_138_plus,plus,counterfactual_delete_post,87.4380887778466
llama31-8b,g24p2_138,g24p2_138_minus,minus,admit_post,12.833683374691553
llama31-8b,g24p2_138,g24p2_138_minus,minus,exclude_post,46.830479925932345
llama31-8b,g24p2_138,g24p2_138_minus,minus,strong_exclude_post,55.55385979594552
llama31-8b,g24p2_138,g24p2_138_minus,minus,counterfactual_delete_post,85.93311483599594
llama31-8b,g24p2_140,g24p2_140_plus,plus,base,26.35945018800401
llama31-8b,g24p2_140,g24p2_140_plus,plus,admit_post,99.97976050219873
llama31-8b,g24p2_140,g24p2_140_plus,plus,exclude_post,53.7390093919933
llama31-8b,g24p2_140,g24p2_140_plus,plus,strong_exclude_post,59.37001550059152
llama31-8b,g24p2_140,g24p2_140_plus,plus,counterfactual_delete_post,0.0838193745716626
llama31-8b,g24p2_140,g24p2_140_minus,minus,admit_post,97.6869046645497
llama31-8b,g24p2_140,g24p2_140_minus,minus,exclude_post,43.40698713343525
llama31-8b,g24p2_140,g24p2_140_minus,minus,strong_exclude_post,48.16849000722494
llama31-8b,g24p2_140,g24p2_140_minus,minus,counterfactual_delete_post,55.548959138430575
llama31-8b,g24p2_141,g24p2_141_plus,plus,base,5.389532716364982
llama31-8b,g24p2_141,g24p2_141_plus,plus,admit_post,5.741815186764954
llama31-8b,g24p2_141,g24p2_141_plus,plus,exclude_post,33.07837922332125
llama31-8b,g24p2_141,g24p2_141_plus,plus,strong_exclude_post,25.932072484013403
llama31-8b,g24p2_141,g24p2_141_plus,plus,counterfactual_delete_post,40.589003485119946
llama31-8b,g24p2_141,g24p2_141_minus,minus,admit_post,4.693062921680326
llama31-8b,g24p2_141,g24p2_141_minus,minus,exclude_post,2.9448279866834817
llama31-8b,g24p2_141,g24p2_141_minus,minus,strong_exclude_post,52.13426339465494
llama31-8b,g24p2_141,g24p2_141_minus,minus,counterfactual_delete_post,0.7209504109064461
llama31-8b,g24p2_142,g24p2_142_plus,plus,base,64.91336196716887
llama31-8b,g24p2_142,g24p2_142_plus,plus,admit_post,90.67422239743428
llama31-8b,g24p2_142,g24p2_142_plus,plus,exclude_post,95.47140936152181
llama31-8b,g24p2_142,g24p2_142_plus,plus,strong_exclude_post,45.02533352446597
llama31-8b,g24p2_142,g24p2_142_plus,plus,counterfactual_delete_post,80.60519473954156
llama31-8b,g24p2_142,g24p2_142_minus,minus,admit_post,6.75424789797024
llama31-8b,g24p2_142,g24p2_142_minus,minus,exclude_post,88.14094281856774
llama31-8b,g24p2_142,g24p2_142_minus,minus,strong_exclude_post,30.66983971738881
llama31-8b,g24p2_142,g24p2_142_minus,minus,counterfactual_delete_post,57.50580737682633
llama31-8b,g24p2_143,g24p2_143_plus,plus,base,95.00248166200252
llama31-8b,g24p2_143,g24p2_143_plus,plus,admit_post,96.08711675779723
llama31-8b,g24p2_143,g24p2_143_plus,plus,exclude_post,51.29994873563285
llama31-8b,g24p2_143,g24p2_143_plus,plus,strong_exclude_post,74.57997912962517
llama31-8b,g24p2_143,g24p2_143_plus,plus,counterfactual_delete_post,0.4174382408954145
llama31-8b,g24p2_143,g24p2_143_minus,minus,admit_post,10.21736813509313
llama31-8b,g24p2_143,g24p2_143_minus,minus,exclude_post,75.73932044051858
llama31-8b,g24p2_143,g24p2_143_minus,minus,strong_exclude_post,97.0167815415711
llama31-8b,g24p2_143,g24p2_143_minus,minus,counterfactual_delete_post,88.88415046091156
llama31-8b,g24p2_144,g24p2_144_plus,plus,base,92.87013699199915
llama31-8b,g24p2_144,g24p2_144_plus,plus,admit_post,93.62902415456148
llama31-8b,g24p2_144,g24p2_144_plus,plus,exclude_post,54.27712096248663
llama31-8b,g24p2_144,g24p2_144_plus,plus,strong_exclude_post,49.30205702511237
llama31-8b,g24p2_144,g24p2_144_plus,plus,counterfactual_delete_post,55.5547825217679
llama31-8b,g24p2_144,g24p2_144_minus,minus,admit_post,89.259547775339
llama31-8b,g24p2_144,g24p2_144_minus,minus,exclude_post,86.53971461780137
llama31-8b,g24p2_144,g24p2_144_minus,minus,strong_exclude_post,82.71681644307162
llama31-8b,g24p2_144,g24p2_144_minus,minus,counterfactual_delete_post,88.15004411295085
llama31-8b,g24p2_145,g24p2_145_plus,plus,base,88.01765931511608
llama31-8b,g24p2_145,g24p2_145_plus,plus,admit_post,95.26219799097768
llama31-8b,g24p2_145,g24p2_145_plus,plus,exclude_post,47.393097652497595
llama31-8b,g24p2_145,g24p2_145_plus,plus,strong_exclude_post,37.97100657995004
llama31-8b,g24p2_145,g24p2_145_plus,plus,counterfactual_delete_post,0.3692886960938813
llama31-8b,g24p2_145,g24p2_145_minus,minus,admit_post,4.689955210862823
llama31-8b,g24p2_145,g24p2_145_minus,minus,exclude_post,44.496398583734646
llama31-8b,g24p2_145,g24p2_145_minus,minus,strong_exclude_post,51.98486196662495
llama31-8b,g24p2_145,g24p2_145_minus,minus,counterfactual_delete_post,0.2774357030610485
llama31-8b,g24p2_146,g24p2_146_plus,plus,base,13.826600014928864
llama31-8b,g24p2_146,g24p2_146_plus,plus,admit_post,96.99872729374982
llama31-8b,g24p2_146,g24p2_146_plus,plus,exclude_post,51.21744439335176
llama31-8b,g24p2_146,g24p2_146_plus,plus,strong_exclude_post,54.066119963640276
llama31-8b,g24p2_146,g24p2_146_plus,plus,counterfactual_delete_post,0.2463018677568882
llama31-8b,g24p2_146,g24p2_146_minus,minus,admit_post,11.7741058516299
llama31-8b,g24p2_146,g24p2_146_minus,minus,exclude_post,9.57471020231389
llama31-8b,g24p2_146,g24p2_146_minus,minus,strong_exclude_post,24.23219115117773
llama31-8b,g24p2_146,g24p2_146_minus,minus,counterfactual_delete_post,0.2622043924187425
llama31-8b,g24p2_147,g24p2_147_plus,plus,base,90.77592086228628
llama31-8b,g24p2_147,g24p2_147_plus,plus,admit_post,93.40041626565852
llama31-8b,g24p2_147,g24p2_147_plus,plus,exclude_post,44.531467531091465
llama31-8b,g24p2_147,g24p2_147_plus,plus,strong_exclude_post,35.052764506877146
llama31-8b,g24p2_147,g24p2_147_plus,plus,counterfactual_delete_post,55.548927567323126
llama31-8b,g24p2_147,g24p2_147_minus,minus,admit_post,9.041895990670476
llama31-8b,g24p2_147,g24p2_147_minus,minus,exclude_post,42.21953337122207
llama31-8b,g24p2_147,g24p2_147_minus,minus,strong_exclude_post,43.02203613657777
llama31-8b,g24p2_147,g24p2_147_minus,minus,counterfactual_delete_post,55.54584686345225
llama31-8b,g24p2_148,g24p2_148_plus,plus,base,68.70821175153617
llama31-8b,g24p2_148,g24p2_148_plus,plus,admit_post,97.52240800132459
llama31-8b,g24p2_148,g24p2_148_plus,plus,exclude_post,34.26845836708236
llama31-8b,g24p2_148,g24p2_148_plus,plus,strong_exclude_post,19.50707864799241
llama31-8b,g24p2_148,g24p2_148_plus,plus,counterfactual_delete_post,0.06284274931520174
llama31-8b,g24p2_148,g24p2_148_minus,minus,admit_post,1.6036781512794418
llama31-8b,g24p2_148,g24p2_148_minus,minus,exclude_post,20.864174105227292
llama31-8b,g24p2_148,g24p2_148_minus,minus,strong_exclude_post,3.758936196097581
llama31-8b,g24p2_148,g24p2_148_minus,minus,counterfactual_delete_post,0.04166366508371487
llama31-8b,g24p2_149,g24p2_149_plus,plus,base,0.7660022185061099
llama31-8b,g24p2_149,g24p2_149_plus,plus,admit_post,97.22152093473088
llama31-8b,g24p2_149,g24p2_149_plus,plus,exclude_post,12.45010357632015
llama31-8b,g24p2_149,g24p2_149_plus,plus,strong_exclude_post,43.22296968297005
llama31-8b,g24p2_149,g24p2_149_plus,plus,counterfactual_delete_post,55.55304382256277
llama31-8b,g24p2_149,g24p2_149_minus,minus,admit_post,4.154449456041397
llama31-8b,g24p2_149,g24p2_149_minus,minus,exclude_post,0.46978820019488865
llama31-8b,g24p2_149,g24p2_149_minus,minus,strong_exclude_post,51.173786212641836
llama31-8b,g24p2_149,g24p2_149_minus,minus,counterfactual_delete_post,55.55352195113821
llama31-8b,g24p2_150,g24p2_150_plus,plus,base,45.1263153332947
llama31-8b,g24p2_150,g24p2_150_plus,plus,admit_post,4.465812218060362
llama31-8b,g24p2_150,g24p2_150_plus,plus,exclude_post,51.74232494091328
llama31-8b,g24p2_150,g24p2_150_plus,plus,strong_exclude_post,53.08426577086602
llama31-8b,g24p2_150,g24p2_150_plus,plus,counterfactual_delete_post,86.65385812422228
llama31-8b,g24p2_150,g24p2_150_minus,minus,admit_post,2.6421929390874266
llama31-8b,g24p2_150,g24p2_150_minus,minus,exclude_post,56.86468314470206
llama31-8b,g24p2_150,g24p2_150_minus,minus,strong_exclude_post,51.299111813595935
llama31-8b,g24p2_150,g24p2_150_minus,minus,counterfactual_delete_post,86.66066211273512
llama31-8b,g24p2_153,g24p2_153_plus,plus,base,97.3092181122543
llama31-8b,g24p2_153,g24p2_153_plus,plus,admit_post,94.73484136753052
llama31-8b,g24p2_153,g24p2_153_plus,plus,exclude_post,47.315702860278634
llama31-8b,g24p2_153,g24p2_153_plus,plus,strong_exclude_post,93.16127276997545
llama31-8b,g24p2_153,g24p2_153_plus,plus,counterfactual_delete_post,28.165540735129532
llama31-8b,g24p2_153,g24p2_153_minus,minus,admit_post,92.82314396375347
llama31-8b,g24p2_153,g24p2_153_minus,minus,exclude_post,87.72271078365442
llama31-8b,g24p2_153,g24p2_153_minus,minus,strong_exclude_post,89.36978732284432
llama31-8b,g24p2_153,g24p2_153_minus,minus,counterfactual_delete_post,0.13209508754282312
llama31-8b,g24p2_154,g24p2_154_plus,plus,base,95.77322636427617
llama31-8b,g24p2_154,g24p2_154_plus,plus,admit_post,12.885690280952685
llama31-8b,g24p2_154,g24p2_154_plus,plus,exclude_post,51.4332122308097
llama31-8b,g24p2_154,g24p2_154_plus,plus,strong_exclude_post,50.20894793765926
llama31-8b,g24p2_154,g24p2_154_plus,plus,counterfactual_delete_post,54.146395813333974
llama31-8b,g24p2_154,g24p2_154_minus,minus,admit_post,0.1390556401644181
llama31-8b,g24p2_154,g24p2_154_minus,minus,exclude_post,45.211548605350295
llama31-8b,g24p2_154,g24p2_154_minus,minus,strong_exclude_post,46.04540289435208
llama31-8b,g24p2_154,g24p2_154_minus,minus,counterfactual_delete_post,54.3868950633964
llama31-8b,g24p2_156,g24p2_156_plus,plus,base,99.87708308927878
llama31-8b,g24p2_156,g24p2_156_plus,plus,admit_post,98.9351999085215
llama31-8b,g24p2_156,g24p2_156_plus,plus,exclude_post,47.23635919452303
llama31-8b,g24p2_156,g24p2_156_plus,plus,strong_exclude_post,40.954382768237615
llama31-8b,g24p2_156,g24p2_156_plus,plus,counterfactual_delete_post,55.55320999619697
llama31-8b,g24p2_156,g24p2_156_minus,minus,admit_post,89.50066846186957
llama31-8b,g24p2_156,g24p2_156_minus,minus,exclude_post,97.06015721374848
llama31-8b,g24p2_156,g24p2_156_minus,minus,strong_exclude_post,67.91111272700196
llama31-8b,g24p2_156,g24p2_156_minus,minus,counterfactual_delete_post,88.88272378323781
llama31-8b,g24p2_158,g24p2_158_plus,plus,base,7.557146259480447
llama31-8b,g24p2_158,g24p2_158_plus,plus,admit_post,96.38851850163309
llama31-8b,g24p2_158,g24p2_158_plus,plus,exclude_post,48.85869031740814
llama31-8b,g24p2_158,g24p2_158_plus,plus,strong_exclude_post,30.282071364180737
llama31-8b,g24p2_158,g24p2_158_plus,plus,counterfactual_delete_post,44.47054233676558
llama31-8b,g24p2_158,g24p2_158_minus,minus,admit_post,93.51817823984304
llama31-8b,g24p2_158,g24p2_158_minus,minus,exclude_post,41.31825040680329
llama31-8b,g24p2_158,g24p2_158_minus,minus,strong_exclude_post,8.419513648457695
llama31-8b,g24p2_158,g24p2_158_minus,minus,counterfactual_delete_post,44.45108568544105
llama31-8b,g24p2_159,g24p2_159_plus,plus,base,88.18898153847785
llama31-8b,g24p2_159,g24p2_159_plus,plus,admit_post,97.94972069816029
llama31-8b,g24p2_159,g24p2_159_plus,plus,exclude_post,87.77428001620203
llama31-8b,g24p2_159,g24p2_159_plus,plus,strong_exclude_post,47.93747086181159
llama31-8b,g24p2_159,g24p2_159_plus,plus,counterfactual_delete_post,55.55000137235855
llama31-8b,g24p2_159,g24p2_159_minus,minus,admit_post,95.33648305816428
llama31-8b,g24p2_159,g24p2_159_minus,minus,exclude_post,12.897009893549667
llama31-8b,g24p2_159,g24p2_159_minus,minus,strong_exclude_post,47.15188393916782
llama31-8b,g24p2_159,g24p2_159_minus,minus,counterfactual_delete_post,55.54847526239668
llama31-8b,g24p2_160,g24p2_160_plus,plus,base,22.161475090721485
llama31-8b,g24p2_160,g24p2_160_plus,plus,admit_post,99.24235014940493
llama31-8b,g24p2_160,g24p2_160_plus,plus,exclude_post,49.24162506738551
llama31-8b,g24p2_160,g24p2_160_plus,plus,strong_exclude_post,44.14002141301271
llama31-8b,g24p2_160,g24p2_160_plus,plus,counterfactual_delete_post,0.19590453787978548
llama31-8b,g24p2_160,g24p2_160_minus,minus,admit_post,5.507296749831252
llama31-8b,g24p2_160,g24p2_160_minus,minus,exclude_post,31.89826571034314
llama31-8b,g24p2_160,g24p2_160_minus,minus,strong_exclude_post,45.69572500338521
llama31-8b,g24p2_160,g24p2_160_minus,minus,counterfactual_delete_post,0.232231966900855
llama31-8b,g24p2_161,g24p2_161_plus,plus,base,0.5449203152624419
llama31-8b,g24p2_161,g24p2_161_plus,plus,admit_post,51.63779272089491
llama31-8b,g24p2_161,g24p2_161_plus,plus,exclude_post,16.09607311068563
llama31-8b,g24p2_161,g24p2_161_plus,plus,strong_exclude_post,33.90846286956212
llama31-8b,g24p2_161,g24p2_161_plus,plus,counterfactual_delete_post,30.33618793751169
llama31-8b,g24p2_161,g24p2_161_minus,minus,admit_post,11.59156391438405
llama31-8b,g24p2_161,g24p2_161_minus,minus,exclude_post,29.548378817146954
llama31-8b,g24p2_161,g24p2_161_minus,minus,strong_exclude_post,38.317720514191926
llama31-8b,g24p2_161,g24p2_161_minus,minus,counterfactual_delete_post,38.774182364260604
llama31-8b,g24p2_163,g24p2_163_plus,plus,base,15.972401769416788
llama31-8b,g24p2_163,g24p2_163_plus,plus,admit_post,97.6136027902316
llama31-8b,g24p2_163,g24p2_163_plus,plus,exclude_post,91.95500189216276
llama31-8b,g24p2_163,g24p2_163_plus,plus,strong_exclude_post,92.88875918004864
llama31-8b,g24p2_163,g24p2_163_plus,plus,counterfactual_delete_post,0.3887153096705859
llama31-8b,g24p2_163,g24p2_163_minus,minus,admit_post,2.232750474643689
llama31-8b,g24p2_163,g24p2_163_minus,minus,exclude_post,91.32378388245803
llama31-8b,g24p2_163,g24p2_163_minus,minus,strong_exclude_post,97.59670833803355
llama31-8b,g24p2_163,g24p2_163_minus,minus,counterfactual_delete_post,3.338899582087789
llama31-8b,g24p2_164,g24p2_164_plus,plus,base,99.70887018755576
llama31-8b,g24p2_164,g24p2_164_plus,plus,admit_post,99.3229074899937
llama31-8b,g24p2_164,g24p2_164_plus,plus,exclude_post,50.60048648142531
llama31-8b,g24p2_164,g24p2_164_plus,plus,strong_exclude_post,49.369867444586646
llama31-8b,g24p2_164,g24p2_164_plus,plus,counterfactual_delete_post,55.55450078089629
llama31-8b,g24p2_164,g24p2_164_minus,minus,admit_post,2.581685344964181
llama31-8b,g24p2_164,g24p2_164_minus,minus,exclude_post,98.87639270670785
llama31-8b,g24p2_164,g24p2_164_minus,minus,strong_exclude_post,49.8472791066018
llama31-8b,g24p2_164,g24p2_164_minus,minus,counterfactual_delete_post,55.55443149102248
llama31-8b,g24p2_165,g24p2_165_plus,plus,base,10.857564472958199
llama31-8b,g24p2_165,g24p2_165_plus,plus,admit_post,80.70965764159911
llama31-8b,g24p2_165,g24p2_165_plus,plus,exclude_post,40.983042953831244
llama31-8b,g24p2_165,g24p2_165_plus,plus,strong_exclude_post,43.191596182109066
llama31-8b,g24p2_165,g24p2_165_plus,plus,counterfactual_delete_post,0.16390127149486314
llama31-8b,g24p2_165,g24p2_165_minus,minus,admit_post,94.3695850821945
llama31-8b,g24p2_165,g24p2_165_minus,minus,exclude_post,42.14504074824504
llama31-8b,g24p2_165,g24p2_165_minus,minus,strong_exclude_post,51.92896817487739
llama31-8b,g24p2_165,g24p2_165_minus,minus,counterfactual_delete_post,44.448666039732885
llama31-8b,g24p2_167,g24p2_167_plus,plus,base,91.85863462938035
llama31-8b,g24p2_167,g24p2_167_plus,plus,admit_post,95.092785301508
llama31-8b,g24p2_167,g24p2_167_plus,plus,exclude_post,89.63396067878051
llama31-8b,g24p2_167,g24p2_167_plus,plus,strong_exclude_post,90.38089579140595
llama31-8b,g24p2_167,g24p2_167_plus,plus,counterfactual_delete_post,52.9150821592243
llama31-8b,g24p2_167,g24p2_167_minus,minus,admit_post,89.77184126342594
llama31-8b,g24p2_167,g24p2_167_minus,minus,exclude_post,91.91249173682232
llama31-8b,g24p2_167,g24p2_167_minus,minus,strong_exclude_post,36.62220526728132
llama31-8b,g24p2_167,g24p2_167_minus,minus,counterfactual_delete_post,55.5547707540684
llama31-8b,g24p2_169,g24p2_169_plus,plus,base,98.04779035565382
llama31-8b,g24p2_169,g24p2_169_plus,plus,admit_post,97.48675987453072
llama31-8b,g24p2_169,g24p2_169_plus,plus,exclude_post,34.79448967743711
llama31-8b,g24p2_169,g24p2_169_plus,plus,strong_exclude_post,55.552712110679536
llama31-8b,g24p2_169,g24p2_169_plus,plus,counterfactual_delete_post,55.55518453234898
llama31-8b,g24p2_169,g24p2_169_minus,minus,admit_post,1.7859241926623008
llama31-8b,g24p2_169,g24p2_169_minus,minus,exclude_post,25.008926809959505
llama31-8b,g24p2_169,g24p2_169_minus,minus,strong_exclude_post,51.87788386796493
llama31-8b,g24p2_169,g24p2_169_minus,minus,counterfactual_delete_post,55.55425863465688
llama31-8b,g24p2_170,g24p2_170_plus,plus,base,3.91900002199699
llama31-8b,g24p2_170,g24p2_170_plus,plus,admit_post,99.98453313029972
llama31-8b,g24p2_170,g24p2_170_plus,plus,exclude_post,52.19955809048203
llama31-8b,g24p2_170,g24p2_170_plus,plus,strong_exclude_post,52.054842824897456
llama31-8b,g24p2_170,g24p2_170_plus,plus,counterfactual_delete_post,44.4514550006044
llama31-8b,g24p2_170,g24p2_170_minus,minus,admit_post,91.51042130030118
llama31-8b,g24p2_170,g24p2_170_minus,minus,exclude_post,12.065327651326315
llama31-8b,g24p2_170,g24p2_170_minus,minus,strong_exclude_post,3.721788422728885
llama31-8b,g24p2_170,g24p2_170_minus,minus,counterfactual_delete_post,44.454160137574185
llama31-8b,g24p2_171,g24p2_171_plus,plus,base,31.581389257034743
llama31-8b,g24p2_171,g24p2_171_plus,plus,admit_post,97.21574551431257
llama31-8b,g24p2_171,g24p2_171_plus,plus,exclude_post,25.060500250438718
llama31-8b,g24p2_171,g24p2_171_plus,plus,strong_exclude_post,48.735802542089154
llama31-8b,g24p2_171,g24p2_171_plus,plus,counterfactual_delete_post,27.765259826449306
llama31-8b,g24p2_171,g24p2_171_minus,minus,admit_post,5.893532204348967
llama31-8b,g24p2_171,g24p2_171_minus,minus,exclude_post,24.45390421210674
llama31-8b,g24p2_171,g24p2_171_minus,minus,strong_exclude_post,46.525794371148656
llama31-8b,g24p2_171,g24p2_171_minus,minus,counterfactual_delete_post,54.47441488426405
llama31-8b,g24p2_172,g24p2_172_plus,plus,base,0.3146209441945873
llama31-8b,g24p2_172,g24p2_172_plus,plus,admit_post,97.4424709729568
llama31-8b,g24p2_172,g24p2_172_plus,plus,exclude_post,52.3810726669249
llama31-8b,g24p2_172,g24p2_172_plus,plus,strong_exclude_post,66.67035579647164
llama31-8b,g24p2_172,g24p2_172_plus,plus,counterfactual_delete_post,44.47805541879197
llama31-8b,g24p2_172,g24p2_172_minus,minus,admit_post,13.162970100513943
llama31-8b,g24p2_172,g24p2_172_minus,minus,exclude_post,17.260361319376276
llama31-8b,g24p2_172,g24p2_172_minus,minus,strong_exclude_post,32.56447488725583
llama31-8b,g24p2_172,g24p2_172_minus,minus,counterfactual_delete_post,31.682905687075536
llama31-8b,g24p2_174,g24p2_174_plus,plus,base,65.51991674254549
llama31-8b,g24p2_174,g24p2_174_plus,plus,admit_post,97.5031380063166
llama31-8b,g24p2_174,g24p2_174_plus,plus,exclude_post,46.32072655993332
llama31-8b,g24p2_174,g24p2_174_plus,plus,strong_exclude_post,36.81240004893515
llama31-8b,g24p2_174,g24p2_174_plus,plus,counterfactual_delete_post,0.25611890721955693
llama31-8b,g24p2_174,g24p2_174_minus,minus,admit_post,94.72685099153824
llama31-8b,g24p2_174,g24p2_174_minus,minus,exclude_post,50.349455406400224
llama31-8b,g24p2_174,g24p2_174_minus,minus,strong_exclude_post,52.69394498241712
llama31-8b,g24p2_174,g24p2_174_minus,minus,counterfactual_delete_post,0.15641778426284325
llama31-8b,g24p2_175,g24p2_175_plus,plus,base,38.614326418806314
llama31-8b,g24p2_175,g24p2_175_plus,plus,admit_post,95.4243948291277
llama31-8b,g24p2_175,g24p2_175_plus,plus,exclude_post,88.63295676776704
llama31-8b,g24p2_175,g24p2_175_plus,plus,strong_exclude_post,15.982137512521405
llama31-8b,g24p2_175,g24p2_175_plus,plus,counterfactual_delete_post,0.07887488758808386
llama31-8b,g24p2_175,g24p2_175_minus,minus,admit_post,18.71054856766652
llama31-8b,g24p2_175,g24p2_175_minus,minus,exclude_post,88.22518583606588
llama31-8b,g24p2_175,g24p2_175_minus,minus,strong_exclude_post,46.83301147293653
llama31-8b,g24p2_175,g24p2_175_minus,minus,counterfactual_delete_post,0.06533743500596778
llama31-8b,g24p2_176,g24p2_176_plus,plus,base,99.7422402069846
llama31-8b,g24p2_176,g24p2_176_plus,plus,admit_post,96.40098489752484
llama31-8b,g24p2_176,g24p2_176_plus,plus,exclude_post,91.48422652436359
llama31-8b,g24p2_176,g24p2_176_plus,plus,strong_exclude_post,42.89576083834115
llama31-8b,g24p2_176,g24p2_176_plus,plus,counterfactual_delete_post,44.45384821822537
llama31-8b,g24p2_176,g24p2_176_minus,minus,admit_post,13.04689328785084
llama31-8b,g24p2_176,g24p2_176_minus,minus,exclude_post,10.797412747137633
llama31-8b,g24p2_176,g24p2_176_minus,minus,strong_exclude_post,88.88893973825093
llama31-8b,g24p2_176,g24p2_176_minus,minus,counterfactual_delete_post,67.4393640051609
llama31-8b,g24p2_177,g24p2_177_plus,plus,base,91.54831946041217
llama31-8b,g24p2_177,g24p2_177_plus,plus,admit_post,95.73301620674998
llama31-8b,g24p2_177,g24p2_177_plus,plus,exclude_post,97.1609997735715
llama31-8b,g24p2_177,g24p2_177_plus,plus,strong_exclude_post,27.850488002576856
llama31-8b,g24p2_177,g24p2_177_plus,plus,counterfactual_delete_post,44.46184073295291
llama31-8b,g24p2_177,g24p2_177_minus,minus,admit_post,18.133543626047224
llama31-8b,g24p2_177,g24p2_177_minus,minus,exclude_post,24.8655056039808
llama31-8b,g24p2_177,g24p2_177_minus,minus,strong_exclude_post,82.70137033550044
llama31-8b,g24p2_177,g24p2_177_minus,minus,counterfactual_delete_post,59.16046555405306
llama31-8b,g24p2_178,g24p2_178_plus,plus,base,89.27995542116807
llama31-8b,g24p2_178,g24p2_178_plus,plus,admit_post,97.74033925283679
llama31-8b,g24p2_178,g24p2_178_plus,plus,exclude_post,50.21337658633932
llama31-8b,g24p2_178,g24p2_178_plus,plus,strong_exclude_post,48.15638166867222
llama31-8b,g24p2_178,g24p2_178_plus,plus,counterfactual_delete_post,55.550197049659516
llama31-8b,g24p2_178,g24p2_178_minus,minus,admit_post,41.29356197753576
llama31-8b,g24p2_178,g24p2_178_minus,minus,exclude_post,89.83596474938187
llama31-8b,g24p2_178,g24p2_178_minus,minus,strong_exclude_post,74.34635609862588
llama31-8b,g24p2_178,g24p2_178_minus,minus,counterfactual_delete_post,99.95752838297216
llama31-8b,g24p2_179,g24p2_179_plus,plus,base,47.237296411040546
llama31-8b,g24p2_179,g24p2_179_plus,plus,admit_post,96.06492234585463
llama31-8b,g24p2_179,g24p2_179_plus,plus,exclude_post,44.62484824464076
llama31-8b,g24p2_179,g24p2_179_plus,plus,strong_exclude_post,50.51022606806637
llama31-8b,g24p2_179,g24p2_179_plus,plus,counterfactual_delete_post,0.1132217873621205
llama31-8b,g24p2_179,g24p2_179_minus,minus,admit_post,10.912256416677405
llama31-8b,g24p2_179,g24p2_179_minus,minus,exclude_post,35.54154220659427
llama31-8b,g24p2_179,g24p2_179_minus,minus,strong_exclude_post,35.60753936022131
llama31-8b,g24p2_179,g24p2_179_minus,minus,counterfactual_delete_post,55.34715286342934
llama31-8b,g24p2_180,g24p2_180_plus,plus,base,90.55294014624128
llama31-8b,g24p2_180,g24p2_180_plus,plus,admit_post,10.907206944607774
llama31-8b,g24p2_180,g24p2_180_plus,plus,exclude_post,84.98600742223081
llama31-8b,g24p2_180,g24p2_180_plus,plus,strong_exclude_post,88.75402066624223
llama31-8b,g24p2_180,g24p2_180_plus,plus,counterfactual_delete_post,55.5547686469088
llama31-8b,g24p2_180,g24p2_180_minus,minus,admit_post,94.05685337439935
llama31-8b,g24p2_180,g24p2_180_minus,minus,exclude_post,47.60010930646296
llama31-8b,g24p2_180,g24p2_180_minus,minus,strong_exclude_post,35.37625801612338
llama31-8b,g24p2_180,g24p2_180_minus,minus,counterfactual_delete_post,55.553038754438944
llama31-8b,g24p2_181,g24p2_181_plus,plus,base,0.08847479941828533
llama31-8b,g24p2_181,g24p2_181_plus,plus,admit_post,3.254440265064237
llama31-8b,g24p2_181,g24p2_181_plus,plus,exclude_post,22.06889894444827
llama31-8b,g24p2_181,g24p2_181_plus,plus,strong_exclude_post,19.275427341624518
llama31-8b,g24p2_181,g24p2_181_plus,plus,counterfactual_delete_post,55.5429840134407
llama31-8b,g24p2_181,g24p2_181_minus,minus,admit_post,1.9194717955884424
llama31-8b,g24p2_181,g24p2_181_minus,minus,exclude_post,1.3475503546304741
llama31-8b,g24p2_181,g24p2_181_minus,minus,strong_exclude_post,3.9910333943329928
llama31-8b,g24p2_181,g24p2_181_minus,minus,counterfactual_delete_post,55.535973621421036
llama31-8b,g24p2_184,g24p2_184_plus,plus,base,62.58947493621588
llama31-8b,g24p2_184,g24p2_184_plus,plus,admit_post,96.28781030509994
llama31-8b,g24p2_184,g24p2_184_plus,plus,exclude_post,49.47651185212398
llama31-8b,g24p2_184,g24p2_184_plus,plus,strong_exclude_post,44.03774324058115
llama31-8b,g24p2_184,g24p2_184_plus,plus,counterfactual_delete_post,13.615093805146648
llama31-8b,g24p2_184,g24p2_184_minus,minus,admit_post,12.502858020398536
llama31-8b,g24p2_184,g24p2_184_minus,minus,exclude_post,47.58382576281009
llama31-8b,g24p2_184,g24p2_184_minus,minus,strong_exclude_post,53.842717024956556
llama31-8b,g24p2_184,g24p2_184_minus,minus,counterfactual_delete_post,0.04035281585093183
llama31-8b,g24p2_185,g24p2_185_plus,plus,base,0.8031561298632545
llama31-8b,g24p2_185,g24p2_185_plus,plus,admit_post,98.1508665617162
llama31-8b,g24p2_185,g24p2_185_plus,plus,exclude_post,36.4412497167923
llama31-8b,g24p2_185,g24p2_185_plus,plus,strong_exclude_post,30.577328658572114
llama31-8b,g24p2_185,g24p2_185_plus,plus,counterfactual_delete_post,55.55262997181166
llama31-8b,g24p2_185,g24p2_185_minus,minus,admit_post,0.6670445250113963
llama31-8b,g24p2_185,g24p2_185_minus,minus,exclude_post,25.125000579989617
llama31-8b,g24p2_185,g24p2_185_minus,minus,strong_exclude_post,22.531572200552812
llama31-8b,g24p2_185,g24p2_185_minus,minus,counterfactual_delete_post,0.10550128614643031
llama31-8b,g24p2_186,g24p2_186_plus,plus,base,16.707238211117165
llama31-8b,g24p2_186,g24p2_186_plus,plus,admit_post,89.86632023778492
llama31-8b,g24p2_186,g24p2_186_plus,plus,exclude_post,42.08333481557286
llama31-8b,g24p2_186,g24p2_186_plus,plus,strong_exclude_post,33.417710736343786
llama31-8b,g24p2_186,g24p2_186_plus,plus,counterfactual_delete_post,44.44419554793703
llama31-8b,g24p2_186,g24p2_186_minus,minus,admit_post,8.841037222439134
llama31-8b,g24p2_186,g24p2_186_minus,minus,exclude_post,33.65098539542152
llama31-8b,g24p2_186,g24p2_186_minus,minus,strong_exclude_post,49.53102932397054
llama31-8b,g24p2_186,g24p2_186_minus,minus,counterfactual_delete_post,50.13285466309979
llama31-8b,g24p2_187,g24p2_187_plus,plus,base,55.24532076356171
llama31-8b,g24p2_187,g24p2_187_plus,plus,admit_post,95.32346332991625
llama31-8b,g24p2_187,g24p2_187_plus,plus,exclude_post,51.6103663638832
llama31-8b,g24p2_187,g24p2_187_plus,plus,strong_exclude_post,52.68149000464926
llama31-8b,g24p2_187,g24p2_187_plus,plus,counterfactual_delete_post,54.901610912930664
llama31-8b,g24p2_187,g24p2_187_minus,minus,admit_post,81.56985475588408
llama31-8b,g24p2_187,g24p2_187_minus,minus,exclude_post,53.52633872380519
llama31-8b,g24p2_187,g24p2_187_minus,minus,strong_exclude_post,52.73475104276875
llama31-8b,g24p2_187,g24p2_187_minus,minus,counterfactual_delete_post,54.81558654386452
llama31-8b,g24p2_189,g24p2_189_plus,plus,base,91.30156195725533
llama31-8b,g24p2_189,g24p2_189_plus,plus,admit_post,98.34737401437346
llama31-8b,g24p2_189,g24p2_189_plus,plus,exclude_post,91.26979251726817
llama31-8b,g24p2_189,g24p2_189_plus,plus,strong_exclude_post,32.39724777465523
llama31-8b,g24p2_189,g24p2_189_plus,plus,counterfactual_delete_post,55.556557785597604
llama31-8b,g24p2_189,g24p2_189_minus,minus,admit_post,86.02520765299356
llama31-8b,g24p2_189,g24p2_189_minus,minus,exclude_post,90.35632822896501
llama31-8b,g24p2_189,g24p2_189_minus,minus,strong_exclude_post,86.49808520133271
llama31-8b,g24p2_189,g24p2_189_minus,minus,counterfactual_delete_post,53.64107458781168
llama31-8b,g24p2_190,g24p2_190_plus,plus,base,88.30077175788462
llama31-8b,g24p2_190,g24p2_190_plus,plus,admit_post,98.1643875504991
llama31-8b,g24p2_190,g24p2_190_plus,plus,exclude_post,49.58921086535
llama31-8b,g24p2_190,g24p2_190_plus,plus,strong_exclude_post,51.98117706902465
llama31-8b,g24p2_190,g24p2_190_plus,plus,counterfactual_delete_post,44.456870345432066
llama31-8b,g24p2_190,g24p2_190_minus,minus,admit_post,5.9389608480773965
llama31-8b,g24p2_190,g24p2_190_minus,minus,exclude_post,50.67506745769976
llama31-8b,g24p2_190,g24p2_190_minus,minus,strong_exclude_post,53.111694961066746
llama31-8b,g24p2_190,g24p2_190_minus,minus,counterfactual_delete_post,44.45548449955259
llama31-8b,g24p2_191,g24p2_191_plus,plus,base,55.78467978101139
llama31-8b,g24p2_191,g24p2_191_plus,plus,admit_post,7.265859517921955
llama31-8b,g24p2_191,g24p2_191_plus,plus,exclude_post,51.41619838271806
llama31-8b,g24p2_191,g24p2_191_plus,plus,strong_exclude_post,45.844278418329964
llama31-8b,g24p2_191,g24p2_191_plus,plus,counterfactual_delete_post,55.5506293261954
llama31-8b,g24p2_191,g24p2_191_minus,minus,admit_post,8.138746899272753
llama31-8b,g24p2_191,g24p2_191_minus,minus,exclude_post,52.14072987829522
llama31-8b,g24p2_191,g24p2_191_minus,minus,strong_exclude_post,46.84307690013404
llama31-8b,g24p2_191,g24p2_191_minus,minus,counterfactual_delete_post,53.97240640344816
llama31-8b,g24p2_192,g24p2_192_plus,plus,base,13.72814638970859
llama31-8b,g24p2_192,g24p2_192_plus,plus,admit_post,95.37998682082481
llama31-8b,g24p2_192,g24p2_192_plus,plus,exclude_post,25.943131629279108
llama31-8b,g24p2_192,g24p2_192_plus,plus,strong_exclude_post,35.525129651256684
llama31-8b,g24p2_192,g24p2_192_plus,plus,counterfactual_delete_post,22.225011170594048
llama31-8b,g24p2_192,g24p2_192_minus,minus,admit_post,96.67417896159685
llama31-8b,g24p2_192,g24p2_192_minus,minus,exclude_post,25.50514468887904
llama31-8b,g24p2_192,g24p2_192_minus,minus,strong_exclude_post,51.10122933941557
llama31-8b,g24p2_192,g24p2_192_minus,minus,counterfactual_delete_post,44.445246330034735
llama31-8b,g24p2_193,g24p2_193_plus,plus,base,72.67853763114908
llama31-8b,g24p2_193,g24p2_193_plus,plus,admit_post,90.34478546251984
llama31-8b,g24p2_193,g24p2_193_plus,plus,exclude_post,84.50428347760995
llama31-8b,g24p2_193,g24p2_193_plus,plus,strong_exclude_post,46.04368844215604
llama31-8b,g24p2_193,g24p2_193_plus,plus,counterfactual_delete_post,44.456043379649984
llama31-8b,g24p2_193,g24p2_193_minus,minus,admit_post,88.28424770299537
llama31-8b,g24p2_193,g24p2_193_minus,minus,exclude_post,83.63655817936406
llama31-8b,g24p2_193,g24p2_193_minus,minus,strong_exclude_post,55.58626768332684
llama31-8b,g24p2_193,g24p2_193_minus,minus,counterfactual_delete_post,84.95844906045319
llama31-8b,g24p2_194,g24p2_194_plus,plus,base,17.7223390766541
llama31-8b,g24p2_194,g24p2_194_plus,plus,admit_post,6.7519210843922615
llama31-8b,g24p2_194,g24p2_194_plus,plus,exclude_post,42.31843156131377
llama31-8b,g24p2_194,g24p2_194_plus,plus,strong_exclude_post,50.819105947151364
llama31-8b,g24p2_194,g24p2_194_plus,plus,counterfactual_delete_post,50.09251241210167
llama31-8b,g24p2_194,g24p2_194_minus,minus,admit_post,7.119766648053936
llama31-8b,g24p2_194,g24p2_194_minus,minus,exclude_post,43.53008167432129
llama31-8b,g24p2_194,g24p2_194_minus,minus,strong_exclude_post,50.81755119011824
llama31-8b,g24p2_194,g24p2_194_minus,minus,counterfactual_delete_post,0.09046092588899989
llama31-8b,g24p2_196,g24p2_196_plus,plus,base,30.22456781211807
llama31-8b,g24p2_196,g24p2_196_plus,plus,admit_post,93.31609635717265
llama31-8b,g24p2_196,g24p2_196_plus,plus,exclude_post,67.75263471466172
llama31-8b,g24p2_196,g24p2_196_plus,plus,strong_exclude_post,52.50658322928794
llama31-8b,g24p2_196,g24p2_196_plus,plus,counterfactual_delete_post,21.047341719858938
llama31-8b,g24p2_196,g24p2_196_minus,minus,admit_post,90.3406454406077
llama31-8b,g24p2_196,g24p2_196_minus,minus,exclude_post,92.2794994741293
llama31-8b,g24p2_196,g24p2_196_minus,minus,strong_exclude_post,52.78361020205745
llama31-8b,g24p2_196,g24p2_196_minus,minus,counterfactual_delete_post,20.52040743884324
llama31-8b,g24p2_198,g24p2_198_plus,plus,base,21.67423312338996
llama31-8b,g24p2_198,g24p2_198_plus,plus,admit_post,97.96240731019172
llama31-8b,g24p2_198,g24p2_198_plus,plus,exclude_post,48.551751609202114
llama31-8b,g24p2_198,g24p2_198_plus,plus,strong_exclude_post,47.11656493914869
llama31-8b,g24p2_198,g24p2_198_plus,plus,counterfactual_delete_post,44.45175619102422
llama31-8b,g24p2_198,g24p2_198_minus,minus,admit_post,10.186412314576964
llama31-8b,g24p2_198,g24p2_198_minus,minus,exclude_post,42.94741586082981
llama31-8b,g24p2_198,g24p2_198_minus,minus,strong_exclude_post,65.82124497961848
llama31-8b,g24p2_198,g24p2_198_minus,minus,counterfactual_delete_post,44.45218005625229
llama31-8b,g24p2_200,g24p2_200_plus,plus,base,88.38924202925976
llama31-8b,g24p2_200,g24p2_200_plus,plus,admit_post,98.15920742700506
llama31-8b,g24p2_200,g24p2_200_plus,plus,exclude_post,47.4127999426943
llama31-8b,g24p2_200,g24p2_200_plus,plus,strong_exclude_post,48.4830790040311
llama31-8b,g24p2_200,g24p2_200_plus,plus,counterfactual_delete_post,86.62334797573399
llama31-8b,g24p2_200,g24p2_200_minus,minus,admit_post,82.4795208671247
llama31-8b,g24p2_200,g24p2_200_minus,minus,exclude_post,62.518836504002365
llama31-8b,g24p2_200,g24p2_200_minus,minus,strong_exclude_post,45.31475728339028
llama31-8b,g24p2_200,g24p2_200_minus,minus,counterfactual_delete_post,8.980963860836475
llama31-8b,g24p2_201,g24p2_201_plus,plus,base,12.42170621070383
llama31-8b,g24p2_201,g24p2_201_plus,plus,admit_post,97.16725346913273
llama31-8b,g24p2_201,g24p2_201_plus,plus,exclude_post,2.8745401945646223
llama31-8b,g24p2_201,g24p2_201_plus,plus,strong_exclude_post,16.015197514081645
llama31-8b,g24p2_201,g24p2_201_plus,plus,counterfactual_delete_post,1.1811595716445504
llama31-8b,g24p2_201,g24p2_201_minus,minus,admit_post,2.843045202552676
llama31-8b,g24p2_201,g24p2_201_minus,minus,exclude_post,3.8893763387691687
llama31-8b,g24p2_201,g24p2_201_minus,minus,strong_exclude_post,11.495481723908444
llama31-8b,g24p2_201,g24p2_201_minus,minus,counterfactual_delete_post,44.31896365049968
llama31-8b,g24p2_202,g24p2_202_plus,plus,base,0.23031519693571567
llama31-8b,g24p2_202,g24p2_202_plus,plus,admit_post,0.23521833714672244
llama31-8b,g24p2_202,g24p2_202_plus,plus,exclude_post,0.9879079785825299
llama31-8b,g24p2_202,g24p2_202_plus,plus,strong_exclude_post,0.7718816776705659
llama31-8b,g24p2_202,g24p2_202_plus,plus,counterfactual_delete_post,0.10960670298388617
llama31-8b,g24p2_202,g24p2_202_minus,minus,admit_post,2.216301967541661
llama31-8b,g24p2_202,g24p2_202_minus,minus,exclude_post,0.39922962484582797
llama31-8b,g24p2_202,g24p2_202_minus,minus,strong_exclude_post,41.96688443885492
llama31-8b,g24p2_202,g24p2_202_minus,minus,counterfactual_delete_post,31.37912863920154
llama31-8b,g24p2_203,g24p2_203_plus,plus,base,70.99893485663206
llama31-8b,g24p2_203,g24p2_203_plus,plus,admit_post,88.88995132403471
llama31-8b,g24p2_203,g24p2_203_plus,plus,exclude_post,52.05106943695881
llama31-8b,g24p2_203,g24p2_203_plus,plus,strong_exclude_post,52.15451458684999
llama31-8b,g24p2_203,g24p2_203_plus,plus,counterfactual_delete_post,0.06763722242258531
llama31-8b,g24p2_203,g24p2_203_minus,minus,admit_post,1.1135323779412962
llama31-8b,g24p2_203,g24p2_203_minus,minus,exclude_post,0.7112641358100986
llama31-8b,g24p2_203,g24p2_203_minus,minus,strong_exclude_post,48.93053562026264
llama31-8b,g24p2_203,g24p2_203_minus,minus,counterfactual_delete_post,99.92446714488912
llama31-8b,g24p2_204,g24p2_204_plus,plus,base,63.650348305226075
llama31-8b,g24p2_204,g24p2_204_plus,plus,admit_post,89.95667927373226
llama31-8b,g24p2_204,g24p2_204_plus,plus,exclude_post,68.13984873300437
llama31-8b,g24p2_204,g24p2_204_plus,plus,strong_exclude_post,52.23812648802849
llama31-8b,g24p2_204,g24p2_204_plus,plus,counterfactual_delete_post,22.06099146871047
llama31-8b,g24p2_204,g24p2_204_minus,minus,admit_post,87.68899393418818
llama31-8b,g24p2_204,g24p2_204_minus,minus,exclude_post,86.36319772585522
llama31-8b,g24p2_204,g24p2_204_minus,minus,strong_exclude_post,85.95694209780555
llama31-8b,g24p2_204,g24p2_204_minus,minus,counterfactual_delete_post,84.02971678873534
llama31-8b,g24p2_207,g24p2_207_plus,plus,base,59.07632154736176
llama31-8b,g24p2_207,g24p2_207_plus,plus,admit_post,89.13798096171571
llama31-8b,g24p2_207,g24p2_207_plus,plus,exclude_post,49.7828812953721
llama31-8b,g24p2_207,g24p2_207_plus,plus,strong_exclude_post,18.081989517986766
llama31-8b,g24p2_207,g24p2_207_plus,plus,counterfactual_delete_post,44.446258368787106
llama31-8b,g24p2_207,g24p2_207_minus,minus,admit_post,58.15750966424542
llama31-8b,g24p2_207,g24p2_207_minus,minus,exclude_post,22.408156481325523
llama31-8b,g24p2_207,g24p2_207_minus,minus,strong_exclude_post,17.74274061817046
llama31-8b,g24p2_207,g24p2_207_minus,minus,counterfactual_delete_post,24.57138802961777
llama31-8b,g24p2_208,g24p2_208_plus,plus,base,55.46147225284582
llama31-8b,g24p2_208,g24p2_208_plus,plus,admit_post,91.49004114183934
llama31-8b,g24p2_208,g24p2_208_plus,plus,exclude_post,52.945158616781455
llama31-8b,g24p2_208,g24p2_208_plus,plus,strong_exclude_post,35.64909867357075
llama31-8b,g24p2_208,g24p2_208_plus,plus,counterfactual_delete_post,44.46353778327037
llama31-8b,g24p2_208,g24p2_208_minus,minus,admit_post,90.1878053937632
llama31-8b,g24p2_208,g24p2_208_minus,minus,exclude_post,49.29120808077099
llama31-8b,g24p2_208,g24p2_208_minus,minus,strong_exclude_post,69.95174885959233
llama31-8b,g24p2_208,g24p2_208_minus,minus,counterfactual_delete_post,84.29089232236647
llama31-8b,g24p2_211,g24p2_211_plus,plus,base,6.252698902763097
llama31-8b,g24p2_211,g24p2_211_plus,plus,admit_post,90.41766884422114
llama31-8b,g24p2_211,g24p2_211_plus,plus,exclude_post,47.145668491368276
llama31-8b,g24p2_211,g24p2_211_plus,plus,strong_exclude_post,50.02288924310301
llama31-8b,g24p2_211,g24p2_211_plus,plus,counterfactual_delete_post,16.004501571404433
llama31-8b,g24p2_211,g24p2_211_minus,minus,admit_post,16.71340103957634
llama31-8b,g24p2_211,g24p2_211_minus,minus,exclude_post,7.65327253474836
llama31-8b,g24p2_211,g24p2_211_minus,minus,strong_exclude_post,56.38947860326716
llama31-8b,g24p2_211,g24p2_211_minus,minus,counterfactual_delete_post,0.044651252271327456
llama31-8b,g24p2_213,g24p2_213_plus,plus,base,96.37937680924684
llama31-8b,g24p2_213,g24p2_213_plus,plus,admit_post,96.9920605498541
llama31-8b,g24p2_213,g24p2_213_plus,plus,exclude_post,48.16028540470837
llama31-8b,g24p2_213,g24p2_213_plus,plus,strong_exclude_post,52.37304723379235
llama31-8b,g24p2_213,g24p2_213_plus,plus,counterfactual_delete_post,44.45289119126596
llama31-8b,g24p2_213,g24p2_213_minus,minus,admit_post,96.39516115835667
llama31-8b,g24p2_213,g24p2_213_minus,minus,exclude_post,51.15423026257714
llama31-8b,g24p2_213,g24p2_213_minus,minus,strong_exclude_post,49.56732198429481
llama31-8b,g24p2_213,g24p2_213_minus,minus,counterfactual_delete_post,22.89725438812229
llama31-8b,g24p2_214,g24p2_214_plus,plus,base,44.45127056176119
llama31-8b,g24p2_214,g24p2_214_plus,plus,admit_post,99.97783323893923
llama31-8b,g24p2_214,g24p2_214_plus,plus,exclude_post,89.38161921170187
llama31-8b,g24p2_214,g24p2_214_plus,plus,strong_exclude_post,52.364350681377545
llama31-8b,g24p2_214,g24p2_214_plus,plus,counterfactual_delete_post,0.9910985896271589
llama31-8b,g24p2_214,g24p2_214_minus,minus,admit_post,93.07191207986865
llama31-8b,g24p2_214,g24p2_214_minus,minus,exclude_post,89.76170691887445
llama31-8b,g24p2_214,g24p2_214_minus,minus,strong_exclude_post,53.035585792303785
llama31-8b,g24p2_214,g24p2_214_minus,minus,counterfactual_delete_post,44.44843466426414
llama31-8b,g24p2_215,g24p2_215_plus,plus,base,47.221019586780805
llama31-8b,g24p2_215,g24p2_215_plus,plus,admit_post,90.44715538247372
llama31-8b,g24p2_215,g24p2_215_plus,plus,exclude_post,65.87664162279725
llama31-8b,g24p2_215,g24p2_215_plus,plus,strong_exclude_post,52.14505183576073
llama31-8b,g24p2_215,g24p2_215_plus,plus,counterfactual_delete_post,52.48507878870487
llama31-8b,g24p2_215,g24p2_215_minus,minus,admit_post,30.3036823464823
llama31-8b,g24p2_215,g24p2_215_minus,minus,exclude_post,52.0122283099448
llama31-8b,g24p2_215,g24p2_215_minus,minus,strong_exclude_post,52.10498534287832
llama31-8b,g24p2_215,g24p2_215_minus,minus,counterfactual_delete_post,0.27159478132143533
llama31-8b,g24p2_216,g24p2_216_plus,plus,base,88.55174808504559
llama31-8b,g24p2_216,g24p2_216_plus,plus,admit_post,89.77101213095045
llama31-8b,g24p2_216,g24p2_216_plus,plus,exclude_post,88.40351890592959
llama31-8b,g24p2_216,g24p2_216_plus,plus,strong_exclude_post,49.61286632042239
llama31-8b,g24p2_216,g24p2_216_plus,plus,counterfactual_delete_post,44.44603290000313
llama31-8b,g24p2_216,g24p2_216_minus,minus,admit_post,88.22391059696618
llama31-8b,g24p2_216,g24p2_216_minus,minus,exclude_post,85.97102386126595
llama31-8b,g24p2_216,g24p2_216_minus,minus,strong_exclude_post,85.05981098441659
llama31-8b,g24p2_216,g24p2_216_minus,minus,counterfactual_delete_post,88.88595916498778
llama31-8b,g24p2_217,g24p2_217_plus,plus,base,97.96765534176723
llama31-8b,g24p2_217,g24p2_217_plus,plus,admit_post,98.16181014414474
llama31-8b,g24p2_217,g24p2_217_plus,plus,exclude_post,90.3155893575139
llama31-8b,g24p2_217,g24p2_217_plus,plus,strong_exclude_post,34.003876061314415
llama31-8b,g24p2_217,g24p2_217_plus,plus,counterfactual_delete_post,87.2233206711583
llama31-8b,g24p2_217,g24p2_217_minus,minus,admit_post,96.06356412289269
llama31-8b,g24p2_217,g24p2_217_minus,minus,exclude_post,89.5489158231146
llama31-8b,g24p2_217,g24p2_217_minus,minus,strong_exclude_post,90.60884674843032
llama31-8b,g24p2_217,g24p2_217_minus,minus,counterfactual_delete_post,87.8736158157041
llama31-8b,g24p2_218,g24p2_218_plus,plus,base,84.62306827260176
llama31-8b,g24p2_218,g24p2_218_plus,plus,admit_post,92.10580383918011
llama31-8b,g24p2_218,g24p2_218_plus,plus,exclude_post,43.23891421050322
llama31-8b,g24p2_218,g24p2_218_plus,plus,strong_exclude_post,53.86145981602752
llama31-8b,g24p2_218,g24p2_218_plus,plus,counterfactual_delete_post,0.13560688590780573
llama31-8b,g24p2_218,g24p2_218_minus,minus,admit_post,90.80648375629534
llama31-8b,g24p2_218,g24p2_218_minus,minus,exclude_post,37.91519141590433
llama31-8b,g24p2_218,g24p2_218_minus,minus,strong_exclude_post,47.70183389653336
llama31-8b,g24p2_218,g24p2_218_minus,minus,counterfactual_delete_post,55.547984256399275
llama31-8b,g24p2_219,g24p2_219_plus,plus,base,88.31488935927462
llama31-8b,g24p2_219,g24p2_219_plus,plus,admit_post,96.98623519160088
llama31-8b,g24p2_219,g24p2_219_plus,plus,exclude_post,50.52096129822414
llama31-8b,g24p2_219,g24p2_219_plus,plus,strong_exclude_post,53.165148094931524
llama31-8b,g24p2_219,g24p2_219_plus,plus,counterfactual_delete_post,55.54884607484117
llama31-8b,g24p2_219,g24p2_219_minus,minus,admit_post,91.1492569436735
llama31-8b,g24p2_219,g24p2_219_minus,minus,exclude_post,51.09346288044253
llama31-8b,g24p2_219,g24p2_219_minus,minus,strong_exclude_post,46.62701098072949
llama31-8b,g24p2_219,g24p2_219_minus,minus,counterfactual_delete_post,51.175879682504984
llama31-8b,g24p2_220,g24p2_220_plus,plus,base,0.5408107285993952
llama31-8b,g24p2_220,g24p2_220_plus,plus,admit_post,95.9639848563381
llama31-8b,g24p2_220,g24p2_220_plus,plus,exclude_post,51.18678963305508
llama31-8b,g24p2_220,g24p2_220_plus,plus,strong_exclude_post,47.231793588633586
llama31-8b,g24p2_220,g24p2_220_plus,plus,counterfactual_delete_post,0.014914704826811731
llama31-8b,g24p2_220,g24p2_220_minus,minus,admit_post,4.781266817600115
llama31-8b,g24p2_220,g24p2_220_minus,minus,exclude_post,44.574626288552004
llama31-8b,g24p2_220,g24p2_220_minus,minus,strong_exclude_post,10.80226942847262
llama31-8b,g24p2_220,g24p2_220_minus,minus,counterfactual_delete_post,0.03214204509618376
llama31-8b,g24p2_223,g24p2_223_plus,plus,base,1.2063284202302202
llama31-8b,g24p2_223,g24p2_223_plus,plus,admit_post,94.47377478092945
llama31-8b,g24p2_223,g24p2_223_plus,plus,exclude_post,25.1554037433287
llama31-8b,g24p2_223,g24p2_223_plus,plus,strong_exclude_post,21.589917837458255
llama31-8b,g24p2_223,g24p2_223_plus,plus,counterfactual_delete_post,55.55352854597528
llama31-8b,g24p2_223,g24p2_223_minus,minus,admit_post,6.3169473345308615
llama31-8b,g24p2_223,g24p2_223_minus,minus,exclude_post,0.9103464731224514
llama31-8b,g24p2_223,g24p2_223_minus,minus,strong_exclude_post,48.059515118018425
llama31-8b,g24p2_223,g24p2_223_minus,minus,counterfactual_delete_post,4.3263603447289185
llama31-8b,g24p2_224,g24p2_224_plus,plus,base,94.7734535222136
llama31-8b,g24p2_224,g24p2_224_plus,plus,admit_post,97.24765134012729
llama31-8b,g24p2_224,g24p2_224_plus,plus,exclude_post,47.53810697385202
llama31-8b,g24p2_224,g24p2_224_plus,plus,strong_exclude_post,0.6607338385485549
llama31-8b,g24p2_224,g24p2_224_plus,plus,counterfactual_delete_post,2.4109873562513218
llama31-8b,g24p2_224,g24p2_224_minus,minus,admit_post,90.16125705030204
llama31-8b,g24p2_224,g24p2_224_minus,minus,exclude_post,46.834314845865954
llama31-8b,g24p2_224,g24p2_224_minus,minus,strong_exclude_post,53.09646384549076
llama31-8b,g24p2_224,g24p2_224_minus,minus,counterfactual_delete_post,85.80395161756326
llama31-8b,g24p2_225,g24p2_225_plus,plus,base,16.364090788433845
llama31-8b,g24p2_225,g24p2_225_plus,plus,admit_post,29.4140944917528
llama31-8b,g24p2_225,g24p2_225_plus,plus,exclude_post,94.96281695909732
llama31-8b,g24p2_225,g24p2_225_plus,plus,strong_exclude_post,22.179485930229873
llama31-8b,g24p2_225,g24p2_225_plus,plus,counterfactual_delete_post,89.37106713808276
llama31-8b,g24p2_225,g24p2_225_minus,minus,admit_post,92.19622027954021
llama31-8b,g24p2_225,g24p2_225_minus,minus,exclude_post,94.22217445564382
llama31-8b,g24p2_225,g24p2_225_minus,minus,strong_exclude_post,24.4200314145056
llama31-8b,g24p2_225,g24p2_225_minus,minus,counterfactual_delete_post,89.2139459480714
llama31-8b,g24p2_227,g24p2_227_plus,plus,base,7.244070771102674
llama31-8b,g24p2_227,g24p2_227_plus,plus,admit_post,97.51774389440405
llama31-8b,g24p2_227,g24p2_227_plus,plus,exclude_post,91.45505102100577
llama31-8b,g24p2_227,g24p2_227_plus,plus,strong_exclude_post,41.72502159549537
llama31-8b,g24p2_227,g24p2_227_plus,plus,counterfactual_delete_post,12.092984051256208
llama31-8b,g24p2_227,g24p2_227_minus,minus,admit_post,9.257695392419233
llama31-8b,g24p2_227,g24p2_227_minus,minus,exclude_post,3.8467560178321967
llama31-8b,g24p2_227,g24p2_227_minus,minus,strong_exclude_post,46.768055531268296
llama31-8b,g24p2_227,g24p2_227_minus,minus,counterfactual_delete_post,69.49172617791282
llama31-8b,g24p2_228,g24p2_228_plus,plus,base,20.84590650652613
llama31-8b,g24p2_228,g24p2_228_plus,plus,admit_post,88.8887984028085
llama31-8b,g24p2_228,g24p2_228_plus,plus,exclude_post,60.5983812343888
llama31-8b,g24p2_228,g24p2_228_plus,plus,strong_exclude_post,50.272854957410885
llama31-8b,g24p2_228,g24p2_228_plus,plus,counterfactual_delete_post,44.46014533505205
llama31-8b,g24p2_228,g24p2_228_minus,minus,admit_post,87.98968846688997
llama31-8b,g24p2_228,g24p2_228_minus,minus,exclude_post,61.34985212706462
llama31-8b,g24p2_228,g24p2_228_minus,minus,strong_exclude_post,51.51630252700925
llama31-8b,g24p2_228,g24p2_228_minus,minus,counterfactual_delete_post,44.456196928930176
llama31-8b,g24p2_230,g24p2_230_plus,plus,base,99.9787511564688
llama31-8b,g24p2_230,g24p2_230_plus,plus,admit_post,96.64983522173982
llama31-8b,g24p2_230,g24p2_230_plus,plus,exclude_post,93.92480745507697
llama31-8b,g24p2_230,g24p2_230_plus,plus,strong_exclude_post,53.93064347679629
llama31-8b,g24p2_230,g24p2_230_plus,plus,counterfactual_delete_post,83.82017781467854
llama31-8b,g24p2_230,g24p2_230_minus,minus,admit_post,82.20214446607991
llama31-8b,g24p2_230,g24p2_230_minus,minus,exclude_post,89.06579514296048
llama31-8b,g24p2_230,g24p2_230_minus,minus,strong_exclude_post,62.85236098956864
llama31-8b,g24p2_230,g24p2_230_minus,minus,counterfactual_delete_post,85.01039632118811
llama31-8b,g24p2_231,g24p2_231_plus,plus,base,1.9082255997696354
llama31-8b,g24p2_231,g24p2_231_plus,plus,admit_post,89.62130764828434
llama31-8b,g24p2_231,g24p2_231_plus,plus,exclude_post,85.48106258644762
llama31-8b,g24p2_231,g24p2_231_plus,plus,strong_exclude_post,40.646023342196116
llama31-8b,g24p2_231,g24p2_231_plus,plus,counterfactual_delete_post,54.27097635393338
llama31-8b,g24p2_231,g24p2_231_minus,minus,admit_post,8.42478218867506
llama31-8b,g24p2_231,g24p2_231_minus,minus,exclude_post,82.53044893416234
llama31-8b,g24p2_231,g24p2_231_minus,minus,strong_exclude_post,53.24071408017598
llama31-8b,g24p2_231,g24p2_231_minus,minus,counterfactual_delete_post,54.10888112735875
llama31-8b,g24p2_232,g24p2_232_plus,plus,base,98.02507475086298
llama31-8b,g24p2_232,g24p2_232_plus,plus,admit_post,93.73116542049391
llama31-8b,g24p2_232,g24p2_232_plus,plus,exclude_post,45.374403584699365
llama31-8b,g24p2_232,g24p2_232_plus,plus,strong_exclude_post,49.487918339321055
llama31-8b,g24p2_232,g24p2_232_plus,plus,counterfactual_delete_post,55.55083779515807
llama31-8b,g24p2_232,g24p2_232_minus,minus,admit_post,1.4868410904216047
llama31-8b,g24p2_232,g24p2_232_minus,minus,exclude_post,39.66621565175873
llama31-8b,g24p2_232,g24p2_232_minus,minus,strong_exclude_post,33.26036588247655
llama31-8b,g24p2_232,g24p2_232_minus,minus,counterfactual_delete_post,55.541808307524164
llama31-8b,g24p2_233,g24p2_233_plus,plus,base,99.18265795013805
llama31-8b,g24p2_233,g24p2_233_plus,plus,admit_post,98.80603840937925
llama31-8b,g24p2_233,g24p2_233_plus,plus,exclude_post,97.56269860983991
llama31-8b,g24p2_233,g24p2_233_plus,plus,strong_exclude_post,37.990429310800316
llama31-8b,g24p2_233,g24p2_233_plus,plus,counterfactual_delete_post,0.1368217667782688
llama31-8b,g24p2_233,g24p2_233_minus,minus,admit_post,9.806191767372288
llama31-8b,g24p2_233,g24p2_233_minus,minus,exclude_post,51.58454499158582
llama31-8b,g24p2_233,g24p2_233_minus,minus,strong_exclude_post,50.035149935500186
llama31-8b,g24p2_233,g24p2_233_minus,minus,counterfactual_delete_post,0.44036100967080405
llama31-8b,g24p2_234,g24p2_234_plus,plus,base,78.64141158959335
llama31-8b,g24p2_234,g24p2_234_plus,plus,admit_post,91.85375059590709
llama31-8b,g24p2_234,g24p2_234_plus,plus,exclude_post,52.637379889497076
llama31-8b,g24p2_234,g24p2_234_plus,plus,strong_exclude_post,65.67642293408818
llama31-8b,g24p2_234,g24p2_234_plus,plus,counterfactual_delete_post,72.11240000195377
llama31-8b,g24p2_234,g24p2_234_minus,minus,admit_post,37.29885102307478
llama31-8b,g24p2_234,g24p2_234_minus,minus,exclude_post,50.56959752013295
llama31-8b,g24p2_234,g24p2_234_minus,minus,strong_exclude_post,51.28422063011428
llama31-8b,g24p2_234,g24p2_234_minus,minus,counterfactual_delete_post,80.67483454976822
llama31-8b,g24p2_235,g24p2_235_plus,plus,base,91.78793673973234
llama31-8b,g24p2_235,g24p2_235_plus,plus,admit_post,92.24962331122363
llama31-8b,g24p2_235,g24p2_235_plus,plus,exclude_post,58.07841639941652
llama31-8b,g24p2_235,g24p2_235_plus,plus,strong_exclude_post,55.5561402363935
llama31-8b,g24p2_235,g24p2_235_plus,plus,counterfactual_delete_post,50.81737134704974
llama31-8b,g24p2_235,g24p2_235_minus,minus,admit_post,0.2240332928642134
llama31-8b,g24p2_235,g24p2_235_minus,minus,exclude_post,47.189637323513494
llama31-8b,g24p2_235,g24p2_235_minus,minus,strong_exclude_post,94.3157616698808
llama31-8b,g24p2_235,g24p2_235_minus,minus,counterfactual_delete_post,55.92993929232227
llama31-8b,g24p2_237,g24p2_237_plus,plus,base,61.005048485278536
llama31-8b,g24p2_237,g24p2_237_plus,plus,admit_post,97.24109740375462
llama31-8b,g24p2_237,g24p2_237_plus,plus,exclude_post,45.81579826874358
llama31-8b,g24p2_237,g24p2_237_plus,plus,strong_exclude_post,52.99901827853504
llama31-8b,g24p2_237,g24p2_237_plus,plus,counterfactual_delete_post,55.55276785044387
llama31-8b,g24p2_237,g24p2_237_minus,minus,admit_post,14.615202462975573
llama31-8b,g24p2_237,g24p2_237_minus,minus,exclude_post,36.325279956544506
llama31-8b,g24p2_237,g24p2_237_minus,minus,strong_exclude_post,88.67970276596422
llama31-8b,g24p2_237,g24p2_237_minus,minus,counterfactual_delete_post,84.71809657607064
llama31-8b,g24p2_238,g24p2_238_plus,plus,base,49.54708234459119
llama31-8b,g24p2_238,g24p2_238_plus,plus,admit_post,99.39788197411963
llama31-8b,g24p2_238,g24p2_238_plus,plus,exclude_post,40.04979348769036
llama31-8b,g24p2_238,g24p2_238_plus,plus,strong_exclude_post,39.804714065519896
llama31-8b,g24p2_238,g24p2_238_plus,plus,counterfactual_delete_post,55.55233179387809
llama31-8b,g24p2_238,g24p2_238_minus,minus,admit_post,3.100476449771118
llama31-8b,g24p2_238,g24p2_238_minus,minus,exclude_post,43.58040179726258
llama31-8b,g24p2_238,g24p2_238_minus,minus,strong_exclude_post,39.65139770146645
llama31-8b,g24p2_238,g24p2_238_minus,minus,counterfactual_delete_post,44.46558519127165
llama31-8b,g24p2_239,g24p2_239_plus,plus,base,1.2538202195761565
llama31-8b,g24p2_239,g24p2_239_plus,plus,admit_post,95.59697508251485
llama31-8b,g24p2_239,g24p2_239_plus,plus,exclude_post,5.1826610884427815
llama31-8b,g24p2_239,g24p2_239_plus,plus,strong_exclude_post,48.44339060166575
llama31-8b,g24p2_239,g24p2_239_plus,plus,counterfactual_delete_post,55.540442931295125
llama31-8b,g24p2_239,g24p2_239_minus,minus,admit_post,8.147794004579692
llama31-8b,g24p2_239,g24p2_239_minus,minus,exclude_post,2.0650075978512565
llama31-8b,g24p2_239,g24p2_239_minus,minus,strong_exclude_post,0.1432842095527735
llama31-8b,g24p2_239,g24p2_239_minus,minus,counterfactual_delete_post,46.124269124667144
llama31-8b,g24p2_240,g24p2_240_plus,plus,base,13.996464223587111
llama31-8b,g24p2_240,g24p2_240_plus,plus,admit_post,89.45511899698357
llama31-8b,g24p2_240,g24p2_240_plus,plus,exclude_post,87.0325621619386
llama31-8b,g24p2_240,g24p2_240_plus,plus,strong_exclude_post,33.48483883610401
llama31-8b,g24p2_240,g24p2_240_plus,plus,counterfactual_delete_post,26.633202726933927
llama31-8b,g24p2_240,g24p2_240_minus,minus,admit_post,7.948765588315055
llama31-8b,g24p2_240,g24p2_240_minus,minus,exclude_post,17.8852856187453
llama31-8b,g24p2_240,g24p2_240_minus,minus,strong_exclude_post,84.23708855301722
llama31-8b,g24p2_240,g24p2_240_minus,minus,counterfactual_delete_post,29.049712630994787
llama31-8b,g24p2_242,g24p2_242_plus,plus,base,58.82855009474819
llama31-8b,g24p2_242,g24p2_242_plus,plus,admit_post,92.62072798145142
llama31-8b,g24p2_242,g24p2_242_plus,plus,exclude_post,52.15945894148139
llama31-8b,g24p2_242,g24p2_242_plus,plus,strong_exclude_post,54.53159730508423
llama31-8b,g24p2_242,g24p2_242_plus,plus,counterfactual_delete_post,55.55011632552476
llama31-8b,g24p2_242,g24p2_242_minus,minus,admit_post,99.0637011692457
llama31-8b,g24p2_242,g24p2_242_minus,minus,exclude_post,50.250219150160405
llama31-8b,g24p2_242,g24p2_242_minus,minus,strong_exclude_post,53.01635271597946
llama31-8b,g24p2_242,g24p2_242_minus,minus,counterfactual_delete_post,55.54885736154996
llama31-8b,g24p2_245,g24p2_245_plus,plus,base,99.83441606220977
llama31-8b,g24p2_245,g24p2_245_plus,plus,admit_post,96.35394340407188
llama31-8b,g24p2_245,g24p2_245_plus,plus,exclude_post,41.523857131945185
llama31-8b,g24p2_245,g24p2_245_plus,plus,strong_exclude_post,45.55459588695072
llama31-8b,g24p2_245,g24p2_245_plus,plus,counterfactual_delete_post,55.54898738560074
llama31-8b,g24p2_245,g24p2_245_minus,minus,admit_post,7.753625105473698
llama31-8b,g24p2_245,g24p2_245_minus,minus,exclude_post,41.36613764623091
llama31-8b,g24p2_245,g24p2_245_minus,minus,strong_exclude_post,44.83349422072277
llama31-8b,g24p2_245,g24p2_245_minus,minus,counterfactual_delete_post,55.552369239221804
llama31-8b,g24p2_246,g24p2_246_plus,plus,base,8.483797904297809
llama31-8b,g24p2_246,g24p2_246_plus,plus,admit_post,20.528336285408106
llama31-8b,g24p2_246,g24p2_246_plus,plus,exclude_post,43.56666744257259
llama31-8b,g24p2_246,g24p2_246_plus,plus,strong_exclude_post,48.17751624872781
llama31-8b,g24p2_246,g24p2_246_plus,plus,counterfactual_delete_post,0.108282523605576
llama31-8b,g24p2_246,g24p2_246_minus,minus,admit_post,6.196401986645089
llama31-8b,g24p2_246,g24p2_246_minus,minus,exclude_post,42.358367774532105
llama31-8b,g24p2_246,g24p2_246_minus,minus,strong_exclude_post,48.182086798154195
llama31-8b,g24p2_246,g24p2_246_minus,minus,counterfactual_delete_post,0.1160726325969982
llama31-8b,g24p2_247,g24p2_247_plus,plus,base,95.78535432748669
llama31-8b,g24p2_247,g24p2_247_plus,plus,admit_post,98.93431185078617
llama31-8b,g24p2_247,g24p2_247_plus,plus,exclude_post,52.97967161460486
llama31-8b,g24p2_247,g24p2_247_plus,plus,strong_exclude_post,55.55540734478762
llama31-8b,g24p2_247,g24p2_247_plus,plus,counterfactual_delete_post,44.45561750337285
llama31-8b,g24p2_247,g24p2_247_minus,minus,admit_post,96.08351892889756
llama31-8b,g24p2_247,g24p2_247_minus,minus,exclude_post,83.86241236827821
llama31-8b,g24p2_247,g24p2_247_minus,minus,strong_exclude_post,55.55581261709865
llama31-8b,g24p2_247,g24p2_247_minus,minus,counterfactual_delete_post,44.4570215674328
llama31-8b,g24p2_248,g24p2_248_plus,plus,base,26.76126664839326
llama31-8b,g24p2_248,g24p2_248_plus,plus,admit_post,91.37724639014681
llama31-8b,g24p2_248,g24p2_248_plus,plus,exclude_post,40.073272023355834
llama31-8b,g24p2_248,g24p2_248_plus,plus,strong_exclude_post,51.22493922949086
llama31-8b,g24p2_248,g24p2_248_plus,plus,counterfactual_delete_post,44.45324993118366
llama31-8b,g24p2_248,g24p2_248_minus,minus,admit_post,8.739470159826146
llama31-8b,g24p2_248,g24p2_248_minus,minus,exclude_post,43.19913523531907
llama31-8b,g24p2_248,g24p2_248_minus,minus,strong_exclude_post,50.68647249971221
llama31-8b,g24p2_248,g24p2_248_minus,minus,counterfactual_delete_post,44.44803643690412
llama31-8b,g24p2_250,g24p2_250_plus,plus,base,8.049787209355825
llama31-8b,g24p2_250,g24p2_250_plus,plus,admit_post,98.59032059762598
llama31-8b,g24p2_250,g24p2_250_plus,plus,exclude_post,30.725341266450055
llama31-8b,g24p2_250,g24p2_250_plus,plus,strong_exclude_post,17.926314897504042
llama31-8b,g24p2_250,g24p2_250_plus,plus,counterfactual_delete_post,16.314756672842897
llama31-8b,g24p2_250,g24p2_250_minus,minus,admit_post,2.975237705746227
llama31-8b,g24p2_250,g24p2_250_minus,minus,exclude_post,29.75561463654384
llama31-8b,g24p2_250,g24p2_250_minus,minus,strong_exclude_post,17.4566515188115
llama31-8b,g24p2_250,g24p2_250_minus,minus,counterfactual_delete_post,14.515045632852555
llama31-8b,g24p2_252,g24p2_252_plus,plus,base,0.3722807841475102
llama31-8b,g24p2_252,g24p2_252_plus,plus,admit_post,96.66509009309141
llama31-8b,g24p2_252,g24p2_252_plus,plus,exclude_post,46.72373799876159
llama31-8b,g24p2_252,g24p2_252_plus,plus,strong_exclude_post,48.2408422672233
llama31-8b,g24p2_252,g24p2_252_plus,plus,counterfactual_delete_post,43.169825614264134
llama31-8b,g24p2_252,g24p2_252_minus,minus,admit_post,12.137289052021368
llama31-8b,g24p2_252,g24p2_252_minus,minus,exclude_post,2.6752684499134514
llama31-8b,g24p2_252,g24p2_252_minus,minus,strong_exclude_post,44.659578096109925
llama31-8b,g24p2_252,g24p2_252_minus,minus,counterfactual_delete_post,52.26890880088332
llama31-8b,g24p2_254,g24p2_254_plus,plus,base,55.67408029694366
llama31-8b,g24p2_254,g24p2_254_plus,plus,admit_post,87.01062458982182
llama31-8b,g24p2_254,g24p2_254_plus,plus,exclude_post,64.52383097307069
llama31-8b,g24p2_254,g24p2_254_plus,plus,strong_exclude_post,50.32038923336819
llama31-8b,g24p2_254,g24p2_254_plus,plus,counterfactual_delete_post,44.448366460965524
llama31-8b,g24p2_254,g24p2_254_minus,minus,admit_post,88.57905744269516
llama31-8b,g24p2_254,g24p2_254_minus,minus,exclude_post,47.60407280839971
llama31-8b,g24p2_254,g24p2_254_minus,minus,strong_exclude_post,49.53288013790935
llama31-8b,g24p2_254,g24p2_254_minus,minus,counterfactual_delete_post,44.44477412457507
llama31-8b,g24p2_255,g24p2_255_plus,plus,base,0.3314889323519413
llama31-8b,g24p2_255,g24p2_255_plus,plus,admit_post,97.94010613237712
llama31-8b,g24p2_255,g24p2_255_plus,plus,exclude_post,36.71009579636313
llama31-8b,g24p2_255,g24p2_255_plus,plus,strong_exclude_post,50.55164493086605
llama31-8b,g24p2_255,g24p2_255_plus,plus,counterfactual_delete_post,53.213769846097904
llama31-8b,g24p2_255,g24p2_255_minus,minus,admit_post,9.264972374942152
llama31-8b,g24p2_255,g24p2_255_minus,minus,exclude_post,32.15086377390783
llama31-8b,g24p2_255,g24p2_255_minus,minus,strong_exclude_post,29.031452826437885
llama31-8b,g24p2_255,g24p2_255_minus,minus,counterfactual_delete_post,0.10580948879626902
llama31-8b,g24p2_258,g24p2_258_plus,plus,base,91.62201527491327
llama31-8b,g24p2_258,g24p2_258_plus,plus,admit_post,98.80338841318287
llama31-8b,g24p2_258,g24p2_258_plus,plus,exclude_post,43.51168344450881
llama31-8b,g24p2_258,g24p2_258_plus,plus,strong_exclude_post,50.708723777316145
llama31-8b,g24p2_258,g24p2_258_plus,plus,counterfactual_delete_post,0.35220105196345164
llama31-8b,g24p2_258,g24p2_258_minus,minus,admit_post,10.312433185314278
llama31-8b,g24p2_258,g24p2_258_minus,minus,exclude_post,45.63046329343225
llama31-8b,g24p2_258,g24p2_258_minus,minus,strong_exclude_post,50.57554084178034
llama31-8b,g24p2_258,g24p2_258_minus,minus,counterfactual_delete_post,24.402738103353656
llama31-8b,g24p2_259,g24p2_259_plus,plus,base,36.212121029160436
llama31-8b,g24p2_259,g24p2_259_plus,plus,admit_post,96.09508874750473
llama31-8b,g24p2_259,g24p2_259_plus,plus,exclude_post,47.32100998290602
llama31-8b,g24p2_259,g24p2_259_plus,plus,strong_exclude_post,48.93711126747618
llama31-8b,g24p2_259,g24p2_259_plus,plus,counterfactual_delete_post,44.457205151131284
llama31-8b,g24p2_259,g24p2_259_minus,minus,admit_post,12.233306382919888
llama31-8b,g24p2_259,g24p2_259_minus,minus,exclude_post,10.18840124991077
llama31-8b,g24p2_259,g24p2_259_minus,minus,strong_exclude_post,32.05174664368382
llama31-8b,g24p2_259,g24p2_259_minus,minus,counterfactual_delete_post,44.449747070838
llama31-8b,g24p2_260,g24p2_260_plus,plus,base,38.490881536823906
llama31-8b,g24p2_260,g24p2_260_plus,plus,admit_post,94.60103911544695
llama31-8b,g24p2_260,g24p2_260_plus,plus,exclude_post,41.04196449068627
llama31-8b,g24p2_260,g24p2_260_plus,plus,strong_exclude_post,53.11525094803235
llama31-8b,g24p2_260,g24p2_260_plus,plus,counterfactual_delete_post,55.54639959052804
llama31-8b,g24p2_260,g24p2_260_minus,minus,admit_post,64.0163785411613
llama31-8b,g24p2_260,g24p2_260_minus,minus,exclude_post,25.454373426810207
llama31-8b,g24p2_260,g24p2_260_minus,minus,strong_exclude_post,47.36201331949934
llama31-8b,g24p2_260,g24p2_260_minus,minus,counterfactual_delete_post,0.35345093790409376
llama31-8b,g24p2_261,g24p2_261_plus,plus,base,92.25952101193388
llama31-8b,g24p2_261,g24p2_261_plus,plus,admit_post,97.96218461294357
llama31-8b,g24p2_261,g24p2_261_plus,plus,exclude_post,85.40286965351423
llama31-8b,g24p2_261,g24p2_261_plus,plus,strong_exclude_post,52.92890387001988
llama31-8b,g24p2_261,g24p2_261_plus,plus,counterfactual_delete_post,44.452396404992136
llama31-8b,g24p2_261,g24p2_261_minus,minus,admit_post,13.09702173817445
llama31-8b,g24p2_261,g24p2_261_minus,minus,exclude_post,75.96378134986176
llama31-8b,g24p2_261,g24p2_261_minus,minus,strong_exclude_post,51.85012710488983
llama31-8b,g24p2_261,g24p2_261_minus,minus,counterfactual_delete_post,22.55588193178391
gemma3-12b,g24p2_000,g24p2_000_plus,plus,base,66.68420185656515
gemma3-12b,g24p2_000,g24p2_000_plus,plus,admit_post,99.99903596013483
gemma3-12b,g24p2_000,g24p2_000_plus,plus,exclude_post,89.94818213424476
gemma3-12b,g24p2_000,g24p2_000_plus,plus,strong_exclude_post,55.513999857199934
gemma3-12b,g24p2_000,g24p2_000_plus,plus,counterfactual_delete_post,55.45406539861522
gemma3-12b,g24p2_000,g24p2_000_minus,minus,admit_post,0.035260844968427595
gemma3-12b,g24p2_000,g24p2_000_minus,minus,exclude_post,0.09630771628528795
gemma3-12b,g24p2_000,g24p2_000_minus,minus,strong_exclude_post,10.223027079986956
gemma3-12b,g24p2_000,g24p2_000_minus,minus,counterfactual_delete_post,55.44062424295976
gemma3-12b,g24p2_001,g24p2_001_plus,plus,base,0.03114632409079454
gemma3-12b,g24p2_001,g24p2_001_plus,plus,admit_post,99.99896477504956
gemma3-12b,g24p2_001,g24p2_001_plus,plus,exclude_post,55.51627736691184
gemma3-12b,g24p2_001,g24p2_001_plus,plus,strong_exclude_post,55.53337337971168
gemma3-12b,g24p2_001,g24p2_001_plus,plus,counterfactual_delete_post,55.54623991945452
gemma3-12b,g24p2_001,g24p2_001_minus,minus,admit_post,5.434414273377352e-05
gemma3-12b,g24p2_001,g24p2_001_minus,minus,exclude_post,5.9432388264807596e-05
gemma3-12b,g24p2_001,g24p2_001_minus,minus,strong_exclude_post,55.443742826528364
gemma3-12b,g24p2_001,g24p2_001_minus,minus,counterfactual_delete_post,55.546234718254
gemma3-12b,g24p2_002,g24p2_002_plus,plus,base,33.36568703294315
gemma3-12b,g24p2_002,g24p2_002_plus,plus,admit_post,66.65532616013566
gemma3-12b,g24p2_002,g24p2_002_plus,plus,exclude_post,58.88861842157046
gemma3-12b,g24p2_002,g24p2_002_plus,plus,strong_exclude_post,49.68398380165032
gemma3-12b,g24p2_002,g24p2_002_plus,plus,counterfactual_delete_post,40.98930673367859
gemma3-12b,g24p2_002,g24p2_002_minus,minus,admit_post,19.22973640958723
gemma3-12b,g24p2_002,g24p2_002_minus,minus,exclude_post,48.032862057554574
gemma3-12b,g24p2_002,g24p2_002_minus,minus,strong_exclude_post,41.98587781352781
gemma3-12b,g24p2_002,g24p2_002_minus,minus,counterfactual_delete_post,36.88521541891552
gemma3-12b,g24p2_003,g24p2_003_plus,plus,base,66.25220428832597
gemma3-12b,g24p2_003,g24p2_003_plus,plus,admit_post,99.99904319431144
gemma3-12b,g24p2_003,g24p2_003_plus,plus,exclude_post,54.78504668205824
gemma3-12b,g24p2_003,g24p2_003_plus,plus,strong_exclude_post,55.509612373405574
gemma3-12b,g24p2_003,g24p2_003_plus,plus,counterfactual_delete_post,55.529053951906434
gemma3-12b,g24p2_003,g24p2_003_minus,minus,admit_post,88.96319199790385
gemma3-12b,g24p2_003,g24p2_003_minus,minus,exclude_post,55.45965665080457
gemma3-12b,g24p2_003,g24p2_003_minus,minus,strong_exclude_post,55.47612368205728
gemma3-12b,g24p2_003,g24p2_003_minus,minus,counterfactual_delete_post,55.55250075092193
gemma3-12b,g24p2_004,g24p2_004_plus,plus,base,66.68005377146127
gemma3-12b,g24p2_004,g24p2_004_plus,plus,admit_post,99.74469418545071
gemma3-12b,g24p2_004,g24p2_004_plus,plus,exclude_post,99.94194173897063
gemma3-12b,g24p2_004,g24p2_004_plus,plus,strong_exclude_post,55.532504765773844
gemma3-12b,g24p2_004,g24p2_004_plus,plus,counterfactual_delete_post,55.52853539701614
gemma3-12b,g24p2_004,g24p2_004_minus,minus,admit_post,88.89365556775019
gemma3-12b,g24p2_004,g24p2_004_minus,minus,exclude_post,55.53392397200679
gemma3-12b,g24p2_004,g24p2_004_minus,minus,strong_exclude_post,55.548815299133146
gemma3-12b,g24p2_004,g24p2_004_minus,minus,counterfactual_delete_post,55.598285079727276
gemma3-12b,g24p2_005,g24p2_005_plus,plus,base,25.209508117939677
gemma3-12b,g24p2_005,g24p2_005_plus,plus,admit_post,88.89886701489219
gemma3-12b,g24p2_005,g24p2_005_plus,plus,exclude_post,51.243706593530206
gemma3-12b,g24p2_005,g24p2_005_plus,plus,strong_exclude_post,66.57350474816187
gemma3-12b,g24p2_005,g24p2_005_plus,plus,counterfactual_delete_post,44.48104635524065
gemma3-12b,g24p2_005,g24p2_005_minus,minus,admit_post,22.153747192159145
gemma3-12b,g24p2_005,g24p2_005_minus,minus,exclude_post,50.58358252254581
gemma3-12b,g24p2_005,g24p2_005_minus,minus,strong_exclude_post,55.62543569442356
gemma3-12b,g24p2_005,g24p2_005_minus,minus,counterfactual_delete_post,55.42777108528339
gemma3-12b,g24p2_006,g24p2_006_plus,plus,base,66.66814017658311
gemma3-12b,g24p2_006,g24p2_006_plus,plus,admit_post,33.32934644580671
gemma3-12b,g24p2_006,g24p2_006_plus,plus,exclude_post,54.88095921392642
gemma3-12b,g24p2_006,g24p2_006_plus,plus,strong_exclude_post,66.6462968346154
gemma3-12b,g24p2_006,g24p2_006_plus,plus,counterfactual_delete_post,55.55342953325996
gemma3-12b,g24p2_006,g24p2_006_minus,minus,admit_post,22.10043827274471
gemma3-12b,g24p2_006,g24p2_006_minus,minus,exclude_post,55.407587377468126
gemma3-12b,g24p2_006,g24p2_006_minus,minus,strong_exclude_post,66.66052677000415
gemma3-12b,g24p2_006,g24p2_006_minus,minus,counterfactual_delete_post,55.536858400088164
gemma3-12b,g24p2_010,g24p2_010_plus,plus,base,57.00233402308699
gemma3-12b,g24p2_010,g24p2_010_plus,plus,admit_post,99.87786172928443
gemma3-12b,g24p2_010,g24p2_010_plus,plus,exclude_post,66.66400943373569
gemma3-12b,g24p2_010,g24p2_010_plus,plus,strong_exclude_post,55.2544470324802
gemma3-12b,g24p2_010,g24p2_010_plus,plus,counterfactual_delete_post,55.50709514498547
gemma3-12b,g24p2_010,g24p2_010_minus,minus,admit_post,88.8983633013242
gemma3-12b,g24p2_010,g24p2_010_minus,minus,exclude_post,56.69125206436421
gemma3-12b,g24p2_010,g24p2_010_minus,minus,strong_exclude_post,55.464907664436424
gemma3-12b,g24p2_010,g24p2_010_minus,minus,counterfactual_delete_post,55.412747282500035
gemma3-12b,g24p2_011,g24p2_011_plus,plus,base,88.96324021637056
gemma3-12b,g24p2_011,g24p2_011_plus,plus,admit_post,99.99202288518715
gemma3-12b,g24p2_011,g24p2_011_plus,plus,exclude_post,78.1797096837916
gemma3-12b,g24p2_011,g24p2_011_plus,plus,strong_exclude_post,89.21454971603235
gemma3-12b,g24p2_011,g24p2_011_plus,plus,counterfactual_delete_post,64.63993486360943
gemma3-12b,g24p2_011,g24p2_011_minus,minus,admit_post,77.26638294687832
gemma3-12b,g24p2_011,g24p2_011_minus,minus,exclude_post,67.47428987704531
gemma3-12b,g24p2_011,g24p2_011_minus,minus,strong_exclude_post,99.9646734043578
gemma3-12b,g24p2_011,g24p2_011_minus,minus,counterfactual_delete_post,55.79978672072422
gemma3-12b,g24p2_012,g24p2_012_plus,plus,base,0.0002570081119855559
gemma3-12b,g24p2_012,g24p2_012_plus,plus,admit_post,91.36332735204746
gemma3-12b,g24p2_012,g24p2_012_plus,plus,exclude_post,42.40189074802018
gemma3-12b,g24p2_012,g24p2_012_plus,plus,strong_exclude_post,17.349295621779984
gemma3-12b,g24p2_012,g24p2_012_plus,plus,counterfactual_delete_post,34.65479099215271
gemma3-12b,g24p2_012,g24p2_012_minus,minus,admit_post,34.35101441136356
gemma3-12b,g24p2_012,g24p2_012_minus,minus,exclude_post,55.465737750579095
gemma3-12b,g24p2_012,g24p2_012_minus,minus,strong_exclude_post,0.0008454591980848196
gemma3-12b,g24p2_012,g24p2_012_minus,minus,counterfactual_delete_post,23.27181176571117
gemma3-12b,g24p2_014,g24p2_014_plus,plus,base,99.99953327828229
gemma3-12b,g24p2_014,g24p2_014_plus,plus,admit_post,99.99987022596437
gemma3-12b,g24p2_014,g24p2_014_plus,plus,exclude_post,55.415065611965986
gemma3-12b,g24p2_014,g24p2_014_plus,plus,strong_exclude_post,55.555554616568294
gemma3-12b,g24p2_014,g24p2_014_plus,plus,counterfactual_delete_post,55.40968502193819
gemma3-12b,g24p2_014,g24p2_014_minus,minus,admit_post,0.0005115219506366043
gemma3-12b,g24p2_014,g24p2_014_minus,minus,exclude_post,0.04712654914411556
gemma3-12b,g24p2_014,g24p2_014_minus,minus,strong_exclude_post,55.53935622893647
gemma3-12b,g24p2_014,g24p2_014_minus,minus,counterfactual_delete_post,55.5390117526476
gemma3-12b,g24p2_015,g24p2_015_plus,plus,base,21.674827125724914
gemma3-12b,g24p2_015,g24p2_015_plus,plus,admit_post,99.99940328958189
gemma3-12b,g24p2_015,g24p2_015_plus,plus,exclude_post,55.516154037720185
gemma3-12b,g24p2_015,g24p2_015_plus,plus,strong_exclude_post,55.49280950137527
gemma3-12b,g24p2_015,g24p2_015_plus,plus,counterfactual_delete_post,55.538213997360174
gemma3-12b,g24p2_015,g24p2_015_minus,minus,admit_post,88.98414081381466
gemma3-12b,g24p2_015,g24p2_015_minus,minus,exclude_post,55.537748522363664
gemma3-12b,g24p2_015,g24p2_015_minus,minus,strong_exclude_post,55.53248980965684
gemma3-12b,g24p2_015,g24p2_015_minus,minus,counterfactual_delete_post,55.340311494344114
gemma3-12b,g24p2_016,g24p2_016_plus,plus,base,77.3630462982866
gemma3-12b,g24p2_016,g24p2_016_plus,plus,admit_post,85.90075647643313
gemma3-12b,g24p2_016,g24p2_016_plus,plus,exclude_post,77.9753444889071
gemma3-12b,g24p2_016,g24p2_016_plus,plus,strong_exclude_post,66.68914932971279
gemma3-12b,g24p2_016,g24p2_016_plus,plus,counterfactual_delete_post,55.49519964589872
gemma3-12b,g24p2_016,g24p2_016_minus,minus,admit_post,11.175354749559894
gemma3-12b,g24p2_016,g24p2_016_minus,minus,exclude_post,15.953976973597428
gemma3-12b,g24p2_016,g24p2_016_minus,minus,strong_exclude_post,55.48311122898113
gemma3-12b,g24p2_016,g24p2_016_minus,minus,counterfactual_delete_post,55.531841255241005
gemma3-12b,g24p2_017,g24p2_017_plus,plus,base,90.53382600640961
gemma3-12b,g24p2_017,g24p2_017_plus,plus,admit_post,99.98699349720059
gemma3-12b,g24p2_017,g24p2_017_plus,plus,exclude_post,55.504528217738866
gemma3-12b,g24p2_017,g24p2_017_plus,plus,strong_exclude_post,55.18054330901203
gemma3-12b,g24p2_017,g24p2_017_plus,plus,counterfactual_delete_post,55.524294032757666
gemma3-12b,g24p2_017,g24p2_017_minus,minus,admit_post,0.03558322169492027
gemma3-12b,g24p2_017,g24p2_017_minus,minus,exclude_post,0.0173157891334962
gemma3-12b,g24p2_017,g24p2_017_minus,minus,strong_exclude_post,55.524914372176035
gemma3-12b,g24p2_017,g24p2_017_minus,minus,counterfactual_delete_post,55.54616567078867
gemma3-12b,g24p2_018,g24p2_018_plus,plus,base,99.99974883874249
gemma3-12b,g24p2_018,g24p2_018_plus,plus,admit_post,99.99985504009514
gemma3-12b,g24p2_018,g24p2_018_plus,plus,exclude_post,99.99894678821317
gemma3-12b,g24p2_018,g24p2_018_plus,plus,strong_exclude_post,88.84753246320591
gemma3-12b,g24p2_018,g24p2_018_plus,plus,counterfactual_delete_post,55.58314726874744
gemma3-12b,g24p2_018,g24p2_018_minus,minus,admit_post,99.99797452644988
gemma3-12b,g24p2_018,g24p2_018_minus,minus,exclude_post,77.74720438782802
gemma3-12b,g24p2_018,g24p2_018_minus,minus,strong_exclude_post,87.83087445122149
gemma3-12b,g24p2_018,g24p2_018_minus,minus,counterfactual_delete_post,55.69721240723158
gemma3-12b,g24p2_019,g24p2_019_plus,plus,base,51.360559068231765
gemma3-12b,g24p2_019,g24p2_019_plus,plus,admit_post,88.87357599378235
gemma3-12b,g24p2_019,g24p2_019_plus,plus,exclude_post,55.52072263412853
gemma3-12b,g24p2_019,g24p2_019_plus,plus,strong_exclude_post,44.391576554005375
gemma3-12b,g24p2_019,g24p2_019_plus,plus,counterfactual_delete_post,45.45938338989858
gemma3-12b,g24p2_019,g24p2_019_minus,minus,admit_post,86.86198191521402
gemma3-12b,g24p2_019,g24p2_019_minus,minus,exclude_post,36.89171620380687
gemma3-12b,g24p2_019,g24p2_019_minus,minus,strong_exclude_post,30.34773140219511
gemma3-12b,g24p2_019,g24p2_019_minus,minus,counterfactual_delete_post,55.13399823971178
gemma3-12b,g24p2_020,g24p2_020_plus,plus,base,99.99901610839804
gemma3-12b,g24p2_020,g24p2_020_plus,plus,admit_post,95.13527156075489
gemma3-12b,g24p2_020,g24p2_020_plus,plus,exclude_post,54.78607001813088
gemma3-12b,g24p2_020,g24p2_020_plus,plus,strong_exclude_post,99.95444123151104
gemma3-12b,g24p2_020,g24p2_020_plus,plus,counterfactual_delete_post,55.49582861270494
gemma3-12b,g24p2_020,g24p2_020_minus,minus,admit_post,84.02397613632496
gemma3-12b,g24p2_020,g24p2_020_minus,minus,exclude_post,55.47958697086983
gemma3-12b,g24p2_020,g24p2_020_minus,minus,strong_exclude_post,0.008178712669306512
gemma3-12b,g24p2_020,g24p2_020_minus,minus,counterfactual_delete_post,55.29384927423675
gemma3-12b,g24p2_021,g24p2_021_plus,plus,base,54.53624498358195
gemma3-12b,g24p2_021,g24p2_021_plus,plus,admit_post,4.7794252859616055e-05
gemma3-12b,g24p2_021,g24p2_021_plus,plus,exclude_post,1.8343261465772905e-05
gemma3-12b,g24p2_021,g24p2_021_plus,plus,strong_exclude_post,55.47920759649727
gemma3-12b,g24p2_021,g24p2_021_plus,plus,counterfactual_delete_post,55.5371159211206
gemma3-12b,g24p2_021,g24p2_021_minus,minus,admit_post,3.6938317148654084e-05
gemma3-12b,g24p2_021,g24p2_021_minus,minus,exclude_post,2.4023610504026053e-05
gemma3-12b,g24p2_021,g24p2_021_minus,minus,strong_exclude_post,55.47864056571146
gemma3-12b,g24p2_021,g24p2_021_minus,minus,counterfactual_delete_post,55.53570407821681
gemma3-12b,g24p2_023,g24p2_023_plus,plus,base,93.75358843082618
gemma3-12b,g24p2_023,g24p2_023_plus,plus,admit_post,99.954775239534
gemma3-12b,g24p2_023,g24p2_023_plus,plus,exclude_post,99.98890955031032
gemma3-12b,g24p2_023,g24p2_023_plus,plus,strong_exclude_post,88.91622550211193
gemma3-12b,g24p2_023,g24p2_023_plus,plus,counterfactual_delete_post,66.6521394155564
gemma3-12b,g24p2_023,g24p2_023_minus,minus,admit_post,88.88529316941852
gemma3-12b,g24p2_023,g24p2_023_minus,minus,exclude_post,99.42964527911845
gemma3-12b,g24p2_023,g24p2_023_minus,minus,strong_exclude_post,88.91012874816708
gemma3-12b,g24p2_023,g24p2_023_minus,minus,counterfactual_delete_post,68.68955642854786
gemma3-12b,g24p2_024,g24p2_024_plus,plus,base,66.65851750854503
gemma3-12b,g24p2_024,g24p2_024_plus,plus,admit_post,89.08873069347817
gemma3-12b,g24p2_024,g24p2_024_plus,plus,exclude_post,97.96496700883674
gemma3-12b,g24p2_024,g24p2_024_plus,plus,strong_exclude_post,77.72456580486964
gemma3-12b,g24p2_024,g24p2_024_plus,plus,counterfactual_delete_post,55.54475035828395
gemma3-12b,g24p2_024,g24p2_024_minus,minus,admit_post,88.9163489069233
gemma3-12b,g24p2_024,g24p2_024_minus,minus,exclude_post,88.89891204563986
gemma3-12b,g24p2_024,g24p2_024_minus,minus,strong_exclude_post,86.42004244424137
gemma3-12b,g24p2_024,g24p2_024_minus,minus,counterfactual_delete_post,55.692013774680326
gemma3-12b,g24p2_026,g24p2_026_plus,plus,base,69.1394544465846
gemma3-12b,g24p2_026,g24p2_026_plus,plus,admit_post,99.99901195539742
gemma3-12b,g24p2_026,g24p2_026_plus,plus,exclude_post,55.52746922601364
gemma3-12b,g24p2_026,g24p2_026_plus,plus,strong_exclude_post,55.53516809499199
gemma3-12b,g24p2_026,g24p2_026_plus,plus,counterfactual_delete_post,55.54764648208279
gemma3-12b,g24p2_026,g24p2_026_minus,minus,admit_post,2.554095059479553e-05
gemma3-12b,g24p2_026,g24p2_026_minus,minus,exclude_post,1.5900733986164538e-05
gemma3-12b,g24p2_026,g24p2_026_minus,minus,strong_exclude_post,55.53878410003992
gemma3-12b,g24p2_026,g24p2_026_minus,minus,counterfactual_delete_post,55.54565239800749
gemma3-12b,g24p2_027,g24p2_027_plus,plus,base,99.99205663184767
gemma3-12b,g24p2_027,g24p2_027_plus,plus,admit_post,99.99981424800232
gemma3-12b,g24p2_027,g24p2_027_plus,plus,exclude_post,55.49765608130488
gemma3-12b,g24p2_027,g24p2_027_plus,plus,strong_exclude_post,55.5228535180412
gemma3-12b,g24p2_027,g24p2_027_plus,plus,counterfactual_delete_post,55.48954607294188
gemma3-12b,g24p2_027,g24p2_027_minus,minus,admit_post,15.814749851352211
gemma3-12b,g24p2_027,g24p2_027_minus,minus,exclude_post,22.002880850078824
gemma3-12b,g24p2_027,g24p2_027_minus,minus,strong_exclude_post,88.891909953051
gemma3-12b,g24p2_027,g24p2_027_minus,minus,counterfactual_delete_post,55.57179361295865
gemma3-12b,g24p2_028,g24p2_028_plus,plus,base,40.91088090509308
gemma3-12b,g24p2_028,g24p2_028_plus,plus,admit_post,0.003867833960558375
gemma3-12b,g24p2_028,g24p2_028_plus,plus,exclude_post,0.0003167392895194113
gemma3-12b,g24p2_028,g24p2_028_plus,plus,strong_exclude_post,54.24511442765053
gemma3-12b,g24p2_028,g24p2_028_plus,plus,counterfactual_delete_post,55.52084635470371
gemma3-12b,g24p2_028,g24p2_028_minus,minus,admit_post,10.289532912364274
gemma3-12b,g24p2_028,g24p2_028_minus,minus,exclude_post,0.00027855519477345224
gemma3-12b,g24p2_028,g24p2_028_minus,minus,strong_exclude_post,54.2452880890269
gemma3-12b,g24p2_028,g24p2_028_minus,minus,counterfactual_delete_post,55.53559312951977
gemma3-12b,g24p2_029,g24p2_029_plus,plus,base,99.96464055405896
gemma3-12b,g24p2_029,g24p2_029_plus,plus,admit_post,99.99904393998924
gemma3-12b,g24p2_029,g24p2_029_plus,plus,exclude_post,55.54437658037537
gemma3-12b,g24p2_029,g24p2_029_plus,plus,strong_exclude_post,58.01974108460235
gemma3-12b,g24p2_029,g24p2_029_plus,plus,counterfactual_delete_post,55.53764970353365
gemma3-12b,g24p2_029,g24p2_029_minus,minus,admit_post,89.08258295701707
gemma3-12b,g24p2_029,g24p2_029_minus,minus,exclude_post,55.46270498378458
gemma3-12b,g24p2_029,g24p2_029_minus,minus,strong_exclude_post,77.52614052688116
gemma3-12b,g24p2_029,g24p2_029_minus,minus,counterfactual_delete_post,55.25870554665013
gemma3-12b,g24p2_033,g24p2_033_plus,plus,base,55.539674667261615
gemma3-12b,g24p2_033,g24p2_033_plus,plus,admit_post,87.83097493219577
gemma3-12b,g24p2_033,g24p2_033_plus,plus,exclude_post,55.32923391071985
gemma3-12b,g24p2_033,g24p2_033_plus,plus,strong_exclude_post,55.4103764858568
gemma3-12b,g24p2_033,g24p2_033_plus,plus,counterfactual_delete_post,55.54641082231438
gemma3-12b,g24p2_033,g24p2_033_minus,minus,admit_post,6.920320622145426
gemma3-12b,g24p2_033,g24p2_033_minus,minus,exclude_post,55.6117668073876
gemma3-12b,g24p2_033,g24p2_033_minus,minus,strong_exclude_post,55.538243388307485
gemma3-12b,g24p2_033,g24p2_033_minus,minus,counterfactual_delete_post,55.55555447456196
gemma3-12b,g24p2_034,g24p2_034_plus,plus,base,66.69287830140692
gemma3-12b,g24p2_034,g24p2_034_plus,plus,admit_post,89.04514639195365
gemma3-12b,g24p2_034,g24p2_034_plus,plus,exclude_post,74.17867171206053
gemma3-12b,g24p2_034,g24p2_034_plus,plus,strong_exclude_post,77.77705795011508
gemma3-12b,g24p2_034,g24p2_034_plus,plus,counterfactual_delete_post,66.54581836549647
gemma3-12b,g24p2_034,g24p2_034_minus,minus,admit_post,88.89049033217543
gemma3-12b,g24p2_034,g24p2_034_minus,minus,exclude_post,77.80469048591807
gemma3-12b,g24p2_034,g24p2_034_minus,minus,strong_exclude_post,77.75256436768429
gemma3-12b,g24p2_034,g24p2_034_minus,minus,counterfactual_delete_post,66.25202823233653
gemma3-12b,g24p2_035,g24p2_035_plus,plus,base,0.021473089007435494
gemma3-12b,g24p2_035,g24p2_035_plus,plus,admit_post,90.76432037341476
gemma3-12b,g24p2_035,g24p2_035_plus,plus,exclude_post,0.0026062778210859793
gemma3-12b,g24p2_035,g24p2_035_plus,plus,strong_exclude_post,0.1566755752832357
gemma3-12b,g24p2_035,g24p2_035_plus,plus,counterfactual_delete_post,11.145532561604663
gemma3-12b,g24p2_035,g24p2_035_minus,minus,admit_post,78.95532234580868
gemma3-12b,g24p2_035,g24p2_035_minus,minus,exclude_post,7.868211261571775e-05
gemma3-12b,g24p2_035,g24p2_035_minus,minus,strong_exclude_post,5.561473635634251
gemma3-12b,g24p2_035,g24p2_035_minus,minus,counterfactual_delete_post,31.306319789201225
gemma3-12b,g24p2_036,g24p2_036_plus,plus,base,88.88949490287057
gemma3-12b,g24p2_036,g24p2_036_plus,plus,admit_post,89.0451340683915
gemma3-12b,g24p2_036,g24p2_036_plus,plus,exclude_post,55.53852833281784
gemma3-12b,g24p2_036,g24p2_036_plus,plus,strong_exclude_post,66.75908366236936
gemma3-12b,g24p2_036,g24p2_036_plus,plus,counterfactual_delete_post,55.873567936870245
gemma3-12b,g24p2_036,g24p2_036_minus,minus,admit_post,11.067533831114828
gemma3-12b,g24p2_036,g24p2_036_minus,minus,exclude_post,60.427022017690575
gemma3-12b,g24p2_036,g24p2_036_minus,minus,strong_exclude_post,78.03282152085815
gemma3-12b,g24p2_036,g24p2_036_minus,minus,counterfactual_delete_post,65.82465159524399
gemma3-12b,g24p2_037,g24p2_037_plus,plus,base,22.115623079942946
gemma3-12b,g24p2_037,g24p2_037_plus,plus,admit_post,88.92412361804877
gemma3-12b,g24p2_037,g24p2_037_plus,plus,exclude_post,88.73633121553534
gemma3-12b,g24p2_037,g24p2_037_plus,plus,strong_exclude_post,33.29490335207541
gemma3-12b,g24p2_037,g24p2_037_plus,plus,counterfactual_delete_post,55.537070639453546
gemma3-12b,g24p2_037,g24p2_037_minus,minus,admit_post,88.98418083182895
gemma3-12b,g24p2_037,g24p2_037_minus,minus,exclude_post,55.46870105570958
gemma3-12b,g24p2_037,g24p2_037_minus,minus,strong_exclude_post,16.05497800262979
gemma3-12b,g24p2_037,g24p2_037_minus,minus,counterfactual_delete_post,55.538987008088974
gemma3-12b,g24p2_038,g24p2_038_plus,plus,base,55.54752438745546
gemma3-12b,g24p2_038,g24p2_038_plus,plus,admit_post,99.98331981031453
gemma3-12b,g24p2_038,g24p2_038_plus,plus,exclude_post,98.93818672090678
gemma3-12b,g24p2_038,g24p2_038_plus,plus,strong_exclude_post,63.09998736319653
gemma3-12b,g24p2_038,g24p2_038_plus,plus,counterfactual_delete_post,54.475436007228595
gemma3-12b,g24p2_038,g24p2_038_minus,minus,admit_post,99.67430848569326
gemma3-12b,g24p2_038,g24p2_038_minus,minus,exclude_post,55.50785536364913
gemma3-12b,g24p2_038,g24p2_038_minus,minus,strong_exclude_post,66.67113415527042
gemma3-12b,g24p2_038,g24p2_038_minus,minus,counterfactual_delete_post,55.47267882461327
gemma3-12b,g24p2_039,g24p2_039_plus,plus,base,55.541825857310236
gemma3-12b,g24p2_039,g24p2_039_plus,plus,admit_post,99.99770335029835
gemma3-12b,g24p2_039,g24p2_039_plus,plus,exclude_post,99.99366386686876
gemma3-12b,g24p2_039,g24p2_039_plus,plus,strong_exclude_post,55.523165454421076
gemma3-12b,g24p2_039,g24p2_039_plus,plus,counterfactual_delete_post,55.55026031738461
gemma3-12b,g24p2_039,g24p2_039_minus,minus,admit_post,3.0055369761869245e-05
gemma3-12b,g24p2_039,g24p2_039_minus,minus,exclude_post,55.53403973819268
gemma3-12b,g24p2_039,g24p2_039_minus,minus,strong_exclude_post,55.50046243779294
gemma3-12b,g24p2_039,g24p2_039_minus,minus,counterfactual_delete_post,55.544188109175586
gemma3-12b,g24p2_040,g24p2_040_plus,plus,base,99.96469585786195
gemma3-12b,g24p2_040,g24p2_040_plus,plus,admit_post,88.47476330869225
gemma3-12b,g24p2_040,g24p2_040_plus,plus,exclude_post,99.9867936512561
gemma3-12b,g24p2_040,g24p2_040_plus,plus,strong_exclude_post,88.96280710817399
gemma3-12b,g24p2_040,g24p2_040_plus,plus,counterfactual_delete_post,59.75892943781404
gemma3-12b,g24p2_040,g24p2_040_minus,minus,admit_post,67.28944195047556
gemma3-12b,g24p2_040,g24p2_040_minus,minus,exclude_post,99.7350921602655
gemma3-12b,g24p2_040,g24p2_040_minus,minus,strong_exclude_post,99.87750059864511
gemma3-12b,g24p2_040,g24p2_040_minus,minus,counterfactual_delete_post,58.0330577783645
gemma3-12b,g24p2_041,g24p2_041_plus,plus,base,99.9960667067742
gemma3-12b,g24p2_041,g24p2_041_plus,plus,admit_post,99.99731616506851
gemma3-12b,g24p2_041,g24p2_041_plus,plus,exclude_post,0.005696303533618908
gemma3-12b,g24p2_041,g24p2_041_plus,plus,strong_exclude_post,55.5437613943823
gemma3-12b,g24p2_041,g24p2_041_plus,plus,counterfactual_delete_post,55.52446522085713
gemma3-12b,g24p2_041,g24p2_041_minus,minus,admit_post,0.0023460727193513903
gemma3-12b,g24p2_041,g24p2_041_minus,minus,exclude_post,2.637933568536807e-05
gemma3-12b,g24p2_041,g24p2_041_minus,minus,strong_exclude_post,55.2722533137287
gemma3-12b,g24p2_041,g24p2_041_minus,minus,counterfactual_delete_post,55.549239353111474
gemma3-12b,g24p2_043,g24p2_043_plus,plus,base,88.79367519356781
gemma3-12b,g24p2_043,g24p2_043_plus,plus,admit_post,99.99941190433259
gemma3-12b,g24p2_043,g24p2_043_plus,plus,exclude_post,55.544237156511606
gemma3-12b,g24p2_043,g24p2_043_plus,plus,strong_exclude_post,55.522410605500056
gemma3-12b,g24p2_043,g24p2_043_plus,plus,counterfactual_delete_post,55.54273109513119
gemma3-12b,g24p2_043,g24p2_043_minus,minus,admit_post,2.611795946054841e-05
gemma3-12b,g24p2_043,g24p2_043_minus,minus,exclude_post,55.50305203027232
gemma3-12b,g24p2_043,g24p2_043_minus,minus,strong_exclude_post,55.47735895264592
gemma3-12b,g24p2_043,g24p2_043_minus,minus,counterfactual_delete_post,55.54272258993144
gemma3-12b,g24p2_044,g24p2_044_plus,plus,base,88.88923031395757
gemma3-12b,g24p2_044,g24p2_044_plus,plus,admit_post,95.80509261312027
gemma3-12b,g24p2_044,g24p2_044_plus,plus,exclude_post,59.946967329788876
gemma3-12b,g24p2_044,g24p2_044_plus,plus,strong_exclude_post,77.80006326712423
gemma3-12b,g24p2_044,g24p2_044_plus,plus,counterfactual_delete_post,56.0783935414729
gemma3-12b,g24p2_044,g24p2_044_minus,minus,admit_post,11.755340656366208
gemma3-12b,g24p2_044,g24p2_044_minus,minus,exclude_post,52.21155363859227
gemma3-12b,g24p2_044,g24p2_044_minus,minus,strong_exclude_post,66.71974130107625
gemma3-12b,g24p2_044,g24p2_044_minus,minus,counterfactual_delete_post,55.523736305290214
gemma3-12b,g24p2_046,g24p2_046_plus,plus,base,33.39831605758573
gemma3-12b,g24p2_046,g24p2_046_plus,plus,admit_post,88.92410860290077
gemma3-12b,g24p2_046,g24p2_046_plus,plus,exclude_post,55.44018212431698
gemma3-12b,g24p2_046,g24p2_046_plus,plus,strong_exclude_post,55.06176278485102
gemma3-12b,g24p2_046,g24p2_046_plus,plus,counterfactual_delete_post,33.17946103588697
gemma3-12b,g24p2_046,g24p2_046_minus,minus,admit_post,78.61993250403572
gemma3-12b,g24p2_046,g24p2_046_minus,minus,exclude_post,0.25425468633265585
gemma3-12b,g24p2_046,g24p2_046_minus,minus,strong_exclude_post,53.8791511541683
gemma3-12b,g24p2_046,g24p2_046_minus,minus,counterfactual_delete_post,30.34553209719043
gemma3-12b,g24p2_047,g24p2_047_plus,plus,base,88.92405296085794
gemma3-12b,g24p2_047,g24p2_047_plus,plus,admit_post,99.99520501656588
gemma3-12b,g24p2_047,g24p2_047_plus,plus,exclude_post,99.99458143961486
gemma3-12b,g24p2_047,g24p2_047_plus,plus,strong_exclude_post,55.53525830916851
gemma3-12b,g24p2_047,g24p2_047_plus,plus,counterfactual_delete_post,55.52020686761732
gemma3-12b,g24p2_047,g24p2_047_minus,minus,admit_post,4.201102099038482
gemma3-12b,g24p2_047,g24p2_047_minus,minus,exclude_post,55.78953540890747
gemma3-12b,g24p2_047,g24p2_047_minus,minus,strong_exclude_post,55.51668159262648
gemma3-12b,g24p2_047,g24p2_047_minus,minus,counterfactual_delete_post,55.53328694216352
gemma3-12b,g24p2_048,g24p2_048_plus,plus,base,0.000240166586238046
gemma3-12b,g24p2_048,g24p2_048_plus,plus,admit_post,99.99982690865494
gemma3-12b,g24p2_048,g24p2_048_plus,plus,exclude_post,99.99932275906137
gemma3-12b,g24p2_048,g24p2_048_plus,plus,strong_exclude_post,55.26246888388111
gemma3-12b,g24p2_048,g24p2_048_plus,plus,counterfactual_delete_post,55.54121957842099
gemma3-12b,g24p2_048,g24p2_048_minus,minus,admit_post,5.3764660622319986e-05
gemma3-12b,g24p2_048,g24p2_048_minus,minus,exclude_post,1.238674426517978e-05
gemma3-12b,g24p2_048,g24p2_048_minus,minus,strong_exclude_post,55.47947547581364
gemma3-12b,g24p2_048,g24p2_048_minus,minus,counterfactual_delete_post,55.538231233873404
gemma3-12b,g24p2_049,g24p2_049_plus,plus,base,66.64584718689254
gemma3-12b,g24p2_049,g24p2_049_plus,plus,admit_post,93.08376805201202
gemma3-12b,g24p2_049,g24p2_049_plus,plus,exclude_post,55.37200679234718
gemma3-12b,g24p2_049,g24p2_049_plus,plus,strong_exclude_post,55.51172836357105
gemma3-12b,g24p2_049,g24p2_049_plus,plus,counterfactual_delete_post,66.6231309644796
gemma3-12b,g24p2_049,g24p2_049_minus,minus,admit_post,33.498536016607346
gemma3-12b,g24p2_049,g24p2_049_minus,minus,exclude_post,43.12312794352233
gemma3-12b,g24p2_049,g24p2_049_minus,minus,strong_exclude_post,60.95987152235289
gemma3-12b,g24p2_049,g24p2_049_minus,minus,counterfactual_delete_post,74.79018427487509
gemma3-12b,g24p2_051,g24p2_051_plus,plus,base,99.97848390046735
gemma3-12b,g24p2_051,g24p2_051_plus,plus,admit_post,99.99944352708852
gemma3-12b,g24p2_051,g24p2_051_plus,plus,exclude_post,99.98083480658119
gemma3-12b,g24p2_051,g24p2_051_plus,plus,strong_exclude_post,55.537735647890656
gemma3-12b,g24p2_051,g24p2_051_plus,plus,counterfactual_delete_post,55.54972232597198
gemma3-12b,g24p2_051,g24p2_051_minus,minus,admit_post,0.00013276791931098188
gemma3-12b,g24p2_051,g24p2_051_minus,minus,exclude_post,0.004153227062625854
gemma3-12b,g24p2_051,g24p2_051_minus,minus,strong_exclude_post,55.54006511382494
gemma3-12b,g24p2_051,g24p2_051_minus,minus,counterfactual_delete_post,55.5447932285002
gemma3-12b,g24p2_053,g24p2_053_plus,plus,base,60.417078472294115
gemma3-12b,g24p2_053,g24p2_053_plus,plus,admit_post,99.99521243047315
gemma3-12b,g24p2_053,g24p2_053_plus,plus,exclude_post,55.413438900765655
gemma3-12b,g24p2_053,g24p2_053_plus,plus,strong_exclude_post,55.54043166008493
gemma3-12b,g24p2_053,g24p2_053_plus,plus,counterfactual_delete_post,55.54197981251009
gemma3-12b,g24p2_053,g24p2_053_minus,minus,admit_post,21.57979106428826
gemma3-12b,g24p2_053,g24p2_053_minus,minus,exclude_post,33.63203050101948
gemma3-12b,g24p2_053,g24p2_053_minus,minus,strong_exclude_post,55.7092912122066
gemma3-12b,g24p2_053,g24p2_053_minus,minus,counterfactual_delete_post,55.52983813515776
gemma3-12b,g24p2_054,g24p2_054_plus,plus,base,79.80428265650718
gemma3-12b,g24p2_054,g24p2_054_plus,plus,admit_post,88.81020601036641
gemma3-12b,g24p2_054,g24p2_054_plus,plus,exclude_post,85.33191039416576
gemma3-12b,g24p2_054,g24p2_054_plus,plus,strong_exclude_post,55.545524416353416
gemma3-12b,g24p2_054,g24p2_054_plus,plus,counterfactual_delete_post,55.398007423589746
gemma3-12b,g24p2_054,g24p2_054_minus,minus,admit_post,0.5271174551549139
gemma3-12b,g24p2_054,g24p2_054_minus,minus,exclude_post,59.90812502743675
gemma3-12b,g24p2_054,g24p2_054_minus,minus,strong_exclude_post,55.55281465013791
gemma3-12b,g24p2_054,g24p2_054_minus,minus,counterfactual_delete_post,55.54195201480402
gemma3-12b,g24p2_055,g24p2_055_plus,plus,base,99.99830229621249
gemma3-12b,g24p2_055,g24p2_055_plus,plus,admit_post,99.99992452157983
gemma3-12b,g24p2_055,g24p2_055_plus,plus,exclude_post,99.99955260904795
gemma3-12b,g24p2_055,g24p2_055_plus,plus,strong_exclude_post,55.515094930255486
gemma3-12b,g24p2_055,g24p2_055_plus,plus,counterfactual_delete_post,55.5460847942295
gemma3-12b,g24p2_055,g24p2_055_minus,minus,admit_post,0.0010998651439072995
gemma3-12b,g24p2_055,g24p2_055_minus,minus,exclude_post,0.00040441292431338054
gemma3-12b,g24p2_055,g24p2_055_minus,minus,strong_exclude_post,55.50351537469221
gemma3-12b,g24p2_055,g24p2_055_minus,minus,counterfactual_delete_post,55.544891208522635
gemma3-12b,g24p2_057,g24p2_057_plus,plus,base,97.97304415143032
gemma3-12b,g24p2_057,g24p2_057_plus,plus,admit_post,99.6743059622341
gemma3-12b,g24p2_057,g24p2_057_plus,plus,exclude_post,89.14335978377756
gemma3-12b,g24p2_057,g24p2_057_plus,plus,strong_exclude_post,55.43153600185187
gemma3-12b,g24p2_057,g24p2_057_plus,plus,counterfactual_delete_post,55.510641819537895
gemma3-12b,g24p2_057,g24p2_057_minus,minus,admit_post,36.30754020416378
gemma3-12b,g24p2_057,g24p2_057_minus,minus,exclude_post,55.169907476124905
gemma3-12b,g24p2_057,g24p2_057_minus,minus,strong_exclude_post,55.43234092964705
gemma3-12b,g24p2_057,g24p2_057_minus,minus,counterfactual_delete_post,55.43277838804376
gemma3-12b,g24p2_058,g24p2_058_plus,plus,base,73.58285122711507
gemma3-12b,g24p2_058,g24p2_058_plus,plus,admit_post,99.87786252183213
gemma3-12b,g24p2_058,g24p2_058_plus,plus,exclude_post,88.82876159054575
gemma3-12b,g24p2_058,g24p2_058_plus,plus,strong_exclude_post,54.93642090834466
gemma3-12b,g24p2_058,g24p2_058_plus,plus,counterfactual_delete_post,55.13344210027348
gemma3-12b,g24p2_058,g24p2_058_minus,minus,admit_post,77.7767324002998
gemma3-12b,g24p2_058,g24p2_058_minus,minus,exclude_post,0.0334510857787526
gemma3-12b,g24p2_058,g24p2_058_minus,minus,strong_exclude_post,48.62456318643199
gemma3-12b,g24p2_058,g24p2_058_minus,minus,counterfactual_delete_post,55.377661296965584
gemma3-12b,g24p2_059,g24p2_059_plus,plus,base,61.7909691294421
gemma3-12b,g24p2_059,g24p2_059_plus,plus,admit_post,88.89650394044591
gemma3-12b,g24p2_059,g24p2_059_plus,plus,exclude_post,50.82188711842089
gemma3-12b,g24p2_059,g24p2_059_plus,plus,strong_exclude_post,46.11285728990442
gemma3-12b,g24p2_059,g24p2_059_plus,plus,counterfactual_delete_post,54.75488247743333
gemma3-12b,g24p2_059,g24p2_059_minus,minus,admit_post,22.234030766668702
gemma3-12b,g24p2_059,g24p2_059_minus,minus,exclude_post,55.476525817578164
gemma3-12b,g24p2_059,g24p2_059_minus,minus,strong_exclude_post,55.50073614580361
gemma3-12b,g24p2_059,g24p2_059_minus,minus,counterfactual_delete_post,47.08379261779227
gemma3-12b,g24p2_060,g24p2_060_plus,plus,base,88.86157786527481
gemma3-12b,g24p2_060,g24p2_060_plus,plus,admit_post,99.9986256032372
gemma3-12b,g24p2_060,g24p2_060_plus,plus,exclude_post,99.99841303765237
gemma3-12b,g24p2_060,g24p2_060_plus,plus,strong_exclude_post,55.53785599451882
gemma3-12b,g24p2_060,g24p2_060_plus,plus,counterfactual_delete_post,55.534996230567124
gemma3-12b,g24p2_060,g24p2_060_minus,minus,admit_post,99.99384922658618
gemma3-12b,g24p2_060,g24p2_060_minus,minus,exclude_post,0.02701146257337117
gemma3-12b,g24p2_060,g24p2_060_minus,minus,strong_exclude_post,55.518519631853614
gemma3-12b,g24p2_060,g24p2_060_minus,minus,counterfactual_delete_post,55.53760346603269
gemma3-12b,g24p2_062,g24p2_062_plus,plus,base,99.97825992482612
gemma3-12b,g24p2_062,g24p2_062_plus,plus,admit_post,89.71881044513685
gemma3-12b,g24p2_062,g24p2_062_plus,plus,exclude_post,96.98710675710441
gemma3-12b,g24p2_062,g24p2_062_plus,plus,strong_exclude_post,99.9644806194024
gemma3-12b,g24p2_062,g24p2_062_plus,plus,counterfactual_delete_post,60.41492891084278
gemma3-12b,g24p2_062,g24p2_062_minus,minus,admit_post,55.39311655009448
gemma3-12b,g24p2_062,g24p2_062_minus,minus,exclude_post,68.9530035217091
gemma3-12b,g24p2_062,g24p2_062_minus,minus,strong_exclude_post,89.14417292612328
gemma3-12b,g24p2_062,g24p2_062_minus,minus,counterfactual_delete_post,77.75963748021482
gemma3-12b,g24p2_064,g24p2_064_plus,plus,base,99.98306102439034
gemma3-12b,g24p2_064,g24p2_064_plus,plus,admit_post,99.9910265868136
gemma3-12b,g24p2_064,g24p2_064_plus,plus,exclude_post,99.94164413542411
gemma3-12b,g24p2_064,g24p2_064_plus,plus,strong_exclude_post,99.98693694078487
gemma3-12b,g24p2_064,g24p2_064_plus,plus,counterfactual_delete_post,53.76416049163542
gemma3-12b,g24p2_064,g24p2_064_minus,minus,admit_post,91.36331807702368
gemma3-12b,g24p2_064,g24p2_064_minus,minus,exclude_post,94.43464733259553
gemma3-12b,g24p2_064,g24p2_064_minus,minus,strong_exclude_post,46.15337341081667
gemma3-12b,g24p2_064,g24p2_064_minus,minus,counterfactual_delete_post,55.55034318608413
gemma3-12b,g24p2_065,g24p2_065_plus,plus,base,83.33332801177352
gemma3-12b,g24p2_065,g24p2_065_plus,plus,admit_post,90.91583671050272
gemma3-12b,g24p2_065,g24p2_065_plus,plus,exclude_post,61.897516708644304
gemma3-12b,g24p2_065,g24p2_065_plus,plus,strong_exclude_post,55.45885192707947
gemma3-12b,g24p2_065,g24p2_065_plus,plus,counterfactual_delete_post,55.50010884635262
gemma3-12b,g24p2_065,g24p2_065_minus,minus,admit_post,33.58098036101504
gemma3-12b,g24p2_065,g24p2_065_minus,minus,exclude_post,55.51184585800679
gemma3-12b,g24p2_065,g24p2_065_minus,minus,strong_exclude_post,66.61461272491516
gemma3-12b,g24p2_065,g24p2_065_minus,minus,counterfactual_delete_post,55.57399532267438
gemma3-12b,g24p2_066,g24p2_066_plus,plus,base,66.34143064293903
gemma3-12b,g24p2_066,g24p2_066_plus,plus,admit_post,88.89418176844215
gemma3-12b,g24p2_066,g24p2_066_plus,plus,exclude_post,55.53764874426143
gemma3-12b,g24p2_066,g24p2_066_plus,plus,strong_exclude_post,66.00172563491803
gemma3-12b,g24p2_066,g24p2_066_plus,plus,counterfactual_delete_post,55.52534530177969
gemma3-12b,g24p2_066,g24p2_066_minus,minus,admit_post,88.87772354605488
gemma3-12b,g24p2_066,g24p2_066_minus,minus,exclude_post,55.415761287917924
gemma3-12b,g24p2_066,g24p2_066_minus,minus,strong_exclude_post,66.78804516340986
gemma3-12b,g24p2_066,g24p2_066_minus,minus,counterfactual_delete_post,55.508309677753374
gemma3-12b,g24p2_067,g24p2_067_plus,plus,base,0.0005164542382801074
gemma3-12b,g24p2_067,g24p2_067_plus,plus,admit_post,99.99970972683406
gemma3-12b,g24p2_067,g24p2_067_plus,plus,exclude_post,15.031072192684478
gemma3-12b,g24p2_067,g24p2_067_plus,plus,strong_exclude_post,55.41639935259934
gemma3-12b,g24p2_067,g24p2_067_plus,plus,counterfactual_delete_post,55.50996765157206
gemma3-12b,g24p2_067,g24p2_067_minus,minus,admit_post,2.2307898472070474e-05
gemma3-12b,g24p2_067,g24p2_067_minus,minus,exclude_post,2.5714390464251957e-05
gemma3-12b,g24p2_067,g24p2_067_minus,minus,strong_exclude_post,55.13558191752801
gemma3-12b,g24p2_067,g24p2_067_minus,minus,counterfactual_delete_post,55.52389772904405
gemma3-12b,g24p2_068,g24p2_068_plus,plus,base,0.6688105682653501
gemma3-12b,g24p2_068,g24p2_068_plus,plus,admit_post,23.863684839686968
gemma3-12b,g24p2_068,g24p2_068_plus,plus,exclude_post,0.00010770107000232644
gemma3-12b,g24p2_068,g24p2_068_plus,plus,strong_exclude_post,0.007915757049647231
gemma3-12b,g24p2_068,g24p2_068_plus,plus,counterfactual_delete_post,11.490654537319053
gemma3-12b,g24p2_068,g24p2_068_minus,minus,admit_post,28.46474268357539
gemma3-12b,g24p2_068,g24p2_068_minus,minus,exclude_post,4.270857098853578
gemma3-12b,g24p2_068,g24p2_068_minus,minus,strong_exclude_post,0.006172537166621858
gemma3-12b,g24p2_068,g24p2_068_minus,minus,counterfactual_delete_post,21.804598255152083
gemma3-12b,g24p2_069,g24p2_069_plus,plus,base,0.00010065652640817915
gemma3-12b,g24p2_069,g24p2_069_plus,plus,admit_post,99.9996973390522
gemma3-12b,g24p2_069,g24p2_069_plus,plus,exclude_post,3.449860836375691
gemma3-12b,g24p2_069,g24p2_069_plus,plus,strong_exclude_post,55.54382446994467
gemma3-12b,g24p2_069,g24p2_069_plus,plus,counterfactual_delete_post,55.26418735936919
gemma3-12b,g24p2_069,g24p2_069_minus,minus,admit_post,3.694315738309331e-05
gemma3-12b,g24p2_069,g24p2_069_minus,minus,exclude_post,0.014880202753869143
gemma3-12b,g24p2_069,g24p2_069_minus,minus,strong_exclude_post,55.48265932590957
gemma3-12b,g24p2_069,g24p2_069_minus,minus,counterfactual_delete_post,55.54318587717022
gemma3-12b,g24p2_070,g24p2_070_plus,plus,base,99.99935518256842
gemma3-12b,g24p2_070,g24p2_070_plus,plus,admit_post,99.99987194762821
gemma3-12b,g24p2_070,g24p2_070_plus,plus,exclude_post,99.99756925507215
gemma3-12b,g24p2_070,g24p2_070_plus,plus,strong_exclude_post,99.67428563438312
gemma3-12b,g24p2_070,g24p2_070_plus,plus,counterfactual_delete_post,55.50534551736541
gemma3-12b,g24p2_070,g24p2_070_minus,minus,admit_post,99.9991942248612
gemma3-12b,g24p2_070,g24p2_070_minus,minus,exclude_post,78.6098533091614
gemma3-12b,g24p2_070,g24p2_070_minus,minus,strong_exclude_post,99.97247305382795
gemma3-12b,g24p2_070,g24p2_070_minus,minus,counterfactual_delete_post,55.44187832409586
gemma3-12b,g24p2_071,g24p2_071_plus,plus,base,68.3113302716244
gemma3-12b,g24p2_071,g24p2_071_plus,plus,admit_post,98.94056053675601
gemma3-12b,g24p2_071,g24p2_071_plus,plus,exclude_post,55.53161718610493
gemma3-12b,g24p2_071,g24p2_071_plus,plus,strong_exclude_post,66.52481945847566
gemma3-12b,g24p2_071,g24p2_071_plus,plus,counterfactual_delete_post,55.52644051981806
gemma3-12b,g24p2_071,g24p2_071_minus,minus,admit_post,88.89030946944547
gemma3-12b,g24p2_071,g24p2_071_minus,minus,exclude_post,88.68916068000873
gemma3-12b,g24p2_071,g24p2_071_minus,minus,strong_exclude_post,84.69385846933397
gemma3-12b,g24p2_071,g24p2_071_minus,minus,counterfactual_delete_post,55.657281355977496
gemma3-12b,g24p2_072,g24p2_072_plus,plus,base,78.1031140445627
gemma3-12b,g24p2_072,g24p2_072_plus,plus,admit_post,99.95477562096926
gemma3-12b,g24p2_072,g24p2_072_plus,plus,exclude_post,97.0116939690482
gemma3-12b,g24p2_072,g24p2_072_plus,plus,strong_exclude_post,55.54607412742891
gemma3-12b,g24p2_072,g24p2_072_plus,plus,counterfactual_delete_post,54.984034396236936
gemma3-12b,g24p2_072,g24p2_072_minus,minus,admit_post,98.67551965917494
gemma3-12b,g24p2_072,g24p2_072_minus,minus,exclude_post,55.54085171654682
gemma3-12b,g24p2_072,g24p2_072_minus,minus,strong_exclude_post,55.48568064286244
gemma3-12b,g24p2_072,g24p2_072_minus,minus,counterfactual_delete_post,55.50270617380854
gemma3-12b,g24p2_073,g24p2_073_plus,plus,base,0.0005173516842226956
gemma3-12b,g24p2_073,g24p2_073_plus,plus,admit_post,88.89293634837117
gemma3-12b,g24p2_073,g24p2_073_plus,plus,exclude_post,38.667934047030464
gemma3-12b,g24p2_073,g24p2_073_plus,plus,strong_exclude_post,0.0006711900113508715
gemma3-12b,g24p2_073,g24p2_073_plus,plus,counterfactual_delete_post,55.59857601666029
gemma3-12b,g24p2_073,g24p2_073_minus,minus,admit_post,88.89230060528449
gemma3-12b,g24p2_073,g24p2_073_minus,minus,exclude_post,6.72457928193245
gemma3-12b,g24p2_073,g24p2_073_minus,minus,strong_exclude_post,0.00024447257601568434
gemma3-12b,g24p2_073,g24p2_073_minus,minus,counterfactual_delete_post,66.27670935227293
gemma3-12b,g24p2_074,g24p2_074_plus,plus,base,55.41614830018736
gemma3-12b,g24p2_074,g24p2_074_plus,plus,admit_post,99.96473982800516
gemma3-12b,g24p2_074,g24p2_074_plus,plus,exclude_post,55.264945485990836
gemma3-12b,g24p2_074,g24p2_074_plus,plus,strong_exclude_post,55.180548240965194
gemma3-12b,g24p2_074,g24p2_074_plus,plus,counterfactual_delete_post,55.526694897606816
gemma3-12b,g24p2_074,g24p2_074_minus,minus,admit_post,32.854917443602176
gemma3-12b,g24p2_074,g24p2_074_minus,minus,exclude_post,0.002919005398699555
gemma3-12b,g24p2_074,g24p2_074_minus,minus,strong_exclude_post,55.43608808275648
gemma3-12b,g24p2_074,g24p2_074_minus,minus,counterfactual_delete_post,55.513187964291205
gemma3-12b,g24p2_075,g24p2_075_plus,plus,base,88.89050128157082
gemma3-12b,g24p2_075,g24p2_075_plus,plus,admit_post,99.99385575049332
gemma3-12b,g24p2_075,g24p2_075_plus,plus,exclude_post,99.74453052449687
gemma3-12b,g24p2_075,g24p2_075_plus,plus,strong_exclude_post,63.675408024070066
gemma3-12b,g24p2_075,g24p2_075_plus,plus,counterfactual_delete_post,55.55555476569842
gemma3-12b,g24p2_075,g24p2_075_minus,minus,admit_post,10.393272557297953
gemma3-12b,g24p2_075,g24p2_075_minus,minus,exclude_post,0.14125681012089192
gemma3-12b,g24p2_075,g24p2_075_minus,minus,strong_exclude_post,55.53068196000097
gemma3-12b,g24p2_075,g24p2_075_minus,minus,counterfactual_delete_post,55.48528652624415
gemma3-12b,g24p2_076,g24p2_076_plus,plus,base,77.7508711617075
gemma3-12b,g24p2_076,g24p2_076_plus,plus,admit_post,99.99979126376428
gemma3-12b,g24p2_076,g24p2_076_plus,plus,exclude_post,99.99905922504743
gemma3-12b,g24p2_076,g24p2_076_plus,plus,strong_exclude_post,55.53443818937178
gemma3-12b,g24p2_076,g24p2_076_plus,plus,counterfactual_delete_post,55.747462389010856
gemma3-12b,g24p2_076,g24p2_076_minus,minus,admit_post,99.98985730373192
gemma3-12b,g24p2_076,g24p2_076_minus,minus,exclude_post,0.0014693450998555155
gemma3-12b,g24p2_076,g24p2_076_minus,minus,strong_exclude_post,55.450915723376596
gemma3-12b,g24p2_076,g24p2_076_minus,minus,counterfactual_delete_post,55.50680204350613
gemma3-12b,g24p2_077,g24p2_077_plus,plus,base,66.66666674337694
gemma3-12b,g24p2_077,g24p2_077_plus,plus,admit_post,88.93396745768626
gemma3-12b,g24p2_077,g24p2_077_plus,plus,exclude_post,88.05845982528824
gemma3-12b,g24p2_077,g24p2_077_plus,plus,strong_exclude_post,55.55948142581573
gemma3-12b,g24p2_077,g24p2_077_plus,plus,counterfactual_delete_post,63.103131104973244
gemma3-12b,g24p2_077,g24p2_077_minus,minus,admit_post,0.09591984465048593
gemma3-12b,g24p2_077,g24p2_077_minus,minus,exclude_post,0.04020938055345188
gemma3-12b,g24p2_077,g24p2_077_minus,minus,strong_exclude_post,55.558134884192015
gemma3-12b,g24p2_077,g24p2_077_minus,minus,counterfactual_delete_post,55.5466296137603
gemma3-12b,g24p2_079,g24p2_079_plus,plus,base,88.89897912155932
gemma3-12b,g24p2_079,g24p2_079_plus,plus,admit_post,99.3316219607951
gemma3-12b,g24p2_079,g24p2_079_plus,plus,exclude_post,98.93820013591362
gemma3-12b,g24p2_079,g24p2_079_plus,plus,strong_exclude_post,66.82826553405165
gemma3-12b,g24p2_079,g24p2_079_plus,plus,counterfactual_delete_post,55.57739644590861
gemma3-12b,g24p2_079,g24p2_079_minus,minus,admit_post,0.0003626219650873579
gemma3-12b,g24p2_079,g24p2_079_minus,minus,exclude_post,0.0003173218236354335
gemma3-12b,g24p2_079,g24p2_079_minus,minus,strong_exclude_post,55.51409023384226
gemma3-12b,g24p2_079,g24p2_079_minus,minus,counterfactual_delete_post,55.545358063334504
gemma3-12b,g24p2_081,g24p2_081_plus,plus,base,94.44443870952804
gemma3-12b,g24p2_081,g24p2_081_plus,plus,admit_post,99.99738603710024
gemma3-12b,g24p2_081,g24p2_081_plus,plus,exclude_post,89.28109055279474
gemma3-12b,g24p2_081,g24p2_081_plus,plus,strong_exclude_post,55.50332707532605
gemma3-12b,g24p2_081,g24p2_081_plus,plus,counterfactual_delete_post,55.50036157437819
gemma3-12b,g24p2_081,g24p2_081_minus,minus,admit_post,2.113363777787907
gemma3-12b,g24p2_081,g24p2_081_minus,minus,exclude_post,1.434054800575037
gemma3-12b,g24p2_081,g24p2_081_minus,minus,strong_exclude_post,55.5281731258892
gemma3-12b,g24p2_081,g24p2_081_minus,minus,counterfactual_delete_post,55.481357521098175
gemma3-12b,g24p2_082,g24p2_082_plus,plus,base,63.67332307095496
gemma3-12b,g24p2_082,g24p2_082_plus,plus,admit_post,88.8949942003503
gemma3-12b,g24p2_082,g24p2_082_plus,plus,exclude_post,77.7696478766774
gemma3-12b,g24p2_082,g24p2_082_plus,plus,strong_exclude_post,38.19413122680915
gemma3-12b,g24p2_082,g24p2_082_plus,plus,counterfactual_delete_post,54.48502088039427
gemma3-12b,g24p2_082,g24p2_082_minus,minus,admit_post,87.82952381338093
gemma3-12b,g24p2_082,g24p2_082_minus,minus,exclude_post,43.646020131952106
gemma3-12b,g24p2_082,g24p2_082_minus,minus,strong_exclude_post,44.78573009238533
gemma3-12b,g24p2_082,g24p2_082_minus,minus,counterfactual_delete_post,55.859879440094296
gemma3-12b,g24p2_083,g24p2_083_plus,plus,base,55.54983299291427
gemma3-12b,g24p2_083,g24p2_083_plus,plus,admit_post,99.98699250922571
gemma3-12b,g24p2_083,g24p2_083_plus,plus,exclude_post,55.51020350721096
gemma3-12b,g24p2_083,g24p2_083_plus,plus,strong_exclude_post,55.49488669031358
gemma3-12b,g24p2_083,g24p2_083_plus,plus,counterfactual_delete_post,55.54145197317459
gemma3-12b,g24p2_083,g24p2_083_minus,minus,admit_post,98.35502484575456
gemma3-12b,g24p2_083,g24p2_083_minus,minus,exclude_post,0.0012405396607074086
gemma3-12b,g24p2_083,g24p2_083_minus,minus,strong_exclude_post,55.50872322497685
gemma3-12b,g24p2_083,g24p2_083_minus,minus,counterfactual_delete_post,55.534884968898545
gemma3-12b,g24p2_084,g24p2_084_plus,plus,base,9.662161830846006
gemma3-12b,g24p2_084,g24p2_084_plus,plus,admit_post,89.94828524388133
gemma3-12b,g24p2_084,g24p2_084_plus,plus,exclude_post,67.48181334934728
gemma3-12b,g24p2_084,g24p2_084_plus,plus,strong_exclude_post,55.52286075387852
gemma3-12b,g24p2_084,g24p2_084_plus,plus,counterfactual_delete_post,55.57584558817151
gemma3-12b,g24p2_084,g24p2_084_minus,minus,admit_post,11.093362717839339
gemma3-12b,g24p2_084,g24p2_084_minus,minus,exclude_post,55.53199018409846
gemma3-12b,g24p2_084,g24p2_084_minus,minus,strong_exclude_post,55.53713661659579
gemma3-12b,g24p2_084,g24p2_084_minus,minus,counterfactual_delete_post,54.75343552560573
gemma3-12b,g24p2_085,g24p2_085_plus,plus,base,55.55040397805775
gemma3-12b,g24p2_085,g24p2_085_plus,plus,admit_post,99.47297168465835
gemma3-12b,g24p2_085,g24p2_085_plus,plus,exclude_post,55.52899601875808
gemma3-12b,g24p2_085,g24p2_085_plus,plus,strong_exclude_post,55.52376865247738
gemma3-12b,g24p2_085,g24p2_085_plus,plus,counterfactual_delete_post,34.37167051509632
gemma3-12b,g24p2_085,g24p2_085_minus,minus,admit_post,88.88368490211809
gemma3-12b,g24p2_085,g24p2_085_minus,minus,exclude_post,55.5093700219838
gemma3-12b,g24p2_085,g24p2_085_minus,minus,strong_exclude_post,55.43789230396106
gemma3-12b,g24p2_085,g24p2_085_minus,minus,counterfactual_delete_post,34.37362499908298
gemma3-12b,g24p2_087,g24p2_087_plus,plus,base,88.88127259868416
gemma3-12b,g24p2_087,g24p2_087_plus,plus,admit_post,78.10317281044915
gemma3-12b,g24p2_087,g24p2_087_plus,plus,exclude_post,83.31840677814776
gemma3-12b,g24p2_087,g24p2_087_plus,plus,strong_exclude_post,77.74552852749349
gemma3-12b,g24p2_087,g24p2_087_plus,plus,counterfactual_delete_post,55.57004199486677
gemma3-12b,g24p2_087,g24p2_087_minus,minus,admit_post,99.99799414323526
gemma3-12b,g24p2_087,g24p2_087_minus,minus,exclude_post,0.0023057675610141225
gemma3-12b,g24p2_087,g24p2_087_minus,minus,strong_exclude_post,55.545730474920795
gemma3-12b,g24p2_087,g24p2_087_minus,minus,counterfactual_delete_post,77.70882930793603
gemma3-12b,g24p2_088,g24p2_088_plus,plus,base,55.35654946188976
gemma3-12b,g24p2_088,g24p2_088_plus,plus,admit_post,97.51891214444983
gemma3-12b,g24p2_088,g24p2_088_plus,plus,exclude_post,95.06966107163548
gemma3-12b,g24p2_088,g24p2_088_plus,plus,strong_exclude_post,54.628514318133114
gemma3-12b,g24p2_088,g24p2_088_plus,plus,counterfactual_delete_post,55.530699776996336
gemma3-12b,g24p2_088,g24p2_088_minus,minus,admit_post,0.0016149003362825574
gemma3-12b,g24p2_088,g24p2_088_minus,minus,exclude_post,55.48671652102778
gemma3-12b,g24p2_088,g24p2_088_minus,minus,strong_exclude_post,55.49613744366164
gemma3-12b,g24p2_088,g24p2_088_minus,minus,counterfactual_delete_post,55.53995878664247
gemma3-12b,g24p2_089,g24p2_089_plus,plus,base,77.7243681060196
gemma3-12b,g24p2_089,g24p2_089_plus,plus,admit_post,88.96324552147627
gemma3-12b,g24p2_089,g24p2_089_plus,plus,exclude_post,89.55630364582922
gemma3-12b,g24p2_089,g24p2_089_plus,plus,strong_exclude_post,48.60302975161735
gemma3-12b,g24p2_089,g24p2_089_plus,plus,counterfactual_delete_post,55.502547523699846
gemma3-12b,g24p2_089,g24p2_089_minus,minus,admit_post,88.88981688900259
gemma3-12b,g24p2_089,g24p2_089_minus,minus,exclude_post,78.09742374637311
gemma3-12b,g24p2_089,g24p2_089_minus,minus,strong_exclude_post,51.18812879941291
gemma3-12b,g24p2_089,g24p2_089_minus,minus,counterfactual_delete_post,55.03070223846246
gemma3-12b,g24p2_091,g24p2_091_plus,plus,base,99.9046550518355
gemma3-12b,g24p2_091,g24p2_091_plus,plus,admit_post,97.97304479290143
gemma3-12b,g24p2_091,g24p2_091_plus,plus,exclude_post,55.44672428186599
gemma3-12b,g24p2_091,g24p2_091_plus,plus,strong_exclude_post,89.55606995847003
gemma3-12b,g24p2_091,g24p2_091_plus,plus,counterfactual_delete_post,57.55938628225695
gemma3-12b,g24p2_091,g24p2_091_minus,minus,admit_post,77.36382336726436
gemma3-12b,g24p2_091,g24p2_091_minus,minus,exclude_post,50.4255977565881
gemma3-12b,g24p2_091,g24p2_091_minus,minus,strong_exclude_post,46.731351761616594
gemma3-12b,g24p2_091,g24p2_091_minus,minus,counterfactual_delete_post,53.04939107543465
gemma3-12b,g24p2_092,g24p2_092_plus,plus,base,0.033030640879751334
gemma3-12b,g24p2_092,g24p2_092_plus,plus,admit_post,90.53382493814598
gemma3-12b,g24p2_092,g24p2_092_plus,plus,exclude_post,52.85000537506461
gemma3-12b,g24p2_092,g24p2_092_plus,plus,strong_exclude_post,0.0023623229643130756
gemma3-12b,g24p2_092,g24p2_092_plus,plus,counterfactual_delete_post,39.61077699973751
gemma3-12b,g24p2_092,g24p2_092_minus,minus,admit_post,22.38743817726276
gemma3-12b,g24p2_092,g24p2_092_minus,minus,exclude_post,0.050451841681448645
gemma3-12b,g24p2_092,g24p2_092_minus,minus,strong_exclude_post,22.327224869662338
gemma3-12b,g24p2_092,g24p2_092_minus,minus,counterfactual_delete_post,22.261319048085383
gemma3-12b,g24p2_093,g24p2_093_plus,plus,base,90.91578387957323
gemma3-12b,g24p2_093,g24p2_093_plus,plus,admit_post,0.044119178108842944
gemma3-12b,g24p2_093,g24p2_093_plus,plus,exclude_post,88.34120579535141
gemma3-12b,g24p2_093,g24p2_093_plus,plus,strong_exclude_post,88.6347018534135
gemma3-12b,g24p2_093,g24p2_093_plus,plus,counterfactual_delete_post,55.54195618493089
gemma3-12b,g24p2_093,g24p2_093_minus,minus,admit_post,0.3272942723347925
gemma3-12b,g24p2_093,g24p2_093_minus,minus,exclude_post,72.60182878721197
gemma3-12b,g24p2_093,g24p2_093_minus,minus,strong_exclude_post,66.91195745161303
gemma3-12b,g24p2_093,g24p2_093_minus,minus,counterfactual_delete_post,55.524749971450255
gemma3-12b,g24p2_094,g24p2_094_plus,plus,base,99.99904128344647
gemma3-12b,g24p2_094,g24p2_094_plus,plus,admit_post,99.98700079532685
gemma3-12b,g24p2_094,g24p2_094_plus,plus,exclude_post,99.99710585735208
gemma3-12b,g24p2_094,g24p2_094_plus,plus,strong_exclude_post,88.92395301546033
gemma3-12b,g24p2_094,g24p2_094_plus,plus,counterfactual_delete_post,55.54341910611991
gemma3-12b,g24p2_094,g24p2_094_minus,minus,admit_post,99.99384559770657
gemma3-12b,g24p2_094,g24p2_094_minus,minus,exclude_post,99.843605667631
gemma3-12b,g24p2_094,g24p2_094_minus,minus,strong_exclude_post,88.91514666569492
gemma3-12b,g24p2_094,g24p2_094_minus,minus,counterfactual_delete_post,55.54622458586146
gemma3-12b,g24p2_096,g24p2_096_plus,plus,base,77.7793062409177
gemma3-12b,g24p2_096,g24p2_096_plus,plus,admit_post,77.79246855272807
gemma3-12b,g24p2_096,g24p2_096_plus,plus,exclude_post,79.42114227894963
gemma3-12b,g24p2_096,g24p2_096_plus,plus,strong_exclude_post,77.45382038789188
gemma3-12b,g24p2_096,g24p2_096_plus,plus,counterfactual_delete_post,66.47289795949928
gemma3-12b,g24p2_096,g24p2_096_minus,minus,admit_post,14.635618734176063
gemma3-12b,g24p2_096,g24p2_096_minus,minus,exclude_post,55.55265324857435
gemma3-12b,g24p2_096,g24p2_096_minus,minus,strong_exclude_post,55.513950984931455
gemma3-12b,g24p2_096,g24p2_096_minus,minus,counterfactual_delete_post,55.521149709144
gemma3-12b,g24p2_098,g24p2_098_plus,plus,base,55.5395676085014
gemma3-12b,g24p2_098,g24p2_098_plus,plus,admit_post,99.99992072378267
gemma3-12b,g24p2_098,g24p2_098_plus,plus,exclude_post,99.99934850002077
gemma3-12b,g24p2_098,g24p2_098_plus,plus,strong_exclude_post,55.51419028991191
gemma3-12b,g24p2_098,g24p2_098_plus,plus,counterfactual_delete_post,55.5181111129409
gemma3-12b,g24p2_098,g24p2_098_minus,minus,admit_post,0.0005931003557579548
gemma3-12b,g24p2_098,g24p2_098_minus,minus,exclude_post,53.46460745473257
gemma3-12b,g24p2_098,g24p2_098_minus,minus,strong_exclude_post,55.48027411206315
gemma3-12b,g24p2_098,g24p2_098_minus,minus,counterfactual_delete_post,55.52670197363189
gemma3-12b,g24p2_099,g24p2_099_plus,plus,base,0.0009428327210571634
gemma3-12b,g24p2_099,g24p2_099_plus,plus,admit_post,99.93377851287069
gemma3-12b,g24p2_099,g24p2_099_plus,plus,exclude_post,0.003320824501733543
gemma3-12b,g24p2_099,g24p2_099_plus,plus,strong_exclude_post,0.001561423062666556
gemma3-12b,g24p2_099,g24p2_099_plus,plus,counterfactual_delete_post,10.051856636047074
gemma3-12b,g24p2_099,g24p2_099_minus,minus,admit_post,2.2246784075177967e-05
gemma3-12b,g24p2_099,g24p2_099_minus,minus,exclude_post,9.528502196704729e-06
gemma3-12b,g24p2_099,g24p2_099_minus,minus,strong_exclude_post,0.0017634848150576618
gemma3-12b,g24p2_099,g24p2_099_minus,minus,counterfactual_delete_post,11.089941470920158
gemma3-12b,g24p2_101,g24p2_101_plus,plus,base,0.0015662034920608705
gemma3-12b,g24p2_101,g24p2_101_plus,plus,admit_post,99.99992828901435
gemma3-12b,g24p2_101,g24p2_101_plus,plus,exclude_post,0.0006751765680699556
gemma3-12b,g24p2_101,g24p2_101_plus,plus,strong_exclude_post,55.43094318060206
gemma3-12b,g24p2_101,g24p2_101_plus,plus,counterfactual_delete_post,55.54210753113736
gemma3-12b,g24p2_101,g24p2_101_minus,minus,admit_post,0.004377680547237923
gemma3-12b,g24p2_101,g24p2_101_minus,minus,exclude_post,0.0016172715602103577
gemma3-12b,g24p2_101,g24p2_101_minus,minus,strong_exclude_post,55.456960152892094
gemma3-12b,g24p2_101,g24p2_101_minus,minus,counterfactual_delete_post,55.53328154783565
gemma3-12b,g24p2_102,g24p2_102_plus,plus,base,22.06722982299411
gemma3-12b,g24p2_102,g24p2_102_plus,plus,admit_post,88.89035291408494
gemma3-12b,g24p2_102,g24p2_102_plus,plus,exclude_post,55.54966168634288
gemma3-12b,g24p2_102,g24p2_102_plus,plus,strong_exclude_post,32.391812478856394
gemma3-12b,g24p2_102,g24p2_102_plus,plus,counterfactual_delete_post,55.468985809766025
gemma3-12b,g24p2_102,g24p2_102_minus,minus,admit_post,80.25202785693881
gemma3-12b,g24p2_102,g24p2_102_minus,minus,exclude_post,55.51130838675126
gemma3-12b,g24p2_102,g24p2_102_minus,minus,strong_exclude_post,4.175621250325664
gemma3-12b,g24p2_102,g24p2_102_minus,minus,counterfactual_delete_post,55.37276994384187
gemma3-12b,g24p2_103,g24p2_103_plus,plus,base,55.484810412002155
gemma3-12b,g24p2_103,g24p2_103_plus,plus,admit_post,88.68909780656922
gemma3-12b,g24p2_103,g24p2_103_plus,plus,exclude_post,55.52952735643258
gemma3-12b,g24p2_103,g24p2_103_plus,plus,strong_exclude_post,55.523410332015565
gemma3-12b,g24p2_103,g24p2_103_plus,plus,counterfactual_delete_post,55.52881055080852
gemma3-12b,g24p2_103,g24p2_103_minus,minus,admit_post,86.41440876530835
gemma3-12b,g24p2_103,g24p2_103_minus,minus,exclude_post,55.532746304410665
gemma3-12b,g24p2_103,g24p2_103_minus,minus,strong_exclude_post,54.52300178192823
gemma3-12b,g24p2_103,g24p2_103_minus,minus,counterfactual_delete_post,55.52499291119947
gemma3-12b,g24p2_104,g24p2_104_plus,plus,base,66.69394464391593
gemma3-12b,g24p2_104,g24p2_104_plus,plus,admit_post,99.74469274260414
gemma3-12b,g24p2_104,g24p2_104_plus,plus,exclude_post,53.63112700348554
gemma3-12b,g24p2_104,g24p2_104_plus,plus,strong_exclude_post,74.78974440896859
gemma3-12b,g24p2_104,g24p2_104_plus,plus,counterfactual_delete_post,54.459935992998766
gemma3-12b,g24p2_104,g24p2_104_minus,minus,admit_post,0.02749063543405239
gemma3-12b,g24p2_104,g24p2_104_minus,minus,exclude_post,1.9419345054705792
gemma3-12b,g24p2_104,g24p2_104_minus,minus,strong_exclude_post,55.52004454292062
gemma3-12b,g24p2_104,g24p2_104_minus,minus,counterfactual_delete_post,55.13244152280595
gemma3-12b,g24p2_105,g24p2_105_plus,plus,base,55.600053270985185
gemma3-12b,g24p2_105,g24p2_105_plus,plus,admit_post,68.69359620201746
gemma3-12b,g24p2_105,g24p2_105_plus,plus,exclude_post,55.26140975918418
gemma3-12b,g24p2_105,g24p2_105_plus,plus,strong_exclude_post,55.52300513861021
gemma3-12b,g24p2_105,g24p2_105_plus,plus,counterfactual_delete_post,55.52097329842258
gemma3-12b,g24p2_105,g24p2_105_minus,minus,admit_post,22.25467598673386
gemma3-12b,g24p2_105,g24p2_105_minus,minus,exclude_post,55.8409406874779
gemma3-12b,g24p2_105,g24p2_105_minus,minus,strong_exclude_post,55.50216906363895
gemma3-12b,g24p2_105,g24p2_105_minus,minus,counterfactual_delete_post,55.52554035949673
gemma3-12b,g24p2_107,g24p2_107_plus,plus,base,66.25233380154316
gemma3-12b,g24p2_107,g24p2_107_plus,plus,admit_post,88.91633732522598
gemma3-12b,g24p2_107,g24p2_107_plus,plus,exclude_post,88.8844815731224
gemma3-12b,g24p2_107,g24p2_107_plus,plus,strong_exclude_post,59.7525081084597
gemma3-12b,g24p2_107,g24p2_107_plus,plus,counterfactual_delete_post,66.66572383313391
gemma3-12b,g24p2_107,g24p2_107_minus,minus,admit_post,88.88993603252929
gemma3-12b,g24p2_107,g24p2_107_minus,minus,exclude_post,55.514175161614986
gemma3-12b,g24p2_107,g24p2_107_minus,minus,strong_exclude_post,77.84018719306954
gemma3-12b,g24p2_107,g24p2_107_minus,minus,counterfactual_delete_post,66.65842040185858
gemma3-12b,g24p2_108,g24p2_108_plus,plus,base,88.86751258984594
gemma3-12b,g24p2_108,g24p2_108_plus,plus,admit_post,77.36527445678698
gemma3-12b,g24p2_108,g24p2_108_plus,plus,exclude_post,79.10136407248017
gemma3-12b,g24p2_108,g24p2_108_plus,plus,strong_exclude_post,66.68193695689969
gemma3-12b,g24p2_108,g24p2_108_plus,plus,counterfactual_delete_post,56.077667337162495
gemma3-12b,g24p2_108,g24p2_108_minus,minus,admit_post,33.091222465590654
gemma3-12b,g24p2_108,g24p2_108_minus,minus,exclude_post,55.527275680026165
gemma3-12b,g24p2_108,g24p2_108_minus,minus,strong_exclude_post,66.13602595483194
gemma3-12b,g24p2_108,g24p2_108_minus,minus,counterfactual_delete_post,55.56993071870116
gemma3-12b,g24p2_110,g24p2_110_plus,plus,base,85.3242074492018
gemma3-12b,g24p2_110,g24p2_110_plus,plus,admit_post,89.08872848107704
gemma3-12b,g24p2_110,g24p2_110_plus,plus,exclude_post,56.743454273567245
gemma3-12b,g24p2_110,g24p2_110_plus,plus,strong_exclude_post,88.5632117439105
gemma3-12b,g24p2_110,g24p2_110_plus,plus,counterfactual_delete_post,55.68842744787735
gemma3-12b,g24p2_110,g24p2_110_minus,minus,admit_post,71.5313164625836
gemma3-12b,g24p2_110,g24p2_110_minus,minus,exclude_post,55.542435262484766
gemma3-12b,g24p2_110,g24p2_110_minus,minus,strong_exclude_post,78.30390830333707
gemma3-12b,g24p2_110,g24p2_110_minus,minus,counterfactual_delete_post,55.80852127868431
gemma3-12b,g24p2_111,g24p2_111_plus,plus,base,77.59910025898432
gemma3-12b,g24p2_111,g24p2_111_plus,plus,admit_post,99.99102380847371
gemma3-12b,g24p2_111,g24p2_111_plus,plus,exclude_post,0.001458857938364637
gemma3-12b,g24p2_111,g24p2_111_plus,plus,strong_exclude_post,99.99170881555526
gemma3-12b,g24p2_111,g24p2_111_plus,plus,counterfactual_delete_post,64.63616717657881
gemma3-12b,g24p2_111,g24p2_111_minus,minus,admit_post,0.000608218670554009
gemma3-12b,g24p2_111,g24p2_111_minus,minus,exclude_post,99.99829218881256
gemma3-12b,g24p2_111,g24p2_111_minus,minus,strong_exclude_post,99.99495463543455
gemma3-12b,g24p2_111,g24p2_111_minus,minus,counterfactual_delete_post,55.00935691675684
gemma3-12b,g24p2_112,g24p2_112_plus,plus,base,33.00812135051109
gemma3-12b,g24p2_112,g24p2_112_plus,plus,admit_post,99.90469395698207
gemma3-12b,g24p2_112,g24p2_112_plus,plus,exclude_post,55.5201928871963
gemma3-12b,g24p2_112,g24p2_112_plus,plus,strong_exclude_post,55.512107261510145
gemma3-12b,g24p2_112,g24p2_112_plus,plus,counterfactual_delete_post,55.52757640637562
gemma3-12b,g24p2_112,g24p2_112_minus,minus,admit_post,0.03526835806721382
gemma3-12b,g24p2_112,g24p2_112_minus,minus,exclude_post,0.12352672105785989
gemma3-12b,g24p2_112,g24p2_112_minus,minus,strong_exclude_post,55.042603879093754
gemma3-12b,g24p2_112,g24p2_112_minus,minus,counterfactual_delete_post,55.53989893633844
gemma3-12b,g24p2_113,g24p2_113_plus,plus,base,78.83720477545054
gemma3-12b,g24p2_113,g24p2_113_plus,plus,admit_post,99.99925676610867
gemma3-12b,g24p2_113,g24p2_113_plus,plus,exclude_post,68.0095739133562
gemma3-12b,g24p2_113,g24p2_113_plus,plus,strong_exclude_post,88.73353467173757
gemma3-12b,g24p2_113,g24p2_113_plus,plus,counterfactual_delete_post,55.71504051563738
gemma3-12b,g24p2_113,g24p2_113_minus,minus,admit_post,88.68920446188906
gemma3-12b,g24p2_113,g24p2_113_minus,minus,exclude_post,55.54782684122733
gemma3-12b,g24p2_113,g24p2_113_minus,minus,strong_exclude_post,55.53257697741496
gemma3-12b,g24p2_113,g24p2_113_minus,minus,counterfactual_delete_post,54.66403298206404
gemma3-12b,g24p2_114,g24p2_114_plus,plus,base,94.44395150251586
gemma3-12b,g24p2_114,g24p2_114_plus,plus,admit_post,99.99874619378558
gemma3-12b,g24p2_114,g24p2_114_plus,plus,exclude_post,99.985158167526
gemma3-12b,g24p2_114,g24p2_114_plus,plus,strong_exclude_post,55.609689012780244
gemma3-12b,g24p2_114,g24p2_114_plus,plus,counterfactual_delete_post,55.52280952150969
gemma3-12b,g24p2_114,g24p2_114_minus,minus,admit_post,0.0005211571200447774
gemma3-12b,g24p2_114,g24p2_114_minus,minus,exclude_post,0.0003214435818748463
gemma3-12b,g24p2_114,g24p2_114_minus,minus,strong_exclude_post,45.258767672708395
gemma3-12b,g24p2_114,g24p2_114_minus,minus,counterfactual_delete_post,55.52448727797334
gemma3-12b,g24p2_115,g24p2_115_plus,plus,base,9.825936828420432e-06
gemma3-12b,g24p2_115,g24p2_115_plus,plus,admit_post,99.98329668099205
gemma3-12b,g24p2_115,g24p2_115_plus,plus,exclude_post,79.79914746031861
gemma3-12b,g24p2_115,g24p2_115_plus,plus,strong_exclude_post,55.25106858934069
gemma3-12b,g24p2_115,g24p2_115_plus,plus,counterfactual_delete_post,53.738254575177216
gemma3-12b,g24p2_115,g24p2_115_minus,minus,admit_post,77.29556396288841
gemma3-12b,g24p2_115,g24p2_115_minus,minus,exclude_post,0.2573730832529602
gemma3-12b,g24p2_115,g24p2_115_minus,minus,strong_exclude_post,55.29849506608769
gemma3-12b,g24p2_115,g24p2_115_minus,minus,counterfactual_delete_post,55.493991220945674
gemma3-12b,g24p2_116,g24p2_116_plus,plus,base,0.0005105195741905324
gemma3-12b,g24p2_116,g24p2_116_plus,plus,admit_post,99.99931172624841
gemma3-12b,g24p2_116,g24p2_116_plus,plus,exclude_post,99.98949375363574
gemma3-12b,g24p2_116,g24p2_116_plus,plus,strong_exclude_post,99.99796483861854
gemma3-12b,g24p2_116,g24p2_116_plus,plus,counterfactual_delete_post,55.52815762791062
gemma3-12b,g24p2_116,g24p2_116_minus,minus,admit_post,99.99821336384565
gemma3-12b,g24p2_116,g24p2_116_minus,minus,exclude_post,0.0004124895942416555
gemma3-12b,g24p2_116,g24p2_116_minus,minus,strong_exclude_post,0.0008604145877404987
gemma3-12b,g24p2_116,g24p2_116_minus,minus,counterfactual_delete_post,55.543455636414514
gemma3-12b,g24p2_117,g24p2_117_plus,plus,base,56.606553050255314
gemma3-12b,g24p2_117,g24p2_117_plus,plus,admit_post,88.63377469934419
gemma3-12b,g24p2_117,g24p2_117_plus,plus,exclude_post,88.47466637851157
gemma3-12b,g24p2_117,g24p2_117_plus,plus,strong_exclude_post,55.312125846355656
gemma3-12b,g24p2_117,g24p2_117_plus,plus,counterfactual_delete_post,55.54277371424669
gemma3-12b,g24p2_117,g24p2_117_minus,minus,admit_post,77.76502305897613
gemma3-12b,g24p2_117,g24p2_117_minus,minus,exclude_post,1.9409884160205744
gemma3-12b,g24p2_117,g24p2_117_minus,minus,strong_exclude_post,54.90981784149629
gemma3-12b,g24p2_117,g24p2_117_minus,minus,counterfactual_delete_post,54.359394365917716
gemma3-12b,g24p2_120,g24p2_120_plus,plus,base,88.84371712100062
gemma3-12b,g24p2_120,g24p2_120_plus,plus,admit_post,88.92383316466172
gemma3-12b,g24p2_120,g24p2_120_plus,plus,exclude_post,91.87612668385314
gemma3-12b,g24p2_120,g24p2_120_plus,plus,strong_exclude_post,55.65048380901134
gemma3-12b,g24p2_120,g24p2_120_plus,plus,counterfactual_delete_post,54.9900517752062
gemma3-12b,g24p2_120,g24p2_120_minus,minus,admit_post,90.21322210286894
gemma3-12b,g24p2_120,g24p2_120_minus,minus,exclude_post,10.896202289857778
gemma3-12b,g24p2_120,g24p2_120_minus,minus,strong_exclude_post,55.622112125381676
gemma3-12b,g24p2_120,g24p2_120_minus,minus,counterfactual_delete_post,54.86061028888408
gemma3-12b,g24p2_121,g24p2_121_plus,plus,base,88.89260491941425
gemma3-12b,g24p2_121,g24p2_121_plus,plus,admit_post,89.04514533343324
gemma3-12b,g24p2_121,g24p2_121_plus,plus,exclude_post,88.63488439361943
gemma3-12b,g24p2_121,g24p2_121_plus,plus,strong_exclude_post,88.76683536733165
gemma3-12b,g24p2_121,g24p2_121_plus,plus,counterfactual_delete_post,66.64750180987616
gemma3-12b,g24p2_121,g24p2_121_minus,minus,admit_post,88.88108037940793
gemma3-12b,g24p2_121,g24p2_121_minus,minus,exclude_post,55.55261078595437
gemma3-12b,g24p2_121,g24p2_121_minus,minus,strong_exclude_post,79.42271932314947
gemma3-12b,g24p2_121,g24p2_121_minus,minus,counterfactual_delete_post,66.66932247416915
gemma3-12b,g24p2_122,g24p2_122_plus,plus,base,77.52275894374033
gemma3-12b,g24p2_122,g24p2_122_plus,plus,admit_post,99.99670032315889
gemma3-12b,g24p2_122,g24p2_122_plus,plus,exclude_post,99.90934975127504
gemma3-12b,g24p2_122,g24p2_122_plus,plus,strong_exclude_post,6.9551791537008665
gemma3-12b,g24p2_122,g24p2_122_plus,plus,counterfactual_delete_post,52.14310116817769
gemma3-12b,g24p2_122,g24p2_122_minus,minus,admit_post,0.4148437519767845
gemma3-12b,g24p2_122,g24p2_122_minus,minus,exclude_post,0.03594939626961317
gemma3-12b,g24p2_122,g24p2_122_minus,minus,strong_exclude_post,55.4518660246937
gemma3-12b,g24p2_122,g24p2_122_minus,minus,counterfactual_delete_post,54.95075711100186
gemma3-12b,g24p2_123,g24p2_123_plus,plus,base,55.092220625980815
gemma3-12b,g24p2_123,g24p2_123_plus,plus,admit_post,88.88845138775248
gemma3-12b,g24p2_123,g24p2_123_plus,plus,exclude_post,55.600446992090355
gemma3-12b,g24p2_123,g24p2_123_plus,plus,strong_exclude_post,55.52769133297569
gemma3-12b,g24p2_123,g24p2_123_plus,plus,counterfactual_delete_post,55.39860948248233
gemma3-12b,g24p2_123,g24p2_123_minus,minus,admit_post,86.41443413804316
gemma3-12b,g24p2_123,g24p2_123_minus,minus,exclude_post,55.32142399653903
gemma3-12b,g24p2_123,g24p2_123_minus,minus,strong_exclude_post,54.49158378442601
gemma3-12b,g24p2_123,g24p2_123_minus,minus,counterfactual_delete_post,44.526265250871205
gemma3-12b,g24p2_125,g24p2_125_plus,plus,base,34.64250916557072
gemma3-12b,g24p2_125,g24p2_125_plus,plus,admit_post,88.91011139890549
gemma3-12b,g24p2_125,g24p2_125_plus,plus,exclude_post,55.46227923083032
gemma3-12b,g24p2_125,g24p2_125_plus,plus,strong_exclude_post,55.51813927363095
gemma3-12b,g24p2_125,g24p2_125_plus,plus,counterfactual_delete_post,55.36381187575687
gemma3-12b,g24p2_125,g24p2_125_minus,minus,admit_post,88.87277617034795
gemma3-12b,g24p2_125,g24p2_125_minus,minus,exclude_post,77.36902984119662
gemma3-12b,g24p2_125,g24p2_125_minus,minus,strong_exclude_post,53.217575688698716
gemma3-12b,g24p2_125,g24p2_125_minus,minus,counterfactual_delete_post,55.4809107247057
gemma3-12b,g24p2_126,g24p2_126_plus,plus,base,77.11035244621723
gemma3-12b,g24p2_126,g24p2_126_plus,plus,admit_post,88.92390235812817
gemma3-12b,g24p2_126,g24p2_126_plus,plus,exclude_post,84.69364272030289
gemma3-12b,g24p2_126,g24p2_126_plus,plus,strong_exclude_post,66.61546393165675
gemma3-12b,g24p2_126,g24p2_126_plus,plus,counterfactual_delete_post,55.66464026402628
gemma3-12b,g24p2_126,g24p2_126_minus,minus,admit_post,89.14379972452373
gemma3-12b,g24p2_126,g24p2_126_minus,minus,exclude_post,22.68973674381563
gemma3-12b,g24p2_126,g24p2_126_minus,minus,strong_exclude_post,55.53684057351708
gemma3-12b,g24p2_126,g24p2_126_minus,minus,counterfactual_delete_post,55.52620571871239
gemma3-12b,g24p2_128,g24p2_128_plus,plus,base,99.99956357751404
gemma3-12b,g24p2_128,g24p2_128_plus,plus,admit_post,99.99990500593796
gemma3-12b,g24p2_128,g24p2_128_plus,plus,exclude_post,28.019616087686742
gemma3-12b,g24p2_128,g24p2_128_plus,plus,strong_exclude_post,55.52499150362913
gemma3-12b,g24p2_128,g24p2_128_plus,plus,counterfactual_delete_post,55.499184738888324
gemma3-12b,g24p2_128,g24p2_128_minus,minus,admit_post,0.000406578834130344
gemma3-12b,g24p2_128,g24p2_128_minus,minus,exclude_post,0.013332368551255334
gemma3-12b,g24p2_128,g24p2_128_minus,minus,strong_exclude_post,55.489196570872075
gemma3-12b,g24p2_128,g24p2_128_minus,minus,counterfactual_delete_post,55.519888220997636
gemma3-12b,g24p2_129,g24p2_129_plus,plus,base,55.39792623481912
gemma3-12b,g24p2_129,g24p2_129_plus,plus,admit_post,30.331098206438796
gemma3-12b,g24p2_129,g24p2_129_plus,plus,exclude_post,55.54271937072299
gemma3-12b,g24p2_129,g24p2_129_plus,plus,strong_exclude_post,34.49465605706866
gemma3-12b,g24p2_129,g24p2_129_plus,plus,counterfactual_delete_post,55.547004422951545
gemma3-12b,g24p2_129,g24p2_129_minus,minus,admit_post,99.99665545059918
gemma3-12b,g24p2_129,g24p2_129_minus,minus,exclude_post,0.046238747070626196
gemma3-12b,g24p2_129,g24p2_129_minus,minus,strong_exclude_post,55.065771760779874
gemma3-12b,g24p2_129,g24p2_129_minus,minus,counterfactual_delete_post,40.544826665181155
gemma3-12b,g24p2_130,g24p2_130_plus,plus,base,55.488828688204656
gemma3-12b,g24p2_130,g24p2_130_plus,plus,admit_post,99.99379006276374
gemma3-12b,g24p2_130,g24p2_130_plus,plus,exclude_post,98.67537706323486
gemma3-12b,g24p2_130,g24p2_130_plus,plus,strong_exclude_post,55.545614057095335
gemma3-12b,g24p2_130,g24p2_130_plus,plus,counterfactual_delete_post,55.532455472881175
gemma3-12b,g24p2_130,g24p2_130_minus,minus,admit_post,0.00012997060297760017
gemma3-12b,g24p2_130,g24p2_130_minus,minus,exclude_post,0.0009741916838648155
gemma3-12b,g24p2_130,g24p2_130_minus,minus,strong_exclude_post,55.54152635206496
gemma3-12b,g24p2_130,g24p2_130_minus,minus,counterfactual_delete_post,55.49637337048986
gemma3-12b,g24p2_131,g24p2_131_plus,plus,base,17.151637829376025
gemma3-12b,g24p2_131,g24p2_131_plus,plus,admit_post,65.81781615059403
gemma3-12b,g24p2_131,g24p2_131_plus,plus,exclude_post,55.37723182608452
gemma3-12b,g24p2_131,g24p2_131_plus,plus,strong_exclude_post,53.924561095451224
gemma3-12b,g24p2_131,g24p2_131_plus,plus,counterfactual_delete_post,33.259295260996794
gemma3-12b,g24p2_131,g24p2_131_minus,minus,admit_post,66.59555470708689
gemma3-12b,g24p2_131,g24p2_131_minus,minus,exclude_post,55.3977454421955
gemma3-12b,g24p2_131,g24p2_131_minus,minus,strong_exclude_post,54.77145986152547
gemma3-12b,g24p2_131,g24p2_131_minus,minus,counterfactual_delete_post,33.29666066784112
gemma3-12b,g24p2_132,g24p2_132_plus,plus,base,0.004800578529205545
gemma3-12b,g24p2_132,g24p2_132_plus,plus,admit_post,89.73175116699618
gemma3-12b,g24p2_132,g24p2_132_plus,plus,exclude_post,55.3287853189882
gemma3-12b,g24p2_132,g24p2_132_plus,plus,strong_exclude_post,55.43262584787181
gemma3-12b,g24p2_132,g24p2_132_plus,plus,counterfactual_delete_post,54.417764114125156
gemma3-12b,g24p2_132,g24p2_132_minus,minus,admit_post,88.94682133915457
gemma3-12b,g24p2_132,g24p2_132_minus,minus,exclude_post,54.57624891004265
gemma3-12b,g24p2_132,g24p2_132_minus,minus,strong_exclude_post,55.176810421411204
gemma3-12b,g24p2_132,g24p2_132_minus,minus,counterfactual_delete_post,55.23311482052233
gemma3-12b,g24p2_133,g24p2_133_plus,plus,base,88.93410045672286
gemma3-12b,g24p2_133,g24p2_133_plus,plus,admit_post,99.99300306118128
gemma3-12b,g24p2_133,g24p2_133_plus,plus,exclude_post,55.477069861796295
gemma3-12b,g24p2_133,g24p2_133_plus,plus,strong_exclude_post,55.47776726991793
gemma3-12b,g24p2_133,g24p2_133_plus,plus,counterfactual_delete_post,55.566592113226015
gemma3-12b,g24p2_133,g24p2_133_minus,minus,admit_post,2.8899383543952422e-05
gemma3-12b,g24p2_133,g24p2_133_minus,minus,exclude_post,0.0907804253397282
gemma3-12b,g24p2_133,g24p2_133_minus,minus,strong_exclude_post,88.87782943774525
gemma3-12b,g24p2_133,g24p2_133_minus,minus,counterfactual_delete_post,55.54164136255227
gemma3-12b,g24p2_134,g24p2_134_plus,plus,base,99.99850648191051
gemma3-12b,g24p2_134,g24p2_134_plus,plus,admit_post,99.99983334603861
gemma3-12b,g24p2_134,g24p2_134_plus,plus,exclude_post,99.99826183926501
gemma3-12b,g24p2_134,g24p2_134_plus,plus,strong_exclude_post,88.90506292465764
gemma3-12b,g24p2_134,g24p2_134_plus,plus,counterfactual_delete_post,77.70815841277123
gemma3-12b,g24p2_134,g24p2_134_minus,minus,admit_post,97.97304781307992
gemma3-12b,g24p2_134,g24p2_134_minus,minus,exclude_post,88.70166901477332
gemma3-12b,g24p2_134,g24p2_134_minus,minus,strong_exclude_post,88.88390398050723
gemma3-12b,g24p2_134,g24p2_134_minus,minus,counterfactual_delete_post,76.13383732646524
gemma3-12b,g24p2_135,g24p2_135_plus,plus,base,0.0005116486337831928
gemma3-12b,g24p2_135,g24p2_135_plus,plus,admit_post,99.99697370810051
gemma3-12b,g24p2_135,g24p2_135_plus,plus,exclude_post,54.437740041655466
gemma3-12b,g24p2_135,g24p2_135_plus,plus,strong_exclude_post,0.001258129165621465
gemma3-12b,g24p2_135,g24p2_135_plus,plus,counterfactual_delete_post,55.53489313509894
gemma3-12b,g24p2_135,g24p2_135_minus,minus,admit_post,0.0016185782399548874
gemma3-12b,g24p2_135,g24p2_135_minus,minus,exclude_post,55.511417329301345
gemma3-12b,g24p2_135,g24p2_135_minus,minus,strong_exclude_post,0.0006200223715889665
gemma3-12b,g24p2_135,g24p2_135_minus,minus,counterfactual_delete_post,55.53693879338151
gemma3-12b,g24p2_136,g24p2_136_plus,plus,base,55.55248962700054
gemma3-12b,g24p2_136,g24p2_136_plus,plus,admit_post,88.94686494366753
gemma3-12b,g24p2_136,g24p2_136_plus,plus,exclude_post,55.54029207455312
gemma3-12b,g24p2_136,g24p2_136_plus,plus,strong_exclude_post,55.50978053483797
gemma3-12b,g24p2_136,g24p2_136_plus,plus,counterfactual_delete_post,55.47949708036346
gemma3-12b,g24p2_136,g24p2_136_minus,minus,admit_post,68.31149634032428
gemma3-12b,g24p2_136,g24p2_136_minus,minus,exclude_post,55.33641813917564
gemma3-12b,g24p2_136,g24p2_136_minus,minus,strong_exclude_post,55.54146035483429
gemma3-12b,g24p2_136,g24p2_136_minus,minus,counterfactual_delete_post,55.54062737227504
gemma3-12b,g24p2_137,g24p2_137_plus,plus,base,10.584660351011568
gemma3-12b,g24p2_137,g24p2_137_plus,plus,admit_post,99.98700049734163
gemma3-12b,g24p2_137,g24p2_137_plus,plus,exclude_post,55.53576549261442
gemma3-12b,g24p2_137,g24p2_137_plus,plus,strong_exclude_post,52.756750145818245
gemma3-12b,g24p2_137,g24p2_137_plus,plus,counterfactual_delete_post,46.72522089423118
gemma3-12b,g24p2_137,g24p2_137_minus,minus,admit_post,0.011479305395068912
gemma3-12b,g24p2_137,g24p2_137_minus,minus,exclude_post,0.001773753708066234
gemma3-12b,g24p2_137,g24p2_137_minus,minus,strong_exclude_post,55.42888761352177
gemma3-12b,g24p2_137,g24p2_137_minus,minus,counterfactual_delete_post,55.53625602286533
gemma3-12b,g24p2_138,g24p2_138_plus,plus,base,77.81167284546149
gemma3-12b,g24p2_138,g24p2_138_plus,plus,admit_post,99.97251818419663
gemma3-12b,g24p2_138,g24p2_138_plus,plus,exclude_post,55.52690113393539
gemma3-12b,g24p2_138,g24p2_138_plus,plus,strong_exclude_post,55.54583679060813
gemma3-12b,g24p2_138,g24p2_138_plus,plus,counterfactual_delete_post,55.55264827287207
gemma3-12b,g24p2_138,g24p2_138_minus,minus,admit_post,19.24068090680181
gemma3-12b,g24p2_138,g24p2_138_minus,minus,exclude_post,44.77546926780539
gemma3-12b,g24p2_138,g24p2_138_minus,minus,strong_exclude_post,55.54180613105699
gemma3-12b,g24p2_138,g24p2_138_minus,minus,counterfactual_delete_post,55.553223014597684
gemma3-12b,g24p2_140,g24p2_140_plus,plus,base,55.54410572062598
gemma3-12b,g24p2_140,g24p2_140_plus,plus,admit_post,99.33236620590041
gemma3-12b,g24p2_140,g24p2_140_plus,plus,exclude_post,55.51167193635218
gemma3-12b,g24p2_140,g24p2_140_plus,plus,strong_exclude_post,55.53601658814676
gemma3-12b,g24p2_140,g24p2_140_plus,plus,counterfactual_delete_post,53.905868209196505
gemma3-12b,g24p2_140,g24p2_140_minus,minus,admit_post,99.6743070883689
gemma3-12b,g24p2_140,g24p2_140_minus,minus,exclude_post,92.44869604728254
gemma3-12b,g24p2_140,g24p2_140_minus,minus,strong_exclude_post,55.04897511322481
gemma3-12b,g24p2_140,g24p2_140_minus,minus,counterfactual_delete_post,54.02170273361496
gemma3-12b,g24p2_141,g24p2_141_plus,plus,base,66.62937064782751
gemma3-12b,g24p2_141,g24p2_141_plus,plus,admit_post,60.152588759565305
gemma3-12b,g24p2_141,g24p2_141_plus,plus,exclude_post,57.96706919724748
gemma3-12b,g24p2_141,g24p2_141_plus,plus,strong_exclude_post,55.45038810606081
gemma3-12b,g24p2_141,g24p2_141_plus,plus,counterfactual_delete_post,55.537162283161045
gemma3-12b,g24p2_141,g24p2_141_minus,minus,admit_post,48.8129941536618
gemma3-12b,g24p2_141,g24p2_141_minus,minus,exclude_post,55.533684357575176
gemma3-12b,g24p2_141,g24p2_141_minus,minus,strong_exclude_post,55.48703646794948
gemma3-12b,g24p2_141,g24p2_141_minus,minus,counterfactual_delete_post,55.539352430700276
gemma3-12b,g24p2_142,g24p2_142_plus,plus,base,66.6996603222551
gemma3-12b,g24p2_142,g24p2_142_plus,plus,admit_post,90.91583773903491
gemma3-12b,g24p2_142,g24p2_142_plus,plus,exclude_post,55.52844022822267
gemma3-12b,g24p2_142,g24p2_142_plus,plus,strong_exclude_post,55.54479587635
gemma3-12b,g24p2_142,g24p2_142_plus,plus,counterfactual_delete_post,55.5324107818526
gemma3-12b,g24p2_142,g24p2_142_minus,minus,admit_post,20.194910189681835
gemma3-12b,g24p2_142,g24p2_142_minus,minus,exclude_post,16.6015989431384
gemma3-12b,g24p2_142,g24p2_142_minus,minus,strong_exclude_post,55.54607260800694
gemma3-12b,g24p2_142,g24p2_142_minus,minus,counterfactual_delete_post,55.5496757141521
gemma3-12b,g24p2_143,g24p2_143_plus,plus,base,56.556989762720576
gemma3-12b,g24p2_143,g24p2_143_plus,plus,admit_post,88.89888387691595
gemma3-12b,g24p2_143,g24p2_143_plus,plus,exclude_post,87.65619013435105
gemma3-12b,g24p2_143,g24p2_143_plus,plus,strong_exclude_post,51.689638214173854
gemma3-12b,g24p2_143,g24p2_143_plus,plus,counterfactual_delete_post,55.346070488351614
gemma3-12b,g24p2_143,g24p2_143_minus,minus,admit_post,6.246460816386364
gemma3-12b,g24p2_143,g24p2_143_minus,minus,exclude_post,7.555519037874946
gemma3-12b,g24p2_143,g24p2_143_minus,minus,strong_exclude_post,55.358150957184115
gemma3-12b,g24p2_143,g24p2_143_minus,minus,counterfactual_delete_post,55.41294731383371
gemma3-12b,g24p2_144,g24p2_144_plus,plus,base,77.85190767805985
gemma3-12b,g24p2_144,g24p2_144_plus,plus,admit_post,99.99960383744433
gemma3-12b,g24p2_144,g24p2_144_plus,plus,exclude_post,99.8001339138711
gemma3-12b,g24p2_144,g24p2_144_plus,plus,strong_exclude_post,55.42683428017729
gemma3-12b,g24p2_144,g24p2_144_plus,plus,counterfactual_delete_post,55.549640498675465
gemma3-12b,g24p2_144,g24p2_144_minus,minus,admit_post,66.41742869066712
gemma3-12b,g24p2_144,g24p2_144_minus,minus,exclude_post,35.87088178704382
gemma3-12b,g24p2_144,g24p2_144_minus,minus,strong_exclude_post,55.5329386411934
gemma3-12b,g24p2_144,g24p2_144_minus,minus,counterfactual_delete_post,33.479529350877876
gemma3-12b,g24p2_145,g24p2_145_plus,plus,base,88.83094016269054
gemma3-12b,g24p2_145,g24p2_145_plus,plus,admit_post,99.97858979740879
gemma3-12b,g24p2_145,g24p2_145_plus,plus,exclude_post,55.5237723949241
gemma3-12b,g24p2_145,g24p2_145_plus,plus,strong_exclude_post,55.543334077097114
gemma3-12b,g24p2_145,g24p2_145_plus,plus,counterfactual_delete_post,55.3496320248443
gemma3-12b,g24p2_145,g24p2_145_minus,minus,admit_post,66.13478536097915
gemma3-12b,g24p2_145,g24p2_145_minus,minus,exclude_post,55.54115698246961
gemma3-12b,g24p2_145,g24p2_145_minus,minus,strong_exclude_post,88.87293861687613
gemma3-12b,g24p2_145,g24p2_145_minus,minus,counterfactual_delete_post,64.1819568595288
gemma3-12b,g24p2_146,g24p2_146_plus,plus,base,40.89063092227634
gemma3-12b,g24p2_146,g24p2_146_plus,plus,admit_post,99.96472730109627
gemma3-12b,g24p2_146,g24p2_146_plus,plus,exclude_post,54.555209996940775
gemma3-12b,g24p2_146,g24p2_146_plus,plus,strong_exclude_post,59.669771136530116
gemma3-12b,g24p2_146,g24p2_146_plus,plus,counterfactual_delete_post,55.13649766847851
gemma3-12b,g24p2_146,g24p2_146_minus,minus,admit_post,0.25571108909427165
gemma3-12b,g24p2_146,g24p2_146_minus,minus,exclude_post,0.05832860018932284
gemma3-12b,g24p2_146,g24p2_146_minus,minus,strong_exclude_post,55.53399669828647
gemma3-12b,g24p2_146,g24p2_146_minus,minus,counterfactual_delete_post,55.53362656242388
gemma3-12b,g24p2_147,g24p2_147_plus,plus,base,88.98417197376739
gemma3-12b,g24p2_147,g24p2_147_plus,plus,admit_post,99.9992487749739
gemma3-12b,g24p2_147,g24p2_147_plus,plus,exclude_post,80.2491659093559
gemma3-12b,g24p2_147,g24p2_147_plus,plus,strong_exclude_post,55.54432098709562
gemma3-12b,g24p2_147,g24p2_147_plus,plus,counterfactual_delete_post,55.41256020546399
gemma3-12b,g24p2_147,g24p2_147_minus,minus,admit_post,0.6820133190109904
gemma3-12b,g24p2_147,g24p2_147_minus,minus,exclude_post,1.7006571050001527
gemma3-12b,g24p2_147,g24p2_147_minus,minus,strong_exclude_post,58.545189461005634
gemma3-12b,g24p2_147,g24p2_147_minus,minus,counterfactual_delete_post,55.869343099581464
gemma3-12b,g24p2_148,g24p2_148_plus,plus,base,10.44398439683508
gemma3-12b,g24p2_148,g24p2_148_plus,plus,admit_post,99.99916133303742
gemma3-12b,g24p2_148,g24p2_148_plus,plus,exclude_post,99.9764545200834
gemma3-12b,g24p2_148,g24p2_148_plus,plus,strong_exclude_post,35.183500447089
gemma3-12b,g24p2_148,g24p2_148_plus,plus,counterfactual_delete_post,55.300991186463094
gemma3-12b,g24p2_148,g24p2_148_minus,minus,admit_post,0.19986087121547622
gemma3-12b,g24p2_148,g24p2_148_minus,minus,exclude_post,0.011496520612283465
gemma3-12b,g24p2_148,g24p2_148_minus,minus,strong_exclude_post,9.466955854293746
gemma3-12b,g24p2_148,g24p2_148_minus,minus,counterfactual_delete_post,11.113181807579585
gemma3-12b,g24p2_149,g24p2_149_plus,plus,base,0.0054656516655182345
gemma3-12b,g24p2_149,g24p2_149_plus,plus,admit_post,99.92562630256806
gemma3-12b,g24p2_149,g24p2_149_plus,plus,exclude_post,27.80765680957319
gemma3-12b,g24p2_149,g24p2_149_plus,plus,strong_exclude_post,48.17414711211117
gemma3-12b,g24p2_149,g24p2_149_plus,plus,counterfactual_delete_post,55.30018876429891
gemma3-12b,g24p2_149,g24p2_149_minus,minus,admit_post,0.01013060468144661
gemma3-12b,g24p2_149,g24p2_149_minus,minus,exclude_post,0.008958990538458746
gemma3-12b,g24p2_149,g24p2_149_minus,minus,strong_exclude_post,55.51829523585
gemma3-12b,g24p2_149,g24p2_149_minus,minus,counterfactual_delete_post,55.50945955970304
gemma3-12b,g24p2_150,g24p2_150_plus,plus,base,55.52547136803523
gemma3-12b,g24p2_150,g24p2_150_plus,plus,admit_post,88.86513368690049
gemma3-12b,g24p2_150,g24p2_150_plus,plus,exclude_post,0.00340633282092611
gemma3-12b,g24p2_150,g24p2_150_plus,plus,strong_exclude_post,55.52311048234344
gemma3-12b,g24p2_150,g24p2_150_plus,plus,counterfactual_delete_post,55.54077325713634
gemma3-12b,g24p2_150,g24p2_150_minus,minus,admit_post,0.0015764950218829885
gemma3-12b,g24p2_150,g24p2_150_minus,minus,exclude_post,9.799455225189817
gemma3-12b,g24p2_150,g24p2_150_minus,minus,strong_exclude_post,51.33554815571024
gemma3-12b,g24p2_150,g24p2_150_minus,minus,counterfactual_delete_post,55.532160848039865
gemma3-12b,g24p2_153,g24p2_153_plus,plus,base,88.8919111885665
gemma3-12b,g24p2_153,g24p2_153_plus,plus,admit_post,99.94198828276468
gemma3-12b,g24p2_153,g24p2_153_plus,plus,exclude_post,55.45495666091203
gemma3-12b,g24p2_153,g24p2_153_plus,plus,strong_exclude_post,88.79966125514456
gemma3-12b,g24p2_153,g24p2_153_plus,plus,counterfactual_delete_post,76.7205464043169
gemma3-12b,g24p2_153,g24p2_153_minus,minus,admit_post,77.73410511315237
gemma3-12b,g24p2_153,g24p2_153_minus,minus,exclude_post,58.177235066936596
gemma3-12b,g24p2_153,g24p2_153_minus,minus,strong_exclude_post,56.2418153341852
gemma3-12b,g24p2_153,g24p2_153_minus,minus,counterfactual_delete_post,77.8296982127364
gemma3-12b,g24p2_154,g24p2_154_plus,plus,base,55.57970303595364
gemma3-12b,g24p2_154,g24p2_154_plus,plus,admit_post,0.0026359287488028314
gemma3-12b,g24p2_154,g24p2_154_plus,plus,exclude_post,88.86882063534965
gemma3-12b,g24p2_154,g24p2_154_plus,plus,strong_exclude_post,55.4323965163061
gemma3-12b,g24p2_154,g24p2_154_plus,plus,counterfactual_delete_post,55.558952190992045
gemma3-12b,g24p2_154,g24p2_154_minus,minus,admit_post,6.955217851135582e-05
gemma3-12b,g24p2_154,g24p2_154_minus,minus,exclude_post,55.53937739042194
gemma3-12b,g24p2_154,g24p2_154_minus,minus,strong_exclude_post,55.432401055236
gemma3-12b,g24p2_154,g24p2_154_minus,minus,counterfactual_delete_post,55.534614129898976
gemma3-12b,g24p2_156,g24p2_156_plus,plus,base,99.99822477058255
gemma3-12b,g24p2_156,g24p2_156_plus,plus,admit_post,99.9997046788193
gemma3-12b,g24p2_156,g24p2_156_plus,plus,exclude_post,55.39140726339514
gemma3-12b,g24p2_156,g24p2_156_plus,plus,strong_exclude_post,55.537060680953516
gemma3-12b,g24p2_156,g24p2_156_plus,plus,counterfactual_delete_post,55.587311684828045
gemma3-12b,g24p2_156,g24p2_156_minus,minus,admit_post,88.87475386251575
gemma3-12b,g24p2_156,g24p2_156_minus,minus,exclude_post,99.93408726574961
gemma3-12b,g24p2_156,g24p2_156_minus,minus,strong_exclude_post,99.15691896370197
gemma3-12b,g24p2_156,g24p2_156_minus,minus,counterfactual_delete_post,55.811004159947785
gemma3-12b,g24p2_158,g24p2_158_plus,plus,base,22.20052318391038
gemma3-12b,g24p2_158,g24p2_158_plus,plus,admit_post,99.90469002208856
gemma3-12b,g24p2_158,g24p2_158_plus,plus,exclude_post,55.61668717265264
gemma3-12b,g24p2_158,g24p2_158_plus,plus,strong_exclude_post,55.42880828980822
gemma3-12b,g24p2_158,g24p2_158_plus,plus,counterfactual_delete_post,54.17933015559131
gemma3-12b,g24p2_158,g24p2_158_minus,minus,admit_post,88.56423514520046
gemma3-12b,g24p2_158,g24p2_158_minus,minus,exclude_post,7.1234353776573665
gemma3-12b,g24p2_158,g24p2_158_minus,minus,strong_exclude_post,55.41020050360927
gemma3-12b,g24p2_158,g24p2_158_minus,minus,counterfactual_delete_post,52.429205521562544
gemma3-12b,g24p2_159,g24p2_159_plus,plus,base,77.89971100714055
gemma3-12b,g24p2_159,g24p2_159_plus,plus,admit_post,99.9938374486462
gemma3-12b,g24p2_159,g24p2_159_plus,plus,exclude_post,55.528585347019416
gemma3-12b,g24p2_159,g24p2_159_plus,plus,strong_exclude_post,55.511549196466746
gemma3-12b,g24p2_159,g24p2_159_plus,plus,counterfactual_delete_post,55.3522706491442
gemma3-12b,g24p2_159,g24p2_159_minus,minus,admit_post,0.0020481976670335537
gemma3-12b,g24p2_159,g24p2_159_minus,minus,exclude_post,0.0007574454222601792
gemma3-12b,g24p2_159,g24p2_159_minus,minus,strong_exclude_post,55.53420078205936
gemma3-12b,g24p2_159,g24p2_159_minus,minus,counterfactual_delete_post,55.52842389210086
gemma3-12b,g24p2_160,g24p2_160_plus,plus,base,88.91629414519252
gemma3-12b,g24p2_160,g24p2_160_plus,plus,admit_post,99.99959828858943
gemma3-12b,g24p2_160,g24p2_160_plus,plus,exclude_post,96.100344422671
gemma3-12b,g24p2_160,g24p2_160_plus,plus,strong_exclude_post,55.52732687039436
gemma3-12b,g24p2_160,g24p2_160_plus,plus,counterfactual_delete_post,56.607831069227295
gemma3-12b,g24p2_160,g24p2_160_minus,minus,admit_post,0.002864705406789811
gemma3-12b,g24p2_160,g24p2_160_minus,minus,exclude_post,52.5330620457882
gemma3-12b,g24p2_160,g24p2_160_minus,minus,strong_exclude_post,55.53740244060541
gemma3-12b,g24p2_160,g24p2_160_minus,minus,counterfactual_delete_post,56.218498869691125
gemma3-12b,g24p2_161,g24p2_161_plus,plus,base,0.005487764458519254
gemma3-12b,g24p2_161,g24p2_161_plus,plus,admit_post,0.6840764303327911
gemma3-12b,g24p2_161,g24p2_161_plus,plus,exclude_post,23.82615924081304
gemma3-12b,g24p2_161,g24p2_161_plus,plus,strong_exclude_post,55.5187526005586
gemma3-12b,g24p2_161,g24p2_161_plus,plus,counterfactual_delete_post,55.7478660259188
gemma3-12b,g24p2_161,g24p2_161_minus,minus,admit_post,0.00024018155149933642
gemma3-12b,g24p2_161,g24p2_161_minus,minus,exclude_post,55.53438211591344
gemma3-12b,g24p2_161,g24p2_161_minus,minus,strong_exclude_post,55.47930952714202
gemma3-12b,g24p2_161,g24p2_161_minus,minus,counterfactual_delete_post,55.555481100145904
gemma3-12b,g24p2_163,g24p2_163_plus,plus,base,45.094176358721455
gemma3-12b,g24p2_163,g24p2_163_plus,plus,admit_post,99.87781947202555
gemma3-12b,g24p2_163,g24p2_163_plus,plus,exclude_post,55.5504938558282
gemma3-12b,g24p2_163,g24p2_163_plus,plus,strong_exclude_post,55.18945525189193
gemma3-12b,g24p2_163,g24p2_163_plus,plus,counterfactual_delete_post,55.40161728010227
gemma3-12b,g24p2_163,g24p2_163_minus,minus,admit_post,0.013368248488151949
gemma3-12b,g24p2_163,g24p2_163_minus,minus,exclude_post,76.16985347312442
gemma3-12b,g24p2_163,g24p2_163_minus,minus,strong_exclude_post,55.428222038137044
gemma3-12b,g24p2_163,g24p2_163_minus,minus,counterfactual_delete_post,55.30642242319408
gemma3-12b,g24p2_164,g24p2_164_plus,plus,base,99.15713085805646
gemma3-12b,g24p2_164,g24p2_164_plus,plus,admit_post,99.99984663928612
gemma3-12b,g24p2_164,g24p2_164_plus,plus,exclude_post,99.9963300341272
gemma3-12b,g24p2_164,g24p2_164_plus,plus,strong_exclude_post,55.43245940544923
gemma3-12b,g24p2_164,g24p2_164_plus,plus,counterfactual_delete_post,55.49800724008563
gemma3-12b,g24p2_164,g24p2_164_minus,minus,admit_post,0.019378628138355752
gemma3-12b,g24p2_164,g24p2_164_minus,minus,exclude_post,0.0018638410710336353
gemma3-12b,g24p2_164,g24p2_164_minus,minus,strong_exclude_post,55.43094802582332
gemma3-12b,g24p2_164,g24p2_164_minus,minus,counterfactual_delete_post,55.53069062145585
gemma3-12b,g24p2_165,g24p2_165_plus,plus,base,55.54442144162061
gemma3-12b,g24p2_165,g24p2_165_plus,plus,admit_post,99.8779161379482
gemma3-12b,g24p2_165,g24p2_165_plus,plus,exclude_post,55.37747342793073
gemma3-12b,g24p2_165,g24p2_165_plus,plus,strong_exclude_post,55.40060593589339
gemma3-12b,g24p2_165,g24p2_165_plus,plus,counterfactual_delete_post,47.56413703943436
gemma3-12b,g24p2_165,g24p2_165_minus,minus,admit_post,99.58524967387524
gemma3-12b,g24p2_165,g24p2_165_minus,minus,exclude_post,17.850997468583664
gemma3-12b,g24p2_165,g24p2_165_minus,minus,strong_exclude_post,55.14825018059018
gemma3-12b,g24p2_165,g24p2_165_minus,minus,counterfactual_delete_post,44.88779898123961
gemma3-12b,g24p2_167,g24p2_167_plus,plus,base,66.6684063568313
gemma3-12b,g24p2_167,g24p2_167_plus,plus,admit_post,88.91026472782525
gemma3-12b,g24p2_167,g24p2_167_plus,plus,exclude_post,76.45450688964395
gemma3-12b,g24p2_167,g24p2_167_plus,plus,strong_exclude_post,55.52565743799481
gemma3-12b,g24p2_167,g24p2_167_plus,plus,counterfactual_delete_post,55.864668539796824
gemma3-12b,g24p2_167,g24p2_167_minus,minus,admit_post,88.89664635046088
gemma3-12b,g24p2_167,g24p2_167_minus,minus,exclude_post,15.819032182374205
gemma3-12b,g24p2_167,g24p2_167_minus,minus,strong_exclude_post,55.528507435949635
gemma3-12b,g24p2_167,g24p2_167_minus,minus,counterfactual_delete_post,55.51778322887682
gemma3-12b,g24p2_169,g24p2_169_plus,plus,base,99.99917052985137
gemma3-12b,g24p2_169,g24p2_169_plus,plus,admit_post,99.99997768294628
gemma3-12b,g24p2_169,g24p2_169_plus,plus,exclude_post,99.99983709110188
gemma3-12b,g24p2_169,g24p2_169_plus,plus,strong_exclude_post,55.525162366446665
gemma3-12b,g24p2_169,g24p2_169_plus,plus,counterfactual_delete_post,55.746381425870474
gemma3-12b,g24p2_169,g24p2_169_minus,minus,admit_post,0.0006598352444277433
gemma3-12b,g24p2_169,g24p2_169_minus,minus,exclude_post,3.108551103443385e-05
gemma3-12b,g24p2_169,g24p2_169_minus,minus,strong_exclude_post,55.5246370179882
gemma3-12b,g24p2_169,g24p2_169_minus,minus,counterfactual_delete_post,55.50683502918762
gemma3-12b,g24p2_170,g24p2_170_plus,plus,base,22.065524213800742
gemma3-12b,g24p2_170,g24p2_170_plus,plus,admit_post,88.9241123660089
gemma3-12b,g24p2_170,g24p2_170_plus,plus,exclude_post,55.48995076287253
gemma3-12b,g24p2_170,g24p2_170_plus,plus,strong_exclude_post,55.51961509240948
gemma3-12b,g24p2_170,g24p2_170_plus,plus,counterfactual_delete_post,55.52612524775407
gemma3-12b,g24p2_170,g24p2_170_minus,minus,admit_post,88.93410212552719
gemma3-12b,g24p2_170,g24p2_170_minus,minus,exclude_post,55.47146308490637
gemma3-12b,g24p2_170,g24p2_170_minus,minus,strong_exclude_post,55.53264027654759
gemma3-12b,g24p2_170,g24p2_170_minus,minus,counterfactual_delete_post,55.53265654793197
gemma3-12b,g24p2_171,g24p2_171_plus,plus,base,80.76590971559217
gemma3-12b,g24p2_171,g24p2_171_plus,plus,admit_post,91.36332988759519
gemma3-12b,g24p2_171,g24p2_171_plus,plus,exclude_post,55.48802951395547
gemma3-12b,g24p2_171,g24p2_171_plus,plus,strong_exclude_post,46.40967736927005
gemma3-12b,g24p2_171,g24p2_171_plus,plus,counterfactual_delete_post,55.494015175176074
gemma3-12b,g24p2_171,g24p2_171_minus,minus,admit_post,43.74828140808796
gemma3-12b,g24p2_171,g24p2_171_minus,minus,exclude_post,55.361672394887556
gemma3-12b,g24p2_171,g24p2_171_minus,minus,strong_exclude_post,53.731478722763406
gemma3-12b,g24p2_171,g24p2_171_minus,minus,counterfactual_delete_post,55.53783124146133
gemma3-12b,g24p2_172,g24p2_172_plus,plus,base,99.99757910129875
gemma3-12b,g24p2_172,g24p2_172_plus,plus,admit_post,99.99933526137929
gemma3-12b,g24p2_172,g24p2_172_plus,plus,exclude_post,89.40565451285032
gemma3-12b,g24p2_172,g24p2_172_plus,plus,strong_exclude_post,55.39718676472464
gemma3-12b,g24p2_172,g24p2_172_plus,plus,counterfactual_delete_post,55.50402522450946
gemma3-12b,g24p2_172,g24p2_172_minus,minus,admit_post,2.005263170294636e-05
gemma3-12b,g24p2_172,g24p2_172_minus,minus,exclude_post,1.5787418284397356e-05
gemma3-12b,g24p2_172,g24p2_172_minus,minus,strong_exclude_post,55.359998208838874
gemma3-12b,g24p2_172,g24p2_172_minus,minus,counterfactual_delete_post,55.510036011296165
gemma3-12b,g24p2_174,g24p2_174_plus,plus,base,77.77777752621977
gemma3-12b,g24p2_174,g24p2_174_plus,plus,admit_post,93.08377173914323
gemma3-12b,g24p2_174,g24p2_174_plus,plus,exclude_post,66.007806394326
gemma3-12b,g24p2_174,g24p2_174_plus,plus,strong_exclude_post,67.99044556540724
gemma3-12b,g24p2_174,g24p2_174_plus,plus,counterfactual_delete_post,55.50716692734515
gemma3-12b,g24p2_174,g24p2_174_minus,minus,admit_post,8.13226799145027
gemma3-12b,g24p2_174,g24p2_174_minus,minus,exclude_post,44.94056113610023
gemma3-12b,g24p2_174,g24p2_174_minus,minus,strong_exclude_post,55.51937855182216
gemma3-12b,g24p2_174,g24p2_174_minus,minus,counterfactual_delete_post,55.51701068703944
gemma3-12b,g24p2_175,g24p2_175_plus,plus,base,99.67430222864577
gemma3-12b,g24p2_175,g24p2_175_plus,plus,admit_post,99.92563079055299
gemma3-12b,g24p2_175,g24p2_175_plus,plus,exclude_post,99.15709559963494
gemma3-12b,g24p2_175,g24p2_175_plus,plus,strong_exclude_post,99.99653220722037
gemma3-12b,g24p2_175,g24p2_175_plus,plus,counterfactual_delete_post,66.57451653524613
gemma3-12b,g24p2_175,g24p2_175_minus,minus,admit_post,0.45482770050474763
gemma3-12b,g24p2_175,g24p2_175_minus,minus,exclude_post,0.005810912608329294
gemma3-12b,g24p2_175,g24p2_175_minus,minus,strong_exclude_post,69.13993606601161
gemma3-12b,g24p2_175,g24p2_175_minus,minus,counterfactual_delete_post,66.13955917175028
gemma3-12b,g24p2_176,g24p2_176_plus,plus,base,89.41584041397701
gemma3-12b,g24p2_176,g24p2_176_plus,plus,admit_post,99.99932960999898
gemma3-12b,g24p2_176,g24p2_176_plus,plus,exclude_post,55.7889805090035
gemma3-12b,g24p2_176,g24p2_176_plus,plus,strong_exclude_post,54.19273342566357
gemma3-12b,g24p2_176,g24p2_176_plus,plus,counterfactual_delete_post,55.511028430613635
gemma3-12b,g24p2_176,g24p2_176_minus,minus,admit_post,0.12216987011737553
gemma3-12b,g24p2_176,g24p2_176_minus,minus,exclude_post,55.54006668529522
gemma3-12b,g24p2_176,g24p2_176_minus,minus,strong_exclude_post,20.566335347536203
gemma3-12b,g24p2_176,g24p2_176_minus,minus,counterfactual_delete_post,55.53651376287786
gemma3-12b,g24p2_177,g24p2_177_plus,plus,base,90.53384372998785
gemma3-12b,g24p2_177,g24p2_177_plus,plus,admit_post,89.21456804837575
gemma3-12b,g24p2_177,g24p2_177_plus,plus,exclude_post,55.419040179961456
gemma3-12b,g24p2_177,g24p2_177_plus,plus,strong_exclude_post,89.04507836570359
gemma3-12b,g24p2_177,g24p2_177_plus,plus,counterfactual_delete_post,88.87878473302901
gemma3-12b,g24p2_177,g24p2_177_minus,minus,admit_post,9.118269703016098
gemma3-12b,g24p2_177,g24p2_177_minus,minus,exclude_post,10.998885718352328
gemma3-12b,g24p2_177,g24p2_177_minus,minus,strong_exclude_post,88.89539699267159
gemma3-12b,g24p2_177,g24p2_177_minus,minus,counterfactual_delete_post,66.68017006424299
gemma3-12b,g24p2_178,g24p2_178_plus,plus,base,99.99844587950874
gemma3-12b,g24p2_178,g24p2_178_plus,plus,admit_post,88.98417898611186
gemma3-12b,g24p2_178,g24p2_178_plus,plus,exclude_post,77.81467781185698
gemma3-12b,g24p2_178,g24p2_178_plus,plus,strong_exclude_post,99.9864942782652
gemma3-12b,g24p2_178,g24p2_178_plus,plus,counterfactual_delete_post,55.64221615225202
gemma3-12b,g24p2_178,g24p2_178_minus,minus,admit_post,9.799446522020379
gemma3-12b,g24p2_178,g24p2_178_minus,minus,exclude_post,77.8687348556181
gemma3-12b,g24p2_178,g24p2_178_minus,minus,strong_exclude_post,88.92383408329242
gemma3-12b,g24p2_178,g24p2_178_minus,minus,counterfactual_delete_post,66.68621790103255
gemma3-12b,g24p2_179,g24p2_179_plus,plus,base,55.51511254295477
gemma3-12b,g24p2_179,g24p2_179_plus,plus,admit_post,99.15712847459197
gemma3-12b,g24p2_179,g24p2_179_plus,plus,exclude_post,55.4902616766454
gemma3-12b,g24p2_179,g24p2_179_plus,plus,strong_exclude_post,55.45406398985883
gemma3-12b,g24p2_179,g24p2_179_plus,plus,counterfactual_delete_post,55.52553048263401
gemma3-12b,g24p2_179,g24p2_179_minus,minus,admit_post,0.19992775192545714
gemma3-12b,g24p2_179,g24p2_179_minus,minus,exclude_post,0.25713022321005413
gemma3-12b,g24p2_179,g24p2_179_minus,minus,strong_exclude_post,55.54456263623146
gemma3-12b,g24p2_179,g24p2_179_minus,minus,counterfactual_delete_post,55.515003013344
gemma3-12b,g24p2_180,g24p2_180_plus,plus,base,6.916770491053608
gemma3-12b,g24p2_180,g24p2_180_plus,plus,admit_post,0.0011330153662192062
gemma3-12b,g24p2_180,g24p2_180_plus,plus,exclude_post,55.51526602200803
gemma3-12b,g24p2_180,g24p2_180_plus,plus,strong_exclude_post,51.29684939889166
gemma3-12b,g24p2_180,g24p2_180_plus,plus,counterfactual_delete_post,55.50476599257184
gemma3-12b,g24p2_180,g24p2_180_minus,minus,admit_post,99.99822222760741
gemma3-12b,g24p2_180,g24p2_180_minus,minus,exclude_post,6.70969270598081
gemma3-12b,g24p2_180,g24p2_180_minus,minus,strong_exclude_post,53.434703429712236
gemma3-12b,g24p2_180,g24p2_180_minus,minus,counterfactual_delete_post,55.461672019375754
gemma3-12b,g24p2_181,g24p2_181_plus,plus,base,0.00256386280039975
gemma3-12b,g24p2_181,g24p2_181_plus,plus,admit_post,87.26134740414315
gemma3-12b,g24p2_181,g24p2_181_plus,plus,exclude_post,51.34052414641454
gemma3-12b,g24p2_181,g24p2_181_plus,plus,strong_exclude_post,55.289138136558755
gemma3-12b,g24p2_181,g24p2_181_plus,plus,counterfactual_delete_post,11.119325837918305
gemma3-12b,g24p2_181,g24p2_181_minus,minus,admit_post,4.3922254252356304e-06
gemma3-12b,g24p2_181,g24p2_181_minus,minus,exclude_post,5.7710861865897655e-06
gemma3-12b,g24p2_181,g24p2_181_minus,minus,strong_exclude_post,55.416254271233214
gemma3-12b,g24p2_181,g24p2_181_minus,minus,counterfactual_delete_post,55.5104262814771
gemma3-12b,g24p2_184,g24p2_184_plus,plus,base,0.15626618133390358
gemma3-12b,g24p2_184,g24p2_184_plus,plus,admit_post,88.73621794887448
gemma3-12b,g24p2_184,g24p2_184_plus,plus,exclude_post,54.55698479013363
gemma3-12b,g24p2_184,g24p2_184_plus,plus,strong_exclude_post,14.67564230437182
gemma3-12b,g24p2_184,g24p2_184_plus,plus,counterfactual_delete_post,30.346450340204097
gemma3-12b,g24p2_184,g24p2_184_minus,minus,admit_post,5.334177192409497e-05
gemma3-12b,g24p2_184,g24p2_184_minus,minus,exclude_post,0.00016595098130015184
gemma3-12b,g24p2_184,g24p2_184_minus,minus,strong_exclude_post,55.452132424833344
gemma3-12b,g24p2_184,g24p2_184_minus,minus,counterfactual_delete_post,11.113771671234003
gemma3-12b,g24p2_185,g24p2_185_plus,plus,base,55.25765862007543
gemma3-12b,g24p2_185,g24p2_185_plus,plus,admit_post,99.99997404264504
gemma3-12b,g24p2_185,g24p2_185_plus,plus,exclude_post,99.9996772603269
gemma3-12b,g24p2_185,g24p2_185_plus,plus,strong_exclude_post,55.514743050376964
gemma3-12b,g24p2_185,g24p2_185_plus,plus,counterfactual_delete_post,55.539799215451495
gemma3-12b,g24p2_185,g24p2_185_minus,minus,admit_post,5.4026465229481865e-05
gemma3-12b,g24p2_185,g24p2_185_minus,minus,exclude_post,1.1049154828872456e-05
gemma3-12b,g24p2_185,g24p2_185_minus,minus,strong_exclude_post,55.51659723703859
gemma3-12b,g24p2_185,g24p2_185_minus,minus,counterfactual_delete_post,55.5296432839598
gemma3-12b,g24p2_186,g24p2_186_plus,plus,base,22.149723343718787
gemma3-12b,g24p2_186,g24p2_186_plus,plus,admit_post,88.63440207926823
gemma3-12b,g24p2_186,g24p2_186_plus,plus,exclude_post,55.28406469822736
gemma3-12b,g24p2_186,g24p2_186_plus,plus,strong_exclude_post,55.51699715144015
gemma3-12b,g24p2_186,g24p2_186_plus,plus,counterfactual_delete_post,43.79648076323152
gemma3-12b,g24p2_186,g24p2_186_minus,minus,admit_post,0.05804037313839056
gemma3-12b,g24p2_186,g24p2_186_minus,minus,exclude_post,0.045917071447767153
gemma3-12b,g24p2_186,g24p2_186_minus,minus,strong_exclude_post,55.536768009557036
gemma3-12b,g24p2_186,g24p2_186_minus,minus,counterfactual_delete_post,55.46199137133517
gemma3-12b,g24p2_187,g24p2_187_plus,plus,base,33.82050630244829
gemma3-12b,g24p2_187,g24p2_187_plus,plus,admit_post,93.08378324656772
gemma3-12b,g24p2_187,g24p2_187_plus,plus,exclude_post,55.07811908726095
gemma3-12b,g24p2_187,g24p2_187_plus,plus,strong_exclude_post,55.16400162647823
gemma3-12b,g24p2_187,g24p2_187_plus,plus,counterfactual_delete_post,52.964506213265366
gemma3-12b,g24p2_187,g24p2_187_minus,minus,admit_post,11.625131325855046
gemma3-12b,g24p2_187,g24p2_187_minus,minus,exclude_post,0.026065000234426886
gemma3-12b,g24p2_187,g24p2_187_minus,minus,strong_exclude_post,55.53018853512057
gemma3-12b,g24p2_187,g24p2_187_minus,minus,counterfactual_delete_post,55.5068969217256
gemma3-12b,g24p2_189,g24p2_189_plus,plus,base,89.55651450738553
gemma3-12b,g24p2_189,g24p2_189_plus,plus,admit_post,99.99823568882005
gemma3-12b,g24p2_189,g24p2_189_plus,plus,exclude_post,35.94944537521258
gemma3-12b,g24p2_189,g24p2_189_plus,plus,strong_exclude_post,55.54909672393014
gemma3-12b,g24p2_189,g24p2_189_plus,plus,counterfactual_delete_post,55.557339518493635
gemma3-12b,g24p2_189,g24p2_189_minus,minus,admit_post,21.38415849981918
gemma3-12b,g24p2_189,g24p2_189_minus,minus,exclude_post,19.05553118943617
gemma3-12b,g24p2_189,g24p2_189_minus,minus,strong_exclude_post,55.467834575864586
gemma3-12b,g24p2_189,g24p2_189_minus,minus,counterfactual_delete_post,55.54572476672496
gemma3-12b,g24p2_190,g24p2_190_plus,plus,base,88.87911074430124
gemma3-12b,g24p2_190,g24p2_190_plus,plus,admit_post,99.99624810998817
gemma3-12b,g24p2_190,g24p2_190_plus,plus,exclude_post,55.44756427192087
gemma3-12b,g24p2_190,g24p2_190_plus,plus,strong_exclude_post,55.39587328349548
gemma3-12b,g24p2_190,g24p2_190_plus,plus,counterfactual_delete_post,39.70548544923853
gemma3-12b,g24p2_190,g24p2_190_minus,minus,admit_post,0.5289417300614703
gemma3-12b,g24p2_190,g24p2_190_minus,minus,exclude_post,55.47985545260498
gemma3-12b,g24p2_190,g24p2_190_minus,minus,strong_exclude_post,55.52543051057843
gemma3-12b,g24p2_190,g24p2_190_minus,minus,counterfactual_delete_post,55.52558609250482
gemma3-12b,g24p2_191,g24p2_191_plus,plus,base,48.57847493282814
gemma3-12b,g24p2_191,g24p2_191_plus,plus,admit_post,0.20013176192564297
gemma3-12b,g24p2_191,g24p2_191_plus,plus,exclude_post,4.900260388385414
gemma3-12b,g24p2_191,g24p2_191_plus,plus,strong_exclude_post,55.52724785257547
gemma3-12b,g24p2_191,g24p2_191_plus,plus,counterfactual_delete_post,55.53948647227613
gemma3-12b,g24p2_191,g24p2_191_minus,minus,admit_post,0.006151053972639096
gemma3-12b,g24p2_191,g24p2_191_minus,minus,exclude_post,0.01903407773477518
gemma3-12b,g24p2_191,g24p2_191_minus,minus,strong_exclude_post,55.51906802316888
gemma3-12b,g24p2_191,g24p2_191_minus,minus,counterfactual_delete_post,55.538786578498126
gemma3-12b,g24p2_192,g24p2_192_plus,plus,base,99.67428665018882
gemma3-12b,g24p2_192,g24p2_192_plus,plus,admit_post,97.52493452186181
gemma3-12b,g24p2_192,g24p2_192_plus,plus,exclude_post,55.513739564579645
gemma3-12b,g24p2_192,g24p2_192_plus,plus,strong_exclude_post,55.530020654867634
gemma3-12b,g24p2_192,g24p2_192_plus,plus,counterfactual_delete_post,44.1665770259919
gemma3-12b,g24p2_192,g24p2_192_minus,minus,admit_post,88.79832844974023
gemma3-12b,g24p2_192,g24p2_192_minus,minus,exclude_post,55.477861914274484
gemma3-12b,g24p2_192,g24p2_192_minus,minus,strong_exclude_post,55.51246439703805
gemma3-12b,g24p2_192,g24p2_192_minus,minus,counterfactual_delete_post,55.51009299616249
gemma3-12b,g24p2_193,g24p2_193_plus,plus,base,77.5225145639007
gemma3-12b,g24p2_193,g24p2_193_plus,plus,admit_post,87.56469930041987
gemma3-12b,g24p2_193,g24p2_193_plus,plus,exclude_post,78.62763441579993
gemma3-12b,g24p2_193,g24p2_193_plus,plus,strong_exclude_post,77.82283816329735
gemma3-12b,g24p2_193,g24p2_193_plus,plus,counterfactual_delete_post,66.63258686928599
gemma3-12b,g24p2_193,g24p2_193_minus,minus,admit_post,54.56874136001534
gemma3-12b,g24p2_193,g24p2_193_minus,minus,exclude_post,55.13702576395586
gemma3-12b,g24p2_193,g24p2_193_minus,minus,strong_exclude_post,78.44535486490585
gemma3-12b,g24p2_193,g24p2_193_minus,minus,counterfactual_delete_post,55.450677608745515
gemma3-12b,g24p2_194,g24p2_194_plus,plus,base,11.078761395434707
gemma3-12b,g24p2_194,g24p2_194_plus,plus,admit_post,0.4147852964261753
gemma3-12b,g24p2_194,g24p2_194_plus,plus,exclude_post,98.35014006546837
gemma3-12b,g24p2_194,g24p2_194_plus,plus,strong_exclude_post,55.2968464256964
gemma3-12b,g24p2_194,g24p2_194_plus,plus,counterfactual_delete_post,55.49427104452064
gemma3-12b,g24p2_194,g24p2_194_minus,minus,admit_post,2.988324466801134
gemma3-12b,g24p2_194,g24p2_194_minus,minus,exclude_post,88.16347775408957
gemma3-12b,g24p2_194,g24p2_194_minus,minus,strong_exclude_post,49.4421254134503
gemma3-12b,g24p2_194,g24p2_194_minus,minus,counterfactual_delete_post,55.50636874617457
gemma3-12b,g24p2_196,g24p2_196_plus,plus,base,55.43272572699792
gemma3-12b,g24p2_196,g24p2_196_plus,plus,admit_post,99.99773405535294
gemma3-12b,g24p2_196,g24p2_196_plus,plus,exclude_post,99.96578315761718
gemma3-12b,g24p2_196,g24p2_196_plus,plus,strong_exclude_post,55.42338480529755
gemma3-12b,g24p2_196,g24p2_196_plus,plus,counterfactual_delete_post,55.50969265254466
gemma3-12b,g24p2_196,g24p2_196_minus,minus,admit_post,87.82971028194358
gemma3-12b,g24p2_196,g24p2_196_minus,minus,exclude_post,55.4494255931633
gemma3-12b,g24p2_196,g24p2_196_minus,minus,strong_exclude_post,55.52630437795968
gemma3-12b,g24p2_196,g24p2_196_minus,minus,counterfactual_delete_post,55.54189757174989
gemma3-12b,g24p2_198,g24p2_198_plus,plus,base,66.5895455634871
gemma3-12b,g24p2_198,g24p2_198_plus,plus,admit_post,99.99947313124952
gemma3-12b,g24p2_198,g24p2_198_plus,plus,exclude_post,55.515590298133276
gemma3-12b,g24p2_198,g24p2_198_plus,plus,strong_exclude_post,55.54778744736417
gemma3-12b,g24p2_198,g24p2_198_plus,plus,counterfactual_delete_post,55.55030753919917
gemma3-12b,g24p2_198,g24p2_198_minus,minus,admit_post,0.027518135964261316
gemma3-12b,g24p2_198,g24p2_198_minus,minus,exclude_post,55.52095909098595
gemma3-12b,g24p2_198,g24p2_198_minus,minus,strong_exclude_post,55.545038846923994
gemma3-12b,g24p2_198,g24p2_198_minus,minus,counterfactual_delete_post,55.54827969112189
gemma3-12b,g24p2_200,g24p2_200_plus,plus,base,66.54774540158276
gemma3-12b,g24p2_200,g24p2_200_plus,plus,admit_post,99.84373570194944
gemma3-12b,g24p2_200,g24p2_200_plus,plus,exclude_post,54.77322986210472
gemma3-12b,g24p2_200,g24p2_200_plus,plus,strong_exclude_post,52.93259517447821
gemma3-12b,g24p2_200,g24p2_200_plus,plus,counterfactual_delete_post,53.36653720679852
gemma3-12b,g24p2_200,g24p2_200_minus,minus,admit_post,55.33725759985839
gemma3-12b,g24p2_200,g24p2_200_minus,minus,exclude_post,55.62443559006166
gemma3-12b,g24p2_200,g24p2_200_minus,minus,strong_exclude_post,45.873181773141596
gemma3-12b,g24p2_200,g24p2_200_minus,minus,counterfactual_delete_post,46.040693288727304
gemma3-12b,g24p2_201,g24p2_201_plus,plus,base,0.03527577990197269
gemma3-12b,g24p2_201,g24p2_201_plus,plus,admit_post,64.11263532733786
gemma3-12b,g24p2_201,g24p2_201_plus,plus,exclude_post,53.92500662986375
gemma3-12b,g24p2_201,g24p2_201_plus,plus,strong_exclude_post,17.346507339511813
gemma3-12b,g24p2_201,g24p2_201_plus,plus,counterfactual_delete_post,23.86163585227378
gemma3-12b,g24p2_201,g24p2_201_minus,minus,admit_post,38.896297761022396
gemma3-12b,g24p2_201,g24p2_201_minus,minus,exclude_post,14.955576156244243
gemma3-12b,g24p2_201,g24p2_201_minus,minus,strong_exclude_post,8.662794491193885
gemma3-12b,g24p2_201,g24p2_201_minus,minus,counterfactual_delete_post,22.171913032809105
gemma3-12b,g24p2_202,g24p2_202_plus,plus,base,0.0006481942059402479
gemma3-12b,g24p2_202,g24p2_202_plus,plus,admit_post,99.99939281424253
gemma3-12b,g24p2_202,g24p2_202_plus,plus,exclude_post,0.00021060932758427977
gemma3-12b,g24p2_202,g24p2_202_plus,plus,strong_exclude_post,9.964217798795197e-05
gemma3-12b,g24p2_202,g24p2_202_plus,plus,counterfactual_delete_post,0.0743748570521417
gemma3-12b,g24p2_202,g24p2_202_minus,minus,admit_post,0.00014477991647272057
gemma3-12b,g24p2_202,g24p2_202_minus,minus,exclude_post,0.8146156742888501
gemma3-12b,g24p2_202,g24p2_202_minus,minus,strong_exclude_post,0.000943540403868656
gemma3-12b,g24p2_202,g24p2_202_minus,minus,counterfactual_delete_post,0.027483611979764275
gemma3-12b,g24p2_203,g24p2_203_plus,plus,base,66.65367922105473
gemma3-12b,g24p2_203,g24p2_203_plus,plus,admit_post,88.89067315796393
gemma3-12b,g24p2_203,g24p2_203_plus,plus,exclude_post,86.86228889086915
gemma3-12b,g24p2_203,g24p2_203_plus,plus,strong_exclude_post,55.50254507734509
gemma3-12b,g24p2_203,g24p2_203_plus,plus,counterfactual_delete_post,55.477810374199116
gemma3-12b,g24p2_203,g24p2_203_minus,minus,admit_post,0.01300463239318067
gemma3-12b,g24p2_203,g24p2_203_minus,minus,exclude_post,0.0037578627080767178
gemma3-12b,g24p2_203,g24p2_203_minus,minus,strong_exclude_post,55.541577936368235
gemma3-12b,g24p2_203,g24p2_203_minus,minus,counterfactual_delete_post,55.46608295929636
gemma3-12b,g24p2_204,g24p2_204_plus,plus,base,65.99310759315975
gemma3-12b,g24p2_204,g24p2_204_plus,plus,admit_post,88.04630578464676
gemma3-12b,g24p2_204,g24p2_204_plus,plus,exclude_post,55.33751762189445
gemma3-12b,g24p2_204,g24p2_204_plus,plus,strong_exclude_post,66.41123030756094
gemma3-12b,g24p2_204,g24p2_204_plus,plus,counterfactual_delete_post,55.568239708142784
gemma3-12b,g24p2_204,g24p2_204_minus,minus,admit_post,56.493637068741364
gemma3-12b,g24p2_204,g24p2_204_minus,minus,exclude_post,55.273340759755264
gemma3-12b,g24p2_204,g24p2_204_minus,minus,strong_exclude_post,66.25191426015199
gemma3-12b,g24p2_204,g24p2_204_minus,minus,counterfactual_delete_post,55.3637700179439
gemma3-12b,g24p2_207,g24p2_207_plus,plus,base,33.37630165793868
gemma3-12b,g24p2_207,g24p2_207_plus,plus,admit_post,66.72427368652875
gemma3-12b,g24p2_207,g24p2_207_plus,plus,exclude_post,33.70354233449253
gemma3-12b,g24p2_207,g24p2_207_plus,plus,strong_exclude_post,41.45685182786519
gemma3-12b,g24p2_207,g24p2_207_plus,plus,counterfactual_delete_post,43.12101722837433
gemma3-12b,g24p2_207,g24p2_207_minus,minus,admit_post,42.808773257669436
gemma3-12b,g24p2_207,g24p2_207_minus,minus,exclude_post,41.93208776899914
gemma3-12b,g24p2_207,g24p2_207_minus,minus,strong_exclude_post,32.01024413514231
gemma3-12b,g24p2_207,g24p2_207_minus,minus,counterfactual_delete_post,33.65679961181114
gemma3-12b,g24p2_208,g24p2_208_plus,plus,base,92.62357882279669
gemma3-12b,g24p2_208,g24p2_208_plus,plus,admit_post,90.21336196185445
gemma3-12b,g24p2_208,g24p2_208_plus,plus,exclude_post,99.87257948532316
gemma3-12b,g24p2_208,g24p2_208_plus,plus,strong_exclude_post,55.12980973751221
gemma3-12b,g24p2_208,g24p2_208_plus,plus,counterfactual_delete_post,55.55655510987482
gemma3-12b,g24p2_208,g24p2_208_minus,minus,admit_post,89.30362859102839
gemma3-12b,g24p2_208,g24p2_208_minus,minus,exclude_post,11.167052125098285
gemma3-12b,g24p2_208,g24p2_208_minus,minus,strong_exclude_post,55.53570243722749
gemma3-12b,g24p2_208,g24p2_208_minus,minus,counterfactual_delete_post,64.6425715828938
gemma3-12b,g24p2_211,g24p2_211_plus,plus,base,55.45985514576009
gemma3-12b,g24p2_211,g24p2_211_plus,plus,admit_post,87.24467720051132
gemma3-12b,g24p2_211,g24p2_211_plus,plus,exclude_post,53.92615993172431
gemma3-12b,g24p2_211,g24p2_211_plus,plus,strong_exclude_post,54.86573586271173
gemma3-12b,g24p2_211,g24p2_211_plus,plus,counterfactual_delete_post,31.009681182221396
gemma3-12b,g24p2_211,g24p2_211_minus,minus,admit_post,65.01188399503008
gemma3-12b,g24p2_211,g24p2_211_minus,minus,exclude_post,0.004253673441798064
gemma3-12b,g24p2_211,g24p2_211_minus,minus,strong_exclude_post,40.687432866195124
gemma3-12b,g24p2_211,g24p2_211_minus,minus,counterfactual_delete_post,0.7120020012970689
gemma3-12b,g24p2_213,g24p2_213_plus,plus,base,55.85746419884623
gemma3-12b,g24p2_213,g24p2_213_plus,plus,admit_post,99.98700155757861
gemma3-12b,g24p2_213,g24p2_213_plus,plus,exclude_post,99.68180658126461
gemma3-12b,g24p2_213,g24p2_213_plus,plus,strong_exclude_post,55.024962643790786
gemma3-12b,g24p2_213,g24p2_213_plus,plus,counterfactual_delete_post,55.53712255802396
gemma3-12b,g24p2_213,g24p2_213_minus,minus,admit_post,94.44273939653924
gemma3-12b,g24p2_213,g24p2_213_minus,minus,exclude_post,0.011132955817238034
gemma3-12b,g24p2_213,g24p2_213_minus,minus,strong_exclude_post,44.24578931095876
gemma3-12b,g24p2_213,g24p2_213_minus,minus,counterfactual_delete_post,55.53942923727612
gemma3-12b,g24p2_214,g24p2_214_plus,plus,base,10.8659254371579
gemma3-12b,g24p2_214,g24p2_214_plus,plus,admit_post,88.89573974085187
gemma3-12b,g24p2_214,g24p2_214_plus,plus,exclude_post,54.88888762753246
gemma3-12b,g24p2_214,g24p2_214_plus,plus,strong_exclude_post,53.403401454206495
gemma3-12b,g24p2_214,g24p2_214_plus,plus,counterfactual_delete_post,47.89248006694689
gemma3-12b,g24p2_214,g24p2_214_minus,minus,admit_post,88.8866481036111
gemma3-12b,g24p2_214,g24p2_214_minus,minus,exclude_post,52.30965206983475
gemma3-12b,g24p2_214,g24p2_214_minus,minus,strong_exclude_post,53.84577239744673
gemma3-12b,g24p2_214,g24p2_214_minus,minus,counterfactual_delete_post,38.90303946118311
gemma3-12b,g24p2_215,g24p2_215_plus,plus,base,56.21958626049914
gemma3-12b,g24p2_215,g24p2_215_plus,plus,admit_post,89.94832018976145
gemma3-12b,g24p2_215,g24p2_215_plus,plus,exclude_post,55.463243724914335
gemma3-12b,g24p2_215,g24p2_215_plus,plus,strong_exclude_post,55.59211300067454
gemma3-12b,g24p2_215,g24p2_215_plus,plus,counterfactual_delete_post,55.47535968060736
gemma3-12b,g24p2_215,g24p2_215_minus,minus,admit_post,66.41468023581609
gemma3-12b,g24p2_215,g24p2_215_minus,minus,exclude_post,52.215337788629036
gemma3-12b,g24p2_215,g24p2_215_minus,minus,strong_exclude_post,55.65613682996507
gemma3-12b,g24p2_215,g24p2_215_minus,minus,counterfactual_delete_post,55.441537176558775
gemma3-12b,g24p2_216,g24p2_216_plus,plus,base,85.9006512735333
gemma3-12b,g24p2_216,g24p2_216_plus,plus,admit_post,88.89112227567628
gemma3-12b,g24p2_216,g24p2_216_plus,plus,exclude_post,40.782419550898545
gemma3-12b,g24p2_216,g24p2_216_plus,plus,strong_exclude_post,55.56822137932533
gemma3-12b,g24p2_216,g24p2_216_plus,plus,counterfactual_delete_post,57.200743155231216
gemma3-12b,g24p2_216,g24p2_216_minus,minus,admit_post,77.89834467692326
gemma3-12b,g24p2_216,g24p2_216_minus,minus,exclude_post,55.53064085012947
gemma3-12b,g24p2_216,g24p2_216_minus,minus,strong_exclude_post,66.5109100949208
gemma3-12b,g24p2_216,g24p2_216_minus,minus,counterfactual_delete_post,55.53879463720978
gemma3-12b,g24p2_217,g24p2_217_plus,plus,base,92.45356951903365
gemma3-12b,g24p2_217,g24p2_217_plus,plus,admit_post,89.7317526384595
gemma3-12b,g24p2_217,g24p2_217_plus,plus,exclude_post,55.52975040545685
gemma3-12b,g24p2_217,g24p2_217_plus,plus,strong_exclude_post,88.9017703231569
gemma3-12b,g24p2_217,g24p2_217_plus,plus,counterfactual_delete_post,64.19172706104084
gemma3-12b,g24p2_217,g24p2_217_minus,minus,admit_post,89.1441914380868
gemma3-12b,g24p2_217,g24p2_217_minus,minus,exclude_post,88.90157513173926
gemma3-12b,g24p2_217,g24p2_217_minus,minus,strong_exclude_post,88.89057613857945
gemma3-12b,g24p2_217,g24p2_217_minus,minus,counterfactual_delete_post,65.02124193932003
gemma3-12b,g24p2_218,g24p2_218_plus,plus,base,55.51441610964264
gemma3-12b,g24p2_218,g24p2_218_plus,plus,admit_post,99.33236187648028
gemma3-12b,g24p2_218,g24p2_218_plus,plus,exclude_post,89.55635410519754
gemma3-12b,g24p2_218,g24p2_218_plus,plus,strong_exclude_post,48.69117421443785
gemma3-12b,g24p2_218,g24p2_218_plus,plus,counterfactual_delete_post,48.96830437357621
gemma3-12b,g24p2_218,g24p2_218_minus,minus,admit_post,22.117652394868557
gemma3-12b,g24p2_218,g24p2_218_minus,minus,exclude_post,54.204894459375595
gemma3-12b,g24p2_218,g24p2_218_minus,minus,strong_exclude_post,0.4784263732283988
gemma3-12b,g24p2_218,g24p2_218_minus,minus,counterfactual_delete_post,55.42414689789848
gemma3-12b,g24p2_219,g24p2_219_plus,plus,base,55.55285337070751
gemma3-12b,g24p2_219,g24p2_219_plus,plus,admit_post,99.96474032559364
gemma3-12b,g24p2_219,g24p2_219_plus,plus,exclude_post,55.49731713381313
gemma3-12b,g24p2_219,g24p2_219_plus,plus,strong_exclude_post,55.34261171337952
gemma3-12b,g24p2_219,g24p2_219_plus,plus,counterfactual_delete_post,55.528084040309835
gemma3-12b,g24p2_219,g24p2_219_minus,minus,admit_post,67.71282643768059
gemma3-12b,g24p2_219,g24p2_219_minus,minus,exclude_post,3.596075318922568
gemma3-12b,g24p2_219,g24p2_219_minus,minus,strong_exclude_post,55.34328139585434
gemma3-12b,g24p2_219,g24p2_219_minus,minus,counterfactual_delete_post,55.53673471730245
gemma3-12b,g24p2_220,g24p2_220_plus,plus,base,88.89134542861176
gemma3-12b,g24p2_220,g24p2_220_plus,plus,admit_post,88.93304390025487
gemma3-12b,g24p2_220,g24p2_220_plus,plus,exclude_post,55.5154697886219
gemma3-12b,g24p2_220,g24p2_220_plus,plus,strong_exclude_post,55.52604941333132
gemma3-12b,g24p2_220,g24p2_220_plus,plus,counterfactual_delete_post,55.53726353997762
gemma3-12b,g24p2_220,g24p2_220_minus,minus,admit_post,0.20021120583150456
gemma3-12b,g24p2_220,g24p2_220_minus,minus,exclude_post,52.19669209606822
gemma3-12b,g24p2_220,g24p2_220_minus,minus,strong_exclude_post,55.5135606552096
gemma3-12b,g24p2_220,g24p2_220_minus,minus,counterfactual_delete_post,55.54283614924675
gemma3-12b,g24p2_223,g24p2_223_plus,plus,base,0.010127481527920293
gemma3-12b,g24p2_223,g24p2_223_plus,plus,admit_post,61.26927896049467
gemma3-12b,g24p2_223,g24p2_223_plus,plus,exclude_post,46.35455986665752
gemma3-12b,g24p2_223,g24p2_223_plus,plus,strong_exclude_post,0.004231043528676422
gemma3-12b,g24p2_223,g24p2_223_plus,plus,counterfactual_delete_post,8.123237704769707
gemma3-12b,g24p2_223,g24p2_223_minus,minus,admit_post,0.0006531836285914223
gemma3-12b,g24p2_223,g24p2_223_minus,minus,exclude_post,17.833913925478154
gemma3-12b,g24p2_223,g24p2_223_minus,minus,strong_exclude_post,0.0018558965715589676
gemma3-12b,g24p2_223,g24p2_223_minus,minus,counterfactual_delete_post,0.41476064162014853
gemma3-12b,g24p2_224,g24p2_224_plus,plus,base,68.30942618559672
gemma3-12b,g24p2_224,g24p2_224_plus,plus,admit_post,99.94199479373732
gemma3-12b,g24p2_224,g24p2_224_plus,plus,exclude_post,89.41211506024139
gemma3-12b,g24p2_224,g24p2_224_plus,plus,strong_exclude_post,55.57964981133456
gemma3-12b,g24p2_224,g24p2_224_plus,plus,counterfactual_delete_post,56.06632850243198
gemma3-12b,g24p2_224,g24p2_224_minus,minus,admit_post,63.50300381043233
gemma3-12b,g24p2_224,g24p2_224_minus,minus,exclude_post,65.56888846086537
gemma3-12b,g24p2_224,g24p2_224_minus,minus,strong_exclude_post,55.28361438889985
gemma3-12b,g24p2_224,g24p2_224_minus,minus,counterfactual_delete_post,56.19595489138348
gemma3-12b,g24p2_225,g24p2_225_plus,plus,base,73.58167802450045
gemma3-12b,g24p2_225,g24p2_225_plus,plus,admit_post,77.93300226883566
gemma3-12b,g24p2_225,g24p2_225_plus,plus,exclude_post,55.567458935336276
gemma3-12b,g24p2_225,g24p2_225_plus,plus,strong_exclude_post,55.60840544113762
gemma3-12b,g24p2_225,g24p2_225_plus,plus,counterfactual_delete_post,55.49979952144638
gemma3-12b,g24p2_225,g24p2_225_minus,minus,admit_post,88.79407678208501
gemma3-12b,g24p2_225,g24p2_225_minus,minus,exclude_post,55.52534536796301
gemma3-12b,g24p2_225,g24p2_225_minus,minus,strong_exclude_post,57.196388295586274
gemma3-12b,g24p2_225,g24p2_225_minus,minus,counterfactual_delete_post,55.615486214767046
gemma3-12b,g24p2_227,g24p2_227_plus,plus,base,88.9241040994672
gemma3-12b,g24p2_227,g24p2_227_plus,plus,admit_post,98.9405607470431
gemma3-12b,g24p2_227,g24p2_227_plus,plus,exclude_post,55.634418661346295
gemma3-12b,g24p2_227,g24p2_227_plus,plus,strong_exclude_post,55.50944827517947
gemma3-12b,g24p2_227,g24p2_227_plus,plus,counterfactual_delete_post,55.52847686890967
gemma3-12b,g24p2_227,g24p2_227_minus,minus,admit_post,11.040738317942562
gemma3-12b,g24p2_227,g24p2_227_minus,minus,exclude_post,0.8609349351446014
gemma3-12b,g24p2_227,g24p2_227_minus,minus,strong_exclude_post,55.515535869750664
gemma3-12b,g24p2_227,g24p2_227_minus,minus,counterfactual_delete_post,55.542261527270874
gemma3-12b,g24p2_228,g24p2_228_plus,plus,base,66.57125045192782
gemma3-12b,g24p2_228,g24p2_228_plus,plus,admit_post,81.3423835892325
gemma3-12b,g24p2_228,g24p2_228_plus,plus,exclude_post,77.25185295118914
gemma3-12b,g24p2_228,g24p2_228_plus,plus,strong_exclude_post,41.45787882373816
gemma3-12b,g24p2_228,g24p2_228_plus,plus,counterfactual_delete_post,55.55551750528121
gemma3-12b,g24p2_228,g24p2_228_minus,minus,admit_post,88.36195884666316
gemma3-12b,g24p2_228,g24p2_228_minus,minus,exclude_post,53.40442888439333
gemma3-12b,g24p2_228,g24p2_228_minus,minus,strong_exclude_post,12.507411206297867
gemma3-12b,g24p2_228,g24p2_228_minus,minus,counterfactual_delete_post,44.444396807795144
gemma3-12b,g24p2_230,g24p2_230_plus,plus,base,88.88157045935459
gemma3-12b,g24p2_230,g24p2_230_plus,plus,admit_post,88.83130591337171
gemma3-12b,g24p2_230,g24p2_230_plus,plus,exclude_post,55.47836667432984
gemma3-12b,g24p2_230,g24p2_230_plus,plus,strong_exclude_post,89.14414519032323
gemma3-12b,g24p2_230,g24p2_230_plus,plus,counterfactual_delete_post,55.420978043787144
gemma3-12b,g24p2_230,g24p2_230_minus,minus,admit_post,0.4149090590074907
gemma3-12b,g24p2_230,g24p2_230_minus,minus,exclude_post,20.757512652928785
gemma3-12b,g24p2_230,g24p2_230_minus,minus,strong_exclude_post,76.72059276515161
gemma3-12b,g24p2_230,g24p2_230_minus,minus,counterfactual_delete_post,58.054809857762294
gemma3-12b,g24p2_231,g24p2_231_plus,plus,base,89.55632132325323
gemma3-12b,g24p2_231,g24p2_231_plus,plus,admit_post,88.96321235191594
gemma3-12b,g24p2_231,g24p2_231_plus,plus,exclude_post,91.861614855628
gemma3-12b,g24p2_231,g24p2_231_plus,plus,strong_exclude_post,55.548099818770616
gemma3-12b,g24p2_231,g24p2_231_plus,plus,counterfactual_delete_post,55.54841846441002
gemma3-12b,g24p2_231,g24p2_231_minus,minus,admit_post,89.04510983321204
gemma3-12b,g24p2_231,g24p2_231_minus,minus,exclude_post,94.43188523147725
gemma3-12b,g24p2_231,g24p2_231_minus,minus,strong_exclude_post,55.53613804619845
gemma3-12b,g24p2_231,g24p2_231_minus,minus,counterfactual_delete_post,55.53079462086031
gemma3-12b,g24p2_232,g24p2_232_plus,plus,base,3.6973350059270335e-05
gemma3-12b,g24p2_232,g24p2_232_plus,plus,admit_post,99.99990294401893
gemma3-12b,g24p2_232,g24p2_232_plus,plus,exclude_post,99.99967823946508
gemma3-12b,g24p2_232,g24p2_232_plus,plus,strong_exclude_post,55.4932643643787
gemma3-12b,g24p2_232,g24p2_232_plus,plus,counterfactual_delete_post,55.532771064573325
gemma3-12b,g24p2_232,g24p2_232_minus,minus,admit_post,0.0006557128893205639
gemma3-12b,g24p2_232,g24p2_232_minus,minus,exclude_post,1.8373567028913632e-05
gemma3-12b,g24p2_232,g24p2_232_minus,minus,strong_exclude_post,55.501961617815276
gemma3-12b,g24p2_232,g24p2_232_minus,minus,counterfactual_delete_post,55.535870673716516
gemma3-12b,g24p2_233,g24p2_233_plus,plus,base,88.64139531362696
gemma3-12b,g24p2_233,g24p2_233_plus,plus,admit_post,99.99961911399507
gemma3-12b,g24p2_233,g24p2_233_plus,plus,exclude_post,95.13022639194436
gemma3-12b,g24p2_233,g24p2_233_plus,plus,strong_exclude_post,55.53241402121411
gemma3-12b,g24p2_233,g24p2_233_plus,plus,counterfactual_delete_post,55.52850266867436
gemma3-12b,g24p2_233,g24p2_233_minus,minus,admit_post,0.002563806828990531
gemma3-12b,g24p2_233,g24p2_233_minus,minus,exclude_post,55.47142105156536
gemma3-12b,g24p2_233,g24p2_233_minus,minus,strong_exclude_post,98.35473397985815
gemma3-12b,g24p2_233,g24p2_233_minus,minus,counterfactual_delete_post,55.15546505210667
gemma3-12b,g24p2_234,g24p2_234_plus,plus,base,66.6435300885537
gemma3-12b,g24p2_234,g24p2_234_plus,plus,admit_post,79.10171762252867
gemma3-12b,g24p2_234,g24p2_234_plus,plus,exclude_post,54.27666896733203
gemma3-12b,g24p2_234,g24p2_234_plus,plus,strong_exclude_post,59.74651210359816
gemma3-12b,g24p2_234,g24p2_234_plus,plus,counterfactual_delete_post,55.428587570049295
gemma3-12b,g24p2_234,g24p2_234_minus,minus,admit_post,61.757550279591186
gemma3-12b,g24p2_234,g24p2_234_minus,minus,exclude_post,55.33623712116373
gemma3-12b,g24p2_234,g24p2_234_minus,minus,strong_exclude_post,77.25273592849504
gemma3-12b,g24p2_234,g24p2_234_minus,minus,counterfactual_delete_post,55.529365973092176
gemma3-12b,g24p2_235,g24p2_235_plus,plus,base,55.51968982710312
gemma3-12b,g24p2_235,g24p2_235_plus,plus,admit_post,99.90464324168946
gemma3-12b,g24p2_235,g24p2_235_plus,plus,exclude_post,88.81170870049783
gemma3-12b,g24p2_235,g24p2_235_plus,plus,strong_exclude_post,55.47254269363818
gemma3-12b,g24p2_235,g24p2_235_plus,plus,counterfactual_delete_post,55.54927914727846
gemma3-12b,g24p2_235,g24p2_235_minus,minus,admit_post,3.701993249005457e-05
gemma3-12b,g24p2_235,g24p2_235_minus,minus,exclude_post,55.50854388834725
gemma3-12b,g24p2_235,g24p2_235_minus,minus,strong_exclude_post,55.45245875248209
gemma3-12b,g24p2_235,g24p2_235_minus,minus,counterfactual_delete_post,55.54064123841554
gemma3-12b,g24p2_237,g24p2_237_plus,plus,base,55.55491219764786
gemma3-12b,g24p2_237,g24p2_237_plus,plus,admit_post,99.99708890155756
gemma3-12b,g24p2_237,g24p2_237_plus,plus,exclude_post,49.01267752687422
gemma3-12b,g24p2_237,g24p2_237_plus,plus,strong_exclude_post,55.53669133083564
gemma3-12b,g24p2_237,g24p2_237_plus,plus,counterfactual_delete_post,55.51070577174196
gemma3-12b,g24p2_237,g24p2_237_minus,minus,admit_post,0.15651290548834054
gemma3-12b,g24p2_237,g24p2_237_minus,minus,exclude_post,55.532401117835
gemma3-12b,g24p2_237,g24p2_237_minus,minus,strong_exclude_post,55.531776748350055
gemma3-12b,g24p2_237,g24p2_237_minus,minus,counterfactual_delete_post,55.54634925209201
gemma3-12b,g24p2_238,g24p2_238_plus,plus,base,0.0002765650304517658
gemma3-12b,g24p2_238,g24p2_238_plus,plus,admit_post,99.99957455116106
gemma3-12b,g24p2_238,g24p2_238_plus,plus,exclude_post,6.714479676226826
gemma3-12b,g24p2_238,g24p2_238_plus,plus,strong_exclude_post,54.27724818273827
gemma3-12b,g24p2_238,g24p2_238_plus,plus,counterfactual_delete_post,55.51488888907435
gemma3-12b,g24p2_238,g24p2_238_minus,minus,admit_post,2.529377950851754e-05
gemma3-12b,g24p2_238,g24p2_238_minus,minus,exclude_post,2.0079632392286133e-05
gemma3-12b,g24p2_238,g24p2_238_minus,minus,strong_exclude_post,55.22780264632046
gemma3-12b,g24p2_238,g24p2_238_minus,minus,counterfactual_delete_post,55.544495728822135
gemma3-12b,g24p2_239,g24p2_239_plus,plus,base,0.035263519430891004
gemma3-12b,g24p2_239,g24p2_239_plus,plus,admit_post,0.0037606924554401955
gemma3-12b,g24p2_239,g24p2_239_plus,plus,exclude_post,0.007982555195605437
gemma3-12b,g24p2_239,g24p2_239_plus,plus,strong_exclude_post,55.53148853159041
gemma3-12b,g24p2_239,g24p2_239_plus,plus,counterfactual_delete_post,55.54618475566141
gemma3-12b,g24p2_239,g24p2_239_minus,minus,admit_post,0.00012838886709621948
gemma3-12b,g24p2_239,g24p2_239_minus,minus,exclude_post,5.419755088496658e-05
gemma3-12b,g24p2_239,g24p2_239_minus,minus,strong_exclude_post,55.50602584295209
gemma3-12b,g24p2_239,g24p2_239_minus,minus,counterfactual_delete_post,55.54742936449707
gemma3-12b,g24p2_240,g24p2_240_plus,plus,base,65.81838140035714
gemma3-12b,g24p2_240,g24p2_240_plus,plus,admit_post,88.864314574063
gemma3-12b,g24p2_240,g24p2_240_plus,plus,exclude_post,55.23852976934762
gemma3-12b,g24p2_240,g24p2_240_plus,plus,strong_exclude_post,56.37111885373613
gemma3-12b,g24p2_240,g24p2_240_plus,plus,counterfactual_delete_post,45.88843030545966
gemma3-12b,g24p2_240,g24p2_240_minus,minus,admit_post,15.023646350207384
gemma3-12b,g24p2_240,g24p2_240_minus,minus,exclude_post,8.707456036296437
gemma3-12b,g24p2_240,g24p2_240_minus,minus,strong_exclude_post,33.993311476711476
gemma3-12b,g24p2_240,g24p2_240_minus,minus,counterfactual_delete_post,45.76938038023465
gemma3-12b,g24p2_242,g24p2_242_plus,plus,base,55.5358322708648
gemma3-12b,g24p2_242,g24p2_242_plus,plus,admit_post,89.14419007052697
gemma3-12b,g24p2_242,g24p2_242_plus,plus,exclude_post,89.94461071950748
gemma3-12b,g24p2_242,g24p2_242_plus,plus,strong_exclude_post,55.53854198316002
gemma3-12b,g24p2_242,g24p2_242_plus,plus,counterfactual_delete_post,55.46775089647459
gemma3-12b,g24p2_242,g24p2_242_minus,minus,admit_post,0.004840961898990192
gemma3-12b,g24p2_242,g24p2_242_minus,minus,exclude_post,21.002072588164875
gemma3-12b,g24p2_242,g24p2_242_minus,minus,strong_exclude_post,55.472673366254426
gemma3-12b,g24p2_242,g24p2_242_minus,minus,counterfactual_delete_post,55.52120541623309
gemma3-12b,g24p2_245,g24p2_245_plus,plus,base,0.0023081466381117697
gemma3-12b,g24p2_245,g24p2_245_plus,plus,admit_post,99.99992809937243
gemma3-12b,g24p2_245,g24p2_245_plus,plus,exclude_post,5.023015758749569e-05
gemma3-12b,g24p2_245,g24p2_245_plus,plus,strong_exclude_post,55.39514961356268
gemma3-12b,g24p2_245,g24p2_245_plus,plus,counterfactual_delete_post,55.54207771865963
gemma3-12b,g24p2_245,g24p2_245_minus,minus,admit_post,3.731175362431379e-05
gemma3-12b,g24p2_245,g24p2_245_minus,minus,exclude_post,3.0211688671027705e-05
gemma3-12b,g24p2_245,g24p2_245_minus,minus,strong_exclude_post,55.29410246546084
gemma3-12b,g24p2_245,g24p2_245_minus,minus,counterfactual_delete_post,55.54446472399703
gemma3-12b,g24p2_246,g24p2_246_plus,plus,base,55.41297580291735
gemma3-12b,g24p2_246,g24p2_246_plus,plus,admit_post,99.99995769423471
gemma3-12b,g24p2_246,g24p2_246_plus,plus,exclude_post,55.33334199489766
gemma3-12b,g24p2_246,g24p2_246_plus,plus,strong_exclude_post,55.51766359430087
gemma3-12b,g24p2_246,g24p2_246_plus,plus,counterfactual_delete_post,55.54652763795601
gemma3-12b,g24p2_246,g24p2_246_minus,minus,admit_post,0.00046194838737652545
gemma3-12b,g24p2_246,g24p2_246_minus,minus,exclude_post,2.724773731660102e-05
gemma3-12b,g24p2_246,g24p2_246_minus,minus,strong_exclude_post,55.542637319356025
gemma3-12b,g24p2_246,g24p2_246_minus,minus,counterfactual_delete_post,55.54387668176068
gemma3-12b,g24p2_247,g24p2_247_plus,plus,base,88.90847023329019
gemma3-12b,g24p2_247,g24p2_247_plus,plus,admit_post,99.99981572305043
gemma3-12b,g24p2_247,g24p2_247_plus,plus,exclude_post,99.99873467086621
gemma3-12b,g24p2_247,g24p2_247_plus,plus,strong_exclude_post,77.8684139568218
gemma3-12b,g24p2_247,g24p2_247_plus,plus,counterfactual_delete_post,59.10979174561882
gemma3-12b,g24p2_247,g24p2_247_minus,minus,admit_post,99.97856470918852
gemma3-12b,g24p2_247,g24p2_247_minus,minus,exclude_post,55.50834607361907
gemma3-12b,g24p2_247,g24p2_247_minus,minus,strong_exclude_post,74.21342762758348
gemma3-12b,g24p2_247,g24p2_247_minus,minus,counterfactual_delete_post,56.055489374482846
gemma3-12b,g24p2_248,g24p2_248_plus,plus,base,40.61651822672559
gemma3-12b,g24p2_248,g24p2_248_plus,plus,admit_post,88.891337343252
gemma3-12b,g24p2_248,g24p2_248_plus,plus,exclude_post,55.378292811870665
gemma3-12b,g24p2_248,g24p2_248_plus,plus,strong_exclude_post,22.827733517335048
gemma3-12b,g24p2_248,g24p2_248_plus,plus,counterfactual_delete_post,55.49106004857877
gemma3-12b,g24p2_248,g24p2_248_minus,minus,admit_post,76.45393223400589
gemma3-12b,g24p2_248,g24p2_248_minus,minus,exclude_post,0.06087365584236729
gemma3-12b,g24p2_248,g24p2_248_minus,minus,strong_exclude_post,55.00466484212322
gemma3-12b,g24p2_248,g24p2_248_minus,minus,counterfactual_delete_post,55.32073103124987
gemma3-12b,g24p2_250,g24p2_250_plus,plus,base,88.89667280365141
gemma3-12b,g24p2_250,g24p2_250_plus,plus,admit_post,96.43531470749106
gemma3-12b,g24p2_250,g24p2_250_plus,plus,exclude_post,55.5038108932646
gemma3-12b,g24p2_250,g24p2_250_plus,plus,strong_exclude_post,55.52841297711917
gemma3-12b,g24p2_250,g24p2_250_plus,plus,counterfactual_delete_post,55.527551556573854
gemma3-12b,g24p2_250,g24p2_250_minus,minus,admit_post,0.010199332436972644
gemma3-12b,g24p2_250,g24p2_250_minus,minus,exclude_post,55.47143582755918
gemma3-12b,g24p2_250,g24p2_250_minus,minus,strong_exclude_post,55.525561100028966
gemma3-12b,g24p2_250,g24p2_250_minus,minus,counterfactual_delete_post,55.543668001865996
gemma3-12b,g24p2_252,g24p2_252_plus,plus,base,55.54971886890338
gemma3-12b,g24p2_252,g24p2_252_plus,plus,admit_post,99.99894689146618
gemma3-12b,g24p2_252,g24p2_252_plus,plus,exclude_post,53.93061699119563
gemma3-12b,g24p2_252,g24p2_252_plus,plus,strong_exclude_post,55.50887585526217
gemma3-12b,g24p2_252,g24p2_252_plus,plus,counterfactual_delete_post,55.54227364023066
gemma3-12b,g24p2_252,g24p2_252_minus,minus,admit_post,4.762515791841005e-05
gemma3-12b,g24p2_252,g24p2_252_minus,minus,exclude_post,1.7972910885091214e-05
gemma3-12b,g24p2_252,g24p2_252_minus,minus,strong_exclude_post,55.53404096458125
gemma3-12b,g24p2_252,g24p2_252_minus,minus,counterfactual_delete_post,55.52992014962897
gemma3-12b,g24p2_254,g24p2_254_plus,plus,base,56.61147461870335
gemma3-12b,g24p2_254,g24p2_254_plus,plus,admit_post,77.77734081359338
gemma3-12b,g24p2_254,g24p2_254_plus,plus,exclude_post,55.515764178910494
gemma3-12b,g24p2_254,g24p2_254_plus,plus,strong_exclude_post,55.529932481735344
gemma3-12b,g24p2_254,g24p2_254_plus,plus,counterfactual_delete_post,55.496312416419556
gemma3-12b,g24p2_254,g24p2_254_minus,minus,admit_post,77.76677850836457
gemma3-12b,g24p2_254,g24p2_254_minus,minus,exclude_post,55.17923797799464
gemma3-12b,g24p2_254,g24p2_254_minus,minus,strong_exclude_post,55.495143472364745
gemma3-12b,g24p2_254,g24p2_254_minus,minus,counterfactual_delete_post,55.429630717548974
gemma3-12b,g24p2_255,g24p2_255_plus,plus,base,0.0003957214028424439
gemma3-12b,g24p2_255,g24p2_255_plus,plus,admit_post,99.99995579954256
gemma3-12b,g24p2_255,g24p2_255_plus,plus,exclude_post,99.99897507787827
gemma3-12b,g24p2_255,g24p2_255_plus,plus,strong_exclude_post,99.9969957259366
gemma3-12b,g24p2_255,g24p2_255_plus,plus,counterfactual_delete_post,55.538686271349775
gemma3-12b,g24p2_255,g24p2_255_minus,minus,admit_post,0.0009536752231887349
gemma3-12b,g24p2_255,g24p2_255_minus,minus,exclude_post,2.03603064233393e-05
gemma3-12b,g24p2_255,g24p2_255_minus,minus,strong_exclude_post,1.3849499287711377e-05
gemma3-12b,g24p2_255,g24p2_255_minus,minus,counterfactual_delete_post,55.54329522750298
gemma3-12b,g24p2_258,g24p2_258_plus,plus,base,15.445182264987134
gemma3-12b,g24p2_258,g24p2_258_plus,plus,admit_post,99.99987298190891
gemma3-12b,g24p2_258,g24p2_258_plus,plus,exclude_post,82.15971814241462
gemma3-12b,g24p2_258,g24p2_258_plus,plus,strong_exclude_post,55.541460283410885
gemma3-12b,g24p2_258,g24p2_258_plus,plus,counterfactual_delete_post,55.5409465914033
gemma3-12b,g24p2_258,g24p2_258_minus,minus,admit_post,0.5544122282750867
gemma3-12b,g24p2_258,g24p2_258_minus,minus,exclude_post,47.651144140278305
gemma3-12b,g24p2_258,g24p2_258_minus,minus,strong_exclude_post,55.51884729165286
gemma3-12b,g24p2_258,g24p2_258_minus,minus,counterfactual_delete_post,55.5119620236633
gemma3-12b,g24p2_259,g24p2_259_plus,plus,base,55.389406515122126
gemma3-12b,g24p2_259,g24p2_259_plus,plus,admit_post,99.99521156817819
gemma3-12b,g24p2_259,g24p2_259_plus,plus,exclude_post,88.97568246901388
gemma3-12b,g24p2_259,g24p2_259_plus,plus,strong_exclude_post,55.43608377584611
gemma3-12b,g24p2_259,g24p2_259_plus,plus,counterfactual_delete_post,54.39375664089908
gemma3-12b,g24p2_259,g24p2_259_minus,minus,admit_post,99.99626155262257
gemma3-12b,g24p2_259,g24p2_259_minus,minus,exclude_post,0.014027027948410105
gemma3-12b,g24p2_259,g24p2_259_minus,minus,strong_exclude_post,53.89691912763672
gemma3-12b,g24p2_259,g24p2_259_minus,minus,counterfactual_delete_post,55.5091043858526
gemma3-12b,g24p2_260,g24p2_260_plus,plus,base,55.52918949091402
gemma3-12b,g24p2_260,g24p2_260_plus,plus,admit_post,88.94687678502618
gemma3-12b,g24p2_260,g24p2_260_plus,plus,exclude_post,45.43354049908025
gemma3-12b,g24p2_260,g24p2_260_plus,plus,strong_exclude_post,54.467885238326375
gemma3-12b,g24p2_260,g24p2_260_plus,plus,counterfactual_delete_post,53.75040620738936
gemma3-12b,g24p2_260,g24p2_260_minus,minus,admit_post,64.15960780601733
gemma3-12b,g24p2_260,g24p2_260_minus,minus,exclude_post,55.39794269108913
gemma3-12b,g24p2_260,g24p2_260_minus,minus,strong_exclude_post,55.543538075015874
gemma3-12b,g24p2_260,g24p2_260_minus,minus,counterfactual_delete_post,55.53635275409576
gemma3-12b,g24p2_261,g24p2_261_plus,plus,base,68.31137077285945
gemma3-12b,g24p2_261,g24p2_261_plus,plus,admit_post,99.99303442056956
gemma3-12b,g24p2_261,g24p2_261_plus,plus,exclude_post,98.24962856009607
gemma3-12b,g24p2_261,g24p2_261_plus,plus,strong_exclude_post,55.388561149019964
gemma3-12b,g24p2_261,g24p2_261_plus,plus,counterfactual_delete_post,49.89727836958765
gemma3-12b,g24p2_261,g24p2_261_minus,minus,admit_post,4.211763165258526
gemma3-12b,g24p2_261,g24p2_261_minus,minus,exclude_post,6.998255430533614
gemma3-12b,g24p2_261,g24p2_261_minus,minus,strong_exclude_post,55.40618499213994
gemma3-12b,g24p2_261,g24p2_261_minus,minus,counterfactual_delete_post,55.52844394555065
qwen3-8b,g24p2_000,g24p2_000_plus,plus,base,67.3332322332738
qwen3-8b,g24p2_000,g24p2_000_plus,plus,admit_post,99.9999973520766
qwen3-8b,g24p2_000,g24p2_000_plus,plus,exclude_post,3.2994151802089093
qwen3-8b,g24p2_000,g24p2_000_plus,plus,strong_exclude_post,2.8043234613868986
qwen3-8b,g24p2_000,g24p2_000_plus,plus,counterfactual_delete_post,67.72386743664705
qwen3-8b,g24p2_000,g24p2_000_minus,minus,admit_post,6.467699435564078e-08
qwen3-8b,g24p2_000,g24p2_000_minus,minus,exclude_post,2.437640875875558e-10
qwen3-8b,g24p2_000,g24p2_000_minus,minus,strong_exclude_post,1.1556736066693005e-05
qwen3-8b,g24p2_000,g24p2_000_minus,minus,counterfactual_delete_post,0.00012389373381561735
qwen3-8b,g24p2_001,g24p2_001_plus,plus,base,99.99999991986267
qwen3-8b,g24p2_001,g24p2_001_plus,plus,admit_post,99.99999999997905
qwen3-8b,g24p2_001,g24p2_001_plus,plus,exclude_post,99.99970970857372
qwen3-8b,g24p2_001,g24p2_001_plus,plus,strong_exclude_post,99.99988725924466
qwen3-8b,g24p2_001,g24p2_001_plus,plus,counterfactual_delete_post,99.94199741321762
qwen3-8b,g24p2_001,g24p2_001_minus,minus,admit_post,2.7126799956349404e-09
qwen3-8b,g24p2_001,g24p2_001_minus,minus,exclude_post,2.2295756275547434e-10
qwen3-8b,g24p2_001,g24p2_001_minus,minus,strong_exclude_post,8.767919056546056e-06
qwen3-8b,g24p2_001,g24p2_001_minus,minus,counterfactual_delete_post,30.34256093259157
qwen3-8b,g24p2_002,g24p2_002_plus,plus,base,98.35502697710804
qwen3-8b,g24p2_002,g24p2_002_plus,plus,admit_post,99.99999735252176
qwen3-8b,g24p2_002,g24p2_002_plus,plus,exclude_post,83.72814807310766
qwen3-8b,g24p2_002,g24p2_002_plus,plus,strong_exclude_post,34.06051390206654
qwen3-8b,g24p2_002,g24p2_002_plus,plus,counterfactual_delete_post,66.65896667439058
qwen3-8b,g24p2_002,g24p2_002_minus,minus,admit_post,77.78433450138314
qwen3-8b,g24p2_002,g24p2_002_minus,minus,exclude_post,57.19688892238545
qwen3-8b,g24p2_002,g24p2_002_minus,minus,strong_exclude_post,66.99217306659831
qwen3-8b,g24p2_002,g24p2_002_minus,minus,counterfactual_delete_post,55.67284847333501
qwen3-8b,g24p2_003,g24p2_003_plus,plus,base,66.59405087871721
qwen3-8b,g24p2_003,g24p2_003_plus,plus,admit_post,99.99999999997905
qwen3-8b,g24p2_003,g24p2_003_plus,plus,exclude_post,88.15270697484117
qwen3-8b,g24p2_003,g24p2_003_plus,plus,strong_exclude_post,33.32883013148236
qwen3-8b,g24p2_003,g24p2_003_plus,plus,counterfactual_delete_post,40.955382215274305
qwen3-8b,g24p2_003,g24p2_003_minus,minus,admit_post,99.99999997058904
qwen3-8b,g24p2_003,g24p2_003_minus,minus,exclude_post,88.21976923616482
qwen3-8b,g24p2_003,g24p2_003_minus,minus,strong_exclude_post,74.21086939754237
qwen3-8b,g24p2_003,g24p2_003_minus,minus,counterfactual_delete_post,77.89507001964813
qwen3-8b,g24p2_004,g24p2_004_plus,plus,base,67.72437167145588
qwen3-8b,g24p2_004,g24p2_004_plus,plus,admit_post,99.99999999999713
qwen3-8b,g24p2_004,g24p2_004_plus,plus,exclude_post,99.99999999997263
qwen3-8b,g24p2_004,g24p2_004_plus,plus,strong_exclude_post,1.0819051935789602e-06
qwen3-8b,g24p2_004,g24p2_004_plus,plus,counterfactual_delete_post,54.04259647914275
qwen3-8b,g24p2_004,g24p2_004_minus,minus,admit_post,88.84363917023474
qwen3-8b,g24p2_004,g24p2_004_minus,minus,exclude_post,77.00033035496482
qwen3-8b,g24p2_004,g24p2_004_minus,minus,strong_exclude_post,65.15479219126269
qwen3-8b,g24p2_004,g24p2_004_minus,minus,counterfactual_delete_post,55.33095303124574
qwen3-8b,g24p2_005,g24p2_005_plus,plus,base,0.13124767292241768
qwen3-8b,g24p2_005,g24p2_005_plus,plus,admit_post,99.9998873984575
qwen3-8b,g24p2_005,g24p2_005_plus,plus,exclude_post,36.44529217909056
qwen3-8b,g24p2_005,g24p2_005_plus,plus,strong_exclude_post,0.007106555434865474
qwen3-8b,g24p2_005,g24p2_005_plus,plus,counterfactual_delete_post,18.747506805305974
qwen3-8b,g24p2_005,g24p2_005_minus,minus,admit_post,52.205728700817815
qwen3-8b,g24p2_005,g24p2_005_minus,minus,exclude_post,2.37972000964668e-06
qwen3-8b,g24p2_005,g24p2_005_minus,minus,strong_exclude_post,28.329444795086552
qwen3-8b,g24p2_005,g24p2_005_minus,minus,counterfactual_delete_post,7.80723626170025e-05
qwen3-8b,g24p2_006,g24p2_006_plus,plus,base,66.91799478080435
qwen3-8b,g24p2_006,g24p2_006_plus,plus,admit_post,79.80469817755255
qwen3-8b,g24p2_006,g24p2_006_plus,plus,exclude_post,54.888726885518366
qwen3-8b,g24p2_006,g24p2_006_plus,plus,strong_exclude_post,55.53840259799301
qwen3-8b,g24p2_006,g24p2_006_plus,plus,counterfactual_delete_post,55.871119357030864
qwen3-8b,g24p2_006,g24p2_006_minus,minus,admit_post,42.82617895825663
qwen3-8b,g24p2_006,g24p2_006_minus,minus,exclude_post,42.11515272902386
qwen3-8b,g24p2_006,g24p2_006_minus,minus,strong_exclude_post,55.232790535149256
qwen3-8b,g24p2_006,g24p2_006_minus,minus,counterfactual_delete_post,60.41975927331012
qwen3-8b,g24p2_010,g24p2_010_plus,plus,base,77.55359294903175
qwen3-8b,g24p2_010,g24p2_010_plus,plus,admit_post,99.99997488443083
qwen3-8b,g24p2_010,g24p2_010_plus,plus,exclude_post,28.074656195810824
qwen3-8b,g24p2_010,g24p2_010_plus,plus,strong_exclude_post,53.957580907266305
qwen3-8b,g24p2_010,g24p2_010_plus,plus,counterfactual_delete_post,55.60850640020034
qwen3-8b,g24p2_010,g24p2_010_minus,minus,admit_post,54.838429464985595
qwen3-8b,g24p2_010,g24p2_010_minus,minus,exclude_post,0.23911814346192595
qwen3-8b,g24p2_010,g24p2_010_minus,minus,strong_exclude_post,75.29588943379323
qwen3-8b,g24p2_010,g24p2_010_minus,minus,counterfactual_delete_post,57.58147773517463
qwen3-8b,g24p2_011,g24p2_011_plus,plus,base,3.860361647571527e-05
qwen3-8b,g24p2_011,g24p2_011_plus,plus,admit_post,99.99999999997904
qwen3-8b,g24p2_011,g24p2_011_plus,plus,exclude_post,99.99977391021666
qwen3-8b,g24p2_011,g24p2_011_plus,plus,strong_exclude_post,5.692895707041097
qwen3-8b,g24p2_011,g24p2_011_plus,plus,counterfactual_delete_post,99.9256309162574
qwen3-8b,g24p2_011,g24p2_011_minus,minus,admit_post,25.568253755216663
qwen3-8b,g24p2_011,g24p2_011_minus,minus,exclude_post,0.03524338433828579
qwen3-8b,g24p2_011,g24p2_011_minus,minus,strong_exclude_post,0.03253498562237764
qwen3-8b,g24p2_011,g24p2_011_minus,minus,counterfactual_delete_post,64.19528534606738
qwen3-8b,g24p2_012,g24p2_012_plus,plus,base,99.99999999601422
qwen3-8b,g24p2_012,g24p2_012_plus,plus,admit_post,99.99999999999528
qwen3-8b,g24p2_012,g24p2_012_plus,plus,exclude_post,1.0885059216348116
qwen3-8b,g24p2_012,g24p2_012_plus,plus,strong_exclude_post,99.99773440285139
qwen3-8b,g24p2_012,g24p2_012_plus,plus,counterfactual_delete_post,67.18351255599258
qwen3-8b,g24p2_012,g24p2_012_minus,minus,admit_post,6.9900513897533604e-09
qwen3-8b,g24p2_012,g24p2_012_minus,minus,exclude_post,1.0013461926299118e-06
qwen3-8b,g24p2_012,g24p2_012_minus,minus,strong_exclude_post,99.9999970055871
qwen3-8b,g24p2_012,g24p2_012_minus,minus,counterfactual_delete_post,7.35629049646776
qwen3-8b,g24p2_014,g24p2_014_plus,plus,base,88.4741100025925
qwen3-8b,g24p2_014,g24p2_014_plus,plus,admit_post,99.9999999999995
qwen3-8b,g24p2_014,g24p2_014_plus,plus,exclude_post,1.7986215646281647
qwen3-8b,g24p2_014,g24p2_014_plus,plus,strong_exclude_post,99.99949464548166
qwen3-8b,g24p2_014,g24p2_014_plus,plus,counterfactual_delete_post,92.4532172450717
qwen3-8b,g24p2_014,g24p2_014_minus,minus,admit_post,1.99776808953425e-09
qwen3-8b,g24p2_014,g24p2_014_minus,minus,exclude_post,2.598912127996906e-09
qwen3-8b,g24p2_014,g24p2_014_minus,minus,strong_exclude_post,99.99642016262924
qwen3-8b,g24p2_014,g24p2_014_minus,minus,counterfactual_delete_post,50.320633260581864
qwen3-8b,g24p2_015,g24p2_015_plus,plus,base,99.99969404306927
qwen3-8b,g24p2_015,g24p2_015_plus,plus,admit_post,99.9999999999431
qwen3-8b,g24p2_015,g24p2_015_plus,plus,exclude_post,0.15418148887743832
qwen3-8b,g24p2_015,g24p2_015_plus,plus,strong_exclude_post,78.54654155092841
qwen3-8b,g24p2_015,g24p2_015_plus,plus,counterfactual_delete_post,41.47766855257868
qwen3-8b,g24p2_015,g24p2_015_minus,minus,admit_post,61.88657761481487
qwen3-8b,g24p2_015,g24p2_015_minus,minus,exclude_post,0.012353656549675312
qwen3-8b,g24p2_015,g24p2_015_minus,minus,strong_exclude_post,53.86856124294103
qwen3-8b,g24p2_015,g24p2_015_minus,minus,counterfactual_delete_post,56.22268264731482
qwen3-8b,g24p2_016,g24p2_016_plus,plus,base,55.88094138136564
qwen3-8b,g24p2_016,g24p2_016_plus,plus,admit_post,77.76329841875793
qwen3-8b,g24p2_016,g24p2_016_plus,plus,exclude_post,7.124013854140084
qwen3-8b,g24p2_016,g24p2_016_plus,plus,strong_exclude_post,0.6164671374017157
qwen3-8b,g24p2_016,g24p2_016_plus,plus,counterfactual_delete_post,33.21452050860003
qwen3-8b,g24p2_016,g24p2_016_minus,minus,admit_post,0.007102566701564046
qwen3-8b,g24p2_016,g24p2_016_minus,minus,exclude_post,4.320666898478552e-06
qwen3-8b,g24p2_016,g24p2_016_minus,minus,strong_exclude_post,3.7743879330789473e-06
qwen3-8b,g24p2_016,g24p2_016_minus,minus,counterfactual_delete_post,33.455847217426125
qwen3-8b,g24p2_017,g24p2_017_plus,plus,base,99.99999999996518
qwen3-8b,g24p2_017,g24p2_017_plus,plus,admit_post,99.99999999987966
qwen3-8b,g24p2_017,g24p2_017_plus,plus,exclude_post,99.99999986551569
qwen3-8b,g24p2_017,g24p2_017_plus,plus,strong_exclude_post,99.99999999957987
qwen3-8b,g24p2_017,g24p2_017_plus,plus,counterfactual_delete_post,52.80977822253228
qwen3-8b,g24p2_017,g24p2_017_minus,minus,admit_post,1.012719395065361
qwen3-8b,g24p2_017,g24p2_017_minus,minus,exclude_post,0.00027140581063446933
qwen3-8b,g24p2_017,g24p2_017_minus,minus,strong_exclude_post,21.217012441962197
qwen3-8b,g24p2_017,g24p2_017_minus,minus,counterfactual_delete_post,61.79707233214632
qwen3-8b,g24p2_018,g24p2_018_plus,plus,base,99.99999999999224
qwen3-8b,g24p2_018,g24p2_018_plus,plus,admit_post,99.99999999999974
qwen3-8b,g24p2_018,g24p2_018_plus,plus,exclude_post,99.99999999994276
qwen3-8b,g24p2_018,g24p2_018_plus,plus,strong_exclude_post,99.99999999966883
qwen3-8b,g24p2_018,g24p2_018_plus,plus,counterfactual_delete_post,32.92049906401333
qwen3-8b,g24p2_018,g24p2_018_minus,minus,admit_post,5.435001722809622e-08
qwen3-8b,g24p2_018,g24p2_018_minus,minus,exclude_post,3.7398072643542e-09
qwen3-8b,g24p2_018,g24p2_018_minus,minus,strong_exclude_post,4.250323977014925e-09
qwen3-8b,g24p2_018,g24p2_018_minus,minus,counterfactual_delete_post,3.9590726962066545e-05
qwen3-8b,g24p2_019,g24p2_019_plus,plus,base,52.562890893846294
qwen3-8b,g24p2_019,g24p2_019_plus,plus,admit_post,77.57815822726498
qwen3-8b,g24p2_019,g24p2_019_plus,plus,exclude_post,36.921486227506115
qwen3-8b,g24p2_019,g24p2_019_plus,plus,strong_exclude_post,19.39201635176104
qwen3-8b,g24p2_019,g24p2_019_plus,plus,counterfactual_delete_post,55.1855303377221
qwen3-8b,g24p2_019,g24p2_019_minus,minus,admit_post,49.30281965355269
qwen3-8b,g24p2_019,g24p2_019_minus,minus,exclude_post,23.784480551268796
qwen3-8b,g24p2_019,g24p2_019_minus,minus,strong_exclude_post,32.908056191183604
qwen3-8b,g24p2_019,g24p2_019_minus,minus,counterfactual_delete_post,35.83034875015986
qwen3-8b,g24p2_020,g24p2_020_plus,plus,base,0.014348776209951949
qwen3-8b,g24p2_020,g24p2_020_plus,plus,admit_post,99.99999999999825
qwen3-8b,g24p2_020,g24p2_020_plus,plus,exclude_post,99.90868108354226
qwen3-8b,g24p2_020,g24p2_020_plus,plus,strong_exclude_post,4.457446445610897e-07
qwen3-8b,g24p2_020,g24p2_020_plus,plus,counterfactual_delete_post,0.22426224212215995
qwen3-8b,g24p2_020,g24p2_020_minus,minus,admit_post,0.00031496482539583777
qwen3-8b,g24p2_020,g24p2_020_minus,minus,exclude_post,0.23290705460357503
qwen3-8b,g24p2_020,g24p2_020_minus,minus,strong_exclude_post,0.0023948535068513323
qwen3-8b,g24p2_020,g24p2_020_minus,minus,counterfactual_delete_post,0.7680051147976112
qwen3-8b,g24p2_021,g24p2_021_plus,plus,base,7.446626209701599e-09
qwen3-8b,g24p2_021,g24p2_021_plus,plus,admit_post,99.99999999992569
qwen3-8b,g24p2_021,g24p2_021_plus,plus,exclude_post,88.07970740650616
qwen3-8b,g24p2_021,g24p2_021_plus,plus,strong_exclude_post,2.727735909353714e-08
qwen3-8b,g24p2_021,g24p2_021_plus,plus,counterfactual_delete_post,0.16371762756196462
qwen3-8b,g24p2_021,g24p2_021_minus,minus,admit_post,2.5297711687531816e-09
qwen3-8b,g24p2_021,g24p2_021_minus,minus,exclude_post,7.167155909109589e-10
qwen3-8b,g24p2_021,g24p2_021_minus,minus,strong_exclude_post,1.870848017251427e-08
qwen3-8b,g24p2_021,g24p2_021_minus,minus,counterfactual_delete_post,37.758555574636624
qwen3-8b,g24p2_023,g24p2_023_plus,plus,base,99.99999999992616
qwen3-8b,g24p2_023,g24p2_023_plus,plus,admit_post,99.99999999999719
qwen3-8b,g24p2_023,g24p2_023_plus,plus,exclude_post,99.99999999885752
qwen3-8b,g24p2_023,g24p2_023_plus,plus,strong_exclude_post,0.032191510198722864
qwen3-8b,g24p2_023,g24p2_023_plus,plus,counterfactual_delete_post,77.90656560710367
qwen3-8b,g24p2_023,g24p2_023_minus,minus,admit_post,1.5857016902950644e-08
qwen3-8b,g24p2_023,g24p2_023_minus,minus,exclude_post,8.15829314325595e-09
qwen3-8b,g24p2_023,g24p2_023_minus,minus,strong_exclude_post,99.99999999330858
qwen3-8b,g24p2_023,g24p2_023_minus,minus,counterfactual_delete_post,32.8273951605322
qwen3-8b,g24p2_024,g24p2_024_plus,plus,base,36.36572661853379
qwen3-8b,g24p2_024,g24p2_024_plus,plus,admit_post,99.99999999984544
qwen3-8b,g24p2_024,g24p2_024_plus,plus,exclude_post,0.00022615472668298918
qwen3-8b,g24p2_024,g24p2_024_plus,plus,strong_exclude_post,0.00421552615440795
qwen3-8b,g24p2_024,g24p2_024_plus,plus,counterfactual_delete_post,24.93191741226515
qwen3-8b,g24p2_024,g24p2_024_minus,minus,admit_post,89.73175731072641
qwen3-8b,g24p2_024,g24p2_024_minus,minus,exclude_post,72.92963401850076
qwen3-8b,g24p2_024,g24p2_024_minus,minus,strong_exclude_post,0.04273523115654729
qwen3-8b,g24p2_024,g24p2_024_minus,minus,counterfactual_delete_post,54.10761570306036
qwen3-8b,g24p2_026,g24p2_026_plus,plus,base,99.99999902615258
qwen3-8b,g24p2_026,g24p2_026_plus,plus,admit_post,99.99999999853442
qwen3-8b,g24p2_026,g24p2_026_plus,plus,exclude_post,99.99999434292955
qwen3-8b,g24p2_026,g24p2_026_plus,plus,strong_exclude_post,0.8589393677395711
qwen3-8b,g24p2_026,g24p2_026_plus,plus,counterfactual_delete_post,55.40075087937912
qwen3-8b,g24p2_026,g24p2_026_minus,minus,admit_post,3.4724845152700504e-09
qwen3-8b,g24p2_026,g24p2_026_minus,minus,exclude_post,0.20275079609358743
qwen3-8b,g24p2_026,g24p2_026_minus,minus,strong_exclude_post,0.04367432111611024
qwen3-8b,g24p2_026,g24p2_026_minus,minus,counterfactual_delete_post,77.72763075118023
qwen3-8b,g24p2_027,g24p2_027_plus,plus,base,99.9999999999899
qwen3-8b,g24p2_027,g24p2_027_plus,plus,admit_post,99.99999999999893
qwen3-8b,g24p2_027,g24p2_027_plus,plus,exclude_post,99.99999999995529
qwen3-8b,g24p2_027,g24p2_027_plus,plus,strong_exclude_post,0.0027542947477305364
qwen3-8b,g24p2_027,g24p2_027_plus,plus,counterfactual_delete_post,88.83680205221941
qwen3-8b,g24p2_027,g24p2_027_minus,minus,admit_post,4.072337774176291e-06
qwen3-8b,g24p2_027,g24p2_027_minus,minus,exclude_post,1.2874869377377154e-06
qwen3-8b,g24p2_027,g24p2_027_minus,minus,strong_exclude_post,99.99999999853428
qwen3-8b,g24p2_027,g24p2_027_minus,minus,counterfactual_delete_post,0.053391882679961505
qwen3-8b,g24p2_028,g24p2_028_plus,plus,base,29.350812671853046
qwen3-8b,g24p2_028,g24p2_028_plus,plus,admit_post,99.99999999992691
qwen3-8b,g24p2_028,g24p2_028_plus,plus,exclude_post,63.934165950265474
qwen3-8b,g24p2_028,g24p2_028_plus,plus,strong_exclude_post,37.09499358090358
qwen3-8b,g24p2_028,g24p2_028_plus,plus,counterfactual_delete_post,34.98078064224131
qwen3-8b,g24p2_028,g24p2_028_minus,minus,admit_post,99.99999998215193
qwen3-8b,g24p2_028,g24p2_028_minus,minus,exclude_post,63.23454779364162
qwen3-8b,g24p2_028,g24p2_028_minus,minus,strong_exclude_post,18.528976944009177
qwen3-8b,g24p2_028,g24p2_028_minus,minus,counterfactual_delete_post,18.650564902822076
qwen3-8b,g24p2_029,g24p2_029_plus,plus,base,53.153359394959956
qwen3-8b,g24p2_029,g24p2_029_plus,plus,admit_post,99.99999999999993
qwen3-8b,g24p2_029,g24p2_029_plus,plus,exclude_post,0.0013007133396087053
qwen3-8b,g24p2_029,g24p2_029_plus,plus,strong_exclude_post,99.90468935871192
qwen3-8b,g24p2_029,g24p2_029_plus,plus,counterfactual_delete_post,34.08185447700836
qwen3-8b,g24p2_029,g24p2_029_minus,minus,admit_post,4.357625477956636e-08
qwen3-8b,g24p2_029,g24p2_029_minus,minus,exclude_post,2.915510611936315e-10
qwen3-8b,g24p2_029,g24p2_029_minus,minus,strong_exclude_post,0.00012441870674017555
qwen3-8b,g24p2_029,g24p2_029_minus,minus,counterfactual_delete_post,4.883098122406536e-06
qwen3-8b,g24p2_033,g24p2_033_plus,plus,base,0.10763608948289288
qwen3-8b,g24p2_033,g24p2_033_plus,plus,admit_post,96.40395758594852
qwen3-8b,g24p2_033,g24p2_033_plus,plus,exclude_post,0.01486007129327428
qwen3-8b,g24p2_033,g24p2_033_plus,plus,strong_exclude_post,0.1745809123707577
qwen3-8b,g24p2_033,g24p2_033_plus,plus,counterfactual_delete_post,0.7667259297294591
qwen3-8b,g24p2_033,g24p2_033_minus,minus,admit_post,1.5004017277500623e-05
qwen3-8b,g24p2_033,g24p2_033_minus,minus,exclude_post,4.364543228917421
qwen3-8b,g24p2_033,g24p2_033_minus,minus,strong_exclude_post,45.085563952961614
qwen3-8b,g24p2_033,g24p2_033_minus,minus,counterfactual_delete_post,47.88737009598184
qwen3-8b,g24p2_034,g24p2_034_plus,plus,base,77.578540266642
qwen3-8b,g24p2_034,g24p2_034_plus,plus,admit_post,99.99995859259066
qwen3-8b,g24p2_034,g24p2_034_plus,plus,exclude_post,99.40345500374268
qwen3-8b,g24p2_034,g24p2_034_plus,plus,strong_exclude_post,99.99999076075841
qwen3-8b,g24p2_034,g24p2_034_plus,plus,counterfactual_delete_post,77.76848648553204
qwen3-8b,g24p2_034,g24p2_034_minus,minus,admit_post,77.72151824949268
qwen3-8b,g24p2_034,g24p2_034_minus,minus,exclude_post,5.268204149691641
qwen3-8b,g24p2_034,g24p2_034_minus,minus,strong_exclude_post,89.04352131148947
qwen3-8b,g24p2_034,g24p2_034_minus,minus,counterfactual_delete_post,36.821864382985645
qwen3-8b,g24p2_035,g24p2_035_plus,plus,base,99.99999999930735
qwen3-8b,g24p2_035,g24p2_035_plus,plus,admit_post,99.99999659930226
qwen3-8b,g24p2_035,g24p2_035_plus,plus,exclude_post,99.99949143041263
qwen3-8b,g24p2_035,g24p2_035_plus,plus,strong_exclude_post,99.99999999987968
qwen3-8b,g24p2_035,g24p2_035_plus,plus,counterfactual_delete_post,90.18625742731084
qwen3-8b,g24p2_035,g24p2_035_minus,minus,admit_post,82.45690417449784
qwen3-8b,g24p2_035,g24p2_035_minus,minus,exclude_post,77.46567699463873
qwen3-8b,g24p2_035,g24p2_035_minus,minus,strong_exclude_post,2.586337771643134
qwen3-8b,g24p2_035,g24p2_035_minus,minus,counterfactual_delete_post,29.953878161420455
qwen3-8b,g24p2_036,g24p2_036_plus,plus,base,99.99999999811452
qwen3-8b,g24p2_036,g24p2_036_plus,plus,admit_post,99.9999999999873
qwen3-8b,g24p2_036,g24p2_036_plus,plus,exclude_post,99.99999999929872
qwen3-8b,g24p2_036,g24p2_036_plus,plus,strong_exclude_post,99.99999999853485
qwen3-8b,g24p2_036,g24p2_036_plus,plus,counterfactual_delete_post,99.99709788513104
qwen3-8b,g24p2_036,g24p2_036_minus,minus,admit_post,97.52555351780485
qwen3-8b,g24p2_036,g24p2_036_minus,minus,exclude_post,99.72943676532567
qwen3-8b,g24p2_036,g24p2_036_minus,minus,strong_exclude_post,99.99999735280724
qwen3-8b,g24p2_036,g24p2_036_minus,minus,counterfactual_delete_post,66.57310326450607
qwen3-8b,g24p2_037,g24p2_037_plus,plus,base,1.2446431965354379
qwen3-8b,g24p2_037,g24p2_037_plus,plus,admit_post,99.99999999811645
qwen3-8b,g24p2_037,g24p2_037_plus,plus,exclude_post,99.99999962840566
qwen3-8b,g24p2_037,g24p2_037_plus,plus,strong_exclude_post,7.635391589303264e-09
qwen3-8b,g24p2_037,g24p2_037_plus,plus,counterfactual_delete_post,0.0007159675247515564
qwen3-8b,g24p2_037,g24p2_037_minus,minus,admit_post,99.99999999689835
qwen3-8b,g24p2_037,g24p2_037_minus,minus,exclude_post,99.99999999973222
qwen3-8b,g24p2_037,g24p2_037_minus,minus,strong_exclude_post,0.0007904815481921313
qwen3-8b,g24p2_037,g24p2_037_minus,minus,counterfactual_delete_post,1.3113867617175596e-05
qwen3-8b,g24p2_038,g24p2_038_plus,plus,base,66.67424590912135
qwen3-8b,g24p2_038,g24p2_038_plus,plus,admit_post,99.99999999999888
qwen3-8b,g24p2_038,g24p2_038_plus,plus,exclude_post,99.99999999997888
qwen3-8b,g24p2_038,g24p2_038_plus,plus,strong_exclude_post,0.7736929525474128
qwen3-8b,g24p2_038,g24p2_038_plus,plus,counterfactual_delete_post,1.484925794603339
qwen3-8b,g24p2_038,g24p2_038_minus,minus,admit_post,99.99969404788744
qwen3-8b,g24p2_038,g24p2_038_minus,minus,exclude_post,88.89178535429214
qwen3-8b,g24p2_038,g24p2_038_minus,minus,strong_exclude_post,96.90689331496445
qwen3-8b,g24p2_038,g24p2_038_minus,minus,counterfactual_delete_post,32.15320094465602
qwen3-8b,g24p2_039,g24p2_039_plus,plus,base,3.96199785609143e-08
qwen3-8b,g24p2_039,g24p2_039_plus,plus,admit_post,99.99999999999935
qwen3-8b,g24p2_039,g24p2_039_plus,plus,exclude_post,99.9999999997447
qwen3-8b,g24p2_039,g24p2_039_plus,plus,strong_exclude_post,0.24768315666336427
qwen3-8b,g24p2_039,g24p2_039_plus,plus,counterfactual_delete_post,33.227938323761435
qwen3-8b,g24p2_039,g24p2_039_minus,minus,admit_post,1.2047216855185493e-09
qwen3-8b,g24p2_039,g24p2_039_minus,minus,exclude_post,4.5353519406683973e-10
qwen3-8b,g24p2_039,g24p2_039_minus,minus,strong_exclude_post,0.00012574615080297033
qwen3-8b,g24p2_039,g24p2_039_minus,minus,counterfactual_delete_post,32.575644088141495
qwen3-8b,g24p2_040,g24p2_040_plus,plus,base,99.9999999999921
qwen3-8b,g24p2_040,g24p2_040_plus,plus,admit_post,99.99969404414234
qwen3-8b,g24p2_040,g24p2_040_plus,plus,exclude_post,99.96474725222191
qwen3-8b,g24p2_040,g24p2_040_plus,plus,strong_exclude_post,99.99999999853488
qwen3-8b,g24p2_040,g24p2_040_plus,plus,counterfactual_delete_post,99.99519217253632
qwen3-8b,g24p2_040,g24p2_040_minus,minus,admit_post,78.38756815848384
qwen3-8b,g24p2_040,g24p2_040_minus,minus,exclude_post,99.99999999984465
qwen3-8b,g24p2_040,g24p2_040_minus,minus,strong_exclude_post,99.99999986809333
qwen3-8b,g24p2_040,g24p2_040_minus,minus,counterfactual_delete_post,99.98929512881402
qwen3-8b,g24p2_041,g24p2_041_plus,plus,base,99.99998476332175
qwen3-8b,g24p2_041,g24p2_041_plus,plus,admit_post,99.9999999995794
qwen3-8b,g24p2_041,g24p2_041_plus,plus,exclude_post,99.99996771460334
qwen3-8b,g24p2_041,g24p2_041_plus,plus,strong_exclude_post,99.99999557366448
qwen3-8b,g24p2_041,g24p2_041_plus,plus,counterfactual_delete_post,43.243696228922445
qwen3-8b,g24p2_041,g24p2_041_minus,minus,admit_post,2.072796751842539e-08
qwen3-8b,g24p2_041,g24p2_041_minus,minus,exclude_post,0.00033766813733360516
qwen3-8b,g24p2_041,g24p2_041_minus,minus,strong_exclude_post,5.787893971875106e-09
qwen3-8b,g24p2_041,g24p2_041_minus,minus,counterfactual_delete_post,1.2453864796652623
qwen3-8b,g24p2_043,g24p2_043_plus,plus,base,99.999999999992
qwen3-8b,g24p2_043,g24p2_043_plus,plus,admit_post,99.99999999999007
qwen3-8b,g24p2_043,g24p2_043_plus,plus,exclude_post,4.6931246358494556e-08
qwen3-8b,g24p2_043,g24p2_043_plus,plus,strong_exclude_post,1.8485339271142672e-06
qwen3-8b,g24p2_043,g24p2_043_plus,plus,counterfactual_delete_post,61.73638630909508
qwen3-8b,g24p2_043,g24p2_043_minus,minus,admit_post,2.1129672129922824e-10
qwen3-8b,g24p2_043,g24p2_043_minus,minus,exclude_post,1.3620500443130511e-11
qwen3-8b,g24p2_043,g24p2_043_minus,minus,strong_exclude_post,2.4217234809285136e-11
qwen3-8b,g24p2_043,g24p2_043_minus,minus,counterfactual_delete_post,3.7430977940478464e-06
qwen3-8b,g24p2_044,g24p2_044_plus,plus,base,93.74862841934653
qwen3-8b,g24p2_044,g24p2_044_plus,plus,admit_post,99.99999999995553
qwen3-8b,g24p2_044,g24p2_044_plus,plus,exclude_post,86.47032164318202
qwen3-8b,g24p2_044,g24p2_044_plus,plus,strong_exclude_post,53.45673148928291
qwen3-8b,g24p2_044,g24p2_044_plus,plus,counterfactual_delete_post,54.5127625885876
qwen3-8b,g24p2_044,g24p2_044_minus,minus,admit_post,2.50638667743464e-08
qwen3-8b,g24p2_044,g24p2_044_minus,minus,exclude_post,0.001967655394503378
qwen3-8b,g24p2_044,g24p2_044_minus,minus,strong_exclude_post,33.36286623120074
qwen3-8b,g24p2_044,g24p2_044_minus,minus,counterfactual_delete_post,9.234395371341423e-07
qwen3-8b,g24p2_046,g24p2_046_plus,plus,base,0.8725510534608408
qwen3-8b,g24p2_046,g24p2_046_plus,plus,admit_post,1.616844465466992e-05
qwen3-8b,g24p2_046,g24p2_046_plus,plus,exclude_post,2.0889600477084115e-10
qwen3-8b,g24p2_046,g24p2_046_plus,plus,strong_exclude_post,1.3586221027915464e-08
qwen3-8b,g24p2_046,g24p2_046_plus,plus,counterfactual_delete_post,2.9979511792101604e-08
qwen3-8b,g24p2_046,g24p2_046_minus,minus,admit_post,1.233747776172984e-08
qwen3-8b,g24p2_046,g24p2_046_minus,minus,exclude_post,2.751209486934487e-10
qwen3-8b,g24p2_046,g24p2_046_minus,minus,strong_exclude_post,9.45389214135794e-10
qwen3-8b,g24p2_046,g24p2_046_minus,minus,counterfactual_delete_post,15.961770279038426
qwen3-8b,g24p2_047,g24p2_047_plus,plus,base,0.007446605277335233
qwen3-8b,g24p2_047,g24p2_047_plus,plus,admit_post,99.9999999999901
qwen3-8b,g24p2_047,g24p2_047_plus,plus,exclude_post,99.99999839262138
qwen3-8b,g24p2_047,g24p2_047_plus,plus,strong_exclude_post,99.99999999155216
qwen3-8b,g24p2_047,g24p2_047_plus,plus,counterfactual_delete_post,99.99999989726689
qwen3-8b,g24p2_047,g24p2_047_minus,minus,admit_post,5.614524305994222e-09
qwen3-8b,g24p2_047,g24p2_047_minus,minus,exclude_post,0.634428246551375
qwen3-8b,g24p2_047,g24p2_047_minus,minus,strong_exclude_post,99.99999999957947
qwen3-8b,g24p2_047,g24p2_047_minus,minus,counterfactual_delete_post,55.399964823833514
qwen3-8b,g24p2_048,g24p2_048_plus,plus,base,1.0345104617943267e-07
qwen3-8b,g24p2_048,g24p2_048_plus,plus,admit_post,99.99999999999528
qwen3-8b,g24p2_048,g24p2_048_plus,plus,exclude_post,99.99999999990533
qwen3-8b,g24p2_048,g24p2_048_plus,plus,strong_exclude_post,6.81223532613654e-07
qwen3-8b,g24p2_048,g24p2_048_plus,plus,counterfactual_delete_post,0.04405320777462251
qwen3-8b,g24p2_048,g24p2_048_minus,minus,admit_post,2.5324753722379245e-09
qwen3-8b,g24p2_048,g24p2_048_minus,minus,exclude_post,4.35427829033547e-10
qwen3-8b,g24p2_048,g24p2_048_minus,minus,strong_exclude_post,5.8214849195129e-06
qwen3-8b,g24p2_048,g24p2_048_minus,minus,counterfactual_delete_post,0.014469098172579267
qwen3-8b,g24p2_049,g24p2_049_plus,plus,base,99.92563472478577
qwen3-8b,g24p2_049,g24p2_049_plus,plus,admit_post,99.9999999999731
qwen3-8b,g24p2_049,g24p2_049_plus,plus,exclude_post,95.76770367913322
qwen3-8b,g24p2_049,g24p2_049_plus,plus,strong_exclude_post,99.99999999946118
qwen3-8b,g24p2_049,g24p2_049_plus,plus,counterfactual_delete_post,59.10857429512915
qwen3-8b,g24p2_049,g24p2_049_minus,minus,admit_post,9.521651639705552e-07
qwen3-8b,g24p2_049,g24p2_049_minus,minus,exclude_post,21.981096554377082
qwen3-8b,g24p2_049,g24p2_049_minus,minus,strong_exclude_post,99.99609263299892
qwen3-8b,g24p2_049,g24p2_049_minus,minus,counterfactual_delete_post,54.82064159067225
qwen3-8b,g24p2_051,g24p2_051_plus,plus,base,99.99999989729154
qwen3-8b,g24p2_051,g24p2_051_plus,plus,admit_post,99.99999999998369
qwen3-8b,g24p2_051,g24p2_051_plus,plus,exclude_post,99.99999999967042
qwen3-8b,g24p2_051,g24p2_051_plus,plus,strong_exclude_post,99.99977862830845
qwen3-8b,g24p2_051,g24p2_051_plus,plus,counterfactual_delete_post,59.04097477733804
qwen3-8b,g24p2_051,g24p2_051_minus,minus,admit_post,1.2760195588416382e-09
qwen3-8b,g24p2_051,g24p2_051_minus,minus,exclude_post,1.1143872472027572e-10
qwen3-8b,g24p2_051,g24p2_051_minus,minus,strong_exclude_post,0.49329160787870335
qwen3-8b,g24p2_051,g24p2_051_minus,minus,counterfactual_delete_post,49.34310026697842
qwen3-8b,g24p2_053,g24p2_053_plus,plus,base,77.74625138679374
qwen3-8b,g24p2_053,g24p2_053_plus,plus,admit_post,99.99999999997304
qwen3-8b,g24p2_053,g24p2_053_plus,plus,exclude_post,73.10485732809849
qwen3-8b,g24p2_053,g24p2_053_plus,plus,strong_exclude_post,97.80993159722419
qwen3-8b,g24p2_053,g24p2_053_plus,plus,counterfactual_delete_post,95.40939037893094
qwen3-8b,g24p2_053,g24p2_053_minus,minus,admit_post,69.45771483387517
qwen3-8b,g24p2_053,g24p2_053_minus,minus,exclude_post,63.853448843595935
qwen3-8b,g24p2_053,g24p2_053_minus,minus,strong_exclude_post,39.27491161265297
qwen3-8b,g24p2_053,g24p2_053_minus,minus,counterfactual_delete_post,45.796755740889225
qwen3-8b,g24p2_054,g24p2_054_plus,plus,base,3.3265467830850534e-10
qwen3-8b,g24p2_054,g24p2_054_plus,plus,admit_post,99.9999999948774
qwen3-8b,g24p2_054,g24p2_054_plus,plus,exclude_post,43.65065291262014
qwen3-8b,g24p2_054,g24p2_054_plus,plus,strong_exclude_post,3.1783242967270176
qwen3-8b,g24p2_054,g24p2_054_plus,plus,counterfactual_delete_post,29.435271424515292
qwen3-8b,g24p2_054,g24p2_054_minus,minus,admit_post,99.99999999911066
qwen3-8b,g24p2_054,g24p2_054_minus,minus,exclude_post,5.574284719020547e-07
qwen3-8b,g24p2_054,g24p2_054_minus,minus,strong_exclude_post,28.256163578632393
qwen3-8b,g24p2_054,g24p2_054_minus,minus,counterfactual_delete_post,31.516129109501435
qwen3-8b,g24p2_055,g24p2_055_plus,plus,base,99.99999439572238
qwen3-8b,g24p2_055,g24p2_055_plus,plus,admit_post,99.99999999995572
qwen3-8b,g24p2_055,g24p2_055_plus,plus,exclude_post,99.99999999885661
qwen3-8b,g24p2_055,g24p2_055_plus,plus,strong_exclude_post,0.03353597937814519
qwen3-8b,g24p2_055,g24p2_055_plus,plus,counterfactual_delete_post,1.0475705399888443e-05
qwen3-8b,g24p2_055,g24p2_055_minus,minus,admit_post,2.8825800674120157e-11
qwen3-8b,g24p2_055,g24p2_055_minus,minus,exclude_post,5.5763012950923216e-09
qwen3-8b,g24p2_055,g24p2_055_minus,minus,strong_exclude_post,4.201630273165003e-09
qwen3-8b,g24p2_055,g24p2_055_minus,minus,counterfactual_delete_post,4.012940959163313e-05
qwen3-8b,g24p2_057,g24p2_057_plus,plus,base,8.199354302275941e-07
qwen3-8b,g24p2_057,g24p2_057_plus,plus,admit_post,99.99999999984536
qwen3-8b,g24p2_057,g24p2_057_plus,plus,exclude_post,0.00034736952973072634
qwen3-8b,g24p2_057,g24p2_057_plus,plus,strong_exclude_post,1.2450813374004523
qwen3-8b,g24p2_057,g24p2_057_plus,plus,counterfactual_delete_post,0.0005578632574535159
qwen3-8b,g24p2_057,g24p2_057_minus,minus,admit_post,53.07151445397478
qwen3-8b,g24p2_057,g24p2_057_minus,minus,exclude_post,0.12673511967475515
qwen3-8b,g24p2_057,g24p2_057_minus,minus,strong_exclude_post,29.36981662897588
qwen3-8b,g24p2_057,g24p2_057_minus,minus,counterfactual_delete_post,10.735664880248684
qwen3-8b,g24p2_058,g24p2_058_plus,plus,base,1.1716583599439085e-09
qwen3-8b,g24p2_058,g24p2_058_plus,plus,admit_post,99.99994528166091
qwen3-8b,g24p2_058,g24p2_058_plus,plus,exclude_post,9.15413732777523e-06
qwen3-8b,g24p2_058,g24p2_058_plus,plus,strong_exclude_post,0.0001882250042779549
qwen3-8b,g24p2_058,g24p2_058_plus,plus,counterfactual_delete_post,0.00027224548169373726
qwen3-8b,g24p2_058,g24p2_058_minus,minus,admit_post,0.0195275334634344
qwen3-8b,g24p2_058,g24p2_058_minus,minus,exclude_post,5.858462202167893e-10
qwen3-8b,g24p2_058,g24p2_058_minus,minus,strong_exclude_post,9.996200077514281e-05
qwen3-8b,g24p2_058,g24p2_058_minus,minus,counterfactual_delete_post,7.41018790726579e-06
qwen3-8b,g24p2_059,g24p2_059_plus,plus,base,88.91027749221013
qwen3-8b,g24p2_059,g24p2_059_plus,plus,admit_post,99.9999999934287
qwen3-8b,g24p2_059,g24p2_059_plus,plus,exclude_post,39.13841841241676
qwen3-8b,g24p2_059,g24p2_059_plus,plus,strong_exclude_post,4.0388767366855225
qwen3-8b,g24p2_059,g24p2_059_plus,plus,counterfactual_delete_post,34.05100643531467
qwen3-8b,g24p2_059,g24p2_059_minus,minus,admit_post,45.625648204492386
qwen3-8b,g24p2_059,g24p2_059_minus,minus,exclude_post,1.6777237591185638e-06
qwen3-8b,g24p2_059,g24p2_059_minus,minus,strong_exclude_post,35.34820212762226
qwen3-8b,g24p2_059,g24p2_059_minus,minus,counterfactual_delete_post,24.236632268512906
qwen3-8b,g24p2_060,g24p2_060_plus,plus,base,99.99999999996544
qwen3-8b,g24p2_060,g24p2_060_plus,plus,admit_post,99.99999999999635
qwen3-8b,g24p2_060,g24p2_060_plus,plus,exclude_post,99.99999999984033
qwen3-8b,g24p2_060,g24p2_060_plus,plus,strong_exclude_post,99.9999999996715
qwen3-8b,g24p2_060,g24p2_060_plus,plus,counterfactual_delete_post,53.62153656081102
qwen3-8b,g24p2_060,g24p2_060_minus,minus,admit_post,0.8412030092944137
qwen3-8b,g24p2_060,g24p2_060_minus,minus,exclude_post,3.9417021854614695e-05
qwen3-8b,g24p2_060,g24p2_060_minus,minus,strong_exclude_post,0.22580637488648023
qwen3-8b,g24p2_060,g24p2_060_minus,minus,counterfactual_delete_post,0.7311667879625658
qwen3-8b,g24p2_062,g24p2_062_plus,plus,base,1.0097779741081982e-10
qwen3-8b,g24p2_062,g24p2_062_plus,plus,admit_post,99.99999999998361
qwen3-8b,g24p2_062,g24p2_062_plus,plus,exclude_post,99.99999999984252
qwen3-8b,g24p2_062,g24p2_062_plus,plus,strong_exclude_post,99.94211751811943
qwen3-8b,g24p2_062,g24p2_062_plus,plus,counterfactual_delete_post,55.343851148403964
qwen3-8b,g24p2_062,g24p2_062_minus,minus,admit_post,3.5424076832169565e-10
qwen3-8b,g24p2_062,g24p2_062_minus,minus,exclude_post,99.99999999997304
qwen3-8b,g24p2_062,g24p2_062_minus,minus,strong_exclude_post,99.99999999995548
qwen3-8b,g24p2_062,g24p2_062_minus,minus,counterfactual_delete_post,99.99999998202631
qwen3-8b,g24p2_064,g24p2_064_plus,plus,base,66.93599763584743
qwen3-8b,g24p2_064,g24p2_064_plus,plus,admit_post,99.99999999946058
qwen3-8b,g24p2_064,g24p2_064_plus,plus,exclude_post,99.99999999811149
qwen3-8b,g24p2_064,g24p2_064_plus,plus,strong_exclude_post,99.99999999980162
qwen3-8b,g24p2_064,g24p2_064_plus,plus,counterfactual_delete_post,99.99999999992653
qwen3-8b,g24p2_064,g24p2_064_minus,minus,admit_post,99.9999999377261
qwen3-8b,g24p2_064,g24p2_064_minus,minus,exclude_post,2.9456574649230226e-05
qwen3-8b,g24p2_064,g24p2_064_minus,minus,strong_exclude_post,99.99382732440786
qwen3-8b,g24p2_064,g24p2_064_minus,minus,counterfactual_delete_post,38.594544402939576
qwen3-8b,g24p2_065,g24p2_065_plus,plus,base,91.87712642111504
qwen3-8b,g24p2_065,g24p2_065_plus,plus,admit_post,99.99999999992684
qwen3-8b,g24p2_065,g24p2_065_plus,plus,exclude_post,89.93829456563152
qwen3-8b,g24p2_065,g24p2_065_plus,plus,strong_exclude_post,89.94832176175896
qwen3-8b,g24p2_065,g24p2_065_plus,plus,counterfactual_delete_post,99.9970978685495
qwen3-8b,g24p2_065,g24p2_065_minus,minus,admit_post,65.99131040253636
qwen3-8b,g24p2_065,g24p2_065_minus,minus,exclude_post,66.632915083809
qwen3-8b,g24p2_065,g24p2_065_minus,minus,strong_exclude_post,9.271984097806014
qwen3-8b,g24p2_065,g24p2_065_minus,minus,counterfactual_delete_post,55.49128945322655
qwen3-8b,g24p2_066,g24p2_066_plus,plus,base,67.47237189880322
qwen3-8b,g24p2_066,g24p2_066_plus,plus,admit_post,85.32413030135038
qwen3-8b,g24p2_066,g24p2_066_plus,plus,exclude_post,0.01844490710420711
qwen3-8b,g24p2_066,g24p2_066_plus,plus,strong_exclude_post,34.453529291677654
qwen3-8b,g24p2_066,g24p2_066_plus,plus,counterfactual_delete_post,33.33346189089526
qwen3-8b,g24p2_066,g24p2_066_minus,minus,admit_post,90.05902906191942
qwen3-8b,g24p2_066,g24p2_066_minus,minus,exclude_post,0.0027222015153217493
qwen3-8b,g24p2_066,g24p2_066_minus,minus,strong_exclude_post,46.91760694166601
qwen3-8b,g24p2_066,g24p2_066_minus,minus,counterfactual_delete_post,33.33383249561193
qwen3-8b,g24p2_067,g24p2_067_plus,plus,base,99.99999998610565
qwen3-8b,g24p2_067,g24p2_067_plus,plus,admit_post,99.99999999999825
qwen3-8b,g24p2_067,g24p2_067_plus,plus,exclude_post,99.99999956916186
qwen3-8b,g24p2_067,g24p2_067_plus,plus,strong_exclude_post,99.99999999758307
qwen3-8b,g24p2_067,g24p2_067_plus,plus,counterfactual_delete_post,48.66206376326195
qwen3-8b,g24p2_067,g24p2_067_minus,minus,admit_post,2.4166620850729277e-07
qwen3-8b,g24p2_067,g24p2_067_minus,minus,exclude_post,0.005326742117333153
qwen3-8b,g24p2_067,g24p2_067_minus,minus,strong_exclude_post,99.99999923979134
qwen3-8b,g24p2_067,g24p2_067_minus,minus,counterfactual_delete_post,22.437255687242153
qwen3-8b,g24p2_068,g24p2_068_plus,plus,base,1.698864267362973e-07
qwen3-8b,g24p2_068,g24p2_068_plus,plus,admit_post,22.108020860537877
qwen3-8b,g24p2_068,g24p2_068_plus,plus,exclude_post,6.61231366910769
qwen3-8b,g24p2_068,g24p2_068_plus,plus,strong_exclude_post,3.142718824914351e-09
qwen3-8b,g24p2_068,g24p2_068_plus,plus,counterfactual_delete_post,5.8036338382013275
qwen3-8b,g24p2_068,g24p2_068_minus,minus,admit_post,21.95245427034417
qwen3-8b,g24p2_068,g24p2_068_minus,minus,exclude_post,1.7552530649663276e-07
qwen3-8b,g24p2_068,g24p2_068_minus,minus,strong_exclude_post,0.01839787938267588
qwen3-8b,g24p2_068,g24p2_068_minus,minus,counterfactual_delete_post,0.8725728613482967
qwen3-8b,g24p2_069,g24p2_069_plus,plus,base,99.99521590774216
qwen3-8b,g24p2_069,g24p2_069_plus,plus,admit_post,99.99999999999396
qwen3-8b,g24p2_069,g24p2_069_plus,plus,exclude_post,99.99999999883755
qwen3-8b,g24p2_069,g24p2_069_plus,plus,strong_exclude_post,99.99999999945949
qwen3-8b,g24p2_069,g24p2_069_plus,plus,counterfactual_delete_post,56.05502054598938
qwen3-8b,g24p2_069,g24p2_069_minus,minus,admit_post,1.5111416611001564e-08
qwen3-8b,g24p2_069,g24p2_069_minus,minus,exclude_post,6.362071680215635e-09
qwen3-8b,g24p2_069,g24p2_069_minus,minus,strong_exclude_post,25.6226031787546
qwen3-8b,g24p2_069,g24p2_069_minus,minus,counterfactual_delete_post,55.29111537049724
qwen3-8b,g24p2_070,g24p2_070_plus,plus,base,99.99999999999197
qwen3-8b,g24p2_070,g24p2_070_plus,plus,admit_post,99.99999999999852
qwen3-8b,g24p2_070,g24p2_070_plus,plus,exclude_post,99.99999986818278
qwen3-8b,g24p2_070,g24p2_070_plus,plus,strong_exclude_post,99.99999999987944
qwen3-8b,g24p2_070,g24p2_070_plus,plus,counterfactual_delete_post,99.58451395014372
qwen3-8b,g24p2_070,g24p2_070_minus,minus,admit_post,99.9977395743921
qwen3-8b,g24p2_070,g24p2_070_minus,minus,exclude_post,96.4385188041907
qwen3-8b,g24p2_070,g24p2_070_minus,minus,strong_exclude_post,99.99999999811853
qwen3-8b,g24p2_070,g24p2_070_minus,minus,counterfactual_delete_post,77.93392405892003
qwen3-8b,g24p2_071,g24p2_071_plus,plus,base,75.75075228144776
qwen3-8b,g24p2_071,g24p2_071_plus,plus,admit_post,99.99999999992691
qwen3-8b,g24p2_071,g24p2_071_plus,plus,exclude_post,99.99998313517919
qwen3-8b,g24p2_071,g24p2_071_plus,plus,strong_exclude_post,99.90404500240544
qwen3-8b,g24p2_071,g24p2_071_plus,plus,counterfactual_delete_post,57.31223395134714
qwen3-8b,g24p2_071,g24p2_071_minus,minus,admit_post,99.67430851775826
qwen3-8b,g24p2_071,g24p2_071_minus,minus,exclude_post,7.423847244258332
qwen3-8b,g24p2_071,g24p2_071_minus,minus,strong_exclude_post,58.932053312361376
qwen3-8b,g24p2_071,g24p2_071_minus,minus,counterfactual_delete_post,55.793421742446135
qwen3-8b,g24p2_072,g24p2_072_plus,plus,base,18.963091960521773
qwen3-8b,g24p2_072,g24p2_072_plus,plus,admit_post,99.99999999999632
qwen3-8b,g24p2_072,g24p2_072_plus,plus,exclude_post,1.8254431446446599e-09
qwen3-8b,g24p2_072,g24p2_072_plus,plus,strong_exclude_post,1.0515658038819517e-05
qwen3-8b,g24p2_072,g24p2_072_plus,plus,counterfactual_delete_post,1.5838277028253633
qwen3-8b,g24p2_072,g24p2_072_minus,minus,admit_post,99.99999998214344
qwen3-8b,g24p2_072,g24p2_072_minus,minus,exclude_post,0.10614121736811671
qwen3-8b,g24p2_072,g24p2_072_minus,minus,strong_exclude_post,31.331594078005693
qwen3-8b,g24p2_072,g24p2_072_minus,minus,counterfactual_delete_post,0.0005569629144353721
qwen3-8b,g24p2_073,g24p2_073_plus,plus,base,2.1001164994873423e-10
qwen3-8b,g24p2_073,g24p2_073_plus,plus,admit_post,8.650489513464897e-08
qwen3-8b,g24p2_073,g24p2_073_plus,plus,exclude_post,3.789725776799936e-11
qwen3-8b,g24p2_073,g24p2_073_plus,plus,strong_exclude_post,2.947649268163081e-11
qwen3-8b,g24p2_073,g24p2_073_plus,plus,counterfactual_delete_post,2.4517789286847334e-08
qwen3-8b,g24p2_073,g24p2_073_minus,minus,admit_post,2.238525113215437e-07
qwen3-8b,g24p2_073,g24p2_073_minus,minus,exclude_post,3.705005255792538e-11
qwen3-8b,g24p2_073,g24p2_073_minus,minus,strong_exclude_post,1.3263821459427502e-10
qwen3-8b,g24p2_073,g24p2_073_minus,minus,counterfactual_delete_post,9.357219926257719e-10
qwen3-8b,g24p2_074,g24p2_074_plus,plus,base,29.325465419054165
qwen3-8b,g24p2_074,g24p2_074_plus,plus,admit_post,99.99999999995558
qwen3-8b,g24p2_074,g24p2_074_plus,plus,exclude_post,99.9999999966947
qwen3-8b,g24p2_074,g24p2_074_plus,plus,strong_exclude_post,56.270697966759776
qwen3-8b,g24p2_074,g24p2_074_plus,plus,counterfactual_delete_post,0.008844556749367865
qwen3-8b,g24p2_074,g24p2_074_minus,minus,admit_post,33.13184331795073
qwen3-8b,g24p2_074,g24p2_074_minus,minus,exclude_post,5.371394168229914e-09
qwen3-8b,g24p2_074,g24p2_074_minus,minus,strong_exclude_post,0.08533050158378923
qwen3-8b,g24p2_074,g24p2_074_minus,minus,counterfactual_delete_post,7.959212716153785e-06
qwen3-8b,g24p2_075,g24p2_075_plus,plus,base,98.93666428236492
qwen3-8b,g24p2_075,g24p2_075_plus,plus,admit_post,99.99999999997895
qwen3-8b,g24p2_075,g24p2_075_plus,plus,exclude_post,3.786133453173605e-05
qwen3-8b,g24p2_075,g24p2_075_plus,plus,strong_exclude_post,0.013288266694960103
qwen3-8b,g24p2_075,g24p2_075_plus,plus,counterfactual_delete_post,51.223818416907534
qwen3-8b,g24p2_075,g24p2_075_minus,minus,admit_post,2.8165775955215737e-06
qwen3-8b,g24p2_075,g24p2_075_minus,minus,exclude_post,1.1631435515251877e-07
qwen3-8b,g24p2_075,g24p2_075_minus,minus,strong_exclude_post,21.79562697992035
qwen3-8b,g24p2_075,g24p2_075_minus,minus,counterfactual_delete_post,0.7101993215828585
qwen3-8b,g24p2_076,g24p2_076_plus,plus,base,99.99999999811679
qwen3-8b,g24p2_076,g24p2_076_plus,plus,admit_post,99.99999999999528
qwen3-8b,g24p2_076,g24p2_076_plus,plus,exclude_post,99.99999999929813
qwen3-8b,g24p2_076,g24p2_076_plus,plus,strong_exclude_post,2.1707858145974877
qwen3-8b,g24p2_076,g24p2_076_plus,plus,counterfactual_delete_post,33.503978387183224
qwen3-8b,g24p2_076,g24p2_076_minus,minus,admit_post,4.332479243448028e-09
qwen3-8b,g24p2_076,g24p2_076_minus,minus,exclude_post,1.2425381653431378e-09
qwen3-8b,g24p2_076,g24p2_076_minus,minus,strong_exclude_post,99.96445963728615
qwen3-8b,g24p2_076,g24p2_076_minus,minus,counterfactual_delete_post,4.034180815907288
qwen3-8b,g24p2_077,g24p2_077_plus,plus,base,67.69105002122807
qwen3-8b,g24p2_077,g24p2_077_plus,plus,admit_post,62.286226236964744
qwen3-8b,g24p2_077,g24p2_077_plus,plus,exclude_post,37.31949934922207
qwen3-8b,g24p2_077,g24p2_077_plus,plus,strong_exclude_post,20.846982284975965
qwen3-8b,g24p2_077,g24p2_077_plus,plus,counterfactual_delete_post,35.58218412064393
qwen3-8b,g24p2_077,g24p2_077_minus,minus,admit_post,33.12883052746001
qwen3-8b,g24p2_077,g24p2_077_minus,minus,exclude_post,15.488353244602145
qwen3-8b,g24p2_077,g24p2_077_minus,minus,strong_exclude_post,95.91748018818308
qwen3-8b,g24p2_077,g24p2_077_minus,minus,counterfactual_delete_post,0.05118428969751392
qwen3-8b,g24p2_079,g24p2_079_plus,plus,base,99.99999999990592
qwen3-8b,g24p2_079,g24p2_079_plus,plus,admit_post,99.99999999999011
qwen3-8b,g24p2_079,g24p2_079_plus,plus,exclude_post,99.9999999968959
qwen3-8b,g24p2_079,g24p2_079_plus,plus,strong_exclude_post,99.99999999974396
qwen3-8b,g24p2_079,g24p2_079_plus,plus,counterfactual_delete_post,66.67081510967888
qwen3-8b,g24p2_079,g24p2_079_minus,minus,admit_post,3.5258142677331954e-10
qwen3-8b,g24p2_079,g24p2_079_minus,minus,exclude_post,3.8477352818965863e-10
qwen3-8b,g24p2_079,g24p2_079_minus,minus,strong_exclude_post,4.5601168322949085e-10
qwen3-8b,g24p2_079,g24p2_079_minus,minus,counterfactual_delete_post,33.489787636956144
qwen3-8b,g24p2_081,g24p2_081_plus,plus,base,30.226368644043653
qwen3-8b,g24p2_081,g24p2_081_plus,plus,admit_post,99.99999999758148
qwen3-8b,g24p2_081,g24p2_081_plus,plus,exclude_post,3.717890766969897e-09
qwen3-8b,g24p2_081,g24p2_081_plus,plus,strong_exclude_post,0.09656863176529444
qwen3-8b,g24p2_081,g24p2_081_plus,plus,counterfactual_delete_post,0.0032087757643965618
qwen3-8b,g24p2_081,g24p2_081_minus,minus,admit_post,1.8334758142124432e-05
qwen3-8b,g24p2_081,g24p2_081_minus,minus,exclude_post,2.14723915625684e-09
qwen3-8b,g24p2_081,g24p2_081_minus,minus,strong_exclude_post,0.7681887386901224
qwen3-8b,g24p2_081,g24p2_081_minus,minus,counterfactual_delete_post,6.079619359788887e-07
qwen3-8b,g24p2_082,g24p2_082_plus,plus,base,55.435675008488
qwen3-8b,g24p2_082,g24p2_082_plus,plus,admit_post,99.99988744418744
qwen3-8b,g24p2_082,g24p2_082_plus,plus,exclude_post,56.7447904848774
qwen3-8b,g24p2_082,g24p2_082_plus,plus,strong_exclude_post,38.97331811567934
qwen3-8b,g24p2_082,g24p2_082_plus,plus,counterfactual_delete_post,66.46854165061018
qwen3-8b,g24p2_082,g24p2_082_minus,minus,admit_post,77.62256895581771
qwen3-8b,g24p2_082,g24p2_082_minus,minus,exclude_post,56.486914603384804
qwen3-8b,g24p2_082,g24p2_082_minus,minus,strong_exclude_post,45.351214531229004
qwen3-8b,g24p2_082,g24p2_082_minus,minus,counterfactual_delete_post,40.61022630645725
qwen3-8b,g24p2_083,g24p2_083_plus,plus,base,99.99999997709372
qwen3-8b,g24p2_083,g24p2_083_plus,plus,admit_post,99.99999999999773
qwen3-8b,g24p2_083,g24p2_083_plus,plus,exclude_post,99.99999999957824
qwen3-8b,g24p2_083,g24p2_083_plus,plus,strong_exclude_post,0.09042898333618206
qwen3-8b,g24p2_083,g24p2_083_plus,plus,counterfactual_delete_post,0.00010021320108069028
qwen3-8b,g24p2_083,g24p2_083_minus,minus,admit_post,99.99999999885664
qwen3-8b,g24p2_083,g24p2_083_minus,minus,exclude_post,4.890905158938738e-06
qwen3-8b,g24p2_083,g24p2_083_minus,minus,strong_exclude_post,0.0006449540841196973
qwen3-8b,g24p2_083,g24p2_083_minus,minus,counterfactual_delete_post,0.007559221406904433
qwen3-8b,g24p2_084,g24p2_084_plus,plus,base,99.999992803845
qwen3-8b,g24p2_084,g24p2_084_plus,plus,admit_post,99.99999998565967
qwen3-8b,g24p2_084,g24p2_084_plus,plus,exclude_post,99.99999985419092
qwen3-8b,g24p2_084,g24p2_084_plus,plus,strong_exclude_post,99.99997432516646
qwen3-8b,g24p2_084,g24p2_084_plus,plus,counterfactual_delete_post,76.9473315949242
qwen3-8b,g24p2_084,g24p2_084_minus,minus,admit_post,55.93494317141643
qwen3-8b,g24p2_084,g24p2_084_minus,minus,exclude_post,36.00556793823214
qwen3-8b,g24p2_084,g24p2_084_minus,minus,strong_exclude_post,54.719640848614176
qwen3-8b,g24p2_084,g24p2_084_minus,minus,counterfactual_delete_post,74.07438158296108
qwen3-8b,g24p2_085,g24p2_085_plus,plus,base,4.994172980379349e-08
qwen3-8b,g24p2_085,g24p2_085_plus,plus,admit_post,99.99999999999959
qwen3-8b,g24p2_085,g24p2_085_plus,plus,exclude_post,0.01664829890714438
qwen3-8b,g24p2_085,g24p2_085_plus,plus,strong_exclude_post,6.845250886989672
qwen3-8b,g24p2_085,g24p2_085_plus,plus,counterfactual_delete_post,48.278763987990764
qwen3-8b,g24p2_085,g24p2_085_minus,minus,admit_post,65.01640458885716
qwen3-8b,g24p2_085,g24p2_085_minus,minus,exclude_post,99.22953270670628
qwen3-8b,g24p2_085,g24p2_085_minus,minus,strong_exclude_post,83.9634837938337
qwen3-8b,g24p2_085,g24p2_085_minus,minus,counterfactual_delete_post,34.01941706869213
qwen3-8b,g24p2_087,g24p2_087_plus,plus,base,1.70360222739438e-10
qwen3-8b,g24p2_087,g24p2_087_plus,plus,admit_post,77.9587264244346
qwen3-8b,g24p2_087,g24p2_087_plus,plus,exclude_post,48.17930499677905
qwen3-8b,g24p2_087,g24p2_087_plus,plus,strong_exclude_post,0.26339303919567814
qwen3-8b,g24p2_087,g24p2_087_plus,plus,counterfactual_delete_post,55.62540840082664
qwen3-8b,g24p2_087,g24p2_087_minus,minus,admit_post,25.979614204891455
qwen3-8b,g24p2_087,g24p2_087_minus,minus,exclude_post,2.1784010636216053
qwen3-8b,g24p2_087,g24p2_087_minus,minus,strong_exclude_post,18.243199760793154
qwen3-8b,g24p2_087,g24p2_087_minus,minus,counterfactual_delete_post,59.119006004527506
qwen3-8b,g24p2_088,g24p2_088_plus,plus,base,54.389903459561495
qwen3-8b,g24p2_088,g24p2_088_plus,plus,admit_post,99.99999999811368
qwen3-8b,g24p2_088,g24p2_088_plus,plus,exclude_post,0.0016702773928738213
qwen3-8b,g24p2_088,g24p2_088_plus,plus,strong_exclude_post,0.7046747378250194
qwen3-8b,g24p2_088,g24p2_088_plus,plus,counterfactual_delete_post,66.54475959375392
qwen3-8b,g24p2_088,g24p2_088_minus,minus,admit_post,1.8340013376539826e-08
qwen3-8b,g24p2_088,g24p2_088_minus,minus,exclude_post,2.3170982095542794
qwen3-8b,g24p2_088,g24p2_088_minus,minus,strong_exclude_post,50.35001924406091
qwen3-8b,g24p2_088,g24p2_088_minus,minus,counterfactual_delete_post,66.34085704662823
qwen3-8b,g24p2_089,g24p2_089_plus,plus,base,1.2637373613489187e-06
qwen3-8b,g24p2_089,g24p2_089_plus,plus,admit_post,99.99999999758522
qwen3-8b,g24p2_089,g24p2_089_plus,plus,exclude_post,96.29550558663739
qwen3-8b,g24p2_089,g24p2_089_plus,plus,strong_exclude_post,79.06126144916828
qwen3-8b,g24p2_089,g24p2_089_plus,plus,counterfactual_delete_post,78.30370263682798
qwen3-8b,g24p2_089,g24p2_089_minus,minus,admit_post,89.14417779240085
qwen3-8b,g24p2_089,g24p2_089_minus,minus,exclude_post,2.5462339034735625e-07
qwen3-8b,g24p2_089,g24p2_089_minus,minus,strong_exclude_post,37.33687270139345
qwen3-8b,g24p2_089,g24p2_089_minus,minus,counterfactual_delete_post,44.11807051459834
qwen3-8b,g24p2_091,g24p2_091_plus,plus,base,55.336722782064335
qwen3-8b,g24p2_091,g24p2_091_plus,plus,admit_post,78.18239780980039
qwen3-8b,g24p2_091,g24p2_091_plus,plus,exclude_post,56.60227264443998
qwen3-8b,g24p2_091,g24p2_091_plus,plus,strong_exclude_post,63.903394952422076
qwen3-8b,g24p2_091,g24p2_091_plus,plus,counterfactual_delete_post,76.45109141247978
qwen3-8b,g24p2_091,g24p2_091_minus,minus,admit_post,70.57925792569705
qwen3-8b,g24p2_091,g24p2_091_minus,minus,exclude_post,62.495803255231834
qwen3-8b,g24p2_091,g24p2_091_minus,minus,strong_exclude_post,58.53573223423372
qwen3-8b,g24p2_091,g24p2_091_minus,minus,counterfactual_delete_post,0.08734678732912464
qwen3-8b,g24p2_092,g24p2_092_plus,plus,base,6.417839877843178e-08
qwen3-8b,g24p2_092,g24p2_092_plus,plus,admit_post,99.99999999885559
qwen3-8b,g24p2_092,g24p2_092_plus,plus,exclude_post,0.0004955801277080007
qwen3-8b,g24p2_092,g24p2_092_plus,plus,strong_exclude_post,1.2433678233095665e-05
qwen3-8b,g24p2_092,g24p2_092_plus,plus,counterfactual_delete_post,0.014714177750102678
qwen3-8b,g24p2_092,g24p2_092_minus,minus,admit_post,38.33777373481357
qwen3-8b,g24p2_092,g24p2_092_minus,minus,exclude_post,9.121593333024395e-09
qwen3-8b,g24p2_092,g24p2_092_minus,minus,strong_exclude_post,1.967464224626834e-07
qwen3-8b,g24p2_092,g24p2_092_minus,minus,counterfactual_delete_post,0.0012091516803512212
qwen3-8b,g24p2_093,g24p2_093_plus,plus,base,99.9999966008017
qwen3-8b,g24p2_093,g24p2_093_plus,plus,admit_post,99.99976145562951
qwen3-8b,g24p2_093,g24p2_093_plus,plus,exclude_post,96.79028123590828
qwen3-8b,g24p2_093,g24p2_093_plus,plus,strong_exclude_post,99.92562807466841
qwen3-8b,g24p2_093,g24p2_093_plus,plus,counterfactual_delete_post,99.9999748209538
qwen3-8b,g24p2_093,g24p2_093_minus,minus,admit_post,2.522214878771292e-10
qwen3-8b,g24p2_093,g24p2_093_minus,minus,exclude_post,49.00646384355117
qwen3-8b,g24p2_093,g24p2_093_minus,minus,strong_exclude_post,99.99999660018096
qwen3-8b,g24p2_093,g24p2_093_minus,minus,counterfactual_delete_post,43.672754817874115
qwen3-8b,g24p2_094,g24p2_094_plus,plus,base,99.99999999994287
qwen3-8b,g24p2_094,g24p2_094_plus,plus,admit_post,99.99999999998721
qwen3-8b,g24p2_094,g24p2_094_plus,plus,exclude_post,99.99999982887948
qwen3-8b,g24p2_094,g24p2_094_plus,plus,strong_exclude_post,99.9999999999554
qwen3-8b,g24p2_094,g24p2_094_plus,plus,counterfactual_delete_post,97.01176178943092
qwen3-8b,g24p2_094,g24p2_094_minus,minus,admit_post,99.99999999885796
qwen3-8b,g24p2_094,g24p2_094_minus,minus,exclude_post,99.99708656356998
qwen3-8b,g24p2_094,g24p2_094_minus,minus,strong_exclude_post,97.4215017933787
qwen3-8b,g24p2_094,g24p2_094_minus,minus,counterfactual_delete_post,77.87225116884775
qwen3-8b,g24p2_096,g24p2_096_plus,plus,base,56.206566307945444
qwen3-8b,g24p2_096,g24p2_096_plus,plus,admit_post,98.87533661105958
qwen3-8b,g24p2_096,g24p2_096_plus,plus,exclude_post,82.96456210462321
qwen3-8b,g24p2_096,g24p2_096_plus,plus,strong_exclude_post,43.835585801648136
qwen3-8b,g24p2_096,g24p2_096_plus,plus,counterfactual_delete_post,39.50429404662477
qwen3-8b,g24p2_096,g24p2_096_minus,minus,admit_post,33.33128413900937
qwen3-8b,g24p2_096,g24p2_096_minus,minus,exclude_post,25.91075454472506
qwen3-8b,g24p2_096,g24p2_096_minus,minus,strong_exclude_post,5.109075641633504
qwen3-8b,g24p2_096,g24p2_096_minus,minus,counterfactual_delete_post,27.38097713444316
qwen3-8b,g24p2_098,g24p2_098_plus,plus,base,6.881512347183619e-09
qwen3-8b,g24p2_098,g24p2_098_plus,plus,admit_post,99.9999999993057
qwen3-8b,g24p2_098,g24p2_098_plus,plus,exclude_post,99.99999999850633
qwen3-8b,g24p2_098,g24p2_098_plus,plus,strong_exclude_post,0.5220484010035645
qwen3-8b,g24p2_098,g24p2_098_plus,plus,counterfactual_delete_post,4.177587201410723e-09
qwen3-8b,g24p2_098,g24p2_098_minus,minus,admit_post,0.0006145347522051552
qwen3-8b,g24p2_098,g24p2_098_minus,minus,exclude_post,3.9066661500263326e-08
qwen3-8b,g24p2_098,g24p2_098_minus,minus,strong_exclude_post,0.0005063719437345003
qwen3-8b,g24p2_098,g24p2_098_minus,minus,counterfactual_delete_post,5.308348024411511e-09
qwen3-8b,g24p2_099,g24p2_099_plus,plus,base,7.747090208268175e-11
qwen3-8b,g24p2_099,g24p2_099_plus,plus,admit_post,4.184281907754373e-07
qwen3-8b,g24p2_099,g24p2_099_plus,plus,exclude_post,4.868627044167475e-11
qwen3-8b,g24p2_099,g24p2_099_plus,plus,strong_exclude_post,1.267099441973978e-10
qwen3-8b,g24p2_099,g24p2_099_plus,plus,counterfactual_delete_post,7.272292845976587e-06
qwen3-8b,g24p2_099,g24p2_099_minus,minus,admit_post,4.801919513828141e-11
qwen3-8b,g24p2_099,g24p2_099_minus,minus,exclude_post,1.7630869805073324e-11
qwen3-8b,g24p2_099,g24p2_099_minus,minus,strong_exclude_post,2.2413050723326206e-11
qwen3-8b,g24p2_099,g24p2_099_minus,minus,counterfactual_delete_post,1.5338105627116742e-11
qwen3-8b,g24p2_101,g24p2_101_plus,plus,base,9.405356928614909e-10
qwen3-8b,g24p2_101,g24p2_101_plus,plus,admit_post,99.99999999979904
qwen3-8b,g24p2_101,g24p2_101_plus,plus,exclude_post,2.644665325947125e-09
qwen3-8b,g24p2_101,g24p2_101_plus,plus,strong_exclude_post,2.9666237867201786e-05
qwen3-8b,g24p2_101,g24p2_101_plus,plus,counterfactual_delete_post,2.1288318778593752e-06
qwen3-8b,g24p2_101,g24p2_101_minus,minus,admit_post,4.3526933375731466e-09
qwen3-8b,g24p2_101,g24p2_101_minus,minus,exclude_post,9.251644111214614e-10
qwen3-8b,g24p2_101,g24p2_101_minus,minus,strong_exclude_post,7.237438444947634e-06
qwen3-8b,g24p2_101,g24p2_101_minus,minus,counterfactual_delete_post,3.4754247154441123e-07
qwen3-8b,g24p2_102,g24p2_102_plus,plus,base,0.001257422641283036
qwen3-8b,g24p2_102,g24p2_102_plus,plus,admit_post,1.2930404439180865e-06
qwen3-8b,g24p2_102,g24p2_102_plus,plus,exclude_post,0.0001518753693746066
qwen3-8b,g24p2_102,g24p2_102_plus,plus,strong_exclude_post,53.41547515209069
qwen3-8b,g24p2_102,g24p2_102_plus,plus,counterfactual_delete_post,66.60859794697194
qwen3-8b,g24p2_102,g24p2_102_minus,minus,admit_post,32.83312046755401
qwen3-8b,g24p2_102,g24p2_102_minus,minus,exclude_post,1.0422937024690531e-09
qwen3-8b,g24p2_102,g24p2_102_minus,minus,strong_exclude_post,0.0025196476488281404
qwen3-8b,g24p2_102,g24p2_102_minus,minus,counterfactual_delete_post,33.33227340739403
qwen3-8b,g24p2_103,g24p2_103_plus,plus,base,33.369033507896496
qwen3-8b,g24p2_103,g24p2_103_plus,plus,admit_post,99.99893193199583
qwen3-8b,g24p2_103,g24p2_103_plus,plus,exclude_post,62.16948609348094
qwen3-8b,g24p2_103,g24p2_103_plus,plus,strong_exclude_post,6.76317595629993
qwen3-8b,g24p2_103,g24p2_103_plus,plus,counterfactual_delete_post,7.42367540345661
qwen3-8b,g24p2_103,g24p2_103_minus,minus,admit_post,55.80816753722067
qwen3-8b,g24p2_103,g24p2_103_minus,minus,exclude_post,0.008789964465335753
qwen3-8b,g24p2_103,g24p2_103_minus,minus,strong_exclude_post,32.401201565455864
qwen3-8b,g24p2_103,g24p2_103_minus,minus,counterfactual_delete_post,54.887511953993375
qwen3-8b,g24p2_104,g24p2_104_plus,plus,base,0.02360070255413181
qwen3-8b,g24p2_104,g24p2_104_plus,plus,admit_post,99.99999999974501
qwen3-8b,g24p2_104,g24p2_104_plus,plus,exclude_post,4.034416992807972
qwen3-8b,g24p2_104,g24p2_104_plus,plus,strong_exclude_post,0.0003269762899837289
qwen3-8b,g24p2_104,g24p2_104_plus,plus,counterfactual_delete_post,1.057764985401991
qwen3-8b,g24p2_104,g24p2_104_minus,minus,admit_post,1.481795506650392e-08
qwen3-8b,g24p2_104,g24p2_104_minus,minus,exclude_post,7.299784143977728e-09
qwen3-8b,g24p2_104,g24p2_104_minus,minus,strong_exclude_post,1.0987181245210623e-06
qwen3-8b,g24p2_104,g24p2_104_minus,minus,counterfactual_delete_post,8.83562436903032
qwen3-8b,g24p2_105,g24p2_105_plus,plus,base,55.565440071542916
qwen3-8b,g24p2_105,g24p2_105_plus,plus,admit_post,67.05397850278807
qwen3-8b,g24p2_105,g24p2_105_plus,plus,exclude_post,47.526143715226794
qwen3-8b,g24p2_105,g24p2_105_plus,plus,strong_exclude_post,99.44150972572989
qwen3-8b,g24p2_105,g24p2_105_plus,plus,counterfactual_delete_post,35.870293136578226
qwen3-8b,g24p2_105,g24p2_105_minus,minus,admit_post,56.08168158733431
qwen3-8b,g24p2_105,g24p2_105_minus,minus,exclude_post,55.0533769432486
qwen3-8b,g24p2_105,g24p2_105_minus,minus,strong_exclude_post,54.917764240569284
qwen3-8b,g24p2_105,g24p2_105_minus,minus,counterfactual_delete_post,55.14075900209372
qwen3-8b,g24p2_107,g24p2_107_plus,plus,base,58.0204200557921
qwen3-8b,g24p2_107,g24p2_107_plus,plus,admit_post,99.99999793841158
qwen3-8b,g24p2_107,g24p2_107_plus,plus,exclude_post,99.99986354337419
qwen3-8b,g24p2_107,g24p2_107_plus,plus,strong_exclude_post,3.424149697381422
qwen3-8b,g24p2_107,g24p2_107_plus,plus,counterfactual_delete_post,23.120031504225135
qwen3-8b,g24p2_107,g24p2_107_minus,minus,admit_post,77.94227458331869
qwen3-8b,g24p2_107,g24p2_107_minus,minus,exclude_post,0.0002771107179595552
qwen3-8b,g24p2_107,g24p2_107_minus,minus,strong_exclude_post,0.15899451377182572
qwen3-8b,g24p2_107,g24p2_107_minus,minus,counterfactual_delete_post,30.646932057600743
qwen3-8b,g24p2_108,g24p2_108_plus,plus,base,55.60877297237269
qwen3-8b,g24p2_108,g24p2_108_plus,plus,admit_post,37.88416972177636
qwen3-8b,g24p2_108,g24p2_108_plus,plus,exclude_post,35.31634423300414
qwen3-8b,g24p2_108,g24p2_108_plus,plus,strong_exclude_post,37.87004338446408
qwen3-8b,g24p2_108,g24p2_108_plus,plus,counterfactual_delete_post,47.6326996834043
qwen3-8b,g24p2_108,g24p2_108_minus,minus,admit_post,47.093109119006584
qwen3-8b,g24p2_108,g24p2_108_minus,minus,exclude_post,34.815702766827556
qwen3-8b,g24p2_108,g24p2_108_minus,minus,strong_exclude_post,51.90040493504837
qwen3-8b,g24p2_108,g24p2_108_minus,minus,counterfactual_delete_post,2.472742973259513
qwen3-8b,g24p2_110,g24p2_110_plus,plus,base,99.99999999157419
qwen3-8b,g24p2_110,g24p2_110_plus,plus,admit_post,99.99999999999777
qwen3-8b,g24p2_110,g24p2_110_plus,plus,exclude_post,99.99999999911178
qwen3-8b,g24p2_110,g24p2_110_plus,plus,strong_exclude_post,99.99999999992684
qwen3-8b,g24p2_110,g24p2_110_plus,plus,counterfactual_delete_post,99.9921147742437
qwen3-8b,g24p2_110,g24p2_110_minus,minus,admit_post,77.81821691332334
qwen3-8b,g24p2_110,g24p2_110_minus,minus,exclude_post,78.02694126506574
qwen3-8b,g24p2_110,g24p2_110_minus,minus,strong_exclude_post,27.825259619482754
qwen3-8b,g24p2_110,g24p2_110_minus,minus,counterfactual_delete_post,99.80015230537792
qwen3-8b,g24p2_111,g24p2_111_plus,plus,base,3.6615636488189596e-11
qwen3-8b,g24p2_111,g24p2_111_plus,plus,admit_post,3.661064996238154e-08
qwen3-8b,g24p2_111,g24p2_111_plus,plus,exclude_post,1.280434448937446e-09
qwen3-8b,g24p2_111,g24p2_111_plus,plus,strong_exclude_post,4.712813553899656e-10
qwen3-8b,g24p2_111,g24p2_111_plus,plus,counterfactual_delete_post,4.108497909002247e-08
qwen3-8b,g24p2_111,g24p2_111_minus,minus,admit_post,7.581692978117926e-09
qwen3-8b,g24p2_111,g24p2_111_minus,minus,exclude_post,1.3265844889330033e-10
qwen3-8b,g24p2_111,g24p2_111_minus,minus,strong_exclude_post,1.3621104241480627e-10
qwen3-8b,g24p2_111,g24p2_111_minus,minus,counterfactual_delete_post,1.5999225766815134e-09
qwen3-8b,g24p2_112,g24p2_112_plus,plus,base,0.0004324763283088007
qwen3-8b,g24p2_112,g24p2_112_plus,plus,admit_post,99.99999999999893
qwen3-8b,g24p2_112,g24p2_112_plus,plus,exclude_post,9.26550668790347e-07
qwen3-8b,g24p2_112,g24p2_112_plus,plus,strong_exclude_post,4.804593393380969e-05
qwen3-8b,g24p2_112,g24p2_112_plus,plus,counterfactual_delete_post,4.0000123513668334e-07
qwen3-8b,g24p2_112,g24p2_112_minus,minus,admit_post,8.477386578848068e-11
qwen3-8b,g24p2_112,g24p2_112_minus,minus,exclude_post,1.4143685564204141e-10
qwen3-8b,g24p2_112,g24p2_112_minus,minus,strong_exclude_post,2.2094679901472443e-06
qwen3-8b,g24p2_112,g24p2_112_minus,minus,counterfactual_delete_post,0.13592432745116279
qwen3-8b,g24p2_113,g24p2_113_plus,plus,base,99.99999999999777
qwen3-8b,g24p2_113,g24p2_113_plus,plus,admit_post,99.99999999999227
qwen3-8b,g24p2_113,g24p2_113_plus,plus,exclude_post,99.99999999930782
qwen3-8b,g24p2_113,g24p2_113_plus,plus,strong_exclude_post,99.99999999998727
qwen3-8b,g24p2_113,g24p2_113_plus,plus,counterfactual_delete_post,77.36320238939854
qwen3-8b,g24p2_113,g24p2_113_minus,minus,admit_post,76.7167691440074
qwen3-8b,g24p2_113,g24p2_113_minus,minus,exclude_post,65.59524878414913
qwen3-8b,g24p2_113,g24p2_113_minus,minus,strong_exclude_post,99.07638324329679
qwen3-8b,g24p2_113,g24p2_113_minus,minus,counterfactual_delete_post,58.96349800711832
qwen3-8b,g24p2_114,g24p2_114_plus,plus,base,99.99999999980012
qwen3-8b,g24p2_114,g24p2_114_plus,plus,admit_post,99.99999999999771
qwen3-8b,g24p2_114,g24p2_114_plus,plus,exclude_post,99.999999999744
qwen3-8b,g24p2_114,g24p2_114_plus,plus,strong_exclude_post,99.99999999980153
qwen3-8b,g24p2_114,g24p2_114_plus,plus,counterfactual_delete_post,54.21206194559224
qwen3-8b,g24p2_114,g24p2_114_minus,minus,admit_post,99.99999999999005
qwen3-8b,g24p2_114,g24p2_114_minus,minus,exclude_post,4.1294421448337267e-07
qwen3-8b,g24p2_114,g24p2_114_minus,minus,strong_exclude_post,0.008425572150830304
qwen3-8b,g24p2_114,g24p2_114_minus,minus,counterfactual_delete_post,33.762886214858355
qwen3-8b,g24p2_115,g24p2_115_plus,plus,base,2.9514442734844817
qwen3-8b,g24p2_115,g24p2_115_plus,plus,admit_post,99.99999998912378
qwen3-8b,g24p2_115,g24p2_115_plus,plus,exclude_post,62.233937946304664
qwen3-8b,g24p2_115,g24p2_115_plus,plus,strong_exclude_post,0.001187403486425301
qwen3-8b,g24p2_115,g24p2_115_plus,plus,counterfactual_delete_post,98.86886399072385
qwen3-8b,g24p2_115,g24p2_115_minus,minus,admit_post,2.5430360444127114e-08
qwen3-8b,g24p2_115,g24p2_115_minus,minus,exclude_post,6.360647640005051e-10
qwen3-8b,g24p2_115,g24p2_115_minus,minus,strong_exclude_post,27.287550607018513
qwen3-8b,g24p2_115,g24p2_115_minus,minus,counterfactual_delete_post,1.025425518803609e-05
qwen3-8b,g24p2_116,g24p2_116_plus,plus,base,7.788785892383297e-07
qwen3-8b,g24p2_116,g24p2_116_plus,plus,admit_post,99.99999999999825
qwen3-8b,g24p2_116,g24p2_116_plus,plus,exclude_post,99.99999999997289
qwen3-8b,g24p2_116,g24p2_116_plus,plus,strong_exclude_post,6.17823082325526e-11
qwen3-8b,g24p2_116,g24p2_116_plus,plus,counterfactual_delete_post,43.877741398959984
qwen3-8b,g24p2_116,g24p2_116_minus,minus,admit_post,0.002900040517334762
qwen3-8b,g24p2_116,g24p2_116_minus,minus,exclude_post,99.99776933905758
qwen3-8b,g24p2_116,g24p2_116_minus,minus,strong_exclude_post,1.3959333487766975e-08
qwen3-8b,g24p2_116,g24p2_116_minus,minus,counterfactual_delete_post,0.05507785194718283
qwen3-8b,g24p2_117,g24p2_117_plus,plus,base,43.85565649414598
qwen3-8b,g24p2_117,g24p2_117_plus,plus,admit_post,99.99999999946101
qwen3-8b,g24p2_117,g24p2_117_plus,plus,exclude_post,0.5344525281754353
qwen3-8b,g24p2_117,g24p2_117_plus,plus,strong_exclude_post,33.10264145009772
qwen3-8b,g24p2_117,g24p2_117_plus,plus,counterfactual_delete_post,49.84895465012397
qwen3-8b,g24p2_117,g24p2_117_minus,minus,admit_post,53.77269149770652
qwen3-8b,g24p2_117,g24p2_117_minus,minus,exclude_post,0.10871829628002655
qwen3-8b,g24p2_117,g24p2_117_minus,minus,strong_exclude_post,26.078566712476523
qwen3-8b,g24p2_117,g24p2_117_minus,minus,counterfactual_delete_post,29.369369169701358
qwen3-8b,g24p2_120,g24p2_120_plus,plus,base,99.99999940932648
qwen3-8b,g24p2_120,g24p2_120_plus,plus,admit_post,99.99999998916935
qwen3-8b,g24p2_120,g24p2_120_plus,plus,exclude_post,99.99998042740232
qwen3-8b,g24p2_120,g24p2_120_plus,plus,strong_exclude_post,86.25608046910047
qwen3-8b,g24p2_120,g24p2_120_plus,plus,counterfactual_delete_post,30.3085841795025
qwen3-8b,g24p2_120,g24p2_120_minus,minus,admit_post,6.290656485124848e-10
qwen3-8b,g24p2_120,g24p2_120_minus,minus,exclude_post,8.699614746435538e-10
qwen3-8b,g24p2_120,g24p2_120_minus,minus,strong_exclude_post,62.097903743864094
qwen3-8b,g24p2_120,g24p2_120_minus,minus,counterfactual_delete_post,13.619715902264451
qwen3-8b,g24p2_121,g24p2_121_plus,plus,base,89.01094644226697
qwen3-8b,g24p2_121,g24p2_121_plus,plus,admit_post,99.99999439602293
qwen3-8b,g24p2_121,g24p2_121_plus,plus,exclude_post,95.80491625190956
qwen3-8b,g24p2_121,g24p2_121_plus,plus,strong_exclude_post,99.74469560736584
qwen3-8b,g24p2_121,g24p2_121_plus,plus,counterfactual_delete_post,99.84373728312636
qwen3-8b,g24p2_121,g24p2_121_minus,minus,admit_post,89.7314534105956
qwen3-8b,g24p2_121,g24p2_121_minus,minus,exclude_post,87.2474993100182
qwen3-8b,g24p2_121,g24p2_121_minus,minus,strong_exclude_post,88.91410217124313
qwen3-8b,g24p2_121,g24p2_121_minus,minus,counterfactual_delete_post,77.68351658974463
qwen3-8b,g24p2_122,g24p2_122_plus,plus,base,2.071871306938633e-06
qwen3-8b,g24p2_122,g24p2_122_plus,plus,admit_post,99.99999999999524
qwen3-8b,g24p2_122,g24p2_122_plus,plus,exclude_post,99.99999998915432
qwen3-8b,g24p2_122,g24p2_122_plus,plus,strong_exclude_post,8.431764894281944e-06
qwen3-8b,g24p2_122,g24p2_122_plus,plus,counterfactual_delete_post,33.262443531766465
qwen3-8b,g24p2_122,g24p2_122_minus,minus,admit_post,1.065400920283713e-07
qwen3-8b,g24p2_122,g24p2_122_minus,minus,exclude_post,7.278798774865742e-07
qwen3-8b,g24p2_122,g24p2_122_minus,minus,strong_exclude_post,8.20656083181735e-11
qwen3-8b,g24p2_122,g24p2_122_minus,minus,counterfactual_delete_post,0.0003825450929015707
qwen3-8b,g24p2_123,g24p2_123_plus,plus,base,3.1170518921573507
qwen3-8b,g24p2_123,g24p2_123_plus,plus,admit_post,95.13529439955794
qwen3-8b,g24p2_123,g24p2_123_plus,plus,exclude_post,0.007193468965131146
qwen3-8b,g24p2_123,g24p2_123_plus,plus,strong_exclude_post,53.41815061710923
qwen3-8b,g24p2_123,g24p2_123_plus,plus,counterfactual_delete_post,65.60711603600099
qwen3-8b,g24p2_123,g24p2_123_minus,minus,admit_post,97.0117549577173
qwen3-8b,g24p2_123,g24p2_123_minus,minus,exclude_post,55.75189076815384
qwen3-8b,g24p2_123,g24p2_123_minus,minus,strong_exclude_post,53.395032846399644
qwen3-8b,g24p2_123,g24p2_123_minus,minus,counterfactual_delete_post,56.61211763709364
qwen3-8b,g24p2_125,g24p2_125_plus,plus,base,0.7883685253650525
qwen3-8b,g24p2_125,g24p2_125_plus,plus,admit_post,99.9999999999431
qwen3-8b,g24p2_125,g24p2_125_plus,plus,exclude_post,2.747804485307375e-10
qwen3-8b,g24p2_125,g24p2_125_plus,plus,strong_exclude_post,8.967270404414252
qwen3-8b,g24p2_125,g24p2_125_plus,plus,counterfactual_delete_post,31.31778632082464
qwen3-8b,g24p2_125,g24p2_125_minus,minus,admit_post,88.85363533682549
qwen3-8b,g24p2_125,g24p2_125_minus,minus,exclude_post,66.9973765430481
qwen3-8b,g24p2_125,g24p2_125_minus,minus,strong_exclude_post,0.01203360253098526
qwen3-8b,g24p2_125,g24p2_125_minus,minus,counterfactual_delete_post,52.59264749230668
qwen3-8b,g24p2_126,g24p2_126_plus,plus,base,4.293809467694782
qwen3-8b,g24p2_126,g24p2_126_plus,plus,admit_post,99.99999989693725
qwen3-8b,g24p2_126,g24p2_126_plus,plus,exclude_post,72.32072822740247
qwen3-8b,g24p2_126,g24p2_126_plus,plus,strong_exclude_post,0.3367623614368634
qwen3-8b,g24p2_126,g24p2_126_plus,plus,counterfactual_delete_post,91.36202967325264
qwen3-8b,g24p2_126,g24p2_126_minus,minus,admit_post,0.00010589259860020733
qwen3-8b,g24p2_126,g24p2_126_minus,minus,exclude_post,1.2176874394272682e-07
qwen3-8b,g24p2_126,g24p2_126_minus,minus,strong_exclude_post,99.46614442986831
qwen3-8b,g24p2_126,g24p2_126_minus,minus,counterfactual_delete_post,0.0007253804068897176
qwen3-8b,g24p2_128,g24p2_128_plus,plus,base,99.99999999999793
qwen3-8b,g24p2_128,g24p2_128_plus,plus,admit_post,99.99999999999949
qwen3-8b,g24p2_128,g24p2_128_plus,plus,exclude_post,99.99999999997289
qwen3-8b,g24p2_128,g24p2_128_plus,plus,strong_exclude_post,1.5699327803748477
qwen3-8b,g24p2_128,g24p2_128_plus,plus,counterfactual_delete_post,67.33390513282964
qwen3-8b,g24p2_128,g24p2_128_minus,minus,admit_post,1.542205718594833e-08
qwen3-8b,g24p2_128,g24p2_128_minus,minus,exclude_post,99.99359999494085
qwen3-8b,g24p2_128,g24p2_128_minus,minus,strong_exclude_post,99.9999999988592
qwen3-8b,g24p2_128,g24p2_128_minus,minus,counterfactual_delete_post,66.59278253288826
qwen3-8b,g24p2_129,g24p2_129_plus,plus,base,99.99999999853372
qwen3-8b,g24p2_129,g24p2_129_plus,plus,admit_post,78.3859735292846
qwen3-8b,g24p2_129,g24p2_129_plus,plus,exclude_post,8.023335803868289
qwen3-8b,g24p2_129,g24p2_129_plus,plus,strong_exclude_post,5.616642278800489
qwen3-8b,g24p2_129,g24p2_129_plus,plus,counterfactual_delete_post,64.1896880406655
qwen3-8b,g24p2_129,g24p2_129_minus,minus,admit_post,4.5592215283038735e-10
qwen3-8b,g24p2_129,g24p2_129_minus,minus,exclude_post,7.045681960531465e-10
qwen3-8b,g24p2_129,g24p2_129_minus,minus,strong_exclude_post,4.0077200138859785
qwen3-8b,g24p2_129,g24p2_129_minus,minus,counterfactual_delete_post,33.32800011984822
qwen3-8b,g24p2_130,g24p2_130_plus,plus,base,99.99999999930704
qwen3-8b,g24p2_130,g24p2_130_plus,plus,admit_post,99.99999075995864
qwen3-8b,g24p2_130,g24p2_130_plus,plus,exclude_post,99.9998874397461
qwen3-8b,g24p2_130,g24p2_130_plus,plus,strong_exclude_post,82.58874550424082
qwen3-8b,g24p2_130,g24p2_130_plus,plus,counterfactual_delete_post,46.067574334203485
qwen3-8b,g24p2_130,g24p2_130_minus,minus,admit_post,7.378608941145033e-08
qwen3-8b,g24p2_130,g24p2_130_minus,minus,exclude_post,23.827679384225952
qwen3-8b,g24p2_130,g24p2_130_minus,minus,strong_exclude_post,0.22436426956090097
qwen3-8b,g24p2_130,g24p2_130_minus,minus,counterfactual_delete_post,1.1519962228254664e-06
qwen3-8b,g24p2_131,g24p2_131_plus,plus,base,1.1868987678565726e-09
qwen3-8b,g24p2_131,g24p2_131_plus,plus,admit_post,53.44451824377028
qwen3-8b,g24p2_131,g24p2_131_plus,plus,exclude_post,9.489781599967606e-06
qwen3-8b,g24p2_131,g24p2_131_plus,plus,strong_exclude_post,12.584883424755951
qwen3-8b,g24p2_131,g24p2_131_plus,plus,counterfactual_delete_post,32.71794907017484
qwen3-8b,g24p2_131,g24p2_131_minus,minus,admit_post,35.70700962903024
qwen3-8b,g24p2_131,g24p2_131_minus,minus,exclude_post,0.0019738308303239877
qwen3-8b,g24p2_131,g24p2_131_minus,minus,strong_exclude_post,0.050066435908141645
qwen3-8b,g24p2_131,g24p2_131_minus,minus,counterfactual_delete_post,5.590887525981795e-05
qwen3-8b,g24p2_132,g24p2_132_plus,plus,base,1.1343945394652677e-08
qwen3-8b,g24p2_132,g24p2_132_plus,plus,admit_post,99.99999999885752
qwen3-8b,g24p2_132,g24p2_132_plus,plus,exclude_post,99.99735956947583
qwen3-8b,g24p2_132,g24p2_132_plus,plus,strong_exclude_post,99.99999999853492
qwen3-8b,g24p2_132,g24p2_132_plus,plus,counterfactual_delete_post,66.42407090512833
qwen3-8b,g24p2_132,g24p2_132_minus,minus,admit_post,0.0005997378732862871
qwen3-8b,g24p2_132,g24p2_132_minus,minus,exclude_post,7.472956402892581e-06
qwen3-8b,g24p2_132,g24p2_132_minus,minus,strong_exclude_post,13.336192308556504
qwen3-8b,g24p2_132,g24p2_132_minus,minus,counterfactual_delete_post,10.728872818032357
qwen3-8b,g24p2_133,g24p2_133_plus,plus,base,99.9999999985327
qwen3-8b,g24p2_133,g24p2_133_plus,plus,admit_post,99.99999999999632
qwen3-8b,g24p2_133,g24p2_133_plus,plus,exclude_post,99.99999999974287
qwen3-8b,g24p2_133,g24p2_133_plus,plus,strong_exclude_post,0.0002656068894537933
qwen3-8b,g24p2_133,g24p2_133_plus,plus,counterfactual_delete_post,99.99994419563023
qwen3-8b,g24p2_133,g24p2_133_minus,minus,admit_post,6.666935201972308e-08
qwen3-8b,g24p2_133,g24p2_133_minus,minus,exclude_post,1.2432566452983516e-08
qwen3-8b,g24p2_133,g24p2_133_minus,minus,strong_exclude_post,7.244401026083869e-09
qwen3-8b,g24p2_133,g24p2_133_minus,minus,counterfactual_delete_post,5.2001896289706836e-09
qwen3-8b,g24p2_134,g24p2_134_plus,plus,base,99.99999999997905
qwen3-8b,g24p2_134,g24p2_134_plus,plus,admit_post,99.99999999997296
qwen3-8b,g24p2_134,g24p2_134_plus,plus,exclude_post,99.99999999967235
qwen3-8b,g24p2_134,g24p2_134_plus,plus,strong_exclude_post,99.99999999600722
qwen3-8b,g24p2_134,g24p2_134_plus,plus,counterfactual_delete_post,99.99999995131877
qwen3-8b,g24p2_134,g24p2_134_minus,minus,admit_post,99.99999995150141
qwen3-8b,g24p2_134,g24p2_134_minus,minus,exclude_post,87.53447450025618
qwen3-8b,g24p2_134,g24p2_134_minus,minus,strong_exclude_post,99.9999999948871
qwen3-8b,g24p2_134,g24p2_134_minus,minus,counterfactual_delete_post,99.9996940261412
qwen3-8b,g24p2_135,g24p2_135_plus,plus,base,1.2767799358342247e-10
qwen3-8b,g24p2_135,g24p2_135_plus,plus,admit_post,99.99999999998366
qwen3-8b,g24p2_135,g24p2_135_plus,plus,exclude_post,95.40576843615514
qwen3-8b,g24p2_135,g24p2_135_plus,plus,strong_exclude_post,3.7921266087612937e-10
qwen3-8b,g24p2_135,g24p2_135_plus,plus,counterfactual_delete_post,5.967169572838531
qwen3-8b,g24p2_135,g24p2_135_minus,minus,admit_post,1.0384512957151411e-10
qwen3-8b,g24p2_135,g24p2_135_minus,minus,exclude_post,0.0010134205819450957
qwen3-8b,g24p2_135,g24p2_135_minus,minus,strong_exclude_post,3.180668715167341
qwen3-8b,g24p2_135,g24p2_135_minus,minus,counterfactual_delete_post,0.0005647209942766834
qwen3-8b,g24p2_136,g24p2_136_plus,plus,base,53.52766699200052
qwen3-8b,g24p2_136,g24p2_136_plus,plus,admit_post,99.99999989735815
qwen3-8b,g24p2_136,g24p2_136_plus,plus,exclude_post,1.9698435359446614e-07
qwen3-8b,g24p2_136,g24p2_136_plus,plus,strong_exclude_post,2.9711359235454043e-06
qwen3-8b,g24p2_136,g24p2_136_plus,plus,counterfactual_delete_post,50.68839149080371
qwen3-8b,g24p2_136,g24p2_136_minus,minus,admit_post,47.399958560800826
qwen3-8b,g24p2_136,g24p2_136_minus,minus,exclude_post,33.45656739595235
qwen3-8b,g24p2_136,g24p2_136_minus,minus,strong_exclude_post,34.45349682707288
qwen3-8b,g24p2_136,g24p2_136_minus,minus,counterfactual_delete_post,38.48776019969603
qwen3-8b,g24p2_137,g24p2_137_plus,plus,base,60.09230618393657
qwen3-8b,g24p2_137,g24p2_137_plus,plus,admit_post,99.99999999479705
qwen3-8b,g24p2_137,g24p2_137_plus,plus,exclude_post,1.9620205254553673e-06
qwen3-8b,g24p2_137,g24p2_137_plus,plus,strong_exclude_post,0.005940379764891594
qwen3-8b,g24p2_137,g24p2_137_plus,plus,counterfactual_delete_post,0.00043598368690269903
qwen3-8b,g24p2_137,g24p2_137_minus,minus,admit_post,2.63733581984983e-09
qwen3-8b,g24p2_137,g24p2_137_minus,minus,exclude_post,3.906302711242593e-08
qwen3-8b,g24p2_137,g24p2_137_minus,minus,strong_exclude_post,8.561714593704603e-05
qwen3-8b,g24p2_137,g24p2_137_minus,minus,counterfactual_delete_post,0.15510416733179044
qwen3-8b,g24p2_138,g24p2_138_plus,plus,base,78.25970982064003
qwen3-8b,g24p2_138,g24p2_138_plus,plus,admit_post,99.99999999992684
qwen3-8b,g24p2_138,g24p2_138_plus,plus,exclude_post,93.7512406601042
qwen3-8b,g24p2_138,g24p2_138_plus,plus,strong_exclude_post,59.00517618803792
qwen3-8b,g24p2_138,g24p2_138_plus,plus,counterfactual_delete_post,34.02266295329672
qwen3-8b,g24p2_138,g24p2_138_minus,minus,admit_post,72.65535138843379
qwen3-8b,g24p2_138,g24p2_138_minus,minus,exclude_post,7.803626400709057
qwen3-8b,g24p2_138,g24p2_138_minus,minus,strong_exclude_post,54.22272032218327
qwen3-8b,g24p2_138,g24p2_138_minus,minus,counterfactual_delete_post,64.14129448551778
qwen3-8b,g24p2_140,g24p2_140_plus,plus,base,0.0003060500564069526
qwen3-8b,g24p2_140,g24p2_140_plus,plus,admit_post,99.99999999945996
qwen3-8b,g24p2_140,g24p2_140_plus,plus,exclude_post,9.595057479498964
qwen3-8b,g24p2_140,g24p2_140_plus,plus,strong_exclude_post,36.4604159168327
qwen3-8b,g24p2_140,g24p2_140_plus,plus,counterfactual_delete_post,49.149545422362664
qwen3-8b,g24p2_140,g24p2_140_minus,minus,admit_post,99.99999999980105
qwen3-8b,g24p2_140,g24p2_140_minus,minus,exclude_post,9.080549116662608e-07
qwen3-8b,g24p2_140,g24p2_140_minus,minus,strong_exclude_post,1.797762551594559
qwen3-8b,g24p2_140,g24p2_140_minus,minus,counterfactual_delete_post,33.86105956826796
qwen3-8b,g24p2_141,g24p2_141_plus,plus,base,1.4585327969670093e-08
qwen3-8b,g24p2_141,g24p2_141_plus,plus,admit_post,0.00010734706509058165
qwen3-8b,g24p2_141,g24p2_141_plus,plus,exclude_post,0.0991620370557204
qwen3-8b,g24p2_141,g24p2_141_plus,plus,strong_exclude_post,7.777843650008723e-10
qwen3-8b,g24p2_141,g24p2_141_plus,plus,counterfactual_delete_post,3.6582245973477326e-10
qwen3-8b,g24p2_141,g24p2_141_minus,minus,admit_post,5.067554487642939e-08
qwen3-8b,g24p2_141,g24p2_141_minus,minus,exclude_post,0.00040862330543156626
qwen3-8b,g24p2_141,g24p2_141_minus,minus,strong_exclude_post,3.919991317092527e-10
qwen3-8b,g24p2_141,g24p2_141_minus,minus,counterfactual_delete_post,2.7115872527452053e-09
qwen3-8b,g24p2_142,g24p2_142_plus,plus,base,99.99935231868464
qwen3-8b,g24p2_142,g24p2_142_plus,plus,admit_post,99.99999999343507
qwen3-8b,g24p2_142,g24p2_142_plus,plus,exclude_post,99.99999999930623
qwen3-8b,g24p2_142,g24p2_142_plus,plus,strong_exclude_post,99.99999991468138
qwen3-8b,g24p2_142,g24p2_142_plus,plus,counterfactual_delete_post,77.79073168513943
qwen3-8b,g24p2_142,g24p2_142_minus,minus,admit_post,0.07603939735252953
qwen3-8b,g24p2_142,g24p2_142_minus,minus,exclude_post,95.43534643491078
qwen3-8b,g24p2_142,g24p2_142_minus,minus,strong_exclude_post,54.39509274599238
qwen3-8b,g24p2_142,g24p2_142_minus,minus,counterfactual_delete_post,55.92789649077383
qwen3-8b,g24p2_143,g24p2_143_plus,plus,base,99.99999999930758
qwen3-8b,g24p2_143,g24p2_143_plus,plus,admit_post,99.99999999992677
qwen3-8b,g24p2_143,g24p2_143_plus,plus,exclude_post,3.732691275524099
qwen3-8b,g24p2_143,g24p2_143_plus,plus,strong_exclude_post,77.1113541936284
qwen3-8b,g24p2_143,g24p2_143_plus,plus,counterfactual_delete_post,62.463441752987706
qwen3-8b,g24p2_143,g24p2_143_minus,minus,admit_post,5.1707416301805517e-08
qwen3-8b,g24p2_143,g24p2_143_minus,minus,exclude_post,0.002144571866410259
qwen3-8b,g24p2_143,g24p2_143_minus,minus,strong_exclude_post,6.668975381452332e-07
qwen3-8b,g24p2_143,g24p2_143_minus,minus,counterfactual_delete_post,56.21021642429913
qwen3-8b,g24p2_144,g24p2_144_plus,plus,base,77.88973069857767
qwen3-8b,g24p2_144,g24p2_144_plus,plus,admit_post,99.99999999999393
qwen3-8b,g24p2_144,g24p2_144_plus,plus,exclude_post,99.9999994946343
qwen3-8b,g24p2_144,g24p2_144_plus,plus,strong_exclude_post,99.99700251477368
qwen3-8b,g24p2_144,g24p2_144_plus,plus,counterfactual_delete_post,52.75288922321961
qwen3-8b,g24p2_144,g24p2_144_minus,minus,admit_post,88.8926149201042
qwen3-8b,g24p2_144,g24p2_144_minus,minus,exclude_post,77.21777184274636
qwen3-8b,g24p2_144,g24p2_144_minus,minus,strong_exclude_post,66.96510426352779
qwen3-8b,g24p2_144,g24p2_144_minus,minus,counterfactual_delete_post,14.661752095507953
qwen3-8b,g24p2_145,g24p2_145_plus,plus,base,66.84758681653966
qwen3-8b,g24p2_145,g24p2_145_plus,plus,admit_post,99.99999999998725
qwen3-8b,g24p2_145,g24p2_145_plus,plus,exclude_post,99.99983692222385
qwen3-8b,g24p2_145,g24p2_145_plus,plus,strong_exclude_post,99.99999874935688
qwen3-8b,g24p2_145,g24p2_145_plus,plus,counterfactual_delete_post,36.32391001922949
qwen3-8b,g24p2_145,g24p2_145_minus,minus,admit_post,5.4423381088080465
qwen3-8b,g24p2_145,g24p2_145_minus,minus,exclude_post,0.0006834395464240572
qwen3-8b,g24p2_145,g24p2_145_minus,minus,strong_exclude_post,0.9740069360958121
qwen3-8b,g24p2_145,g24p2_145_minus,minus,counterfactual_delete_post,47.02186591417188
qwen3-8b,g24p2_146,g24p2_146_plus,plus,base,99.97859128347478
qwen3-8b,g24p2_146,g24p2_146_plus,plus,admit_post,99.99999999995558
qwen3-8b,g24p2_146,g24p2_146_plus,plus,exclude_post,99.99999940442024
qwen3-8b,g24p2_146,g24p2_146_plus,plus,strong_exclude_post,44.101964101311026
qwen3-8b,g24p2_146,g24p2_146_plus,plus,counterfactual_delete_post,98.9545199962748
qwen3-8b,g24p2_146,g24p2_146_minus,minus,admit_post,0.31079256410566525
qwen3-8b,g24p2_146,g24p2_146_minus,minus,exclude_post,3.0695122892868405e-06
qwen3-8b,g24p2_146,g24p2_146_minus,minus,strong_exclude_post,34.25602231474557
qwen3-8b,g24p2_146,g24p2_146_minus,minus,counterfactual_delete_post,24.691934741687774
qwen3-8b,g24p2_147,g24p2_147_plus,plus,base,99.99999995151359
qwen3-8b,g24p2_147,g24p2_147_plus,plus,admit_post,99.99999999994284
qwen3-8b,g24p2_147,g24p2_147_plus,plus,exclude_post,99.99992679189538
qwen3-8b,g24p2_147,g24p2_147_plus,plus,strong_exclude_post,99.99999902607746
qwen3-8b,g24p2_147,g24p2_147_plus,plus,counterfactual_delete_post,55.597894081445325
qwen3-8b,g24p2_147,g24p2_147_minus,minus,admit_post,27.851302980904237
qwen3-8b,g24p2_147,g24p2_147_minus,minus,exclude_post,4.558754884797035e-07
qwen3-8b,g24p2_147,g24p2_147_minus,minus,strong_exclude_post,0.001453630396155394
qwen3-8b,g24p2_147,g24p2_147_minus,minus,counterfactual_delete_post,47.0932926596353
qwen3-8b,g24p2_148,g24p2_148_plus,plus,base,99.99999999689621
qwen3-8b,g24p2_148,g24p2_148_plus,plus,admit_post,99.99999999998727
qwen3-8b,g24p2_148,g24p2_148_plus,plus,exclude_post,0.002045877425454005
qwen3-8b,g24p2_148,g24p2_148_plus,plus,strong_exclude_post,5.210280614050601e-05
qwen3-8b,g24p2_148,g24p2_148_plus,plus,counterfactual_delete_post,99.92563482752664
qwen3-8b,g24p2_148,g24p2_148_minus,minus,admit_post,3.217196774891493e-05
qwen3-8b,g24p2_148,g24p2_148_minus,minus,exclude_post,7.296389187890422e-08
qwen3-8b,g24p2_148,g24p2_148_minus,minus,strong_exclude_post,5.614581957941902e-07
qwen3-8b,g24p2_148,g24p2_148_minus,minus,counterfactual_delete_post,1.772742477389335e-06
qwen3-8b,g24p2_149,g24p2_149_plus,plus,base,22.7972286593299
qwen3-8b,g24p2_149,g24p2_149_plus,plus,admit_post,99.99999999999636
qwen3-8b,g24p2_149,g24p2_149_plus,plus,exclude_post,0.09111601416298687
qwen3-8b,g24p2_149,g24p2_149_plus,plus,strong_exclude_post,4.24400172971611
qwen3-8b,g24p2_149,g24p2_149_plus,plus,counterfactual_delete_post,61.094296837476385
qwen3-8b,g24p2_149,g24p2_149_minus,minus,admit_post,5.86312163154093e-10
qwen3-8b,g24p2_149,g24p2_149_minus,minus,exclude_post,1.4324199167686572e-07
qwen3-8b,g24p2_149,g24p2_149_minus,minus,strong_exclude_post,1.0473608262970198
qwen3-8b,g24p2_149,g24p2_149_minus,minus,counterfactual_delete_post,0.006868914636253163
qwen3-8b,g24p2_150,g24p2_150_plus,plus,base,30.867474874371354
qwen3-8b,g24p2_150,g24p2_150_plus,plus,admit_post,99.99891773214736
qwen3-8b,g24p2_150,g24p2_150_plus,plus,exclude_post,50.07329310923391
qwen3-8b,g24p2_150,g24p2_150_plus,plus,strong_exclude_post,35.02666054836531
qwen3-8b,g24p2_150,g24p2_150_plus,plus,counterfactual_delete_post,33.42109230694714
qwen3-8b,g24p2_150,g24p2_150_minus,minus,admit_post,1.9753986346714774e-08
qwen3-8b,g24p2_150,g24p2_150_minus,minus,exclude_post,1.2383090011560487e-09
qwen3-8b,g24p2_150,g24p2_150_minus,minus,strong_exclude_post,2.4717804180309002e-08
qwen3-8b,g24p2_150,g24p2_150_minus,minus,counterfactual_delete_post,33.22015496911577
qwen3-8b,g24p2_153,g24p2_153_plus,plus,base,99.99999999853175
qwen3-8b,g24p2_153,g24p2_153_plus,plus,admit_post,99.99999999999001
qwen3-8b,g24p2_153,g24p2_153_plus,plus,exclude_post,1.4474647553599286e-08
qwen3-8b,g24p2_153,g24p2_153_plus,plus,strong_exclude_post,5.49146041938624e-06
qwen3-8b,g24p2_153,g24p2_153_plus,plus,counterfactual_delete_post,57.54243177250118
qwen3-8b,g24p2_153,g24p2_153_minus,minus,admit_post,33.72145067651053
qwen3-8b,g24p2_153,g24p2_153_minus,minus,exclude_post,29.368311270583945
qwen3-8b,g24p2_153,g24p2_153_minus,minus,strong_exclude_post,99.99999999598553
qwen3-8b,g24p2_153,g24p2_153_minus,minus,counterfactual_delete_post,0.0010304800206084117
qwen3-8b,g24p2_154,g24p2_154_plus,plus,base,4.7069794315390843e-07
qwen3-8b,g24p2_154,g24p2_154_plus,plus,admit_post,99.99999999974483
qwen3-8b,g24p2_154,g24p2_154_plus,plus,exclude_post,99.99988733262533
qwen3-8b,g24p2_154,g24p2_154_plus,plus,strong_exclude_post,99.99845355811705
qwen3-8b,g24p2_154,g24p2_154_plus,plus,counterfactual_delete_post,56.80469048681501
qwen3-8b,g24p2_154,g24p2_154_minus,minus,admit_post,2.3615599911295463e-08
qwen3-8b,g24p2_154,g24p2_154_minus,minus,exclude_post,0.15015486487860763
qwen3-8b,g24p2_154,g24p2_154_minus,minus,strong_exclude_post,37.734439326744166
qwen3-8b,g24p2_154,g24p2_154_minus,minus,counterfactual_delete_post,40.89884732808461
qwen3-8b,g24p2_156,g24p2_156_plus,plus,base,99.99999999999893
qwen3-8b,g24p2_156,g24p2_156_plus,plus,admit_post,99.99999999999989
qwen3-8b,g24p2_156,g24p2_156_plus,plus,exclude_post,99.9796572352337
qwen3-8b,g24p2_156,g24p2_156_plus,plus,strong_exclude_post,56.2175847985879
qwen3-8b,g24p2_156,g24p2_156_plus,plus,counterfactual_delete_post,99.99976171968649
qwen3-8b,g24p2_156,g24p2_156_minus,minus,admit_post,99.99998044039029
qwen3-8b,g24p2_156,g24p2_156_minus,minus,exclude_post,22.30088658603593
qwen3-8b,g24p2_156,g24p2_156_minus,minus,strong_exclude_post,5.323861350946886
qwen3-8b,g24p2_156,g24p2_156_minus,minus,counterfactual_delete_post,55.95729874778956
qwen3-8b,g24p2_158,g24p2_158_plus,plus,base,99.99999563568716
qwen3-8b,g24p2_158,g24p2_158_plus,plus,admit_post,99.9999999999836
qwen3-8b,g24p2_158,g24p2_158_plus,plus,exclude_post,7.588809316758277
qwen3-8b,g24p2_158,g24p2_158_plus,plus,strong_exclude_post,0.024491527084872164
qwen3-8b,g24p2_158,g24p2_158_plus,plus,counterfactual_delete_post,53.855099539757745
qwen3-8b,g24p2_158,g24p2_158_minus,minus,admit_post,1.9109566108995473e-08
qwen3-8b,g24p2_158,g24p2_158_minus,minus,exclude_post,1.7012648860008145e-05
qwen3-8b,g24p2_158,g24p2_158_minus,minus,strong_exclude_post,4.938842142597582
qwen3-8b,g24p2_158,g24p2_158_minus,minus,counterfactual_delete_post,35.23056567439221
qwen3-8b,g24p2_159,g24p2_159_plus,plus,base,0.0007133812660843615
qwen3-8b,g24p2_159,g24p2_159_plus,plus,admit_post,99.99999999998995
qwen3-8b,g24p2_159,g24p2_159_plus,plus,exclude_post,99.99999999910918
qwen3-8b,g24p2_159,g24p2_159_plus,plus,strong_exclude_post,99.99999992004899
qwen3-8b,g24p2_159,g24p2_159_plus,plus,counterfactual_delete_post,77.62623469097807
qwen3-8b,g24p2_159,g24p2_159_minus,minus,admit_post,2.015833233894255e-06
qwen3-8b,g24p2_159,g24p2_159_minus,minus,exclude_post,1.8273924595139203e-07
qwen3-8b,g24p2_159,g24p2_159_minus,minus,strong_exclude_post,91.21666133407868
qwen3-8b,g24p2_159,g24p2_159_minus,minus,counterfactual_delete_post,25.311393523727308
qwen3-8b,g24p2_160,g24p2_160_plus,plus,base,99.99999953989135
qwen3-8b,g24p2_160,g24p2_160_plus,plus,admit_post,99.99999999999893
qwen3-8b,g24p2_160,g24p2_160_plus,plus,exclude_post,1.6949699987211098e-05
qwen3-8b,g24p2_160,g24p2_160_plus,plus,strong_exclude_post,99.99999999995543
qwen3-8b,g24p2_160,g24p2_160_plus,plus,counterfactual_delete_post,77.11013211552364
qwen3-8b,g24p2_160,g24p2_160_minus,minus,admit_post,6.409421680201828e-07
qwen3-8b,g24p2_160,g24p2_160_minus,minus,exclude_post,22.80707222847342
qwen3-8b,g24p2_160,g24p2_160_minus,minus,strong_exclude_post,83.34478131664467
qwen3-8b,g24p2_160,g24p2_160_minus,minus,counterfactual_delete_post,0.18338874135617894
qwen3-8b,g24p2_161,g24p2_161_plus,plus,base,6.173544848674986e-09
qwen3-8b,g24p2_161,g24p2_161_plus,plus,admit_post,1.0002105890683288e-05
qwen3-8b,g24p2_161,g24p2_161_plus,plus,exclude_post,0.0010120562589667715
qwen3-8b,g24p2_161,g24p2_161_plus,plus,strong_exclude_post,99.9993277654566
qwen3-8b,g24p2_161,g24p2_161_plus,plus,counterfactual_delete_post,55.13924286221885
qwen3-8b,g24p2_161,g24p2_161_minus,minus,admit_post,1.1378998826221182e-07
qwen3-8b,g24p2_161,g24p2_161_minus,minus,exclude_post,1.757157234964734e-07
qwen3-8b,g24p2_161,g24p2_161_minus,minus,strong_exclude_post,1.131587677166316e-06
qwen3-8b,g24p2_161,g24p2_161_minus,minus,counterfactual_delete_post,52.522487876094885
qwen3-8b,g24p2_163,g24p2_163_plus,plus,base,99.99912332839978
qwen3-8b,g24p2_163,g24p2_163_plus,plus,admit_post,99.99999999758039
qwen3-8b,g24p2_163,g24p2_163_plus,plus,exclude_post,99.99934708591924
qwen3-8b,g24p2_163,g24p2_163_plus,plus,strong_exclude_post,99.99999999995555
qwen3-8b,g24p2_163,g24p2_163_plus,plus,counterfactual_delete_post,56.69409634150415
qwen3-8b,g24p2_163,g24p2_163_minus,minus,admit_post,2.5420032013115212e-09
qwen3-8b,g24p2_163,g24p2_163_minus,minus,exclude_post,99.97964217022732
qwen3-8b,g24p2_163,g24p2_163_minus,minus,strong_exclude_post,99.99988736867503
qwen3-8b,g24p2_163,g24p2_163_minus,minus,counterfactual_delete_post,46.52237631927676
qwen3-8b,g24p2_164,g24p2_164_plus,plus,base,99.99999999999632
qwen3-8b,g24p2_164,g24p2_164_plus,plus,admit_post,99.99999999999984
qwen3-8b,g24p2_164,g24p2_164_plus,plus,exclude_post,99.99999999987782
qwen3-8b,g24p2_164,g24p2_164_plus,plus,strong_exclude_post,99.99999999999376
qwen3-8b,g24p2_164,g24p2_164_plus,plus,counterfactual_delete_post,99.99999998216394
qwen3-8b,g24p2_164,g24p2_164_minus,minus,admit_post,88.86383926515597
qwen3-8b,g24p2_164,g24p2_164_minus,minus,exclude_post,0.7302419465182921
qwen3-8b,g24p2_164,g24p2_164_minus,minus,strong_exclude_post,0.000497379137920414
qwen3-8b,g24p2_164,g24p2_164_minus,minus,counterfactual_delete_post,88.22054254983307
qwen3-8b,g24p2_165,g24p2_165_plus,plus,base,4.972649008402449e-12
qwen3-8b,g24p2_165,g24p2_165_plus,plus,admit_post,99.99999999974477
qwen3-8b,g24p2_165,g24p2_165_plus,plus,exclude_post,99.99999999756443
qwen3-8b,g24p2_165,g24p2_165_plus,plus,strong_exclude_post,0.027128948241772376
qwen3-8b,g24p2_165,g24p2_165_plus,plus,counterfactual_delete_post,0.36633468913271716
qwen3-8b,g24p2_165,g24p2_165_minus,minus,admit_post,99.99999999980126
qwen3-8b,g24p2_165,g24p2_165_minus,minus,exclude_post,99.9999999993036
qwen3-8b,g24p2_165,g24p2_165_minus,minus,strong_exclude_post,0.004137417966761117
qwen3-8b,g24p2_165,g24p2_165_minus,minus,counterfactual_delete_post,32.35675989227108
qwen3-8b,g24p2_167,g24p2_167_plus,plus,base,55.05037464982283
qwen3-8b,g24p2_167,g24p2_167_plus,plus,admit_post,99.92563465029923
qwen3-8b,g24p2_167,g24p2_167_plus,plus,exclude_post,98.77130995628906
qwen3-8b,g24p2_167,g24p2_167_plus,plus,strong_exclude_post,99.96881088672426
qwen3-8b,g24p2_167,g24p2_167_plus,plus,counterfactual_delete_post,85.78817556506826
qwen3-8b,g24p2_167,g24p2_167_minus,minus,admit_post,77.70364429481832
qwen3-8b,g24p2_167,g24p2_167_minus,minus,exclude_post,0.13599999815771655
qwen3-8b,g24p2_167,g24p2_167_minus,minus,strong_exclude_post,95.5388172253489
qwen3-8b,g24p2_167,g24p2_167_minus,minus,counterfactual_delete_post,55.209420981698386
qwen3-8b,g24p2_169,g24p2_169_plus,plus,base,99.99999998609968
qwen3-8b,g24p2_169,g24p2_169_plus,plus,admit_post,99.99999999997902
qwen3-8b,g24p2_169,g24p2_169_plus,plus,exclude_post,95.2574116026754
qwen3-8b,g24p2_169,g24p2_169_plus,plus,strong_exclude_post,6.421961794094157e-07
qwen3-8b,g24p2_169,g24p2_169_plus,plus,counterfactual_delete_post,44.57748330192916
qwen3-8b,g24p2_169,g24p2_169_minus,minus,admit_post,3.4308840823967927e-10
qwen3-8b,g24p2_169,g24p2_169_minus,minus,exclude_post,1.0271314992560765e-10
qwen3-8b,g24p2_169,g24p2_169_minus,minus,strong_exclude_post,1.9395857614576607e-05
qwen3-8b,g24p2_169,g24p2_169_minus,minus,counterfactual_delete_post,14.034948741855306
qwen3-8b,g24p2_170,g24p2_170_plus,plus,base,0.1241837673815095
qwen3-8b,g24p2_170,g24p2_170_plus,plus,admit_post,99.99999996203582
qwen3-8b,g24p2_170,g24p2_170_plus,plus,exclude_post,7.933337713571948e-06
qwen3-8b,g24p2_170,g24p2_170_plus,plus,strong_exclude_post,3.193805737264241
qwen3-8b,g24p2_170,g24p2_170_plus,plus,counterfactual_delete_post,16.700237531380544
qwen3-8b,g24p2_170,g24p2_170_minus,minus,admit_post,0.00019414366643106694
qwen3-8b,g24p2_170,g24p2_170_minus,minus,exclude_post,4.021213953572851e-08
qwen3-8b,g24p2_170,g24p2_170_minus,minus,strong_exclude_post,1.4544315801679098e-07
qwen3-8b,g24p2_170,g24p2_170_minus,minus,counterfactual_delete_post,5.397678105053763e-06
qwen3-8b,g24p2_171,g24p2_171_plus,plus,base,99.99999993773952
qwen3-8b,g24p2_171,g24p2_171_plus,plus,admit_post,99.99999999999227
qwen3-8b,g24p2_171,g24p2_171_plus,plus,exclude_post,99.99999999884935
qwen3-8b,g24p2_171,g24p2_171_plus,plus,strong_exclude_post,2.0338803854087684e-06
qwen3-8b,g24p2_171,g24p2_171_plus,plus,counterfactual_delete_post,1.0527364402492752
qwen3-8b,g24p2_171,g24p2_171_minus,minus,admit_post,0.0156244421297372
qwen3-8b,g24p2_171,g24p2_171_minus,minus,exclude_post,0.002506982077023409
qwen3-8b,g24p2_171,g24p2_171_minus,minus,strong_exclude_post,1.770094038791784e-07
qwen3-8b,g24p2_171,g24p2_171_minus,minus,counterfactual_delete_post,4.841187934936076e-06
qwen3-8b,g24p2_172,g24p2_172_plus,plus,base,1.4002093674081427e-05
qwen3-8b,g24p2_172,g24p2_172_plus,plus,admit_post,99.99999999992689
qwen3-8b,g24p2_172,g24p2_172_plus,plus,exclude_post,99.9999361422443
qwen3-8b,g24p2_172,g24p2_172_plus,plus,strong_exclude_post,99.9999999820418
qwen3-8b,g24p2_172,g24p2_172_plus,plus,counterfactual_delete_post,77.25099154443492
qwen3-8b,g24p2_172,g24p2_172_minus,minus,admit_post,3.435623434903944e-09
qwen3-8b,g24p2_172,g24p2_172_minus,minus,exclude_post,2.0905085412830557e-09
qwen3-8b,g24p2_172,g24p2_172_minus,minus,strong_exclude_post,0.006690983982913717
qwen3-8b,g24p2_172,g24p2_172_minus,minus,counterfactual_delete_post,44.383465163044605
qwen3-8b,g24p2_174,g24p2_174_plus,plus,base,90.2133134893731
qwen3-8b,g24p2_174,g24p2_174_plus,plus,admit_post,99.9999999985349
qwen3-8b,g24p2_174,g24p2_174_plus,plus,exclude_post,98.55342402766904
qwen3-8b,g24p2_174,g24p2_174_plus,plus,strong_exclude_post,77.69068982627034
qwen3-8b,g24p2_174,g24p2_174_plus,plus,counterfactual_delete_post,90.21306375567178
qwen3-8b,g24p2_174,g24p2_174_minus,minus,admit_post,98.94054556805844
qwen3-8b,g24p2_174,g24p2_174_minus,minus,exclude_post,66.43407050814525
qwen3-8b,g24p2_174,g24p2_174_minus,minus,strong_exclude_post,67.02061410857146
qwen3-8b,g24p2_174,g24p2_174_minus,minus,counterfactual_delete_post,77.57806138437611
qwen3-8b,g24p2_175,g24p2_175_plus,plus,base,99.99999995149982
qwen3-8b,g24p2_175,g24p2_175_plus,plus,admit_post,99.99999999996547
qwen3-8b,g24p2_175,g24p2_175_plus,plus,exclude_post,99.99999999995534
qwen3-8b,g24p2_175,g24p2_175_plus,plus,strong_exclude_post,99.99999995150483
qwen3-8b,g24p2_175,g24p2_175_plus,plus,counterfactual_delete_post,68.68503784426822
qwen3-8b,g24p2_175,g24p2_175_minus,minus,admit_post,30.076647342007252
qwen3-8b,g24p2_175,g24p2_175_minus,minus,exclude_post,3.8203290132263154e-07
qwen3-8b,g24p2_175,g24p2_175_minus,minus,strong_exclude_post,31.840016935095086
qwen3-8b,g24p2_175,g24p2_175_minus,minus,counterfactual_delete_post,2.6622693939758793
qwen3-8b,g24p2_176,g24p2_176_plus,plus,base,99.99999999999969
qwen3-8b,g24p2_176,g24p2_176_plus,plus,admit_post,99.99999999999916
qwen3-8b,g24p2_176,g24p2_176_plus,plus,exclude_post,99.999999986086
qwen3-8b,g24p2_176,g24p2_176_plus,plus,strong_exclude_post,99.99999999998685
qwen3-8b,g24p2_176,g24p2_176_plus,plus,counterfactual_delete_post,99.9999846903112
qwen3-8b,g24p2_176,g24p2_176_minus,minus,admit_post,8.148239714514631e-08
qwen3-8b,g24p2_176,g24p2_176_minus,minus,exclude_post,0.014690261387983414
qwen3-8b,g24p2_176,g24p2_176_minus,minus,strong_exclude_post,0.04876083893843687
qwen3-8b,g24p2_176,g24p2_176_minus,minus,counterfactual_delete_post,0.02682608489779848
qwen3-8b,g24p2_177,g24p2_177_plus,plus,base,66.67269587863493
qwen3-8b,g24p2_177,g24p2_177_plus,plus,admit_post,99.99999999987925
qwen3-8b,g24p2_177,g24p2_177_plus,plus,exclude_post,66.5921280105905
qwen3-8b,g24p2_177,g24p2_177_plus,plus,strong_exclude_post,66.6676465565296
qwen3-8b,g24p2_177,g24p2_177_plus,plus,counterfactual_delete_post,66.70161216189153
qwen3-8b,g24p2_177,g24p2_177_minus,minus,admit_post,1.079577284115734e-07
qwen3-8b,g24p2_177,g24p2_177_minus,minus,exclude_post,0.004842381347470147
qwen3-8b,g24p2_177,g24p2_177_minus,minus,strong_exclude_post,66.68798708192702
qwen3-8b,g24p2_177,g24p2_177_minus,minus,counterfactual_delete_post,36.62891378607087
qwen3-8b,g24p2_178,g24p2_178_plus,plus,base,99.99949555159861
qwen3-8b,g24p2_178,g24p2_178_plus,plus,admit_post,99.99999999994316
qwen3-8b,g24p2_178,g24p2_178_plus,plus,exclude_post,99.99999874875867
qwen3-8b,g24p2_178,g24p2_178_plus,plus,strong_exclude_post,99.99999999488817
qwen3-8b,g24p2_178,g24p2_178_plus,plus,counterfactual_delete_post,99.99999280419189
qwen3-8b,g24p2_178,g24p2_178_minus,minus,admit_post,6.88967080518008e-09
qwen3-8b,g24p2_178,g24p2_178_minus,minus,exclude_post,4.532652833286327e-09
qwen3-8b,g24p2_178,g24p2_178_minus,minus,strong_exclude_post,99.94195979285261
qwen3-8b,g24p2_178,g24p2_178_minus,minus,counterfactual_delete_post,46.76646218878676
qwen3-8b,g24p2_179,g24p2_179_plus,plus,base,73.5827040791624
qwen3-8b,g24p2_179,g24p2_179_plus,plus,admit_post,99.99999999992676
qwen3-8b,g24p2_179,g24p2_179_plus,plus,exclude_post,0.004540929739134527
qwen3-8b,g24p2_179,g24p2_179_plus,plus,strong_exclude_post,4.139769341199018e-05
qwen3-8b,g24p2_179,g24p2_179_plus,plus,counterfactual_delete_post,33.857226824581225
qwen3-8b,g24p2_179,g24p2_179_minus,minus,admit_post,0.0005574538736087366
qwen3-8b,g24p2_179,g24p2_179_minus,minus,exclude_post,9.245813287358272e-09
qwen3-8b,g24p2_179,g24p2_179_minus,minus,strong_exclude_post,0.00012795888006866417
qwen3-8b,g24p2_179,g24p2_179_minus,minus,counterfactual_delete_post,55.192339273200574
qwen3-8b,g24p2_180,g24p2_180_plus,plus,base,99.99999999957987
qwen3-8b,g24p2_180,g24p2_180_plus,plus,admit_post,2.2538759994705613
qwen3-8b,g24p2_180,g24p2_180_plus,plus,exclude_post,1.8453885545996103
qwen3-8b,g24p2_180,g24p2_180_plus,plus,strong_exclude_post,0.5302757332183086
qwen3-8b,g24p2_180,g24p2_180_plus,plus,counterfactual_delete_post,37.687365519807315
qwen3-8b,g24p2_180,g24p2_180_minus,minus,admit_post,99.99999999998731
qwen3-8b,g24p2_180,g24p2_180_minus,minus,exclude_post,0.0013007415068871475
qwen3-8b,g24p2_180,g24p2_180_minus,minus,strong_exclude_post,30.370538967328983
qwen3-8b,g24p2_180,g24p2_180_minus,minus,counterfactual_delete_post,55.5539511549198
qwen3-8b,g24p2_181,g24p2_181_plus,plus,base,1.2606935735771512e-06
qwen3-8b,g24p2_181,g24p2_181_plus,plus,admit_post,99.99999999990554
qwen3-8b,g24p2_181,g24p2_181_plus,plus,exclude_post,7.585988591480831
qwen3-8b,g24p2_181,g24p2_181_plus,plus,strong_exclude_post,3.028586497449452e-08
qwen3-8b,g24p2_181,g24p2_181_plus,plus,counterfactual_delete_post,15.780107082840086
qwen3-8b,g24p2_181,g24p2_181_minus,minus,admit_post,7.498810811977596e-10
qwen3-8b,g24p2_181,g24p2_181_minus,minus,exclude_post,3.4420089922233e-10
qwen3-8b,g24p2_181,g24p2_181_minus,minus,strong_exclude_post,2.813708452647533e-10
qwen3-8b,g24p2_181,g24p2_181_minus,minus,counterfactual_delete_post,1.136632700263938e-08
qwen3-8b,g24p2_184,g24p2_184_plus,plus,base,40.87056027360951
qwen3-8b,g24p2_184,g24p2_184_plus,plus,admit_post,99.9999999705002
qwen3-8b,g24p2_184,g24p2_184_plus,plus,exclude_post,0.0001073154309348575
qwen3-8b,g24p2_184,g24p2_184_plus,plus,strong_exclude_post,41.699607658203504
qwen3-8b,g24p2_184,g24p2_184_plus,plus,counterfactual_delete_post,81.63714381717845
qwen3-8b,g24p2_184,g24p2_184_minus,minus,admit_post,1.5953616503920349e-09
qwen3-8b,g24p2_184,g24p2_184_minus,minus,exclude_post,8.912017507765502e-10
qwen3-8b,g24p2_184,g24p2_184_minus,minus,strong_exclude_post,0.0026738868477606346
qwen3-8b,g24p2_184,g24p2_184_minus,minus,counterfactual_delete_post,33.45500834918084
qwen3-8b,g24p2_185,g24p2_185_plus,plus,base,44.446883258533326
qwen3-8b,g24p2_185,g24p2_185_plus,plus,admit_post,99.99999999999862
qwen3-8b,g24p2_185,g24p2_185_plus,plus,exclude_post,2.67086769315246e-07
qwen3-8b,g24p2_185,g24p2_185_plus,plus,strong_exclude_post,0.02873674745119101
qwen3-8b,g24p2_185,g24p2_185_plus,plus,counterfactual_delete_post,0.0001321658750907469
qwen3-8b,g24p2_185,g24p2_185_minus,minus,admit_post,4.51178533193019e-10
qwen3-8b,g24p2_185,g24p2_185_minus,minus,exclude_post,2.5569692670034704e-09
qwen3-8b,g24p2_185,g24p2_185_minus,minus,strong_exclude_post,8.510874989048288e-11
qwen3-8b,g24p2_185,g24p2_185_minus,minus,counterfactual_delete_post,0.0015896316943202861
qwen3-8b,g24p2_186,g24p2_186_plus,plus,base,0.4154857957357561
qwen3-8b,g24p2_186,g24p2_186_plus,plus,admit_post,99.99209624280712
qwen3-8b,g24p2_186,g24p2_186_plus,plus,exclude_post,0.0003366695639224383
qwen3-8b,g24p2_186,g24p2_186_plus,plus,strong_exclude_post,3.0119614451901255
qwen3-8b,g24p2_186,g24p2_186_plus,plus,counterfactual_delete_post,14.213630841162772
qwen3-8b,g24p2_186,g24p2_186_minus,minus,admit_post,2.4398259611076565e-08
qwen3-8b,g24p2_186,g24p2_186_minus,minus,exclude_post,2.5368496185128496e-09
qwen3-8b,g24p2_186,g24p2_186_minus,minus,strong_exclude_post,3.646652928011937e-07
qwen3-8b,g24p2_186,g24p2_186_minus,minus,counterfactual_delete_post,9.599923921340572
qwen3-8b,g24p2_187,g24p2_187_plus,plus,base,46.212648291068795
qwen3-8b,g24p2_187,g24p2_187_plus,plus,admit_post,99.99999999998357
qwen3-8b,g24p2_187,g24p2_187_plus,plus,exclude_post,0.001520701231707832
qwen3-8b,g24p2_187,g24p2_187_plus,plus,strong_exclude_post,0.008429580108776326
qwen3-8b,g24p2_187,g24p2_187_plus,plus,counterfactual_delete_post,0.06695344629551356
qwen3-8b,g24p2_187,g24p2_187_minus,minus,admit_post,34.133537196133645
qwen3-8b,g24p2_187,g24p2_187_minus,minus,exclude_post,42.512773516929286
qwen3-8b,g24p2_187,g24p2_187_minus,minus,strong_exclude_post,0.023816613943026827
qwen3-8b,g24p2_187,g24p2_187_minus,minus,counterfactual_delete_post,2.7815838719355412e-05
qwen3-8b,g24p2_189,g24p2_189_plus,plus,base,99.99999999994213
qwen3-8b,g24p2_189,g24p2_189_plus,plus,admit_post,99.9999999999995
qwen3-8b,g24p2_189,g24p2_189_plus,plus,exclude_post,99.99999436020484
qwen3-8b,g24p2_189,g24p2_189_plus,plus,strong_exclude_post,99.9999999993072
qwen3-8b,g24p2_189,g24p2_189_plus,plus,counterfactual_delete_post,99.9999881364435
qwen3-8b,g24p2_189,g24p2_189_minus,minus,admit_post,75.75007715611709
qwen3-8b,g24p2_189,g24p2_189_minus,minus,exclude_post,67.96378545151128
qwen3-8b,g24p2_189,g24p2_189_minus,minus,strong_exclude_post,55.73833775753768
qwen3-8b,g24p2_189,g24p2_189_minus,minus,counterfactual_delete_post,77.4586754031485
qwen3-8b,g24p2_190,g24p2_190_plus,plus,base,99.99709786374612
qwen3-8b,g24p2_190,g24p2_190_plus,plus,admit_post,99.99999999999635
qwen3-8b,g24p2_190,g24p2_190_plus,plus,exclude_post,1.339775701456198e-05
qwen3-8b,g24p2_190,g24p2_190_plus,plus,strong_exclude_post,7.797837912161494e-05
qwen3-8b,g24p2_190,g24p2_190_plus,plus,counterfactual_delete_post,2.6679446732619954
qwen3-8b,g24p2_190,g24p2_190_minus,minus,admit_post,0.13228942843272523
qwen3-8b,g24p2_190,g24p2_190_minus,minus,exclude_post,1.4943024347523181e-06
qwen3-8b,g24p2_190,g24p2_190_minus,minus,strong_exclude_post,0.0024312140151096268
qwen3-8b,g24p2_190,g24p2_190_minus,minus,counterfactual_delete_post,0.024796447571446403
qwen3-8b,g24p2_191,g24p2_191_plus,plus,base,8.967705152911134e-09
qwen3-8b,g24p2_191,g24p2_191_plus,plus,admit_post,3.061470025463606e-07
qwen3-8b,g24p2_191,g24p2_191_plus,plus,exclude_post,5.025951306082607e-10
qwen3-8b,g24p2_191,g24p2_191_plus,plus,strong_exclude_post,0.8608039658371759
qwen3-8b,g24p2_191,g24p2_191_plus,plus,counterfactual_delete_post,25.78288088129952
qwen3-8b,g24p2_191,g24p2_191_minus,minus,admit_post,2.081410777260147e-09
qwen3-8b,g24p2_191,g24p2_191_minus,minus,exclude_post,3.127511242654099e-07
qwen3-8b,g24p2_191,g24p2_191_minus,minus,strong_exclude_post,0.00010449193334855063
qwen3-8b,g24p2_191,g24p2_191_minus,minus,counterfactual_delete_post,25.701095537438256
qwen3-8b,g24p2_192,g24p2_192_plus,plus,base,4.900843392896042e-08
qwen3-8b,g24p2_192,g24p2_192_plus,plus,admit_post,76.48013476166147
qwen3-8b,g24p2_192,g24p2_192_plus,plus,exclude_post,59.70384983235354
qwen3-8b,g24p2_192,g24p2_192_plus,plus,strong_exclude_post,49.732980443998564
qwen3-8b,g24p2_192,g24p2_192_plus,plus,counterfactual_delete_post,55.53573459254837
qwen3-8b,g24p2_192,g24p2_192_minus,minus,admit_post,2.2365891681390548e-07
qwen3-8b,g24p2_192,g24p2_192_minus,minus,exclude_post,1.419483699859691e-05
qwen3-8b,g24p2_192,g24p2_192_minus,minus,strong_exclude_post,12.89360594812832
qwen3-8b,g24p2_192,g24p2_192_minus,minus,counterfactual_delete_post,30.747537385045778
qwen3-8b,g24p2_193,g24p2_193_plus,plus,base,99.99385801563461
qwen3-8b,g24p2_193,g24p2_193_plus,plus,admit_post,99.99991234011819
qwen3-8b,g24p2_193,g24p2_193_plus,plus,exclude_post,99.99999076071182
qwen3-8b,g24p2_193,g24p2_193_plus,plus,strong_exclude_post,99.97859183940538
qwen3-8b,g24p2_193,g24p2_193_plus,plus,counterfactual_delete_post,99.87792283624796
qwen3-8b,g24p2_193,g24p2_193_minus,minus,admit_post,91.87712438321391
qwen3-8b,g24p2_193,g24p2_193_minus,minus,exclude_post,79.42253983710457
qwen3-8b,g24p2_193,g24p2_193_minus,minus,strong_exclude_post,89.73174833438244
qwen3-8b,g24p2_193,g24p2_193_minus,minus,counterfactual_delete_post,95.80509801894196
qwen3-8b,g24p2_194,g24p2_194_plus,plus,base,35.745428063985656
qwen3-8b,g24p2_194,g24p2_194_plus,plus,admit_post,88.87967621797416
qwen3-8b,g24p2_194,g24p2_194_plus,plus,exclude_post,99.98652791715413
qwen3-8b,g24p2_194,g24p2_194_plus,plus,strong_exclude_post,28.410924017050164
qwen3-8b,g24p2_194,g24p2_194_plus,plus,counterfactual_delete_post,33.2965473577507
qwen3-8b,g24p2_194,g24p2_194_minus,minus,admit_post,99.99974308175283
qwen3-8b,g24p2_194,g24p2_194_minus,minus,exclude_post,1.0510848970051871e-05
qwen3-8b,g24p2_194,g24p2_194_minus,minus,strong_exclude_post,21.328000471812228
qwen3-8b,g24p2_194,g24p2_194_minus,minus,counterfactual_delete_post,33.290699276849324
qwen3-8b,g24p2_196,g24p2_196_plus,plus,base,8.991074552911212e-09
qwen3-8b,g24p2_196,g24p2_196_plus,plus,admit_post,99.99999999967213
qwen3-8b,g24p2_196,g24p2_196_plus,plus,exclude_post,38.65889512472764
qwen3-8b,g24p2_196,g24p2_196_plus,plus,strong_exclude_post,0.01640415471400613
qwen3-8b,g24p2_196,g24p2_196_plus,plus,counterfactual_delete_post,1.3136858280211355e-05
qwen3-8b,g24p2_196,g24p2_196_minus,minus,admit_post,0.00028603560887137717
qwen3-8b,g24p2_196,g24p2_196_minus,minus,exclude_post,5.979217629061874e-11
qwen3-8b,g24p2_196,g24p2_196_minus,minus,strong_exclude_post,1.6063081197712727e-06
qwen3-8b,g24p2_196,g24p2_196_minus,minus,counterfactual_delete_post,2.8489489931240477e-06
qwen3-8b,g24p2_198,g24p2_198_plus,plus,base,3.430714413333119e-10
qwen3-8b,g24p2_198,g24p2_198_plus,plus,admit_post,99.99999999999972
qwen3-8b,g24p2_198,g24p2_198_plus,plus,exclude_post,32.08213332063407
qwen3-8b,g24p2_198,g24p2_198_plus,plus,strong_exclude_post,2.2755731252517236e-05
qwen3-8b,g24p2_198,g24p2_198_plus,plus,counterfactual_delete_post,55.093057271621454
qwen3-8b,g24p2_198,g24p2_198_minus,minus,admit_post,4.4718331641374393e-10
qwen3-8b,g24p2_198,g24p2_198_minus,minus,exclude_post,7.731117841258186e-07
qwen3-8b,g24p2_198,g24p2_198_minus,minus,strong_exclude_post,2.8555666441334216e-08
qwen3-8b,g24p2_198,g24p2_198_minus,minus,counterfactual_delete_post,0.3109798584414772
qwen3-8b,g24p2_200,g24p2_200_plus,plus,base,3.6743179192941664
qwen3-8b,g24p2_200,g24p2_200_plus,plus,admit_post,99.99999999994299
qwen3-8b,g24p2_200,g24p2_200_plus,plus,exclude_post,6.8383522995095686e-06
qwen3-8b,g24p2_200,g24p2_200_plus,plus,strong_exclude_post,0.00016655844553383153
qwen3-8b,g24p2_200,g24p2_200_plus,plus,counterfactual_delete_post,83.55631679136438
qwen3-8b,g24p2_200,g24p2_200_minus,minus,admit_post,66.44505627706525
qwen3-8b,g24p2_200,g24p2_200_minus,minus,exclude_post,3.826692531067679
qwen3-8b,g24p2_200,g24p2_200_minus,minus,strong_exclude_post,33.94829401373287
qwen3-8b,g24p2_200,g24p2_200_minus,minus,counterfactual_delete_post,33.491893189248316
qwen3-8b,g24p2_201,g24p2_201_plus,plus,base,9.55587317926963e-10
qwen3-8b,g24p2_201,g24p2_201_plus,plus,admit_post,99.9999999948679
qwen3-8b,g24p2_201,g24p2_201_plus,plus,exclude_post,9.954301513420643e-10
qwen3-8b,g24p2_201,g24p2_201_plus,plus,strong_exclude_post,0.0006291368819195575
qwen3-8b,g24p2_201,g24p2_201_plus,plus,counterfactual_delete_post,7.930688772815714e-11
qwen3-8b,g24p2_201,g24p2_201_minus,minus,admit_post,6.573142781022122e-07
qwen3-8b,g24p2_201,g24p2_201_minus,minus,exclude_post,9.391943574622046e-10
qwen3-8b,g24p2_201,g24p2_201_minus,minus,strong_exclude_post,1.7189259437681404e-10
qwen3-8b,g24p2_201,g24p2_201_minus,minus,counterfactual_delete_post,7.931385305201307e-11
qwen3-8b,g24p2_202,g24p2_202_plus,plus,base,4.32425334136637e-10
qwen3-8b,g24p2_202,g24p2_202_plus,plus,admit_post,1.2862671765923657e-10
qwen3-8b,g24p2_202,g24p2_202_plus,plus,exclude_post,8.749053211153023e-12
qwen3-8b,g24p2_202,g24p2_202_plus,plus,strong_exclude_post,5.977892869369244e-11
qwen3-8b,g24p2_202,g24p2_202_plus,plus,counterfactual_delete_post,1.5363832171652416e-09
qwen3-8b,g24p2_202,g24p2_202_minus,minus,admit_post,1.572566460725734e-10
qwen3-8b,g24p2_202,g24p2_202_minus,minus,exclude_post,2.8239339666820326e-11
qwen3-8b,g24p2_202,g24p2_202_minus,minus,strong_exclude_post,4.7240359664617705e-11
qwen3-8b,g24p2_202,g24p2_202_minus,minus,counterfactual_delete_post,5.910826662815757e-11
qwen3-8b,g24p2_203,g24p2_203_plus,plus,base,77.78377523602137
qwen3-8b,g24p2_203,g24p2_203_plus,plus,admit_post,99.99999983076236
qwen3-8b,g24p2_203,g24p2_203_plus,plus,exclude_post,99.99520481907312
qwen3-8b,g24p2_203,g24p2_203_plus,plus,strong_exclude_post,0.04216992529355668
qwen3-8b,g24p2_203,g24p2_203_plus,plus,counterfactual_delete_post,33.66107742169765
qwen3-8b,g24p2_203,g24p2_203_minus,minus,admit_post,2.6078626990954124e-09
qwen3-8b,g24p2_203,g24p2_203_minus,minus,exclude_post,9.901815453628832e-10
qwen3-8b,g24p2_203,g24p2_203_minus,minus,strong_exclude_post,0.03755841110055004
qwen3-8b,g24p2_203,g24p2_203_minus,minus,counterfactual_delete_post,32.086481087725375
qwen3-8b,g24p2_204,g24p2_204_plus,plus,base,88.88564898066954
qwen3-8b,g24p2_204,g24p2_204_plus,plus,admit_post,99.99981442627262
qwen3-8b,g24p2_204,g24p2_204_plus,plus,exclude_post,56.383781286142124
qwen3-8b,g24p2_204,g24p2_204_plus,plus,strong_exclude_post,88.74561709810104
qwen3-8b,g24p2_204,g24p2_204_plus,plus,counterfactual_delete_post,55.27944783997603
qwen3-8b,g24p2_204,g24p2_204_minus,minus,admit_post,79.42258385254942
qwen3-8b,g24p2_204,g24p2_204_minus,minus,exclude_post,56.54081991672874
qwen3-8b,g24p2_204,g24p2_204_minus,minus,strong_exclude_post,96.41088852975004
qwen3-8b,g24p2_204,g24p2_204_minus,minus,counterfactual_delete_post,67.07965132114177
qwen3-8b,g24p2_207,g24p2_207_plus,plus,base,66.64397021387744
qwen3-8b,g24p2_207,g24p2_207_plus,plus,admit_post,78.44476182640837
qwen3-8b,g24p2_207,g24p2_207_plus,plus,exclude_post,66.7710529565172
qwen3-8b,g24p2_207,g24p2_207_plus,plus,strong_exclude_post,55.23202066051236
qwen3-8b,g24p2_207,g24p2_207_plus,plus,counterfactual_delete_post,63.090629641908244
qwen3-8b,g24p2_207,g24p2_207_minus,minus,admit_post,66.5108903687698
qwen3-8b,g24p2_207,g24p2_207_minus,minus,exclude_post,53.04464889161582
qwen3-8b,g24p2_207,g24p2_207_minus,minus,strong_exclude_post,56.0245214622691
qwen3-8b,g24p2_207,g24p2_207_minus,minus,counterfactual_delete_post,55.92491306541201
qwen3-8b,g24p2_208,g24p2_208_plus,plus,base,55.28110483302727
qwen3-8b,g24p2_208,g24p2_208_plus,plus,admit_post,99.9999999934347
qwen3-8b,g24p2_208,g24p2_208_plus,plus,exclude_post,99.99949537354817
qwen3-8b,g24p2_208,g24p2_208_plus,plus,strong_exclude_post,28.715836965195493
qwen3-8b,g24p2_208,g24p2_208_plus,plus,counterfactual_delete_post,77.65588428478434
qwen3-8b,g24p2_208,g24p2_208_minus,minus,admit_post,46.11540885871635
qwen3-8b,g24p2_208,g24p2_208_minus,minus,exclude_post,0.010849137889654897
qwen3-8b,g24p2_208,g24p2_208_minus,minus,strong_exclude_post,99.98332018692543
qwen3-8b,g24p2_208,g24p2_208_minus,minus,counterfactual_delete_post,36.4652508884939
qwen3-8b,g24p2_211,g24p2_211_plus,plus,base,3.317356881148371e-05
qwen3-8b,g24p2_211,g24p2_211_plus,plus,admit_post,77.70952416458198
qwen3-8b,g24p2_211,g24p2_211_plus,plus,exclude_post,14.636068501289676
qwen3-8b,g24p2_211,g24p2_211_plus,plus,strong_exclude_post,14.689401886318073
qwen3-8b,g24p2_211,g24p2_211_plus,plus,counterfactual_delete_post,55.23367915456713
qwen3-8b,g24p2_211,g24p2_211_minus,minus,admit_post,49.27268687339826
qwen3-8b,g24p2_211,g24p2_211_minus,minus,exclude_post,24.369799520425303
qwen3-8b,g24p2_211,g24p2_211_minus,minus,strong_exclude_post,1.256732994724975
qwen3-8b,g24p2_211,g24p2_211_minus,minus,counterfactual_delete_post,33.39345839713644
qwen3-8b,g24p2_213,g24p2_213_plus,plus,base,0.01113644100616592
qwen3-8b,g24p2_213,g24p2_213_plus,plus,admit_post,99.99999999758441
qwen3-8b,g24p2_213,g24p2_213_plus,plus,exclude_post,99.99994670642637
qwen3-8b,g24p2_213,g24p2_213_plus,plus,strong_exclude_post,1.2915628679858528
qwen3-8b,g24p2_213,g24p2_213_plus,plus,counterfactual_delete_post,54.70041522355901
qwen3-8b,g24p2_213,g24p2_213_minus,minus,admit_post,6.774225218954308e-07
qwen3-8b,g24p2_213,g24p2_213_minus,minus,exclude_post,3.5965287737983432e-06
qwen3-8b,g24p2_213,g24p2_213_minus,minus,strong_exclude_post,3.1512580494756985
qwen3-8b,g24p2_213,g24p2_213_minus,minus,counterfactual_delete_post,42.99869530779384
qwen3-8b,g24p2_214,g24p2_214_plus,plus,base,99.99999793792782
qwen3-8b,g24p2_214,g24p2_214_plus,plus,admit_post,99.99999999999864
qwen3-8b,g24p2_214,g24p2_214_plus,plus,exclude_post,1.1133617086993886e-05
qwen3-8b,g24p2_214,g24p2_214_plus,plus,strong_exclude_post,37.96226727554236
qwen3-8b,g24p2_214,g24p2_214_plus,plus,counterfactual_delete_post,33.329893607692355
qwen3-8b,g24p2_214,g24p2_214_minus,minus,admit_post,0.0002604699737005864
qwen3-8b,g24p2_214,g24p2_214_minus,minus,exclude_post,2.100788039178715e-08
qwen3-8b,g24p2_214,g24p2_214_minus,minus,strong_exclude_post,0.00040195136434666926
qwen3-8b,g24p2_214,g24p2_214_minus,minus,counterfactual_delete_post,42.612722657923555
qwen3-8b,g24p2_215,g24p2_215_plus,plus,base,55.56790242053691
qwen3-8b,g24p2_215,g24p2_215_plus,plus,admit_post,99.99999999811789
qwen3-8b,g24p2_215,g24p2_215_plus,plus,exclude_post,4.039473592698463
qwen3-8b,g24p2_215,g24p2_215_plus,plus,strong_exclude_post,1.3695719509345492
qwen3-8b,g24p2_215,g24p2_215_plus,plus,counterfactual_delete_post,34.66241686302769
qwen3-8b,g24p2_215,g24p2_215_minus,minus,admit_post,99.99999964175133
qwen3-8b,g24p2_215,g24p2_215_minus,minus,exclude_post,2.7795164132904873e-05
qwen3-8b,g24p2_215,g24p2_215_minus,minus,strong_exclude_post,0.06422900012484703
qwen3-8b,g24p2_215,g24p2_215_minus,minus,counterfactual_delete_post,33.47265186745837
qwen3-8b,g24p2_216,g24p2_216_plus,plus,base,88.9997991358416
qwen3-8b,g24p2_216,g24p2_216_plus,plus,admit_post,99.99999999994306
qwen3-8b,g24p2_216,g24p2_216_plus,plus,exclude_post,9.731432681802732e-11
qwen3-8b,g24p2_216,g24p2_216_plus,plus,strong_exclude_post,8.81595504076045e-05
qwen3-8b,g24p2_216,g24p2_216_plus,plus,counterfactual_delete_post,66.41127443305129
qwen3-8b,g24p2_216,g24p2_216_minus,minus,admit_post,7.425600363015708
qwen3-8b,g24p2_216,g24p2_216_minus,minus,exclude_post,1.599709309699159
qwen3-8b,g24p2_216,g24p2_216_minus,minus,strong_exclude_post,33.920542455929244
qwen3-8b,g24p2_216,g24p2_216_minus,minus,counterfactual_delete_post,33.67291251235149
qwen3-8b,g24p2_217,g24p2_217_plus,plus,base,99.99999999998366
qwen3-8b,g24p2_217,g24p2_217_plus,plus,admit_post,99.99999999958028
qwen3-8b,g24p2_217,g24p2_217_plus,plus,exclude_post,99.99999999853488
qwen3-8b,g24p2_217,g24p2_217_plus,plus,strong_exclude_post,99.99999999885891
qwen3-8b,g24p2_217,g24p2_217_plus,plus,counterfactual_delete_post,88.88411634932093
qwen3-8b,g24p2_217,g24p2_217_minus,minus,admit_post,99.96474796450161
qwen3-8b,g24p2_217,g24p2_217_minus,minus,exclude_post,77.66475847531112
qwen3-8b,g24p2_217,g24p2_217_minus,minus,strong_exclude_post,99.99997488524362
qwen3-8b,g24p2_217,g24p2_217_minus,minus,counterfactual_delete_post,88.88274807463797
qwen3-8b,g24p2_218,g24p2_218_plus,plus,base,4.233444685991919e-05
qwen3-8b,g24p2_218,g24p2_218_plus,plus,admit_post,99.99999999980126
qwen3-8b,g24p2_218,g24p2_218_plus,plus,exclude_post,99.99999940754077
qwen3-8b,g24p2_218,g24p2_218_plus,plus,strong_exclude_post,8.1572360008572e-06
qwen3-8b,g24p2_218,g24p2_218_plus,plus,counterfactual_delete_post,0.0032039135564667764
qwen3-8b,g24p2_218,g24p2_218_minus,minus,admit_post,54.658811083854125
qwen3-8b,g24p2_218,g24p2_218_minus,minus,exclude_post,2.8769892874636144e-09
qwen3-8b,g24p2_218,g24p2_218_minus,minus,strong_exclude_post,10.756886103680056
qwen3-8b,g24p2_218,g24p2_218_minus,minus,counterfactual_delete_post,30.153778664938493
qwen3-8b,g24p2_219,g24p2_219_plus,plus,base,30.845510802359165
qwen3-8b,g24p2_219,g24p2_219_plus,plus,admit_post,99.99999999999011
qwen3-8b,g24p2_219,g24p2_219_plus,plus,exclude_post,0.03353532295012806
qwen3-8b,g24p2_219,g24p2_219_plus,plus,strong_exclude_post,7.86975536076754e-06
qwen3-8b,g24p2_219,g24p2_219_plus,plus,counterfactual_delete_post,8.398498909388877e-07
qwen3-8b,g24p2_219,g24p2_219_minus,minus,admit_post,99.99999999984477
qwen3-8b,g24p2_219,g24p2_219_minus,minus,exclude_post,0.0027537446789829903
qwen3-8b,g24p2_219,g24p2_219_minus,minus,strong_exclude_post,1.0781366189587756e-06
qwen3-8b,g24p2_219,g24p2_219_minus,minus,counterfactual_delete_post,3.7657982664252604e-06
qwen3-8b,g24p2_220,g24p2_220_plus,plus,base,9.8567188113522e-11
qwen3-8b,g24p2_220,g24p2_220_plus,plus,admit_post,99.99999874956659
qwen3-8b,g24p2_220,g24p2_220_plus,plus,exclude_post,2.0500763382246957e-09
qwen3-8b,g24p2_220,g24p2_220_plus,plus,strong_exclude_post,2.4910237168251854e-06
qwen3-8b,g24p2_220,g24p2_220_plus,plus,counterfactual_delete_post,0.002051162540685861
qwen3-8b,g24p2_220,g24p2_220_minus,minus,admit_post,9.884022308435142e-11
qwen3-8b,g24p2_220,g24p2_220_minus,minus,exclude_post,3.343769730445149e-10
qwen3-8b,g24p2_220,g24p2_220_minus,minus,strong_exclude_post,2.6449283779262766e-10
qwen3-8b,g24p2_220,g24p2_220_minus,minus,counterfactual_delete_post,3.293794003627813e-08
qwen3-8b,g24p2_223,g24p2_223_plus,plus,base,33.232141968587776
qwen3-8b,g24p2_223,g24p2_223_plus,plus,admit_post,55.25282170030231
qwen3-8b,g24p2_223,g24p2_223_plus,plus,exclude_post,2.8951131932028933e-07
qwen3-8b,g24p2_223,g24p2_223_plus,plus,strong_exclude_post,6.367557729684805e-08
qwen3-8b,g24p2_223,g24p2_223_plus,plus,counterfactual_delete_post,21.58189728544226
qwen3-8b,g24p2_223,g24p2_223_minus,minus,admit_post,23.26384403845637
qwen3-8b,g24p2_223,g24p2_223_minus,minus,exclude_post,17.57509381700897
qwen3-8b,g24p2_223,g24p2_223_minus,minus,strong_exclude_post,0.0003953900373802653
qwen3-8b,g24p2_223,g24p2_223_minus,minus,counterfactual_delete_post,0.07653750088185861
qwen3-8b,g24p2_224,g24p2_224_plus,plus,base,80.25195983275373
qwen3-8b,g24p2_224,g24p2_224_plus,plus,admit_post,99.99999999997901
qwen3-8b,g24p2_224,g24p2_224_plus,plus,exclude_post,0.678208096808037
qwen3-8b,g24p2_224,g24p2_224_plus,plus,strong_exclude_post,89.30298483862578
qwen3-8b,g24p2_224,g24p2_224_plus,plus,counterfactual_delete_post,56.61449420894067
qwen3-8b,g24p2_224,g24p2_224_minus,minus,admit_post,89.73175746252633
qwen3-8b,g24p2_224,g24p2_224_minus,minus,exclude_post,88.91029579358695
qwen3-8b,g24p2_224,g24p2_224_minus,minus,strong_exclude_post,44.248921358291696
qwen3-8b,g24p2_224,g24p2_224_minus,minus,counterfactual_delete_post,88.88971952907272
qwen3-8b,g24p2_225,g24p2_225_plus,plus,base,99.99999999957942
qwen3-8b,g24p2_225,g24p2_225_plus,plus,admit_post,99.99999999811536
qwen3-8b,g24p2_225,g24p2_225_plus,plus,exclude_post,99.99979502863233
qwen3-8b,g24p2_225,g24p2_225_plus,plus,strong_exclude_post,99.99999874894176
qwen3-8b,g24p2_225,g24p2_225_plus,plus,counterfactual_delete_post,99.8402883703479
qwen3-8b,g24p2_225,g24p2_225_minus,minus,admit_post,99.9999999991102
qwen3-8b,g24p2_225,g24p2_225_minus,minus,exclude_post,99.99981190679088
qwen3-8b,g24p2_225,g24p2_225_minus,minus,strong_exclude_post,99.99999983065925
qwen3-8b,g24p2_225,g24p2_225_minus,minus,counterfactual_delete_post,95.13202053515786
qwen3-8b,g24p2_227,g24p2_227_plus,plus,base,99.99999999999822
qwen3-8b,g24p2_227,g24p2_227_plus,plus,admit_post,99.99999995148313
qwen3-8b,g24p2_227,g24p2_227_plus,plus,exclude_post,0.001821707114035336
qwen3-8b,g24p2_227,g24p2_227_plus,plus,strong_exclude_post,1.1852728120145768
qwen3-8b,g24p2_227,g24p2_227_plus,plus,counterfactual_delete_post,36.490950279170264
qwen3-8b,g24p2_227,g24p2_227_minus,minus,admit_post,6.35064268871592e-05
qwen3-8b,g24p2_227,g24p2_227_minus,minus,exclude_post,2.6047979367958415e-05
qwen3-8b,g24p2_227,g24p2_227_minus,minus,strong_exclude_post,42.74143373696265
qwen3-8b,g24p2_227,g24p2_227_minus,minus,counterfactual_delete_post,58.920195277008624
qwen3-8b,g24p2_228,g24p2_228_plus,plus,base,90.53383325266273
qwen3-8b,g24p2_228,g24p2_228_plus,plus,admit_post,99.99999940931511
qwen3-8b,g24p2_228,g24p2_228_plus,plus,exclude_post,3.547006711702881e-07
qwen3-8b,g24p2_228,g24p2_228_plus,plus,strong_exclude_post,50.54670559719717
qwen3-8b,g24p2_228,g24p2_228_plus,plus,counterfactual_delete_post,40.63052620419648
qwen3-8b,g24p2_228,g24p2_228_minus,minus,admit_post,77.57842678002527
qwen3-8b,g24p2_228,g24p2_228_minus,minus,exclude_post,12.72148820277048
qwen3-8b,g24p2_228,g24p2_228_minus,minus,strong_exclude_post,33.69806198588593
qwen3-8b,g24p2_228,g24p2_228_minus,minus,counterfactual_delete_post,33.88815126520056
qwen3-8b,g24p2_230,g24p2_230_plus,plus,base,99.99999999998715
qwen3-8b,g24p2_230,g24p2_230_plus,plus,admit_post,99.99999999945851
qwen3-8b,g24p2_230,g24p2_230_plus,plus,exclude_post,17.383005827421563
qwen3-8b,g24p2_230,g24p2_230_plus,plus,strong_exclude_post,0.048022623168866185
qwen3-8b,g24p2_230,g24p2_230_plus,plus,counterfactual_delete_post,1.741727829142892e-07
qwen3-8b,g24p2_230,g24p2_230_minus,minus,admit_post,1.2165563910472227e-09
qwen3-8b,g24p2_230,g24p2_230_minus,minus,exclude_post,9.352462535659096e-09
qwen3-8b,g24p2_230,g24p2_230_minus,minus,strong_exclude_post,7.745501154799868e-10
qwen3-8b,g24p2_230,g24p2_230_minus,minus,counterfactual_delete_post,3.3458305691916684e-09
qwen3-8b,g24p2_231,g24p2_231_plus,plus,base,99.9833016424342
qwen3-8b,g24p2_231,g24p2_231_plus,plus,admit_post,99.99999999958006
qwen3-8b,g24p2_231,g24p2_231_plus,plus,exclude_post,99.99999999910204
qwen3-8b,g24p2_231,g24p2_231_plus,plus,strong_exclude_post,99.99999793833885
qwen3-8b,g24p2_231,g24p2_231_plus,plus,counterfactual_delete_post,55.38863483212186
qwen3-8b,g24p2_231,g24p2_231_minus,minus,admit_post,99.74465808057339
qwen3-8b,g24p2_231,g24p2_231_minus,minus,exclude_post,5.529987648972297e-06
qwen3-8b,g24p2_231,g24p2_231_minus,minus,strong_exclude_post,95.06966781221145
qwen3-8b,g24p2_231,g24p2_231_minus,minus,counterfactual_delete_post,40.60565494626863
qwen3-8b,g24p2_232,g24p2_232_plus,plus,base,4.688833076736718e-11
qwen3-8b,g24p2_232,g24p2_232_plus,plus,admit_post,99.99999999997891
qwen3-8b,g24p2_232,g24p2_232_plus,plus,exclude_post,0.0013526772008567237
qwen3-8b,g24p2_232,g24p2_232_plus,plus,strong_exclude_post,3.8481905891570376e-07
qwen3-8b,g24p2_232,g24p2_232_plus,plus,counterfactual_delete_post,48.189654780952736
qwen3-8b,g24p2_232,g24p2_232_minus,minus,admit_post,6.999656649777288e-09
qwen3-8b,g24p2_232,g24p2_232_minus,minus,exclude_post,2.5977839728362954e-09
qwen3-8b,g24p2_232,g24p2_232_minus,minus,strong_exclude_post,0.00486586909217484
qwen3-8b,g24p2_232,g24p2_232_minus,minus,counterfactual_delete_post,2.8843254185137633e-08
qwen3-8b,g24p2_233,g24p2_233_plus,plus,base,99.99999999998343
qwen3-8b,g24p2_233,g24p2_233_plus,plus,admit_post,99.99999999999937
qwen3-8b,g24p2_233,g24p2_233_plus,plus,exclude_post,99.99998543510303
qwen3-8b,g24p2_233,g24p2_233_plus,plus,strong_exclude_post,99.99999999999675
qwen3-8b,g24p2_233,g24p2_233_plus,plus,counterfactual_delete_post,99.99999563569777
qwen3-8b,g24p2_233,g24p2_233_minus,minus,admit_post,4.4484301874853586e-10
qwen3-8b,g24p2_233,g24p2_233_minus,minus,exclude_post,2.122380923975964e-10
qwen3-8b,g24p2_233,g24p2_233_minus,minus,strong_exclude_post,99.99999999885502
qwen3-8b,g24p2_233,g24p2_233_minus,minus,counterfactual_delete_post,4.915517104453964e-08
qwen3-8b,g24p2_234,g24p2_234_plus,plus,base,51.36026448050566
qwen3-8b,g24p2_234,g24p2_234_plus,plus,admit_post,99.33085079540228
qwen3-8b,g24p2_234,g24p2_234_plus,plus,exclude_post,6.984002777812779e-07
qwen3-8b,g24p2_234,g24p2_234_plus,plus,strong_exclude_post,82.52746404400808
qwen3-8b,g24p2_234,g24p2_234_plus,plus,counterfactual_delete_post,33.30801192816753
qwen3-8b,g24p2_234,g24p2_234_minus,minus,admit_post,44.37399254606319
qwen3-8b,g24p2_234,g24p2_234_minus,minus,exclude_post,0.13572798758614318
qwen3-8b,g24p2_234,g24p2_234_minus,minus,strong_exclude_post,7.095102858938362e-06
qwen3-8b,g24p2_234,g24p2_234_minus,minus,counterfactual_delete_post,29.38588656493008
qwen3-8b,g24p2_235,g24p2_235_plus,plus,base,1.2430835225108764e-05
qwen3-8b,g24p2_235,g24p2_235_plus,plus,admit_post,99.99999999992696
qwen3-8b,g24p2_235,g24p2_235_plus,plus,exclude_post,0.018532985050119008
qwen3-8b,g24p2_235,g24p2_235_plus,plus,strong_exclude_post,68.79842514872172
qwen3-8b,g24p2_235,g24p2_235_plus,plus,counterfactual_delete_post,66.59224028733101
qwen3-8b,g24p2_235,g24p2_235_minus,minus,admit_post,1.2503170247298422e-09
qwen3-8b,g24p2_235,g24p2_235_minus,minus,exclude_post,9.990987916975785e-10
qwen3-8b,g24p2_235,g24p2_235_minus,minus,strong_exclude_post,3.1000488871473817e-09
qwen3-8b,g24p2_235,g24p2_235_minus,minus,counterfactual_delete_post,0.015298357982936035
qwen3-8b,g24p2_237,g24p2_237_plus,plus,base,33.65736327186721
qwen3-8b,g24p2_237,g24p2_237_plus,plus,admit_post,99.99999999995572
qwen3-8b,g24p2_237,g24p2_237_plus,plus,exclude_post,0.10768072737166651
qwen3-8b,g24p2_237,g24p2_237_plus,plus,strong_exclude_post,99.94643868588896
qwen3-8b,g24p2_237,g24p2_237_plus,plus,counterfactual_delete_post,54.09834083558998
qwen3-8b,g24p2_237,g24p2_237_minus,minus,admit_post,0.20451783457845185
qwen3-8b,g24p2_237,g24p2_237_minus,minus,exclude_post,0.00013561001842987908
qwen3-8b,g24p2_237,g24p2_237_minus,minus,strong_exclude_post,51.071501818670356
qwen3-8b,g24p2_237,g24p2_237_minus,minus,counterfactual_delete_post,3.398541282981546
qwen3-8b,g24p2_238,g24p2_238_plus,plus,base,50.598929207191
qwen3-8b,g24p2_238,g24p2_238_plus,plus,admit_post,99.99999999999976
qwen3-8b,g24p2_238,g24p2_238_plus,plus,exclude_post,99.99822503316545
qwen3-8b,g24p2_238,g24p2_238_plus,plus,strong_exclude_post,99.99999999853274
qwen3-8b,g24p2_238,g24p2_238_plus,plus,counterfactual_delete_post,99.99993173134517
qwen3-8b,g24p2_238,g24p2_238_minus,minus,admit_post,9.022596751942715e-09
qwen3-8b,g24p2_238,g24p2_238_minus,minus,exclude_post,99.9999068189116
qwen3-8b,g24p2_238,g24p2_238_minus,minus,strong_exclude_post,2.3175916647355894
qwen3-8b,g24p2_238,g24p2_238_minus,minus,counterfactual_delete_post,51.9202319526941
qwen3-8b,g24p2_239,g24p2_239_plus,plus,base,99.99999999994301
qwen3-8b,g24p2_239,g24p2_239_plus,plus,admit_post,99.99999999957947
qwen3-8b,g24p2_239,g24p2_239_plus,plus,exclude_post,1.8766219363845578e-07
qwen3-8b,g24p2_239,g24p2_239_plus,plus,strong_exclude_post,92.41379857411386
qwen3-8b,g24p2_239,g24p2_239_plus,plus,counterfactual_delete_post,99.99998044060732
qwen3-8b,g24p2_239,g24p2_239_minus,minus,admit_post,5.422631567585931e-09
qwen3-8b,g24p2_239,g24p2_239_minus,minus,exclude_post,5.804367756756485e-10
qwen3-8b,g24p2_239,g24p2_239_minus,minus,strong_exclude_post,2.883611701182602e-10
qwen3-8b,g24p2_239,g24p2_239_minus,minus,counterfactual_delete_post,0.00011252984303797144
qwen3-8b,g24p2_240,g24p2_240_plus,plus,base,0.002299945331702547
qwen3-8b,g24p2_240,g24p2_240_plus,plus,admit_post,99.99999999601604
qwen3-8b,g24p2_240,g24p2_240_plus,plus,exclude_post,7.932141528573051e-07
qwen3-8b,g24p2_240,g24p2_240_plus,plus,strong_exclude_post,99.99998476213777
qwen3-8b,g24p2_240,g24p2_240_plus,plus,counterfactual_delete_post,22.873251430578936
qwen3-8b,g24p2_240,g24p2_240_minus,minus,admit_post,2.5266253419582747e-08
qwen3-8b,g24p2_240,g24p2_240_minus,minus,exclude_post,9.586411087713437e-09
qwen3-8b,g24p2_240,g24p2_240_minus,minus,strong_exclude_post,1.6766113260590528e-06
qwen3-8b,g24p2_240,g24p2_240_minus,minus,counterfactual_delete_post,33.54950658001658
qwen3-8b,g24p2_242,g24p2_242_plus,plus,base,77.7712182440651
qwen3-8b,g24p2_242,g24p2_242_plus,plus,admit_post,99.99999999974517
qwen3-8b,g24p2_242,g24p2_242_plus,plus,exclude_post,0.00019472828004982905
qwen3-8b,g24p2_242,g24p2_242_plus,plus,strong_exclude_post,31.293023669318927
qwen3-8b,g24p2_242,g24p2_242_plus,plus,counterfactual_delete_post,39.40439661949689
qwen3-8b,g24p2_242,g24p2_242_minus,minus,admit_post,2.7386680842281835e-09
qwen3-8b,g24p2_242,g24p2_242_minus,minus,exclude_post,2.366916995584886e-09
qwen3-8b,g24p2_242,g24p2_242_minus,minus,strong_exclude_post,7.769455241641759e-09
qwen3-8b,g24p2_242,g24p2_242_minus,minus,counterfactual_delete_post,0.3596614592929462
qwen3-8b,g24p2_245,g24p2_245_plus,plus,base,99.99999999157082
qwen3-8b,g24p2_245,g24p2_245_plus,plus,admit_post,99.99999999999862
qwen3-8b,g24p2_245,g24p2_245_plus,plus,exclude_post,99.99999999848951
qwen3-8b,g24p2_245,g24p2_245_plus,plus,strong_exclude_post,9.624999169002606e-09
qwen3-8b,g24p2_245,g24p2_245_plus,plus,counterfactual_delete_post,4.103397194227245e-05
qwen3-8b,g24p2_245,g24p2_245_minus,minus,admit_post,7.43457098432939e-10
qwen3-8b,g24p2_245,g24p2_245_minus,minus,exclude_post,1.6987313522370263e-08
qwen3-8b,g24p2_245,g24p2_245_minus,minus,strong_exclude_post,5.3950222408203815e-09
qwen3-8b,g24p2_245,g24p2_245_minus,minus,counterfactual_delete_post,0.003342982606259181
qwen3-8b,g24p2_246,g24p2_246_plus,plus,base,1.0037756330607795e-10
qwen3-8b,g24p2_246,g24p2_246_plus,plus,admit_post,99.9999999999654
qwen3-8b,g24p2_246,g24p2_246_plus,plus,exclude_post,5.914032864304589e-10
qwen3-8b,g24p2_246,g24p2_246_plus,plus,strong_exclude_post,7.48584829257157e-09
qwen3-8b,g24p2_246,g24p2_246_plus,plus,counterfactual_delete_post,0.0005205035666070946
qwen3-8b,g24p2_246,g24p2_246_minus,minus,admit_post,2.7021430921786047e-10
qwen3-8b,g24p2_246,g24p2_246_minus,minus,exclude_post,2.719558791133261e-10
qwen3-8b,g24p2_246,g24p2_246_minus,minus,strong_exclude_post,2.0198001436370934e-07
qwen3-8b,g24p2_246,g24p2_246_minus,minus,counterfactual_delete_post,0.0010397833033678726
qwen3-8b,g24p2_247,g24p2_247_plus,plus,base,47.517383388114595
qwen3-8b,g24p2_247,g24p2_247_plus,plus,admit_post,99.99999999998722
qwen3-8b,g24p2_247,g24p2_247_plus,plus,exclude_post,99.9999999999428
qwen3-8b,g24p2_247,g24p2_247_plus,plus,strong_exclude_post,99.99981338665091
qwen3-8b,g24p2_247,g24p2_247_plus,plus,counterfactual_delete_post,99.99916816795883
qwen3-8b,g24p2_247,g24p2_247_minus,minus,admit_post,69.50867506883048
qwen3-8b,g24p2_247,g24p2_247_minus,minus,exclude_post,0.0010167529529494937
qwen3-8b,g24p2_247,g24p2_247_minus,minus,strong_exclude_post,0.023786563710384942
qwen3-8b,g24p2_247,g24p2_247_minus,minus,counterfactual_delete_post,3.6150252304060118
qwen3-8b,g24p2_248,g24p2_248_plus,plus,base,0.01843822244786988
qwen3-8b,g24p2_248,g24p2_248_plus,plus,admit_post,99.99999999987972
qwen3-8b,g24p2_248,g24p2_248_plus,plus,exclude_post,99.99999999944248
qwen3-8b,g24p2_248,g24p2_248_plus,plus,strong_exclude_post,17.816666205533565
qwen3-8b,g24p2_248,g24p2_248_plus,plus,counterfactual_delete_post,0.0015133755124186498
qwen3-8b,g24p2_248,g24p2_248_minus,minus,admit_post,99.99993172841434
qwen3-8b,g24p2_248,g24p2_248_minus,minus,exclude_post,33.3307977193235
qwen3-8b,g24p2_248,g24p2_248_minus,minus,strong_exclude_post,3.561434218981242e-05
qwen3-8b,g24p2_248,g24p2_248_minus,minus,counterfactual_delete_post,28.3980937994859
qwen3-8b,g24p2_250,g24p2_250_plus,plus,base,4.740439509799284e-05
qwen3-8b,g24p2_250,g24p2_250_plus,plus,admit_post,99.9999995399365
qwen3-8b,g24p2_250,g24p2_250_plus,plus,exclude_post,0.0011909436702624788
qwen3-8b,g24p2_250,g24p2_250_plus,plus,strong_exclude_post,56.156534829412436
qwen3-8b,g24p2_250,g24p2_250_plus,plus,counterfactual_delete_post,45.133603825544846
qwen3-8b,g24p2_250,g24p2_250_minus,minus,admit_post,88.8887753559723
qwen3-8b,g24p2_250,g24p2_250_minus,minus,exclude_post,3.6899597597533524e-06
qwen3-8b,g24p2_250,g24p2_250_minus,minus,strong_exclude_post,3.04000499686975e-10
qwen3-8b,g24p2_250,g24p2_250_minus,minus,counterfactual_delete_post,14.817867039367822
qwen3-8b,g24p2_252,g24p2_252_plus,plus,base,99.99999999689919
qwen3-8b,g24p2_252,g24p2_252_plus,plus,admit_post,99.99999999994299
qwen3-8b,g24p2_252,g24p2_252_plus,plus,exclude_post,99.99999879770003
qwen3-8b,g24p2_252,g24p2_252_plus,plus,strong_exclude_post,3.1253774554246005e-05
qwen3-8b,g24p2_252,g24p2_252_plus,plus,counterfactual_delete_post,3.9941337453260064
qwen3-8b,g24p2_252,g24p2_252_minus,minus,admit_post,4.532992116731664e-10
qwen3-8b,g24p2_252,g24p2_252_minus,minus,exclude_post,2.110491459348221e-09
qwen3-8b,g24p2_252,g24p2_252_minus,minus,strong_exclude_post,5.1435491709797635e-11
qwen3-8b,g24p2_252,g24p2_252_minus,minus,counterfactual_delete_post,0.023351725502051553
qwen3-8b,g24p2_254,g24p2_254_plus,plus,base,22.161242922947125
qwen3-8b,g24p2_254,g24p2_254_plus,plus,admit_post,77.77453877869634
qwen3-8b,g24p2_254,g24p2_254_plus,plus,exclude_post,4.935877533702883
qwen3-8b,g24p2_254,g24p2_254_plus,plus,strong_exclude_post,33.30374980714377
qwen3-8b,g24p2_254,g24p2_254_plus,plus,counterfactual_delete_post,39.60817452613134
qwen3-8b,g24p2_254,g24p2_254_minus,minus,admit_post,79.10354606888056
qwen3-8b,g24p2_254,g24p2_254_minus,minus,exclude_post,39.70340294047353
qwen3-8b,g24p2_254,g24p2_254_minus,minus,strong_exclude_post,33.59052000909285
qwen3-8b,g24p2_254,g24p2_254_minus,minus,counterfactual_delete_post,33.86065972966453
qwen3-8b,g24p2_255,g24p2_255_plus,plus,base,2.5021595555774214e-09
qwen3-8b,g24p2_255,g24p2_255_plus,plus,admit_post,99.99999999996506
qwen3-8b,g24p2_255,g24p2_255_plus,plus,exclude_post,99.99997483508231
qwen3-8b,g24p2_255,g24p2_255_plus,plus,strong_exclude_post,5.3907327419861734e-08
qwen3-8b,g24p2_255,g24p2_255_plus,plus,counterfactual_delete_post,0.002320459805783912
qwen3-8b,g24p2_255,g24p2_255_minus,minus,admit_post,4.075176395925743e-09
qwen3-8b,g24p2_255,g24p2_255_minus,minus,exclude_post,5.569554320271156e-10
qwen3-8b,g24p2_255,g24p2_255_minus,minus,strong_exclude_post,4.007470903895226e-09
qwen3-8b,g24p2_255,g24p2_255_minus,minus,counterfactual_delete_post,0.0036076006113795883
qwen3-8b,g24p2_258,g24p2_258_plus,plus,base,89.30363045275027
qwen3-8b,g24p2_258,g24p2_258_plus,plus,admit_post,99.99999999999228
qwen3-8b,g24p2_258,g24p2_258_plus,plus,exclude_post,99.99970172911452
qwen3-8b,g24p2_258,g24p2_258_plus,plus,strong_exclude_post,99.99998043979015
qwen3-8b,g24p2_258,g24p2_258_plus,plus,counterfactual_delete_post,73.58169772515159
qwen3-8b,g24p2_258,g24p2_258_minus,minus,admit_post,7.160533813388125e-09
qwen3-8b,g24p2_258,g24p2_258_minus,minus,exclude_post,0.0006597198880574765
qwen3-8b,g24p2_258,g24p2_258_minus,minus,strong_exclude_post,83.00762431201402
qwen3-8b,g24p2_258,g24p2_258_minus,minus,counterfactual_delete_post,25.501340247511852
qwen3-8b,g24p2_259,g24p2_259_plus,plus,base,61.80186676514724
qwen3-8b,g24p2_259,g24p2_259_plus,plus,admit_post,99.99999999999632
qwen3-8b,g24p2_259,g24p2_259_plus,plus,exclude_post,99.98763471791823
qwen3-8b,g24p2_259,g24p2_259_plus,plus,strong_exclude_post,2.6996646849860184
qwen3-8b,g24p2_259,g24p2_259_plus,plus,counterfactual_delete_post,50.3885459211227
qwen3-8b,g24p2_259,g24p2_259_minus,minus,admit_post,99.99999999996541
qwen3-8b,g24p2_259,g24p2_259_minus,minus,exclude_post,99.99999999810971
qwen3-8b,g24p2_259,g24p2_259_minus,minus,strong_exclude_post,4.577143184973048e-05
qwen3-8b,g24p2_259,g24p2_259_minus,minus,counterfactual_delete_post,14.601551779964533
qwen3-8b,g24p2_260,g24p2_260_plus,plus,base,55.02909761495138
qwen3-8b,g24p2_260,g24p2_260_plus,plus,admit_post,99.9999995394861
qwen3-8b,g24p2_260,g24p2_260_plus,plus,exclude_post,0.00012038973305848958
qwen3-8b,g24p2_260,g24p2_260_plus,plus,strong_exclude_post,0.051006753611808425
qwen3-8b,g24p2_260,g24p2_260_plus,plus,counterfactual_delete_post,2.533403892472541e-10
qwen3-8b,g24p2_260,g24p2_260_minus,minus,admit_post,1.040881638552576e-07
qwen3-8b,g24p2_260,g24p2_260_minus,minus,exclude_post,5.815356542668134e-09
qwen3-8b,g24p2_260,g24p2_260_minus,minus,strong_exclude_post,0.00033937769196988057
qwen3-8b,g24p2_260,g24p2_260_minus,minus,counterfactual_delete_post,0.00016538849906052306
qwen3-8b,g24p2_261,g24p2_261_plus,plus,base,66.0433934588122
qwen3-8b,g24p2_261,g24p2_261_plus,plus,admit_post,99.99999999987944
qwen3-8b,g24p2_261,g24p2_261_plus,plus,exclude_post,99.80399312159687
qwen3-8b,g24p2_261,g24p2_261_plus,plus,strong_exclude_post,99.57976340778703
qwen3-8b,g24p2_261,g24p2_261_plus,plus,counterfactual_delete_post,32.93325419662587
qwen3-8b,g24p2_261,g24p2_261_minus,minus,admit_post,2.735128270293019e-07
qwen3-8b,g24p2_261,g24p2_261_minus,minus,exclude_post,2.9919532341830783e-09
qwen3-8b,g24p2_261,g24p2_261_minus,minus,strong_exclude_post,6.262094746525933e-11
qwen3-8b,g24p2_261,g24p2_261_minus,minus,counterfactual_delete_post,4.347231016629187
qwen35-9b,g24p2_000,g24p2_000_plus,plus,base,99.1972297758843
qwen35-9b,g24p2_000,g24p2_000_plus,plus,admit_post,45.93578455187737
qwen35-9b,g24p2_000,g24p2_000_plus,plus,exclude_post,97.47959547518289
qwen35-9b,g24p2_000,g24p2_000_plus,plus,strong_exclude_post,1.3398354678239082
qwen35-9b,g24p2_000,g24p2_000_plus,plus,counterfactual_delete_post,98.52517389154688
qwen35-9b,g24p2_000,g24p2_000_minus,minus,admit_post,2.2251415239609758
qwen35-9b,g24p2_000,g24p2_000_minus,minus,exclude_post,6.348670645025902
qwen35-9b,g24p2_000,g24p2_000_minus,minus,strong_exclude_post,2.0258695241133915
qwen35-9b,g24p2_000,g24p2_000_minus,minus,counterfactual_delete_post,0.9533367081982652
qwen35-9b,g24p2_001,g24p2_001_plus,plus,base,0.9809133445217818
qwen35-9b,g24p2_001,g24p2_001_plus,plus,admit_post,98.50323668121453
qwen35-9b,g24p2_001,g24p2_001_plus,plus,exclude_post,31.600390967183962
qwen35-9b,g24p2_001,g24p2_001_plus,plus,strong_exclude_post,6.195961240754982
qwen35-9b,g24p2_001,g24p2_001_plus,plus,counterfactual_delete_post,7.5323618092185445
qwen35-9b,g24p2_001,g24p2_001_minus,minus,admit_post,3.3950091431146494
qwen35-9b,g24p2_001,g24p2_001_minus,minus,exclude_post,11.191922736074345
qwen35-9b,g24p2_001,g24p2_001_minus,minus,strong_exclude_post,8.084453776057504
qwen35-9b,g24p2_001,g24p2_001_minus,minus,counterfactual_delete_post,5.726771556454926
qwen35-9b,g24p2_002,g24p2_002_plus,plus,base,94.05114756294272
qwen35-9b,g24p2_002,g24p2_002_plus,plus,admit_post,99.3726435899576
qwen35-9b,g24p2_002,g24p2_002_plus,plus,exclude_post,2.8545195731598607
qwen35-9b,g24p2_002,g24p2_002_plus,plus,strong_exclude_post,4.00880745526256
qwen35-9b,g24p2_002,g24p2_002_plus,plus,counterfactual_delete_post,96.88971249969921
qwen35-9b,g24p2_002,g24p2_002_minus,minus,admit_post,12.090252794683934
qwen35-9b,g24p2_002,g24p2_002_minus,minus,exclude_post,35.29800535689891
qwen35-9b,g24p2_002,g24p2_002_minus,minus,strong_exclude_post,90.82077119130574
qwen35-9b,g24p2_002,g24p2_002_minus,minus,counterfactual_delete_post,85.84037370822806
qwen35-9b,g24p2_003,g24p2_003_plus,plus,base,95.24703874832636
qwen35-9b,g24p2_003,g24p2_003_plus,plus,admit_post,96.22489894934009
qwen35-9b,g24p2_003,g24p2_003_plus,plus,exclude_post,30.583504533460864
qwen35-9b,g24p2_003,g24p2_003_plus,plus,strong_exclude_post,20.686258410524093
qwen35-9b,g24p2_003,g24p2_003_plus,plus,counterfactual_delete_post,99.90581024309103
qwen35-9b,g24p2_003,g24p2_003_minus,minus,admit_post,91.50218749005461
qwen35-9b,g24p2_003,g24p2_003_minus,minus,exclude_post,15.943241381731335
qwen35-9b,g24p2_003,g24p2_003_minus,minus,strong_exclude_post,24.308311534934827
qwen35-9b,g24p2_003,g24p2_003_minus,minus,counterfactual_delete_post,17.01768334600954
qwen35-9b,g24p2_004,g24p2_004_plus,plus,base,92.27154825179274
qwen35-9b,g24p2_004,g24p2_004_plus,plus,admit_post,99.52035757938594
qwen35-9b,g24p2_004,g24p2_004_plus,plus,exclude_post,1.812704215052351
qwen35-9b,g24p2_004,g24p2_004_plus,plus,strong_exclude_post,25.546901667514355
qwen35-9b,g24p2_004,g24p2_004_plus,plus,counterfactual_delete_post,99.38620705667923
qwen35-9b,g24p2_004,g24p2_004_minus,minus,admit_post,60.61854717995212
qwen35-9b,g24p2_004,g24p2_004_minus,minus,exclude_post,21.251625086257484
qwen35-9b,g24p2_004,g24p2_004_minus,minus,strong_exclude_post,18.565520644291084
qwen35-9b,g24p2_004,g24p2_004_minus,minus,counterfactual_delete_post,6.341608187419272
qwen35-9b,g24p2_005,g24p2_005_plus,plus,base,2.7669965746771545
qwen35-9b,g24p2_005,g24p2_005_plus,plus,admit_post,58.97230835356142
qwen35-9b,g24p2_005,g24p2_005_plus,plus,exclude_post,9.246749708586416
qwen35-9b,g24p2_005,g24p2_005_plus,plus,strong_exclude_post,11.651834609850821
qwen35-9b,g24p2_005,g24p2_005_plus,plus,counterfactual_delete_post,9.526294597102135
qwen35-9b,g24p2_005,g24p2_005_minus,minus,admit_post,0.013164805346477368
qwen35-9b,g24p2_005,g24p2_005_minus,minus,exclude_post,40.79354962428143
qwen35-9b,g24p2_005,g24p2_005_minus,minus,strong_exclude_post,5.5079390445504695
qwen35-9b,g24p2_005,g24p2_005_minus,minus,counterfactual_delete_post,5.546841977453084
qwen35-9b,g24p2_006,g24p2_006_plus,plus,base,9.989190155209684
qwen35-9b,g24p2_006,g24p2_006_plus,plus,admit_post,98.36614449577249
qwen35-9b,g24p2_006,g24p2_006_plus,plus,exclude_post,34.69155795108821
qwen35-9b,g24p2_006,g24p2_006_plus,plus,strong_exclude_post,11.124640930112182
qwen35-9b,g24p2_006,g24p2_006_plus,plus,counterfactual_delete_post,87.03641631654746
qwen35-9b,g24p2_006,g24p2_006_minus,minus,admit_post,0.031039337004984107
qwen35-9b,g24p2_006,g24p2_006_minus,minus,exclude_post,5.426501821677804
qwen35-9b,g24p2_006,g24p2_006_minus,minus,strong_exclude_post,16.23617441839362
qwen35-9b,g24p2_006,g24p2_006_minus,minus,counterfactual_delete_post,2.9128687178189807
qwen35-9b,g24p2_010,g24p2_010_plus,plus,base,2.3710811733452135
qwen35-9b,g24p2_010,g24p2_010_plus,plus,admit_post,98.17009617860195
qwen35-9b,g24p2_010,g24p2_010_plus,plus,exclude_post,33.441004587373875
qwen35-9b,g24p2_010,g24p2_010_plus,plus,strong_exclude_post,4.126185485910359
qwen35-9b,g24p2_010,g24p2_010_plus,plus,counterfactual_delete_post,98.68967369998859
qwen35-9b,g24p2_010,g24p2_010_minus,minus,admit_post,10.648942569978683
qwen35-9b,g24p2_010,g24p2_010_minus,minus,exclude_post,7.93177367872489
qwen35-9b,g24p2_010,g24p2_010_minus,minus,strong_exclude_post,5.512817929033179
qwen35-9b,g24p2_010,g24p2_010_minus,minus,counterfactual_delete_post,4.553662291417998
qwen35-9b,g24p2_011,g24p2_011_plus,plus,base,85.379634274021
qwen35-9b,g24p2_011,g24p2_011_plus,plus,admit_post,98.89598640992052
qwen35-9b,g24p2_011,g24p2_011_plus,plus,exclude_post,23.88855452518279
qwen35-9b,g24p2_011,g24p2_011_plus,plus,strong_exclude_post,99.1000323428089
qwen35-9b,g24p2_011,g24p2_011_plus,plus,counterfactual_delete_post,98.8314223258042
qwen35-9b,g24p2_011,g24p2_011_minus,minus,admit_post,1.2782122687507416
qwen35-9b,g24p2_011,g24p2_011_minus,minus,exclude_post,96.74023367567332
qwen35-9b,g24p2_011,g24p2_011_minus,minus,strong_exclude_post,6.226258030799162
qwen35-9b,g24p2_011,g24p2_011_minus,minus,counterfactual_delete_post,98.13575247826928
qwen35-9b,g24p2_012,g24p2_012_plus,plus,base,95.00663985555877
qwen35-9b,g24p2_012,g24p2_012_plus,plus,admit_post,98.64852083304683
qwen35-9b,g24p2_012,g24p2_012_plus,plus,exclude_post,38.32463849551039
qwen35-9b,g24p2_012,g24p2_012_plus,plus,strong_exclude_post,98.99370626212618
qwen35-9b,g24p2_012,g24p2_012_plus,plus,counterfactual_delete_post,98.04067271498803
qwen35-9b,g24p2_012,g24p2_012_minus,minus,admit_post,0.0037346692756430825
qwen35-9b,g24p2_012,g24p2_012_minus,minus,exclude_post,0.0072712605514913976
qwen35-9b,g24p2_012,g24p2_012_minus,minus,strong_exclude_post,3.029684577159963
qwen35-9b,g24p2_012,g24p2_012_minus,minus,counterfactual_delete_post,5.359354656433178
qwen35-9b,g24p2_014,g24p2_014_plus,plus,base,98.34413231997203
qwen35-9b,g24p2_014,g24p2_014_plus,plus,admit_post,99.46642931138928
qwen35-9b,g24p2_014,g24p2_014_plus,plus,exclude_post,25.670550402441528
qwen35-9b,g24p2_014,g24p2_014_plus,plus,strong_exclude_post,51.11554146816448
qwen35-9b,g24p2_014,g24p2_014_plus,plus,counterfactual_delete_post,98.52042398741456
qwen35-9b,g24p2_014,g24p2_014_minus,minus,admit_post,0.004523985122204862
qwen35-9b,g24p2_014,g24p2_014_minus,minus,exclude_post,1.7558301442908002
qwen35-9b,g24p2_014,g24p2_014_minus,minus,strong_exclude_post,2.8842716972594236
qwen35-9b,g24p2_014,g24p2_014_minus,minus,counterfactual_delete_post,56.210985218328084
qwen35-9b,g24p2_015,g24p2_015_plus,plus,base,99.47239656207739
qwen35-9b,g24p2_015,g24p2_015_plus,plus,admit_post,99.46191965921594
qwen35-9b,g24p2_015,g24p2_015_plus,plus,exclude_post,15.915102299718253
qwen35-9b,g24p2_015,g24p2_015_plus,plus,strong_exclude_post,22.208163152063083
qwen35-9b,g24p2_015,g24p2_015_plus,plus,counterfactual_delete_post,99.07113790245046
qwen35-9b,g24p2_015,g24p2_015_minus,minus,admit_post,29.33664090161438
qwen35-9b,g24p2_015,g24p2_015_minus,minus,exclude_post,33.70657320125042
qwen35-9b,g24p2_015,g24p2_015_minus,minus,strong_exclude_post,97.72477802173864
qwen35-9b,g24p2_015,g24p2_015_minus,minus,counterfactual_delete_post,2.158594704500335
qwen35-9b,g24p2_016,g24p2_016_plus,plus,base,61.20936658036182
qwen35-9b,g24p2_016,g24p2_016_plus,plus,admit_post,98.33465844336453
qwen35-9b,g24p2_016,g24p2_016_plus,plus,exclude_post,2.9997077968594206
qwen35-9b,g24p2_016,g24p2_016_plus,plus,strong_exclude_post,33.98633281080779
qwen35-9b,g24p2_016,g24p2_016_plus,plus,counterfactual_delete_post,91.7343777403356
qwen35-9b,g24p2_016,g24p2_016_minus,minus,admit_post,1.135357727325548
qwen35-9b,g24p2_016,g24p2_016_minus,minus,exclude_post,0.06758700866827391
qwen35-9b,g24p2_016,g24p2_016_minus,minus,strong_exclude_post,24.255131280656123
qwen35-9b,g24p2_016,g24p2_016_minus,minus,counterfactual_delete_post,88.49530914696669
qwen35-9b,g24p2_017,g24p2_017_plus,plus,base,99.82318072773165
qwen35-9b,g24p2_017,g24p2_017_plus,plus,admit_post,96.19990141407635
qwen35-9b,g24p2_017,g24p2_017_plus,plus,exclude_post,5.815133539897745
qwen35-9b,g24p2_017,g24p2_017_plus,plus,strong_exclude_post,29.76616856982661
qwen35-9b,g24p2_017,g24p2_017_plus,plus,counterfactual_delete_post,98.60777050427828
qwen35-9b,g24p2_017,g24p2_017_minus,minus,admit_post,0.738686667134118
qwen35-9b,g24p2_017,g24p2_017_minus,minus,exclude_post,14.964304735853363
qwen35-9b,g24p2_017,g24p2_017_minus,minus,strong_exclude_post,32.90463014349581
qwen35-9b,g24p2_017,g24p2_017_minus,minus,counterfactual_delete_post,0.9381473678607392
qwen35-9b,g24p2_018,g24p2_018_plus,plus,base,99.46911056652465
qwen35-9b,g24p2_018,g24p2_018_plus,plus,admit_post,99.84435820583911
qwen35-9b,g24p2_018,g24p2_018_plus,plus,exclude_post,3.83961815628008
qwen35-9b,g24p2_018,g24p2_018_plus,plus,strong_exclude_post,99.250237323933
qwen35-9b,g24p2_018,g24p2_018_plus,plus,counterfactual_delete_post,99.037441893114
qwen35-9b,g24p2_018,g24p2_018_minus,minus,admit_post,98.3475988411835
qwen35-9b,g24p2_018,g24p2_018_minus,minus,exclude_post,17.197653861285673
qwen35-9b,g24p2_018,g24p2_018_minus,minus,strong_exclude_post,98.73377103222509
qwen35-9b,g24p2_018,g24p2_018_minus,minus,counterfactual_delete_post,97.57700728617219
qwen35-9b,g24p2_019,g24p2_019_plus,plus,base,0.5653292809382127
qwen35-9b,g24p2_019,g24p2_019_plus,plus,admit_post,98.40343449147656
qwen35-9b,g24p2_019,g24p2_019_plus,plus,exclude_post,98.04597759988398
qwen35-9b,g24p2_019,g24p2_019_plus,plus,strong_exclude_post,0.7355861635699085
qwen35-9b,g24p2_019,g24p2_019_plus,plus,counterfactual_delete_post,0.6531654406851863
qwen35-9b,g24p2_019,g24p2_019_minus,minus,admit_post,95.14497011366092
qwen35-9b,g24p2_019,g24p2_019_minus,minus,exclude_post,5.072725976204382
qwen35-9b,g24p2_019,g24p2_019_minus,minus,strong_exclude_post,1.631761109682671
qwen35-9b,g24p2_019,g24p2_019_minus,minus,counterfactual_delete_post,3.174791545004727
qwen35-9b,g24p2_020,g24p2_020_plus,plus,base,99.56394010452011
qwen35-9b,g24p2_020,g24p2_020_plus,plus,admit_post,98.72763260037101
qwen35-9b,g24p2_020,g24p2_020_plus,plus,exclude_post,27.646442187070477
qwen35-9b,g24p2_020,g24p2_020_plus,plus,strong_exclude_post,99.08960197835115
qwen35-9b,g24p2_020,g24p2_020_plus,plus,counterfactual_delete_post,98.9190936561028
qwen35-9b,g24p2_020,g24p2_020_minus,minus,admit_post,3.8484775083235467
qwen35-9b,g24p2_020,g24p2_020_minus,minus,exclude_post,3.768141527343465
qwen35-9b,g24p2_020,g24p2_020_minus,minus,strong_exclude_post,3.5101929279589483
qwen35-9b,g24p2_020,g24p2_020_minus,minus,counterfactual_delete_post,2.880998492481909
qwen35-9b,g24p2_021,g24p2_021_plus,plus,base,98.98491972272365
qwen35-9b,g24p2_021,g24p2_021_plus,plus,admit_post,99.12238505992194
qwen35-9b,g24p2_021,g24p2_021_plus,plus,exclude_post,23.40501731622779
qwen35-9b,g24p2_021,g24p2_021_plus,plus,strong_exclude_post,43.31112742891426
qwen35-9b,g24p2_021,g24p2_021_plus,plus,counterfactual_delete_post,37.820432425200124
qwen35-9b,g24p2_021,g24p2_021_minus,minus,admit_post,0.5784270612058652
qwen35-9b,g24p2_021,g24p2_021_minus,minus,exclude_post,6.36713966063709
qwen35-9b,g24p2_021,g24p2_021_minus,minus,strong_exclude_post,43.17634934918611
qwen35-9b,g24p2_021,g24p2_021_minus,minus,counterfactual_delete_post,37.32605339347364
qwen35-9b,g24p2_023,g24p2_023_plus,plus,base,99.3635379362182
qwen35-9b,g24p2_023,g24p2_023_plus,plus,admit_post,99.38077198061674
qwen35-9b,g24p2_023,g24p2_023_plus,plus,exclude_post,7.827979433600453
qwen35-9b,g24p2_023,g24p2_023_plus,plus,strong_exclude_post,38.019298286083185
qwen35-9b,g24p2_023,g24p2_023_plus,plus,counterfactual_delete_post,98.85897570704617
qwen35-9b,g24p2_023,g24p2_023_minus,minus,admit_post,12.381288216009555
qwen35-9b,g24p2_023,g24p2_023_minus,minus,exclude_post,18.00635862517022
qwen35-9b,g24p2_023,g24p2_023_minus,minus,strong_exclude_post,3.394133102084247
qwen35-9b,g24p2_023,g24p2_023_minus,minus,counterfactual_delete_post,3.5247611902969047
qwen35-9b,g24p2_024,g24p2_024_plus,plus,base,92.9370141099411
qwen35-9b,g24p2_024,g24p2_024_plus,plus,admit_post,98.88430333694508
qwen35-9b,g24p2_024,g24p2_024_plus,plus,exclude_post,1.3820062551062233
qwen35-9b,g24p2_024,g24p2_024_plus,plus,strong_exclude_post,96.03983417614477
qwen35-9b,g24p2_024,g24p2_024_plus,plus,counterfactual_delete_post,98.86762983082608
qwen35-9b,g24p2_024,g24p2_024_minus,minus,admit_post,0.12164968108550783
qwen35-9b,g24p2_024,g24p2_024_minus,minus,exclude_post,3.208747655755922
qwen35-9b,g24p2_024,g24p2_024_minus,minus,strong_exclude_post,29.656409818146827
qwen35-9b,g24p2_024,g24p2_024_minus,minus,counterfactual_delete_post,3.6719880117246486
qwen35-9b,g24p2_026,g24p2_026_plus,plus,base,16.882522029758125
qwen35-9b,g24p2_026,g24p2_026_plus,plus,admit_post,96.60532415608616
qwen35-9b,g24p2_026,g24p2_026_plus,plus,exclude_post,50.616472083281764
qwen35-9b,g24p2_026,g24p2_026_plus,plus,strong_exclude_post,14.54808213189824
qwen35-9b,g24p2_026,g24p2_026_plus,plus,counterfactual_delete_post,1.7392156227797961
qwen35-9b,g24p2_026,g24p2_026_minus,minus,admit_post,0.36478879539722353
qwen35-9b,g24p2_026,g24p2_026_minus,minus,exclude_post,6.248182831849184
qwen35-9b,g24p2_026,g24p2_026_minus,minus,strong_exclude_post,19.23117577054228
qwen35-9b,g24p2_026,g24p2_026_minus,minus,counterfactual_delete_post,1.0543592453980033
qwen35-9b,g24p2_027,g24p2_027_plus,plus,base,99.74069865954617
qwen35-9b,g24p2_027,g24p2_027_plus,plus,admit_post,99.80185164320386
qwen35-9b,g24p2_027,g24p2_027_plus,plus,exclude_post,8.910741498617945
qwen35-9b,g24p2_027,g24p2_027_plus,plus,strong_exclude_post,28.032121468807475
qwen35-9b,g24p2_027,g24p2_027_plus,plus,counterfactual_delete_post,97.61492789675896
qwen35-9b,g24p2_027,g24p2_027_minus,minus,admit_post,2.2633123880591395
qwen35-9b,g24p2_027,g24p2_027_minus,minus,exclude_post,17.46326587191493
qwen35-9b,g24p2_027,g24p2_027_minus,minus,strong_exclude_post,98.42294999395776
qwen35-9b,g24p2_027,g24p2_027_minus,minus,counterfactual_delete_post,95.80658803262199
qwen35-9b,g24p2_028,g24p2_028_plus,plus,base,6.452359352748286
qwen35-9b,g24p2_028,g24p2_028_plus,plus,admit_post,98.42525634909734
qwen35-9b,g24p2_028,g24p2_028_plus,plus,exclude_post,7.0161931440266105
qwen35-9b,g24p2_028,g24p2_028_plus,plus,strong_exclude_post,21.216937717748177
qwen35-9b,g24p2_028,g24p2_028_plus,plus,counterfactual_delete_post,98.47982466393826
qwen35-9b,g24p2_028,g24p2_028_minus,minus,admit_post,5.971209506273692
qwen35-9b,g24p2_028,g24p2_028_minus,minus,exclude_post,4.449298779956633
qwen35-9b,g24p2_028,g24p2_028_minus,minus,strong_exclude_post,1.5516219752880973
qwen35-9b,g24p2_028,g24p2_028_minus,minus,counterfactual_delete_post,29.321978493354283
qwen35-9b,g24p2_029,g24p2_029_plus,plus,base,98.36251449175936
qwen35-9b,g24p2_029,g24p2_029_plus,plus,admit_post,99.31675098805255
qwen35-9b,g24p2_029,g24p2_029_plus,plus,exclude_post,5.498791546632983
qwen35-9b,g24p2_029,g24p2_029_plus,plus,strong_exclude_post,3.1115182887006525
qwen35-9b,g24p2_029,g24p2_029_plus,plus,counterfactual_delete_post,99.35178404592675
qwen35-9b,g24p2_029,g24p2_029_minus,minus,admit_post,5.9912612369205185
qwen35-9b,g24p2_029,g24p2_029_minus,minus,exclude_post,6.5504798116129885
qwen35-9b,g24p2_029,g24p2_029_minus,minus,strong_exclude_post,1.5598029130175732
qwen35-9b,g24p2_029,g24p2_029_minus,minus,counterfactual_delete_post,0.7464823933314872
qwen35-9b,g24p2_033,g24p2_033_plus,plus,base,4.104185964806312
qwen35-9b,g24p2_033,g24p2_033_plus,plus,admit_post,97.98718217651644
qwen35-9b,g24p2_033,g24p2_033_plus,plus,exclude_post,44.08972710338158
qwen35-9b,g24p2_033,g24p2_033_plus,plus,strong_exclude_post,40.060895200235514
qwen35-9b,g24p2_033,g24p2_033_plus,plus,counterfactual_delete_post,96.97137081789384
qwen35-9b,g24p2_033,g24p2_033_minus,minus,admit_post,7.164250204677422
qwen35-9b,g24p2_033,g24p2_033_minus,minus,exclude_post,0.014562404599625954
qwen35-9b,g24p2_033,g24p2_033_minus,minus,strong_exclude_post,5.669000986922161
qwen35-9b,g24p2_033,g24p2_033_minus,minus,counterfactual_delete_post,13.427873542314678
qwen35-9b,g24p2_034,g24p2_034_plus,plus,base,1.2228625982749854
qwen35-9b,g24p2_034,g24p2_034_plus,plus,admit_post,96.24190652365311
qwen35-9b,g24p2_034,g24p2_034_plus,plus,exclude_post,11.09200474160659
qwen35-9b,g24p2_034,g24p2_034_plus,plus,strong_exclude_post,22.302469166450223
qwen35-9b,g24p2_034,g24p2_034_plus,plus,counterfactual_delete_post,98.05473411452236
qwen35-9b,g24p2_034,g24p2_034_minus,minus,admit_post,1.7396885703747493
qwen35-9b,g24p2_034,g24p2_034_minus,minus,exclude_post,3.107498211701628
qwen35-9b,g24p2_034,g24p2_034_minus,minus,strong_exclude_post,33.203740550503454
qwen35-9b,g24p2_034,g24p2_034_minus,minus,counterfactual_delete_post,93.43028793413491
qwen35-9b,g24p2_035,g24p2_035_plus,plus,base,3.3010789095779454
qwen35-9b,g24p2_035,g24p2_035_plus,plus,admit_post,99.32550151506818
qwen35-9b,g24p2_035,g24p2_035_plus,plus,exclude_post,95.43262668622268
qwen35-9b,g24p2_035,g24p2_035_plus,plus,strong_exclude_post,0.7770833521146618
qwen35-9b,g24p2_035,g24p2_035_plus,plus,counterfactual_delete_post,8.091572876225223
qwen35-9b,g24p2_035,g24p2_035_minus,minus,admit_post,98.7347667820461
qwen35-9b,g24p2_035,g24p2_035_minus,minus,exclude_post,95.405872279277
qwen35-9b,g24p2_035,g24p2_035_minus,minus,strong_exclude_post,97.73683012342788
qwen35-9b,g24p2_035,g24p2_035_minus,minus,counterfactual_delete_post,17.05409027364037
qwen35-9b,g24p2_036,g24p2_036_plus,plus,base,99.8378338690719
qwen35-9b,g24p2_036,g24p2_036_plus,plus,admit_post,99.37756349779983
qwen35-9b,g24p2_036,g24p2_036_plus,plus,exclude_post,97.91307821332106
qwen35-9b,g24p2_036,g24p2_036_plus,plus,strong_exclude_post,97.58799868847059
qwen35-9b,g24p2_036,g24p2_036_plus,plus,counterfactual_delete_post,99.15778383357036
qwen35-9b,g24p2_036,g24p2_036_minus,minus,admit_post,19.343108444274506
qwen35-9b,g24p2_036,g24p2_036_minus,minus,exclude_post,30.350872150583783
qwen35-9b,g24p2_036,g24p2_036_minus,minus,strong_exclude_post,96.96784551172101
qwen35-9b,g24p2_036,g24p2_036_minus,minus,counterfactual_delete_post,96.93148465727691
qwen35-9b,g24p2_037,g24p2_037_plus,plus,base,0.012448661762293598
qwen35-9b,g24p2_037,g24p2_037_plus,plus,admit_post,11.276888867277735
qwen35-9b,g24p2_037,g24p2_037_plus,plus,exclude_post,17.54077459642251
qwen35-9b,g24p2_037,g24p2_037_plus,plus,strong_exclude_post,5.329484713261155
qwen35-9b,g24p2_037,g24p2_037_plus,plus,counterfactual_delete_post,3.581167513741225
qwen35-9b,g24p2_037,g24p2_037_minus,minus,admit_post,99.00581344317823
qwen35-9b,g24p2_037,g24p2_037_minus,minus,exclude_post,2.4588366291223287
qwen35-9b,g24p2_037,g24p2_037_minus,minus,strong_exclude_post,15.026867314826283
qwen35-9b,g24p2_037,g24p2_037_minus,minus,counterfactual_delete_post,99.98866837611033
qwen35-9b,g24p2_038,g24p2_038_plus,plus,base,6.824805744632567
qwen35-9b,g24p2_038,g24p2_038_plus,plus,admit_post,99.84334348884737
qwen35-9b,g24p2_038,g24p2_038_plus,plus,exclude_post,32.78775261917975
qwen35-9b,g24p2_038,g24p2_038_plus,plus,strong_exclude_post,33.15081439017851
qwen35-9b,g24p2_038,g24p2_038_plus,plus,counterfactual_delete_post,99.52936945731955
qwen35-9b,g24p2_038,g24p2_038_minus,minus,admit_post,97.90603935134199
qwen35-9b,g24p2_038,g24p2_038_minus,minus,exclude_post,7.739375010736506
qwen35-9b,g24p2_038,g24p2_038_minus,minus,strong_exclude_post,8.903172080954517
qwen35-9b,g24p2_038,g24p2_038_minus,minus,counterfactual_delete_post,6.782981844077752
qwen35-9b,g24p2_039,g24p2_039_plus,plus,base,99.3206154196378
qwen35-9b,g24p2_039,g24p2_039_plus,plus,admit_post,99.67560355501713
qwen35-9b,g24p2_039,g24p2_039_plus,plus,exclude_post,37.63093205436853
qwen35-9b,g24p2_039,g24p2_039_plus,plus,strong_exclude_post,41.560571559800074
qwen35-9b,g24p2_039,g24p2_039_plus,plus,counterfactual_delete_post,96.73979726098506
qwen35-9b,g24p2_039,g24p2_039_minus,minus,admit_post,0.9028751338433517
qwen35-9b,g24p2_039,g24p2_039_minus,minus,exclude_post,32.24730122317703
qwen35-9b,g24p2_039,g24p2_039_minus,minus,strong_exclude_post,40.29427114001356
qwen35-9b,g24p2_039,g24p2_039_minus,minus,counterfactual_delete_post,0.3120428968713551
qwen35-9b,g24p2_040,g24p2_040_plus,plus,base,99.74211157000971
qwen35-9b,g24p2_040,g24p2_040_plus,plus,admit_post,99.24245389973822
qwen35-9b,g24p2_040,g24p2_040_plus,plus,exclude_post,99.37663102424281
qwen35-9b,g24p2_040,g24p2_040_plus,plus,strong_exclude_post,99.42590772958943
qwen35-9b,g24p2_040,g24p2_040_plus,plus,counterfactual_delete_post,99.62409185833685
qwen35-9b,g24p2_040,g24p2_040_minus,minus,admit_post,30.296297732959715
qwen35-9b,g24p2_040,g24p2_040_minus,minus,exclude_post,99.19844530462173
qwen35-9b,g24p2_040,g24p2_040_minus,minus,strong_exclude_post,14.301110062318283
qwen35-9b,g24p2_040,g24p2_040_minus,minus,counterfactual_delete_post,99.68139429622694
qwen35-9b,g24p2_041,g24p2_041_plus,plus,base,6.69474593890488
qwen35-9b,g24p2_041,g24p2_041_plus,plus,admit_post,97.54266173953995
qwen35-9b,g24p2_041,g24p2_041_plus,plus,exclude_post,97.35499936423865
qwen35-9b,g24p2_041,g24p2_041_plus,plus,strong_exclude_post,91.88375529056171
qwen35-9b,g24p2_041,g24p2_041_plus,plus,counterfactual_delete_post,83.09287197742978
qwen35-9b,g24p2_041,g24p2_041_minus,minus,admit_post,0.01430244530595836
qwen35-9b,g24p2_041,g24p2_041_minus,minus,exclude_post,0.011536308522961175
qwen35-9b,g24p2_041,g24p2_041_minus,minus,strong_exclude_post,44.5473952705573
qwen35-9b,g24p2_041,g24p2_041_minus,minus,counterfactual_delete_post,41.622409845493195
qwen35-9b,g24p2_043,g24p2_043_plus,plus,base,99.23135225971332
qwen35-9b,g24p2_043,g24p2_043_plus,plus,admit_post,98.37825026391205
qwen35-9b,g24p2_043,g24p2_043_plus,plus,exclude_post,42.894608191084075
qwen35-9b,g24p2_043,g24p2_043_plus,plus,strong_exclude_post,42.16660168203913
qwen35-9b,g24p2_043,g24p2_043_plus,plus,counterfactual_delete_post,98.96197885313101
qwen35-9b,g24p2_043,g24p2_043_minus,minus,admit_post,0.007792069393753108
qwen35-9b,g24p2_043,g24p2_043_minus,minus,exclude_post,44.579144675259194
qwen35-9b,g24p2_043,g24p2_043_minus,minus,strong_exclude_post,2.433399250931023
qwen35-9b,g24p2_043,g24p2_043_minus,minus,counterfactual_delete_post,99.18171810714637
qwen35-9b,g24p2_044,g24p2_044_plus,plus,base,2.7216673356779175
qwen35-9b,g24p2_044,g24p2_044_plus,plus,admit_post,98.69552756370304
qwen35-9b,g24p2_044,g24p2_044_plus,plus,exclude_post,32.96543990306662
qwen35-9b,g24p2_044,g24p2_044_plus,plus,strong_exclude_post,26.468066738221324
qwen35-9b,g24p2_044,g24p2_044_plus,plus,counterfactual_delete_post,98.90074429176283
qwen35-9b,g24p2_044,g24p2_044_minus,minus,admit_post,0.3720388234001881
qwen35-9b,g24p2_044,g24p2_044_minus,minus,exclude_post,0.745098659017956
qwen35-9b,g24p2_044,g24p2_044_minus,minus,strong_exclude_post,0.9425546432482881
qwen35-9b,g24p2_044,g24p2_044_minus,minus,counterfactual_delete_post,2.0164029126485388
qwen35-9b,g24p2_046,g24p2_046_plus,plus,base,0.026457598189890727
qwen35-9b,g24p2_046,g24p2_046_plus,plus,admit_post,99.19883112639012
qwen35-9b,g24p2_046,g24p2_046_plus,plus,exclude_post,0.010761666310992062
qwen35-9b,g24p2_046,g24p2_046_plus,plus,strong_exclude_post,7.684312071084747
qwen35-9b,g24p2_046,g24p2_046_plus,plus,counterfactual_delete_post,0.40054415709301383
qwen35-9b,g24p2_046,g24p2_046_minus,minus,admit_post,14.740109913939907
qwen35-9b,g24p2_046,g24p2_046_minus,minus,exclude_post,0.004432772106816489
qwen35-9b,g24p2_046,g24p2_046_minus,minus,strong_exclude_post,1.487357293115183
qwen35-9b,g24p2_046,g24p2_046_minus,minus,counterfactual_delete_post,1.30368936078117
qwen35-9b,g24p2_047,g24p2_047_plus,plus,base,99.79264223887861
qwen35-9b,g24p2_047,g24p2_047_plus,plus,admit_post,99.74580071629784
qwen35-9b,g24p2_047,g24p2_047_plus,plus,exclude_post,32.82922186306531
qwen35-9b,g24p2_047,g24p2_047_plus,plus,strong_exclude_post,99.0305391266125
qwen35-9b,g24p2_047,g24p2_047_plus,plus,counterfactual_delete_post,99.87002830070745
qwen35-9b,g24p2_047,g24p2_047_minus,minus,admit_post,0.013805499365095166
qwen35-9b,g24p2_047,g24p2_047_minus,minus,exclude_post,5.564871122850382
qwen35-9b,g24p2_047,g24p2_047_minus,minus,strong_exclude_post,92.88645764823599
qwen35-9b,g24p2_047,g24p2_047_minus,minus,counterfactual_delete_post,1.9579518349589948
qwen35-9b,g24p2_048,g24p2_048_plus,plus,base,3.294917497205374
qwen35-9b,g24p2_048,g24p2_048_plus,plus,admit_post,97.67955345039137
qwen35-9b,g24p2_048,g24p2_048_plus,plus,exclude_post,38.643044516272404
qwen35-9b,g24p2_048,g24p2_048_plus,plus,strong_exclude_post,41.3914501710583
qwen35-9b,g24p2_048,g24p2_048_plus,plus,counterfactual_delete_post,45.168743370808414
qwen35-9b,g24p2_048,g24p2_048_minus,minus,admit_post,0.2640178620671804
qwen35-9b,g24p2_048,g24p2_048_minus,minus,exclude_post,29.795974093674488
qwen35-9b,g24p2_048,g24p2_048_minus,minus,strong_exclude_post,36.72872700202979
qwen35-9b,g24p2_048,g24p2_048_minus,minus,counterfactual_delete_post,46.72446191478901
qwen35-9b,g24p2_049,g24p2_049_plus,plus,base,97.27179585050855
qwen35-9b,g24p2_049,g24p2_049_plus,plus,admit_post,98.17006836041882
qwen35-9b,g24p2_049,g24p2_049_plus,plus,exclude_post,12.594691869872392
qwen35-9b,g24p2_049,g24p2_049_plus,plus,strong_exclude_post,98.49331769982074
qwen35-9b,g24p2_049,g24p2_049_plus,plus,counterfactual_delete_post,99.1027674461242
qwen35-9b,g24p2_049,g24p2_049_minus,minus,admit_post,5.505530065144452
qwen35-9b,g24p2_049,g24p2_049_minus,minus,exclude_post,9.24862237936147
qwen35-9b,g24p2_049,g24p2_049_minus,minus,strong_exclude_post,5.091919744336472
qwen35-9b,g24p2_049,g24p2_049_minus,minus,counterfactual_delete_post,3.977249176442801
qwen35-9b,g24p2_051,g24p2_051_plus,plus,base,95.75254337162431
qwen35-9b,g24p2_051,g24p2_051_plus,plus,admit_post,97.01308686650313
qwen35-9b,g24p2_051,g24p2_051_plus,plus,exclude_post,5.828911121448657
qwen35-9b,g24p2_051,g24p2_051_plus,plus,strong_exclude_post,98.29363626142862
qwen35-9b,g24p2_051,g24p2_051_plus,plus,counterfactual_delete_post,99.14667507723414
qwen35-9b,g24p2_051,g24p2_051_minus,minus,admit_post,0.933914624336257
qwen35-9b,g24p2_051,g24p2_051_minus,minus,exclude_post,2.3201548623194554
qwen35-9b,g24p2_051,g24p2_051_minus,minus,strong_exclude_post,38.99394515528132
qwen35-9b,g24p2_051,g24p2_051_minus,minus,counterfactual_delete_post,96.95787430522516
qwen35-9b,g24p2_053,g24p2_053_plus,plus,base,32.81363338223624
qwen35-9b,g24p2_053,g24p2_053_plus,plus,admit_post,99.11176447940176
qwen35-9b,g24p2_053,g24p2_053_plus,plus,exclude_post,7.235548938701791
qwen35-9b,g24p2_053,g24p2_053_plus,plus,strong_exclude_post,40.569238323563845
qwen35-9b,g24p2_053,g24p2_053_plus,plus,counterfactual_delete_post,98.11486479386693
qwen35-9b,g24p2_053,g24p2_053_minus,minus,admit_post,15.135326213785175
qwen35-9b,g24p2_053,g24p2_053_minus,minus,exclude_post,5.198014935207983
qwen35-9b,g24p2_053,g24p2_053_minus,minus,strong_exclude_post,41.61970081732658
qwen35-9b,g24p2_053,g24p2_053_minus,minus,counterfactual_delete_post,25.63890849449105
qwen35-9b,g24p2_054,g24p2_054_plus,plus,base,2.7212871586709135
qwen35-9b,g24p2_054,g24p2_054_plus,plus,admit_post,99.38559141581108
qwen35-9b,g24p2_054,g24p2_054_plus,plus,exclude_post,1.9154174458080553
qwen35-9b,g24p2_054,g24p2_054_plus,plus,strong_exclude_post,96.4331504119819
qwen35-9b,g24p2_054,g24p2_054_plus,plus,counterfactual_delete_post,48.356454067740245
qwen35-9b,g24p2_054,g24p2_054_minus,minus,admit_post,99.37269367823797
qwen35-9b,g24p2_054,g24p2_054_minus,minus,exclude_post,1.6237503172690892
qwen35-9b,g24p2_054,g24p2_054_minus,minus,strong_exclude_post,26.20560320756992
qwen35-9b,g24p2_054,g24p2_054_minus,minus,counterfactual_delete_post,47.01323321221236
qwen35-9b,g24p2_055,g24p2_055_plus,plus,base,1.3401421021454052
qwen35-9b,g24p2_055,g24p2_055_plus,plus,admit_post,98.3808969122912
qwen35-9b,g24p2_055,g24p2_055_plus,plus,exclude_post,25.61160451611079
qwen35-9b,g24p2_055,g24p2_055_plus,plus,strong_exclude_post,37.1979657987337
qwen35-9b,g24p2_055,g24p2_055_plus,plus,counterfactual_delete_post,99.39115375719724
qwen35-9b,g24p2_055,g24p2_055_minus,minus,admit_post,0.006314662884581348
qwen35-9b,g24p2_055,g24p2_055_minus,minus,exclude_post,31.747388230514023
qwen35-9b,g24p2_055,g24p2_055_minus,minus,strong_exclude_post,39.46509842014031
qwen35-9b,g24p2_055,g24p2_055_minus,minus,counterfactual_delete_post,44.02337559363517
qwen35-9b,g24p2_057,g24p2_057_plus,plus,base,0.19524690073528608
qwen35-9b,g24p2_057,g24p2_057_plus,plus,admit_post,99.21171765756631
qwen35-9b,g24p2_057,g24p2_057_plus,plus,exclude_post,4.709126768155374
qwen35-9b,g24p2_057,g24p2_057_plus,plus,strong_exclude_post,98.6542333862419
qwen35-9b,g24p2_057,g24p2_057_plus,plus,counterfactual_delete_post,36.36337253943138
qwen35-9b,g24p2_057,g24p2_057_minus,minus,admit_post,0.002727321005159786
qwen35-9b,g24p2_057,g24p2_057_minus,minus,exclude_post,4.341877164774124
qwen35-9b,g24p2_057,g24p2_057_minus,minus,strong_exclude_post,11.877670903204422
qwen35-9b,g24p2_057,g24p2_057_minus,minus,counterfactual_delete_post,15.316061664733057
qwen35-9b,g24p2_058,g24p2_058_plus,plus,base,9.124114136661674
qwen35-9b,g24p2_058,g24p2_058_plus,plus,admit_post,99.10978420760976
qwen35-9b,g24p2_058,g24p2_058_plus,plus,exclude_post,3.9289587063047793
qwen35-9b,g24p2_058,g24p2_058_plus,plus,strong_exclude_post,24.574210155647616
qwen35-9b,g24p2_058,g24p2_058_plus,plus,counterfactual_delete_post,45.41440229135553
qwen35-9b,g24p2_058,g24p2_058_minus,minus,admit_post,0.006872782497347691
qwen35-9b,g24p2_058,g24p2_058_minus,minus,exclude_post,2.615315445273542
qwen35-9b,g24p2_058,g24p2_058_minus,minus,strong_exclude_post,19.822379913036723
qwen35-9b,g24p2_058,g24p2_058_minus,minus,counterfactual_delete_post,35.92897013117411
qwen35-9b,g24p2_059,g24p2_059_plus,plus,base,20.618605751621274
qwen35-9b,g24p2_059,g24p2_059_plus,plus,admit_post,98.26190887133497
qwen35-9b,g24p2_059,g24p2_059_plus,plus,exclude_post,35.02399490786556
qwen35-9b,g24p2_059,g24p2_059_plus,plus,strong_exclude_post,92.33855091903591
qwen35-9b,g24p2_059,g24p2_059_plus,plus,counterfactual_delete_post,98.34308239747068
qwen35-9b,g24p2_059,g24p2_059_minus,minus,admit_post,0.024170519763027417
qwen35-9b,g24p2_059,g24p2_059_minus,minus,exclude_post,26.440550386894568
qwen35-9b,g24p2_059,g24p2_059_minus,minus,strong_exclude_post,35.49455722280085
qwen35-9b,g24p2_059,g24p2_059_minus,minus,counterfactual_delete_post,11.844624384507524
qwen35-9b,g24p2_060,g24p2_060_plus,plus,base,98.00960599273425
qwen35-9b,g24p2_060,g24p2_060_plus,plus,admit_post,99.39837120499263
qwen35-9b,g24p2_060,g24p2_060_plus,plus,exclude_post,28.29523080032957
qwen35-9b,g24p2_060,g24p2_060_plus,plus,strong_exclude_post,95.9390070360341
qwen35-9b,g24p2_060,g24p2_060_plus,plus,counterfactual_delete_post,97.3731073161128
qwen35-9b,g24p2_060,g24p2_060_minus,minus,admit_post,70.80337823915438
qwen35-9b,g24p2_060,g24p2_060_minus,minus,exclude_post,29.492832784658745
qwen35-9b,g24p2_060,g24p2_060_minus,minus,strong_exclude_post,23.18570705558351
qwen35-9b,g24p2_060,g24p2_060_minus,minus,counterfactual_delete_post,16.683405513644573
qwen35-9b,g24p2_062,g24p2_062_plus,plus,base,99.82228226035838
qwen35-9b,g24p2_062,g24p2_062_plus,plus,admit_post,98.71891698294986
qwen35-9b,g24p2_062,g24p2_062_plus,plus,exclude_post,95.04044434516652
qwen35-9b,g24p2_062,g24p2_062_plus,plus,strong_exclude_post,99.54124434063993
qwen35-9b,g24p2_062,g24p2_062_plus,plus,counterfactual_delete_post,99.11787609632904
qwen35-9b,g24p2_062,g24p2_062_minus,minus,admit_post,0.012839951655068259
qwen35-9b,g24p2_062,g24p2_062_minus,minus,exclude_post,99.19129654119449
qwen35-9b,g24p2_062,g24p2_062_minus,minus,strong_exclude_post,99.34157670931354
qwen35-9b,g24p2_062,g24p2_062_minus,minus,counterfactual_delete_post,99.50993404871177
qwen35-9b,g24p2_064,g24p2_064_plus,plus,base,8.424542286474782
qwen35-9b,g24p2_064,g24p2_064_plus,plus,admit_post,98.44304274117266
qwen35-9b,g24p2_064,g24p2_064_plus,plus,exclude_post,0.8767470166606911
qwen35-9b,g24p2_064,g24p2_064_plus,plus,strong_exclude_post,98.11747463647254
qwen35-9b,g24p2_064,g24p2_064_plus,plus,counterfactual_delete_post,96.69591410114737
qwen35-9b,g24p2_064,g24p2_064_minus,minus,admit_post,20.318294761978226
qwen35-9b,g24p2_064,g24p2_064_minus,minus,exclude_post,6.621293391937116
qwen35-9b,g24p2_064,g24p2_064_minus,minus,strong_exclude_post,12.50178301893208
qwen35-9b,g24p2_064,g24p2_064_minus,minus,counterfactual_delete_post,14.836104689271448
qwen35-9b,g24p2_065,g24p2_065_plus,plus,base,98.96020954081558
qwen35-9b,g24p2_065,g24p2_065_plus,plus,admit_post,99.47273736893837
qwen35-9b,g24p2_065,g24p2_065_plus,plus,exclude_post,5.090517854735915
qwen35-9b,g24p2_065,g24p2_065_plus,plus,strong_exclude_post,35.61806650185041
qwen35-9b,g24p2_065,g24p2_065_plus,plus,counterfactual_delete_post,98.52721734570575
qwen35-9b,g24p2_065,g24p2_065_minus,minus,admit_post,18.42245627109957
qwen35-9b,g24p2_065,g24p2_065_minus,minus,exclude_post,90.23926190951106
qwen35-9b,g24p2_065,g24p2_065_minus,minus,strong_exclude_post,3.8324458649065556
qwen35-9b,g24p2_065,g24p2_065_minus,minus,counterfactual_delete_post,96.3672682487757
qwen35-9b,g24p2_066,g24p2_066_plus,plus,base,15.38709737930592
qwen35-9b,g24p2_066,g24p2_066_plus,plus,admit_post,98.12442312478322
qwen35-9b,g24p2_066,g24p2_066_plus,plus,exclude_post,97.010026836357
qwen35-9b,g24p2_066,g24p2_066_plus,plus,strong_exclude_post,96.18266489051481
qwen35-9b,g24p2_066,g24p2_066_plus,plus,counterfactual_delete_post,97.76933208519735
qwen35-9b,g24p2_066,g24p2_066_minus,minus,admit_post,31.50825016160614
qwen35-9b,g24p2_066,g24p2_066_minus,minus,exclude_post,2.580186649953019
qwen35-9b,g24p2_066,g24p2_066_minus,minus,strong_exclude_post,25.83150795872065
qwen35-9b,g24p2_066,g24p2_066_minus,minus,counterfactual_delete_post,3.6480617735488874
qwen35-9b,g24p2_067,g24p2_067_plus,plus,base,1.1617961381868993
qwen35-9b,g24p2_067,g24p2_067_plus,plus,admit_post,99.82026689877604
qwen35-9b,g24p2_067,g24p2_067_plus,plus,exclude_post,98.9328639915583
qwen35-9b,g24p2_067,g24p2_067_plus,plus,strong_exclude_post,46.13416799707048
qwen35-9b,g24p2_067,g24p2_067_plus,plus,counterfactual_delete_post,4.1038531537190615
qwen35-9b,g24p2_067,g24p2_067_minus,minus,admit_post,1.2429293508962367
qwen35-9b,g24p2_067,g24p2_067_minus,minus,exclude_post,4.317256506798923
qwen35-9b,g24p2_067,g24p2_067_minus,minus,strong_exclude_post,1.26933788098945
qwen35-9b,g24p2_067,g24p2_067_minus,minus,counterfactual_delete_post,2.970838731906865
qwen35-9b,g24p2_068,g24p2_068_plus,plus,base,0.22757454346825096
qwen35-9b,g24p2_068,g24p2_068_plus,plus,admit_post,98.51628952087448
qwen35-9b,g24p2_068,g24p2_068_plus,plus,exclude_post,1.0028742854266648
qwen35-9b,g24p2_068,g24p2_068_plus,plus,strong_exclude_post,0.625228736113284
qwen35-9b,g24p2_068,g24p2_068_plus,plus,counterfactual_delete_post,0.378121977386203
qwen35-9b,g24p2_068,g24p2_068_minus,minus,admit_post,0.2026669728304156
qwen35-9b,g24p2_068,g24p2_068_minus,minus,exclude_post,0.005827526795288594
qwen35-9b,g24p2_068,g24p2_068_minus,minus,strong_exclude_post,4.451550244932927
qwen35-9b,g24p2_068,g24p2_068_minus,minus,counterfactual_delete_post,0.8701605510872686
qwen35-9b,g24p2_069,g24p2_069_plus,plus,base,7.944696001401411
qwen35-9b,g24p2_069,g24p2_069_plus,plus,admit_post,99.86014160142865
qwen35-9b,g24p2_069,g24p2_069_plus,plus,exclude_post,35.61047959779838
qwen35-9b,g24p2_069,g24p2_069_plus,plus,strong_exclude_post,43.1154695053793
qwen35-9b,g24p2_069,g24p2_069_plus,plus,counterfactual_delete_post,99.4775133176127
qwen35-9b,g24p2_069,g24p2_069_minus,minus,admit_post,3.0857411485463726
qwen35-9b,g24p2_069,g24p2_069_minus,minus,exclude_post,15.761759239572443
qwen35-9b,g24p2_069,g24p2_069_minus,minus,strong_exclude_post,38.243186354055055
qwen35-9b,g24p2_069,g24p2_069_minus,minus,counterfactual_delete_post,4.154007565787769
qwen35-9b,g24p2_070,g24p2_070_plus,plus,base,99.90940350525555
qwen35-9b,g24p2_070,g24p2_070_plus,plus,admit_post,99.67010210247355
qwen35-9b,g24p2_070,g24p2_070_plus,plus,exclude_post,99.32697895256379
qwen35-9b,g24p2_070,g24p2_070_plus,plus,strong_exclude_post,27.519672652764413
qwen35-9b,g24p2_070,g24p2_070_plus,plus,counterfactual_delete_post,99.31343396398005
qwen35-9b,g24p2_070,g24p2_070_minus,minus,admit_post,90.75564132803468
qwen35-9b,g24p2_070,g24p2_070_minus,minus,exclude_post,97.78741336610051
qwen35-9b,g24p2_070,g24p2_070_minus,minus,strong_exclude_post,98.91050324530373
qwen35-9b,g24p2_070,g24p2_070_minus,minus,counterfactual_delete_post,12.934707873581639
qwen35-9b,g24p2_071,g24p2_071_plus,plus,base,78.14577282449198
qwen35-9b,g24p2_071,g24p2_071_plus,plus,admit_post,98.56903068578015
qwen35-9b,g24p2_071,g24p2_071_plus,plus,exclude_post,29.436531365612154
qwen35-9b,g24p2_071,g24p2_071_plus,plus,strong_exclude_post,93.73100236914486
qwen35-9b,g24p2_071,g24p2_071_plus,plus,counterfactual_delete_post,44.97797048097937
qwen35-9b,g24p2_071,g24p2_071_minus,minus,admit_post,87.82296615892356
qwen35-9b,g24p2_071,g24p2_071_minus,minus,exclude_post,13.560443680015137
qwen35-9b,g24p2_071,g24p2_071_minus,minus,strong_exclude_post,38.73358121414594
qwen35-9b,g24p2_071,g24p2_071_minus,minus,counterfactual_delete_post,23.43363133566788
qwen35-9b,g24p2_072,g24p2_072_plus,plus,base,5.757565458949101
qwen35-9b,g24p2_072,g24p2_072_plus,plus,admit_post,99.31440045128876
qwen35-9b,g24p2_072,g24p2_072_plus,plus,exclude_post,3.4607243094250695
qwen35-9b,g24p2_072,g24p2_072_plus,plus,strong_exclude_post,43.67361037396953
qwen35-9b,g24p2_072,g24p2_072_plus,plus,counterfactual_delete_post,99.22652033060233
qwen35-9b,g24p2_072,g24p2_072_minus,minus,admit_post,11.4095030934594
qwen35-9b,g24p2_072,g24p2_072_minus,minus,exclude_post,0.006588734403336147
qwen35-9b,g24p2_072,g24p2_072_minus,minus,strong_exclude_post,10.512118382459239
qwen35-9b,g24p2_072,g24p2_072_minus,minus,counterfactual_delete_post,7.747415771202578
qwen35-9b,g24p2_073,g24p2_073_plus,plus,base,0.04592550280423359
qwen35-9b,g24p2_073,g24p2_073_plus,plus,admit_post,0.2742522960536879
qwen35-9b,g24p2_073,g24p2_073_plus,plus,exclude_post,0.5433927013193807
qwen35-9b,g24p2_073,g24p2_073_plus,plus,strong_exclude_post,0.2987181062420363
qwen35-9b,g24p2_073,g24p2_073_plus,plus,counterfactual_delete_post,0.13715270576552546
qwen35-9b,g24p2_073,g24p2_073_minus,minus,admit_post,0.22127041374124856
qwen35-9b,g24p2_073,g24p2_073_minus,minus,exclude_post,0.0028233873248039616
qwen35-9b,g24p2_073,g24p2_073_minus,minus,strong_exclude_post,0.26378562839030134
qwen35-9b,g24p2_073,g24p2_073_minus,minus,counterfactual_delete_post,0.18705153260676843
qwen35-9b,g24p2_074,g24p2_074_plus,plus,base,11.210133240449018
qwen35-9b,g24p2_074,g24p2_074_plus,plus,admit_post,98.98608067678707
qwen35-9b,g24p2_074,g24p2_074_plus,plus,exclude_post,98.1819534108471
qwen35-9b,g24p2_074,g24p2_074_plus,plus,strong_exclude_post,97.21389301938856
qwen35-9b,g24p2_074,g24p2_074_plus,plus,counterfactual_delete_post,25.029115984972965
qwen35-9b,g24p2_074,g24p2_074_minus,minus,admit_post,8.383383523734663
qwen35-9b,g24p2_074,g24p2_074_minus,minus,exclude_post,0.009210301174781483
qwen35-9b,g24p2_074,g24p2_074_minus,minus,strong_exclude_post,15.128842372117115
qwen35-9b,g24p2_074,g24p2_074_minus,minus,counterfactual_delete_post,51.09943990594554
qwen35-9b,g24p2_075,g24p2_075_plus,plus,base,99.49722012797953
qwen35-9b,g24p2_075,g24p2_075_plus,plus,admit_post,98.56491626771594
qwen35-9b,g24p2_075,g24p2_075_plus,plus,exclude_post,29.974860528071115
qwen35-9b,g24p2_075,g24p2_075_plus,plus,strong_exclude_post,98.85675803353696
qwen35-9b,g24p2_075,g24p2_075_plus,plus,counterfactual_delete_post,98.4994000098255
qwen35-9b,g24p2_075,g24p2_075_minus,minus,admit_post,3.430893266737681
qwen35-9b,g24p2_075,g24p2_075_minus,minus,exclude_post,21.259573184945598
qwen35-9b,g24p2_075,g24p2_075_minus,minus,strong_exclude_post,11.394914953379478
qwen35-9b,g24p2_075,g24p2_075_minus,minus,counterfactual_delete_post,19.867565142158607
qwen35-9b,g24p2_076,g24p2_076_plus,plus,base,95.29804564758528
qwen35-9b,g24p2_076,g24p2_076_plus,plus,admit_post,98.72735653224798
qwen35-9b,g24p2_076,g24p2_076_plus,plus,exclude_post,42.90210200353574
qwen35-9b,g24p2_076,g24p2_076_plus,plus,strong_exclude_post,34.98283645512676
qwen35-9b,g24p2_076,g24p2_076_plus,plus,counterfactual_delete_post,98.01969659654657
qwen35-9b,g24p2_076,g24p2_076_minus,minus,admit_post,30.523034224223277
qwen35-9b,g24p2_076,g24p2_076_minus,minus,exclude_post,28.58753609957277
qwen35-9b,g24p2_076,g24p2_076_minus,minus,strong_exclude_post,40.96513351608636
qwen35-9b,g24p2_076,g24p2_076_minus,minus,counterfactual_delete_post,68.34075761881986
qwen35-9b,g24p2_077,g24p2_077_plus,plus,base,8.340494858982062
qwen35-9b,g24p2_077,g24p2_077_plus,plus,admit_post,97.04093169312021
qwen35-9b,g24p2_077,g24p2_077_plus,plus,exclude_post,84.89070509566112
qwen35-9b,g24p2_077,g24p2_077_plus,plus,strong_exclude_post,36.6086420211035
qwen35-9b,g24p2_077,g24p2_077_plus,plus,counterfactual_delete_post,31.090362659787072
qwen35-9b,g24p2_077,g24p2_077_minus,minus,admit_post,2.064847992265512
qwen35-9b,g24p2_077,g24p2_077_minus,minus,exclude_post,16.710967801941162
qwen35-9b,g24p2_077,g24p2_077_minus,minus,strong_exclude_post,3.965798649352261
qwen35-9b,g24p2_077,g24p2_077_minus,minus,counterfactual_delete_post,55.53874350512892
qwen35-9b,g24p2_079,g24p2_079_plus,plus,base,27.069487155300703
qwen35-9b,g24p2_079,g24p2_079_plus,plus,admit_post,97.37421806946642
qwen35-9b,g24p2_079,g24p2_079_plus,plus,exclude_post,87.32656624881061
qwen35-9b,g24p2_079,g24p2_079_plus,plus,strong_exclude_post,31.896431019988015
qwen35-9b,g24p2_079,g24p2_079_plus,plus,counterfactual_delete_post,98.74782737506843
qwen35-9b,g24p2_079,g24p2_079_minus,minus,admit_post,87.79316570824093
qwen35-9b,g24p2_079,g24p2_079_minus,minus,exclude_post,34.54122595595148
qwen35-9b,g24p2_079,g24p2_079_minus,minus,strong_exclude_post,39.610763818556215
qwen35-9b,g24p2_079,g24p2_079_minus,minus,counterfactual_delete_post,5.472299647577781
qwen35-9b,g24p2_081,g24p2_081_plus,plus,base,19.205686235751706
qwen35-9b,g24p2_081,g24p2_081_plus,plus,admit_post,99.15132634763835
qwen35-9b,g24p2_081,g24p2_081_plus,plus,exclude_post,35.09545552441885
qwen35-9b,g24p2_081,g24p2_081_plus,plus,strong_exclude_post,2.9465993230179865
qwen35-9b,g24p2_081,g24p2_081_plus,plus,counterfactual_delete_post,3.2967912736950473
qwen35-9b,g24p2_081,g24p2_081_minus,minus,admit_post,1.6682822901639527
qwen35-9b,g24p2_081,g24p2_081_minus,minus,exclude_post,4.573758157483571
qwen35-9b,g24p2_081,g24p2_081_minus,minus,strong_exclude_post,30.598518845056578
qwen35-9b,g24p2_081,g24p2_081_minus,minus,counterfactual_delete_post,3.127224059366999
qwen35-9b,g24p2_082,g24p2_082_plus,plus,base,0.5513658768342801
qwen35-9b,g24p2_082,g24p2_082_plus,plus,admit_post,99.21324978157242
qwen35-9b,g24p2_082,g24p2_082_plus,plus,exclude_post,97.29980119623221
qwen35-9b,g24p2_082,g24p2_082_plus,plus,strong_exclude_post,97.35479497287284
qwen35-9b,g24p2_082,g24p2_082_plus,plus,counterfactual_delete_post,97.606394049068
qwen35-9b,g24p2_082,g24p2_082_minus,minus,admit_post,59.326093308902124
qwen35-9b,g24p2_082,g24p2_082_minus,minus,exclude_post,3.792624416322397
qwen35-9b,g24p2_082,g24p2_082_minus,minus,strong_exclude_post,4.22910904409385
qwen35-9b,g24p2_082,g24p2_082_minus,minus,counterfactual_delete_post,3.1816227530215913
qwen35-9b,g24p2_083,g24p2_083_plus,plus,base,0.6736694973204731
qwen35-9b,g24p2_083,g24p2_083_plus,plus,admit_post,96.64981628747404
qwen35-9b,g24p2_083,g24p2_083_plus,plus,exclude_post,97.1776861090348
qwen35-9b,g24p2_083,g24p2_083_plus,plus,strong_exclude_post,96.85257753742393
qwen35-9b,g24p2_083,g24p2_083_plus,plus,counterfactual_delete_post,33.38944007040928
qwen35-9b,g24p2_083,g24p2_083_minus,minus,admit_post,96.35320472470124
qwen35-9b,g24p2_083,g24p2_083_minus,minus,exclude_post,91.08373321213097
qwen35-9b,g24p2_083,g24p2_083_minus,minus,strong_exclude_post,14.980381320549789
qwen35-9b,g24p2_083,g24p2_083_minus,minus,counterfactual_delete_post,35.0603649531966
qwen35-9b,g24p2_084,g24p2_084_plus,plus,base,21.118419536314995
qwen35-9b,g24p2_084,g24p2_084_plus,plus,admit_post,98.55976896938579
qwen35-9b,g24p2_084,g24p2_084_plus,plus,exclude_post,98.32205805434157
qwen35-9b,g24p2_084,g24p2_084_plus,plus,strong_exclude_post,97.08970526639064
qwen35-9b,g24p2_084,g24p2_084_plus,plus,counterfactual_delete_post,98.67511093196335
qwen35-9b,g24p2_084,g24p2_084_minus,minus,admit_post,45.595313685434554
qwen35-9b,g24p2_084,g24p2_084_minus,minus,exclude_post,5.112547668272747
qwen35-9b,g24p2_084,g24p2_084_minus,minus,strong_exclude_post,98.68831181812213
qwen35-9b,g24p2_084,g24p2_084_minus,minus,counterfactual_delete_post,9.248721177730406
qwen35-9b,g24p2_085,g24p2_085_plus,plus,base,2.7324671585048903
qwen35-9b,g24p2_085,g24p2_085_plus,plus,admit_post,98.85229610396954
qwen35-9b,g24p2_085,g24p2_085_plus,plus,exclude_post,3.745914251943891
qwen35-9b,g24p2_085,g24p2_085_plus,plus,strong_exclude_post,49.42288573420863
qwen35-9b,g24p2_085,g24p2_085_plus,plus,counterfactual_delete_post,99.9148304388744
qwen35-9b,g24p2_085,g24p2_085_minus,minus,admit_post,35.217465236232954
qwen35-9b,g24p2_085,g24p2_085_minus,minus,exclude_post,17.99311566243126
qwen35-9b,g24p2_085,g24p2_085_minus,minus,strong_exclude_post,35.468829948322906
qwen35-9b,g24p2_085,g24p2_085_minus,minus,counterfactual_delete_post,18.355211035197836
qwen35-9b,g24p2_087,g24p2_087_plus,plus,base,4.649718448593264
qwen35-9b,g24p2_087,g24p2_087_plus,plus,admit_post,98.69788464942481
qwen35-9b,g24p2_087,g24p2_087_plus,plus,exclude_post,15.53210086376337
qwen35-9b,g24p2_087,g24p2_087_plus,plus,strong_exclude_post,65.65561956185712
qwen35-9b,g24p2_087,g24p2_087_plus,plus,counterfactual_delete_post,95.39454423862361
qwen35-9b,g24p2_087,g24p2_087_minus,minus,admit_post,0.03220139403682016
qwen35-9b,g24p2_087,g24p2_087_minus,minus,exclude_post,0.033800633916496216
qwen35-9b,g24p2_087,g24p2_087_minus,minus,strong_exclude_post,4.966707942718844
qwen35-9b,g24p2_087,g24p2_087_minus,minus,counterfactual_delete_post,85.99070840480195
qwen35-9b,g24p2_088,g24p2_088_plus,plus,base,0.18885395347875514
qwen35-9b,g24p2_088,g24p2_088_plus,plus,admit_post,97.61977032364275
qwen35-9b,g24p2_088,g24p2_088_plus,plus,exclude_post,33.42182078530428
qwen35-9b,g24p2_088,g24p2_088_plus,plus,strong_exclude_post,18.998140988834837
qwen35-9b,g24p2_088,g24p2_088_plus,plus,counterfactual_delete_post,98.0584168479248
qwen35-9b,g24p2_088,g24p2_088_minus,minus,admit_post,7.9470999127195325
qwen35-9b,g24p2_088,g24p2_088_minus,minus,exclude_post,37.402564868462804
qwen35-9b,g24p2_088,g24p2_088_minus,minus,strong_exclude_post,17.29888508246631
qwen35-9b,g24p2_088,g24p2_088_minus,minus,counterfactual_delete_post,38.925045685806225
qwen35-9b,g24p2_089,g24p2_089_plus,plus,base,3.345637712458171
qwen35-9b,g24p2_089,g24p2_089_plus,plus,admit_post,98.63255551134296
qwen35-9b,g24p2_089,g24p2_089_plus,plus,exclude_post,98.0797450271286
qwen35-9b,g24p2_089,g24p2_089_plus,plus,strong_exclude_post,98.48250237960931
qwen35-9b,g24p2_089,g24p2_089_plus,plus,counterfactual_delete_post,10.381355972484057
qwen35-9b,g24p2_089,g24p2_089_minus,minus,admit_post,97.11539071196692
qwen35-9b,g24p2_089,g24p2_089_minus,minus,exclude_post,25.33279957960854
qwen35-9b,g24p2_089,g24p2_089_minus,minus,strong_exclude_post,20.48407129987691
qwen35-9b,g24p2_089,g24p2_089_minus,minus,counterfactual_delete_post,6.95520592628765
qwen35-9b,g24p2_091,g24p2_091_plus,plus,base,4.673578770846578
qwen35-9b,g24p2_091,g24p2_091_plus,plus,admit_post,99.5225803593953
qwen35-9b,g24p2_091,g24p2_091_plus,plus,exclude_post,5.82490946735877
qwen35-9b,g24p2_091,g24p2_091_plus,plus,strong_exclude_post,0.7008039216831808
qwen35-9b,g24p2_091,g24p2_091_plus,plus,counterfactual_delete_post,13.741460567753258
qwen35-9b,g24p2_091,g24p2_091_minus,minus,admit_post,12.586304603200157
qwen35-9b,g24p2_091,g24p2_091_minus,minus,exclude_post,29.88898658937024
qwen35-9b,g24p2_091,g24p2_091_minus,minus,strong_exclude_post,3.819207894221136
qwen35-9b,g24p2_091,g24p2_091_minus,minus,counterfactual_delete_post,30.583443373255086
qwen35-9b,g24p2_092,g24p2_092_plus,plus,base,15.766406042771482
qwen35-9b,g24p2_092,g24p2_092_plus,plus,admit_post,99.19068259243501
qwen35-9b,g24p2_092,g24p2_092_plus,plus,exclude_post,97.53370819183392
qwen35-9b,g24p2_092,g24p2_092_plus,plus,strong_exclude_post,27.13648915169882
qwen35-9b,g24p2_092,g24p2_092_plus,plus,counterfactual_delete_post,21.799172340387944
qwen35-9b,g24p2_092,g24p2_092_minus,minus,admit_post,6.678739306596598
qwen35-9b,g24p2_092,g24p2_092_minus,minus,exclude_post,5.232972494375973
qwen35-9b,g24p2_092,g24p2_092_minus,minus,strong_exclude_post,8.820848890200283
qwen35-9b,g24p2_092,g24p2_092_minus,minus,counterfactual_delete_post,89.58517406635954
qwen35-9b,g24p2_093,g24p2_093_plus,plus,base,22.954351814252156
qwen35-9b,g24p2_093,g24p2_093_plus,plus,admit_post,97.7733157631517
qwen35-9b,g24p2_093,g24p2_093_plus,plus,exclude_post,97.76255712336933
qwen35-9b,g24p2_093,g24p2_093_plus,plus,strong_exclude_post,97.8573768751171
qwen35-9b,g24p2_093,g24p2_093_plus,plus,counterfactual_delete_post,96.4381375168547
qwen35-9b,g24p2_093,g24p2_093_minus,minus,admit_post,5.170620665236002
qwen35-9b,g24p2_093,g24p2_093_minus,minus,exclude_post,14.520645506888204
qwen35-9b,g24p2_093,g24p2_093_minus,minus,strong_exclude_post,26.450826888547542
qwen35-9b,g24p2_093,g24p2_093_minus,minus,counterfactual_delete_post,12.915244433958712
qwen35-9b,g24p2_094,g24p2_094_plus,plus,base,99.21431363195532
qwen35-9b,g24p2_094,g24p2_094_plus,plus,admit_post,99.6317967950227
qwen35-9b,g24p2_094,g24p2_094_plus,plus,exclude_post,29.01960396405209
qwen35-9b,g24p2_094,g24p2_094_plus,plus,strong_exclude_post,98.48707511070467
qwen35-9b,g24p2_094,g24p2_094_plus,plus,counterfactual_delete_post,99.91322191996338
qwen35-9b,g24p2_094,g24p2_094_minus,minus,admit_post,98.00230863417718
qwen35-9b,g24p2_094,g24p2_094_minus,minus,exclude_post,98.16004092228347
qwen35-9b,g24p2_094,g24p2_094_minus,minus,strong_exclude_post,97.53936010859891
qwen35-9b,g24p2_094,g24p2_094_minus,minus,counterfactual_delete_post,98.88811320954454
qwen35-9b,g24p2_096,g24p2_096_plus,plus,base,21.096912142483173
qwen35-9b,g24p2_096,g24p2_096_plus,plus,admit_post,98.66669858398588
qwen35-9b,g24p2_096,g24p2_096_plus,plus,exclude_post,10.260893025942224
qwen35-9b,g24p2_096,g24p2_096_plus,plus,strong_exclude_post,32.333745271298575
qwen35-9b,g24p2_096,g24p2_096_plus,plus,counterfactual_delete_post,3.161496618815791
qwen35-9b,g24p2_096,g24p2_096_minus,minus,admit_post,13.531372049170116
qwen35-9b,g24p2_096,g24p2_096_minus,minus,exclude_post,13.770273958654403
qwen35-9b,g24p2_096,g24p2_096_minus,minus,strong_exclude_post,7.706523210259001
qwen35-9b,g24p2_096,g24p2_096_minus,minus,counterfactual_delete_post,13.877500322495646
qwen35-9b,g24p2_098,g24p2_098_plus,plus,base,97.93179844781315
qwen35-9b,g24p2_098,g24p2_098_plus,plus,admit_post,98.56172105840679
qwen35-9b,g24p2_098,g24p2_098_plus,plus,exclude_post,27.23471289616945
qwen35-9b,g24p2_098,g24p2_098_plus,plus,strong_exclude_post,39.50301688155087
qwen35-9b,g24p2_098,g24p2_098_plus,plus,counterfactual_delete_post,89.06749383046207
qwen35-9b,g24p2_098,g24p2_098_minus,minus,admit_post,1.3787239700825742
qwen35-9b,g24p2_098,g24p2_098_minus,minus,exclude_post,3.0555096884449267
qwen35-9b,g24p2_098,g24p2_098_minus,minus,strong_exclude_post,35.98102307466327
qwen35-9b,g24p2_098,g24p2_098_minus,minus,counterfactual_delete_post,1.2359529820880544
qwen35-9b,g24p2_099,g24p2_099_plus,plus,base,0.001531913497629432
qwen35-9b,g24p2_099,g24p2_099_plus,plus,admit_post,4.124170099597894
qwen35-9b,g24p2_099,g24p2_099_plus,plus,exclude_post,2.678895905773335
qwen35-9b,g24p2_099,g24p2_099_plus,plus,strong_exclude_post,0.20517747321053945
qwen35-9b,g24p2_099,g24p2_099_plus,plus,counterfactual_delete_post,0.5237680034326538
qwen35-9b,g24p2_099,g24p2_099_minus,minus,admit_post,0.001999007765894433
qwen35-9b,g24p2_099,g24p2_099_minus,minus,exclude_post,2.6266131500193817
qwen35-9b,g24p2_099,g24p2_099_minus,minus,strong_exclude_post,0.006280482136236252
qwen35-9b,g24p2_099,g24p2_099_minus,minus,counterfactual_delete_post,0.26818795581313665
qwen35-9b,g24p2_101,g24p2_101_plus,plus,base,99.0519257558264
qwen35-9b,g24p2_101,g24p2_101_plus,plus,admit_post,98.71734723019223
qwen35-9b,g24p2_101,g24p2_101_plus,plus,exclude_post,29.358717787583902
qwen35-9b,g24p2_101,g24p2_101_plus,plus,strong_exclude_post,40.77281653059239
qwen35-9b,g24p2_101,g24p2_101_plus,plus,counterfactual_delete_post,99.95137774127467
qwen35-9b,g24p2_101,g24p2_101_minus,minus,admit_post,0.28841553654478863
qwen35-9b,g24p2_101,g24p2_101_minus,minus,exclude_post,5.224935119177218
qwen35-9b,g24p2_101,g24p2_101_minus,minus,strong_exclude_post,39.7164693461049
qwen35-9b,g24p2_101,g24p2_101_minus,minus,counterfactual_delete_post,17.473256449268554
qwen35-9b,g24p2_102,g24p2_102_plus,plus,base,0.07972259433983231
qwen35-9b,g24p2_102,g24p2_102_plus,plus,admit_post,0.04300309025638818
qwen35-9b,g24p2_102,g24p2_102_plus,plus,exclude_post,97.79531045237424
qwen35-9b,g24p2_102,g24p2_102_plus,plus,strong_exclude_post,44.97222127793688
qwen35-9b,g24p2_102,g24p2_102_plus,plus,counterfactual_delete_post,6.167484397556202
qwen35-9b,g24p2_102,g24p2_102_minus,minus,admit_post,0.23435782563597896
qwen35-9b,g24p2_102,g24p2_102_minus,minus,exclude_post,0.02298135085393021
qwen35-9b,g24p2_102,g24p2_102_minus,minus,strong_exclude_post,5.301520101949402
qwen35-9b,g24p2_102,g24p2_102_minus,minus,counterfactual_delete_post,9.294545962744849
qwen35-9b,g24p2_103,g24p2_103_plus,plus,base,23.72478238091403
qwen35-9b,g24p2_103,g24p2_103_plus,plus,admit_post,99.04110632149846
qwen35-9b,g24p2_103,g24p2_103_plus,plus,exclude_post,98.52571359914762
qwen35-9b,g24p2_103,g24p2_103_plus,plus,strong_exclude_post,48.217905169875124
qwen35-9b,g24p2_103,g24p2_103_plus,plus,counterfactual_delete_post,96.68859034861845
qwen35-9b,g24p2_103,g24p2_103_minus,minus,admit_post,0.006263526436455557
qwen35-9b,g24p2_103,g24p2_103_minus,minus,exclude_post,7.099109381531789
qwen35-9b,g24p2_103,g24p2_103_minus,minus,strong_exclude_post,14.652607925991052
qwen35-9b,g24p2_103,g24p2_103_minus,minus,counterfactual_delete_post,1.1472074136136579
qwen35-9b,g24p2_104,g24p2_104_plus,plus,base,1.7082954220460311
qwen35-9b,g24p2_104,g24p2_104_plus,plus,admit_post,97.81374944135402
qwen35-9b,g24p2_104,g24p2_104_plus,plus,exclude_post,11.410608212657316
qwen35-9b,g24p2_104,g24p2_104_plus,plus,strong_exclude_post,1.6159169145667818
qwen35-9b,g24p2_104,g24p2_104_plus,plus,counterfactual_delete_post,3.344483027052713
qwen35-9b,g24p2_104,g24p2_104_minus,minus,admit_post,0.003957471329224993
qwen35-9b,g24p2_104,g24p2_104_minus,minus,exclude_post,0.010467113836057555
qwen35-9b,g24p2_104,g24p2_104_minus,minus,strong_exclude_post,13.537712155829754
qwen35-9b,g24p2_104,g24p2_104_minus,minus,counterfactual_delete_post,0.9182823383300006
qwen35-9b,g24p2_105,g24p2_105_plus,plus,base,65.31131822660515
qwen35-9b,g24p2_105,g24p2_105_plus,plus,admit_post,14.732089788602728
qwen35-9b,g24p2_105,g24p2_105_plus,plus,exclude_post,45.61432813231914
qwen35-9b,g24p2_105,g24p2_105_plus,plus,strong_exclude_post,36.65529273025486
qwen35-9b,g24p2_105,g24p2_105_plus,plus,counterfactual_delete_post,22.892788553987426
qwen35-9b,g24p2_105,g24p2_105_minus,minus,admit_post,92.18542338843933
qwen35-9b,g24p2_105,g24p2_105_minus,minus,exclude_post,0.10034686751955933
qwen35-9b,g24p2_105,g24p2_105_minus,minus,strong_exclude_post,32.440316757968816
qwen35-9b,g24p2_105,g24p2_105_minus,minus,counterfactual_delete_post,67.23523460030066
qwen35-9b,g24p2_107,g24p2_107_plus,plus,base,91.08983948206452
qwen35-9b,g24p2_107,g24p2_107_plus,plus,admit_post,98.07905938728194
qwen35-9b,g24p2_107,g24p2_107_plus,plus,exclude_post,6.76929788965742
qwen35-9b,g24p2_107,g24p2_107_plus,plus,strong_exclude_post,46.394119665204535
qwen35-9b,g24p2_107,g24p2_107_plus,plus,counterfactual_delete_post,97.39087819085651
qwen35-9b,g24p2_107,g24p2_107_minus,minus,admit_post,8.611041395998889
qwen35-9b,g24p2_107,g24p2_107_minus,minus,exclude_post,30.8570146941231
qwen35-9b,g24p2_107,g24p2_107_minus,minus,strong_exclude_post,17.58453299233969
qwen35-9b,g24p2_107,g24p2_107_minus,minus,counterfactual_delete_post,21.960387035652307
qwen35-9b,g24p2_108,g24p2_108_plus,plus,base,93.4205316594781
qwen35-9b,g24p2_108,g24p2_108_plus,plus,admit_post,98.31196716862551
qwen35-9b,g24p2_108,g24p2_108_plus,plus,exclude_post,97.7548478354157
qwen35-9b,g24p2_108,g24p2_108_plus,plus,strong_exclude_post,89.64772950195652
qwen35-9b,g24p2_108,g24p2_108_plus,plus,counterfactual_delete_post,95.88260552767318
qwen35-9b,g24p2_108,g24p2_108_minus,minus,admit_post,21.735027489184354
qwen35-9b,g24p2_108,g24p2_108_minus,minus,exclude_post,20.728522763432373
qwen35-9b,g24p2_108,g24p2_108_minus,minus,strong_exclude_post,67.65445022369758
qwen35-9b,g24p2_108,g24p2_108_minus,minus,counterfactual_delete_post,85.15666645524252
qwen35-9b,g24p2_110,g24p2_110_plus,plus,base,99.84331011944354
qwen35-9b,g24p2_110,g24p2_110_plus,plus,admit_post,99.31674469472995
qwen35-9b,g24p2_110,g24p2_110_plus,plus,exclude_post,94.33712250464977
qwen35-9b,g24p2_110,g24p2_110_plus,plus,strong_exclude_post,99.00413573156601
qwen35-9b,g24p2_110,g24p2_110_plus,plus,counterfactual_delete_post,97.47760234285508
qwen35-9b,g24p2_110,g24p2_110_minus,minus,admit_post,94.6435808795121
qwen35-9b,g24p2_110,g24p2_110_minus,minus,exclude_post,91.94620400143805
qwen35-9b,g24p2_110,g24p2_110_minus,minus,strong_exclude_post,98.60009222016889
qwen35-9b,g24p2_110,g24p2_110_minus,minus,counterfactual_delete_post,90.17136803389793
qwen35-9b,g24p2_111,g24p2_111_plus,plus,base,1.1855066273856336
qwen35-9b,g24p2_111,g24p2_111_plus,plus,admit_post,0.18848251004500824
qwen35-9b,g24p2_111,g24p2_111_plus,plus,exclude_post,1.4087733880555315
qwen35-9b,g24p2_111,g24p2_111_plus,plus,strong_exclude_post,1.1008395908556954
qwen35-9b,g24p2_111,g24p2_111_plus,plus,counterfactual_delete_post,0.9883892108843272
qwen35-9b,g24p2_111,g24p2_111_minus,minus,admit_post,1.3903723235991554
qwen35-9b,g24p2_111,g24p2_111_minus,minus,exclude_post,1.6846988965457124
qwen35-9b,g24p2_111,g24p2_111_minus,minus,strong_exclude_post,1.0922920176684934
qwen35-9b,g24p2_111,g24p2_111_minus,minus,counterfactual_delete_post,2.8881867439129736
qwen35-9b,g24p2_112,g24p2_112_plus,plus,base,2.3670240428607636
qwen35-9b,g24p2_112,g24p2_112_plus,plus,admit_post,98.96163650175903
qwen35-9b,g24p2_112,g24p2_112_plus,plus,exclude_post,4.725016721886303
qwen35-9b,g24p2_112,g24p2_112_plus,plus,strong_exclude_post,2.8343627887706107
qwen35-9b,g24p2_112,g24p2_112_plus,plus,counterfactual_delete_post,31.713722125594074
qwen35-9b,g24p2_112,g24p2_112_minus,minus,admit_post,0.00842946589896424
qwen35-9b,g24p2_112,g24p2_112_minus,minus,exclude_post,0.007984613871221976
qwen35-9b,g24p2_112,g24p2_112_minus,minus,strong_exclude_post,3.236820080217946
qwen35-9b,g24p2_112,g24p2_112_minus,minus,counterfactual_delete_post,2.350047625854819
qwen35-9b,g24p2_113,g24p2_113_plus,plus,base,15.183107407419657
qwen35-9b,g24p2_113,g24p2_113_plus,plus,admit_post,99.21607637040046
qwen35-9b,g24p2_113,g24p2_113_plus,plus,exclude_post,97.0070872767644
qwen35-9b,g24p2_113,g24p2_113_plus,plus,strong_exclude_post,99.20904153696495
qwen35-9b,g24p2_113,g24p2_113_plus,plus,counterfactual_delete_post,99.7106186559873
qwen35-9b,g24p2_113,g24p2_113_minus,minus,admit_post,2.534570828629147
qwen35-9b,g24p2_113,g24p2_113_minus,minus,exclude_post,5.361701873431637
qwen35-9b,g24p2_113,g24p2_113_minus,minus,strong_exclude_post,6.1683430501510115
qwen35-9b,g24p2_113,g24p2_113_minus,minus,counterfactual_delete_post,13.373177022224837
qwen35-9b,g24p2_114,g24p2_114_plus,plus,base,99.07959055805456
qwen35-9b,g24p2_114,g24p2_114_plus,plus,admit_post,99.57116878164298
qwen35-9b,g24p2_114,g24p2_114_plus,plus,exclude_post,19.520418352624635
qwen35-9b,g24p2_114,g24p2_114_plus,plus,strong_exclude_post,99.44832552630726
qwen35-9b,g24p2_114,g24p2_114_plus,plus,counterfactual_delete_post,98.83294474246676
qwen35-9b,g24p2_114,g24p2_114_minus,minus,admit_post,98.87156953626105
qwen35-9b,g24p2_114,g24p2_114_minus,minus,exclude_post,24.150479640509086
qwen35-9b,g24p2_114,g24p2_114_minus,minus,strong_exclude_post,98.30489134674083
qwen35-9b,g24p2_114,g24p2_114_minus,minus,counterfactual_delete_post,0.4384537814077453
qwen35-9b,g24p2_115,g24p2_115_plus,plus,base,4.765569199456606
qwen35-9b,g24p2_115,g24p2_115_plus,plus,admit_post,97.6103091893396
qwen35-9b,g24p2_115,g24p2_115_plus,plus,exclude_post,97.60826872844508
qwen35-9b,g24p2_115,g24p2_115_plus,plus,strong_exclude_post,25.45770316221992
qwen35-9b,g24p2_115,g24p2_115_plus,plus,counterfactual_delete_post,12.335660576427363
qwen35-9b,g24p2_115,g24p2_115_minus,minus,admit_post,96.9807543238308
qwen35-9b,g24p2_115,g24p2_115_minus,minus,exclude_post,0.024582180137338327
qwen35-9b,g24p2_115,g24p2_115_minus,minus,strong_exclude_post,13.736715348539612
qwen35-9b,g24p2_115,g24p2_115_minus,minus,counterfactual_delete_post,69.70813242044218
qwen35-9b,g24p2_116,g24p2_116_plus,plus,base,15.67479219743184
qwen35-9b,g24p2_116,g24p2_116_plus,plus,admit_post,99.99309734048397
qwen35-9b,g24p2_116,g24p2_116_plus,plus,exclude_post,98.9765187487874
qwen35-9b,g24p2_116,g24p2_116_plus,plus,strong_exclude_post,98.92712523182993
qwen35-9b,g24p2_116,g24p2_116_plus,plus,counterfactual_delete_post,97.90493195905648
qwen35-9b,g24p2_116,g24p2_116_minus,minus,admit_post,0.7029982071819803
qwen35-9b,g24p2_116,g24p2_116_minus,minus,exclude_post,1.2666472887069802
qwen35-9b,g24p2_116,g24p2_116_minus,minus,strong_exclude_post,2.218581665408264
qwen35-9b,g24p2_116,g24p2_116_minus,minus,counterfactual_delete_post,1.4131274463763261
qwen35-9b,g24p2_117,g24p2_117_plus,plus,base,32.35714744377787
qwen35-9b,g24p2_117,g24p2_117_plus,plus,admit_post,96.22455836567444
qwen35-9b,g24p2_117,g24p2_117_plus,plus,exclude_post,29.435479511044175
qwen35-9b,g24p2_117,g24p2_117_plus,plus,strong_exclude_post,16.30042119823575
qwen35-9b,g24p2_117,g24p2_117_plus,plus,counterfactual_delete_post,94.41141825298352
qwen35-9b,g24p2_117,g24p2_117_minus,minus,admit_post,46.92311439861828
qwen35-9b,g24p2_117,g24p2_117_minus,minus,exclude_post,43.07161493360098
qwen35-9b,g24p2_117,g24p2_117_minus,minus,strong_exclude_post,47.92316398231379
qwen35-9b,g24p2_117,g24p2_117_minus,minus,counterfactual_delete_post,14.488203910202426
qwen35-9b,g24p2_120,g24p2_120_plus,plus,base,98.46058617080945
qwen35-9b,g24p2_120,g24p2_120_plus,plus,admit_post,99.20294002919223
qwen35-9b,g24p2_120,g24p2_120_plus,plus,exclude_post,24.256573490251053
qwen35-9b,g24p2_120,g24p2_120_plus,plus,strong_exclude_post,12.714803154216455
qwen35-9b,g24p2_120,g24p2_120_plus,plus,counterfactual_delete_post,93.80456132951198
qwen35-9b,g24p2_120,g24p2_120_minus,minus,admit_post,99.16070515103189
qwen35-9b,g24p2_120,g24p2_120_minus,minus,exclude_post,33.12265227558796
qwen35-9b,g24p2_120,g24p2_120_minus,minus,strong_exclude_post,5.839454221732567
qwen35-9b,g24p2_120,g24p2_120_minus,minus,counterfactual_delete_post,97.97886489831059
qwen35-9b,g24p2_121,g24p2_121_plus,plus,base,85.4610491305471
qwen35-9b,g24p2_121,g24p2_121_plus,plus,admit_post,97.64861959307463
qwen35-9b,g24p2_121,g24p2_121_plus,plus,exclude_post,1.7317563481277185
qwen35-9b,g24p2_121,g24p2_121_plus,plus,strong_exclude_post,95.14893597638464
qwen35-9b,g24p2_121,g24p2_121_plus,plus,counterfactual_delete_post,97.42310853600476
qwen35-9b,g24p2_121,g24p2_121_minus,minus,admit_post,2.895282247820312
qwen35-9b,g24p2_121,g24p2_121_minus,minus,exclude_post,6.494291234219614
qwen35-9b,g24p2_121,g24p2_121_minus,minus,strong_exclude_post,5.352703196216632
qwen35-9b,g24p2_121,g24p2_121_minus,minus,counterfactual_delete_post,0.6999736017832178
qwen35-9b,g24p2_122,g24p2_122_plus,plus,base,98.69851755475025
qwen35-9b,g24p2_122,g24p2_122_plus,plus,admit_post,99.31855927001037
qwen35-9b,g24p2_122,g24p2_122_plus,plus,exclude_post,28.462915976992957
qwen35-9b,g24p2_122,g24p2_122_plus,plus,strong_exclude_post,27.641019098479713
qwen35-9b,g24p2_122,g24p2_122_plus,plus,counterfactual_delete_post,98.64608326647894
qwen35-9b,g24p2_122,g24p2_122_minus,minus,admit_post,46.40548320350596
qwen35-9b,g24p2_122,g24p2_122_minus,minus,exclude_post,37.12036082753427
qwen35-9b,g24p2_122,g24p2_122_minus,minus,strong_exclude_post,30.580703275815875
qwen35-9b,g24p2_122,g24p2_122_minus,minus,counterfactual_delete_post,88.171816592747
qwen35-9b,g24p2_123,g24p2_123_plus,plus,base,21.560505623843465
qwen35-9b,g24p2_123,g24p2_123_plus,plus,admit_post,96.99337261720054
qwen35-9b,g24p2_123,g24p2_123_plus,plus,exclude_post,31.239050646499308
qwen35-9b,g24p2_123,g24p2_123_plus,plus,strong_exclude_post,42.55288397397545
qwen35-9b,g24p2_123,g24p2_123_plus,plus,counterfactual_delete_post,22.446685424688297
qwen35-9b,g24p2_123,g24p2_123_minus,minus,admit_post,97.18675801270865
qwen35-9b,g24p2_123,g24p2_123_minus,minus,exclude_post,29.455942067880148
qwen35-9b,g24p2_123,g24p2_123_minus,minus,strong_exclude_post,41.833253068666096
qwen35-9b,g24p2_123,g24p2_123_minus,minus,counterfactual_delete_post,15.626470840266247
qwen35-9b,g24p2_125,g24p2_125_plus,plus,base,6.8244602762865
qwen35-9b,g24p2_125,g24p2_125_plus,plus,admit_post,96.87353627055249
qwen35-9b,g24p2_125,g24p2_125_plus,plus,exclude_post,4.8535591700671645
qwen35-9b,g24p2_125,g24p2_125_plus,plus,strong_exclude_post,11.099572707234543
qwen35-9b,g24p2_125,g24p2_125_plus,plus,counterfactual_delete_post,9.225711249151082
qwen35-9b,g24p2_125,g24p2_125_minus,minus,admit_post,42.12356858840572
qwen35-9b,g24p2_125,g24p2_125_minus,minus,exclude_post,12.347937189484206
qwen35-9b,g24p2_125,g24p2_125_minus,minus,strong_exclude_post,13.317792960624129
qwen35-9b,g24p2_125,g24p2_125_minus,minus,counterfactual_delete_post,22.555661563373175
qwen35-9b,g24p2_126,g24p2_126_plus,plus,base,2.9922563561094813
qwen35-9b,g24p2_126,g24p2_126_plus,plus,admit_post,97.34478310855502
qwen35-9b,g24p2_126,g24p2_126_plus,plus,exclude_post,11.10747341741665
qwen35-9b,g24p2_126,g24p2_126_plus,plus,strong_exclude_post,95.23176938419735
qwen35-9b,g24p2_126,g24p2_126_plus,plus,counterfactual_delete_post,97.36987310173865
qwen35-9b,g24p2_126,g24p2_126_minus,minus,admit_post,93.02135549118441
qwen35-9b,g24p2_126,g24p2_126_minus,minus,exclude_post,1.900044953143567
qwen35-9b,g24p2_126,g24p2_126_minus,minus,strong_exclude_post,19.59505828873608
qwen35-9b,g24p2_126,g24p2_126_minus,minus,counterfactual_delete_post,2.5170945528339184
qwen35-9b,g24p2_128,g24p2_128_plus,plus,base,99.62544180111747
qwen35-9b,g24p2_128,g24p2_128_plus,plus,admit_post,99.82367945642027
qwen35-9b,g24p2_128,g24p2_128_plus,plus,exclude_post,29.548632992845356
qwen35-9b,g24p2_128,g24p2_128_plus,plus,strong_exclude_post,30.314818892258568
qwen35-9b,g24p2_128,g24p2_128_plus,plus,counterfactual_delete_post,97.1636368616224
qwen35-9b,g24p2_128,g24p2_128_minus,minus,admit_post,1.8093102209506862
qwen35-9b,g24p2_128,g24p2_128_minus,minus,exclude_post,62.67467759805115
qwen35-9b,g24p2_128,g24p2_128_minus,minus,strong_exclude_post,98.14694670704131
qwen35-9b,g24p2_128,g24p2_128_minus,minus,counterfactual_delete_post,98.71018238269187
qwen35-9b,g24p2_129,g24p2_129_plus,plus,base,6.916903877554436
qwen35-9b,g24p2_129,g24p2_129_plus,plus,admit_post,34.98040998513206
qwen35-9b,g24p2_129,g24p2_129_plus,plus,exclude_post,32.22076322613664
qwen35-9b,g24p2_129,g24p2_129_plus,plus,strong_exclude_post,1.4832761967506924
qwen35-9b,g24p2_129,g24p2_129_plus,plus,counterfactual_delete_post,91.32864878097047
qwen35-9b,g24p2_129,g24p2_129_minus,minus,admit_post,99.63347810280503
qwen35-9b,g24p2_129,g24p2_129_minus,minus,exclude_post,27.864952994842923
qwen35-9b,g24p2_129,g24p2_129_minus,minus,strong_exclude_post,42.94389003066082
qwen35-9b,g24p2_129,g24p2_129_minus,minus,counterfactual_delete_post,84.94163890345988
qwen35-9b,g24p2_130,g24p2_130_plus,plus,base,9.687329922482334
qwen35-9b,g24p2_130,g24p2_130_plus,plus,admit_post,99.22760530117945
qwen35-9b,g24p2_130,g24p2_130_plus,plus,exclude_post,26.252614489231473
qwen35-9b,g24p2_130,g24p2_130_plus,plus,strong_exclude_post,35.89699547435802
qwen35-9b,g24p2_130,g24p2_130_plus,plus,counterfactual_delete_post,98.22829361985869
qwen35-9b,g24p2_130,g24p2_130_minus,minus,admit_post,2.6688870562235287
qwen35-9b,g24p2_130,g24p2_130_minus,minus,exclude_post,2.906895803911266
qwen35-9b,g24p2_130,g24p2_130_minus,minus,strong_exclude_post,3.28295698527958
qwen35-9b,g24p2_130,g24p2_130_minus,minus,counterfactual_delete_post,7.099567879233586
qwen35-9b,g24p2_131,g24p2_131_plus,plus,base,99.57589777124849
qwen35-9b,g24p2_131,g24p2_131_plus,plus,admit_post,99.54147800816673
qwen35-9b,g24p2_131,g24p2_131_plus,plus,exclude_post,26.579281901118186
qwen35-9b,g24p2_131,g24p2_131_plus,plus,strong_exclude_post,98.14468426664313
qwen35-9b,g24p2_131,g24p2_131_plus,plus,counterfactual_delete_post,98.62645208670851
qwen35-9b,g24p2_131,g24p2_131_minus,minus,admit_post,32.171178752536875
qwen35-9b,g24p2_131,g24p2_131_minus,minus,exclude_post,2.4602721723013317
qwen35-9b,g24p2_131,g24p2_131_minus,minus,strong_exclude_post,2.1466800143221256
qwen35-9b,g24p2_131,g24p2_131_minus,minus,counterfactual_delete_post,32.41347507183613
qwen35-9b,g24p2_132,g24p2_132_plus,plus,base,1.3872310506090861
qwen35-9b,g24p2_132,g24p2_132_plus,plus,admit_post,99.56838962359538
qwen35-9b,g24p2_132,g24p2_132_plus,plus,exclude_post,27.413874954853693
qwen35-9b,g24p2_132,g24p2_132_plus,plus,strong_exclude_post,41.42340338092346
qwen35-9b,g24p2_132,g24p2_132_plus,plus,counterfactual_delete_post,99.39388538619939
qwen35-9b,g24p2_132,g24p2_132_minus,minus,admit_post,37.39029035075712
qwen35-9b,g24p2_132,g24p2_132_minus,minus,exclude_post,39.25979325069114
qwen35-9b,g24p2_132,g24p2_132_minus,minus,strong_exclude_post,2.903918256012917
qwen35-9b,g24p2_132,g24p2_132_minus,minus,counterfactual_delete_post,0.4121319056445763
qwen35-9b,g24p2_133,g24p2_133_plus,plus,base,99.85549332808277
qwen35-9b,g24p2_133,g24p2_133_plus,plus,admit_post,99.38307588827028
qwen35-9b,g24p2_133,g24p2_133_plus,plus,exclude_post,6.598942476739011
qwen35-9b,g24p2_133,g24p2_133_plus,plus,strong_exclude_post,99.51646825386827
qwen35-9b,g24p2_133,g24p2_133_plus,plus,counterfactual_delete_post,99.41305840754953
qwen35-9b,g24p2_133,g24p2_133_minus,minus,admit_post,1.207868773115206
qwen35-9b,g24p2_133,g24p2_133_minus,minus,exclude_post,85.7660351201231
qwen35-9b,g24p2_133,g24p2_133_minus,minus,strong_exclude_post,4.471442592700242
qwen35-9b,g24p2_133,g24p2_133_minus,minus,counterfactual_delete_post,96.99258339438335
qwen35-9b,g24p2_134,g24p2_134_plus,plus,base,99.16732410882864
qwen35-9b,g24p2_134,g24p2_134_plus,plus,admit_post,99.5808537218141
qwen35-9b,g24p2_134,g24p2_134_plus,plus,exclude_post,15.631872561927473
qwen35-9b,g24p2_134,g24p2_134_plus,plus,strong_exclude_post,99.13012619625522
qwen35-9b,g24p2_134,g24p2_134_plus,plus,counterfactual_delete_post,98.67607211156088
qwen35-9b,g24p2_134,g24p2_134_minus,minus,admit_post,52.16835543846337
qwen35-9b,g24p2_134,g24p2_134_minus,minus,exclude_post,2.019325875783935
qwen35-9b,g24p2_134,g24p2_134_minus,minus,strong_exclude_post,98.42035185741899
qwen35-9b,g24p2_134,g24p2_134_minus,minus,counterfactual_delete_post,98.22091687574147
qwen35-9b,g24p2_135,g24p2_135_plus,plus,base,0.5823227716149568
qwen35-9b,g24p2_135,g24p2_135_plus,plus,admit_post,2.6817040988860015
qwen35-9b,g24p2_135,g24p2_135_plus,plus,exclude_post,33.00881813342128
qwen35-9b,g24p2_135,g24p2_135_plus,plus,strong_exclude_post,33.46657887862174
qwen35-9b,g24p2_135,g24p2_135_plus,plus,counterfactual_delete_post,1.1672819407846413
qwen35-9b,g24p2_135,g24p2_135_minus,minus,admit_post,0.8422706712348366
qwen35-9b,g24p2_135,g24p2_135_minus,minus,exclude_post,0.011816139117809273
qwen35-9b,g24p2_135,g24p2_135_minus,minus,strong_exclude_post,0.9614597651558365
qwen35-9b,g24p2_135,g24p2_135_minus,minus,counterfactual_delete_post,0.7247362730558389
qwen35-9b,g24p2_136,g24p2_136_plus,plus,base,19.819684413164108
qwen35-9b,g24p2_136,g24p2_136_plus,plus,admit_post,98.23421708571769
qwen35-9b,g24p2_136,g24p2_136_plus,plus,exclude_post,28.300467879461525
qwen35-9b,g24p2_136,g24p2_136_plus,plus,strong_exclude_post,37.88805007446574
qwen35-9b,g24p2_136,g24p2_136_plus,plus,counterfactual_delete_post,42.963526048449914
qwen35-9b,g24p2_136,g24p2_136_minus,minus,admit_post,19.88040852007672
qwen35-9b,g24p2_136,g24p2_136_minus,minus,exclude_post,17.803966813078503
qwen35-9b,g24p2_136,g24p2_136_minus,minus,strong_exclude_post,35.14360655452199
qwen35-9b,g24p2_136,g24p2_136_minus,minus,counterfactual_delete_post,42.055106981373704
qwen35-9b,g24p2_137,g24p2_137_plus,plus,base,0.23057720193309525
qwen35-9b,g24p2_137,g24p2_137_plus,plus,admit_post,97.91331107973674
qwen35-9b,g24p2_137,g24p2_137_plus,plus,exclude_post,31.11151881015176
qwen35-9b,g24p2_137,g24p2_137_plus,plus,strong_exclude_post,32.739459498053336
qwen35-9b,g24p2_137,g24p2_137_plus,plus,counterfactual_delete_post,44.56034562085126
qwen35-9b,g24p2_137,g24p2_137_minus,minus,admit_post,0.0072808493943192715
qwen35-9b,g24p2_137,g24p2_137_minus,minus,exclude_post,0.017518940642090093
qwen35-9b,g24p2_137,g24p2_137_minus,minus,strong_exclude_post,3.8249810612544604
qwen35-9b,g24p2_137,g24p2_137_minus,minus,counterfactual_delete_post,1.232790825899774
qwen35-9b,g24p2_138,g24p2_138_plus,plus,base,97.97990975793718
qwen35-9b,g24p2_138,g24p2_138_plus,plus,admit_post,98.17144689986412
qwen35-9b,g24p2_138,g24p2_138_plus,plus,exclude_post,97.91621762982543
qwen35-9b,g24p2_138,g24p2_138_plus,plus,strong_exclude_post,99.99761030031999
qwen35-9b,g24p2_138,g24p2_138_plus,plus,counterfactual_delete_post,97.20737217951641
qwen35-9b,g24p2_138,g24p2_138_minus,minus,admit_post,0.0335426762692565
qwen35-9b,g24p2_138,g24p2_138_minus,minus,exclude_post,0.29409901551724704
qwen35-9b,g24p2_138,g24p2_138_minus,minus,strong_exclude_post,40.16383726395734
qwen35-9b,g24p2_138,g24p2_138_minus,minus,counterfactual_delete_post,2.422594992633514
qwen35-9b,g24p2_140,g24p2_140_plus,plus,base,0.07411986012328599
qwen35-9b,g24p2_140,g24p2_140_plus,plus,admit_post,98.84877252859887
qwen35-9b,g24p2_140,g24p2_140_plus,plus,exclude_post,38.82802302415213
qwen35-9b,g24p2_140,g24p2_140_plus,plus,strong_exclude_post,8.696628078855904
qwen35-9b,g24p2_140,g24p2_140_plus,plus,counterfactual_delete_post,99.9560945185576
qwen35-9b,g24p2_140,g24p2_140_minus,minus,admit_post,99.29379896811552
qwen35-9b,g24p2_140,g24p2_140_minus,minus,exclude_post,37.09803690078091
qwen35-9b,g24p2_140,g24p2_140_minus,minus,strong_exclude_post,39.03793355091127
qwen35-9b,g24p2_140,g24p2_140_minus,minus,counterfactual_delete_post,99.04901558348672
qwen35-9b,g24p2_141,g24p2_141_plus,plus,base,1.4430970282323312
qwen35-9b,g24p2_141,g24p2_141_plus,plus,admit_post,98.0696113111297
qwen35-9b,g24p2_141,g24p2_141_plus,plus,exclude_post,36.33048082134562
qwen35-9b,g24p2_141,g24p2_141_plus,plus,strong_exclude_post,0.006733944954353701
qwen35-9b,g24p2_141,g24p2_141_plus,plus,counterfactual_delete_post,1.1502782287658766
qwen35-9b,g24p2_141,g24p2_141_minus,minus,admit_post,0.009798150985806973
qwen35-9b,g24p2_141,g24p2_141_minus,minus,exclude_post,29.06459356827684
qwen35-9b,g24p2_141,g24p2_141_minus,minus,strong_exclude_post,1.2330538989020192
qwen35-9b,g24p2_141,g24p2_141_minus,minus,counterfactual_delete_post,3.8720134099870944
qwen35-9b,g24p2_142,g24p2_142_plus,plus,base,0.057636222843025435
qwen35-9b,g24p2_142,g24p2_142_plus,plus,admit_post,99.70938795911894
qwen35-9b,g24p2_142,g24p2_142_plus,plus,exclude_post,31.524605759102755
qwen35-9b,g24p2_142,g24p2_142_plus,plus,strong_exclude_post,19.119928038944664
qwen35-9b,g24p2_142,g24p2_142_plus,plus,counterfactual_delete_post,47.2674253804893
qwen35-9b,g24p2_142,g24p2_142_minus,minus,admit_post,6.149106418511338
qwen35-9b,g24p2_142,g24p2_142_minus,minus,exclude_post,16.473777327174815
qwen35-9b,g24p2_142,g24p2_142_minus,minus,strong_exclude_post,42.01718226943438
qwen35-9b,g24p2_142,g24p2_142_minus,minus,counterfactual_delete_post,1.5946943396547257
qwen35-9b,g24p2_143,g24p2_143_plus,plus,base,0.35103506138833745
qwen35-9b,g24p2_143,g24p2_143_plus,plus,admit_post,60.612757345884084
qwen35-9b,g24p2_143,g24p2_143_plus,plus,exclude_post,7.523344443129108
qwen35-9b,g24p2_143,g24p2_143_plus,plus,strong_exclude_post,4.4532799836883665
qwen35-9b,g24p2_143,g24p2_143_plus,plus,counterfactual_delete_post,3.3430053168942537
qwen35-9b,g24p2_143,g24p2_143_minus,minus,admit_post,0.004290893363087288
qwen35-9b,g24p2_143,g24p2_143_minus,minus,exclude_post,0.007656153751414644
qwen35-9b,g24p2_143,g24p2_143_minus,minus,strong_exclude_post,98.12171596401872
qwen35-9b,g24p2_143,g24p2_143_minus,minus,counterfactual_delete_post,4.005667418886772
qwen35-9b,g24p2_144,g24p2_144_plus,plus,base,91.05124220747149
qwen35-9b,g24p2_144,g24p2_144_plus,plus,admit_post,99.46070098326732
qwen35-9b,g24p2_144,g24p2_144_plus,plus,exclude_post,6.9778896711193
qwen35-9b,g24p2_144,g24p2_144_plus,plus,strong_exclude_post,96.75420856619742
qwen35-9b,g24p2_144,g24p2_144_plus,plus,counterfactual_delete_post,98.9110085146708
qwen35-9b,g24p2_144,g24p2_144_minus,minus,admit_post,0.012892530914998583
qwen35-9b,g24p2_144,g24p2_144_minus,minus,exclude_post,10.57993534245899
qwen35-9b,g24p2_144,g24p2_144_minus,minus,strong_exclude_post,39.715019050251435
qwen35-9b,g24p2_144,g24p2_144_minus,minus,counterfactual_delete_post,23.17957870309489
qwen35-9b,g24p2_145,g24p2_145_plus,plus,base,2.81107078515494
qwen35-9b,g24p2_145,g24p2_145_plus,plus,admit_post,99.99513288874056
qwen35-9b,g24p2_145,g24p2_145_plus,plus,exclude_post,16.314064066533202
qwen35-9b,g24p2_145,g24p2_145_plus,plus,strong_exclude_post,29.07599176601254
qwen35-9b,g24p2_145,g24p2_145_plus,plus,counterfactual_delete_post,99.5493273239014
qwen35-9b,g24p2_145,g24p2_145_minus,minus,admit_post,1.9985232183053354
qwen35-9b,g24p2_145,g24p2_145_minus,minus,exclude_post,3.3056407448369667
qwen35-9b,g24p2_145,g24p2_145_minus,minus,strong_exclude_post,35.08415231917251
qwen35-9b,g24p2_145,g24p2_145_minus,minus,counterfactual_delete_post,53.57094991331451
qwen35-9b,g24p2_146,g24p2_146_plus,plus,base,9.428231212589571
qwen35-9b,g24p2_146,g24p2_146_plus,plus,admit_post,98.58126896825829
qwen35-9b,g24p2_146,g24p2_146_plus,plus,exclude_post,1.7941471952643053
qwen35-9b,g24p2_146,g24p2_146_plus,plus,strong_exclude_post,4.018737304441287
qwen35-9b,g24p2_146,g24p2_146_plus,plus,counterfactual_delete_post,99.25972778610532
qwen35-9b,g24p2_146,g24p2_146_minus,minus,admit_post,4.224851929311132
qwen35-9b,g24p2_146,g24p2_146_minus,minus,exclude_post,10.134330459554612
qwen35-9b,g24p2_146,g24p2_146_minus,minus,strong_exclude_post,2.0694473485049474
qwen35-9b,g24p2_146,g24p2_146_minus,minus,counterfactual_delete_post,1.2728616975758724
qwen35-9b,g24p2_147,g24p2_147_plus,plus,base,98.93288893046683
qwen35-9b,g24p2_147,g24p2_147_plus,plus,admit_post,98.73083156973865
qwen35-9b,g24p2_147,g24p2_147_plus,plus,exclude_post,4.477263991531751
qwen35-9b,g24p2_147,g24p2_147_plus,plus,strong_exclude_post,35.90220266262505
qwen35-9b,g24p2_147,g24p2_147_plus,plus,counterfactual_delete_post,99.69048808954933
qwen35-9b,g24p2_147,g24p2_147_minus,minus,admit_post,95.76247503760058
qwen35-9b,g24p2_147,g24p2_147_minus,minus,exclude_post,3.529400414452469
qwen35-9b,g24p2_147,g24p2_147_minus,minus,strong_exclude_post,1.3130643693155184
qwen35-9b,g24p2_147,g24p2_147_minus,minus,counterfactual_delete_post,3.708195554932515
qwen35-9b,g24p2_148,g24p2_148_plus,plus,base,11.828555407316548
qwen35-9b,g24p2_148,g24p2_148_plus,plus,admit_post,99.56508453826503
qwen35-9b,g24p2_148,g24p2_148_plus,plus,exclude_post,97.63805868035291
qwen35-9b,g24p2_148,g24p2_148_plus,plus,strong_exclude_post,97.68254824219751
qwen35-9b,g24p2_148,g24p2_148_plus,plus,counterfactual_delete_post,99.04903926880199
qwen35-9b,g24p2_148,g24p2_148_minus,minus,admit_post,1.2947211656939561
qwen35-9b,g24p2_148,g24p2_148_minus,minus,exclude_post,1.3087147856397314
qwen35-9b,g24p2_148,g24p2_148_minus,minus,strong_exclude_post,1.838868619460034
qwen35-9b,g24p2_148,g24p2_148_minus,minus,counterfactual_delete_post,1.346204974140028
qwen35-9b,g24p2_149,g24p2_149_plus,plus,base,9.386807031934836
qwen35-9b,g24p2_149,g24p2_149_plus,plus,admit_post,99.03867050436946
qwen35-9b,g24p2_149,g24p2_149_plus,plus,exclude_post,23.35361583627305
qwen35-9b,g24p2_149,g24p2_149_plus,plus,strong_exclude_post,7.158339703784886
qwen35-9b,g24p2_149,g24p2_149_plus,plus,counterfactual_delete_post,2.957557638309798
qwen35-9b,g24p2_149,g24p2_149_minus,minus,admit_post,0.4223518728453485
qwen35-9b,g24p2_149,g24p2_149_minus,minus,exclude_post,3.3930194761732584
qwen35-9b,g24p2_149,g24p2_149_minus,minus,strong_exclude_post,5.870709535861703
qwen35-9b,g24p2_149,g24p2_149_minus,minus,counterfactual_delete_post,15.665643207234316
qwen35-9b,g24p2_150,g24p2_150_plus,plus,base,5.730581245457881
qwen35-9b,g24p2_150,g24p2_150_plus,plus,admit_post,96.10329549963515
qwen35-9b,g24p2_150,g24p2_150_plus,plus,exclude_post,18.14455520822848
qwen35-9b,g24p2_150,g24p2_150_plus,plus,strong_exclude_post,96.44621121382629
qwen35-9b,g24p2_150,g24p2_150_plus,plus,counterfactual_delete_post,41.15030272967316
qwen35-9b,g24p2_150,g24p2_150_minus,minus,admit_post,1.2255140189745872
qwen35-9b,g24p2_150,g24p2_150_minus,minus,exclude_post,0.9387279786525737
qwen35-9b,g24p2_150,g24p2_150_minus,minus,strong_exclude_post,4.530039279948779
qwen35-9b,g24p2_150,g24p2_150_minus,minus,counterfactual_delete_post,1.129385314536274
qwen35-9b,g24p2_153,g24p2_153_plus,plus,base,28.055342931190605
qwen35-9b,g24p2_153,g24p2_153_plus,plus,admit_post,99.3836741657357
qwen35-9b,g24p2_153,g24p2_153_plus,plus,exclude_post,98.16599165642506
qwen35-9b,g24p2_153,g24p2_153_plus,plus,strong_exclude_post,17.40705976480897
qwen35-9b,g24p2_153,g24p2_153_plus,plus,counterfactual_delete_post,98.93781012767778
qwen35-9b,g24p2_153,g24p2_153_minus,minus,admit_post,9.232890988463254
qwen35-9b,g24p2_153,g24p2_153_minus,minus,exclude_post,45.05493090793498
qwen35-9b,g24p2_153,g24p2_153_minus,minus,strong_exclude_post,6.21770625377136
qwen35-9b,g24p2_153,g24p2_153_minus,minus,counterfactual_delete_post,5.5356482568159615
qwen35-9b,g24p2_154,g24p2_154_plus,plus,base,97.65199256533953
qwen35-9b,g24p2_154,g24p2_154_plus,plus,admit_post,97.01675910831133
qwen35-9b,g24p2_154,g24p2_154_plus,plus,exclude_post,96.6630516866826
qwen35-9b,g24p2_154,g24p2_154_plus,plus,strong_exclude_post,53.94096406454443
qwen35-9b,g24p2_154,g24p2_154_plus,plus,counterfactual_delete_post,98.70704686185039
qwen35-9b,g24p2_154,g24p2_154_minus,minus,admit_post,5.953839645300139
qwen35-9b,g24p2_154,g24p2_154_minus,minus,exclude_post,19.103240666950196
qwen35-9b,g24p2_154,g24p2_154_minus,minus,strong_exclude_post,35.85215487342577
qwen35-9b,g24p2_154,g24p2_154_minus,minus,counterfactual_delete_post,1.3033426521010922
qwen35-9b,g24p2_156,g24p2_156_plus,plus,base,99.58256137131917
qwen35-9b,g24p2_156,g24p2_156_plus,plus,admit_post,99.8923780447682
qwen35-9b,g24p2_156,g24p2_156_plus,plus,exclude_post,16.549590937632008
qwen35-9b,g24p2_156,g24p2_156_plus,plus,strong_exclude_post,27.028105180959255
qwen35-9b,g24p2_156,g24p2_156_plus,plus,counterfactual_delete_post,99.07030333860546
qwen35-9b,g24p2_156,g24p2_156_minus,minus,admit_post,95.32976307653354
qwen35-9b,g24p2_156,g24p2_156_minus,minus,exclude_post,18.467178016727864
qwen35-9b,g24p2_156,g24p2_156_minus,minus,strong_exclude_post,98.64564507546089
qwen35-9b,g24p2_156,g24p2_156_minus,minus,counterfactual_delete_post,9.766134577062198
qwen35-9b,g24p2_158,g24p2_158_plus,plus,base,0.3700579236321834
qwen35-9b,g24p2_158,g24p2_158_plus,plus,admit_post,5.583816299698553
qwen35-9b,g24p2_158,g24p2_158_plus,plus,exclude_post,2.3519349449159153
qwen35-9b,g24p2_158,g24p2_158_plus,plus,strong_exclude_post,21.874051959668172
qwen35-9b,g24p2_158,g24p2_158_plus,plus,counterfactual_delete_post,0.6699506566853398
qwen35-9b,g24p2_158,g24p2_158_minus,minus,admit_post,9.768040635477053
qwen35-9b,g24p2_158,g24p2_158_minus,minus,exclude_post,5.361013551709625
qwen35-9b,g24p2_158,g24p2_158_minus,minus,strong_exclude_post,11.266758802860211
qwen35-9b,g24p2_158,g24p2_158_minus,minus,counterfactual_delete_post,4.18262662620379
qwen35-9b,g24p2_159,g24p2_159_plus,plus,base,36.10094097310691
qwen35-9b,g24p2_159,g24p2_159_plus,plus,admit_post,99.1061867457553
qwen35-9b,g24p2_159,g24p2_159_plus,plus,exclude_post,6.495993633895312
qwen35-9b,g24p2_159,g24p2_159_plus,plus,strong_exclude_post,97.81534082508641
qwen35-9b,g24p2_159,g24p2_159_plus,plus,counterfactual_delete_post,96.75327590387676
qwen35-9b,g24p2_159,g24p2_159_minus,minus,admit_post,0.015070021708255228
qwen35-9b,g24p2_159,g24p2_159_minus,minus,exclude_post,4.913279920289699
qwen35-9b,g24p2_159,g24p2_159_minus,minus,strong_exclude_post,10.132470589374151
qwen35-9b,g24p2_159,g24p2_159_minus,minus,counterfactual_delete_post,18.667833415023168
qwen35-9b,g24p2_160,g24p2_160_plus,plus,base,97.68691924291187
qwen35-9b,g24p2_160,g24p2_160_plus,plus,admit_post,99.74332922539045
qwen35-9b,g24p2_160,g24p2_160_plus,plus,exclude_post,34.592326089311
qwen35-9b,g24p2_160,g24p2_160_plus,plus,strong_exclude_post,93.80396306212593
qwen35-9b,g24p2_160,g24p2_160_plus,plus,counterfactual_delete_post,98.83890235384506
qwen35-9b,g24p2_160,g24p2_160_minus,minus,admit_post,1.5145946690821885
qwen35-9b,g24p2_160,g24p2_160_minus,minus,exclude_post,4.180216582109768
qwen35-9b,g24p2_160,g24p2_160_minus,minus,strong_exclude_post,2.0403338702851177
qwen35-9b,g24p2_160,g24p2_160_minus,minus,counterfactual_delete_post,48.3557843000777
qwen35-9b,g24p2_161,g24p2_161_plus,plus,base,3.9947451263346263
qwen35-9b,g24p2_161,g24p2_161_plus,plus,admit_post,0.011360887375941505
qwen35-9b,g24p2_161,g24p2_161_plus,plus,exclude_post,41.81266180335894
qwen35-9b,g24p2_161,g24p2_161_plus,plus,strong_exclude_post,42.87941873521507
qwen35-9b,g24p2_161,g24p2_161_plus,plus,counterfactual_delete_post,15.31212458944473
qwen35-9b,g24p2_161,g24p2_161_minus,minus,admit_post,0.005526878794539861
qwen35-9b,g24p2_161,g24p2_161_minus,minus,exclude_post,10.35975352665399
qwen35-9b,g24p2_161,g24p2_161_minus,minus,strong_exclude_post,41.919216172063436
qwen35-9b,g24p2_161,g24p2_161_minus,minus,counterfactual_delete_post,7.790535653134288
qwen35-9b,g24p2_163,g24p2_163_plus,plus,base,14.116716883505328
qwen35-9b,g24p2_163,g24p2_163_plus,plus,admit_post,98.26222854857744
qwen35-9b,g24p2_163,g24p2_163_plus,plus,exclude_post,30.413618355135263
qwen35-9b,g24p2_163,g24p2_163_plus,plus,strong_exclude_post,3.635791574063008
qwen35-9b,g24p2_163,g24p2_163_plus,plus,counterfactual_delete_post,1.3492258781235338
qwen35-9b,g24p2_163,g24p2_163_minus,minus,admit_post,0.011007871784530984
qwen35-9b,g24p2_163,g24p2_163_minus,minus,exclude_post,6.492114058366067
qwen35-9b,g24p2_163,g24p2_163_minus,minus,strong_exclude_post,1.365898076599174
qwen35-9b,g24p2_163,g24p2_163_minus,minus,counterfactual_delete_post,1.7430159539051284
qwen35-9b,g24p2_164,g24p2_164_plus,plus,base,13.362896633848658
qwen35-9b,g24p2_164,g24p2_164_plus,plus,admit_post,99.6768993960407
qwen35-9b,g24p2_164,g24p2_164_plus,plus,exclude_post,98.42363577005311
qwen35-9b,g24p2_164,g24p2_164_plus,plus,strong_exclude_post,99.08358837968723
qwen35-9b,g24p2_164,g24p2_164_plus,plus,counterfactual_delete_post,98.89121823301343
qwen35-9b,g24p2_164,g24p2_164_minus,minus,admit_post,3.999759426535718
qwen35-9b,g24p2_164,g24p2_164_minus,minus,exclude_post,5.749066945625949
qwen35-9b,g24p2_164,g24p2_164_minus,minus,strong_exclude_post,4.713274530914696
qwen35-9b,g24p2_164,g24p2_164_minus,minus,counterfactual_delete_post,10.213625977923593
qwen35-9b,g24p2_165,g24p2_165_plus,plus,base,4.455108746116813
qwen35-9b,g24p2_165,g24p2_165_plus,plus,admit_post,99.55782715108487
qwen35-9b,g24p2_165,g24p2_165_plus,plus,exclude_post,35.115996561391825
qwen35-9b,g24p2_165,g24p2_165_plus,plus,strong_exclude_post,97.0471570995226
qwen35-9b,g24p2_165,g24p2_165_plus,plus,counterfactual_delete_post,98.74503646763898
qwen35-9b,g24p2_165,g24p2_165_minus,minus,admit_post,99.31196434008194
qwen35-9b,g24p2_165,g24p2_165_minus,minus,exclude_post,32.477428841123235
qwen35-9b,g24p2_165,g24p2_165_minus,minus,strong_exclude_post,5.5085894532295345
qwen35-9b,g24p2_165,g24p2_165_minus,minus,counterfactual_delete_post,98.8853112554749
qwen35-9b,g24p2_167,g24p2_167_plus,plus,base,27.80806148801499
qwen35-9b,g24p2_167,g24p2_167_plus,plus,admit_post,99.22250617221187
qwen35-9b,g24p2_167,g24p2_167_plus,plus,exclude_post,11.481155884306972
qwen35-9b,g24p2_167,g24p2_167_plus,plus,strong_exclude_post,18.8940690686048
qwen35-9b,g24p2_167,g24p2_167_plus,plus,counterfactual_delete_post,96.84810646327037
qwen35-9b,g24p2_167,g24p2_167_minus,minus,admit_post,22.444276671862994
qwen35-9b,g24p2_167,g24p2_167_minus,minus,exclude_post,18.49509573907159
qwen35-9b,g24p2_167,g24p2_167_minus,minus,strong_exclude_post,28.112400955592054
qwen35-9b,g24p2_167,g24p2_167_minus,minus,counterfactual_delete_post,2.9125731619372295
qwen35-9b,g24p2_169,g24p2_169_plus,plus,base,0.6205673916570736
qwen35-9b,g24p2_169,g24p2_169_plus,plus,admit_post,99.97437324728884
qwen35-9b,g24p2_169,g24p2_169_plus,plus,exclude_post,99.84792095351754
qwen35-9b,g24p2_169,g24p2_169_plus,plus,strong_exclude_post,34.18410340983376
qwen35-9b,g24p2_169,g24p2_169_plus,plus,counterfactual_delete_post,9.521465775668894
qwen35-9b,g24p2_169,g24p2_169_minus,minus,admit_post,0.4961756792403517
qwen35-9b,g24p2_169,g24p2_169_minus,minus,exclude_post,0.019767867115027062
qwen35-9b,g24p2_169,g24p2_169_minus,minus,strong_exclude_post,40.751575665868074
qwen35-9b,g24p2_169,g24p2_169_minus,minus,counterfactual_delete_post,3.8784468400733285
qwen35-9b,g24p2_170,g24p2_170_plus,plus,base,1.8810065850094821
qwen35-9b,g24p2_170,g24p2_170_plus,plus,admit_post,99.09159502212107
qwen35-9b,g24p2_170,g24p2_170_plus,plus,exclude_post,6.535408851535416
qwen35-9b,g24p2_170,g24p2_170_plus,plus,strong_exclude_post,0.9298211425286104
qwen35-9b,g24p2_170,g24p2_170_plus,plus,counterfactual_delete_post,97.70956227237855
qwen35-9b,g24p2_170,g24p2_170_minus,minus,admit_post,97.73697832215791
qwen35-9b,g24p2_170,g24p2_170_minus,minus,exclude_post,29.024291639411665
qwen35-9b,g24p2_170,g24p2_170_minus,minus,strong_exclude_post,13.560217505380873
qwen35-9b,g24p2_170,g24p2_170_minus,minus,counterfactual_delete_post,2.5524560193265105
qwen35-9b,g24p2_171,g24p2_171_plus,plus,base,1.3097445979324953
qwen35-9b,g24p2_171,g24p2_171_plus,plus,admit_post,99.67220161608255
qwen35-9b,g24p2_171,g24p2_171_plus,plus,exclude_post,95.75185094737273
qwen35-9b,g24p2_171,g24p2_171_plus,plus,strong_exclude_post,31.88250048485426
qwen35-9b,g24p2_171,g24p2_171_plus,plus,counterfactual_delete_post,50.070049643142035
qwen35-9b,g24p2_171,g24p2_171_minus,minus,admit_post,1.6213288245425286
qwen35-9b,g24p2_171,g24p2_171_minus,minus,exclude_post,8.1815621151432
qwen35-9b,g24p2_171,g24p2_171_minus,minus,strong_exclude_post,2.540995676394936
qwen35-9b,g24p2_171,g24p2_171_minus,minus,counterfactual_delete_post,93.14024096340685
qwen35-9b,g24p2_172,g24p2_172_plus,plus,base,7.58516411597709
qwen35-9b,g24p2_172,g24p2_172_plus,plus,admit_post,96.11578638948741
qwen35-9b,g24p2_172,g24p2_172_plus,plus,exclude_post,7.787298098356977
qwen35-9b,g24p2_172,g24p2_172_plus,plus,strong_exclude_post,41.663317932923526
qwen35-9b,g24p2_172,g24p2_172_plus,plus,counterfactual_delete_post,36.29630926037142
qwen35-9b,g24p2_172,g24p2_172_minus,minus,admit_post,1.9403212031705266
qwen35-9b,g24p2_172,g24p2_172_minus,minus,exclude_post,12.324323036111387
qwen35-9b,g24p2_172,g24p2_172_minus,minus,strong_exclude_post,39.057983361382945
qwen35-9b,g24p2_172,g24p2_172_minus,minus,counterfactual_delete_post,54.61189907147806
qwen35-9b,g24p2_174,g24p2_174_plus,plus,base,21.03736378563322
qwen35-9b,g24p2_174,g24p2_174_plus,plus,admit_post,98.35113596214431
qwen35-9b,g24p2_174,g24p2_174_plus,plus,exclude_post,31.21978267001758
qwen35-9b,g24p2_174,g24p2_174_plus,plus,strong_exclude_post,90.89823194409115
qwen35-9b,g24p2_174,g24p2_174_plus,plus,counterfactual_delete_post,97.54849847958873
qwen35-9b,g24p2_174,g24p2_174_minus,minus,admit_post,8.48431036116666
qwen35-9b,g24p2_174,g24p2_174_minus,minus,exclude_post,17.683248937779698
qwen35-9b,g24p2_174,g24p2_174_minus,minus,strong_exclude_post,24.19409377204497
qwen35-9b,g24p2_174,g24p2_174_minus,minus,counterfactual_delete_post,96.03784339560167
qwen35-9b,g24p2_175,g24p2_175_plus,plus,base,98.28044392006697
qwen35-9b,g24p2_175,g24p2_175_plus,plus,admit_post,99.13151703137666
qwen35-9b,g24p2_175,g24p2_175_plus,plus,exclude_post,98.76314034056773
qwen35-9b,g24p2_175,g24p2_175_plus,plus,strong_exclude_post,98.1394155916447
qwen35-9b,g24p2_175,g24p2_175_plus,plus,counterfactual_delete_post,98.50522170553691
qwen35-9b,g24p2_175,g24p2_175_minus,minus,admit_post,3.2086970494746065
qwen35-9b,g24p2_175,g24p2_175_minus,minus,exclude_post,15.18958549232177
qwen35-9b,g24p2_175,g24p2_175_minus,minus,strong_exclude_post,18.271329090918908
qwen35-9b,g24p2_175,g24p2_175_minus,minus,counterfactual_delete_post,11.434039128574032
qwen35-9b,g24p2_176,g24p2_176_plus,plus,base,99.90388892811768
qwen35-9b,g24p2_176,g24p2_176_plus,plus,admit_post,98.8409588922616
qwen35-9b,g24p2_176,g24p2_176_plus,plus,exclude_post,98.57400119568649
qwen35-9b,g24p2_176,g24p2_176_plus,plus,strong_exclude_post,99.25579506097601
qwen35-9b,g24p2_176,g24p2_176_plus,plus,counterfactual_delete_post,99.67176317197506
qwen35-9b,g24p2_176,g24p2_176_minus,minus,admit_post,5.189561276757936
qwen35-9b,g24p2_176,g24p2_176_minus,minus,exclude_post,19.871860122752548
qwen35-9b,g24p2_176,g24p2_176_minus,minus,strong_exclude_post,7.805234301489007
qwen35-9b,g24p2_176,g24p2_176_minus,minus,counterfactual_delete_post,14.662239420063619
qwen35-9b,g24p2_177,g24p2_177_plus,plus,base,97.60700977069133
qwen35-9b,g24p2_177,g24p2_177_plus,plus,admit_post,98.67822854362504
qwen35-9b,g24p2_177,g24p2_177_plus,plus,exclude_post,32.723066818891674
qwen35-9b,g24p2_177,g24p2_177_plus,plus,strong_exclude_post,98.97321363410164
qwen35-9b,g24p2_177,g24p2_177_plus,plus,counterfactual_delete_post,99.6487140920624
qwen35-9b,g24p2_177,g24p2_177_minus,minus,admit_post,1.4317226039354654
qwen35-9b,g24p2_177,g24p2_177_minus,minus,exclude_post,7.993731611058771
qwen35-9b,g24p2_177,g24p2_177_minus,minus,strong_exclude_post,96.97617345188968
qwen35-9b,g24p2_177,g24p2_177_minus,minus,counterfactual_delete_post,1.6943318237967526
qwen35-9b,g24p2_178,g24p2_178_plus,plus,base,3.2148547429288876
qwen35-9b,g24p2_178,g24p2_178_plus,plus,admit_post,98.54677128313733
qwen35-9b,g24p2_178,g24p2_178_plus,plus,exclude_post,21.20191714202352
qwen35-9b,g24p2_178,g24p2_178_plus,plus,strong_exclude_post,7.631616749425728
qwen35-9b,g24p2_178,g24p2_178_plus,plus,counterfactual_delete_post,98.56207072873941
qwen35-9b,g24p2_178,g24p2_178_minus,minus,admit_post,0.3487269137488545
qwen35-9b,g24p2_178,g24p2_178_minus,minus,exclude_post,0.017861862097502117
qwen35-9b,g24p2_178,g24p2_178_minus,minus,strong_exclude_post,1.508366228669023
qwen35-9b,g24p2_178,g24p2_178_minus,minus,counterfactual_delete_post,98.06142453438741
qwen35-9b,g24p2_179,g24p2_179_plus,plus,base,16.977200768155438
qwen35-9b,g24p2_179,g24p2_179_plus,plus,admit_post,98.37325683703284
qwen35-9b,g24p2_179,g24p2_179_plus,plus,exclude_post,2.0920621477254953
qwen35-9b,g24p2_179,g24p2_179_plus,plus,strong_exclude_post,39.416746747930986
qwen35-9b,g24p2_179,g24p2_179_plus,plus,counterfactual_delete_post,97.7336206420284
qwen35-9b,g24p2_179,g24p2_179_minus,minus,admit_post,3.6275978856873508
qwen35-9b,g24p2_179,g24p2_179_minus,minus,exclude_post,4.615168477177177
qwen35-9b,g24p2_179,g24p2_179_minus,minus,strong_exclude_post,4.19040368179348
qwen35-9b,g24p2_179,g24p2_179_minus,minus,counterfactual_delete_post,1.4831902050667243
qwen35-9b,g24p2_180,g24p2_180_plus,plus,base,9.779284491971492
qwen35-9b,g24p2_180,g24p2_180_plus,plus,admit_post,4.239778878970638
qwen35-9b,g24p2_180,g24p2_180_plus,plus,exclude_post,13.073005294469827
qwen35-9b,g24p2_180,g24p2_180_plus,plus,strong_exclude_post,39.8782917587268
qwen35-9b,g24p2_180,g24p2_180_plus,plus,counterfactual_delete_post,97.41743574637601
qwen35-9b,g24p2_180,g24p2_180_minus,minus,admit_post,94.63486006350503
qwen35-9b,g24p2_180,g24p2_180_minus,minus,exclude_post,9.850262585678832
qwen35-9b,g24p2_180,g24p2_180_minus,minus,strong_exclude_post,38.717569426234114
qwen35-9b,g24p2_180,g24p2_180_minus,minus,counterfactual_delete_post,2.62022722224888
qwen35-9b,g24p2_181,g24p2_181_plus,plus,base,0.6616513139873713
qwen35-9b,g24p2_181,g24p2_181_plus,plus,admit_post,99.50711173630312
qwen35-9b,g24p2_181,g24p2_181_plus,plus,exclude_post,25.27815805663385
qwen35-9b,g24p2_181,g24p2_181_plus,plus,strong_exclude_post,16.430559502743268
qwen35-9b,g24p2_181,g24p2_181_plus,plus,counterfactual_delete_post,2.2315036206478744
qwen35-9b,g24p2_181,g24p2_181_minus,minus,admit_post,0.22629052168159258
qwen35-9b,g24p2_181,g24p2_181_minus,minus,exclude_post,1.2363627208988517
qwen35-9b,g24p2_181,g24p2_181_minus,minus,strong_exclude_post,0.35412033938327475
qwen35-9b,g24p2_181,g24p2_181_minus,minus,counterfactual_delete_post,1.1493890298681029
qwen35-9b,g24p2_184,g24p2_184_plus,plus,base,0.26663667538603286
qwen35-9b,g24p2_184,g24p2_184_plus,plus,admit_post,98.28781395570662
qwen35-9b,g24p2_184,g24p2_184_plus,plus,exclude_post,8.181842911978428
qwen35-9b,g24p2_184,g24p2_184_plus,plus,strong_exclude_post,0.2500688412517964
qwen35-9b,g24p2_184,g24p2_184_plus,plus,counterfactual_delete_post,43.80460756093325
qwen35-9b,g24p2_184,g24p2_184_minus,minus,admit_post,0.013936649361230926
qwen35-9b,g24p2_184,g24p2_184_minus,minus,exclude_post,0.01759773953472126
qwen35-9b,g24p2_184,g24p2_184_minus,minus,strong_exclude_post,5.020256428898289
qwen35-9b,g24p2_184,g24p2_184_minus,minus,counterfactual_delete_post,2.063261815641244
qwen35-9b,g24p2_185,g24p2_185_plus,plus,base,99.1169412748384
qwen35-9b,g24p2_185,g24p2_185_plus,plus,admit_post,99.01164854925797
qwen35-9b,g24p2_185,g24p2_185_plus,plus,exclude_post,25.135742659097385
qwen35-9b,g24p2_185,g24p2_185_plus,plus,strong_exclude_post,41.64968008171646
qwen35-9b,g24p2_185,g24p2_185_plus,plus,counterfactual_delete_post,42.40284947822826
qwen35-9b,g24p2_185,g24p2_185_minus,minus,admit_post,0.006792905286449914
qwen35-9b,g24p2_185,g24p2_185_minus,minus,exclude_post,5.918521451300338
qwen35-9b,g24p2_185,g24p2_185_minus,minus,strong_exclude_post,42.48843835385131
qwen35-9b,g24p2_185,g24p2_185_minus,minus,counterfactual_delete_post,43.59463200046016
qwen35-9b,g24p2_186,g24p2_186_plus,plus,base,97.8728587523597
qwen35-9b,g24p2_186,g24p2_186_plus,plus,admit_post,99.50450831480698
qwen35-9b,g24p2_186,g24p2_186_plus,plus,exclude_post,32.877747693903025
qwen35-9b,g24p2_186,g24p2_186_plus,plus,strong_exclude_post,98.27923171954548
qwen35-9b,g24p2_186,g24p2_186_plus,plus,counterfactual_delete_post,97.5645332050942
qwen35-9b,g24p2_186,g24p2_186_minus,minus,admit_post,0.9323699389474918
qwen35-9b,g24p2_186,g24p2_186_minus,minus,exclude_post,44.354696493168575
qwen35-9b,g24p2_186,g24p2_186_minus,minus,strong_exclude_post,2.5080483592154703
qwen35-9b,g24p2_186,g24p2_186_minus,minus,counterfactual_delete_post,52.469539187859766
qwen35-9b,g24p2_187,g24p2_187_plus,plus,base,14.915341590016531
qwen35-9b,g24p2_187,g24p2_187_plus,plus,admit_post,99.20351566769804
qwen35-9b,g24p2_187,g24p2_187_plus,plus,exclude_post,2.939283542370514
qwen35-9b,g24p2_187,g24p2_187_plus,plus,strong_exclude_post,11.158546965909357
qwen35-9b,g24p2_187,g24p2_187_plus,plus,counterfactual_delete_post,98.43945971886886
qwen35-9b,g24p2_187,g24p2_187_minus,minus,admit_post,8.794096485765172
qwen35-9b,g24p2_187,g24p2_187_minus,minus,exclude_post,3.602137091192284
qwen35-9b,g24p2_187,g24p2_187_minus,minus,strong_exclude_post,19.825997067921914
qwen35-9b,g24p2_187,g24p2_187_minus,minus,counterfactual_delete_post,2.449527486572641
qwen35-9b,g24p2_189,g24p2_189_plus,plus,base,98.15710569080701
qwen35-9b,g24p2_189,g24p2_189_plus,plus,admit_post,99.67156901157358
qwen35-9b,g24p2_189,g24p2_189_plus,plus,exclude_post,90.43751163131294
qwen35-9b,g24p2_189,g24p2_189_plus,plus,strong_exclude_post,39.60454903237875
qwen35-9b,g24p2_189,g24p2_189_plus,plus,counterfactual_delete_post,99.07898199452255
qwen35-9b,g24p2_189,g24p2_189_minus,minus,admit_post,0.009049887652722305
qwen35-9b,g24p2_189,g24p2_189_minus,minus,exclude_post,7.519893731685986
qwen35-9b,g24p2_189,g24p2_189_minus,minus,strong_exclude_post,42.088062119047066
qwen35-9b,g24p2_189,g24p2_189_minus,minus,counterfactual_delete_post,96.3373677132908
qwen35-9b,g24p2_190,g24p2_190_plus,plus,base,4.013591007591879
qwen35-9b,g24p2_190,g24p2_190_plus,plus,admit_post,99.1738604923313
qwen35-9b,g24p2_190,g24p2_190_plus,plus,exclude_post,29.906315007691212
qwen35-9b,g24p2_190,g24p2_190_plus,plus,strong_exclude_post,95.9477699854581
qwen35-9b,g24p2_190,g24p2_190_plus,plus,counterfactual_delete_post,97.53696467977612
qwen35-9b,g24p2_190,g24p2_190_minus,minus,admit_post,0.010789394406847185
qwen35-9b,g24p2_190,g24p2_190_minus,minus,exclude_post,99.96484395600369
qwen35-9b,g24p2_190,g24p2_190_minus,minus,strong_exclude_post,3.1872482836006775
qwen35-9b,g24p2_190,g24p2_190_minus,minus,counterfactual_delete_post,86.2996887685613
qwen35-9b,g24p2_191,g24p2_191_plus,plus,base,62.50158363545419
qwen35-9b,g24p2_191,g24p2_191_plus,plus,admit_post,96.63918312158128
qwen35-9b,g24p2_191,g24p2_191_plus,plus,exclude_post,38.75819683507572
qwen35-9b,g24p2_191,g24p2_191_plus,plus,strong_exclude_post,43.57757615074806
qwen35-9b,g24p2_191,g24p2_191_plus,plus,counterfactual_delete_post,37.31955212159079
qwen35-9b,g24p2_191,g24p2_191_minus,minus,admit_post,0.019985496074316253
qwen35-9b,g24p2_191,g24p2_191_minus,minus,exclude_post,41.8988929863338
qwen35-9b,g24p2_191,g24p2_191_minus,minus,strong_exclude_post,43.50059220864297
qwen35-9b,g24p2_191,g24p2_191_minus,minus,counterfactual_delete_post,0.016664794020593843
qwen35-9b,g24p2_192,g24p2_192_plus,plus,base,0.915383933734598
qwen35-9b,g24p2_192,g24p2_192_plus,plus,admit_post,98.63144027105317
qwen35-9b,g24p2_192,g24p2_192_plus,plus,exclude_post,4.4111469360777615
qwen35-9b,g24p2_192,g24p2_192_plus,plus,strong_exclude_post,25.938030019057592
qwen35-9b,g24p2_192,g24p2_192_plus,plus,counterfactual_delete_post,97.86715854676501
qwen35-9b,g24p2_192,g24p2_192_minus,minus,admit_post,98.49812563638613
qwen35-9b,g24p2_192,g24p2_192_minus,minus,exclude_post,99.19200010551752
qwen35-9b,g24p2_192,g24p2_192_minus,minus,strong_exclude_post,37.65485512564338
qwen35-9b,g24p2_192,g24p2_192_minus,minus,counterfactual_delete_post,97.29176769555261
qwen35-9b,g24p2_193,g24p2_193_plus,plus,base,98.58189127273053
qwen35-9b,g24p2_193,g24p2_193_plus,plus,admit_post,98.86158955884265
qwen35-9b,g24p2_193,g24p2_193_plus,plus,exclude_post,1.8706937160175516
qwen35-9b,g24p2_193,g24p2_193_plus,plus,strong_exclude_post,95.37943101183838
qwen35-9b,g24p2_193,g24p2_193_plus,plus,counterfactual_delete_post,98.61042399981633
qwen35-9b,g24p2_193,g24p2_193_minus,minus,admit_post,22.478794456303685
qwen35-9b,g24p2_193,g24p2_193_minus,minus,exclude_post,9.397877255352453
qwen35-9b,g24p2_193,g24p2_193_minus,minus,strong_exclude_post,36.55984650119783
qwen35-9b,g24p2_193,g24p2_193_minus,minus,counterfactual_delete_post,96.91049333274353
qwen35-9b,g24p2_194,g24p2_194_plus,plus,base,21.16694728452561
qwen35-9b,g24p2_194,g24p2_194_plus,plus,admit_post,8.175254789542695
qwen35-9b,g24p2_194,g24p2_194_plus,plus,exclude_post,30.651981283965895
qwen35-9b,g24p2_194,g24p2_194_plus,plus,strong_exclude_post,4.922734289349545
qwen35-9b,g24p2_194,g24p2_194_plus,plus,counterfactual_delete_post,16.414279681452747
qwen35-9b,g24p2_194,g24p2_194_minus,minus,admit_post,0.0063639593793655665
qwen35-9b,g24p2_194,g24p2_194_minus,minus,exclude_post,32.45204071544236
qwen35-9b,g24p2_194,g24p2_194_minus,minus,strong_exclude_post,4.081201058767835
qwen35-9b,g24p2_194,g24p2_194_minus,minus,counterfactual_delete_post,13.970987441413893
qwen35-9b,g24p2_196,g24p2_196_plus,plus,base,0.9475157317969894
qwen35-9b,g24p2_196,g24p2_196_plus,plus,admit_post,99.0178026038287
qwen35-9b,g24p2_196,g24p2_196_plus,plus,exclude_post,3.786480230995435
qwen35-9b,g24p2_196,g24p2_196_plus,plus,strong_exclude_post,33.79680117767483
qwen35-9b,g24p2_196,g24p2_196_plus,plus,counterfactual_delete_post,97.8047783425248
qwen35-9b,g24p2_196,g24p2_196_minus,minus,admit_post,74.76501668842292
qwen35-9b,g24p2_196,g24p2_196_minus,minus,exclude_post,2.8600120838040866
qwen35-9b,g24p2_196,g24p2_196_minus,minus,strong_exclude_post,3.4188700909891705
qwen35-9b,g24p2_196,g24p2_196_minus,minus,counterfactual_delete_post,2.1541225555022394
qwen35-9b,g24p2_198,g24p2_198_plus,plus,base,2.290749854690383
qwen35-9b,g24p2_198,g24p2_198_plus,plus,admit_post,99.1273185193633
qwen35-9b,g24p2_198,g24p2_198_plus,plus,exclude_post,31.19113127088736
qwen35-9b,g24p2_198,g24p2_198_plus,plus,strong_exclude_post,3.659579591487825
qwen35-9b,g24p2_198,g24p2_198_plus,plus,counterfactual_delete_post,98.4903580846664
qwen35-9b,g24p2_198,g24p2_198_minus,minus,admit_post,2.108937492196102
qwen35-9b,g24p2_198,g24p2_198_minus,minus,exclude_post,10.938580409892618
qwen35-9b,g24p2_198,g24p2_198_minus,minus,strong_exclude_post,2.4614157599405506
qwen35-9b,g24p2_198,g24p2_198_minus,minus,counterfactual_delete_post,4.265607161893914
qwen35-9b,g24p2_200,g24p2_200_plus,plus,base,97.78059672896364
qwen35-9b,g24p2_200,g24p2_200_plus,plus,admit_post,98.73488318594731
qwen35-9b,g24p2_200,g24p2_200_plus,plus,exclude_post,13.513031802401636
qwen35-9b,g24p2_200,g24p2_200_plus,plus,strong_exclude_post,3.501602597859973
qwen35-9b,g24p2_200,g24p2_200_plus,plus,counterfactual_delete_post,98.20236959782366
qwen35-9b,g24p2_200,g24p2_200_minus,minus,admit_post,47.57961159690049
qwen35-9b,g24p2_200,g24p2_200_minus,minus,exclude_post,7.2714426298062875
qwen35-9b,g24p2_200,g24p2_200_minus,minus,strong_exclude_post,15.57590879929899
qwen35-9b,g24p2_200,g24p2_200_minus,minus,counterfactual_delete_post,14.666862473197328
qwen35-9b,g24p2_201,g24p2_201_plus,plus,base,0.12155433315567883
qwen35-9b,g24p2_201,g24p2_201_plus,plus,admit_post,98.24522453097728
qwen35-9b,g24p2_201,g24p2_201_plus,plus,exclude_post,6.999398677107846
qwen35-9b,g24p2_201,g24p2_201_plus,plus,strong_exclude_post,8.336458323980924
qwen35-9b,g24p2_201,g24p2_201_plus,plus,counterfactual_delete_post,39.626823037599465
qwen35-9b,g24p2_201,g24p2_201_minus,minus,admit_post,13.629107846808678
qwen35-9b,g24p2_201,g24p2_201_minus,minus,exclude_post,0.3828726145776625
qwen35-9b,g24p2_201,g24p2_201_minus,minus,strong_exclude_post,0.7324940064455614
qwen35-9b,g24p2_201,g24p2_201_minus,minus,counterfactual_delete_post,0.8325406921618215
qwen35-9b,g24p2_202,g24p2_202_plus,plus,base,0.121352970551005
qwen35-9b,g24p2_202,g24p2_202_plus,plus,admit_post,99.07809880863061
qwen35-9b,g24p2_202,g24p2_202_plus,plus,exclude_post,0.7620290763250455
qwen35-9b,g24p2_202,g24p2_202_plus,plus,strong_exclude_post,0.840279434135982
qwen35-9b,g24p2_202,g24p2_202_plus,plus,counterfactual_delete_post,1.3037742714552292
qwen35-9b,g24p2_202,g24p2_202_minus,minus,admit_post,0.24945625300293964
qwen35-9b,g24p2_202,g24p2_202_minus,minus,exclude_post,3.072252158698641
qwen35-9b,g24p2_202,g24p2_202_minus,minus,strong_exclude_post,1.1562848487050041
qwen35-9b,g24p2_202,g24p2_202_minus,minus,counterfactual_delete_post,0.6309754044119882
qwen35-9b,g24p2_203,g24p2_203_plus,plus,base,56.13854918313169
qwen35-9b,g24p2_203,g24p2_203_plus,plus,admit_post,97.91995223057621
qwen35-9b,g24p2_203,g24p2_203_plus,plus,exclude_post,9.636244016761609
qwen35-9b,g24p2_203,g24p2_203_plus,plus,strong_exclude_post,61.83535761685065
qwen35-9b,g24p2_203,g24p2_203_plus,plus,counterfactual_delete_post,39.92511778755829
qwen35-9b,g24p2_203,g24p2_203_minus,minus,admit_post,0.005035740415452654
qwen35-9b,g24p2_203,g24p2_203_minus,minus,exclude_post,0.7975836158765097
qwen35-9b,g24p2_203,g24p2_203_minus,minus,strong_exclude_post,0.5929473351857606
qwen35-9b,g24p2_203,g24p2_203_minus,minus,counterfactual_delete_post,0.33130109761489274
qwen35-9b,g24p2_204,g24p2_204_plus,plus,base,99.41266740245997
qwen35-9b,g24p2_204,g24p2_204_plus,plus,admit_post,99.03020572628826
qwen35-9b,g24p2_204,g24p2_204_plus,plus,exclude_post,4.811823462401594
qwen35-9b,g24p2_204,g24p2_204_plus,plus,strong_exclude_post,96.5220813639801
qwen35-9b,g24p2_204,g24p2_204_plus,plus,counterfactual_delete_post,98.68302933094583
qwen35-9b,g24p2_204,g24p2_204_minus,minus,admit_post,14.434144145120493
qwen35-9b,g24p2_204,g24p2_204_minus,minus,exclude_post,5.283707693354715
qwen35-9b,g24p2_204,g24p2_204_minus,minus,strong_exclude_post,35.53698839108915
qwen35-9b,g24p2_204,g24p2_204_minus,minus,counterfactual_delete_post,90.32932521549392
qwen35-9b,g24p2_207,g24p2_207_plus,plus,base,43.02169283464607
qwen35-9b,g24p2_207,g24p2_207_plus,plus,admit_post,58.841082724284405
qwen35-9b,g24p2_207,g24p2_207_plus,plus,exclude_post,59.10241127240623
qwen35-9b,g24p2_207,g24p2_207_plus,plus,strong_exclude_post,35.347018632792675
qwen35-9b,g24p2_207,g24p2_207_plus,plus,counterfactual_delete_post,43.63246203196484
qwen35-9b,g24p2_207,g24p2_207_minus,minus,admit_post,44.58777064927969
qwen35-9b,g24p2_207,g24p2_207_minus,minus,exclude_post,34.379125666072895
qwen35-9b,g24p2_207,g24p2_207_minus,minus,strong_exclude_post,23.80182570020774
qwen35-9b,g24p2_207,g24p2_207_minus,minus,counterfactual_delete_post,38.85867647020157
qwen35-9b,g24p2_208,g24p2_208_plus,plus,base,20.86868685088704
qwen35-9b,g24p2_208,g24p2_208_plus,plus,admit_post,99.44957928328643
qwen35-9b,g24p2_208,g24p2_208_plus,plus,exclude_post,23.425595855182053
qwen35-9b,g24p2_208,g24p2_208_plus,plus,strong_exclude_post,98.67405667108495
qwen35-9b,g24p2_208,g24p2_208_plus,plus,counterfactual_delete_post,89.54861550273883
qwen35-9b,g24p2_208,g24p2_208_minus,minus,admit_post,10.254946853233331
qwen35-9b,g24p2_208,g24p2_208_minus,minus,exclude_post,8.291546558038473
qwen35-9b,g24p2_208,g24p2_208_minus,minus,strong_exclude_post,13.589700289681446
qwen35-9b,g24p2_208,g24p2_208_minus,minus,counterfactual_delete_post,1.692477015348151
qwen35-9b,g24p2_211,g24p2_211_plus,plus,base,1.2827652132755492
qwen35-9b,g24p2_211,g24p2_211_plus,plus,admit_post,97.97764157650653
qwen35-9b,g24p2_211,g24p2_211_plus,plus,exclude_post,18.166149431637
qwen35-9b,g24p2_211,g24p2_211_plus,plus,strong_exclude_post,0.12674856529774997
qwen35-9b,g24p2_211,g24p2_211_plus,plus,counterfactual_delete_post,0.2933049831699527
qwen35-9b,g24p2_211,g24p2_211_minus,minus,admit_post,0.007439118683548742
qwen35-9b,g24p2_211,g24p2_211_minus,minus,exclude_post,0.002153132495732301
qwen35-9b,g24p2_211,g24p2_211_minus,minus,strong_exclude_post,1.1878788459534881
qwen35-9b,g24p2_211,g24p2_211_minus,minus,counterfactual_delete_post,0.9260237230178121
qwen35-9b,g24p2_213,g24p2_213_plus,plus,base,0.7646943225039144
qwen35-9b,g24p2_213,g24p2_213_plus,plus,admit_post,97.8255688895982
qwen35-9b,g24p2_213,g24p2_213_plus,plus,exclude_post,59.79082237799288
qwen35-9b,g24p2_213,g24p2_213_plus,plus,strong_exclude_post,8.515662354111559
qwen35-9b,g24p2_213,g24p2_213_plus,plus,counterfactual_delete_post,34.411385069257044
qwen35-9b,g24p2_213,g24p2_213_minus,minus,admit_post,98.76240386754225
qwen35-9b,g24p2_213,g24p2_213_minus,minus,exclude_post,53.202232255177535
qwen35-9b,g24p2_213,g24p2_213_minus,minus,strong_exclude_post,10.735905292392879
qwen35-9b,g24p2_213,g24p2_213_minus,minus,counterfactual_delete_post,5.863515183726439
qwen35-9b,g24p2_214,g24p2_214_plus,plus,base,0.1695071888829688
qwen35-9b,g24p2_214,g24p2_214_plus,plus,admit_post,97.21547294742588
qwen35-9b,g24p2_214,g24p2_214_plus,plus,exclude_post,9.020199154585978
qwen35-9b,g24p2_214,g24p2_214_plus,plus,strong_exclude_post,2.330663041925243
qwen35-9b,g24p2_214,g24p2_214_plus,plus,counterfactual_delete_post,1.7734577899062236
qwen35-9b,g24p2_214,g24p2_214_minus,minus,admit_post,16.875118379212882
qwen35-9b,g24p2_214,g24p2_214_minus,minus,exclude_post,9.397632037256026
qwen35-9b,g24p2_214,g24p2_214_minus,minus,strong_exclude_post,1.7421678646444043
qwen35-9b,g24p2_214,g24p2_214_minus,minus,counterfactual_delete_post,1.1563623047966767
qwen35-9b,g24p2_215,g24p2_215_plus,plus,base,26.400399411560578
qwen35-9b,g24p2_215,g24p2_215_plus,plus,admit_post,98.5318233537322
qwen35-9b,g24p2_215,g24p2_215_plus,plus,exclude_post,43.368600746284855
qwen35-9b,g24p2_215,g24p2_215_plus,plus,strong_exclude_post,97.44329926550753
qwen35-9b,g24p2_215,g24p2_215_plus,plus,counterfactual_delete_post,97.15125074787994
qwen35-9b,g24p2_215,g24p2_215_minus,minus,admit_post,0.831592316704192
qwen35-9b,g24p2_215,g24p2_215_minus,minus,exclude_post,0.011862835727108216
qwen35-9b,g24p2_215,g24p2_215_minus,minus,strong_exclude_post,38.05348648542097
qwen35-9b,g24p2_215,g24p2_215_minus,minus,counterfactual_delete_post,5.080880800937156
qwen35-9b,g24p2_216,g24p2_216_plus,plus,base,87.22953500161118
qwen35-9b,g24p2_216,g24p2_216_plus,plus,admit_post,96.8909334268178
qwen35-9b,g24p2_216,g24p2_216_plus,plus,exclude_post,20.391070898540015
qwen35-9b,g24p2_216,g24p2_216_plus,plus,strong_exclude_post,95.92681640737179
qwen35-9b,g24p2_216,g24p2_216_plus,plus,counterfactual_delete_post,90.06024232940828
qwen35-9b,g24p2_216,g24p2_216_minus,minus,admit_post,89.48994331796999
qwen35-9b,g24p2_216,g24p2_216_minus,minus,exclude_post,8.694178423166598
qwen35-9b,g24p2_216,g24p2_216_minus,minus,strong_exclude_post,27.91789553803084
qwen35-9b,g24p2_216,g24p2_216_minus,minus,counterfactual_delete_post,37.47834723652198
qwen35-9b,g24p2_217,g24p2_217_plus,plus,base,95.55674685035056
qwen35-9b,g24p2_217,g24p2_217_plus,plus,admit_post,99.10831286670532
qwen35-9b,g24p2_217,g24p2_217_plus,plus,exclude_post,32.77575336239884
qwen35-9b,g24p2_217,g24p2_217_plus,plus,strong_exclude_post,98.98723452331558
qwen35-9b,g24p2_217,g24p2_217_plus,plus,counterfactual_delete_post,97.8905243829183
qwen35-9b,g24p2_217,g24p2_217_minus,minus,admit_post,21.13033918335319
qwen35-9b,g24p2_217,g24p2_217_minus,minus,exclude_post,46.95293896703309
qwen35-9b,g24p2_217,g24p2_217_minus,minus,strong_exclude_post,89.8471635027688
qwen35-9b,g24p2_217,g24p2_217_minus,minus,counterfactual_delete_post,91.87896495542728
qwen35-9b,g24p2_218,g24p2_218_plus,plus,base,4.640874897274422
qwen35-9b,g24p2_218,g24p2_218_plus,plus,admit_post,99.17775577494658
qwen35-9b,g24p2_218,g24p2_218_plus,plus,exclude_post,0.006327166236995143
qwen35-9b,g24p2_218,g24p2_218_plus,plus,strong_exclude_post,35.02598970401532
qwen35-9b,g24p2_218,g24p2_218_plus,plus,counterfactual_delete_post,97.65738675113057
qwen35-9b,g24p2_218,g24p2_218_minus,minus,admit_post,89.71121102543117
qwen35-9b,g24p2_218,g24p2_218_minus,minus,exclude_post,5.685706795390233
qwen35-9b,g24p2_218,g24p2_218_minus,minus,strong_exclude_post,2.847438367324195
qwen35-9b,g24p2_218,g24p2_218_minus,minus,counterfactual_delete_post,2.9147279364029073
qwen35-9b,g24p2_219,g24p2_219_plus,plus,base,5.215371155165229
qwen35-9b,g24p2_219,g24p2_219_plus,plus,admit_post,99.98592071806901
qwen35-9b,g24p2_219,g24p2_219_plus,plus,exclude_post,20.760052795759197
qwen35-9b,g24p2_219,g24p2_219_plus,plus,strong_exclude_post,96.02013623370485
qwen35-9b,g24p2_219,g24p2_219_plus,plus,counterfactual_delete_post,97.53000828020072
qwen35-9b,g24p2_219,g24p2_219_minus,minus,admit_post,96.86250049808079
qwen35-9b,g24p2_219,g24p2_219_minus,minus,exclude_post,22.211050316953063
qwen35-9b,g24p2_219,g24p2_219_minus,minus,strong_exclude_post,92.37960762368823
qwen35-9b,g24p2_219,g24p2_219_minus,minus,counterfactual_delete_post,45.62303738457556
qwen35-9b,g24p2_220,g24p2_220_plus,plus,base,0.0828993199931091
qwen35-9b,g24p2_220,g24p2_220_plus,plus,admit_post,2.2721391059046088
qwen35-9b,g24p2_220,g24p2_220_plus,plus,exclude_post,1.4434749870336303
qwen35-9b,g24p2_220,g24p2_220_plus,plus,strong_exclude_post,0.7216999575172914
qwen35-9b,g24p2_220,g24p2_220_plus,plus,counterfactual_delete_post,0.7082726442519005
qwen35-9b,g24p2_220,g24p2_220_minus,minus,admit_post,0.6077373523649777
qwen35-9b,g24p2_220,g24p2_220_minus,minus,exclude_post,7.002263190766642
qwen35-9b,g24p2_220,g24p2_220_minus,minus,strong_exclude_post,0.9590220059642335
qwen35-9b,g24p2_220,g24p2_220_minus,minus,counterfactual_delete_post,1.0334474295245257
qwen35-9b,g24p2_223,g24p2_223_plus,plus,base,0.0025780729363732973
qwen35-9b,g24p2_223,g24p2_223_plus,plus,admit_post,98.52893972158854
qwen35-9b,g24p2_223,g24p2_223_plus,plus,exclude_post,0.014449320076711465
qwen35-9b,g24p2_223,g24p2_223_plus,plus,strong_exclude_post,97.28386443722712
qwen35-9b,g24p2_223,g24p2_223_plus,plus,counterfactual_delete_post,51.03617762039668
qwen35-9b,g24p2_223,g24p2_223_minus,minus,admit_post,5.800364836713474
qwen35-9b,g24p2_223,g24p2_223_minus,minus,exclude_post,2.845040450812721
qwen35-9b,g24p2_223,g24p2_223_minus,minus,strong_exclude_post,0.6912455304890458
qwen35-9b,g24p2_223,g24p2_223_minus,minus,counterfactual_delete_post,4.23629459955872
qwen35-9b,g24p2_224,g24p2_224_plus,plus,base,0.030556936650983538
qwen35-9b,g24p2_224,g24p2_224_plus,plus,admit_post,99.56966168434374
qwen35-9b,g24p2_224,g24p2_224_plus,plus,exclude_post,5.96583873852473
qwen35-9b,g24p2_224,g24p2_224_plus,plus,strong_exclude_post,0.2756196607851093
qwen35-9b,g24p2_224,g24p2_224_plus,plus,counterfactual_delete_post,0.4372468960757224
qwen35-9b,g24p2_224,g24p2_224_minus,minus,admit_post,5.091040570747317
qwen35-9b,g24p2_224,g24p2_224_minus,minus,exclude_post,9.183204675215412
qwen35-9b,g24p2_224,g24p2_224_minus,minus,strong_exclude_post,0.8198589564328373
qwen35-9b,g24p2_224,g24p2_224_minus,minus,counterfactual_delete_post,0.34013331114544487
qwen35-9b,g24p2_225,g24p2_225_plus,plus,base,97.61575472379464
qwen35-9b,g24p2_225,g24p2_225_plus,plus,admit_post,98.4745378351946
qwen35-9b,g24p2_225,g24p2_225_plus,plus,exclude_post,29.07371417602134
qwen35-9b,g24p2_225,g24p2_225_plus,plus,strong_exclude_post,1.9730699988282636
qwen35-9b,g24p2_225,g24p2_225_plus,plus,counterfactual_delete_post,97.11143366865146
qwen35-9b,g24p2_225,g24p2_225_minus,minus,admit_post,98.47191543902996
qwen35-9b,g24p2_225,g24p2_225_minus,minus,exclude_post,29.406702881654766
qwen35-9b,g24p2_225,g24p2_225_minus,minus,strong_exclude_post,2.3080356148636465
qwen35-9b,g24p2_225,g24p2_225_minus,minus,counterfactual_delete_post,97.16977027079284
qwen35-9b,g24p2_227,g24p2_227_plus,plus,base,15.319921666838518
qwen35-9b,g24p2_227,g24p2_227_plus,plus,admit_post,99.97716858290052
qwen35-9b,g24p2_227,g24p2_227_plus,plus,exclude_post,5.345912892909043
qwen35-9b,g24p2_227,g24p2_227_plus,plus,strong_exclude_post,6.02177263830588
qwen35-9b,g24p2_227,g24p2_227_plus,plus,counterfactual_delete_post,16.566086551326784
qwen35-9b,g24p2_227,g24p2_227_minus,minus,admit_post,5.327731316401379
qwen35-9b,g24p2_227,g24p2_227_minus,minus,exclude_post,7.349238981785586
qwen35-9b,g24p2_227,g24p2_227_minus,minus,strong_exclude_post,8.68347779007575
qwen35-9b,g24p2_227,g24p2_227_minus,minus,counterfactual_delete_post,2.1297620231722134
qwen35-9b,g24p2_228,g24p2_228_plus,plus,base,93.34374632580818
qwen35-9b,g24p2_228,g24p2_228_plus,plus,admit_post,98.97561491790051
qwen35-9b,g24p2_228,g24p2_228_plus,plus,exclude_post,0.5571646251821546
qwen35-9b,g24p2_228,g24p2_228_plus,plus,strong_exclude_post,3.684683914297942
qwen35-9b,g24p2_228,g24p2_228_plus,plus,counterfactual_delete_post,94.05737667515714
qwen35-9b,g24p2_228,g24p2_228_minus,minus,admit_post,9.460055407887658
qwen35-9b,g24p2_228,g24p2_228_minus,minus,exclude_post,2.7204296494801574
qwen35-9b,g24p2_228,g24p2_228_minus,minus,strong_exclude_post,17.180852423290464
qwen35-9b,g24p2_228,g24p2_228_minus,minus,counterfactual_delete_post,14.703596162948571
qwen35-9b,g24p2_230,g24p2_230_plus,plus,base,0.13799575893966884
qwen35-9b,g24p2_230,g24p2_230_plus,plus,admit_post,97.23328951819455
qwen35-9b,g24p2_230,g24p2_230_plus,plus,exclude_post,3.0296376765219177
qwen35-9b,g24p2_230,g24p2_230_plus,plus,strong_exclude_post,98.77789797092791
qwen35-9b,g24p2_230,g24p2_230_plus,plus,counterfactual_delete_post,98.9872543492698
qwen35-9b,g24p2_230,g24p2_230_minus,minus,admit_post,5.144938195068158
qwen35-9b,g24p2_230,g24p2_230_minus,minus,exclude_post,36.83063555574668
qwen35-9b,g24p2_230,g24p2_230_minus,minus,strong_exclude_post,36.395068920000995
qwen35-9b,g24p2_230,g24p2_230_minus,minus,counterfactual_delete_post,1.4415893365224188
qwen35-9b,g24p2_231,g24p2_231_plus,plus,base,98.33276280635437
qwen35-9b,g24p2_231,g24p2_231_plus,plus,admit_post,98.37060562857691
qwen35-9b,g24p2_231,g24p2_231_plus,plus,exclude_post,2.3186683639169456
qwen35-9b,g24p2_231,g24p2_231_plus,plus,strong_exclude_post,97.73734679851012
qwen35-9b,g24p2_231,g24p2_231_plus,plus,counterfactual_delete_post,96.84426013949395
qwen35-9b,g24p2_231,g24p2_231_minus,minus,admit_post,6.994385421264237
qwen35-9b,g24p2_231,g24p2_231_minus,minus,exclude_post,9.719053461488281
qwen35-9b,g24p2_231,g24p2_231_minus,minus,strong_exclude_post,3.43059548949728
qwen35-9b,g24p2_231,g24p2_231_minus,minus,counterfactual_delete_post,81.16240577132035
qwen35-9b,g24p2_232,g24p2_232_plus,plus,base,29.712823296557744
qwen35-9b,g24p2_232,g24p2_232_plus,plus,admit_post,98.17785814652424
qwen35-9b,g24p2_232,g24p2_232_plus,plus,exclude_post,36.820673644827544
qwen35-9b,g24p2_232,g24p2_232_plus,plus,strong_exclude_post,40.24125295332848
qwen35-9b,g24p2_232,g24p2_232_plus,plus,counterfactual_delete_post,44.563845793091055
qwen35-9b,g24p2_232,g24p2_232_minus,minus,admit_post,0.35343598128964593
qwen35-9b,g24p2_232,g24p2_232_minus,minus,exclude_post,2.7600976165282773
qwen35-9b,g24p2_232,g24p2_232_minus,minus,strong_exclude_post,42.87199459590455
qwen35-9b,g24p2_232,g24p2_232_minus,minus,counterfactual_delete_post,15.75034279151512
qwen35-9b,g24p2_233,g24p2_233_plus,plus,base,99.6487066044764
qwen35-9b,g24p2_233,g24p2_233_plus,plus,admit_post,99.81449992183119
qwen35-9b,g24p2_233,g24p2_233_plus,plus,exclude_post,16.306618069748755
qwen35-9b,g24p2_233,g24p2_233_plus,plus,strong_exclude_post,98.7745029167304
qwen35-9b,g24p2_233,g24p2_233_plus,plus,counterfactual_delete_post,98.16787242989344
qwen35-9b,g24p2_233,g24p2_233_minus,minus,admit_post,0.6411726064371217
qwen35-9b,g24p2_233,g24p2_233_minus,minus,exclude_post,98.79916353609228
qwen35-9b,g24p2_233,g24p2_233_minus,minus,strong_exclude_post,98.20139710950097
qwen35-9b,g24p2_233,g24p2_233_minus,minus,counterfactual_delete_post,98.87744289204247
qwen35-9b,g24p2_234,g24p2_234_plus,plus,base,44.04427662980558
qwen35-9b,g24p2_234,g24p2_234_plus,plus,admit_post,96.28128724923302
qwen35-9b,g24p2_234,g24p2_234_plus,plus,exclude_post,15.392368272091822
qwen35-9b,g24p2_234,g24p2_234_plus,plus,strong_exclude_post,96.18098770884386
qwen35-9b,g24p2_234,g24p2_234_plus,plus,counterfactual_delete_post,96.36046857942817
qwen35-9b,g24p2_234,g24p2_234_minus,minus,admit_post,17.459189064568424
qwen35-9b,g24p2_234,g24p2_234_minus,minus,exclude_post,25.94379306853479
qwen35-9b,g24p2_234,g24p2_234_minus,minus,strong_exclude_post,47.30878923489019
qwen35-9b,g24p2_234,g24p2_234_minus,minus,counterfactual_delete_post,37.60151476476978
qwen35-9b,g24p2_235,g24p2_235_plus,plus,base,97.45911736174823
qwen35-9b,g24p2_235,g24p2_235_plus,plus,admit_post,97.5836309771608
qwen35-9b,g24p2_235,g24p2_235_plus,plus,exclude_post,98.30805160373676
qwen35-9b,g24p2_235,g24p2_235_plus,plus,strong_exclude_post,97.53003223619206
qwen35-9b,g24p2_235,g24p2_235_plus,plus,counterfactual_delete_post,40.37205433169502
qwen35-9b,g24p2_235,g24p2_235_minus,minus,admit_post,0.9851614946948154
qwen35-9b,g24p2_235,g24p2_235_minus,minus,exclude_post,0.015107734008528495
qwen35-9b,g24p2_235,g24p2_235_minus,minus,strong_exclude_post,1.6397013197230814
qwen35-9b,g24p2_235,g24p2_235_minus,minus,counterfactual_delete_post,0.9725310068542211
qwen35-9b,g24p2_237,g24p2_237_plus,plus,base,35.026876118618375
qwen35-9b,g24p2_237,g24p2_237_plus,plus,admit_post,99.38706938802899
qwen35-9b,g24p2_237,g24p2_237_plus,plus,exclude_post,41.44822455713066
qwen35-9b,g24p2_237,g24p2_237_plus,plus,strong_exclude_post,41.77247881413301
qwen35-9b,g24p2_237,g24p2_237_plus,plus,counterfactual_delete_post,96.88414414809573
qwen35-9b,g24p2_237,g24p2_237_minus,minus,admit_post,7.859625660035819
qwen35-9b,g24p2_237,g24p2_237_minus,minus,exclude_post,31.92255992580581
qwen35-9b,g24p2_237,g24p2_237_minus,minus,strong_exclude_post,30.713011692588907
qwen35-9b,g24p2_237,g24p2_237_minus,minus,counterfactual_delete_post,1.3801504367500321
qwen35-9b,g24p2_238,g24p2_238_plus,plus,base,11.767585979827158
qwen35-9b,g24p2_238,g24p2_238_plus,plus,admit_post,99.9140555109159
qwen35-9b,g24p2_238,g24p2_238_plus,plus,exclude_post,33.08566366545121
qwen35-9b,g24p2_238,g24p2_238_plus,plus,strong_exclude_post,36.770417675877106
qwen35-9b,g24p2_238,g24p2_238_plus,plus,counterfactual_delete_post,98.97171786591409
qwen35-9b,g24p2_238,g24p2_238_minus,minus,admit_post,2.781095230808498
qwen35-9b,g24p2_238,g24p2_238_minus,minus,exclude_post,19.787522098543285
qwen35-9b,g24p2_238,g24p2_238_minus,minus,strong_exclude_post,6.7541902709956965
qwen35-9b,g24p2_238,g24p2_238_minus,minus,counterfactual_delete_post,35.12987526769907
qwen35-9b,g24p2_239,g24p2_239_plus,plus,base,97.9125048958124
qwen35-9b,g24p2_239,g24p2_239_plus,plus,admit_post,99.98594473040619
qwen35-9b,g24p2_239,g24p2_239_plus,plus,exclude_post,99.9762024134495
qwen35-9b,g24p2_239,g24p2_239_plus,plus,strong_exclude_post,41.8711362072188
qwen35-9b,g24p2_239,g24p2_239_plus,plus,counterfactual_delete_post,32.36791970632257
qwen35-9b,g24p2_239,g24p2_239_minus,minus,admit_post,0.01835529933616627
qwen35-9b,g24p2_239,g24p2_239_minus,minus,exclude_post,57.15702492325392
qwen35-9b,g24p2_239,g24p2_239_minus,minus,strong_exclude_post,43.45773030774458
qwen35-9b,g24p2_239,g24p2_239_minus,minus,counterfactual_delete_post,39.07586542919496
qwen35-9b,g24p2_240,g24p2_240_plus,plus,base,1.5433823102385893
qwen35-9b,g24p2_240,g24p2_240_plus,plus,admit_post,98.0439095531381
qwen35-9b,g24p2_240,g24p2_240_plus,plus,exclude_post,2.4655900168938363
qwen35-9b,g24p2_240,g24p2_240_plus,plus,strong_exclude_post,2.704791249970212
qwen35-9b,g24p2_240,g24p2_240_plus,plus,counterfactual_delete_post,98.38639504973534
qwen35-9b,g24p2_240,g24p2_240_minus,minus,admit_post,0.008460016790686281
qwen35-9b,g24p2_240,g24p2_240_minus,minus,exclude_post,0.016543931638418906
qwen35-9b,g24p2_240,g24p2_240_minus,minus,strong_exclude_post,0.9365131424041322
qwen35-9b,g24p2_240,g24p2_240_minus,minus,counterfactual_delete_post,0.5279226537931996
qwen35-9b,g24p2_242,g24p2_242_plus,plus,base,94.01030425290773
qwen35-9b,g24p2_242,g24p2_242_plus,plus,admit_post,92.02639499916316
qwen35-9b,g24p2_242,g24p2_242_plus,plus,exclude_post,11.539738810971707
qwen35-9b,g24p2_242,g24p2_242_plus,plus,strong_exclude_post,12.11295236577508
qwen35-9b,g24p2_242,g24p2_242_plus,plus,counterfactual_delete_post,71.79805811240551
qwen35-9b,g24p2_242,g24p2_242_minus,minus,admit_post,1.0195609134384618
qwen35-9b,g24p2_242,g24p2_242_minus,minus,exclude_post,8.793278212979281
qwen35-9b,g24p2_242,g24p2_242_minus,minus,strong_exclude_post,2.157807990048016
qwen35-9b,g24p2_242,g24p2_242_minus,minus,counterfactual_delete_post,5.377358176087652
qwen35-9b,g24p2_245,g24p2_245_plus,plus,base,98.72844943703096
qwen35-9b,g24p2_245,g24p2_245_plus,plus,admit_post,99.3989659163208
qwen35-9b,g24p2_245,g24p2_245_plus,plus,exclude_post,33.714381475230766
qwen35-9b,g24p2_245,g24p2_245_plus,plus,strong_exclude_post,41.12497735921552
qwen35-9b,g24p2_245,g24p2_245_plus,plus,counterfactual_delete_post,98.88008302135474
qwen35-9b,g24p2_245,g24p2_245_minus,minus,admit_post,0.01676692692980721
qwen35-9b,g24p2_245,g24p2_245_minus,minus,exclude_post,7.2969782649854205
qwen35-9b,g24p2_245,g24p2_245_minus,minus,strong_exclude_post,41.86727009204844
qwen35-9b,g24p2_245,g24p2_245_minus,minus,counterfactual_delete_post,41.231703036354766
qwen35-9b,g24p2_246,g24p2_246_plus,plus,base,1.72442165355188
qwen35-9b,g24p2_246,g24p2_246_plus,plus,admit_post,97.94467627298084
qwen35-9b,g24p2_246,g24p2_246_plus,plus,exclude_post,39.38257066677942
qwen35-9b,g24p2_246,g24p2_246_plus,plus,strong_exclude_post,41.04209732849903
qwen35-9b,g24p2_246,g24p2_246_plus,plus,counterfactual_delete_post,98.0646058603188
qwen35-9b,g24p2_246,g24p2_246_minus,minus,admit_post,0.8994861778772089
qwen35-9b,g24p2_246,g24p2_246_minus,minus,exclude_post,4.595746153819066
qwen35-9b,g24p2_246,g24p2_246_minus,minus,strong_exclude_post,39.87475079013757
qwen35-9b,g24p2_246,g24p2_246_minus,minus,counterfactual_delete_post,44.59901838384062
qwen35-9b,g24p2_247,g24p2_247_plus,plus,base,99.48680740275934
qwen35-9b,g24p2_247,g24p2_247_plus,plus,admit_post,99.1152225721455
qwen35-9b,g24p2_247,g24p2_247_plus,plus,exclude_post,33.67206169066444
qwen35-9b,g24p2_247,g24p2_247_plus,plus,strong_exclude_post,33.20628792347428
qwen35-9b,g24p2_247,g24p2_247_plus,plus,counterfactual_delete_post,65.47180470551464
qwen35-9b,g24p2_247,g24p2_247_minus,minus,admit_post,25.389536877723728
qwen35-9b,g24p2_247,g24p2_247_minus,minus,exclude_post,10.974102349115844
qwen35-9b,g24p2_247,g24p2_247_minus,minus,strong_exclude_post,2.0024235297071615
qwen35-9b,g24p2_247,g24p2_247_minus,minus,counterfactual_delete_post,1.050457231993379
qwen35-9b,g24p2_248,g24p2_248_plus,plus,base,2.3039012740178624
qwen35-9b,g24p2_248,g24p2_248_plus,plus,admit_post,99.28965808251243
qwen35-9b,g24p2_248,g24p2_248_plus,plus,exclude_post,1.5095209684086104
qwen35-9b,g24p2_248,g24p2_248_plus,plus,strong_exclude_post,38.88290480017433
qwen35-9b,g24p2_248,g24p2_248_plus,plus,counterfactual_delete_post,21.49436849484634
qwen35-9b,g24p2_248,g24p2_248_minus,minus,admit_post,0.004291821336684105
qwen35-9b,g24p2_248,g24p2_248_minus,minus,exclude_post,0.004676703816817905
qwen35-9b,g24p2_248,g24p2_248_minus,minus,strong_exclude_post,40.75886268404864
qwen35-9b,g24p2_248,g24p2_248_minus,minus,counterfactual_delete_post,1.0379938062663718
qwen35-9b,g24p2_250,g24p2_250_plus,plus,base,2.9670403592720374
qwen35-9b,g24p2_250,g24p2_250_plus,plus,admit_post,97.67625645494337
qwen35-9b,g24p2_250,g24p2_250_plus,plus,exclude_post,95.76312644871386
qwen35-9b,g24p2_250,g24p2_250_plus,plus,strong_exclude_post,19.176254818856897
qwen35-9b,g24p2_250,g24p2_250_plus,plus,counterfactual_delete_post,96.8523184312941
qwen35-9b,g24p2_250,g24p2_250_minus,minus,admit_post,1.9573247622214849
qwen35-9b,g24p2_250,g24p2_250_minus,minus,exclude_post,7.918858871382044
qwen35-9b,g24p2_250,g24p2_250_minus,minus,strong_exclude_post,37.80030888584496
qwen35-9b,g24p2_250,g24p2_250_minus,minus,counterfactual_delete_post,0.9797598662458576
qwen35-9b,g24p2_252,g24p2_252_plus,plus,base,19.12417282590662
qwen35-9b,g24p2_252,g24p2_252_plus,plus,admit_post,99.99376324643737
qwen35-9b,g24p2_252,g24p2_252_plus,plus,exclude_post,39.13422468627011
qwen35-9b,g24p2_252,g24p2_252_plus,plus,strong_exclude_post,39.059457333254244
qwen35-9b,g24p2_252,g24p2_252_plus,plus,counterfactual_delete_post,99.99026133584962
qwen35-9b,g24p2_252,g24p2_252_minus,minus,admit_post,0.012620359447074871
qwen35-9b,g24p2_252,g24p2_252_minus,minus,exclude_post,9.29508171450569
qwen35-9b,g24p2_252,g24p2_252_minus,minus,strong_exclude_post,42.41634712779373
qwen35-9b,g24p2_252,g24p2_252_minus,minus,counterfactual_delete_post,1.0006000465736866
qwen35-9b,g24p2_254,g24p2_254_plus,plus,base,81.67890113478144
qwen35-9b,g24p2_254,g24p2_254_plus,plus,admit_post,98.15519375619787
qwen35-9b,g24p2_254,g24p2_254_plus,plus,exclude_post,0.021717908225405376
qwen35-9b,g24p2_254,g24p2_254_plus,plus,strong_exclude_post,95.00070007487261
qwen35-9b,g24p2_254,g24p2_254_plus,plus,counterfactual_delete_post,33.345098287386186
qwen35-9b,g24p2_254,g24p2_254_minus,minus,admit_post,98.36882783026637
qwen35-9b,g24p2_254,g24p2_254_minus,minus,exclude_post,31.672049031748454
qwen35-9b,g24p2_254,g24p2_254_minus,minus,strong_exclude_post,38.7865903044907
qwen35-9b,g24p2_254,g24p2_254_minus,minus,counterfactual_delete_post,33.86881895190942
qwen35-9b,g24p2_255,g24p2_255_plus,plus,base,99.38361600035996
qwen35-9b,g24p2_255,g24p2_255_plus,plus,admit_post,97.68534496580128
qwen35-9b,g24p2_255,g24p2_255_plus,plus,exclude_post,99.5232555019237
qwen35-9b,g24p2_255,g24p2_255_plus,plus,strong_exclude_post,40.92670396874389
qwen35-9b,g24p2_255,g24p2_255_plus,plus,counterfactual_delete_post,97.77445492682915
qwen35-9b,g24p2_255,g24p2_255_minus,minus,admit_post,0.6142633000827673
qwen35-9b,g24p2_255,g24p2_255_minus,minus,exclude_post,34.388996870786706
qwen35-9b,g24p2_255,g24p2_255_minus,minus,strong_exclude_post,39.10902108211712
qwen35-9b,g24p2_255,g24p2_255_minus,minus,counterfactual_delete_post,13.853600795422889
qwen35-9b,g24p2_258,g24p2_258_plus,plus,base,4.41065942511538
qwen35-9b,g24p2_258,g24p2_258_plus,plus,admit_post,99.69334208744198
qwen35-9b,g24p2_258,g24p2_258_plus,plus,exclude_post,33.15566505163214
qwen35-9b,g24p2_258,g24p2_258_plus,plus,strong_exclude_post,98.40746862873873
qwen35-9b,g24p2_258,g24p2_258_plus,plus,counterfactual_delete_post,96.99255949382807
qwen35-9b,g24p2_258,g24p2_258_minus,minus,admit_post,0.013962349059932025
qwen35-9b,g24p2_258,g24p2_258_minus,minus,exclude_post,2.217678172179766
qwen35-9b,g24p2_258,g24p2_258_minus,minus,strong_exclude_post,23.883527506132488
qwen35-9b,g24p2_258,g24p2_258_minus,minus,counterfactual_delete_post,77.5998746169757
qwen35-9b,g24p2_259,g24p2_259_plus,plus,base,0.4252654606315413
qwen35-9b,g24p2_259,g24p2_259_plus,plus,admit_post,98.73702115035024
qwen35-9b,g24p2_259,g24p2_259_plus,plus,exclude_post,4.160113751130291
qwen35-9b,g24p2_259,g24p2_259_plus,plus,strong_exclude_post,33.49703402932328
qwen35-9b,g24p2_259,g24p2_259_plus,plus,counterfactual_delete_post,97.16632488950728
qwen35-9b,g24p2_259,g24p2_259_minus,minus,admit_post,3.3619892608577335
qwen35-9b,g24p2_259,g24p2_259_minus,minus,exclude_post,5.049346285611855
qwen35-9b,g24p2_259,g24p2_259_minus,minus,strong_exclude_post,2.588240304127048
qwen35-9b,g24p2_259,g24p2_259_minus,minus,counterfactual_delete_post,2.034095192320594
qwen35-9b,g24p2_260,g24p2_260_plus,plus,base,2.894032269072977
qwen35-9b,g24p2_260,g24p2_260_plus,plus,admit_post,99.47318615370884
qwen35-9b,g24p2_260,g24p2_260_plus,plus,exclude_post,3.685057328505401
qwen35-9b,g24p2_260,g24p2_260_plus,plus,strong_exclude_post,37.89017558989997
qwen35-9b,g24p2_260,g24p2_260_plus,plus,counterfactual_delete_post,0.21050188862476005
qwen35-9b,g24p2_260,g24p2_260_minus,minus,admit_post,7.680953856121511
qwen35-9b,g24p2_260,g24p2_260_minus,minus,exclude_post,4.578096657889146
qwen35-9b,g24p2_260,g24p2_260_minus,minus,strong_exclude_post,30.18709994301372
qwen35-9b,g24p2_260,g24p2_260_minus,minus,counterfactual_delete_post,26.03772855483528
qwen35-9b,g24p2_261,g24p2_261_plus,plus,base,11.300547135944038
qwen35-9b,g24p2_261,g24p2_261_plus,plus,admit_post,99.22049911056381
qwen35-9b,g24p2_261,g24p2_261_plus,plus,exclude_post,1.8015050715623735
qwen35-9b,g24p2_261,g24p2_261_plus,plus,strong_exclude_post,98.12870982865742
qwen35-9b,g24p2_261,g24p2_261_plus,plus,counterfactual_delete_post,97.86958814305348
qwen35-9b,g24p2_261,g24p2_261_minus,minus,admit_post,0.45782045852255415
qwen35-9b,g24p2_261,g24p2_261_minus,minus,exclude_post,2.468277517260108
qwen35-9b,g24p2_261,g24p2_261_minus,minus,strong_exclude_post,17.096300601334253
qwen35-9b,g24p2_261,g24p2_261_minus,minus,counterfactual_delete_post,1.2346807346329047
