model,p4_claim,cond,value
gemma3-12b,g24p2_000,irrelevant_cf,77.74034344478274
gemma3-12b,g24p2_000,irrelevant_visible,0.059230272942520874
gemma3-12b,g24p2_001,irrelevant_cf,55.628688536773616
gemma3-12b,g24p2_001,irrelevant_visible,53.480815752430196
gemma3-12b,g24p2_002,irrelevant_cf,48.58987261745642
gemma3-12b,g24p2_002,irrelevant_visible,0.0027332456063362213
gemma3-12b,g24p2_003,irrelevant_cf,55.539017065005645
gemma3-12b,g24p2_003,irrelevant_visible,47.32075052628875
gemma3-12b,g24p2_004,irrelevant_cf,55.54409521579252
gemma3-12b,g24p2_004,irrelevant_visible,0.0001641329208303279
gemma3-12b,g24p2_005,irrelevant_cf,18.65733901548747
gemma3-12b,g24p2_005,irrelevant_visible,1.5461997867561737e-05
gemma3-12b,g24p2_006,irrelevant_cf,55.52532147545696
gemma3-12b,g24p2_006,irrelevant_visible,0.031064306404758664
gemma3-12b,g24p2_010,irrelevant_cf,55.43156123373649
gemma3-12b,g24p2_010,irrelevant_visible,0.12215892813454937
gemma3-12b,g24p2_011,irrelevant_cf,56.07732825396509
gemma3-12b,g24p2_011,irrelevant_visible,0.0010549825018716296
gemma3-12b,g24p2_012,irrelevant_cf,11.109998499925455
gemma3-12b,g24p2_012,irrelevant_visible,0.0003266929491449485
gemma3-12b,g24p2_014,irrelevant_cf,55.06955684676561
gemma3-12b,g24p2_014,irrelevant_visible,0.002549737065939013
gemma3-12b,g24p2_015,irrelevant_cf,66.66658872566674
gemma3-12b,g24p2_015,irrelevant_visible,54.2724515966955
gemma3-12b,g24p2_016,irrelevant_cf,66.59274562316683
gemma3-12b,g24p2_016,irrelevant_visible,0.0002818257522092731
gemma3-12b,g24p2_017,irrelevant_cf,55.59525134215734
gemma3-12b,g24p2_017,irrelevant_visible,55.326503641802475
gemma3-12b,g24p2_018,irrelevant_cf,74.21359252448042
gemma3-12b,g24p2_018,irrelevant_visible,99.9934711434868
gemma3-12b,g24p2_019,irrelevant_cf,54.76293795751678
gemma3-12b,g24p2_019,irrelevant_visible,1.3698983606371807e-06
gemma3-12b,g24p2_020,irrelevant_cf,55.62936390289509
gemma3-12b,g24p2_020,irrelevant_visible,0.613863523803711
gemma3-12b,g24p2_021,irrelevant_cf,55.5385066354885
gemma3-12b,g24p2_021,irrelevant_visible,0.5654472897331336
gemma3-12b,g24p2_023,irrelevant_cf,77.71811544788108
gemma3-12b,g24p2_023,irrelevant_visible,23.689667932644408
gemma3-12b,g24p2_024,irrelevant_cf,55.52773888537223
gemma3-12b,g24p2_024,irrelevant_visible,54.77380481514777
gemma3-12b,g24p2_026,irrelevant_cf,55.497196426968095
gemma3-12b,g24p2_026,irrelevant_visible,0.4780902519945813
gemma3-12b,g24p2_027,irrelevant_cf,88.89198670499873
gemma3-12b,g24p2_027,irrelevant_visible,88.90093683190742
gemma3-12b,g24p2_028,irrelevant_cf,55.514013717484794
gemma3-12b,g24p2_028,irrelevant_visible,3.934862868964753e-05
gemma3-12b,g24p2_029,irrelevant_cf,77.85787311085842
gemma3-12b,g24p2_029,irrelevant_visible,3.3447495943814864
gemma3-12b,g24p2_033,irrelevant_cf,55.54600405648425
gemma3-12b,g24p2_033,irrelevant_visible,53.9258837510568
gemma3-12b,g24p2_034,irrelevant_cf,55.49445728139786
gemma3-12b,g24p2_034,irrelevant_visible,0.2286464956914027
gemma3-12b,g24p2_035,irrelevant_cf,11.093361331653758
gemma3-12b,g24p2_035,irrelevant_visible,0.8902219003958012
gemma3-12b,g24p2_036,irrelevant_cf,79.10220097178873
gemma3-12b,g24p2_036,irrelevant_visible,88.73286607961397
gemma3-12b,g24p2_037,irrelevant_cf,29.136003265026716
gemma3-12b,g24p2_037,irrelevant_visible,0.37337573094980286
gemma3-12b,g24p2_038,irrelevant_cf,55.24868162956777
gemma3-12b,g24p2_038,irrelevant_visible,0.002451094979250911
gemma3-12b,g24p2_039,irrelevant_cf,55.53683569119849
gemma3-12b,g24p2_039,irrelevant_visible,0.2902997588745053
gemma3-12b,g24p2_040,irrelevant_cf,56.23300151516348
gemma3-12b,g24p2_040,irrelevant_visible,0.548068472681069
gemma3-12b,g24p2_041,irrelevant_cf,66.69176184091103
gemma3-12b,g24p2_041,irrelevant_visible,0.006615099835129183
gemma3-12b,g24p2_043,irrelevant_cf,55.53087179603933
gemma3-12b,g24p2_043,irrelevant_visible,17.831740675612014
gemma3-12b,g24p2_044,irrelevant_cf,55.57333435572515
gemma3-12b,g24p2_044,irrelevant_visible,82.6420480357855
gemma3-12b,g24p2_046,irrelevant_cf,22.249516444842268
gemma3-12b,g24p2_046,irrelevant_visible,2.8618851415579698e-05
gemma3-12b,g24p2_047,irrelevant_cf,55.5080094387552
gemma3-12b,g24p2_047,irrelevant_visible,1.6251576808842535e-05
gemma3-12b,g24p2_048,irrelevant_cf,55.53677460398162
gemma3-12b,g24p2_048,irrelevant_visible,1.530194350729766
gemma3-12b,g24p2_049,irrelevant_cf,55.519029031961836
gemma3-12b,g24p2_049,irrelevant_visible,0.002869718029576546
gemma3-12b,g24p2_051,irrelevant_cf,55.55034998264857
gemma3-12b,g24p2_051,irrelevant_visible,18.09635027100185
gemma3-12b,g24p2_053,irrelevant_cf,55.679745836476165
gemma3-12b,g24p2_053,irrelevant_visible,0.47789691782334337
gemma3-12b,g24p2_054,irrelevant_cf,55.53331769232685
gemma3-12b,g24p2_054,irrelevant_visible,55.07735894095257
gemma3-12b,g24p2_055,irrelevant_cf,55.57283654572873
gemma3-12b,g24p2_055,irrelevant_visible,52.91396795874792
gemma3-12b,g24p2_057,irrelevant_cf,55.53602359869382
gemma3-12b,g24p2_057,irrelevant_visible,0.022098123354413156
gemma3-12b,g24p2_058,irrelevant_cf,53.66644202812431
gemma3-12b,g24p2_058,irrelevant_visible,0.03999648120820883
gemma3-12b,g24p2_059,irrelevant_cf,54.41761293929322
gemma3-12b,g24p2_059,irrelevant_visible,1.0032160775638455
gemma3-12b,g24p2_060,irrelevant_cf,66.81966220585039
gemma3-12b,g24p2_060,irrelevant_visible,6.968818214129017e-05
gemma3-12b,g24p2_062,irrelevant_cf,77.13126608452212
gemma3-12b,g24p2_062,irrelevant_visible,10.146307563279363
gemma3-12b,g24p2_064,irrelevant_cf,74.21834144867309
gemma3-12b,g24p2_064,irrelevant_visible,45.42067810758427
gemma3-12b,g24p2_065,irrelevant_cf,55.467026820432
gemma3-12b,g24p2_065,irrelevant_visible,55.50464350876027
gemma3-12b,g24p2_066,irrelevant_cf,55.52633623623716
gemma3-12b,g24p2_066,irrelevant_visible,7.638741575549634e-06
gemma3-12b,g24p2_067,irrelevant_cf,55.5313767259462
gemma3-12b,g24p2_067,irrelevant_visible,0.17716080038464715
gemma3-12b,g24p2_068,irrelevant_cf,1.1941592564920978
gemma3-12b,g24p2_068,irrelevant_visible,1.7462376491599483e-05
gemma3-12b,g24p2_069,irrelevant_cf,76.44766232435705
gemma3-12b,g24p2_069,irrelevant_visible,55.078090943733585
gemma3-12b,g24p2_070,irrelevant_cf,77.83200063213857
gemma3-12b,g24p2_070,irrelevant_visible,0.3389607583021079
gemma3-12b,g24p2_071,irrelevant_cf,62.47130701194346
gemma3-12b,g24p2_071,irrelevant_visible,54.276358808757294
gemma3-12b,g24p2_072,irrelevant_cf,55.544352707861975
gemma3-12b,g24p2_072,irrelevant_visible,0.0025413754466439985
gemma3-12b,g24p2_073,irrelevant_cf,62.44374868276256
gemma3-12b,g24p2_073,irrelevant_visible,1.6342935699548669
gemma3-12b,g24p2_074,irrelevant_cf,55.541301811168104
gemma3-12b,g24p2_074,irrelevant_visible,0.0003662550712594797
gemma3-12b,g24p2_075,irrelevant_cf,64.19319828170768
gemma3-12b,g24p2_075,irrelevant_visible,1.6470678051291345
gemma3-12b,g24p2_076,irrelevant_cf,55.53041516161118
gemma3-12b,g24p2_076,irrelevant_visible,1.651190931677034
gemma3-12b,g24p2_077,irrelevant_cf,66.6101372254331
gemma3-12b,g24p2_077,irrelevant_visible,0.029609513487612753
gemma3-12b,g24p2_079,irrelevant_cf,55.74539237947344
gemma3-12b,g24p2_079,irrelevant_visible,55.18139344029438
gemma3-12b,g24p2_081,irrelevant_cf,55.583588622310494
gemma3-12b,g24p2_081,irrelevant_visible,50.25772486115299
gemma3-12b,g24p2_082,irrelevant_cf,63.098794827608344
gemma3-12b,g24p2_082,irrelevant_visible,0.005499395000280724
gemma3-12b,g24p2_083,irrelevant_cf,55.527816873670886
gemma3-12b,g24p2_083,irrelevant_visible,0.009807868298927682
gemma3-12b,g24p2_084,irrelevant_cf,72.66542558902417
gemma3-12b,g24p2_084,irrelevant_visible,0.22878474540819266
gemma3-12b,g24p2_085,irrelevant_cf,23.237441941312724
gemma3-12b,g24p2_085,irrelevant_visible,0.00014064194991976714
gemma3-12b,g24p2_087,irrelevant_cf,66.69717466310112
gemma3-12b,g24p2_087,irrelevant_visible,24.32890309960631
gemma3-12b,g24p2_088,irrelevant_cf,55.51995126320293
gemma3-12b,g24p2_088,irrelevant_visible,55.37815067848991
gemma3-12b,g24p2_089,irrelevant_cf,36.86473204596684
gemma3-12b,g24p2_089,irrelevant_visible,2.077515364105845
gemma3-12b,g24p2_091,irrelevant_cf,61.7720334064333
gemma3-12b,g24p2_091,irrelevant_visible,0.0845163949546948
gemma3-12b,g24p2_092,irrelevant_cf,21.522574576798178
gemma3-12b,g24p2_092,irrelevant_visible,31.248405903935563
gemma3-12b,g24p2_093,irrelevant_cf,77.47305293407825
gemma3-12b,g24p2_093,irrelevant_visible,0.8850732427343617
gemma3-12b,g24p2_094,irrelevant_cf,77.83323762957596
gemma3-12b,g24p2_094,irrelevant_visible,2.6552616981764277
gemma3-12b,g24p2_096,irrelevant_cf,55.5792761453877
gemma3-12b,g24p2_096,irrelevant_visible,0.29442349096474485
gemma3-12b,g24p2_098,irrelevant_cf,55.522141002951706
gemma3-12b,g24p2_098,irrelevant_visible,0.0739017733143986
gemma3-12b,g24p2_099,irrelevant_cf,2.9883054577423653
gemma3-12b,g24p2_099,irrelevant_visible,0.0022683689675141072
gemma3-12b,g24p2_101,irrelevant_cf,55.543217334395635
gemma3-12b,g24p2_101,irrelevant_visible,51.340524882515304
gemma3-12b,g24p2_102,irrelevant_cf,0.03129857166325581
gemma3-12b,g24p2_102,irrelevant_visible,7.099693221493284e-06
gemma3-12b,g24p2_103,irrelevant_cf,55.30965912355416
gemma3-12b,g24p2_103,irrelevant_visible,2.142500579457262e-05
gemma3-12b,g24p2_104,irrelevant_cf,55.54883086922538
gemma3-12b,g24p2_104,irrelevant_visible,0.009674733722763703
gemma3-12b,g24p2_105,irrelevant_cf,55.55490422477734
gemma3-12b,g24p2_105,irrelevant_visible,4.220439298168876
gemma3-12b,g24p2_107,irrelevant_cf,66.7013497002627
gemma3-12b,g24p2_107,irrelevant_visible,0.002786570170421685
gemma3-12b,g24p2_108,irrelevant_cf,55.54448008705423
gemma3-12b,g24p2_108,irrelevant_visible,0.6119728465210899
gemma3-12b,g24p2_110,irrelevant_cf,77.77213077172672
gemma3-12b,g24p2_110,irrelevant_visible,0.1386973681191631
gemma3-12b,g24p2_111,irrelevant_cf,55.393057663548774
gemma3-12b,g24p2_111,irrelevant_visible,0.007523107632571865
gemma3-12b,g24p2_112,irrelevant_cf,22.291785796429124
gemma3-12b,g24p2_112,irrelevant_visible,0.01469058611906587
gemma3-12b,g24p2_113,irrelevant_cf,77.77107414770904
gemma3-12b,g24p2_113,irrelevant_visible,0.06660261709039575
gemma3-12b,g24p2_114,irrelevant_cf,55.5335288334498
gemma3-12b,g24p2_114,irrelevant_visible,0.02861312279872893
gemma3-12b,g24p2_115,irrelevant_cf,35.020163953703204
gemma3-12b,g24p2_115,irrelevant_visible,1.0385538165342905e-05
gemma3-12b,g24p2_116,irrelevant_cf,88.86535977781637
gemma3-12b,g24p2_116,irrelevant_visible,51.33930573987738
gemma3-12b,g24p2_117,irrelevant_cf,55.55332506065926
gemma3-12b,g24p2_117,irrelevant_visible,0.6120471561132506
gemma3-12b,g24p2_120,irrelevant_cf,66.91844571075379
gemma3-12b,g24p2_120,irrelevant_visible,63.095468329332725
gemma3-12b,g24p2_121,irrelevant_cf,74.21378979443237
gemma3-12b,g24p2_121,irrelevant_visible,0.00010836703293682777
gemma3-12b,g24p2_122,irrelevant_cf,23.062894984526523
gemma3-12b,g24p2_122,irrelevant_visible,0.0046423694704492815
gemma3-12b,g24p2_123,irrelevant_cf,54.78018581506265
gemma3-12b,g24p2_123,irrelevant_visible,0.00040649428434754006
gemma3-12b,g24p2_125,irrelevant_cf,55.44225668256555
gemma3-12b,g24p2_125,irrelevant_visible,1.0701754336009382e-05
gemma3-12b,g24p2_126,irrelevant_cf,55.74663814730824
gemma3-12b,g24p2_126,irrelevant_visible,47.330423155049694
gemma3-12b,g24p2_128,irrelevant_cf,55.53513141822239
gemma3-12b,g24p2_128,irrelevant_visible,0.0011895529472002583
gemma3-12b,g24p2_129,irrelevant_cf,47.82888265284934
gemma3-12b,g24p2_129,irrelevant_visible,54.278558669388765
gemma3-12b,g24p2_130,irrelevant_cf,52.173903579625545
gemma3-12b,g24p2_130,irrelevant_visible,0.001059863376153286
gemma3-12b,g24p2_131,irrelevant_cf,54.59245267137098
gemma3-12b,g24p2_131,irrelevant_visible,0.03177870981275302
gemma3-12b,g24p2_132,irrelevant_cf,43.18634629102803
gemma3-12b,g24p2_132,irrelevant_visible,0.00020116371489944338
gemma3-12b,g24p2_133,irrelevant_cf,55.52656634304423
gemma3-12b,g24p2_133,irrelevant_visible,9.913150753576433e-06
gemma3-12b,g24p2_134,irrelevant_cf,88.88621736283842
gemma3-12b,g24p2_134,irrelevant_visible,0.17989589445507703
gemma3-12b,g24p2_135,irrelevant_cf,55.53887202070698
gemma3-12b,g24p2_135,irrelevant_visible,0.26068455480560676
gemma3-12b,g24p2_136,irrelevant_cf,54.84699993684234
gemma3-12b,g24p2_136,irrelevant_visible,0.003142444395590471
gemma3-12b,g24p2_137,irrelevant_cf,55.30197532181685
gemma3-12b,g24p2_137,irrelevant_visible,4.126763609283208e-06
gemma3-12b,g24p2_138,irrelevant_cf,61.11857318786978
gemma3-12b,g24p2_138,irrelevant_visible,17.83284434231588
gemma3-12b,g24p2_140,irrelevant_cf,55.44982059475109
gemma3-12b,g24p2_140,irrelevant_visible,0.06537170183096502
gemma3-12b,g24p2_141,irrelevant_cf,55.53725228944533
gemma3-12b,g24p2_141,irrelevant_visible,0.0034069279131374967
gemma3-12b,g24p2_142,irrelevant_cf,56.072624660699944
gemma3-12b,g24p2_142,irrelevant_visible,54.27874762862771
gemma3-12b,g24p2_143,irrelevant_cf,54.382389743136734
gemma3-12b,g24p2_143,irrelevant_visible,0.0006272490730466438
gemma3-12b,g24p2_144,irrelevant_cf,56.21155960039751
gemma3-12b,g24p2_144,irrelevant_visible,48.9291610935496
gemma3-12b,g24p2_145,irrelevant_cf,66.73812305135753
gemma3-12b,g24p2_145,irrelevant_visible,0.0014640176527245042
gemma3-12b,g24p2_146,irrelevant_cf,51.35302815988267
gemma3-12b,g24p2_146,irrelevant_visible,0.00031684836582118357
gemma3-12b,g24p2_147,irrelevant_cf,55.53019943032366
gemma3-12b,g24p2_147,irrelevant_visible,0.00022619334417600017
gemma3-12b,g24p2_148,irrelevant_cf,41.53861014288761
gemma3-12b,g24p2_148,irrelevant_visible,0.0003807657945924599
gemma3-12b,g24p2_149,irrelevant_cf,55.52628498512253
gemma3-12b,g24p2_149,irrelevant_visible,0.07408594734324732
gemma3-12b,g24p2_150,irrelevant_cf,54.19280324359626
gemma3-12b,g24p2_150,irrelevant_visible,0.006344143336355985
gemma3-12b,g24p2_153,irrelevant_cf,66.92142451094111
gemma3-12b,g24p2_153,irrelevant_visible,80.25124217234128
gemma3-12b,g24p2_154,irrelevant_cf,55.53503210291517
gemma3-12b,g24p2_154,irrelevant_visible,50.257565330178174
gemma3-12b,g24p2_156,irrelevant_cf,56.3963361546647
gemma3-12b,g24p2_156,irrelevant_visible,31.23547519807401
gemma3-12b,g24p2_158,irrelevant_cf,42.55208649836473
gemma3-12b,g24p2_158,irrelevant_visible,1.0296668347162776e-05
gemma3-12b,g24p2_159,irrelevant_cf,55.49611011363157
gemma3-12b,g24p2_159,irrelevant_visible,55.44270284787049
gemma3-12b,g24p2_160,irrelevant_cf,77.86831252668223
gemma3-12b,g24p2_160,irrelevant_visible,50.25838164859228
gemma3-12b,g24p2_161,irrelevant_cf,10.880675691717089
gemma3-12b,g24p2_161,irrelevant_visible,3.3427253049790204
gemma3-12b,g24p2_163,irrelevant_cf,55.46807835467299
gemma3-12b,g24p2_163,irrelevant_visible,5.301346912930663
gemma3-12b,g24p2_164,irrelevant_cf,87.56445152948334
gemma3-12b,g24p2_164,irrelevant_visible,40.620786533164534
gemma3-12b,g24p2_165,irrelevant_cf,50.90313005848038
gemma3-12b,g24p2_165,irrelevant_visible,0.01853902155921365
gemma3-12b,g24p2_167,irrelevant_cf,55.27834287578722
gemma3-12b,g24p2_167,irrelevant_visible,0.3293572430819427
gemma3-12b,g24p2_169,irrelevant_cf,55.52019128200537
gemma3-12b,g24p2_169,irrelevant_visible,0.10555358015330613
gemma3-12b,g24p2_170,irrelevant_cf,55.17275111913626
gemma3-12b,g24p2_170,irrelevant_visible,5.317983665973259
gemma3-12b,g24p2_171,irrelevant_cf,55.340690332737296
gemma3-12b,g24p2_171,irrelevant_visible,0.0031787178521541556
gemma3-12b,g24p2_172,irrelevant_cf,55.51995891765187
gemma3-12b,g24p2_172,irrelevant_visible,55.07894958839356
gemma3-12b,g24p2_174,irrelevant_cf,55.5507858416287
gemma3-12b,g24p2_174,irrelevant_visible,28.0787835165376
gemma3-12b,g24p2_175,irrelevant_cf,89.01096103264767
gemma3-12b,g24p2_175,irrelevant_visible,0.05421274418273927
gemma3-12b,g24p2_176,irrelevant_cf,55.53187869783787
gemma3-12b,g24p2_176,irrelevant_visible,55.379003898261345
gemma3-12b,g24p2_177,irrelevant_cf,77.82571828378646
gemma3-12b,g24p2_177,irrelevant_visible,53.47113556890824
gemma3-12b,g24p2_178,irrelevant_cf,53.005597869091886
gemma3-12b,g24p2_178,irrelevant_visible,0.003264036331617806
gemma3-12b,g24p2_179,irrelevant_cf,55.54190244191794
gemma3-12b,g24p2_179,irrelevant_visible,0.08349438852946549
gemma3-12b,g24p2_180,irrelevant_cf,55.531642925892555
gemma3-12b,g24p2_180,irrelevant_visible,0.14030971281535387
gemma3-12b,g24p2_181,irrelevant_cf,0.1998902715523987
gemma3-12b,g24p2_181,irrelevant_visible,0.0002717820148271703
gemma3-12b,g24p2_184,irrelevant_cf,0.414751509263013
gemma3-12b,g24p2_184,irrelevant_visible,0.04525072190618912
gemma3-12b,g24p2_185,irrelevant_cf,55.54016831197138
gemma3-12b,g24p2_185,irrelevant_visible,0.5547901919255582
gemma3-12b,g24p2_186,irrelevant_cf,48.16540892445792
gemma3-12b,g24p2_186,irrelevant_visible,0.0017816586180332457
gemma3-12b,g24p2_187,irrelevant_cf,55.38888372129625
gemma3-12b,g24p2_187,irrelevant_visible,0.019272537736625798
gemma3-12b,g24p2_189,irrelevant_cf,81.97267957790245
gemma3-12b,g24p2_189,irrelevant_visible,55.49120800172935
gemma3-12b,g24p2_190,irrelevant_cf,55.533357327526026
gemma3-12b,g24p2_190,irrelevant_visible,0.0744476670194937
gemma3-12b,g24p2_191,irrelevant_cf,55.515697072312705
gemma3-12b,g24p2_191,irrelevant_visible,10.13529261885248
gemma3-12b,g24p2_192,irrelevant_cf,55.48918549541681
gemma3-12b,g24p2_192,irrelevant_visible,0.000256281758525526
gemma3-12b,g24p2_193,irrelevant_cf,66.67240611175616
gemma3-12b,g24p2_193,irrelevant_visible,0.04639722856285025
gemma3-12b,g24p2_194,irrelevant_cf,31.26883930687781
gemma3-12b,g24p2_194,irrelevant_visible,0.00021024675345195063
gemma3-12b,g24p2_196,irrelevant_cf,55.486385065303125
gemma3-12b,g24p2_196,irrelevant_visible,6.954035973473643e-05
gemma3-12b,g24p2_198,irrelevant_cf,56.39014501786857
gemma3-12b,g24p2_198,irrelevant_visible,2.6360180613437745
gemma3-12b,g24p2_200,irrelevant_cf,50.51444672740147
gemma3-12b,g24p2_200,irrelevant_visible,0.008417409325650282
gemma3-12b,g24p2_201,irrelevant_cf,22.235330859161635
gemma3-12b,g24p2_201,irrelevant_visible,8.191358823982688e-06
gemma3-12b,g24p2_202,irrelevant_cf,0.03525455608964469
gemma3-12b,g24p2_202,irrelevant_visible,1.709632675478315e-05
gemma3-12b,g24p2_203,irrelevant_cf,52.76472947933958
gemma3-12b,g24p2_203,irrelevant_visible,0.0010036870125405906
gemma3-12b,g24p2_204,irrelevant_cf,63.09690452254017
gemma3-12b,g24p2_204,irrelevant_visible,0.039692952913517515
gemma3-12b,g24p2_207,irrelevant_cf,22.222708963637235
gemma3-12b,g24p2_207,irrelevant_visible,52.91969916760871
gemma3-12b,g24p2_208,irrelevant_cf,55.56511151556304
gemma3-12b,g24p2_208,irrelevant_visible,12.436031584484088
gemma3-12b,g24p2_211,irrelevant_cf,53.299019374168054
gemma3-12b,g24p2_211,irrelevant_visible,4.550456866119648e-06
gemma3-12b,g24p2_213,irrelevant_cf,49.93623498982834
gemma3-12b,g24p2_213,irrelevant_visible,0.15584024757655413
gemma3-12b,g24p2_214,irrelevant_cf,55.32481258719424
gemma3-12b,g24p2_214,irrelevant_visible,4.089628182516719e-06
gemma3-12b,g24p2_215,irrelevant_cf,55.547401100614394
gemma3-12b,g24p2_215,irrelevant_visible,0.0003636688513937315
gemma3-12b,g24p2_216,irrelevant_cf,55.58583735244011
gemma3-12b,g24p2_216,irrelevant_visible,0.011832418203647598
gemma3-12b,g24p2_217,irrelevant_cf,88.91634026285871
gemma3-12b,g24p2_217,irrelevant_visible,1.0020594796540432
gemma3-12b,g24p2_218,irrelevant_cf,55.505265114339664
gemma3-12b,g24p2_218,irrelevant_visible,0.022257458543945795
gemma3-12b,g24p2_219,irrelevant_cf,55.48265590426638
gemma3-12b,g24p2_219,irrelevant_visible,54.27760447381607
gemma3-12b,g24p2_220,irrelevant_cf,65.85167251288915
gemma3-12b,g24p2_220,irrelevant_visible,12.377336809321553
gemma3-12b,g24p2_223,irrelevant_cf,11.03698442655054
gemma3-12b,g24p2_223,irrelevant_visible,9.457075079907174e-06
gemma3-12b,g24p2_224,irrelevant_cf,77.70539703702785
gemma3-12b,g24p2_224,irrelevant_visible,48.93093498731554
gemma3-12b,g24p2_225,irrelevant_cf,55.44852550504775
gemma3-12b,g24p2_225,irrelevant_visible,3.3442489975720684
gemma3-12b,g24p2_227,irrelevant_cf,55.54496626279301
gemma3-12b,g24p2_227,irrelevant_visible,51.51937614369158
gemma3-12b,g24p2_228,irrelevant_cf,55.47502349181982
gemma3-12b,g24p2_228,irrelevant_visible,1.5713194642221382e-06
gemma3-12b,g24p2_230,irrelevant_cf,54.62019524908582
gemma3-12b,g24p2_230,irrelevant_visible,0.028593271413890002
gemma3-12b,g24p2_231,irrelevant_cf,66.2717866606102
gemma3-12b,g24p2_231,irrelevant_visible,1.28358518607783
gemma3-12b,g24p2_232,irrelevant_cf,55.526760208754816
gemma3-12b,g24p2_232,irrelevant_visible,34.59281103206127
gemma3-12b,g24p2_233,irrelevant_cf,55.35937138672494
gemma3-12b,g24p2_233,irrelevant_visible,4.6560481738854254e-05
gemma3-12b,g24p2_234,irrelevant_cf,55.536101003866094
gemma3-12b,g24p2_234,irrelevant_visible,0.008545755296377543
gemma3-12b,g24p2_235,irrelevant_cf,55.54479716351661
gemma3-12b,g24p2_235,irrelevant_visible,0.042607619885396346
gemma3-12b,g24p2_237,irrelevant_cf,55.5395991020168
gemma3-12b,g24p2_237,irrelevant_visible,14.948259798626042
gemma3-12b,g24p2_238,irrelevant_cf,55.490343240852695
gemma3-12b,g24p2_238,irrelevant_visible,0.00024425104111757247
gemma3-12b,g24p2_239,irrelevant_cf,55.5331991266414
gemma3-12b,g24p2_239,irrelevant_visible,0.3719708208474397
gemma3-12b,g24p2_240,irrelevant_cf,49.249191461485566
gemma3-12b,g24p2_240,irrelevant_visible,0.0014948382179606832
gemma3-12b,g24p2_242,irrelevant_cf,55.490443720714055
gemma3-12b,g24p2_242,irrelevant_visible,0.10903723618073066
gemma3-12b,g24p2_245,irrelevant_cf,55.53013186199283
gemma3-12b,g24p2_245,irrelevant_visible,0.24329133946890721
gemma3-12b,g24p2_246,irrelevant_cf,55.53406912809278
gemma3-12b,g24p2_246,irrelevant_visible,0.7827159546959152
gemma3-12b,g24p2_247,irrelevant_cf,55.8097873334622
gemma3-12b,g24p2_247,irrelevant_visible,0.6208054455156261
gemma3-12b,g24p2_248,irrelevant_cf,55.51883961848581
gemma3-12b,g24p2_248,irrelevant_visible,0.005048219568549961
gemma3-12b,g24p2_250,irrelevant_cf,55.54310649905211
gemma3-12b,g24p2_250,irrelevant_visible,2.6639321129307216
gemma3-12b,g24p2_252,irrelevant_cf,55.497344485684884
gemma3-12b,g24p2_252,irrelevant_visible,0.12207186405799357
gemma3-12b,g24p2_254,irrelevant_cf,52.22873833046242
gemma3-12b,g24p2_254,irrelevant_visible,0.0007394734227106937
gemma3-12b,g24p2_255,irrelevant_cf,55.51940814685478
gemma3-12b,g24p2_255,irrelevant_visible,0.0021201962722009068
gemma3-12b,g24p2_258,irrelevant_cf,55.53199595944329
gemma3-12b,g24p2_258,irrelevant_visible,0.0007726716308270115
gemma3-12b,g24p2_259,irrelevant_cf,55.459647200315004
gemma3-12b,g24p2_259,irrelevant_visible,9.365898303983603e-05
gemma3-12b,g24p2_260,irrelevant_cf,16.48444506793944
gemma3-12b,g24p2_260,irrelevant_visible,2.457252073949542e-05
gemma3-12b,g24p2_261,irrelevant_cf,55.62780876382069
gemma3-12b,g24p2_261,irrelevant_visible,48.93219889970517
llama31-8b,g24p2_000,irrelevant_cf,88.88288387257217
llama31-8b,g24p2_000,irrelevant_visible,48.48269364238519
llama31-8b,g24p2_001,irrelevant_cf,55.55398703756796
llama31-8b,g24p2_001,irrelevant_visible,25.613174300321283
llama31-8b,g24p2_002,irrelevant_cf,63.93591765661568
llama31-8b,g24p2_002,irrelevant_visible,21.08348248411029
llama31-8b,g24p2_003,irrelevant_cf,85.88792981969802
llama31-8b,g24p2_003,irrelevant_visible,90.4039568416422
llama31-8b,g24p2_004,irrelevant_cf,88.88465077346572
llama31-8b,g24p2_004,irrelevant_visible,6.046036793264116
llama31-8b,g24p2_005,irrelevant_cf,0.05568968350040534
llama31-8b,g24p2_005,irrelevant_visible,0.9724562829623784
llama31-8b,g24p2_006,irrelevant_cf,13.625759565594073
llama31-8b,g24p2_006,irrelevant_visible,5.597619702518401
llama31-8b,g24p2_010,irrelevant_cf,25.46045123827887
llama31-8b,g24p2_010,irrelevant_visible,13.100410805399294
llama31-8b,g24p2_011,irrelevant_cf,51.27394342668001
llama31-8b,g24p2_011,irrelevant_visible,5.536573454881057
llama31-8b,g24p2_012,irrelevant_cf,0.5967678464105443
llama31-8b,g24p2_012,irrelevant_visible,21.46012525783002
llama31-8b,g24p2_014,irrelevant_cf,88.6821722902236
llama31-8b,g24p2_014,irrelevant_visible,38.008297264867934
llama31-8b,g24p2_015,irrelevant_cf,66.66972019653464
llama31-8b,g24p2_015,irrelevant_visible,57.53209665282303
llama31-8b,g24p2_016,irrelevant_cf,53.21202360022452
llama31-8b,g24p2_016,irrelevant_visible,66.21987054829418
llama31-8b,g24p2_017,irrelevant_cf,0.5585318684367193
llama31-8b,g24p2_017,irrelevant_visible,96.66609129707973
llama31-8b,g24p2_018,irrelevant_cf,55.55270022174607
llama31-8b,g24p2_018,irrelevant_visible,5.87692661275079
llama31-8b,g24p2_019,irrelevant_cf,3.443199486358411
llama31-8b,g24p2_019,irrelevant_visible,8.918609860409829
llama31-8b,g24p2_020,irrelevant_cf,0.2404301574356874
llama31-8b,g24p2_020,irrelevant_visible,4.843265325656652
llama31-8b,g24p2_021,irrelevant_cf,0.14449420222215156
llama31-8b,g24p2_021,irrelevant_visible,27.262876809883704
llama31-8b,g24p2_023,irrelevant_cf,55.55606568257233
llama31-8b,g24p2_023,irrelevant_visible,78.60225588241012
llama31-8b,g24p2_024,irrelevant_cf,44.448628342778335
llama31-8b,g24p2_024,irrelevant_visible,22.639549027197972
llama31-8b,g24p2_026,irrelevant_cf,55.55434219849686
llama31-8b,g24p2_026,irrelevant_visible,7.263099634197841
llama31-8b,g24p2_027,irrelevant_cf,55.55508249561062
llama31-8b,g24p2_027,irrelevant_visible,20.296602337791615
llama31-8b,g24p2_028,irrelevant_cf,0.06485580809956706
llama31-8b,g24p2_028,irrelevant_visible,3.889938500809671
llama31-8b,g24p2_029,irrelevant_cf,79.16957275272996
llama31-8b,g24p2_029,irrelevant_visible,11.789670981725687
llama31-8b,g24p2_033,irrelevant_cf,49.639816575518374
llama31-8b,g24p2_033,irrelevant_visible,9.26488463814382
llama31-8b,g24p2_034,irrelevant_cf,85.43577894576242
llama31-8b,g24p2_034,irrelevant_visible,40.72241880742217
llama31-8b,g24p2_035,irrelevant_cf,85.07903678650402
llama31-8b,g24p2_035,irrelevant_visible,3.3390772899317196
llama31-8b,g24p2_036,irrelevant_cf,91.50774311399275
llama31-8b,g24p2_036,irrelevant_visible,89.95927850047626
llama31-8b,g24p2_037,irrelevant_cf,0.5349758859682678
llama31-8b,g24p2_037,irrelevant_visible,6.152029459033763
llama31-8b,g24p2_038,irrelevant_cf,55.55469837549876
llama31-8b,g24p2_038,irrelevant_visible,14.416867200085075
llama31-8b,g24p2_039,irrelevant_cf,44.45172737952357
llama31-8b,g24p2_039,irrelevant_visible,9.574007112348431
llama31-8b,g24p2_040,irrelevant_cf,0.13814313885269325
llama31-8b,g24p2_040,irrelevant_visible,12.621987753979532
llama31-8b,g24p2_041,irrelevant_cf,55.70513337565606
llama31-8b,g24p2_041,irrelevant_visible,80.00319209620233
llama31-8b,g24p2_043,irrelevant_cf,55.55232422106544
llama31-8b,g24p2_043,irrelevant_visible,35.33215970439241
llama31-8b,g24p2_044,irrelevant_cf,85.19104383212783
llama31-8b,g24p2_044,irrelevant_visible,27.16241251056548
llama31-8b,g24p2_046,irrelevant_cf,0.20514532238627525
llama31-8b,g24p2_046,irrelevant_visible,0.304573441607415
llama31-8b,g24p2_047,irrelevant_cf,98.28314144190223
llama31-8b,g24p2_047,irrelevant_visible,2.812088259320617
llama31-8b,g24p2_048,irrelevant_cf,0.04545219254978525
llama31-8b,g24p2_048,irrelevant_visible,0.19538382714628125
llama31-8b,g24p2_049,irrelevant_cf,0.3917990511934727
llama31-8b,g24p2_049,irrelevant_visible,16.540356465752723
llama31-8b,g24p2_051,irrelevant_cf,78.19701736134998
llama31-8b,g24p2_051,irrelevant_visible,1.6913534666049868
llama31-8b,g24p2_053,irrelevant_cf,51.51659110281255
llama31-8b,g24p2_053,irrelevant_visible,13.058568816539823
llama31-8b,g24p2_054,irrelevant_cf,47.18797952504584
llama31-8b,g24p2_054,irrelevant_visible,6.064248920000046
llama31-8b,g24p2_055,irrelevant_cf,51.48312448844566
llama31-8b,g24p2_055,irrelevant_visible,49.8799454825519
llama31-8b,g24p2_057,irrelevant_cf,55.55536846718979
llama31-8b,g24p2_057,irrelevant_visible,39.92923322884767
llama31-8b,g24p2_058,irrelevant_cf,49.21564922605668
llama31-8b,g24p2_058,irrelevant_visible,13.333890255883116
llama31-8b,g24p2_059,irrelevant_cf,89.12482976780365
llama31-8b,g24p2_059,irrelevant_visible,19.05080636735367
llama31-8b,g24p2_060,irrelevant_cf,55.554205660317194
llama31-8b,g24p2_060,irrelevant_visible,56.092526539152715
llama31-8b,g24p2_062,irrelevant_cf,63.09938205010409
llama31-8b,g24p2_062,irrelevant_visible,53.377406173442125
llama31-8b,g24p2_064,irrelevant_cf,0.27115331811309124
llama31-8b,g24p2_064,irrelevant_visible,43.19785131604254
llama31-8b,g24p2_065,irrelevant_cf,91.94212432666642
llama31-8b,g24p2_065,irrelevant_visible,1.8503745734176777
llama31-8b,g24p2_066,irrelevant_cf,58.89350081485131
llama31-8b,g24p2_066,irrelevant_visible,0.15181565548239873
llama31-8b,g24p2_067,irrelevant_cf,55.551898334443855
llama31-8b,g24p2_067,irrelevant_visible,42.168357473182965
llama31-8b,g24p2_068,irrelevant_cf,2.647982948047657
llama31-8b,g24p2_068,irrelevant_visible,72.33509036246701
llama31-8b,g24p2_069,irrelevant_cf,87.992406971173
llama31-8b,g24p2_069,irrelevant_visible,50.333308679089804
llama31-8b,g24p2_070,irrelevant_cf,55.558138887075955
llama31-8b,g24p2_070,irrelevant_visible,85.28884645225531
llama31-8b,g24p2_071,irrelevant_cf,55.536088536332414
llama31-8b,g24p2_071,irrelevant_visible,43.0983966645035
llama31-8b,g24p2_072,irrelevant_cf,44.47430775017913
llama31-8b,g24p2_072,irrelevant_visible,8.416483084287714
llama31-8b,g24p2_073,irrelevant_cf,3.6863611736197766
llama31-8b,g24p2_073,irrelevant_visible,0.5356161974725296
llama31-8b,g24p2_074,irrelevant_cf,44.45059333975847
llama31-8b,g24p2_074,irrelevant_visible,36.29675877805229
llama31-8b,g24p2_075,irrelevant_cf,33.29823311298709
llama31-8b,g24p2_075,irrelevant_visible,23.140107038690772
llama31-8b,g24p2_076,irrelevant_cf,52.41933527460072
llama31-8b,g24p2_076,irrelevant_visible,10.578185217732495
llama31-8b,g24p2_077,irrelevant_cf,22.262004717169997
llama31-8b,g24p2_077,irrelevant_visible,10.175135881882536
llama31-8b,g24p2_079,irrelevant_cf,45.429800699250855
llama31-8b,g24p2_079,irrelevant_visible,58.84410942847676
llama31-8b,g24p2_081,irrelevant_cf,55.555089312940794
llama31-8b,g24p2_081,irrelevant_visible,44.22864615682051
llama31-8b,g24p2_082,irrelevant_cf,79.60456896780319
llama31-8b,g24p2_082,irrelevant_visible,23.94579047043924
llama31-8b,g24p2_083,irrelevant_cf,44.448318814264226
llama31-8b,g24p2_083,irrelevant_visible,1.404461932411182
llama31-8b,g24p2_084,irrelevant_cf,58.45689621456606
llama31-8b,g24p2_084,irrelevant_visible,4.324020386884793
llama31-8b,g24p2_085,irrelevant_cf,44.45491525857739
llama31-8b,g24p2_085,irrelevant_visible,18.89820586262775
llama31-8b,g24p2_087,irrelevant_cf,25.35736961336253
llama31-8b,g24p2_087,irrelevant_visible,35.38852673300627
llama31-8b,g24p2_088,irrelevant_cf,52.49915105564624
llama31-8b,g24p2_088,irrelevant_visible,41.8399020092871
llama31-8b,g24p2_089,irrelevant_cf,55.552288011044865
llama31-8b,g24p2_089,irrelevant_visible,29.421987683593574
llama31-8b,g24p2_091,irrelevant_cf,0.08377155339391175
llama31-8b,g24p2_091,irrelevant_visible,9.861596424165084
llama31-8b,g24p2_092,irrelevant_cf,0.9428413938331003
llama31-8b,g24p2_092,irrelevant_visible,14.973543945612464
llama31-8b,g24p2_093,irrelevant_cf,17.47550610949811
llama31-8b,g24p2_093,irrelevant_visible,53.01387071771585
llama31-8b,g24p2_094,irrelevant_cf,55.55635904264405
llama31-8b,g24p2_094,irrelevant_visible,88.64663446975071
llama31-8b,g24p2_096,irrelevant_cf,44.45687137990675
llama31-8b,g24p2_096,irrelevant_visible,50.02528984120633
llama31-8b,g24p2_098,irrelevant_cf,45.518203603251074
llama31-8b,g24p2_098,irrelevant_visible,0.694415394315454
llama31-8b,g24p2_099,irrelevant_cf,55.54764887104345
llama31-8b,g24p2_099,irrelevant_visible,1.367839245371109
llama31-8b,g24p2_101,irrelevant_cf,0.30287761593411777
llama31-8b,g24p2_101,irrelevant_visible,1.6947581693874043
llama31-8b,g24p2_102,irrelevant_cf,0.09141861053745096
llama31-8b,g24p2_102,irrelevant_visible,1.1483290630484089
llama31-8b,g24p2_103,irrelevant_cf,29.80870530930013
llama31-8b,g24p2_103,irrelevant_visible,5.544078155232303
llama31-8b,g24p2_104,irrelevant_cf,13.968039439909921
llama31-8b,g24p2_104,irrelevant_visible,10.703419045972995
llama31-8b,g24p2_105,irrelevant_cf,56.29332701370845
llama31-8b,g24p2_105,irrelevant_visible,47.58805978704797
llama31-8b,g24p2_107,irrelevant_cf,52.497985825422774
llama31-8b,g24p2_107,irrelevant_visible,10.50527222665524
llama31-8b,g24p2_108,irrelevant_cf,86.41338862106517
llama31-8b,g24p2_108,irrelevant_visible,51.901777389111665
llama31-8b,g24p2_110,irrelevant_cf,87.57049798975169
llama31-8b,g24p2_110,irrelevant_visible,45.2289243164654
llama31-8b,g24p2_111,irrelevant_cf,92.35654737198976
llama31-8b,g24p2_111,irrelevant_visible,5.427846464257473
llama31-8b,g24p2_112,irrelevant_cf,70.1904412110836
llama31-8b,g24p2_112,irrelevant_visible,47.15837895549426
llama31-8b,g24p2_113,irrelevant_cf,56.049043405711146
llama31-8b,g24p2_113,irrelevant_visible,15.8039493287699
llama31-8b,g24p2_114,irrelevant_cf,13.29988037456067
llama31-8b,g24p2_114,irrelevant_visible,1.9841422946285252
llama31-8b,g24p2_115,irrelevant_cf,9.457418738613592
llama31-8b,g24p2_115,irrelevant_visible,1.737887671197266
llama31-8b,g24p2_116,irrelevant_cf,55.55537291568845
llama31-8b,g24p2_116,irrelevant_visible,9.228910280108195
llama31-8b,g24p2_117,irrelevant_cf,55.55486897558024
llama31-8b,g24p2_117,irrelevant_visible,11.511715487482604
llama31-8b,g24p2_120,irrelevant_cf,88.88796196161609
llama31-8b,g24p2_120,irrelevant_visible,79.39432033770913
llama31-8b,g24p2_121,irrelevant_cf,60.18634631036054
llama31-8b,g24p2_121,irrelevant_visible,39.204239588554465
llama31-8b,g24p2_122,irrelevant_cf,0.13620418319925887
llama31-8b,g24p2_122,irrelevant_visible,68.81385885422323
llama31-8b,g24p2_123,irrelevant_cf,83.68426787293045
llama31-8b,g24p2_123,irrelevant_visible,43.086483448345646
llama31-8b,g24p2_125,irrelevant_cf,9.717715641456103
llama31-8b,g24p2_125,irrelevant_visible,7.3979096146067445
llama31-8b,g24p2_126,irrelevant_cf,66.66594113259396
llama31-8b,g24p2_126,irrelevant_visible,51.973311805562815
llama31-8b,g24p2_128,irrelevant_cf,0.40311832016227334
llama31-8b,g24p2_128,irrelevant_visible,2.2015368100052277
llama31-8b,g24p2_129,irrelevant_cf,55.555207985736864
llama31-8b,g24p2_129,irrelevant_visible,54.44173885921061
llama31-8b,g24p2_130,irrelevant_cf,54.89589787060988
llama31-8b,g24p2_130,irrelevant_visible,7.506955547255528
llama31-8b,g24p2_131,irrelevant_cf,31.630236737335412
llama31-8b,g24p2_131,irrelevant_visible,1.1946862663129068
llama31-8b,g24p2_132,irrelevant_cf,0.4401499278633743
llama31-8b,g24p2_132,irrelevant_visible,1.0808309194332575
llama31-8b,g24p2_133,irrelevant_cf,91.24538035017555
llama31-8b,g24p2_133,irrelevant_visible,25.741045786474604
llama31-8b,g24p2_134,irrelevant_cf,94.99657312576468
llama31-8b,g24p2_134,irrelevant_visible,19.59392296526164
llama31-8b,g24p2_135,irrelevant_cf,16.954100445624604
llama31-8b,g24p2_135,irrelevant_visible,48.00150532648421
llama31-8b,g24p2_136,irrelevant_cf,44.44794469621585
llama31-8b,g24p2_136,irrelevant_visible,5.451993796735502
llama31-8b,g24p2_137,irrelevant_cf,0.6703347361456432
llama31-8b,g24p2_137,irrelevant_visible,2.0402332872090287
llama31-8b,g24p2_138,irrelevant_cf,89.38195582073963
llama31-8b,g24p2_138,irrelevant_visible,72.12253614651046
llama31-8b,g24p2_140,irrelevant_cf,1.0435517782208987
llama31-8b,g24p2_140,irrelevant_visible,4.148993173313421
llama31-8b,g24p2_141,irrelevant_cf,0.3466577169991734
llama31-8b,g24p2_141,irrelevant_visible,9.217904913282053
llama31-8b,g24p2_142,irrelevant_cf,55.56925242678721
llama31-8b,g24p2_142,irrelevant_visible,6.622043937237978
llama31-8b,g24p2_143,irrelevant_cf,56.11917493996878
llama31-8b,g24p2_143,irrelevant_visible,16.575185074325432
llama31-8b,g24p2_144,irrelevant_cf,55.5532666434755
llama31-8b,g24p2_144,irrelevant_visible,52.43396619867752
llama31-8b,g24p2_145,irrelevant_cf,1.0369437785695532
llama31-8b,g24p2_145,irrelevant_visible,27.30184543740875
llama31-8b,g24p2_146,irrelevant_cf,51.10947602942282
llama31-8b,g24p2_146,irrelevant_visible,49.30302157959322
llama31-8b,g24p2_147,irrelevant_cf,55.553433821933
llama31-8b,g24p2_147,irrelevant_visible,3.9501685203469754
llama31-8b,g24p2_148,irrelevant_cf,88.88392766892645
llama31-8b,g24p2_148,irrelevant_visible,54.65014702665416
llama31-8b,g24p2_149,irrelevant_cf,55.55538783759467
llama31-8b,g24p2_149,irrelevant_visible,29.9570285845113
llama31-8b,g24p2_150,irrelevant_cf,51.20026778069719
llama31-8b,g24p2_150,irrelevant_visible,16.691693201346904
llama31-8b,g24p2_153,irrelevant_cf,76.81042698845249
llama31-8b,g24p2_153,irrelevant_visible,3.160470783921976
llama31-8b,g24p2_154,irrelevant_cf,54.24020552193875
llama31-8b,g24p2_154,irrelevant_visible,80.04138953249834
llama31-8b,g24p2_156,irrelevant_cf,55.55591343359662
llama31-8b,g24p2_156,irrelevant_visible,56.03498451787608
llama31-8b,g24p2_158,irrelevant_cf,18.99238741865365
llama31-8b,g24p2_158,irrelevant_visible,18.06250040883931
llama31-8b,g24p2_159,irrelevant_cf,29.39136222439149
llama31-8b,g24p2_159,irrelevant_visible,47.043671503248675
llama31-8b,g24p2_160,irrelevant_cf,50.040157839653816
llama31-8b,g24p2_160,irrelevant_visible,60.27818098958588
llama31-8b,g24p2_161,irrelevant_cf,65.81370993528043
llama31-8b,g24p2_161,irrelevant_visible,42.659409761559886
llama31-8b,g24p2_163,irrelevant_cf,2.807738824677909
llama31-8b,g24p2_163,irrelevant_visible,1.774256316176424
llama31-8b,g24p2_164,irrelevant_cf,55.560228896965924
llama31-8b,g24p2_164,irrelevant_visible,38.60605559659361
llama31-8b,g24p2_165,irrelevant_cf,13.905005025391294
llama31-8b,g24p2_165,irrelevant_visible,90.48659743697183
llama31-8b,g24p2_167,irrelevant_cf,71.09214566839948
llama31-8b,g24p2_167,irrelevant_visible,11.808249276669207
llama31-8b,g24p2_169,irrelevant_cf,55.55018199531718
llama31-8b,g24p2_169,irrelevant_visible,20.50597188711199
llama31-8b,g24p2_170,irrelevant_cf,17.434097061062126
llama31-8b,g24p2_170,irrelevant_visible,1.5293132901178428
llama31-8b,g24p2_171,irrelevant_cf,0.1300315677107541
llama31-8b,g24p2_171,irrelevant_visible,50.1272592270508
llama31-8b,g24p2_172,irrelevant_cf,83.61751279818083
llama31-8b,g24p2_172,irrelevant_visible,16.01700979935253
llama31-8b,g24p2_174,irrelevant_cf,83.25654305744521
llama31-8b,g24p2_174,irrelevant_visible,94.56616271638919
llama31-8b,g24p2_175,irrelevant_cf,94.66410239235069
llama31-8b,g24p2_175,irrelevant_visible,71.78502089301728
llama31-8b,g24p2_176,irrelevant_cf,88.88260731696226
llama31-8b,g24p2_176,irrelevant_visible,96.54032555467613
llama31-8b,g24p2_177,irrelevant_cf,58.69932297923026
llama31-8b,g24p2_177,irrelevant_visible,63.6864954010949
llama31-8b,g24p2_178,irrelevant_cf,72.00290207496045
llama31-8b,g24p2_178,irrelevant_visible,18.251486379494484
llama31-8b,g24p2_179,irrelevant_cf,83.21541708039362
llama31-8b,g24p2_179,irrelevant_visible,57.43113891141869
llama31-8b,g24p2_180,irrelevant_cf,65.46650897352035
llama31-8b,g24p2_180,irrelevant_visible,15.38624806704969
llama31-8b,g24p2_181,irrelevant_cf,55.54739923759582
llama31-8b,g24p2_181,irrelevant_visible,5.103097350678534
llama31-8b,g24p2_184,irrelevant_cf,0.08635488834226066
llama31-8b,g24p2_184,irrelevant_visible,24.24926683779395
llama31-8b,g24p2_185,irrelevant_cf,0.08751727835734885
llama31-8b,g24p2_185,irrelevant_visible,41.02493132898572
llama31-8b,g24p2_186,irrelevant_cf,5.484239913796924
llama31-8b,g24p2_186,irrelevant_visible,0.2880967117953517
llama31-8b,g24p2_187,irrelevant_cf,50.82410357514345
llama31-8b,g24p2_187,irrelevant_visible,48.29585041714188
llama31-8b,g24p2_189,irrelevant_cf,90.94829098215513
llama31-8b,g24p2_189,irrelevant_visible,96.81911947283552
llama31-8b,g24p2_190,irrelevant_cf,55.55377477745937
llama31-8b,g24p2_190,irrelevant_visible,13.231338179371473
llama31-8b,g24p2_191,irrelevant_cf,53.08325971149118
llama31-8b,g24p2_191,irrelevant_visible,40.13234339186246
llama31-8b,g24p2_192,irrelevant_cf,0.11715781393463288
llama31-8b,g24p2_192,irrelevant_visible,0.5776595768611487
llama31-8b,g24p2_193,irrelevant_cf,23.863344392507305
llama31-8b,g24p2_193,irrelevant_visible,3.3512678715670905
llama31-8b,g24p2_194,irrelevant_cf,55.55445516656661
llama31-8b,g24p2_194,irrelevant_visible,13.824172047155077
llama31-8b,g24p2_196,irrelevant_cf,47.187277377105026
llama31-8b,g24p2_196,irrelevant_visible,7.742970681121313
llama31-8b,g24p2_198,irrelevant_cf,77.96465021625956
llama31-8b,g24p2_198,irrelevant_visible,46.294390288265234
llama31-8b,g24p2_200,irrelevant_cf,20.157178771204897
llama31-8b,g24p2_200,irrelevant_visible,8.699400957870868
llama31-8b,g24p2_201,irrelevant_cf,0.26276606522125784
llama31-8b,g24p2_201,irrelevant_visible,26.723846256603768
llama31-8b,g24p2_202,irrelevant_cf,2.81444918648363
llama31-8b,g24p2_202,irrelevant_visible,1.7835199248419344
llama31-8b,g24p2_203,irrelevant_cf,0.5480025047989767
llama31-8b,g24p2_203,irrelevant_visible,21.817077252458155
llama31-8b,g24p2_204,irrelevant_cf,80.75886807110597
llama31-8b,g24p2_204,irrelevant_visible,89.95885031872818
llama31-8b,g24p2_207,irrelevant_cf,28.965900250614155
llama31-8b,g24p2_207,irrelevant_visible,55.61245615485094
llama31-8b,g24p2_208,irrelevant_cf,88.57605160885916
llama31-8b,g24p2_208,irrelevant_visible,54.895283815092824
llama31-8b,g24p2_211,irrelevant_cf,18.345909440289454
llama31-8b,g24p2_211,irrelevant_visible,23.996604005328393
llama31-8b,g24p2_213,irrelevant_cf,88.72127656257344
llama31-8b,g24p2_213,irrelevant_visible,54.64818242284734
llama31-8b,g24p2_214,irrelevant_cf,0.9487838914780191
llama31-8b,g24p2_214,irrelevant_visible,51.14659032922244
llama31-8b,g24p2_215,irrelevant_cf,0.08077414079207351
llama31-8b,g24p2_215,irrelevant_visible,14.32831742895894
llama31-8b,g24p2_216,irrelevant_cf,56.045206241532455
llama31-8b,g24p2_216,irrelevant_visible,39.29848188836447
llama31-8b,g24p2_217,irrelevant_cf,99.4521835584415
llama31-8b,g24p2_217,irrelevant_visible,93.47570301994693
llama31-8b,g24p2_218,irrelevant_cf,44.45097841862262
llama31-8b,g24p2_218,irrelevant_visible,5.789918575703475
llama31-8b,g24p2_219,irrelevant_cf,44.45013077506429
llama31-8b,g24p2_219,irrelevant_visible,32.80908921738803
llama31-8b,g24p2_220,irrelevant_cf,39.49129015407499
llama31-8b,g24p2_220,irrelevant_visible,23.499555968726796
llama31-8b,g24p2_223,irrelevant_cf,0.11259941248284032
llama31-8b,g24p2_223,irrelevant_visible,0.3169824759538789
llama31-8b,g24p2_224,irrelevant_cf,68.65229068885947
llama31-8b,g24p2_224,irrelevant_visible,20.460907845652347
llama31-8b,g24p2_225,irrelevant_cf,93.38028611427154
llama31-8b,g24p2_225,irrelevant_visible,54.3579999935113
llama31-8b,g24p2_227,irrelevant_cf,16.146913725370034
llama31-8b,g24p2_227,irrelevant_visible,90.08374517141323
llama31-8b,g24p2_228,irrelevant_cf,16.851290115627627
llama31-8b,g24p2_228,irrelevant_visible,10.39131449084347
llama31-8b,g24p2_230,irrelevant_cf,0.3171325125951516
llama31-8b,g24p2_230,irrelevant_visible,49.78460668346949
llama31-8b,g24p2_231,irrelevant_cf,44.45219475672629
llama31-8b,g24p2_231,irrelevant_visible,11.20946705833186
llama31-8b,g24p2_232,irrelevant_cf,55.55457362641054
llama31-8b,g24p2_232,irrelevant_visible,2.25275756864215
llama31-8b,g24p2_233,irrelevant_cf,0.2508602969215115
llama31-8b,g24p2_233,irrelevant_visible,0.7389692864535902
llama31-8b,g24p2_234,irrelevant_cf,83.84823288970684
llama31-8b,g24p2_234,irrelevant_visible,13.374577492768521
llama31-8b,g24p2_235,irrelevant_cf,55.55528708964414
llama31-8b,g24p2_235,irrelevant_visible,10.263095127725627
llama31-8b,g24p2_237,irrelevant_cf,0.1092298815525573
llama31-8b,g24p2_237,irrelevant_visible,11.708319648249436
llama31-8b,g24p2_238,irrelevant_cf,0.6306346034782796
llama31-8b,g24p2_238,irrelevant_visible,7.286608722536911
llama31-8b,g24p2_239,irrelevant_cf,56.209359613426045
llama31-8b,g24p2_239,irrelevant_visible,19.61794569449548
llama31-8b,g24p2_240,irrelevant_cf,84.17010815486249
llama31-8b,g24p2_240,irrelevant_visible,4.484418577302636
llama31-8b,g24p2_242,irrelevant_cf,55.552231145440565
llama31-8b,g24p2_242,irrelevant_visible,47.94589545678475
llama31-8b,g24p2_245,irrelevant_cf,50.85119395949252
llama31-8b,g24p2_245,irrelevant_visible,23.13683797730913
llama31-8b,g24p2_246,irrelevant_cf,8.165694500901274
llama31-8b,g24p2_246,irrelevant_visible,49.616534373379416
llama31-8b,g24p2_247,irrelevant_cf,55.559031497411496
llama31-8b,g24p2_247,irrelevant_visible,99.23401025253551
llama31-8b,g24p2_248,irrelevant_cf,47.23291789844669
llama31-8b,g24p2_248,irrelevant_visible,45.77426470999893
llama31-8b,g24p2_250,irrelevant_cf,44.44658591379519
llama31-8b,g24p2_250,irrelevant_visible,22.039014431072932
llama31-8b,g24p2_252,irrelevant_cf,55.55365894900668
llama31-8b,g24p2_252,irrelevant_visible,34.85770574813384
llama31-8b,g24p2_254,irrelevant_cf,44.449256507082325
llama31-8b,g24p2_254,irrelevant_visible,89.13246782435401
llama31-8b,g24p2_255,irrelevant_cf,42.09521370401415
llama31-8b,g24p2_255,irrelevant_visible,1.0221800440828994
llama31-8b,g24p2_258,irrelevant_cf,99.98170673150456
llama31-8b,g24p2_258,irrelevant_visible,2.483963750241416
llama31-8b,g24p2_259,irrelevant_cf,41.9194060895443
llama31-8b,g24p2_259,irrelevant_visible,1.8256712094196337
llama31-8b,g24p2_260,irrelevant_cf,26.8991663668328
llama31-8b,g24p2_260,irrelevant_visible,1.34342109477779
llama31-8b,g24p2_261,irrelevant_cf,90.52165945302022
llama31-8b,g24p2_261,irrelevant_visible,92.76361954265853
mistral-small-24b,g24p2_000,irrelevant_cf,39.39408129677782
mistral-small-24b,g24p2_000,irrelevant_visible,7.234350114539292
mistral-small-24b,g24p2_001,irrelevant_cf,0.08225859023625051
mistral-small-24b,g24p2_001,irrelevant_visible,8.104909481585985
mistral-small-24b,g24p2_002,irrelevant_cf,83.6426886975499
mistral-small-24b,g24p2_002,irrelevant_visible,19.261469385813623
mistral-small-24b,g24p2_003,irrelevant_cf,72.95663865435229
mistral-small-24b,g24p2_003,irrelevant_visible,3.8862637087328005
mistral-small-24b,g24p2_004,irrelevant_cf,57.22983089676401
mistral-small-24b,g24p2_004,irrelevant_visible,8.691411659604297
mistral-small-24b,g24p2_005,irrelevant_cf,11.910534346563521
mistral-small-24b,g24p2_005,irrelevant_visible,1.3441553385855887
mistral-small-24b,g24p2_006,irrelevant_cf,36.752266795167486
mistral-small-24b,g24p2_006,irrelevant_visible,4.945251206261156
mistral-small-24b,g24p2_010,irrelevant_cf,17.074178848029305
mistral-small-24b,g24p2_010,irrelevant_visible,10.89065753630469
mistral-small-24b,g24p2_011,irrelevant_cf,90.41328381017196
mistral-small-24b,g24p2_011,irrelevant_visible,7.535153803362393
mistral-small-24b,g24p2_012,irrelevant_cf,27.692209952046284
mistral-small-24b,g24p2_012,irrelevant_visible,7.816255678756722
mistral-small-24b,g24p2_014,irrelevant_cf,16.052007854843882
mistral-small-24b,g24p2_014,irrelevant_visible,7.71268986669976
mistral-small-24b,g24p2_015,irrelevant_cf,88.75159723828119
mistral-small-24b,g24p2_015,irrelevant_visible,18.891180663980773
mistral-small-24b,g24p2_016,irrelevant_cf,59.970196515916946
mistral-small-24b,g24p2_016,irrelevant_visible,4.75024826974033
mistral-small-24b,g24p2_017,irrelevant_cf,99.70288894772372
mistral-small-24b,g24p2_017,irrelevant_visible,21.464534738492016
mistral-small-24b,g24p2_018,irrelevant_cf,34.832537489304634
mistral-small-24b,g24p2_018,irrelevant_visible,10.908951800549335
mistral-small-24b,g24p2_019,irrelevant_cf,17.629188029079344
mistral-small-24b,g24p2_019,irrelevant_visible,0.6105708793321887
mistral-small-24b,g24p2_020,irrelevant_cf,26.536454769272265
mistral-small-24b,g24p2_020,irrelevant_visible,5.290947974748196
mistral-small-24b,g24p2_021,irrelevant_cf,43.17433852534825
mistral-small-24b,g24p2_021,irrelevant_visible,7.294112277915204
mistral-small-24b,g24p2_023,irrelevant_cf,99.14337599328928
mistral-small-24b,g24p2_023,irrelevant_visible,23.151117833609753
mistral-small-24b,g24p2_024,irrelevant_cf,53.26363679666675
mistral-small-24b,g24p2_024,irrelevant_visible,4.746367073186666
mistral-small-24b,g24p2_026,irrelevant_cf,37.118276994471486
mistral-small-24b,g24p2_026,irrelevant_visible,4.555088394746711
mistral-small-24b,g24p2_027,irrelevant_cf,98.53284097679192
mistral-small-24b,g24p2_027,irrelevant_visible,98.9554313779795
mistral-small-24b,g24p2_028,irrelevant_cf,19.477159189074584
mistral-small-24b,g24p2_028,irrelevant_visible,0.45031338859916353
mistral-small-24b,g24p2_029,irrelevant_cf,36.47280957161373
mistral-small-24b,g24p2_029,irrelevant_visible,11.637504644634697
mistral-small-24b,g24p2_033,irrelevant_cf,26.02685479558234
mistral-small-24b,g24p2_033,irrelevant_visible,15.157310274386235
mistral-small-24b,g24p2_034,irrelevant_cf,73.67394674390152
mistral-small-24b,g24p2_034,irrelevant_visible,4.3948187938502
mistral-small-24b,g24p2_035,irrelevant_cf,36.27934118717049
mistral-small-24b,g24p2_035,irrelevant_visible,28.105165017456866
mistral-small-24b,g24p2_036,irrelevant_cf,95.51087475243975
mistral-small-24b,g24p2_036,irrelevant_visible,95.55934143179074
mistral-small-24b,g24p2_037,irrelevant_cf,9.492473196841459
mistral-small-24b,g24p2_037,irrelevant_visible,2.4017596704438797
mistral-small-24b,g24p2_038,irrelevant_cf,14.101222331355439
mistral-small-24b,g24p2_038,irrelevant_visible,2.5434637992934364
mistral-small-24b,g24p2_039,irrelevant_cf,17.666450735427127
mistral-small-24b,g24p2_039,irrelevant_visible,0.697972794015584
mistral-small-24b,g24p2_040,irrelevant_cf,97.71193539220072
mistral-small-24b,g24p2_040,irrelevant_visible,0.5989137785927796
mistral-small-24b,g24p2_041,irrelevant_cf,37.81959850691148
mistral-small-24b,g24p2_041,irrelevant_visible,8.787436723225387
mistral-small-24b,g24p2_043,irrelevant_cf,38.62316552617081
mistral-small-24b,g24p2_043,irrelevant_visible,13.618271591276653
mistral-small-24b,g24p2_044,irrelevant_cf,10.532906640385956
mistral-small-24b,g24p2_044,irrelevant_visible,6.994723345010449
mistral-small-24b,g24p2_046,irrelevant_cf,8.066168737070145
mistral-small-24b,g24p2_046,irrelevant_visible,0.39712552977406923
mistral-small-24b,g24p2_047,irrelevant_cf,75.30699401942803
mistral-small-24b,g24p2_047,irrelevant_visible,5.255675706160211
mistral-small-24b,g24p2_048,irrelevant_cf,0.11852536699568399
mistral-small-24b,g24p2_048,irrelevant_visible,7.608444811682487
mistral-small-24b,g24p2_049,irrelevant_cf,39.2176592719248
mistral-small-24b,g24p2_049,irrelevant_visible,13.222716310667932
mistral-small-24b,g24p2_051,irrelevant_cf,38.45882820336429
mistral-small-24b,g24p2_051,irrelevant_visible,2.980160827496914
mistral-small-24b,g24p2_053,irrelevant_cf,28.767707985814127
mistral-small-24b,g24p2_053,irrelevant_visible,2.0464355127167146
mistral-small-24b,g24p2_054,irrelevant_cf,22.705293246205333
mistral-small-24b,g24p2_054,irrelevant_visible,2.932092230763714
mistral-small-24b,g24p2_055,irrelevant_cf,99.90831463504351
mistral-small-24b,g24p2_055,irrelevant_visible,12.617172891467813
mistral-small-24b,g24p2_057,irrelevant_cf,36.9237952829726
mistral-small-24b,g24p2_057,irrelevant_visible,10.634546363496472
mistral-small-24b,g24p2_058,irrelevant_cf,8.371261423693381
mistral-small-24b,g24p2_058,irrelevant_visible,2.3018686729816444
mistral-small-24b,g24p2_059,irrelevant_cf,29.703537118169567
mistral-small-24b,g24p2_059,irrelevant_visible,6.474048351137148
mistral-small-24b,g24p2_060,irrelevant_cf,56.75295923180533
mistral-small-24b,g24p2_060,irrelevant_visible,3.8773939824533405
mistral-small-24b,g24p2_062,irrelevant_cf,99.59224897434045
mistral-small-24b,g24p2_062,irrelevant_visible,17.221660199695602
mistral-small-24b,g24p2_064,irrelevant_cf,85.93047734543993
mistral-small-24b,g24p2_064,irrelevant_visible,3.3450890874723496
mistral-small-24b,g24p2_065,irrelevant_cf,82.72414455117539
mistral-small-24b,g24p2_065,irrelevant_visible,22.054356285908288
mistral-small-24b,g24p2_066,irrelevant_cf,27.40464423432344
mistral-small-24b,g24p2_066,irrelevant_visible,1.5438670091546123
mistral-small-24b,g24p2_067,irrelevant_cf,9.250418759638926
mistral-small-24b,g24p2_067,irrelevant_visible,15.262349655207535
mistral-small-24b,g24p2_068,irrelevant_cf,6.54116319649545
mistral-small-24b,g24p2_068,irrelevant_visible,1.2772038314178025
mistral-small-24b,g24p2_069,irrelevant_cf,15.523050866088873
mistral-small-24b,g24p2_069,irrelevant_visible,11.036627829856462
mistral-small-24b,g24p2_070,irrelevant_cf,99.53419698951481
mistral-small-24b,g24p2_070,irrelevant_visible,96.81741909503603
mistral-small-24b,g24p2_071,irrelevant_cf,43.44227052329453
mistral-small-24b,g24p2_071,irrelevant_visible,3.3552714017203056
mistral-small-24b,g24p2_072,irrelevant_cf,24.81937643665877
mistral-small-24b,g24p2_072,irrelevant_visible,0.8328525642164047
mistral-small-24b,g24p2_073,irrelevant_cf,0.16094791342534207
mistral-small-24b,g24p2_073,irrelevant_visible,3.12594555060755
mistral-small-24b,g24p2_074,irrelevant_cf,25.01543229143745
mistral-small-24b,g24p2_074,irrelevant_visible,0.6978135347094372
mistral-small-24b,g24p2_075,irrelevant_cf,8.554994347993642
mistral-small-24b,g24p2_075,irrelevant_visible,3.602381062633044
mistral-small-24b,g24p2_076,irrelevant_cf,37.120143636888976
mistral-small-24b,g24p2_076,irrelevant_visible,2.4567497925533837
mistral-small-24b,g24p2_077,irrelevant_cf,34.69518013093435
mistral-small-24b,g24p2_077,irrelevant_visible,5.3668750416803555
mistral-small-24b,g24p2_079,irrelevant_cf,95.74387964995837
mistral-small-24b,g24p2_079,irrelevant_visible,14.474253385161724
mistral-small-24b,g24p2_081,irrelevant_cf,10.342449257986514
mistral-small-24b,g24p2_081,irrelevant_visible,30.22503315951503
mistral-small-24b,g24p2_082,irrelevant_cf,33.029124848502185
mistral-small-24b,g24p2_082,irrelevant_visible,4.191264175796314
mistral-small-24b,g24p2_083,irrelevant_cf,41.683729851957565
mistral-small-24b,g24p2_083,irrelevant_visible,7.683937412581606
mistral-small-24b,g24p2_084,irrelevant_cf,71.8437146329841
mistral-small-24b,g24p2_084,irrelevant_visible,5.837856909669621
mistral-small-24b,g24p2_085,irrelevant_cf,33.42622270361601
mistral-small-24b,g24p2_085,irrelevant_visible,0.470682118117404
mistral-small-24b,g24p2_087,irrelevant_cf,54.3436998646543
mistral-small-24b,g24p2_087,irrelevant_visible,12.874462394570953
mistral-small-24b,g24p2_088,irrelevant_cf,34.85181009575237
mistral-small-24b,g24p2_088,irrelevant_visible,3.3121845895737128
mistral-small-24b,g24p2_089,irrelevant_cf,11.244123536111553
mistral-small-24b,g24p2_089,irrelevant_visible,2.3791664821947967
mistral-small-24b,g24p2_091,irrelevant_cf,97.64192874232305
mistral-small-24b,g24p2_091,irrelevant_visible,7.675832519994013
mistral-small-24b,g24p2_092,irrelevant_cf,84.00412710817645
mistral-small-24b,g24p2_092,irrelevant_visible,4.608206478457554
mistral-small-24b,g24p2_093,irrelevant_cf,14.409954608404307
mistral-small-24b,g24p2_093,irrelevant_visible,4.5200974458906105
mistral-small-24b,g24p2_094,irrelevant_cf,67.77581016636105
mistral-small-24b,g24p2_094,irrelevant_visible,21.29681901073551
mistral-small-24b,g24p2_096,irrelevant_cf,20.69181690536456
mistral-small-24b,g24p2_096,irrelevant_visible,4.590181093939758
mistral-small-24b,g24p2_098,irrelevant_cf,1.2036820452643189
mistral-small-24b,g24p2_098,irrelevant_visible,13.858563761764259
mistral-small-24b,g24p2_099,irrelevant_cf,0.3301431248347255
mistral-small-24b,g24p2_099,irrelevant_visible,0.41321387639132745
mistral-small-24b,g24p2_101,irrelevant_cf,99.77759161230573
mistral-small-24b,g24p2_101,irrelevant_visible,12.90996858213066
mistral-small-24b,g24p2_102,irrelevant_cf,8.788816536623537
mistral-small-24b,g24p2_102,irrelevant_visible,1.0226611785284454
mistral-small-24b,g24p2_103,irrelevant_cf,15.357676941669881
mistral-small-24b,g24p2_103,irrelevant_visible,0.39990524034495534
mistral-small-24b,g24p2_104,irrelevant_cf,38.83011953910879
mistral-small-24b,g24p2_104,irrelevant_visible,3.6738868848692303
mistral-small-24b,g24p2_105,irrelevant_cf,28.382084679840215
mistral-small-24b,g24p2_105,irrelevant_visible,4.2657743143658164
mistral-small-24b,g24p2_107,irrelevant_cf,40.60739098954473
mistral-small-24b,g24p2_107,irrelevant_visible,7.872444213140538
mistral-small-24b,g24p2_108,irrelevant_cf,73.93237321722073
mistral-small-24b,g24p2_108,irrelevant_visible,5.209867474736067
mistral-small-24b,g24p2_110,irrelevant_cf,87.30920285742876
mistral-small-24b,g24p2_110,irrelevant_visible,12.098562984326698
mistral-small-24b,g24p2_111,irrelevant_cf,0.28142741553375
mistral-small-24b,g24p2_111,irrelevant_visible,7.838537725643933
mistral-small-24b,g24p2_112,irrelevant_cf,15.472415915852107
mistral-small-24b,g24p2_112,irrelevant_visible,16.686703034275453
mistral-small-24b,g24p2_113,irrelevant_cf,98.56732401868595
mistral-small-24b,g24p2_113,irrelevant_visible,98.86915091982218
mistral-small-24b,g24p2_114,irrelevant_cf,23.30982132331252
mistral-small-24b,g24p2_114,irrelevant_visible,8.838699166998449
mistral-small-24b,g24p2_115,irrelevant_cf,17.599394567184067
mistral-small-24b,g24p2_115,irrelevant_visible,10.59806663822382
mistral-small-24b,g24p2_116,irrelevant_cf,30.508240906565774
mistral-small-24b,g24p2_116,irrelevant_visible,6.564999460756091
mistral-small-24b,g24p2_117,irrelevant_cf,34.28800575385796
mistral-small-24b,g24p2_117,irrelevant_visible,3.474647518632247
mistral-small-24b,g24p2_120,irrelevant_cf,80.19769712549719
mistral-small-24b,g24p2_120,irrelevant_visible,26.81428751532394
mistral-small-24b,g24p2_121,irrelevant_cf,58.65876356327236
mistral-small-24b,g24p2_121,irrelevant_visible,2.877554460871745
mistral-small-24b,g24p2_122,irrelevant_cf,24.48802075689724
mistral-small-24b,g24p2_122,irrelevant_visible,10.40886768378602
mistral-small-24b,g24p2_123,irrelevant_cf,29.602970863198323
mistral-small-24b,g24p2_123,irrelevant_visible,5.179204236194042
mistral-small-24b,g24p2_125,irrelevant_cf,16.778977569559082
mistral-small-24b,g24p2_125,irrelevant_visible,0.08923997395666979
mistral-small-24b,g24p2_126,irrelevant_cf,54.203922762539065
mistral-small-24b,g24p2_126,irrelevant_visible,9.838382686882966
mistral-small-24b,g24p2_128,irrelevant_cf,94.57282646122154
mistral-small-24b,g24p2_128,irrelevant_visible,13.621289948553702
mistral-small-24b,g24p2_129,irrelevant_cf,33.32625008154153
mistral-small-24b,g24p2_129,irrelevant_visible,0.3739931080259875
mistral-small-24b,g24p2_130,irrelevant_cf,42.6573634722774
mistral-small-24b,g24p2_130,irrelevant_visible,8.415654443938186
mistral-small-24b,g24p2_131,irrelevant_cf,7.380919430832559
mistral-small-24b,g24p2_131,irrelevant_visible,4.01641672414301
mistral-small-24b,g24p2_132,irrelevant_cf,33.19740157961124
mistral-small-24b,g24p2_132,irrelevant_visible,4.403603848954073
mistral-small-24b,g24p2_133,irrelevant_cf,95.61711969009951
mistral-small-24b,g24p2_133,irrelevant_visible,5.823628744401035
mistral-small-24b,g24p2_134,irrelevant_cf,99.45510019226141
mistral-small-24b,g24p2_134,irrelevant_visible,11.295696885084855
mistral-small-24b,g24p2_135,irrelevant_cf,0.036225681238427475
mistral-small-24b,g24p2_135,irrelevant_visible,5.0193148571295705
mistral-small-24b,g24p2_136,irrelevant_cf,33.379999831507796
mistral-small-24b,g24p2_136,irrelevant_visible,2.350134361516589
mistral-small-24b,g24p2_137,irrelevant_cf,19.05852609408007
mistral-small-24b,g24p2_137,irrelevant_visible,2.808333152110386
mistral-small-24b,g24p2_138,irrelevant_cf,5.325448776119432
mistral-small-24b,g24p2_138,irrelevant_visible,3.1234396755090477
mistral-small-24b,g24p2_140,irrelevant_cf,31.73082508998245
mistral-small-24b,g24p2_140,irrelevant_visible,11.807786261475512
mistral-small-24b,g24p2_141,irrelevant_cf,41.74418292693812
mistral-small-24b,g24p2_141,irrelevant_visible,9.760836886747661
mistral-small-24b,g24p2_142,irrelevant_cf,40.96641432751775
mistral-small-24b,g24p2_142,irrelevant_visible,3.007772302176638
mistral-small-24b,g24p2_143,irrelevant_cf,39.95583368672934
mistral-small-24b,g24p2_143,irrelevant_visible,3.3134800575568417
mistral-small-24b,g24p2_144,irrelevant_cf,13.396028659450229
mistral-small-24b,g24p2_144,irrelevant_visible,11.618520837002821
mistral-small-24b,g24p2_145,irrelevant_cf,28.872205147076745
mistral-small-24b,g24p2_145,irrelevant_visible,5.801545539638109
mistral-small-24b,g24p2_146,irrelevant_cf,23.69332072867771
mistral-small-24b,g24p2_146,irrelevant_visible,0.7338479105527006
mistral-small-24b,g24p2_147,irrelevant_cf,23.581956453655348
mistral-small-24b,g24p2_147,irrelevant_visible,3.8447509602545185
mistral-small-24b,g24p2_148,irrelevant_cf,24.841220798435426
mistral-small-24b,g24p2_148,irrelevant_visible,1.6914598285790396
mistral-small-24b,g24p2_149,irrelevant_cf,6.320275474541434
mistral-small-24b,g24p2_149,irrelevant_visible,6.720619904661932
mistral-small-24b,g24p2_150,irrelevant_cf,25.8348163664889
mistral-small-24b,g24p2_150,irrelevant_visible,4.63201974289128
mistral-small-24b,g24p2_153,irrelevant_cf,91.30429023362387
mistral-small-24b,g24p2_153,irrelevant_visible,4.472620955835577
mistral-small-24b,g24p2_154,irrelevant_cf,55.523867165136465
mistral-small-24b,g24p2_154,irrelevant_visible,11.24653203434517
mistral-small-24b,g24p2_156,irrelevant_cf,98.02522555936955
mistral-small-24b,g24p2_156,irrelevant_visible,19.194439684332778
mistral-small-24b,g24p2_158,irrelevant_cf,34.16494248214377
mistral-small-24b,g24p2_158,irrelevant_visible,2.195413550843882
mistral-small-24b,g24p2_159,irrelevant_cf,47.391637424135446
mistral-small-24b,g24p2_159,irrelevant_visible,15.002032876243394
mistral-small-24b,g24p2_160,irrelevant_cf,32.73217450532705
mistral-small-24b,g24p2_160,irrelevant_visible,16.628750221634615
mistral-small-24b,g24p2_161,irrelevant_cf,13.19184567388796
mistral-small-24b,g24p2_161,irrelevant_visible,6.051392127511992
mistral-small-24b,g24p2_163,irrelevant_cf,23.453395837892188
mistral-small-24b,g24p2_163,irrelevant_visible,9.04607679925706
mistral-small-24b,g24p2_164,irrelevant_cf,96.58459798132039
mistral-small-24b,g24p2_164,irrelevant_visible,12.253992812736092
mistral-small-24b,g24p2_165,irrelevant_cf,23.09422348462813
mistral-small-24b,g24p2_165,irrelevant_visible,0.8180056821052378
mistral-small-24b,g24p2_167,irrelevant_cf,24.66387072865919
mistral-small-24b,g24p2_167,irrelevant_visible,0.7303604380772087
mistral-small-24b,g24p2_169,irrelevant_cf,95.29919018026852
mistral-small-24b,g24p2_169,irrelevant_visible,4.569992980655632
mistral-small-24b,g24p2_170,irrelevant_cf,35.66383861982293
mistral-small-24b,g24p2_170,irrelevant_visible,6.327191618197826
mistral-small-24b,g24p2_171,irrelevant_cf,24.137084298857886
mistral-small-24b,g24p2_171,irrelevant_visible,3.821051142758096
mistral-small-24b,g24p2_172,irrelevant_cf,91.97245066448843
mistral-small-24b,g24p2_172,irrelevant_visible,9.57969898538271
mistral-small-24b,g24p2_174,irrelevant_cf,95.71655961435738
mistral-small-24b,g24p2_174,irrelevant_visible,12.764124975321606
mistral-small-24b,g24p2_175,irrelevant_cf,17.535920877484763
mistral-small-24b,g24p2_175,irrelevant_visible,99.01589612878078
mistral-small-24b,g24p2_176,irrelevant_cf,97.82813719419237
mistral-small-24b,g24p2_176,irrelevant_visible,17.48355210441037
mistral-small-24b,g24p2_177,irrelevant_cf,99.41146084794796
mistral-small-24b,g24p2_177,irrelevant_visible,23.878596254466206
mistral-small-24b,g24p2_178,irrelevant_cf,0.535216808663371
mistral-small-24b,g24p2_178,irrelevant_visible,5.985533809207835
mistral-small-24b,g24p2_179,irrelevant_cf,37.25821306043718
mistral-small-24b,g24p2_179,irrelevant_visible,8.622872975499202
mistral-small-24b,g24p2_180,irrelevant_cf,19.769017706514198
mistral-small-24b,g24p2_180,irrelevant_visible,5.852596565629704
mistral-small-24b,g24p2_181,irrelevant_cf,4.144881948260582
mistral-small-24b,g24p2_181,irrelevant_visible,3.3096633268904134
mistral-small-24b,g24p2_184,irrelevant_cf,5.08893974799834
mistral-small-24b,g24p2_184,irrelevant_visible,6.165170174382324
mistral-small-24b,g24p2_185,irrelevant_cf,53.19348913330927
mistral-small-24b,g24p2_185,irrelevant_visible,6.687155075287787
mistral-small-24b,g24p2_186,irrelevant_cf,9.372045856266414
mistral-small-24b,g24p2_186,irrelevant_visible,1.138975507211417
mistral-small-24b,g24p2_187,irrelevant_cf,11.579374100002065
mistral-small-24b,g24p2_187,irrelevant_visible,0.8498849055881118
mistral-small-24b,g24p2_189,irrelevant_cf,85.4971377744142
mistral-small-24b,g24p2_189,irrelevant_visible,30.70011547253784
mistral-small-24b,g24p2_190,irrelevant_cf,34.431959525870326
mistral-small-24b,g24p2_190,irrelevant_visible,3.2916630111620666
mistral-small-24b,g24p2_191,irrelevant_cf,32.514264917384686
mistral-small-24b,g24p2_191,irrelevant_visible,6.537148992772728
mistral-small-24b,g24p2_192,irrelevant_cf,31.314823421376463
mistral-small-24b,g24p2_192,irrelevant_visible,4.029761182539858
mistral-small-24b,g24p2_193,irrelevant_cf,89.47269269204087
mistral-small-24b,g24p2_193,irrelevant_visible,6.112353642246841
mistral-small-24b,g24p2_194,irrelevant_cf,27.911884732662323
mistral-small-24b,g24p2_194,irrelevant_visible,3.2596292081307365
mistral-small-24b,g24p2_196,irrelevant_cf,39.02678642043091
mistral-small-24b,g24p2_196,irrelevant_visible,3.9702048832648043
mistral-small-24b,g24p2_198,irrelevant_cf,59.73586485694125
mistral-small-24b,g24p2_198,irrelevant_visible,7.897378928943825
mistral-small-24b,g24p2_200,irrelevant_cf,51.48311506528278
mistral-small-24b,g24p2_200,irrelevant_visible,6.903696031310225
mistral-small-24b,g24p2_201,irrelevant_cf,3.523450474401558
mistral-small-24b,g24p2_201,irrelevant_visible,0.9394355639156776
mistral-small-24b,g24p2_202,irrelevant_cf,6.353078422365675
mistral-small-24b,g24p2_202,irrelevant_visible,3.3946045231176853
mistral-small-24b,g24p2_203,irrelevant_cf,21.441520158072457
mistral-small-24b,g24p2_203,irrelevant_visible,2.7942860868396213
mistral-small-24b,g24p2_204,irrelevant_cf,80.80768466737116
mistral-small-24b,g24p2_204,irrelevant_visible,13.414297003245947
mistral-small-24b,g24p2_207,irrelevant_cf,45.11084626654274
mistral-small-24b,g24p2_207,irrelevant_visible,15.30326765158138
mistral-small-24b,g24p2_208,irrelevant_cf,39.38663880811103
mistral-small-24b,g24p2_208,irrelevant_visible,2.6006481827988797
mistral-small-24b,g24p2_211,irrelevant_cf,29.380264977788606
mistral-small-24b,g24p2_211,irrelevant_visible,1.5185901409278215
mistral-small-24b,g24p2_213,irrelevant_cf,68.57078028442861
mistral-small-24b,g24p2_213,irrelevant_visible,8.94273026775489
mistral-small-24b,g24p2_214,irrelevant_cf,30.53577201028355
mistral-small-24b,g24p2_214,irrelevant_visible,2.067155991527331
mistral-small-24b,g24p2_215,irrelevant_cf,38.69496485183763
mistral-small-24b,g24p2_215,irrelevant_visible,0.39375057914484757
mistral-small-24b,g24p2_216,irrelevant_cf,79.38707392012422
mistral-small-24b,g24p2_216,irrelevant_visible,3.195093167427611
mistral-small-24b,g24p2_217,irrelevant_cf,93.56738026883394
mistral-small-24b,g24p2_217,irrelevant_visible,16.406812487838895
mistral-small-24b,g24p2_218,irrelevant_cf,39.06940878993132
mistral-small-24b,g24p2_218,irrelevant_visible,0.6446749636692855
mistral-small-24b,g24p2_219,irrelevant_cf,42.02877018013236
mistral-small-24b,g24p2_219,irrelevant_visible,3.4557349882601924
mistral-small-24b,g24p2_220,irrelevant_cf,1.5001375627273008
mistral-small-24b,g24p2_220,irrelevant_visible,4.481344642000712
mistral-small-24b,g24p2_223,irrelevant_cf,6.045680242462796
mistral-small-24b,g24p2_223,irrelevant_visible,0.4185005401034981
mistral-small-24b,g24p2_224,irrelevant_cf,59.480968116207265
mistral-small-24b,g24p2_224,irrelevant_visible,4.348415937619731
mistral-small-24b,g24p2_225,irrelevant_cf,38.76829567724515
mistral-small-24b,g24p2_225,irrelevant_visible,11.899135430235745
mistral-small-24b,g24p2_227,irrelevant_cf,7.158977393316121
mistral-small-24b,g24p2_227,irrelevant_visible,5.694875017545273
mistral-small-24b,g24p2_228,irrelevant_cf,34.938330547848096
mistral-small-24b,g24p2_228,irrelevant_visible,1.7031267675812929
mistral-small-24b,g24p2_230,irrelevant_cf,1.4143184383262122
mistral-small-24b,g24p2_230,irrelevant_visible,1.3437426208753194
mistral-small-24b,g24p2_231,irrelevant_cf,32.31356043532553
mistral-small-24b,g24p2_231,irrelevant_visible,6.711771139412424
mistral-small-24b,g24p2_232,irrelevant_cf,36.30537081460004
mistral-small-24b,g24p2_232,irrelevant_visible,9.78142850081638
mistral-small-24b,g24p2_233,irrelevant_cf,99.09704629215575
mistral-small-24b,g24p2_233,irrelevant_visible,1.3159160086232957
mistral-small-24b,g24p2_234,irrelevant_cf,27.668967054491475
mistral-small-24b,g24p2_234,irrelevant_visible,1.5184492503007299
mistral-small-24b,g24p2_235,irrelevant_cf,45.32340986245429
mistral-small-24b,g24p2_235,irrelevant_visible,7.897865718985153
mistral-small-24b,g24p2_237,irrelevant_cf,23.27428239774645
mistral-small-24b,g24p2_237,irrelevant_visible,11.534183175147394
mistral-small-24b,g24p2_238,irrelevant_cf,34.98782779601787
mistral-small-24b,g24p2_238,irrelevant_visible,4.857798952772722
mistral-small-24b,g24p2_239,irrelevant_cf,26.567408965678865
mistral-small-24b,g24p2_239,irrelevant_visible,9.16267741744417
mistral-small-24b,g24p2_240,irrelevant_cf,30.88715257591444
mistral-small-24b,g24p2_240,irrelevant_visible,2.5040401743502745
mistral-small-24b,g24p2_242,irrelevant_cf,43.16023721271732
mistral-small-24b,g24p2_242,irrelevant_visible,32.97274673510677
mistral-small-24b,g24p2_245,irrelevant_cf,29.726350727758376
mistral-small-24b,g24p2_245,irrelevant_visible,8.214150094687255
mistral-small-24b,g24p2_246,irrelevant_cf,0.358017253410636
mistral-small-24b,g24p2_246,irrelevant_visible,8.24114672298256
mistral-small-24b,g24p2_247,irrelevant_cf,82.95959406728502
mistral-small-24b,g24p2_247,irrelevant_visible,12.214488164010335
mistral-small-24b,g24p2_248,irrelevant_cf,16.368501865852824
mistral-small-24b,g24p2_248,irrelevant_visible,0.8683868573266528
mistral-small-24b,g24p2_250,irrelevant_cf,35.88015011051022
mistral-small-24b,g24p2_250,irrelevant_visible,1.2881031201162079
mistral-small-24b,g24p2_252,irrelevant_cf,28.126231040478025
mistral-small-24b,g24p2_252,irrelevant_visible,2.669370653727268
mistral-small-24b,g24p2_254,irrelevant_cf,40.53352929106789
mistral-small-24b,g24p2_254,irrelevant_visible,4.017933349090227
mistral-small-24b,g24p2_255,irrelevant_cf,31.239026220441147
mistral-small-24b,g24p2_255,irrelevant_visible,3.382785975682886
mistral-small-24b,g24p2_258,irrelevant_cf,33.40776634801935
mistral-small-24b,g24p2_258,irrelevant_visible,6.955175758610371
mistral-small-24b,g24p2_259,irrelevant_cf,36.03576570076902
mistral-small-24b,g24p2_259,irrelevant_visible,1.2048850718458244
mistral-small-24b,g24p2_260,irrelevant_cf,31.750014650839148
mistral-small-24b,g24p2_260,irrelevant_visible,6.035923265355312
mistral-small-24b,g24p2_261,irrelevant_cf,34.772277049801836
mistral-small-24b,g24p2_261,irrelevant_visible,1.8783695447570925
qwen3-8b,g24p2_000,irrelevant_cf,75.7494180247285
qwen3-8b,g24p2_000,irrelevant_visible,1.9415216009532494e-08
qwen3-8b,g24p2_001,irrelevant_cf,8.178593868216346e-09
qwen3-8b,g24p2_001,irrelevant_visible,5.4885227563557305e-08
qwen3-8b,g24p2_002,irrelevant_cf,97.97303210385141
qwen3-8b,g24p2_002,irrelevant_visible,0.16471911342063564
qwen3-8b,g24p2_003,irrelevant_cf,30.91972802929827
qwen3-8b,g24p2_003,irrelevant_visible,2.4776886788724764e-06
qwen3-8b,g24p2_004,irrelevant_cf,0.0007283727244370006
qwen3-8b,g24p2_004,irrelevant_visible,1.1855015666446844e-09
qwen3-8b,g24p2_005,irrelevant_cf,0.00016468054714483975
qwen3-8b,g24p2_005,irrelevant_visible,4.7433242711770275e-11
qwen3-8b,g24p2_006,irrelevant_cf,31.768482665783253
qwen3-8b,g24p2_006,irrelevant_visible,3.3291711363345926e-10
qwen3-8b,g24p2_010,irrelevant_cf,38.59178776145599
qwen3-8b,g24p2_010,irrelevant_visible,1.1124789147804502e-09
qwen3-8b,g24p2_011,irrelevant_cf,99.99999972055892
qwen3-8b,g24p2_011,irrelevant_visible,9.889772375545522e-08
qwen3-8b,g24p2_012,irrelevant_cf,29.157224929953397
qwen3-8b,g24p2_012,irrelevant_visible,1.7094304204094157e-07
qwen3-8b,g24p2_014,irrelevant_cf,97.30867935361756
qwen3-8b,g24p2_014,irrelevant_visible,38.087218731749346
qwen3-8b,g24p2_015,irrelevant_cf,55.715612568462085
qwen3-8b,g24p2_015,irrelevant_visible,1.047051776187058e-05
qwen3-8b,g24p2_016,irrelevant_cf,55.544756496582025
qwen3-8b,g24p2_016,irrelevant_visible,4.942573008627419e-11
qwen3-8b,g24p2_017,irrelevant_cf,34.40238273430144
qwen3-8b,g24p2_017,irrelevant_visible,0.08455565080712447
qwen3-8b,g24p2_018,irrelevant_cf,99.99999901535612
qwen3-8b,g24p2_018,irrelevant_visible,99.99998981838218
qwen3-8b,g24p2_019,irrelevant_cf,1.8169824711000376e-08
qwen3-8b,g24p2_019,irrelevant_visible,2.62360545143952e-10
qwen3-8b,g24p2_020,irrelevant_cf,99.89728455436351
qwen3-8b,g24p2_020,irrelevant_visible,99.93753386064266
qwen3-8b,g24p2_021,irrelevant_cf,0.018686011433441604
qwen3-8b,g24p2_021,irrelevant_visible,7.637629984467405e-10
qwen3-8b,g24p2_023,irrelevant_cf,99.99999999990372
qwen3-8b,g24p2_023,irrelevant_visible,99.99999989664899
qwen3-8b,g24p2_024,irrelevant_cf,0.2908247805440941
qwen3-8b,g24p2_024,irrelevant_visible,2.971907449349509e-09
qwen3-8b,g24p2_026,irrelevant_cf,99.99961525542909
qwen3-8b,g24p2_026,irrelevant_visible,99.99693437304012
qwen3-8b,g24p2_027,irrelevant_cf,99.9999999993025
qwen3-8b,g24p2_027,irrelevant_visible,99.99994152359429
qwen3-8b,g24p2_028,irrelevant_cf,51.5582522449471
qwen3-8b,g24p2_028,irrelevant_visible,4.8558294685779596e-09
qwen3-8b,g24p2_029,irrelevant_cf,0.014331169596060601
qwen3-8b,g24p2_029,irrelevant_visible,1.15149557991508
qwen3-8b,g24p2_033,irrelevant_cf,3.9283772675786164
qwen3-8b,g24p2_033,irrelevant_visible,1.0558951387179835e-08
qwen3-8b,g24p2_034,irrelevant_cf,99.99914439749604
qwen3-8b,g24p2_034,irrelevant_visible,4.655115192797465e-09
qwen3-8b,g24p2_035,irrelevant_cf,99.9905224813885
qwen3-8b,g24p2_035,irrelevant_visible,0.3841221495750513
qwen3-8b,g24p2_036,irrelevant_cf,99.99999999995529
qwen3-8b,g24p2_036,irrelevant_visible,99.98250547772048
qwen3-8b,g24p2_037,irrelevant_cf,9.76771461453628e-05
qwen3-8b,g24p2_037,irrelevant_visible,0.00011974867796048469
qwen3-8b,g24p2_038,irrelevant_cf,0.03421358289014382
qwen3-8b,g24p2_038,irrelevant_visible,1.1846698229051547e-09
qwen3-8b,g24p2_039,irrelevant_cf,0.005323434630349615
qwen3-8b,g24p2_039,irrelevant_visible,4.1627358015790777e-10
qwen3-8b,g24p2_040,irrelevant_cf,99.99998949830325
qwen3-8b,g24p2_040,irrelevant_visible,4.670407691353238e-09
qwen3-8b,g24p2_041,irrelevant_cf,99.99859796787092
qwen3-8b,g24p2_041,irrelevant_visible,2.08088186605016e-06
qwen3-8b,g24p2_043,irrelevant_cf,1.938000157781317e-06
qwen3-8b,g24p2_043,irrelevant_visible,1.796358315972017e-10
qwen3-8b,g24p2_044,irrelevant_cf,99.92113814914124
qwen3-8b,g24p2_044,irrelevant_visible,2.103390340642782e-10
qwen3-8b,g24p2_046,irrelevant_cf,9.232953418702808e-07
qwen3-8b,g24p2_046,irrelevant_visible,6.28373253610191e-11
qwen3-8b,g24p2_047,irrelevant_cf,99.99999999984328
qwen3-8b,g24p2_047,irrelevant_visible,99.99999999966808
qwen3-8b,g24p2_048,irrelevant_cf,8.171703841964703e-07
qwen3-8b,g24p2_048,irrelevant_visible,2.0363582347400443e-09
qwen3-8b,g24p2_049,irrelevant_cf,99.9999996067632
qwen3-8b,g24p2_049,irrelevant_visible,2.1183102778755482e-10
qwen3-8b,g24p2_051,irrelevant_cf,1.0194676483609215
qwen3-8b,g24p2_051,irrelevant_visible,32.63612831192218
qwen3-8b,g24p2_053,irrelevant_cf,56.778047373644924
qwen3-8b,g24p2_053,irrelevant_visible,3.3277333983979502e-06
qwen3-8b,g24p2_054,irrelevant_cf,0.0015443146485978835
qwen3-8b,g24p2_054,irrelevant_visible,1.1282117222027036e-09
qwen3-8b,g24p2_055,irrelevant_cf,99.99959020023427
qwen3-8b,g24p2_055,irrelevant_visible,1.4082462350733198
qwen3-8b,g24p2_057,irrelevant_cf,4.978181371513752e-06
qwen3-8b,g24p2_057,irrelevant_visible,5.39995135925985e-05
qwen3-8b,g24p2_058,irrelevant_cf,3.311595158025824e-06
qwen3-8b,g24p2_058,irrelevant_visible,4.950882895203606e-11
qwen3-8b,g24p2_059,irrelevant_cf,55.400767245915794
qwen3-8b,g24p2_059,irrelevant_visible,3.569504264715643e-07
qwen3-8b,g24p2_060,irrelevant_cf,99.98111220331607
qwen3-8b,g24p2_060,irrelevant_visible,7.274895439640357e-10
qwen3-8b,g24p2_062,irrelevant_cf,99.99999734582921
qwen3-8b,g24p2_062,irrelevant_visible,9.538690184598954
qwen3-8b,g24p2_064,irrelevant_cf,99.99999995108547
qwen3-8b,g24p2_064,irrelevant_visible,99.99999571703745
qwen3-8b,g24p2_065,irrelevant_cf,99.99999280426182
qwen3-8b,g24p2_065,irrelevant_visible,78.73082240059605
qwen3-8b,g24p2_066,irrelevant_cf,0.00011754742612603271
qwen3-8b,g24p2_066,irrelevant_visible,1.642547786992301e-10
qwen3-8b,g24p2_067,irrelevant_cf,99.99999999910888
qwen3-8b,g24p2_067,irrelevant_visible,99.99999937242161
qwen3-8b,g24p2_068,irrelevant_cf,1.5075919513944536e-09
qwen3-8b,g24p2_068,irrelevant_visible,4.323156641212918e-10
qwen3-8b,g24p2_069,irrelevant_cf,99.99999901247583
qwen3-8b,g24p2_069,irrelevant_visible,0.010265568342384361
qwen3-8b,g24p2_070,irrelevant_cf,99.99999999945953
qwen3-8b,g24p2_070,irrelevant_visible,99.99999932897161
qwen3-8b,g24p2_071,irrelevant_cf,56.456179878982816
qwen3-8b,g24p2_071,irrelevant_visible,8.339722535431813e-09
qwen3-8b,g24p2_072,irrelevant_cf,0.011205837046048784
qwen3-8b,g24p2_072,irrelevant_visible,3.634152855750696e-11
qwen3-8b,g24p2_073,irrelevant_cf,2.7930190640471493e-10
qwen3-8b,g24p2_073,irrelevant_visible,1.7797364176115027e-11
qwen3-8b,g24p2_074,irrelevant_cf,1.3736206551788291e-06
qwen3-8b,g24p2_074,irrelevant_visible,1.4222449076409718e-08
qwen3-8b,g24p2_075,irrelevant_cf,99.88100534897366
qwen3-8b,g24p2_075,irrelevant_visible,7.626670237987018e-07
qwen3-8b,g24p2_076,irrelevant_cf,20.643616637123728
qwen3-8b,g24p2_076,irrelevant_visible,8.03690539853143e-09
qwen3-8b,g24p2_077,irrelevant_cf,97.93056412530831
qwen3-8b,g24p2_077,irrelevant_visible,3.095542252148147e-08
qwen3-8b,g24p2_079,irrelevant_cf,99.9999997822809
qwen3-8b,g24p2_079,irrelevant_visible,27.294408321945184
qwen3-8b,g24p2_081,irrelevant_cf,76.96951446240985
qwen3-8b,g24p2_081,irrelevant_visible,1.419472179030834e-06
qwen3-8b,g24p2_082,irrelevant_cf,5.746218172325033
qwen3-8b,g24p2_082,irrelevant_visible,2.434095011762966e-07
qwen3-8b,g24p2_083,irrelevant_cf,0.014773169974908077
qwen3-8b,g24p2_083,irrelevant_visible,7.526859208001132e-10
qwen3-8b,g24p2_084,irrelevant_cf,99.99999972090777
qwen3-8b,g24p2_084,irrelevant_visible,99.99999998912368
qwen3-8b,g24p2_085,irrelevant_cf,4.945670198916997
qwen3-8b,g24p2_085,irrelevant_visible,1.404051629808901e-08
qwen3-8b,g24p2_087,irrelevant_cf,48.1668658745063
qwen3-8b,g24p2_087,irrelevant_visible,5.028443733638788e-10
qwen3-8b,g24p2_088,irrelevant_cf,0.0003113405297782791
qwen3-8b,g24p2_088,irrelevant_visible,4.6828897037912815e-09
qwen3-8b,g24p2_089,irrelevant_cf,77.71690886621785
qwen3-8b,g24p2_089,irrelevant_visible,0.0001245357979984681
qwen3-8b,g24p2_091,irrelevant_cf,82.62407632825125
qwen3-8b,g24p2_091,irrelevant_visible,9.643837228035913e-10
qwen3-8b,g24p2_092,irrelevant_cf,5.165299416412239e-08
qwen3-8b,g24p2_092,irrelevant_visible,1.9852867545171056e-09
qwen3-8b,g24p2_093,irrelevant_cf,99.9832964105577
qwen3-8b,g24p2_093,irrelevant_visible,1.9071826461076516e-09
qwen3-8b,g24p2_094,irrelevant_cf,99.99999991990468
qwen3-8b,g24p2_094,irrelevant_visible,99.99853839652708
qwen3-8b,g24p2_096,irrelevant_cf,42.052896458935805
qwen3-8b,g24p2_096,irrelevant_visible,2.7976477682287833e-09
qwen3-8b,g24p2_098,irrelevant_cf,0.1513436809269472
qwen3-8b,g24p2_098,irrelevant_visible,2.9075747275184597e-09
qwen3-8b,g24p2_099,irrelevant_cf,6.294170707422615e-11
qwen3-8b,g24p2_099,irrelevant_visible,2.2404011093548925e-11
qwen3-8b,g24p2_101,irrelevant_cf,0.6695700801784036
qwen3-8b,g24p2_101,irrelevant_visible,8.197775132064656e-10
qwen3-8b,g24p2_102,irrelevant_cf,1.3905672104977337e-10
qwen3-8b,g24p2_102,irrelevant_visible,1.7363001173452778e-11
qwen3-8b,g24p2_103,irrelevant_cf,0.0003604428061515369
qwen3-8b,g24p2_103,irrelevant_visible,3.683626760579642e-10
qwen3-8b,g24p2_104,irrelevant_cf,0.008077799082781667
qwen3-8b,g24p2_104,irrelevant_visible,2.0085918204751113e-09
qwen3-8b,g24p2_105,irrelevant_cf,55.30036452994946
qwen3-8b,g24p2_105,irrelevant_visible,3.849932213411769e-10
qwen3-8b,g24p2_107,irrelevant_cf,0.00044132272965762383
qwen3-8b,g24p2_107,irrelevant_visible,3.1919821476542178e-09
qwen3-8b,g24p2_108,irrelevant_cf,95.01167862524647
qwen3-8b,g24p2_108,irrelevant_visible,8.018430515559784e-11
qwen3-8b,g24p2_110,irrelevant_cf,99.99999999689943
qwen3-8b,g24p2_110,irrelevant_visible,99.99539898733993
qwen3-8b,g24p2_111,irrelevant_cf,5.945543982029753e-10
qwen3-8b,g24p2_111,irrelevant_visible,2.759025731934248e-10
qwen3-8b,g24p2_112,irrelevant_cf,0.40227659537937055
qwen3-8b,g24p2_112,irrelevant_visible,8.118548180160086e-09
qwen3-8b,g24p2_113,irrelevant_cf,91.35054335122217
qwen3-8b,g24p2_113,irrelevant_visible,99.84203670482718
qwen3-8b,g24p2_114,irrelevant_cf,0.006813149708314931
qwen3-8b,g24p2_114,irrelevant_visible,6.467441609494121e-08
qwen3-8b,g24p2_115,irrelevant_cf,15.640635163788971
qwen3-8b,g24p2_115,irrelevant_visible,1.2977233223587436e-10
qwen3-8b,g24p2_116,irrelevant_cf,99.99999999669517
qwen3-8b,g24p2_116,irrelevant_visible,7.585836832672745
qwen3-8b,g24p2_117,irrelevant_cf,40.0922569581155
qwen3-8b,g24p2_117,irrelevant_visible,6.047010566101589e-11
qwen3-8b,g24p2_120,irrelevant_cf,54.94585227159704
qwen3-8b,g24p2_120,irrelevant_visible,6.888359738455649
qwen3-8b,g24p2_121,irrelevant_cf,97.7698100525662
qwen3-8b,g24p2_121,irrelevant_visible,2.1116057502179414e-10
qwen3-8b,g24p2_122,irrelevant_cf,5.030863411078341e-08
qwen3-8b,g24p2_122,irrelevant_visible,1.551519832774204e-09
qwen3-8b,g24p2_123,irrelevant_cf,0.0015338579044803342
qwen3-8b,g24p2_123,irrelevant_visible,3.519681820355477e-10
qwen3-8b,g24p2_125,irrelevant_cf,0.006249978285981307
qwen3-8b,g24p2_125,irrelevant_visible,3.220041849291365e-09
qwen3-8b,g24p2_126,irrelevant_cf,2.2484171834818265
qwen3-8b,g24p2_126,irrelevant_visible,3.2294807805423344e-09
qwen3-8b,g24p2_128,irrelevant_cf,99.99496978134614
qwen3-8b,g24p2_128,irrelevant_visible,2.362246287646747e-08
qwen3-8b,g24p2_129,irrelevant_cf,61.83459698329328
qwen3-8b,g24p2_129,irrelevant_visible,8.715841268437982e-07
qwen3-8b,g24p2_130,irrelevant_cf,99.27871094753995
qwen3-8b,g24p2_130,irrelevant_visible,1.257249992808298e-10
qwen3-8b,g24p2_131,irrelevant_cf,9.788043293943762e-07
qwen3-8b,g24p2_131,irrelevant_visible,3.251275853228135e-05
qwen3-8b,g24p2_132,irrelevant_cf,1.2706318115048318
qwen3-8b,g24p2_132,irrelevant_visible,9.842384625798496e-10
qwen3-8b,g24p2_133,irrelevant_cf,99.99999792994028
qwen3-8b,g24p2_133,irrelevant_visible,9.760179601628489e-11
qwen3-8b,g24p2_134,irrelevant_cf,99.99999999984504
qwen3-8b,g24p2_134,irrelevant_visible,99.98985320038436
qwen3-8b,g24p2_135,irrelevant_cf,85.19236944591236
qwen3-8b,g24p2_135,irrelevant_visible,8.157614054529175e-07
qwen3-8b,g24p2_136,irrelevant_cf,3.7103684477463056e-06
qwen3-8b,g24p2_136,irrelevant_visible,9.409747200055426e-10
qwen3-8b,g24p2_137,irrelevant_cf,0.9912212246438958
qwen3-8b,g24p2_137,irrelevant_visible,3.437223548476629e-10
qwen3-8b,g24p2_138,irrelevant_cf,68.755431119565
qwen3-8b,g24p2_138,irrelevant_visible,2.652464309479298e-08
qwen3-8b,g24p2_140,irrelevant_cf,0.13796529601611054
qwen3-8b,g24p2_140,irrelevant_visible,5.661227249969067e-10
qwen3-8b,g24p2_141,irrelevant_cf,99.99999731256327
qwen3-8b,g24p2_141,irrelevant_visible,3.2296991640054427e-10
qwen3-8b,g24p2_142,irrelevant_cf,99.99627296447805
qwen3-8b,g24p2_142,irrelevant_visible,48.956675986281454
qwen3-8b,g24p2_143,irrelevant_cf,1.5209655447514712e-05
qwen3-8b,g24p2_143,irrelevant_visible,99.9982342565025
qwen3-8b,g24p2_144,irrelevant_cf,99.99989104462564
qwen3-8b,g24p2_144,irrelevant_visible,2.4164605916552223e-06
qwen3-8b,g24p2_145,irrelevant_cf,0.5999959688278618
qwen3-8b,g24p2_145,irrelevant_visible,2.3727541654202863e-10
qwen3-8b,g24p2_146,irrelevant_cf,41.01608142044735
qwen3-8b,g24p2_146,irrelevant_visible,1.2133334061814379e-08
qwen3-8b,g24p2_147,irrelevant_cf,4.14352071465385
qwen3-8b,g24p2_147,irrelevant_visible,3.4028226268207143e-10
qwen3-8b,g24p2_148,irrelevant_cf,99.9999999999728
qwen3-8b,g24p2_148,irrelevant_visible,99.9999956306684
qwen3-8b,g24p2_149,irrelevant_cf,98.55499844987271
qwen3-8b,g24p2_149,irrelevant_visible,3.3360979401616774e-09
qwen3-8b,g24p2_150,irrelevant_cf,0.009280762441349379
qwen3-8b,g24p2_150,irrelevant_visible,3.458774238013683e-11
qwen3-8b,g24p2_153,irrelevant_cf,99.99986478421609
qwen3-8b,g24p2_153,irrelevant_visible,2.354226826458309e-07
qwen3-8b,g24p2_154,irrelevant_cf,2.8496972702525842
qwen3-8b,g24p2_154,irrelevant_visible,4.064557537333519e-08
qwen3-8b,g24p2_156,irrelevant_cf,99.99999711392127
qwen3-8b,g24p2_156,irrelevant_visible,5.8349597175128704e-08
qwen3-8b,g24p2_158,irrelevant_cf,89.98853826653229
qwen3-8b,g24p2_158,irrelevant_visible,7.196371811352861e-08
qwen3-8b,g24p2_159,irrelevant_cf,99.9999996406182
qwen3-8b,g24p2_159,irrelevant_visible,0.008879542916152531
qwen3-8b,g24p2_160,irrelevant_cf,99.99538265767889
qwen3-8b,g24p2_160,irrelevant_visible,5.645221463610891e-06
qwen3-8b,g24p2_161,irrelevant_cf,99.9996938391527
qwen3-8b,g24p2_161,irrelevant_visible,99.91812479368824
qwen3-8b,g24p2_163,irrelevant_cf,99.9999999614151
qwen3-8b,g24p2_163,irrelevant_visible,99.99999938878688
qwen3-8b,g24p2_164,irrelevant_cf,99.99999999998664
qwen3-8b,g24p2_164,irrelevant_visible,99.99919637932518
qwen3-8b,g24p2_165,irrelevant_cf,2.2994315852333354e-08
qwen3-8b,g24p2_165,irrelevant_visible,3.8081664053973656e-08
qwen3-8b,g24p2_167,irrelevant_cf,85.04742843451184
qwen3-8b,g24p2_167,irrelevant_visible,1.2432566255138234e-09
qwen3-8b,g24p2_169,irrelevant_cf,0.00038953755348730435
qwen3-8b,g24p2_169,irrelevant_visible,1.4721001141143705e-09
qwen3-8b,g24p2_170,irrelevant_cf,1.6440190866883253e-06
qwen3-8b,g24p2_170,irrelevant_visible,1.629251253663653e-10
qwen3-8b,g24p2_171,irrelevant_cf,95.12728216968796
qwen3-8b,g24p2_171,irrelevant_visible,7.975055432272453e-11
qwen3-8b,g24p2_172,irrelevant_cf,99.95162999339504
qwen3-8b,g24p2_172,irrelevant_visible,1.140246534363639e-09
qwen3-8b,g24p2_174,irrelevant_cf,0.9771218456679196
qwen3-8b,g24p2_174,irrelevant_visible,3.4199060549705023e-10
qwen3-8b,g24p2_175,irrelevant_cf,97.96591242227709
qwen3-8b,g24p2_175,irrelevant_visible,99.99999277865373
qwen3-8b,g24p2_176,irrelevant_cf,99.99999999598984
qwen3-8b,g24p2_176,irrelevant_visible,99.99999999995508
qwen3-8b,g24p2_177,irrelevant_cf,66.72427287124444
qwen3-8b,g24p2_177,irrelevant_visible,88.87207140049254
qwen3-8b,g24p2_178,irrelevant_cf,99.9985639337305
qwen3-8b,g24p2_178,irrelevant_visible,5.121632871594185e-06
qwen3-8b,g24p2_179,irrelevant_cf,55.46128040769821
qwen3-8b,g24p2_179,irrelevant_visible,99.84708108747066
qwen3-8b,g24p2_180,irrelevant_cf,99.99120085306424
qwen3-8b,g24p2_180,irrelevant_visible,1.0779191053804239e-08
qwen3-8b,g24p2_181,irrelevant_cf,1.3708932614464552e-07
qwen3-8b,g24p2_181,irrelevant_visible,1.1376277645040029e-10
qwen3-8b,g24p2_184,irrelevant_cf,99.88900537677631
qwen3-8b,g24p2_184,irrelevant_visible,0.004379686919409159
qwen3-8b,g24p2_185,irrelevant_cf,0.6565645819629284
qwen3-8b,g24p2_185,irrelevant_visible,5.231192675216547e-10
qwen3-8b,g24p2_186,irrelevant_cf,3.0032923339759257
qwen3-8b,g24p2_186,irrelevant_visible,5.546854571234512e-10
qwen3-8b,g24p2_187,irrelevant_cf,0.000379001000035774
qwen3-8b,g24p2_187,irrelevant_visible,2.601737575444729e-10
qwen3-8b,g24p2_189,irrelevant_cf,99.99999999885095
qwen3-8b,g24p2_189,irrelevant_visible,99.99999998985238
qwen3-8b,g24p2_190,irrelevant_cf,99.92302275419108
qwen3-8b,g24p2_190,irrelevant_visible,0.00040301697027982325
qwen3-8b,g24p2_191,irrelevant_cf,15.29480310639417
qwen3-8b,g24p2_191,irrelevant_visible,1.8102829005297154e-06
qwen3-8b,g24p2_192,irrelevant_cf,0.018683679225614036
qwen3-8b,g24p2_192,irrelevant_visible,3.0057563119226844e-10
qwen3-8b,g24p2_193,irrelevant_cf,88.81198257109318
qwen3-8b,g24p2_193,irrelevant_visible,2.466873370603676e-08
qwen3-8b,g24p2_194,irrelevant_cf,0.00043797803116939215
qwen3-8b,g24p2_194,irrelevant_visible,2.880526780962634e-10
qwen3-8b,g24p2_196,irrelevant_cf,0.0011795565883536546
qwen3-8b,g24p2_196,irrelevant_visible,1.605512397193543e-10
qwen3-8b,g24p2_198,irrelevant_cf,99.99627368206365
qwen3-8b,g24p2_198,irrelevant_visible,2.1778352674903692e-05
qwen3-8b,g24p2_200,irrelevant_cf,2.6623440304427524
qwen3-8b,g24p2_200,irrelevant_visible,2.4395008748518982e-08
qwen3-8b,g24p2_201,irrelevant_cf,7.641704871015243e-11
qwen3-8b,g24p2_201,irrelevant_visible,2.7312521445662594e-10
qwen3-8b,g24p2_202,irrelevant_cf,2.674066652071153e-10
qwen3-8b,g24p2_202,irrelevant_visible,7.695726882844073e-11
qwen3-8b,g24p2_203,irrelevant_cf,54.409761056352245
qwen3-8b,g24p2_203,irrelevant_visible,1.2147675049163585e-09
qwen3-8b,g24p2_204,irrelevant_cf,55.76554308536062
qwen3-8b,g24p2_204,irrelevant_visible,3.335814147840158e-07
qwen3-8b,g24p2_207,irrelevant_cf,76.45324423923746
qwen3-8b,g24p2_207,irrelevant_visible,33.348537523961866
qwen3-8b,g24p2_208,irrelevant_cf,99.67634153867738
qwen3-8b,g24p2_208,irrelevant_visible,46.373007721802736
qwen3-8b,g24p2_211,irrelevant_cf,1.8136378490945556e-06
qwen3-8b,g24p2_211,irrelevant_visible,1.579541948557979e-10
qwen3-8b,g24p2_213,irrelevant_cf,92.0669189647453
qwen3-8b,g24p2_213,irrelevant_visible,0.035593221960569785
qwen3-8b,g24p2_214,irrelevant_cf,99.94079570252593
qwen3-8b,g24p2_214,irrelevant_visible,4.438492397349217e-10
qwen3-8b,g24p2_215,irrelevant_cf,1.40522283952452
qwen3-8b,g24p2_215,irrelevant_visible,1.3302818604482963e-10
qwen3-8b,g24p2_216,irrelevant_cf,99.98214832603144
qwen3-8b,g24p2_216,irrelevant_visible,2.9310874761511766e-09
qwen3-8b,g24p2_217,irrelevant_cf,99.99999999999527
qwen3-8b,g24p2_217,irrelevant_visible,99.84981219773084
qwen3-8b,g24p2_218,irrelevant_cf,22.719909874716546
qwen3-8b,g24p2_218,irrelevant_visible,4.2964320791301614e-10
qwen3-8b,g24p2_219,irrelevant_cf,2.860804974656112
qwen3-8b,g24p2_219,irrelevant_visible,8.109668877861408e-10
qwen3-8b,g24p2_220,irrelevant_cf,0.4053499977592804
qwen3-8b,g24p2_220,irrelevant_visible,7.343349896393727e-08
qwen3-8b,g24p2_223,irrelevant_cf,2.8404849102636563e-07
qwen3-8b,g24p2_223,irrelevant_visible,5.660898494979957e-09
qwen3-8b,g24p2_224,irrelevant_cf,99.99767468723513
qwen3-8b,g24p2_224,irrelevant_visible,99.99960814043874
qwen3-8b,g24p2_225,irrelevant_cf,99.9999998970386
qwen3-8b,g24p2_225,irrelevant_visible,99.99999999910149
qwen3-8b,g24p2_227,irrelevant_cf,99.99999999689953
qwen3-8b,g24p2_227,irrelevant_visible,99.99385800585735
qwen3-8b,g24p2_228,irrelevant_cf,5.375100124342757e-07
qwen3-8b,g24p2_228,irrelevant_visible,7.076758786270208e-10
qwen3-8b,g24p2_230,irrelevant_cf,0.0001635553232155128
qwen3-8b,g24p2_230,irrelevant_visible,4.4510918313077387e-10
qwen3-8b,g24p2_231,irrelevant_cf,44.15297346343158
qwen3-8b,g24p2_231,irrelevant_visible,9.498649125229998e-08
qwen3-8b,g24p2_232,irrelevant_cf,0.00029761864341662156
qwen3-8b,g24p2_232,irrelevant_visible,8.099543277439985e-07
qwen3-8b,g24p2_233,irrelevant_cf,99.99999999852487
qwen3-8b,g24p2_233,irrelevant_visible,99.99999999811047
qwen3-8b,g24p2_234,irrelevant_cf,52.33636431808369
qwen3-8b,g24p2_234,irrelevant_visible,2.8945266433046435e-10
qwen3-8b,g24p2_235,irrelevant_cf,3.6612729292140918
qwen3-8b,g24p2_235,irrelevant_visible,5.399458242113084e-05
qwen3-8b,g24p2_237,irrelevant_cf,7.734019106928002e-08
qwen3-8b,g24p2_237,irrelevant_visible,2.1004386962246464e-10
qwen3-8b,g24p2_238,irrelevant_cf,99.99999902617448
qwen3-8b,g24p2_238,irrelevant_visible,92.3628079807335
qwen3-8b,g24p2_239,irrelevant_cf,99.98985335947863
qwen3-8b,g24p2_239,irrelevant_visible,1.4692501589089586e-10
qwen3-8b,g24p2_240,irrelevant_cf,0.00020583445176027059
qwen3-8b,g24p2_240,irrelevant_visible,1.3551384416809065e-10
qwen3-8b,g24p2_242,irrelevant_cf,3.1615833890849285
qwen3-8b,g24p2_242,irrelevant_visible,2.6926346315868715e-10
qwen3-8b,g24p2_245,irrelevant_cf,2.6584448400070126
qwen3-8b,g24p2_245,irrelevant_visible,1.4648159398103612e-09
qwen3-8b,g24p2_246,irrelevant_cf,1.1306143004989952e-06
qwen3-8b,g24p2_246,irrelevant_visible,1.4194442575611287e-10
qwen3-8b,g24p2_247,irrelevant_cf,99.67763034980374
qwen3-8b,g24p2_247,irrelevant_visible,1.0443703728481018e-05
qwen3-8b,g24p2_248,irrelevant_cf,2.396183179262806e-08
qwen3-8b,g24p2_248,irrelevant_visible,9.755625580806099e-11
qwen3-8b,g24p2_250,irrelevant_cf,0.0005778370036966115
qwen3-8b,g24p2_250,irrelevant_visible,1.1323963197883838e-08
qwen3-8b,g24p2_252,irrelevant_cf,91.21325845800001
qwen3-8b,g24p2_252,irrelevant_visible,3.1115902289676383e-10
qwen3-8b,g24p2_254,irrelevant_cf,0.09641165794753598
qwen3-8b,g24p2_254,irrelevant_visible,8.546153680345964e-07
qwen3-8b,g24p2_255,irrelevant_cf,2.6172439756086856e-08
qwen3-8b,g24p2_255,irrelevant_visible,9.6529358740397e-10
qwen3-8b,g24p2_258,irrelevant_cf,99.99822102860406
qwen3-8b,g24p2_258,irrelevant_visible,2.3175899158473974e-10
qwen3-8b,g24p2_259,irrelevant_cf,0.8294237197329732
qwen3-8b,g24p2_259,irrelevant_visible,1.0499659852893133e-08
qwen3-8b,g24p2_260,irrelevant_cf,4.762599803725601e-09
qwen3-8b,g24p2_260,irrelevant_visible,4.5620447642198535e-11
qwen3-8b,g24p2_261,irrelevant_cf,0.10417941445810373
qwen3-8b,g24p2_261,irrelevant_visible,4.498851857072509e-09
qwen35-9b,g24p2_000,irrelevant_cf,23.20470843012508
qwen35-9b,g24p2_000,irrelevant_visible,4.550116172669295
qwen35-9b,g24p2_001,irrelevant_cf,15.737568195569647
qwen35-9b,g24p2_001,irrelevant_visible,0.7920584879579573
qwen35-9b,g24p2_002,irrelevant_cf,6.880174018079125
qwen35-9b,g24p2_002,irrelevant_visible,0.47876693360620654
qwen35-9b,g24p2_003,irrelevant_cf,40.07103940771896
qwen35-9b,g24p2_003,irrelevant_visible,0.9660571676066905
qwen35-9b,g24p2_004,irrelevant_cf,36.306978743554424
qwen35-9b,g24p2_004,irrelevant_visible,1.0771139506210234
qwen35-9b,g24p2_005,irrelevant_cf,3.8762653452244615
qwen35-9b,g24p2_005,irrelevant_visible,0.27853276790877224
qwen35-9b,g24p2_006,irrelevant_cf,49.80331700277177
qwen35-9b,g24p2_006,irrelevant_visible,0.7674807957536106
qwen35-9b,g24p2_010,irrelevant_cf,25.32459584836168
qwen35-9b,g24p2_010,irrelevant_visible,0.5995152855231928
qwen35-9b,g24p2_011,irrelevant_cf,8.417903207888067
qwen35-9b,g24p2_011,irrelevant_visible,79.98514845836333
qwen35-9b,g24p2_012,irrelevant_cf,98.95521795945689
qwen35-9b,g24p2_012,irrelevant_visible,0.23771736881672792
qwen35-9b,g24p2_014,irrelevant_cf,99.55136396513211
qwen35-9b,g24p2_014,irrelevant_visible,2.4286785585822015
qwen35-9b,g24p2_015,irrelevant_cf,99.12369065124942
qwen35-9b,g24p2_015,irrelevant_visible,6.654793400958009
qwen35-9b,g24p2_016,irrelevant_cf,5.73566493312713
qwen35-9b,g24p2_016,irrelevant_visible,0.09521873888565609
qwen35-9b,g24p2_017,irrelevant_cf,96.99959559265297
qwen35-9b,g24p2_017,irrelevant_visible,8.58602273281229
qwen35-9b,g24p2_018,irrelevant_cf,99.13490108470933
qwen35-9b,g24p2_018,irrelevant_visible,0.7791983268658126
qwen35-9b,g24p2_019,irrelevant_cf,0.4730409506147082
qwen35-9b,g24p2_019,irrelevant_visible,0.11959771579003561
qwen35-9b,g24p2_020,irrelevant_cf,98.94278874223436
qwen35-9b,g24p2_020,irrelevant_visible,0.17173787390296796
qwen35-9b,g24p2_021,irrelevant_cf,17.16903443985065
qwen35-9b,g24p2_021,irrelevant_visible,3.3761935954746107
qwen35-9b,g24p2_023,irrelevant_cf,99.45555493794834
qwen35-9b,g24p2_023,irrelevant_visible,82.19728962866553
qwen35-9b,g24p2_024,irrelevant_cf,21.411392081399867
qwen35-9b,g24p2_024,irrelevant_visible,4.559777339089555
qwen35-9b,g24p2_026,irrelevant_cf,25.687916755243773
qwen35-9b,g24p2_026,irrelevant_visible,0.6376202606371749
qwen35-9b,g24p2_027,irrelevant_cf,99.17648140787541
qwen35-9b,g24p2_027,irrelevant_visible,80.24878584629388
qwen35-9b,g24p2_028,irrelevant_cf,16.223019548020964
qwen35-9b,g24p2_028,irrelevant_visible,11.16848865546465
qwen35-9b,g24p2_029,irrelevant_cf,99.51748444546254
qwen35-9b,g24p2_029,irrelevant_visible,1.9643928116978262
qwen35-9b,g24p2_033,irrelevant_cf,10.187109318460605
qwen35-9b,g24p2_033,irrelevant_visible,0.48691915541424524
qwen35-9b,g24p2_034,irrelevant_cf,11.045873223501697
qwen35-9b,g24p2_034,irrelevant_visible,0.19498520157525098
qwen35-9b,g24p2_035,irrelevant_cf,99.42746839343103
qwen35-9b,g24p2_035,irrelevant_visible,4.153855820546692
qwen35-9b,g24p2_036,irrelevant_cf,99.14118638634848
qwen35-9b,g24p2_036,irrelevant_visible,30.397882861471714
qwen35-9b,g24p2_037,irrelevant_cf,8.27299178425263
qwen35-9b,g24p2_037,irrelevant_visible,0.555588189222057
qwen35-9b,g24p2_038,irrelevant_cf,5.846147604230477
qwen35-9b,g24p2_038,irrelevant_visible,0.06662239609215409
qwen35-9b,g24p2_039,irrelevant_cf,42.00447518633906
qwen35-9b,g24p2_039,irrelevant_visible,1.003648883173736
qwen35-9b,g24p2_040,irrelevant_cf,99.78725746162235
qwen35-9b,g24p2_040,irrelevant_visible,7.313296910906059
qwen35-9b,g24p2_041,irrelevant_cf,6.023046342512064
qwen35-9b,g24p2_041,irrelevant_visible,2.197692459341937
qwen35-9b,g24p2_043,irrelevant_cf,26.980034932940608
qwen35-9b,g24p2_043,irrelevant_visible,2.6991991173777947
qwen35-9b,g24p2_044,irrelevant_cf,95.87325008713664
qwen35-9b,g24p2_044,irrelevant_visible,13.033077299533891
qwen35-9b,g24p2_046,irrelevant_cf,0.3056246610397945
qwen35-9b,g24p2_046,irrelevant_visible,1.512535732198178
qwen35-9b,g24p2_047,irrelevant_cf,25.694481299616104
qwen35-9b,g24p2_047,irrelevant_visible,0.4626548565512387
qwen35-9b,g24p2_048,irrelevant_cf,48.57981158211297
qwen35-9b,g24p2_048,irrelevant_visible,0.3837233471375763
qwen35-9b,g24p2_049,irrelevant_cf,99.23262741666673
qwen35-9b,g24p2_049,irrelevant_visible,0.1269551434558372
qwen35-9b,g24p2_051,irrelevant_cf,11.906262719137304
qwen35-9b,g24p2_051,irrelevant_visible,17.836046907581952
qwen35-9b,g24p2_053,irrelevant_cf,25.47910499861779
qwen35-9b,g24p2_053,irrelevant_visible,1.1736004386851522
qwen35-9b,g24p2_054,irrelevant_cf,9.175609299756312
qwen35-9b,g24p2_054,irrelevant_visible,0.33846603231030925
qwen35-9b,g24p2_055,irrelevant_cf,1.0916721092236241
qwen35-9b,g24p2_055,irrelevant_visible,2.723172687678219
qwen35-9b,g24p2_057,irrelevant_cf,82.2236472313974
qwen35-9b,g24p2_057,irrelevant_visible,0.22393976787491898
qwen35-9b,g24p2_058,irrelevant_cf,33.72118287081747
qwen35-9b,g24p2_058,irrelevant_visible,0.3103374289412786
qwen35-9b,g24p2_059,irrelevant_cf,27.46875433512684
qwen35-9b,g24p2_059,irrelevant_visible,1.3111540194086548
qwen35-9b,g24p2_060,irrelevant_cf,18.57991517653473
qwen35-9b,g24p2_060,irrelevant_visible,1.2844127769798566
qwen35-9b,g24p2_062,irrelevant_cf,8.014912699840801
qwen35-9b,g24p2_062,irrelevant_visible,96.87551400638488
qwen35-9b,g24p2_064,irrelevant_cf,97.68846938726041
qwen35-9b,g24p2_064,irrelevant_visible,1.2479049711856556
qwen35-9b,g24p2_065,irrelevant_cf,98.63162278932204
qwen35-9b,g24p2_065,irrelevant_visible,3.5090683593315037
qwen35-9b,g24p2_066,irrelevant_cf,39.49347697410075
qwen35-9b,g24p2_066,irrelevant_visible,0.16568282746585677
qwen35-9b,g24p2_067,irrelevant_cf,1.6086205867872054
qwen35-9b,g24p2_067,irrelevant_visible,0.002526528191686633
qwen35-9b,g24p2_068,irrelevant_cf,0.08824412715289225
qwen35-9b,g24p2_068,irrelevant_visible,0.13046923088585177
qwen35-9b,g24p2_069,irrelevant_cf,15.667711100114424
qwen35-9b,g24p2_069,irrelevant_visible,1.177999917020385
qwen35-9b,g24p2_070,irrelevant_cf,99.48640318995648
qwen35-9b,g24p2_070,irrelevant_visible,20.210576309158498
qwen35-9b,g24p2_071,irrelevant_cf,18.54852201984985
qwen35-9b,g24p2_071,irrelevant_visible,0.5823858402499485
qwen35-9b,g24p2_072,irrelevant_cf,3.4486647314682948
qwen35-9b,g24p2_072,irrelevant_visible,0.01539025922214448
qwen35-9b,g24p2_073,irrelevant_cf,0.19838036972388254
qwen35-9b,g24p2_073,irrelevant_visible,0.03327649781451228
qwen35-9b,g24p2_074,irrelevant_cf,24.711594370428493
qwen35-9b,g24p2_074,irrelevant_visible,0.14531527597548757
qwen35-9b,g24p2_075,irrelevant_cf,8.367631214249826
qwen35-9b,g24p2_075,irrelevant_visible,0.8659829199961558
qwen35-9b,g24p2_076,irrelevant_cf,18.09433088682026
qwen35-9b,g24p2_076,irrelevant_visible,0.4304854639653406
qwen35-9b,g24p2_077,irrelevant_cf,42.920054775852904
qwen35-9b,g24p2_077,irrelevant_visible,0.15191532646827932
qwen35-9b,g24p2_079,irrelevant_cf,2.2426097842962083
qwen35-9b,g24p2_079,irrelevant_visible,0.621007480088699
qwen35-9b,g24p2_081,irrelevant_cf,17.96747603784548
qwen35-9b,g24p2_081,irrelevant_visible,0.7226338887307383
qwen35-9b,g24p2_082,irrelevant_cf,12.836286575811979
qwen35-9b,g24p2_082,irrelevant_visible,0.1265715895731411
qwen35-9b,g24p2_083,irrelevant_cf,22.839368204154532
qwen35-9b,g24p2_083,irrelevant_visible,1.3948009853741576
qwen35-9b,g24p2_084,irrelevant_cf,98.6269292270261
qwen35-9b,g24p2_084,irrelevant_visible,0.5182812059901386
qwen35-9b,g24p2_085,irrelevant_cf,40.25319917315131
qwen35-9b,g24p2_085,irrelevant_visible,0.9900861230891552
qwen35-9b,g24p2_087,irrelevant_cf,11.03293923095711
qwen35-9b,g24p2_087,irrelevant_visible,7.041869972906811
qwen35-9b,g24p2_088,irrelevant_cf,28.158831813231266
qwen35-9b,g24p2_088,irrelevant_visible,3.5295283132440165
qwen35-9b,g24p2_089,irrelevant_cf,1.06828512775992
qwen35-9b,g24p2_089,irrelevant_visible,2.7721596935068002
qwen35-9b,g24p2_091,irrelevant_cf,2.146911543871983
qwen35-9b,g24p2_091,irrelevant_visible,0.051700014134775846
qwen35-9b,g24p2_092,irrelevant_cf,95.80274370291494
qwen35-9b,g24p2_092,irrelevant_visible,2.5091060021213676
qwen35-9b,g24p2_093,irrelevant_cf,99.43347841526446
qwen35-9b,g24p2_093,irrelevant_visible,0.4277661493743645
qwen35-9b,g24p2_094,irrelevant_cf,99.10995832758906
qwen35-9b,g24p2_094,irrelevant_visible,11.043780361813317
qwen35-9b,g24p2_096,irrelevant_cf,21.970106302995156
qwen35-9b,g24p2_096,irrelevant_visible,1.4754418790121828
qwen35-9b,g24p2_098,irrelevant_cf,41.138362430144866
qwen35-9b,g24p2_098,irrelevant_visible,6.778557686625408
qwen35-9b,g24p2_099,irrelevant_cf,0.8420632265309533
qwen35-9b,g24p2_099,irrelevant_visible,0.011122271772997402
qwen35-9b,g24p2_101,irrelevant_cf,97.48165269801088
qwen35-9b,g24p2_101,irrelevant_visible,1.3822422024360481
qwen35-9b,g24p2_102,irrelevant_cf,7.631566731782347
qwen35-9b,g24p2_102,irrelevant_visible,0.08346588199243594
qwen35-9b,g24p2_103,irrelevant_cf,21.90352571019705
qwen35-9b,g24p2_103,irrelevant_visible,0.08744790491059107
qwen35-9b,g24p2_104,irrelevant_cf,28.677103339823077
qwen35-9b,g24p2_104,irrelevant_visible,0.012809737690563951
qwen35-9b,g24p2_105,irrelevant_cf,22.79751562976115
qwen35-9b,g24p2_105,irrelevant_visible,0.2755525503580382
qwen35-9b,g24p2_107,irrelevant_cf,25.634537618122575
qwen35-9b,g24p2_107,irrelevant_visible,0.5323526094774482
qwen35-9b,g24p2_108,irrelevant_cf,92.42747385812277
qwen35-9b,g24p2_108,irrelevant_visible,0.2779442899259884
qwen35-9b,g24p2_110,irrelevant_cf,98.90715066649807
qwen35-9b,g24p2_110,irrelevant_visible,39.1374925601712
qwen35-9b,g24p2_111,irrelevant_cf,2.206899623508009
qwen35-9b,g24p2_111,irrelevant_visible,7.20405738918637
qwen35-9b,g24p2_112,irrelevant_cf,25.388621650606932
qwen35-9b,g24p2_112,irrelevant_visible,1.233942767622507
qwen35-9b,g24p2_113,irrelevant_cf,98.17867757103608
qwen35-9b,g24p2_113,irrelevant_visible,2.3930980156453625
qwen35-9b,g24p2_114,irrelevant_cf,9.10122531623406
qwen35-9b,g24p2_114,irrelevant_visible,0.08878659066035294
qwen35-9b,g24p2_115,irrelevant_cf,7.350745514553607
qwen35-9b,g24p2_115,irrelevant_visible,0.0014407421709803228
qwen35-9b,g24p2_116,irrelevant_cf,96.94456177220474
qwen35-9b,g24p2_116,irrelevant_visible,5.723174694360335
qwen35-9b,g24p2_117,irrelevant_cf,13.162143799850439
qwen35-9b,g24p2_117,irrelevant_visible,6.831264054108414
qwen35-9b,g24p2_120,irrelevant_cf,98.58789911385816
qwen35-9b,g24p2_120,irrelevant_visible,96.66971171738082
qwen35-9b,g24p2_121,irrelevant_cf,97.9288759990016
qwen35-9b,g24p2_121,irrelevant_visible,0.050595943128198984
qwen35-9b,g24p2_122,irrelevant_cf,96.3322456600363
qwen35-9b,g24p2_122,irrelevant_visible,3.025076221660544
qwen35-9b,g24p2_123,irrelevant_cf,16.240921439312515
qwen35-9b,g24p2_123,irrelevant_visible,0.3338889739221957
qwen35-9b,g24p2_125,irrelevant_cf,0.23265045943637608
qwen35-9b,g24p2_125,irrelevant_visible,0.0035006214334085913
qwen35-9b,g24p2_126,irrelevant_cf,42.05724221911457
qwen35-9b,g24p2_126,irrelevant_visible,0.9385139378099431
qwen35-9b,g24p2_128,irrelevant_cf,99.43556223348247
qwen35-9b,g24p2_128,irrelevant_visible,0.35229131971143596
qwen35-9b,g24p2_129,irrelevant_cf,37.63179307023952
qwen35-9b,g24p2_129,irrelevant_visible,0.4244862272053343
qwen35-9b,g24p2_130,irrelevant_cf,19.78014439666002
qwen35-9b,g24p2_130,irrelevant_visible,0.21464811584865431
qwen35-9b,g24p2_131,irrelevant_cf,17.285378790838244
qwen35-9b,g24p2_131,irrelevant_visible,0.049811667592363114
qwen35-9b,g24p2_132,irrelevant_cf,10.045950470470208
qwen35-9b,g24p2_132,irrelevant_visible,0.09960313689229484
qwen35-9b,g24p2_133,irrelevant_cf,98.77968895003943
qwen35-9b,g24p2_133,irrelevant_visible,0.21100609934533474
qwen35-9b,g24p2_134,irrelevant_cf,99.0068950271127
qwen35-9b,g24p2_134,irrelevant_visible,0.33089553987927345
qwen35-9b,g24p2_135,irrelevant_cf,1.7280382432177377
qwen35-9b,g24p2_135,irrelevant_visible,0.1154494959796109
qwen35-9b,g24p2_136,irrelevant_cf,13.109197128793427
qwen35-9b,g24p2_136,irrelevant_visible,2.0457097054016002
qwen35-9b,g24p2_137,irrelevant_cf,1.8553591843944615
qwen35-9b,g24p2_137,irrelevant_visible,0.39995095938205444
qwen35-9b,g24p2_138,irrelevant_cf,23.75672199532783
qwen35-9b,g24p2_138,irrelevant_visible,5.356622665794358
qwen35-9b,g24p2_140,irrelevant_cf,10.760574120868828
qwen35-9b,g24p2_140,irrelevant_visible,0.06622566995332614
qwen35-9b,g24p2_141,irrelevant_cf,6.301432042867211
qwen35-9b,g24p2_141,irrelevant_visible,1.5318284591533593
qwen35-9b,g24p2_142,irrelevant_cf,96.3405502564676
qwen35-9b,g24p2_142,irrelevant_visible,0.786612940815036
qwen35-9b,g24p2_143,irrelevant_cf,6.642563912911143
qwen35-9b,g24p2_143,irrelevant_visible,0.41873127488673184
qwen35-9b,g24p2_144,irrelevant_cf,15.639744131253586
qwen35-9b,g24p2_144,irrelevant_visible,2.8309745490476934
qwen35-9b,g24p2_145,irrelevant_cf,28.720854815217567
qwen35-9b,g24p2_145,irrelevant_visible,14.761108263022484
qwen35-9b,g24p2_146,irrelevant_cf,20.57464171660887
qwen35-9b,g24p2_146,irrelevant_visible,0.21719074300556857
qwen35-9b,g24p2_147,irrelevant_cf,98.88447337245378
qwen35-9b,g24p2_147,irrelevant_visible,0.5885765654266375
qwen35-9b,g24p2_148,irrelevant_cf,98.76736268361365
qwen35-9b,g24p2_148,irrelevant_visible,3.053764937301695
qwen35-9b,g24p2_149,irrelevant_cf,15.117416816863148
qwen35-9b,g24p2_149,irrelevant_visible,1.0038575974784358
qwen35-9b,g24p2_150,irrelevant_cf,18.05380357511054
qwen35-9b,g24p2_150,irrelevant_visible,0.24901474343720972
qwen35-9b,g24p2_153,irrelevant_cf,97.98487725522413
qwen35-9b,g24p2_153,irrelevant_visible,1.3585425442282966
qwen35-9b,g24p2_154,irrelevant_cf,29.74325541650711
qwen35-9b,g24p2_154,irrelevant_visible,16.76586184464869
qwen35-9b,g24p2_156,irrelevant_cf,98.15856350532664
qwen35-9b,g24p2_156,irrelevant_visible,2.3754796289687885
qwen35-9b,g24p2_158,irrelevant_cf,12.570680181302546
qwen35-9b,g24p2_158,irrelevant_visible,1.257342043326412
qwen35-9b,g24p2_159,irrelevant_cf,65.18665818908585
qwen35-9b,g24p2_159,irrelevant_visible,11.88581073472213
qwen35-9b,g24p2_160,irrelevant_cf,83.24277796999817
qwen35-9b,g24p2_160,irrelevant_visible,2.5953026243653294
qwen35-9b,g24p2_161,irrelevant_cf,11.34648854644754
qwen35-9b,g24p2_161,irrelevant_visible,12.26111974096603
qwen35-9b,g24p2_163,irrelevant_cf,21.214302984783426
qwen35-9b,g24p2_163,irrelevant_visible,0.813822506569562
qwen35-9b,g24p2_164,irrelevant_cf,98.46491076199649
qwen35-9b,g24p2_164,irrelevant_visible,1.0673889303899846
qwen35-9b,g24p2_165,irrelevant_cf,32.83853052418325
qwen35-9b,g24p2_165,irrelevant_visible,0.04490687022768661
qwen35-9b,g24p2_167,irrelevant_cf,36.130064670216484
qwen35-9b,g24p2_167,irrelevant_visible,0.02035897967685097
qwen35-9b,g24p2_169,irrelevant_cf,98.40472383294956
qwen35-9b,g24p2_169,irrelevant_visible,0.5880333731687784
qwen35-9b,g24p2_170,irrelevant_cf,3.6614745013964534
qwen35-9b,g24p2_170,irrelevant_visible,0.03847989022594148
qwen35-9b,g24p2_171,irrelevant_cf,99.35370508287106
qwen35-9b,g24p2_171,irrelevant_visible,0.3933406292927003
qwen35-9b,g24p2_172,irrelevant_cf,24.896849915873467
qwen35-9b,g24p2_172,irrelevant_visible,1.4704224410822015
qwen35-9b,g24p2_174,irrelevant_cf,99.26602125867063
qwen35-9b,g24p2_174,irrelevant_visible,0.15869929172211125
qwen35-9b,g24p2_175,irrelevant_cf,96.49467071907047
qwen35-9b,g24p2_175,irrelevant_visible,8.151730482664018
qwen35-9b,g24p2_176,irrelevant_cf,91.3283299066207
qwen35-9b,g24p2_176,irrelevant_visible,18.034019606708622
qwen35-9b,g24p2_177,irrelevant_cf,99.42209626017592
qwen35-9b,g24p2_177,irrelevant_visible,28.538680310370037
qwen35-9b,g24p2_178,irrelevant_cf,97.73007580839094
qwen35-9b,g24p2_178,irrelevant_visible,3.6245103310505775
qwen35-9b,g24p2_179,irrelevant_cf,36.57243087200481
qwen35-9b,g24p2_179,irrelevant_visible,3.5177756363322947
qwen35-9b,g24p2_180,irrelevant_cf,21.392659166316044
qwen35-9b,g24p2_180,irrelevant_visible,4.815334003323095
qwen35-9b,g24p2_181,irrelevant_cf,4.294148213657967
qwen35-9b,g24p2_181,irrelevant_visible,0.03917675984552839
qwen35-9b,g24p2_184,irrelevant_cf,19.186401844871238
qwen35-9b,g24p2_184,irrelevant_visible,0.0028854384886904355
qwen35-9b,g24p2_185,irrelevant_cf,45.029239531509674
qwen35-9b,g24p2_185,irrelevant_visible,2.000148445116958
qwen35-9b,g24p2_186,irrelevant_cf,9.981606793691855
qwen35-9b,g24p2_186,irrelevant_visible,1.4969276446971016
qwen35-9b,g24p2_187,irrelevant_cf,9.972688029407896
qwen35-9b,g24p2_187,irrelevant_visible,1.8530631885924054
qwen35-9b,g24p2_189,irrelevant_cf,96.62818477559411
qwen35-9b,g24p2_189,irrelevant_visible,5.063819240097267
qwen35-9b,g24p2_190,irrelevant_cf,10.8718999855693
qwen35-9b,g24p2_190,irrelevant_visible,0.7557946542526561
qwen35-9b,g24p2_191,irrelevant_cf,40.17493746489687
qwen35-9b,g24p2_191,irrelevant_visible,1.0134183396212977
qwen35-9b,g24p2_192,irrelevant_cf,28.776108861188316
qwen35-9b,g24p2_192,irrelevant_visible,0.41502789432776893
qwen35-9b,g24p2_193,irrelevant_cf,96.92642482546587
qwen35-9b,g24p2_193,irrelevant_visible,1.1537047413395827
qwen35-9b,g24p2_194,irrelevant_cf,4.423874918125076
qwen35-9b,g24p2_194,irrelevant_visible,0.22757768236974732
qwen35-9b,g24p2_196,irrelevant_cf,22.719057017918757
qwen35-9b,g24p2_196,irrelevant_visible,0.06430371341715109
qwen35-9b,g24p2_198,irrelevant_cf,9.336991679387971
qwen35-9b,g24p2_198,irrelevant_visible,3.087147539754898
qwen35-9b,g24p2_200,irrelevant_cf,5.973181144628081
qwen35-9b,g24p2_200,irrelevant_visible,0.09742404147978387
qwen35-9b,g24p2_201,irrelevant_cf,1.4393887803359648
qwen35-9b,g24p2_201,irrelevant_visible,4.945689424137772
qwen35-9b,g24p2_202,irrelevant_cf,0.23770621690665317
qwen35-9b,g24p2_202,irrelevant_visible,0.07138807623909624
qwen35-9b,g24p2_203,irrelevant_cf,30.438260576473
qwen35-9b,g24p2_203,irrelevant_visible,0.12383568018078923
qwen35-9b,g24p2_204,irrelevant_cf,71.49967726212802
qwen35-9b,g24p2_204,irrelevant_visible,3.0168844358427833
qwen35-9b,g24p2_207,irrelevant_cf,82.07787704029883
qwen35-9b,g24p2_207,irrelevant_visible,22.227239890846597
qwen35-9b,g24p2_208,irrelevant_cf,54.78702547987241
qwen35-9b,g24p2_208,irrelevant_visible,2.253870975824965
qwen35-9b,g24p2_211,irrelevant_cf,11.865581216801159
qwen35-9b,g24p2_211,irrelevant_visible,4.600158889849287
qwen35-9b,g24p2_213,irrelevant_cf,16.70753780067851
qwen35-9b,g24p2_213,irrelevant_visible,3.353690016686814
qwen35-9b,g24p2_214,irrelevant_cf,10.406080218812393
qwen35-9b,g24p2_214,irrelevant_visible,0.25307442312749984
qwen35-9b,g24p2_215,irrelevant_cf,15.142889775860924
qwen35-9b,g24p2_215,irrelevant_visible,0.04270958010247558
qwen35-9b,g24p2_216,irrelevant_cf,96.58133232294774
qwen35-9b,g24p2_216,irrelevant_visible,0.5027103508833117
qwen35-9b,g24p2_217,irrelevant_cf,98.93889725945202
qwen35-9b,g24p2_217,irrelevant_visible,0.6097161780984416
qwen35-9b,g24p2_218,irrelevant_cf,2.1084333381720217
qwen35-9b,g24p2_218,irrelevant_visible,0.8013127632526879
qwen35-9b,g24p2_219,irrelevant_cf,20.32640779931091
qwen35-9b,g24p2_219,irrelevant_visible,1.8925067710600427
qwen35-9b,g24p2_220,irrelevant_cf,0.2575549746021165
qwen35-9b,g24p2_220,irrelevant_visible,0.06549081726352764
qwen35-9b,g24p2_223,irrelevant_cf,2.552138811475775
qwen35-9b,g24p2_223,irrelevant_visible,0.616391618975195
qwen35-9b,g24p2_224,irrelevant_cf,10.227718327740359
qwen35-9b,g24p2_224,irrelevant_visible,0.34560645081485925
qwen35-9b,g24p2_225,irrelevant_cf,5.018405594815685
qwen35-9b,g24p2_225,irrelevant_visible,0.15919874589928606
qwen35-9b,g24p2_227,irrelevant_cf,98.9888108036405
qwen35-9b,g24p2_227,irrelevant_visible,23.376001365275343
qwen35-9b,g24p2_228,irrelevant_cf,3.103099277626587
qwen35-9b,g24p2_228,irrelevant_visible,0.016731455718190288
qwen35-9b,g24p2_230,irrelevant_cf,16.498835769282994
qwen35-9b,g24p2_230,irrelevant_visible,0.7683060085124577
qwen35-9b,g24p2_231,irrelevant_cf,87.965471359152
qwen35-9b,g24p2_231,irrelevant_visible,0.26643865171197967
qwen35-9b,g24p2_232,irrelevant_cf,45.518158424343824
qwen35-9b,g24p2_232,irrelevant_visible,14.161439302547652
qwen35-9b,g24p2_233,irrelevant_cf,98.8715939679567
qwen35-9b,g24p2_233,irrelevant_visible,0.10942355339522196
qwen35-9b,g24p2_234,irrelevant_cf,3.3661596498720003
qwen35-9b,g24p2_234,irrelevant_visible,0.4581790175735347
qwen35-9b,g24p2_235,irrelevant_cf,13.720640069014436
qwen35-9b,g24p2_235,irrelevant_visible,1.2151712210378074
qwen35-9b,g24p2_237,irrelevant_cf,7.229528502565677
qwen35-9b,g24p2_237,irrelevant_visible,0.7494432607098672
qwen35-9b,g24p2_238,irrelevant_cf,97.27942209158397
qwen35-9b,g24p2_238,irrelevant_visible,4.574059512664171
qwen35-9b,g24p2_239,irrelevant_cf,2.2954870761901054
qwen35-9b,g24p2_239,irrelevant_visible,1.0381596164074398
qwen35-9b,g24p2_240,irrelevant_cf,0.5960730277976498
qwen35-9b,g24p2_240,irrelevant_visible,20.038435142120363
qwen35-9b,g24p2_242,irrelevant_cf,35.905465400490534
qwen35-9b,g24p2_242,irrelevant_visible,3.8010458358240466
qwen35-9b,g24p2_245,irrelevant_cf,97.63570209799447
qwen35-9b,g24p2_245,irrelevant_visible,0.2174807438919523
qwen35-9b,g24p2_246,irrelevant_cf,17.792738195167594
qwen35-9b,g24p2_246,irrelevant_visible,5.243598068556034
qwen35-9b,g24p2_247,irrelevant_cf,96.96462679005954
qwen35-9b,g24p2_247,irrelevant_visible,2.0641734532245
qwen35-9b,g24p2_248,irrelevant_cf,0.08646712895209524
qwen35-9b,g24p2_248,irrelevant_visible,0.06172970111192937
qwen35-9b,g24p2_250,irrelevant_cf,28.117899851397517
qwen35-9b,g24p2_250,irrelevant_visible,0.807165502223892
qwen35-9b,g24p2_252,irrelevant_cf,19.887921091627888
qwen35-9b,g24p2_252,irrelevant_visible,4.886174888462989
qwen35-9b,g24p2_254,irrelevant_cf,10.370425123369435
qwen35-9b,g24p2_254,irrelevant_visible,0.8084247122312641
qwen35-9b,g24p2_255,irrelevant_cf,95.56438367477205
qwen35-9b,g24p2_255,irrelevant_visible,8.290155152295444
qwen35-9b,g24p2_258,irrelevant_cf,98.79553603935041
qwen35-9b,g24p2_258,irrelevant_visible,1.3397573887042393
qwen35-9b,g24p2_259,irrelevant_cf,20.91300175362225
qwen35-9b,g24p2_259,irrelevant_visible,0.9141412682415974
qwen35-9b,g24p2_260,irrelevant_cf,12.564338666317733
qwen35-9b,g24p2_260,irrelevant_visible,0.03963545118751452
qwen35-9b,g24p2_261,irrelevant_cf,15.15464992939058
qwen35-9b,g24p2_261,irrelevant_visible,2.346605212575648
