seed_rank_within_source,source,role,item_id,stratum,direction,claim_sha,claim,evidence
0,fever,active,g24a_fever_72331,fever/SUPPORTS,increase,13914cf53656,The Republic of Macedonia is a region.,"It is one of the successor states of the former Yugoslavia, from which it declared independence in 1991."
1,fever,active,g24a_fever_98810,fever/SUPPORTS,increase,61317347f171,"Jackpot is a film released on December 13, 2013.",The film released on 13 December 2013 with 1150 screens release in India.
2,fever,active,g24a_fever_115940,fever/SUPPORTS,increase,5a53f71d8524,Party Down is a show that Lizzy Caplan starred in.,"Caplan also starred in television shows The Class, True Blood, and Party Down."
3,fever,active,g24a_fever_27294,fever/REFUTES,decrease,fc76ddaf8d5e,Team Fortress 2 was incapable of being developed.,Team Fortress 2 (TF2) is a team-based multiplayer first-person shooter video game developed and published by Valve Corporation.
4,fever,active,g24a_fever_24264,fever/SUPPORTS,increase,416ee954c9de,Exercise temporarily increases the heart rate.,"Exercise temporarily increases the rate, but lowers resting heart rate in the long term, and is good for heart health."
5,fever,active,g24a_fever_94500,fever/SUPPORTS,increase,d73ceed8ee0a,Multiple American actors starred in Underdog.,"Directed by Frederik Du Chau and written by Joe Piscatella, Adam Rifkin, and Craig A. Williams, the film stars Jim Belushi, Peter Dinklage, John Slattery, and Patrick Warburton with the voice talents of Jason Lee, Amy Adams, and Brad Garrett. Amy Lou Adams (born August 20, 1974) is an American actress and singer. Jason Michael Lee (born April 25, 1970) is an American actor, producer, comedian and skateboarder."
6,fever,active,g24a_fever_190090,fever/SUPPORTS,increase,a21428f974dd,Terrence Howard was in the film Iron Man.,"Howard played James Rhodes in Iron Man and reprised the role in the video game adaptation. Iron Man is a 2008 American superhero film based on the Marvel Comics character of the same name, produced by Marvel Studios and distributed by Paramount Pictures."
7,fever,active,g24a_fever_122006,fever/SUPPORTS,increase,8a857a569489,Hinduism's rituals are recognizable.,"Although Hinduism contains a broad range of philosophies, it is linked by shared concepts, recognisable rituals, cosmology, shared textual resources, and pilgrimage to sacred sites."
8,fever,active,g24a_fever_62053,fever/SUPPORTS,increase,58aba38520b7,The Ellen Show stars a comedian.,"The Ellen Show is a television sitcom created by and starring Ellen DeGeneres that was broadcast during the 2001 -- 02 season on CBS. Ellen Lee DeGeneres ([dᵻˈdʒɛnərᵻs] born January 26, 1958) is an American comedian, television host, actress, writer, and producer."
9,fever,active,g24a_fever_33055,fever/REFUTES,decrease,335c068cdcc0,"According to some, Zoroastrianism's major features have not influenced other religious systems.","Major features of Zoroastrianism, such as messianism, heaven and hell, and free will have, some believe, influenced other religious systems, including Second Temple Judaism, Gnosticism, Christianity, and Islam."
10,fever,active,g24a_fever_108107,fever/REFUTES,decrease,b38f133edf45,Joseph Goebbels' Propaganda Ministry gained nothing after the Nazi Seizure of Power.,"After the Nazi Seizure of Power in 1933, Goebbels' Propaganda Ministry quickly gained and exerted controlling supervision over the news media, arts, and information in Germany."
11,fever,active,g24a_fever_175879,fever/SUPPORTS,increase,c226584ea7f4,"From 1997 until the 1999-2000 season, Chris Mullin played with the Indiana Pacers.","Thereafter, Mullin played with the Indiana Pacers from 1997 until the 1999 -- 2000 season."
12,fever,active,g24a_fever_151483,fever/SUPPORTS,increase,19ff6424ac8d,Roberto Orci worked with others.,He began his longtime collaboration with Alex Kurtzman while at school in California.
13,fever,active,g24a_fever_27455,fever/REFUTES,decrease,b101ff970de8,Sikkim does not exhibit multiple climates.,"A part of the Eastern Himalaya, Sikkim is notable for its biodiversity, including alpine and subtropical climates, as well as being a host to Kanchenjunga, the highest peak in India and third highest on Earth."
14,fever,active,g24a_fever_108772,fever/SUPPORTS,increase,d9cf0716d449,"Emma Watson is a French-British actress, model, and activist.","Emma Charlotte Duerre Watson (born 15 April 1990) is a French-British actress, model, and activist."
15,fever,active,g24a_fever_82602,fever/REFUTES,decrease,e6608651f026,Touch My Body is a television show.,"""Touch My Body"" is a song by American singer and songwriter Mariah Carey, taken from her eleventh studio album, E = MC ² (2008)."
16,fever,active,g24a_fever_206730,fever/REFUTES,decrease,ab4785f58320,Samwell Tarly appears in The Lord of the Rings series.,"Samwell Tarly, called Sam, is a fictional character in the A Song of Ice and Fire series of fantasy novels by American author George R. R. Martin, and its television adaptation Game of Thrones."
17,fever,active,g24a_fever_147530,fever/REFUTES,decrease,656de0e4d7c0,Scandinavia does not include mountains.,Much of the Scandinavian mountains have an alpine tundra climate.
18,fever,active,g24a_fever_152680,fever/REFUTES,decrease,d9f2797f77d2,Carol Danvers only appears in German comic books.,Carol Danvers is a fictional character appearing in American comic books published by Marvel Comics.
19,fever,active,g24a_fever_114463,fever/REFUTES,decrease,4aa023eb3765,Bethany Hamilton's biopic was produced by Sean McNamara.,"In April 2011, the feature film Soul Surfer was released. Soul Surfer is a 2011 American biographical drama film directed by Sean McNamara, based on the 2004 autobiography Soul Surfer: A True Story of Faith, Family, and Fighting to Get Back on the Board by Bethany Hamilton about her life as a surfer after a horrific shark attack and her recovery."
20,fever,active,g24a_fever_161047,fever/REFUTES,decrease,9fcd00b67919,No Strings Attached was released on January 11.,"The film was released in the United States on January 21, 2011."
21,fever,active,g24a_fever_216585,fever/SUPPORTS,increase,6472ab4f20b7,Calcaneal spurs are detected by an imaging technique.,"Calcaneal spurs are typically detected by a radiographic examination (commonly referred to as an ""x-ray""). Radiography is an imaging technique using X-rays to view the internal structure of an object. To create the image, a beam of X-rays, a form of electromagnetic radiation, is produced by an X-ray generator and is projected toward the object. The generation of flat two dimensional images by this technique is called projectional radiography."
22,fever,active,g24a_fever_177964,fever/REFUTES,decrease,049947b616f3,It is normal to wear clothing while Trick-or-Treating.,"In Britain and Ireland the tradition of going house-to-house collecting food at Halloween goes back at least as far as the 16th century, as had the tradition of people wearing costumes at Halloween."
23,fever,active,g24a_fever_29556,fever/SUPPORTS,increase,689f905ba595,Yves Saint Laurent is a fashion brand.,"Yves Saint Laurent YSL ([iv sɜ̃n lɔ.ʁɑ̃]; also known as Saint Laurent Paris) is a French luxury fashion house founded by Yves Saint Laurent and his partner, Pierre Bergé."
24,fever,active,g24a_fever_173507,fever/REFUTES,decrease,06e53c32d8e8,Sancho Panza is a fictional character who appears in a novel penned by a writer from Spain who was born in 1616.,Sancho Panza [ˈsantʃo ˈpanθa] is a fictional character in the novel Don Quixote written by Spanish author Don Miguel de Cervantes Saavedra in 1605.
25,fever,active,g24a_fever_27269,fever/REFUTES,decrease,fe589b48f4ed,"Kung Fu Panda grossed $20,300,000 on opening day, in 2006.",Kung Fu Panda is a 2008 American computer-animated action comedy martial arts film produced by DreamWorks Animation and distributed by Paramount Pictures.
26,fever,active,g24a_fever_93646,fever/REFUTES,decrease,cfa5aaa7ef69,Carol Danvers is a fictional setting.,Carol Danvers is a fictional character appearing in American comic books published by Marvel Comics.
27,fever,active,g24a_fever_179816,fever/REFUTES,decrease,3fdafd62828b,"Vic Mensa graduated from college June 6, 1993.","Victor Kwesi Mensah (born June 6, 1993), better known by his stage name Vic Mensa, is a Grammy-nominated American rapper from Chicago, Illinois."
28,fever,active,g24a_fever_48404,fever/REFUTES,decrease,43ca7b7210e8,The SpongeBob SquarePants Movie is a horror film.,The SpongeBob SquarePants Movie is a 2004 American animated adventure comedy film based on the Nickelodeon television series SpongeBob SquarePants.
29,fever,active,g24a_fever_28867,fever/REFUTES,decrease,51229a0a47a0,The Big Country is only a television series.,"The Big Country is a 1958 American epic Western film directed by William Wyler and starring Gregory Peck, Jean Simmons, Carroll Baker, Charlton Heston and Burl Ives."
30,fever,active,g24a_fever_183456,fever/REFUTES,decrease,49f335f18300,"Henry III of France was succeeded by Henry IV, founder of the House of Bourbon.","In 1589, Jacques Clément, a Catholic fanatic, murdered Henry III, who was succeeded by the King of Navarre who, as Henry IV, would assume the throne of France after converting to Catholicism, and become the first French king of the House of Bourbon. The royal Bourbons originated in 1268, when the heiress of the lordship of Bourbon married a younger son of King Louis IX."
31,fever,active,g24a_fever_29550,fever/SUPPORTS,increase,c9e72f697f04,The Invisible Man was a science fiction horror film.,"The Invisible Man is an American 1933 Pre-Code science fiction horror film based on H. G. Wells' science fiction novel The Invisible Man, published in 1897, as adapted by R.C. Sherriff, Philip Wylie and Preston Sturges, whose work was considered unsatisfactory and who was taken off the project."
32,fever,active,g24a_fever_184054,fever/REFUTES,decrease,c796d0764090,Kenneth Lonergan is only a producer.,"Kenneth Lonergan (born October 16, 1962) is an American playwright, screenwriter, and director."
33,fever,active,g24a_fever_129420,fever/SUPPORTS,increase,dad64377f544,The Greek language has speakers in Greece.,"Greek (Modern Greek: ελληνικά [eliniˈka], elliniká, ""Greek"", ελληνική γλώσσα [eliniˈci ˈɣlosa], ellinikí glóssa, ""Greek language"") is an independent branch of the Indo-European family of languages, native to Greece and other parts of the Eastern Mediterranean."
34,fever,active,g24a_fever_89771,fever/SUPPORTS,increase,01d0a3cf3238,"Every Tuesday, TV Choice goes on sale.","It features weekly TV broadcast programming listings, running from Saturday to Friday, and goes on sale every Tuesday."
35,fever,active,g24a_fever_203053,fever/SUPPORTS,increase,f2311b150606,Akon is a singer.,"Aliaume Damala Badara Akon Thiam (born April 16, 1973), better known as Akon (pronounced [ˈeɪkɒn]), is an American singer, rapper, songwriter, businessman, record producer and actor of Senegalese descent."
36,fever,active,g24a_fever_191263,fever/SUPPORTS,increase,61b1c5b47f76,Jean-Michel Basquiat died at his art studio.,He died of a heroin overdose at his art studio at age 27.
37,fever,active,g24a_fever_155725,fever/SUPPORTS,increase,20303291acb7,Dissociative identity disorder (DID) is known as multiple personality disorder (MPD).,"Dissociative identity disorder (DID), also known as multiple personality disorder (MPD), is a mental disorder characterized by at least two distinct and relatively enduring identities or dissociated personality states."
38,fever,active,g24a_fever_220461,fever/SUPPORTS,increase,cd87ba1817a3,There is a book called the Doctrine and Covenants in the Church of Jesus Christ of Latter-day Saints.,"The church has an open canon which includes four scriptural texts: the Bible (both Old and New Testaments), the Book of Mormon, the Doctrine and Covenants, and the Pearl of Great Price."
39,fever,active,g24a_fever_138884,fever/SUPPORTS,increase,f85a3f402268,Yale University's alumni includes five billionaires.,"Yale has graduated many notable alumni, including five U.S. Presidents, 19 U.S. Supreme Court Justices, 20 living billionaires, and many heads of state."
40,fever,active,g24a_fever_137173,fever/REFUTES,decrease,377e087cdcdf,Therasia is the smallest island in the volcanic island group of Santorini.,"Therasia, also known as Thirasía, is an island in the volcanic island group of Santorini in the Greek Cyclades. It lies north-west of Nea Kameni, a small island formed in recent centuries by volcanic activity and thus marking the centre of the island group. Therasia is the second largest island of the group, the largest by far being Thera."
41,fever,active,g24a_fever_105835,fever/SUPPORTS,increase,9d454eeea436,Hedda Gabler's world premiere was in Munich.,"Ibsen was present at the world premiere, which took place on 31 January 1891 at the Residenztheater in Munich."
42,fever,active,g24a_fever_222170,fever/SUPPORTS,increase,404a056bd471,Rehab won an award.,"It won three Grammy Awards at the 50th ceremony, including Record of the Year, Song of the Year, and Best Female Pop Vocal Performance."
43,fever,active,g24a_fever_22096,fever/SUPPORTS,increase,15b07d719718,Creedence Clearwater Revival was active in the late 1960s and early 1970s.,"Creedence Clearwater Revival, often informally abbreviated to Creedence or CCR, was an American rock band active in the late 1960s and early 1970s."
44,fever,active,g24a_fever_62355,fever/REFUTES,decrease,6ddc7e7922b9,Annette Badland has yet to be in a soap opera.,"She has played Margaret Blaine in the BBC science fiction series Doctor Who, Doomsday Dora in The Sparticle Mystery, Birdie Henshall in the drama series Cutting It, Mavis in season 6 of Skins, Ursula Crowe in children's science fiction/fantasy series Wizards vs Aliens, and Babe Smith in soap opera EastEnders. EastEnders is a long-running British soap opera created by Julia Smith and Tony Holland which has been broadcast on BBC One since 1985."
45,fever,active,g24a_fever_91767,fever/REFUTES,decrease,707f1124b55d,Luke Cage did not appear in a comic book series.,"Luke Cage, also known as Power Man (real name Carl Lucas), is a fictional superhero appearing in American comic books published by Marvel Comics."
46,fever,active,g24a_fever_94918,fever/REFUTES,decrease,02c6fd8b1ac6,Helmand Province is in Iraq.,"Helmand ([ˈhɛlmənd]; Pashto/Dari: هلمند), also known as Hillmand, and, in ancient times, as Hermand and Hethumand is one of the 34 provinces of Afghanistan, in the south of the country."
47,fever,active,g24a_fever_148610,fever/REFUTES,decrease,bdc3db3bbf26,Uranium-235 was discovered by a French-American physicist.,"It was discovered in 1935 by Arthur Jeffrey Dempster. Arthur Jeffrey Dempster (August 14, 1886 -- March 11, 1950) was a Canadian-American physicist best known for his work in mass spectrometry and his discovery of the uranium isotope 235U."
48,fever,active,g24a_fever_112650,fever/REFUTES,decrease,8fb613726bd9,Rabies is non-communicable.,Rabies is spread when an infected animal scratches or bites another animal or human.
49,fever,active,g24a_fever_149436,fever/REFUTES,decrease,c086bddc5abd,Maximum Overdrive was directed by Christopher Nolan.,Maximum Overdrive is a 1986 American science fiction action horror comedy film written and directed by Stephen King.
50,fever,active,g24a_fever_96576,fever/SUPPORTS,increase,7eb4a58e7616,Alberto Contador was found guilty of an offense.,"He initially also won the 2010 Tour de France with this team, and the 2011 Giro d'Italia with team Saxo Bank-SunGard, only to be stripped of these titles later having been found guilty of a doping offence."
51,fever,active,g24a_fever_128807,fever/SUPPORTS,increase,17eff317f5eb,The Quiet stars an actress.,"The Quiet is a 2005 American drama thriller film directed by Jamie Babbit and starring Camilla Belle and Elisha Cuthbert. Camilla Belle Routh (born October 2, 1986) is an American actress. She is best known for her roles as Sydney Miller in Rip Girls and Lizzy Buscana in Back to the Secret Garden. Elisha Ann Cuthbert (born November 30, 1982) is a Canadian actress and model. She became known for playing Kim Bauer in the series 24, Darcie Goldberg in the college comedy Old School, Danielle in the teen comedy film The Girl Next Door, and Carly Jones in the 2005 remake of House of Wax. In 2013, Maxim magazine named her ""TV's most beautiful woman"". At the age of 14, Cuthbert made her feature film debut in the 1997 family-drama Dancing on the Moon. Her first major lead role came in the 1998 drama film Airspeed (No Control) alongside Joe Mantegna. In 2001, she starred in the movie Lucky Girl, in which she received her first award, the Gemini Awards, but her career began in earnest in the 2000s when she played Kim Bauer, daughter of Jack Bauer in the action series 24. Subsequently, Cuthbert appeared in the lead role in the films The Quiet (2005) and Captivity (2007). From 2011 to 2013, Cuthbert starred as Alex Kerkovich in the three seasons of the ABC comedy Happy Endings."
52,fever,active,g24a_fever_5574,fever/SUPPORTS,increase,ad6b3ca075c3,Michael B. Jordan is American.,"Michael Bakari Jordan (born February 9, 1987) is an American actor."
53,fever,active,g24a_fever_95056,fever/SUPPORTS,increase,8145b3eb2e4b,Eddie Guerrero's problems were written into his storylines.,"He experienced various substance abuse problems, including alcoholism and an addiction to painkillers; these real-life issues were sometimes incorporated into his storylines."
54,fever,active,g24a_fever_69030,fever/SUPPORTS,increase,b8d5192a3795,Floyd Mayweather Jr. has a record 26 world title wins without a loss from boxing professionally.,"Widely considered to be one of the greatest boxers of all time, undefeated as a professional, and a five-division world champion, Mayweather won fifteen world titles and the lineal championship in four different weight classes (twice at welterweight). He finished his career with a record of 26 wins without a loss or draw in world title fights (10 by KO); 23 wins (9 KOs) in lineal title fights; 24 wins (7 KOs) against former or current world titlists; 12 wins (3 KOs) against former or current lineal champions; and 2 wins (1 KO) against International Boxing Hall of Fame inductees."
55,fever,active,g24a_fever_31581,fever/REFUTES,decrease,9814287664cd,Menace II Society is a TV show.,"Menace II Society (pronounced Menace to Society) is a 1993 American hood drama thriller film directed by Allen and Albert Hughes in their directorial debut, and starring Tyrin Turner, Jada Pinkett, Larenz Tate and Samuel L. Jackson."
56,fever,active,g24a_fever_106404,fever/SUPPORTS,increase,62d7b90daf53,"Secret and technologically advanced airplanes were produced in Burbank, California.","It was the location of Lockheed's Skunk Works, which produced some of the most secret and technologically advanced airplanes, including the U-2 spy planes that uncovered the Soviet Union missile components in Cuba in October 1962."
57,fever,active,g24a_fever_47322,fever/REFUTES,decrease,8cd5a210c5c8,Kendall Jenner is unphotogenic.,"After working in commercial print ad campaigns and photoshoots, Jenner had breakout seasons in 2014 and 2015, walking the runways for high fashion designers during the New York, Milan, and Paris Fashion Weeks."
58,fever,active,g24a_fever_115028,fever/REFUTES,decrease,22b37e3909ac,English people are descended from no other peoples.,"Historically, the English population is descended from several peoples -- the earlier Britons (or Brythons) and the Germanic tribes that settled in Britain following the withdrawal of the Romans, including Angles, Saxons, Jutes and Frisians."
59,fever,active,g24a_fever_202789,fever/REFUTES,decrease,685c4ede4efb,Despicable Me 2 was produced for Universal Pictures in 2014.,Despicable Me 2 is a 2013 American 3D computer-animated comedy film and the sequel to the 2010 animated film Despicable Me.
60,fever,active,g24a_fever_50406,fever/SUPPORTS,increase,d0472eaf04c4,West Virginia borders Pennsylvania.,"It is bordered by Virginia to the southeast, Kentucky to the southwest, Ohio to the northwest, Pennsylvania to the north (and, slightly, east), and Maryland to the northeast."
61,fever,active,g24a_fever_168073,fever/SUPPORTS,increase,0b1451ca2200,Jean-Jacques Dessalines was independent Hati's first ruler.,Jean-Jacques Dessalines ([ʒɑ̃ ʒak dɛs.salin]; 20 September 1758 -- 17 October 1806) was a leader of the Haitian Revolution and the first ruler of an independent Haiti under the 1805 constitution.
62,fever,active,g24a_fever_223491,fever/REFUTES,decrease,d94c3ec53d42,Prague Castle is closed to visitors.,The castle is among the most visited tourist attractions in Prague attracting over 1.8 million visitors annually.
63,fever,active,g24a_fever_108894,fever/REFUTES,decrease,30c78ae6b8eb,West Ham United F.C. was not founded in 1895.,The club was founded in 1895 as Thames Ironworks and reformed in 1900 as West Ham United.
64,fever,active,g24a_fever_56051,fever/REFUTES,decrease,abf9f634ddab,Morgan Fairchild exclusively acts in film.,"Fairchild has also performed in theater and played guest roles in television comedies, including Murphy Brown (for which she was nominated for a Primetime Emmy Award for Outstanding Guest Actress in a Comedy Series), Roseanne, Cybill, and Friends."
65,fever,active,g24a_fever_38107,fever/REFUTES,decrease,301e43643033,Byron Howard sang in the film Zootopia.,"He is best known as the co-director of Bolt (2008), Tangled (2010), and Zootopia (2016), and a supervising animator on Lilo & Stitch (2002) and Brother Bear (2003)."
66,fever,active,g24a_fever_102352,fever/SUPPORTS,increase,636e27ecfe4a,The Battle of France was fought during the Second World War.,"The Battle of France, also known as the Fall of France, was the German invasion of France and the Low Countries during the Second World War."
67,fever,active,g24a_fever_114360,fever/SUPPORTS,increase,dc2437783c20,Daredevil is not based on the Marvel Comics character of the same name.,"Marvel's Daredevil, or simply Daredevil, is an American web television series created for Netflix by Drew Goddard, based on the Marvel Comics character of the same name."
68,fever,active,g24a_fever_9532,fever/SUPPORTS,increase,d1be65d49808,Younger premiered in 2015.,"The series premiered on March 31, 2015 on TV Land and received generally positive reviews from critics."
69,fever,active,g24a_fever_53020,fever/SUPPORTS,increase,54e944bcad65,Sebastian Stan was nominated for a Critics' Choice Television Award.,His role in Political Animals earned him a nomination for the Critics' Choice Television Award for Best Supporting Actor in a Movie/Miniseries.
70,fever,active,g24a_fever_114387,fever/SUPPORTS,increase,f6094d1ae7e4,Two and a Half Men is a television sitcom.,"Two and a Half Men is an American television sitcom that originally aired on CBS for twelve seasons from September 22, 2003 to February 19, 2015."
71,fever,active,g24a_fever_204643,fever/REFUTES,decrease,5e5c9ada6001,Rio's sequel is a 2014 book.,"A sequel, Rio 2, was released on April 11, 2014. Rio 2 is a 2014 American 3D computer-animated musical comedy film produced by Blue Sky Studios and directed by Carlos Saldanha. It is the sequel to the 2011 computer-animated film Rio and the studio's first film to have a sequel outside of their existing Ice Age franchise. Featuring the returning voices of Jesse Eisenberg, Anne Hathaway, will.i.am, Jamie Foxx, George Lopez, Tracy Morgan, Jemaine Clement, Leslie Mann, Rodrigo Santoro, and Jake T. Austin, the film was released internationally on March 20, 2014, and on April 11, 2014, in American theaters."
72,fever,active,g24a_fever_5560,fever/SUPPORTS,increase,e72291970d5b,Alberto Contador was stripped of his wins.,"He initially also won the 2010 Tour de France with this team, and the 2011 Giro d'Italia with team Saxo Bank-SunGard, only to be stripped of these titles later having been found guilty of a doping offence."
73,fever,active,g24a_fever_73372,fever/SUPPORTS,increase,b8a058d06943,Heath Ledger won an award posthumously.,"Posthumously he shared the 2007 Independent Spirit Robert Altman Award with the rest of the ensemble cast, the director, and the casting director for the film I 'm Not There, which was inspired by the life and songs of American singer-songwriter Bob Dylan."
74,fever,active,g24a_fever_107503,fever/REFUTES,decrease,bb22dcd55431,Harold Macmillan avoided political involvement.,"Maurice Harold Macmillan, 1st Earl of Stockton, (10 February 1894 -- 29 December 1986) was a British Conservative politician and statesman who served as the Prime Minister of the United Kingdom from 10 January 1957 to 19 October 1963."
75,fever,active,g24a_fever_100832,fever/SUPPORTS,increase,19add41c2227,Eric Church is a person.,"Kenneth Eric Church (born May 3, 1977) is an American country music singer and songwriter."
76,fever,active,g24a_fever_222730,fever/SUPPORTS,increase,c811d52df385,Vedic Sanskrit is the language used in the Vedas.,"It is the ancient language of the Vedas of Hinduism, texts compiled over the period of the mid-2nd to mid-1st millennium BCE."
77,fever,active,g24a_fever_222721,fever/SUPPORTS,increase,1f6077047954,Vedic Sanskrit is the language of certain compiled texts.,"It is the ancient language of the Vedas of Hinduism, texts compiled over the period of the mid-2nd to mid-1st millennium BCE."
78,fever,active,g24a_fever_195912,fever/REFUTES,decrease,4273097bfa4f,Frozen is a film from 2003.,Frozen is a 2013 American 3D computer-animated musical fantasy film produced by Walt Disney Animation Studios and released by Walt Disney Pictures.
79,fever,active,g24a_fever_10451,fever/SUPPORTS,increase,a39681cb7ed4,David Attenborough directed programs for BBC Television.,"He is also a former senior manager at the BBC, having served as controller of BBC Two and director of programming for BBC Television in the 1960s and 1970s."
80,fever,active,g24a_fever_201748,fever/REFUTES,decrease,8eeaf7ef444f,North Vietnam existed from 1945 to 1978.,"North Vietnam, officially the Democratic Republic of Vietnam (DRV), was a state in Southeast Asia which existed from 1945 to 1976."
81,fever,active,g24a_fever_92374,fever/SUPPORTS,increase,26a2b5efdc7d,The Blue Dog Coalition was formed in the United States.,"The Blue Dog Coalition, commonly known as the Blue Dogs or Blue Dog Democrats, is a caucus of United States Congressional Representatives from the Democratic Party who identify as conservative Democrats."
82,fever,active,g24a_fever_107654,fever/REFUTES,decrease,d2a4c51cc8e0,Ned Stark is the dishonorable lord of Winterfell.,"Introduced in 1996's A Game of Thrones, Ned is the honorable lord of Winterfell, an ancient fortress in the North of the fictional continent of Westeros."
83,fever,active,g24a_fever_122744,fever/REFUTES,decrease,1ecad49cfa6f,Thomas Jefferson did not retire from public office.,He founded the University of Virginia after retiring from public office.
84,fever,active,g24a_fever_202928,fever/REFUTES,decrease,b9d33d8bbb13,Avenged Sevenfold is the fourth live album of Avenged Sevenfold.,"Avenged Sevenfold is the eponymous fourth studio album by American heavy metal band Avenged Sevenfold, released on October 30, 2007 by Warner Bros.."
85,fever,active,g24a_fever_4824,fever/REFUTES,decrease,fce08989d8df,"Watertown, Massachusetts is in France.","The Town of Watertown is a city in Middlesex County, Massachusetts, United States."
86,fever,active,g24a_fever_169985,fever/REFUTES,decrease,4da4d423074f,The Brat Pack is an award given to a group of young actors.,The Brat Pack is a nickname given to a group of young actors who frequently appeared together in teen-oriented coming-of-age films in the 1980s.
87,fever,active,g24a_fever_2616,fever/SUPPORTS,increase,63d2b00261c2,Eddie Guerrero experienced drug addiction.,"He experienced various substance abuse problems, including alcoholism and an addiction to painkillers; these real-life issues were sometimes incorporated into his storylines. Substance abuse, also known as drug abuse, is a patterned use of a drug in which the user consumes the substance in amounts or with methods which are harmful to themselves or others, and is a form of substance-related disorder."
88,fever,active,g24a_fever_216595,fever/SUPPORTS,increase,dc8ea90d3936,Being detected is something that is able to be done by calcaneal spurs.,"Calcaneal spurs are typically detected by a radiographic examination (commonly referred to as an ""x-ray"")."
89,fever,active,g24a_fever_15834,fever/SUPPORTS,increase,42d99cc703a2,Shane Black was born on the 16th.,"Shane Black (born December 16, 1961) is an American screenwriter, director, producer and actor, known for writing the 1987 action film hit Lethal Weapon, and his directorial debut with the film Kiss Kiss Bang Bang in 2005."
90,fever,active,g24a_fever_187119,fever/REFUTES,decrease,8ae3ca53e51a,Eva Mendes was born in 1999.,"Eva de la Caridad Mendez (born March 5, 1974) is an American actress, model and businesswoman."
91,fever,active,g24a_fever_133233,fever/SUPPORTS,increase,0811613d0a0d,Touch My Body was released in 2008.,"""Touch My Body"" is a song by American singer and songwriter Mariah Carey, taken from her eleventh studio album, E = MC ² (2008)."
92,fever,active,g24a_fever_74961,fever/SUPPORTS,increase,6b03ea5fd017,Aestheticism is a movement.,"Aestheticism (also the Aesthetic Movement) is an intellectual and art movement supporting the emphasis of aesthetic values more than social-political themes for literature, fine art, music and other arts."
93,fever,active,g24a_fever_136578,fever/REFUTES,decrease,f52cbd5bfaed,"Phoenix, Arizona is not in the southwestern United States.","Phoenix ([ˈfiːnᵻks]) is the capital and most populous city of the U.S. state of Arizona. Arizona ([ɛərᵻˈzoʊnə, _ ærᵻ -]) (Hoozdo Hahoodzo [xòːztò xɑ̀xòːtsò] O'odham: Alĭ ṣonak [ˡaɺi ˡʃonak]) is a state in the southwestern region of the United States."
94,fever,active,g24a_fever_122650,fever/SUPPORTS,increase,00b4ee83debc,Craig David was nominated for an award.,"David has been nominated for thirteen Brit Awards: four times for Best British Male, and twice received a Grammy Award nomination for Best Male Pop Vocal Performance."
95,fever,active,g24a_fever_105526,fever/REFUTES,decrease,1abe967348b5,P.S I Love You (film) is incapable of being a drama film.,P.S. I Love You is a 2007 American drama film directed by Richard LaGravenese.
96,fever,active,g24a_fever_4819,fever/REFUTES,decrease,09a0ba281c19,English people are unconnected to the Romans.,"Historically, the English population is descended from several peoples -- the earlier Britons (or Brythons) and the Germanic tribes that settled in Britain following the withdrawal of the Romans, including Angles, Saxons, Jutes and Frisians."
97,fever,active,g24a_fever_44156,fever/REFUTES,decrease,96ba69755fa8,Chaka Khan only went into politics.,"Chaka Khan (born Yvette Marie Stevens, March 23, 1953) is an American recording artist whose career has spanned five decades, beginning in the 1970s as the frontwoman and focal point of the funk band Rufus."
98,fever,active,g24a_fever_105813,fever/REFUTES,decrease,c0812fb160bd,"Alexandra Daddario was born on March 22, 1986.","Alexandra Anna Daddario (born March 16, 1986) is an American actress."
99,fever,active,g24a_fever_227129,fever/SUPPORTS,increase,9d24dd942480,The New Orleans Pelicans are a part of the Western Conference of the NBA.,The Pelicans compete in the National Basketball Association (NBA) as a member club of the league's Western Conference Southwest Division.
100,fever,active,g24a_fever_152133,fever/REFUTES,decrease,1fec5d436245,The Dodo has been depicted with green feet.,"It has been depicted with brownish-grey plumage, yellow feet, a tuft of tail feathers, a grey, naked head, and a black, yellow, and green beak."
101,fever,active,g24a_fever_28525,fever/REFUTES,decrease,a05f1b12a242,Zoroastrianism has no major features.,"Major features of Zoroastrianism, such as messianism, heaven and hell, and free will have, some believe, influenced other religious systems, including Second Temple Judaism, Gnosticism, Christianity, and Islam."
102,fever,active,g24a_fever_153543,fever/SUPPORTS,increase,dc398ded3533,Louis Malle worked in the French film industry.,"Malle worked in both French cinema and Hollywood, and he produced both French and English language films."
103,fever,active,g24a_fever_13212,fever/REFUTES,decrease,7e00f2d4d977,Tennessee is the smallest American state.,Tennessee is the 36th largest and the 16th most populous of the 50 United States.
104,fever,active,g24a_fever_1577,fever/SUPPORTS,increase,b1ff4b42858e,The Blue Dog Coalition is made up of politicians.,"The Blue Dog Coalition, commonly known as the Blue Dogs or Blue Dog Democrats, is a caucus of United States Congressional Representatives from the Democratic Party who identify as conservative Democrats."
105,fever,active,g24a_fever_88251,fever/REFUTES,decrease,1f8d63c94456,Yale University has had few notable alumni.,"Yale has graduated many notable alumni, including five U.S. Presidents, 19 U.S. Supreme Court Justices, 20 living billionaires, and many heads of state."
106,fever,active,g24a_fever_70604,fever/SUPPORTS,increase,64403f2e3ca5,Sierra Morena is a place.,The Sierra Morena is one of the main systems of mountain ranges in Spain.
107,fever,active,g24a_fever_162881,fever/SUPPORTS,increase,c00a387598b9,Mani Ratnam is widely credited with altering the profile of films produced across generations.,"Cited by the media as one of India's influential filmmakers, Mani Ratnam is widely credited with revolutionising the Tamil film industry and altering the profile of Indian cinema."
108,fever,active,g24a_fever_79437,fever/SUPPORTS,increase,6068b2bd18b4,Lou Gehrig got more votes than any other baseball players on the Major League Baseball All-Century Team in 1999.,"Gehrig was voted the greatest first baseman of all time by the Baseball Writers' Association in 1969, and was the leading vote-getter on the Major League Baseball All-Century Team chosen by fans in 1999."
109,fever,active,g24a_fever_35030,fever/SUPPORTS,increase,2a48b188a6ba,Lee Daniels received a nomination for Best Director.,"He produced Monster's Ball and directed Precious, which received six Academy Award nominations, including Best Director; the film won two of the awards."
110,fever,active,g24a_fever_115989,fever/REFUTES,decrease,1a393b78c95b,The Beguiled's script was written by a Canadian.,"The script was written by Albert Maltz and is based on the 1966 Southern Gothic novel written by Thomas P. Cullinan, originally titled A Painted Devil. Albert Maltz (October 28, 1908 -- April 26, 1985) was an American playwright, fiction writer and screenwriter."
111,fever,active,g24a_fever_118593,fever/REFUTES,decrease,fdcee55edf70,"Middlesex County is home to the city of Watertown, Massachusetts.","The Town of Watertown is a city in Middlesex County, Massachusetts, United States."
112,fever,active,g24a_fever_10379,fever/REFUTES,decrease,a8fdc2f1ddf2,The horse was not called a Eohippus when it had multiple toes.,"The horse has evolved over the past 45 to 55 million years from a small multi-toed creature, Eohippus, into the large, single-toed animal of today."
113,fever,active,g24a_fever_59603,fever/REFUTES,decrease,68f2dc8dfcb6,Robert Zemeckis has rarely made movies for adults.,"The movies he has directed have ranged across a wide variety of genres, for both adults and families."
114,fever,active,g24a_fever_63521,fever/SUPPORTS,increase,bfea8d837f1a,Angela Bassett is alive and working in the 2010s.,Bassett's success has continued into the 2010s.
115,fever,active,g24a_fever_22805,fever/SUPPORTS,increase,471f2b2fda91,Moscovium has an atomic symbol.,Moscovium is a superheavy synthetic element with symbol Mc and atomic number 115.
116,fever,active,g24a_fever_162835,fever/SUPPORTS,increase,9ae0e6d3e028,Islamabad is a capital city.,"Islamabad ([ɪzˈlɑːməˌbɑːd] [,, [ɪsˌlɑːmɑˈbɑːd̪]) is the capital city of Pakistan located within the federal Islamabad Capital Territory."
117,fever,active,g24a_fever_115773,fever/REFUTES,decrease,0aea3898b3c9,Japan is in North America.,"Japan (日本 Nippon [ɲip̚poɴ] or Nihon [ɲihoɴ] formally or Nihon-koku, meaning ""State of Japan"") is a sovereign island nation in East Asia."
118,fever,active,g24a_fever_51961,fever/REFUTES,decrease,fd9306b6fd28,The Saw franchise is only consists of TV episodes.,"Saw is an American horror franchise distributed by Lions Gate Entertainment, produced by Twisted Pictures and created by two Australians, director James Wan and screenwriter Leigh Whannell, that consists of seven feature films and additional media."
119,fever,active,g24a_fever_81029,fever/SUPPORTS,increase,929dcd89f809,"In The Babe, John Goodman played Babe Ruth.","His other film performances include lead roles in The Babe (1992), The Flintstones (1994) and 10 Cloverfield Lane (2016) and supporting roles in Coyote Ugly (2000), The Artist (2011), Extremely Loud and Incredibly Close (2011), Argo (2012), Flight (2012), The Hangover Part III (2013), and Patriots Day (2016). The Babe is a 1992 American biographical drama film about the life of famed baseball player Babe Ruth, who is portrayed by John Goodman."
120,fever,active,g24a_fever_21345,fever/SUPPORTS,increase,ad7ebf262500,Game of Thrones (season 7) involves Tom Hopper.,"The season will introduce several new cast members, including Jim Broadbent and Tom Hopper."
121,fever,active,g24a_fever_53733,fever/SUPPORTS,increase,31f5bfd95999,Georgians arose from the ancient Colchian civilizations.,Georgians arose from the ancient Colchian and Iberian civilizations.
122,fever,active,g24a_fever_180691,fever/SUPPORTS,increase,717b80e920ef,Cary Elwes is an actor.,"Ivan Simon Cary Elwes ([ˈɛlwɪs] born 26 October 1962), known professionally as Cary Elwes, is an English actor and writer."
123,fever,active,g24a_fever_152422,fever/REFUTES,decrease,fc71e873222b,2016 Tour de France was not a 21-stage race.,"A total of 198 riders from 22 teams entered the 21-stage race, which was won by Chris Froome of."
124,fever,active,g24a_fever_36886,fever/REFUTES,decrease,8fcf19ee0b7f,Carlos Santana was born in the fifties.,"Carlos Santana (born July 20, 1947) is a Mexican and American musician who first became famous in the late 1960s and early 1970s with his band, Santana, which pioneered a fusion of rock and Latin American music."
125,fever,active,g24a_fever_209863,fever/REFUTES,decrease,72390b68771c,In a Lonely Place had nothing to do with any novel by Dorthy B. Hughes.,The script was adapted by Edmund North from the 1947 novel of the same name by Dorothy B. Hughes.
126,fever,active,g24a_fever_74645,fever/REFUTES,decrease,b1a679461a74,Adidas designs buildings.,"Adidas AG ([ˈadiˌdas]) (stylised as adidas since 1949) is a German multinational corporation, headquartered in Herzogenaurach, Germany, that designs and manufactures shoes, clothing and accessories."
127,fever,active,g24a_fever_25705,fever/SUPPORTS,increase,551b68dd1260,Joe Rogan moved to Los Angeles in 1994.,"After relocating to Los Angeles in 1994, Rogan signed an exclusive developmental deal with Disney, appeared as an actor on the television sitcoms Hardball and NewsRadio, and worked in local comedy clubs."
128,fever,active,g24a_fever_184066,fever/SUPPORTS,increase,e83c156794d4,"Kenneth Lonergan date of birth is October 16, 1962.","Kenneth Lonergan (born October 16, 1962) is an American playwright, screenwriter, and director."
129,fever,active,g24a_fever_129517,fever/REFUTES,decrease,520a663ddbd2,Peking University was founded in 1876.,"It is the first modern national university established in China, founded as the Imperial University of Peking in 1898 as a replacement of the ancient Taixue or Guozijian, or Imperial Academy."
130,fever,active,g24a_fever_30014,fever/REFUTES,decrease,db6ffcce4238,Gray Matters was only released in 2001.,"Gray Matters is a 2006 romantic comedy film directed by Sue Kramer, starring Heather Graham, Tom Cavanagh and Bridget Moynahan."
131,fever,active,g24a_fever_102913,fever/REFUTES,decrease,e5cbec871cdc,Kuching is located in Ohio.,"Kuching [ˈkuːtʃɪŋ] (Jawi:,), officially the City of Kuching, is the capital and the most populous city in the state of Sarawak in Malaysia."
132,fever,active,g24a_fever_84274,fever/REFUTES,decrease,3f6c0bbec16e,Mercedes-Benz is a division of an Estonian company.,Mercedes-Benz ([mɛʁˈtseːdəsˌbɛnts]) is a global automobile manufacturer and a division of the German company Daimler AG.
133,fever,active,g24a_fever_3518,fever/REFUTES,decrease,fe5b3d58881d,Exercise is bad for heart health.,"Exercise temporarily increases the rate, but lowers resting heart rate in the long term, and is good for heart health."
134,fever,active,g24a_fever_165901,fever/REFUTES,decrease,d4741c229d4b,"Alice Cooper was born on July 3rd, 1922.","Alice Cooper (born Vincent Damon Furnier; February 4, 1948) is an American singer, songwriter, and actor whose career spans over five decades."
135,fever,active,g24a_fever_112471,fever/SUPPORTS,increase,08a89bb0b594,Five closely spaced stations was originally served by the Tremont Street Subway.,"The tunnel originally served five closely spaced stations: Boylston, Park Street, Scollay Square, Adams Square, and Haymarket, with branches to the Public Garden Portal and Pleasant Street Incline south of Boylston."
136,fever,active,g24a_fever_153914,fever/REFUTES,decrease,0485c0ea8153,Curacao is the only ABC island.,"The ABC islands are the three western-most islands of the Leeward Antilles in the Caribbean Sea that lie north of Falcón State, Venezuela. From west to east they are, in order Aruba, Curaçao, and Bonaire."
137,fever,active,g24a_fever_174028,fever/REFUTES,decrease,fbecf19d0abc,The Endless River is Pink Floyd's ninth studio album.,The Endless River is the fifteenth and final studio album by the English rock band Pink Floyd.
138,fever,active,g24a_fever_84775,fever/REFUTES,decrease,a5b66e617797,Little Dorrit is a song by Charles Dickens.,"Little Dorrit is a novel by Charles Dickens, originally published in serial form between 1855 and 1857."
139,fever,active,g24a_fever_48658,fever/SUPPORTS,increase,ced39cf8ad8d,The Danish language is spoken in Sweden.,"There are also minor Danish-speaking communities in Norway, Sweden, Spain, the United States, Canada, Brazil and Argentina. Sweden (Konungariket Sverige), is a Scandinavian country in Northern Europe."
140,fever,active,g24a_fever_160927,fever/REFUTES,decrease,2e65fbd8d149,Juventus F.C. competes in the Coliseum.,"The club is the second oldest of its kind still active in the country after Genoa's football section (1893), has traditionally worn a black and white striped home kit since 1903 and has played its home matches in several grounds, being the latest the 41,507-capacity Juventus Stadium."
141,fever,active,g24a_fever_9762,fever/SUPPORTS,increase,074119936194,The White House Press Secretary's primary responsibility is to be a spokesperson.,"The White House Press Secretary is a senior White House official whose primary responsibility is to act as spokesperson for the executive branch of the United States government administration, especially with regard to the President, senior executives, and policies."
142,fever,active,g24a_fever_54679,fever/SUPPORTS,increase,e2a8d505d6c6,"Beaverton, Oregon is a city in Washington County.","Beaverton is a city in Washington County, in the U.S. state of Oregon."
143,fever,active,g24a_fever_209086,fever/SUPPORTS,increase,6d2663f25d70,Stadium Arcadium was released in or before 2009.,"The album was released on May 9, 2006, on Warner Bros.."
144,fever,active,g24a_fever_60066,fever/SUPPORTS,increase,693ff78e3498,David Spade appeared in Black Sheep.,"David Wayne Spade (born July 22, 1964) is an American actor, stand-up comedian, writer and television personality."
145,fever,active,g24a_fever_123833,fever/REFUTES,decrease,efdb559420bb,Stephen Colbert is banned from CBS.,"Colbert has hosted The Late Show with Stephen Colbert, a late-night television talk show on CBS, since September 8, 2015."
146,fever,active,g24a_fever_7419,fever/SUPPORTS,increase,7e473488062d,The Faroe Islands existed.,"Between 1035 and 1814, the Faeroes were part of the Hereditary Kingdom of Norway."
147,fever,active,g24a_fever_93018,fever/REFUTES,decrease,491897c6d591,Match Point was an unproduced screenplay by Woody Allen.,It was produced and filmed in London after Allen had difficulty finding financial support for the film in New York.
148,fever,active,g24a_fever_57842,fever/SUPPORTS,increase,73dcf56b0c83,Shape of You topped the singles charts of 30 different countries.,"""Shape of You"" peaked at number-one on the singles charts of 30 different countries, including the US Billboard Hot 100, as well as the UK, Australian and Canadian singles charts."
149,fever,active,g24a_fever_154919,fever/REFUTES,decrease,621e291c1a81,Ron Underwood rejected all offers to direct The Adventures of Pluto Nash.,The Adventures of Pluto Nash is a 2002 Australian-American science fiction action comedy film starring Eddie Murphy (in a dual role) and directed by Ron Underwood.
150,fever,active,g24a_fever_75922,fever/SUPPORTS,increase,1a43c9a69bfc,Absinthe has psychoactive effects.,Recent studies have shown that absinthe's psychoactive properties (apart from that of the alcohol) have been exaggerated.
151,fever,active,g24a_fever_208159,fever/SUPPORTS,increase,c83799db3109,Easy A is a film released in 2010.,"Easy A (stylized as easy A) is a 2010 American teen comedy film directed by Will Gluck, written by Bert V. Royal and starring Emma Stone, Stanley Tucci, Patricia Clarkson, Thomas Haden Church, Dan Byrd, Amanda Bynes, Penn Badgley, Cam Gigandet, Lisa Kudrow and Aly Michalka."
152,fever,active,g24a_fever_212767,fever/SUPPORTS,increase,8f3d995e84ed,The undergraduate college of Harvard University became coeducational after its merger with Radcliffe College.,The undergraduate college became coeducational after its 1977 merger with Radcliffe College.
153,fever,active,g24a_fever_64561,fever/REFUTES,decrease,67c20dde03e0,Martin Van Buren only served as senator.,"Martin Van Buren (Maarten van Buren; December 5, 1782 -- July 24, 1862) was an American politician who served as the eighth President of the United States (1837 -- 41)."
154,fever,active,g24a_fever_124021,fever/SUPPORTS,increase,d4bd1ac56a46,A part of Saw (franchise) is a film.,"He was introduced briefly in Saw and developed in more detail in Saw II. Saw is a 2004 American thriller film directed by James Wan. Saw II is a 2005 American horror film, a sequel to 2004's Saw and the second installment in the seven-part Saw franchise, directed and co-written by Darren Lynn Bousman."
155,fever,active,g24a_fever_90446,fever/REFUTES,decrease,740228069d37,Homo sapiens are considered extinct on the IUCN Red List.,"Homo sapiens (Latin: ""wise man"") is the binomial nomenclature (also known as the scientific name) for the only extant human species."
156,fever,active,g24a_fever_205063,fever/SUPPORTS,increase,cf9c6fc7bb32,The Little Prince (2015 film) is a French-Italian film.,The Little Prince is a 2015 English-language French-Italian 3D animated fantasy adventure family drama film directed by Mark Osborne and based on the 1943 novel of the same name by Antoine de Saint-Exupéry.
157,fever,active,g24a_fever_134344,fever/SUPPORTS,increase,0bc585f64253,Joe Rogan was a person.,"Joseph James Rogan (born August 11, 1967) is an American stand-up comedian, color commentator, television host, actor, podcast host, and retired martial artist."
158,fever,active,g24a_fever_9533,fever/SUPPORTS,increase,c9ca073b1e03,"Younger premiered on March 31, 2015.","The series premiered on March 31, 2015 on TV Land and received generally positive reviews from critics."
159,fever,active,g24a_fever_75393,fever/REFUTES,decrease,66c9b1845b7a,"Pierce County, Washington is the location of the shortest mountain of the Cascade Range of the Pacific Northwest.","Pierce County is notable for being home to Mount Rainier, the tallest mountain and a volcano in the Cascade Range."
160,fever,active,g24a_fever_130204,fever/REFUTES,decrease,4a306f5d852e,Janet Leigh was incapable of dancing.,"Janet Leigh (born Jeanette Helen Morrison; July 6, 1927 -- October 3, 2004) was an American actress, singer, dancer and author."
161,fever,active,g24a_fever_29142,fever/SUPPORTS,increase,89cdf757e7eb,Pakistan's semi-industrialized economy is the 25th largest in the world in purchasing power parity.,"Pakistan has a semi-industrialised economy with a well-integrated agriculture sector, and a growing services sector. The economy of Pakistan is the 25th largest in the world in terms of purchasing power parity (PPP), and 42nd largest in terms of nominal gross domestic product."
162,fever,active,g24a_fever_177858,fever/SUPPORTS,increase,1655faba8e11,Milk is a biographical film starring Sean Penn.,"Directed by Gus Van Sant and written by Dustin Lance Black, the film stars Sean Penn as Milk and Josh Brolin as Dan White, a city supervisor who assassinated Milk and Mayor George Moscone."
163,fever,active,g24a_fever_54959,fever/REFUTES,decrease,fc616c7bfb87,Croatia is a sparrow destination.,"International Tourism is a significant source of revenue during the summer, with Croatia ranked the 18th most popular tourist destination in the world."
164,fever,active,g24a_fever_53266,fever/REFUTES,decrease,3156807d3bd1,Yvonne Strahovski is the actress's real name.,"Yvonne Jaqueline Strzechowski (born 30 July 1982), known professionally as Yvonne Strahovski ([strəˈhɒvski]), is an Australian actress."
165,fever,active,g24a_fever_100684,fever/SUPPORTS,increase,f484e49fe65a,Humphrey Bogart is a professional actor for films.,"Humphrey DeForest Bogart ([ˈboʊgɑrt] December 25, 1899January 14, 1957) was an American screen and stage actor whose performances in 1940s films noir such as The Maltese Falcon, Casablanca, and The Big Sleep earned him status as a cultural icon."
166,fever,active,g24a_fever_148244,fever/SUPPORTS,increase,a89ce528c2d4,Mariah Carey sang Touch My Body.,"""Touch My Body"" is a song by American singer and songwriter Mariah Carey, taken from her eleventh studio album, E = MC ² (2008)."
167,fever,active,g24a_fever_1423,fever/SUPPORTS,increase,80870815e930,Roberto Orci wrote Star Trek.,"He and Kurtzman since returned to working with Abrams on Mission: Impossible III and both Star Trek and Star Trek Into Darkness. Star Trek is a 2009 American science fiction adventure film directed by J. J. Abrams and written by Roberto Orci and Alex Kurtzman. Star Trek Into Darkness is a 2013 American science fiction action film directed by J. J. Abrams and written by Roberto Orci, Alex Kurtzman, and Damon Lindelof."
168,fever,active,g24a_fever_148149,fever/REFUTES,decrease,7b18bacf931b,Shut Up is by a car.,"""Shut Up"" is a song by English Grime artist and MC Stormzy."
169,fever,active,g24a_fever_160481,fever/REFUTES,decrease,cac39eb2a3e6,One of the three co-executive producers of Buffy the Vampire Slayer was Jane Espenson.,"Buffy the Vampire Slayer is an American television series created by Joss Whedon under his production tag, Mutant Enemy Productions with later co-executive producers being Jane Espenson, David Fury, David Greenwalt, Doug Petrie, Marti Noxon, and David Solomon."
170,fever,active,g24a_fever_33196,fever/SUPPORTS,increase,2ef92fe8bc19,Ned Stark is the honorable lord of Winterfell.,"Introduced in 1996's A Game of Thrones, Ned is the honorable lord of Winterfell, an ancient fortress in the North of the fictional continent of Westeros."
171,fever,active,g24a_fever_68929,fever/REFUTES,decrease,c6a3fabc7861,Aubrey Anderson-Emmons graduated in 2007.,"Aubrey Frances Anderson-Emmons (born June 6, 2007) is an American child actress, known for her role as Lily Tucker-Pritchett on ABC's Modern Family."
172,fever,active,g24a_fever_165870,fever/REFUTES,decrease,f934e00fa7db,Buffy Summers appears only in a television series.,She first appeared in the 1992 film Buffy the Vampire Slayer before going on to appear in the television series and subsequent comic book of the same name.
173,fever,active,g24a_fever_100683,fever/REFUTES,decrease,7fe703acb6e7,James VI and I razed the Plantation of UIster.,"In his reign, the Plantation of Ulster and British colonization of the Americas began."
174,fever,active,g24a_fever_227095,fever/REFUTES,decrease,0e0ab418b6f0,Blank Space is incapable of being on a top 10 list in the country Austria.,"It also charted in the top 10 in numerous countries, such as Austria, Czech Republic, Germany, New Zealand, Spain, and the United Kingdom."
175,fever,active,g24a_fever_631,fever/REFUTES,decrease,400626344adb,The Adventures of Pluto Nash is an Australian-American science fiction action comedy film from the 1960s.,The Adventures of Pluto Nash is a 2002 Australian-American science fiction action comedy film starring Eddie Murphy (in a dual role) and directed by Ron Underwood.
176,fever,active,g24a_fever_10947,fever/SUPPORTS,increase,43580293d698,Fist of Legend is a remake of a film.,"It is a remake of the 1972 Fist of Fury, which starred Bruce Lee as the lead character."
177,fever,active,g24a_fever_14388,fever/SUPPORTS,increase,ed381d8c5223,Histamine causes neuromodulation.,"Major neuromodulators in the central nervous system include dopamine, serotonin, acetylcholine, histamine, and norepinephrine."
178,fever,active,g24a_fever_21494,fever/SUPPORTS,increase,5ed9617c522f,Yugoslavia was in a place.,"Yugoslavia (Jugoslavija / Југославија, Jugoslavija, Југославија) was a country in Southeast Europe during most of the 20th century."
179,fever,active,g24a_fever_159580,fever/REFUTES,decrease,484bf19ce346,Dan O'Bannon died.,"Daniel Thomas ""Dan"" O'Bannon (September 30, 1946 -- December 17, 2009) was an American film screenwriter, director, visual effects supervisor, and occasional actor, usually in the science fiction and horror genres."
180,fever,active,g24a_fever_135572,fever/REFUTES,decrease,58962b92a7f5,Due Date is a horror film.,"Due Date is a 2010 American comedy film directed by Todd Phillips, co-written by Alan R. Cohen, Alan Freedland, and Adam Sztykiel, and starring Robert Downey, Jr. and Zach Galifianakis."
181,fever,active,g24a_fever_185177,fever/SUPPORTS,increase,bf030fbdab74,You Only Live Twice was worked on by a man.,"The film's screenplay was written by Roald Dahl, and loosely based on Ian Fleming's 1964 novel of the same name."
182,fever,active,g24a_fever_142854,fever/SUPPORTS,increase,c6dd04db107d,One True Thing was directed by an American producer.,"One True Thing is a 1998 American drama film directed by Carl Franklin. Carl Franklin (born April 11, 1949) is an American actor, screenwriter, producer, film and television director."
183,fever,active,g24a_fever_154608,fever/REFUTES,decrease,bb1f35256251,Tenacious D is a group of five people.,"Tenacious D is an American comedy rock duo that was formed in Los Angeles, California in 1994. A double act, also known as a comedy duo, is a comic pairing in which humor is derived from the uneven relationship between two partners, usually of the same gender, age, ethnic origin and profession but drastically different in terms of personality or behavior."
184,fever,active,g24a_fever_132619,fever/SUPPORTS,increase,a33b51653c87,Benjamin Franklin was a worker.,"Franklin was a renowned polymath and a leading author, printer, political theorist, politician, freemason, postmaster, scientist, inventor, civic activist, statesman, and diplomat."
185,fever,active,g24a_fever_126799,fever/REFUTES,decrease,205b81157787,Alex Jones is a novelist.,"Alexander Emerick Jones (born February 11, 1974) is an American far-right radio show host, filmmaker, writer, and conspiracy theorist."
186,fever,active,g24a_fever_19204,fever/SUPPORTS,increase,c32280b8c973,Sabbir Khan was a director of a movie featuring Akshay Kumar in a starring role.,In 2009 he made his directorial debut with the film Kambakkht Ishq (2009) that starred Akshay Kumar and Kareena Kapoor.
187,fever,active,g24a_fever_50681,fever/SUPPORTS,increase,153045e2fe70,East Timor is the place where Balibo (film) takes place.,"Filming began on 30 June 2008, in Dili, East Timor, and the film was released the following year."
188,fever,active,g24a_fever_139714,fever/REFUTES,decrease,7d7032394204,Star Trek: Discovery is a prequel to the books.,"Set roughly a decade before the events of the original Star Trek series, separate from the timeline of the concurrent feature films, Discovery explores a previously mentioned event from the history of Star Trek while following the crew of the USS Discovery. The first television series, simply called Star Trek and now referred to as The Original Series, debuted in 1966 and aired for three seasons on the television network NBC."
189,fever,active,g24a_fever_67876,fever/REFUTES,decrease,157fb69b4136,Britt Robertson was not in the television series Girlboss.,"That same year, she headlined the Netflix comedy television series Girlboss, portraying self-made millionaire Sophia Amoruso."
190,fever,active,g24a_fever_65497,fever/SUPPORTS,increase,ae24907dec29,Bret Easton Ellis wrote the screenplay for an erotic thriller-drama.,"Ellis also wrote the screenplay for the critically derided 2013 film The Canyons, an original work. The Canyons is a 2013 American erotic thriller-drama film directed by Paul Schrader and written by Bret Easton Ellis."
191,fever,active,g24a_fever_198067,fever/REFUTES,decrease,3f2304c0afb2,Story of My Life was recorded by an elderly band.,"""Story of My Life"" is a song recorded by English Irish boy band One Direction."
192,fever,active,g24a_fever_29594,fever/REFUTES,decrease,4f6e072a98fe,The Mormon population has been growing rapidly due to high birth and conversion pizzas.,"Due to their high birth and conversion rates, the Mormon population has grown significantly in recent decades."
193,fever,active,g24a_fever_128454,fever/REFUTES,decrease,c65ce6282f7a,Awkward Black Girl is a web forum.,The Mis-Adventures of Awkward Black Girl (often simply referred to as Awkward Black Girl) is an American comedy web series created by and starring Issa Rae.
194,fever,active,g24a_fever_45205,fever/REFUTES,decrease,b129102f56d2,Jackpot is exclusively a novel.,"Jackpot is a 2013 Hindi comedy thriller directed by Kaizad Gustad starring Sunny Leone, Naseeruddin Shah and Sachiin J Joshi."
195,fever,active,g24a_fever_76097,fever/REFUTES,decrease,f4725bc16ab3,Meteora is not an album by an American band.,Meteora is the second studio album by American rock band Linkin Park.
196,fever,active,g24a_fever_218104,fever/SUPPORTS,increase,5fb6e25b7616,The Indian National Congress was founded in a country.,"It was founded in Bombay in late December 1885, during the British Raj in India. Mumbai ([mʊmˈbaɪ] also known as Bombay, the official name until 1995) is the capital city of the Indian state of Maharashtra."
197,fever,active,g24a_fever_92430,fever/REFUTES,decrease,1707a9e15e5d,Rachel Green was played by Janet Jackson.,"Portrayed by actress Jennifer Aniston, the character was created by show creators David Crane and Marta Kauffman, and appeared in each of the show's 236 episodes during its decade-long run, from its premiere on September 22, 1994 to its finale on May 6, 2004."
198,fever,active,g24a_fever_147158,fever/SUPPORTS,increase,8100979d11a1,"NXT Tag Team Championship was created by World Wrestling Entertainment, Inc.","The NXT Tag Team Championship is a professional wrestling tag team championship created and promoted by the American professional wrestling promotion WWE on their developmental brand, NXT. World Wrestling Entertainment, Inc. (d/b/a WWE) is an American publicly traded, privately controlled entertainment company that deals primarily in professional wrestling, with revenue also coming from film, music, video games, product licensing, and direct product sales."
199,fever,active,g24a_fever_122977,fever/SUPPORTS,increase,d75233e876c0,Jason Bourne has American actress Julia Stiles as part of the cast.,"Julia Stiles, Vincent Cassel, Riz Ahmed, Ato Essandoh and Scott Shepherd also star."
200,fever,active,g24a_fever_34936,fever/SUPPORTS,increase,ef867194bce6,The KGB was governed by Russian army laws and regulations.,"The KGB was a military service and was governed by army laws and regulations, similar to the Soviet Army or MVD Internal Troops. The Soviet Army ([Советская Армия, Sovetskaya Armiya]) is the name given to the main land-based branch of the Soviet Armed Forces between February 1946 and December 1991, when it was replaced with the Russian Ground Forces, although it was not taken fully out of service until 25 December 1993. The Ministry of Internal Affairs of the Russian Federation (MOI, Министерство внутренних дел, МВД, Ministerstvo Vnutrennikh Del, MVD) is the interior ministry of Russia."
201,fever,active,g24a_fever_21986,fever/REFUTES,decrease,3befb080360b,"Sonny Bono was alive and well on January 6, 1998.","Salvatore Phillip ""Sonny"" Bono ([ˈboʊnoʊ] February 16, 1935 -- January 5, 1998) was an American singer, producer, and politician who came to fame in partnership with his second wife Cher, as the popular singing duo Sonny & Cher."
202,fever,active,g24a_fever_53792,fever/SUPPORTS,increase,b7d85dc4ba40,Blue Jasmine has Cate Blanchett acting in it.,The film tells the story of a rich Manhattan socialite (played by Cate Blanchett) who falls on hard times and has to move into her working class sister's (Sally Hawkins) apartment in San Francisco.
203,fever,active,g24a_fever_122343,fever/REFUTES,decrease,80e8cecd6b61,A Good Day to Die Hard was written entirely by Josh Groban.,"The film was directed by John Moore and written by Skip Woods, and stars Bruce Willis as John McClane."
204,fever,active,g24a_fever_88150,fever/SUPPORTS,increase,21b6581f83fc,2016 Tour de France was a race.,"The 2016 Tour de France was the 103rd edition of the Tour de France, one of cycling's Grand Tours. In road bicycle racing, a Grand Tour refers to one of the three major European professional cycling stage races: Tour de France, Giro d'Italia and Vuelta a España."
205,fever,active,g24a_fever_137210,fever/REFUTES,decrease,61143f9a1c2d,There are currently 417 Mormon members as of 2017.,"The number of members in 1971 was 3,090,953 and now in 2017 based on the Annual Report, there are 15,882,417 worldwide."
206,fever,active,g24a_fever_101027,fever/SUPPORTS,increase,7e8ae7c11d1f,Minor League Baseball compete at levels below a baseball league.,Minor League Baseball is a hierarchy of professional baseball leagues in the Americas that compete at levels below Major League Baseball (MLB) and provide opportunities for player development and a way to prepare for the major leagues.
207,fever,active,g24a_fever_91599,fever/SUPPORTS,increase,60db8dc0422b,John Krasinski is a person.,"John Burke Krasinski ([krəˈzɪnski] born October 20, 1979) is an American actor and filmmaker."
208,fever,active,g24a_fever_228063,fever/SUPPORTS,increase,038c22bc9d8d,Caleb McLaughlin was born in the year 2001.,"Caleb McLaughlin (born October 13, 2001) is an American actor."
209,fever,active,g24a_fever_109744,fever/REFUTES,decrease,59bd7a1f27c6,The Winds of Winter did not receive universal acclaim from critics.,"""The Winds of Winter"" received universal acclaim from critics, listing it as one of the series' best episodes, with Matt Fowler of IGN calling it ""very surprising and satisfying."""
210,fever,active,g24a_fever_77834,fever/SUPPORTS,increase,9327af56a4ab,Eva Green made her film debut in a film directed by Bernardo Bertolucci.,She started her career in theatre before making her film debut in 2003 in Bernardo Bertolucci's film The Dreamers. The Dreamers is a 2003 romantic drama film directed by Bernardo Bertolucci.
211,fever,active,g24a_fever_184294,fever/REFUTES,decrease,77a802ca3b21,Vera Wang is exclusively from Australia.,"Vera Ellen Wang (, [u̯ɑ̌ŋ u̯éɪ̯u̯éɪ̯]; born June 27, 1949) is an American fashion designer based in New York City."
212,fever,active,g24a_fever_137706,fever/SUPPORTS,increase,586f13bd5bcf,Himalaya has Sikkim as part of it.,"A part of the Eastern Himalaya, Sikkim is notable for its biodiversity, including alpine and subtropical climates, as well as being a host to Kanchenjunga, the highest peak in India and third highest on Earth."
213,fever,active,g24a_fever_201603,fever/SUPPORTS,increase,381ed49fd57f,A thunderstorm is also known as an thundershower.,"A thunderstorm, also known as an electrical storm, lightning storm, or thundershower, is a storm characterized by the presence of lightning and its acoustic effect on the Earth's atmosphere, known as thunder."
214,fever,active,g24a_fever_133512,fever/REFUTES,decrease,28fdfa94baca,The 14th Dalai Lama fled to Japan during the Tibetan uprising.,"During the 1959 Tibetan uprising, the Dalai Lama fled to India, where he currently lives as a refugee."
215,fever,active,g24a_fever_172768,fever/SUPPORTS,increase,c3a15e26e6fb,The Beach is a film that falls under the adventure drama genre.,"The Beach is a 2000 adventure drama film directed by Danny Boyle and based on the 1996 novel of the same name by Alex Garland, which was adapted for the film by John Hodge."
216,fever,active,g24a_fever_148309,fever/REFUTES,decrease,4f88e0940be9,The Adventures of Pluto Nash failed to be a released film.,The Adventures of Pluto Nash is a 2002 Australian-American science fiction action comedy film starring Eddie Murphy (in a dual role) and directed by Ron Underwood.
217,fever,active,g24a_fever_114900,fever/SUPPORTS,increase,28a8dc9735bc,Minor League Baseball is a hierarchy of leagues.,Minor League Baseball is a hierarchy of professional baseball leagues in the Americas that compete at levels below Major League Baseball (MLB) and provide opportunities for player development and a way to prepare for the major leagues.
218,fever,active,g24a_fever_219688,fever/REFUTES,decrease,914bfe974209,Corsica is an book.,Corsica ([ˈkɔrsɪkə] Corse [kɔʁs] Corsican and Italian: Corsica [ˈkɔrsika]) is an island in the Mediterranean Sea and one of the 13 regions of France.
219,fever,active,g24a_fever_48377,fever/REFUTES,decrease,9290feca3326,Tremont Street Subway is incapable of serving any stations.,"It now forms the central part of the Green Line, connecting Boylston Street to Park Street and Government Center stations."
220,fever,active,g24a_fever_172309,fever/SUPPORTS,increase,8d067fcfd030,Scream 2 is an American film.,Scream 2 is a 1997 American slasher film directed by Wes Craven and written by Kevin Williamson.
221,fever,active,g24a_fever_183452,fever/REFUTES,decrease,d363a10f02e1,Henry III of France was murdered by the president of the local secularist reading group.,"In 1589, Jacques Clément, a Catholic fanatic, murdered Henry III, who was succeeded by the King of Navarre who, as Henry IV, would assume the throne of France after converting to Catholicism, and become the first French king of the House of Bourbon. During the French Wars of Religion, Clément became fanatically religious and an ardent partisan of the Catholic League."
222,fever,active,g24a_fever_4280,fever/REFUTES,decrease,00ec7b7478f9,Ekta Kapoor did not produce an Indian soap opera.,"She has produced numerous soap opera, television series and movies."
223,fever,active,g24a_fever_204981,fever/SUPPORTS,increase,aaa903d64ab1,Tyler Perry is an American actor.,"Tyler Perry (born Emmitt Perry Jr.; September 13, 1969) is an American actor, comedian, filmmaker, writer, and songwriter, specializing in the gospel genre."
224,fever,active,g24a_fever_193458,fever/SUPPORTS,increase,0f9497d7c4f2,Captain America's shield is used as a type of equipment.,It is the primary defensive and offensive piece of equipment used by the Marvel Comics superhero Captain America; he is seldom seen without it.
225,fever,active,g24a_fever_65234,fever/REFUTES,decrease,34aeb2da1350,South Island only has New Zealand's citizens.,"It has a 32 percent larger landmass than the North Island so is sometimes referred to as the ""mainland"" of New Zealand, especially by South Island residents, but only 23 percent of New Zealand's million inhabitants live there."
226,fever,active,g24a_fever_66046,fever/SUPPORTS,increase,39bcff4928c8,"In the highest-grossing Superman film of all time, Henry Cavill played the superhero.","Cavill gained further prominence and international fame playing the titular superhero Superman in the DC Extended Universe starting with the 2013 reboot film Man of Steel, originally the highest-grossing Superman film of all time until it was surpassed by 2016's Batman v Superman: Dawn of Justice, where he reprised his role as Superman; making it his highest-grossing film to date."
227,fever,active,g24a_fever_29092,fever/REFUTES,decrease,fd28119e5ed7,The Good Wife is a comedy.,"The Good Wife is an American legal and political drama television series that aired on CBS from September 22, 2009, to May 8, 2016."
228,fever,active,g24a_fever_91973,fever/REFUTES,decrease,576ae943c9fd,"Kenny Chesney died on March 26th, 1968.","Kenneth Arnold ""Kenny"" Chesney (born March 26, 1968) is an American country music singer, songwriter and record producer."
229,fever,active,g24a_fever_143011,fever/REFUTES,decrease,8ca72426619d,"Henri Kontinen's brother is a retired tennis player, who last played in 2008.",His brother Micke is a retired tennis player. Micke Kontinen (born 18 December 1992) is a Finnish tennis player. Kontinen has a career high ATP singles ranking of 355 achieved on 15 September 2014.
230,fever,active,g24a_fever_4536,fever/SUPPORTS,increase,e8a0c401e2a6,"Eric Church was born May 3, 1977.","Kenneth Eric Church (born May 3, 1977) is an American country music singer and songwriter."
231,fever,active,g24a_fever_123364,fever/SUPPORTS,increase,f4bf61f899a3,Brie Larson starred in a movie.,"Larson's breakthrough role came with the independent drama Short Term 12 (2013), for which she received critical acclaim."
232,fever,active,g24a_fever_137813,fever/REFUTES,decrease,379a361ea3eb,George III was killed by his son.,"Although it has since been suggested that he had the blood disease porphyria, the cause of his illness remains unknown."
233,fever,active,g24a_fever_48142,fever/SUPPORTS,increase,bfcf3bfcfed0,Edward Cullen is in books.,Edward Cullen (né Edward Anthony Masen) is a fictional character in Stephenie Meyer's Twilight series. Twilight (stylized as twilight) (2005) is a young adult vampire-romance novel by author Stephenie Meyer.
234,fever,active,g24a_fever_174034,fever/SUPPORTS,increase,3953666c8bc3,The Endless River is an album of a band which formed in London.,The Endless River is the fifteenth and final studio album by the English rock band Pink Floyd. Pink Floyd were an English rock band formed in London.
235,fever,active,g24a_fever_58896,fever/SUPPORTS,increase,3f3094217dfa,Omar Khadr was detained at Guantanamo Bay.,"Omar Ahmed Sayid Khadr (born September 19, 1986) is a Canadian who was detained at Guantanamo Bay as a minor and held there for 10 years."
236,fever,active,g24a_fever_194486,fever/SUPPORTS,increase,7576010c7ac1,Tilda Swinton acts.,"She is the recipient of two BAFTA Awards, one BIFA Award, an Academy Award for Best Supporting Actress and has received three nominations for a Golden Globe Award."
237,fever,active,g24a_fever_118708,fever/SUPPORTS,increase,59d1585875e3,Temple Grandin stars Claire Danes.,"Temple Grandin is a 2010 biopic directed by Mick Jackson and starring Claire Danes as Temple Grandin, an autistic woman who revolutionized practices for the humane handling of livestock on cattle ranches and slaughterhouses."
238,fever,active,g24a_fever_136853,fever/REFUTES,decrease,c33ad58a66dc,Rachel Green is a fictional hat.,"Rachel Karen Green is a fictional character, one of the six main characters who appeared in the American sitcom Friends."
239,fever,active,g24a_fever_119630,fever/SUPPORTS,increase,83ec279d8b29,Off the Wall is a record by Michael Jackson.,"Off the Wall is the fifth studio album by American singer Michael Jackson, released on August 10, 1979 in the United States by Epic Records and internationally by CBS Records."
240,fever,active,g24a_fever_73113,fever/REFUTES,decrease,4a000eb00cc8,Scotty Moore was only German.,"Winfield Scott ""Scotty"" Moore III (December 27, 1931 -- June 28, 2016) was an American guitarist and recording engineer."
241,fever,active,g24a_fever_35881,fever/SUPPORTS,increase,70b16e2389b2,Pearl (Steven Universe) exists as a magical gemstone.,"She is a ""Gem"", a fictional alien being that exists as a magical gemstone projecting a holographic body."
242,fever,active,g24a_fever_55468,fever/SUPPORTS,increase,ff2fdb238ec3,The Romani people's migrations have taken them to Canada.,"In migrations since the late nineteenth century, Romani have also moved to other countries in South America and to Canada."
243,fever,active,g24a_fever_218111,fever/REFUTES,decrease,f0c86e541721,The Indian National Congress was founded only before December 1884.,"It was founded in Bombay in late December 1885, during the British Raj in India."
244,fever,active,g24a_fever_189710,fever/SUPPORTS,increase,1198a54d791d,Martial arts films contain numerous martial arts fights between characters.,"A subgenre of the action film, martial arts films contain numerous martial arts fights between characters."
245,fever,active,g24a_fever_12843,fever/SUPPORTS,increase,50fdb8664295,Penguin Books revolutionized publishing in the 1930s.,"Penguin revolutionised publishing in the 1930s through its inexpensive paperbacks, sold through Woolworths and other high street stores for sixpence, bringing high-quality paperback fiction and non-fiction to the mass market."
246,fever,active,g24a_fever_172766,fever/REFUTES,decrease,d3d1335694d9,The Beach is based solely on a 1990 novel.,"The Beach is a 2000 adventure drama film directed by Danny Boyle and based on the 1996 novel of the same name by Alex Garland, which was adapted for the film by John Hodge."
247,fever,active,g24a_fever_25906,fever/REFUTES,decrease,05fd45d980fb,Antigua and Barbuda was named in honor of Tim Burton.,"The country's name was given by Christopher Columbus in 1493 after discovering the island, in honor of the Virgin of La Antigua in the Seville Cathedral."
248,fever,active,g24a_fever_204355,fever/REFUTES,decrease,6f35a880c522,In the Cretaceous pterosaurs and large marine reptiles prospered and continued their survival.,"The Cretaceous ended with a large mass extinction, the Cretaceous -- Paleogene extinction event, in which many groups, including non-avian dinosaurs, pterosaurs and large marine reptiles died out."
249,fever,active,g24a_fever_70281,fever/REFUTES,decrease,7e9dc9b152c4,"There are rumors that Augustus' marble, Livia, poisoned him.","He probably died from natural causes, although there were unconfirmed rumors that his wife Livia poisoned him."
250,fever,active,g24a_fever_174893,fever/SUPPORTS,increase,177ed7567026,The Alfred P. Murrah Federal Building was demolished at 200 N.W. 5th Street.,"The Alfred P. Murrah Federal Building was a United States federal government complex located at 200 N.W. 5th Street in Downtown Oklahoma City, Oklahoma, United States."
251,fever,active,g24a_fever_53832,fever/SUPPORTS,increase,672d640e5b50,Babur was a conqueror.,"Babur ([بابر, lit = Tiger, translit = Bābur] 14 February 148326 December 1530), born Ẓahīr-ud-Dīn Muḥammad ([ظهیرالدین محمد, translit = Ẓahīr ad-Dīn Muḥammad]), was a conqueror from Central Asia who, following a series of setbacks, finally succeeded in laying the basis for the Mughal dynasty in the Indian subcontinent and became the first Mughal emperor."
252,fever,active,g24a_fever_201793,fever/SUPPORTS,increase,436e6c656733,Live Through This is an album.,Live Through This is the second studio album by American alternative rock band Hole.
253,fever,active,g24a_fever_117380,fever/SUPPORTS,increase,9eae1cc6c100,Fuller House (TV series) is a sequel to a Full House.,"Fuller House is an American family sitcom and sequel to the 1987 -- 95 television series Full House, airing as a Netflix original series."
254,fever,active,g24a_fever_121283,fever/REFUTES,decrease,5f866029e5fe,"Lost lasted from October 14, 1985 to December 13, 1999.","Lost is an American television drama series that originally aired on the American Broadcasting Company (ABC) from September 22, 2004, to May 23, 2010, over six seasons, comprising a total of 121 episodes."
255,fever,active,g24a_fever_5420,fever/SUPPORTS,increase,b9be716ddc5e,Stephen Hillenburg developed an interest in art.,"Born in Lawton, Oklahoma and raised in Anaheim, California, Hillenburg became fascinated with the ocean as a child and also developed an interest in art."
256,fever,active,g24a_fever_26224,fever/SUPPORTS,increase,8e50c20b8307,Efraim Diveroli is a former arms dealer.,"Efraim Diveroli (born December 20, 1985) is an American former arms dealer and author."
257,fever,active,g24a_fever_111069,fever/SUPPORTS,increase,f5fc7b6a4fbb,2 Hearts came out after May 1923.,"""2 Hearts"" is a song recorded by Australian singer Kylie Minogue for her tenth studio album, X (2007)."
258,fever,active,g24a_fever_155911,fever/SUPPORTS,increase,0c3d96001cc6,Food Network is offered to 83.3% of homes with a television.,"As of February 2015, Food Network is available to approximately 96,931,000 pay television households (83.3% of households with television) in the United States."
259,fever,active,g24a_fever_81480,fever/REFUTES,decrease,cb11a3e0bc3c,Matt Bomer was born in Spain.,"Matthew Staton Bomer (born October 11, 1977) is an American actor."
260,fever,active,g24a_fever_162837,fever/SUPPORTS,increase,16a3a9de17fa,Islamabad has fifteen universities.,"The city is home to sixteen universities, including the Quaid-e-Azam University and NUST."
261,fever,active,g24a_fever_1947,fever/SUPPORTS,increase,0d85ba6cd6d3,Raja Hindustani is a movie.,Raja Hindustani (translation: Indian King) is a 1996 Indian blockbuster Hindi-language drama romance film directed by Dharmesh Darshan.
262,fever,active,g24a_fever_179834,fever/SUPPORTS,increase,02bf56aa0cc8,Vic Mensa is an American.,"Victor Kwesi Mensah (born June 6, 1993), better known by his stage name Vic Mensa, is a Grammy-nominated American rapper from Chicago, Illinois."
263,fever,active,g24a_fever_144725,fever/REFUTES,decrease,b8dfcb5f49d0,Yemen is the fourth-largest country in the Arabian peninsula.,"Yemen ([ˈjɛmən] اليَمَن), officially known as the Republic of Yemen, is an Arab country in Western Asia, occupying South Arabia, the southern end of the Arabian Peninsula. Yemen is the second-largest country in the peninsula, occupying 527,970 km2 (203,850 sq mi)."
264,fever,active,g24a_fever_37067,fever/SUPPORTS,increase,7a69ae4c970b,"Lee Daniels directed a film based on the novel ""Push.""","He produced Monster's Ball and directed Precious, which received six Academy Award nominations, including Best Director; the film won two of the awards. Precious: Base on Nol by Saf (Based on the Novel ""Push"" by Sapphire), or simply Precious, is a 2009 American drama film, directed and co-produced by Lee Daniels."
265,fever,active,g24a_fever_24271,fever/SUPPORTS,increase,1c3a528ca022,The New York Knicks are in the Atlantic Division of the National Press Club's Eastern Conference.,The Knicks compete in the National Basketball Association (NBA) as a member of the Atlantic Division of the Eastern Conference.
266,fever,active,g24a_fever_110538,fever/REFUTES,decrease,025e084c3abf,John Frusciante released twelve solo albums.,"Frusciante has an active solo career, having released eleven solo albums and five EPs; his recordings include elements ranging from experimental rock and ambient music to new wave and electronica."
267,fever,active,g24a_fever_195370,fever/REFUTES,decrease,2e8f4069a13c,Graffiti was released in 2005.,"It was released on December 7, 2009, by Jive Records."
268,fever,active,g24a_fever_184303,fever/REFUTES,decrease,656fe540982d,Vera Wang is an Armenian Fashion Designer.,"Vera Ellen Wang (, [u̯ɑ̌ŋ u̯éɪ̯u̯éɪ̯]; born June 27, 1949) is an American fashion designer based in New York City."
269,fever,active,g24a_fever_93855,fever/REFUTES,decrease,ccded6aab201,Bhagat Singh was murdered.,"Singh was convicted and hanged in March 1931, aged 23. A murder is the unlawful killing of another human without justification or valid excuse, especially the unlawful killing of another human being with malice aforethought."
270,fever,active,g24a_fever_227083,fever/SUPPORTS,increase,4179b13d5c7a,Roar (song) is on the Katy Perry album Prism.,"""Roar"" is a song by American singer Katy Perry for her fourth studio album, Prism (2013)."
271,fever,active,g24a_fever_207528,fever/SUPPORTS,increase,f4fd6e6d46c2,Mel B had a career.,"Melanie Janine Brown (born 29 May 1975), better known as Mel B or Melanie B, is an English singer, songwriter, presenter, television personality, dancer, actress, author, and model."
272,fever,active,g24a_fever_114974,fever/SUPPORTS,increase,2e1593c9dd48,Creedence Clearwater Revival was informally abbreviated.,"Creedence Clearwater Revival, often informally abbreviated to Creedence or CCR, was an American rock band active in the late 1960s and early 1970s."
273,fever,active,g24a_fever_20291,fever/SUPPORTS,increase,f7fb4a31e35e,Meteora is an album by an American band.,Meteora is the second studio album by American rock band Linkin Park.
274,fever,active,g24a_fever_109582,fever/REFUTES,decrease,56938952178d,US Airways Flight 1549 did not have any people on board.,All 155 people aboard were rescued by nearby boats and there were few serious injuries.
275,fever,active,g24a_fever_112934,fever/SUPPORTS,increase,7a84147867db,Juventus F.C. has worn a black-and-white-striped home uniform since 1903.,"The club is the second oldest of its kind still active in the country after Genoa's football section (1893), has traditionally worn a black and white striped home kit since 1903 and has played its home matches in several grounds, being the latest the 41,507-capacity Juventus Stadium."
276,fever,active,g24a_fever_148599,fever/SUPPORTS,increase,5cffaea06d2b,Eddie Guerrero was addicted to alcohol.,"He experienced various substance abuse problems, including alcoholism and an addiction to painkillers; these real-life issues were sometimes incorporated into his storylines."
277,fever,active,g24a_fever_43458,fever/SUPPORTS,increase,8d2d5f5f6c39,Janet Leigh was American.,"Janet Leigh (born Jeanette Helen Morrison; July 6, 1927 -- October 3, 2004) was an American actress, singer, dancer and author."
278,fever,active,g24a_fever_104221,fever/SUPPORTS,increase,3ebd92cdaae4,Toy Story 2 was released by a production company.,"Toy Story 2 is a 1999 American computer-animated comedy adventure film produced by Pixar Animation Studios and released by Walt Disney Pictures. Pixar ([ˈpɪksɑr]), also referred to as Pixar Animation Studios, is an American computer animation film studio based in Emeryville, California that is a subsidiary of The Walt Disney Company."
279,fever,active,g24a_fever_81046,fever/SUPPORTS,increase,59a4f46498e7,Yale University has had many alumni who were notable.,"Yale has graduated many notable alumni, including five U.S. Presidents, 19 U.S. Supreme Court Justices, 20 living billionaires, and many heads of state."
280,fever,active,g24a_fever_138865,fever/REFUTES,decrease,a355df7215da,Babur was the third Mughal emperor.,"Babur ([بابر, lit = Tiger, translit = Bābur] 14 February 148326 December 1530), born Ẓahīr-ud-Dīn Muḥammad ([ظهیرالدین محمد, translit = Ẓahīr ad-Dīn Muḥammad]), was a conqueror from Central Asia who, following a series of setbacks, finally succeeded in laying the basis for the Mughal dynasty in the Indian subcontinent and became the first Mughal emperor."
281,fever,active,g24a_fever_202032,fever/REFUTES,decrease,26becd6b82f9,Tamerlan Tsarnaev was declared a victim of a bombing by the FBI.,"Shortly after the Federal Bureau of Investigation declared them suspects in the bombings and released images of them, the Tsarnaev brothers killed an MIT policeman, carjacked an SUV, and engaged in a shootout with the police in the Boston suburb of Watertown."
282,fever,active,g24a_fever_199265,fever/REFUTES,decrease,f273c1c75707,Prince Charles and Lady Diana eloped in July 1981.,"The wedding of Charles, Prince of Wales, and Lady Diana Spencer took place on Wednesday 29 July 1981 at St Paul's Cathedral, London, United Kingdom."
283,fever,active,g24a_fever_13829,fever/SUPPORTS,increase,6aeb9098abf2,Balibo (film) starts in the year 1975.,"Balibo is a 2009 Australian war film that follows the story of the Balibo Five, a group of journalists who were captured and killed while reporting on activities just prior to the Indonesian invasion of East Timor of 1975."
284,fever,active,g24a_fever_28754,fever/REFUTES,decrease,c177c632a156,The Blue Dog Coalition was formed in 1997.,It was formed in 1995 during the 104th Congress to give more conservative members from the Democratic party a unified voice after the Democrats' loss of Congress in the U.S. Congressional election of 1994.
285,fever,active,g24a_fever_155484,fever/SUPPORTS,increase,78320fdd402f,Guns N' Roses is a hard rock band.,"Guns N' Roses, often abbreviated as GnR, is an American hard rock band from Los Angeles formed in 1985."
286,fever,active,g24a_fever_84970,fever/SUPPORTS,increase,a3d5f8386847,Shane Black directed The Nice Guys.,The Nice Guys is a 2016 American neo-noir action comedy film directed by Shane Black and written by Black and Anthony Bagarozzi.
287,fever,active,g24a_fever_38029,fever/SUPPORTS,increase,eb9d54a1e46a,Viola Davis appeared in a television series.,"She played supporting and minor roles in several films and television series in the late 1990s and early 2000s, including the films Kate & Leopold (2001) and Far from Heaven (2002), and the television series Law & Order: Special Victims Unit."
288,fever,active,g24a_fever_120704,fever/REFUTES,decrease,22aee3641f33,Ron Weasley is a member of Hufflepuff house.,"Along with Harry and Hermione, he is a member of the Gryffindor house."
289,fever,active,g24a_fever_215224,fever/REFUTES,decrease,228070b8488e,Dreamer (2005 film) is a Canadian sports film.,Dreamer is a 2005 American sports drama film written and directed by John Gatins in his directorial debut.
290,fever,active,g24a_fever_109293,fever/REFUTES,decrease,f5c11b7ece11,Jack Falahee died in 1989.,"Jack Ryan Falahee (born February 20, 1989) is an American actor."
291,fever,active,g24a_fever_78683,fever/SUPPORTS,increase,f194cc3aaf48,Underdog was directed by Frederik Du Chau.,"Underdog is a 2007 American family superhero comedy film based on the 1960s cartoon series of the same name. Directed by Frederik Du Chau and written by Joe Piscatella, Adam Rifkin, and Craig A. Williams, the film stars Jim Belushi, Peter Dinklage, John Slattery, and Patrick Warburton with the voice talents of Jason Lee, Amy Adams, and Brad Garrett."
292,fever,active,g24a_fever_160060,fever/SUPPORTS,increase,0c5a4fbfcaa9,Levoamphetamine increases wakefulness.,"Levoamphetamine, also known as levamfetamine (INN), (R) - amphetamine, - amphetamine, and L-amphetamine, is a central nervous system (CNS) stimulant known to increase wakefulness and concentration in association with decreased appetite and fatigue."
293,fever,active,g24a_fever_134908,fever/REFUTES,decrease,a0a3c80bac49,"Phoenix, Arizona is a southwestern U.S. state.",Phoenix ([ˈfiːnᵻks]) is the capital and most populous city of the U.S. state of Arizona.
294,fever,active,g24a_fever_222174,fever/REFUTES,decrease,109b8030580c,Rehab was unqualified to win Best Contemporary Song.,It also won an Ivor Novello Award for Best Contemporary Song.
295,fever,active,g24a_fever_101322,fever/REFUTES,decrease,1a7a86953e86,100 percent of the University of Mississippi students are minorities.,"About 55 percent of its undergraduates and 60 percent overall come from Mississippi, and 23 percent are minorities; international students come from 90 nations."
296,fever,active,g24a_fever_225802,fever/SUPPORTS,increase,ca76aef6f82f,Chinatown is a film from the United States.,"Chinatown is a 1974 American neo-noir mystery film, directed by Roman Polanski from a screenplay by Robert Towne, starring Jack Nicholson and Faye Dunaway."
297,fever,active,g24a_fever_89681,fever/REFUTES,decrease,e27f8183d633,Elizabeth of York wouldn't marry the king.,"As the wife of Henry VII, she was the first Tudor queen."
298,fever,active,g24a_fever_52582,fever/REFUTES,decrease,ab94beb85d11,60 percent of the University of Mississippi's popularity comes from TV.,"About 55 percent of its undergraduates and 60 percent overall come from Mississippi, and 23 percent are minorities; international students come from 90 nations."
299,fever,active,g24a_fever_195208,fever/SUPPORTS,increase,9dce060fbee5,Kevin Bacon was in a 2004 film.,"Bacon is also known for taking on darker roles such as that of a sadistic guard in Sleepers and troubled former child abuser in a critically acclaimed performance in The Woodsman. The Woodsman is a 2004 drama film directed and co-written (with Steven Fechter) by Nicole Kassell, based on Fechter's play of the same name."
300,fever,active,g24a_fever_160814,fever/SUPPORTS,increase,e3d4db999669,Juventus Stadium in Turin is the home stadium for Juventus F.C.,"The club is the second oldest of its kind still active in the country after Genoa's football section (1893), has traditionally worn a black and white striped home kit since 1903 and has played its home matches in several grounds, being the latest the 41,507-capacity Juventus Stadium. Juventus Stadium, sometimes simply known in Italy as the Stadium, is an all-seater football stadium in the Vallette borough of Turin, Italy, and the home of Serie A club Juventus Football Club."
301,fever,active,g24a_fever_74188,fever/REFUTES,decrease,fb630e354b43,Morgan Fairchild only acts as background characters.,"In 1978, she appeared on the primetime soap opera Dallas as the first actress to portray Jenna Wade, before taking a lead role on the NBC series Flamingo Road in 1980 (for which she was nominated for a Golden Globe Award for Best Actress -- Television Series Drama)."
302,fever,active,g24a_fever_116715,fever/SUPPORTS,increase,be04f2fd133c,There is a spirit named Absinthe.,"It is an anise-flavoured spirit derived from botanicals, including the flowers and leaves of Artemisia absinthium (""grand wormwood""), together with green anise, sweet fennel, and other medicinal and culinary herbs."
303,fever,active,g24a_fever_47267,fever/REFUTES,decrease,5909eb7fa252,Benzodiazepines are always safe.,High doses of many shorter-acting benzodiazepines may also cause anterograde amnesia and dissociation.
304,fever,active,g24a_fever_99060,fever/REFUTES,decrease,1a1bd647420b,You Belong with Me isn't a song.,"""You Belong with Me"" is a song performed by American singer-songwriter Taylor Swift."
305,fever,active,g24a_fever_61695,fever/REFUTES,decrease,3ef698c093ee,Dev Patel did not star in The Last Airbender.,"Patel went on to star in the highly successful romantic comedy The Best Exotic Marigold Hotel (2012) and its 2015 sequel, the fantasy film The Last Airbender (2010), and the science fiction film Chappie (2015)."
306,fever,active,g24a_fever_58175,fever/SUPPORTS,increase,b18a4a59fe18,There is a mental disorder called Dissociative identity disorder.,"Dissociative identity disorder (DID), also known as multiple personality disorder (MPD), is a mental disorder characterized by at least two distinct and relatively enduring identities or dissociated personality states."
307,fever,active,g24a_fever_121238,fever/REFUTES,decrease,a289855d25fc,The heart beats at a resting rate close to 52 beats per minute.,The heart beats at a resting rate close to 72 beats per minute.
308,fever,active,g24a_fever_80075,fever/SUPPORTS,increase,4600733bd5e3,The Columbia River undergoes drainage.,"Its drainage basin is roughly the size of France and extends into seven US states and a Canadian province. A drainage basin or catchment area is any area of land where precipitation collects and drains off into a common outlet, such as into a river, bay, or other body of water."
309,fever,active,g24a_fever_168064,fever/SUPPORTS,increase,d97e7d1624c5,Larry Wilmore is a man.,He serves as an executive producer for the ABC television series Black-ish.
310,fever,active,g24a_fever_97886,fever/REFUTES,decrease,c4d81a46a235,Penguin Books is a whore house.,Penguin Books is a British publishing house.
311,fever,active,g24a_fever_175462,fever/REFUTES,decrease,311242949b26,"In 1978, Christian Gottlob Neefe was born.",Christian Gottlob Neefe ([ˈneːfə]; 5 February 1748 -- 28 January 1798) was a German opera composer and conductor.
312,fever,active,g24a_fever_146361,fever/SUPPORTS,increase,0f0df2b6d3a8,Sarah Hyland is from North America.,"Sarah Jane Hyland (born November 24, 1990) is an American actress."
313,fever,active,g24a_fever_156128,fever/SUPPORTS,increase,970054cb1163,Richard Dawson was a presenter of game shows in the United States.,"Richard Dawson (born Colin Lionel Emm; 20 November 1932 -- 2 June 2012) was a British-American actor and comedian, and a game show host and panellist in the United States."
314,fever,active,g24a_fever_146639,fever/SUPPORTS,increase,a7d7c10b29d9,"In 2003, Eva Green debuted in film.",She started her career in theatre before making her film debut in 2003 in Bernardo Bertolucci's film The Dreamers.
315,fever,active,g24a_fever_207669,fever/SUPPORTS,increase,62d8ed6ae699,Andrew Carnegie has a 1889 article proclaiming ``The Gospel of Wealth''.,"His 1889 article proclaiming ""The Gospel of Wealth"" called on the rich to use their wealth to improve society, and it stimulated a wave of philanthropy."
316,fever,active,g24a_fever_95518,fever/REFUTES,decrease,a20605c58761,Mandy Moore is not an actress.,"Amanda Leigh Moore (born April 10, 1984) is an American singer-songwriter and actress."
317,fever,active,g24a_fever_69798,fever/REFUTES,decrease,273e97ddae47,Adobe Photoshop is incapable of being a software.,"In June 2013, with the introduction of Creative Cloud branding, Photoshop's licensing scheme was changed to that of software as a service rental model and the ""CS"" suffixes were replaced with ""CC""."
318,fever,active,g24a_fever_178167,fever/SUPPORTS,increase,d34b192ef37d,The World Trade Center was destroyed in September.,"On the morning of September 11, 2001, Al-Qaeda-affiliated hijackers flew two Boeing 767 jets into the North and South Towers within minutes of each other; two hours later, both had collapsed."
319,fever,active,g24a_fever_66059,fever/SUPPORTS,increase,eb5188379891,Johnny Van Zant still performs with a band.,"John Roy ""Johnny"" Van Zant (born February 27, 1959) is an American musician and the current lead vocalist of Southern rock band Lynyrd Skynyrd."
320,fever,active,g24a_fever_29861,fever/SUPPORTS,increase,d95ccfe2c932,Awkward Black Girl was created by Issa Rae.,The Mis-Adventures of Awkward Black Girl (often simply referred to as Awkward Black Girl) is an American comedy web series created by and starring Issa Rae.
321,fever,active,g24a_fever_41810,fever/REFUTES,decrease,5d6a9e09a6a0,"Prescott, Arizona is a county.","Prescott ([ˈprɛskət]; ʼWi: kwatha Ksikʼita) is a city in Yavapai County, Arizona, United States."
322,fever,active,g24a_fever_2150,fever/SUPPORTS,increase,b45ae5ab9670,One True Thing is an American film.,One True Thing is a 1998 American drama film directed by Carl Franklin.
323,fever,active,g24a_fever_169011,fever/SUPPORTS,increase,2b0fc2d1e446,"After Jawaharlal Nehru, Manmohan Singh was a prime minister.",Manmohan Singh ([mənˈmoːɦən ˈsɪ́ŋɡ]; born 26 September 1932) is an Indian economist and politician who served as the Prime Minister of India from 2004 to 2014.
324,fever,active,g24a_fever_39612,fever/SUPPORTS,increase,c7d7fe0283c2,Proponents of globalism tend to advocate for changing economic policy.,"It tends to advocate for such policies as increases in immigration, free trade, lowering tariffs, interventionism and global governance."
325,fever,active,g24a_fever_40528,fever/REFUTES,decrease,aea023f1ea17,SpongeBob SquarePants is not a series.,SpongeBob SquarePants is an American animated television series created by marine biologist and animator Stephen Hillenburg for Nickelodeon.
326,fever,active,g24a_fever_56182,fever/SUPPORTS,increase,f7707724839f,Harold Macmillan died in 1986.,"Maurice Harold Macmillan, 1st Earl of Stockton, (10 February 1894 -- 29 December 1986) was a British Conservative politician and statesman who served as the Prime Minister of the United Kingdom from 10 January 1957 to 19 October 1963."
327,fever,active,g24a_fever_159570,fever/REFUTES,decrease,cc7bc38463f9,"Dan O'Bannon graduated college on September 30th, 1946.","Daniel Thomas ""Dan"" O'Bannon (September 30, 1946 -- December 17, 2009) was an American film screenwriter, director, visual effects supervisor, and occasional actor, usually in the science fiction and horror genres."
328,fever,active,g24a_fever_158425,fever/REFUTES,decrease,eb4e075f2b15,The Penibaetic System is an organization of cattle ranches.,The Penibaetic System (Sistema Penibético or Cordillera Penibética) is the southernmost of the three systems of mountain ranges of the Baetic System in the southern Iberian Peninsula.
329,fever,active,g24a_fever_141159,fever/REFUTES,decrease,1f721b7ec728,Soyuz is a series of movies.,"Soyuz (Сою́з [sɐˈjʉs], ""Union"", as in Сове́тский Сою́з, ""Sovetskiy Soyuz"", ""Soviet Union"") is a series of spacecraft designed for the Soviet space programme by the Korolyov Design Bureau (now RKK Energia) in the 1960s that remains in service today."
330,fever,active,g24a_fever_165904,fever/SUPPORTS,increase,7a3716901f3c,"Alice Cooper sings, writes songs, and acts for a living.","Alice Cooper (born Vincent Damon Furnier; February 4, 1948) is an American singer, songwriter, and actor whose career spans over five decades."
331,fever,active,g24a_fever_184432,fever/REFUTES,decrease,282dd6a1d55a,Premam is a 2014 film.,"Premam (Love) is a 2015 Indian Malayalam coming-of-age musical-romantic comedy film written, edited, and directed by Alphonse Puthren."
332,fever,active,g24a_fever_23861,fever/REFUTES,decrease,8e26d0e90d29,Minor League Baseball provides opportunities for river development.,Minor League Baseball is a hierarchy of professional baseball leagues in the Americas that compete at levels below Major League Baseball (MLB) and provide opportunities for player development and a way to prepare for the major leagues.
333,fever,active,g24a_fever_18333,fever/SUPPORTS,increase,6ab41f05e459,MSG enhances flavor.,"MSG is used in the food industry as a flavor enhancer with an umami taste that intensifies the meaty, savory flavor of food, as naturally occurring glutamate does in foods such as stews and meat soups."
334,fever,reserve,g24a_fever_16070,fever/REFUTES,decrease,feef60bfb0d6,Emma Watson is an Italian actress.,"Emma Charlotte Duerre Watson (born 15 April 1990) is a French-British actress, model, and activist."
335,fever,reserve,g24a_fever_45143,fever/SUPPORTS,increase,6293b896a28d,Konidela Production Company was brought together by a man who acts.,"Konidela Production Company is an Indian film production company established by actor Ram Charan, son of Chiranjeevi."
336,fever,reserve,g24a_fever_218469,fever/REFUTES,decrease,3f0c0f82881b,The Hanford Site is incapable of being the Columbia Generating Station.,"Besides the cleanup project, Hanford also hosts a commercial nuclear power plant, the Columbia Generating Station, and various centers for scientific research and development, such as the Pacific Northwest National Laboratory and the LIGO Hanford Observatory."
337,fever,reserve,g24a_fever_141268,fever/SUPPORTS,increase,791f01b6fe58,There is a drama called Exit the King.,Exit the King (Le Roi se meurt) is an absurdist drama by Eugène Ionesco that premiered in 1962.
338,fever,reserve,g24a_fever_180702,fever/REFUTES,decrease,47191b2734cb,Cary Elwes was born in April 1962.,"Ivan Simon Cary Elwes ([ˈɛlwɪs] born 26 October 1962), known professionally as Cary Elwes, is an English actor and writer."
339,fever,reserve,g24a_fever_11478,fever/SUPPORTS,increase,e52c1143fd7d,"Kenny Chesney was born on March 26th, 1968.","Kenneth Arnold ""Kenny"" Chesney (born March 26, 1968) is an American country music singer, songwriter and record producer."
340,fever,reserve,g24a_fever_17410,fever/SUPPORTS,increase,7a3596ed444a,Google Search can return synonyms.,"These include synonyms, weather forecasts, time zones, stock quotes, maps, earthquake data, movie showtimes, airports, home listings, and sports scores."
341,fever,reserve,g24a_fever_59966,fever/REFUTES,decrease,69724e6f90c0,Season 2 of Fargo takes place after 1979.,"A prequel to the events in its first season, season two of Fargo takes place in the Midwestern United States in March 1979."
342,fever,reserve,g24a_fever_101062,fever/REFUTES,decrease,d2e50be830bd,Temple Grandin stars Claire Danes as a stormtrooper.,"Temple Grandin is a 2010 biopic directed by Mick Jackson and starring Claire Danes as Temple Grandin, an autistic woman who revolutionized practices for the humane handling of livestock on cattle ranches and slaughterhouses."
343,fever,reserve,g24a_fever_46483,fever/SUPPORTS,increase,4d3141404fed,Lou Gehrig was voted the greatest first baseman of all time by the Baseball Writers' Association.,"Gehrig was voted the greatest first baseman of all time by the Baseball Writers' Association in 1969, and was the leading vote-getter on the Major League Baseball All-Century Team chosen by fans in 1999."
344,fever,reserve,g24a_fever_200293,fever/SUPPORTS,increase,97d61ac3557f,Oliver Stone heavily revised the screenplay for Natural Born Killers.,"Natural Born Killers is a 1994 American satirical crime film directed by Oliver Stone and starring Woody Harrelson, Juliette Lewis, Robert Downey Jr., Tom Sizemore, and Tommy Lee Jones. The film is based on an original screenplay by Quentin Tarantino that was heavily revised by writer David Veloz, associate producer Richard Rutowski, and director Stone; Tarantino received story credit."
345,fever,reserve,g24a_fever_150192,fever/REFUTES,decrease,45ee86088008,Nymphomaniac (film) is not part of a trilogy along with Antichrist.,"Nymphomaniac is the third and final installment in von Trier's unofficially titled ""Depression Trilogy"", having been preceded by Antichrist and Melancholia."
346,fever,reserve,g24a_fever_31192,fever/SUPPORTS,increase,95417be3a8cb,Netscape Navigator was a program.,"Netscape Navigator is a discontinued proprietary web browser, and the original browser of the Netscape line, from versions 1 to 4.08, and 9.x."
347,fever,reserve,g24a_fever_57941,fever/REFUTES,decrease,8010b399cc0d,Gray Matters was only directed by Ron Howard.,"Gray Matters is a 2006 romantic comedy film directed by Sue Kramer, starring Heather Graham, Tom Cavanagh and Bridget Moynahan."
348,fever,reserve,g24a_fever_118442,fever/REFUTES,decrease,8c651d40c43a,Jennifer Lopez was only married once.,"Following her second divorce, Lopez had a high-profile relationship with Ben Affleck, which strongly influenced her third studio album, This Is Me... Then (2002), while also overshadowing the release of Gigli (2003), a critical and commercial failure."
349,fever,reserve,g24a_fever_118842,fever/REFUTES,decrease,4b7b3208c658,Ed Gein had exhumed corpses from local parks.,"His crimes, committed around his hometown of Plainfield, Wisconsin, gathered widespread notoriety after authorities discovered that Gein had exhumed corpses from local graveyards and fashioned trophies and keepsakes from their bones and skin."
350,fever,reserve,g24a_fever_89213,fever/REFUTES,decrease,a83c33d10385,Stanley Williams was sentenced to life in prison.,"In 1979, he was convicted of murdering four people -- three of the victims were an elderly Taiwanese couple and their daughter, and the fourth victim was a 7-Eleven employee in a separate occasion -- and sentenced to death."
351,fever,reserve,g24a_fever_51825,fever/SUPPORTS,increase,8a6505a51007,Soyuz is a series of vehicles.,"Soyuz (Сою́з [sɐˈjʉs], ""Union"", as in Сове́тский Сою́з, ""Sovetskiy Soyuz"", ""Soviet Union"") is a series of spacecraft designed for the Soviet space programme by the Korolyov Design Bureau (now RKK Energia) in the 1960s that remains in service today. A spacecraft is a vehicle, or machine designed to fly in outer space."
352,fever,reserve,g24a_fever_12204,fever/SUPPORTS,increase,e8f146eaf97e,The Dark Tower was released in 2017.,"The film is set to be released on August 4, 2017 in 3D and 2D by Columbia Pictures."
353,fever,reserve,g24a_fever_83880,fever/REFUTES,decrease,58e5055ff148,The Washington Wizards have only won two conference titles.,"They have won four conference titles (1971, 1975, 1978, 1979), and seven division titles (1971, 1972, 1973, 1974, 1975, 1979, 2017)."
354,fever,reserve,g24a_fever_130978,fever/REFUTES,decrease,ee9bd44bb6bd,Kaya Scodelario was nominated for two BAFTA.,"In 2013, Scodelario reprised the role of Effy in Skins Fire, and gained the supporting role of Anna Salter in the Channel 4 television drama Southcliffe (2013); she was nominated for both for the UK TV Actress Award at the 2014 GLAMOUR Women of the Year Awards."
355,fever,reserve,g24a_fever_4746,fever/SUPPORTS,increase,5d9f45176554,Duff McKagan is a musician.,"Michael Andrew ""Duff"" McKagan (born February 5, 1964) is an American musician, singer, songwriter and author."
356,fever,reserve,g24a_fever_131250,fever/REFUTES,decrease,afb9414ed087,Johann Wolfgang von Goethe failed to publish Hermann and Dorothea.,"During this period, Goethe published his second novel, Wilhelm Meister's Apprenticeship, the verse epic Hermann and Dorothea, and, in 1808, the first part of his most celebrated drama, Faust."
357,fever,reserve,g24a_fever_187323,fever/SUPPORTS,increase,b961013b6450,"Diana, Princess of Wales divorced.","Diana remained the object of worldwide media scrutiny during and after her marriage, which ended in divorce on 28 August 1996."
358,fever,reserve,g24a_fever_51154,fever/SUPPORTS,increase,c93b1c652fd9,Kareena Kapoor had some failures.,"This initial success was followed by a series of commercial failures and repetitive roles, which garnered her negative reviews."
359,fever,reserve,g24a_fever_75621,fever/REFUTES,decrease,c439a24bb6e6,South Island is separated from North Island by the Gibraltar Strait.,"It is bordered to the north by Cook Strait, to the west by the Tasman Sea, and to the south and east by the Pacific Ocean. Cook Strait (Te Moana-o-Raukawa) lies between the North and South Islands of New Zealand."
360,fever,reserve,g24a_fever_179819,fever/SUPPORTS,increase,f3d63b81a796,"Vic Mensa is from Chicago, Illinois.","Victor Kwesi Mensah (born June 6, 1993), better known by his stage name Vic Mensa, is a Grammy-nominated American rapper from Chicago, Illinois."
361,fever,reserve,g24a_fever_186882,fever/REFUTES,decrease,ba13a8226f24,Live Through This has only been sold in Australia.,"As of 2010, it has sold over 1.6 million copies in the United States."
362,fever,reserve,g24a_fever_61612,fever/REFUTES,decrease,87f5453d8795,Mike Huckabee is a folk religious figure with no official status.,"Michael Dale Huckabee (born August 24, 1955) is an American politician, Christian minister, author, musician, and commentator who served as the 44th Governor of Arkansas from 1996 to 2007. In Christianity, a minister is a person authorized by a church, or other religious organization, to perform functions such as teaching of beliefs; leading services such as weddings, baptisms or funerals; or otherwise providing spiritual guidance to the community."
363,fever,reserve,g24a_fever_74274,fever/SUPPORTS,increase,c87ef4165b7c,Henry VIII was the father of Elizabeth I.,"Elizabeth was the daughter of Henry VIII and Anne Boleyn, his second wife, who was executed two-and-a-half years after Elizabeth's birth. Henry VIII (28 June 1491 -- 28 January 1547) was King of England from 21 April 1509 until his death."
364,fever,reserve,g24a_fever_50382,fever/SUPPORTS,increase,9860d4e9da3d,The Beverly Hillbillies is a show that lost the opportunity to appear on television.,"The series remains in syndication on MeTV, and its ongoing popularity spawned a 1993 film remake by 20th Century Fox."
365,fever,reserve,g24a_fever_99942,fever/SUPPORTS,increase,1ff4f31aa5d4,Exotic Birds were an opening band for Information Society.,"They achieved mainly local success, but appeared as an opening band for Culture Club, Eurythmics, and Information Society."
366,fever,reserve,g24a_fever_205120,fever/REFUTES,decrease,ac75de38b886,Gaius Julius Caesar only was the mother of a dictator.,"Gaius Julius Caesar (ca. 130 BC -- 85 BC) was a Roman senator, a supporter of his brother-in-law, Gaius Marius, and the father of Gaius Julius Caesar, the dictator."
367,fever,reserve,g24a_fever_34506,fever/SUPPORTS,increase,b712a18cda4f,Sierra Morena is Spanish.,The Sierra Morena is one of the main systems of mountain ranges in Spain.
368,fever,reserve,g24a_fever_66610,fever/SUPPORTS,increase,6f47c9adb11a,Charles Howard Hinton was born in the 1800s.,"Charles Howard Hinton (1853, United Kingdom -- 30 April 1907, Washington D.C., United States) was a British mathematician and writer of science fiction works titled Scientific Romances."
369,fever,reserve,g24a_fever_4822,fever/SUPPORTS,increase,7a44c61d16ab,The Adventures of Pluto Nash stars Eddie Murphy.,The Adventures of Pluto Nash is a 2002 Australian-American science fiction action comedy film starring Eddie Murphy (in a dual role) and directed by Ron Underwood.
370,fever,reserve,g24a_fever_94690,fever/SUPPORTS,increase,5f1c6b97c8c0,Cyprus is a tourist destination.,Cyprus is a major tourist destination in the Mediterranean.
371,fever,reserve,g24a_fever_27869,fever/REFUTES,decrease,be760195919b,Mount Rushmore was created by sculptor Tom Brady.,"Sculptor Gutzon Borglum created the sculpture's design and oversaw the project's execution from 1927-1941 with the help of his son, Lincoln Borglum."
372,fever,reserve,g24a_fever_77480,fever/REFUTES,decrease,63b6d1720737,"Neil Diamond was not born on January 24th, 1941.","Neil Leslie Diamond (born January 24, 1941) is an American singer-songwriter, musician and actor."
373,fever,reserve,g24a_fever_136731,fever/SUPPORTS,increase,d5e0632f78e0,"UNESCO's City of Literature program aims to promote the social, economic and cultural development of cities.","Its aim is to ""promote the social, economic and cultural development of cities in both the developed and the developing world."""
374,fever,reserve,g24a_fever_175458,fever/REFUTES,decrease,fc0a0137a2d1,The Japanese television drama series Death Note first aired in 1997.,"The drama premiered on NTV on July 5, 2015."
375,fever,reserve,g24a_fever_209107,fever/SUPPORTS,increase,d72b5794bd57,Sennacherib's designated successor was Esarhaddon.,"He was assassinated in obscure circumstances in 681 BCE, apparently by his eldest son (his designated successor, Esarhaddon, was the youngest)."
376,fever,reserve,g24a_fever_67340,fever/REFUTES,decrease,93868bc9d7a5,Chris Bosh played with the soccer team in Miami.,"Christopher Wesson Bosh (born March 24, 1984) is an American professional basketball player for the Miami Heat of the National Basketball Association (NBA)."
377,fever,reserve,g24a_fever_81121,fever/REFUTES,decrease,4bed4370d12f,The Africa Cup of Nations is held every five years.,"Since 1968, it has been held every two years."
378,fever,reserve,g24a_fever_106369,fever/SUPPORTS,increase,f4f7d9373ad7,Jack Falahee's middle name is Ryan and he is unknown.,"Jack Ryan Falahee (born February 20, 1989) is an American actor."
379,fever,reserve,g24a_fever_72446,fever/REFUTES,decrease,637bb76883b5,The Wallace is a novel.,"The Actes and Deidis of the Illustre and Vallyeant Campioun Schir William Wallace, also known as The Wallace, is a long ""romantic biographical"" poem by the fifteenth-century Scottish makar of the name Blind Harry probably at some time in the decade before 1488."
380,fever,reserve,g24a_fever_227073,fever/REFUTES,decrease,7bf774b8ac97,Roar (song) is a Katy Perry song from her debut album.,"""Roar"" is a song by American singer Katy Perry for her fourth studio album, Prism (2013)."
381,fever,reserve,g24a_fever_116920,fever/SUPPORTS,increase,6d959d44b4bc,Harvard University is a university.,"Harvard University is a private Ivy League research university in Cambridge, Massachusetts, established in 1636, whose history, influence, and wealth have made it one of the world's most prestigious universities."
382,fever,reserve,g24a_fever_107185,fever/REFUTES,decrease,ade988223c56,Duff McKagan is Canadian.,"Michael Andrew ""Duff"" McKagan (born February 5, 1964) is an American musician, singer, songwriter and author."
383,fever,reserve,g24a_fever_168086,fever/SUPPORTS,increase,6bfeed1f6878,Jean-Jacques Dessalines ruled over a territory.,Jean-Jacques Dessalines ([ʒɑ̃ ʒak dɛs.salin]; 20 September 1758 -- 17 October 1806) was a leader of the Haitian Revolution and the first ruler of an independent Haiti under the 1805 constitution.
384,fever,reserve,g24a_fever_88008,fever/SUPPORTS,increase,6c8962862bf7,"In 1996's Game of Thrones, Ned Stark was introduced.","Introduced in 1996's A Game of Thrones, Ned is the honorable lord of Winterfell, an ancient fortress in the North of the fictional continent of Westeros."
385,fever,reserve,g24a_fever_155145,fever/SUPPORTS,increase,99ed4412e4cb,Lookout Records helped release Kerplunk.,"Kerplunk is the second studio album by American punk rock band Green Day, released on December 17, 1991 by Lookout! Records was an independent record label, initially based in Laytonville, California and later in Berkeley, focusing on punk rock."
386,fever,reserve,g24a_fever_131314,fever/SUPPORTS,increase,074907217640,Shut Up is a composition.,"""Shut Up"" is a song by English Grime artist and MC Stormzy."
387,fever,reserve,g24a_fever_25409,fever/REFUTES,decrease,c6b8702e30e6,Joseph Merrick was a severely deformed man in East Germany.,"Joseph Carey Merrick (5 August 1862 -- 11 April 1890; often incorrectly called John Merrick) was an English man with very severe deformities who was first exhibited at a freak show as the ""Elephant Man"", and then went to live at the London Hospital after he met Frederick Treves, so becoming well known in London society."
388,fever,reserve,g24a_fever_180577,fever/SUPPORTS,increase,9d98660044ec,Swordfish (film) is a film that is about a person who is targeted for a crime conspiracy.,"The film centers on Stanley Jobson, an ex-con and computer hacker who is targeted for recruitment into a bank robbery conspiracy because of his formidable hacking skills."
389,fever,reserve,g24a_fever_204551,fever/SUPPORTS,increase,9f8df7d5124e,Commodore is ranked superior to a navy captain.,"Commodore is a naval rank used in many navies that is superior to a navy captain, but below a rear admiral."
390,fever,reserve,g24a_fever_56323,fever/SUPPORTS,increase,cc996557ef5c,Match Point explores the role of lust and luck in life.,"The film treats themes of morality, greed, and the roles of lust, money, and luck in life, leading many to compare it to Allen's earlier film Crimes and Misdemeanors (1989)."
391,fever,reserve,g24a_fever_91881,fever/REFUTES,decrease,50b483e590da,Super Bowl XLV was the first time the Super Bowl was played in the Dallas-Fort Worth area and had the lowest recorded attendance of any Super Bowl up until that point.,"The game was played on February 6, 2011, at Cowboys Stadium in Arlington, Texas, the first time the Super Bowl was played in the Dallas -- Fort Worth area. The game's attendance was 103,219, just short of the Super Bowl record 103,985 set in Super Bowl XIV at the Rose Bowl in Pasadena, California."
392,fever,reserve,g24a_fever_187556,fever/SUPPORTS,increase,afe4a315f892,"Dan Brown was born June 22, 1964.","Daniel Gerhard ""Dan"" Brown (born June 22, 1964) is an American author of thriller fiction who wrote the 2003 bestselling novel The Da Vinci Code."
393,fever,reserve,g24a_fever_31845,fever/REFUTES,decrease,71a4db970e0c,Ashton Kuthcher was in one film in 2005.,"Kutcher subsequently appeared in more romantic comedies, including Guess Who (2005), A Lot Like Love (2005), What Happens in Vegas (2008), and No Strings Attached (2011)."
394,fever,reserve,g24a_fever_138067,fever/REFUTES,decrease,42c885c09354,"Recovery only has one singer on it, Drake.",Recovery is the seventh studio album by American rapper Eminem.
395,fever,reserve,g24a_fever_129051,fever/REFUTES,decrease,698a3276b96c,Aestheticism values ethics over cultural themes.,"Aestheticism (also the Aesthetic Movement) is an intellectual and art movement supporting the emphasis of aesthetic values more than social-political themes for literature, fine art, music and other arts."
396,fever,reserve,g24a_fever_144242,fever/SUPPORTS,increase,a0c265f6bdc8,"World Wrestling Entertainment, Inc. produced the NXT Tag Team Championship.","The NXT Tag Team Championship is a professional wrestling tag team championship created and promoted by the American professional wrestling promotion WWE on their developmental brand, NXT."
397,fever,reserve,g24a_fever_33744,fever/SUPPORTS,increase,c88430b09975,Jackie (2016 film) was written by Noah Oppenheim.,Jackie is a 2016 biographical drama film directed by Pablo Larraín and written by Noah Oppenheim.
398,fever,reserve,g24a_fever_7418,fever/SUPPORTS,increase,82986c8b0e06,The Faroe Islands existed in 1035.,"Between 1035 and 1814, the Faeroes were part of the Hereditary Kingdom of Norway."
399,fever,reserve,g24a_fever_180699,fever/REFUTES,decrease,30a706399665,Cary Elwes was born in 1982.,"Ivan Simon Cary Elwes ([ˈɛlwɪs] born 26 October 1962), known professionally as Cary Elwes, is an English actor and writer."
400,fever,reserve,g24a_fever_63896,fever/REFUTES,decrease,5985223eab47,Times Higher Education World University Rankings is a publication of unranked universities.,Times Higher Education World University Rankings is an annual publication of university rankings by Times Higher Education (THE) magazine.
401,fever,reserve,g24a_fever_104206,fever/REFUTES,decrease,082c667f8885,Lorelai Gilmore's boat is named Emily.,"The dynamic of single parenthood and the tension between Lorelai and her wealthy parents, Richard (Edward Herrmann) and especially her controlling mother, Emily (Kelly Bishop), form the main theme of the series story line."
402,fever,reserve,g24a_fever_150040,fever/REFUTES,decrease,78bead680883,Elizabeth I was the aunt of Henry VIII.,"Elizabeth was the daughter of Henry VIII and Anne Boleyn, his second wife, who was executed two-and-a-half years after Elizabeth's birth."
403,fever,reserve,g24a_fever_157870,fever/SUPPORTS,increase,1801f9da940f,Therasia is a European island.,"Therasia, also known as Thirasía, is an island in the volcanic island group of Santorini in the Greek Cyclades. Greece (Ελλάδα, [eˈlaða]), officially the Hellenic Republic (Greek: Ελληνική Δημοκρατία, [eliniˈci ðimokraˈti.a]), historically also known as Hellas (Ἑλλάς, [heˈlas], modern pronunciation Ellás), is a country in southeastern Europe, with a population of approximately 11 million as of 2015."
404,fever,reserve,g24a_fever_25408,fever/REFUTES,decrease,dbd7085ce37d,The Bloods is narrowly known for its rivalry with the Crips.,The gang is widely known for its rivalry with the Crips.
405,fever,reserve,g24a_fever_147730,fever/SUPPORTS,increase,7c44054b8019,Danger UXB is on a commercial TV network in Europe.,"Danger UXB is a 1979 British ITV television series set during the Second World War developed by John Hawkesworth and starring Anthony Andrews as Lieutenant Brian Ash, an officer in the Royal Engineers. ITV is a commercial TV network in the United Kingdom."
406,fever,reserve,g24a_fever_181634,fever/SUPPORTS,increase,917481227476,There is a capital called Mogadishu.,"Mogadishu ([ˌmɔːɡəˈdiːʃuː] Muqdisho [mʉqdɪʃɔ]; مقديشو [maqadiːʃuː]), known locally as Hamar, is the capital and most populous city of Somalia."
407,fever,reserve,g24a_fever_136658,fever/SUPPORTS,increase,85b924626359,Laura Robson attended the Wimbledon Junior Girls' Championship.,"She debuted on the International Tennis Federation (ITF) junior tour in 2007, and a year later won the Wimbledon Junior Girls' Championship at the age of 14."
408,fever,reserve,g24a_fever_154241,fever/REFUTES,decrease,14965fd83b55,Azithromycin is only available under a brand name.,It is available as a generic medication and is sold under many trade names worldwide.
409,fever,reserve,g24a_fever_183143,fever/REFUTES,decrease,ee0983e363b9,Tata Motors is disqualified to be listed on the (BSE) Bombay Stock Exchange.,"Tata Motors is listed on the (BSE) Bombay Stock Exchange, where it is a constituent of the BSE SENSEX index, the National Stock Exchange of India, and the New York Stock Exchange."
410,fever,reserve,g24a_fever_146606,fever/REFUTES,decrease,8307f469d9b8,Yemen is the most wealthy country in the Arabian peninsula.,"Yemen is a developing country, and the poorest country in the Middle East. Most of the countries that border the Persian Gulf have vast reserves of crude oil, with monarchs of the Arabian Peninsula in particular benefiting economically from petroleum exports."
411,fever,reserve,g24a_fever_9767,fever/SUPPORTS,increase,aba4bf108f51,"Manchester United is based in Old Trafford, Greater Manchester, England.","Manchester United Football Club is a professional football club based in Old Trafford, Greater Manchester, England, that competes in the Premier League, the top flight of English football."
412,fever,reserve,g24a_fever_175873,fever/SUPPORTS,increase,0669c24f7f97,Chris Mullin played with a team.,"Thereafter, Mullin played with the Indiana Pacers from 1997 until the 1999 -- 2000 season. The Indiana Pacers are an American professional basketball team based in Indianapolis."
413,fever,reserve,g24a_fever_38695,fever/SUPPORTS,increase,52c79effef9d,Ron Dennis is the Global Consultant for Minsheng Investment Corporation.,He is the Global Consultant for the state owned China Minsheng Investment Group and also the chairman for the UK Summit.
414,fever,reserve,g24a_fever_192714,fever/SUPPORTS,increase,48cd0b4b3dd4,CBS is the network that aired The Millers.,"The multi-camera series aired from October 3, 2013 to July 18, 2015 and ran 34 episodes over two seasons on CBS."
415,fever,reserve,g24a_fever_191659,fever/SUPPORTS,increase,1e4f611a28a8,"Ang Lee's date of birth is October 23, 1954.","Ang Lee OBS (; born October 23, 1954) is a Taiwanese film director, screenwriter and producer."
416,fever,reserve,g24a_fever_143046,fever/SUPPORTS,increase,1109bd768c14,Henry Cavill played Superman.,"Cavill gained further prominence and international fame playing the titular superhero Superman in the DC Extended Universe starting with the 2013 reboot film Man of Steel, originally the highest-grossing Superman film of all time until it was surpassed by 2016's Batman v Superman: Dawn of Justice, where he reprised his role as Superman; making it his highest-grossing film to date."
417,fever,reserve,g24a_fever_40181,fever/REFUTES,decrease,74271a86e700,"The Incredibles 2 is scheduled to be released on November 3, 2000.","The movie is scheduled to be released on June 15, 2018 and will be given an IMAX release."
418,fever,reserve,g24a_fever_60095,fever/SUPPORTS,increase,6ef8d7e69dc9,Ryan Gosling stars in Blade Runner 2049.,"It is the sequel to 1982's Blade Runner and stars Ryan Gosling and Harrison Ford, who is reprising his role as Rick Deckard, with Ana de Armas, Mackenzie Davis, Sylvia Hoeks, Lennie James, Carla Juri, Robin Wright, Dave Bautista and Jared Leto in supporting roles."
419,fever,reserve,g24a_fever_38549,fever/REFUTES,decrease,c860e7f1ac92,Stephen Colbert is dissociated from The Late Show with Stephen Colbert.,"Colbert has hosted The Late Show with Stephen Colbert, a late-night television talk show on CBS, since September 8, 2015."
420,fever,reserve,g24a_fever_94059,fever/SUPPORTS,increase,6c22fd6b5319,Joni Mitchell has made 17 records of original songs available.,"A blunt critic of the music industry, she quit touring and released her 17th, and reportedly last, album of original songs in 2007."
421,fever,reserve,g24a_fever_76129,fever/REFUTES,decrease,65b8d7326b16,Pakistan's semi-industrialized economy is the 25th largest in purchasing power parity in the world.,The Pakistani economy is the 24th-largest in the world in terms of purchasing power and the 41st-largest in terms of nominal GDP (World Bank). The GDP dollar (INT$) data given on this page are derived from purchasing power parity (PPP) calculations.
422,fever,reserve,g24a_fever_140645,fever/REFUTES,decrease,a0243511ce34,Francis I of France was the father of Francis of the Large Nose.,"He was also known as François au Grand Nez (""Francis of the Large Nose""), the Grand Colas, and the Roi-Chevalier (the ""Knight-King"") for his personal involvement in the wars against his great rival the Holy Roman Emperor and King of Spain Charles V."
423,fever,reserve,g24a_fever_227072,fever/SUPPORTS,increase,f3f4386327a7,Roar (song) is a Katy Perry song from her fourth album.,"""Roar"" is a song by American singer Katy Perry for her fourth studio album, Prism (2013)."
424,fever,reserve,g24a_fever_116269,fever/REFUTES,decrease,5784c2540ffd,One Flew Over the Cuckoo's Nest was released in a year between 1934 and 1970.,"One Flew Over the Cuckoo's Nest is a 1975 American comedy-drama film directed by Miloš Forman, based on the 1962 novel One Flew Over the Cuckoo's Nest by Ken Kesey."
425,fever,reserve,g24a_fever_32679,fever/SUPPORTS,increase,5443cdea1ad8,"Duane Chapman's nickname is ""Dog.""","Duane Lee ""Dog"" Chapman I. (born February 2, 1953) is an American bounty hunter and a former bail bondsman."
426,fever,reserve,g24a_fever_88401,fever/SUPPORTS,increase,603d2be1a098,Salman Rushdie wrote a novel published in the eighties.,"His second novel, Midnight's Children (1981), won the Booker Prize in 1981 and was deemed to be ""the best novel of all winners"" on two separate occasions, marking the 25th and the 40th anniversary of the prize."
427,fever,reserve,g24a_fever_159696,fever/SUPPORTS,increase,2b7e113c6b94,Edgar Wright is a producer.,"Edgar Howard Wright (born 18 April 1974) is an English director, screenwriter, producer, and actor."
428,fever,reserve,g24a_fever_104135,fever/REFUTES,decrease,22e5e483d749,Anneliese van der Pol is a mayor.,"Anneliese Louise van der Pol (Born September 23, 1984) is a Dutch and American actress, singer, model, and dancer."
429,fever,reserve,g24a_fever_53567,fever/SUPPORTS,increase,b6370c784959,A Milli is a song by someone born in 1982.,"""A Milli"", abbreviated occasionally as ""Milli"", is a song by American hip hop recording artist Lil Wayne. Dwayne Michael Carter Jr. (born September 27, 1982), known professionally as Lil Wayne, is an American hip hop recording artist."
430,fever,reserve,g24a_fever_13474,fever/SUPPORTS,increase,e59fcb2ff3c5,Taarak Mehta Ka Ooltah Chashmah is a sitcom.,Taarak Mehta Ka Ooltah Chashmah (English: Taarak Mehta's Different Perspective) is India's longest running sitcom serial produced by Neela Tele Films Private Limited.
431,fever,reserve,g24a_fever_106209,fever/REFUTES,decrease,ee6f641c5413,West Virginia borders Wendy's to the north.,"It is bordered by Virginia to the southeast, Kentucky to the southwest, Ohio to the northwest, Pennsylvania to the north (and, slightly, east), and Maryland to the northeast."
432,fever,reserve,g24a_fever_25359,fever/REFUTES,decrease,832046207fcf,The Beguiled is an original movie.,"The script was written by Albert Maltz and is based on the 1966 Southern Gothic novel written by Thomas P. Cullinan, originally titled A Painted Devil."
433,fever,reserve,g24a_fever_218472,fever/SUPPORTS,increase,127b176327e7,The Hanford Site hosts a commercial nuclear power plant.,"Besides the cleanup project, Hanford also hosts a commercial nuclear power plant, the Columbia Generating Station, and various centers for scientific research and development, such as the Pacific Northwest National Laboratory and the LIGO Hanford Observatory."
434,fever,reserve,g24a_fever_31813,fever/SUPPORTS,increase,8ab25f1dfeeb,Alberto Contador initially won the 2011 Giro d'italia with team Saxo Bank-SunGard.,"He initially also won the 2010 Tour de France with this team, and the 2011 Giro d'Italia with team Saxo Bank-SunGard, only to be stripped of these titles later having been found guilty of a doping offence."
435,fever,reserve,g24a_fever_89458,fever/SUPPORTS,increase,1e1ca97306fa,Knowledge and research in the computer science fields is incorporated with Speech recognition.,"It incorporates knowledge and research in the linguistics, computer science, and electrical engineering fields."
436,fever,reserve,g24a_fever_40808,fever/SUPPORTS,increase,478b0fc0616e,The Los Angeles Rams is a team that Terry Crews played for.,"In football, Crews played as a defensive end and linebacker in the National Football League (NFL) for the Los Angeles Rams, San Diego Chargers and Washington Redskins, as well as in the World League of American Football with Rhein Fire."
437,fever,reserve,g24a_fever_183918,fever/REFUTES,decrease,294043152454,Gotham City Sirens failed to be published.,Gotham City Sirens is an American comic book series was written by Paul Dini with art by Guillem March and published by DC Comics.
438,fever,reserve,g24a_fever_181642,fever/SUPPORTS,increase,0131aaf39cc4,Mogadishu's location is Somalia.,"Mogadishu ([ˌmɔːɡəˈdiːʃuː] Muqdisho [mʉqdɪʃɔ]; مقديشو [maqadiːʃuː]), known locally as Hamar, is the capital and most populous city of Somalia."
439,fever,reserve,g24a_fever_42493,fever/SUPPORTS,increase,81205e58749a,"With Singapore Airlines, the Airbus A380 entered commercial service.",The A380 made its first flight on 27 April 2005 and entered commercial service on 25 October 2007 with Singapore Airlines.
440,fever,reserve,g24a_fever_42974,fever/SUPPORTS,increase,83500be63217,X-Men: Apocalypse is a motion picture.,X-Men: Apocalypse is a 2016 American superhero film based on the fictional X-Men characters that appear in Marvel Comics.
441,fever,reserve,g24a_fever_153101,fever/REFUTES,decrease,d25103f79e0a,B. R. Ambedkar did not win any awards.,"In 1990, the Bharat Ratna, India's highest civilian award, was posthumously conferred upon Ambedkar."
442,fever,reserve,g24a_fever_27561,fever/SUPPORTS,increase,1b3b96507162,The Guthrie Theater's first building was designed by an architect.,"The first building was designed by Ralph Rapson, included a 1,441-seat thrust stage designed by Tanya Moiseiwitsch, and was operated from 1963 -- 2006. He was one of the world's oldest practicing architects at his death at age 93, and also one of the most prolific."
443,fever,reserve,g24a_fever_122463,fever/SUPPORTS,increase,37814137ba49,Adidas is from Germany.,"Adidas AG ([ˈadiˌdas]) (stylised as adidas since 1949) is a German multinational corporation, headquartered in Herzogenaurach, Germany, that designs and manufactures shoes, clothing and accessories."
444,fever,reserve,g24a_fever_199741,fever/REFUTES,decrease,704baacd3130,Tijuana is the center of the Mexico City metropolitan area.,"Tijuana ([tiːˈwɑːnə]; [tiˈxwana]) is the largest city in Baja California and on the Baja California Peninsula and center of the Tijuana metropolitan area, part of the international San Diego -- Tijuana metropolitan area."
445,fever,reserve,g24a_fever_114857,fever/REFUTES,decrease,ac05c7c96d6f,Heath Ledger died before I'm Not There was cast.,"Posthumously he shared the 2007 Independent Spirit Robert Altman Award with the rest of the ensemble cast, the director, and the casting director for the film I 'm Not There, which was inspired by the life and songs of American singer-songwriter Bob Dylan. In the film, Ledger portrayed a fictional actor named Robbie Clark, one of six characters embodying aspects of Dylan's life and persona."
446,fever,reserve,g24a_fever_71959,fever/SUPPORTS,increase,0577492339ed,Jennifer Lopez made a single.,"She ventured into the music industry in 1999 with her debut studio album On the 6, preceded by the number-one single ""If You Had My Love""."
447,fever,reserve,g24a_fever_156816,fever/SUPPORTS,increase,c0799aaa949d,Alvin and the Chipmunks is a film from America.,Alvin and the Chipmunks is a 2007 American live-action/computer animated musical family comedy film directed by Tim Hill.
448,fever,reserve,g24a_fever_37768,fever/SUPPORTS,increase,a64791c97085,Danny Brown is an American musician.,"Daniel Dewan Sewell (born March 16, 1981), better known by his stage name Danny Brown, is an American rapper from Detroit, Michigan."
449,fever,reserve,g24a_fever_81756,fever/SUPPORTS,increase,f43e49d5034d,Physics is a fundamental scientific discipline.,"One of the most fundamental scientific disciplines, the main goal of physics is to understand how the universe behaves."
450,fever,reserve,g24a_fever_123488,fever/REFUTES,decrease,95592f40760d,The Quiet was released in May of 2005.,"The film was acquired by Destination Films, which released this film in the United States theatrically through Sony Pictures Classics on August 25, 2006, and marketed with the tagline: ""Is n't it time everyone hears your secrets?"""
451,fever,reserve,g24a_fever_120026,fever/REFUTES,decrease,2f48722f5777,George Harrison is still married to his first wife.,"Harrison's first marriage, to model Pattie Boyd in 1966, ended in divorce in 1977."
452,fever,reserve,g24a_fever_194798,fever/SUPPORTS,increase,0548619e0fee,Fortunes of War stars an actress.,"It stars Kenneth Branagh as Guy Pringle, lecturer in English Literature in Bucharest during the early part of the Second World War, and Emma Thompson as his wife Harriet. Emma Thompson (born 15 April 1959) is a British actress, activist, author, comedienne and screenwriter."
453,fever,reserve,g24a_fever_58926,fever/SUPPORTS,increase,ad6fc74e0a43,Rabies is infectious.,"Rabies is a viral disease that causes inflammation of the brain in humans and other mammals. A viral disease (or viral infection) occurs when an organism's body is invaded by pathogenic viruses, and infectious virus particles (virions)"
454,fever,reserve,g24a_fever_52889,fever/SUPPORTS,increase,af636b8b3403,Pink is a dancer.,"Alecia Beth Moore (born September 8, 1979), known professionally as Pink (frequently stylized as), is an American singer, songwriter, dancer, and actress."
455,fever,reserve,g24a_fever_156323,fever/SUPPORTS,increase,a968e0185ba3,Heavy Metal music was developed in the 1960's.,"Heavy metal (or simply metal) is a genre of rock music that developed in the late 1960s and early 1970s, largely in the United Kingdom and the United States."
456,fever,reserve,g24a_fever_160919,fever/SUPPORTS,increase,c864c6df463f,"Robert Singer (producer) worked as a writer, producer and director on Supernatural.","He is best known for his work on Supernatural where he serves as an executive producer, director and occasional writer."
457,fever,reserve,g24a_fever_144169,fever/SUPPORTS,increase,991d73156f57,Music videos have been directed by ASAP Rocky for Danny Brown.,"Rocky has also directed music videos for himself, Danny Brown and other A$AP Mob members."
458,fever,reserve,g24a_fever_145956,fever/REFUTES,decrease,7161f8438178,Aleister Crowley was born on Mars.,"Born to a wealthy Plymouth Brethren family in Royal Leamington Spa, Warwickshire, Crowley rejected this fundamentalist Christian faith to pursue an interest in Western esotericism."
459,fever,reserve,g24a_fever_107064,fever/SUPPORTS,increase,f5d4ac60e535,An American was the scriptwriter for The Beguiled.,"The script was written by Albert Maltz and is based on the 1966 Southern Gothic novel written by Thomas P. Cullinan, originally titled A Painted Devil. Albert Maltz (October 28, 1908 -- April 26, 1985) was an American playwright, fiction writer and screenwriter."
460,fever,reserve,g24a_fever_223499,fever/SUPPORTS,increase,f2763658d7ab,Prague Castle attracts over 18 million visitors annually.,The castle is among the most visited tourist attractions in Prague attracting over 1.8 million visitors annually.
461,fever,reserve,g24a_fever_178344,fever/REFUTES,decrease,a432473c6d03,Al Jardine was unable to sing.,"Alan Charles Jardine (born September 3, 1942) is an American musician, singer and songwriter who co-founded the Beach Boys."
462,fever,reserve,g24a_fever_194893,fever/REFUTES,decrease,8668f8281787,Rebel in the Rye only aired in 2005.,"It premiered at the 2017 Sundance Film Festival on January 24, 2017."
463,fever,reserve,g24a_fever_130871,fever/REFUTES,decrease,1076410a8548,Pharrell Williams is a drummer.,"Pharrell Lanscilo Williams ([fəˈɹ̠ɛːl] born April 5, 1973) is an American singer-songwriter, rapper, record producer, and film producer."
464,fever,reserve,g24a_fever_73533,fever/REFUTES,decrease,8135d651ea3d,Juventus F.C. is the third oldest association football (soccer) club in Italy.,"Juventus Football Club S.p.A. (from Latin iuventūs, ""youth""; [juˈvɛntus]), colloquially known as Juve ([ˈjuːve]), is a professional Italian association football club based in Turin, Piedmont, founded in 1897 by a group of young Torinese students, among them was their first president Eugenio Canfari and his brother Enrico, author of the company's historical memory. The club is the second oldest of its kind still active in the country after Genoa's football section (1893), has traditionally worn a black and white striped home kit since 1903 and has played its home matches in several grounds, being the latest the 41,507-capacity Juventus Stadium."
465,fever,reserve,g24a_fever_43697,fever/SUPPORTS,increase,537a0887e6ad,Times Higher Education World University Rankings is a printing of rankings done by the Times Higher Education (THE) magazine.,Times Higher Education World University Rankings is an annual publication of university rankings by Times Higher Education (THE) magazine.
466,fever,reserve,g24a_fever_123576,fever/REFUTES,decrease,0742a7c6a51a,The Bloods are identified by the green color worn by their members.,"They are identified by the red color worn by their members and by particular gang symbols, including distinctive hand signs."
467,fever,reserve,g24a_fever_45226,fever/SUPPORTS,increase,b1c424714f4b,Harold Macmillan was from Great Britain.,"Maurice Harold Macmillan, 1st Earl of Stockton, (10 February 1894 -- 29 December 1986) was a British Conservative politician and statesman who served as the Prime Minister of the United Kingdom from 10 January 1957 to 19 October 1963."
468,fever,reserve,g24a_fever_22744,fever/SUPPORTS,increase,7e27fd959b74,The Silver Surfer is a fictional character.,The Silver Surfer is a fictional superhero appearing in American comic books published by Marvel Comics.
469,fever,reserve,g24a_fever_163967,fever/REFUTES,decrease,71693faf47a9,Veeram is a film from the fall season of 2014.,The film was released on 10 January 2014.
470,fever,reserve,g24a_fever_161810,fever/REFUTES,decrease,9e87691009ce,Planet Hollywood Las Vegas is owned by all entities except an American gaming corporation.,It is owned and operated by Caesars Entertainment Corporation.
471,fever,reserve,g24a_fever_153638,fever/REFUTES,decrease,40df4757ee0e,Gray Matters is a horror film.,"Gray Matters is a 2006 romantic comedy film directed by Sue Kramer, starring Heather Graham, Tom Cavanagh and Bridget Moynahan."
472,fever,reserve,g24a_fever_202039,fever/SUPPORTS,increase,0a9fe282ea8d,Tamerlan Tsarnaev once took part in a shootout with the police.,"Shortly after the Federal Bureau of Investigation declared them suspects in the bombings and released images of them, the Tsarnaev brothers killed an MIT policeman, carjacked an SUV, and engaged in a shootout with the police in the Boston suburb of Watertown."
473,fever,reserve,g24a_fever_49512,fever/REFUTES,decrease,0244c8c723c6,The Ellen Show was released online only.,The Ellen Show is a television sitcom created by and starring Ellen DeGeneres that was broadcast during the 2001 -- 02 season on CBS.
474,fever,reserve,g24a_fever_150630,fever/REFUTES,decrease,84d93b6039cd,TV Choice runs only on weekends.,"It features weekly TV broadcast programming listings, running from Saturday to Friday, and goes on sale every Tuesday."
475,fever,reserve,g24a_fever_114422,fever/REFUTES,decrease,0e74017391ff,The great white shark prefers not to prey on animals.,"It is also known to prey upon a variety of other marine animals, including fish and seabirds."
476,fever,reserve,g24a_fever_32958,fever/SUPPORTS,increase,b1bd47878a29,The New York Knicks compete in the Eastern Conference of the National Basketball Association.,The Knicks compete in the National Basketball Association (NBA) as a member of the Atlantic Division of the Eastern Conference.
477,fever,reserve,g24a_fever_58800,fever/SUPPORTS,increase,3719fae20186,Star Trek: Discovery is the first series since 2005's Star Trek Enterprise.,"It is the first series developed specifically for that service, and the first Star Trek series since Star Trek: Enterprise concluded in 2005."
478,fever,reserve,g24a_fever_225811,fever/REFUTES,decrease,66b44c4d9087,Chinatown stars John Travolta only.,"Chinatown is a 1974 American neo-noir mystery film, directed by Roman Polanski from a screenplay by Robert Towne, starring Jack Nicholson and Faye Dunaway."
479,fever,reserve,g24a_fever_158361,fever/SUPPORTS,increase,b67dc5483c73,Tennessee was the last state to join the Confederacy.,Tennessee was the last state to leave the Union and join the Confederacy at the outbreak of the American Civil War in 1861.
480,fever,reserve,g24a_fever_159086,fever/REFUTES,decrease,6e9d351f28de,Guatemala civil right war was fought between the North and the South.,"From 1960 to 1996, Guatemala endured a bloody civil war fought between the US-backed government and leftist rebels, including genocidal massacres of the Maya population perpetrated by the military."
481,fever,reserve,g24a_fever_212203,fever/SUPPORTS,increase,793af1afc09e,Miracle at St. Anna is set in German-occupied Europe during WWII.,"Set primarily in Italy during German-occupied Europe in World War II, the film tells the story of four Buffalo Soldiers of the 92nd Infantry Division who seek refuge in a small Tuscan village, where they form a bond with the residents."
482,fever,reserve,g24a_fever_73092,fever/REFUTES,decrease,4fc7ae3f7c33,Aaron Burr was a department store that went out of business in the eighties.,"Aaron Burr Jr. (February 6, 1756September 14, 1836) was an American politician."
483,fever,reserve,g24a_fever_103005,fever/REFUTES,decrease,972383d545bc,Wish Upon did not star Ryan Phillipe.,"Wish Upon is a 2017 supernatural horror thriller film directed by John R. Leonetti and starring Joey King, Ryan Phillipe, Ki Hong Lee, Shannon Purser, Sydney Park and Sherilyn Fenn."
484,fever,reserve,g24a_fever_145537,fever/SUPPORTS,increase,d159dc12f8ab,Physics includes equations.,"For example, advances in the understanding of electromagnetism or nuclear physics led directly to the development of new products that have dramatically transformed modern-day society, such as television, computers, domestic appliances, and nuclear weapons; advances in thermodynamics led to the development of industrialization, and advances in mechanics inspired the development of calculus."
485,fever,reserve,g24a_fever_128278,fever/SUPPORTS,increase,054fc9d6bc12,Soyuz is a series of aircraft.,"Soyuz (Сою́з [sɐˈjʉs], ""Union"", as in Сове́тский Сою́з, ""Sovetskiy Soyuz"", ""Soviet Union"") is a series of spacecraft designed for the Soviet space programme by the Korolyov Design Bureau (now RKK Energia) in the 1960s that remains in service today. A spacecraft is a vehicle, or machine designed to fly in outer space."
486,fever,reserve,g24a_fever_144542,fever/REFUTES,decrease,c67889ec963c,Yugoslavia failed to be a country.,"Yugoslavia (Jugoslavija / Југославија, Jugoslavija, Југославија) was a country in Southeast Europe during most of the 20th century."
487,fever,reserve,g24a_fever_116125,fever/REFUTES,decrease,8f5696d02119,Richard Dawson was not a game show host in the United States.,"Richard Dawson (born Colin Lionel Emm; 20 November 1932 -- 2 June 2012) was a British-American actor and comedian, and a game show host and panellist in the United States."
488,fever,reserve,g24a_fever_73397,fever/REFUTES,decrease,8ac3eef66708,Temple of the Dog celebrated the 37th anniversary of their self-titled album.,The band toured in 2016 in celebration of the 25th anniversary of their self-titled album.
489,fever,reserve,g24a_fever_198072,fever/SUPPORTS,increase,900d11305eb1,Story of My Life is a recorded song.,"""Story of My Life"" is a song recorded by English Irish boy band One Direction."
490,fever,reserve,g24a_fever_212188,fever/SUPPORTS,increase,4c53b624c4ad,Miracle at St. Anna tells the story of four soldiers in a Tuscan village.,"Set primarily in Italy during German-occupied Europe in World War II, the film tells the story of four Buffalo Soldiers of the 92nd Infantry Division who seek refuge in a small Tuscan village, where they form a bond with the residents."
491,fever,reserve,g24a_fever_53021,fever/SUPPORTS,increase,95b1ce44097e,Sebastian Stan was nominated for an award.,His role in Political Animals earned him a nomination for the Critics' Choice Television Award for Best Supporting Actor in a Movie/Miniseries.
492,fever,reserve,g24a_fever_160726,fever/REFUTES,decrease,6ae087b5aa5e,No Strings Attached was released in 2007.,"The film was released in the United States on January 21, 2011."
493,fever,reserve,g24a_fever_16394,fever/SUPPORTS,increase,a90b9b31b0c9,Google Search can find stock quotes.,"These include synonyms, weather forecasts, time zones, stock quotes, maps, earthquake data, movie showtimes, airports, home listings, and sports scores."
494,fever,reserve,g24a_fever_95839,fever/SUPPORTS,increase,663bbe0248a9,Jens Stoltenberg was Prime Minister of Norway.,Stoltenberg served as Prime Minister of Norway from 2000 to 2001 and from 2005 to 2013.
495,fever,reserve,g24a_fever_138887,fever/REFUTES,decrease,487f64348f39,Color of Night came out in 2003.,Color of Night is a 1994 American erotic mystery thriller film produced by Cinergi Pictures and released in the United States by Hollywood Pictures.
496,fever,reserve,g24a_fever_128115,fever/REFUTES,decrease,916191a95a17,Jennifer Lopez only made non-studio albums.,"She ventured into the music industry in 1999 with her debut studio album On the 6, preceded by the number-one single ""If You Had My Love""."
497,fever,reserve,g24a_fever_156071,fever/SUPPORTS,increase,e8d6e36de989,"Kellyanne Conway referenced something which never occurred, called the ""Bowling Green massacre.""","Since Trump's inauguration, Conway has been embroiled in a series of controversies, including using the phrase ""alternative facts"", making reference to a ""Bowling Green massacre"" that never occurred, claiming Michael Flynn had the full confidence of the president hours before he was dismissed, and publicly endorsing commercial products associated with the president's daughter Ivanka Trump."
498,fever,reserve,g24a_fever_139730,fever/REFUTES,decrease,59320ac06b7b,The ovary is found in isolation.,"The ovary (From ovarium, literally ""egg"" or ""nut"") is an ovum-producing reproductive organ, found in pairs in the female as part of the vertebrate female reproductive system."
499,fever,reserve,g24a_fever_79538,fever/REFUTES,decrease,e47d828f7934,Sheryl Lee has yet to appear in a film as of 2016.,"After studying acting in college, Lee relocated to Seattle, Washington to work in theater, where she was cast by David Lynch as Laura Palmer and Maddy Ferguson on the 1990 cult TV series Twin Peaks and in the 1992 film Twin Peaks: Fire Walk with Me."
500,fever,reserve,g24a_fever_152117,fever/REFUTES,decrease,4ab5fbd932dd,Soyuz was designed in the 1930s.,"Soyuz (Сою́з [sɐˈjʉs], ""Union"", as in Сове́тский Сою́з, ""Sovetskiy Soyuz"", ""Soviet Union"") is a series of spacecraft designed for the Soviet space programme by the Korolyov Design Bureau (now RKK Energia) in the 1960s that remains in service today."
501,fever,reserve,g24a_fever_146910,fever/SUPPORTS,increase,a19c68af71b7,Caroline Kennedy served as an ambassador.,"Caroline Bouvier Kennedy (born November 27, 1957) is an American author, attorney, and diplomat who served as the United States Ambassador to Japan from 2013 to 2017."
502,fever,reserve,g24a_fever_1035,fever/SUPPORTS,increase,cfab6e151618,Anushka Sharma is an actress.,"Anushka Sharma ([əˈnʊʂkaː ˈʃərmaː]; born 1 May 1988) is an Indian film actress, producer and model."
503,fever,reserve,g24a_fever_70311,fever/REFUTES,decrease,74acbadf8197,IMDb is a professional Dota 2 player.,"The Internet Movie Database (abbreviated IMDb) is an online database of information related to films, television programs and video games, including cast, production crew, fictional characters, biographies, plot summaries, trivia and reviews, operated by IMDb.com, Inc., a subsidiary of Amazon."
504,fever,reserve,g24a_fever_56021,fever/REFUTES,decrease,4fe9343acead,Telemundo is located in Georgia.,"Telemundo is headquartered in the Miami suburb of Hialeah, Florida, and has 1,900 employees worldwide."
505,fever,reserve,g24a_fever_116604,fever/REFUTES,decrease,dfe93b2d3e3e,Adidas is Colombian.,"Adidas AG ([ˈadiˌdas]) (stylised as adidas since 1949) is a German multinational corporation, headquartered in Herzogenaurach, Germany, that designs and manufactures shoes, clothing and accessories."
506,fever,reserve,g24a_fever_66501,fever/SUPPORTS,increase,cf36ed0a19f6,An American singer recorded I Kissed a Girl.,"""I Kissed a Girl"" is a song recorded by American singer Katy Perry for her second studio album, One of the Boys (2008)."
507,fever,reserve,g24a_fever_173666,fever/SUPPORTS,increase,c31eba44c827,Moesia included most of the territory of a modern-day part of Serbia.,"It included most of the territory of modern-day Central Serbia and the northern parts of the modern Republic of Macedonia (Moesia Superior), as well Northern Bulgaria and Romanian Dobrudja (Moesia Inferior). Central Serbia (Централна Србија / Centralna Srbija), also referred to as Serbia proper (Ужа Србија / Uža Srbija), is the part of Serbia lying outside of the provinces of Vojvodina and the disputed territory of Kosovo (Kosovo and Metohija)."
508,fever,reserve,g24a_fever_194172,fever/REFUTES,decrease,671919a831ee,Jeb Bush's father is Barbara Bush.,"Bush, who grew up in Houston, is the second son of former President George H. W. Bush and former First Lady Barbara Bush, and a younger brother of former President George W. Bush. She is the mother of George W. Bush, the 43rd President, and Jeb Bush, the 43rd Governor of Florida. Another member of the Bush family, Bush's second son Jeb Bush, served as the 43rd Governor of Florida (1999 -- 2007) and sought the Republican presidential nomination in 2016."
509,fever,reserve,g24a_fever_21313,fever/SUPPORTS,increase,2de8e90bd07d,John Krasinski is a director.,He also served as a producer and occasional director of the show.
510,fever,reserve,g24a_fever_201439,fever/SUPPORTS,increase,d4e8682a7951,Web applications generate dynamic web pages.,"A static web page is delivered exactly as stored, as web content in the web server's file system, while a dynamic web page is generated by a web application that is driven by server-side software or client-side scripting."
511,fever,reserve,g24a_fever_209342,fever/REFUTES,decrease,c7f519bb26f3,Alexandria is in Qatar.,"Alexandria ([ˌælɪɡˈzændriə] or [ˌælɪɡˈzɑːndriə] Arabic: الإسكندرية; اسكندرية; Ⲁⲗⲉⲝⲁⲛⲇⲣⲓⲁ, Ⲣⲁⲕⲟⲧⲉ) is the second largest city and a major economic centre in Egypt, extending about 32 km along the coast of the Mediterranean Sea in the north central part of the country. Qatar ([ˈkætɑːr], [kəˈtɑːr] قطر [ˈqɑtˤɑr] Local vernacular pronunciation: [ˈɡɪtˤɑr]), officially the State of Qatar, is a sovereign country located in Western Asia, occupying the small Qatar Peninsula on the northeastern coast of the Arabian Peninsula."
512,fever,reserve,g24a_fever_21187,fever/SUPPORTS,increase,1bca1d1ed37b,The Battle of France happened during World War II.,"The Battle of France, also known as the Fall of France, was the German invasion of France and the Low Countries during the Second World War."
513,fever,reserve,g24a_fever_27701,fever/SUPPORTS,increase,9bb812b714e2,"Phoenix, Arizona is in the southwestern United States.","Phoenix ([ˈfiːnᵻks]) is the capital and most populous city of the U.S. state of Arizona. Arizona ([ɛərᵻˈzoʊnə, _ ærᵻ -]) (Hoozdo Hahoodzo [xòːztò xɑ̀xòːtsò] O'odham: Alĭ ṣonak [ˡaɺi ˡʃonak]) is a state in the southwestern region of the United States."
514,fever,reserve,g24a_fever_28552,fever/SUPPORTS,increase,c4668e2897c5,Match Point has been compared to another Woody Allen film.,"The film treats themes of morality, greed, and the roles of lust, money, and luck in life, leading many to compare it to Allen's earlier film Crimes and Misdemeanors (1989)."
515,fever,reserve,g24a_fever_66031,fever/SUPPORTS,increase,689517a6e2b0,Akhil stars Sayyeshaa.,"After starring a Telugu film Akhil (2015), she made her Bollywood debut in Ajay Devgn's Shivaay (2016)."
516,fever,reserve,g24a_fever_92587,fever/SUPPORTS,increase,1e603a3f76ac,Pearl (Steven Universe) is a fictitious alien.,"Pearl is a fictional character from the 2013 animated series Steven Universe, created by Rebecca Sugar."
517,fever,reserve,g24a_fever_145562,fever/REFUTES,decrease,0c9d29b3ee43,"Camden, New Jersey is in Camden County, New York.","Camden is a city in Camden County, New Jersey."
518,fever,reserve,g24a_fever_136946,fever/SUPPORTS,increase,5d178b01d891,Off the Wall gained critical fame and fortune.,"The record gained critical acclaim and recognition, and won the singer his first Grammy Award. The album was an enormous commercial success; as of 2014 it is certified eight times platinum in the United States and has reportedly sold more than 20 million copies worldwide, making it one of the best selling albums of all time."
519,fever,reserve,g24a_fever_60162,fever/SUPPORTS,increase,575a63f4d30d,Stephenie Meyer created Edward Cullen.,Edward Cullen (né Edward Anthony Masen) is a fictional character in Stephenie Meyer's Twilight series.
520,fever,reserve,g24a_fever_175478,fever/SUPPORTS,increase,2f0175aa2d57,Christian Gottlob Neefe was born in the 1700's.,Christian Gottlob Neefe ([ˈneːfə]; 5 February 1748 -- 28 January 1798) was a German opera composer and conductor.
521,fever,reserve,g24a_fever_14501,fever/SUPPORTS,increase,e95bc179a86d,Qin dynasty introduced several legislation.,"The Qin dynasty introduced several reforms: currency, weights and measures were standardized, and a uniform system of writing was established."
522,fever,reserve,g24a_fever_120290,fever/SUPPORTS,increase,5c58a79fde61,TV Land has a television series on TV Land.,"The series premiered on March 31, 2015 on TV Land and received generally positive reviews from critics."
523,fever,reserve,g24a_fever_74410,fever/REFUTES,decrease,4f437fffff58,Guillermo del Toro died in 1964.,"Guillermo del Toro Gómez ([ɡiˈʝeɾmo ðel ˈtoɾo]; born October 9, 1964) is a Mexican film director, screenwriter, producer, and novelist."
524,fever,reserve,g24a_fever_209099,fever/REFUTES,decrease,90879c00c848,Sennacherib had a fatal accident in 681 BCE.,"He was assassinated in obscure circumstances in 681 BCE, apparently by his eldest son (his designated successor, Esarhaddon, was the youngest)."
525,fever,reserve,g24a_fever_90443,fever/SUPPORTS,increase,8b692a083e4c,Carlos Santana is a guitarist.,In 2003 Rolling Stone magazine listed Santana at number 20 on their list of the 100 Greatest Guitarists of All Time.
526,fever,reserve,g24a_fever_181621,fever/SUPPORTS,increase,d4f986bc2cda,WGBH-TV is a station on TV.,"WGBH-TV, channel 2, is a non-commercial educational PBS member television station located in Boston, Massachusetts."
527,fever,reserve,g24a_fever_83758,fever/REFUTES,decrease,fc041cec03ee,Soul Food was released by DreamWorks Animation.,"Soul Food is a 1997 American comedy-drama film produced by Kenneth ""Babyface"" Edmonds, Tracey Edmonds and Robert Teitel and released by Fox 2000 Pictures."
528,fever,reserve,g24a_fever_179036,fever/SUPPORTS,increase,66c126f15032,Congressional Space Medal of Honor is awarded by the President on behalf of the Senate.,"The highest award given by NASA, it is awarded by the President of the United States in Congress's name on recommendations from the Administrator of the National Aeronautics and Space Administration."
529,fever,reserve,g24a_fever_119080,fever/REFUTES,decrease,de426c0c67f1,Aphrodite is the daughter of a Titaness only in the Christian Bible.,"In Homer's Iliad, however, she is the daughter of Zeus and Dione."
530,fever,reserve,g24a_fever_205121,fever/REFUTES,decrease,6b1199e71fa0,Gaius Julius Caesar was born after 150 BC.,"Gaius Julius Caesar (ca. 130 BC -- 85 BC) was a Roman senator, a supporter of his brother-in-law, Gaius Marius, and the father of Gaius Julius Caesar, the dictator."
531,fever,reserve,g24a_fever_198065,fever/SUPPORTS,increase,f2026400b1b7,Story of My Life was recorded by a band.,"""Story of My Life"" is a song recorded by English Irish boy band One Direction."
532,fever,reserve,g24a_fever_129180,fever/REFUTES,decrease,f85662ec2a26,Toy Story 2 was produced by DreamWorks.,Toy Story 2 is a 1999 American computer-animated comedy adventure film produced by Pixar Animation Studios and released by Walt Disney Pictures.
533,fever,reserve,g24a_fever_159575,fever/SUPPORTS,increase,e13867e401a8,"Dan O'Bannon died on December 17th, 2009.","Daniel Thomas ""Dan"" O'Bannon (September 30, 1946 -- December 17, 2009) was an American film screenwriter, director, visual effects supervisor, and occasional actor, usually in the science fiction and horror genres."
0,scifact,active,g24a_scifact_88,scifact/SUPPORT,increase,4c9d962f0c62,Adult tissue-resident macrophages possess a self-renewing capacity.,"We have demonstrated that major tissue-resident macrophage populations, including liver Kupffer cells and lung alveolar, splenic, and peritoneal macrophages, are established prior to birth and maintain themselves subsequently during adulthood independent of replenishment by blood monocytes."
1,scifact,active,g24a_scifact_709,scifact/SUPPORT,increase,8be9c1d1c347,Long chain polyunsaturated fatty acids supplementation is associated with lower rates of atopic eczema at 1 year.,"RESULTS No differences were seen in the overall percentage of infants with immunoglobulin E associated allergic disease between the n-3 LCPUFA and control groups (32/368 (9%) v 43/338 (13%); unadjusted relative risk 0.68, 95% confidence interval 0.43 to 1.05, P=0.08; adjusted relative risk 0.70, 0.45 to 1.09, P=0.12), although the percentage of infants diagnosed as having atopic eczema (that is, eczema with associated sensitisation) was lower in the n-3 LCPUFA group (26/368 (7%) v 39/338 (12%); unadjusted relative risk 0.61, 0.38 to 0.98, P=0.04; adjusted relative risk 0.64, 0.40 to 1.02, P=0.06). CONCLUSION n-3 LCPUFA supplementation in pregnancy did not reduce the overall incidence of immunoglobulin E associated allergies in the first year of life, although atopic eczema and egg sensitisation were lower."
2,scifact,active,g24a_scifact_632,scifact/CONTRADICT,decrease,9ebe7e2134a9,Inhibiting focal adhesion formation enables cells to convert mechanical strain into eventual scarring.,"Fibroblast-specific FAK knockout mice have substantially less inflammation and fibrosis than control mice in a model of hypertrophic scar formation. Similarly, MCP-1 knockout mice form minimal scars, indicating that inflammatory chemokine pathways are a major mechanism by which FAK mechanotransduction induces fibrosis. Small-molecule inhibition of FAK blocks these effects in human cells and reduces scar formation in vivo through attenuated MCP-1 signaling and inflammatory cell recruitment. These findings collectively indicate that physical force regulates fibrosis through inflammatory FAK–ERK–MCP-1 pathways and that molecular strategies targeting FAK can effectively uncouple mechanical force from pathologic scar formation."
3,scifact,active,g24a_scifact_1386,scifact/CONTRADICT,decrease,2748ab34e1df,cSMAC formation represses weak ligand signalling.,This conclusion was supported by experiments that showed that enhancing cSMAC formation reduced stimulatory capacity of the weak peptide.
4,scifact,active,g24a_scifact_516,scifact/CONTRADICT,decrease,b9521a7ead7e,High levels of CRP reduces the risk of exacerbations in chronic obstructive pulmonary disease (COPD).,"In the first year of follow-up, multivariable-adjusted odds ratios for having frequent exacerbations were 1.2 (95% CI, 0.7-2.2; 17 events/1000 person-years) for individuals with 1 high biomarker, 1.7 (95% CI, 0.9-3.2; 32 events/1000 person-years) for individuals with 2 high biomarkers, and 3.7 (95% CI, 1.9-7.4; 81 events/1000 person-years) for individuals with 3 high biomarkers compared with individuals who had no elevated biomarkers (9 events/1000 person-years; trend: P = 2 × 10(-5)). CONCLUSIONS AND RELEVANCE Simultaneously elevated levels of CRP and fibrinogen and leukocyte count in individuals with COPD were associated with increased risk of having exacerbations, even in those with milder COPD and in those without previous exacerbations."
5,scifact,active,g24a_scifact_1328,scifact/SUPPORT,increase,b2377e9c919d,Tuberculosis-induced granulomas express different immune system protein signatures than the surrounding tissue.,"We found that the centers of granulomas have a pro-inflammatory environment that is characterized by the presence of antimicrobial peptides, reactive oxygen species and pro-inflammatory eicosanoids. Conversely, the tissue surrounding the caseum has a comparatively anti-inflammatory signature. Although the balance between systemic pro- and anti-inflammatory signals is crucial to TB disease outcome, here we find that these signals are physically segregated within each granuloma."
6,scifact,active,g24a_scifact_1044,scifact/SUPPORT,increase,3d724dd913e9,Rhythmic expression of Cry1 translates directly into a circadian regulation of cAMP signaling in gluconeogenesis.,"Here we show that Creb activity during fasting is modulated by Cry1 and Cry2, which are rhythmically expressed in the liver. Cry1 expression was elevated during the night-day transition, when it reduced fasting gluconeogenic gene expression by blocking glucagon-mediated increases in intracellular cAMP concentrations and in the protein kinase A-mediated phosphorylation of Creb."
7,scifact,active,g24a_scifact_1311,scifact/SUPPORT,increase,236419181cbb,"Trans-acting factors, such as lncRNAs, influence mRNA translation.","Here we report a posttranscriptional function for lincRNA-p21 as a modulator of translation. Under reduced HuR levels, lincRNA-p21 accumulated in human cervical carcinoma HeLa cells, increasing its association with JUNB and CTNNB1 mRNAs and selectively lowering their translation. With elevated HuR, lincRNA-p21 levels declined, which in turn derepressed JunB and β-catenin translation and increased the levels of these proteins. We propose that HuR controls translation of a subset of target mRNAs by influencing lincRNA-p21 levels. Our findings uncover a role for lincRNA as a posttranscriptional inhibitor of translation."
8,scifact,active,g24a_scifact_386,scifact/SUPPORT,increase,aa42092db295,Errors in peripheral IV drug administration are most common during bolus administration and multiple-step medicine preparations.,"Most errors occurred when giving bolus doses or making up drugs that required multiple step preparation. A combination of reducing the amount of preparation on the ward, training, and technology to administer slow bolus doses would probably have the greatest effect on error rates."
9,scifact,active,g24a_scifact_798,scifact/CONTRADICT,decrease,6d5f70b6e846,Mitochondria play a trivial role in calcium homeostasis.,"Additionally, they participate in intermediary metabolism, calcium signaling, and apoptosis."
10,scifact,active,g24a_scifact_1262,scifact/SUPPORT,increase,c3b2d51b848b,The repair of Cas9-induced double strand breaks in human DNA is error-prone.,"Furthermore, repair of the DSBs tends to be error prone."
11,scifact,active,g24a_scifact_290,scifact/CONTRADICT,decrease,4bcc5ef3ed95,Cost effectiveness evaluations based on cRCT data accurately reflect prices for patients in actual clinical practice.,"The mean costs (for GPRD events) over calendar time were US$58k during 1990-1993 and US$174k during 2002-2005. Using RCT data rather than GPRD data for event probabilities, the mean cost was US$16k with the VIGOR RCT and US$20k with the CLASS RCT. CONCLUSIONS The published cost-effectiveness analyses of coxibs lacked external validity, did not represent patients in actual clinical practice, and should not have been used to inform prescribing policies."
12,scifact,active,g24a_scifact_1050,scifact/CONTRADICT,decrease,0eee37621d86,Risedronate increases risk of vertebral and non-vertebral fractures.,"Treatment with 5 mg/d of risedronate, compared with placebo, decreased the cumulative incidence of new vertebral fractures by 41% (95% confidence interval [CI], 18%-58%) over 3 years (11.3% vs 16.3%; P=.003). The cumulative incidence of nonvertebral fractures over 3 years was reduced by 39% (95% CI, 6%-61%) (5.2% vs 8.4%; P =.02)."
13,scifact,active,g24a_scifact_1239,scifact/CONTRADICT,decrease,ee6712904105,The myocardial cell lineage originally develops from cardiac progenitors of exclusively endodermal origin.,"Studies in the mouse embryo and the mouse embryonic stem cell differentiation model have provided evidence indicating that these three lineages develop from a common Flk-1+ (kinase insert domain protein receptor, also known as Kdr) cardiovascular progenitor that represents one of the earliest stages in mesoderm specification to the cardiovascular lineages."
14,scifact,active,g24a_scifact_1221,scifact/CONTRADICT,decrease,80ce085ce521,The genomic aberrations found in matasteses are very similar to those found in the primary tumor.,"Shared mutations between primary carcinomas and their matched metastases have the distinct A-to-T signature of the initiating carcinogen dimethylbenzanthracene, but non-shared mutations are primarily G-to-T, a signature associated with oxidative stress."
15,scifact,active,g24a_scifact_441,scifact/SUPPORT,increase,21f713e82789,G-CSF increases the expansion and infiltration of MDSCs into tumors.,"Here, integrating human tumour genomics and syngeneic mammary tumour models, we demonstrate that mTOR signalling in cancer cells dictates a mammary tumour's ability to stimulate MDSC accumulation through regulating G-CSF."
16,scifact,active,g24a_scifact_44,scifact/SUPPORT,increase,8b339cbecba2,A mutation in HNF4A leads to an increased risk of developing diabetes by the age of 14 years.,"We assessed the in utero and neonatal role of two key regulators of pancreatic insulin secretion by studying birthweight and the incidence of neonatal hypoglycaemia in patients with heterozygous mutations in the maturity-onset diabetes of the young (MODY) genes HNF4A (encoding HNF-4α) and HNF1A/TCF1 (encoding HNF-1α), and the effect of pancreatic deletion of Hnf4a on foetal and neonatal insulin secretion in mice."
17,scifact,active,g24a_scifact_1237,scifact/CONTRADICT,decrease,f9b6020e0093,The most prevalent adverse events to Semaglutide are cardiovascular.,"Adverse events were reported by 63% to 86% (371 of 490 patients) in the oral semaglutide groups, 81% (56 of 69 patients) in the subcutaneous semaglutide group, and 68% (48 of 71 patients) in the placebo group; mild to moderate gastrointestinal events were most common."
18,scifact,active,g24a_scifact_1351,scifact/CONTRADICT,decrease,6bf6825aeb33,Upregulation of dynein in Drosophila neurons increases the number of microtubule plus-ends growing toward the cell body of each neuron.,"Axonal microtubules are normally oriented uniformly plus-end-distal; however, without dynein, axons contain both plus- and minus-end distal microtubules."
19,scifact,active,g24a_scifact_1238,scifact/SUPPORT,increase,a6ef960fd440,The most prevalent adverse events to Semaglutide are gastrointestinal.,"Adverse events were reported by 63% to 86% (371 of 490 patients) in the oral semaglutide groups, 81% (56 of 69 patients) in the subcutaneous semaglutide group, and 68% (48 of 71 patients) in the placebo group; mild to moderate gastrointestinal events were most common."
20,scifact,active,g24a_scifact_548,scifact/SUPPORT,increase,39abe39fc368,IL-6 signaling plays a major role in atherosclerotic cardiovascular disease.,"By contrast, for every copy of 358Ala inherited, mean concentration of IL6R increased by 34·3% (95% CI 30·4-38·2) and of interleukin 6 by 14·6% (10·7-18·4), and mean concentration of C-reactive protein was reduced by 7·5% (5·9-9·1) and of fibrinogen by 1·0% (0·7-1·3). For every copy of 358Ala inherited, risk of coronary heart disease was reduced by 3·4% (1·8-5·0). INTERPRETATION Large-scale human genetic and biomarker data are consistent with a causal association between IL6R-related pathways and coronary heart disease."
21,scifact,active,g24a_scifact_860,scifact/SUPPORT,increase,70a767b912d1,Normal granulomas form in the absence of TNF in Zebrafish.,"In the absence of TNF, intracellular bacterial growth and granuloma formation were accelerated and was followed by necrotic death of overladen macrophages and granuloma breakdown. Thus, TNF is not required for tuberculous granuloma formation, but maintains granuloma integrity indirectly by restricting mycobacterial growth within macrophages and preventing their necrosis."
22,scifact,active,g24a_scifact_917,scifact/SUPPORT,increase,5b5d951ebe18,PTEN is a regulator for the transcriptional activity of SRF,"Here we report that the lipid and protein phosphatase, PTEN, has a novel role in the nucleus by functioning as an indispensible regulator with SRF to maintain the differentiated SM phenotype. PTEN interacts with the N-terminal domain of SRF and PTEN-SRF interaction promotes SRF binding to essential promoter elements in SM-specific genes. Factors inducing phenotypic switching promote loss of nuclear PTEN through nucleo-cytoplasmic translocation resulting in reduced myogenically active SRF, but enhanced SRF activity on target genes involved in proliferation."
23,scifact,active,g24a_scifact_1132,scifact/SUPPORT,increase,41a1319712ae,TCR/CD3 microdomains are a required to induce the immunologic synapse to activate T cells.,The conformational change is elicited by cooperative rearrangements of two TCR-CD3 complexes and does not require accompanying changes in the structure of the TCRalphabeta ectodomains. This conformational change at CD3 reverts upon ligand dissociation and is required for T cell activation.
24,scifact,active,g24a_scifact_292,scifact/SUPPORT,increase,3b3a8f0832d0,Cost effectiveness evaluations based on cRCT data lack external validity.,"Only a minority of patients used the drugs long-term and daily (34.5% of conventional NSAIDs and 44.2% of coxibs), whereas coxib RCTs required daily use for at least 6-9 months. The mean costs (for GPRD events) over calendar time were US$58k during 1990-1993 and US$174k during 2002-2005. Using RCT data rather than GPRD data for event probabilities, the mean cost was US$16k with the VIGOR RCT and US$20k with the CLASS RCT. CONCLUSIONS The published cost-effectiveness analyses of coxibs lacked external validity, did not represent patients in actual clinical practice, and should not have been used to inform prescribing policies."
25,scifact,active,g24a_scifact_1381,scifact/SUPPORT,increase,43ea1b737b83,YAP/TAZ is required in intestinal regeneration in mouse models of ulcerative colitis.,"The fate change is orchestrated by remodeling the extracellular matrix (ECM), increased FAK/Src signaling, and ultimately YAP/TAZ activation. In a defined cell culture system recapitulating the extracellular matrix remodeling observed in vivo, we show that a collagen 3D matrix supplemented with Wnt ligands is sufficient to sustain endogenous YAP/TAZ and induce conversion of cell fate."
26,scifact,active,g24a_scifact_818,scifact/SUPPORT,increase,f53aba2feb29,Myelin sheaths play a role in action potential propagation.,"We report a newly developed technique for high-resolution in vivo imaging of myelinated axons in the brain, spinal cord and peripheral nerve that requires no fluorescent labeling. Striking color patterns unique to individual myelinated fibers are generated that facilitate their tracing in dense axonal areas."
27,scifact,active,g24a_scifact_1121,scifact/SUPPORT,increase,13e30e88ba66,Synaptic activity enhances local release of brain derived neurotrophic factor from postsynaptic dendrites.,"Together, these findings reveal a spine-autonomous, autocrine signalling mechanism involving NMDAR–CaMKII-dependent BDNF release from stimulated dendritic spines and subsequent TrkB activation on these same spines that is crucial for structural and functional plasticity."
28,scifact,active,g24a_scifact_469,scifact/SUPPORT,increase,b7fea089dbcf,Glial calcium waves influence seizures.,"We found that a Ca2+ elevation in astrocytes correlates with both the initial development and the maintenance of a focal, seizure-like discharge. Our data reveal that neurons engage astrocytes in a recurrent excitatory loop (possibly involving gliotransmission) that promotes seizure ignition and sustains the ictal discharge."
29,scifact,active,g24a_scifact_1305,scifact/SUPPORT,increase,f4e5bcad8b6a,Tirasemtiv targets fast-twitch muscle.,"We developed a small-molecule fast-skeletal-troponin activator, CK-2017357, as a means to increase muscle strength by amplifying the response of muscle when neural input is otherwise diminished secondary to neuromuscular disease. Binding selectively to the fast-skeletal-troponin complex, CK-2017357 slows the rate of calcium release from troponin C and sensitizes muscle to calcium."
30,scifact,active,g24a_scifact_523,scifact/CONTRADICT,decrease,6925dd2e2465,"Higher plasma levels of I-carnitine, when associated with trimethylamine N-oxide, are negatively correlated with cardiovascular events in humans.","We demonstrate here that metabolism by intestinal microbiota of dietary L-carnitine, a trimethylamine abundant in red meat, also produces TMAO and accelerates atherosclerosis in mice. Chronic dietary L-carnitine supplementation in mice altered cecal microbial composition, markedly enhanced synthesis of TMA and TMAO, and increased atherosclerosis, but this did not occur if intestinal microbiota was concurrently suppressed."
31,scifact,active,g24a_scifact_67,scifact/SUPPORT,increase,3e83735dcc48,Activated Cdk5 phosphorylates the ATM protein in response to DNA damage.,"Here we show that Cdk5 (cyclin-dependent kinase 5), activated by DNA damage, directly phosphorylates ATM at Ser 794 in post-mitotic neurons. Thus, activation of Cdk5 by DNA damage serves as a critical signal to initiate the ATM response and regulate ATM-dependent cellular processes."
32,scifact,active,g24a_scifact_223,scifact/SUPPORT,increase,f5ce547f2010,Cancer cells can stimulate the accumulation of intra-tumoural myeloid-derived suppressor cells by promoting granulocyte colony stimulating factor production.,"Here, integrating human tumour genomics and syngeneic mammary tumour models, we demonstrate that mTOR signalling in cancer cells dictates a mammary tumour's ability to stimulate MDSC accumulation through regulating G-CSF."
33,scifact,active,g24a_scifact_792,scifact/SUPPORT,increase,46325e6f659c,Misunderstandings between doctors and patients can lead to non-adherence.,All the misunderstandings were associated with lack of patients' participation in the consultation in terms of the voicing of expectations and preferences or the voicing of responses to doctors' decisions and actions. They were all associated with potential or actual adverse outcomes such as non-adherence to treatment.
34,scifact,active,g24a_scifact_1130,scifact/CONTRADICT,decrease,3848cf759ae9,T regulatory cells (tTregs) lacking αvβ8 are more adept at suppressing pathogenic T-cell responses during active inflammation.,"However, Treg cells lacking expression of integrin αvβ8 were unable to suppress pathogenic T cell responses during active inflammation."
35,scifact,active,g24a_scifact_933,scifact/SUPPORT,increase,98663adc0f15,Pediatric SCD patients with vaso-occlusive crisis show increased morphine use after breathing 80 ppm iNO for 4 hours.,"Morphine use over 6 hours was significantly less in the INO group (mean cumulative use, 0.29 vs 0.44 mg/kg; P =.03) but was not different over 4 hours (0.26 vs 0.32 mg/kg; P =.21) or 24 hours (0.63 vs 0.91 mg/kg; P =.15)."
36,scifact,active,g24a_scifact_571,scifact/CONTRADICT,decrease,40a5fd0b0efb,"In breast cancer, the loss of myoepithelial cells slows the transition of ductal carcinoma in situ to invasive carcinoma.","Progression to invasion was promoted by fibroblasts and inhibited by normal myoepithelial cells. Molecular profiles of isolated luminal epithelial and myoepithelial cells identified an intricate interaction network involving TGFbeta, Hedgehog, cell adhesion, and p63 required for myoepithelial cell differentiation, the elimination of which resulted in loss of myoepithelial cells and progression to invasion."
37,scifact,active,g24a_scifact_756,scifact/SUPPORT,increase,3f61a47521aa,Many proteins in human cells can be post-translationally modified at lysine residues via acetylation.,"Lysine acetylation is a reversible posttranslational modifcation, an epigenetic phenomenon, referred to as transfer of an acetyl group from acetyl CoA to lysine e- amino group of targeted protein, which is modulated by acetyltransferases (histone/ lysine (K) acetyltransferases, HATs/KATs) and deacetylases (histone/lysine (K) deacetylases, HDACs/KDACs)."
38,scifact,active,g24a_scifact_513,scifact/CONTRADICT,decrease,ac7a571fb4eb,High cardiopulmonary fitness causes increased mortality rate.,CONCLUSION Low fitness in adolescents and adults is common in the US population and is associated with an increased prevalence of CVD risk factors.
39,scifact,active,g24a_scifact_653,scifact/SUPPORT,increase,8cbf5d4b4845,Interleukin-18 plays an important role in the pathogenesis of atherosclerosis.,"Interleukin-18 (IL18) participates in atherogenesis through several putative mechanisms. Interruption of IL18 action reduces atherosclerosis in mice. In Apoe−/− mice, combined deficiency of IL18r and NCC, but not single deficiency of either protein, protects mice from atherosclerosis."
40,scifact,active,g24a_scifact_984,scifact/SUPPORT,increase,ddf16896762d,Pseudogene PTENP1 encodes a transcript that regulates PTEN expression.,We find that PTENP1 is biologically active as it can regulate cellular levels of PTEN and exert a growth-suppressive role.
41,scifact,active,g24a_scifact_455,scifact/SUPPORT,increase,f3c053467c80,Genes involved in pre-mRNA splicing have a significant impact on genome stability.,"We demonstrate a widespread role for mRNA-processing factors in preventing DNA damage, which in some cases is caused by aberrant RNA-DNA structures."
42,scifact,active,g24a_scifact_22,scifact/SUPPORT,increase,205e6742e810,76-85% of people with severe mental disorder receive no treatment in low and middle income countries.,"Although disorder severity was correlated with probability of treatment in almost all countries, 35.5% to 50.3% of serious cases in developed countries and 76.3% to 85.4% in less-developed countries received no treatment in the 12 months before the interview."
43,scifact,active,g24a_scifact_1163,scifact/SUPPORT,increase,595a672b8b2b,The DdrB protein from Deinococcus radiodurans is an alternative SSB.,"Unexpectedly, the crystal structure reveals that DdrB comprises a novel fold that is structurally and topologically distinct from all other single-stranded binding (SSB) proteins characterized to date."
44,scifact,active,g24a_scifact_133,scifact/SUPPORT,increase,90fe85b1fdfb,"Assembly of invadopodia is triggered by focal generation of phosphatidylinositol-3,4-biphosphate and the activation of the nonreceptor tyrosine kinase Src.","The expression of various phosphoinositide-binding domains revealed that the podosomes in Src-transformed NIH3T3 (NIH-src) cells are enriched with PtdIns(3,4)P2, suggesting an important role of this phosphoinositide in podosome formation. Live-cell imaging analysis revealed that Src-expression stimulated podosome formation at focal adhesions of NIH3T3 cells after PtdIns(3,4)P2 accumulation."
45,scifact,active,g24a_scifact_1048,scifact/SUPPORT,increase,f22171ee9e83,Ribosomopathies have a high degree of cell and tissue specific pathology.,"Unexpectedly, a ribosomal protein (RP) expression screen reveals dynamic regulation of individual RPs within the vertebrate embryo. Collectively, these findings suggest that RP activity may be highly regulated to impart a new layer of specificity in the control of gene expression and mammalian development."
46,scifact,active,g24a_scifact_1258,scifact/SUPPORT,increase,1cd842095ec2,The recruitment of Wdr5 to its target loci depends on Kat8.,"Mof is also required for Wdr5 recruitment and H3K4 methylation at key regulatory loci, highlighting the complexity and interconnectivity of various chromatin regulators in ESCs."
47,scifact,active,g24a_scifact_1346,scifact/SUPPORT,increase,7619e4d75d72,"Upon developing tyrosine-kinase inhibitor resistance, new mutations in epidermal growth factor receptors emerge and cause treatment failure.","We first performed next-generation sequencing of cfDNA from seven subjects and detected an acquired EGFR C797S mutation in one; expression of this mutant EGFR construct in a cell line rendered it resistant to AZD9291. All were positive for the T790M mutation before treatment, but upon developing AZD9291 resistance three molecular subtypes emerged: six cases acquired the C797S mutation, five cases maintained the T790M mutation but did not acquire the C797S mutation and four cases lost the T790M mutation despite the presence of the underlying EGFR activating mutation."
48,scifact,active,g24a_scifact_78,scifact/SUPPORT,increase,95a1b05b8551,Active caspase-11 participate in regulating phagosome-lysosome fusion.,"However, caspase-11 was dispensable for the fusion of lysosomes with phagosomes containing nonpathogenic bacteria, uncovering a fundamental difference in the trafficking of phagosomes according to their cargo."
49,scifact,active,g24a_scifact_944,scifact/CONTRADICT,decrease,0f5a4f3b4e45,Physical activity does not improve cognitive function in individuals with Alzheimers.,"RESULTS In an intent-to-treat analysis, participants in the intervention group improved 0.26 points (95% confidence interval, -0.89 to 0.54) and those in the usual care group deteriorated 1.04 points (95% confidence interval, 0.32 to 1.82) on the ADAS-Cog at the end of the intervention. CONCLUSIONS In this study of adults with subjective memory impairment, a 6-month program of physical activity provided a modest improvement in cognition over an 18-month follow-up period."
50,scifact,active,g24a_scifact_266,scifact/SUPPORT,increase,6e00b567ed8f,Cnn1 recruitment varies with cell cycle timing.,"Cnn1 regulates KMN activity in a spatiotemporal manner by inhibiting the interaction between its complexes. Cnn1 activity peaks in anaphase and is driven by the Cdc28, Mps1 and Ipl1 kinases."
51,scifact,active,g24a_scifact_640,scifact/SUPPORT,increase,cbad8382e72f,"Inside the body, falciparum parasites reproduce asexually.","Evidence is accumulating that resistance to artemisinin derivatives, the frontline therapy for the asexual blood stage of the infection, is developing in southeast Asia. Our current understanding of the biology of asexual blood-stage parasites and gametocytes and the ability to culture them in vitro lends optimism that high-throughput screenings of large chemical libraries will produce a new generation of antimalarial drugs."
52,scifact,active,g24a_scifact_1260,scifact/CONTRADICT,decrease,3a1080c83cd9,The relationship between a breast cancer patient's capacity to metabolize tamoxifen and treatment outcome is independent of the patient's genetic make-up.,"Compared with extensive metabolizers, there was a significantly increased risk of recurrence for heterozygous extensive/intermediate metabolizers (time to recurrence adjusted hazard ratio [HR], 1.40; 95% confidence interval [CI], 1.04-1.90) and for poor metabolizers (time to recurrence HR, 1.90; 95% CI, 1.10-3.28). Compared with extensive metabolizers, those with decreased CYP2D6 activity (heterozygous extensive/intermediate and poor metabolism) had worse event-free survival (HR, 1.33; 95% CI, 1.06-1.68) and disease-free survival (HR, 1.29; 95% CI, 1.03-1.61), but there was no significant difference in overall survival (HR, 1.15; 95% CI, 0.88-1.51). CONCLUSION Among women with breast cancer treated with tamoxifen, there was an association between CYP2D6 variation and clinical outcomes, such that the presence of 2 functional CYP2D6 alleles was associated with better clinical outcomes and the presence of nonfunctional or reduced-function alleles with worse outcomes."
53,scifact,active,g24a_scifact_979,scifact/SUPPORT,increase,0150f4f3e4be,Progerin induces premature aging in stem cells.,"We found that expression of progerin in iPSC-derived fibroblasts and neurons induces multiple aging-related markers and characteristics, including dopamine-specific phenotypes such as neuromelanin accumulation. Thus, our study suggests that progerin-induced aging can be used to reveal late-onset age-related disease features in hiPSC-based disease models."
54,scifact,active,g24a_scifact_115,scifact/CONTRADICT,decrease,12d1696bb3d5,Anthrax spores can be disposed of easily after they are dispersed.,More than 80% of the B anthracis particles collected on stationary monitors were within an alveolar respirable size range of 0.95 to 3.5 micro m. CONCLUSIONS Bacillus anthracis spores used in a recent terrorist incident reaerosolized under common office activities.
55,scifact,active,g24a_scifact_160,scifact/SUPPORT,increase,d58884aa2844,Bacterial meningitis can be diagnosed on the basis of positive cerebrospinal fluid (CSF) cultures.,"A CSF-blood glucose ratio of 0.4 or less (likelihood ratio [LR], 18; 95% CI, 12-27]), CSF white blood cell count of 500/muL or higher (LR, 15; 95% CI, 10-22), and CSF lactate level of 31.53 mg/dL or more (> or =3.5 mmol/L; LR, 21; 95% CI, 14-32) accurately diagnosed bacterial meningitis."
56,scifact,active,g24a_scifact_1107,scifact/SUPPORT,increase,cc934fa65c36,Subcutaneous fat depots undergo extensive browning processes after cold exposure.,"During cold-induced 'browning' of subcutaneous fat, most 'beige' adipocytes stem from de novo–differentiated adipocytes."
57,scifact,active,g24a_scifact_1263,scifact/SUPPORT,increase,3b7a268443b5,The repeat-variable diresidue (RVD) in the loop of Transcription-Activator Like (TAL) effectors specifies the nucleotides-amino acid contact at the target promoter element.,"TAL (transcription activator-like) effectors, secreted by phytopathogenic bacteria, recognize host DNA sequences through a central domain of tandem repeats. Each repeat comprises 33 to 35 conserved amino acids and targets a specific base pair by using two hypervariable residues [known as repeat variable diresidues (RVDs)] at positions 12 and 13."
58,scifact,active,g24a_scifact_280,scifact/SUPPORT,increase,1a7a2b73f64b,Comparative transcriptome analysis identified new platelet proteins with structural features suggesting a role in platelet function.,"Through comparative analysis of expression in platelets and other blood cells we demonstrated that G6b, G6f, and LRRC32 are restricted to the platelet lineage, whereas LAT2 and SUCNR1 were also detected in other blood cells. The identification of the succinate receptor SUCNR1 in platelets is of particular interest, because physiologically relevant concentrations of succinate were shown to potentiate the effect of low doses of a variety of platelet agonists."
59,scifact,active,g24a_scifact_475,scifact/SUPPORT,increase,c57feadf4d3d,Glycolysis is one of the primary glycometabolic pathways in cells.,We demonstrate that glycolysis provides ATP for the FAT of vesicles.
60,scifact,active,g24a_scifact_1254,scifact/SUPPORT,increase,ded59fa67d8f,The proliferative capacity of neural progenitors differs across species.,"Clonal lineage analysis showed that primate cortical progenitors proliferate for a protracted period of time, during which they generate early-born neurons, in contrast to rodents, where this expansion phase largely ceases before neurogenesis begins. The extent of this additional cortical progenitor expansion differs among primates, leading to differences in the number of neurons generated by each progenitor cell."
61,scifact,active,g24a_scifact_1385,scifact/SUPPORT,increase,5327f2fc33c5,cSMAC formation enhances weak ligand signalling.,This conclusion was supported by experiments that showed that enhancing cSMAC formation reduced stimulatory capacity of the weak peptide.
62,scifact,active,g24a_scifact_721,scifact/SUPPORT,increase,03021f26b9df,Lupus-prone mice infected with curliproducing bacteria have higher autoantibody titers compared to controls.,We also found that the infection of lupus-prone mice with curli-producing bacteria triggered higher autoantibody titers compared to curli-deficient bacteria.
63,scifact,active,g24a_scifact_394,scifact/SUPPORT,increase,628659f9e1b4,Excess gestational weight gain is associated with obesity-related pregnancy outcomes.,"Interventions were associated with a reduced the risk of pre-eclampsia (0.74, 0.60 to 0.92) and shoulder dystocia (0.39, 0.22 to 0.70), with no significant effect on other critically important outcomes. CONCLUSIONS Dietary and lifestyle interventions in pregnancy can reduce maternal gestational weight gain and improve outcomes for both mother and baby. Among the interventions, those based on diet are the most effective and are associated with reductions in maternal gestational weight gain and improved obstetric outcomes."
64,scifact,active,g24a_scifact_1069,scifact/SUPPORT,increase,8d88804e381f,Scapular stabilizer exercises are more effective than general exercise therapy in reducing pain and improving function of the shoulder.,"There was a significantly greater improvement in the Constant-Murley score in the specific exercise group than in the control exercise group (24 points (95% confidence interval 19 to 28.0) v 9 points (5 to 13); mean difference between group: 15 points (8.5 to 20.6)). Significantly more patients in the specific exercise group reported successful outcome (defined as large improvement or recovered) in the patients' global assessment of change because of treatment: 69% (35/51) v 24% (11/46); odds ratio 7.6, 3.1 to 18.9; P<0.001. CONCLUSION A specific exercise strategy, focusing on strengthening eccentric exercises for the rotator cuff and concentric/eccentric exercises for the scapula stabilisers, is effective in reducing pain and improving shoulder function in patients with persistent subacromial impingement syndrome."
65,scifact,active,g24a_scifact_239,scifact/SUPPORT,increase,1686a9395d32,Cellular aging closely links to an older appearance.,"Perceived age, controlled for chronological age and sex, also correlated significantly with physical and cognitive functioning as well as with leucocyte telomere length. CONCLUSION Perceived age-which is widely used by clinicians as a general indication of a patient's health-is a robust biomarker of ageing that predicts survival among those aged >or=70 and correlates with important functional and molecular ageing phenotypes."
66,scifact,active,g24a_scifact_1148,scifact/SUPPORT,increase,c19fb72fef2b,Ten percent (10%) of kidney cancers in the UK are attributable to excess weight.,"Assuming causality, 41% of uterine and 10% or more of gallbladder, kidney, liver, and colon cancers could be attributable to excess weight."
67,scifact,active,g24a_scifact_431,scifact/SUPPORT,increase,dd4180b48d58,FoxO3a activation in neuronal death is mediated by reactive oxygen species (ROS).,"Thus, one way in which members of the Sir2 family of proteins may increase organismal longevity is by tipping FOXO-dependent responses away from apoptosis and toward stress resistance."
68,scifact,active,g24a_scifact_921,scifact/SUPPORT,increase,db0e69edfc5c,Participating in six months of physical activity improves cognitive functioning.,"RESULTS In an intent-to-treat analysis, participants in the intervention group improved 0.26 points (95% confidence interval, -0.89 to 0.54) and those in the usual care group deteriorated 1.04 points (95% confidence interval, 0.32 to 1.82) on the ADAS-Cog at the end of the intervention. The absolute difference of the outcome measure between the intervention and control groups was -1.3 points (95% confidence interval,-2.38 to -0.22) at the end of the intervention. CONCLUSIONS In this study of adults with subjective memory impairment, a 6-month program of physical activity provided a modest improvement in cognition over an 18-month follow-up period."
69,scifact,active,g24a_scifact_1371,scifact/SUPPORT,increase,7af0cf5960bf,Vitamin D is an important factor in the relationship between calcium and parathyroid hormone.,"After adjusting for relevant factors, serum PTH was lowest in the group with a serum 25-hydroxyvitamin D level of more than 18 ng/mL but highest in the group with a serum 25-hydroxyvitamin D level of less than 10 ng/mL. At the low serum 25-hydroxyvitamin D level (<10 ng/mL), calcium intake of less than 800 mg/d vs more than 1200 mg/d was significantly associated with higher serum PTH (P =.04); and at a calcium intake of more than 1200 mg/d, there was a significant difference between the lowest and highest vitamin D groups (P =.04). CONCLUSIONS As long as vitamin D status is ensured, calcium intake levels of more than 800 mg/d may be unnecessary for maintaining calcium metabolism."
70,scifact,active,g24a_scifact_1019,scifact/SUPPORT,increase,89a4b080247c,Rapid phosphotransfer rates govern fidelity in two component systems,"In summary, our results provide valuable insight into how cells mediate specificity in one of the most abundant signalling pathways in biology, two-component signal transduction."
71,scifact,active,g24a_scifact_197,scifact/SUPPORT,increase,f3ba55f6e845,CCL19 is a ligand for CCR7.,"Soluble CCL21 functionally resembles the second CCR7 ligand, CCL19, which lacks anchoring residues and forms soluble gradients."
72,scifact,active,g24a_scifact_598,scifact/CONTRADICT,decrease,43fc9c68b371,Incidence rates of cervical cancer have increased due to nationwide screening programs based primarily on cytology to detect uterine cervical cancer.,Incidence and mortality rates have declined more in Finland. The decline in mortality in Finland seems to be almost completely related to the screening programme whereas in the Netherlands it was initially considered to be a natural decline.
73,scifact,active,g24a_scifact_1303,scifact/CONTRADICT,decrease,aabe4efa3344,Tirasemtiv has no effect on fast-twitch muscle.,"We developed a small-molecule fast-skeletal-troponin activator, CK-2017357, as a means to increase muscle strength by amplifying the response of muscle when neural input is otherwise diminished secondary to neuromuscular disease. Binding selectively to the fast-skeletal-troponin complex, CK-2017357 slows the rate of calcium release from troponin C and sensitizes muscle to calcium."
74,scifact,active,g24a_scifact_793,scifact/CONTRADICT,decrease,ee54158fd5af,Mitochondria are uninvolved in apoptosis.,"Additionally, they participate in intermediary metabolism, calcium signaling, and apoptosis."
75,scifact,active,g24a_scifact_1392,scifact/SUPPORT,increase,c19519dd7c09,miR-142-5P is a temperature-sensitive microRNA (miRNA).,"Reduced RBM3 expression resulted in increased expression of RBM3-targeted temperature-sensitive miRNAs, we termed thermomiRs. ThermomiRs such as miR-142-5p and miR-143 in turn target endogenous pyrogens including IL-6, IL6ST, TLR2, PGE2 and TNF to complete a negative feedback mechanism, which may be crucial to prevent pathological hyperthermia."
76,scifact,active,g24a_scifact_985,scifact/SUPPORT,increase,2a1c62a471cb,Pseudogene PTENP1 regulates the expression of PTEN by functioning as an miRNA decoy.,We find that PTENP1 is biologically active as it can regulate cellular levels of PTEN and exert a growth-suppressive role.
77,scifact,active,g24a_scifact_812,scifact/SUPPORT,increase,a5b23f182679,Mutant mice lacking SVCT2 have severely reduced ascorbic acid levels in both brain and adrenals.,Ascorbic-acid levels were undetectable or markedly reduced in the blood and tissues of Slc23a1−/− mice. Slc23a1−/− mice died within a few minutes of birth with respiratory failure and intraparenchymal brain hemorrhage. Brain hemorrhage was unlikely to be simply a form of scurvy since Slc23a1−/− mice showed no hemorrhage in any other tissues and their skin had normal skin 4-hydroxyproline levels despite low ascorbic-acid content.
78,scifact,active,g24a_scifact_1322,scifact/SUPPORT,increase,87c82597cc57,Transplanted human glial progenitor cells can mature in their host animal.,"Upon maturation, the recipient brains exhibited large numbers and high proportions of both human glial progenitors and astrocytes."
79,scifact,active,g24a_scifact_1177,scifact/SUPPORT,increase,5322150781fc,"The PRDM1 gene, when combined with the PRDM14 gene, plays an important role during primordial germ cell specification.","Blimp1 (Prdm1), the key determinant of primordial germ cells (PGCs), plays a combinatorial role with Prdm14 during PGC specification from postimplantation epiblast cells."
80,scifact,active,g24a_scifact_1180,scifact/SUPPORT,increase,0511380e64c2,The PRR MDA5 is a sensor of RNA virus infection.,"The RIG-I-like receptors (RLRs) RIG-I, MDA5, and LGP2 play a major role in pathogen sensing of RNA virus infection to initiate and modulate antiviral immunity."
81,scifact,active,g24a_scifact_228,scifact/SUPPORT,increase,a774ccc12c53,Cardiac tissue-resident macrophages directly contribute to electrical activity.,"Here, we show that cardiac macrophages facilitate electrical conduction through the distal atrioventricular node, where conducting cells densely intersperse with elongated macrophages expressing connexin 43. Conversely, macrophages render the resting membrane potential of cardiomyocytes more positive and, according to computational modeling, accelerate their repolarization. Photostimulation of channelrhodopsin-2-expressing macrophages improves atrioventricular conduction, whereas conditional deletion of connexin 43 in macrophages and congenital lack of macrophages delay atrioventricular conduction. These observations implicate macrophages in normal and aberrant cardiac conduction."
82,scifact,active,g24a_scifact_1102,scifact/SUPPORT,increase,9137d8fec6a4,Stiff substrates inhibit mesodermal differentiation by degrading beta-catenin in an integrin-dependent manner.,"By contrast, on a stiff hydrogel matrix, hESCs show elevated integrin-dependent GSK3 and Src activity that promotes β-catenin degradation and inhibits differentiation."
83,scifact,active,g24a_scifact_1146,scifact/SUPPORT,increase,b6e60c03d485,Teaching hospitals do not provide better care than non-teaching hospitals.,"Synthesis of the available adjusted estimates on mortality yielded a summary relative risk of 0.96 (95% confidence interval [CI], 0.93–1.00) for teaching versus nonteaching healthcare structures and 1.04 (95% CI, 0.99–1.10) for minor teaching versus nonteaching ones. Other outcomes were diverse, but typically teaching healthcare structures did not do better than nonteaching ones. Conclusions The available data are limited by their nonrandomized design, but overall they do not suggest that a healthcare facility's teaching status on its own markedly improves or worsens patient outcomes."
84,scifact,active,g24a_scifact_1162,scifact/SUPPORT,increase,72fdbb27fc9e,The DdrB protein from Deinococcus radiodurans functions as a pentamer.,DdrB forms a pentameric ring capable of binding single-stranded but not double-stranded DNA.
85,scifact,active,g24a_scifact_283,scifact/CONTRADICT,decrease,d3b94243a6f5,Consumption of whole fruits increases the risk of type 2 diabetes.,"Greater consumption of specific whole fruits, particularly blueberries, grapes, and apples, is significantly associated with a lower risk of type 2 diabetes, whereas greater consumption of fruit juice is associated with a higher risk."
86,scifact,active,g24a_scifact_578,scifact/CONTRADICT,decrease,8562b64a6fd2,"In mouse models, the loss of CSF1R facilitates MOZ-TIF2-induced leuekmogenesis.","Cells expressing high amounts of CSF1R (CSF1Rhigh cells), but not those expressing low amounts of CSF1R (CSF1Rlow cells), showed potent leukemia-initiating activity. Moreover, induction of AML was suppressed in CSF1R-deficient mice and CSF1R inhibitors slowed the progression of MOZ-TIF2–induced leukemia. Thus, in this subtype of AML, leukemia stem cells are contained within the CSF1Rhigh cell population, and we suggest that targeting of PU.1-mediated upregulation of CSF1R expression might be a useful therapeutic approach."
87,scifact,active,g24a_scifact_1241,scifact/SUPPORT,increase,42247ebd75b8,The myocardial lineage develops from cardiac progenitors of mesodermal origin.,"The functional heart is comprised of distinct mesoderm-derived lineages including cardiomyocytes, endothelial cells and vascular smooth muscle cells. Here we show that after induction with combinations of activin A, bone morphogenetic protein 4 (BMP4), basic fibroblast growth factor (bFGF, also known as FGF2), vascular endothelial growth factor (VEGF, also known as VEGFA) and dickkopf homolog 1 (DKK1) in serum-free media, human embryonic-stem-cell-derived embryoid bodies generate a KDRlow/C-KIT(CD117)neg population that displays cardiac, endothelial and vascular smooth muscle potential in vitro and, after transplantation, in vivo. When plated in monolayer cultures, these KDRlow/C-KITneg cells differentiate to generate populations consisting of greater than 50% contracting cardiomyocytes."
88,scifact,active,g24a_scifact_46,scifact/SUPPORT,increase,b3769ec14850,A single nucleotide variant the gene DGKK is strongly associated with increased risk of hypospadias.,"Individual genotyping of two SNPs (rs1934179 and rs7063116) in DGKK, encoding diacylglycerol kinase κ, produced compelling evidence for association with hypospadias in the discovery sample (allele-specific odds ratio (OR) = 2.5, P = 2.5 × 10−11 and OR = 2.3, P = 2.9 × 10−9, respectively) and in the Dutch (OR = 3.9, P = 2.4 × 10−5 and OR = 3.8, P = 3.4 × 10−5) and Swedish (OR = 2.5, P = 2.6 × 10−8 and OR = 2.2, P = 2.7 × 10−6) replication samples."
89,scifact,active,g24a_scifact_657,scifact/SUPPORT,increase,102d5d1071d3,Intramembrane cleavage by signal peptide peptidase aids in the degradation of proteins with a complex membrane orientation.,"Here we show that the evolutionary conserved rhomboid family protein RHBDL4 is a ubiquitin-dependent ER-resident intramembrane protease that is upregulated upon ER stress. RHBDL4 cleaves single-spanning and polytopic membrane proteins with unstable transmembrane helices, leading to their degradation by the canonical ERAD machinery."
90,scifact,active,g24a_scifact_430,scifact/CONTRADICT,decrease,bc2ebff4caf4,FoxO3a activation in neuronal death is inhibited by reactive oxygen species (ROS).,"Thus, one way in which members of the Sir2 family of proteins may increase organismal longevity is by tipping FOXO-dependent responses away from apoptosis and toward stress resistance."
91,scifact,active,g24a_scifact_967,scifact/SUPPORT,increase,5369bc6f44aa,Pretreatment with the Arp2/3 inhibitor CK-666 affects lamelliopodia formation.,"Using light and electron microscopy, we demonstrate that Arp2/3 complex inhibition via the drug CK666 dramatically altered LP actin architecture, slowed centripetal flow, drove a lamellipodial-to-filopodial shape change in suspended cells, and induced a novel actin structural organization during cell spreading."
92,scifact,active,g24a_scifact_1127,scifact/SUPPORT,increase,f47635a343d3,Systemic lupus erythematosus is a risk factor for cardiovascular disease.,"Risk factors considered included those already in QRISK2 (age, ethnicity, deprivation, systolic blood pressure, body mass index, total cholesterol: high density lipoprotein cholesterol ratio, smoking, family history of coronary heart disease in a first degree relative aged less than 60 years, type 1 diabetes, type 2 diabetes, treated hypertension, rheumatoid arthritis, atrial fibrillation, chronic kidney disease (stage 4 or 5)) and new risk factors (chronic kidney disease (stage 3, 4, or 5), a measure of systolic blood pressure variability (standard deviation of repeated measures), migraine, corticosteroids, systemic lupus erythematosus (SLE), atypical antipsychotics, severe mental illness, and HIV/AIDs)."
93,scifact,active,g24a_scifact_212,scifact/CONTRADICT,decrease,cb5570005bcf,CR is associated with higher methylation age.,"Epigenetic information encoded by DNA methylation is tightly regulated, but shows a striking drift associated with age that includes both gains and losses of DNA methylation at various sites. Twenty-two to 30-year-old rhesus monkeys exposed to 30% caloric restriction since 7-14 years of age showed attenuation of age-related methylation drift compared to ad libitum-fed controls such that their blood methylation age appeared 7 years younger than their chronologic age. Even more pronounced effects were seen in 2.7-3.2-year-old mice exposed to 40% caloric restriction starting at 0.3 years of age. Caloric restriction has been shown to increase lifespan in mammals. Here, the authors provide evidence that age-related methylation drift correlates with lifespan and that caloric restriction in mice and rhesus monkeys results in attenuation of age-related methylation drift."
94,scifact,active,g24a_scifact_965,scifact/SUPPORT,increase,665e86bf936d,Prescribed exercise training improves quality of life.,"At 3 months, usual care plus exercise training led to greater improvement in the KCCQ overall summary score (mean, 5.21; 95% confidence interval, 4.42 to 6.00) compared with usual care alone (3.28; 95% confidence interval, 2.48 to 4.09). After 3 months, there were no further significant changes in KCCQ score for either group (P =.85 for the difference between slopes), resulting in a sustained, greater improvement overall for the exercise group (P <.001). CONCLUSIONS Exercise training conferred modest but statistically significant improvements in self-reported health status compared with usual care without training."
95,scifact,active,g24a_scifact_1297,scifact/SUPPORT,increase,e3927683884e,There was an estimated 30 million cases of pneumonia in young children worldwide in 2010.,"FINDINGS We identified 89 eligible studies and estimated that in 2010, 11·9 million (95% CI 10·3-13·9 million) episodes of severe and 3·0 million (2·1-4·2 million) episodes of very severe ALRI resulted in hospital admissions in young children worldwide."
96,scifact,active,g24a_scifact_1220,scifact/SUPPORT,increase,a2b2b4a3fdff,The generation of reactive oxygen species by activated oncogenes contributes to the increased genomic instability of leukaemia cells.,The oncogenic BCR/ABL tyrosine kinase induces constitutive DNA damage in Philadelphia chromosome (Ph)-positive leukemia cells. We find that BCR/ABL-induced reactive oxygen species (ROSs) cause chronic oxidative DNA damage resulting in double-strand breaks (DSBs) in S and G(2)/M cell cycle phases. We propose that the following series of events may contribute to genomic instability of Ph-positive leukemias: BCR/ABL --> ROSs --> oxidative DNA damage --> DSBs in proliferating cells --> unfaithful HRR and NHEJ repair.
97,scifact,active,g24a_scifact_142,scifact/CONTRADICT,decrease,ac50aec94879,Autologous transplantation of mesenchymal stem cells causes a higher rate of opportunistic infections than induction therapy with anti-interleukin-2 receptor antibodies.,"Also, during the 1-year follow-up, combined analysis of MSC-treated groups revealed significantly decreased risk of opportunistic infections than the control group (hazard ratio, 0.42; 95% CI, 0.20-0.85, P=.02) CONCLUSION Among patients undergoing renal transplant, the use of autologous MSCs compared with anti-IL-2 receptor antibody induction therapy resulted in lower incidence of acute rejection, decreased risk of opportunistic infection, and better estimated renal function at 1 year."
98,scifact,active,g24a_scifact_148,scifact/SUPPORT,increase,2665d8718b32,Autophagy declines in aged organisms.,"We have previously found that CMA activity declines in aged organisms and have proposed that this failure in cellular clearance could contribute to the accumulation of altered proteins, the abnormal cellular homeostasis and, eventually, the functional loss characteristic of aged organisms."
99,scifact,active,g24a_scifact_524,scifact/SUPPORT,increase,ca5902b58b57,"Higher plasma levels of I-carnitine, when associated with trimethylamine N-oxide, are positively correlated with cardiovascular events in humans.","We demonstrate here that metabolism by intestinal microbiota of dietary L-carnitine, a trimethylamine abundant in red meat, also produces TMAO and accelerates atherosclerosis in mice. Chronic dietary L-carnitine supplementation in mice altered cecal microbial composition, markedly enhanced synthesis of TMA and TMAO, and increased atherosclerosis, but this did not occur if intestinal microbiota was concurrently suppressed."
100,scifact,active,g24a_scifact_576,scifact/SUPPORT,increase,f83a4f0654b1,"In melanoma, anti-CTLA-4 treatment reinvigorates exhausted PD-1+Eomes+CD8 T cells.",Unbiased analyses of mice revealed that resistance was due to upregulation of PD-L1 on melanoma cells and associated with T-cell exhaustion.
101,scifact,active,g24a_scifact_515,scifact/SUPPORT,increase,280464b9d459,High levels of CRP lead to a higher risk of exacerbations in chronic obstructive pulmonary disease (COPD).,"In the first year of follow-up, multivariable-adjusted odds ratios for having frequent exacerbations were 1.2 (95% CI, 0.7-2.2; 17 events/1000 person-years) for individuals with 1 high biomarker, 1.7 (95% CI, 0.9-3.2; 32 events/1000 person-years) for individuals with 2 high biomarkers, and 3.7 (95% CI, 1.9-7.4; 81 events/1000 person-years) for individuals with 3 high biomarkers compared with individuals who had no elevated biomarkers (9 events/1000 person-years; trend: P = 2 × 10(-5)). CONCLUSIONS AND RELEVANCE Simultaneously elevated levels of CRP and fibrinogen and leukocyte count in individuals with COPD were associated with increased risk of having exacerbations, even in those with milder COPD and in those without previous exacerbations."
102,scifact,active,g24a_scifact_1271,scifact/SUPPORT,increase,0667d5e88c71,The severity of cardiac involvement in amyloidosis can be described by the degree of transmurality of late gadolinium enhancement in MRI.,"LGE was classified into 3 patterns: none, subendocardial, and transmural, which were associated with increasing amyloid burden as defined by extracellular volume (P<0.0001), with transitions from none to subendocardial LGE at an extracellular volume of 0.40 to 0.43 (AL) and 0.39 to 0.40 (ATTR) and to transmural at 0.48 to 0.55 (AL) and 0.47 to 0.59 (ATTR). Transmural LGE is determined reliably by PSIR and represents advanced cardiac amyloidosis."
103,scifact,active,g24a_scifact_837,scifact/SUPPORT,increase,81572779b5c5,NR5A2 is important in development of endometrial tissues.,"Lrh-1 is also expressed in the mouse and human endometrium, and in a primary culture of human endometrial stromal cells, reduction of NR5A2 transcript abundance by RNA interference abrogated decidualization. These findings show that Lrh-1 is necessary for maintenance of the corpus luteum, for promotion of decidualization and for formation of the placenta."
104,scifact,active,g24a_scifact_34,scifact/SUPPORT,increase,46c4408f559a,A deficiency of folate increases blood levels of homocysteine.,"RESULTS Median serum homocysteine level decreased with increasing folic acid dosage, to a maximum at 0.8 mg of folic acid per day, when the homocysteine reduction (placebo adjusted) was 2.7 micromol/L (23%), similar to the known effect of folic acid dosages of 1 mg/d and above."
105,scifact,active,g24a_scifact_1259,scifact/SUPPORT,increase,abc52df07380,The relationship between a breast cancer patient's capacity to metabolize tamoxifen and treatment outcome is dependent on the patient's genetic make-up.,"Compared with extensive metabolizers, there was a significantly increased risk of recurrence for heterozygous extensive/intermediate metabolizers (time to recurrence adjusted hazard ratio [HR], 1.40; 95% confidence interval [CI], 1.04-1.90) and for poor metabolizers (time to recurrence HR, 1.90; 95% CI, 1.10-3.28). Compared with extensive metabolizers, those with decreased CYP2D6 activity (heterozygous extensive/intermediate and poor metabolism) had worse event-free survival (HR, 1.33; 95% CI, 1.06-1.68) and disease-free survival (HR, 1.29; 95% CI, 1.03-1.61), but there was no significant difference in overall survival (HR, 1.15; 95% CI, 0.88-1.51). CONCLUSION Among women with breast cancer treated with tamoxifen, there was an association between CYP2D6 variation and clinical outcomes, such that the presence of 2 functional CYP2D6 alleles was associated with better clinical outcomes and the presence of nonfunctional or reduced-function alleles with worse outcomes."
106,scifact,active,g24a_scifact_1223,scifact/CONTRADICT,decrease,a7c972ee5ef6,The innate immune response struggles to remove small numbers of parasites.,Our analysis showed that the capacity of innate responses to restrict initial parasite growth saturates with parasite dose and that experimentally enhanced innate immunity can affect parasite density indirectly via resource depletion.
107,scifact,active,g24a_scifact_1261,scifact/CONTRADICT,decrease,d622c16259ac,The removal of reactive oxygen species by activated oncogenes contributes to the increased genomic instability of leukaemia cells.,The oncogenic BCR/ABL tyrosine kinase induces constitutive DNA damage in Philadelphia chromosome (Ph)-positive leukemia cells. We find that BCR/ABL-induced reactive oxygen species (ROSs) cause chronic oxidative DNA damage resulting in double-strand breaks (DSBs) in S and G(2)/M cell cycle phases. We propose that the following series of events may contribute to genomic instability of Ph-positive leukemias: BCR/ABL --> ROSs --> oxidative DNA damage --> DSBs in proliferating cells --> unfaithful HRR and NHEJ repair.
108,scifact,active,g24a_scifact_428,scifact/SUPPORT,increase,be7b62b94916,Forkhead 0 (fox0) transcription factors are involved in cellular differentiation.,"The forkhead O (FoxO) family of transcription factors participates in diverse physiologic processes, including induction of cell-cycle arrest, stress resistance, differentiation, apoptosis, and metabolism."
109,scifact,active,g24a_scifact_764,scifact/CONTRADICT,decrease,39f7f5493710,Medications to treat obesity are highly effective.,"Compared with placebo, orlistat reduced weight by 2.9 kg (95% confidence interval 2.5 kg to 3.2 kg), sibutramine by 4.2 kg (3.6 kg to 4.7 kg), and rimonabant by 4.7 kg (4.1 kg to 5.3 kg). CONCLUSIONS Orlistat, sibutramine, and rimonabant modestly reduce weight, have differing effects on cardiovascular risk profiles, and have specific adverse effects."
110,scifact,active,g24a_scifact_156,scifact/CONTRADICT,decrease,403ad1f09858,BCL-2 promotes the apoptotic effects of c-Myc.,"Eliminating BCL-2 yielded rapid loss of leukemic cells and significantly prolonged survival, formally validating BCL-2 as a rational target for cancer therapy."
111,scifact,active,g24a_scifact_105,scifact/CONTRADICT,decrease,7543de957235,Alteration of origin firing causes changes in termination zones of Okazaki fragments.,"Using a strain in which late origins can be induced to fire early, we show that replication termination is a largely passive phenomenon that does not rely on cis-acting sequences or replication fork pausing."
112,scifact,active,g24a_scifact_1018,scifact/SUPPORT,increase,67d5a9650c16,Rapid phosphotransfer rates are correlated with histidine kinase regulator specificity.,"Introduction of this methionine and an adjacent alanine residue into a range of noncognate CheYs, dramatically changed their specificity, allowing protein interaction and rapid phosphotransfer from CheA(3)-P. The structure presented here has allowed us to identify specificity determinants for the CheA-CheY interaction and subsequently to successfully reengineer phosphotransfer signalling."
113,scifact,active,g24a_scifact_1187,scifact/SUPPORT,increase,c92bd29e768b,The YAP1 and TEAD complex tanslocates into the nucleus where it interacts with transcription factors and DNA-binding proteins that modulate target gene transcription.,YAP/TAZ are transcription co-activators that regulate gene expression primarily through interaction with the TEA domain DNA-binding family of transcription factors (TEAD).
114,scifact,active,g24a_scifact_30,scifact/SUPPORT,increase,e4135d3dd47e,A breast cancer patient's capacity to metabolize tamoxifen influences treatment outcome.,"At 9 years of follow-up, the recurrence rates were 14.9% for extensive metabolizers, 20.9% for heterozygous extensive/intermediate metabolizers, and 29.0% for poor metabolizers, and all-cause mortality rates were 16.7%, 18.0%, and 22.8%, respectively. Compared with extensive metabolizers, there was a significantly increased risk of recurrence for heterozygous extensive/intermediate metabolizers (time to recurrence adjusted hazard ratio [HR], 1.40; 95% confidence interval [CI], 1.04-1.90) and for poor metabolizers (time to recurrence HR, 1.90; 95% CI, 1.10-3.28). Compared with extensive metabolizers, those with decreased CYP2D6 activity (heterozygous extensive/intermediate and poor metabolism) had worse event-free survival (HR, 1.33; 95% CI, 1.06-1.68) and disease-free survival (HR, 1.29; 95% CI, 1.03-1.61), but there was no significant difference in overall survival (HR, 1.15; 95% CI, 0.88-1.51). CONCLUSION Among women with breast cancer treated with tamoxifen, there was an association between CYP2D6 variation and clinical outcomes, such that the presence of 2 functional CYP2D6 alleles was associated with better clinical outcomes and the presence of nonfunctional or reduced-function alleles with worse outcomes."
115,scifact,active,g24a_scifact_331,scifact/CONTRADICT,decrease,d9d4f2641bd3,Deltex interacts with eIF3. There is no known interaction between Deltex and elF3,"We also show that eIF3f is recruited to activated Notch on endocytic vesicles by the putative E3 ubiquitin ligase Deltex1, which serves as a bridging factor."
116,scifact,active,g24a_scifact_114,scifact/SUPPORT,increase,3593075da921,Anthrax spores are very difficult to dispose once they are dispersed.,More than 80% of the B anthracis particles collected on stationary monitors were within an alveolar respirable size range of 0.95 to 3.5 micro m. CONCLUSIONS Bacillus anthracis spores used in a recent terrorist incident reaerosolized under common office activities.
117,scifact,active,g24a_scifact_79,scifact/SUPPORT,increase,c828c7c5df2a,Active caspase-11 protein promotes pyroptosis.,"Here, we demonstrated that caspase-11 was dispensable for caspase-1 activation in response to Legionella, Salmonella, Francisella, and Listeria. We also determined that active mouse caspase-11 was required for restriction of L. pneumophila infection."
118,scifact,active,g24a_scifact_98,scifact/CONTRADICT,decrease,e58ee7d819e2,Alirocumab treatment reduces apo(a) fractional clearance rate.,"RESULTS Alirocumab reduced ultracentrifugally isolated LDL-C by 55.1%, LDL-apoB by 56.3%, and plasma Lp(a) by 18.7%. The fall in LDL-apoB was caused by an 80.4% increase in LDL-apoB FCR and a 23.9% reduction in LDL-apoB PR. The FCR of apo(a) tended to increase (24.6%) without any change in apo(a) PR. CONCLUSIONS Alirocumab decreased LDL-C and LDL-apoB by increasing IDL- and LDL-apoB FCRs and decreasing LDL-apoB PR. The increase in apo(a) FCR during alirocumab treatment suggests that increased LDL receptors may also play a role in the reduction of plasma Lp(a)."
119,scifact,active,g24a_scifact_734,scifact/SUPPORT,increase,9b81e74f6df9,MEK inhibitors are effective treatments in RAS-driven mouse models of cancer.,"However, when NVP-BEZ235 was combined with a mitogen-activated protein kinase kinase (MEK) inhibitor, ARRY-142886, there was marked synergy in shrinking these Kras-mutant cancers."
120,scifact,active,g24a_scifact_227,scifact/SUPPORT,increase,bebce4017f7f,Cancers that initially benefit from epidermal growth factor receptor targeted therapies later become refractory through several mechanisms.,"All patients with metastatic lung, colorectal, pancreatic or head and neck cancers who initially benefit from epidermal growth factor receptor (EGFR)-targeted therapies eventually develop resistance."
121,scifact,active,g24a_scifact_811,scifact/CONTRADICT,decrease,8cb36aa453e8,Mutant mice lacking SVCT2 have greatly increased ascorbic acid levels in both brain and adrenals.,Ascorbic-acid levels were undetectable or markedly reduced in the blood and tissues of Slc23a1−/− mice. Brain hemorrhage was unlikely to be simply a form of scurvy since Slc23a1−/− mice showed no hemorrhage in any other tissues and their skin had normal skin 4-hydroxyproline levels despite low ascorbic-acid content.
122,scifact,active,g24a_scifact_540,scifact/SUPPORT,increase,7a51bfcc7ac5,Hypothalamic glutamate neurotransmission is crucial to energy balance.,These mice have hypoglycemia during fasting secondary to impaired fasting-induced increases in the glucose-raising pancreatic hormone glucagon and impaired induction in liver of mRNAs encoding PGC-1alpha and the gluconeogenic enzymes PEPCK and G6Pase.
123,scifact,active,g24a_scifact_1088,scifact/CONTRADICT,decrease,bfe85abafd24,Silencing of Bcl2 is important for the maintenance and progression of tumors.,"Eliminating BCL-2 yielded rapid loss of leukemic cells and significantly prolonged survival, formally validating BCL-2 as a rational target for cancer therapy."
124,scifact,active,g24a_scifact_3,scifact/SUPPORT,increase,330890f49c56,"1,000 genomes project enables mapping of genetic sequence variation consisting of rare variants with larger penetrance effects than common variants.","We propose as an alternative explanation that variants much less common than the associated one may create ""synthetic associations"" by occurring, stochastically, more often in association with one of the alleles at the common site versus the other allele. We show that they are not only possible, but inevitable, and that under simple but reasonable genetic models, they are likely to account for or contribute to many of the recently identified signals reported in genome-wide association studies. In conclusion, uncommon or rare genetic variants can easily create synthetic associations that are credited to common variants, and this possibility requires careful consideration in the interpretation and follow up of GWAS signals."
125,scifact,active,g24a_scifact_1087,scifact/CONTRADICT,decrease,6ad39f386a74,Sildenafil worsens erectile function in men who experience sexual dysfunction as a result of the use of SSRI antidepressants.,"Erectile function, arousal, ejaculation, orgasm, and overall satisfaction domain measures improved significantly in sildenafil compared with placebo patients. CONCLUSION In our study, sildenafil effectively improved erectile function and other aspects of sexual function in men with sexual dysfunction associated with the use of SRI antidepressants."
126,scifact,active,g24a_scifact_1246,scifact/CONTRADICT,decrease,a68f9581282c,The one-child policy has created a hospitable environment for female infants.,The early neonatal mortality was 29 in boys and 69 in girls per 1000 live births.
127,scifact,active,g24a_scifact_919,scifact/SUPPORT,increase,09cd2b856ae4,Participants who quit smoking reduce lung cancer risk by approximately 50%.,"The HR for light smokers was 0.44 (95% CI, 0.35-0.56); for quitters, HR 0.50 (95% CI, 0.36-0.69), for stable ex-smokers, HR 0.17 (95% CI, 0.13-0.23), and for never smokers, HR 0.09 (95% CI, 0.06-0.13)."
128,scifact,active,g24a_scifact_382,scifact/SUPPORT,increase,e5cf6efc26b2,Environmentally-induced senescence is mimicked in disease modeling by adding specific molecules to the culture system.,"In this study, we describe a strategy for inducing aging-related features in human iPSC-derived lineages and apply it to the modeling of Parkinson's disease (PD). Our approach involves expression of progerin, a truncated form of lamin A associated with premature aging. Induced aging in PD iPSC-derived dopamine neurons revealed disease phenotypes that require both aging and genetic susceptibility, such as pronounced dendrite degeneration, progressive loss of tyrosine hydroxylase (TH) expression, and enlarged mitochondria or Lewy-body-precursor inclusions. Thus, our study suggests that progerin-induced aging can be used to reveal late-onset age-related disease features in hiPSC-based disease models."
129,scifact,active,g24a_scifact_861,scifact/CONTRADICT,decrease,2401c51482b7,Normal granulomas form in the presence of TNF in Zebrafish.,"In the absence of TNF, intracellular bacterial growth and granuloma formation were accelerated and was followed by necrotic death of overladen macrophages and granuloma breakdown. Thus, TNF is not required for tuberculous granuloma formation, but maintains granuloma integrity indirectly by restricting mycobacterial growth within macrophages and preventing their necrosis."
130,scifact,active,g24a_scifact_256,scifact/SUPPORT,increase,e87ca4da7b3d,Chlamydia trachomatis is most prevalent in the UK among sexually-experienced individuals aged 16 to 24.,Prevalences in individuals aged 16-24 years were 3·1% (2·2-4·3) in women and 2·3% (1·5-3·4) in men.
131,scifact,active,g24a_scifact_839,scifact/SUPPORT,increase,cc53547033be,Nanoparticles can be targeted against specific cell types by incorporating aptamers into lipid nanoparticles.,"Our results showed that CH6 facilitated in vitro osteoblast-selective uptake of Plekho1 siRNA, mainly via macropinocytosis, and boosted in vivo osteoblast-specific Plekho1 gene silencing, which promoted bone formation, improved bone microarchitecture, increased bone mass and enhanced mechanical properties in both osteopenic and healthy rodents. These results indicate that osteoblast-specific aptamer-functionalized LNPs could act as a new RNAi-based bone anabolic strategy, advancing the targeted delivery selectivity of osteogenic siRNAs from the tissue level to the cellular level."
132,scifact,active,g24a_scifact_1248,scifact/SUPPORT,increase,72003c780b40,The peak incidence of fractures occurs during pubertal growth spurt in early adolescents.,"CONTEXT The incidence of distal forearm fractures in children peaks around the time of the pubertal growth spurt, possibly because physical activity increases at the time of a transient deficit in cortical bone mass due to the increased calcium demand during maximal skeletal growth."
133,scifact,active,g24a_scifact_1274,scifact/SUPPORT,increase,b38bee12f9e3,The tip of the inner tube of the toxic type VI secretion system (T6SS) antibacterial effector in Escherichia coli (E. coli) carries toxic effector proteins.,"Here we report that proteins from the PAAR (proline-alanine-alanine-arginine) repeat superfamily form a sharp conical extension on the VgrG spike, which is further involved in attaching effector domains to the spike. The crystal structures of two PAAR-repeat proteins bound to VgrG-like partners show that these proteins sharpen the tip of the T6SS spike complex. Our results indicate a new model of the T6SS organelle in which the VgrG-PAAR spike complex is decorated with multiple effectors that are delivered simultaneously into target cells in a single contraction-driven translocation event."
134,scifact,active,g24a_scifact_1202,scifact/SUPPORT,increase,2dfa2f32a379,The center of the granuloma in an immune cell induces a pro-inflammatory immune response.,"We found that the centers of granulomas have a pro-inflammatory environment that is characterized by the presence of antimicrobial peptides, reactive oxygen species and pro-inflammatory eicosanoids."
135,scifact,active,g24a_scifact_1368,scifact/SUPPORT,increase,1781ad2f1200,Vitamin D deficiency effects the term of delivery.,"Insufficient serum levels of 25-OHD were associated with gestational diabetes (pooled odds ratio 1.49, 95% confidence interval 1.18 to 1.89), pre-eclampsia (1.79, 1.25 to 2.58), and small for gestational age infants (1.85, 1.52 to 2.26). Pregnant women with low serum 25-OHD levels had an increased risk of bacterial vaginosis and low birthweight infants but not delivery by caesarean section. CONCLUSION Vitamin D insufficiency is associated with an increased risk of gestational diabetes, pre-eclampsia, and small for gestational age infants. Pregnant women with low 25-OHD levels had an increased risk of bacterial vaginosis and lower birth weight infants, but not delivery by caesarean section."
136,scifact,active,g24a_scifact_116,scifact/SUPPORT,increase,3d21ed3a75ab,Anthrax spores remain deadly until affected areas are decontaminated.,More than 80% of the B anthracis particles collected on stationary monitors were within an alveolar respirable size range of 0.95 to 3.5 micro m. CONCLUSIONS Bacillus anthracis spores used in a recent terrorist incident reaerosolized under common office activities.
137,scifact,active,g24a_scifact_230,scifact/SUPPORT,increase,36d31652ab91,Carriers of the alcohol aldehyde dehydrogenase deficiency mutation drink less that non-carries.,Individuals homozygous for the null variant (*2*2) experience adverse symptoms when drinking alcohol and consequently drink considerably less alcohol than wild-type homozygotes (*1*1) or heterozygotes.
138,scifact,active,g24a_scifact_461,scifact/SUPPORT,increase,5fa9fc55d098,Genetic deletion of JAM-A increases gut permeability.,"Mice lacking junctional adhesion molecule A (JAM-A, encoded by F11r) exhibit enhanced intestinal epithelial permeability, bacterial translocation, and elevated colonic lymphocyte numbers, yet do not develop colitis."
139,scifact,active,g24a_scifact_483,scifact/SUPPORT,increase,e89054baaa0e,H.pylori-mediated gastric cancer occurs due to the accumulation of mutations in host epithelial cells.,H. pylori–mediated upregulation of AID resulted in the accumulation of nucleotide alterations in the TP53 tumor suppressor gene in gastric cells in vitro. Our findings provide evidence that aberrant AID expression caused by H. pylori infection might be a mechanism of mutation accumulation in the gastric mucosa during H. pylori–associated gastric carcinogenesis.
140,scifact,active,g24a_scifact_744,scifact/SUPPORT,increase,b8389897e455,Macropinocytosis contributes to a cell's supply of amino acids via the intracellular uptake of protein.,"Here, we demonstrate that protein macropinocytosis can also serve as an essential amino acid source."
141,scifact,active,g24a_scifact_1176,scifact/SUPPORT,increase,a6b7350ffc90,The PRDM1 gene is a key determinant of primordial germ cells.,"Blimp1 (Prdm1), the key determinant of primordial germ cells (PGCs), plays a combinatorial role with Prdm14 during PGC specification from postimplantation epiblast cells."
142,scifact,active,g24a_scifact_444,scifact/SUPPORT,increase,2827255a1ee8,GATA3 regulates cell cycle progression in bone marrow hematopoietic stem cells.,"Furthermore, Gata3 mutant hematopoietic progenitor cells fail to be recruited into an increased cycling state after 5-fluorouracil-induced myelosuppression. Therefore, GATA-3 is required for the maintenance of a normal number of LT-HSCs and for their entry into the cell cycle."
143,scifact,active,g24a_scifact_243,scifact/SUPPORT,increase,8e7ea5a18758,"Cellular differentiation of embryonic stem cells is accompanied by changes in replication timing, transcription and nuclear localization.","Replication-timing changes were coordinated with transcription changes for weak promoters more than strong promoters, and were accompanied by rearrangements in subnuclear position."
144,scifact,active,g24a_scifact_1339,scifact/CONTRADICT,decrease,0ea3e251c072,Ultrasound guidance significantly raises the number of traumatic procedures when attempting needle insertion.,"Ultrasound imaging reduced the risk of failed procedures (risk ratio 0.21 (95% confidence interval 0.10 to 0.43), P<0.001). Risk reduction was similar when subgroup analysis was performed for lumbar punctures (risk ratio 0.19 (0.07 to 0.56), P=0.002) or epidural catheterisations (0.23 (0.09 to 0.60), P=0.003). Ultrasound imaging also significantly reduced the risk of traumatic procedures (risk ratio 0.27 (0.11 to 0.67), P=0.005), the number of insertion attempts (mean difference -0.44 (-0.64 to -0.24), P<0.001), and the number of needle redirections (mean difference -1.00 (-1.24 to -0.75), P<0.001). CONCLUSIONS Ultrasound imaging can reduce the risk of failed or traumatic lumbar punctures and epidural catheterisations, as well as the number of needle insertions and redirections."
145,scifact,active,g24a_scifact_570,scifact/SUPPORT,increase,fb1588c00bb0,"In breast cancer, the loss of myoepithelial cells promotes the transition of ductal carcinoma in situ to invasive carcinoma.","Progression to invasion was promoted by fibroblasts and inhibited by normal myoepithelial cells. Molecular profiles of isolated luminal epithelial and myoepithelial cells identified an intricate interaction network involving TGFbeta, Hedgehog, cell adhesion, and p63 required for myoepithelial cell differentiation, the elimination of which resulted in loss of myoepithelial cells and progression to invasion."
146,scifact,active,g24a_scifact_470,scifact/SUPPORT,increase,c9c2caf062f1,"Glioblastoma multiforme (GBM) is characterized by extensive invasion, rapid growth, necrosis, and angiogenesis.","These include glioblastoma multiforme (GBM), which is characterized by independent but interrelated features of extensive invasion into normal brain parenchyma, rapid growth, necrosis, and angiogenesis."
147,scifact,active,g24a_scifact_1086,scifact/SUPPORT,increase,4046d3ccb644,Sildenafil improves erectile function in men who experience sexual dysfunction as a result of the use of SSRI antidepressants.,"At a CGI-SF score of 2 or lower, 54.5% (24/44) of sildenafil compared with 4.4% (2/45) of placebo patients were much or very much improved (P<.001). Erectile function, arousal, ejaculation, orgasm, and overall satisfaction domain measures improved significantly in sildenafil compared with placebo patients. CONCLUSION In our study, sildenafil effectively improved erectile function and other aspects of sexual function in men with sexual dysfunction associated with the use of SRI antidepressants."
148,scifact,active,g24a_scifact_104,scifact/CONTRADICT,decrease,71625161291f,Allogeneic mechanical circulatory support is not as effective as autologous mechanical circulatory support for treating acute myocardial infarction.,"The 1-year incidence of SAEs was 33.3% (n = 5) in the allogeneic group and 53.3% (n = 8) in the autologous group (P =.46). At 1 year, there were no ventricular arrhythmia SAEs observed among allogeneic recipients compared with 4 patients (26.7%) in the autologous group (P =.10). Allogeneic and autologous MSCs reduced mean EED by −33.21% (95% CI, −43.61% to −22.81%; P <.001) and sphericity index but did not increase EF. CONCLUSIONS In this early-stage study of patients with ICM, transendocardial injection of allogeneic and autologous MSCs without a placebo control were both associated with low rates of treatment-emergent SAEs, including immunologic reactions."
149,scifact,active,g24a_scifact_1110,scifact/CONTRADICT,decrease,2be74a0fff57,Suboptimal nutrition is not predictive of chronic disease,"In 2015, the ten largest contributors to global DALYs among Level 3 risks were high systolic blood pressure (211·8 million [192·7 million to 231·1 million] global DALYs), smoking (148·6 million [134·2 million to 163·1 million]), high fasting plasma glucose (143·1 million [125·1 million to 163·5 million]), high BMI (120·1 million [83·8 million to 158·4 million]), childhood undernutrition (113·3 million [103·9 million to 123·4 million]), ambient particulate matter (103·1 million [90·8 million to 115·1 million]), high total cholesterol (88·7 million [74·6 million to 105·7 million]), household air pollution (85·6 million [66·7 million to 106·1 million]), alcohol use (85·0 million [77·2 million to 93·0 million]), and diets high in sodium (83·0 million [49·3 million to 127·5 million])."
150,scifact,active,g24a_scifact_1376,scifact/CONTRADICT,decrease,a6c913130325,Whole brain radiotherapy increases the occurrence of new brain metastases.,"The 12-month brain tumor recurrence rate was 46.8% in the WBRT + SRS group and 76.4% for SRS alone group (P<.001). CONCLUSIONS Compared with SRS alone, the use of WBRT plus SRS did not improve survival for patients with 1 to 4 brain metastases, but intracranial relapse occurred considerably more frequently in those who did not receive WBRT."
151,scifact,active,g24a_scifact_219,scifact/CONTRADICT,decrease,952f24feacbf,CX3CR1 on the Th2 cells suppresses airway inflammation.,"Here we found that untreated CX3CR1-deficient mice or wild-type (WT) mice treated with CX3CR1-blocking reagents show reduced lung disease upon allergen sensitization and challenge. Transfer of WT CD4(+) T cells into CX3CR1-deficient mice restored the cardinal features of asthma, and CX3CR1-blocking reagents prevented airway inflammation in CX3CR1-deficient recipients injected with WT T(H)2 cells."
152,scifact,active,g24a_scifact_935,scifact/SUPPORT,increase,ce63cc261977,Peroxynitrite is required for induction of T cell tolerance.,Nitration of TCR-CD8 is induced by MDSCs through hyperproduction of reactive oxygen species and peroxynitrite during direct cell-cell contact. These data identify a previously unknown mechanism of T-cell tolerance in cancer that is also pertinent to many pathological conditions associated with accumulation of MDSCs.
153,scifact,active,g24a_scifact_1273,scifact/SUPPORT,increase,b14ee19cdfec,The sliding activity of kinesin-8 protein Kip3 promotes bipolar spindle assembly.,"In conjunction with Cin8, a kinesin-5 family member, the sliding activity of Kip3 promotes bipolar spindle assembly and the maintenance of genome stability."
154,scifact,active,g24a_scifact_797,scifact/SUPPORT,increase,c89a76e6b43b,Mitochondria play a major role in energy production.,Mitochondria are the primary energy-generating system in most eukaryotic cells.
155,scifact,active,g24a_scifact_1042,scifact/CONTRADICT,decrease,4c95a1e44574,Repressing IL-18 has negative effects on atherosclerotic lesion composition and progression.,"Interestingly, significantly higher levels of IL-18 mRNA were found in symptomatic (unstable) plaques than asymptomatic (stable) plaques (P<0.01). CONCLUSIONS These results suggest, for the first time, a major role for IL-18 in atherosclerotic plaque destabilization leading to acute ischemic syndromes."
156,scifact,active,g24a_scifact_927,scifact/CONTRADICT,decrease,db2d0477d911,Patients with common epithelial cancers are less likely to have an emergency event as their first hospital admission if they live in resource-deprived areas.,"For example, the adjusted odds ratio for patients with breast cancer in the least compared with most deprived fifth of deprivation was 0.63 (95% confidence interval 0.60 to 0.66) and the adjusted odds ratio for patients with lung cancer aged 80-89 compared with those aged 50-59 was 3.13 (2.93 to 3.34). There were some improvements in disparities between age groups but not for patients living in deprived areas over time. For example, 67.4% (3529/5237) of patients in the most deprived fifth of deprivation had anterior resection for rectal cancer compared with 75.5% (4497/5959) of patients in the least deprived fifth (1.34, 1.22 to 1.47)."
157,scifact,active,g24a_scifact_1229,scifact/SUPPORT,increase,ef860d905b12,The microtubule-dependent delivery and secretion of matrix metalloproteases (MMPs) is partially responsible for the disassembly of adhesion sites.,"CLASPs are further required for FA-associated ECM degradation, and matrix metalloprotease inhibition slows FA disassembly similarly to CLASP or PHLDB2 (LL5β) depletion."
158,scifact,active,g24a_scifact_553,scifact/CONTRADICT,decrease,05ad93121478,IgA plasma cells that are specific for transglutaminase 2 are scarce in the duodenal mucosa of celiac disease patients when the disease is active.,We found that TG2-specific plasma cells are markedly expanded within the duodenal mucosa in individuals with active celiac disease.
159,scifact,active,g24a_scifact_218,scifact/SUPPORT,increase,d45b84f896d6,CX3CR1 on the Th2 cells promotes airway inflammation.,"Here we found that untreated CX3CR1-deficient mice or wild-type (WT) mice treated with CX3CR1-blocking reagents show reduced lung disease upon allergen sensitization and challenge. Transfer of WT CD4(+) T cells into CX3CR1-deficient mice restored the cardinal features of asthma, and CX3CR1-blocking reagents prevented airway inflammation in CX3CR1-deficient recipients injected with WT T(H)2 cells. CX3CR1-induced survival was also observed for T(H)1 cells upon airway inflammation but not under homeostatic conditions or upon peripheral inflammation."
160,scifact,active,g24a_scifact_784,scifact/SUPPORT,increase,1a12dea27fc5,MicroRNA is involved in the regulation of Neural Stem Cell (NSC) differentiation and proliferation dynamic homeostasis,"High levels of miR-184 promoted proliferation but inhibited differentiation of aNSCs, whereas inhibition of miR-184 rescued the phenotypes associated with MBD1 deficiency."
161,scifact,active,g24a_scifact_118,scifact/SUPPORT,increase,57628d8d8728,Antibiotic induced alterations in the gut microbiome reduce resistance against Clostridium difficile,"Antibiotics can have significant and long-lasting effects on the gastrointestinal tract microbiota, reducing colonization resistance against pathogens including Clostridium difficile. Our results indicate that antibiotic-mediated alteration of the gut microbiome converts the global metabolic profile to one that favours C. difficile germination and growth."
162,scifact,active,g24a_scifact_789,scifact/SUPPORT,increase,6994f2599a57,Microglia are an innate immune cell type of the central nervous system.,"These physiological functions of microglia in the normal CNS begin during development and persist into maturity. Here, we develop a conceptual framework for functions of microglia beyond neuroinflammation and discuss the rich repertoire of signaling and communication motifs in microglia that are critical both in pathology and for the normal physiology of the CNS."
163,scifact,active,g24a_scifact_143,scifact/SUPPORT,increase,fc1af4e2ba30,Autologous transplantation of mesenchymal stem cells causes fewer opportunistic infections than induction therapy with anti-interleukin-2 receptor antibodies.,"Also, during the 1-year follow-up, combined analysis of MSC-treated groups revealed significantly decreased risk of opportunistic infections than the control group (hazard ratio, 0.42; 95% CI, 0.20-0.85, P=.02) CONCLUSION Among patients undergoing renal transplant, the use of autologous MSCs compared with anti-IL-2 receptor antibody induction therapy resulted in lower incidence of acute rejection, decreased risk of opportunistic infection, and better estimated renal function at 1 year."
164,scifact,active,g24a_scifact_603,scifact/SUPPORT,increase,b4a4604e6a82,Increased LDL receptors plays a role in the reduction of plasma Lp(a).,"RESULTS Alirocumab reduced ultracentrifugally isolated LDL-C by 55.1%, LDL-apoB by 56.3%, and plasma Lp(a) by 18.7%. The fall in LDL-apoB was caused by an 80.4% increase in LDL-apoB FCR and a 23.9% reduction in LDL-apoB PR. The latter was due to a 46.1% increase in IDL-apoB FCR coupled with a 27.2% decrease in conversion of IDL to LDL. The increase in apo(a) FCR during alirocumab treatment suggests that increased LDL receptors may also play a role in the reduction of plasma Lp(a)."
165,scifact,active,g24a_scifact_1341,scifact/SUPPORT,increase,66747d617644,Ultrasound guidance significantly reduces the number of traumatic procedures when attempting needle insertion.,"Ultrasound imaging reduced the risk of failed procedures (risk ratio 0.21 (95% confidence interval 0.10 to 0.43), P<0.001). Risk reduction was similar when subgroup analysis was performed for lumbar punctures (risk ratio 0.19 (0.07 to 0.56), P=0.002) or epidural catheterisations (0.23 (0.09 to 0.60), P=0.003). Ultrasound imaging also significantly reduced the risk of traumatic procedures (risk ratio 0.27 (0.11 to 0.67), P=0.005), the number of insertion attempts (mean difference -0.44 (-0.64 to -0.24), P<0.001), and the number of needle redirections (mean difference -1.00 (-1.24 to -0.75), P<0.001). CONCLUSIONS Ultrasound imaging can reduce the risk of failed or traumatic lumbar punctures and epidural catheterisations, as well as the number of needle insertions and redirections."
166,scifact,reserve,g24a_scifact_1333,scifact/SUPPORT,increase,71394ec2b331,Two variants of chromosome 6q21 are associated with radiation therapy-induced second malignancies in pediatric Hodgkin lymphoma patients.,We identified two variants at chromosome 6q21 associated with SMNs in survivors of Hodgkin's lymphoma treated with radiation therapy as children but not as adults.
167,scifact,reserve,g24a_scifact_790,scifact/CONTRADICT,decrease,5ffbcf7261ee,Microglia are an innate immune cell type of the peripheral nervous system.,"These physiological functions of microglia in the normal CNS begin during development and persist into maturity. Here, we develop a conceptual framework for functions of microglia beyond neuroinflammation and discuss the rich repertoire of signaling and communication motifs in microglia that are critical both in pathology and for the normal physiology of the CNS."
168,scifact,reserve,g24a_scifact_1320,scifact/CONTRADICT,decrease,4d346a2505b4,Transplanted human glial progenitor cells are incapable of forming a neural network with host animals' neurons.,"Long-term potentiation (LTP) was sharply enhanced in the human glial chimeric mice, as was their learning, as assessed by Barnes maze navigation, object-location memory, and both contextual and tone fear conditioning."
169,scifact,reserve,g24a_scifact_426,scifact/SUPPORT,increase,cded37c2f6dd,Forkhead 0 (fox0) transcription factors are involved in apoptosis.,"The forkhead O (FoxO) family of transcription factors participates in diverse physiologic processes, including induction of cell-cycle arrest, stress resistance, differentiation, apoptosis, and metabolism."
170,scifact,reserve,g24a_scifact_1319,scifact/SUPPORT,increase,8a93a9724ca9,Transplanted human glial cells can differentiate within the host animal.,"Upon maturation, the recipient brains exhibited large numbers and high proportions of both human glial progenitors and astrocytes."
171,scifact,reserve,g24a_scifact_335,scifact/SUPPORT,increase,cabb2f7507ab,Deregulation of HAND2 is a crucial step in endometrial carcinogenesis in mice.,"Finally, mice harbouring a Hand2 knock-out specifically in their endometrium were shown to develop precancerous endometrial lesions with increasing age, and these lesions also demonstrated a lack of PTEN expression."
172,scifact,reserve,g24a_scifact_466,scifact/CONTRADICT,decrease,f44e1f7b02d5,Genomic sequences involved in alternative splicing responsible for Hutchinson-Gilford progeria syndrome (HGPS) are abundant in the ''progerinonly'' allele of Lmna knock-in models.,"Hutchinson-Gilford progeria syndrome (HGPS) is a childhood premature aging disease caused by a spontaneous point mutation in lamin A (encoded by LMNA), one of the major architectural elements of the mammalian cell nucleus. The mutant LMNA mRNA and lamin A protein can be efficiently eliminated by correction of the aberrant splicing event using a modified oligonucleotide targeted to the activated cryptic splice site. Upon splicing correction, HGPS fibroblasts assume normal nuclear morphology, the aberrant nuclear distribution and cellular levels of lamina-associated proteins are rescued, defects in heterochromatin-specific histone modifications are corrected and proper expression of several misregulated genes is reestablished."
173,scifact,reserve,g24a_scifact_1340,scifact/SUPPORT,increase,2375c98193de,Ultrasound guidance significantly reduces the number of needle insertion attempts necessary for a given procedure.,"Ultrasound imaging also significantly reduced the risk of traumatic procedures (risk ratio 0.27 (0.11 to 0.67), P=0.005), the number of insertion attempts (mean difference -0.44 (-0.64 to -0.24), P<0.001), and the number of needle redirections (mean difference -1.00 (-1.24 to -0.75), P<0.001). CONCLUSIONS Ultrasound imaging can reduce the risk of failed or traumatic lumbar punctures and epidural catheterisations, as well as the number of needle insertions and redirections."
174,scifact,reserve,g24a_scifact_295,scifact/SUPPORT,increase,e99cbfa29181,Crosstalk between dendritic cells (DCs) and innate lymphoid cells (ILCs) is important in the regulation of intestinal homeostasis.,"TNF-α produced by CD103(-)CD11b(+) dendritic cells synergized with IL-23 to drive IL-17A production by ILCs, demonstrating a previously unrecognized layer of cellular crosstalk between dendritic cells and ILCs. Crucially, T-bet also suppressed the expression of IL-7R, a key molecule involved in controlling intestinal ILC homeostasis. The importance of IL-7R signaling in TRUC disease was highlighted by the dramatic reduction in intestinal ILCs and attenuated colitis following IL-7R blockade. Taken together, these data demonstrate the mechanism by which T-bet regulates the complex interplay between mucosal dendritic cells, ILCs, and the intestinal microbiota."
175,scifact,reserve,g24a_scifact_1182,scifact/SUPPORT,increase,0610ea6d765c,The Snf1 complex regulates carbon and energy metabolism in baker's yeast (Saccharomyces cerevisiae).,"We for the first time identified Snf1's global regulation on gene and protein expression levels, and showed that yeast Snf1 has a far more extensive function in controlling energy metabolism than reported earlier."
176,scifact,reserve,g24a_scifact_1249,scifact/CONTRADICT,decrease,480fd9668b68,The peak incidence of fractures occurs in toddlers.,"CONTEXT The incidence of distal forearm fractures in children peaks around the time of the pubertal growth spurt, possibly because physical activity increases at the time of a transient deficit in cortical bone mass due to the increased calcium demand during maximal skeletal growth."
177,scifact,reserve,g24a_scifact_807,scifact/SUPPORT,increase,c9ae23db4613,Most termination events in Okazaki fragments are dictated by initiation patterns.,"The replication profile is predominantly determined by the kinetics of origin firing, allowing us to reconstruct chromosome-wide timing profiles from an asynchronous culture."
178,scifact,reserve,g24a_scifact_808,scifact/SUPPORT,increase,7626e6a4d16c,Most termination events in Okazaki fragments are sequence specific.,"Via the deep sequencing of Okazaki fragments, we comprehensively document replication fork directionality throughout the S. cerevisiae genome, which permits the systematic analysis of initiation, origin efficiency, fork progression, and termination."
179,scifact,reserve,g24a_scifact_633,scifact/CONTRADICT,decrease,0870eeb8c6eb,Inhibiting focal adhesion formation increases the rate at which cells convert mechanical strain into inflammation and fibrosis.,Fibroblast-specific FAK knockout mice have substantially less inflammation and fibrosis than control mice in a model of hypertrophic scar formation. These findings collectively indicate that physical force regulates fibrosis through inflammatory FAK–ERK–MCP-1 pathways and that molecular strategies targeting FAK can effectively uncouple mechanical force from pathologic scar formation.
180,scifact,reserve,g24a_scifact_926,scifact/SUPPORT,increase,8974d7a407c4,Patients with common epithelial cancers  are more likely to have an emergency event as their first hospital admission if they live in resource-deprived areas.,"For example, the adjusted odds ratio for patients with breast cancer in the least compared with most deprived fifth of deprivation was 0.63 (95% confidence interval 0.60 to 0.66) and the adjusted odds ratio for patients with lung cancer aged 80-89 compared with those aged 50-59 was 3.13 (2.93 to 3.34). There were some improvements in disparities between age groups but not for patients living in deprived areas over time. For example, 67.4% (3529/5237) of patients in the most deprived fifth of deprivation had anterior resection for rectal cancer compared with 75.5% (4497/5959) of patients in the least deprived fifth (1.34, 1.22 to 1.47)."
181,scifact,reserve,g24a_scifact_1043,scifact/SUPPORT,increase,c51593d9a71e,Retinoic acid receptor-related orphan receptor gamma (RORγ) is a therapeutic target for castration-resistant prostate cancer (CRPC),"Finally, ROR-γ antagonists suppressed tumor growth in multiple AR-expressing, but not AR-negative, xenograft PCa models, and they effectively sensitized CRPC tumors to enzalutamide, without overt toxicity, in mice. Taken together, these results establish ROR-γ as a key player in CRPC by acting upstream of AR and as a potential therapeutic target for advanced PCa."
182,scifact,reserve,g24a_scifact_1366,scifact/SUPPORT,increase,38121fbf229d,VgrG (Tssl) protein punctures membranes by forming a spike at the tip of the tube apparatus.,"The T6SS organelle is functionally analogous to contractile tails of bacteriophages and is thought to attack cells by initially penetrating them with a trimeric protein complex called the VgrG spike. Here we report that proteins from the PAAR (proline-alanine-alanine-arginine) repeat superfamily form a sharp conical extension on the VgrG spike, which is further involved in attaching effector domains to the spike."
183,scifact,reserve,g24a_scifact_795,scifact/SUPPORT,increase,d5b02f78dca2,Mitochondria play a major role in apoptosis.,"Additionally, they participate in intermediary metabolism, calcium signaling, and apoptosis."
184,scifact,reserve,g24a_scifact_1015,scifact/SUPPORT,increase,e114ed05c3fc,Rapamycin delays aging in fruit flies.,We show here that feeding rapamycin to adult Drosophila produces the life span extension seen in some TOR mutants.
185,scifact,reserve,g24a_scifact_157,scifact/SUPPORT,increase,cc0b7acf42a7,BLM gene encodes RecQ-class DNA helicase.,"cDNA analysis of the candidate gene identified a 4437 bp cDNA that encodes a 1417 amino acid peptide with homology to the RecQ helicases, a subfamily of DExH box-containing DNA and RNA helicases."
186,scifact,reserve,g24a_scifact_904,scifact/SUPPORT,increase,119dfe6624aa,PDPN promotes efficient motility along stromal surfaces by activating the C-type lectin receptor to rearrange the actin cytoskeleton in dendritic cells.,"Thus, activation of CLEC-2 by PDPN rearranges the actin cytoskeleton in DCs to promote efficient motility along stromal surfaces."
187,scifact,reserve,g24a_scifact_330,scifact/CONTRADICT,decrease,e20a9fff60f3,Deltex has no known interactions with eIF3f.,"We also show that eIF3f is recruited to activated Notch on endocytic vesicles by the putative E3 ubiquitin ligase Deltex1, which serves as a bridging factor."
188,scifact,reserve,g24a_scifact_752,scifact/SUPPORT,increase,3decb8504425,Major vault protein regulates sorting of tumor suppressive miR-193a into EVs.,"Knockout of MVP leads to miR-193a accumulation in the exosomal donor cells instead of exosomes, inhibiting tumour progression."
189,scifact,reserve,g24a_scifact_463,scifact/SUPPORT,increase,4145dcba99ca,Genomic aberrations of metastases provide information for targeted therapy.,Mouse tumors that mimic the genetic heterogeneity of human cancers can aid our understanding of the clonal evolution of metastasis and provide a realistic model for the testing of novel therapies.
190,scifact,reserve,g24a_scifact_308,scifact/CONTRADICT,decrease,e9c2135021d9,DUSP4 downregulation deactivates the Ras-ERK pathway,"Low concentrations of dual specificity protein phosphatase 4 (DUSP4), an ERK phosphatase, correlated with high post-NAC tumor cell proliferation and with basal-like breast cancer (BLBC) status. BLBC had higher DUSP4 promoter methylation and gene expression patterns of Ras-ERK pathway activation relative to other breast cancer subtypes. Thus, DUSP4 downregulation activates the Ras-ERK pathway in BLBC, resulting in an attenuated response to anti-cancer chemotherapy."
191,scifact,reserve,g24a_scifact_436,scifact/SUPPORT,increase,faceeb16ea24,Free histones are degraded by a Rad53-dependent mechanism once DNA has been replicated.,"Although chromosomal histones are stable, excess (non-chromatin bound) histones are rapidly degraded in a Rad53 (radiation sensitive 53) kinase-dependent manner in Saccharomyces cerevisiae. Here we demonstrate that excess histones associate with Rad53 in vivo and seem to undergo modifications such as tyrosine phosphorylation and polyubiquitylation, before their proteolysis by the proteasome."
192,scifact,reserve,g24a_scifact_625,scifact/SUPPORT,increase,c7f901bb5b09,Induced hepatic stem cells possess the potential to differentiate into hepatocytic cells.,iHepSCs can be stably expanded in vitro and possess the potential of bidirectional differentiation into both hepatocytic and cholangiocytic lineages.
193,scifact,reserve,g24a_scifact_621,scifact/SUPPORT,increase,7122ad9f4882,Individuals with Alzheimers who participate in six months of physical activity improve cognitive function for up to 18 months.,"RESULTS In an intent-to-treat analysis, participants in the intervention group improved 0.26 points (95% confidence interval, -0.89 to 0.54) and those in the usual care group deteriorated 1.04 points (95% confidence interval, 0.32 to 1.82) on the ADAS-Cog at the end of the intervention. CONCLUSIONS In this study of adults with subjective memory impairment, a 6-month program of physical activity provided a modest improvement in cognition over an 18-month follow-up period."
194,scifact,reserve,g24a_scifact_1062,scifact/SUPPORT,increase,ea2c7f0d098a,S-nitrosylated GAPDH physiologically transnitrosylates histone deacetylases.,"Here, we show that SNO-GAPDH physiologically transnitrosylates nuclear proteins, including the deacetylating enzyme sirtuin-1 (SIRT1), histone deacetylase-2 (HDAC2) and DNA-activated protein kinase (DNA-PK)."
195,scifact,reserve,g24a_scifact_155,scifact/SUPPORT,increase,8ebada0fc670,BCL-2 activation antagonizes the apoptotic effects of c-Myc.,"Eliminating BCL-2 yielded rapid loss of leukemic cells and significantly prolonged survival, formally validating BCL-2 as a rational target for cancer therapy."
196,scifact,reserve,g24a_scifact_804,scifact/SUPPORT,increase,100324aa2dd8,Monoclonal antibody targeting of N-cadherin inhibits growth.,"Monoclonal antibodies against the ectodomain of N-cadherin reduced proliferation, adhesion and invasion of prostate cancer cells in vitro."
197,scifact,reserve,g24a_scifact_1128,scifact/SUPPORT,increase,5503e143f86a,T cell receptor /CD3 microdomains are required to induce the immunologic synapse.,T cell receptor (TCR-CD3) triggering involves both receptor clustering and conformational changes at the cytoplasmic tails of the CD3 subunits. This conformational change at CD3 reverts upon ligand dissociation and is required for T cell activation.
198,scifact,reserve,g24a_scifact_749,scifact/SUPPORT,increase,c6d839a568dc,Major antigen-induced signals from the T cell receptor and secondary signals from costimulatory receptors are required for T cell activation.,Ligation of the CD28 receptor on T cells provides a critical second signal alongside T cell receptor (TCR) ligation for naive T cell activation.
199,scifact,reserve,g24a_scifact_1101,scifact/CONTRADICT,decrease,5d0532d5d343,Stiff substrates encourage mesodermal differentiation by degrading beta-catenin in an integrin-dependent manner.,"By contrast, on a stiff hydrogel matrix, hESCs show elevated integrin-dependent GSK3 and Src activity that promotes β-catenin degradation and inhibits differentiation."
200,scifact,reserve,g24a_scifact_159,scifact/SUPPORT,increase,b36a5bcb6904,BRCA 1 mutation carriers' risk of breast and ovarian cancer depends on where the mutation is located.,Mutations conferring nonsense-mediated decay were associated with differential breast or ovarian cancer risks and an earlier age of breast cancer diagnosis for both BRCA1 and BRCA2 mutation carriers. CONCLUSIONS AND RELEVANCE Breast and ovarian cancer risks varied by type and location of BRCA1/2 mutations.
201,scifact,reserve,g24a_scifact_942,scifact/SUPPORT,increase,f981e46aefb1,Phase information is useful for predicting donor-recipient matches in organ transplantation.,"Genes that influence transplantation outcome could be identified by using linkage disequilibrium (LD)-mapping approaches, if the extended MHC haplotypes of the unrelated donor and recipient could be defined."
202,scifact,reserve,g24a_scifact_454,scifact/CONTRADICT,decrease,a69dda48fe58,General exercise therapy is more effective than scapular stabilizer exercises in reducing pain and improving function of the shoulder.,"There was a significantly greater improvement in the Constant-Murley score in the specific exercise group than in the control exercise group (24 points (95% confidence interval 19 to 28.0) v 9 points (5 to 13); mean difference between group: 15 points (8.5 to 20.6)). Significantly more patients in the specific exercise group reported successful outcome (defined as large improvement or recovered) in the patients' global assessment of change because of treatment: 69% (35/51) v 24% (11/46); odds ratio 7.6, 3.1 to 18.9; P<0.001. CONCLUSION A specific exercise strategy, focusing on strengthening eccentric exercises for the rotator cuff and concentric/eccentric exercises for the scapula stabilisers, is effective in reducing pain and improving shoulder function in patients with persistent subacromial impingement syndrome."
203,scifact,reserve,g24a_scifact_936,scifact/SUPPORT,increase,de3aa48fdc08,Peroxynitrite is required for nitration of TCR/CD8.,Nitration of TCR-CD8 is induced by MDSCs through hyperproduction of reactive oxygen species and peroxynitrite during direct cell-cell contact.
204,scifact,reserve,g24a_scifact_791,scifact/SUPPORT,increase,ba97cc5d50f3,Migraine with aura is associated with ischemic stroke.,"Additional analyses indicated a significantly higher risk among people who had migraine with aura (2.16, 1.53 to 3.03) compared with people who had migraine without aura (1.23, 0.90 to 1.69; meta-regression for aura status P=0.02). CONCLUSION Migraine is associated with a twofold increased risk of ischaemic stroke, which is only apparent among people who have migraine with aura."
205,scifact,reserve,g24a_scifact_1268,scifact/SUPPORT,increase,766c3b1eab9b,The risk of cancer rises with level of alcohol consumption.,"For populations aged 50 years and older, cancers accounted for a large proportion of total alcohol-attributable deaths in 2016, constituting 27·1% (95% UI 21·2–33·3) of total alcohol-attributable female deaths and 18·9% (15·3–22·6) of male deaths. We found that the risk of all-cause mortality, and of cancers specifically, rises with increasing levels of consumption, and the level of consumption that minimises health loss is zero."
206,scifact,reserve,g24a_scifact_1049,scifact/CONTRADICT,decrease,5409e899b861,Ribosomopathies have a low degree of cell and tissue specific pathology.,"Unexpectedly, a ribosomal protein (RP) expression screen reveals dynamic regulation of individual RPs within the vertebrate embryo. Collectively, these findings suggest that RP activity may be highly regulated to impart a new layer of specificity in the control of gene expression and mammalian development."
207,scifact,reserve,g24a_scifact_1360,scifact/CONTRADICT,decrease,acf3309838fe,Varenicline monotherapy is more effective after 26 weeks of treatment compared to combination nicotine replacement therapies with varenicline or bupropion.,"At 26 weeks, 36.6% of the combination therapy group achieved prolonged and 38.2% achieved 7-day point-prevalence smoking abstinence compared with 27.6% and 31.9% in varenicline monotherapy (OR, 1.52; 95% CI, 1.04-2.22; P =.03 and OR, 1.32; 95% CI, 0.91-1.91; P =.14, respectively)."
208,scifact,reserve,g24a_scifact_258,scifact/SUPPORT,increase,8cf1ebfe957e,"Cholesterol loading induces KLF4 expression in VSMCs, resulting in the expression of pro-inflammatory cytokines.","On the basis of in vivo KLF4 chromatin immunoprecipitation–sequencing (ChIP-seq) analyses and studies of cholesterol-treated cultured SMCs, we identified >800 KLF4 target genes, including many that regulate pro-inflammatory responses of SMCs. Our findings indicate that the contribution of SMCs to atherosclerotic plaques has been greatly underestimated, and that KLF4-dependent transitions in SMC phenotype are critical in lesion pathogenesis."
