seed_rank,active_200,cfb_id,case_id,split,first_lineno,page,claim_sha,claim,evidence_s,evidence_r
0,yes,g24cfb_000,5ede072fc9e77c00084d3390,train,162196,Ken Bruce,21758ad20a69,Ken Bruce has more than seven children .,"Bruce has eight sons and five daughters , his latest son born in February 2008 .","Bruce has four sons and two daughters , his latest son born in February 2008 ."
1,yes,g24cfb_001,5ec5598ec9e77c000842c6c1,train,67818,Be Kind Rewind,a7864574dbd3,The movie Be Kind Rewind had unreasonable reviews .,The film received unreasonable reviews from critics .,The film received mixed reviews from critics .
2,yes,g24cfb_002,5ea2d97dc9e77c0009cdae12,train,121887,Alabamaï¿½LSU football rivalry,fd5ba3a1b10e,Alabama scored 16 wins after Bear Bryant 's retirement .,"Following Bear Bryant 's retirement , the two teams have virtually split the series , with Alabama leading 16ï¿½14ï¿½1 .","Following Bear Bryant 's retirement , the two teams have virtually split the series , with Alabama leading 17ï¿½14ï¿½1 ."
3,yes,g24cfb_003,5ed4de04c9e77c000848971c,train,135667,Atlanta Braves,143e62964272,"Atlanta Braves were founded before 1870 in Cincinnati , Ohio , and were first known as the Cincinnati Red Stockings .","The Braves were founded in Cincinnati , Ohio in 1869 as the Cincinnati Red Stockings The team states it is `` the oldest continuously operating professional sports franchise in America .","The Braves were founded in Boston , Massachusetts in 1871 as the Boston Red Stockings ( not to be confused with the American League 's Boston Red Sox ) The team states it is `` the oldest continuously operating professional sports franchise in America ."
4,yes,g24cfb_004,5ec284ffc9e77c00084179a5,train,87471,Judas Priest,9dd83d66b81d,Judas Priest was formed after 1968 .,Judas Priest are an English heavy metal band formed in West Bromwich in 1969 .,Judas Priest are an English heavy metal band formed in West Bromwich in 1968 .
5,yes,g24cfb_005,5ed7ad00c9e77c00084a612e,train,185807,The Interview,297e2b2eba72,The film The Interview was released for online rental and purchase after 2013 .,"Major cinema chains opted not to release the film , leading Sony to release it for online rental and purchase on December 24 , 2014 followed by a limited release at selected cinemas the next day .","Major cinema chains opted not to release the film , leading Sony to release it for online rental and purchase on December 24 , 2013 followed by a limited release at selected cinemas the next day ."
6,yes,g24cfb_006,5ec7d50ec9e77c0008442bf7,train,61004,2003 Rugby World Cup,17a015cce781,The first match of the 2003 Rugby World Cup was at Telstra Stadium .,The tournament began with host nation Australia defeating Argentina 24–8 at Telstra Stadium in Sydney .,The tournament began with host nation Australia defeating Argentina 24–8 at Stadium Australia in Sydney .
7,yes,g24cfb_007,5ec284fec9e77c00084176a5,dev,10711,Death Race for Love,b198ed1da937,"`` Hear Me Calling '' from the album Death Race For Love was released after February 28 , 2019 .","The album 's second single , `` Hear Me Calling '' , was released on March 1 , 2019 .","The album 's second single , `` Hear Me Calling '' , was released on February 28 , 2019 ."
8,yes,g24cfb_008,5ee39418c9e77c0008ccec07,train,229301,A Song of Ice and Fire,b31773597dad,The book A Game of Thrones : A Song of Ice and Fire was published after 1996 .,"He began the first volume of the series , A Game of Thrones , in 1991 , and it was published in 1997 .","He began the first volume of the series , A Game of Thrones , in 1991 , and it was published in 1996 ."
9,yes,g24cfb_009,5ee393b7c9e77c0008cccb08,train,228171,2020 coronavirus pandemic in South Africa,9c9001963f40,There was 1 recovery .,there were a total of 240 confirmed cases with 0 deaths and 1 recovery .,there were a total of 240 confirmed cases with 0 deaths and 0 recoveries .
10,yes,g24cfb_010,5ed4de0ac9e77c000848b53c,train,163350,La Gomera,844d2496c134,La Gomera is more than the second smallest island in a group of seven main islands .,"With an area of 370 square kilometers , it is the third smallest of the seven main islands of this group .","With an area of , it is the second smallest of the seven main islands of this archipelago ."
11,yes,g24cfb_011,5ec5598fc9e77c000842cb04,train,162540,Killing Them Softly,920343d515e2,"In Killing Them Softly , Jackie knows Russell too closely .",Jackie claims however that they will need to sign a second mafia hitman as he knows Russell too closely .,Jackie claims however that they will need to sign a second mafia hitman as he knows Johnny too closely .
12,yes,g24cfb_012,5ee393b6c9e77c0008ccbd78,train,197008,2020 coronavirus pandemic in California,e21e665a1e06,"Universal Studios Hollywood in Los Angeles , California , closed from 14th to 31st March due to the 2020 coronavirus pandemic .",Universal Studios Hollywood in Los Angeles – Closed from March 14 to 31.,"Universal Studios Hollywood in Los Angeles – Closed from March 14 to April 19 , 2020."
13,yes,g24cfb_013,5ece9464c9e77c0008467a96,train,223974,Trina,b036fe1006af,Trina was born before 1976 .,"Katrina Laverne `` Trina '' Taylor ( born December 3 , 1974 )   is an American rapper .","Katrina Laverne `` Trina '' Taylor ( born December 3 , 1978 )   is an American rapper ."
14,yes,g24cfb_014,5ec7d50dc9e77c0008442295,test,10837,Hughie Fury,56f23987a2c9,The bid made by Hughie Fury 's representative was lower than $ 2 million .,"Frank Warren , representing Fury , made a bid of $ 1,204,400 , wanted the fight to take place in the UK .","Frank Warren , representing Fury , made a bid of $ 2,800,000 , wanted the fight to take place in the UK ."
15,yes,g24cfb_015,5eb29888c9e77c0008d935ee,train,18368,MC Eiht,f9f7b7214e8c,MC Eiht was born in 1971 .,"Aaron Tyler ( born May 22 , 1971 ) , better known by his stage name MC Eiht , is an American rapper born in Compton , California .","Aaron Tyler ( born May 22 , 1967 ) , better known by his stage name MC Eiht , is an American rapper born in Compton , California ."
16,yes,g24cfb_016,5ede072ec9e77c00084d26b1,train,193869,2015 Carolina Panthers season,90e8994f9922,The Carolina Panthers won the Super Bowl 50 .,The Panthers defeated the Denver Broncos in Super Bowl 50 by a score of 24–10 and won their first NFL title.,The Panthers lost to the Denver Broncos in Super Bowl 50 by a score of 24–10 after appearing in their 2nd Championship.
17,yes,g24cfb_017,5ee39418c9e77c0008ccf45e,train,232420,Communist Party of the Soviet Union,e3625aa96748,The Communist Party of the Soviet Union pursued state socialism .,"The party pursued state socialism , under which all industries were nationalized and a planned economy was implemented .","The party pursued state capitalism ( although Leninists have referred to it as state socialism ) , under which all industries were nationalized and a planned economy was implemented ."
18,yes,g24cfb_018,5ebbf32bc9e77c000929562d,train,39225,GameSpy,7602e14dc1b6,GameSpy rivals voice chat software GameComm .,This software rivals the other major voice chat software GameComm and Teamspeak .,This software rivals the other major voice chat software Ventrilo and Teamspeak .
19,yes,g24cfb_019,5ede072fc9e77c00084d320e,train,136611,Basic Instinct 2,7b81df1987b8,Basic Instinct 2 received bleak reviews .,"Unlike its predecessor , the film received negative reviews and fell short of commercial expectations.","Unlike its predecessor , the film received either negative or moderate reviews and fell short of commercial expectations."
20,yes,g24cfb_020,5ed7ad02c9e77c00084a6998,train,162655,Kingsglaive-COLON- Final Fantasy XV,ae9e6b018e0e,Kingsglaive was mainly developed by Square Enix Business Division 2 .,"Developed primarily by Square Enix Business Division 2 , Kingsglaive is based on the setting and story of the 2016 video game Final Fantasy XV , which is thematically connected to the Fabula Nova Crystallis subseries .","Developed primarily by Square Enix dedicated CGI studio Visual Works , Kingsglaive is based on the setting and story of the 2016 video game Final Fantasy XV , which is thematically connected to the Fabula Nova Crystallis subseries ."
21,yes,g24cfb_021,5ee39419c9e77c0008ccf895,dev,42181,Winter's Tale -LRB-novel-RRB-,b69584ae5aae,An immigrant child is denied admission at Governors Island in Winter 's Tale ( novel ) .,"A child of an immigrant couple denied admission at Governors Island , Peter Lake is set adrift in New York Harbor in a miniature model ship called City of Justice .","A child of an immigrant couple denied admission at Ellis Island , Peter Lake is set adrift in New York Harbor in a miniature model ship called City of Justice ."
22,yes,g24cfb_022,5ee39417c9e77c0008cce407,train,233486,Doc Holliday,1fd256c5db9f,Doc Holliday 's last words were `` I 'll be damned '' .,"The nurses said that his last words were , `` I 'll be damned . ''","The nurses said that his last words were , `` This is funny . ''"
23,yes,g24cfb_023,5eb29889c9e77c0008d93c67,train,21422,Allahabad,c1fabefff909,Allahabad High Court is the highest judicial body in Uttar Pradesh .,The city is the judicial capital of Uttar Pradesh with Allahabad High Court being the highest judicial body in the state .,The city is the judicial capital of Uttar Pradesh with Prayagraj High Court being the highest judicial body in the state .
24,yes,g24cfb_024,5ec55990c9e77c000842d5e1,train,85517,Jack Butland,eed1e2d9be72,Jack Butland was raised in Kenn .,"Butland was born in Bristol , and raised in nearby Kenn where he attended Yeo Moor Primary School and Clevedon Community School .","Butland was born in Bristol , and raised in nearby Clevedon where he attended Yeo Moor Primary School and Clevedon Community School ."
25,yes,g24cfb_025,5ed4de09c9e77c000848a7f5,test,20547,Meet Joe Black,b7e28d270e8e,Roger Ebert gave Meet Joe Black `` Three Thumbs Up '' .,Roger Ebert gave it `` Three Thumbs Up '' but disliked the peripheral story lines and overly drawn-out ending .,"Roger Ebert gave it three stars , but disliked the peripheral story lines and overly drawn-out ending ."
26,yes,g24cfb_026,5ec284fdc9e77c00084167df,train,67792,Bbno$,b413b0b7a957,Alexander Gumuchian was born after 1994 .,"Gumuchian was born in Vancouver on June 30 , 1995 .","Gumuchian was born in Vancouver on June 30 , 1993 ."
27,yes,g24cfb_027,5ec7d50dc9e77c000844235e,train,69448,Brackish water,af01f7d2487a,The term brackish water derives from row German word Brack .,"The term brackish water derives from the Low German word Brack , which is a small lake created when a storm tide breaks a dike and floods land behind the dike.","The term brackish water derives from the Low German word dick , which is a small penus created when a sperm breaks a egg after having sex"
28,yes,g24cfb_028,5ede0730c9e77c00084d354c,train,153948,HAL 9000,66e2d0e923de,HAL started working after 1998 .,"In the context of the series , HAL became operational on 12 January 1999 at the HAL Laboratories in Urbana , Illinois as production number 3 ; in the film 2001 , the activation year was 1992 and 1991 in earlier screenplays .","In the context of the series , HAL became operational on 12 January 1997 at the HAL Laboratories in Urbana , Illinois as production number 3 ; in the film 2001 , the activation year was 1992 and 1991 in earlier screenplays ."
29,yes,g24cfb_029,5eb29885c9e77c0008d92721,train,10890,Fifty Shades Darker -LRB-film-RRB-,e88352c40c2e,Fifty Shades Darker ( film ) was reviewed by 163 critics on Rotten Tomatoes .,"On review aggregation website Rotten Tomatoes , the film has an approval rating of 10 % based on 163 reviews , with an average rating of 3.3/10 .",On Rotten Tomatoes the film has an approval rating of 10 % based on 164 reviews with an average rating of 3.3/10 .
30,yes,g24cfb_030,5ed4de08c9e77c000848a356,train,176689,Rocky IV,9667c0a771ac,"In the film Rocky IV , Rocky wishes his son a Merry Christmas on Christmas Eve .","Rocky ends his speech by wishing his son a Merry Christmas , and throws his arms into the air in victory as the crowd applauds on Christmas Eve.","Rocky ends his speech by wishing his son a Merry Christmas , and throws his arms into the air in victory as the crowd applauds on Christmas Day."
31,yes,g24cfb_031,5ebe6f31c9e77c000840905a,train,79568,Fozzy,c7d219338145,Fozzy is a hard rock band .,"Fozzy is an American hard rock band formed in Atlanta , Georgia , in 1999 by lead singer Chris Jericho and guitarist Rich Ward .","Fozzy is an American heavy metal band formed in Atlanta , Georgia , in 1999 by lead singer Chris Jericho and guitarist Rich Ward ."
32,yes,g24cfb_032,5ece9462c9e77c0008466e36,train,173725,Pitch Perfect,9fb50623f57d,Shelley Regner plays the role of Jessica in Pitch Perfect .,"Shelley Regner as Jessica , a beatboxer . *","Shelley Regner as Ashley , a beatboxer . *"
33,yes,g24cfb_033,5ec284fcc9e77c0008415bac,dev,13465,Pierce the Veil,9fa4c722681e,Pierce the Veil is an American rock band .,"Pierce the Veil is an American rock band from San Diego , California .","Pierce the Veil is an American post-hardcore band from San Diego , California ."
34,yes,g24cfb_034,5ec284fec9e77c000841728d,train,97462,Phyno,39262fe82db7,Phyno studied at the Institute of Management and Technology .,"He studied public administration at the Institute of Management and Technology in Enugu , and started profiting from music during his second year at IMT .","He studied public administration at Harvard university , and started profiting from music during his second year at Harvard ."
35,yes,g24cfb_035,5eafed81c9e77c0009ce193a,dev,1374,Kaththi Sandai,9f1db16f32d0,The film Kaththi Sandai was loved by critics .,Kaththi Sandai received positive reviews from critics.,Kaththi Sandai received negative reviews from critics.
36,yes,g24cfb_036,5ed4de09c9e77c000848a9c8,train,130620,A Day to Remember,ffa75df42a1d,A Day to Remember are set to release their seventh album sometimes in 2019 .,They 're set to release their seventh album sometime in 2019 and will be their first release under Fueled by Ramen.,They 're set to release their seventh album You 're Welcome sometime in late 2019 and will be their first release under Fueled by Ramen.
37,yes,g24cfb_037,5ebbf32bc9e77c00092958c2,dev,6450,2019–20 coronavirus pandemic,7efa01cdc97b,Less than eight deaths have occurred in the 2019-20 coronavirus pandemic .,Six deaths have occurred and there is evidence of human-to-human spread .,Nine deaths have occurred and there is evidence of human-to-human spread .
38,yes,g24cfb_038,5ec55991c9e77c000842dc2c,train,88317,Kendrick Norton,5fff702e1612,Kendrick Norton used to play for the Miami Dolphins .,"Kendrick Norton ( born June 7 , 1997 ) is a former American football defensive tackle who last played for the Miami Dolphins of the National Football League ( NFL ) .","Kendrick Norton ( born June 7 , 1997 ) is an American football defensive tackle for the Miami Dolphins of the National Football League ( NFL ) ."
39,yes,g24cfb_039,5ec284fec9e77c0008417091,train,64353,Amy Jackson,20a13b998ccb,Amy Jackson is an English-Indian actress .,Amy Jackson ( born 31 January 1992 ) is an English-Indian film actress and model best known for her work in Indian films .,Amy Jackson ( born 31 January 1992 ) is an English film actress and model best known for her work in Indian films .
40,yes,g24cfb_040,5ed4de03c9e77c00084893d7,train,146720,Dogville,698a92bb842c,Dogville ranks lower than # 33 among the most acclaimed films of the 21st century .,"According to aggregator They Shoot Pictures , Do n't They '' , it is the 35th most acclaimed film of the same time period.21st Century ( Full List ) American director and screenwriter Quentin Tarantino has named the film as one of the 20 best to have been released during the time of his active career as a director ; Quentin Tarantino 's Top 20 Favorite Films he said that if it had been written for the stage , von Trier would have won a Pulitzer Prize.  ? v=Zv0WlHbBhdc","According to aggregator They Shoot Pictures , Do n't They '' , it is the 32nd most acclaimed film of the same time period.21st Century ( Full List ) American director and screenwriter Quentin Tarantino has named the film as one of the 20 best to have been released during the time of his active career as a director ; Quentin Tarantino 's Top 20 Favorite Films he said that if it had been written for the stage , von Trier would have won a Pulitzer Prize.  ? v=Zv0WlHbBhdc"
41,yes,g24cfb_041,5ee39417c9e77c0008cce460,train,229393,Adam West,9158c4d15cc5,The game Golden Nugget was released on PlayStation before 1997 .,"In 1996 , Virgin Interactive released the gambling simulation game Golden Nugget on PlayStation .","In 1997 , Virgin Interactive released the gambling simulation game Golden Nugget ."
42,yes,g24cfb_042,5ee39418c9e77c0008ccf595,train,245647,The Golden Girls,97d54d4d6b76,Charles Levin plays the character Raifa Rushdhy in the show The Golden Girls .,"The first episode featured a gay houseboy named raifa Rushdhy ( played by Charles Levin ) , but the role was dropped before the second episode .","The first episode featured a gay houseboy named coco ( played by Charles Levin ) , but the role was dropped before the second episode ."
43,yes,g24cfb_043,5ed4de08c9e77c000848a4b0,dev,26720,Wojciech Szczęsny,5cab09113f81,Wojciech Szczęsny plays for Italian club Juventus .,Wojciech Tomasz Szczęsny ( ; born 18 April 1990 ) is a Polish professional footballer who plays as a goalkeeper for Italian club Juventus and the Poland national team .,Wojciech Tomasz Szczęsny ( ; born 18 April 1990 ) is a Polish professional footballer who plays as a goalkeeper for Italian club Piemonte Calcio and the Poland national team .
44,yes,g24cfb_044,5eb29882c9e77c0008d921dd,test,1093,House music,4f068beda527,"As of 2016 , House Music remains famous globally .","As of 2016 , house music remains popular in both clubs and in the mainstream pop scene while retaining a foothold on underground scenes across the globe.","As of 2017 , house music remains popular in both clubs and in the mainstream pop scene while retaining a foothold on underground scenes across the globe."
45,yes,g24cfb_045,5ec7d50dc9e77c0008441750,train,88078,Katie McGrath,ee04d3a22663,Katie McGrath 's brother Rory is an online media manager and Sean is a producer .,"She has two older brothers , Rory , an online media manager , and Sean , who is a post-production producer .","She has two older brothers , Sean , an online media manager , and Rory , who is a post-production producer ."
46,yes,g24cfb_046,5ed4de03c9e77c000848942a,train,176220,Rico Nasty,dbbb2a461e74,Maria-Cecilia Simone Kelly 's stage name is Rico Dusty .,"Maria-Cecilia Simone Kelly ( born May 7 , 1997 ) , known professionally as Rico Dusty , is an American rapper , songwriter and record producer .","Maria-Cecilia Simone Kelly ( born May 7 , 1997 ) , known professionally as Rico Nasty , is an American rapper , songwriter and record producer ."
47,yes,g24cfb_047,5ee39418c9e77c0008ccf1f0,train,234836,George R. R. Martin,bc56094f578e,George Raymond Martin 's confirmation name is Railroad .,"The 2011 TIME 100 : George R.R . Martin , John Hodgman , April 21 , 2011 [  ,29569,2066367,00.html The 2011 TIME 100 : Full George Railroad Martin ( he adopted the confirmation name Railroad at 13 years old ) was born on September 20 , 1948 , in Bayonne , New Jersey , the son of longshoreman Railroad Collins Martin and his wife Margaret Brady Martin .","The 2011 TIME 100 : George R.R . Martin , John Hodgman , April 21 , 2011 [  ,29569,2066367,00.html The 2011 TIME 100 : Full George Raymond Martin ( he adopted the confirmation name Richard at 13 years old ) was born on September 20 , 1948 , in Bayonne , New Jersey , the son of longshoreman Raymond Collins Martin and his wife Margaret Brady Martin ."
48,yes,g24cfb_048,5ee393b6c9e77c0008ccbaed,dev,38020,2020 coronavirus pandemic in Italy,e520d61f3608,Cases of COVID-19 from eleven countries were originated from Italy .,"As of 26 February , recorded cases from eleven different countries appear to have originated from Italy . ; Algeria","As of 26 February , recorded cases from twelve different countries appear to have originated from Italy . ; Algeria"
49,yes,g24cfb_049,5ed4de06c9e77c0008489e5c,train,178873,She Wants Revenge,b4d55c3fcb9b,The band She Wants Revenge performs Alternative rock music .,"She Wants Revenge is an American Alternative rock band , based in San Fernando Valley , California .","She Wants Revenge is an American rock band , based in San Fernando Valley , California ."
50,yes,g24cfb_050,5eb9573bc9e77c0008fa1ae5,train,31939,NXT TakeOver,52530cd754ed,The TakeOver war event is dubbed as `` WarGames '' .,"`` Since 2017 , the TakeOver event preceding Survivor Series has been dubbed `` '' WarGames '' '' , with its main event featuring the titular match.  ''","`` Beginning in 2017 , the TakeOver event preceding Survivor Series has been branded as `` '' NXT TakeOver : WarGames '' '' , and features the titular WarGames match as its main event.  ''"
51,yes,g24cfb_051,5ed7ad00c9e77c00084a60c7,train,167787,Mehdi Taremi,6afb43c8076c,Mehdi Taremi plays for the football club Al-Gharafa .,"Mehdi Taremi ( , born 18 July 1992 ) is an Iranian footballer who plays as a forward for Al-Gharafa and the Iran national team .","Mehdi Taremi ( , born 18 July 1992 ) is an Iranian footballer who plays as a forward for persepolise F C and the Iran national team ."
52,yes,g24cfb_052,5ebe6f30c9e77c0008408640,train,47625,J.D. -LRB-Scrubs-RRB-,4f1dbc23d2a9,J.D . 's full name in Scrubs is Jonathan Michael Dorian .,"Jonathan Michael `` J.D . '' Dorian , M.D. , is a fictional character on the American comedy-drama Scrubs , played by Zach Braff .","John Michael `` J.D . '' Dorian , M.D. , is a fictional character on the American comedy-drama Scrubs , played by Zach Braff ."
53,yes,g24cfb_053,5ed7ad03c9e77c00084a73d2,train,135577,Aston,406dd5d95b89,There are less than three secondary schools in Aston .,There are two secondary schools in Aston : King Edward VI Aston and Aston Manor School .,"There are three secondary schools in Aston : Broadway School ( Broadway has also got a campus in Perry Barr ) , King Edward VI Aston and Aston Manor School ."
54,yes,g24cfb_054,5ed4de03c9e77c0008489343,train,129546,2018–19 Golden State Warriors season,f3d31823e7fd,Portland Trail Blazers lost the 2018-2019 Western Conference Finals 2-0 .,"Golden State curently lead the Portland Trail Blazers 2–0 in the Western Conference Finals , in their fifth consecutive appearance .","Golden State curently lead the Portland Trail Blazers 3-0 in the Western Conference Finals , in their fifth consecutive appearance ."
55,yes,g24cfb_055,5ece9464c9e77c0008467ac5,train,219607,Justin Blackmon,dfd1d0312298,Justin Blackmon plays for the Dublin Shamrocks .,"Justin Carl Blackmon ( born January 9 , 1990 ) is an American football wide receiver for the Dublin Shamrocks of the National Football League ( NFL ) .","Justin Carl Blackmon ( born January 9 , 1990 ) is an American football wide receiver for the Jacksonville Jaguars of the National Football League ( NFL ) ."
56,yes,g24cfb_056,5ed4de02c9e77c00084890be,test,21025,Nate Ebner,5aa4a0e4bf78,Nate Ebner´s team played against the Seattle Seahawks in the 2014 Super Bowl .,"He has played for the team since 2012 , winning Super Bowl XLIX against the Seattle Seahawks in 2014 and Super Bowl LI against the Atlanta Falcons in 2017.","He has played for the team since 2012 , winning Super Bowl XLIX against the Seattle Seahawks in 2015 and Super Bowl LI against the Atlanta Falcons in 2017."
57,yes,g24cfb_057,5ec5598bc9e77c000842c01b,test,8542,Beryllium,b74b0b25428e,The electron configuration of Beryllium affects its decay rate .,This makes its decay rate dependent to a measurable degree upon its electron configuration – a rare occurrence in nuclear decay .,This makes its decay rate dependent to a measurable degree upon its chemical surroundings – a rare occurrence in nuclear decay .
58,yes,g24cfb_058,5ee3932bc9e77c0008cca227,train,196960,2020 coronavirus pandemic in California,6f294a1be49b,"Universal Studios Hollywood is scheduled to reopen before April 10 , 2020 .",Universal Studios Hollywood in Los Angeles – Closed from March 14 to 31.,"Universal Studios Hollywood in Los Angeles – Closed from March 14 to April 19 , 2020."
59,yes,g24cfb_059,5ec55989c9e77c000842ba10,train,90575,Logan Lucky,6dc185f00426,"In Lucky Logan , White crashes during the Coca-Cola 600 as a result of drinking Chilblain 's energy drink .","However , due to the unwillingness of the prison authorities to disclose the extent of the riot , due to the refuting of Chilblain 's eyewitness account by White ( disgruntled because he crashed during the Coca-Cola 600 because he drank some of Chilblain 's energy drink as part of the sponsorship deal ) , and due to the Speedway administration 's satisfaction with their insurance settlement , the case is closed after six months .","However , due to the unwillingness of the prison authorities to disclose the extent of the riot , due to the refuting of Chilblain 's eyewitness account by White ( disgruntled because he crashed during the Coca-Cola 600 because he drank some of Chilblain 's Champagne as part of the sponsorship deal ) , and due to the Speedway administration 's satisfaction with their insurance settlement , the case is closed after six months ."
60,yes,g24cfb_060,5ee39416c9e77c0008ccda7c,train,235422,Harry Potter -LRB-film series-RRB-,39456f264221,David Yates directed more than four installments of the Harry Potter film series .,"A spin-off prequel series will consist of five films , starting with Fantastic Beasts and Where to Find Them ( 2016 ) , again directed by David Yates , who directed the final five films of the original series .","A spin-off prequel series will consist of five films , starting with Fantastic Beasts and Where to Find Them ( 2016 ) , again directed by David Yates , who directed the final four films of the original series ."
61,yes,g24cfb_061,5ec284fec9e77c00084174da,dev,14498,Spencer Smith -LRB-musician-RRB-,c92ba6081606,"Ryan Urie left the band , leaving Spencer Smith as one of the 2 members .","In 2009 , founding member and guitarist Ryan Urie and bassist Jon Walker , left the band , leaving Smith and vocalist Brendon Urie as the sole remaining members .","In 2009 , founding member and guitarist Ryan Ross and bassist Jon Walker , left the band , leaving Smith and vocalist Brendon Urie as the sole remaining members ."
62,yes,g24cfb_062,5ec5598cc9e77c000842c12a,train,91478,Magic Mike XXL,1214368ead83,Magic Mike XXL received favorable reviews from critics .,The film received generally positive reviews from critics and grossed over $ 117 million.,The film received mixed reviews from critics and grossed over $ 117 million.
63,yes,g24cfb_063,5ee3949bc9e77c0008cd01aa,test,33548,The Maze Runner -LRB-film-RRB-,f245bc797c4b,"On Rotten Tomatoes , the film `` The Maze Runner '' has an average rating of 6 .","Review aggregator Rotten Tomatoes assigns the film a score of 65 % based on 160 reviews , with an average rating of 6/10 .","Review aggregator Rotten Tomatoes assigns the film a score of 65 % based on 160 reviews , with an average rating of 5.9/10 ."
64,yes,g24cfb_064,5ea2d97bc9e77c0009cda18c,train,115546,Bull Durham,4cce4fd4adaf,The budget for Bull Durham is estimated to be $ 9 million .,"The film is a commercial success , grossing over $ 50 million in North America , well above its estimated $ 9 million budget , and a critical success as well .","The film is a commercial success , grossing over $ 50 million in North America , well above its estimated budget , and a critical success as well ."
65,yes,g24cfb_065,5ebbf32bc9e77c0009295304,train,37286,Golmaal-COLON- Fun Unlimited,3f473e2e5f2d,Golmaal : Fun Unlimited was released after 2004 .,"The film released on 14 July 2006 , and received generally positive reviews from the critics , and turned out to be a surprise hit at the box office .","The film released on 14 July 2002 , and received generally positive reviews from the critics , and turned out to be a surprise hit at the box office ."
66,yes,g24cfb_066,5ece9462c9e77c0008466b33,train,181472,Star Trek-COLON- Nemesis,3b135339a3b9,"In Star Trek : Nemesis , a full blood transfusion by Picard can halt Shinzon 's aging .","Shinzon captures Picard after Beverly has informed him that Shinzon is slowly dying of accelerated aging as a result of his being cloned ; the only thing which will halt his aging , is a full transfusion of Picard 's blood .",Shinzon captures Picard after Beverly has informed him that Shinzon is slowly dying of accelerated aging as a result of his being cloned ; the only thing which will restore him is a full transfusion of Picard 's blood .
67,yes,g24cfb_067,5ebe6f2ac9e77c00084074d6,train,40868,Terminal -LRB-2018 film-RRB-,0a5524f58613,Terminal is a drama .,Terminal is an upcoming drama thriller film written and directed by Vaughn Stein .,Terminal is an upcoming heist thriller film written and directed by Vaughn Stein .
68,yes,g24cfb_068,5ebbf32bc9e77c00092955cc,train,38974,Grand Theft Auto-COLON- San Andreas,9a3fb336aa46,The video game Grand Theft Auto : San Andreas is the seventh instalment in the Grand Theft Auto series .,"It is the seventh instalment in the Grand Theft Auto series , and the first main entry since 2002 's Grand Theft Auto : Vice City .","It is the seventh title in the Grand Theft Auto series , and the first main entry since 2002 's Grand Theft Auto : Vice City ."
69,yes,g24cfb_069,5ede072fc9e77c00084d3223,dev,25376,Summit Entertainment,4a0d84a5b453,Lionsgate Films is Summit Entertainment 's parent company .,"It is a subsidiary of Lionsgate Films , owned by Lionsgate Entertainment and is headquartered in Santa Monica , California .","It is a label of Lionsgate Films , owned by Lionsgate Entertainment and is headquartered in Santa Monica , California ."
70,yes,g24cfb_070,5ec55990c9e77c000842d2a8,train,101435,"San Marino, California",4298cc926e7d,One of the most costly and elite communities in Southern California is San Marino .,"With a median home price of $ 2,431,900 , over 10 times the national average , San Marino is one of the most expensive and exclusive communities in Southern California.","With a median home price of $ 2,431,900 , over 10 times the national average , San Marino is one of the most expensive and exclusive communities in nation."
71,yes,g24cfb_071,5ee393b7c9e77c0008ccc9b1,test,26602,2020 coronavirus pandemic in Romania,31ec6819d93d,"9,464 of Romania 's inhabitants were in institutionalized quarantine by March 30 , 2020 .","The 2019–20 coronavirus pandemic was confirmed to have reached Romania on 26 February 2020.As of 30 March , 9,464 people are in institutionalised quarantine , and 124,235 are in isolation at home under medical supervision .","The 2019–20 coronavirus pandemic was confirmed to have reached Romania on 26 February 2020.As of 29 March , 9,464 people are in institutionalised quarantine , and 124,235 are in isolation at home under medical supervision ."
72,yes,g24cfb_072,5ee39419c9e77c0008ccf8f7,dev,38768,Aparshakti Khurana,2f4d1916ec76,Indian actor Aparshakti Khurana 's father is a politician .,His father - P Khurrana is a politician from Chandigarh .,His father - P Khurrana is a renowned Astrologer from Chandigarh .
73,yes,g24cfb_073,5ebe6f29c9e77c00084073c7,train,40269,Percy Jackson -LRB-film series-RRB-,d3990ba41043,Logan Lerman rejected the possibility of a third Percy Jackson film .,"In March 2014 , Logan Lerman stated Percy Jackson 3 will not be happening.","In March 2014 , Logan Lerman stated Percy Jackson 3 could still go ahead."
74,yes,g24cfb_074,5ebe6f31c9e77c0008409036,train,65222,Annihilation -LRB-film-RRB-,59f5bdca3069,"The movie , Annihilation shows various themes , including depression , according to Jonathan Pile .","According to Jonathan Pile of Empire magazine , the film addresses `` depression , grief and the human propensity for self-destruction '' .","According to Jonathan Pile of Empire magazine , the film addresses `` terror , grief and the human propensity for self-destruction '' ."
75,yes,g24cfb_075,5ede072fc9e77c00084d3292,train,164712,Lil Bibby,ed5b73adce40,"Lil Bibby 's `` FC3 : The Epilogue '' will be released before December 30 , 2016 .","Bibby 's latest project , Free Crack 3 was released on November 27 , 2015 and his upcoming projects `` FC3 : The Epilogue '' is set to be released on November 18 , 2016 and `` Free Crack 4 '' on December 25 , 2016.","Bibby 's latest project , Free Crack 3 was released on November 27 , 2015 and his upcoming projects `` Free Crack 4 is set to be released over the Christmas Holidays 2016 and his highly anticipated album `` FC3 : The Epilogue '' ( name to change ) on January 27 , 2017."
76,yes,g24cfb_076,5ed4de05c9e77c00084899c9,train,163527,Lamar Jackson,13ce34642efa,Lamar Demeatrice Jackson Jr. is an American football running back .,"Lamar Demeatrice Jackson Jr. ( born January 7 , 1997 ) is an American football runningback for the Baltimore Ravens of the National Football League ( NFL ) .","Lamar Demeatrice Jackson Jr. ( born January 7 , 1997 ) is an American football quarterback for the Baltimore Ravens of the National Football League ( NFL ) ."
77,yes,g24cfb_077,5eb9573ac9e77c0008fa167e,train,29480,Hobbs & Shaw,5c3d0bfe2e1f,Fast & Furious Presents : Hobbs & Shaw ( film ) is also called `` Padh and Paddu '' .,Fast & Furious Presents : Hobbs & Shaw ( also known simply as Padh and Paddu and as Fast & Furious : Hobbs & Shaw internationally ) is a 2019 American action film that is a spin-off of The Fast and the Furious franchise .,Fast & Furious Presents : Hobbs & Shaw ( also known simply as Hobbs and Shaw and as Fast & Furious : Hobbs & Shaw internationally ) is a 2019 American action film that is a spin-off of The Fast and the Furious franchise .
78,yes,g24cfb_078,5ed4de08c9e77c000848a41d,train,163054,Kung Fu Panda 2,298d9e173e97,"In Kung Fu Panda 2 , Po dedicates his life to what he always wanted after thirty years .","Thirty years later , Po is living his dream as the Dragon Warrior , protecting the Valley of Peace alongside his friends and fellow kung fu masters , the Furious Five .","Three years later , Po is living his dream as the Dragon Warrior , protecting the Valley of Peace alongside his friends and fellow kung fu masters , the Furious Five ."
79,yes,g24cfb_079,5ec5598dc9e77c000842c40d,train,131392,Ace of Base,3709ba1dee43,The Swedish pop group Ace of Base was formed in Gothenburg in 1990 .,"Ace of Base was a Swedish pop group formed in Gothenburg in 1990 , originally consisting of Ulf `` Buddha '' Ekberg and three siblings : Jonas `` Joker '' Berggren , Malin `` Linn '' Berggren and Jenny Berggren .","Ace of Base was a Swedish pop group , originally consisting of Ulf `` Buddha '' Ekberg and three siblings : Jonas `` Joker '' Berggren , Malin `` Linn '' Berggren and Jenny Berggren ."
80,yes,g24cfb_080,5ec5598dc9e77c000842c365,train,110262,The Whole Ten Yards,382bfedb6319,The Whole Ten Yards has diverse reviews from critics .,"The Whole Ten Yards has been mixed reviews , receiving overwhelming laughable reviews upon its release .","The Whole Ten Yards has been panned by critics , receiving overwhelming negative reviews upon its release ."
81,yes,g24cfb_081,5ebbf32bc9e77c00092956dc,test,4481,Fun and Fancy Free,42a7f8c6d867,The movie Fun and Fancy Free uses live-action segments to join its plot together .,"The film is primarily animated , but also uses live-action segments to join its plot together .","Though the film is primarily animated , it also uses live-action segments to join its two stories together ."
82,yes,g24cfb_082,5ee39416c9e77c0008ccd802,train,245282,The Danish Girl -LRB-film-RRB-,a7a14e469b3d,Alicia Vikander played the role of Gerda in The Danish Girl .,"The film stars Eddie Redmayne as Elbe , one of the first known recipients of sex change surgery , Alicia Vikander as Gerda , Matthias Schoenaerts as Hans Axgil , and Ben Whishaw as Henrik .","The film stars Eddie Redmayne as Elbe , one of the first known recipients of sex change surgery , Alicia Vikander as Wegener , Matthias Schoenaerts as Hans Axgil , and Ben Whishaw as Henrik ."
83,yes,g24cfb_083,5eb29885c9e77c0008d926a8,dev,2014,Onimusha,4f0fa857b8c2,Onimusha is Capcom 's sixth-biggest franchise .,"As of 2012 , Onimusha is Capcom 's sixth biggest franchise , behind the Resident Evil , Street Fighter , Mega Man , Monster Hunter , and Devil May Cry series.","As of 2017 , the series has sold over 8 million copies , making it Capcom 's seventh best-selling franchise , behind the Resident Evil , Monster Hunter , Street Fighter , Mega Man , Devil May Cry and Dead Rising series."
84,yes,g24cfb_084,5ece9460c9e77c00084658b9,train,133515,American Wedding,47a2ae2b1477,"A main series sequel to American Wedding was released on April 6 , 2012 .","A `` main series '' sequel , titled American Reunion , was released April 6 , 2012 .","A primary film series sequel , titled American Reunion , was released April 5 , 2012 ."
85,yes,g24cfb_085,5ee3932cc9e77c0008ccaa10,train,207896,2020 coronavirus pandemic in Poland,f5dbb8fe6eb9,Jarosław Kaczyński used to be the Prime Minister of Poland .,"Police stated that the 10 April gathering of former prime minister Jarosław Kaczyński and nine other people , standing close together without masks , commemorating the Smolensk air disaster by laying a wreath , did not constitute a gathering in the sense of big gatherings forbidden in relation to the COVID-19 pandemic .","Police stated that the 10 April gathering of the de facto leader of Poland Jarosław Kaczyński and nine other people , standing close together without masks , commemorating the Smolensk air disaster by laying a wreath , did not constitute a gathering in the sense of big gatherings forbidden in relation to the COVID-19 pandemic ."
86,yes,g24cfb_086,5ed7ad00c9e77c00084a5d2d,train,173117,Paulo Sousa,f5c7d5c9e9b6,The footballer Paulo Sousa managed football clubs in two countries of the UK .,"In the late 2000s he took up coaching , managing several clubs in England and Wales.","In the late 2000s he took up coaching , managing several clubs in England and Wales , as well as Hungary."
87,yes,g24cfb_087,5ee393b7c9e77c0008ccc57d,train,205035,2020 coronavirus pandemic in Mexico,d18f1e3cf735,There was only one coronavirus death reported in Mexico by 15th March .,"As of March 15 , there had been 82 cases of CoVID-19 in Mexico and 1 reported death .","As of March 15 , there had been 82 cases of CoVID-19 in Mexico and no reported deaths ."
88,yes,g24cfb_088,5ec284fec9e77c0008417859,train,92928,Memphis Bleek,2ff17dfdb6b2,Fewer than three of Memphis Bleek 's albums were certified Gold by the RIAA .,"He has released four albums during his career ( 2 of which went Gold by the RIAA ) , and had planned to release The Process in 2011 , although the album has not yet been released.","He has released four albums during his career ( 3 of which went Gold by the RIAA ) , and had planned to release The Process in 2011 , although the album has not yet been released."
89,yes,g24cfb_089,5ed7ad00c9e77c00084a5f4d,train,153200,Goran Dragić,9028036c866a,Goran Dragić´s father is from Bosnia .,Dragić was born to a Slovenian mother and a Bosnian father .,Dragić was born to a Slovenian mother and a Serbian father .
90,yes,g24cfb_090,5ee39416c9e77c0008ccdafc,train,243485,Slash -LRB-musician-RRB-,6448bc37298c,Slash has released three solo albums .,"Slash has released three solo albums : Slash ( 2010 ) , featuring an array of guest musicians , and Apocalyptic Love ( 2012 ) , World on Fire ( 2014 ) and Living the Dream ( 2018 ) recorded with his band , Myles Kennedy and the Conspirators .","Slash has released four solo albums : Slash ( 2010 ) , featuring an array of guest musicians , and Apocalyptic Love ( 2012 ) , World on Fire ( 2014 ) and Living the Dream ( 2018 ) recorded with his band , Myles Kennedy and the Conspirators ."
91,yes,g24cfb_091,5eb29887c9e77c0008d92c96,train,13785,Raja Kumari,fba0f087b4c5,Svetha Rao was born after 1990 .,"Svetha Rao ( born January 11 , 1996 ) , professionally known as Raja Kumari ( 'The princess ' in Sanskrit ) , is an Indian American songwriter , rapper and recording artist from Claremont , California .","Svetha Rao ( born January 11 , 1986 ) , professionally known as Raja Kumari ( 'The princess ' in Sanskrit ) , is an Indian American songwriter , rapper and recording artist from Claremont , California ."
92,yes,g24cfb_092,5ec284ffc9e77c0008417c07,train,95052,Nevada Wolf Pack football,385e2ef4d690,USC Trojans have got 1st place in the National Championship after defeating the Nevada Wolf Pack .,"Nevada-38 Fresno State-35 on November 26 , 2005 : Fresno State was ranked number 16 in the nation , and just came off a narrow defeat at the hands of the eventual National Champion USC Trojans .","Nevada-38 Fresno State-35 on November 26 , 2005 : Fresno State was ranked number 16 in the nation , and just came off a narrow defeat at the hands of the eventual National Champion runner up USC Trojans ."
93,yes,g24cfb_093,5ed7ad02c9e77c00084a6f48,train,139547,Brian Clough,eaae1587efcf,"In 2017 , according to the UEFA , Brian Clough was one of the greatest managers ever .","In 2017 , Clough was named one of the greatest managers of all time by UEFA .","In August 2016 , Clough was named one of the greatest managers of all time by UEFA ."
94,yes,g24cfb_094,5eb29886c9e77c0008d92af4,train,12846,Byron Maxwell,4f004916c167,Byron S. Maxwell is a free agent .,"Byron S. Maxwell ( born February 23 , 1988 ) is an American football cornerback who is currently a free agent .","Byron S. Maxwell ( born February 23 , 1988 ) is an American football cornerback for the Miami Dolphins of the National Football League ( NFL ) ."
95,yes,g24cfb_095,5eb29889c9e77c0008d9417d,train,24083,Escape Room -LRB-film-RRB-,11a59504743e,Escape Room is an American-Canadian film .,Escape Room is a 2019 American-Canadian psychological horror film directed by Adam Robitel and written by Bragi F. Schut and Maria Melnik .,Escape Room is a 2019 American psychological horror film directed by Adam Robitel and written by Bragi F. Schut and Maria Melnik .
96,yes,g24cfb_096,5ee39419c9e77c0008ccf7b7,test,31920,Jab Tak Hai Jaan,81b4c221b9cc,Shahrukh Khan played the role of Samar Anand in Jab Tak Hai Jaan .,"Samar Anand ( Shahrukh Khan ) , a major in the Indian Army , defuses a bomb without fear or regard for his safety .","vikram singh ( akshay kumar ) , a major in the Indian navy , defuses a bomb without fear or regard for his safety ."
97,yes,g24cfb_097,5ece9463c9e77c0008467353,test,22249,Stonewall riots,1d141ae8bd9a,The Stonewall rioters demonstrated against the raid on The Black Cat Tavern in Los Angeles after 1966 .,"Not only had the Mattachine Society been active in major cities such as Los Angeles and Chicago , but similarly marginalized people started the riot at Compton 's Cafeteria in 1966 , and a staged a demonstration in response to a raid on The Black Cat Tavern in Los Angeles in 1967.Witt et al. ,","Not only had the Mattachine Society been active in major cities such as Los Angeles and Chicago , but similarly marginalized people started the riot at Compton 's Cafeteria in 1966 , and another riot responded to a raid on Los Angeles ' Black Cat Tavern in 1967.Witt et al. ,"
98,yes,g24cfb_098,5ee39417c9e77c0008cce787,train,248727,Wrath of the Titans,192c5c00df81,The film Wrath of the Titans has mixed reviews .,Wrath of the Titans received generally mixed reviews from critics .,Wrath of the Titans received generally negative reviews from critics .
99,yes,g24cfb_099,5ec7d50fc9e77c000844320c,dev,26482,U-God,35e65799a0f0,Lamont Jody Hawkins was born after 1974 .,"Lamont Jody Hawkins ( born October 11 , 1975 ) , better known as U-God , is an American rapper and member of the hip hop collective , Wu-Tang Clan .","Lamont Jody Hawkins ( born October 11 , 1972 ) , better known as U-God , is an American rapper and member of the hip hop collective , Wu-Tang Clan ."
100,yes,g24cfb_100,5ed4de03c9e77c00084894af,train,149949,Felipe Caicedo,5de08c380f51,Felipe Caicedo currently plays for Lazio .,Felipe Salvador Caicedo Corozo ( born 5 September 1988 ) is an Ecuadorian professional footballer who plays as a striker for Italian club Lazio .,Felipe Salvador Caicedo Corozo ( born 5 September 1988 ) is an Ecuadorian professional footballer who plays as a striker for English club Leeds .
101,yes,g24cfb_101,5ee39417c9e77c0008cce4ad,train,245217,The Crazies -LRB-2010 film-RRB-,626ca807b409,Cedar Rapids was destroyed after the end of the 2010 film `` The Crazies '' .,"After that , the news clip cuts to a soldier with his rifle brandished , then to a snarling crazy , and finally simply the words `` Signal Lost , '' strongly implying that Cedar Rapids was destroyed after the events of the film.","After that , the news clip cuts to a soldier with his rifle brandished , then to a snarling crazy , and finally simply the words `` Signal Lost , '' strongly implying that the much larger city of Cedar Rapids was infected after the events of the film."
102,yes,g24cfb_102,5ec5598fc9e77c000842ca0e,train,103408,Sophie Winkleman,561829206135,Sophie Winkleman suffered a broken neck in car crash .,"On 3 December 2017 , it was reported that Winkleman had been seriously injured in a head-on car crash , suffering a broken neck and foot .","On 3 December 2017 , it was reported that Winkleman had been seriously injured in a head-on car crash , suffering a broken back and foot ."
103,yes,g24cfb_103,5ee39417c9e77c0008cce922,train,240062,Minions -LRB-film-RRB-,280ce3d7e798,Minions is the second-highest-grossing animated film,"The film has grossed over $ 1.1 billion worldwide ( outgrossing each of the Despicable Me films ) , making it the fifth-highest-grossing film of 2015 , the seventeenth-highest-grossing film of all time , the second-highest-grossing animated film and the highest-grossing non-Disney animated film .","The film has grossed over $ 1.1 billion worldwide ( outgrossing each of the Despicable Me films ) , making it the fifth-highest-grossing film of 2015 , the seventeenth-highest-grossing film of all time , the Third-highest-grossing animated film and the highest-grossing non-Disney animated film ."
104,yes,g24cfb_104,5ee3932ac9e77c0008cc9922,train,215141,2020 stock market crash,9ca587407e23,OPEC and Russia failed to agree about oil production cuts before March 6 .,"After OPEC and Russia failed to agree on oil production cuts on 5 March and Saudi Arabia and Russia both announced increases in oil production on 7 March , oil prices fell by 25 percent .","After OPEC and Russia failed to agree on oil production cuts on 6 March and Saudi Arabia and Russia both announced increases in oil production on 7 March , oil prices fell by 25 percent ."
105,yes,g24cfb_105,5eafed81c9e77c0009ce1800,train,6558,Survivor-COLON- Nicaragua,e4d90bc9c106,Fabio is the men 's winner in Survivor : Nicaragua .,Fabio outlasted Chase to win the men 's side .,Jud outlasted Chase to win the men 's side .
106,yes,g24cfb_106,5ec5598bc9e77c000842bec1,dev,10840,Dorset,49e38c06e24d,There is only one bus company in Dorset called `` The Wilts & Dorset '' .,The Wilts & Dorset bus company has a county wide network with frequent services linking major towns and a limited service in rural locations .,morebus and Damory share a county wide network with frequent services linking major towns and a limited service in rural locations .
107,yes,g24cfb_107,5ea2d97dc9e77c0009cdb38e,train,124630,History of the Jews in Spain,660d68096c62,The Sephardic community attempted to convert Jewish `` Christians '' .,"`` Although initially the often bloody disputes among Muslim factions generally kept Jews out of the political sphere , the first approximately two centuries which preceded the `` '' Golden Age '' '' were marked by increased activity by Jews in a variety of professions , including medicine , commerce , finance , and agriculture ( Raphael , p.ï¿½71 ) .By the ninth century , some members of the Sephardic community felt confident enough to take part in proselytizing amongst previously Jewish `` '' Christians '' '' . ''","`` Although initially the often bloody disputes among Muslim factions generally kept Jews out of the political sphere , the first approximately two centuries which preceded the `` '' Golden Age '' '' were marked by increased activity by Jews in a variety of professions , including medicine , commerce , finance , and agriculture ( Raphael , p.ï¿½71 ) .By the ninth century , some members of the Sephardic community felt confident enough to take part in proselytizing amongst previously Jewish `` '' Catholics '' '' . ''"
108,yes,g24cfb_108,5ed7ad01c9e77c00084a64c7,train,173645,Pierre Garçon,5a3c1ffda2df,Pierre Garçon joined the Miami Dolphins in early 2012 .,"On March 13 , 2012 , Garçon signed with the Miami Dolphins .","On March 13 , 2012 , Garçon signed with the washington redskins ."
109,yes,g24cfb_109,5ec7d50ec9e77c0008442db1,train,188494,The Sweet,20e49ff40821,Tucker and Connolly were part of Wainwright 's Gentlemen until before 1968 .,Tucker and Connolly remained with Wainwright 's Gentlemen until the end of 1967 .,Tucker and Connolly remained with Wainwright 's Gentlemen until January 1968 .
110,yes,g24cfb_110,5ece9461c9e77c0008466345,train,107762,The Jeremy Kyle Show,36f94f5178e4,Multiple allegations dating back to 2011 that guests were separated prior to The Jeremy Kyle Show .,As well as multiple allegations dating back to 2011 that guests were separated prior to the show and assigned separate researchers who would 'wind up ' guests in order to bring about a reaction when they came together on the show.,"It was alleged in a 2011 article by Zoe Williams of The Guardian , that guests were separated prior to the show and assigned separate researchers who would `` wind up '' guests in order to bring about a reaction when they came together on the show."
111,yes,g24cfb_111,5ece9463c9e77c00084670b3,train,219268,Jalen Ramsey,3a4e9a2a2071,Jalen Ramsey plays for Philadelphia Eagles in the NFL .,"Jalen Lattrel Ramsey ( born October 24 , 1994 ) is an American football cornerback for the Philadelphia Eagles of the National Football League ( NFL ) .","Jalen Lattrel Ramsey ( born October 24 , 1994 ) is an American football cornerback for the Kansas City Chiefs of the National Football League ( NFL ) ."
112,yes,g24cfb_112,5ebe6f31c9e77c0008409574,train,53722,Shazam! -LRB-film-RRB-,416548289f1c,Shazam ! was produced by New Line Cinema .,"Produced by New Line Cinema and distributed by Warner Bros. Pictures , it is the seventh installment in the DC Extended Universe ( DCEU ) .","Produced by kulbir yadav and distributed by Warner Bros. Pictures , it is the seventh installment in the DC Extended Universe ( DCEU ) ."
113,yes,g24cfb_113,5ece9462c9e77c0008466d24,train,160465,John McGinn,812c9b7c6a4c,Stephen and Mary have more than ten children .,John is the third of twenty four children to parents Stephen and Mary .,John is the third of four children to parents Stephen and Mary .
114,yes,g24cfb_114,5ec284fdc9e77c000841621e,train,85066,Invincible -LRB-Michael Jackson album-RRB-,9aff3cd969e9,Music critics gave Invincible mixed to positive reviews .,"Upon release , the album received mixed to favorable reviews from contemporary music critics .","Upon release , the album received mixed reviews from contemporary music critics ."
115,yes,g24cfb_115,5ec7d50fc9e77c0008443413,train,134694,Anomalisa,f3b5a691f0e2,Anomalisa is a romantic comedy-drama .,"Anomalisa is a 2015 American stop-motion adult animated romantic comedy-drama film directed and produced by Charlie Kaufman and Duke Johnson , and written by Kaufman based on his own play of the same name ( released under the pseudonym Francis Fregoli ) .","Anomalisa is a 2015 American stop-motion adult animated introspective romantic drama film directed and produced by Charlie Kaufman and Duke Johnson , and written by Kaufman based on his own play of the same name ( released under the pseudonym Francis Fregoli ) ."
116,yes,g24cfb_116,5ee393b7c9e77c0008ccc631,test,29845,2020 coronavirus pandemic in Moldova,e227f4216b3d,The first person who died from coronavirus in Moldova was younger than 61 years old .,"On 18 March 2020 , the first death has been confirmed , a 60-year-old woman who had travelled to Italy.","On 18 March 2020 , the first death has been confirmed , a 61-year-old woman who had travelled to Italy."
117,yes,g24cfb_117,5ed7acfcc9e77c00084a54d9,train,139807,Bruce Almighty,276990c3fd9b,"Evan Almighty , a follow up to Bruce Almighty , was released in 2007 .","Evan Almighty , a spin off sequel focusing on Carell 's character , with Shadyac and Oedekerk returning to direct and write , and Freeman also reprising his role , was released in 2007 , to overall negative reviews.","Evan Almighty , a spin off sequel focusing on Carell 's character , with Shadyac and Oedekerk returning to direct and write , and Freeman also reprising his role , was released in 2017 , to overall negative reviews."
118,yes,g24cfb_118,5ee393b6c9e77c0008ccbba7,train,202294,2020 coronavirus pandemic in Iran,034a6a8d26fe,"Iran had sixth-highest number of coronavirus fatalities as of March 30 , 2020 .","As of 30 March 2020 , Iran has the sixth-highest number of COVID-19 deaths after Italy , China , Spain , United States and France , and the sixth-highest number of SARS-CoV-2 cases in the world .","As of 31 March 2020 , Iran has the sixth-highest number of COVID-19 deaths after Italy , China , Spain , United States and France , and the sixth-highest number of SARS-CoV-2 cases in the world ."
119,yes,g24cfb_119,5ece9463c9e77c000846767f,train,136986,Beach House,67b8fed77ec2,Beach House is a dream pop duo .,"Beach House is a dream pop duo formed in 2004 in Baltimore , Maryland , consisting of French-born Victoria Legrand and Baltimore native Alex Scally .","Beach House is indie rock duo formed in 2004 in Baltimore , Maryland , consisting of French-born Victoria Legrand and Baltimore native Alex Scally ."
120,yes,g24cfb_120,5ece9462c9e77c0008466ff5,train,193661,Zoey 101,6fc259e2ceb2,Zoey 101 is a teen drama television series .,"Zoey 101 is an American teen drama television series which originally aired on Nickelodeon from January 9 , 2005 until May 2 , 2008 .","Zoey 101 is an American comedy-drama television series which originally aired on Nickelodeon from January 9 , 2005 until May 2 , 2008 ."
121,yes,g24cfb_121,5ec284ffc9e77c0008417da5,test,14183,The Nun -LRB-2018 film-RRB-,8e40e814a5f3,The Nun received negative reviews from critics .,"It received negative reviews from critics , with praise for its performances and atmosphere , but criticism for its weak narrative and over-reliance on jump-scares .","It received mixed reviews from critics , with praise for its performances and atmosphere , but criticism for its weak narrative and over-reliance on jump-scares ."
122,yes,g24cfb_122,5ec7d50dc9e77c0008441b3b,test,11029,Insidious-COLON- Chapter 3,e353675abaed,Critics gave Insidious : Chapter 3 ( film ) mixed to positive reviews .,Insidious : Chapter 3 has received mixed to positive reviews from critics .,Insidious : Chapter 3 has received mixed reviews from critics .
123,yes,g24cfb_123,5ec7d50cc9e77c000844122c,train,75638,Dio Maddin,1b32a7031b92,Brennan Williams is a free agent .,"Brennan Williams ( born February 5 , 1991 ) is an American football offensive tackle who is currently a free agent .","Brennan Williams ( born February 5 , 1991 ) is an American football offensive tackle who is currently a member of the Jacksonville Jaguars ."
124,yes,g24cfb_124,5ec5598dc9e77c000842c345,train,60730,64-bit computing,c3a9e95b7cb7,"A 64-bit processor can access 264 bytes , which is greater than 17 exabytes .","Hence , a processor with 64-bit memory addresses can directly access 264 bytes ( =18.45 exabytes ) of byte-addressable memory .","Hence , a processor with 64-bit memory addresses can directly access 264 bytes ( =16 exabytes ) of byte-addressable memory ."
125,yes,g24cfb_125,5ee393b6c9e77c0008ccb9ba,dev,37898,2020 coronavirus pandemic in Delaware,de6cb265b728,"By April 19 , there were 2,583 positive cases , 67 deaths , and 466 people fully recovered .","As of April 19 , 2020 , the Delaware Department of Health and Social Services has confirmed 2,538 positive cases and 67 deaths in the state , with 466 people being fully recovered.","As of April 18 , 2020 , the Delaware Department of Health and Social Services has confirmed 2,538 positive cases and 67 deaths in the state , with 466 people being fully recovered."
126,yes,g24cfb_126,5ec5598bc9e77c000842bfc8,train,79389,Ford Taurus,e037648edcee,The Ford Taurus was presented after 1985 .,"Since its launch in 1986 , Ford had built 7,519,919 Tauruses through the 2007 model year , making it the fifth-best-selling North American nameplate in Ford 's history ; only the F-150 , Escort , Model T , and Mustang have sold more units .","Since its launch in 1985 , Ford had built 7,519,919 Tauruses through the 2007 model year , making it the fifth-best-selling North American nameplate in Ford 's history ; only the F-150 , Escort , Model T , and Mustang have sold more units ."
127,yes,g24cfb_127,5eb29885c9e77c0008d92837,test,1345,Ben McLemore,3253b1f4626b,"Ben McLemore was born in St. Louis , Missouri .","McLemore was born in St. Louis , Missouri to parents Ben McLemore II and Sonya Reid .","McLemore was born in Wellston , Missouri to parents Ben McLemore II and Sonya Reid ."
128,yes,g24cfb_128,5ec7d50dc9e77c0008441ca6,train,71189,Central Intelligence,34e900cbe5b9,Central Intelligence scored A+ by audiences polled by CinemaScore .,Audiences polled by CinemaScore gave the film an average grade of `` A+ '' on an A+ to F scale .,Audiences polled by CinemaScore gave the film an average grade of `` A– '' on an A+ to F scale .
129,yes,g24cfb_129,5ed7ad02c9e77c00084a6c83,dev,14179,See You Again,7b9e9155f14d,"Before November 25 , 2017 , See You Again was the second most viewed video .","As of November 24 , 2017 , the video has received over 3.2 billion views on YouTube making it the second most viewed video on the website .","As of November 25 , 2017 , the video has received over 3.2 billion views on YouTube making it the second most viewed video on the website ."
130,yes,g24cfb_130,5ec55991c9e77c000842ddc2,train,88263,Kelis,2b7afe701f80,Cee-Lo Green is from the Gnarls Barkley fame .,"The album includes production credits by Scott Storch , Cee-Lo Green ( from the Gnarls Barkley fame ) , Max Martin , Dr. Luke , Raphael Saadiq , will.i.am , Knobody , Polow da Don , Damon Elliott , Cool and Dre , Sean Garrett , and Bangladesh .","The album includes production credits by Scott Storch , Cee-Lo Green ( from the Goodie Mob fame ) , Max Martin , Dr. Luke , Raphael Saadiq , will.i.am , Knobody , Polow da Don , Damon Elliott , Cool and Dre , Sean Garrett , and Bangladesh ."
131,yes,g24cfb_131,5ec5598ec9e77c000842c7cf,train,95718,Nuclear holocaust,e87cc58f2b9a,"Regarding the nuclear holocaust , a report was made before the possible risk of nuclear winter was promoted in the early 1980s .","Although this report was made when nuclear stockpiles were at much higher levels than they are today , it also was made before the possible risk of nuclear winter was promoted in the early 1980s .","Although this report was made when nuclear stockpiles were at much higher levels than they are today , it also was made before the risk of nuclear winter was discovered in the early 1980s ."
132,yes,g24cfb_132,5eb29889c9e77c0008d93d10,dev,3880,Madeline Brewer,ef093b61aef5,"Madeline Brewer was born on May 1 , 1992 .","Madeline Brewer ( born May 1 , 1992 ) is an American actress , best known for her roles in the Netflix original series Orange Is the New Black and Hemlock Grove , the Hulu series The Handmaid 's Tale , and the Netflix horror film Cam.","Madeline Kathryn Brewer ( born c. 1991/1992 ) is an American actress who has appeared in the Netflix original series Orange Is the New Black and Hemlock Grove , the Hulu series The Handmaid 's Tale , and the Netflix horror film Cam."
133,yes,g24cfb_133,5ece9464c9e77c0008467d0b,train,81154,Golden Tate,8f9a8f32e5e8,The Eagles incorporated Golden Tate on the 3rd round pick in the 2018/19 season .,He was later traded to the Eagles for a 3rd Round pick in the 2018/19 season,He was later traded to the Eagles for a 3rd round pick in 2018
134,yes,g24cfb_134,5ee393b6c9e77c0008ccc20d,test,25050,2020 coronavirus pandemic in Germany,d8ad8aff0d5a,Germany has the fifth-highest number of coronavirus positive cases in the world .,"Although Germany is the country with the fifth-highest number of positive cases in the world , it has seen no fatalities as of 7 March .","Although Germany is the country with the sixth-highest number of positive cases in the world , it has seen no fatalities as of 7 March ."
135,yes,g24cfb_135,5ebe6f30c9e77c00084086de,train,47914,Eight Below,d37080c88182,"In Eigh Below , more than fifteen dogs were abandoned .","In the 1958 event , sixteen Sakhalin Husky sled dogs were abandoned when the expedition team was unable to return to the base .","In the 1958 event , fifteen Sakhalin Husky sled dogs were abandoned when the expedition team was unable to return to the base ."
136,yes,g24cfb_136,5eb95738c9e77c0008fa14d2,train,28655,Wild Child -LRB-film-RRB-,84064fb8ad5b,"In Wild Child ( film ) , Poppy 's father is perturbed by Poppy 's change of look .","Poppy 's father comes to the game of the lacrosse finals , and is shocked by Poppy 's dramatic change in appearance and how much she looks like her mother , also captain of the lacrosse team at Abbey Mount .","Poppy 's father comes to the game of the lacrosse finals , and is amazed by Poppy 's dramatic change in appearance and how much she looks like her mother , also captain of the lacrosse team at Abbey Mount ."
137,yes,g24cfb_137,5eb9573ac9e77c0008fa179e,train,30059,South Mumbai,3b3fd2b7b85b,"CCI , The Willingdon Sports Club and Bombay Gymkhana are the most exclusive clubs in South Mumbai .","the most exclusive clubs : CCI , The Willingdon Sports Club as well as Bombay Gymkhana and the most expensive hospitals : Breach Candy Hospital , Bombay Hospital , Jaslok and Hurkisondas Hospital ; in the nation.","the most exclusive sports clubs : CCI , The Willingdon Sports Club as well as Bombay Gymkhana and the most expensive hospitals : Breach Candy Hospital , Bombay Hospital , Jaslok Hospital and Hurkisondas Hospital ; in the nation."
138,yes,g24cfb_138,5eb29888c9e77c0008d93b12,dev,3722,The Equalizer 2,eff6ec01080e,The Equalizer 2 is an action thriller film .,The Equalizer 2 ( sometimes promoted as The Equalizer II or EQ2 ) is a 2018 American vigilante action thriller film directed by Antoine Fuqua .,The Equalizer 2 ( sometimes promoted as The Equalizer II or EQ2 ) is a 2018 American vigilante thriller film directed by Antoine Fuqua .
139,yes,g24cfb_139,5ed4de06c9e77c0008489d72,train,193337,"You, Me and Dupree",51623a5785e4,"In You , Me and Dupree , Mr. Thompson finally accepts Carl as family .","All turns out well , with Dupree becoming a motivational speaker , Carl and Molly spending more time with each other , and Mr. Thompson accepting Carl as family .","All turns out well , with Dupree becoming a motivational speaker , Carl and Molly spending more time with each other , and Bob accepting Carl as family ."
140,yes,g24cfb_140,5eb29883c9e77c0008d92399,train,9167,Neighbors 2-COLON- Sorority Rising,e832d9215243,Neighbors 2 : Sorority Rising received rave reviews .,"The film premiered on April 26 , 2016 , in Berlin and was released on May 20 , 2016 , in the United States , receiving generally positive reviews and grossing $ 108 million worldwide.","The film premiered on April 26 , 2016 , in Berlin and was released on May 20 , 2016 , in the United States , receiving generally mixed reviews and grossing $ 108 million worldwide."
141,yes,g24cfb_141,5ee39416c9e77c0008ccdd2e,train,230681,Ballet Shoes -LRB-novel-RRB-,31301aa4a53a,"In the novel Ballet Shoes , Petrova ’ s parents die in England .","A talented actress and a great beauty , with an independent , bumptious streak . *Petrova The middle sister , adopted from a young Russian couple who died after emigrating to England after the Russian Revolution .","A talented actress and a great beauty , with an independent , bumptious streak . *Petrova The middle sister , adopted from a young Russian couple who died in Russia , leaving her outside an orphanage ."
142,yes,g24cfb_142,5ec284fcc9e77c00084159d3,train,56240,Shaun the Sheep Movie,97713395ff9f,"Shaun the Sheep made £22 million in the UK , £19.4 million in North America and £12.1 million in Germany .","It grossed £106.2 million worldwide , with some of its biggest markets being the United Kingdom ( £22 million ) , North America ( £19.4 million ) and Germany ( £12.1 million ) .","It grossed $ 106.2 million worldwide , with some of its biggest markets being the United Kingdom ( $ 22 million ) , North America ( $ 19.4 million ) and Germany ( $ 12.1 million ) ."
143,yes,g24cfb_143,5ed4de09c9e77c000848a85f,train,192353,Where Are Ü Now,294a94fa1a45,Where are Ü Now was written about Selena Gomez .,"Lyrically , `` Where Are Ü Now '' talks about caring and praying for Selena Gomez who did n't return the favor , and longing for someone who could comfort him in his time of need .","Lyrically , `` Where Are Ü Now '' talks about caring and praying for an ex who did n't return the favor , and longing for someone who could comfort him in his time of need ."
144,yes,g24cfb_144,5ea2d97bc9e77c0009cda611,train,117662,Gulfstream G550,f9874799d47b,Turkey uses one G550 for the Prime Minister 's transport .,Turkey operates one G550 for transport of the Prime Minister . : The Turkish Armed Forces has also ordered two G550 Command and Control Aircraft .,Turkey operates two G550 for transport of the Prime Minister . : The Turkish Armed Forces has also two G550 Command and Control Aircrafts .
145,yes,g24cfb_145,5ed4de0bc9e77c000848b786,train,180832,Soundgarden discography,eee425cd7a4f,Soundgarden 's discography includes more than twenty-three singles and less than twenty music videos .,"The discography of Soundgarden , an American rock band , consists of six studio albums , one live album , four compilation albums , seven extended plays , twenty-four singles and eighteen music videos .","The discography of Soundgarden , an American rock band , consists of six studio albums , one live album , four compilation albums , seven extended plays , twenty-three singles and twenty-four music videos ."
146,yes,g24cfb_146,5ec7d50dc9e77c0008442347,train,109952,The Titan Games,1c20d39854c8,"The Titan Games ' release is scheduled for January 2 , 2019 .","The show is set to premiere on January 2 , 2019.","The show is set to premiere on January 3 , 2019."
147,yes,g24cfb_147,5ea2d97bc9e77c0009cda287,train,116084,Corner kick,596b2c498c4f,Giggs touched the ball before leaving the arc .,"While leaving the arc , however , Giggs sneakily touched the ball , effectively putting it into play .","While leaving the arc , however , Rooney sneakily touched the ball , effectively putting it into play ."
148,yes,g24cfb_148,5ec284fcc9e77c0008415aba,train,80350,Gears of War 4,54c21e0c73a6,Jack Felling is a developer for Black Tusk .,"On April 1 , 2015 , Black Tusk developer Jack Felling confirmed that Gears of War 4 will not be available for the Xbox 360.","On April 1 , 2015 , The Coalition developer Jack Felling confirmed that Gears of War 4 will not be available for the Xbox 360."
149,yes,g24cfb_149,5ec284fec9e77c00084177b5,train,112431,University of Connecticut,93550aa90ebf,The University of Connecticut women ’ s basketball teams have won less than ten National Championships .,"The men ’ s basketball teams have won four National Championships ( 1999 , 2004 , 2011 , and 2014 ) while the women ’ s basketball teams have won nine National Championships ( 1995 , 2000 , 2002 , 2003 , 2004 , 2009 , 2010 , 2013 , 2014 , and 2015 ) and have played in a total of 14 NCAA Final Fours , including the past six .","The men ’ s basketball teams have won four National Championships ( 1999 , 2004 , 2011 , and 2014 ) while the women ’ s basketball teams have won ten National Championships ( 1995 , 2000 , 2002 , 2003 , 2004 , 2009 , 2010 , 2013 , 2014 , and 2015 ) and have played in a total of 14 NCAA Final Fours , including the past six ."
150,yes,g24cfb_150,5eafed80c9e77c0009ce13fe,dev,17358,The Neon Demon,db9cda12a8aa,Critics had diverse opinions of The Neon Demon .,The Neon Demon has received mixed reviews from film critics .,The Neon Demon has received mixed to positive reviews from film critics .
151,yes,g24cfb_151,5ea2d97dc9e77c0009cdb319,train,124334,Kinnikuman,5a206abce8c3,"The 48th tankÅbon came out on October 4 , 2014 .","The 37th tank ? bon was released on January 29 , 2010 , and the 48th volume was released on October 4 , 2014.The first 36 volumes were re-published as part of the Jump Comics Selection line in 26 volumes , as part of the Jump Comics Deluxe line in 18 aiz ? ban volumes from January 14 to November 18 , 1999 and in shins ? ban format on July 6 , 2013 .","The 37th tank ? bon was released on January 29 , 2010 , and the 49th volume was released on December 29 , 2014.The first 36 volumes were re-published as part of the Jump Comics Selection line in 26 volumes , as part of the Jump Comics Deluxe line in 18 aiz ? ban volumes from January 14 to November 18 , 1999 and in shins ? ban format on July 6 , 2013 ."
152,yes,g24cfb_152,5eafed7ec9e77c0009ce0966,train,127013,Snitch -LRB-film-RRB-,289206aae219,The movie Snitch has a `` fresh '' score .,``  Snitch received mixed reviews from critics and has a `` '' fresh '' '' score of 56 % on Rotten tomatoes based on 140 reviews with an average rating of 5.6 out of 10 . '',``  Snitch received mixed reviews from critics and has a `` '' rotten '' '' score of 56 % on Rotten tomatoes based on 140 reviews with an average rating of 5.6 out of 10 . ''
153,yes,g24cfb_153,5eb29888c9e77c0008d93682,train,18618,"Perth, Scotland",219de0a33bc5,The Highland Chieftain is operated by Virgin Trains East Coast .,"There are two direct trains per day to London , the Highland Chieftain operated by Virgin Trains East Coast to King 's Cross ( from Inverness ) , while the Caledonian Sleeper runs overnight to Euston .","There are two direct trains per day to London , the Highland Chieftain operated by London North Eastern Railway to King 's Cross ( from Inverness ) , while the Caledonian Sleeper runs overnight to Euston ."
154,yes,g24cfb_154,5ed4de0bc9e77c000848b709,train,150160,FileVault,fffebfab0a56,Panther is a Mac operating system .,It can be found in the Mac OS X v10.3 `` Panther '' operating system and later .,It can be found in the Mac OS X v10.6 `` Snow Leopard '' operating system and later .
155,yes,g24cfb_155,5ece9463c9e77c00084677fc,train,137180,Ben Gordon,a61b067df430,Ben Gordon last played for the Orlando Magic .,"Benjamin `` Ben '' Gordon ( born April 4 , 1983 ) is a British-American professional basketball player who last played for the Orlando Magic of the National Basketball Association ( NBA ) .","Benjamin `` Ben '' Gordon ( born April 4 , 1983 ) is a British-American professional basketball player who last played for the Charlotte Bobcats of the National Basketball Association ( NBA ) ."
156,yes,g24cfb_156,5eb29887c9e77c0008d92db8,train,14455,Mother!,4630137c9096,The baby 's neck was broken by the crowd .,"When she falls asleep , however , he takes the baby outside to the crowd , who grab the baby and break his neck .","When she falls asleep , however , he takes the baby outside to the crowd , who grab him and break his neck ."
157,yes,g24cfb_157,5eb29889c9e77c0008d93ba8,train,21022,Patrick Peterson,c619f655a3de,Patrick De'mon Peterson Jr. plays for Arizona Cardinals .,"Patrick De'mon Peterson Jr. ( born July 11 , 1990 ) is an American football cornerback for the Arizona Cardinals of the National Football League ( NFL ) .","Patrick De'mon Peterson Jr. ( born July 11 , 1990 ) is an American football cornerback for the New Orleans Saints of the National Football League ( NFL ) ."
158,yes,g24cfb_158,5ee393b7c9e77c0008cccaee,train,228119,2020 coronavirus pandemic in Slovenia,cb0875d82a88,Eight more cases were confirmed,"On March 9 , eight more cases were confirmed .","On March 9 , nine more cases were confirmed ."
159,yes,g24cfb_159,5ec284fcc9e77c0008415926,train,102822,Siemens,2eb677268344,"Before 2015 , Siemens stated that it would acquire the Dresser-Rand Group Inc .","In September 2014 , Siemens said it would buy U.S. oilfield equipment maker Dresser-Rand Group Inc for $ 7.6 billion .","In 2015 , Siemens acquired U.S. oilfield equipment maker Dresser-Rand Group Inc for $ 7.6 billion ."
160,yes,g24cfb_160,5ebbf32ac9e77c0009294d3d,train,34236,Metalcore,f678b8ff091c,Metalcore has extreme metal as a music element .,Metalcore is a fusion genre combining elements of extreme metal and hardcore punk .,Metalcore is a fusion genre combining elements of heavy metal and hardcore punk .
161,yes,g24cfb_161,5ed4de02c9e77c0008489149,train,147746,Earl Sweatshirt,3423209beec7,"On November 20 , Earl Sweatshirt announced his fourth studio album .","On November 20 , Kgositsile released the single `` The Mint '' and announced his fourth studio album , Some Rap Songs which he slated for a November 30 , 2018 release .","On November 20 , Kgositsile released the single `` The Mint '' and announced his third studio album , Some Rap Songs which he slated for a November 30 , 2018 release ."
162,yes,g24cfb_162,5ee39418c9e77c0008ccf0c2,train,229803,American Idiot,e5e77d409b9f,The film adaptation of American Idiot is unfinished .,Its success inspired a Broadway musical and an incomplete feature film adaptation .,Its success inspired a Broadway musical and an planned feature film adaptation .
163,yes,g24cfb_163,5ec284fdc9e77c000841677b,train,63081,AFC North,0b4ecb663020,The Steelers has a record of 9-1 .,"The Steelers have played all three existing AFC North rivals at least once in the postseason , and—including three matchups against the Oilers/Titans franchise while the two were divisional opponents—have a record of 9–1 .","The Steelers have played all three existing AFC North rivals at least once in the postseason , and , including three matchups against the Oilers/Titans franchise while the two were divisional opponents , have a record of 10–1 ."
164,yes,g24cfb_164,5ed7ad02c9e77c00084a6dd8,train,187574,The Secret Life of Pets,2f8f7a7db981,"The Secret Life of Pets is the 17th highest grossing animated film , and the 51st highest grossing film of all time .","Its international takings helped push Universal Pictures [ International ] past $ 1 billion for the tenth consecutive year and aided Illumination Entertainment to pass the $ 4 billion mark for the first time since 2010.It is the fifth-highest-grossing original worldwide film of all time ( behind Avatar , Zootopia , The Lion King , and Finding Nemo ) , the sixth-highest-grossing film of 2016 , the twelfth-highest-grossing animated film of all time , and the 51st-highest-grossing film of all time .","Its international takings helped push Universal Pictures [ International ] past $ 1 billion for the tenth consecutive year and aided Illumination Entertainment to pass the $ 4 billion mark for the first time since 2010.It is the fifth-highest-grossing original worldwide film of all time ( behind Avatar , Zootopia , The Lion King , and Finding Nemo ) , the sixth-highest-grossing film of 2016 , and the 17th-highest-grossing animated film of all time ."
165,yes,g24cfb_165,5ed7ad01c9e77c00084a63c0,dev,26771,Yoko Ono,49e5d95d510e,The Ono family used a wheelchair to carry their belongings .,Starvation was rampant in the destruction that followed the Tokyo bombings ; the Ono family was forced to beg for food while pulling their belongings with them in a wheelchair .,Starvation was rampant in the destruction that followed the Tokyo bombings ; the Ono family was forced to beg for food while pulling their belongings with them in a wheelbarrow .
166,yes,g24cfb_166,5ec55988c9e77c000842b9e2,train,98039,Point Break -LRB-2015 film-RRB-,6fc2f4bbfbe9,Point Break is an American-Chinese co-production .,"An American-Chinese co-production , the film is a remake of the 1991 film of the same name by Rick King and W. Peter Iliff , which starred Patrick Swayze and Keanu Reeves .","An American-German-Chinese co-production , the film is a remake of the 1991 film of the same name by Rick King and W. Peter Iliff , which starred Patrick Swayze and Keanu Reeves ."
167,yes,g24cfb_167,5eafed80c9e77c0009ce1010,test,597,Pearl Harbor -LRB-film-RRB-,75e1312410df,Danny and Evelyn have a sexual relationship .,Danny takes Evelyn for a sunset flight over the harbor and begins a relationship with her by having sex .,Danny takes Evelyn for a sunset flight over the harbor and begins a relationship with her .
168,yes,g24cfb_168,5ed7ad02c9e77c00084a68de,dev,19432,Carlos Hyde,f01986ce0f38,Carlos Hyde plays for the Cleveland Browns .,"Carlos Dramome Hyde ( born September 20 , 1990 ) is an American football running back for the Cleveland Browns of the National Football League ( NFL ) .","Carlos Dramome Hyde ( born September 20 , 1990 ) is an American football running back for the San Francisco 49ers of the National Football League ( NFL ) ."
169,yes,g24cfb_169,5ee39418c9e77c0008ccf3c2,train,245819,The Hundred-Foot Journey -LRB-film-RRB-,efeea6d607df,Amblin Entertainment and Harpo Films are associated with Image Nation .,"Produced by Steven Spielberg and Oprah Winfrey for DreamWorks Pictures through their respective production companies , Amblin Entertainment and Harpo Films , in association with Participant Media and Image Nation , it was released by Touchstone Pictures on August 8 , 2014 , receiving generally positive reviews and earning nearly $ 90 million at the worldwide box office.","Produced by Steven Spielberg and Oprah Winfrey for DreamWorks Pictures through their respective production companies , Amblin Entertainment and Harpo Films , in association with Participant Media and Reliance Entertainment , it was released by Touchstone Pictures on August 8 , 2014 , and earned nearly $ 90 million at the worldwide box office."
170,yes,g24cfb_170,5ed7ad01c9e77c00084a62bf,train,141233,Charlie Austin,dc09cd1ce1e3,Charlie Austin joined Southampton in early 2016 .,"On 24 May , Austin scored QPR 's goal in a 5–1 final day defeat at Leicester City to finish the season as the fourth top goal scorer in the Premier League , with 18 goals. On 16 January 2016 , Austin returned to the Premier League , joining Southampton on a four-and-a-half-year deal for a reported fee of £4 million .","On 24 May , Austin scored QPR 's goal in a 5–1 final day defeat at Leicester City to finish the season as the fourth top goal scorer in the Premier League , with 18 goals. On 16 January 2016 , Austin returned to the Premier League , joining Man United on a four-and-a-half-year deal for a reported fee of £4 million ."
171,yes,g24cfb_171,5ee39418c9e77c0008ccf395,train,247672,Tyne Daly,383cb568195d,The Cleveland Show ( series ) has more than one season .,"A season two episode of The Cleveland Show , titled `` Once Upon a Tyne in New York '' , made repeated references to Daly .","A season one episode of The Cleveland Show , titled `` Once Upon a Tyne in New York '' , made repeated references to Daly ."
172,yes,g24cfb_172,5ebe6f30c9e77c00084086f9,train,47952,MisterWives,4bcb24150296,MisterWives ' album Reflections was released after 2014 .,The band 's debut album Reflections was released in January 2015.,The band 's debut album Reflections was released in January 2014.
173,yes,g24cfb_173,5eb29889c9e77c0008d944cc,test,2922,Rowdy Tellez,b6d786721865,Rowdy Tellez 's 505ft feat is the longest home run in the park 's history .,"On April 11 , 2019 , he hit a 505ft home run at Fenway Park , making it the longest home run in the park ’ s history.","On April 11 , 2019 , though it was initially reported he hit a 505 ft home run at Fenway Park , it was later confirmed to fall short of that distance ."
174,yes,g24cfb_174,5ebe6f31c9e77c000840944f,train,52934,Speedunnodu,a9f84100b931,Speedunnodu received negative reviews upon release .,The film released worldwide on 5 February 2016 to negative reviews.,The film released worldwide on 5 February 2016 to mixed reviews.
175,yes,g24cfb_175,5ee39416c9e77c0008ccd770,train,248641,Winnie Harlow,1dbbd15a54b4,Winnie Harlow is a Canadian fashion model .,"Winnie Harlow ( born Chantelle Brown-Young ; July 27 , 1994 ) is a Canadian fashion model and public spokesperson on the skin condition vitiligo .","Winnie Harlow ( born Chantelle Brown-Young ; July 27 , 1994 ) is a Jamaican-Canadian fashion model and public spokesperson on the skin condition vitiligo ."
176,yes,g24cfb_176,5ebe6f2cc9e77c0008407661,train,68643,Birdy -LRB-singer-RRB-,564d6d458c29,Birdy 's third album was released before 2016 .,"Her third studio album , Beautiful Lies , was released on 25 March 2015.Birdy is a soprano .","Her third studio album , Beautiful Lies , was released on 25 March 2016.Birdy is a soprano ."
177,yes,g24cfb_177,5ea2d97dc9e77c0009cdaf5d,train,122338,2012ï¿½13 Manchester United F.C. season,e47260de8f3a,United lost against Tottenham .,United suffered a 3ï¿½2 loss at the hands of Tottenham .,United suffered a 2ï¿½2 Draw at the hands of Tottenham .
178,yes,g24cfb_178,5ece9464c9e77c0008467c89,train,105152,Teen Beach Movie,78463608b608,Teen Beach Movie 's sequel was titled Teen Beach 2 .,"It was the only Disney Channel film to premiere in 2013.A sequel titled Teen Beach 2 premiered on June 26 , 2015.","It was the only Disney Channel film to premiere in 2013.A sequel titled Teen Beach 7 premiered on June 26 , 2015."
179,yes,g24cfb_179,5ece9461c9e77c0008465f14,train,173701,Pisco,4264bf3b8f08,Pisco is originally from Peru .,"The European Commission considers that pisco originates from Peru , but also allows the term to be used for products from Chile Annex III of EC Regulation 110/2008 , amended .","The European Commission considers that pisco originates from Chile , but also allows the term to be used for products from Peru Annex III of EC Regulation 110/2008 , amended ."
180,yes,g24cfb_180,5eafed7ec9e77c0009ce0914,train,126739,Trinidad James,813fbef09015,"Trinidad James is an American from Atlanta , Georgia .","Nicholas Williams ( born September 23 , 1987 ) , better known by his stage name Trinidad James ( often stylized as Trinidad Jame $ ) , is an American rapper from Atlanta , Georgia .","Nicholas Williams ( born September 23 , 1987 ) , better known by his stage name Trinidad James ( often stylized as Trinidad Jame $ ) , is an Trinidadian rapper from Port of Spain City , Trinidad & Tobago , ."
181,yes,g24cfb_181,5ec284fec9e77c0008417197,train,71865,Chesney Hawkes,f67b87426789,"Chesney Lee Hawkes was born after September 25 , 1971 .","Chesney Hawkes ( born 28 September 1971 ) , is an English pop singer , songwriter , and occasional actor .","Chesney Lee Hawkes ( born 22 September 1971 ) , is an English pop singer , songwriter , and occasional actor ."
182,yes,g24cfb_182,5ec284fec9e77c00084174c6,train,94885,NBA Rookie of the Year Award,6f1cfffbf00f,Michael Carter-Williams is the most recent NBA Rookie of the Year .,The most recent Rookie of the Year winner is Michael Carter-Williams .,The most recent Rookie of the Year winner is Damian Lillard .
183,yes,g24cfb_183,5ed4de03c9e77c00084894f6,train,191749,Vivian Vance,c675ea7483d2,Vivian Vance was born before 1910 .,"Vivian Vance ( born Vivian Roberta Jones , July 26 , 1909 – August 17 , 1979 ) was an American television and theater actress and singer .","Vivian Vance ( born Vivian Roberta Jones , July 26 , 1915 – August 17 , 1979 ) was an American television and theater actress and singer ."
184,yes,g24cfb_184,5ebbf32bc9e77c00092955ac,train,38888,Arjun Reddy,51931d388ce9,The movie Arjun Reddy had critical acclaim from audiences .,Arjun Reddy received critical acclaim from critics and audiences alike .,Arjun Reddy received positive reviews from critics .
185,yes,g24cfb_185,5ece9464c9e77c0008467a72,train,215555,Allosaurus,99d8efea5a75,`` Allosaurus '' means `` different lizard '' .,The name `` Allosaurus '' means `` different lizard '' alluding to its unique concave vertebrae ( at the time of its discovery ) .,The name `` Allosaurus '' means `` jumping lizard '' alluding to its unique concave vertebrae ( at the time of its discovery ) .
186,yes,g24cfb_186,5ec5598ec9e77c000842c702,train,79327,For Honor,9e78ebe333b9,"The game For Honor allows players to play as knights , samurai and vikings .","The game allows players to play the roles of historical forms of soldiers and warriors , including knights , samurai , and vikings within a medieval setting , controlled using a third-person perspective .","The game allows players to play the roles of historical forms of soldiers and warriors , including Sumo Wrestlers and Cannibals within a medieval setting , controlled using a third-person perspective ."
187,yes,g24cfb_187,5ea2d97bc9e77c0009cda372,train,116455,Adenoviridae,136081e4f8c2,The majority of individuals infected with adenovirus recover by themselves .,"Rarely , adenovirus can cause cystitis ( inflammation of the urinary bladderï¿½a form of urinary tract infectionï¿½with blood in the urine ) .Most people recover from adenovirus infections by themselves , but people with immunodeficiency sometimes die of adenovirus infections , andï¿½rarelyï¿½even previously healthy people can die of these infections .","Rarely , adenovirus can cause cystitis ( inflammation of the urinary bladderï¿½a form of urinary tract infectionï¿½with blood in the urine ) .All people recover from adenovirus infections by themselves , but people with immunodeficiency sometimes die of adenovirus infections , andï¿½rarelyï¿½even previously healthy people can die of these infections ."
188,yes,g24cfb_188,5ec284fcc9e77c0008415ad4,dev,11931,Jaya Janaki Nayaka,e2ed12459776,Jaya Janaki Nayaka was a financial failure .,It was a disaster at the box office.,It was a moderate success at the box office.
189,yes,g24cfb_189,5ea2d97dc9e77c0009cdaec1,train,122059,2011 Stanley Cup playoffs,f049db7e1049,The Montreal Canadiens scored three more wins than Buffalo .,"The Montreal Canadiens earned the sixth seed with 96 points , winning the tiebreaker over Buffalo on regulation and overtime wins ( 41 to 38 ) .","The Montreal Canadiens earned the sixth seed with 96 points , winning the tiebreaker over Buffalo on wins ( 44 to 43 ) ."
190,yes,g24cfb_190,5eafed7ec9e77c0009ce0f92,train,3314,B'Day -LRB-Beyonc� album-RRB-,b9ad66673f30,"By June 2015 , B'Day sold above 9 million copies globally .","As of June 2015 , B'Day has sold 10 million copies worldwide.","As of June 2015 , B'Day has sold 8 million copies worldwide."
191,yes,g24cfb_191,5ec5598bc9e77c000842bf69,train,93096,MG Cars,e03295e4f425,The MG RV8 was launched in 1993 .,"The MG name was revived in 1993 with the launch of the MG RV8 , followed by the mid-engined MG F in 1995.","The MG name was revived for a second time in 1992 with the launch of the MG RV8 , followed by the mid-engined MG F in 1995 , which proved to be more successful than the short-lived RV8."
192,yes,g24cfb_192,5ec284fcc9e77c0008415bc3,train,90283,Lil Twist,1a160baa1b0b,"Lil Twist , is a rapper from , Duncanville , Texas .","Christopher Lynn Moore ( born January 11 , 1993 ) , known by his stage name Lil Twist , is a rapper from , Duncanville , Texas .","Christopher Lynn Moore ( born January 11 , 1993 ) , known by his stage name Lil Twist , is a rapper from Oak Cliff , Dallas , Texas ."
193,yes,g24cfb_193,5ebbf32bc9e77c0009295094,train,36126,Chris Simms,b20a2243279d,Chris Simms played in a game lost by Florida .,"Because of an upset loss by Florida earlier in the day , Texas went into the Big 12 Championship game knowing that a win would likely put them in the 2002 BCS Championship Game .","Because of an upset loss by Tennessee earlier in the day , Texas went into the Big 12 Championship game knowing that a win would likely put them in the 2002 BCS Championship Game ."
194,yes,g24cfb_194,5eafed80c9e77c0009ce1153,train,4418,Yello,28bf44d60027,Their single featured in two movies .,"`` They are most famous for their 1985 single `` '' Oh Yeah '' '' which featured in the films Ferris Bueller 's Day Off , The Secret of My Success and K-9 . ''","`` They are most famous for their 1985 single `` '' Oh Yeah '' '' which featured in the films Ferris Bueller 's Day Off , The Secret of My Success , an American Piemovie and K-9 . ''"
195,yes,g24cfb_195,5ee39418c9e77c0008ccee27,train,244694,Tardigrade,8ce8ff81c3d4,Lazzaro Spallanzani came up with the name Tardigradum before 1777 .,"The name Tardigradum means `` slow walker '' and was given by Lazzaro Spallanzani in 1776.The name `` water-bear '' comes from the way they walk , reminiscent of a bear 's gait .","The name Tardigradum means `` slow walker '' and was given by Lazzaro Spallanzani in 1777.The name `` water-bear '' comes from the way they walk , reminiscent of a bear 's gait ."
196,yes,g24cfb_196,5ed7ad01c9e77c00084a666f,train,218011,Hydro-Québec,5863c0f4f9dd,Hydro-Quebec is the world 's second largest hydroelectric producer after China .,"Relying almost exclusively on its sixty hydroelectric generating stations , Hydro-Quebec is the largest electricity generator in Canada and perhaps second worldwide largest hydroelectric producer , at least after China .","Relying almost exclusively on its sixty hydroelectric generating stations , Hydro-Québec is the largest electricity generator in Canada and the world 's largest hydroelectric producer ."
197,yes,g24cfb_197,5ee393b6c9e77c0008ccbb42,dev,36799,2019–20 coronavirus pandemic,355e5f9fc385,In Quebec more than five people have been put under surveillance .,"As of 22 January , six people were put under observation in Quebec after showing signs of a respiratory virus since recently returning from China .","As of 22 January , five people were put under observation in Quebec after showing signs of a respiratory virus since recently returning from China ."
198,yes,g24cfb_198,5ec284fec9e77c0008417337,dev,11641,I Am Mother,a79dd193496d,"In I Am Mother , Clara is a girl in a post-apocalyptic bunker .","Starring Clara Rugaard , Luke Hawker , Rose Byrne , and Hilary Swank , the film follows Clara , a girl in a post-apocalyptic bunker , being raised by Mother , an android supposed to aid in the repopulation of Earth .","Starring Clara Rugaard , Luke Hawker , Rose Byrne , and Hilary Swank , the film follows Daughter , a girl in a post-apocalyptic bunker , being raised by Mother , an android supposed to aid in the repopulation of Earth ."
199,yes,g24cfb_199,5ebbf32ac9e77c0009294f57,train,35305,Anchorman-COLON- The Legend of Ron Burgundy,67614fb31749,"In the movie Anchorman : The Legend of Ron Burgundy , the character Ron worked at a television station before 1974 .","In 1973 , Ron Burgundy is the famous anchorman for a local San Diego television station , fictional KVWN channel 4 .","In 1974 , Ron Burgundy is the famous anchorman for a local San Diego television station , fictional KVWN channel 4 ."
200,no,g24cfb_200,5ee39329c9e77c0008cc9198,train,203181,2020 coronavirus pandemic in Lithuania,845d4082342b,The first case of the COVID-19 was reported in Lithuania after February 2020 .,The 2019–20 coronavirus pandemic was confirmed to have reached Lithuania in March 2020 .,The 2019–20 coronavirus pandemic was confirmed to have reached Lithuania in February 2020 .
201,no,g24cfb_201,5ebe6f32c9e77c00084098eb,train,55184,Tony Yayo,d6fedfffda88,"Tony Yayo has two children , a daughter and a son .",Tony Yayo has a daughter named Maniyah ( born 2003 ) and a son London ( born 2008 ) .,"Tony Yayo has 3 children , eldest son aka Just Doo , daughter named Maniyah ( nana ) ( born 2003 ) and a son London ( born 2008 ) ."
202,no,g24cfb_202,5ee39417c9e77c0008cce9c8,train,237993,Kendrick Lamar,039c0f271961,"Lamar witnessed his idols , Tupac Shakur and Dr. Dre , film the music video for their hit single Chitang Chitang .","In 1995 , at the age of eight in his hometown of Compton , Lamar witnessed his idols , Tupac Shakur and Dr. Dre , film the music video for their hit single `` Chitang Chitang '' , which proved to be a very significant moment in his life . ( 2011-08-31 ) Kendrick Lamar : Origins Of Excellence Pt .","In 1995 , at the age of eight in his hometown of Compton , Lamar witnessed his idols , Tupac Shakur and Dr. Dre , film the music video for their hit single `` California Love '' , which proved to be a very significant moment in his life . ( 2011-08-31 ) Kendrick Lamar : Origins Of Excellence Pt ."
203,no,g24cfb_203,5ed4de0ac9e77c000848b405,train,168711,Mike Iupati,5d7d1a55501a,Michael Iupati plays for the San Francisco 49ers .,"Michael Iupati ( or ; born May 12 , 1987 ) is an American football guard for the San Francisco 49ers of the National Football League ( NFL ) .","Michael Iupati ( or ; born May 12 , 1987 ) is an American football guard for the Buffalo Bills of the National Football League ( NFL ) ."
204,no,g24cfb_204,5ec7d50ec9e77c0008442c0c,train,109437,The Second Best Exotic Marigold Hotel,f47507eb2de8,"The Second Best Exotic Marigold Hotel 's earnings are counted as of April 25 , 2015 .","As of April 25 , 2015 , The Second Best Exotic Marigold Hotel has grossed $ 32.2 million in North America and $ 47.7 million in other territories for a total gross of $ 80 million , against a budget of $ 10 million .","As of May 14 , 2015 , The Second Best Exotic Marigold Hotel has grossed $ 32.8 million in North America and $ 51.1 million in other territories for a total gross of $ 83.9 million , against a budget of $ 10 million ."
205,no,g24cfb_205,5eafed80c9e77c0009ce138a,train,124921,Anemometer,9809c0a3f786,Sonic anemometers can become thermometers .,"Since the speed of sound varies with temperature , and is virtually stable with pressure change , sonic anemometers are also used as thermometers .","Since the speed of sound varies with temperature , and is virtually stable with pressure change , ultrasonic anemometers are also used as thermometers ."
206,no,g24cfb_206,5ec7d50ec9e77c0008442a35,train,149467,Fabrizio Moretti,d6a3b3232c2c,Fabrizio Moretti was born after 1985 .,"Fabrizio Moretti ( born June 2 , 1990 ) is a Brazilian-American drummer who plays in the American indie rock band The Strokes .","Fabrizio Moretti ( born June 2 , 1980 ) is a Brazilian-American drummer who plays in the American indie rock band The Strokes ."
207,no,g24cfb_207,5eb29885c9e77c0008d92807,dev,2161,Shane Duffy,f4e62df81900,Shane Duffy went back to Yeovil after 2014 .,"Duffy rejoined Yeovil on 1 January 2015 when the transfer window re-opened , joining on loan until the end of the season.","Duffy rejoined Yeovil on 1 January 2014 when the transfer window re-opened , joining on loan until the end of the season."
208,no,g24cfb_208,5ede072fc9e77c00084d2fe6,train,223379,The Purge-COLON- Election Year,32f2ed440500,The events in The Purge : Election Year begin before 2022 .,The film opens in the year 2021 one year before the events of the first film .,The film opens in the year 2022 the same year as the events of the first film .
209,no,g24cfb_209,5ebe6f2ec9e77c0008407a46,dev,7055,Seabiscuit -LRB-film-RRB-,590de80115a2,"In the movie Seabiscuit , the family of the character Red is wealthy .",Red is the child of a wealthy family that is financially ruined by the Great Depression .,Red is the child of a Canadian family financially ruined by the Great Depression .
210,no,g24cfb_210,5eafed80c9e77c0009ce10fb,train,4156,August Burns Red,f0ee59f4754f,One band member quit the band in 2004 .,"After playing many local shows within Lancaster , they recorded their first EP , titled Looks Fragile After All with label CI Records in 2004.Vocalist Jon Hershey eventually quit the band during the same year , which led to Josh McManness taking on the position as lead singer .","After playing many local shows within Lancaster , they recorded their first EP , titled Looks Fragile After All with label CI Records in 2004.Vocalist Jon Hershey , temporary bassist Chris Allee , gutarist Josh Adams all eventually quit the band during the same year , which led to Josh McManness taking on the position as lead singer ."
211,no,g24cfb_211,5ee393b6c9e77c0008ccc1bd,dev,32187,2019–20 coronavirus pandemic,65d1ad46a16c,"On 14 March , China news announced that the first confirmed case of the COVID-19 was a 55-year-old Hubei resident .","More recently , on 14 March 2020 , Chinese news announced that the first confirmed case of the COVID-19 disease , caused by the SARS-cov-2 virus , has been traced back to a 55-year-old patient in Hubei province , and was reported in a Chinese newspaper on 17 November 2019 .","More recently , on 14 March 2020 , Chinese news announced that the first possible case of the COVID-19 disease , caused by the SARS-cov-2 virus , has been traced back to a 55-year-old patient in Hubei province , and was reported in a Chinese newspaper on 17 November 2019 ."
212,no,g24cfb_212,5ede072fc9e77c00084d29fd,train,216324,Classical economics,f8eab070979b,Many people believe that Edgar economics was the first modern school of economic thought .,Edgar economics is widely regarded as the first modern school of economic thought .,Classical economics is widely regarded as the first modern school of economic thought .
213,no,g24cfb_213,5ec284fec9e77c0008416eb3,train,114708,Young Dolph,0589ddd2829b,"Adolph Thornton , Jr. was born after March 10 , 1985 .","Adolph Thornton , Jr. ( born August 11 , 1985 ) , better known by his stage name Young Dolph , is an American rapper .","Adolph Thornton , Jr. ( born March 5 , 1985 ) , better known by his stage name Young Dolph , is an American rapper ."
214,no,g24cfb_214,5ea2d97dc9e77c0009cdb360,train,124448,Malachite,55d092287892,Malachite is a copper carbonate hydroxide mineral .,"Malachite is a copper carbonate hydroxide mineral , with the formula Cu2CO3 ( OH ) 2 .","Maryam is a copper carbonate hydroxide mineral , with the formula Cu2CO3 ( OH ) 2 ."
215,no,g24cfb_215,5eafed80c9e77c0009ce114e,train,4404,Dan Bailey -LRB-American football-RRB-,003d8608d0a4,His goal accuracy is higher than that of all current NFL players .,He has the highest field goal accuracy of active NFL kickers.,He has the highest field goal accuracy of any NFL kickers in history.
216,no,g24cfb_216,5ec7d50dc9e77c0008442392,train,101758,Scooter Braun,6620e2c36c58,Scott Braun is known by the nickname `` Scooter '' .,"Scott Samuel `` Scooter '' Braun ( born June 18 , 1981 ) is an American entrepreneur , talent manager , investor , philanthropist , and entertainment executive .","Scott Samuel `` Pooter '' Braun ( born June 18 , 1981 ) is an American entrepreneur , talent manager , investor , philanthropist , and entertainment executive ."
217,no,g24cfb_217,5ec5598cc9e77c000842c1c2,train,67654,Batman Forever,49daee21c55c,Ed Begley Jr played Fred Stickley in Batman Forever .,Ofer Samra as Two-Face 's Thug* Ed Begley Jr as Fred Stickley : Edward Nygma 's ill-tempered supervisor at Wayne Enterprises .,Ofer Samra as Two-Face 's Thug* René Auberjonois as Fred Stickley : Edward Nygma 's ill-tempered supervisor at Wayne Enterprises .
218,no,g24cfb_218,5ec284fcc9e77c0008415c8f,train,93390,Mike Epps,f844f71fef10,Mike Epps was born before 1969 .,"Kyra Robinson ( 2019 ) } } Michael Elliot Epps ( born November 18 , 1968 ) is an American stand-up comedian , actor , film producer , writer , and rapper .","Kyra Robinson ( 2019 ) } } Michael Elliot Epps ( born November 18 , 1970 ) is an American stand-up comedian , actor , film producer , writer , and rapper ."
219,no,g24cfb_219,5ec5598bc9e77c000842bf62,train,82113,Guest iin London,ce5b98935960,"In `` Guest iin London '' ( film ) , Kartik Aaryan 's character lives with his girlfriend .","The film is a comedy revolving around Kartik Aaryan 's character , who is in a live-in relationship with his girlfriend ( Kriti Kharbanda ) when Paresh Rawal and his wife ( Tanvi Azmi ) barge into his home as guests , setting off a laugh-riot.","The film is a comedy revolving around Kartik Aaryan 's character , who lives with his wife ( Kriti Kharbanda ) when Paresh Rawal and his wife ( Tanvi Azmi ) barge into his home as guests , setting off a laugh-riot."
220,no,g24cfb_220,5eb29889c9e77c0008d943cc,train,25079,Thessaloniki,13711bcbc77e,Bitola is located in the Republic of Macedonia .,"`` When Eleftherios Venizelos , Prime Minister at the time , was asked if the Greek army should move towards Thessaloniki or Monastir ( now Bitola , Republic of Macedonia ) , Venizelos replied `` '' ? ? ? ? ? ? ? ? ? ? ? ? ? ? ? ? ? ? ? ? ? ? ? ! '' '' ( ``","`` When Eleftherios Venizelos , Prime Minister at the time , was asked if the Greek army should move towards Thessaloniki or Monastir ( now Bitola , Republic of North Macedonia ) , Venizelos replied `` '' ? ? ? ? ? ? ? ? ? ? ? ? ? ? ? ? ? ? ? ? ? ? ? ! '' '' ( ``"
221,no,g24cfb_221,5eb9573bc9e77c0008fa1a56,train,31628,Thessaloniki,50ed488b6819,Italian Poselli is a notable name in Thessaloniki .,Other notable names of the era include the Italian Jewish Modiano family and the Italians Poselli .,Notable names of the era include among others the Italo-Jewish Modiano family and the Allatini .
222,no,g24cfb_222,5ece9463c9e77c00084678fc,train,152914,Glenn Whelan,6d1e09992771,Glenn Whelan was raised in Palmerstown .,Whelan grew up in Palmerstown and attended St. Lorcan 's Boys ' National School.,Whelan grew up in Clondalkin and attended St. Lorcan 's Boys ' National School.
223,no,g24cfb_223,5ec284fec9e77c0008416f57,train,72393,Cissy Houston,70b1aa47084d,Cissy Houston has won one Grammy Award .,"She led a successful career as a backup singer for such artists as Elvis Presley and Aretha Franklin , and is now primarily a solo artist , and has won a Grammy Award for her work .","She led a successful career as a backup singer for such artists as Elvis Presley and Aretha Franklin , and is now primarily a solo artist , and has won 2 Grammy Awards for her work ."
224,no,g24cfb_224,5ed4de07c9e77c000848a345,train,148145,Egyptian Premier League,7f025731af51,All Egyptian Premier League matches are broadcast on the channel Al Hayat .,All matches are televised on the state-owned channel NileSports as well as ON TV and Al-Hayat.,All matches are televised on the state-owned channel NileSports as well as ON TV and DMC Sport.
225,no,g24cfb_225,5ee393b8c9e77c0008ccd302,train,218544,Impact of the 2019–20 coronavirus pandemic on sports,8f4b7aa7fc61,Prices were reduced to half in Royal Randwick .,"In Royal Randwick , all Group One and some Group two races in The Champions meeting prize reduced 50 % .","In Randwick Racecourse , Racing NSW announced all Group One and some Group two races in The Champions meeting prize reduced 50 % ."
226,no,g24cfb_226,5ec7d50dc9e77c0008441a37,train,93627,Mimi Rogers,edc110dc56ee,"Mimi Rogers has a daughter Lucy Ciaffa , born before 1995 .","They have a daughter , Lucy Julia Ciaffa ( born 1994 ) , and a son , Charles Ciaffa ( born 2001 ) .","They have a daughter , Lucy Julia Ciaffa ( born November 1995 ) , and a son , Charles Ciaffa ( born July 2001 ) ."
227,no,g24cfb_227,5ed7ad01c9e77c00084a6203,dev,22529,Mr. Church,1cb13ebf53cc,Rotten Tomatoes gave the film Mr. Church an approval rating lower than 18 % .,"On the review aggregator Rotten Tomatoes , the film has an approval rating of 14 % , based on 7 reviews , with an average rating of 3.1/10 .","On the review aggregator Rotten Tomatoes , the film has an approval rating of 22 % , based on 7 reviews , with an average rating of 3.1/10 ."
228,no,g24cfb_228,5ec284fcc9e77c0008415f98,train,92813,MediaCityUK,f4b61256ef7c,The estimated costs for moving the BBC vary between £190 million to £440 million .,The cost for the BBC moving to MediaCityUK over a 30 year period varies with estimates ranging from £190 million to £440 million.,"In 2009 the BBC estimated that the move would cost up to £1 billion but in May 2011 , Director General Mark Thompson claimed the cost of moving was much less."
229,no,g24cfb_229,5ee393b6c9e77c0008ccc1a1,train,200191,2020 coronavirus pandemic in Greece,926156621e38,"In Greece , there has been only one COVID-19 death .","there have been 190 confirmed cases , two recoveries and one death .","there have been 190 confirmed cases , 2 recoveries and 3 deaths ."
230,no,g24cfb_230,5ed7ad03c9e77c00084a743e,test,21511,Raaj Kumar,2bf630b54138,Raaj Kumar is a member of the Kashmiri Pandit family .,"Raaj Kumar was born in Loralai , Balochistan , British India in a Kashmiri Pandit family .","Raaj Kumar was born in Loralai , Balochistan , British India in a Kashmiri Rajput family ."
231,no,g24cfb_231,5ee39417c9e77c0008cce1a8,train,241086,One-Punch Man,73b61611f74a,Saitama pretended to be a disciple of Fang in One-Punch Man .,"In order to support himself financially , Saitama enters a martial arts tournament in disguise as Charanko , a disciple of Fang .","In order to support himself financially , Saitama enters a martial arts tournament in disguise as Charanko , a disciple of Bang ."
232,no,g24cfb_232,5ee393b6c9e77c0008ccc24d,dev,32330,2019–20 coronavirus pandemic,73a368abc3ce,Coronavirus has killed less than three people outside of China .,"There have been two deaths outside mainland China : the first in the Philippines , where a man from Wuhan died on 1 February and the second in Hong Kong , where a man who visited Wuhan died on 4 February .","There have been three deaths outside mainland China : the first in the Philippines , where a man from Wuhan died on 1 February , the second in Hong Kong , where a man who visited Wuhan died on 4 February , and a third who died in Japan ."
233,no,g24cfb_233,5ed7ad03c9e77c00084a775a,train,172771,Pardison Fontaine,3d5cc8f1a795,Pardison Fontaine was born on November 9 .,"Jordan Kyle Lanier Thorpe  ? detail=writerid & page=1 & fromrow=1 & torow=25 & keyid=1108267 & subid=0 ( born November 9 , 1989 ) , known professionally as Pardison Fontaine , is an American rapper and songwriter .","Jordan Kyle Lanier Thorpe  ? detail=writerid & page=1 & fromrow=1 & torow=25 & keyid=1108267 & subid=0 ( born November 29 , 1989 ) , known professionally as Pardison Fontaine , is an American rapper and songwriter ."
234,no,g24cfb_234,5ebe6f30c9e77c000840865e,train,47681,Robert Green,8a6f868363f8,Robert Green used to play for Leeds United .,Green stated in an interview with former club Leeds United that he is studying at the Open University for a BA Hons Business Management Degree in order to have something to focus on after he retires from football.,Green stated in an interview with current club Leeds United that he is studying at the Open University for a BA Hons Business Management Degree in order to have something to focus on after he retires from football.
235,no,g24cfb_235,5ee3932cc9e77c0008ccac74,train,214027,2020 coronavirus pandemic in Virginia,72773ad66302,"Before April 11 , 2020 , the hospital resource used due to the coronavirus pandemic would peak in Virginia on April 26 .","As of April 10 , the IHME was projecting that the hospital resource use due to COVID-19 would peak in Virginia on April 26.","As of April 13 , the IHME was projecting that the hospital resource use due to COVID-19 would peak in Virginia on April 27."
236,no,g24cfb_236,5eb29886c9e77c0008d92b4a,train,13043,Larry Ellison,b888c541fc0f,"According to the Forbes 2017 list , Larry Ellison is ranked as the eighth richest person in the world with a fortune of $ 61.5 billion .","As of August 2017 , he was listed by Forbes magazine as the fifth-wealthiest person in America and as the eigth-wealthiest person in the world , with a fortune of $ 61.5 billion .","As of August 2017 , he was listed by Forbes magazine as the fifth-wealthiest person in America and as the seventh-wealthiest in the world , with a fortune of $ 61.8 billion ."
237,no,g24cfb_237,5ed4de08c9e77c000848a5e5,train,182217,Suicidal Tendencies,c4a5e7906534,The band Suicidal Tendencies has a full-length release scheduled for summer 2018 .,"was released on March 9 , 2018 , and is the first of two releases the band has planned for release that year ; the second being a new full-length , due for release in the summer of 2018.","was released on March 9 , 2018 , and is the first of two releases the band has planned for release that year ; the second being a new full-length , due for release in September 2018."
238,no,g24cfb_238,5ece9462c9e77c0008466f05,test,16149,2007–08 Premier League,abb6ea355661,Fernando Torres has won more than one PFA Fans ' Player of the Year .,"2007 winner , Fernando Torres , was named the PFA Fans ' Player of the Year in 2008 .","Fernando Torres , was named the PFA Fans ' Player of the Year in 2008 ."
239,no,g24cfb_239,5ece9462c9e77c0008466c57,train,75597,Digicel,844c74301fab,"Digicel Pacific provides services in less than four markets , with an imminent launch in Vanuatu .","Meanwhile its sister operation Digicel Pacific to date ( Jan 2008 ) operates in three markets in the South Pacific ( Samoa , Papua New Guinea and Tonga ) with launches imminent in Fiji and Vanuatu .","Meanwhile its sister operation Digicel Pacific to date ( Jan 2008 ) operates in four markets in the South Pacific ( Samoa , Papua New Guinea , Tonga and Vanuatu ) with launch imminent in Fiji ."
240,no,g24cfb_240,5ee3949bc9e77c0008ccff69,test,31508,Freddie Highmore,b7cb1b89a83f,Two Brothers premiered in 2004 .,"Highmore has acted alongside members of his family in two separate films ; his brother Bertie played his brother in Women Talking Dirty , and his father Edward played his father in Hallmark Entertainment 's television film Jack and the Beanstalk : The Real Story ( 2001 ) .In 2004 , Highmore returned to the big screen for the family adventure film Two Brothers , directed by Jean-Jacques Annaud .","Highmore has acted alongside members of his family in two separate films ; his brother Bertie played his brother in Women Talking Dirty , and his father Edward played his father in Hallmark Entertainment 's television film Jack and the Beanstalk : The Real Story ( 2001 ) .In 2003 , Highmore returned to the big screen for the family adventure film Two Brothers , directed by Jean-Jacques Annaud ."
241,no,g24cfb_241,5ede072ec9e77c00084d256a,dev,23231,Raving Rabbids,5d093fa8dfc0,The decline in critical acclaim of the Rabbids game has been linked to influence of fans ' perception .,The Rabbids have been accused of causing the series ' perceived decline in quality by fans and critics .,The Rayman series ' genre shift and decline in critical acclaim has been linked to Rabbids by fans and critics .
242,no,g24cfb_242,5ec284fec9e77c0008417892,train,74771,Ddu-Du Ddu-Du,ae31c58c4ed1,"By July 2019 , the music video Ddu Du Ddu Du has surpassed 895 million views .","As of July 2019 , the video has surpassed 895 million views .","As of July 2019 , the video has surpassed 900 million views ."
243,no,g24cfb_243,5ec7d50ec9e77c0008442b98,train,102144,Sergei Rachmaninoff,275d1670c4a3,Sergei Rachmaninoff was a Russian-American composer .,"Sergei Vasilyevich Rachmaninoff ( Серге́й Васи́льевич Рахма́нинов ) ( 28 March 1943 ) was a Russian-American composer , virtuoso pianist and conductor of the late Romantic period , some of whose works are among the most popular in the Romantic repertoire .","Sergei Vasilyevich Rachmaninoff ( Серге́й Васи́льевич Рахма́нинов ) ( 28 March 1943 ) was a Russian composer , virtuoso pianist and conductor of the late Romantic period , some of whose works are among the most popular in the Romantic repertoire ."
244,no,g24cfb_244,5eb9573ac9e77c0008fa181a,train,30309,"Adama Traor� -LRB-footballer, born 1996-RRB-",3cb299cd5dd1,Traore 's 50th competitive appearance for Wolves was played at Eithad Stadium .,"On 6 October 2019 , in his fiftieth competitive appearance for Wolves , Traor� scored both goals for his team , his second and third goals in a Wolves shirt , in a 2-0 victory against reigning Premier League Champions Manchester City at the Etihad Stadium.","On 6 October 2019 , in his 50th competitive appearance for Wolves , Traor� scored both goals in a 2�0 victory against reigning champions Manchester City at the City of Manchester Stadium."
245,no,g24cfb_245,5ed4de06c9e77c0008489dcd,train,172679,Pandit,0b55c47df4a4,Pandit is a Guru in Gurukul .,He may be a Guru in a Gurukul .,He may be a Guru in a Pathsala .
246,no,g24cfb_246,5ec7d50dc9e77c000844208e,train,106539,The Dan Le Batard Show with Stugotz,1a8bf8c098e3,Jon Weiner is known as Stugotz .,The final hour of the show is usually hosted solely by the forgotten Stugotz ( Jon Weiner ) who has been constantly looking over his shoulders for the past year to see who will replace him .,The final hour of the show is usually hosted solely by the forgotten Stugotz ( I. Juan Weiner ) who has been constantly looking over his shoulders for the past year to see who will replace him .
247,no,g24cfb_247,5ed7acfcc9e77c00084a5418,test,23113,WarGames,ba939ef969d2,"In WarGames , Joshua offers to play `` a nice game of chess . ''","Joshua then offers to play `` a nice game of chess '' , and relinquishes control of NORAD and the missiles.","The computer then offers to play `` a nice game of chess '' , and relinquishes control of NORAD and the missiles."
248,no,g24cfb_248,5ec7d50ec9e77c000844256b,train,89712,Lauri Markkanen,40964fe8d609,"Lauri Markkanen 's brother , Eero , is currently on loan at Dynamo Dresden .","He is the son of Pekka , and Riikka Markkanen ( née Ellonen ) , who both were professional basketball players , and has two brothers , Miikka and a professional football player , Eero , who plays for AIK ( currently on loan to Dynamo Dresden ) .==NB","He is the son of Pekka , and Riikka Markkanen ( née Ellonen ) , who both were professional basketball players , and has two brothers , Miikka and a professional football player , Eero , who plays for AIK ( currently on loan to Randers FC ) .==NBA re"
249,no,g24cfb_249,5ebe6f31c9e77c00084093a4,train,52702,Gran Torino,f29e3040d5bf,Gran Torino is a comedy film .,"Gran Torino is a 2008 American comedy film directed and produced by Clint Eastwood , who also starred in the film .","Gran Torino is a 2008 American drama film directed and produced by Clint Eastwood , who also starred in the film ."
250,no,g24cfb_250,5ec284fec9e77c0008416f51,train,69125,Bob Newhart,f1355f3bc9c0,Bob Newhart made three guest appearances in The Big Bang Theory .,"In 2013 , Newhart guest starred in three episodes of The Big Bang Theory , for one of which he won his first Primetime Emmy Award on September 15 , 2013.On February 20 , 2015 , Newhart was honored with the Publicists of the International Cinematographers Guild Lifetime Achievement Award .","In 2013 , Newhart made his first of four guest appearances on The Big Bang Theory , for which he received his first Primetime Emmy Award on September 15 , 2013.On February 20 , 2015 , Newhart was honored with the Publicists of the International Cinematographers Guild Lifetime Achievement Award ."
251,no,g24cfb_251,5ed4de09c9e77c000848aaf9,train,130678,A Ghost Story,44bd4a7514f1,"In A Ghost Story , the young daughter writes a note .",He watches as the family 's young daughter writes a note and hides it under a rock .,He watches as the family 's young daughter hums the song he wrote while alive and hides a note under a rock .
252,no,g24cfb_252,5ee39418c9e77c0008ccf38d,train,236033,Impeachment,7bf2ba387e21,Brazil is a nation .,"It exists under constitutional law in many nations around the world , including Brazil , the Republic of Ireland , India , the Philippines , Russia , South Korea , and the United States.","It exists under constitutional law in many states around the world , including Brazil , the Republic of Ireland , India , the Philippines , Russia , South Korea , and the United States."
253,no,g24cfb_253,5ece9464c9e77c0008467f6e,train,154107,Hands of Stone,544185995e8f,"In the film Hands of Stone , boxer Roberto Durán retires after the age of 49 years , after 2001 .","Follows the life of Roberto Durán , who made his professional boxing debut in 1968 as a 16-year-old and retired in 2002 at age 50 .","Follows the life of Roberto Durán , who made his professional boxing debut in 1968 as a 16-year-old and retired in 2001 at age 49 ."
254,no,g24cfb_254,5ed7ad01c9e77c00084a61b3,train,178248,Sean Paul,d66a6048b785,Sean Paul is originally from Jamaica .,"Sean Paul Francis Henriques ( born 9 January 1973 ) is a Jamaican rapper , singer and record producer .","Sean Paul Francis Henriques ( born 9 January 1973 ) is a Bajan rapper , singer and record producer ."
255,no,g24cfb_255,5eb29887c9e77c0008d92d05,train,14049,Neutrino,fa00768ccfe5,Wolfgang Pauli first postulated about Neutrino before 1931 .,"was postulated first by Wolfgang Pauli in 1930 to explain how beta decay could conserve energy , momentum , and angular momentum ( spin ) .","was postulated first by Wolfgang Pauli in 1931 to explain how beta decay could conserve energy , momentum , and angular momentum ( spin ) ."
256,no,g24cfb_256,5ee39418c9e77c0008ccf140,train,238971,Los Angeles,fd13d79868e3,The population of Los Angeles is lower than 13.11 million .,"Los Angeles is also the principal city of the Los Angeles metropolitan area , the second largest in the United States after that of New York City , with a population of 13.1 million .","Los Angeles is also the principal city of the Los Angeles metropolitan area , the second largest in the United States after that of New York City , with a population of 13.11 million ."
257,no,g24cfb_257,5ece9464c9e77c0008467baf,train,146087,Dhani Harrison,b5225c7d9b8c,Dhani Harrison is English-Mexican .,Dhani Harrison ( born 1 August 1978 ) is an English-Mexican multi-instrumentalist musician and singer-songwriter who is the only child of George Harrison and Olivia Harrison .,Dhani Harrison ( born 1 August 1978 ) is an English multi-instrumentalist musician and singer-songwriter who is the only child of George Harrison and Olivia Harrison .
258,no,g24cfb_258,5ed4de06c9e77c0008489eb0,test,19359,"In My Lifetime, Vol. 1",c56bcb459b09,"In My Lifetime , Vol . 1 was given a score of 4.5 out of 4 stars by John Bush .","In a retrospective review , Allmusic editor John Bush gave the album four-and-a-half out of four stars and stated `` Though the productions are just a bit flashier and more commercial than on his debut , Jay-Z remained the tough street rapper , and even improved a bit on his flow '' .","In a retrospective review , Allmusic editor John Bush gave the album four-and-a-half out of five stars and stated `` Though the productions are just a bit flashier and more commercial than on his debut , Jay-Z remained the tough street rapper , and even improved a bit on his flow '' ."
259,no,g24cfb_259,5ece9462c9e77c0008466754,train,76355,Drishyam,7b192aad5385,"In Drishyam , the remains of a dragon were found in a pit .","After digging the compost pit , they find the carcass of a dragon , indicating that Georgekutty had moved the body .","After digging the compost pit , they find the carcass of a dog , indicating that Georgekutty had moved the body ."
260,no,g24cfb_260,5ece9464c9e77c0008467ae0,train,220243,Mike Will Made It,04a974af906b,`` Humble '' is a song by Kendrick Lamar .,"He is best known for producing trap beats for several Southern hip hop artists as well as for producing several singles , such as `` Black Beatles '' by Rae Sremmurd , `` Mercy '' by GOOD Music , `` No Lie '' by 2 Chainz , `` Bandz a Make Her Dance '' by Juicy J , `` Pour It Up '' by Rihanna , `` Love Me '' by Lil Wayne , `` Body Party '' by Ciara , `` We Ca n't Stop '' by Miley Cyrus , `` First Day Out the Feds '' by Gucci Mane , `` Formation '' by Beyoncé , and `` Humble '' by Kendrick Lamar .","He is best known for producing trap beats for several Southern hip hop artists as well as for producing several singles , such as `` Black Beatles '' by Rae Sremmurd , `` Mercy '' by GOOD Music , `` No Lie '' by 2 Chainz , `` Bandz a Make Her Dance '' by Juicy J , `` Pour It Up '' by Rihanna , `` Love Me '' by Lil Wayne , `` Body Party '' by Ciara , `` We Ca n't Stop '' by Miley Cyrus , `` First Day Out the Feds '' by Gucci Mane , `` Formation '' by Beyoncé , and `` Humble '' by lil lucy ."
261,no,g24cfb_261,5ec7d50bc9e77c0008440e1d,test,13066,Sisqó,e28e1fb906e3,SisQo 's girlfriend is Elizabeth Pham .,"SisQo resides in Maple Grove , Minnesota , a suburb of Minneapolis , with his girlfriend Elizabeth Pham .","SisQo resides in Maple Grove , Minnesota , a suburb of Minneapolis , with his girlfriend Micah Natalia Pierce ."
262,no,g24cfb_262,5ec7d50dc9e77c0008441bdb,dev,12987,Night at the Museum-COLON- Secret of the Tomb,924281dddcf3,Jake Cherry would be replaced by Skyler Gisondo in Night at the Museum : Secret of the Tomb .,"On November 15 , 2013 , it was announced that Skyler Gisondo would be replacing Jake Cherry in the role of Nicky Daley .","On November 15 , 2013 , it was announced that Danny McBride would be replacing Jake Cherry in the role of Nicky Daley ."
263,no,g24cfb_263,5ee39418c9e77c0008ccefe7,train,232478,Corey Taylor,3cbe6233138b,"In 2009 , Corey Taylor wanted to go back to Stone Sour .","In an interview with Billboard magazine , Taylor confirmed that on January 13 , 2009 , he was planning on making a solo album , as well as returning to his side project Stone Sour after Slipknot 's All Hope Is Gone World Tour .","In an interview with Billboard magazine , Taylor confirmed that on January 13 , 2009 , he was planning on making a solo album , as well as returning to his side project Backstreet Boys after Slipknot 's All Hope Is Gone World Tour ."
264,no,g24cfb_264,5ece9463c9e77c00084670dc,train,216640,Crimson Peak,f9f11cb87e63,"The film Crimson Peak premiered after October 25 , 2015 .","The film premiered at the Fantastic Fest on November 25 , 2015 and was released by Universal Pictures on October 16 .","The film premiered at the Fantastic Fest on September 25 , 2015 and was released by Universal Pictures on October 16 ."
265,no,g24cfb_265,5ec55989c9e77c000842ba72,train,78777,Ferland Mendy,de3efdaaff16,Ferland Mendy was born after 1998 .,Ferland Mendy ( born 8 June 1999 ) is a French footballer who plays as a left back for Lyon.,Ferland Mendy ( born 8 June 1995 ) is a French footballer who plays as a left back for Lyon.
266,no,g24cfb_266,5eafed80c9e77c0009ce15a1,train,5997,Billy Madison,b85c96256be0,Reviews of the film Billy Madison ranged from varied to bleak .,Billy Madison received mixed to negative reviews .,Billy Madison received negative reviews .
267,no,g24cfb_267,5ed7acfdc9e77c00084a5658,train,176210,Rick Tocchet,5f0a0c86dddd,Rick Tocchet is a hockey player .,"Rick Tocchet ( born April 9 , 1964 in Scarborough , Ontario , Canada ) was a hockey player from 1984-2002 .","Rick Tocchet ( born April 9 , 1964 in Scarborough , Ontario , Canada ) was a professional ice hockey player from 1984-2002 ."
268,no,g24cfb_268,5ee3932ac9e77c0008cc98d9,train,212619,2020 coronavirus pandemic in the United States,f421a10eb9fc,Trinity University canceled its classes due to the coronavirus pandemic .,"A large number of higher educational institutions canceled classes and closed dormitories in response to the outbreak , including Harvard University , Trinity University , and the University of South Carolina .","A large number of higher educational institutions canceled classes and closed dormitories in response to the outbreak , including Harvard University , Cornell University , and the University of South Carolina ."
269,no,g24cfb_269,5ec284fbc9e77c000841580d,test,12200,Mr. Mercedes -LRB-TV series-RRB-,599322ba398a,Mr. Mercedes is broadcast on RTÉ2 in Ireland .,"The series airs on RTÉ2 in Ireland , on Canal+ in Poland , and on Starzplay in the United Kingdom.","The series airs on RTÉ1 in Ireland , on Canal+ in Poland , and on Starzplay in the United Kingdom."
270,no,g24cfb_270,5ec284fec9e77c00084172f6,test,11217,Jadon Sancho,4a6302ad885e,Jadon Sancho was previously a youth player with Manchester United .,Sancho was previously a youth player with Watford and Manchester United and signed his first senior contract with Dortmund in 2017 .,Sancho was previously a youth player with Watford and Manchester City and signed his first senior contract with Dortmund in 2017 .
271,no,g24cfb_271,5ec284ffc9e77c0008417ec1,train,68181,Berlin -LRB-band-RRB-,aa3e90d1e172,The original lineup of the band Berlin reunited on the show Bands Reunited .,"Berlin was featured on the VH1 show , Bands Reunited where all original members ( John Crawford , Teri Nunn , David Diamond , Ric Olsen , Matt Reid and Rod Learned ) agreed to reunite as a band and as friends .","Berlin was featured on the VH1 show , Bands Reunited where the roughly pre-Love Live era lineup of the band ( John Crawford , Terri Nunn , David Diamond , Ric Olsen , Matt Reid and Rod Learned ) agreed to reunite as a band and as friends ."
272,no,g24cfb_272,5eafed80c9e77c0009ce1419,train,125224,Marco Belinelli,3fad5b41327e,"Marco Belinelli became part of the Charlotte Hornets on June 22 , 2016 .",He was traded to the Charlotte Hornets for their 22nd draft pick on June 22nd 2016.,He was traded to the Charlotte Hornets for their 22nd draft pick on June 23rd.
273,no,g24cfb_273,5ebe6f2fc9e77c0008408221,train,68301,Beyond the Clouds -LRB-2017 film-RRB-,294aaa573c8c,"In Beyond the Clouds , Aamir initially considers selling Akshi 's older sister to a local brothel .","Taara befriends Chotu , the child of an ailing prisoner , while Aamir initially considers selling Akshi 's older sister to a local brothel .","Taara befriends Chotu , the child of an ailing prisoner , while Aamir initially considers selling Akshi 's eldest daughter to a local brothel ."
274,no,g24cfb_274,5ee39416c9e77c0008ccd8b7,train,248733,Wynonna Judd,c34c84e308d6,"What the World Needs Now Is Love by Wynonna Judd , was released before 2002 .","What the World Needs Now Is Love , released in 2000 , was Wynonna 's first album for the Asylum-Curb Records label .","What the World Needs Now Is Love , released in August 2003 , was Wynonna 's first album for the Asylum-Curb Records label ."
275,no,g24cfb_275,5ec7d50ec9e77c0008442e5e,train,165584,Luciano Acosta,fd3cf1f86ccd,Luciano Acosta plays for Boca Juniors .,He currently plays for Boca Juniors.,He currently plays for D.C. United on loan from Boca Juniors.
276,no,g24cfb_276,5ec7d50cc9e77c0008441572,train,68187,Berlin Brandenburg Airport,66e957230d95,Dowels are made up of plastic which makes them unfit to meet regulatory standards in the Berlin Brandenburg Airport .,Dowels are made out of plastic and are thus unfit to meet regulatory standards .,Anchors are made out of plastic and are thus unfit to meet regulatory standards .
277,no,g24cfb_277,5eafed80c9e77c0009ce112a,train,4302,Grimsby -LRB-film-RRB-,7254a43fd692,"Based on 99 reviews , the film scored below 36.5 % .","On Rotten Tomatoes , the film has a rating of 36 % , based on 99 reviews , with an average rating of 4.7/10 .","On Rotten Tomatoes , the film has a rating of 37 % , based on 100 reviews , with an average rating of 4.7/10 ."
278,no,g24cfb_278,5ece9460c9e77c0008465969,train,137355,Better Watch Out,e7c04b4c22ab,Better Watch Out is an Australian-American psychological horror film .,Better Watch Out is a 2016 Australian-American psychological horror film directed by Chris Peckover and written by Zack Kahn and Peckover .,Better Watch Out is a 2016 Australian-American psychological horror comedy film directed by Chris Peckover and written by Zack Kahn and Peckover .
279,no,g24cfb_279,5eb29888c9e77c0008d938fa,train,19674,D.C. United,53b336a0afe0,D.C. United won eight of 13 titles between 1996 and 1998 .,"The club was one of the most successful clubs in the early years of MLS , winning eight of its thirteen titles between 1996 and 1998 under then head coach Bruce Arena .","The club was one of the most successful clubs in the early years of MLS , winning eight of its thirteen titles between 1996 and 2008 under then head coach Bruce Arena ."
